blob,tier_bw,setting,spec,role,comp_ms,decomp_ms,ratio,cost,adopted
fields/00000__plt00000__fab0000_comp02_ez.f32__c0003__dt-f32/chunk_0,1000000,35,spratio,primary,0.207744002,-1,1.84450385,2.481691,1
fields/00000__plt00000__fab0000_comp02_ez.f32__c0007__dt-f32/chunk_0,1000000,35,spratio,primary,0.315423995,-1,1.67567326,2.81848,1
fields/00000__plt00000__fab0000_comp02_ez.f32__c0011__dt-f32/chunk_0,1000000,35,spratio,primary,0.0952640027,-1,1.85622512,2.354852,1
fields/00000__plt00000__fab0000_comp02_ez.f32__c0015__dt-f32/chunk_0,1000000,35,spratio,primary,0.0693759993,-1,1.67368734,2.575402,1
fields/00000__plt00000__fab0000_comp02_ez.f32__c0019__dt-f32/chunk_0,1000000,35,spratio,primary,0.0741439983,-1,1.86895369,2.318343,1
fields/00000__plt00000__fab0000_comp02_ez.f32__c0023__dt-f32/chunk_0,1000000,35,spratio,primary,0.0733119994,-1,1.67092694,2.583478,1
fields/00000__plt00000__fab0000_comp02_ez.f32__c0027__dt-f32/chunk_0,1000000,35,spratio,primary,0.0864000022,-1,1.87803255,2.31975,1
fields/00000__plt00000__fab0000_comp02_ez.f32__c0039__dt-f32/chunk_0,1000000,35,spratio,primary,0.0849599987,-1,1.66673846,2.601434,1
fields/00000__plt00000__fab0000_comp02_ez.f32__c0035__dt-f32/chunk_0,1000000,35,spratio,primary,0.0651199967,-1,1.89037605,2.283887,1
fields/00000__plt00000__fab0000_comp02_ez.f32__c0031__dt-f32/chunk_0,1000000,2,ans shuffle=byte,primary,0.249855995,-1,1.13838304,3.934296,1
fields/00000__plt00000__fab0000_comp02_ez.f32__c0043__dt-f32/chunk_0,1000000,35,spratio,primary,0.187071994,-1,1.9011699,2.39324199,1
fields/00000__plt00000__fab0000_comp02_ez.f32__c0047__dt-f32/chunk_0,1000000,35,spratio,primary,0.0788799971,-1,1.66467719,2.59847,1
fields/00000__plt00000__fab0000_comp02_ez.f32__c0059__dt-f32/chunk_0,1000000,35,spratio,primary,0.431551993,-1,1.92365999,2.61192899,1
fields/00000__plt00000__fab0000_comp02_ez.f32__c0051__dt-f32/chunk_0,1000000,35,spratio,primary,0.362271994,-1,1.91158402,2.55642299,1
fields/00000__plt00000__fab0000_comp02_ez.f32__c0055__dt-f32/chunk_0,1000000,35,spratio,primary,0.0736960024,-1,1.66336015,2.595281,1
fields/00001__plt00001__fab0000_comp02_ez.f32__c0003__dt-f32/chunk_0,1000000,35,spratio,primary,0.0613120012,-1,1.84450385,2.335259,1
fields/00001__plt00001__fab0000_comp02_ez.f32__c0011__dt-f32/chunk_0,1000000,35,spratio,primary,0.138848007,-1,1.85622512,2.39843601,1
fields/00000__plt00000__fab0000_comp02_ez.f32__c0063__dt-f32/chunk_0,1000000,2,ans shuffle=byte,primary,0.270815998,-1,5.00367912,1.10906,1
fields/00001__plt00001__fab0000_comp02_ez.f32__c0027__dt-f32/chunk_0,1000000,29,ndzip,primary,0.074752003,-1,1.70102427,2.540504,1
fields/00001__plt00001__fab0000_comp02_ez.f32__c0019__dt-f32/chunk_0,1000000,35,spratio,primary,0.0758399963,-1,1.86895369,2.320039,1
fields/00001__plt00001__fab0000_comp02_ez.f32__c0007__dt-f32/chunk_0,1000000,29,ndzip,primary,0.0860159993,-1,1.54861654,2.794436,1
fields/00001__plt00001__fab0000_comp02_ez.f32__c0039__dt-f32/chunk_0,1000000,35,spratio,primary,0.0717760026,-1,1.66673846,2.58825,1
fields/00001__plt00001__fab0000_comp02_ez.f32__c0023__dt-f32/chunk_0,1000000,35,spratio,primary,0.0711359978,-1,1.67092694,2.581302,1
fields/00001__plt00001__fab0000_comp02_ez.f32__c0015__dt-f32/chunk_0,1000000,35,spratio,primary,0.0736640021,-1,1.67368734,2.57969,1
fields/00001__plt00001__fab0000_comp02_ez.f32__c0035__dt-f32/chunk_0,1000000,35,spratio,primary,0.0851840004,-1,1.89037605,2.303951,1
fields/00001__plt00001__fab0000_comp02_ez.f32__c0031__dt-f32/chunk_0,1000000,29,ndzip,primary,0.074752003,-1,1.09644916,3.900104,1
fields/00001__plt00001__fab0000_comp02_ez.f32__c0047__dt-f32/chunk_0,1000000,35,spratio,primary,0.150143996,-1,1.66467719,2.669734,1
fields/00001__plt00001__fab0000_comp02_ez.f32__c0043__dt-f32/chunk_0,1000000,35,spratio,primary,0.0827519968,-1,1.9011699,2.288922,1
fields/00001__plt00001__fab0000_comp02_ez.f32__c0063__dt-f32/chunk_0,1000000,2,ans shuffle=byte,primary,0.263520002,-1,5.00367912,1.101764,1
fields/00001__plt00001__fab0000_comp02_ez.f32__c0055__dt-f32/chunk_0,1000000,35,spratio,primary,0.156895995,-1,1.66336015,2.678481,1
fields/00001__plt00001__fab0000_comp02_ez.f32__c0051__dt-f32/chunk_0,1000000,35,spratio,primary,0.0773760006,-1,1.91158402,2.271527,1
fields/00002__plt00002__fab0000_comp02_ez.f32__c0015__dt-f32/chunk_0,1000000,35,spratio,primary,0.0884800032,-1,1.67368734,2.594506,1
fields/00001__plt00001__fab0000_comp02_ez.f32__c0059__dt-f32/chunk_0,1000000,35,spratio,primary,0.0740799978,-1,1.92365999,2.254457,1
fields/00002__plt00002__fab0000_comp02_ez.f32__c0003__dt-f32/chunk_0,1000000,35,spratio,primary,0.0914879963,-1,1.84450385,2.365435,1
fields/00002__plt00002__fab0000_comp02_ez.f32__c0011__dt-f32/chunk_0,1000000,35,spratio,primary,0.0788479969,-1,1.85622512,2.338436,1
fields/00002__plt00002__fab0000_comp02_ez.f32__c0007__dt-f32/chunk_0,1000000,35,spratio,primary,0.158687994,-1,1.67567326,2.66174399,1
fields/00002__plt00002__fab0000_comp02_ez.f32__c0019__dt-f32/chunk_0,1000000,35,spratio,primary,0.0684479997,-1,1.86895369,2.312647,1
fields/00002__plt00002__fab0000_comp02_ez.f32__c0027__dt-f32/chunk_0,1000000,35,spratio,primary,0.0714880005,-1,1.87803255,2.304838,1
fields/00002__plt00002__fab0000_comp02_ez.f32__c0043__dt-f32/chunk_0,1000000,35,spratio,primary,0.0840959996,-1,1.9011699,2.290266,1
fields/00002__plt00002__fab0000_comp02_ez.f32__c0023__dt-f32/chunk_0,1000000,35,spratio,primary,0.148223996,-1,1.67092694,2.65839,1
fields/00002__plt00002__fab0000_comp02_ez.f32__c0031__dt-f32/chunk_0,1000000,29,ndzip,primary,0.0788479969,-1,1.09687698,3.902708,1
fields/00002__plt00002__fab0000_comp02_ez.f32__c0059__dt-f32/chunk_0,1000000,35,spratio,primary,0.0793600008,-1,1.92365999,2.259737,1
fields/00002__plt00002__fab0000_comp02_ez.f32__c0035__dt-f32/chunk_0,1000000,35,spratio,primary,0.0718400031,-1,1.89037605,2.290607,1
fields/00003__plt00003__fab0000_comp02_ez.f32__c0003__dt-f32/chunk_0,1000000,35,spratio,primary,0.0889919996,-1,1.84450385,2.362939,1
fields/00002__plt00002__fab0000_comp02_ez.f32__c0039__dt-f32/chunk_0,1000000,35,spratio,primary,0.0639360026,-1,1.66673846,2.58041,1
fields/00002__plt00002__fab0000_comp02_ez.f32__c0047__dt-f32/chunk_0,1000000,35,spratio,primary,0.0935679972,-1,1.66467719,2.613158,1
fields/00002__plt00002__fab0000_comp02_ez.f32__c0051__dt-f32/chunk_0,1000000,35,spratio,primary,0.0698560029,-1,1.91158402,2.264007,1
fields/00003__plt00003__fab0000_comp02_ez.f32__c0011__dt-f32/chunk_0,1000000,35,spratio,primary,0.0824640021,-1,1.85622512,2.342052,1
fields/00002__plt00002__fab0000_comp02_ez.f32__c0055__dt-f32/chunk_0,1000000,35,spratio,primary,0.0697920024,-1,1.66336015,2.591377,1
fields/00003__plt00003__fab0000_comp02_ez.f32__c0015__dt-f32/chunk_0,1000000,35,spratio,primary,0.0660479963,-1,1.67368734,2.572074,1
fields/00002__plt00002__fab0000_comp02_ez.f32__c0063__dt-f32/chunk_0,1000000,2,ans shuffle=byte,primary,0.410111994,-1,5.00367912,1.24835599,1
fields/00003__plt00003__fab0000_comp02_ez.f32__c0023__dt-f32/chunk_0,1000000,35,spratio,primary,0.0715840012,-1,1.67092694,2.58175,1
fields/00003__plt00003__fab0000_comp02_ez.f32__c0007__dt-f32/chunk_0,1000000,35,spratio,primary,0.069343999,-1,1.67567326,2.5724,1
fields/00003__plt00003__fab0000_comp02_ez.f32__c0027__dt-f32/chunk_0,1000000,35,spratio,primary,0.0967679992,-1,1.87803255,2.330118,1
fields/00003__plt00003__fab0000_comp02_ez.f32__c0019__dt-f32/chunk_0,1000000,35,spratio,primary,0.0673279986,-1,1.86895369,2.311527,1
fields/00003__plt00003__fab0000_comp02_ez.f32__c0031__dt-f32/chunk_0,1000000,29,ndzip,primary,0.0737280026,-1,1.09662231,3.898476,1
fields/00003__plt00003__fab0000_comp02_ez.f32__c0039__dt-f32/chunk_0,1000000,35,spratio,primary,0.0698880032,-1,1.66673846,2.586362,1
fields/00003__plt00003__fab0000_comp02_ez.f32__c0035__dt-f32/chunk_0,1000000,35,spratio,primary,0.0751359984,-1,1.89037605,2.293903,1
fields/00003__plt00003__fab0000_comp02_ez.f32__c0047__dt-f32/chunk_0,1000000,35,spratio,primary,0.0683839992,-1,1.66467719,2.587974,1
fields/00003__plt00003__fab0000_comp02_ez.f32__c0043__dt-f32/chunk_0,1000000,35,spratio,primary,0.0787839964,-1,1.9011699,2.284954,1
fields/00003__plt00003__fab0000_comp02_ez.f32__c0051__dt-f32/chunk_0,1000000,35,spratio,primary,0.0704319999,-1,1.91158402,2.264583,1
fields/00003__plt00003__fab0000_comp02_ez.f32__c0059__dt-f32/chunk_0,1000000,35,spratio,primary,0.0879999995,-1,1.92365999,2.268377,1
fields/00003__plt00003__fab0000_comp02_ez.f32__c0055__dt-f32/chunk_0,1000000,35,spratio,primary,0.084544003,-1,1.66336015,2.606129,1
fields/00004__plt00004__fab0000_comp02_ez.f32__c0023__dt-f32/chunk_0,1000000,35,spratio,primary,0.0850239992,-1,1.67092694,2.59519,1
fields/00003__plt00003__fab0000_comp02_ez.f32__c0063__dt-f32/chunk_0,1000000,2,ans shuffle=byte,primary,0.299968004,-1,5.00367912,1.138212,1
fields/00004__plt00004__fab0000_comp02_ez.f32__c0003__dt-f32/chunk_0,1000000,35,spratio,primary,0.0668800026,-1,1.84450385,2.340827,1
fields/00004__plt00004__fab0000_comp02_ez.f32__c0027__dt-f32/chunk_0,1000000,35,spratio,primary,0.0702399984,-1,1.87803255,2.30359,1
fields/00004__plt00004__fab0000_comp02_ez.f32__c0007__dt-f32/chunk_0,1000000,35,spratio,primary,0.0672639981,-1,1.67567326,2.57032,1
fields/00004__plt00004__fab0000_comp02_ez.f32__c0031__dt-f32/chunk_0,1000000,29,ndzip,primary,0.114688002,-1,1.09665443,3.939324,1
fields/00004__plt00004__fab0000_comp02_ez.f32__c0011__dt-f32/chunk_0,1000000,35,spratio,primary,0.0678400025,-1,1.85622512,2.327428,1
fields/00004__plt00004__fab0000_comp02_ez.f32__c0015__dt-f32/chunk_0,1000000,35,spratio,primary,0.0794560015,-1,1.67368734,2.585482,1
fields/00004__plt00004__fab0000_comp02_ez.f32__c0019__dt-f32/chunk_0,1000000,35,spratio,primary,0.0681919977,-1,1.86895369,2.312391,1
fields/00004__plt00004__fab0000_comp02_ez.f32__c0047__dt-f32/chunk_0,1000000,35,spratio,primary,0.0690239966,-1,1.66467719,2.588614,1
fields/00004__plt00004__fab0000_comp02_ez.f32__c0035__dt-f32/chunk_0,1000000,35,spratio,primary,0.0751679987,-1,1.89037605,2.293935,1
fields/00004__plt00004__fab0000_comp02_ez.f32__c0055__dt-f32/chunk_0,1000000,35,spratio,primary,0.100575998,-1,1.66336015,2.622161,1
fields/00004__plt00004__fab0000_comp02_ez.f32__c0039__dt-f32/chunk_0,1000000,29,ndzip,primary,0.0645119995,-1,1.5418172,2.784876,1
fields/00005__plt00005__fab0000_comp02_ez.f32__c0003__dt-f32/chunk_0,1000000,35,spratio,primary,0.244064003,-1,1.84450385,2.518011,1
fields/00004__plt00004__fab0000_comp02_ez.f32__c0043__dt-f32/chunk_0,1000000,35,spratio,primary,0.0698240027,-1,1.9011699,2.275994,1
fields/00004__plt00004__fab0000_comp02_ez.f32__c0051__dt-f32/chunk_0,1000000,35,spratio,primary,0.0678400025,-1,1.91158402,2.261991,1
fields/00004__plt00004__fab0000_comp02_ez.f32__c0063__dt-f32/chunk_0,1000000,2,ans shuffle=byte,primary,0.513152003,-1,5.00367912,1.351396,1
fields/00004__plt00004__fab0000_comp02_ez.f32__c0059__dt-f32/chunk_0,1000000,35,spratio,primary,0.0795520023,-1,1.92365999,2.259929,1
fields/00005__plt00005__fab0000_comp02_ez.f32__c0007__dt-f32/chunk_0,1000000,35,spratio,primary,0.0682879984,-1,1.67567326,2.571344,1
fields/00005__plt00005__fab0000_comp02_ez.f32__c0027__dt-f32/chunk_0,1000000,35,spratio,primary,0.151968002,-1,1.87803255,2.385318,1
fields/00005__plt00005__fab0000_comp02_ez.f32__c0011__dt-f32/chunk_0,1000000,35,spratio,primary,0.0666240007,-1,1.85622512,2.326212,1
fields/00005__plt00005__fab0000_comp02_ez.f32__c0039__dt-f32/chunk_0,1000000,35,spratio,primary,0.0755200014,-1,1.66673846,2.591994,1
fields/00005__plt00005__fab0000_comp02_ez.f32__c0031__dt-f32/chunk_0,1000000,29,ndzip,primary,0.0727040023,-1,1.09667048,3.897284,1
fields/00005__plt00005__fab0000_comp02_ez.f32__c0015__dt-f32/chunk_0,1000000,35,spratio,primary,0.079648003,-1,1.67368734,2.585674,1
fields/00005__plt00005__fab0000_comp02_ez.f32__c0019__dt-f32/chunk_0,1000000,35,spratio,primary,0.0682879984,-1,1.86895369,2.312487,1
fields/00005__plt00005__fab0000_comp02_ez.f32__c0023__dt-f32/chunk_0,1000000,35,spratio,primary,0.0700479969,-1,1.67092694,2.580214,1
fields/00005__plt00005__fab0000_comp02_ez.f32__c0051__dt-f32/chunk_0,1000000,35,spratio,primary,0.0648000017,-1,1.91158402,2.258951,1
fields/00005__plt00005__fab0000_comp02_ez.f32__c0035__dt-f32/chunk_0,1000000,35,spratio,primary,0.135488003,-1,1.89037605,2.354255,1
fields/00005__plt00005__fab0000_comp02_ez.f32__c0043__dt-f32/chunk_0,1000000,35,spratio,primary,0.0701119974,-1,1.9011699,2.276282,1
fields/00005__plt00005__fab0000_comp02_ez.f32__c0047__dt-f32/chunk_0,1000000,35,spratio,primary,0.0693759993,-1,1.66467719,2.588966,1
fields/00006__plt00006__fab0000_comp02_ez.f32__c0011__dt-f32/chunk_0,1000000,35,spratio,primary,0.0700159967,-1,1.85622512,2.329604,1
fields/00005__plt00005__fab0000_comp02_ez.f32__c0055__dt-f32/chunk_0,1000000,29,ndzip,primary,0.0686080009,-1,1.53911731,2.793744,1
fields/00006__plt00006__fab0000_comp02_ez.f32__c0019__dt-f32/chunk_0,1000000,35,spratio,primary,0.0904960036,-1,1.86895369,2.334695,1
fields/00005__plt00005__fab0000_comp02_ez.f32__c0059__dt-f32/chunk_0,1000000,35,spratio,primary,0.0829759985,-1,1.92365999,2.263353,1
fields/00006__plt00006__fab0000_comp02_ez.f32__c0023__dt-f32/chunk_0,1000000,35,spratio,primary,0.0677440017,-1,1.67092694,2.57791,1
fields/00005__plt00005__fab0000_comp02_ez.f32__c0063__dt-f32/chunk_0,1000000,2,ans shuffle=byte,primary,0.482336015,-1,5.00367912,1.32058001,1
fields/00006__plt00006__fab0000_comp02_ez.f32__c0027__dt-f32/chunk_0,1000000,35,spratio,primary,0.0678080022,-1,1.87803255,2.301158,1
fields/00006__plt00006__fab0000_comp02_ez.f32__c0003__dt-f32/chunk_0,1000000,35,spratio,primary,0.0724800006,-1,1.84450385,2.346427,1
fields/00006__plt00006__fab0000_comp02_ez.f32__c0035__dt-f32/chunk_0,1000000,35,spratio,primary,0.0755840018,-1,1.89037605,2.294351,1
fields/00006__plt00006__fab0000_comp02_ez.f32__c0007__dt-f32/chunk_0,1000000,35,spratio,primary,0.0822400004,-1,1.67567326,2.585296,1
fields/00006__plt00006__fab0000_comp02_ez.f32__c0015__dt-f32/chunk_0,1000000,35,spratio,primary,0.0738560036,-1,1.67368734,2.579882,1
fields/00006__plt00006__fab0000_comp02_ez.f32__c0031__dt-f32/chunk_0,1000000,29,ndzip,primary,0.0706560016,-1,1.09682076,3.894712,1
fields/00006__plt00006__fab0000_comp02_ez.f32__c0039__dt-f32/chunk_0,1000000,35,spratio,primary,0.0658880025,-1,1.66673846,2.582362,1
fields/00006__plt00006__fab0000_comp02_ez.f32__c0059__dt-f32/chunk_0,1000000,35,spratio,primary,0.0887039974,-1,1.92365999,2.269081,1
fields/00006__plt00006__fab0000_comp02_ez.f32__c0043__dt-f32/chunk_0,1000000,35,spratio,primary,0.0766400024,-1,1.9011699,2.28281,1
fields/00006__plt00006__fab0000_comp02_ez.f32__c0063__dt-f32/chunk_0,1000000,2,ans shuffle=byte,primary,0.374271989,-1,5.00367912,1.21251599,1
fields/00007__plt00007__fab0000_comp02_ez.f32__c0003__dt-f32/chunk_0,1000000,35,spratio,primary,0.0822080001,-1,1.84450385,2.356155,1
fields/00006__plt00006__fab0000_comp02_ez.f32__c0047__dt-f32/chunk_0,1000000,35,spratio,primary,0.158848003,-1,1.66467719,2.678438,1
fields/00007__plt00007__fab0000_comp02_ez.f32__c0011__dt-f32/chunk_0,1000000,35,spratio,primary,0.0827839971,-1,1.85622512,2.342372,1
fields/00006__plt00006__fab0000_comp02_ez.f32__c0055__dt-f32/chunk_0,1000000,35,spratio,primary,0.0739519969,-1,1.66336015,2.595537,1
fields/00007__plt00007__fab0000_comp02_ez.f32__c0015__dt-f32/chunk_0,1000000,35,spratio,primary,0.067904003,-1,1.67368734,2.57393,1
fields/00006__plt00006__fab0000_comp02_ez.f32__c0051__dt-f32/chunk_0,1000000,35,spratio,primary,0.0666880012,-1,1.91158402,2.260839,1
fields/00007__plt00007__fab0000_comp02_ez.f32__c0007__dt-f32/chunk_0,1000000,35,spratio,primary,0.162688002,-1,1.67567326,2.665744,1
fields/00007__plt00007__fab0000_comp02_ez.f32__c0019__dt-f32/chunk_0,1000000,35,spratio,primary,0.0691839978,-1,1.86895369,2.313383,1
fields/00007__plt00007__fab0000_comp02_ez.f32__c0027__dt-f32/chunk_0,1000000,35,spratio,primary,0.0695040002,-1,1.87803255,2.302854,1
fields/00007__plt00007__fab0000_comp02_ez.f32__c0023__dt-f32/chunk_0,1000000,35,spratio,primary,0.0954559967,-1,1.67092694,2.605622,1
fields/00007__plt00007__fab0000_comp02_ez.f32__c0039__dt-f32/chunk_0,1000000,35,spratio,primary,0.157312006,-1,1.66673846,2.67378601,1
fields/00007__plt00007__fab0000_comp02_ez.f32__c0031__dt-f32/chunk_0,1000000,29,ndzip,primary,0.0788479969,-1,1.09696878,3.902388,1
fields/00007__plt00007__fab0000_comp02_ez.f32__c0043__dt-f32/chunk_0,1000000,35,spratio,primary,0.0853440017,-1,1.9011699,2.291514,1
fields/00007__plt00007__fab0000_comp02_ez.f32__c0035__dt-f32/chunk_0,1000000,35,spratio,primary,0.0736000016,-1,1.89037605,2.292367,1
fields/00007__plt00007__fab0000_comp02_ez.f32__c0051__dt-f32/chunk_0,1000000,35,spratio,primary,0.0671679974,-1,1.91158402,2.261319,1
fields/00007__plt00007__fab0000_comp02_ez.f32__c0047__dt-f32/chunk_0,1000000,29,ndzip,primary,0.0727040023,-1,1.540388,2.795592,1
fields/00008__plt00008__fab0000_comp02_ez.f32__c0003__dt-f32/chunk_0,1000000,35,spratio,primary,0.104351997,-1,1.84450385,2.378299,1
fields/00007__plt00007__fab0000_comp02_ez.f32__c0055__dt-f32/chunk_0,1000000,35,spratio,primary,0.071167998,-1,1.66336015,2.592753,1
fields/00008__plt00008__fab0000_comp02_ez.f32__c0011__dt-f32/chunk_0,1000000,35,spratio,primary,0.0839359984,-1,1.85622512,2.343524,1
fields/00008__plt00008__fab0000_comp02_ez.f32__c0019__dt-f32/chunk_0,1000000,35,spratio,primary,0.0813760012,-1,1.86895369,2.325575,1
fields/00007__plt00007__fab0000_comp02_ez.f32__c0059__dt-f32/chunk_0,1000000,35,spratio,primary,0.0772159994,-1,1.92365999,2.257593,1
fields/00007__plt00007__fab0000_comp02_ez.f32__c0063__dt-f32/chunk_0,1000000,2,ans shuffle=byte,primary,0.47331199,-1,5.00367912,1.31155599,1
fields/00008__plt00008__fab0000_comp02_ez.f32__c0023__dt-f32/chunk_0,1000000,35,spratio,primary,0.0718400031,-1,1.67092694,2.582006,1
fields/00008__plt00008__fab0000_comp02_ez.f32__c0007__dt-f32/chunk_0,1000000,35,spratio,primary,0.0922880024,-1,1.67567326,2.595344,1
fields/00008__plt00008__fab0000_comp02_ez.f32__c0015__dt-f32/chunk_0,1000000,35,spratio,primary,0.0699200034,-1,1.67368734,2.575946,1
fields/00008__plt00008__fab0000_comp02_ez.f32__c0039__dt-f32/chunk_0,1000000,35,spratio,primary,0.0614719987,-1,1.66673846,2.577946,1
fields/00008__plt00008__fab0000_comp02_ez.f32__c0027__dt-f32/chunk_0,1000000,35,spratio,primary,0.0690239966,-1,1.87803255,2.302374,1
fields/00008__plt00008__fab0000_comp02_ez.f32__c0035__dt-f32/chunk_0,1000000,35,spratio,primary,0.0679680035,-1,1.89037605,2.286735,1
fields/00008__plt00008__fab0000_comp02_ez.f32__c0055__dt-f32/chunk_0,1000000,35,spratio,primary,0.146911994,-1,1.66336015,2.66849699,1
fields/00008__plt00008__fab0000_comp02_ez.f32__c0031__dt-f32/chunk_0,1000000,2,ans shuffle=byte,primary,0.339711994,-1,1.12932864,4.05369199,1
fields/00008__plt00008__fab0000_comp02_ez.f32__c0043__dt-f32/chunk_0,1000000,35,spratio,primary,0.0777280033,-1,1.9011699,2.283898,1
fields/00008__plt00008__fab0000_comp02_ez.f32__c0051__dt-f32/chunk_0,1000000,35,spratio,primary,0.0718720034,-1,1.91158402,2.266023,1
fields/00008__plt00008__fab0000_comp02_ez.f32__c0059__dt-f32/chunk_0,1000000,35,spratio,primary,0.0674559996,-1,1.92365999,2.247833,1
fields/00008__plt00008__fab0000_comp02_ez.f32__c0047__dt-f32/chunk_0,1000000,35,spratio,primary,0.069728002,-1,1.66467719,2.589318,1
fields/00009__plt00009__fab0000_comp02_ez.f32__c0003__dt-f32/chunk_0,1000000,35,spratio,primary,0.062880002,-1,1.84450385,2.336827,1
fields/00009__plt00009__fab0000_comp02_ez.f32__c0007__dt-f32/chunk_0,1000000,35,spratio,primary,0.144224003,-1,1.67567326,2.64728,1
fields/00008__plt00008__fab0000_comp02_ez.f32__c0063__dt-f32/chunk_0,1000000,2,ans shuffle=byte,primary,0.273887992,-1,5.00367912,1.11213199,1
fields/00009__plt00009__fab0000_comp02_ez.f32__c0011__dt-f32/chunk_0,1000000,35,spratio,primary,0.0711999983,-1,1.85622512,2.330788,1
fields/00009__plt00009__fab0000_comp02_ez.f32__c0015__dt-f32/chunk_0,1000000,35,spratio,primary,0.066271998,-1,1.67368734,2.572298,1
fields/00009__plt00009__fab0000_comp02_ez.f32__c0023__dt-f32/chunk_0,1000000,35,spratio,primary,0.0657920018,-1,1.67092694,2.575958,1
fields/00009__plt00009__fab0000_comp02_ez.f32__c0019__dt-f32/chunk_0,1000000,35,spratio,primary,0.0715840012,-1,1.86895369,2.315783,1
fields/00009__plt00009__fab0000_comp02_ez.f32__c0039__dt-f32/chunk_0,1000000,35,spratio,primary,0.0857919976,-1,1.66673846,2.602266,1
fields/00009__plt00009__fab0000_comp02_ez.f32__c0027__dt-f32/chunk_0,1000000,35,spratio,primary,0.0701119974,-1,1.87803255,2.303462,1
fields/00009__plt00009__fab0000_comp02_ez.f32__c0031__dt-f32/chunk_0,1000000,29,ndzip,primary,0.074752003,-1,1.09677028,3.898984,1
fields/00009__plt00009__fab0000_comp02_ez.f32__c0063__dt-f32/chunk_0,1000000,2,ans shuffle=byte,primary,0.357055992,-1,5.00367912,1.19529999,1
fields/00009__plt00009__fab0000_comp02_ez.f32__c0043__dt-f32/chunk_0,1000000,35,spratio,primary,0.0653119981,-1,1.9011699,2.271482,1
fields/00010__plt00010__fab0000_comp02_ez.f32__c0003__dt-f32/chunk_0,1000000,35,spratio,primary,0.0673599988,-1,1.84450385,2.341307,1
fields/00009__plt00009__fab0000_comp02_ez.f32__c0035__dt-f32/chunk_0,1000000,35,spratio,primary,0.184223995,-1,1.89037605,2.40299099,1
fields/00009__plt00009__fab0000_comp02_ez.f32__c0047__dt-f32/chunk_0,1000000,35,spratio,primary,0.0826560035,-1,1.66467719,2.602246,1
fields/00009__plt00009__fab0000_comp02_ez.f32__c0051__dt-f32/chunk_0,1000000,35,spratio,primary,0.0716480017,-1,1.91158402,2.265799,1
fields/00010__plt00010__fab0000_comp02_ez.f32__c0011__dt-f32/chunk_0,1000000,35,spratio,primary,0.162080005,-1,1.85622512,2.421668,1
fields/00009__plt00009__fab0000_comp02_ez.f32__c0055__dt-f32/chunk_0,1000000,35,spratio,primary,0.0718400031,-1,1.66336015,2.593425,1
fields/00010__plt00010__fab0000_comp02_ez.f32__c0007__dt-f32/chunk_0,1000000,35,spratio,primary,0.0735680014,-1,1.67567326,2.576624,1
fields/00010__plt00010__fab0000_comp02_ez.f32__c0015__dt-f32/chunk_0,1000000,35,spratio,primary,0.0656640008,-1,1.67368734,2.57169,1
fields/00009__plt00009__fab0000_comp02_ez.f32__c0059__dt-f32/chunk_0,1000000,35,spratio,primary,0.0685760006,-1,1.92365999,2.248953,1
fields/00010__plt00010__fab0000_comp02_ez.f32__c0027__dt-f32/chunk_0,1000000,35,spratio,primary,0.0741759986,-1,1.87803255,2.307526,1
fields/00010__plt00010__fab0000_comp02_ez.f32__c0023__dt-f32/chunk_0,1000000,35,spratio,primary,0.0716800019,-1,1.67092694,2.581846,1
fields/00010__plt00010__fab0000_comp02_ez.f32__c0019__dt-f32/chunk_0,1000000,35,spratio,primary,0.149312004,-1,1.86895369,2.393511,1
fields/00010__plt00010__fab0000_comp02_ez.f32__c0039__dt-f32/chunk_0,1000000,35,spratio,primary,0.166336,-1,1.66673846,2.68281,1
fields/00010__plt00010__fab0000_comp02_ez.f32__c0031__dt-f32/chunk_0,1000000,36,spratio shuffle=bit,primary,0.113247998,-1,1.11143339,3.887027,1
fields/00010__plt00010__fab0000_comp02_ez.f32__c0059__dt-f32/chunk_0,1000000,35,spratio,primary,0.156128004,-1,1.92365999,2.336505,1
fields/00010__plt00010__fab0000_comp02_ez.f32__c0055__dt-f32/chunk_0,1000000,35,spratio,primary,0.0795520023,-1,1.66336015,2.601137,1
fields/00010__plt00010__fab0000_comp02_ez.f32__c0035__dt-f32/chunk_0,1000000,35,spratio,primary,0.079839997,-1,1.89037605,2.298607,1
fields/00010__plt00010__fab0000_comp02_ez.f32__c0063__dt-f32/chunk_0,1000000,2,ans shuffle=byte,primary,0.418720007,-1,5.00367912,1.25696401,1
fields/00010__plt00010__fab0000_comp02_ez.f32__c0043__dt-f32/chunk_0,1000000,35,spratio,primary,0.0884800032,-1,1.9011699,2.29465,1
fields/00010__plt00010__fab0000_comp02_ez.f32__c0047__dt-f32/chunk_0,1000000,35,spratio,primary,0.0682559982,-1,1.66467719,2.587846,1
fields/00010__plt00010__fab0000_comp02_ez.f32__c0051__dt-f32/chunk_0,1000000,35,spratio,primary,0.067648001,-1,1.91158402,2.261799,1
fields/00011__plt00011__fab0000_comp02_ez.f32__c0019__dt-f32/chunk_0,1000000,35,spratio,primary,0.0906879976,-1,1.86895369,2.334887,1
fields/00011__plt00011__fab0000_comp02_ez.f32__c0003__dt-f32/chunk_0,1000000,35,spratio,primary,0.0598400012,-1,1.84450385,2.333787,1
fields/00011__plt00011__fab0000_comp02_ez.f32__c0027__dt-f32/chunk_0,1000000,35,spratio,primary,0.0836799964,-1,1.87803255,2.31703,1
fields/00011__plt00011__fab0000_comp02_ez.f32__c0031__dt-f32/chunk_0,1000000,36,spratio shuffle=bit,primary,0.116095997,-1,1.11228667,3.88698,1
fields/00011__plt00011__fab0000_comp02_ez.f32__c0011__dt-f32/chunk_0,1000000,35,spratio,primary,0.0769919977,-1,1.85622512,2.33658,1
fields/00011__plt00011__fab0000_comp02_ez.f32__c0035__dt-f32/chunk_0,1000000,35,spratio,primary,0.167999998,-1,1.89037605,2.386767,1
fields/00011__plt00011__fab0000_comp02_ez.f32__c0007__dt-f32/chunk_0,1000000,35,spratio,primary,0.157887995,-1,1.67567326,2.660944,1
fields/00011__plt00011__fab0000_comp02_ez.f32__c0039__dt-f32/chunk_0,1000000,35,spratio,primary,0.217503995,-1,1.66673846,2.73397799,1
fields/00011__plt00011__fab0000_comp02_ez.f32__c0015__dt-f32/chunk_0,1000000,35,spratio,primary,0.0711999983,-1,1.67368734,2.577226,1
fields/00011__plt00011__fab0000_comp02_ez.f32__c0023__dt-f32/chunk_0,1000000,35,spratio,primary,0.0842560008,-1,1.67092694,2.594422,1
fields/00011__plt00011__fab0000_comp02_ez.f32__c0051__dt-f32/chunk_0,1000000,35,spratio,primary,0.316927999,-1,1.91158402,2.511079,1
fields/00011__plt00011__fab0000_comp02_ez.f32__c0043__dt-f32/chunk_0,1000000,35,spratio,primary,0.248863995,-1,1.9011699,2.455034,1
fields/00011__plt00011__fab0000_comp02_ez.f32__c0047__dt-f32/chunk_0,1000000,35,spratio,primary,0.341535985,-1,1.66467719,2.86112599,1
fields/00011__plt00011__fab0000_comp02_ez.f32__c0063__dt-f32/chunk_0,1000000,2,ans shuffle=byte,primary,1.302176,-1,5.00367912,2.14042,1
fields/00012__plt00012__fab0000_comp02_ez.f32__c0011__dt-f32/chunk_0,1000000,35,spratio,primary,0.131935999,-1,1.85622512,2.391524,1
fields/00011__plt00011__fab0000_comp02_ez.f32__c0055__dt-f32/chunk_0,1000000,35,spratio,primary,0.223583996,-1,1.66336015,2.745169,1
fields/00012__plt00012__fab0000_comp02_ez.f32__c0015__dt-f32/chunk_0,1000000,35,spratio,primary,0.439552009,-1,1.67368734,2.94557801,1
fields/00011__plt00011__fab0000_comp02_ez.f32__c0059__dt-f32/chunk_0,1000000,35,spratio,primary,0.246432006,-1,1.92365999,2.42680901,1
fields/00012__plt00012__fab0000_comp02_ez.f32__c0019__dt-f32/chunk_0,1000000,35,spratio,primary,0.331712008,-1,1.86895369,2.57591101,1
fields/00012__plt00012__fab0000_comp02_ez.f32__c0003__dt-f32/chunk_0,1000000,35,spratio,primary,0.162016004,-1,1.84450385,2.435963,1
fields/00012__plt00012__fab0000_comp02_ez.f32__c0027__dt-f32/chunk_0,1000000,35,spratio,primary,0.224032,-1,1.87803255,2.457382,1
fields/00012__plt00012__fab0000_comp02_ez.f32__c0007__dt-f32/chunk_0,1000000,35,spratio,primary,0.0821439996,-1,1.67567326,2.5852,1
fields/00012__plt00012__fab0000_comp02_ez.f32__c0023__dt-f32/chunk_0,1000000,35,spratio,primary,0.242752001,-1,1.67092694,2.752918,1
fields/00012__plt00012__fab0000_comp02_ez.f32__c0031__dt-f32/chunk_0,1000000,36,spratio shuffle=bit,primary,0.264768004,-1,1.11258644,4.034636,1
fields/00012__plt00012__fab0000_comp02_ez.f32__c0035__dt-f32/chunk_0,1000000,35,spratio,primary,0.102112003,-1,1.89037605,2.320879,1
fields/00012__plt00012__fab0000_comp02_ez.f32__c0039__dt-f32/chunk_0,1000000,35,spratio,primary,0.217951998,-1,1.66673846,2.734426,1
fields/00012__plt00012__fab0000_comp02_ez.f32__c0051__dt-f32/chunk_0,1000000,35,spratio,primary,0.296864003,-1,1.91158402,2.491015,1
fields/00012__plt00012__fab0000_comp02_ez.f32__c0043__dt-f32/chunk_0,1000000,35,spratio,primary,0.374624014,-1,1.9011699,2.58079401,1
fields/00012__plt00012__fab0000_comp02_ez.f32__c0047__dt-f32/chunk_0,1000000,35,spratio,primary,0.68592,-1,1.66467719,3.20551,1
fields/00012__plt00012__fab0000_comp02_ez.f32__c0055__dt-f32/chunk_0,1000000,29,ndzip,primary,0.0798719972,-1,1.53911731,2.805008,1
fields/00013__plt00013__fab0000_comp02_ez.f32__c0007__dt-f32/chunk_0,1000000,35,spratio,primary,0.250176013,-1,1.67567326,2.75323201,1
fields/00012__plt00012__fab0000_comp02_ez.f32__c0063__dt-f32/chunk_0,1000000,2,ans shuffle=byte,primary,1.76105595,-1,5.00367912,2.59929995,1
fields/00012__plt00012__fab0000_comp02_ez.f32__c0059__dt-f32/chunk_0,1000000,35,spratio,primary,0.549632013,-1,1.92365999,2.73000901,1
fields/00013__plt00013__fab0000_comp02_ez.f32__c0015__dt-f32/chunk_0,1000000,35,spratio,primary,1.00326395,-1,1.67368734,3.50928995,1
fields/00013__plt00013__fab0000_comp02_ez.f32__c0011__dt-f32/chunk_0,1000000,35,spratio,primary,0.395711988,-1,1.85622512,2.65529999,1
fields/00013__plt00013__fab0000_comp02_ez.f32__c0003__dt-f32/chunk_0,1000000,35,spratio,primary,0.675616026,-1,1.84450385,2.94956303,1
fields/00013__plt00013__fab0000_comp02_ez.f32__c0019__dt-f32/chunk_0,1000000,35,spratio,primary,0.625248015,-1,1.86895369,2.86944701,1
fields/00013__plt00013__fab0000_comp02_ez.f32__c0027__dt-f32/chunk_0,1000000,35,spratio,primary,0.505919993,-1,1.87803255,2.73926999,1
fields/00013__plt00013__fab0000_comp02_ez.f32__c0023__dt-f32/chunk_0,1000000,35,spratio,primary,0.246463999,-1,1.67092694,2.75663,1
fields/00013__plt00013__fab0000_comp02_ez.f32__c0035__dt-f32/chunk_0,1000000,35,spratio,primary,0.266144007,-1,1.89037605,2.48491101,1
fields/00013__plt00013__fab0000_comp02_ez.f32__c0039__dt-f32/chunk_0,1000000,35,spratio,primary,0.341567993,-1,1.66673846,2.85804199,1
fields/00013__plt00013__fab0000_comp02_ez.f32__c0031__dt-f32/chunk_0,1000000,36,spratio shuffle=bit,primary,0.95401597,-1,1.11356475,4.72057197,1
fields/00013__plt00013__fab0000_comp02_ez.f32__c0063__dt-f32/chunk_0,1000000,2,ans shuffle=byte,primary,2.31382394,-1,5.00367912,3.15206794,1
fields/00013__plt00013__fab0000_comp02_ez.f32__c0047__dt-f32/chunk_0,1000000,35,spratio,primary,0.252736002,-1,1.66467719,2.772326,1
fields/00013__plt00013__fab0000_comp02_ez.f32__c0043__dt-f32/chunk_0,1000000,35,spratio,primary,0.303584009,-1,1.9011699,2.50975401,1
fields/00013__plt00013__fab0000_comp02_ez.f32__c0051__dt-f32/chunk_0,1000000,35,spratio,primary,0.530592024,-1,1.91158402,2.72474302,1
fields/00014__plt00014__fab0000_comp02_ez.f32__c0011__dt-f32/chunk_0,1000000,35,spratio,primary,0.553727984,-1,1.85622512,2.81331598,1
fields/00014__plt00014__fab0000_comp02_ez.f32__c0007__dt-f32/chunk_0,1000000,35,spratio,primary,0.123135999,-1,1.67567326,2.626192,1
fields/00013__plt00013__fab0000_comp02_ez.f32__c0055__dt-f32/chunk_0,1000000,35,spratio,primary,0.235200003,-1,1.66336015,2.756785,1
fields/00014__plt00014__fab0000_comp02_ez.f32__c0015__dt-f32/chunk_0,1000000,35,spratio,primary,0.364832014,-1,1.67368734,2.87085801,1
fields/00013__plt00013__fab0000_comp02_ez.f32__c0059__dt-f32/chunk_0,1000000,35,spratio,primary,0.591296017,-1,1.92365999,2.77167302,1
fields/00014__plt00014__fab0000_comp02_ez.f32__c0027__dt-f32/chunk_0,1000000,35,spratio,primary,0.383264005,-1,1.87803255,2.61661401,1
fields/00014__plt00014__fab0000_comp02_ez.f32__c0003__dt-f32/chunk_0,1000000,35,spratio,primary,0.37439999,-1,1.84450385,2.64834699,1
fields/00014__plt00014__fab0000_comp02_ez.f32__c0035__dt-f32/chunk_0,1000000,35,spratio,primary,0.327167988,-1,1.89037605,2.54593499,1
fields/00014__plt00014__fab0000_comp02_ez.f32__c0023__dt-f32/chunk_0,1000000,35,spratio,primary,0.232319996,-1,1.67092694,2.742486,1
fields/00014__plt00014__fab0000_comp02_ez.f32__c0031__dt-f32/chunk_0,1000000,36,spratio shuffle=bit,primary,0.281376004,-1,1.11336523,4.048607,1
fields/00014__plt00014__fab0000_comp02_ez.f32__c0019__dt-f32/chunk_0,1000000,35,spratio,primary,0.610880017,-1,1.86895369,2.85507902,1
fields/00014__plt00014__fab0000_comp02_ez.f32__c0051__dt-f32/chunk_0,1000000,35,spratio,primary,0.228095993,-1,1.91158402,2.42224699,1
fields/00014__plt00014__fab0000_comp02_ez.f32__c0039__dt-f32/chunk_0,1000000,35,spratio,primary,0.421568006,-1,1.66673846,2.93804201,1
fields/00014__plt00014__fab0000_comp02_ez.f32__c0043__dt-f32/chunk_0,1000000,35,spratio,primary,0.623359978,-1,1.9011699,2.82952998,1
fields/00014__plt00014__fab0000_comp02_ez.f32__c0047__dt-f32/chunk_0,1000000,35,spratio,primary,0.477503985,-1,1.66467719,2.99709399,1
fields/00014__plt00014__fab0000_comp02_ez.f32__c0055__dt-f32/chunk_0,1000000,35,spratio,primary,0.133440003,-1,1.66336015,2.655025,1
fields/00014__plt00014__fab0000_comp02_ez.f32__c0063__dt-f32/chunk_0,1000000,2,ans shuffle=byte,primary,1.00992,-1,5.00367912,1.848164,1
fields/00015__plt00015__fab0000_comp02_ez.f32__c0003__dt-f32/chunk_0,1000000,35,spratio,primary,0.327232003,-1,1.84450385,2.601179,1
fields/00015__plt00015__fab0000_comp02_ez.f32__c0007__dt-f32/chunk_0,1000000,35,spratio,primary,1.08601606,-1,1.67567326,3.58907206,1
fields/00014__plt00014__fab0000_comp02_ez.f32__c0059__dt-f32/chunk_0,1000000,35,spratio,primary,0.405344009,-1,1.92365999,2.58572101,1
fields/00015__plt00015__fab0000_comp02_ez.f32__c0019__dt-f32/chunk_0,1000000,35,spratio,primary,0.302336007,-1,1.86895369,2.54653501,1
fields/00015__plt00015__fab0000_comp02_ez.f32__c0015__dt-f32/chunk_0,1000000,35,spratio,primary,0.230527997,-1,1.67368734,2.736554,1
fields/00015__plt00015__fab0000_comp02_ez.f32__c0023__dt-f32/chunk_0,1000000,35,spratio,primary,0.799488008,-1,1.67092694,3.30965401,1
fields/00015__plt00015__fab0000_comp02_ez.f32__c0031__dt-f32/chunk_0,1000000,36,spratio shuffle=bit,primary,0.348416001,-1,1.11310669,4.116522,1
fields/00015__plt00015__fab0000_comp02_ez.f32__c0011__dt-f32/chunk_0,1000000,35,spratio,primary,0.235423997,-1,1.85622512,2.495012,1
fields/00015__plt00015__fab0000_comp02_ez.f32__c0027__dt-f32/chunk_0,1000000,35,spratio,primary,0.264640003,-1,1.87803255,2.49799,1
fields/00015__plt00015__fab0000_comp02_ez.f32__c0039__dt-f32/chunk_0,1000000,35,spratio,primary,1.405568,-1,1.66673846,3.922042,1
fields/00015__plt00015__fab0000_comp02_ez.f32__c0043__dt-f32/chunk_0,1000000,35,spratio,primary,0.69740802,-1,1.9011699,2.90357802,1
fields/00015__plt00015__fab0000_comp02_ez.f32__c0035__dt-f32/chunk_0,1000000,35,spratio,primary,0.233408004,-1,1.89037605,2.452175,1
fields/00015__plt00015__fab0000_comp02_ez.f32__c0051__dt-f32/chunk_0,1000000,35,spratio,primary,0.316448003,-1,1.91158402,2.510599,1
fields/00015__plt00015__fab0000_comp02_ez.f32__c0047__dt-f32/chunk_0,1000000,35,spratio,primary,0.664831996,-1,1.66467719,3.184422,1
fields/00016__plt00016__fab0000_comp02_ez.f32__c0003__dt-f32/chunk_0,1000000,35,spratio,primary,0.414784014,-1,1.84450385,2.68873101,1
fields/00015__plt00015__fab0000_comp02_ez.f32__c0059__dt-f32/chunk_0,1000000,35,spratio,primary,0.348639995,-1,1.92365999,2.52901699,1
fields/00015__plt00015__fab0000_comp02_ez.f32__c0055__dt-f32/chunk_0,1000000,35,spratio,primary,0.528479993,-1,1.66336015,3.05006499,1
fields/00016__plt00016__fab0000_comp02_ez.f32__c0007__dt-f32/chunk_0,1000000,35,spratio,primary,0.234592006,-1,1.67567326,2.73764801,1
fields/00015__plt00015__fab0000_comp02_ez.f32__c0063__dt-f32/chunk_0,1000000,2,ans shuffle=byte,primary,1.750144,-1,5.00367912,2.588388,1
fields/00016__plt00016__fab0000_comp02_ez.f32__c0011__dt-f32/chunk_0,1000000,35,spratio,primary,0.0848959982,-1,1.85622512,2.344484,1
fields/00016__plt00016__fab0000_comp02_ez.f32__c0015__dt-f32/chunk_0,1000000,35,spratio,primary,0.45657599,-1,1.67368734,2.96260199,1
fields/00016__plt00016__fab0000_comp02_ez.f32__c0027__dt-f32/chunk_0,1000000,35,spratio,primary,0.309215993,-1,1.87803255,2.54256599,1
fields/00016__plt00016__fab0000_comp02_ez.f32__c0019__dt-f32/chunk_0,1000000,35,spratio,primary,0.340000004,-1,1.86895369,2.584199,1
fields/00016__plt00016__fab0000_comp02_ez.f32__c0023__dt-f32/chunk_0,1000000,29,ndzip,primary,0.0808959976,-1,1.54519345,2.795316,1
fields/00016__plt00016__fab0000_comp02_ez.f32__c0031__dt-f32/chunk_0,1000000,36,spratio shuffle=bit,primary,0.399360001,-1,1.11446276,4.162881,1
fields/00016__plt00016__fab0000_comp02_ez.f32__c0035__dt-f32/chunk_0,1000000,35,spratio,primary,0.501984,-1,1.89037605,2.720751,1
fields/00016__plt00016__fab0000_comp02_ez.f32__c0043__dt-f32/chunk_0,1000000,35,spratio,primary,0.635487974,-1,1.9011699,2.84165797,1
fields/00016__plt00016__fab0000_comp02_ez.f32__c0039__dt-f32/chunk_0,1000000,35,spratio,primary,0.793504,-1,1.66673846,3.309978,1
fields/00016__plt00016__fab0000_comp02_ez.f32__c0047__dt-f32/chunk_0,1000000,35,spratio,primary,0.874303997,-1,1.66467719,3.393894,1
fields/00017__plt00017__fab0000_comp02_ez.f32__c0003__dt-f32/chunk_0,1000000,35,spratio,primary,0.266559988,-1,1.84450385,2.54050699,1
fields/00016__plt00016__fab0000_comp02_ez.f32__c0055__dt-f32/chunk_0,1000000,29,ndzip,primary,0.0808959976,-1,1.53911731,2.806032,1
fields/00016__plt00016__fab0000_comp02_ez.f32__c0063__dt-f32/chunk_0,1000000,2,ans shuffle=byte,primary,1.01584005,-1,5.00367912,1.85408405,1
fields/00016__plt00016__fab0000_comp02_ez.f32__c0059__dt-f32/chunk_0,1000000,35,spratio,primary,0.284864008,-1,1.92365999,2.46524101,1
fields/00016__plt00016__fab0000_comp02_ez.f32__c0051__dt-f32/chunk_0,1000000,35,spratio,primary,0.235136002,-1,1.91158402,2.429287,1
fields/00017__plt00017__fab0000_comp02_ez.f32__c0019__dt-f32/chunk_0,1000000,35,spratio,primary,0.456863999,-1,1.86895369,2.701063,1
fields/00017__plt00017__fab0000_comp02_ez.f32__c0007__dt-f32/chunk_0,1000000,35,spratio,primary,0.377664,-1,1.67567326,2.88072,1
fields/00017__plt00017__fab0000_comp02_ez.f32__c0011__dt-f32/chunk_0,1000000,35,spratio,primary,0.321471989,-1,1.85622512,2.58105999,1
fields/00017__plt00017__fab0000_comp02_ez.f32__c0015__dt-f32/chunk_0,1000000,29,ndzip,primary,0.0808959976,-1,1.54692364,2.79228,1
fields/00017__plt00017__fab0000_comp02_ez.f32__c0027__dt-f32/chunk_0,1000000,35,spratio,primary,0.741312027,-1,1.87803255,2.97466203,1
fields/00017__plt00017__fab0000_comp02_ez.f32__c0023__dt-f32/chunk_0,1000000,35,spratio,primary,0.466784,-1,1.67092694,2.97695,1
fields/00017__plt00017__fab0000_comp02_ez.f32__c0035__dt-f32/chunk_0,1000000,35,spratio,primary,0.604575992,-1,1.89037605,2.82334299,1
fields/00017__plt00017__fab0000_comp02_ez.f32__c0031__dt-f32/chunk_0,1000000,36,spratio shuffle=bit,primary,0.653248012,-1,1.1142567,4.41746501,1
fields/00017__plt00017__fab0000_comp02_ez.f32__c0043__dt-f32/chunk_0,1000000,35,spratio,primary,0.283935994,-1,1.9011699,2.49010599,1
fields/00017__plt00017__fab0000_comp02_ez.f32__c0047__dt-f32/chunk_0,1000000,35,spratio,primary,0.241727993,-1,1.66467719,2.76131799,1
fields/00017__plt00017__fab0000_comp02_ez.f32__c0039__dt-f32/chunk_0,1000000,35,spratio,primary,0.521023989,-1,1.66673846,3.03749799,1
fields/00017__plt00017__fab0000_comp02_ez.f32__c0055__dt-f32/chunk_0,1000000,35,spratio,primary,0.373632014,-1,1.66336015,2.89521701,1
fields/00017__plt00017__fab0000_comp02_ez.f32__c0051__dt-f32/chunk_0,1000000,35,spratio,primary,0.339136004,-1,1.91158402,2.533287,1
fields/00018__plt00018__fab0000_comp02_ez.f32__c0007__dt-f32/chunk_0,1000000,35,spratio,primary,0.333696008,-1,1.67567326,2.83675201,1
fields/00017__plt00017__fab0000_comp02_ez.f32__c0063__dt-f32/chunk_0,1000000,2,ans shuffle=byte,primary,1.44649601,-1,5.00367912,2.28474001,1
fields/00018__plt00018__fab0000_comp02_ez.f32__c0003__dt-f32/chunk_0,1000000,35,spratio,primary,0.691999972,-1,1.84450385,2.96594697,1
fields/00017__plt00017__fab0000_comp02_ez.f32__c0059__dt-f32/chunk_0,1000000,35,spratio,primary,0.247904003,-1,1.92365999,2.428281,1
fields/00018__plt00018__fab0000_comp02_ez.f32__c0011__dt-f32/chunk_0,1000000,35,spratio,primary,0.203807995,-1,1.85622512,2.46339599,1
fields/00018__plt00018__fab0000_comp02_ez.f32__c0019__dt-f32/chunk_0,1000000,35,spratio,primary,0.0821759999,-1,1.86895369,2.326375,1
fields/00018__plt00018__fab0000_comp02_ez.f32__c0023__dt-f32/chunk_0,1000000,35,spratio,primary,0.344096005,-1,1.67092694,2.854262,1
fields/00018__plt00018__fab0000_comp02_ez.f32__c0015__dt-f32/chunk_0,1000000,35,spratio,primary,0.701695979,-1,1.67368734,3.20772198,1
fields/00018__plt00018__fab0000_comp02_ez.f32__c0027__dt-f32/chunk_0,1000000,35,spratio,primary,0.818431973,-1,1.87803255,3.05178197,1
fields/00018__plt00018__fab0000_comp02_ez.f32__c0031__dt-f32/chunk_0,1000000,36,spratio shuffle=bit,primary,0.44550401,-1,1.1135822,4.21200101,1
fields/00018__plt00018__fab0000_comp02_ez.f32__c0035__dt-f32/chunk_0,1000000,35,spratio,primary,1.19555199,-1,1.89037605,3.41431899,1
fields/00018__plt00018__fab0000_comp02_ez.f32__c0039__dt-f32/chunk_0,1000000,35,spratio,primary,0.474976003,-1,1.66673846,2.99145,1
fields/00018__plt00018__fab0000_comp02_ez.f32__c0047__dt-f32/chunk_0,1000000,35,spratio,primary,0.546624005,-1,1.66467719,3.066214,1
fields/00018__plt00018__fab0000_comp02_ez.f32__c0043__dt-f32/chunk_0,1000000,35,spratio,primary,0.723071992,-1,1.9011699,2.92924199,1
fields/00018__plt00018__fab0000_comp02_ez.f32__c0059__dt-f32/chunk_0,1000000,35,spratio,primary,0.117247999,-1,1.92365999,2.297625,1
fields/00018__plt00018__fab0000_comp02_ez.f32__c0063__dt-f32/chunk_0,1000000,2,ans shuffle=byte,primary,1.85151994,-1,5.00367912,2.68976394,1
fields/00018__plt00018__fab0000_comp02_ez.f32__c0055__dt-f32/chunk_0,1000000,35,spratio,primary,0.305119991,-1,1.66336015,2.82670499,1
fields/00018__plt00018__fab0000_comp02_ez.f32__c0051__dt-f32/chunk_0,1000000,35,spratio,primary,0.276032001,-1,1.91158402,2.470183,1
fields/00019__plt00019__fab0000_comp02_ez.f32__c0003__dt-f32/chunk_0,1000000,35,spratio,primary,0.498335987,-1,1.84450385,2.77228299,1
fields/00019__plt00019__fab0000_comp02_ez.f32__c0019__dt-f32/chunk_0,1000000,35,spratio,primary,0.511680007,-1,1.86895369,2.75587901,1
fields/00019__plt00019__fab0000_comp02_ez.f32__c0007__dt-f32/chunk_0,1000000,35,spratio,primary,0.601279974,-1,1.67567326,3.10433597,1
fields/00019__plt00019__fab0000_comp02_ez.f32__c0015__dt-f32/chunk_0,1000000,35,spratio,primary,0.571008027,-1,1.67368734,3.07703403,1
fields/00019__plt00019__fab0000_comp02_ez.f32__c0011__dt-f32/chunk_0,1000000,35,spratio,primary,0.326848,-1,1.85622512,2.586436,1
fields/00019__plt00019__fab0000_comp02_ez.f32__c0035__dt-f32/chunk_0,1000000,35,spratio,primary,0.230816007,-1,1.88978495,2.45027701,1
fields/00019__plt00019__fab0000_comp02_ez.f32__c0027__dt-f32/chunk_0,1000000,35,spratio,primary,0.289407998,-1,1.87803255,2.522758,1
fields/00019__plt00019__fab0000_comp02_ez.f32__c0023__dt-f32/chunk_0,1000000,35,spratio,primary,0.527840018,-1,1.67092694,3.03800602,1
fields/00019__plt00019__fab0000_comp02_ez.f32__c0039__dt-f32/chunk_0,1000000,35,spratio,primary,0.330751985,-1,1.66673846,2.84722599,1
fields/00019__plt00019__fab0000_comp02_ez.f32__c0043__dt-f32/chunk_0,1000000,35,spratio,primary,0.800607979,-1,1.9011699,3.00677798,1
fields/00019__plt00019__fab0000_comp02_ez.f32__c0031__dt-f32/chunk_0,1000000,36,spratio shuffle=bit,primary,0.419744015,-1,1.11450126,4.18313501,1
fields/00019__plt00019__fab0000_comp02_ez.f32__c0055__dt-f32/chunk_0,1000000,35,spratio,primary,0.0889599994,-1,1.66336015,2.610545,1
fields/00019__plt00019__fab0000_comp02_ez.f32__c0051__dt-f32/chunk_0,1000000,35,spratio,primary,0.0857919976,-1,1.91158402,2.279943,1
fields/00019__plt00019__fab0000_comp02_ez.f32__c0047__dt-f32/chunk_0,1000000,35,spratio,primary,0.626240015,-1,1.66467719,3.14583002,1
fields/00019__plt00019__fab0000_comp02_ez.f32__c0059__dt-f32/chunk_0,1000000,35,spratio,primary,0.271488011,-1,1.92365999,2.45186501,1
fields/00019__plt00019__fab0000_comp02_ez.f32__c0063__dt-f32/chunk_0,1000000,2,ans shuffle=byte,primary,0.427711993,-1,5.00367912,1.26595599,1
fields/00020__plt00020__fab0000_comp02_ez.f32__c0003__dt-f32/chunk_0,1000000,35,spratio,primary,0.244128004,-1,1.84450385,2.518075,1
fields/00020__plt00020__fab0000_comp02_ez.f32__c0011__dt-f32/chunk_0,1000000,35,spratio,primary,1.37932801,-1,1.85622512,3.63891601,1
fields/00020__plt00020__fab0000_comp02_ez.f32__c0007__dt-f32/chunk_0,1000000,35,spratio,primary,0.683808029,-1,1.67567326,3.18686403,1
fields/00020__plt00020__fab0000_comp02_ez.f32__c0015__dt-f32/chunk_0,1000000,35,spratio,primary,0.655615985,-1,1.67368734,3.16164199,1
fields/00020__plt00020__fab0000_comp02_ez.f32__c0027__dt-f32/chunk_0,1000000,35,spratio,primary,0.154528007,-1,1.87803255,2.38787801,1
fields/00020__plt00020__fab0000_comp02_ez.f32__c0019__dt-f32/chunk_0,1000000,35,spratio,primary,0.326112002,-1,1.86895369,2.570311,1
fields/00020__plt00020__fab0000_comp02_ez.f32__c0031__dt-f32/chunk_0,1000000,4,bitcomp algo=1 shuffle=bit type=char,primary,0.272383988,-1,1.13826441,3.95720799,1
fields/00020__plt00020__fab0000_comp02_ez.f32__c0023__dt-f32/chunk_0,1000000,35,spratio,primary,0.283039987,-1,1.67092694,2.79320599,1
fields/00020__plt00020__fab0000_comp02_ez.f32__c0035__dt-f32/chunk_0,1000000,35,spratio,primary,0.117760003,-1,1.88360996,2.344497,1
fields/00020__plt00020__fab0000_comp02_ez.f32__c0051__dt-f32/chunk_0,1000000,35,spratio,primary,0.240896001,-1,1.91158402,2.435047,1
fields/00020__plt00020__fab0000_comp02_ez.f32__c0043__dt-f32/chunk_0,1000000,35,spratio,primary,1.04332805,-1,1.9011699,3.24949805,1
fields/00020__plt00020__fab0000_comp02_ez.f32__c0039__dt-f32/chunk_0,1000000,35,spratio,primary,0.627968013,-1,1.66673846,3.14444201,1
fields/00020__plt00020__fab0000_comp02_ez.f32__c0055__dt-f32/chunk_0,1000000,35,spratio,primary,0.326240003,-1,1.66336015,2.847825,1
fields/00020__plt00020__fab0000_comp02_ez.f32__c0047__dt-f32/chunk_0,1000000,35,spratio,primary,0.300864011,-1,1.66467719,2.82045401,1
fields/00021__plt00021__fab0000_comp02_ez.f32__c0007__dt-f32/chunk_0,1000000,35,spratio,primary,0.229663998,-1,1.67567326,2.73272,1
fields/00020__plt00020__fab0000_comp02_ez.f32__c0063__dt-f32/chunk_0,1000000,2,ans shuffle=byte,primary,0.420704007,-1,5.00367912,1.25894801,1
fields/00021__plt00021__fab0000_comp02_ez.f32__c0011__dt-f32/chunk_0,1000000,35,spratio,primary,0.252703995,-1,1.85622512,2.51229199,1
fields/00020__plt00020__fab0000_comp02_ez.f32__c0059__dt-f32/chunk_0,1000000,35,spratio,primary,0.474592,-1,1.92365999,2.654969,1
fields/00021__plt00021__fab0000_comp02_ez.f32__c0015__dt-f32/chunk_0,1000000,35,spratio,primary,0.708927989,-1,1.67368734,3.21495399,1
fields/00021__plt00021__fab0000_comp02_ez.f32__c0003__dt-f32/chunk_0,1000000,35,spratio,primary,0.251392007,-1,1.84450385,2.52533901,1
fields/00021__plt00021__fab0000_comp02_ez.f32__c0019__dt-f32/chunk_0,1000000,35,spratio,primary,0.362304002,-1,1.86895369,2.606503,1
fields/00021__plt00021__fab0000_comp02_ez.f32__c0031__dt-f32/chunk_0,1000000,36,spratio shuffle=bit,primary,0.91030401,-1,1.11485941,4.67248601,1
fields/00021__plt00021__fab0000_comp02_ez.f32__c0027__dt-f32/chunk_0,1000000,35,spratio,primary,0.0865280032,-1,1.87803255,2.319878,1
fields/00021__plt00021__fab0000_comp02_ez.f32__c0023__dt-f32/chunk_0,1000000,35,spratio,primary,0.259167999,-1,1.67092694,2.769334,1
fields/00021__plt00021__fab0000_comp02_ez.f32__c0039__dt-f32/chunk_0,1000000,35,spratio,primary,0.596768022,-1,1.66673846,3.11324202,1
fields/00021__plt00021__fab0000_comp02_ez.f32__c0035__dt-f32/chunk_0,1000000,35,spratio,primary,0.306784004,-1,1.87613319,2.542395,1
fields/00021__plt00021__fab0000_comp02_ez.f32__c0051__dt-f32/chunk_0,1000000,35,spratio,primary,0.257248014,-1,1.91158402,2.45139901,1
fields/00021__plt00021__fab0000_comp02_ez.f32__c0047__dt-f32/chunk_0,1000000,35,spratio,primary,0.615040004,-1,1.66467719,3.13463,1
fields/00021__plt00021__fab0000_comp02_ez.f32__c0043__dt-f32/chunk_0,1000000,35,spratio,primary,0.175359994,-1,1.9011699,2.38152999,1
fields/00021__plt00021__fab0000_comp02_ez.f32__c0055__dt-f32/chunk_0,1000000,35,spratio,primary,0.597984016,-1,1.66336015,3.11956902,1
fields/00021__plt00021__fab0000_comp02_ez.f32__c0059__dt-f32/chunk_0,1000000,35,spratio,primary,0.369792014,-1,1.92365999,2.55016901,1
fields/00022__plt00022__fab0000_comp02_ez.f32__c0011__dt-f32/chunk_0,1000000,35,spratio,primary,1.29983997,-1,1.85622512,3.55942797,1
fields/00022__plt00022__fab0000_comp02_ez.f32__c0003__dt-f32/chunk_0,1000000,35,spratio,primary,0.393119991,-1,1.84450385,2.66706699,1
fields/00022__plt00022__fab0000_comp02_ez.f32__c0007__dt-f32/chunk_0,1000000,35,spratio,primary,0.535744011,-1,1.67567326,3.03880001,1
fields/00021__plt00021__fab0000_comp02_ez.f32__c0063__dt-f32/chunk_0,1000000,2,ans shuffle=byte,primary,0.552832007,-1,5.00367912,1.39107601,1
fields/00022__plt00022__fab0000_comp02_ez.f32__c0019__dt-f32/chunk_0,1000000,35,spratio,primary,0.342303991,-1,1.86895369,2.58650299,1
fields/00022__plt00022__fab0000_comp02_ez.f32__c0023__dt-f32/chunk_0,1000000,35,spratio,primary,0.352064013,-1,1.67092694,2.86223001,1
fields/00022__plt00022__fab0000_comp02_ez.f32__c0015__dt-f32/chunk_0,1000000,35,spratio,primary,0.407871991,-1,1.67368734,2.91389799,1
fields/00022__plt00022__fab0000_comp02_ez.f32__c0031__dt-f32/chunk_0,1000000,36,spratio shuffle=bit,primary,0.689599991,-1,1.11437482,4.45341799,1
fields/00022__plt00022__fab0000_comp02_ez.f32__c0027__dt-f32/chunk_0,1000000,35,spratio,primary,0.583199978,-1,1.87803255,2.81654998,1
fields/00022__plt00022__fab0000_comp02_ez.f32__c0043__dt-f32/chunk_0,1000000,35,spratio,primary,0.113920003,-1,1.9011699,2.32009,1
fields/00022__plt00022__fab0000_comp02_ez.f32__c0035__dt-f32/chunk_0,1000000,35,spratio,primary,0.229599997,-1,1.87076343,2.471628,1
fields/00022__plt00022__fab0000_comp02_ez.f32__c0039__dt-f32/chunk_0,1000000,35,spratio,primary,0.435487986,-1,1.66673846,2.95196199,1
fields/00022__plt00022__fab0000_comp02_ez.f32__c0051__dt-f32/chunk_0,1000000,35,spratio,primary,0.522751987,-1,1.91158402,2.71690299,1
fields/00022__plt00022__fab0000_comp02_ez.f32__c0047__dt-f32/chunk_0,1000000,35,spratio,primary,0.382752001,-1,1.66467719,2.902342,1
fields/00022__plt00022__fab0000_comp02_ez.f32__c0055__dt-f32/chunk_0,1000000,29,ndzip,primary,0.0757760033,-1,1.53911731,2.800912,1
fields/00022__plt00022__fab0000_comp02_ez.f32__c0063__dt-f32/chunk_0,1000000,2,ans shuffle=byte,primary,1.82771206,-1,5.00367912,2.66595606,1
fields/00022__plt00022__fab0000_comp02_ez.f32__c0059__dt-f32/chunk_0,1000000,35,spratio,primary,0.13008,-1,1.92365999,2.310457,1
fields/00023__plt00023__fab0000_comp02_ez.f32__c0003__dt-f32/chunk_0,1000000,35,spratio,primary,0.289023995,-1,1.84450385,2.562971,1
fields/00023__plt00023__fab0000_comp02_ez.f32__c0011__dt-f32/chunk_0,1000000,35,spratio,primary,0.132768005,-1,1.85622512,2.39235601,1
fields/00023__plt00023__fab0000_comp02_ez.f32__c0023__dt-f32/chunk_0,1000000,35,spratio,primary,0.226367995,-1,1.67092694,2.736534,1
fields/00023__plt00023__fab0000_comp02_ez.f32__c0007__dt-f32/chunk_0,1000000,35,spratio,primary,0.157248005,-1,1.67567326,2.66030401,1
fields/00023__plt00023__fab0000_comp02_ez.f32__c0015__dt-f32/chunk_0,1000000,35,spratio,primary,0.400000006,-1,1.67368734,2.90602601,1
fields/00023__plt00023__fab0000_comp02_ez.f32__c0019__dt-f32/chunk_0,1000000,35,spratio,primary,0.435295999,-1,1.86895369,2.679495,1
fields/00023__plt00023__fab0000_comp02_ez.f32__c0027__dt-f32/chunk_0,1000000,35,spratio,primary,0.229215994,-1,1.87803255,2.46256599,1
fields/00023__plt00023__fab0000_comp02_ez.f32__c0039__dt-f32/chunk_0,1000000,35,spratio,primary,0.410719991,-1,1.66673846,2.92719399,1
fields/00023__plt00023__fab0000_comp02_ez.f32__c0031__dt-f32/chunk_0,1000000,36,spratio shuffle=bit,primary,0.272799999,-1,1.11472785,4.035426,1
fields/00023__plt00023__fab0000_comp02_ez.f32__c0035__dt-f32/chunk_0,1000000,35,spratio,primary,0.501088023,-1,1.86544839,2.74950402,1
fields/00023__plt00023__fab0000_comp02_ez.f32__c0047__dt-f32/chunk_0,1000000,35,spratio,primary,0.37510401,-1,1.66467719,2.89469401,1
fields/00023__plt00023__fab0000_comp02_ez.f32__c0043__dt-f32/chunk_0,1000000,35,spratio,primary,0.608608007,-1,1.9011699,2.81477801,1
fields/00023__plt00023__fab0000_comp02_ez.f32__c0055__dt-f32/chunk_0,1000000,35,spratio,primary,0.453664005,-1,1.66336015,2.975249,1
fields/00023__plt00023__fab0000_comp02_ez.f32__c0051__dt-f32/chunk_0,1000000,35,spratio,primary,0.395871997,-1,1.91158402,2.590023,1
fields/00023__plt00023__fab0000_comp02_ez.f32__c0063__dt-f32/chunk_0,1000000,2,ans shuffle=byte,primary,1.65932798,-1,5.00367912,2.49757198,1
fields/00023__plt00023__fab0000_comp02_ez.f32__c0059__dt-f32/chunk_0,1000000,35,spratio,primary,0.33792001,-1,1.92365999,2.51829701,1
fields/00024__plt00024__fab0000_comp02_ez.f32__c0011__dt-f32/chunk_0,1000000,35,spratio,primary,0.592320025,-1,1.85622512,2.85190802,1
fields/00024__plt00024__fab0000_comp02_ez.f32__c0003__dt-f32/chunk_0,1000000,35,spratio,primary,0.544255972,-1,1.84450385,2.81820297,1
fields/00024__plt00024__fab0000_comp02_ez.f32__c0007__dt-f32/chunk_0,1000000,35,spratio,primary,0.352416009,-1,1.67567326,2.85547201,1
fields/00024__plt00024__fab0000_comp02_ez.f32__c0015__dt-f32/chunk_0,1000000,35,spratio,primary,0.229120001,-1,1.67368734,2.735146,1
fields/00024__plt00024__fab0000_comp02_ez.f32__c0019__dt-f32/chunk_0,1000000,35,spratio,primary,0.463360012,-1,1.86895369,2.70755901,1
fields/00024__plt00024__fab0000_comp02_ez.f32__c0023__dt-f32/chunk_0,1000000,35,spratio,primary,0.236351997,-1,1.67092694,2.746518,1
fields/00024__plt00024__fab0000_comp02_ez.f32__c0039__dt-f32/chunk_0,1000000,35,spratio,primary,0.354719996,-1,1.66673846,2.871194,1
fields/00024__plt00024__fab0000_comp02_ez.f32__c0027__dt-f32/chunk_0,1000000,35,spratio,primary,0.868704021,-1,1.87803255,3.10205402,1
fields/00024__plt00024__fab0000_comp02_ez.f32__c0035__dt-f32/chunk_0,1000000,35,spratio,primary,0.635616004,-1,1.8599828,2.890639,1
fields/00024__plt00024__fab0000_comp02_ez.f32__c0043__dt-f32/chunk_0,1000000,35,spratio,primary,0.328704,-1,1.9011699,2.534874,1
fields/00024__plt00024__fab0000_comp02_ez.f32__c0031__dt-f32/chunk_0,1000000,36,spratio shuffle=bit,primary,0.341280013,-1,1.11394686,4.10654401,1
fields/00024__plt00024__fab0000_comp02_ez.f32__c0047__dt-f32/chunk_0,1000000,35,spratio,primary,0.222463995,-1,1.66467719,2.742054,1
fields/00024__plt00024__fab0000_comp02_ez.f32__c0051__dt-f32/chunk_0,1000000,35,spratio,primary,0.320863992,-1,1.91158402,2.51501499,1
fields/00024__plt00024__fab0000_comp02_ez.f32__c0059__dt-f32/chunk_0,1000000,35,spratio,primary,0.341024011,-1,1.92365999,2.52140101,1
fields/00024__plt00024__fab0000_comp02_ez.f32__c0063__dt-f32/chunk_0,1000000,2,ans shuffle=byte,primary,1.00166404,-1,5.00367912,1.83990804,1
fields/00024__plt00024__fab0000_comp02_ez.f32__c0055__dt-f32/chunk_0,1000000,35,spratio,primary,0.450527996,-1,1.66336015,2.972113,1
fields/00025__plt00025__fab0000_comp02_ez.f32__c0011__dt-f32/chunk_0,1000000,35,spratio,primary,0.235136002,-1,1.85622512,2.494724,1
fields/00025__plt00025__fab0000_comp02_ez.f32__c0003__dt-f32/chunk_0,1000000,35,spratio,primary,0.234239995,-1,1.84450385,2.508187,1
fields/00025__plt00025__fab0000_comp02_ez.f32__c0007__dt-f32/chunk_0,1000000,35,spratio,primary,0.656992018,-1,1.67567326,3.16004802,1
fields/00025__plt00025__fab0000_comp02_ez.f32__c0015__dt-f32/chunk_0,1000000,35,spratio,primary,0.641600013,-1,1.67368734,3.14762601,1
fields/00025__plt00025__fab0000_comp02_ez.f32__c0031__dt-f32/chunk_0,1000000,2,ans shuffle=byte,primary,1.68492806,-1,1.13100964,5.39338806,1
fields/00025__plt00025__fab0000_comp02_ez.f32__c0027__dt-f32/chunk_0,1000000,35,spratio,primary,0.206847996,-1,1.87803255,2.440198,1
fields/00025__plt00025__fab0000_comp02_ez.f32__c0019__dt-f32/chunk_0,1000000,35,spratio,primary,0.280319989,-1,1.86895369,2.52451899,1
fields/00025__plt00025__fab0000_comp02_ez.f32__c0023__dt-f32/chunk_0,1000000,35,spratio,primary,0.350623995,-1,1.67092694,2.86079,1
fields/00025__plt00025__fab0000_comp02_ez.f32__c0035__dt-f32/chunk_0,1000000,35,spratio,primary,0.679232001,-1,1.85339448,2.942271,1
fields/00025__plt00025__fab0000_comp02_ez.f32__c0039__dt-f32/chunk_0,1000000,35,spratio,primary,0.331167996,-1,1.66673846,2.847642,1
fields/00025__plt00025__fab0000_comp02_ez.f32__c0055__dt-f32/chunk_0,1000000,35,spratio,primary,0.301952004,-1,1.66336015,2.823537,1
fields/00025__plt00025__fab0000_comp02_ez.f32__c0047__dt-f32/chunk_0,1000000,35,spratio,primary,0.306912005,-1,1.66467719,2.826502,1
fields/00025__plt00025__fab0000_comp02_ez.f32__c0043__dt-f32/chunk_0,1000000,35,spratio,primary,0.514176011,-1,1.9011699,2.72034601,1
fields/00025__plt00025__fab0000_comp02_ez.f32__c0051__dt-f32/chunk_0,1000000,35,spratio,primary,0.558207989,-1,1.91158402,2.75235899,1
fields/00025__plt00025__fab0000_comp02_ez.f32__c0059__dt-f32/chunk_0,1000000,35,spratio,primary,0.368416011,-1,1.92365999,2.54879301,1
fields/00026__plt00026__fab0000_comp02_ez.f32__c0011__dt-f32/chunk_0,1000000,35,spratio,primary,0.769312024,-1,1.85622512,3.02890002,1
fields/00025__plt00025__fab0000_comp02_ez.f32__c0063__dt-f32/chunk_0,1000000,2,ans shuffle=byte,primary,2.00524807,-1,5.00367912,2.84349207,1
fields/00026__plt00026__fab0000_comp02_ez.f32__c0003__dt-f32/chunk_0,1000000,35,spratio,primary,0.776831985,-1,1.84450385,3.05077898,1
fields/00026__plt00026__fab0000_comp02_ez.f32__c0019__dt-f32/chunk_0,1000000,35,spratio,primary,0.512256026,-1,1.86895369,2.75645503,1
fields/00026__plt00026__fab0000_comp02_ez.f32__c0007__dt-f32/chunk_0,1000000,35,spratio,primary,0.611616015,-1,1.67567326,3.11467202,1
fields/00026__plt00026__fab0000_comp02_ez.f32__c0015__dt-f32/chunk_0,1000000,35,spratio,primary,0.253695995,-1,1.67368734,2.75972199,1
fields/00026__plt00026__fab0000_comp02_ez.f32__c0023__dt-f32/chunk_0,1000000,35,spratio,primary,0.684063971,-1,1.67092694,3.19422997,1
fields/00026__plt00026__fab0000_comp02_ez.f32__c0027__dt-f32/chunk_0,1000000,35,spratio,primary,0.258879989,-1,1.87803255,2.49222999,1
fields/00026__plt00026__fab0000_comp02_ez.f32__c0039__dt-f32/chunk_0,1000000,35,spratio,primary,0.334399998,-1,1.66673846,2.850874,1
fields/00026__plt00026__fab0000_comp02_ez.f32__c0035__dt-f32/chunk_0,1000000,35,spratio,primary,0.243967995,-1,1.8473985,2.514352,1
fields/00026__plt00026__fab0000_comp02_ez.f32__c0031__dt-f32/chunk_0,1000000,4,bitcomp algo=1 shuffle=bit type=char,primary,1.71311998,-1,1.13861296,5.39681598,1
fields/00026__plt00026__fab0000_comp02_ez.f32__c0043__dt-f32/chunk_0,1000000,35,spratio,primary,0.316767991,-1,1.9011699,2.52293799,1
fields/00026__plt00026__fab0000_comp02_ez.f32__c0055__dt-f32/chunk_0,1000000,35,spratio,primary,0.873951972,-1,1.66336015,3.39553697,1
fields/00026__plt00026__fab0000_comp02_ez.f32__c0063__dt-f32/chunk_0,1000000,2,ans shuffle=byte,primary,1.35926402,-1,5.00367912,2.19750802,1
fields/00026__plt00026__fab0000_comp02_ez.f32__c0047__dt-f32/chunk_0,1000000,35,spratio,primary,0.324512005,-1,1.66467719,2.844102,1
fields/00026__plt00026__fab0000_comp02_ez.f32__c0051__dt-f32/chunk_0,1000000,35,spratio,primary,0.405600011,-1,1.91158402,2.59975101,1
fields/00026__plt00026__fab0000_comp02_ez.f32__c0059__dt-f32/chunk_0,1000000,35,spratio,primary,0.179296002,-1,1.92365999,2.359673,1
fields/00027__plt00027__fab0000_comp02_ez.f32__c0007__dt-f32/chunk_0,1000000,35,spratio,primary,0.409568012,-1,1.67567326,2.91262401,1
fields/00027__plt00027__fab0000_comp02_ez.f32__c0015__dt-f32/chunk_0,1000000,35,spratio,primary,0.574208021,-1,1.67368734,3.08023402,1
fields/00027__plt00027__fab0000_comp02_ez.f32__c0003__dt-f32/chunk_0,1000000,35,spratio,primary,0.477311999,-1,1.84450385,2.751259,1
fields/00027__plt00027__fab0000_comp02_ez.f32__c0011__dt-f32/chunk_0,1000000,35,spratio,primary,0.239680007,-1,1.85622512,2.49926801,1
fields/00027__plt00027__fab0000_comp02_ez.f32__c0019__dt-f32/chunk_0,1000000,35,spratio,primary,0.459008008,-1,1.86895369,2.70320701,1
fields/00027__plt00027__fab0000_comp02_ez.f32__c0023__dt-f32/chunk_0,1000000,35,spratio,primary,0.361216009,-1,1.67092694,2.87138201,1
fields/00027__plt00027__fab0000_comp02_ez.f32__c0031__dt-f32/chunk_0,1000000,36,spratio shuffle=bit,primary,1.08124804,-1,1.11475067,4.84379704,1
fields/00027__plt00027__fab0000_comp02_ez.f32__c0027__dt-f32/chunk_0,1000000,35,spratio,primary,0.885984004,-1,1.87803255,3.119334,1
fields/00027__plt00027__fab0000_comp02_ez.f32__c0035__dt-f32/chunk_0,1000000,35,spratio,primary,0.513728023,-1,1.84201214,2.79075102,1
fields/00027__plt00027__fab0000_comp02_ez.f32__c0047__dt-f32/chunk_0,1000000,35,spratio,primary,0.339008003,-1,1.66467719,2.858598,1
fields/00027__plt00027__fab0000_comp02_ez.f32__c0039__dt-f32/chunk_0,1000000,29,ndzip,primary,0.0788479969,-1,1.5418172,2.799212,1
fields/00027__plt00027__fab0000_comp02_ez.f32__c0055__dt-f32/chunk_0,1000000,35,spratio,primary,1.679968,-1,1.66336015,4.201553,1
fields/00027__plt00027__fab0000_comp02_ez.f32__c0043__dt-f32/chunk_0,1000000,35,spratio,primary,0.226400003,-1,1.9011699,2.43257,1
fields/00027__plt00027__fab0000_comp02_ez.f32__c0051__dt-f32/chunk_0,1000000,35,spratio,primary,0.679647982,-1,1.91158402,2.87379898,1
fields/00027__plt00027__fab0000_comp02_ez.f32__c0063__dt-f32/chunk_0,1000000,2,ans shuffle=byte,primary,1.37587202,-1,5.00367912,2.21411602,1
fields/00028__plt00028__fab0000_comp02_ez.f32__c0003__dt-f32/chunk_0,1000000,35,spratio,primary,0.286816001,-1,1.84450385,2.560763,1
fields/00027__plt00027__fab0000_comp02_ez.f32__c0059__dt-f32/chunk_0,1000000,35,spratio,primary,0.238015994,-1,1.92365999,2.41839299,1
fields/00028__plt00028__fab0000_comp02_ez.f32__c0007__dt-f32/chunk_0,1000000,35,spratio,primary,0.97004801,-1,1.67567326,3.47310401,1
fields/00028__plt00028__fab0000_comp02_ez.f32__c0035__dt-f32/chunk_0,1000000,35,spratio,primary,0.169248,-1,1.83690886,2.452597,1
fields/00028__plt00028__fab0000_comp02_ez.f32__c0027__dt-f32/chunk_0,1000000,35,spratio,primary,0.193887994,-1,1.87803255,2.42723799,1
fields/00028__plt00028__fab0000_comp02_ez.f32__c0011__dt-f32/chunk_0,1000000,35,spratio,primary,0.254303992,-1,1.85622512,2.51389199,1
fields/00028__plt00028__fab0000_comp02_ez.f32__c0015__dt-f32/chunk_0,1000000,35,spratio,primary,0.0964479968,-1,1.67368734,2.602474,1
fields/00028__plt00028__fab0000_comp02_ez.f32__c0019__dt-f32/chunk_0,1000000,35,spratio,primary,0.614624023,-1,1.86895369,2.85882302,1
fields/00028__plt00028__fab0000_comp02_ez.f32__c0031__dt-f32/chunk_0,1000000,36,spratio shuffle=bit,primary,0.322176009,-1,1.114567,4.08534501,1
fields/00028__plt00028__fab0000_comp02_ez.f32__c0023__dt-f32/chunk_0,1000000,35,spratio,primary,0.72835201,-1,1.67092694,3.23851801,1
fields/00028__plt00028__fab0000_comp02_ez.f32__c0043__dt-f32/chunk_0,1000000,35,spratio,primary,0.348159999,-1,1.9011699,2.55433,1
fields/00028__plt00028__fab0000_comp02_ez.f32__c0047__dt-f32/chunk_0,1000000,35,spratio,primary,0.316576004,-1,1.66467719,2.836166,1
fields/00028__plt00028__fab0000_comp02_ez.f32__c0039__dt-f32/chunk_0,1000000,35,spratio,primary,0.656319976,-1,1.66673846,3.17279398,1
fields/00028__plt00028__fab0000_comp02_ez.f32__c0055__dt-f32/chunk_0,1000000,35,spratio,primary,0.432352006,-1,1.66336015,2.95393701,1
fields/00028__plt00028__fab0000_comp02_ez.f32__c0051__dt-f32/chunk_0,1000000,35,spratio,primary,0.326559991,-1,1.91158402,2.52071099,1
fields/00029__plt00029__fab0000_comp02_ez.f32__c0011__dt-f32/chunk_0,1000000,35,spratio,primary,0.230655998,-1,1.85622512,2.490244,1
fields/00028__plt00028__fab0000_comp02_ez.f32__c0059__dt-f32/chunk_0,1000000,35,spratio,primary,0.619903982,-1,1.92365999,2.80028098,1
fields/00029__plt00029__fab0000_comp02_ez.f32__c0003__dt-f32/chunk_0,1000000,35,spratio,primary,0.0822720006,-1,1.84450385,2.356219,1
fields/00028__plt00028__fab0000_comp02_ez.f32__c0063__dt-f32/chunk_0,1000000,2,ans shuffle=byte,primary,0.342848003,-1,5.00367912,1.181092,1
fields/00029__plt00029__fab0000_comp02_ez.f32__c0015__dt-f32/chunk_0,1000000,35,spratio,primary,0.229727998,-1,1.67368734,2.735754,1
fields/00029__plt00029__fab0000_comp02_ez.f32__c0019__dt-f32/chunk_0,1000000,35,spratio,primary,0.277343988,-1,1.86895369,2.52154299,1
fields/00029__plt00029__fab0000_comp02_ez.f32__c0007__dt-f32/chunk_0,1000000,35,spratio,primary,0.201792002,-1,1.67567326,2.704848,1
fields/00029__plt00029__fab0000_comp02_ez.f32__c0023__dt-f32/chunk_0,1000000,35,spratio,primary,1.28156805,-1,1.67092694,3.79173405,1
fields/00029__plt00029__fab0000_comp02_ez.f32__c0039__dt-f32/chunk_0,1000000,35,spratio,primary,0.705600023,-1,1.66673846,3.22207402,1
fields/00029__plt00029__fab0000_comp02_ez.f32__c0027__dt-f32/chunk_0,1000000,35,spratio,primary,0.390112013,-1,1.87803255,2.62346201,1
fields/00029__plt00029__fab0000_comp02_ez.f32__c0031__dt-f32/chunk_0,1000000,4,bitcomp algo=1 shuffle=bit type=char,primary,0.907775998,-1,1.13856598,4.591624,1
fields/00029__plt00029__fab0000_comp02_ez.f32__c0051__dt-f32/chunk_0,1000000,35,spratio,primary,0.313951999,-1,1.91158402,2.508103,1
fields/00029__plt00029__fab0000_comp02_ez.f32__c0035__dt-f32/chunk_0,1000000,35,spratio,primary,0.232767999,-1,1.83265418,2.521418,1
fields/00029__plt00029__fab0000_comp02_ez.f32__c0055__dt-f32/chunk_0,1000000,35,spratio,primary,0.89753598,-1,1.66336015,3.41912098,1
fields/00029__plt00029__fab0000_comp02_ez.f32__c0047__dt-f32/chunk_0,1000000,35,spratio,primary,0.226431996,-1,1.66467719,2.746022,1
fields/00029__plt00029__fab0000_comp02_ez.f32__c0043__dt-f32/chunk_0,1000000,35,spratio,primary,0.412927985,-1,1.9011699,2.61909799,1
fields/00029__plt00029__fab0000_comp02_ez.f32__c0059__dt-f32/chunk_0,1000000,35,spratio,primary,0.547104001,-1,1.92365999,2.727481,1
fields/00029__plt00029__fab0000_comp02_ez.f32__c0063__dt-f32/chunk_0,1000000,2,ans shuffle=byte,primary,1.71481597,-1,5.00367912,2.55305997,1
fields/00030__plt00030__fab0000_comp02_ez.f32__c0003__dt-f32/chunk_0,1000000,35,spratio,primary,0.494688004,-1,1.84450385,2.768635,1
fields/00030__plt00030__fab0000_comp02_ez.f32__c0007__dt-f32/chunk_0,1000000,35,spratio,primary,0.768159986,-1,1.67567326,3.27121599,1
fields/00030__plt00030__fab0000_comp02_ez.f32__c0011__dt-f32/chunk_0,1000000,35,spratio,primary,0.462175995,-1,1.85622512,2.721764,1
fields/00030__plt00030__fab0000_comp02_ez.f32__c0023__dt-f32/chunk_0,1000000,35,spratio,primary,0.481824011,-1,1.67092694,2.99199001,1
fields/00030__plt00030__fab0000_comp02_ez.f32__c0031__dt-f32/chunk_0,1000000,36,spratio shuffle=bit,primary,0.330496013,-1,1.11451162,4.09385201,1
fields/00030__plt00030__fab0000_comp02_ez.f32__c0039__dt-f32/chunk_0,1000000,35,spratio,primary,0.545343995,-1,1.66673846,3.061818,1
fields/00030__plt00030__fab0000_comp02_ez.f32__c0015__dt-f32/chunk_0,1000000,35,spratio,primary,0.484447986,-1,1.67368734,2.99047399,1
fields/00030__plt00030__fab0000_comp02_ez.f32__c0019__dt-f32/chunk_0,1000000,35,spratio,primary,0.896448016,-1,1.86895369,3.14064702,1
fields/00030__plt00030__fab0000_comp02_ez.f32__c0027__dt-f32/chunk_0,1000000,35,spratio,primary,0.675647974,-1,1.87799219,2.90904597,1
fields/00030__plt00030__fab0000_comp02_ez.f32__c0047__dt-f32/chunk_0,1000000,35,spratio,primary,0.147903994,-1,1.66467719,2.66749399,1
fields/00030__plt00030__fab0000_comp02_ez.f32__c0051__dt-f32/chunk_0,1000000,35,spratio,primary,0.409664005,-1,1.91158402,2.60381501,1
fields/00030__plt00030__fab0000_comp02_ez.f32__c0035__dt-f32/chunk_0,1000000,35,spratio,primary,0.236895993,-1,1.83210823,2.52622799,1
fields/00030__plt00030__fab0000_comp02_ez.f32__c0055__dt-f32/chunk_0,1000000,35,spratio,primary,0.427231997,-1,1.66336015,2.948817,1
fields/00030__plt00030__fab0000_comp02_ez.f32__c0043__dt-f32/chunk_0,1000000,35,spratio,primary,0.287232012,-1,1.9011699,2.49340201,1
fields/00030__plt00030__fab0000_comp02_ez.f32__c0063__dt-f32/chunk_0,1000000,2,ans shuffle=byte,primary,1.42867196,-1,5.00367912,2.26691596,1
fields/00031__plt00031__fab0000_comp02_ez.f32__c0003__dt-f32/chunk_0,1000000,35,spratio,primary,0.297695994,-1,1.84450385,2.57164299,1
fields/00031__plt00031__fab0000_comp02_ez.f32__c0019__dt-f32/chunk_0,1000000,35,spratio,primary,0.520799994,-1,1.86895369,2.76499899,1
fields/00030__plt00030__fab0000_comp02_ez.f32__c0059__dt-f32/chunk_0,1000000,35,spratio,primary,0.240480006,-1,1.92365999,2.42085701,1
fields/00031__plt00031__fab0000_comp02_ez.f32__c0015__dt-f32/chunk_0,1000000,35,spratio,primary,0.0868479982,-1,1.67368734,2.592874,1
fields/00031__plt00031__fab0000_comp02_ez.f32__c0007__dt-f32/chunk_0,1000000,35,spratio,primary,0.288543999,-1,1.67567326,2.7916,1
fields/00031__plt00031__fab0000_comp02_ez.f32__c0027__dt-f32/chunk_0,1000000,35,spratio,primary,0.833407998,-1,1.87498754,3.070385,1
fields/00031__plt00031__fab0000_comp02_ez.f32__c0011__dt-f32/chunk_0,1000000,35,spratio,primary,0.237120003,-1,1.85622512,2.496708,1
fields/00031__plt00031__fab0000_comp02_ez.f32__c0035__dt-f32/chunk_0,1000000,35,spratio,primary,0.245887995,-1,1.83253248,2.53468999,1
fields/00031__plt00031__fab0000_comp02_ez.f32__c0023__dt-f32/chunk_0,1000000,35,spratio,primary,1.06326401,-1,1.67092694,3.57343001,1
fields/00031__plt00031__fab0000_comp02_ez.f32__c0039__dt-f32/chunk_0,1000000,35,spratio,primary,0.301984012,-1,1.66673846,2.81845801,1
fields/00031__plt00031__fab0000_comp02_ez.f32__c0031__dt-f32/chunk_0,1000000,29,ndzip,primary,0.074752003,-1,1.09761985,3.896024,1
fields/00031__plt00031__fab0000_comp02_ez.f32__c0055__dt-f32/chunk_0,1000000,35,spratio,primary,0.210848004,-1,1.66336015,2.732433,1
fields/00031__plt00031__fab0000_comp02_ez.f32__c0043__dt-f32/chunk_0,1000000,35,spratio,primary,0.506016016,-1,1.9011699,2.71218602,1
fields/00031__plt00031__fab0000_comp02_ez.f32__c0051__dt-f32/chunk_0,1000000,35,spratio,primary,0.777855992,-1,1.91158402,2.97200699,1
fields/00031__plt00031__fab0000_comp02_ez.f32__c0047__dt-f32/chunk_0,1000000,35,spratio,primary,0.350304008,-1,1.66467719,2.86989401,1
fields/00031__plt00031__fab0000_comp02_ez.f32__c0059__dt-f32/chunk_0,1000000,35,spratio,primary,0.242111996,-1,1.92365999,2.422489,1
fields/00031__plt00031__fab0000_comp02_ez.f32__c0063__dt-f32/chunk_0,1000000,2,ans shuffle=byte,primary,1.46073604,-1,5.00367912,2.29898004,1
fields/00032__plt00032__fab0000_comp02_ez.f32__c0011__dt-f32/chunk_0,1000000,35,spratio,primary,0.407263994,-1,1.85622512,2.66685199,1
fields/00032__plt00032__fab0000_comp02_ez.f32__c0003__dt-f32/chunk_0,1000000,35,spratio,primary,1.21302402,-1,1.84450385,3.48697102,1
fields/00032__plt00032__fab0000_comp02_ez.f32__c0007__dt-f32/chunk_0,1000000,35,spratio,primary,0.252191991,-1,1.67567326,2.75524799,1
fields/00032__plt00032__fab0000_comp02_ez.f32__c0015__dt-f32/chunk_0,1000000,35,spratio,primary,0.521791995,-1,1.67368734,3.02781799,1
fields/00032__plt00032__fab0000_comp02_ez.f32__c0023__dt-f32/chunk_0,1000000,35,spratio,primary,0.323487997,-1,1.67092694,2.833654,1
fields/00032__plt00032__fab0000_comp02_ez.f32__c0035__dt-f32/chunk_0,1000000,35,spratio,primary,0.360383987,-1,1.83245162,2.64928699,1
fields/00032__plt00032__fab0000_comp02_ez.f32__c0027__dt-f32/chunk_0,1000000,35,spratio,primary,0.206847996,-1,1.86824192,2.451902,1
fields/00032__plt00032__fab0000_comp02_ez.f32__c0031__dt-f32/chunk_0,1000000,36,spratio shuffle=bit,primary,0.121023998,-1,1.11402763,3.886015,1
fields/00032__plt00032__fab0000_comp02_ez.f32__c0039__dt-f32/chunk_0,1000000,35,spratio,primary,0.621472001,-1,1.66673846,3.137946,1
fields/00032__plt00032__fab0000_comp02_ez.f32__c0019__dt-f32/chunk_0,1000000,35,spratio,primary,0.221343994,-1,1.86895369,2.46554299,1
fields/00032__plt00032__fab0000_comp02_ez.f32__c0051__dt-f32/chunk_0,1000000,35,spratio,primary,0.892448008,-1,1.91158402,3.08659901,1
fields/00032__plt00032__fab0000_comp02_ez.f32__c0043__dt-f32/chunk_0,1000000,35,spratio,primary,0.728447974,-1,1.9011699,2.93461797,1
fields/00032__plt00032__fab0000_comp02_ez.f32__c0059__dt-f32/chunk_0,1000000,35,spratio,primary,0.144927993,-1,1.92365999,2.32530499,1
fields/00032__plt00032__fab0000_comp02_ez.f32__c0063__dt-f32/chunk_0,1000000,2,ans shuffle=byte,primary,0.961408019,-1,5.00367912,1.79965202,1
fields/00032__plt00032__fab0000_comp02_ez.f32__c0047__dt-f32/chunk_0,1000000,35,spratio,primary,0.338079989,-1,1.66467719,2.85766999,1
fields/00033__plt00033__fab0000_comp02_ez.f32__c0007__dt-f32/chunk_0,1000000,35,spratio,primary,0.775424004,-1,1.67567326,3.27848,1
fields/00032__plt00032__fab0000_comp02_ez.f32__c0055__dt-f32/chunk_0,1000000,35,spratio,primary,0.242400005,-1,1.66336015,2.76398501,1
fields/00033__plt00033__fab0000_comp02_ez.f32__c0015__dt-f32/chunk_0,1000000,35,spratio,primary,0.219231993,-1,1.67368734,2.72525799,1
fields/00033__plt00033__fab0000_comp02_ez.f32__c0011__dt-f32/chunk_0,1000000,29,ndzip,primary,0.0757760033,-1,1.68430251,2.566008,1
fields/00033__plt00033__fab0000_comp02_ez.f32__c0003__dt-f32/chunk_0,1000000,35,spratio,primary,0.758144021,-1,1.84450385,3.03209102,1
fields/00033__plt00033__fab0000_comp02_ez.f32__c0023__dt-f32/chunk_0,1000000,35,spratio,primary,0.059551999,-1,1.67092694,2.569718,1
fields/00033__plt00033__fab0000_comp02_ez.f32__c0027__dt-f32/chunk_0,1000000,35,spratio,primary,0.71132803,-1,1.86179917,2.96415103,1
fields/00033__plt00033__fab0000_comp02_ez.f32__c0019__dt-f32/chunk_0,1000000,35,spratio,primary,0.299872011,-1,1.86895369,2.54407101,1
fields/00033__plt00033__fab0000_comp02_ez.f32__c0031__dt-f32/chunk_0,1000000,36,spratio shuffle=bit,primary,0.278239995,-1,1.11430228,4.042303,1
fields/00033__plt00033__fab0000_comp02_ez.f32__c0035__dt-f32/chunk_0,1000000,35,spratio,primary,1.00876796,-1,1.83261655,3.29746496,1
fields/00033__plt00033__fab0000_comp02_ez.f32__c0039__dt-f32/chunk_0,1000000,35,spratio,primary,0.277920008,-1,1.66673846,2.79439401,1
fields/00033__plt00033__fab0000_comp02_ez.f32__c0051__dt-f32/chunk_0,1000000,35,spratio,primary,0.295392007,-1,1.91158402,2.48954301,1
fields/00033__plt00033__fab0000_comp02_ez.f32__c0047__dt-f32/chunk_0,1000000,35,spratio,primary,0.32457599,-1,1.66467719,2.84416599,1
fields/00033__plt00033__fab0000_comp02_ez.f32__c0043__dt-f32/chunk_0,1000000,35,spratio,primary,0.138975993,-1,1.9011699,2.34514599,1
fields/00033__plt00033__fab0000_comp02_ez.f32__c0063__dt-f32/chunk_0,1000000,2,ans shuffle=byte,primary,1.52988803,-1,5.00367912,2.36813203,1
fields/00033__plt00033__fab0000_comp02_ez.f32__c0055__dt-f32/chunk_0,1000000,35,spratio,primary,0.502592027,-1,1.66336015,3.02417703,1
fields/00033__plt00033__fab0000_comp02_ez.f32__c0059__dt-f32/chunk_0,1000000,35,spratio,primary,0.589824021,-1,1.92365999,2.77020102,1
fields/00034__plt00034__fab0000_comp02_ez.f32__c0003__dt-f32/chunk_0,1000000,35,spratio,primary,0.750559986,-1,1.84450385,3.02450699,1
fields/00034__plt00034__fab0000_comp02_ez.f32__c0015__dt-f32/chunk_0,1000000,35,spratio,primary,0.613408029,-1,1.67368734,3.11943403,1
fields/00034__plt00034__fab0000_comp02_ez.f32__c0023__dt-f32/chunk_0,1000000,35,spratio,primary,0.69046402,-1,1.67092694,3.20063002,1
fields/00034__plt00034__fab0000_comp02_ez.f32__c0011__dt-f32/chunk_0,1000000,35,spratio,primary,0.417023987,-1,1.85622512,2.67661199,1
fields/00034__plt00034__fab0000_comp02_ez.f32__c0007__dt-f32/chunk_0,1000000,35,spratio,primary,0.350656003,-1,1.67567326,2.853712,1
fields/00034__plt00034__fab0000_comp02_ez.f32__c0019__dt-f32/chunk_0,1000000,35,spratio,primary,0.690303981,-1,1.86895369,2.93450298,1
fields/00034__plt00034__fab0000_comp02_ez.f32__c0027__dt-f32/chunk_0,1000000,35,spratio,primary,0.230976,-1,1.85634753,2.490415,1
fields/00034__plt00034__fab0000_comp02_ez.f32__c0039__dt-f32/chunk_0,1000000,35,spratio,primary,1.42128003,-1,1.66673846,3.93775403,1
fields/00034__plt00034__fab0000_comp02_ez.f32__c0031__dt-f32/chunk_0,1000000,36,spratio shuffle=bit,primary,0.270464003,-1,1.11420963,4.03484,1
fields/00034__plt00034__fab0000_comp02_ez.f32__c0047__dt-f32/chunk_0,1000000,35,spratio,primary,0.363871992,-1,1.66467719,2.88346199,1
fields/00034__plt00034__fab0000_comp02_ez.f32__c0035__dt-f32/chunk_0,1000000,35,spratio,primary,0.661375999,-1,1.8325629,2.95014,1
fields/00034__plt00034__fab0000_comp02_ez.f32__c0063__dt-f32/chunk_0,1000000,2,ans shuffle=byte,primary,1.78492796,-1,5.00367912,2.62317196,1
fields/00034__plt00034__fab0000_comp02_ez.f32__c0043__dt-f32/chunk_0,1000000,35,spratio,primary,0.2368,-1,1.9011699,2.44297,1
fields/00035__plt00035__fab0000_comp02_ez.f32__c0003__dt-f32/chunk_0,1000000,35,spratio,primary,0.401152015,-1,1.84450385,2.67509901,1
fields/00034__plt00034__fab0000_comp02_ez.f32__c0051__dt-f32/chunk_0,1000000,35,spratio,primary,0.39795199,-1,1.91158402,2.59210299,1
fields/00034__plt00034__fab0000_comp02_ez.f32__c0055__dt-f32/chunk_0,1000000,35,spratio,primary,0.221599996,-1,1.66336015,2.743185,1
fields/00034__plt00034__fab0000_comp02_ez.f32__c0059__dt-f32/chunk_0,1000000,35,spratio,primary,0.851872027,-1,1.92365999,3.03224903,1
fields/00035__plt00035__fab0000_comp02_ez.f32__c0015__dt-f32/chunk_0,1000000,35,spratio,primary,0.245343998,-1,1.67368734,2.75137,1
fields/00035__plt00035__fab0000_comp02_ez.f32__c0007__dt-f32/chunk_0,1000000,35,spratio,primary,0.437184006,-1,1.67567326,2.94024001,1
fields/00035__plt00035__fab0000_comp02_ez.f32__c0011__dt-f32/chunk_0,1000000,35,spratio,primary,0.666880012,-1,1.85622512,2.92646801,1
fields/00035__plt00035__fab0000_comp02_ez.f32__c0019__dt-f32/chunk_0,1000000,35,spratio,primary,0.426176012,-1,1.86895369,2.67037501,1
fields/00035__plt00035__fab0000_comp02_ez.f32__c0023__dt-f32/chunk_0,1000000,35,spratio,primary,0.682175994,-1,1.67092694,3.19234199,1
fields/00035__plt00035__fab0000_comp02_ez.f32__c0039__dt-f32/chunk_0,1000000,35,spratio,primary,0.620832026,-1,1.66673846,3.13730603,1
fields/00035__plt00035__fab0000_comp02_ez.f32__c0031__dt-f32/chunk_0,1000000,36,spratio shuffle=bit,primary,0.203807995,-1,1.11430821,3.96785099,1
fields/00035__plt00035__fab0000_comp02_ez.f32__c0027__dt-f32/chunk_0,1000000,35,spratio,primary,0.392224014,-1,1.85117606,2.65797501,1
fields/00035__plt00035__fab0000_comp02_ez.f32__c0035__dt-f32/chunk_0,1000000,35,spratio,primary,0.242528006,-1,1.83254289,2.53131701,1
fields/00035__plt00035__fab0000_comp02_ez.f32__c0051__dt-f32/chunk_0,1000000,35,spratio,primary,0.536512017,-1,1.91158402,2.73066302,1
fields/00035__plt00035__fab0000_comp02_ez.f32__c0043__dt-f32/chunk_0,1000000,35,spratio,primary,0.781023979,-1,1.9011699,2.98719398,1
fields/00035__plt00035__fab0000_comp02_ez.f32__c0047__dt-f32/chunk_0,1000000,35,spratio,primary,0.707711995,-1,1.66467719,3.22730199,1
fields/00035__plt00035__fab0000_comp02_ez.f32__c0059__dt-f32/chunk_0,1000000,35,spratio,primary,0.380127996,-1,1.92365999,2.560505,1
fields/00035__plt00035__fab0000_comp02_ez.f32__c0055__dt-f32/chunk_0,1000000,35,spratio,primary,0.255551994,-1,1.66336015,2.77713699,1
fields/00035__plt00035__fab0000_comp02_ez.f32__c0063__dt-f32/chunk_0,1000000,2,ans shuffle=byte,primary,0.909183979,-1,5.00367912,1.74742798,1
fields/00036__plt00036__fab0000_comp02_ez.f32__c0011__dt-f32/chunk_0,1000000,35,spratio,primary,0.814848006,-1,1.85622512,3.07443601,1
fields/00036__plt00036__fab0000_comp02_ez.f32__c0015__dt-f32/chunk_0,1000000,35,spratio,primary,0.245023996,-1,1.67368734,2.75105,1
fields/00036__plt00036__fab0000_comp02_ez.f32__c0023__dt-f32/chunk_0,1000000,35,spratio,primary,0.503232002,-1,1.67092694,3.013398,1
fields/00036__plt00036__fab0000_comp02_ez.f32__c0003__dt-f32/chunk_0,1000000,35,spratio,primary,0.242111996,-1,1.84450385,2.516059,1
fields/00036__plt00036__fab0000_comp02_ez.f32__c0007__dt-f32/chunk_0,1000000,35,spratio,primary,0.670271993,-1,1.67567326,3.17332799,1
fields/00036__plt00036__fab0000_comp02_ez.f32__c0035__dt-f32/chunk_0,1000000,35,spratio,primary,0.715071976,-1,1.83253088,3.00387598,1
fields/00036__plt00036__fab0000_comp02_ez.f32__c0019__dt-f32/chunk_0,1000000,35,spratio,primary,0.614175975,-1,1.86895369,2.85837498,1
fields/00036__plt00036__fab0000_comp02_ez.f32__c0027__dt-f32/chunk_0,1000000,35,spratio,primary,1.54822397,-1,1.84447627,3.82220497,1
fields/00036__plt00036__fab0000_comp02_ez.f32__c0047__dt-f32/chunk_0,1000000,35,spratio,primary,0.321983993,-1,1.66467719,2.84157399,1
fields/00036__plt00036__fab0000_comp02_ez.f32__c0031__dt-f32/chunk_0,1000000,4,bitcomp algo=1 shuffle=bit type=char,primary,1.34272003,-1,1.13840776,5.02708003,1
fields/00036__plt00036__fab0000_comp02_ez.f32__c0043__dt-f32/chunk_0,1000000,35,spratio,primary,0.329824001,-1,1.9011699,2.535994,1
fields/00036__plt00036__fab0000_comp02_ez.f32__c0039__dt-f32/chunk_0,1000000,35,spratio,primary,0.579872012,-1,1.66673846,3.09634601,1
fields/00036__plt00036__fab0000_comp02_ez.f32__c0051__dt-f32/chunk_0,1000000,35,spratio,primary,0.154144004,-1,1.91158402,2.348295,1
fields/00036__plt00036__fab0000_comp02_ez.f32__c0055__dt-f32/chunk_0,1000000,35,spratio,primary,0.903328001,-1,1.66336015,3.424913,1
fields/00036__plt00036__fab0000_comp02_ez.f32__c0059__dt-f32/chunk_0,1000000,35,spratio,primary,0.445535988,-1,1.92365999,2.62591299,1
fields/00037__plt00037__fab0000_comp02_ez.f32__c0003__dt-f32/chunk_0,1000000,35,spratio,primary,0.276863992,-1,1.84450385,2.55081099,1
fields/00036__plt00036__fab0000_comp02_ez.f32__c0063__dt-f32/chunk_0,1000000,2,ans shuffle=byte,primary,1.84867203,-1,5.00367912,2.68691603,1
fields/00037__plt00037__fab0000_comp02_ez.f32__c0007__dt-f32/chunk_0,1000000,35,spratio,primary,0.198367998,-1,1.67567326,2.701424,1
fields/00037__plt00037__fab0000_comp02_ez.f32__c0019__dt-f32/chunk_0,1000000,35,spratio,primary,0.329919994,-1,1.86895369,2.57411899,1
fields/00037__plt00037__fab0000_comp02_ez.f32__c0011__dt-f32/chunk_0,1000000,35,spratio,primary,0.084991999,-1,1.85622512,2.34458,1
fields/00037__plt00037__fab0000_comp02_ez.f32__c0015__dt-f32/chunk_0,1000000,35,spratio,primary,0.237792,-1,1.67368734,2.743818,1
fields/00037__plt00037__fab0000_comp02_ez.f32__c0023__dt-f32/chunk_0,1000000,35,spratio,primary,0.648895979,-1,1.67092694,3.15906198,1
fields/00037__plt00037__fab0000_comp02_ez.f32__c0043__dt-f32/chunk_0,1000000,35,spratio,primary,0.0714880005,-1,1.9011699,2.277658,1
fields/00037__plt00037__fab0000_comp02_ez.f32__c0039__dt-f32/chunk_0,1000000,35,spratio,primary,0.113568,-1,1.66673846,2.630042,1
fields/00037__plt00037__fab0000_comp02_ez.f32__c0027__dt-f32/chunk_0,1000000,35,spratio,primary,0.390112013,-1,1.83759131,2.67261301,1
fields/00037__plt00037__fab0000_comp02_ez.f32__c0035__dt-f32/chunk_0,1000000,35,spratio,primary,0.0807359964,-1,1.83281035,2.369191,1
fields/00037__plt00037__fab0000_comp02_ez.f32__c0031__dt-f32/chunk_0,1000000,36,spratio shuffle=bit,primary,0.300543994,-1,1.11429814,4.06462099,1
fields/00037__plt00037__fab0000_comp02_ez.f32__c0059__dt-f32/chunk_0,1000000,35,spratio,primary,0.293983996,-1,1.92365999,2.474361,1
fields/00037__plt00037__fab0000_comp02_ez.f32__c0047__dt-f32/chunk_0,1000000,35,spratio,primary,0.435232013,-1,1.66467719,2.95482201,1
fields/00037__plt00037__fab0000_comp02_ez.f32__c0051__dt-f32/chunk_0,1000000,35,spratio,primary,0.594304025,-1,1.91158402,2.78845503,1
fields/00037__plt00037__fab0000_comp02_ez.f32__c0063__dt-f32/chunk_0,1000000,2,ans shuffle=byte,primary,0.906239986,-1,5.00367912,1.74448399,1
fields/00038__plt00038__fab0000_comp02_ez.f32__c0003__dt-f32/chunk_0,1000000,35,spratio,primary,0.302751988,-1,1.84450385,2.57669899,1
fields/00037__plt00037__fab0000_comp02_ez.f32__c0055__dt-f32/chunk_0,1000000,35,spratio,primary,1.47350395,-1,1.66336015,3.99508895,1
fields/00038__plt00038__fab0000_comp02_ez.f32__c0011__dt-f32/chunk_0,1000000,35,spratio,primary,0.102752,-1,1.85622512,2.36234,1
fields/00038__plt00038__fab0000_comp02_ez.f32__c0019__dt-f32/chunk_0,1000000,35,spratio,primary,0.754239976,-1,1.86895369,2.99843898,1
fields/00038__plt00038__fab0000_comp02_ez.f32__c0007__dt-f32/chunk_0,1000000,35,spratio,primary,0.382016003,-1,1.67567326,2.885072,1
fields/00038__plt00038__fab0000_comp02_ez.f32__c0015__dt-f32/chunk_0,1000000,35,spratio,primary,0.695360005,-1,1.67368734,3.201386,1
fields/00038__plt00038__fab0000_comp02_ez.f32__c0023__dt-f32/chunk_0,1000000,35,spratio,primary,0.332480013,-1,1.67092694,2.84264601,1
fields/00038__plt00038__fab0000_comp02_ez.f32__c0035__dt-f32/chunk_0,1000000,35,spratio,primary,0.818175972,-1,1.8327679,3.10668397,1
fields/00038__plt00038__fab0000_comp02_ez.f32__c0027__dt-f32/chunk_0,1000000,35,spratio,primary,0.459807992,-1,1.83234915,2.74883899,1
fields/00038__plt00038__fab0000_comp02_ez.f32__c0043__dt-f32/chunk_0,1000000,35,spratio,primary,0.240832001,-1,1.9011699,2.447002,1
fields/00038__plt00038__fab0000_comp02_ez.f32__c0047__dt-f32/chunk_0,1000000,35,spratio,primary,0.312959999,-1,1.66467719,2.83255,1
fields/00038__plt00038__fab0000_comp02_ez.f32__c0039__dt-f32/chunk_0,1000000,35,spratio,primary,0.252512008,-1,1.66673846,2.76898601,1
fields/00038__plt00038__fab0000_comp02_ez.f32__c0031__dt-f32/chunk_0,1000000,36,spratio shuffle=bit,primary,0.371199995,-1,1.11467186,4.134015,1
fields/00038__plt00038__fab0000_comp02_ez.f32__c0059__dt-f32/chunk_0,1000000,35,spratio,primary,1.23123205,-1,1.92365999,3.41160905,1
fields/00038__plt00038__fab0000_comp02_ez.f32__c0051__dt-f32/chunk_0,1000000,35,spratio,primary,0.561855972,-1,1.91158402,2.75600697,1
fields/00038__plt00038__fab0000_comp02_ez.f32__c0055__dt-f32/chunk_0,1000000,35,spratio,primary,0.712415993,-1,1.66336015,3.23400099,1
fields/00039__plt00039__fab0000_comp02_ez.f32__c0007__dt-f32/chunk_0,1000000,35,spratio,primary,0.801119983,-1,1.67567326,3.30417598,1
fields/00039__plt00039__fab0000_comp02_ez.f32__c0015__dt-f32/chunk_0,1000000,35,spratio,primary,0.248383999,-1,1.67368734,2.75441,1
fields/00039__plt00039__fab0000_comp02_ez.f32__c0019__dt-f32/chunk_0,1000000,35,spratio,primary,0.288159996,-1,1.86895369,2.532359,1
fields/00038__plt00038__fab0000_comp02_ez.f32__c0063__dt-f32/chunk_0,1000000,2,ans shuffle=byte,primary,0.426016003,-1,5.00367912,1.26426,1
fields/00039__plt00039__fab0000_comp02_ez.f32__c0023__dt-f32/chunk_0,1000000,35,spratio,primary,0.231360003,-1,1.67092694,2.741526,1
fields/00039__plt00039__fab0000_comp02_ez.f32__c0003__dt-f32/chunk_0,1000000,35,spratio,primary,0.466560006,-1,1.84450385,2.74050701,1
fields/00039__plt00039__fab0000_comp02_ez.f32__c0027__dt-f32/chunk_0,1000000,35,spratio,primary,1.14812803,-1,1.827593,3.44311603,1
fields/00039__plt00039__fab0000_comp02_ez.f32__c0011__dt-f32/chunk_0,1000000,35,spratio,primary,0.142560005,-1,1.85622512,2.40214801,1
fields/00039__plt00039__fab0000_comp02_ez.f32__c0031__dt-f32/chunk_0,1000000,36,spratio shuffle=bit,primary,0.399551988,-1,1.11413534,4.16417899,1
fields/00039__plt00039__fab0000_comp02_ez.f32__c0035__dt-f32/chunk_0,1000000,35,spratio,primary,0.784223974,-1,1.83262296,3.07291297,1
fields/00039__plt00039__fab0000_comp02_ez.f32__c0059__dt-f32/chunk_0,1000000,35,spratio,primary,0.174687997,-1,1.92365999,2.355065,1
fields/00039__plt00039__fab0000_comp02_ez.f32__c0039__dt-f32/chunk_0,1000000,35,spratio,primary,0.951776028,-1,1.66673846,3.46825003,1
fields/00039__plt00039__fab0000_comp02_ez.f32__c0043__dt-f32/chunk_0,1000000,35,spratio,primary,0.726303995,-1,1.9011699,2.93247399,1
fields/00039__plt00039__fab0000_comp02_ez.f32__c0047__dt-f32/chunk_0,1000000,35,spratio,primary,0.584479988,-1,1.66467719,3.10406999,1
fields/00039__plt00039__fab0000_comp02_ez.f32__c0051__dt-f32/chunk_0,1000000,35,spratio,primary,0.231488004,-1,1.91158402,2.425639,1
fields/00040__plt00040__fab0000_comp02_ez.f32__c0003__dt-f32/chunk_0,1000000,35,spratio,primary,0.0826560035,-1,1.84450385,2.356603,1
fields/00039__plt00039__fab0000_comp02_ez.f32__c0055__dt-f32/chunk_0,1000000,35,spratio,primary,0.149951994,-1,1.66336015,2.67153699,1
fields/00040__plt00040__fab0000_comp02_ez.f32__c0007__dt-f32/chunk_0,1000000,35,spratio,primary,0.290688008,-1,1.67567326,2.79374401,1
fields/00039__plt00039__fab0000_comp02_ez.f32__c0063__dt-f32/chunk_0,1000000,2,ans shuffle=byte,primary,1.10640001,-1,5.00367912,1.94464401,1
fields/00040__plt00040__fab0000_comp02_ez.f32__c0019__dt-f32/chunk_0,1000000,35,spratio,primary,0.4472,-1,1.86895369,2.691399,1
fields/00040__plt00040__fab0000_comp02_ez.f32__c0011__dt-f32/chunk_0,1000000,35,spratio,primary,0.633472025,-1,1.85622512,2.89306003,1
fields/00040__plt00040__fab0000_comp02_ez.f32__c0027__dt-f32/chunk_0,1000000,35,spratio,primary,0.269407988,-1,1.82287574,2.57033499,1
fields/00040__plt00040__fab0000_comp02_ez.f32__c0015__dt-f32/chunk_0,1000000,35,spratio,primary,0.964352012,-1,1.67368734,3.47037801,1
fields/00040__plt00040__fab0000_comp02_ez.f32__c0023__dt-f32/chunk_0,1000000,35,spratio,primary,0.403935999,-1,1.67092694,2.914102,1
fields/00040__plt00040__fab0000_comp02_ez.f32__c0035__dt-f32/chunk_0,1000000,35,spratio,primary,0.381343991,-1,1.8328584,2.66973899,1
fields/00040__plt00040__fab0000_comp02_ez.f32__c0031__dt-f32/chunk_0,1000000,36,spratio shuffle=bit,primary,0.771008015,-1,1.11464342,4.53391901,1
fields/00040__plt00040__fab0000_comp02_ez.f32__c0039__dt-f32/chunk_0,1000000,35,spratio,primary,0.284384012,-1,1.66673846,2.80085801,1
fields/00040__plt00040__fab0000_comp02_ez.f32__c0043__dt-f32/chunk_0,1000000,35,spratio,primary,0.456831992,-1,1.9011699,2.66300199,1
fields/00040__plt00040__fab0000_comp02_ez.f32__c0047__dt-f32/chunk_0,1000000,35,spratio,primary,0.235136002,-1,1.66467719,2.754726,1
fields/00040__plt00040__fab0000_comp02_ez.f32__c0059__dt-f32/chunk_0,1000000,35,spratio,primary,0.264095992,-1,1.92365999,2.44447299,1
fields/00041__plt00041__fab0000_comp02_ez.f32__c0011__dt-f32/chunk_0,1000000,35,spratio,primary,0.641023993,-1,1.85622512,2.90061199,1
fields/00040__plt00040__fab0000_comp02_ez.f32__c0051__dt-f32/chunk_0,1000000,35,spratio,primary,0.229184002,-1,1.91158402,2.423335,1
fields/00040__plt00040__fab0000_comp02_ez.f32__c0055__dt-f32/chunk_0,1000000,35,spratio,primary,0.422656,-1,1.66336015,2.944241,1
fields/00040__plt00040__fab0000_comp02_ez.f32__c0063__dt-f32/chunk_0,1000000,2,ans shuffle=byte,primary,1.61004806,-1,5.00367912,2.44829206,1
fields/00041__plt00041__fab0000_comp02_ez.f32__c0003__dt-f32/chunk_0,1000000,35,spratio,primary,0.262463987,-1,1.84450385,2.53641099,1
fields/00041__plt00041__fab0000_comp02_ez.f32__c0015__dt-f32/chunk_0,1000000,35,spratio,primary,0.325856,-1,1.67368734,2.831882,1
fields/00041__plt00041__fab0000_comp02_ez.f32__c0019__dt-f32/chunk_0,1000000,35,spratio,primary,0.236543998,-1,1.86895369,2.480743,1
fields/00041__plt00041__fab0000_comp02_ez.f32__c0007__dt-f32/chunk_0,1000000,35,spratio,primary,0.545535982,-1,1.67567326,3.04859198,1
fields/00041__plt00041__fab0000_comp02_ez.f32__c0023__dt-f32/chunk_0,1000000,35,spratio,primary,0.760608017,-1,1.67092694,3.27077402,1
fields/00041__plt00041__fab0000_comp02_ez.f32__c0035__dt-f32/chunk_0,1000000,35,spratio,primary,0.748992026,-1,1.83258532,3.03772803,1
fields/00041__plt00041__fab0000_comp02_ez.f32__c0027__dt-f32/chunk_0,1000000,35,spratio,primary,0.457343996,-1,1.82069416,2.761028,1
fields/00041__plt00041__fab0000_comp02_ez.f32__c0043__dt-f32/chunk_0,1000000,35,spratio,primary,0.407135993,-1,1.9011699,2.61330599,1
fields/00041__plt00041__fab0000_comp02_ez.f32__c0031__dt-f32/chunk_0,1000000,29,ndzip,primary,0.0727040023,-1,1.09740159,3.894736,1
fields/00041__plt00041__fab0000_comp02_ez.f32__c0039__dt-f32/chunk_0,1000000,35,spratio,primary,0.541119993,-1,1.66673846,3.05759399,1
fields/00041__plt00041__fab0000_comp02_ez.f32__c0059__dt-f32/chunk_0,1000000,35,spratio,primary,0.324672014,-1,1.92365999,2.50504901,1
fields/00041__plt00041__fab0000_comp02_ez.f32__c0055__dt-f32/chunk_0,1000000,35,spratio,primary,0.240960002,-1,1.66336015,2.762545,1
fields/00041__plt00041__fab0000_comp02_ez.f32__c0051__dt-f32/chunk_0,1000000,35,spratio,primary,0.528032005,-1,1.91158402,2.722183,1
fields/00041__plt00041__fab0000_comp02_ez.f32__c0047__dt-f32/chunk_0,1000000,35,spratio,primary,0.968447983,-1,1.66467719,3.48803798,1
fields/00042__plt00042__fab0000_comp02_ez.f32__c0003__dt-f32/chunk_0,1000000,35,spratio,primary,0.822719991,-1,1.84450385,3.09666699,1
fields/00042__plt00042__fab0000_comp02_ez.f32__c0015__dt-f32/chunk_0,1000000,35,spratio,primary,0.328256011,-1,1.67368734,2.83428201,1
fields/00042__plt00042__fab0000_comp02_ez.f32__c0011__dt-f32/chunk_0,1000000,35,spratio,primary,0.440032005,-1,1.85622512,2.69962001,1
fields/00041__plt00041__fab0000_comp02_ez.f32__c0063__dt-f32/chunk_0,1000000,2,ans shuffle=byte,primary,1.49420798,-1,5.00367912,2.33245198,1
fields/00042__plt00042__fab0000_comp02_ez.f32__c0019__dt-f32/chunk_0,1000000,35,spratio,primary,0.605727971,-1,1.86895369,2.84992697,1
fields/00042__plt00042__fab0000_comp02_ez.f32__c0007__dt-f32/chunk_0,1000000,29,ndzip,primary,0.0911360011,-1,1.54861654,2.799556,1
fields/00042__plt00042__fab0000_comp02_ez.f32__c0027__dt-f32/chunk_0,1000000,35,spratio,primary,0.302623987,-1,1.82051003,2.60654099,1
fields/00042__plt00042__fab0000_comp02_ez.f32__c0023__dt-f32/chunk_0,1000000,35,spratio,primary,0.728991985,-1,1.67092694,3.23915799,1
fields/00042__plt00042__fab0000_comp02_ez.f32__c0031__dt-f32/chunk_0,1000000,36,spratio shuffle=bit,primary,0.368768007,-1,1.11465586,4.13163701,1
fields/00042__plt00042__fab0000_comp02_ez.f32__c0039__dt-f32/chunk_0,1000000,35,spratio,primary,1.00985599,-1,1.66673846,3.52632999,1
fields/00042__plt00042__fab0000_comp02_ez.f32__c0035__dt-f32/chunk_0,1000000,35,spratio,primary,0.401279986,-1,1.8325549,2.69005399,1
fields/00042__plt00042__fab0000_comp02_ez.f32__c0051__dt-f32/chunk_0,1000000,35,spratio,primary,0.224288002,-1,1.91158402,2.418439,1
fields/00042__plt00042__fab0000_comp02_ez.f32__c0059__dt-f32/chunk_0,1000000,35,spratio,primary,0.537855983,-1,1.92365999,2.71823298,1
fields/00042__plt00042__fab0000_comp02_ez.f32__c0043__dt-f32/chunk_0,1000000,35,spratio,primary,0.234175995,-1,1.9011699,2.44034599,1
fields/00042__plt00042__fab0000_comp02_ez.f32__c0055__dt-f32/chunk_0,1000000,35,spratio,primary,1.01273596,-1,1.66336015,3.53432096,1
fields/00042__plt00042__fab0000_comp02_ez.f32__c0047__dt-f32/chunk_0,1000000,35,spratio,primary,0.249504,-1,1.66467719,2.769094,1
fields/00042__plt00042__fab0000_comp02_ez.f32__c0063__dt-f32/chunk_0,1000000,2,ans shuffle=byte,primary,0.683135986,-1,5.00367912,1.52137999,1
fields/00043__plt00043__fab0000_comp02_ez.f32__c0011__dt-f32/chunk_0,1000000,35,spratio,primary,0.260479987,-1,1.85622512,2.52006799,1
fields/00043__plt00043__fab0000_comp02_ez.f32__c0003__dt-f32/chunk_0,1000000,35,spratio,primary,0.209248006,-1,1.84450385,2.48319501,1
fields/00043__plt00043__fab0000_comp02_ez.f32__c0007__dt-f32/chunk_0,1000000,35,spratio,primary,0.332224011,-1,1.67567326,2.83528001,1
fields/00043__plt00043__fab0000_comp02_ez.f32__c0015__dt-f32/chunk_0,1000000,35,spratio,primary,0.273887992,-1,1.67368734,2.77991399,1
fields/00043__plt00043__fab0000_comp02_ez.f32__c0019__dt-f32/chunk_0,1000000,35,spratio,primary,0.100864001,-1,1.86895369,2.345063,1
fields/00043__plt00043__fab0000_comp02_ez.f32__c0031__dt-f32/chunk_0,1000000,36,spratio shuffle=bit,primary,0.325055987,-1,1.11375488,4.09096899,1
fields/00043__plt00043__fab0000_comp02_ez.f32__c0023__dt-f32/chunk_0,1000000,35,spratio,primary,0.226592004,-1,1.67092694,2.736758,1
fields/00043__plt00043__fab0000_comp02_ez.f32__c0039__dt-f32/chunk_0,1000000,35,spratio,primary,0.230015993,-1,1.66673846,2.74648999,1
fields/00043__plt00043__fab0000_comp02_ez.f32__c0027__dt-f32/chunk_0,1000000,35,spratio,primary,0.243872002,-1,1.82075976,2.547473,1
fields/00043__plt00043__fab0000_comp02_ez.f32__c0035__dt-f32/chunk_0,1000000,35,spratio,primary,0.61808002,-1,1.83230752,2.90716302,1
fields/00043__plt00043__fab0000_comp02_ez.f32__c0051__dt-f32/chunk_0,1000000,35,spratio,primary,0.667392015,-1,1.91158402,2.86154302,1
fields/00043__plt00043__fab0000_comp02_ez.f32__c0043__dt-f32/chunk_0,1000000,35,spratio,primary,0.418848008,-1,1.9011699,2.62501801,1
fields/00043__plt00043__fab0000_comp02_ez.f32__c0047__dt-f32/chunk_0,1000000,35,spratio,primary,0.569184005,-1,1.66467719,3.08877401,1
fields/00043__plt00043__fab0000_comp02_ez.f32__c0055__dt-f32/chunk_0,1000000,35,spratio,primary,0.796992004,-1,1.66336015,3.318577,1
fields/00044__plt00044__fab0000_comp02_ez.f32__c0015__dt-f32/chunk_0,1000000,35,spratio,primary,1.13750398,-1,1.67368734,3.64352998,1
fields/00043__plt00043__fab0000_comp02_ez.f32__c0059__dt-f32/chunk_0,1000000,35,spratio,primary,0.234623998,-1,1.92365999,2.415001,1
fields/00043__plt00043__fab0000_comp02_ez.f32__c0063__dt-f32/chunk_0,1000000,2,ans shuffle=byte,primary,0.814495981,-1,5.00367912,1.65273998,1
fields/00044__plt00044__fab0000_comp02_ez.f32__c0003__dt-f32/chunk_0,1000000,35,spratio,primary,0.282240003,-1,1.84450385,2.556187,1
fields/00044__plt00044__fab0000_comp02_ez.f32__c0007__dt-f32/chunk_0,1000000,35,spratio,primary,0.156864002,-1,1.67567326,2.65992,1
fields/00044__plt00044__fab0000_comp02_ez.f32__c0019__dt-f32/chunk_0,1000000,35,spratio,primary,0.848128021,-1,1.86895369,3.09232702,1
fields/00044__plt00044__fab0000_comp02_ez.f32__c0011__dt-f32/chunk_0,1000000,35,spratio,primary,0.582336009,-1,1.85622512,2.84192401,1
fields/00044__plt00044__fab0000_comp02_ez.f32__c0023__dt-f32/chunk_0,1000000,35,spratio,primary,0.32230401,-1,1.67092694,2.83247001,1
fields/00044__plt00044__fab0000_comp02_ez.f32__c0035__dt-f32/chunk_0,1000000,35,spratio,primary,0.443071991,-1,1.83187858,2.73269099,1
fields/00044__plt00044__fab0000_comp02_ez.f32__c0027__dt-f32/chunk_0,1000000,35,spratio,primary,0.316992015,-1,1.82109653,2.62016701,1
fields/00044__plt00044__fab0000_comp02_ez.f32__c0031__dt-f32/chunk_0,1000000,36,spratio shuffle=bit,primary,0.569311976,-1,1.11424782,4.33355898,1
fields/00044__plt00044__fab0000_comp02_ez.f32__c0039__dt-f32/chunk_0,1000000,35,spratio,primary,0.450176001,-1,1.66673846,2.96665,1
fields/00044__plt00044__fab0000_comp02_ez.f32__c0043__dt-f32/chunk_0,1000000,35,spratio,primary,0.586816013,-1,1.9011699,2.79298601,1
fields/00044__plt00044__fab0000_comp02_ez.f32__c0047__dt-f32/chunk_0,1000000,35,spratio,primary,0.747839987,-1,1.66467719,3.26742999,1
fields/00044__plt00044__fab0000_comp02_ez.f32__c0059__dt-f32/chunk_0,1000000,35,spratio,primary,0.230176002,-1,1.92365999,2.410553,1
fields/00044__plt00044__fab0000_comp02_ez.f32__c0055__dt-f32/chunk_0,1000000,35,spratio,primary,0.305792004,-1,1.66336015,2.827377,1
fields/00044__plt00044__fab0000_comp02_ez.f32__c0051__dt-f32/chunk_0,1000000,35,spratio,primary,0.423552006,-1,1.91158402,2.61770301,1
fields/00045__plt00045__fab0000_comp02_ez.f32__c0007__dt-f32/chunk_0,1000000,35,spratio,primary,0.779583991,-1,1.67567326,3.28263999,1
fields/00045__plt00045__fab0000_comp02_ez.f32__c0003__dt-f32/chunk_0,1000000,35,spratio,primary,0.174144,-1,1.84450385,2.448091,1
fields/00045__plt00045__fab0000_comp02_ez.f32__c0011__dt-f32/chunk_0,1000000,35,spratio,primary,0.517696023,-1,1.85622512,2.77728402,1
fields/00044__plt00044__fab0000_comp02_ez.f32__c0063__dt-f32/chunk_0,1000000,2,ans shuffle=byte,primary,1.69167995,-1,5.00367912,2.52992395,1
fields/00045__plt00045__fab0000_comp02_ez.f32__c0027__dt-f32/chunk_0,1000000,35,spratio,primary,0.387232006,-1,1.82100165,2.69052701,1
fields/00045__plt00045__fab0000_comp02_ez.f32__c0023__dt-f32/chunk_0,1000000,35,spratio,primary,0.352863997,-1,1.67092694,2.86303,1
fields/00045__plt00045__fab0000_comp02_ez.f32__c0019__dt-f32/chunk_0,1000000,35,spratio,primary,0.377216011,-1,1.86895369,2.62141501,1
fields/00045__plt00045__fab0000_comp02_ez.f32__c0015__dt-f32/chunk_0,1000000,35,spratio,primary,0.204543993,-1,1.67368734,2.71056999,1
fields/00045__plt00045__fab0000_comp02_ez.f32__c0031__dt-f32/chunk_0,1000000,2,ans shuffle=byte,primary,1.56879997,-1,1.13086936,5.27771997,1
fields/00045__plt00045__fab0000_comp02_ez.f32__c0035__dt-f32/chunk_0,1000000,35,spratio,primary,0.212735996,-1,1.83185698,2.502382,1
fields/00045__plt00045__fab0000_comp02_ez.f32__c0047__dt-f32/chunk_0,1000000,35,spratio,primary,0.442815989,-1,1.66467719,2.96240599,1
fields/00045__plt00045__fab0000_comp02_ez.f32__c0039__dt-f32/chunk_0,1000000,35,spratio,primary,0.292416006,-1,1.66673846,2.80889001,1
fields/00045__plt00045__fab0000_comp02_ez.f32__c0043__dt-f32/chunk_0,1000000,35,spratio,primary,0.735647976,-1,1.9011699,2.94181798,1
fields/00045__plt00045__fab0000_comp02_ez.f32__c0055__dt-f32/chunk_0,1000000,35,spratio,primary,0.798240006,-1,1.66336015,3.31982501,1
fields/00046__plt00046__fab0000_comp02_ez.f32__c0003__dt-f32/chunk_0,1000000,35,spratio,primary,0.0785600021,-1,1.84450385,2.352507,1
fields/00045__plt00045__fab0000_comp02_ez.f32__c0063__dt-f32/chunk_0,1000000,2,ans shuffle=byte,primary,2.11491203,-1,5.00367912,2.95315603,1
fields/00045__plt00045__fab0000_comp02_ez.f32__c0051__dt-f32/chunk_0,1000000,35,spratio,primary,0.503488004,-1,1.91158402,2.697639,1
fields/00046__plt00046__fab0000_comp02_ez.f32__c0007__dt-f32/chunk_0,1000000,35,spratio,primary,0.239871994,-1,1.67567326,2.74292799,1
fields/00045__plt00045__fab0000_comp02_ez.f32__c0059__dt-f32/chunk_0,1000000,35,spratio,primary,0.713216007,-1,1.92365999,2.89359301,1
fields/00046__plt00046__fab0000_comp02_ez.f32__c0015__dt-f32/chunk_0,1000000,35,spratio,primary,0.231680006,-1,1.67368734,2.73770601,1
fields/00046__plt00046__fab0000_comp02_ez.f32__c0019__dt-f32/chunk_0,1000000,35,spratio,primary,0.420224011,-1,1.86895369,2.66442301,1
fields/00046__plt00046__fab0000_comp02_ez.f32__c0011__dt-f32/chunk_0,1000000,35,spratio,primary,0.369248003,-1,1.85622512,2.628836,1
fields/00046__plt00046__fab0000_comp02_ez.f32__c0023__dt-f32/chunk_0,1000000,35,spratio,primary,0.369984001,-1,1.67092694,2.88015,1
fields/00046__plt00046__fab0000_comp02_ez.f32__c0027__dt-f32/chunk_0,1000000,35,spratio,primary,1.01020801,-1,1.82110918,3.31336701,1
fields/00046__plt00046__fab0000_comp02_ez.f32__c0035__dt-f32/chunk_0,1000000,35,spratio,primary,0.386783987,-1,1.83210983,2.67611399,1
fields/00046__plt00046__fab0000_comp02_ez.f32__c0031__dt-f32/chunk_0,1000000,36,spratio shuffle=bit,primary,0.266048014,-1,1.11432745,4.03002601,1
fields/00046__plt00046__fab0000_comp02_ez.f32__c0039__dt-f32/chunk_0,1000000,35,spratio,primary,0.233695999,-1,1.66673846,2.75017,1
fields/00046__plt00046__fab0000_comp02_ez.f32__c0043__dt-f32/chunk_0,1000000,35,spratio,primary,0.729664028,-1,1.9011699,2.93583403,1
fields/00046__plt00046__fab0000_comp02_ez.f32__c0055__dt-f32/chunk_0,1000000,35,spratio,primary,0.614048004,-1,1.66336015,3.135633,1
fields/00046__plt00046__fab0000_comp02_ez.f32__c0047__dt-f32/chunk_0,1000000,35,spratio,primary,0.561344028,-1,1.66467719,3.08093403,1
fields/00046__plt00046__fab0000_comp02_ez.f32__c0063__dt-f32/chunk_0,1000000,2,ans shuffle=byte,primary,1.697312,-1,5.00367912,2.535556,1
fields/00046__plt00046__fab0000_comp02_ez.f32__c0051__dt-f32/chunk_0,1000000,35,spratio,primary,0.458687991,-1,1.91158402,2.65283899,1
fields/00047__plt00047__fab0000_comp02_ez.f32__c0007__dt-f32/chunk_0,1000000,35,spratio,primary,0.400095999,-1,1.67567326,2.903152,1
fields/00046__plt00046__fab0000_comp02_ez.f32__c0059__dt-f32/chunk_0,1000000,35,spratio,primary,0.743520021,-1,1.92365999,2.92389702,1
fields/00047__plt00047__fab0000_comp02_ez.f32__c0019__dt-f32/chunk_0,1000000,35,spratio,primary,0.234208003,-1,1.86895369,2.478407,1
fields/00047__plt00047__fab0000_comp02_ez.f32__c0003__dt-f32/chunk_0,1000000,35,spratio,primary,0.242400005,-1,1.84450385,2.51634701,1
fields/00047__plt00047__fab0000_comp02_ez.f32__c0011__dt-f32/chunk_0,1000000,35,spratio,primary,0.894496024,-1,1.85622512,3.15408402,1
fields/00047__plt00047__fab0000_comp02_ez.f32__c0023__dt-f32/chunk_0,1000000,35,spratio,primary,1.50627196,-1,1.67092694,4.01643796,1
fields/00047__plt00047__fab0000_comp02_ez.f32__c0027__dt-f32/chunk_0,1000000,35,spratio,primary,0.472768009,-1,1.8212017,2.77581001,1
fields/00047__plt00047__fab0000_comp02_ez.f32__c0015__dt-f32/chunk_0,1000000,35,spratio,primary,0.652127981,-1,1.67368734,3.15815398,1
fields/00047__plt00047__fab0000_comp02_ez.f32__c0031__dt-f32/chunk_0,1000000,36,spratio shuffle=bit,primary,0.629279971,-1,1.11450718,4.39265097,1
fields/00047__plt00047__fab0000_comp02_ez.f32__c0035__dt-f32/chunk_0,1000000,35,spratio,primary,0.361375988,-1,1.83159699,2.65134699,1
fields/00047__plt00047__fab0000_comp02_ez.f32__c0039__dt-f32/chunk_0,1000000,35,spratio,primary,0.685823977,-1,1.66673846,3.20229798,1
fields/00047__plt00047__fab0000_comp02_ez.f32__c0047__dt-f32/chunk_0,1000000,35,spratio,primary,0.555007994,-1,1.66467719,3.07459799,1
fields/00047__plt00047__fab0000_comp02_ez.f32__c0043__dt-f32/chunk_0,1000000,35,spratio,primary,1.21008003,-1,1.9011699,3.41625003,1
fields/00047__plt00047__fab0000_comp02_ez.f32__c0055__dt-f32/chunk_0,1000000,35,spratio,primary,0.773696005,-1,1.66336015,3.29528101,1
fields/00047__plt00047__fab0000_comp02_ez.f32__c0059__dt-f32/chunk_0,1000000,35,spratio,primary,0.743583977,-1,1.92365999,2.92396098,1
fields/00047__plt00047__fab0000_comp02_ez.f32__c0051__dt-f32/chunk_0,1000000,35,spratio,primary,0.128480002,-1,1.91158402,2.322631,1
fields/00047__plt00047__fab0000_comp02_ez.f32__c0063__dt-f32/chunk_0,1000000,2,ans shuffle=byte,primary,2.23635197,-1,5.00367912,3.07459597,1
fields/00048__plt00048__fab0000_comp02_ez.f32__c0003__dt-f32/chunk_0,1000000,35,spratio,primary,0.736479998,-1,1.84450385,3.010427,1
fields/00048__plt00048__fab0000_comp02_ez.f32__c0007__dt-f32/chunk_0,1000000,35,spratio,primary,0.238143995,-1,1.67567326,2.7412,1
fields/00048__plt00048__fab0000_comp02_ez.f32__c0011__dt-f32/chunk_0,1000000,35,spratio,primary,0.31152001,-1,1.85622512,2.57110801,1
fields/00048__plt00048__fab0000_comp02_ez.f32__c0023__dt-f32/chunk_0,1000000,35,spratio,primary,0.40249601,-1,1.67092694,2.91266201,1
fields/00048__plt00048__fab0000_comp02_ez.f32__c0015__dt-f32/chunk_0,1000000,35,spratio,primary,0.231135994,-1,1.67368734,2.73716199,1
fields/00048__plt00048__fab0000_comp02_ez.f32__c0019__dt-f32/chunk_0,1000000,35,spratio,primary,0.0699520037,-1,1.86895369,2.314151,1
fields/00048__plt00048__fab0000_comp02_ez.f32__c0027__dt-f32/chunk_0,1000000,35,spratio,primary,0.228543997,-1,1.82143501,2.531291,1
fields/00048__plt00048__fab0000_comp02_ez.f32__c0043__dt-f32/chunk_0,1000000,35,spratio,primary,0.888095975,-1,1.9011699,3.09426597,1
fields/00048__plt00048__fab0000_comp02_ez.f32__c0063__dt-f32/chunk_0,1000000,2,ans shuffle=byte,primary,1.16179204,-1,5.00367912,2.00003604,1
fields/00048__plt00048__fab0000_comp02_ez.f32__c0039__dt-f32/chunk_0,1000000,35,spratio,primary,0.380672008,-1,1.66673846,2.89714601,1
fields/00048__plt00048__fab0000_comp02_ez.f32__c0031__dt-f32/chunk_0,1000000,36,spratio shuffle=bit,primary,0.338432014,-1,1.11413179,4.10307101,1
fields/00048__plt00048__fab0000_comp02_ez.f32__c0035__dt-f32/chunk_0,1000000,35,spratio,primary,0.979327977,-1,1.83136667,3.26958698,1
fields/00048__plt00048__fab0000_comp02_ez.f32__c0051__dt-f32/chunk_0,1000000,35,spratio,primary,0.644671977,-1,1.91158402,2.83882298,1
fields/00048__plt00048__fab0000_comp02_ez.f32__c0047__dt-f32/chunk_0,1000000,35,spratio,primary,0.308288008,-1,1.66467719,2.82787801,1
fields/00048__plt00048__fab0000_comp02_ez.f32__c0059__dt-f32/chunk_0,1000000,35,spratio,primary,0.435647994,-1,1.92365999,2.61602499,1
fields/00049__plt00049__fab0000_comp02_ez.f32__c0003__dt-f32/chunk_0,1000000,35,spratio,primary,0.25503999,-1,1.84450385,2.52898699,1
fields/00048__plt00048__fab0000_comp02_ez.f32__c0055__dt-f32/chunk_0,1000000,35,spratio,primary,0.618879974,-1,1.66336015,3.14046497,1
fields/00049__plt00049__fab0000_comp02_ez.f32__c0011__dt-f32/chunk_0,1000000,35,spratio,primary,0.567488015,-1,1.85622512,2.82707601,1
fields/00049__plt00049__fab0000_comp02_ez.f32__c0007__dt-f32/chunk_0,1000000,35,spratio,primary,0.508768022,-1,1.67567326,3.01182402,1
fields/00049__plt00049__fab0000_comp02_ez.f32__c0023__dt-f32/chunk_0,1000000,35,spratio,primary,0.164383993,-1,1.67092694,2.67454999,1
fields/00049__plt00049__fab0000_comp02_ez.f32__c0015__dt-f32/chunk_0,1000000,35,spratio,primary,1.27968001,-1,1.67368734,3.78570601,1
fields/00049__plt00049__fab0000_comp02_ez.f32__c0019__dt-f32/chunk_0,1000000,35,spratio,primary,0.63696003,-1,1.86895369,2.88115903,1
fields/00049__plt00049__fab0000_comp02_ez.f32__c0043__dt-f32/chunk_0,1000000,35,spratio,primary,0.230015993,-1,1.9011699,2.43618599,1
fields/00049__plt00049__fab0000_comp02_ez.f32__c0035__dt-f32/chunk_0,1000000,35,spratio,primary,0.0823680013,-1,1.83068484,2.37348,1
fields/00049__plt00049__fab0000_comp02_ez.f32__c0039__dt-f32/chunk_0,1000000,35,spratio,primary,0.773663998,-1,1.66673846,3.290138,1
fields/00049__plt00049__fab0000_comp02_ez.f32__c0027__dt-f32/chunk_0,1000000,35,spratio,primary,0.247168005,-1,1.82126971,2.550124,1
fields/00049__plt00049__fab0000_comp02_ez.f32__c0055__dt-f32/chunk_0,1000000,35,spratio,primary,0.636352003,-1,1.66336015,3.157937,1
fields/00049__plt00049__fab0000_comp02_ez.f32__c0047__dt-f32/chunk_0,1000000,35,spratio,primary,0.767935991,-1,1.66467719,3.28752599,1
fields/00049__plt00049__fab0000_comp02_ez.f32__c0031__dt-f32/chunk_0,1000000,36,spratio shuffle=bit,primary,0.267488003,-1,1.11393976,4.032776,1
fields/00049__plt00049__fab0000_comp02_ez.f32__c0059__dt-f32/chunk_0,1000000,35,spratio,primary,0.378176004,-1,1.92365999,2.558553,1
fields/00049__plt00049__fab0000_comp02_ez.f32__c0051__dt-f32/chunk_0,1000000,35,spratio,primary,0.279583991,-1,1.91158402,2.47373499,1
fields/00049__plt00049__fab0000_comp02_ez.f32__c0063__dt-f32/chunk_0,1000000,2,ans shuffle=byte,primary,1.69488001,-1,5.00367912,2.53312401,1
fields/00050__plt00050__fab0000_comp02_ez.f32__c0011__dt-f32/chunk_0,1000000,35,spratio,primary,0.443776011,-1,1.85622512,2.70336401,1
fields/00050__plt00050__fab0000_comp02_ez.f32__c0007__dt-f32/chunk_0,1000000,35,spratio,primary,0.565887988,-1,1.67567326,3.06894399,1
fields/00050__plt00050__fab0000_comp02_ez.f32__c0003__dt-f32/chunk_0,1000000,35,spratio,primary,0.239199996,-1,1.84450385,2.513147,1
fields/00050__plt00050__fab0000_comp02_ez.f32__c0015__dt-f32/chunk_0,1000000,35,spratio,primary,0.131904006,-1,1.67368734,2.63793001,1
fields/00050__plt00050__fab0000_comp02_ez.f32__c0019__dt-f32/chunk_0,1000000,35,spratio,primary,0.0892800018,-1,1.86895369,2.333479,1
fields/00050__plt00050__fab0000_comp02_ez.f32__c0023__dt-f32/chunk_0,1000000,35,spratio,primary,0.235231996,-1,1.67092694,2.745398,1
fields/00050__plt00050__fab0000_comp02_ez.f32__c0027__dt-f32/chunk_0,1000000,35,spratio,primary,0.247871995,-1,1.82132665,2.55075599,1
fields/00050__plt00050__fab0000_comp02_ez.f32__c0035__dt-f32/chunk_0,1000000,35,spratio,primary,0.244864002,-1,1.83070242,2.535954,1
fields/00050__plt00050__fab0000_comp02_ez.f32__c0031__dt-f32/chunk_0,1000000,2,ans shuffle=byte,primary,1.28537595,-1,1.1309151,4.99414595,1
fields/00050__plt00050__fab0000_comp02_ez.f32__c0039__dt-f32/chunk_0,1000000,35,spratio,primary,0.58160001,-1,1.66673846,3.09807401,1
fields/00050__plt00050__fab0000_comp02_ez.f32__c0043__dt-f32/chunk_0,1000000,35,spratio,primary,0.769887984,-1,1.9011699,2.97605798,1
fields/00050__plt00050__fab0000_comp02_ez.f32__c0047__dt-f32/chunk_0,1000000,35,spratio,primary,1.22681606,-1,1.66467719,3.74640606,1
fields/00050__plt00050__fab0000_comp02_ez.f32__c0055__dt-f32/chunk_0,1000000,35,spratio,primary,0.674528003,-1,1.66336015,3.196113,1
fields/00050__plt00050__fab0000_comp02_ez.f32__c0051__dt-f32/chunk_0,1000000,35,spratio,primary,0.564800024,-1,1.91158402,2.75895102,1
fields/00051__plt00051__fab0000_comp02_ez.f32__c0003__dt-f32/chunk_0,1000000,35,spratio,primary,0.192415997,-1,1.84450385,2.466363,1
fields/00051__plt00051__fab0000_comp02_ez.f32__c0011__dt-f32/chunk_0,1000000,35,spratio,primary,0.072800003,-1,1.85622512,2.332388,1
fields/00050__plt00050__fab0000_comp02_ez.f32__c0059__dt-f32/chunk_0,1000000,35,spratio,primary,0.75375998,-1,1.92365999,2.93413698,1
fields/00050__plt00050__fab0000_comp02_ez.f32__c0063__dt-f32/chunk_0,1000000,2,ans shuffle=byte,primary,2.35334396,-1,5.00367912,3.19158796,1
fields/00051__plt00051__fab0000_comp02_ez.f32__c0007__dt-f32/chunk_0,1000000,35,spratio,primary,0.722912014,-1,1.67567326,3.22596801,1
fields/00051__plt00051__fab0000_comp02_ez.f32__c0015__dt-f32/chunk_0,1000000,35,spratio,primary,0.386592001,-1,1.67368734,2.892618,1
fields/00051__plt00051__fab0000_comp02_ez.f32__c0023__dt-f32/chunk_0,1000000,35,spratio,primary,0.302560002,-1,1.67092694,2.812726,1
fields/00051__plt00051__fab0000_comp02_ez.f32__c0019__dt-f32/chunk_0,1000000,35,spratio,primary,0.178783998,-1,1.86895369,2.422983,1
fields/00051__plt00051__fab0000_comp02_ez.f32__c0027__dt-f32/chunk_0,1000000,35,spratio,primary,0.557727993,-1,1.82128552,2.86066399,1
fields/00051__plt00051__fab0000_comp02_ez.f32__c0031__dt-f32/chunk_0,1000000,36,spratio shuffle=bit,primary,1.08259201,-1,1.11456523,4.84576701,1
fields/00051__plt00051__fab0000_comp02_ez.f32__c0039__dt-f32/chunk_0,1000000,35,spratio,primary,0.240896001,-1,1.66673846,2.75737,1
fields/00051__plt00051__fab0000_comp02_ez.f32__c0047__dt-f32/chunk_0,1000000,35,spratio,primary,0.232896,-1,1.66467719,2.752486,1
fields/00051__plt00051__fab0000_comp02_ez.f32__c0035__dt-f32/chunk_0,1000000,35,spratio,primary,0.421216011,-1,1.83025745,2.71286301,1
fields/00051__plt00051__fab0000_comp02_ez.f32__c0043__dt-f32/chunk_0,1000000,35,spratio,primary,0.260351986,-1,1.9011699,2.46652199,1
fields/00051__plt00051__fab0000_comp02_ez.f32__c0055__dt-f32/chunk_0,1000000,35,spratio,primary,0.516224027,-1,1.66336015,3.03780903,1
fields/00051__plt00051__fab0000_comp02_ez.f32__c0059__dt-f32/chunk_0,1000000,35,spratio,primary,0.205183998,-1,1.92365999,2.385561,1
fields/00051__plt00051__fab0000_comp02_ez.f32__c0051__dt-f32/chunk_0,1000000,35,spratio,primary,0.166976005,-1,1.91158402,2.361127,1
fields/00052__plt00052__fab0000_comp02_ez.f32__c0003__dt-f32/chunk_0,1000000,35,spratio,primary,0.162880003,-1,1.84450385,2.436827,1
fields/00052__plt00052__fab0000_comp02_ez.f32__c0011__dt-f32/chunk_0,1000000,35,spratio,primary,0.229471996,-1,1.85622512,2.48906,1
fields/00052__plt00052__fab0000_comp02_ez.f32__c0019__dt-f32/chunk_0,1000000,35,spratio,primary,0.497375995,-1,1.86895369,2.74157499,1
fields/00051__plt00051__fab0000_comp02_ez.f32__c0063__dt-f32/chunk_0,1000000,2,ans shuffle=byte,primary,2.05190396,-1,5.00367912,2.89014796,1
fields/00052__plt00052__fab0000_comp02_ez.f32__c0015__dt-f32/chunk_0,1000000,35,spratio,primary,0.419360012,-1,1.67368734,2.92538601,1
fields/00052__plt00052__fab0000_comp02_ez.f32__c0007__dt-f32/chunk_0,1000000,35,spratio,primary,0.288383991,-1,1.67567326,2.79143999,1
fields/00052__plt00052__fab0000_comp02_ez.f32__c0031__dt-f32/chunk_0,1000000,36,spratio shuffle=bit,primary,0.777504027,-1,1.11405456,4.54240403,1
fields/00052__plt00052__fab0000_comp02_ez.f32__c0027__dt-f32/chunk_0,1000000,35,spratio,primary,0.270143986,-1,1.82153151,2.57276899,1
fields/00052__plt00052__fab0000_comp02_ez.f32__c0023__dt-f32/chunk_0,1000000,35,spratio,primary,0.460736006,-1,1.67092694,2.97090201,1
fields/00052__plt00052__fab0000_comp02_ez.f32__c0039__dt-f32/chunk_0,1000000,35,spratio,primary,0.252256006,-1,1.66673846,2.76873001,1
fields/00052__plt00052__fab0000_comp02_ez.f32__c0035__dt-f32/chunk_0,1000000,35,spratio,primary,0.248480007,-1,1.82982228,2.54067201,1
fields/00052__plt00052__fab0000_comp02_ez.f32__c0043__dt-f32/chunk_0,1000000,35,spratio,primary,0.228287995,-1,1.9011699,2.43445799,1
fields/00052__plt00052__fab0000_comp02_ez.f32__c0051__dt-f32/chunk_0,1000000,35,spratio,primary,0.582015991,-1,1.91158402,2.77616699,1
fields/00052__plt00052__fab0000_comp02_ez.f32__c0047__dt-f32/chunk_0,1000000,35,spratio,primary,0.539712012,-1,1.66467719,3.05930201,1
fields/00052__plt00052__fab0000_comp02_ez.f32__c0059__dt-f32/chunk_0,1000000,35,spratio,primary,0.237728,-1,1.92365999,2.418105,1
fields/00053__plt00053__fab0000_comp02_ez.f32__c0011__dt-f32/chunk_0,1000000,35,spratio,primary,0.771135986,-1,1.85622512,3.03072399,1
fields/00052__plt00052__fab0000_comp02_ez.f32__c0055__dt-f32/chunk_0,1000000,29,ndzip,primary,0.158720002,-1,1.53911731,2.883856,1
fields/00052__plt00052__fab0000_comp02_ez.f32__c0063__dt-f32/chunk_0,1000000,2,ans shuffle=byte,primary,2.77987194,-1,5.00367912,3.61811594,1
fields/00053__plt00053__fab0000_comp02_ez.f32__c0007__dt-f32/chunk_0,1000000,35,spratio,primary,0.525344014,-1,1.67567326,3.02840001,1
fields/00053__plt00053__fab0000_comp02_ez.f32__c0003__dt-f32/chunk_0,1000000,35,spratio,primary,0.233439997,-1,1.84450385,2.507387,1
fields/00053__plt00053__fab0000_comp02_ez.f32__c0015__dt-f32/chunk_0,1000000,35,spratio,primary,1.25862396,-1,1.67368734,3.76464996,1
fields/00053__plt00053__fab0000_comp02_ez.f32__c0019__dt-f32/chunk_0,1000000,35,spratio,primary,0.892416,-1,1.86895369,3.136615,1
fields/00053__plt00053__fab0000_comp02_ez.f32__c0035__dt-f32/chunk_0,1000000,35,spratio,primary,0.384864002,-1,1.82953335,2.677418,1
fields/00053__plt00053__fab0000_comp02_ez.f32__c0027__dt-f32/chunk_0,1000000,35,spratio,primary,0.167840004,-1,1.82146269,2.470552,1
fields/00053__plt00053__fab0000_comp02_ez.f32__c0023__dt-f32/chunk_0,1000000,35,spratio,primary,0.869408011,-1,1.67092694,3.37957401,1
fields/00053__plt00053__fab0000_comp02_ez.f32__c0031__dt-f32/chunk_0,1000000,36,spratio shuffle=bit,primary,0.113247998,-1,1.11383031,3.878906,1
fields/00053__plt00053__fab0000_comp02_ez.f32__c0047__dt-f32/chunk_0,1000000,35,spratio,primary,1.38281596,-1,1.66467719,3.90240596,1
fields/00053__plt00053__fab0000_comp02_ez.f32__c0039__dt-f32/chunk_0,1000000,35,spratio,primary,0.784063995,-1,1.66673846,3.30053799,1
fields/00053__plt00053__fab0000_comp02_ez.f32__c0051__dt-f32/chunk_0,1000000,35,spratio,primary,0.314240009,-1,1.91158402,2.50839101,1
fields/00053__plt00053__fab0000_comp02_ez.f32__c0043__dt-f32/chunk_0,1000000,35,spratio,primary,0.727775991,-1,1.9011699,2.93394599,1
fields/00053__plt00053__fab0000_comp02_ez.f32__c0055__dt-f32/chunk_0,1000000,35,spratio,primary,0.835648,-1,1.66336015,3.357233,1
fields/00053__plt00053__fab0000_comp02_ez.f32__c0059__dt-f32/chunk_0,1000000,35,spratio,primary,0.241855994,-1,1.92365999,2.42223299,1
fields/00054__plt00054__fab0000_comp02_ez.f32__c0007__dt-f32/chunk_0,1000000,35,spratio,primary,0.0760319978,-1,1.67567326,2.579088,1
fields/00053__plt00053__fab0000_comp02_ez.f32__c0063__dt-f32/chunk_0,1000000,2,ans shuffle=byte,primary,1.04700804,-1,5.00367912,1.88525204,1
fields/00054__plt00054__fab0000_comp02_ez.f32__c0003__dt-f32/chunk_0,1000000,35,spratio,primary,0.305151999,-1,1.84450385,2.579099,1
fields/00054__plt00054__fab0000_comp02_ez.f32__c0011__dt-f32/chunk_0,1000000,35,spratio,primary,0.361887991,-1,1.85622512,2.62147599,1
fields/00054__plt00054__fab0000_comp02_ez.f32__c0023__dt-f32/chunk_0,1000000,35,spratio,primary,0.935679972,-1,1.67092694,3.44584597,1
fields/00054__plt00054__fab0000_comp02_ez.f32__c0027__dt-f32/chunk_0,1000000,35,spratio,primary,0.58288002,-1,1.82144292,2.88561702,1
fields/00054__plt00054__fab0000_comp02_ez.f32__c0015__dt-f32/chunk_0,1000000,35,spratio,primary,0.234720007,-1,1.67368734,2.74074601,1
fields/00054__plt00054__fab0000_comp02_ez.f32__c0035__dt-f32/chunk_0,1000000,35,spratio,primary,0.554719985,-1,1.82871892,2.84829498,1
fields/00054__plt00054__fab0000_comp02_ez.f32__c0019__dt-f32/chunk_0,1000000,35,spratio,primary,0.349119991,-1,1.86895369,2.59331899,1
fields/00054__plt00054__fab0000_comp02_ez.f32__c0031__dt-f32/chunk_0,1000000,36,spratio shuffle=bit,primary,0.703967988,-1,1.11398798,4.46909299,1
fields/00054__plt00054__fab0000_comp02_ez.f32__c0043__dt-f32/chunk_0,1000000,35,spratio,primary,0.753152013,-1,1.9011699,2.95932201,1
fields/00054__plt00054__fab0000_comp02_ez.f32__c0039__dt-f32/chunk_0,1000000,35,spratio,primary,1.06115198,-1,1.66673846,3.57762598,1
fields/00054__plt00054__fab0000_comp02_ez.f32__c0051__dt-f32/chunk_0,1000000,35,spratio,primary,0.516864002,-1,1.91158402,2.711015,1
fields/00054__plt00054__fab0000_comp02_ez.f32__c0063__dt-f32/chunk_0,1000000,2,ans shuffle=byte,primary,1.15625596,-1,5.00367912,1.99449996,1
fields/00054__plt00054__fab0000_comp02_ez.f32__c0055__dt-f32/chunk_0,1000000,35,spratio,primary,0.564095974,-1,1.66336015,3.08568097,1
fields/00054__plt00054__fab0000_comp02_ez.f32__c0047__dt-f32/chunk_0,1000000,35,spratio,primary,0.480607986,-1,1.66467719,3.00019799,1
fields/00054__plt00054__fab0000_comp02_ez.f32__c0059__dt-f32/chunk_0,1000000,35,spratio,primary,0.286527991,-1,1.92365999,2.46690499,1
fields/00055__plt00055__fab0000_comp02_ez.f32__c0007__dt-f32/chunk_0,1000000,35,spratio,primary,0.239424005,-1,1.67567326,2.74248001,1
fields/00055__plt00055__fab0000_comp02_ez.f32__c0015__dt-f32/chunk_0,1000000,35,spratio,primary,0.715520024,-1,1.67368734,3.22154602,1
fields/00055__plt00055__fab0000_comp02_ez.f32__c0011__dt-f32/chunk_0,1000000,35,spratio,primary,0.635327995,-1,1.85622512,2.89491599,1
fields/00055__plt00055__fab0000_comp02_ez.f32__c0003__dt-f32/chunk_0,1000000,35,spratio,primary,0.244959995,-1,1.84450385,2.518907,1
fields/00055__plt00055__fab0000_comp02_ez.f32__c0019__dt-f32/chunk_0,1000000,35,spratio,primary,1.014112,-1,1.86895369,3.258311,1
fields/00055__plt00055__fab0000_comp02_ez.f32__c0023__dt-f32/chunk_0,1000000,35,spratio,primary,0.506048024,-1,1.67092694,3.01621402,1
fields/00055__plt00055__fab0000_comp02_ez.f32__c0027__dt-f32/chunk_0,1000000,35,spratio,primary,0.155008003,-1,1.82181239,2.457278,1
fields/00055__plt00055__fab0000_comp02_ez.f32__c0035__dt-f32/chunk_0,1000000,35,spratio,primary,0.186976001,-1,1.828467,2.480867,1
fields/00055__plt00055__fab0000_comp02_ez.f32__c0031__dt-f32/chunk_0,1000000,36,spratio shuffle=bit,primary,0.360895991,-1,1.11443196,4.12452099,1
fields/00055__plt00055__fab0000_comp02_ez.f32__c0043__dt-f32/chunk_0,1000000,35,spratio,primary,0.872352004,-1,1.9011699,3.078522,1
fields/00055__plt00055__fab0000_comp02_ez.f32__c0051__dt-f32/chunk_0,1000000,35,spratio,primary,1.790048,-1,1.91158402,3.984199,1
fields/00055__plt00055__fab0000_comp02_ez.f32__c0047__dt-f32/chunk_0,1000000,35,spratio,primary,1.59791994,-1,1.66467719,4.11750994,1
fields/00055__plt00055__fab0000_comp02_ez.f32__c0055__dt-f32/chunk_0,1000000,29,ndzip,primary,0.074752003,-1,1.53911731,2.799888,1
fields/00055__plt00055__fab0000_comp02_ez.f32__c0039__dt-f32/chunk_0,1000000,35,spratio,primary,0.703584015,-1,1.66673846,3.22005802,1
fields/00055__plt00055__fab0000_comp02_ez.f32__c0059__dt-f32/chunk_0,1000000,35,spratio,primary,0.237376004,-1,1.92365999,2.417753,1
fields/00055__plt00055__fab0000_comp02_ez.f32__c0063__dt-f32/chunk_0,1000000,2,ans shuffle=byte,primary,1.50460804,-1,5.00367912,2.34285204,1
fields/00056__plt00056__fab0000_comp02_ez.f32__c0003__dt-f32/chunk_0,1000000,35,spratio,primary,0.300159991,-1,1.84450385,2.57410699,1
fields/00056__plt00056__fab0000_comp02_ez.f32__c0011__dt-f32/chunk_0,1000000,35,spratio,primary,0.688607991,-1,1.85622512,2.94819599,1
fields/00056__plt00056__fab0000_comp02_ez.f32__c0007__dt-f32/chunk_0,1000000,35,spratio,primary,0.632863998,-1,1.67567326,3.13592,1
fields/00056__plt00056__fab0000_comp02_ez.f32__c0023__dt-f32/chunk_0,1000000,35,spratio,primary,0.233983994,-1,1.67092694,2.74414999,1
fields/00056__plt00056__fab0000_comp02_ez.f32__c0015__dt-f32/chunk_0,1000000,35,spratio,primary,0.0823360011,-1,1.67368734,2.588362,1
fields/00056__plt00056__fab0000_comp02_ez.f32__c0035__dt-f32/chunk_0,1000000,35,spratio,primary,0.257791996,-1,1.82802631,2.552236,1
fields/00056__plt00056__fab0000_comp02_ez.f32__c0019__dt-f32/chunk_0,1000000,35,spratio,primary,0.614239991,-1,1.86895369,2.85843899,1
fields/00056__plt00056__fab0000_comp02_ez.f32__c0031__dt-f32/chunk_0,1000000,36,spratio shuffle=bit,primary,0.51788801,-1,1.11474474,4.28045701,1
fields/00056__plt00056__fab0000_comp02_ez.f32__c0043__dt-f32/chunk_0,1000000,35,spratio,primary,0.332448006,-1,1.9011699,2.53861801,1
fields/00056__plt00056__fab0000_comp02_ez.f32__c0027__dt-f32/chunk_0,1000000,35,spratio,primary,0.445248008,-1,1.82133219,2.74812501,1
fields/00056__plt00056__fab0000_comp02_ez.f32__c0051__dt-f32/chunk_0,1000000,35,spratio,primary,0.295711994,-1,1.91158402,2.48986299,1
fields/00056__plt00056__fab0000_comp02_ez.f32__c0055__dt-f32/chunk_0,1000000,35,spratio,primary,0.397056013,-1,1.66336015,2.91864101,1
fields/00056__plt00056__fab0000_comp02_ez.f32__c0059__dt-f32/chunk_0,1000000,35,spratio,primary,0.597920001,-1,1.92365999,2.778297,1
fields/00056__plt00056__fab0000_comp02_ez.f32__c0039__dt-f32/chunk_0,1000000,35,spratio,primary,0.43315199,-1,1.66673846,2.94962599,1
fields/00056__plt00056__fab0000_comp02_ez.f32__c0063__dt-f32/chunk_0,1000000,2,ans shuffle=byte,primary,2.01254392,-1,5.00367912,2.85078792,1
fields/00056__plt00056__fab0000_comp02_ez.f32__c0047__dt-f32/chunk_0,1000000,35,spratio,primary,0.363647997,-1,1.66467719,2.883238,1
fields/00057__plt00057__fab0000_comp02_ez.f32__c0003__dt-f32/chunk_0,1000000,35,spratio,primary,0.563232005,-1,1.84450385,2.837179,1
fields/00057__plt00057__fab0000_comp02_ez.f32__c0007__dt-f32/chunk_0,1000000,35,spratio,primary,0.476608008,-1,1.67567326,2.97966401,1
fields/00057__plt00057__fab0000_comp02_ez.f32__c0011__dt-f32/chunk_0,1000000,35,spratio,primary,0.376863986,-1,1.85622512,2.63645199,1
fields/00057__plt00057__fab0000_comp02_ez.f32__c0015__dt-f32/chunk_0,1000000,35,spratio,primary,0.368672013,-1,1.67368734,2.87469801,1
fields/00057__plt00057__fab0000_comp02_ez.f32__c0027__dt-f32/chunk_0,1000000,35,spratio,primary,0.411392003,-1,1.82161616,2.71391,1
fields/00057__plt00057__fab0000_comp02_ez.f32__c0019__dt-f32/chunk_0,1000000,35,spratio,primary,0.287232012,-1,1.86895369,2.53143101,1
fields/00057__plt00057__fab0000_comp02_ez.f32__c0023__dt-f32/chunk_0,1000000,35,spratio,primary,0.403903991,-1,1.67092694,2.91406999,1
fields/00057__plt00057__fab0000_comp02_ez.f32__c0035__dt-f32/chunk_0,1000000,35,spratio,primary,0.677631974,-1,1.82789327,2.97224297,1
fields/00057__plt00057__fab0000_comp02_ez.f32__c0043__dt-f32/chunk_0,1000000,35,spratio,primary,0.719648004,-1,1.9011699,2.925818,1
fields/00057__plt00057__fab0000_comp02_ez.f32__c0039__dt-f32/chunk_0,1000000,35,spratio,primary,0.613536,-1,1.66673846,3.13001,1
fields/00057__plt00057__fab0000_comp02_ez.f32__c0051__dt-f32/chunk_0,1000000,35,spratio,primary,0.450239986,-1,1.91158402,2.64439099,1
fields/00057__plt00057__fab0000_comp02_ez.f32__c0031__dt-f32/chunk_0,1000000,36,spratio shuffle=bit,primary,0.916863978,-1,1.1140584,4.68175098,1
fields/00057__plt00057__fab0000_comp02_ez.f32__c0063__dt-f32/chunk_0,1000000,2,ans shuffle=byte,primary,1.28313601,-1,5.00367912,2.12138001,1
fields/00057__plt00057__fab0000_comp02_ez.f32__c0047__dt-f32/chunk_0,1000000,35,spratio,primary,0.598688006,-1,1.66467719,3.11827801,1
fields/00057__plt00057__fab0000_comp02_ez.f32__c0059__dt-f32/chunk_0,1000000,35,spratio,primary,0.239519998,-1,1.92365999,2.419897,1
fields/00057__plt00057__fab0000_comp02_ez.f32__c0055__dt-f32/chunk_0,1000000,35,spratio,primary,0.0857919976,-1,1.66336015,2.607377,1
fields/00058__plt00058__fab0000_comp02_ez.f32__c0011__dt-f32/chunk_0,1000000,35,spratio,primary,0.659648001,-1,1.85622512,2.919236,1
fields/00058__plt00058__fab0000_comp02_ez.f32__c0003__dt-f32/chunk_0,1000000,35,spratio,primary,0.393119991,-1,1.84450385,2.66706699,1
fields/00058__plt00058__fab0000_comp02_ez.f32__c0007__dt-f32/chunk_0,1000000,35,spratio,primary,0.228512004,-1,1.67567326,2.731568,1
fields/00058__plt00058__fab0000_comp02_ez.f32__c0015__dt-f32/chunk_0,1000000,35,spratio,primary,0.31833601,-1,1.67368734,2.82436201,1
fields/00058__plt00058__fab0000_comp02_ez.f32__c0023__dt-f32/chunk_0,1000000,35,spratio,primary,0.622591972,-1,1.67092694,3.13275797,1
fields/00058__plt00058__fab0000_comp02_ez.f32__c0039__dt-f32/chunk_0,1000000,35,spratio,primary,0.620927989,-1,1.66673846,3.13740199,1
fields/00058__plt00058__fab0000_comp02_ez.f32__c0019__dt-f32/chunk_0,1000000,35,spratio,primary,0.187711999,-1,1.86895369,2.431911,1
fields/00058__plt00058__fab0000_comp02_ez.f32__c0027__dt-f32/chunk_0,1000000,35,spratio,primary,0.595776021,-1,1.82171822,2.89816502,1
fields/00058__plt00058__fab0000_comp02_ez.f32__c0043__dt-f32/chunk_0,1000000,35,spratio,primary,0.267392009,-1,1.9011699,2.47356201,1
fields/00058__plt00058__fab0000_comp02_ez.f32__c0031__dt-f32/chunk_0,1000000,36,spratio shuffle=bit,primary,0.38489601,-1,1.11397703,4.15005801,1
fields/00058__plt00058__fab0000_comp02_ez.f32__c0059__dt-f32/chunk_0,1000000,35,spratio,primary,0.227743998,-1,1.92365999,2.408121,1
fields/00058__plt00058__fab0000_comp02_ez.f32__c0035__dt-f32/chunk_0,1000000,35,spratio,primary,0.641408026,-1,1.82754681,2.93645403,1
fields/00058__plt00058__fab0000_comp02_ez.f32__c0051__dt-f32/chunk_0,1000000,35,spratio,primary,0.243295997,-1,1.91158402,2.437447,1
fields/00058__plt00058__fab0000_comp02_ez.f32__c0047__dt-f32/chunk_0,1000000,29,ndzip,primary,0.0819199979,-1,1.540388,2.804808,1
fields/00058__plt00058__fab0000_comp02_ez.f32__c0055__dt-f32/chunk_0,1000000,35,spratio,primary,0.247807994,-1,1.66336015,2.76939299,1
fields/00058__plt00058__fab0000_comp02_ez.f32__c0063__dt-f32/chunk_0,1000000,2,ans shuffle=byte,primary,1.66185606,-1,5.00367912,2.50010006,1
fields/00059__plt00059__fab0000_comp02_ez.f32__c0015__dt-f32/chunk_0,1000000,35,spratio,primary,0.45046401,-1,1.67368734,2.95649001,1
fields/00059__plt00059__fab0000_comp02_ez.f32__c0003__dt-f32/chunk_0,1000000,35,spratio,primary,0.745696008,-1,1.84450385,3.01964301,1
fields/00059__plt00059__fab0000_comp02_ez.f32__c0011__dt-f32/chunk_0,1000000,35,spratio,primary,0.0805760026,-1,1.85622512,2.340164,1
fields/00059__plt00059__fab0000_comp02_ez.f32__c0023__dt-f32/chunk_0,1000000,35,spratio,primary,1.03612804,-1,1.67092694,3.54629404,1
fields/00059__plt00059__fab0000_comp02_ez.f32__c0007__dt-f32/chunk_0,1000000,35,spratio,primary,0.228384003,-1,1.67567326,2.73144,1
fields/00059__plt00059__fab0000_comp02_ez.f32__c0019__dt-f32/chunk_0,1000000,35,spratio,primary,0.912512004,-1,1.86895369,3.156711,1
fields/00059__plt00059__fab0000_comp02_ez.f32__c0035__dt-f32/chunk_0,1000000,35,spratio,primary,0.296864003,-1,1.82712965,2.592434,1
fields/00059__plt00059__fab0000_comp02_ez.f32__c0027__dt-f32/chunk_0,1000000,35,spratio,primary,0.251839995,-1,1.82160271,2.554375,1
fields/00059__plt00059__fab0000_comp02_ez.f32__c0031__dt-f32/chunk_0,1000000,36,spratio shuffle=bit,primary,0.612896025,-1,1.1140155,4.37792803,1
fields/00059__plt00059__fab0000_comp02_ez.f32__c0043__dt-f32/chunk_0,1000000,35,spratio,primary,0.197791994,-1,1.9011699,2.40396199,1
fields/00059__plt00059__fab0000_comp02_ez.f32__c0039__dt-f32/chunk_0,1000000,35,spratio,primary,0.420895994,-1,1.6667272,2.93738699,1
fields/00059__plt00059__fab0000_comp02_ez.f32__c0047__dt-f32/chunk_0,1000000,35,spratio,primary,0.56131202,-1,1.66467719,3.08090202,1
fields/00059__plt00059__fab0000_comp02_ez.f32__c0051__dt-f32/chunk_0,1000000,35,spratio,primary,0.367808014,-1,1.91158402,2.56195901,1
fields/00059__plt00059__fab0000_comp02_ez.f32__c0063__dt-f32/chunk_0,1000000,2,ans shuffle=byte,primary,1.18025601,-1,5.00367912,2.01850001,1
fields/00059__plt00059__fab0000_comp02_ez.f32__c0055__dt-f32/chunk_0,1000000,35,spratio,primary,0.738592029,-1,1.66336015,3.26017703,1
fields/00059__plt00059__fab0000_comp02_ez.f32__c0059__dt-f32/chunk_0,1000000,35,spratio,primary,0.201440006,-1,1.92365999,2.38181701,1
fields/00060__plt00060__fab0000_comp02_ez.f32__c0003__dt-f32/chunk_0,1000000,35,spratio,primary,0.244000003,-1,1.84450385,2.517947,1
fields/00060__plt00060__fab0000_comp02_ez.f32__c0019__dt-f32/chunk_0,1000000,35,spratio,primary,0.331743985,-1,1.86895369,2.57594299,1
fields/00060__plt00060__fab0000_comp02_ez.f32__c0015__dt-f32/chunk_0,1000000,35,spratio,primary,0.239040002,-1,1.67368734,2.745066,1
fields/00060__plt00060__fab0000_comp02_ez.f32__c0007__dt-f32/chunk_0,1000000,35,spratio,primary,0.618431985,-1,1.67567326,3.12148799,1
fields/00060__plt00060__fab0000_comp02_ez.f32__c0023__dt-f32/chunk_0,1000000,35,spratio,primary,0.232224002,-1,1.67092694,2.74239,1
fields/00060__plt00060__fab0000_comp02_ez.f32__c0011__dt-f32/chunk_0,1000000,35,spratio,primary,0.866047978,-1,1.85622512,3.12563598,1
fields/00060__plt00060__fab0000_comp02_ez.f32__c0035__dt-f32/chunk_0,1000000,35,spratio,primary,0.0978880003,-1,1.82681133,2.393858,1
fields/00060__plt00060__fab0000_comp02_ez.f32__c0027__dt-f32/chunk_0,1000000,35,spratio,primary,0.400095999,-1,1.82151965,2.702736,1
fields/00060__plt00060__fab0000_comp02_ez.f32__c0043__dt-f32/chunk_0,1000000,35,spratio,primary,0.371360004,-1,1.9011699,2.57753,1
fields/00060__plt00060__fab0000_comp02_ez.f32__c0031__dt-f32/chunk_0,1000000,36,spratio shuffle=bit,primary,0.337983996,-1,1.11412321,4.102652,1
fields/00060__plt00060__fab0000_comp02_ez.f32__c0039__dt-f32/chunk_0,1000000,35,spratio,primary,0.227167994,-1,1.66664441,2.74378399,1
fields/00060__plt00060__fab0000_comp02_ez.f32__c0055__dt-f32/chunk_0,1000000,35,spratio,primary,0.64518398,-1,1.66336015,3.16676898,1
fields/00060__plt00060__fab0000_comp02_ez.f32__c0051__dt-f32/chunk_0,1000000,35,spratio,primary,0.26454401,-1,1.91158402,2.45869501,1
fields/00060__plt00060__fab0000_comp02_ez.f32__c0047__dt-f32/chunk_0,1000000,35,spratio,primary,0.272383988,-1,1.66467719,2.79197399,1
fields/00061__plt00061__fab0000_comp02_ez.f32__c0007__dt-f32/chunk_0,1000000,35,spratio,primary,0.835680008,-1,1.67567326,3.33873601,1
fields/00060__plt00060__fab0000_comp02_ez.f32__c0059__dt-f32/chunk_0,1000000,35,spratio,primary,0.314815998,-1,1.92365999,2.495193,1
fields/00061__plt00061__fab0000_comp02_ez.f32__c0003__dt-f32/chunk_0,1000000,35,spratio,primary,0.383103997,-1,1.84450385,2.657051,1
fields/00061__plt00061__fab0000_comp02_ez.f32__c0015__dt-f32/chunk_0,1000000,35,spratio,primary,0.0798719972,-1,1.67368734,2.585898,1
fields/00061__plt00061__fab0000_comp02_ez.f32__c0011__dt-f32/chunk_0,1000000,35,spratio,primary,0.609023988,-1,1.85622512,2.86861199,1
fields/00060__plt00060__fab0000_comp02_ez.f32__c0063__dt-f32/chunk_0,1000000,2,ans shuffle=byte,primary,2.05203199,-1,5.00367912,2.89027599,1
fields/00061__plt00061__fab0000_comp02_ez.f32__c0019__dt-f32/chunk_0,1000000,35,spratio,primary,0.327039987,-1,1.86895369,2.57123899,1
fields/00061__plt00061__fab0000_comp02_ez.f32__c0027__dt-f32/chunk_0,1000000,35,spratio,primary,0.620832026,-1,1.82154575,2.92343903,1
fields/00061__plt00061__fab0000_comp02_ez.f32__c0023__dt-f32/chunk_0,1000000,35,spratio,primary,0.538399994,-1,1.67092694,3.04856599,1
fields/00061__plt00061__fab0000_comp02_ez.f32__c0031__dt-f32/chunk_0,1000000,36,spratio shuffle=bit,primary,0.598111987,-1,1.11437334,4.36193499,1
fields/00061__plt00061__fab0000_comp02_ez.f32__c0051__dt-f32/chunk_0,1000000,35,spratio,primary,0.559264004,-1,1.91158402,2.753415,1
fields/00061__plt00061__fab0000_comp02_ez.f32__c0047__dt-f32/chunk_0,1000000,35,spratio,primary,0.879263997,-1,1.66467719,3.398854,1
fields/00061__plt00061__fab0000_comp02_ez.f32__c0035__dt-f32/chunk_0,1000000,35,spratio,primary,0.382016003,-1,1.82651857,2.678354,1
fields/00061__plt00061__fab0000_comp02_ez.f32__c0043__dt-f32/chunk_0,1000000,35,spratio,primary,1.18585598,-1,1.9011699,3.39202598,1
fields/00061__plt00061__fab0000_comp02_ez.f32__c0039__dt-f32/chunk_0,1000000,35,spratio,primary,0.237696007,-1,1.66627761,2.75486601,1
fields/00061__plt00061__fab0000_comp02_ez.f32__c0063__dt-f32/chunk_0,1000000,2,ans shuffle=byte,primary,1.34044802,-1,5.00367912,2.17869202,1
fields/00061__plt00061__fab0000_comp02_ez.f32__c0055__dt-f32/chunk_0,1000000,35,spratio,primary,0.575712025,-1,1.66336015,3.09729703,1
fields/00062__plt00062__fab0000_comp02_ez.f32__c0003__dt-f32/chunk_0,1000000,35,spratio,primary,0.684895992,-1,1.84450385,2.95884299,1
fields/00061__plt00061__fab0000_comp02_ez.f32__c0059__dt-f32/chunk_0,1000000,35,spratio,primary,0.265632004,-1,1.92365999,2.446009,1
fields/00062__plt00062__fab0000_comp02_ez.f32__c0007__dt-f32/chunk_0,1000000,35,spratio,primary,0.303039998,-1,1.67567326,2.806096,1
fields/00062__plt00062__fab0000_comp02_ez.f32__c0015__dt-f32/chunk_0,1000000,35,spratio,primary,0.226016,-1,1.67368734,2.732042,1
fields/00062__plt00062__fab0000_comp02_ez.f32__c0019__dt-f32/chunk_0,1000000,35,spratio,primary,0.236159995,-1,1.86895369,2.480359,1
fields/00062__plt00062__fab0000_comp02_ez.f32__c0027__dt-f32/chunk_0,1000000,35,spratio,primary,0.348096013,-1,1.82174829,2.65044701,1
fields/00062__plt00062__fab0000_comp02_ez.f32__c0011__dt-f32/chunk_0,1000000,35,spratio,primary,0.160768002,-1,1.85622512,2.420356,1
fields/00062__plt00062__fab0000_comp02_ez.f32__c0023__dt-f32/chunk_0,1000000,35,spratio,primary,1.09606397,-1,1.67092694,3.60622997,1
fields/00062__plt00062__fab0000_comp02_ez.f32__c0039__dt-f32/chunk_0,1000000,35,spratio,primary,0.58188802,-1,1.66509485,3.10084602,1
fields/00062__plt00062__fab0000_comp02_ez.f32__c0043__dt-f32/chunk_0,1000000,35,spratio,primary,0.629216015,-1,1.9011699,2.83538602,1
fields/00062__plt00062__fab0000_comp02_ez.f32__c0031__dt-f32/chunk_0,1000000,36,spratio shuffle=bit,primary,0.297856003,-1,1.11389923,4.063281,1
fields/00062__plt00062__fab0000_comp02_ez.f32__c0035__dt-f32/chunk_0,1000000,35,spratio,primary,0.238527998,-1,1.82639131,2.535026,1
fields/00062__plt00062__fab0000_comp02_ez.f32__c0047__dt-f32/chunk_0,1000000,35,spratio,primary,0.090016,-1,1.66467719,2.609606,1
fields/00063__plt00063__fab0000_comp02_ez.f32__c0007__dt-f32/chunk_0,1000000,29,ndzip,primary,0.126975998,-1,1.54861654,2.835396,1
fields/00063__plt00063__fab0000_comp02_ez.f32__c0003__dt-f32/chunk_0,1000000,35,spratio,primary,0.535040021,-1,1.84450385,2.80898702,1
fields/00062__plt00062__fab0000_comp02_ez.f32__c0059__dt-f32/chunk_0,1000000,35,spratio,primary,0.649824023,-1,1.92365999,2.83020102,1
fields/00062__plt00062__fab0000_comp02_ez.f32__c0051__dt-f32/chunk_0,1000000,35,spratio,primary,0.264800012,-1,1.91158402,2.45895101,1
fields/00062__plt00062__fab0000_comp02_ez.f32__c0063__dt-f32/chunk_0,1000000,2,ans shuffle=byte,primary,1.93660796,-1,5.00367912,2.77485196,1
fields/00062__plt00062__fab0000_comp02_ez.f32__c0055__dt-f32/chunk_0,1000000,35,spratio,primary,0.457536012,-1,1.66336015,2.97912101,1
fields/00063__plt00063__fab0000_comp02_ez.f32__c0011__dt-f32/chunk_0,1000000,35,spratio,primary,0.236031994,-1,1.85622512,2.49561999,1
fields/00063__plt00063__fab0000_comp02_ez.f32__c0019__dt-f32/chunk_0,1000000,35,spratio,primary,0.609184027,-1,1.86895369,2.85338303,1
fields/00063__plt00063__fab0000_comp02_ez.f32__c0015__dt-f32/chunk_0,1000000,35,spratio,primary,0.250719994,-1,1.67368734,2.75674599,1
fields/00063__plt00063__fab0000_comp02_ez.f32__c0039__dt-f32/chunk_0,1000000,35,spratio,primary,0.229791999,-1,1.66200963,2.753426,1
fields/00063__plt00063__fab0000_comp02_ez.f32__c0023__dt-f32/chunk_0,1000000,35,spratio,primary,0.255968004,-1,1.67092694,2.766134,1
fields/00063__plt00063__fab0000_comp02_ez.f32__c0027__dt-f32/chunk_0,1000000,35,spratio,primary,0.272255987,-1,1.82117718,2.57532899,1
fields/00063__plt00063__fab0000_comp02_ez.f32__c0043__dt-f32/chunk_0,1000000,35,spratio,primary,0.386911988,-1,1.9011699,2.59308199,1
fields/00063__plt00063__fab0000_comp02_ez.f32__c0055__dt-f32/chunk_0,1000000,35,spratio,primary,0.360736012,-1,1.66336015,2.88232101,1
fields/00063__plt00063__fab0000_comp02_ez.f32__c0047__dt-f32/chunk_0,1000000,35,spratio,primary,0.816223979,-1,1.66467719,3.33581398,1
fields/00063__plt00063__fab0000_comp02_ez.f32__c0031__dt-f32/chunk_0,1000000,36,spratio shuffle=bit,primary,0.116351999,-1,1.11391816,3.881713,1
fields/00063__plt00063__fab0000_comp02_ez.f32__c0051__dt-f32/chunk_0,1000000,35,spratio,primary,0.521408021,-1,1.91158402,2.71555902,1
fields/00063__plt00063__fab0000_comp02_ez.f32__c0059__dt-f32/chunk_0,1000000,35,spratio,primary,0.231999993,-1,1.92365999,2.41237699,1
fields/00063__plt00063__fab0000_comp02_ez.f32__c0035__dt-f32/chunk_0,1000000,35,spratio,primary,0.225984007,-1,1.82540806,2.52371901,1
fields/00064__plt00064__fab0000_comp02_ez.f32__c0003__dt-f32/chunk_0,1000000,35,spratio,primary,0.324896008,-1,1.84450385,2.59884301,1
fields/00063__plt00063__fab0000_comp02_ez.f32__c0063__dt-f32/chunk_0,1000000,2,ans shuffle=byte,primary,1.08703995,-1,5.00367912,1.92528395,1
fields/00064__plt00064__fab0000_comp02_ez.f32__c0019__dt-f32/chunk_0,1000000,35,spratio,primary,0.722464025,-1,1.86895369,2.96666303,1
fields/00064__plt00064__fab0000_comp02_ez.f32__c0031__dt-f32/chunk_0,1000000,29,ndzip,primary,0.0706560016,-1,1.09742916,3.892592,1
fields/00064__plt00064__fab0000_comp02_ez.f32__c0023__dt-f32/chunk_0,1000000,29,ndzip,primary,0.074752003,-1,1.54519345,2.789172,1
fields/00064__plt00064__fab0000_comp02_ez.f32__c0007__dt-f32/chunk_0,1000000,35,spratio,primary,0.245664001,-1,1.67567326,2.74872,1
fields/00064__plt00064__fab0000_comp02_ez.f32__c0027__dt-f32/chunk_0,1000000,35,spratio,primary,0.644832015,-1,1.82116374,2.94792202,1
fields/00064__plt00064__fab0000_comp02_ez.f32__c0011__dt-f32/chunk_0,1000000,35,spratio,primary,0.598559976,-1,1.85622512,2.85814798,1
fields/00064__plt00064__fab0000_comp02_ez.f32__c0015__dt-f32/chunk_0,1000000,35,spratio,primary,1.16828799,-1,1.67368734,3.67431399,1
fields/00064__plt00064__fab0000_comp02_ez.f32__c0039__dt-f32/chunk_0,1000000,35,spratio,primary,0.263424009,-1,1.65779949,2.79346701,1
fields/00064__plt00064__fab0000_comp02_ez.f32__c0035__dt-f32/chunk_0,1000000,35,spratio,primary,0.490368009,-1,1.82532942,2.78820201,1
fields/00064__plt00064__fab0000_comp02_ez.f32__c0043__dt-f32/chunk_0,1000000,35,spratio,primary,0.784672022,-1,1.9011699,2.99084202,1
fields/00064__plt00064__fab0000_comp02_ez.f32__c0051__dt-f32/chunk_0,1000000,35,spratio,primary,0.322943985,-1,1.91158402,2.51709499,1
fields/00064__plt00064__fab0000_comp02_ez.f32__c0055__dt-f32/chunk_0,1000000,29,ndzip,primary,0.113664001,-1,1.53911731,2.8388,1
fields/00064__plt00064__fab0000_comp02_ez.f32__c0047__dt-f32/chunk_0,1000000,35,spratio,primary,0.212543994,-1,1.66467719,2.73213399,1
fields/00064__plt00064__fab0000_comp02_ez.f32__c0059__dt-f32/chunk_0,1000000,35,spratio,primary,0.551648021,-1,1.92365999,2.73202502,1
fields/00065__plt00065__fab0000_comp02_ez.f32__c0003__dt-f32/chunk_0,1000000,35,spratio,primary,0.550592005,-1,1.84450385,2.82453901,1
fields/00065__plt00065__fab0000_comp02_ez.f32__c0011__dt-f32/chunk_0,1000000,35,spratio,primary,0.234623998,-1,1.85622512,2.494212,1
fields/00064__plt00064__fab0000_comp02_ez.f32__c0063__dt-f32/chunk_0,1000000,2,ans shuffle=byte,primary,0.875711977,-1,5.00367912,1.71395598,1
fields/00065__plt00065__fab0000_comp02_ez.f32__c0015__dt-f32/chunk_0,1000000,35,spratio,primary,0.413664013,-1,1.67368734,2.91969001,1
fields/00065__plt00065__fab0000_comp02_ez.f32__c0019__dt-f32/chunk_0,1000000,35,spratio,primary,0.510303974,-1,1.86895369,2.75450297,1
fields/00065__plt00065__fab0000_comp02_ez.f32__c0007__dt-f32/chunk_0,1000000,35,spratio,primary,0.622272015,-1,1.67567326,3.12532801,1
fields/00065__plt00065__fab0000_comp02_ez.f32__c0023__dt-f32/chunk_0,1000000,35,spratio,primary,0.856000006,-1,1.67092694,3.36616601,1
fields/00065__plt00065__fab0000_comp02_ez.f32__c0031__dt-f32/chunk_0,1000000,36,spratio shuffle=bit,primary,0.305920005,-1,1.11393917,4.07121,1
fields/00065__plt00065__fab0000_comp02_ez.f32__c0035__dt-f32/chunk_0,1000000,35,spratio,primary,0.371872008,-1,1.82534451,2.66968701,1
fields/00065__plt00065__fab0000_comp02_ez.f32__c0039__dt-f32/chunk_0,1000000,35,spratio,primary,0.222304001,-1,1.65379972,2.758466,1
fields/00065__plt00065__fab0000_comp02_ez.f32__c0027__dt-f32/chunk_0,1000000,35,spratio,primary,0.275168002,-1,1.82134326,2.578031,1
fields/00065__plt00065__fab0000_comp02_ez.f32__c0047__dt-f32/chunk_0,1000000,35,spratio,primary,0.250176013,-1,1.66467719,2.76976601,1
fields/00065__plt00065__fab0000_comp02_ez.f32__c0055__dt-f32/chunk_0,1000000,35,spratio,primary,0.822687984,-1,1.66336015,3.34427298,1
fields/00065__plt00065__fab0000_comp02_ez.f32__c0043__dt-f32/chunk_0,1000000,35,spratio,primary,0.341632009,-1,1.9011699,2.54780201,1
fields/00065__plt00065__fab0000_comp02_ez.f32__c0059__dt-f32/chunk_0,1000000,35,spratio,primary,0.27334401,-1,1.92365999,2.45372101,1
fields/00065__plt00065__fab0000_comp02_ez.f32__c0051__dt-f32/chunk_0,1000000,35,spratio,primary,0.806079984,-1,1.91158402,3.00023098,1
fields/00066__plt00066__fab0000_comp02_ez.f32__c0003__dt-f32/chunk_0,1000000,35,spratio,primary,0.647008002,-1,1.84450385,2.920955,1
fields/00065__plt00065__fab0000_comp02_ez.f32__c0063__dt-f32/chunk_0,1000000,2,ans shuffle=byte,primary,1.42230403,-1,5.00367912,2.26054803,1
fields/00066__plt00066__fab0000_comp02_ez.f32__c0007__dt-f32/chunk_0,1000000,35,spratio,primary,0.421824008,-1,1.67567326,2.92488001,1
fields/00066__plt00066__fab0000_comp02_ez.f32__c0015__dt-f32/chunk_0,1000000,35,spratio,primary,0.646655977,-1,1.67368734,3.15268198,1
fields/00066__plt00066__fab0000_comp02_ez.f32__c0027__dt-f32/chunk_0,1000000,35,spratio,primary,0.309760004,-1,1.82090125,2.613182,1
fields/00066__plt00066__fab0000_comp02_ez.f32__c0011__dt-f32/chunk_0,1000000,35,spratio,primary,0.594048023,-1,1.85622512,2.85363602,1
fields/00066__plt00066__fab0000_comp02_ez.f32__c0023__dt-f32/chunk_0,1000000,35,spratio,primary,0.844063997,-1,1.67092694,3.35423,1
fields/00066__plt00066__fab0000_comp02_ez.f32__c0019__dt-f32/chunk_0,1000000,35,spratio,primary,0.267071992,-1,1.86895369,2.51127099,1
fields/00066__plt00066__fab0000_comp02_ez.f32__c0043__dt-f32/chunk_0,1000000,35,spratio,primary,0.423999995,-1,1.9011699,2.63016999,1
fields/00066__plt00066__fab0000_comp02_ez.f32__c0031__dt-f32/chunk_0,1000000,29,ndzip,primary,0.141312003,-1,1.09764283,3.962504,1
fields/00066__plt00066__fab0000_comp02_ez.f32__c0035__dt-f32/chunk_0,1000000,35,spratio,primary,0.98496002,-1,1.82469573,3.28359202,1
fields/00066__plt00066__fab0000_comp02_ez.f32__c0047__dt-f32/chunk_0,1000000,35,spratio,primary,0.615647972,-1,1.66467719,3.13523797,1
fields/00066__plt00066__fab0000_comp02_ez.f32__c0039__dt-f32/chunk_0,1000000,35,spratio,primary,0.472032011,-1,1.65056128,3.01317001,1
fields/00066__plt00066__fab0000_comp02_ez.f32__c0055__dt-f32/chunk_0,1000000,35,spratio,primary,1.08921599,-1,1.66336015,3.61080099,1
fields/00066__plt00066__fab0000_comp02_ez.f32__c0051__dt-f32/chunk_0,1000000,35,spratio,primary,0.827455997,-1,1.91158402,3.021607,1
fields/00066__plt00066__fab0000_comp02_ez.f32__c0059__dt-f32/chunk_0,1000000,35,spratio,primary,0.541855991,-1,1.92365999,2.72223299,1
fields/00066__plt00066__fab0000_comp02_ez.f32__c0063__dt-f32/chunk_0,1000000,2,ans shuffle=byte,primary,0.605055988,-1,5.00367912,1.44329999,1
fields/00067__plt00067__fab0000_comp02_ez.f32__c0003__dt-f32/chunk_0,1000000,35,spratio,primary,0.670975983,-1,1.84450385,2.94492298,1
fields/00067__plt00067__fab0000_comp02_ez.f32__c0007__dt-f32/chunk_0,1000000,35,spratio,primary,1.24934399,-1,1.67567326,3.75239999,1
fields/00067__plt00067__fab0000_comp02_ez.f32__c0015__dt-f32/chunk_0,1000000,35,spratio,primary,0.284767985,-1,1.67368734,2.79079399,1
fields/00067__plt00067__fab0000_comp02_ez.f32__c0011__dt-f32/chunk_0,1000000,35,spratio,primary,0.525792003,-1,1.85622512,2.78538,1
fields/00067__plt00067__fab0000_comp02_ez.f32__c0019__dt-f32/chunk_0,1000000,35,spratio,primary,0.372608006,-1,1.86895369,2.61680701,1
fields/00067__plt00067__fab0000_comp02_ez.f32__c0035__dt-f32/chunk_0,1000000,35,spratio,primary,0.547712028,-1,1.82472352,2.84630903,1
fields/00067__plt00067__fab0000_comp02_ez.f32__c0023__dt-f32/chunk_0,1000000,35,spratio,primary,0.309632003,-1,1.67092694,2.819798,1
fields/00067__plt00067__fab0000_comp02_ez.f32__c0027__dt-f32/chunk_0,1000000,35,spratio,primary,0.760415971,-1,1.82090995,3.06382697,1
fields/00067__plt00067__fab0000_comp02_ez.f32__c0039__dt-f32/chunk_0,1000000,35,spratio,primary,0.425792009,-1,1.64678057,2.97276401,1
fields/00067__plt00067__fab0000_comp02_ez.f32__c0031__dt-f32/chunk_0,1000000,2,ans shuffle=byte,primary,1.66249597,-1,1.13076327,5.37176397,1
fields/00067__plt00067__fab0000_comp02_ez.f32__c0043__dt-f32/chunk_0,1000000,35,spratio,primary,0.56201601,-1,1.9011699,2.76818601,1
fields/00067__plt00067__fab0000_comp02_ez.f32__c0051__dt-f32/chunk_0,1000000,35,spratio,primary,0.25574401,-1,1.91158402,2.44989501,1
fields/00067__plt00067__fab0000_comp02_ez.f32__c0063__dt-f32/chunk_0,1000000,2,ans shuffle=byte,primary,3.12563205,-1,5.00367912,3.96387605,1
fields/00067__plt00067__fab0000_comp02_ez.f32__c0047__dt-f32/chunk_0,1000000,35,spratio,primary,1.03433597,-1,1.66467719,3.55392597,1
fields/00067__plt00067__fab0000_comp02_ez.f32__c0059__dt-f32/chunk_0,1000000,35,spratio,primary,1.75436795,-1,1.92365999,3.93474495,1
fields/00067__plt00067__fab0000_comp02_ez.f32__c0055__dt-f32/chunk_0,1000000,35,spratio,primary,0.530112028,-1,1.66336015,3.05169703,1
fields/00068__plt00068__fab0000_comp02_ez.f32__c0011__dt-f32/chunk_0,1000000,35,spratio,primary,0.413984001,-1,1.85622512,2.673572,1
fields/00068__plt00068__fab0000_comp02_ez.f32__c0007__dt-f32/chunk_0,1000000,35,spratio,primary,0.371616006,-1,1.67567326,2.87467201,1
fields/00068__plt00068__fab0000_comp02_ez.f32__c0003__dt-f32/chunk_0,1000000,35,spratio,primary,0.375551999,-1,1.84450385,2.649499,1
fields/00068__plt00068__fab0000_comp02_ez.f32__c0015__dt-f32/chunk_0,1000000,35,spratio,primary,0.317791998,-1,1.67368734,2.823818,1
fields/00068__plt00068__fab0000_comp02_ez.f32__c0019__dt-f32/chunk_0,1000000,35,spratio,primary,0.390399992,-1,1.86895369,2.63459899,1
fields/00068__plt00068__fab0000_comp02_ez.f32__c0023__dt-f32/chunk_0,1000000,35,spratio,primary,0.298240006,-1,1.67092694,2.80840601,1
fields/00068__plt00068__fab0000_comp02_ez.f32__c0027__dt-f32/chunk_0,1000000,35,spratio,primary,0.476415992,-1,1.82030855,2.78058799,1
fields/00068__plt00068__fab0000_comp02_ez.f32__c0035__dt-f32/chunk_0,1000000,35,spratio,primary,0.297472,-1,1.82456159,2.596273,1
fields/00068__plt00068__fab0000_comp02_ez.f32__c0031__dt-f32/chunk_0,1000000,36,spratio shuffle=bit,primary,0.393471986,-1,1.11410545,4.15819999,1
fields/00068__plt00068__fab0000_comp02_ez.f32__c0043__dt-f32/chunk_0,1000000,35,spratio,primary,0.288735986,-1,1.9011699,2.49490599,1
fields/00068__plt00068__fab0000_comp02_ez.f32__c0039__dt-f32/chunk_0,1000000,35,spratio,primary,0.567359984,-1,1.64207478,3.12163098,1
fields/00068__plt00068__fab0000_comp02_ez.f32__c0051__dt-f32/chunk_0,1000000,35,spratio,primary,0.111167997,-1,1.91158402,2.305319,1
fields/00068__plt00068__fab0000_comp02_ez.f32__c0059__dt-f32/chunk_0,1000000,35,spratio,primary,0.496032,-1,1.92365999,2.676409,1
fields/00068__plt00068__fab0000_comp02_ez.f32__c0047__dt-f32/chunk_0,1000000,35,spratio,primary,0.25206399,-1,1.66467719,2.77165399,1
fields/00068__plt00068__fab0000_comp02_ez.f32__c0055__dt-f32/chunk_0,1000000,35,spratio,primary,0.393119991,-1,1.66336015,2.91470499,1
fields/00069__plt00069__fab0000_comp02_ez.f32__c0003__dt-f32/chunk_0,1000000,35,spratio,primary,1.26649594,-1,1.84450385,3.54044294,1
fields/00069__plt00069__fab0000_comp02_ez.f32__c0011__dt-f32/chunk_0,1000000,35,spratio,primary,0.245248005,-1,1.85622512,2.504836,1
fields/00068__plt00068__fab0000_comp02_ez.f32__c0063__dt-f32/chunk_0,1000000,2,ans shuffle=byte,primary,2.1714561,-1,5.00367912,3.0097001,1
fields/00069__plt00069__fab0000_comp02_ez.f32__c0007__dt-f32/chunk_0,1000000,35,spratio,primary,0.0747840032,-1,1.67567326,2.57784,1
fields/00069__plt00069__fab0000_comp02_ez.f32__c0027__dt-f32/chunk_0,1000000,35,spratio,primary,0.303263992,-1,1.82047842,2.60722099,1
fields/00069__plt00069__fab0000_comp02_ez.f32__c0015__dt-f32/chunk_0,1000000,35,spratio,primary,0.305887997,-1,1.67368734,2.811914,1
fields/00069__plt00069__fab0000_comp02_ez.f32__c0023__dt-f32/chunk_0,1000000,35,spratio,primary,0.919040024,-1,1.67092561,3.42920802,1
fields/00069__plt00069__fab0000_comp02_ez.f32__c0031__dt-f32/chunk_0,1000000,4,bitcomp algo=1 shuffle=bit type=char,primary,1.20643198,-1,1.13853878,4.89036798,1
fields/00069__plt00069__fab0000_comp02_ez.f32__c0019__dt-f32/chunk_0,1000000,35,spratio,primary,0.556384027,-1,1.86895369,2.80058303,1
fields/00069__plt00069__fab0000_comp02_ez.f32__c0047__dt-f32/chunk_0,1000000,35,spratio,primary,0.563455999,-1,1.66467719,3.083046,1
fields/00069__plt00069__fab0000_comp02_ez.f32__c0039__dt-f32/chunk_0,1000000,35,spratio,primary,0.683712006,-1,1.6380839,3.24420601,1
fields/00069__plt00069__fab0000_comp02_ez.f32__c0035__dt-f32/chunk_0,1000000,35,spratio,primary,1.26281595,-1,1.82396254,3.56237195,1
fields/00069__plt00069__fab0000_comp02_ez.f32__c0043__dt-f32/chunk_0,1000000,35,spratio,primary,0.56556797,-1,1.9011699,2.77173797,1
fields/00069__plt00069__fab0000_comp02_ez.f32__c0063__dt-f32/chunk_0,1000000,2,ans shuffle=byte,primary,0.750880003,-1,5.00367912,1.589124,1
fields/00069__plt00069__fab0000_comp02_ez.f32__c0059__dt-f32/chunk_0,1000000,35,spratio,primary,0.0871360004,-1,1.92365999,2.267513,1
fields/00069__plt00069__fab0000_comp02_ez.f32__c0055__dt-f32/chunk_0,1000000,35,spratio,primary,0.235392004,-1,1.66336015,2.756977,1
fields/00069__plt00069__fab0000_comp02_ez.f32__c0051__dt-f32/chunk_0,1000000,35,spratio,primary,0.794336021,-1,1.91158402,2.98848702,1
fields/00070__plt00070__fab0000_comp02_ez.f32__c0015__dt-f32/chunk_0,1000000,35,spratio,primary,0.276863992,-1,1.67368734,2.78288999,1
fields/00070__plt00070__fab0000_comp02_ez.f32__c0003__dt-f32/chunk_0,1000000,35,spratio,primary,0.237760007,-1,1.84450385,2.51170701,1
fields/00070__plt00070__fab0000_comp02_ez.f32__c0007__dt-f32/chunk_0,1000000,35,spratio,primary,0.517503977,-1,1.67567326,3.02055998,1
fields/00070__plt00070__fab0000_comp02_ez.f32__c0019__dt-f32/chunk_0,1000000,35,spratio,primary,0.4472,-1,1.86895369,2.691399,1
fields/00070__plt00070__fab0000_comp02_ez.f32__c0011__dt-f32/chunk_0,1000000,35,spratio,primary,0.542016029,-1,1.85622512,2.80160403,1
fields/00070__plt00070__fab0000_comp02_ez.f32__c0027__dt-f32/chunk_0,1000000,35,spratio,primary,0.705600023,-1,1.82018453,3.00992902,1
fields/00070__plt00070__fab0000_comp02_ez.f32__c0023__dt-f32/chunk_0,1000000,35,spratio,primary,0.369632006,-1,1.67090764,2.87982701,1
fields/00070__plt00070__fab0000_comp02_ez.f32__c0031__dt-f32/chunk_0,1000000,36,spratio shuffle=bit,primary,0.685184002,-1,1.11407113,4.450028,1
fields/00070__plt00070__fab0000_comp02_ez.f32__c0039__dt-f32/chunk_0,1000000,35,spratio,primary,0.684895992,-1,1.63495255,3.25029399,1
fields/00070__plt00070__fab0000_comp02_ez.f32__c0043__dt-f32/chunk_0,1000000,35,spratio,primary,0.222944006,-1,1.9011699,2.42911401,1
fields/00070__plt00070__fab0000_comp02_ez.f32__c0035__dt-f32/chunk_0,1000000,35,spratio,primary,1.48675203,-1,1.82366911,3.78667803,1
fields/00070__plt00070__fab0000_comp02_ez.f32__c0047__dt-f32/chunk_0,1000000,35,spratio,primary,0.49446401,-1,1.66467719,3.01405401,1
fields/00070__plt00070__fab0000_comp02_ez.f32__c0051__dt-f32/chunk_0,1000000,35,spratio,primary,0.281055987,-1,1.91158402,2.47520699,1
fields/00070__plt00070__fab0000_comp02_ez.f32__c0063__dt-f32/chunk_0,1000000,2,ans shuffle=byte,primary,0.927807987,-1,5.00367912,1.76605199,1
fields/00070__plt00070__fab0000_comp02_ez.f32__c0059__dt-f32/chunk_0,1000000,35,spratio,primary,0.121183999,-1,1.92365999,2.301561,1
fields/00070__plt00070__fab0000_comp02_ez.f32__c0055__dt-f32/chunk_0,1000000,35,spratio,primary,1.18729603,-1,1.66336015,3.70888103,1
fields/00071__plt00071__fab0000_comp02_ez.f32__c0007__dt-f32/chunk_0,1000000,35,spratio,primary,0.247999996,-1,1.67567326,2.751056,1
fields/00071__plt00071__fab0000_comp02_ez.f32__c0011__dt-f32/chunk_0,1000000,35,spratio,primary,0.192000002,-1,1.85622512,2.451588,1
fields/00071__plt00071__fab0000_comp02_ez.f32__c0003__dt-f32/chunk_0,1000000,35,spratio,primary,0.218239993,-1,1.84450385,2.49218699,1
fields/00071__plt00071__fab0000_comp02_ez.f32__c0015__dt-f32/chunk_0,1000000,35,spratio,primary,0.509728014,-1,1.67368734,3.01575401,1
fields/00071__plt00071__fab0000_comp02_ez.f32__c0023__dt-f32/chunk_0,1000000,35,spratio,primary,0.392479986,-1,1.67078184,2.90286399,1
fields/00071__plt00071__fab0000_comp02_ez.f32__c0019__dt-f32/chunk_0,1000000,35,spratio,primary,1.28918397,-1,1.86895369,3.53338297,1
fields/00071__plt00071__fab0000_comp02_ez.f32__c0027__dt-f32/chunk_0,1000000,35,spratio,primary,0.287328005,-1,1.81972335,2.592241,1
fields/00071__plt00071__fab0000_comp02_ez.f32__c0031__dt-f32/chunk_0,1000000,29,ndzip,primary,0.0757760033,-1,1.09755321,3.89728,1
fields/00071__plt00071__fab0000_comp02_ez.f32__c0043__dt-f32/chunk_0,1000000,35,spratio,primary,0.219584003,-1,1.9011699,2.425754,1
fields/00071__plt00071__fab0000_comp02_ez.f32__c0039__dt-f32/chunk_0,1000000,35,spratio,primary,0.294367999,-1,1.63280509,2.86314,1
fields/00071__plt00071__fab0000_comp02_ez.f32__c0035__dt-f32/chunk_0,1000000,35,spratio,primary,0.640735984,-1,1.82339004,2.94101398,1
fields/00072__plt00072__fab0000_comp02_ez.f32__c0003__dt-f32/chunk_0,1000000,29,ndzip,primary,0.0757760033,-1,1.67723051,2.576508,1
fields/00071__plt00071__fab0000_comp02_ez.f32__c0047__dt-f32/chunk_0,1000000,35,spratio,primary,0.558687985,-1,1.66467719,3.07827798,1
fields/00071__plt00071__fab0000_comp02_ez.f32__c0055__dt-f32/chunk_0,1000000,35,spratio,primary,0.345663995,-1,1.66336015,2.86724899,1
fields/00071__plt00071__fab0000_comp02_ez.f32__c0051__dt-f32/chunk_0,1000000,35,spratio,primary,0.634015977,-1,1.91158402,2.82816698,1
fields/00071__plt00071__fab0000_comp02_ez.f32__c0059__dt-f32/chunk_0,1000000,35,spratio,primary,1.03065598,-1,1.92365999,3.21103298,1
fields/00071__plt00071__fab0000_comp02_ez.f32__c0063__dt-f32/chunk_0,1000000,2,ans shuffle=byte,primary,1.78374398,-1,5.00367912,2.62198798,1
fields/00072__plt00072__fab0000_comp02_ez.f32__c0007__dt-f32/chunk_0,1000000,35,spratio,primary,1.439744,-1,1.67567326,3.9428,1
fields/00072__plt00072__fab0000_comp02_ez.f32__c0011__dt-f32/chunk_0,1000000,35,spratio,primary,0.456992,-1,1.85622512,2.71658,1
fields/00072__plt00072__fab0000_comp02_ez.f32__c0023__dt-f32/chunk_0,1000000,35,spratio,primary,0.176159993,-1,1.67040523,2.68710999,1
fields/00072__plt00072__fab0000_comp02_ez.f32__c0019__dt-f32/chunk_0,1000000,35,spratio,primary,0.167296007,-1,1.86895369,2.41149501,1
fields/00072__plt00072__fab0000_comp02_ez.f32__c0015__dt-f32/chunk_0,1000000,35,spratio,primary,0.373695999,-1,1.67368734,2.879722,1
fields/00072__plt00072__fab0000_comp02_ez.f32__c0027__dt-f32/chunk_0,1000000,35,spratio,primary,0.555392027,-1,1.8195481,2.86052703,1
fields/00072__plt00072__fab0000_comp02_ez.f32__c0031__dt-f32/chunk_0,1000000,36,spratio shuffle=bit,primary,1.066944,-1,1.11395485,4.832181,1
fields/00072__plt00072__fab0000_comp02_ez.f32__c0035__dt-f32/chunk_0,1000000,35,spratio,primary,0.373632014,-1,1.82326401,2.67406901,1
fields/00072__plt00072__fab0000_comp02_ez.f32__c0043__dt-f32/chunk_0,1000000,35,spratio,primary,0.715135992,-1,1.9011699,2.92130599,1
fields/00072__plt00072__fab0000_comp02_ez.f32__c0051__dt-f32/chunk_0,1000000,35,spratio,primary,0.370624006,-1,1.91158402,2.56477501,1
fields/00072__plt00072__fab0000_comp02_ez.f32__c0039__dt-f32/chunk_0,1000000,35,spratio,primary,0.106207997,-1,1.63127908,2.677383,1
fields/00072__plt00072__fab0000_comp02_ez.f32__c0047__dt-f32/chunk_0,1000000,35,spratio,primary,0.484640002,-1,1.66467719,3.00423,1
fields/00072__plt00072__fab0000_comp02_ez.f32__c0063__dt-f32/chunk_0,1000000,2,ans shuffle=byte,primary,1.32832003,-1,5.00367912,2.16656403,1
fields/00072__plt00072__fab0000_comp02_ez.f32__c0055__dt-f32/chunk_0,1000000,29,ndzip,primary,0.0768000036,-1,1.53911731,2.801936,1
fields/00073__plt00073__fab0000_comp02_ez.f32__c0003__dt-f32/chunk_0,1000000,35,spratio,primary,0.95104003,-1,1.84450385,3.22498703,1
fields/00073__plt00073__fab0000_comp02_ez.f32__c0007__dt-f32/chunk_0,1000000,35,spratio,primary,0.338016003,-1,1.67567326,2.841072,1
fields/00072__plt00072__fab0000_comp02_ez.f32__c0059__dt-f32/chunk_0,1000000,35,spratio,primary,0.218015999,-1,1.92365999,2.398393,1
fields/00073__plt00073__fab0000_comp02_ez.f32__c0015__dt-f32/chunk_0,1000000,35,spratio,primary,1.15638399,-1,1.67368734,3.66240999,1
fields/00073__plt00073__fab0000_comp02_ez.f32__c0011__dt-f32/chunk_0,1000000,35,spratio,primary,0.595936,-1,1.85622512,2.855524,1
fields/00073__plt00073__fab0000_comp02_ez.f32__c0019__dt-f32/chunk_0,1000000,35,spratio,primary,0.572767973,-1,1.86895369,2.81696697,1
fields/00073__plt00073__fab0000_comp02_ez.f32__c0023__dt-f32/chunk_0,1000000,35,spratio,primary,0.530175984,-1,1.66947174,3.04252998,1
fields/00073__plt00073__fab0000_comp02_ez.f32__c0027__dt-f32/chunk_0,1000000,35,spratio,primary,0.322943985,-1,1.81900598,2.62876599,1
fields/00073__plt00073__fab0000_comp02_ez.f32__c0043__dt-f32/chunk_0,1000000,35,spratio,primary,0.233311996,-1,1.9011699,2.439482,1
fields/00073__plt00073__fab0000_comp02_ez.f32__c0031__dt-f32/chunk_0,1000000,36,spratio shuffle=bit,primary,0.523808002,-1,1.11426587,4.287994,1
fields/00073__plt00073__fab0000_comp02_ez.f32__c0039__dt-f32/chunk_0,1000000,35,spratio,primary,0.144511998,-1,1.63024305,2.717321,1
fields/00073__plt00073__fab0000_comp02_ez.f32__c0047__dt-f32/chunk_0,1000000,35,spratio,primary,0.674943984,-1,1.66467719,3.19453398,1
fields/00073__plt00073__fab0000_comp02_ez.f32__c0051__dt-f32/chunk_0,1000000,35,spratio,primary,0.656415999,-1,1.91158402,2.850567,1
fields/00073__plt00073__fab0000_comp02_ez.f32__c0035__dt-f32/chunk_0,1000000,35,spratio,primary,0.0891840011,-1,1.82322676,2.389668,1
fields/00073__plt00073__fab0000_comp02_ez.f32__c0059__dt-f32/chunk_0,1000000,35,spratio,primary,0.734784007,-1,1.92365999,2.91516101,1
fields/00073__plt00073__fab0000_comp02_ez.f32__c0055__dt-f32/chunk_0,1000000,35,spratio,primary,1.51436806,-1,1.66336015,4.03595306,1
fields/00074__plt00074__fab0000_comp02_ez.f32__c0015__dt-f32/chunk_0,1000000,35,spratio,primary,0.731007993,-1,1.67368734,3.23703399,1
fields/00074__plt00074__fab0000_comp02_ez.f32__c0003__dt-f32/chunk_0,1000000,35,spratio,primary,0.0803520009,-1,1.84450385,2.354299,1
fields/00073__plt00073__fab0000_comp02_ez.f32__c0063__dt-f32/chunk_0,1000000,2,ans shuffle=byte,primary,1.01542401,-1,5.00367912,1.85366801,1
fields/00074__plt00074__fab0000_comp02_ez.f32__c0007__dt-f32/chunk_0,1000000,35,spratio,primary,1.37020802,-1,1.67567326,3.87326402,1
fields/00074__plt00074__fab0000_comp02_ez.f32__c0011__dt-f32/chunk_0,1000000,35,spratio,primary,0.563744009,-1,1.85622512,2.82333201,1
fields/00074__plt00074__fab0000_comp02_ez.f32__c0023__dt-f32/chunk_0,1000000,35,spratio,primary,0.409056008,-1,1.66723204,2.92478501,1
fields/00074__plt00074__fab0000_comp02_ez.f32__c0035__dt-f32/chunk_0,1000000,35,spratio,primary,0.267616004,-1,1.82284801,2.568578,1
fields/00074__plt00074__fab0000_comp02_ez.f32__c0019__dt-f32/chunk_0,1000000,35,spratio,primary,0.687520027,-1,1.86895369,2.93171903,1
fields/00074__plt00074__fab0000_comp02_ez.f32__c0027__dt-f32/chunk_0,1000000,35,spratio,primary,0.247071996,-1,1.819118,2.552752,1
fields/00074__plt00074__fab0000_comp02_ez.f32__c0031__dt-f32/chunk_0,1000000,36,spratio shuffle=bit,primary,0.424863994,-1,1.11409303,4.18963399,1
fields/00074__plt00074__fab0000_comp02_ez.f32__c0047__dt-f32/chunk_0,1000000,35,spratio,primary,0.745184004,-1,1.66467719,3.264774,1
fields/00074__plt00074__fab0000_comp02_ez.f32__c0043__dt-f32/chunk_0,1000000,35,spratio,primary,0.442880005,-1,1.9011699,2.64905,1
fields/00074__plt00074__fab0000_comp02_ez.f32__c0051__dt-f32/chunk_0,1000000,35,spratio,primary,1.02185595,-1,1.91158402,3.21600695,1
fields/00074__plt00074__fab0000_comp02_ez.f32__c0059__dt-f32/chunk_0,1000000,35,spratio,primary,0.360639989,-1,1.92365999,2.54101699,1
fields/00075__plt00075__fab0000_comp02_ez.f32__c0003__dt-f32/chunk_0,1000000,35,spratio,primary,0.272000015,-1,1.84450385,2.54594701,1
fields/00074__plt00074__fab0000_comp02_ez.f32__c0039__dt-f32/chunk_0,1000000,35,spratio,primary,0.238943994,-1,1.6301119,2.81195999,1
fields/00075__plt00075__fab0000_comp02_ez.f32__c0007__dt-f32/chunk_0,1000000,35,spratio,primary,0.563903987,-1,1.67567326,3.06695999,1
fields/00074__plt00074__fab0000_comp02_ez.f32__c0055__dt-f32/chunk_0,1000000,35,spratio,primary,0.650207996,-1,1.66336015,3.171793,1
fields/00074__plt00074__fab0000_comp02_ez.f32__c0063__dt-f32/chunk_0,1000000,36,spratio shuffle=bit,primary,0.280575991,-1,3.5528931,1.46110799,1
fields/00075__plt00075__fab0000_comp02_ez.f32__c0019__dt-f32/chunk_0,1000000,35,spratio,primary,0.177855998,-1,1.86895369,2.422055,1
fields/00075__plt00075__fab0000_comp02_ez.f32__c0023__dt-f32/chunk_0,1000000,35,spratio,primary,0.240799993,-1,1.66412041,2.76123299,1
fields/00075__plt00075__fab0000_comp02_ez.f32__c0011__dt-f32/chunk_0,1000000,35,spratio,primary,0.260064006,-1,1.85622512,2.51965201,1
fields/00075__plt00075__fab0000_comp02_ez.f32__c0015__dt-f32/chunk_0,1000000,35,spratio,primary,0.0882560015,-1,1.67368734,2.594282,1
fields/00075__plt00075__fab0000_comp02_ez.f32__c0027__dt-f32/chunk_0,1000000,35,spratio,primary,0.898751974,-1,1.81844684,3.20528297,1
fields/00075__plt00075__fab0000_comp02_ez.f32__c0035__dt-f32/chunk_0,1000000,35,spratio,primary,0.270303994,-1,1.82243615,2.57178599,1
fields/00075__plt00075__fab0000_comp02_ez.f32__c0039__dt-f32/chunk_0,1000000,35,spratio,primary,0.497119993,-1,1.63025002,3.06991799,1
fields/00075__plt00075__fab0000_comp02_ez.f32__c0031__dt-f32/chunk_0,1000000,2,ans shuffle=byte,primary,1.34511995,-1,1.13086997,5.05403795,1
fields/00075__plt00075__fab0000_comp02_ez.f32__c0063__dt-f32/chunk_0,1000000,2,ans shuffle=byte,primary,0.473856002,-1,5.00367912,1.3121,1
fields/00075__plt00075__fab0000_comp02_ez.f32__c0059__dt-f32/chunk_0,1000000,35,spratio,primary,1.32716799,-1,1.92365999,3.50754499,1
fields/00075__plt00075__fab0000_comp02_ez.f32__c0043__dt-f32/chunk_0,1000000,35,spratio,primary,0.757727981,-1,1.9011699,2.96389798,1
fields/00075__plt00075__fab0000_comp02_ez.f32__c0051__dt-f32/chunk_0,1000000,35,spratio,primary,0.77107197,-1,1.91158402,2.96522297,1
fields/00075__plt00075__fab0000_comp02_ez.f32__c0047__dt-f32/chunk_0,1000000,35,spratio,primary,0.75958401,-1,1.66467719,3.27917401,1
fields/00076__plt00076__fab0000_comp02_ez.f32__c0003__dt-f32/chunk_0,1000000,35,spratio,primary,0.637856007,-1,1.84450385,2.91180301,1
fields/00075__plt00075__fab0000_comp02_ez.f32__c0055__dt-f32/chunk_0,1000000,35,spratio,primary,0.785888016,-1,1.66336015,3.30747302,1
fields/00076__plt00076__fab0000_comp02_ez.f32__c0007__dt-f32/chunk_0,1000000,35,spratio,primary,0.545440018,-1,1.67567326,3.04849602,1
fields/00076__plt00076__fab0000_comp02_ez.f32__c0011__dt-f32/chunk_0,1000000,35,spratio,primary,1.184448,-1,1.85622512,3.444036,1
fields/00076__plt00076__fab0000_comp02_ez.f32__c0015__dt-f32/chunk_0,1000000,35,spratio,primary,0.384160012,-1,1.67368734,2.89018601,1
fields/00076__plt00076__fab0000_comp02_ez.f32__c0019__dt-f32/chunk_0,1000000,35,spratio,primary,0.317312002,-1,1.86895369,2.561511,1
fields/00076__plt00076__fab0000_comp02_ez.f32__c0023__dt-f32/chunk_0,1000000,35,spratio,primary,0.230752006,-1,1.66069417,2.75638501,1
fields/00076__plt00076__fab0000_comp02_ez.f32__c0031__dt-f32/chunk_0,1000000,4,bitcomp algo=1 shuffle=bit type=char,primary,0.889375985,-1,1.13812356,4.57465598,1
fields/00076__plt00076__fab0000_comp02_ez.f32__c0035__dt-f32/chunk_0,1000000,35,spratio,primary,0.216447994,-1,1.82220417,2.51822299,1
fields/00076__plt00076__fab0000_comp02_ez.f32__c0039__dt-f32/chunk_0,1000000,35,spratio,primary,0.0795520023,-1,1.63031529,2.652247,1
fields/00076__plt00076__fab0000_comp02_ez.f32__c0027__dt-f32/chunk_0,1000000,38,spspeed,primary,0.246304005,-1,1.67895462,2.74446801,1
fields/00076__plt00076__fab0000_comp02_ez.f32__c0051__dt-f32/chunk_0,1000000,35,spratio,primary,0.325087994,-1,1.91158402,2.51923899,1
fields/00076__plt00076__fab0000_comp02_ez.f32__c0055__dt-f32/chunk_0,1000000,35,spratio,primary,0.980480015,-1,1.66336015,3.50206502,1
fields/00076__plt00076__fab0000_comp02_ez.f32__c0043__dt-f32/chunk_0,1000000,35,spratio,primary,0.307007998,-1,1.9011699,2.513178,1
fields/00076__plt00076__fab0000_comp02_ez.f32__c0047__dt-f32/chunk_0,1000000,35,spratio,primary,0.588832021,-1,1.66467719,3.10842202,1
fields/00076__plt00076__fab0000_comp02_ez.f32__c0063__dt-f32/chunk_0,1000000,2,ans shuffle=byte,primary,2.31699204,-1,5.00367912,3.15523604,1
fields/00076__plt00076__fab0000_comp02_ez.f32__c0059__dt-f32/chunk_0,1000000,35,spratio,primary,0.353599995,-1,1.92365999,2.533977,1
fields/00077__plt00077__fab0000_comp02_ez.f32__c0003__dt-f32/chunk_0,1000000,35,spratio,primary,0.441983998,-1,1.84450385,2.715931,1
fields/00077__plt00077__fab0000_comp02_ez.f32__c0007__dt-f32/chunk_0,1000000,35,spratio,primary,0.332255989,-1,1.67567326,2.83531199,1
fields/00077__plt00077__fab0000_comp02_ez.f32__c0015__dt-f32/chunk_0,1000000,29,ndzip,primary,0.0757760033,-1,1.54692364,2.78716,1
fields/00077__plt00077__fab0000_comp02_ez.f32__c0011__dt-f32/chunk_0,1000000,35,spratio,primary,0.555552006,-1,1.85622512,2.81514001,1
fields/00077__plt00077__fab0000_comp02_ez.f32__c0019__dt-f32/chunk_0,1000000,35,spratio,primary,0.592895985,-1,1.86895369,2.83709498,1
fields/00077__plt00077__fab0000_comp02_ez.f32__c0027__dt-f32/chunk_0,1000000,35,spratio,primary,0.557215989,-1,1.81780531,2.86456099,1
fields/00077__plt00077__fab0000_comp02_ez.f32__c0023__dt-f32/chunk_0,1000000,35,spratio,primary,0.560415983,-1,1.6574084,3.09105598,1
fields/00077__plt00077__fab0000_comp02_ez.f32__c0031__dt-f32/chunk_0,1000000,29,ndzip,primary,0.0737280026,-1,1.09769684,3.894732,1
fields/00077__plt00077__fab0000_comp02_ez.f32__c0043__dt-f32/chunk_0,1000000,35,spratio,primary,0.265343994,-1,1.9011699,2.47151399,1
fields/00077__plt00077__fab0000_comp02_ez.f32__c0035__dt-f32/chunk_0,1000000,35,spratio,primary,0.0906879976,-1,1.82185116,2.392909,1
fields/00077__plt00077__fab0000_comp02_ez.f32__c0051__dt-f32/chunk_0,1000000,35,spratio,primary,0.488256007,-1,1.91158402,2.68240701,1
fields/00077__plt00077__fab0000_comp02_ez.f32__c0039__dt-f32/chunk_0,1000000,35,spratio,primary,0.233088002,-1,1.63035775,2.805716,1
fields/00077__plt00077__fab0000_comp02_ez.f32__c0055__dt-f32/chunk_0,1000000,35,spratio,primary,0.626815975,-1,1.66336015,3.14840097,1
fields/00078__plt00078__fab0000_comp02_ez.f32__c0003__dt-f32/chunk_0,1000000,35,spratio,primary,0.464671999,-1,1.84450385,2.738619,1
fields/00077__plt00077__fab0000_comp02_ez.f32__c0047__dt-f32/chunk_0,1000000,35,spratio,primary,0.764576018,-1,1.66467719,3.28416602,1
fields/00077__plt00077__fab0000_comp02_ez.f32__c0059__dt-f32/chunk_0,1000000,35,spratio,primary,0.467519999,-1,1.92365999,2.647897,1
fields/00078__plt00078__fab0000_comp02_ez.f32__c0015__dt-f32/chunk_0,1000000,35,spratio,primary,0.306784004,-1,1.67368734,2.81281,1
fields/00077__plt00077__fab0000_comp02_ez.f32__c0063__dt-f32/chunk_0,1000000,2,ans shuffle=byte,primary,0.835168004,-1,5.00367912,1.673412,1
fields/00078__plt00078__fab0000_comp02_ez.f32__c0007__dt-f32/chunk_0,1000000,35,spratio,primary,0.684159994,-1,1.67567326,3.18721599,1
fields/00078__plt00078__fab0000_comp02_ez.f32__c0023__dt-f32/chunk_0,1000000,35,spratio,primary,1.03244805,-1,1.65310423,3.56967705,1
fields/00078__plt00078__fab0000_comp02_ez.f32__c0011__dt-f32/chunk_0,1000000,35,spratio,primary,0.221407995,-1,1.85622512,2.48099599,1
fields/00078__plt00078__fab0000_comp02_ez.f32__c0019__dt-f32/chunk_0,1000000,35,spratio,primary,0.521664023,-1,1.86895369,2.76586302,1
fields/00078__plt00078__fab0000_comp02_ez.f32__c0027__dt-f32/chunk_0,1000000,35,spratio,primary,0.407519996,-1,1.81770841,2.714988,1
fields/00078__plt00078__fab0000_comp02_ez.f32__c0031__dt-f32/chunk_0,1000000,36,spratio shuffle=bit,primary,0.485343993,-1,1.11436298,4.24920199,1
fields/00078__plt00078__fab0000_comp02_ez.f32__c0035__dt-f32/chunk_0,1000000,35,spratio,primary,0.290015996,-1,1.82218675,2.591813,1
fields/00078__plt00078__fab0000_comp02_ez.f32__c0039__dt-f32/chunk_0,1000000,29,ndzip,primary,0.0757760033,-1,1.5098917,2.85366,1
fields/00078__plt00078__fab0000_comp02_ez.f32__c0043__dt-f32/chunk_0,1000000,35,spratio,primary,0.700479984,-1,1.9011699,2.90664998,1
fields/00078__plt00078__fab0000_comp02_ez.f32__c0047__dt-f32/chunk_0,1000000,35,spratio,primary,0.766719997,-1,1.66467719,3.28631,1
fields/00078__plt00078__fab0000_comp02_ez.f32__c0063__dt-f32/chunk_0,1000000,2,ans shuffle=byte,primary,1.49811196,-1,5.00367912,2.33635596,1
fields/00079__plt00079__fab0000_comp02_ez.f32__c0003__dt-f32/chunk_0,1000000,35,spratio,primary,0.533472002,-1,1.84450385,2.807419,1
fields/00078__plt00078__fab0000_comp02_ez.f32__c0059__dt-f32/chunk_0,1000000,35,spratio,primary,0.361856014,-1,1.92365999,2.54223301,1
fields/00078__plt00078__fab0000_comp02_ez.f32__c0051__dt-f32/chunk_0,1000000,35,spratio,primary,0.74723202,-1,1.91158402,2.94138302,1
fields/00078__plt00078__fab0000_comp02_ez.f32__c0055__dt-f32/chunk_0,1000000,35,spratio,primary,0.253215998,-1,1.66336015,2.774801,1
fields/00079__plt00079__fab0000_comp02_ez.f32__c0015__dt-f32/chunk_0,1000000,35,spratio,primary,0.482080013,-1,1.67368734,2.98810601,1
fields/00079__plt00079__fab0000_comp02_ez.f32__c0007__dt-f32/chunk_0,1000000,35,spratio,primary,0.797344029,-1,1.67567326,3.30040003,1
fields/00079__plt00079__fab0000_comp02_ez.f32__c0023__dt-f32/chunk_0,1000000,35,spratio,primary,0.171424001,-1,1.64851843,2.715711,1
fields/00079__plt00079__fab0000_comp02_ez.f32__c0031__dt-f32/chunk_0,1000000,36,spratio shuffle=bit,primary,0.263040006,-1,1.11425166,4.02727401,1
fields/00079__plt00079__fab0000_comp02_ez.f32__c0011__dt-f32/chunk_0,1000000,35,spratio,primary,0.242111996,-1,1.85622512,2.5017,1
fields/00079__plt00079__fab0000_comp02_ez.f32__c0019__dt-f32/chunk_0,1000000,35,spratio,primary,0.758431971,-1,1.86895369,3.00263097,1
fields/00079__plt00079__fab0000_comp02_ez.f32__c0035__dt-f32/chunk_0,1000000,35,spratio,primary,0.476704001,-1,1.82132981,2.779584,1
fields/00079__plt00079__fab0000_comp02_ez.f32__c0027__dt-f32/chunk_0,1000000,35,spratio,primary,0.233280003,-1,1.81727368,2.5413,1
fields/00079__plt00079__fab0000_comp02_ez.f32__c0039__dt-f32/chunk_0,1000000,35,spratio,primary,0.426975995,-1,1.6304338,2.999484,1
fields/00079__plt00079__fab0000_comp02_ez.f32__c0043__dt-f32/chunk_0,1000000,35,spratio,primary,0.174015999,-1,1.9011699,2.380186,1
fields/00079__plt00079__fab0000_comp02_ez.f32__c0059__dt-f32/chunk_0,1000000,35,spratio,primary,0.446655989,-1,1.92365999,2.62703299,1
fields/00079__plt00079__fab0000_comp02_ez.f32__c0047__dt-f32/chunk_0,1000000,35,spratio,primary,0.625056028,-1,1.66467719,3.14464603,1
fields/00079__plt00079__fab0000_comp02_ez.f32__c0055__dt-f32/chunk_0,1000000,35,spratio,primary,0.112255998,-1,1.66336015,2.633841,1
fields/00079__plt00079__fab0000_comp02_ez.f32__c0063__dt-f32/chunk_0,1000000,2,ans shuffle=byte,primary,0.937088013,-1,5.00367912,1.77533201,1
fields/00079__plt00079__fab0000_comp02_ez.f32__c0051__dt-f32/chunk_0,1000000,35,spratio,primary,0.845983982,-1,1.91158402,3.04013498,1
fields/00080__plt00080__fab0000_comp02_ez.f32__c0003__dt-f32/chunk_0,1000000,35,spratio,primary,0.480064005,-1,1.84450385,2.754011,1
fields/00080__plt00080__fab0000_comp02_ez.f32__c0007__dt-f32/chunk_0,1000000,35,spratio,primary,0.997632027,-1,1.67567326,3.50068803,1
fields/00080__plt00080__fab0000_comp02_ez.f32__c0011__dt-f32/chunk_0,1000000,35,spratio,primary,0.44748801,-1,1.85622512,2.70707601,1
fields/00080__plt00080__fab0000_comp02_ez.f32__c0015__dt-f32/chunk_0,1000000,35,spratio,primary,0.898591995,-1,1.67368734,3.404618,1
fields/00080__plt00080__fab0000_comp02_ez.f32__c0019__dt-f32/chunk_0,1000000,35,spratio,primary,0.510399997,-1,1.86895369,2.754599,1
fields/00080__plt00080__fab0000_comp02_ez.f32__c0023__dt-f32/chunk_0,1000000,35,spratio,primary,0.494399995,-1,1.64437886,3.04509199,1
fields/00080__plt00080__fab0000_comp02_ez.f32__c0031__dt-f32/chunk_0,1000000,2,ans shuffle=byte,primary,1.50947201,-1,1.13085046,5.21845401,1
fields/00080__plt00080__fab0000_comp02_ez.f32__c0039__dt-f32/chunk_0,1000000,35,spratio,primary,0.234944001,-1,1.63031339,2.807642,1
fields/00080__plt00080__fab0000_comp02_ez.f32__c0035__dt-f32/chunk_0,1000000,35,spratio,primary,0.804256022,-1,1.82120249,3.10729702,1
fields/00080__plt00080__fab0000_comp02_ez.f32__c0027__dt-f32/chunk_0,1000000,35,spratio,primary,0.0905919969,-1,1.81715479,2.398763,1
fields/00080__plt00080__fab0000_comp02_ez.f32__c0051__dt-f32/chunk_0,1000000,35,spratio,primary,0.605535984,-1,1.91158402,2.79968698,1
fields/00080__plt00080__fab0000_comp02_ez.f32__c0043__dt-f32/chunk_0,1000000,35,spratio,primary,0.295679986,-1,1.9011699,2.50184999,1
fields/00080__plt00080__fab0000_comp02_ez.f32__c0047__dt-f32/chunk_0,1000000,35,spratio,primary,0.234400004,-1,1.66467719,2.75399,1
fields/00080__plt00080__fab0000_comp02_ez.f32__c0059__dt-f32/chunk_0,1000000,35,spratio,primary,0.371071994,-1,1.92365999,2.55144899,1
fields/00080__plt00080__fab0000_comp02_ez.f32__c0055__dt-f32/chunk_0,1000000,35,spratio,primary,0.927456021,-1,1.66336015,3.44904102,1
fields/00081__plt00081__fab0000_comp02_ez.f32__c0003__dt-f32/chunk_0,1000000,35,spratio,primary,0.403039992,-1,1.84450385,2.67698699,1
fields/00081__plt00081__fab0000_comp02_ez.f32__c0011__dt-f32/chunk_0,1000000,35,spratio,primary,0.604416013,-1,1.85622512,2.86400401,1
fields/00080__plt00080__fab0000_comp02_ez.f32__c0063__dt-f32/chunk_0,1000000,2,ans shuffle=byte,primary,1.08713603,-1,5.00367912,1.92538003,1
fields/00081__plt00081__fab0000_comp02_ez.f32__c0015__dt-f32/chunk_0,1000000,35,spratio,primary,0.461600006,-1,1.67368734,2.96762601,1
fields/00081__plt00081__fab0000_comp02_ez.f32__c0007__dt-f32/chunk_0,1000000,35,spratio,primary,0.67683202,-1,1.67567326,3.17988802,1
fields/00081__plt00081__fab0000_comp02_ez.f32__c0023__dt-f32/chunk_0,1000000,35,spratio,primary,0.654304028,-1,1.64133067,3.20973303,1
fields/00081__plt00081__fab0000_comp02_ez.f32__c0019__dt-f32/chunk_0,1000000,35,spratio,primary,0.424160004,-1,1.86895369,2.668359,1
fields/00081__plt00081__fab0000_comp02_ez.f32__c0031__dt-f32/chunk_0,1000000,36,spratio shuffle=bit,primary,0.390976012,-1,1.11361058,4.15737701,1
fields/00081__plt00081__fab0000_comp02_ez.f32__c0027__dt-f32/chunk_0,1000000,35,spratio,primary,0.49375999,-1,1.81697295,2.80216199,1
fields/00081__plt00081__fab0000_comp02_ez.f32__c0047__dt-f32/chunk_0,1000000,35,spratio,primary,0.442528009,-1,1.66467719,2.96211801,1
fields/00081__plt00081__fab0000_comp02_ez.f32__c0051__dt-f32/chunk_0,1000000,35,spratio,primary,0.675743997,-1,1.91158402,2.869895,1
fields/00081__plt00081__fab0000_comp02_ez.f32__c0035__dt-f32/chunk_0,1000000,35,spratio,primary,0.346527994,-1,1.82120091,2.64957099,1
fields/00081__plt00081__fab0000_comp02_ez.f32__c0043__dt-f32/chunk_0,1000000,35,spratio,primary,0.647552013,-1,1.9011699,2.85372201,1
fields/00081__plt00081__fab0000_comp02_ez.f32__c0039__dt-f32/chunk_0,1000000,35,spratio,primary,0.230432004,-1,1.63044521,2.802922,1
fields/00081__plt00081__fab0000_comp02_ez.f32__c0059__dt-f32/chunk_0,1000000,35,spratio,primary,0.419007987,-1,1.92365999,2.59938499,1
fields/00081__plt00081__fab0000_comp02_ez.f32__c0063__dt-f32/chunk_0,1000000,2,ans shuffle=byte,primary,1.87043202,-1,5.00367912,2.70867602,1
fields/00081__plt00081__fab0000_comp02_ez.f32__c0055__dt-f32/chunk_0,1000000,35,spratio,primary,0.624127984,-1,1.66336015,3.14571298,1
fields/00082__plt00082__fab0000_comp02_ez.f32__c0003__dt-f32/chunk_0,1000000,35,spratio,primary,0.825792015,-1,1.84450385,3.09973901,1
fields/00082__plt00082__fab0000_comp02_ez.f32__c0019__dt-f32/chunk_0,1000000,35,spratio,primary,0.0866239965,-1,1.86895369,2.330823,1
fields/00082__plt00082__fab0000_comp02_ez.f32__c0007__dt-f32/chunk_0,1000000,35,spratio,primary,0.457311988,-1,1.67567326,2.96036799,1
fields/00082__plt00082__fab0000_comp02_ez.f32__c0011__dt-f32/chunk_0,1000000,35,spratio,primary,0.655456007,-1,1.85622512,2.91504401,1
fields/00082__plt00082__fab0000_comp02_ez.f32__c0015__dt-f32/chunk_0,1000000,35,spratio,primary,0.475136012,-1,1.67368734,2.98116201,1
fields/00082__plt00082__fab0000_comp02_ez.f32__c0027__dt-f32/chunk_0,1000000,35,spratio,primary,0.354719996,-1,1.81647013,2.663761,1
fields/00082__plt00082__fab0000_comp02_ez.f32__c0023__dt-f32/chunk_0,1000000,35,spratio,primary,0.666463971,-1,1.63906523,3.22542497,1
fields/00082__plt00082__fab0000_comp02_ez.f32__c0039__dt-f32/chunk_0,1000000,35,spratio,primary,0.277312011,-1,1.63050099,2.84971401,1
fields/00082__plt00082__fab0000_comp02_ez.f32__c0043__dt-f32/chunk_0,1000000,35,spratio,primary,0.0975359976,-1,1.9011699,2.303706,1
fields/00082__plt00082__fab0000_comp02_ez.f32__c0047__dt-f32/chunk_0,1000000,35,spratio,primary,0.434560001,-1,1.66467719,2.95415,1
fields/00082__plt00082__fab0000_comp02_ez.f32__c0031__dt-f32/chunk_0,1000000,36,spratio shuffle=bit,primary,0.652480006,-1,1.11369633,4.41859101,1
fields/00082__plt00082__fab0000_comp02_ez.f32__c0051__dt-f32/chunk_0,1000000,35,spratio,primary,0.125632003,-1,1.91158402,2.319783,1
fields/00082__plt00082__fab0000_comp02_ez.f32__c0035__dt-f32/chunk_0,1000000,35,spratio,primary,0.941695988,-1,1.82077161,3.24528199,1
fields/00082__plt00082__fab0000_comp02_ez.f32__c0063__dt-f32/chunk_0,1000000,2,ans shuffle=byte,primary,1.53289604,-1,5.00367912,2.37114004,1
fields/00083__plt00083__fab0000_comp02_ez.f32__c0003__dt-f32/chunk_0,1000000,35,spratio,primary,0.278719991,-1,1.84450385,2.55266699,1
fields/00082__plt00082__fab0000_comp02_ez.f32__c0055__dt-f32/chunk_0,1000000,35,spratio,primary,0.366912007,-1,1.66336015,2.88849701,1
fields/00082__plt00082__fab0000_comp02_ez.f32__c0059__dt-f32/chunk_0,1000000,35,spratio,primary,0.225567997,-1,1.92365999,2.405945,1
fields/00083__plt00083__fab0000_comp02_ez.f32__c0015__dt-f32/chunk_0,1000000,35,spratio,primary,0.556927979,-1,1.67368734,3.06295398,1
fields/00083__plt00083__fab0000_comp02_ez.f32__c0007__dt-f32/chunk_0,1000000,35,spratio,primary,0.25772801,-1,1.67567326,2.76078401,1
fields/00083__plt00083__fab0000_comp02_ez.f32__c0019__dt-f32/chunk_0,1000000,35,spratio,primary,0.738207996,-1,1.86895369,2.982407,1
fields/00083__plt00083__fab0000_comp02_ez.f32__c0011__dt-f32/chunk_0,1000000,35,spratio,primary,0.455424011,-1,1.85622512,2.71501201,1
fields/00083__plt00083__fab0000_comp02_ez.f32__c0035__dt-f32/chunk_0,1000000,35,spratio,primary,0.454528004,-1,1.82066175,2.758253,1
fields/00083__plt00083__fab0000_comp02_ez.f32__c0023__dt-f32/chunk_0,1000000,35,spratio,primary,0.314143986,-1,1.63676707,2.87669799,1
fields/00083__plt00083__fab0000_comp02_ez.f32__c0031__dt-f32/chunk_0,1000000,36,spratio shuffle=bit,primary,0.323424011,-1,1.11355529,4.09001201,1
fields/00083__plt00083__fab0000_comp02_ez.f32__c0039__dt-f32/chunk_0,1000000,35,spratio,primary,0.490943998,-1,1.63082685,3.062832,1
fields/00083__plt00083__fab0000_comp02_ez.f32__c0027__dt-f32/chunk_0,1000000,35,spratio,primary,0.445248008,-1,1.81594871,2.75495201,1
fields/00083__plt00083__fab0000_comp02_ez.f32__c0051__dt-f32/chunk_0,1000000,35,spratio,primary,0.505824029,-1,1.91158402,2.69997503,1
fields/00083__plt00083__fab0000_comp02_ez.f32__c0055__dt-f32/chunk_0,1000000,35,spratio,primary,0.088192001,-1,1.66336015,2.609777,1
fields/00083__plt00083__fab0000_comp02_ez.f32__c0043__dt-f32/chunk_0,1000000,35,spratio,primary,0.477759987,-1,1.9011699,2.68392999,1
fields/00084__plt00084__fab0000_comp02_ez.f32__c0003__dt-f32/chunk_0,1000000,35,spratio,primary,0.381599993,-1,1.84450385,2.65554699,1
fields/00083__plt00083__fab0000_comp02_ez.f32__c0059__dt-f32/chunk_0,1000000,35,spratio,primary,0.705824018,-1,1.92365999,2.88620102,1
fields/00083__plt00083__fab0000_comp02_ez.f32__c0047__dt-f32/chunk_0,1000000,35,spratio,primary,1.15225601,-1,1.66467719,3.67184601,1
fields/00084__plt00084__fab0000_comp02_ez.f32__c0007__dt-f32/chunk_0,1000000,35,spratio,primary,0.277664006,-1,1.67567326,2.78072001,1
fields/00083__plt00083__fab0000_comp02_ez.f32__c0063__dt-f32/chunk_0,1000000,2,ans shuffle=byte,primary,1.36022401,-1,5.00367912,2.19846801,1
fields/00084__plt00084__fab0000_comp02_ez.f32__c0011__dt-f32/chunk_0,1000000,35,spratio,primary,0.437568009,-1,1.85622512,2.69715601,1
fields/00084__plt00084__fab0000_comp02_ez.f32__c0015__dt-f32/chunk_0,1000000,35,spratio,primary,0.351487994,-1,1.67368734,2.85751399,1
fields/00084__plt00084__fab0000_comp02_ez.f32__c0019__dt-f32/chunk_0,1000000,35,spratio,primary,0.222944006,-1,1.86895369,2.46714301,1
fields/00084__plt00084__fab0000_comp02_ez.f32__c0027__dt-f32/chunk_0,1000000,35,spratio,primary,0.55507201,-1,1.81573095,2.86505301,1
fields/00084__plt00084__fab0000_comp02_ez.f32__c0031__dt-f32/chunk_0,1000000,36,spratio shuffle=bit,primary,0.991551995,-1,1.11414008,4.756163,1
fields/00084__plt00084__fab0000_comp02_ez.f32__c0023__dt-f32/chunk_0,1000000,35,spratio,primary,0.382048011,-1,1.63483784,2.94762601,1
fields/00084__plt00084__fab0000_comp02_ez.f32__c0035__dt-f32/chunk_0,1000000,35,spratio,primary,0.214335993,-1,1.82097793,2.51766099,1
fields/00084__plt00084__fab0000_comp02_ez.f32__c0043__dt-f32/chunk_0,1000000,35,spratio,primary,0.081472002,-1,1.9011699,2.287642,1
fields/00084__plt00084__fab0000_comp02_ez.f32__c0039__dt-f32/chunk_0,1000000,29,ndzip,primary,0.0911360011,-1,1.51041368,2.86806,1
fields/00084__plt00084__fab0000_comp02_ez.f32__c0055__dt-f32/chunk_0,1000000,35,spratio,primary,0.596319973,-1,1.66336015,3.11790497,1
fields/00084__plt00084__fab0000_comp02_ez.f32__c0051__dt-f32/chunk_0,1000000,35,spratio,primary,0.42435199,-1,1.91158402,2.61850299,1
fields/00085__plt00085__fab0000_comp02_ez.f32__c0003__dt-f32/chunk_0,1000000,35,spratio,primary,0.434495986,-1,1.84450385,2.70844299,1
fields/00084__plt00084__fab0000_comp02_ez.f32__c0047__dt-f32/chunk_0,1000000,35,spratio,primary,0.163775995,-1,1.66467719,2.683366,1
fields/00085__plt00085__fab0000_comp02_ez.f32__c0011__dt-f32/chunk_0,1000000,35,spratio,primary,1.11372805,-1,1.85622512,3.37331605,1
fields/00085__plt00085__fab0000_comp02_ez.f32__c0015__dt-f32/chunk_0,1000000,35,spratio,primary,0.347936004,-1,1.67368734,2.853962,1
fields/00084__plt00084__fab0000_comp02_ez.f32__c0059__dt-f32/chunk_0,1000000,35,spratio,primary,0.714559972,-1,1.92365999,2.89493697,1
fields/00084__plt00084__fab0000_comp02_ez.f32__c0063__dt-f32/chunk_0,1000000,2,ans shuffle=byte,primary,1.618976,-1,5.00367912,2.45722,1
fields/00085__plt00085__fab0000_comp02_ez.f32__c0027__dt-f32/chunk_0,1000000,35,spratio,primary,0.868031979,-1,1.81528066,3.17858598,1
fields/00085__plt00085__fab0000_comp02_ez.f32__c0007__dt-f32/chunk_0,1000000,35,spratio,primary,0.0865280032,-1,1.67567326,2.589584,1
fields/00085__plt00085__fab0000_comp02_ez.f32__c0023__dt-f32/chunk_0,1000000,35,spratio,primary,0.782527983,-1,1.63430594,3.34894098,1
fields/00085__plt00085__fab0000_comp02_ez.f32__c0035__dt-f32/chunk_0,1000000,35,spratio,primary,0.4472,-1,1.82038282,2.751278,1
fields/00085__plt00085__fab0000_comp02_ez.f32__c0019__dt-f32/chunk_0,1000000,35,spratio,primary,0.401728004,-1,1.86895369,2.645927,1
fields/00085__plt00085__fab0000_comp02_ez.f32__c0031__dt-f32/chunk_0,1000000,36,spratio shuffle=bit,primary,0.288895994,-1,1.11382291,4.05457899,1
fields/00085__plt00085__fab0000_comp02_ez.f32__c0039__dt-f32/chunk_0,1000000,35,spratio,primary,0.275135994,-1,1.63057705,2.84741799,1
fields/00085__plt00085__fab0000_comp02_ez.f32__c0043__dt-f32/chunk_0,1000000,35,spratio,primary,0.598623991,-1,1.9011699,2.80479399,1
fields/00085__plt00085__fab0000_comp02_ez.f32__c0047__dt-f32/chunk_0,1000000,35,spratio,primary,0.499231994,-1,1.66467719,3.01882199,1
fields/00085__plt00085__fab0000_comp02_ez.f32__c0055__dt-f32/chunk_0,1000000,35,spratio,primary,0.523072004,-1,1.66336015,3.044657,1
fields/00085__plt00085__fab0000_comp02_ez.f32__c0051__dt-f32/chunk_0,1000000,35,spratio,primary,0.487264007,-1,1.91158402,2.68141501,1
fields/00085__plt00085__fab0000_comp02_ez.f32__c0059__dt-f32/chunk_0,1000000,35,spratio,primary,1.21027195,-1,1.92365999,3.39064895,1
fields/00085__plt00085__fab0000_comp02_ez.f32__c0063__dt-f32/chunk_0,1000000,2,ans shuffle=byte,primary,1.34841597,-1,5.00367912,2.18665997,1
fields/00086__plt00086__fab0000_comp02_ez.f32__c0007__dt-f32/chunk_0,1000000,35,spratio,primary,0.533984005,-1,1.67567326,3.03704001,1
fields/00086__plt00086__fab0000_comp02_ez.f32__c0011__dt-f32/chunk_0,1000000,35,spratio,primary,0.225183994,-1,1.85622512,2.48477199,1
fields/00086__plt00086__fab0000_comp02_ez.f32__c0015__dt-f32/chunk_0,1000000,35,spratio,primary,0.256960005,-1,1.67368734,2.762986,1
fields/00086__plt00086__fab0000_comp02_ez.f32__c0003__dt-f32/chunk_0,1000000,35,spratio,primary,0.198080003,-1,1.84450385,2.472027,1
fields/00086__plt00086__fab0000_comp02_ez.f32__c0031__dt-f32/chunk_0,1000000,36,spratio shuffle=bit,primary,0.510655999,-1,1.11417471,4.27515,1
fields/00086__plt00086__fab0000_comp02_ez.f32__c0023__dt-f32/chunk_0,1000000,35,spratio,primary,0.573503971,-1,1.63405125,3.14031697,1
fields/00086__plt00086__fab0000_comp02_ez.f32__c0027__dt-f32/chunk_0,1000000,35,spratio,primary,0.229599997,-1,1.81510784,2.540374,1
fields/00086__plt00086__fab0000_comp02_ez.f32__c0019__dt-f32/chunk_0,1000000,35,spratio,primary,0.804799974,-1,1.86895369,3.04899897,1
fields/00086__plt00086__fab0000_comp02_ez.f32__c0039__dt-f32/chunk_0,1000000,35,spratio,primary,0.405247986,-1,1.6305593,2.97755799,1
fields/00086__plt00086__fab0000_comp02_ez.f32__c0035__dt-f32/chunk_0,1000000,35,spratio,primary,0.53491199,-1,1.82024378,2.83916599,1
fields/00086__plt00086__fab0000_comp02_ez.f32__c0051__dt-f32/chunk_0,1000000,35,spratio,primary,0.424032003,-1,1.91158402,2.618183,1
fields/00086__plt00086__fab0000_comp02_ez.f32__c0043__dt-f32/chunk_0,1000000,35,spratio,primary,0.503296018,-1,1.9011699,2.70946602,1
fields/00086__plt00086__fab0000_comp02_ez.f32__c0047__dt-f32/chunk_0,1000000,35,spratio,primary,0.162208006,-1,1.66467719,2.68179801,1
fields/00087__plt00087__fab0000_comp02_ez.f32__c0003__dt-f32/chunk_0,1000000,35,spratio,primary,0.528415978,-1,1.84450385,2.80236298,1
fields/00086__plt00086__fab0000_comp02_ez.f32__c0055__dt-f32/chunk_0,1000000,35,spratio,primary,0.239071995,-1,1.66336015,2.760657,1
fields/00087__plt00087__fab0000_comp02_ez.f32__c0007__dt-f32/chunk_0,1000000,35,spratio,primary,0.608031988,-1,1.67567326,3.11108799,1
fields/00087__plt00087__fab0000_comp02_ez.f32__c0023__dt-f32/chunk_0,1000000,35,spratio,primary,0.146944001,-1,1.63409072,2.713695,1
fields/00087__plt00087__fab0000_comp02_ez.f32__c0015__dt-f32/chunk_0,1000000,35,spratio,primary,0.807904005,-1,1.67368734,3.31393001,1
fields/00087__plt00087__fab0000_comp02_ez.f32__c0027__dt-f32/chunk_0,1000000,38,spspeed,primary,0.352384001,-1,1.67769744,2.85242,1
fields/00086__plt00086__fab0000_comp02_ez.f32__c0059__dt-f32/chunk_0,1000000,35,spratio,primary,0.242239997,-1,1.92365999,2.422617,1
fields/00086__plt00086__fab0000_comp02_ez.f32__c0063__dt-f32/chunk_0,1000000,2,ans shuffle=byte,primary,1.18687999,-1,5.00367912,2.02512399,1
fields/00087__plt00087__fab0000_comp02_ez.f32__c0019__dt-f32/chunk_0,1000000,35,spratio,primary,0.440735996,-1,1.86895369,2.684935,1
fields/00087__plt00087__fab0000_comp02_ez.f32__c0011__dt-f32/chunk_0,1000000,35,spratio,primary,0.267071992,-1,1.85622512,2.52665999,1
fields/00087__plt00087__fab0000_comp02_ez.f32__c0035__dt-f32/chunk_0,1000000,35,spratio,primary,0.522624016,-1,1.81983309,2.82739802,1
fields/00087__plt00087__fab0000_comp02_ez.f32__c0039__dt-f32/chunk_0,1000000,35,spratio,primary,0.670783997,-1,1.63061952,3.242999,1
fields/00087__plt00087__fab0000_comp02_ez.f32__c0043__dt-f32/chunk_0,1000000,35,spratio,primary,0.267744005,-1,1.9011699,2.473914,1
fields/00087__plt00087__fab0000_comp02_ez.f32__c0031__dt-f32/chunk_0,1000000,36,spratio shuffle=bit,primary,0.272608012,-1,1.11472726,4.03523601,1
fields/00087__plt00087__fab0000_comp02_ez.f32__c0047__dt-f32/chunk_0,1000000,35,spratio,primary,0.70579201,-1,1.66467719,3.22538201,1
fields/00087__plt00087__fab0000_comp02_ez.f32__c0055__dt-f32/chunk_0,1000000,35,spratio,primary,1.51193595,-1,1.66336015,4.03352095,1
fields/00087__plt00087__fab0000_comp02_ez.f32__c0063__dt-f32/chunk_0,1000000,2,ans shuffle=byte,primary,0.746176004,-1,5.00367912,1.58442,1
fields/00087__plt00087__fab0000_comp02_ez.f32__c0051__dt-f32/chunk_0,1000000,35,spratio,primary,0.234816,-1,1.91158402,2.428967,1
fields/00087__plt00087__fab0000_comp02_ez.f32__c0059__dt-f32/chunk_0,1000000,35,spratio,primary,0.417567998,-1,1.92365999,2.597945,1
fields/00088__plt00088__fab0000_comp02_ez.f32__c0007__dt-f32/chunk_0,1000000,35,spratio,primary,0.343232006,-1,1.67567326,2.84628801,1
fields/00088__plt00088__fab0000_comp02_ez.f32__c0011__dt-f32/chunk_0,1000000,35,spratio,primary,0.454367995,-1,1.85622512,2.713956,1
fields/00088__plt00088__fab0000_comp02_ez.f32__c0015__dt-f32/chunk_0,1000000,35,spratio,primary,1.30054402,-1,1.67368734,3.80657002,1
fields/00088__plt00088__fab0000_comp02_ez.f32__c0019__dt-f32/chunk_0,1000000,35,spratio,primary,0.361184001,-1,1.86895369,2.605383,1
fields/00088__plt00088__fab0000_comp02_ez.f32__c0003__dt-f32/chunk_0,1000000,35,spratio,primary,0.234336004,-1,1.84450385,2.508283,1
fields/00088__plt00088__fab0000_comp02_ez.f32__c0035__dt-f32/chunk_0,1000000,35,spratio,primary,0.275487989,-1,1.81985599,2.58023299,1
fields/00088__plt00088__fab0000_comp02_ez.f32__c0027__dt-f32/chunk_0,1000000,35,spratio,primary,0.830143988,-1,1.81439018,3.14183199,1
fields/00088__plt00088__fab0000_comp02_ez.f32__c0023__dt-f32/chunk_0,1000000,35,spratio,primary,0.823743999,-1,1.63390994,3.390779,1
fields/00088__plt00088__fab0000_comp02_ez.f32__c0039__dt-f32/chunk_0,1000000,35,spratio,primary,0.226272002,-1,1.63072096,2.798327,1
fields/00088__plt00088__fab0000_comp02_ez.f32__c0051__dt-f32/chunk_0,1000000,35,spratio,primary,0.585280001,-1,1.91158402,2.779431,1
fields/00088__plt00088__fab0000_comp02_ez.f32__c0031__dt-f32/chunk_0,1000000,36,spratio shuffle=bit,primary,0.348832011,-1,1.11404716,4.11375701,1
fields/00088__plt00088__fab0000_comp02_ez.f32__c0059__dt-f32/chunk_0,1000000,35,spratio,primary,0.437887996,-1,1.92365999,2.618265,1
fields/00088__plt00088__fab0000_comp02_ez.f32__c0047__dt-f32/chunk_0,1000000,35,spratio,primary,0.39795199,-1,1.66467719,2.91754199,1
fields/00088__plt00088__fab0000_comp02_ez.f32__c0055__dt-f32/chunk_0,1000000,35,spratio,primary,0.355488002,-1,1.66336015,2.877073,1
fields/00088__plt00088__fab0000_comp02_ez.f32__c0043__dt-f32/chunk_0,1000000,35,spratio,primary,0.0751999989,-1,1.9011699,2.28137,1
fields/00088__plt00088__fab0000_comp02_ez.f32__c0063__dt-f32/chunk_0,1000000,2,ans shuffle=byte,primary,1.00505602,-1,5.00367912,1.84330002,1
fields/00089__plt00089__fab0000_comp02_ez.f32__c0003__dt-f32/chunk_0,1000000,35,spratio,primary,0.372000009,-1,1.84450385,2.64594701,1
fields/00089__plt00089__fab0000_comp02_ez.f32__c0015__dt-f32/chunk_0,1000000,35,spratio,primary,0.344608009,-1,1.67368734,2.85063401,1
fields/00089__plt00089__fab0000_comp02_ez.f32__c0007__dt-f32/chunk_0,1000000,35,spratio,primary,0.243008003,-1,1.67567326,2.746064,1
fields/00089__plt00089__fab0000_comp02_ez.f32__c0011__dt-f32/chunk_0,1000000,35,spratio,primary,0.405952007,-1,1.85622512,2.66554001,1
fields/00089__plt00089__fab0000_comp02_ez.f32__c0019__dt-f32/chunk_0,1000000,35,spratio,primary,0.718303978,-1,1.86895369,2.96250298,1
fields/00089__plt00089__fab0000_comp02_ez.f32__c0023__dt-f32/chunk_0,1000000,35,spratio,primary,0.129120007,-1,1.63383865,2.69626701,1
fields/00089__plt00089__fab0000_comp02_ez.f32__c0031__dt-f32/chunk_0,1000000,36,spratio shuffle=bit,primary,0.314047992,-1,1.11404124,4.07899299,1
fields/00089__plt00089__fab0000_comp02_ez.f32__c0035__dt-f32/chunk_0,1000000,38,spspeed,primary,0.370496005,-1,1.68556148,2.858868,1
fields/00089__plt00089__fab0000_comp02_ez.f32__c0043__dt-f32/chunk_0,1000000,35,spratio,primary,0.071295999,-1,1.9011699,2.277466,1
fields/00089__plt00089__fab0000_comp02_ez.f32__c0027__dt-f32/chunk_0,1000000,35,spratio,primary,0.502207994,-1,1.81414454,2.81420899,1
fields/00089__plt00089__fab0000_comp02_ez.f32__c0047__dt-f32/chunk_0,1000000,35,spratio,primary,0.288127989,-1,1.66467719,2.80771799,1
fields/00089__plt00089__fab0000_comp02_ez.f32__c0055__dt-f32/chunk_0,1000000,35,spratio,primary,0.240383998,-1,1.66336015,2.761969,1
fields/00089__plt00089__fab0000_comp02_ez.f32__c0039__dt-f32/chunk_0,1000000,35,spratio,primary,0.272096008,-1,1.63070131,2.84418201,1
fields/00089__plt00089__fab0000_comp02_ez.f32__c0051__dt-f32/chunk_0,1000000,35,spratio,primary,0.225119993,-1,1.91158402,2.41927099,1
fields/00089__plt00089__fab0000_comp02_ez.f32__c0063__dt-f32/chunk_0,1000000,2,ans shuffle=byte,primary,2.51702404,-1,5.00367912,3.35526804,1
fields/00090__plt00090__fab0000_comp02_ez.f32__c0003__dt-f32/chunk_0,1000000,35,spratio,primary,1.59187198,-1,1.84450385,3.86581898,1
fields/00090__plt00090__fab0000_comp02_ez.f32__c0007__dt-f32/chunk_0,1000000,35,spratio,primary,0.639743984,-1,1.67567326,3.14279998,1
fields/00089__plt00089__fab0000_comp02_ez.f32__c0059__dt-f32/chunk_0,1000000,35,spratio,primary,0.748000026,-1,1.92365999,2.92837703,1
fields/00090__plt00090__fab0000_comp02_ez.f32__c0015__dt-f32/chunk_0,1000000,35,spratio,primary,1.40240002,-1,1.67368734,3.90842602,1
fields/00090__plt00090__fab0000_comp02_ez.f32__c0019__dt-f32/chunk_0,1000000,35,spratio,primary,0.718879998,-1,1.86895369,2.963079,1
fields/00090__plt00090__fab0000_comp02_ez.f32__c0027__dt-f32/chunk_0,1000000,35,spratio,primary,0.44265601,-1,1.8140598,2.75476501,1
fields/00090__plt00090__fab0000_comp02_ez.f32__c0011__dt-f32/chunk_0,1000000,35,spratio,primary,0.331968009,-1,1.85622512,2.59155601,1
fields/00090__plt00090__fab0000_comp02_ez.f32__c0023__dt-f32/chunk_0,1000000,35,spratio,primary,1.06447995,-1,1.63406144,3.63127695,1
fields/00090__plt00090__fab0000_comp02_ez.f32__c0035__dt-f32/chunk_0,1000000,35,spratio,primary,1.42079997,-1,1.81970124,3.72574097,1
fields/00090__plt00090__fab0000_comp02_ez.f32__c0031__dt-f32/chunk_0,1000000,36,spratio shuffle=bit,primary,0.719008029,-1,1.11398976,4.48412703,1
fields/00090__plt00090__fab0000_comp02_ez.f32__c0043__dt-f32/chunk_0,1000000,35,spratio,primary,0.288192004,-1,1.9011699,2.494362,1
fields/00090__plt00090__fab0000_comp02_ez.f32__c0047__dt-f32/chunk_0,1000000,35,spratio,primary,0.232416004,-1,1.66467719,2.752006,1
fields/00090__plt00090__fab0000_comp02_ez.f32__c0055__dt-f32/chunk_0,1000000,35,spratio,primary,0.259200007,-1,1.66336015,2.78078501,1
fields/00090__plt00090__fab0000_comp02_ez.f32__c0039__dt-f32/chunk_0,1000000,35,spratio,primary,0.988991976,-1,1.6308408,3.56085798,1
fields/00090__plt00090__fab0000_comp02_ez.f32__c0051__dt-f32/chunk_0,1000000,35,spratio,primary,0.229440004,-1,1.91158402,2.423591,1
fields/00091__plt00091__fab0000_comp02_ez.f32__c0003__dt-f32/chunk_0,1000000,35,spratio,primary,0.459136009,-1,1.84450385,2.73308301,1
fields/00090__plt00090__fab0000_comp02_ez.f32__c0063__dt-f32/chunk_0,1000000,2,ans shuffle=byte,primary,1.36262405,-1,5.00367912,2.20086805,1
fields/00090__plt00090__fab0000_comp02_ez.f32__c0059__dt-f32/chunk_0,1000000,35,spratio,primary,0.688095987,-1,1.92365999,2.86847299,1
fields/00091__plt00091__fab0000_comp02_ez.f32__c0007__dt-f32/chunk_0,1000000,35,spratio,primary,1.10409606,-1,1.67567326,3.60715206,1
fields/00091__plt00091__fab0000_comp02_ez.f32__c0011__dt-f32/chunk_0,1000000,35,spratio,primary,0.229599997,-1,1.85622512,2.489188,1
fields/00091__plt00091__fab0000_comp02_ez.f32__c0027__dt-f32/chunk_0,1000000,35,spratio,primary,0.307680011,-1,1.81397664,2.61989501,1
fields/00091__plt00091__fab0000_comp02_ez.f32__c0023__dt-f32/chunk_0,1000000,35,spratio,primary,0.238399997,-1,1.63412701,2.805094,1
fields/00091__plt00091__fab0000_comp02_ez.f32__c0015__dt-f32/chunk_0,1000000,35,spratio,primary,0.240799993,-1,1.67368734,2.74682599,1
fields/00091__plt00091__fab0000_comp02_ez.f32__c0031__dt-f32/chunk_0,1000000,36,spratio shuffle=bit,primary,0.812608004,-1,1.11411256,4.577312,1
fields/00091__plt00091__fab0000_comp02_ez.f32__c0035__dt-f32/chunk_0,1000000,35,spratio,primary,0.83139199,-1,1.81949442,3.13659499,1
fields/00091__plt00091__fab0000_comp02_ez.f32__c0019__dt-f32/chunk_0,1000000,35,spratio,primary,0.0852480009,-1,1.86895369,2.329447,1
fields/00091__plt00091__fab0000_comp02_ez.f32__c0047__dt-f32/chunk_0,1000000,35,spratio,primary,0.676735997,-1,1.66467719,3.196326,1
fields/00091__plt00091__fab0000_comp02_ez.f32__c0043__dt-f32/chunk_0,1000000,35,spratio,primary,0.237215996,-1,1.9011699,2.443386,1
fields/00091__plt00091__fab0000_comp02_ez.f32__c0039__dt-f32/chunk_0,1000000,35,spratio,primary,0.609055996,-1,1.63044458,3.181547,1
fields/00091__plt00091__fab0000_comp02_ez.f32__c0051__dt-f32/chunk_0,1000000,35,spratio,primary,0.791584015,-1,1.91158402,2.98573501,1
fields/00091__plt00091__fab0000_comp02_ez.f32__c0059__dt-f32/chunk_0,1000000,35,spratio,primary,0.274848014,-1,1.92365999,2.45522501,1
fields/00092__plt00092__fab0000_comp02_ez.f32__c0003__dt-f32/chunk_0,1000000,35,spratio,primary,1.77494395,-1,1.84450385,4.04889095,1
fields/00091__plt00091__fab0000_comp02_ez.f32__c0055__dt-f32/chunk_0,1000000,35,spratio,primary,0.182080001,-1,1.66336015,2.703665,1
fields/00091__plt00091__fab0000_comp02_ez.f32__c0063__dt-f32/chunk_0,1000000,2,ans shuffle=byte,primary,1.77878404,-1,5.00367912,2.61702804,1
fields/00092__plt00092__fab0000_comp02_ez.f32__c0007__dt-f32/chunk_0,1000000,35,spratio,primary,0.692607999,-1,1.67567326,3.195664,1
fields/00092__plt00092__fab0000_comp02_ez.f32__c0023__dt-f32/chunk_0,1000000,35,spratio,primary,0.233695999,-1,1.63421106,2.800258,1
fields/00092__plt00092__fab0000_comp02_ez.f32__c0015__dt-f32/chunk_0,1000000,35,spratio,primary,0.225951999,-1,1.67368734,2.731978,1
fields/00092__plt00092__fab0000_comp02_ez.f32__c0011__dt-f32/chunk_0,1000000,35,spratio,primary,0.590752006,-1,1.85622512,2.85034001,1
fields/00092__plt00092__fab0000_comp02_ez.f32__c0019__dt-f32/chunk_0,1000000,35,spratio,primary,0.559647977,-1,1.86895369,2.80384698,1
fields/00092__plt00092__fab0000_comp02_ez.f32__c0027__dt-f32/chunk_0,1000000,35,spratio,primary,0.666975975,-1,1.81350213,2.97979598,1
fields/00092__plt00092__fab0000_comp02_ez.f32__c0039__dt-f32/chunk_0,1000000,35,spratio,primary,1.22121596,-1,1.6306975,3.79330796,1
fields/00092__plt00092__fab0000_comp02_ez.f32__c0031__dt-f32/chunk_0,1000000,29,ndzip,primary,0.0829439983,-1,1.09752449,3.904548,1
fields/00092__plt00092__fab0000_comp02_ez.f32__c0035__dt-f32/chunk_0,1000000,35,spratio,primary,1.16531205,-1,1.8192837,3.47078205,1
fields/00092__plt00092__fab0000_comp02_ez.f32__c0047__dt-f32/chunk_0,1000000,35,spratio,primary,0.242880002,-1,1.66467719,2.76247,1
fields/00092__plt00092__fab0000_comp02_ez.f32__c0043__dt-f32/chunk_0,1000000,35,spratio,primary,1.17164803,-1,1.9011699,3.37781803,1
fields/00092__plt00092__fab0000_comp02_ez.f32__c0051__dt-f32/chunk_0,1000000,35,spratio,primary,0.589824021,-1,1.91158402,2.78397502,1
fields/00093__plt00093__fab0000_comp02_ez.f32__c0003__dt-f32/chunk_0,1000000,35,spratio,primary,0.332224011,-1,1.84450385,2.60617101,1
fields/00092__plt00092__fab0000_comp02_ez.f32__c0063__dt-f32/chunk_0,1000000,2,ans shuffle=byte,primary,1.71536005,-1,5.00367912,2.55360405,1
fields/00092__plt00092__fab0000_comp02_ez.f32__c0055__dt-f32/chunk_0,1000000,35,spratio,primary,0.813727975,-1,1.66336015,3.33531297,1
fields/00092__plt00092__fab0000_comp02_ez.f32__c0059__dt-f32/chunk_0,1000000,35,spratio,primary,0.991967976,-1,1.92365999,3.17234498,1
fields/00093__plt00093__fab0000_comp02_ez.f32__c0011__dt-f32/chunk_0,1000000,35,spratio,primary,0.623520017,-1,1.85622512,2.88310802,1
fields/00093__plt00093__fab0000_comp02_ez.f32__c0007__dt-f32/chunk_0,1000000,35,spratio,primary,0.240224004,-1,1.67567326,2.74328,1
fields/00093__plt00093__fab0000_comp02_ez.f32__c0019__dt-f32/chunk_0,1000000,35,spratio,primary,0.892928004,-1,1.86895369,3.137127,1
fields/00093__plt00093__fab0000_comp02_ez.f32__c0023__dt-f32/chunk_0,1000000,35,spratio,primary,0.252288014,-1,1.63409263,2.81903601,1
fields/00093__plt00093__fab0000_comp02_ez.f32__c0015__dt-f32/chunk_0,1000000,35,spratio,primary,0.430687994,-1,1.67368734,2.93671399,1
fields/00093__plt00093__fab0000_comp02_ez.f32__c0027__dt-f32/chunk_0,1000000,35,spratio,primary,0.231680006,-1,1.81353114,2.54446301,1
fields/00093__plt00093__fab0000_comp02_ez.f32__c0031__dt-f32/chunk_0,1000000,36,spratio shuffle=bit,primary,0.39171201,-1,1.11396579,4.15691201,1
fields/00093__plt00093__fab0000_comp02_ez.f32__c0047__dt-f32/chunk_0,1000000,35,spratio,primary,0.244703993,-1,1.66467719,2.76429399,1
fields/00093__plt00093__fab0000_comp02_ez.f32__c0039__dt-f32/chunk_0,1000000,35,spratio,primary,0.246143997,-1,1.63075203,2.81815,1
fields/00093__plt00093__fab0000_comp02_ez.f32__c0035__dt-f32/chunk_0,1000000,35,spratio,primary,0.230752006,-1,1.81924662,2.53626901,1
fields/00093__plt00093__fab0000_comp02_ez.f32__c0051__dt-f32/chunk_0,1000000,35,spratio,primary,0.240480006,-1,1.91158402,2.43463101,1
fields/00093__plt00093__fab0000_comp02_ez.f32__c0043__dt-f32/chunk_0,1000000,35,spratio,primary,0.243808001,-1,1.9011699,2.449978,1
fields/00093__plt00093__fab0000_comp02_ez.f32__c0063__dt-f32/chunk_0,1000000,2,ans shuffle=byte,primary,1.702016,-1,5.00367912,2.54026,1
fields/00093__plt00093__fab0000_comp02_ez.f32__c0059__dt-f32/chunk_0,1000000,35,spratio,primary,0.493312001,-1,1.92365999,2.673689,1
fields/00094__plt00094__fab0000_comp02_ez.f32__c0007__dt-f32/chunk_0,1000000,35,spratio,primary,0.608096004,-1,1.67567326,3.111152,1
fields/00094__plt00094__fab0000_comp02_ez.f32__c0011__dt-f32/chunk_0,1000000,35,spratio,primary,0.318783998,-1,1.85622512,2.578372,1
fields/00094__plt00094__fab0000_comp02_ez.f32__c0003__dt-f32/chunk_0,1000000,35,spratio,primary,0.726432025,-1,1.84450385,3.00037903,1
fields/00093__plt00093__fab0000_comp02_ez.f32__c0055__dt-f32/chunk_0,1000000,35,spratio,primary,0.543615997,-1,1.66336015,3.065201,1
fields/00094__plt00094__fab0000_comp02_ez.f32__c0015__dt-f32/chunk_0,1000000,35,spratio,primary,0.275936007,-1,1.67368734,2.78196201,1
fields/00094__plt00094__fab0000_comp02_ez.f32__c0019__dt-f32/chunk_0,1000000,35,spratio,primary,0.526975989,-1,1.86895369,2.77117499,1
fields/00094__plt00094__fab0000_comp02_ez.f32__c0023__dt-f32/chunk_0,1000000,35,spratio,primary,0.506591976,-1,1.63432377,3.07297698,1
fields/00094__plt00094__fab0000_comp02_ez.f32__c0043__dt-f32/chunk_0,1000000,35,spratio,primary,0.374336004,-1,1.9011699,2.580506,1
fields/00094__plt00094__fab0000_comp02_ez.f32__c0031__dt-f32/chunk_0,1000000,36,spratio shuffle=bit,primary,0.83593601,-1,1.11367267,4.60212701,1
fields/00094__plt00094__fab0000_comp02_ez.f32__c0027__dt-f32/chunk_0,1000000,35,spratio,primary,0.340959996,-1,1.81319168,2.654176,1
fields/00094__plt00094__fab0000_comp02_ez.f32__c0035__dt-f32/chunk_0,1000000,35,spratio,primary,0.320735991,-1,1.81906672,2.62648099,1
fields/00094__plt00094__fab0000_comp02_ez.f32__c0051__dt-f32/chunk_0,1000000,35,spratio,primary,0.126560003,-1,1.91158402,2.320711,1
fields/00094__plt00094__fab0000_comp02_ez.f32__c0059__dt-f32/chunk_0,1000000,35,spratio,primary,0.421631992,-1,1.92365999,2.60200899,1
fields/00094__plt00094__fab0000_comp02_ez.f32__c0047__dt-f32/chunk_0,1000000,35,spratio,primary,0.101503998,-1,1.66467719,2.621094,1
fields/00094__plt00094__fab0000_comp02_ez.f32__c0039__dt-f32/chunk_0,1000000,35,spratio,primary,0.270559996,-1,1.63066961,2.842696,1
fields/00094__plt00094__fab0000_comp02_ez.f32__c0055__dt-f32/chunk_0,1000000,35,spratio,primary,0.492543995,-1,1.66336015,3.014129,1
fields/00095__plt00095__fab0000_comp02_ez.f32__c0003__dt-f32/chunk_0,1000000,35,spratio,primary,0.486111999,-1,1.84450385,2.760059,1
fields/00095__plt00095__fab0000_comp02_ez.f32__c0007__dt-f32/chunk_0,1000000,35,spratio,primary,0.56726402,-1,1.67567326,3.07032002,1
fields/00094__plt00094__fab0000_comp02_ez.f32__c0063__dt-f32/chunk_0,1000000,2,ans shuffle=byte,primary,1.80537605,-1,5.00367912,2.64362005,1
fields/00095__plt00095__fab0000_comp02_ez.f32__c0023__dt-f32/chunk_0,1000000,35,spratio,primary,0.320479989,-1,1.63413338,2.88716399,1
fields/00095__plt00095__fab0000_comp02_ez.f32__c0011__dt-f32/chunk_0,1000000,35,spratio,primary,0.277471989,-1,1.85622512,2.53705999,1
fields/00095__plt00095__fab0000_comp02_ez.f32__c0019__dt-f32/chunk_0,1000000,35,spratio,primary,0.198752001,-1,1.86895369,2.442951,1
fields/00095__plt00095__fab0000_comp02_ez.f32__c0031__dt-f32/chunk_0,1000000,36,spratio shuffle=bit,primary,0.382975996,-1,1.11390722,4.148374,1
fields/00095__plt00095__fab0000_comp02_ez.f32__c0015__dt-f32/chunk_0,1000000,35,spratio,primary,0.323808014,-1,1.67368734,2.82983401,1
fields/00095__plt00095__fab0000_comp02_ez.f32__c0047__dt-f32/chunk_0,1000000,35,spratio,primary,0.592415988,-1,1.66467719,3.11200599,1
fields/00095__plt00095__fab0000_comp02_ez.f32__c0039__dt-f32/chunk_0,1000000,35,spratio,primary,0.0832000002,-1,1.63078627,2.655152,1
fields/00095__plt00095__fab0000_comp02_ez.f32__c0027__dt-f32/chunk_0,1000000,35,spratio,primary,0.680415988,-1,1.81306392,2.99379499,1
fields/00095__plt00095__fab0000_comp02_ez.f32__c0051__dt-f32/chunk_0,1000000,35,spratio,primary,0.505824029,-1,1.91158402,2.69997503,1
fields/00095__plt00095__fab0000_comp02_ez.f32__c0055__dt-f32/chunk_0,1000000,35,spratio,primary,0.361216009,-1,1.66336015,2.88280101,1
fields/00095__plt00095__fab0000_comp02_ez.f32__c0035__dt-f32/chunk_0,1000000,35,spratio,primary,0.327903986,-1,1.81908802,2.63362199,1
fields/00095__plt00095__fab0000_comp02_ez.f32__c0043__dt-f32/chunk_0,1000000,35,spratio,primary,0.0820479989,-1,1.9011699,2.288218,1
fields/00095__plt00095__fab0000_comp02_ez.f32__c0059__dt-f32/chunk_0,1000000,35,spratio,primary,0.112223998,-1,1.92365999,2.292601,1
fields/00096__plt00096__fab0000_comp02_ez.f32__c0003__dt-f32/chunk_0,1000000,29,ndzip,primary,0.0860159993,-1,1.67723051,2.586748,1
fields/00095__plt00095__fab0000_comp02_ez.f32__c0063__dt-f32/chunk_0,1000000,2,ans shuffle=byte,primary,2.141536,-1,5.00367912,2.97978,1
fields/00096__plt00096__fab0000_comp02_ez.f32__c0007__dt-f32/chunk_0,1000000,35,spratio,primary,0.235103995,-1,1.67567326,2.73815999,1
fields/00096__plt00096__fab0000_comp02_ez.f32__c0011__dt-f32/chunk_0,1000000,35,spratio,primary,0.0796160027,-1,1.85622512,2.339204,1
fields/00096__plt00096__fab0000_comp02_ez.f32__c0031__dt-f32/chunk_0,1000000,2,ans shuffle=byte,primary,0.584415972,-1,1.1306645,4.29400797,1
fields/00096__plt00096__fab0000_comp02_ez.f32__c0019__dt-f32/chunk_0,1000000,35,spratio,primary,0.787551999,-1,1.86895369,3.031751,1
fields/00096__plt00096__fab0000_comp02_ez.f32__c0023__dt-f32/chunk_0,1000000,35,spratio,primary,0.0768959969,-1,1.63420214,2.643472,1
fields/00096__plt00096__fab0000_comp02_ez.f32__c0027__dt-f32/chunk_0,1000000,35,spratio,primary,0.229696006,-1,1.81291424,2.54326601,1
fields/00096__plt00096__fab0000_comp02_ez.f32__c0015__dt-f32/chunk_0,1000000,35,spratio,primary,0.233855993,-1,1.67368734,2.73988199,1
fields/00096__plt00096__fab0000_comp02_ez.f32__c0035__dt-f32/chunk_0,1000000,35,spratio,primary,0.138303995,-1,1.81927581,2.443784,1
fields/00096__plt00096__fab0000_comp02_ez.f32__c0047__dt-f32/chunk_0,1000000,35,spratio,primary,0.665888011,-1,1.66467719,3.18547801,1
fields/00096__plt00096__fab0000_comp02_ez.f32__c0039__dt-f32/chunk_0,1000000,35,spratio,primary,0.251839995,-1,1.63086172,2.823673,1
fields/00096__plt00096__fab0000_comp02_ez.f32__c0051__dt-f32/chunk_0,1000000,35,spratio,primary,0.235808,-1,1.91158402,2.429959,1
fields/00096__plt00096__fab0000_comp02_ez.f32__c0043__dt-f32/chunk_0,1000000,35,spratio,primary,0.460768014,-1,1.9011699,2.66693801,1
fields/00096__plt00096__fab0000_comp02_ez.f32__c0055__dt-f32/chunk_0,1000000,35,spratio,primary,0.240096003,-1,1.66336015,2.761681,1
fields/00096__plt00096__fab0000_comp02_ez.f32__c0059__dt-f32/chunk_0,1000000,35,spratio,primary,0.489087999,-1,1.92365999,2.669465,1
fields/00097__plt00097__fab0000_comp02_ez.f32__c0003__dt-f32/chunk_0,1000000,35,spratio,primary,0.637215972,-1,1.84450385,2.91116297,1
fields/00096__plt00096__fab0000_comp02_ez.f32__c0063__dt-f32/chunk_0,1000000,2,ans shuffle=byte,primary,1.84031999,-1,5.00367912,2.67856399,1
fields/00097__plt00097__fab0000_comp02_ez.f32__c0015__dt-f32/chunk_0,1000000,35,spratio,primary,0.444959998,-1,1.67368734,2.950986,1
fields/00097__plt00097__fab0000_comp02_ez.f32__c0007__dt-f32/chunk_0,1000000,35,spratio,primary,0.517023981,-1,1.67567326,3.02007998,1
fields/00097__plt00097__fab0000_comp02_ez.f32__c0011__dt-f32/chunk_0,1000000,35,spratio,primary,0.903295994,-1,1.85622512,3.16288399,1
fields/00097__plt00097__fab0000_comp02_ez.f32__c0019__dt-f32/chunk_0,1000000,35,spratio,primary,0.824544013,-1,1.86895369,3.06874301,1
fields/00097__plt00097__fab0000_comp02_ez.f32__c0023__dt-f32/chunk_0,1000000,35,spratio,primary,0.422111988,-1,1.63409582,2.98885499,1
fields/00097__plt00097__fab0000_comp02_ez.f32__c0027__dt-f32/chunk_0,1000000,35,spratio,primary,0.0797759965,-1,1.81244655,2.393943,1
fields/00097__plt00097__fab0000_comp02_ez.f32__c0043__dt-f32/chunk_0,1000000,35,spratio,primary,0.743520021,-1,1.9011699,2.94969002,1
fields/00097__plt00097__fab0000_comp02_ez.f32__c0031__dt-f32/chunk_0,1000000,36,spratio shuffle=bit,primary,0.447295994,-1,1.11417352,4.21179399,1
fields/00097__plt00097__fab0000_comp02_ez.f32__c0059__dt-f32/chunk_0,1000000,35,spratio,primary,0.312736005,-1,1.92365999,2.493113,1
fields/00097__plt00097__fab0000_comp02_ez.f32__c0035__dt-f32/chunk_0,1000000,35,spratio,primary,0.342112005,-1,1.81912826,2.647779,1
fields/00097__plt00097__fab0000_comp02_ez.f32__c0039__dt-f32/chunk_0,1000000,35,spratio,primary,0.327071995,-1,1.63071842,2.89913099,1
fields/00097__plt00097__fab0000_comp02_ez.f32__c0055__dt-f32/chunk_0,1000000,35,spratio,primary,0.763743997,-1,1.66336015,3.285329,1
fields/00097__plt00097__fab0000_comp02_ez.f32__c0047__dt-f32/chunk_0,1000000,35,spratio,primary,0.359616011,-1,1.66467719,2.87920601,1
fields/00097__plt00097__fab0000_comp02_ez.f32__c0051__dt-f32/chunk_0,1000000,35,spratio,primary,0.313888013,-1,1.91158402,2.50803901,1
fields/00097__plt00097__fab0000_comp02_ez.f32__c0063__dt-f32/chunk_0,1000000,2,ans shuffle=byte,primary,1.75075197,-1,5.00367912,2.58899597,1
fields/00098__plt00098__fab0000_comp02_ez.f32__c0007__dt-f32/chunk_0,1000000,35,spratio,primary,0.229151994,-1,1.67567326,2.73220799,1
fields/00098__plt00098__fab0000_comp02_ez.f32__c0003__dt-f32/chunk_0,1000000,35,spratio,primary,0.514496028,-1,1.84450385,2.78844303,1
fields/00098__plt00098__fab0000_comp02_ez.f32__c0015__dt-f32/chunk_0,1000000,35,spratio,primary,0.504895985,-1,1.67368734,3.01092199,1
fields/00098__plt00098__fab0000_comp02_ez.f32__c0011__dt-f32/chunk_0,1000000,35,spratio,primary,0.34672001,-1,1.85622512,2.60630801,1
fields/00098__plt00098__fab0000_comp02_ez.f32__c0027__dt-f32/chunk_0,1000000,35,spratio,primary,0.156608,-1,1.8120112,2.471331,1
fields/00098__plt00098__fab0000_comp02_ez.f32__c0019__dt-f32/chunk_0,1000000,35,spratio,primary,0.372287989,-1,1.86895369,2.61648699,1
fields/00098__plt00098__fab0000_comp02_ez.f32__c0035__dt-f32/chunk_0,1000000,35,spratio,primary,0.344767988,-1,1.81906357,2.65051699,1
fields/00098__plt00098__fab0000_comp02_ez.f32__c0023__dt-f32/chunk_0,1000000,35,spratio,primary,0.258688003,-1,1.63446897,2.824845,1
fields/00098__plt00098__fab0000_comp02_ez.f32__c0039__dt-f32/chunk_0,1000000,35,spratio,primary,0.441536009,-1,1.63087441,3.01334901,1
fields/00098__plt00098__fab0000_comp02_ez.f32__c0031__dt-f32/chunk_0,1000000,36,spratio shuffle=bit,primary,0.748192012,-1,1.1138726,4.51370701,1
fields/00098__plt00098__fab0000_comp02_ez.f32__c0051__dt-f32/chunk_0,1000000,35,spratio,primary,0.518464029,-1,1.91158402,2.71261503,1
fields/00098__plt00098__fab0000_comp02_ez.f32__c0047__dt-f32/chunk_0,1000000,35,spratio,primary,1.24406397,-1,1.66467719,3.76365397,1
fields/00098__plt00098__fab0000_comp02_ez.f32__c0043__dt-f32/chunk_0,1000000,35,spratio,primary,1.45209599,-1,1.9011699,3.65826599,1
fields/00098__plt00098__fab0000_comp02_ez.f32__c0063__dt-f32/chunk_0,1000000,2,ans shuffle=byte,primary,0.584320009,-1,5.00367912,1.42256401,1
fields/00098__plt00098__fab0000_comp02_ez.f32__c0055__dt-f32/chunk_0,1000000,35,spratio,primary,0.32288,-1,1.66336015,2.844465,1
fields/00099__plt00099__fab0000_comp02_ez.f32__c0007__dt-f32/chunk_0,1000000,35,spratio,primary,1.02268803,-1,1.67567326,3.52574403,1
fields/00098__plt00098__fab0000_comp02_ez.f32__c0059__dt-f32/chunk_0,1000000,35,spratio,primary,0.0933760032,-1,1.92365999,2.273753,1
fields/00099__plt00099__fab0000_comp02_ez.f32__c0011__dt-f32/chunk_0,1000000,35,spratio,primary,0.321152002,-1,1.85622512,2.58074,1
fields/00099__plt00099__fab0000_comp02_ez.f32__c0003__dt-f32/chunk_0,1000000,35,spratio,primary,0.251967996,-1,1.84450385,2.525915,1
fields/00099__plt00099__fab0000_comp02_ez.f32__c0015__dt-f32/chunk_0,1000000,35,spratio,primary,0.214783996,-1,1.67368734,2.72081,1
fields/00099__plt00099__fab0000_comp02_ez.f32__c0023__dt-f32/chunk_0,1000000,35,spratio,primary,0.0825600028,-1,1.63427983,2.649014,1
fields/00099__plt00099__fab0000_comp02_ez.f32__c0031__dt-f32/chunk_0,1000000,36,spratio shuffle=bit,primary,1.17193604,-1,1.11377263,4.93778904,1
fields/00099__plt00099__fab0000_comp02_ez.f32__c0019__dt-f32/chunk_0,1000000,35,spratio,primary,0.232255995,-1,1.86895369,2.476455,1
fields/00099__plt00099__fab0000_comp02_ez.f32__c0027__dt-f32/chunk_0,1000000,35,spratio,primary,0.284799993,-1,1.81228836,2.59916899,1
fields/00099__plt00099__fab0000_comp02_ez.f32__c0039__dt-f32/chunk_0,1000000,35,spratio,primary,0.233664006,-1,1.63113444,2.80506701,1
fields/00099__plt00099__fab0000_comp02_ez.f32__c0035__dt-f32/chunk_0,1000000,35,spratio,primary,1.01347196,-1,1.81904227,3.31924796,1
fields/00099__plt00099__fab0000_comp02_ez.f32__c0043__dt-f32/chunk_0,1000000,35,spratio,primary,0.581983984,-1,1.9011699,2.78815398,1
fields/00100__plt00100__fab0000_comp02_ez.f32__c0003__dt-f32/chunk_0,1000000,35,spratio,primary,0.194079995,-1,1.84450385,2.468027,1
fields/00099__plt00099__fab0000_comp02_ez.f32__c0047__dt-f32/chunk_0,1000000,35,spratio,primary,0.241311997,-1,1.66467719,2.760902,1
fields/00099__plt00099__fab0000_comp02_ez.f32__c0051__dt-f32/chunk_0,1000000,35,spratio,primary,0.256832004,-1,1.91158402,2.450983,1
fields/00099__plt00099__fab0000_comp02_ez.f32__c0063__dt-f32/chunk_0,1000000,2,ans shuffle=byte,primary,1.86111999,-1,5.00367912,2.69936399,1
fields/00099__plt00099__fab0000_comp02_ez.f32__c0059__dt-f32/chunk_0,1000000,35,spratio,primary,0.454432011,-1,1.92365999,2.63480901,1
fields/00099__plt00099__fab0000_comp02_ez.f32__c0055__dt-f32/chunk_0,1000000,35,spratio,primary,0.388927996,-1,1.66336015,2.910513,1
fields/00100__plt00100__fab0000_comp02_ez.f32__c0007__dt-f32/chunk_0,1000000,35,spratio,primary,0.312128007,-1,1.67567326,2.81518401,1
fields/00100__plt00100__fab0000_comp02_ez.f32__c0011__dt-f32/chunk_0,1000000,35,spratio,primary,0.485536009,-1,1.85622512,2.74512401,1
fields/00100__plt00100__fab0000_comp02_ez.f32__c0019__dt-f32/chunk_0,1000000,35,spratio,primary,0.232832,-1,1.86895369,2.477031,1
fields/00100__plt00100__fab0000_comp02_ez.f32__c0015__dt-f32/chunk_0,1000000,35,spratio,primary,0.532320023,-1,1.67368734,3.03834602,1
fields/00100__plt00100__fab0000_comp02_ez.f32__c0023__dt-f32/chunk_0,1000000,35,spratio,primary,0.549344003,-1,1.63434733,3.115692,1
fields/00100__plt00100__fab0000_comp02_ez.f32__c0027__dt-f32/chunk_0,1000000,35,spratio,primary,0.665696025,-1,1.81176699,2.98073102,1
fields/00100__plt00100__fab0000_comp02_ez.f32__c0039__dt-f32/chunk_0,1000000,35,spratio,primary,0.245759994,-1,1.63088772,2.81755199,1
fields/00100__plt00100__fab0000_comp02_ez.f32__c0043__dt-f32/chunk_0,1000000,35,spratio,primary,0.922464013,-1,1.9011699,3.12863401,1
fields/00100__plt00100__fab0000_comp02_ez.f32__c0031__dt-f32/chunk_0,1000000,36,spratio shuffle=bit,primary,0.28825599,-1,1.11407438,4.05308899,1
fields/00100__plt00100__fab0000_comp02_ez.f32__c0035__dt-f32/chunk_0,1000000,35,spratio,primary,0.519360006,-1,1.81884269,2.82538901,1
fields/00100__plt00100__fab0000_comp02_ez.f32__c0059__dt-f32/chunk_0,1000000,35,spratio,primary,0.251744002,-1,1.92365999,2.432121,1
fields/00100__plt00100__fab0000_comp02_ez.f32__c0047__dt-f32/chunk_0,1000000,35,spratio,primary,0.246848002,-1,1.66467719,2.766438,1
fields/00100__plt00100__fab0000_comp02_ez.f32__c0063__dt-f32/chunk_0,1000000,2,ans shuffle=byte,primary,1.05999994,-1,5.00367912,1.89824394,1
fields/00100__plt00100__fab0000_comp02_ez.f32__c0051__dt-f32/chunk_0,1000000,35,spratio,primary,0.571615994,-1,1.91158402,2.76576699,1
fields/00100__plt00100__fab0000_comp02_ez.f32__c0055__dt-f32/chunk_0,1000000,35,spratio,primary,1.18652797,-1,1.66336015,3.70811297,1
