blob,tier_bw,setting,spec,role,comp_ms,decomp_ms,ratio,cost,adopted
fields/00000__plt00000__fab0000_comp02_ez.f32__c0000__dt-f32/chunk_0,1000000,2,ans shuffle=byte,primary,1.49606395,-1,5.03161506,2.32965395,1
fields/00000__plt00000__fab0000_comp02_ez.f32__c0008__dt-f32/chunk_0,1000000,2,ans shuffle=byte,primary,1.60137606,-1,5.03273802,2.43478006,1
fields/00000__plt00000__fab0000_comp02_ez.f32__c0016__dt-f32/chunk_0,1000000,2,ans shuffle=byte,primary,1.87782395,-1,5.03213422,2.71132795,1
fields/00000__plt00000__fab0000_comp02_ez.f32__c0024__dt-f32/chunk_0,1000000,2,ans shuffle=byte,primary,2.29503989,-1,5.03057707,3.12880189,1
fields/00000__plt00000__fab0000_comp02_ez.f32__c0032__dt-f32/chunk_0,1000000,2,ans shuffle=byte,primary,2.87996793,-1,1.13859565,6.56371993,1
fields/00000__plt00000__fab0000_comp02_ez.f32__c0040__dt-f32/chunk_0,1000000,2,ans shuffle=byte,primary,3.27545595,-1,5.03130121,4.10909795,1
fields/00000__plt00000__fab0000_comp02_ez.f32__c0048__dt-f32/chunk_0,1000000,2,ans shuffle=byte,primary,2.37350392,-1,5.032098,3.20701392,1
fields/00000__plt00000__fab0000_comp02_ez.f32__c0056__dt-f32/chunk_0,1000000,2,ans shuffle=byte,primary,1.10403204,-1,5.03301582,1.93739004,1
fields/00001__plt00001__fab0000_comp02_ez.f32__c0000__dt-f32/chunk_0,1000000,2,ans shuffle=byte,primary,1.02627206,-1,5.03161506,1.85986206,1
fields/00001__plt00001__fab0000_comp02_ez.f32__c0008__dt-f32/chunk_0,1000000,2,ans shuffle=byte,primary,1.07516801,-1,5.03273802,1.90857201,1
fields/00001__plt00001__fab0000_comp02_ez.f32__c0016__dt-f32/chunk_0,1000000,2,ans shuffle=byte,primary,1.40025604,-1,5.03213422,2.23376004,1
fields/00001__plt00001__fab0000_comp02_ez.f32__c0024__dt-f32/chunk_0,1000000,2,ans shuffle=byte,primary,1.10307205,-1,5.03057707,1.93683405,1
fields/00001__plt00001__fab0000_comp02_ez.f32__c0032__dt-f32/chunk_0,1000000,29,ndzip,primary,0.0727040023,-1,1.0966269,3.897436,1
fields/00001__plt00001__fab0000_comp02_ez.f32__c0040__dt-f32/chunk_0,1000000,2,ans shuffle=byte,primary,1.79385602,-1,5.03130121,2.62749802,1
fields/00001__plt00001__fab0000_comp02_ez.f32__c0048__dt-f32/chunk_0,1000000,2,ans shuffle=byte,primary,0.98963201,-1,5.032098,1.82314201,1
fields/00001__plt00001__fab0000_comp02_ez.f32__c0056__dt-f32/chunk_0,1000000,2,ans shuffle=byte,primary,1.83900797,-1,5.03301582,2.67236597,1
fields/00002__plt00002__fab0000_comp02_ez.f32__c0000__dt-f32/chunk_0,1000000,2,ans shuffle=byte,primary,3.21065593,-1,5.03161506,4.04424593,1
fields/00002__plt00002__fab0000_comp02_ez.f32__c0008__dt-f32/chunk_0,1000000,2,ans shuffle=byte,primary,3.34127998,-1,5.03273802,4.17468398,1
fields/00002__plt00002__fab0000_comp02_ez.f32__c0016__dt-f32/chunk_0,1000000,2,ans shuffle=byte,primary,2.3783679,-1,5.03213422,3.2118719,1
fields/00002__plt00002__fab0000_comp02_ez.f32__c0024__dt-f32/chunk_0,1000000,2,ans shuffle=byte,primary,1.98217595,-1,5.03057707,2.81593795,1
fields/00002__plt00002__fab0000_comp02_ez.f32__c0032__dt-f32/chunk_0,1000000,29,ndzip,primary,0.0757760033,-1,1.09658791,3.900644,1
fields/00002__plt00002__fab0000_comp02_ez.f32__c0040__dt-f32/chunk_0,1000000,2,ans shuffle=byte,primary,3.55209589,-1,5.03130121,4.38573789,1
fields/00002__plt00002__fab0000_comp02_ez.f32__c0048__dt-f32/chunk_0,1000000,2,ans shuffle=byte,primary,4.48591995,-1,5.032098,5.31942995,1
fields/00002__plt00002__fab0000_comp02_ez.f32__c0056__dt-f32/chunk_0,1000000,2,ans shuffle=byte,primary,4.37542391,-1,5.03301582,5.20878191,1
fields/00003__plt00003__fab0000_comp02_ez.f32__c0000__dt-f32/chunk_0,1000000,2,ans shuffle=byte,primary,2.06416011,-1,5.03161506,2.89775011,1
fields/00003__plt00003__fab0000_comp02_ez.f32__c0008__dt-f32/chunk_0,1000000,2,ans shuffle=byte,primary,1.06787205,-1,5.03273802,1.90127605,1
fields/00003__plt00003__fab0000_comp02_ez.f32__c0016__dt-f32/chunk_0,1000000,2,ans shuffle=byte,primary,2.28422403,-1,5.03213422,3.11772803,1
fields/00003__plt00003__fab0000_comp02_ez.f32__c0024__dt-f32/chunk_0,1000000,2,ans shuffle=byte,primary,1.13251197,-1,5.03057707,1.96627397,1
fields/00003__plt00003__fab0000_comp02_ez.f32__c0032__dt-f32/chunk_0,1000000,2,ans shuffle=byte,primary,2.35174394,-1,1.1341738,6.04985794,1
fields/00003__plt00003__fab0000_comp02_ez.f32__c0040__dt-f32/chunk_0,1000000,2,ans shuffle=byte,primary,0.616032004,-1,5.03130121,1.449674,1
fields/00003__plt00003__fab0000_comp02_ez.f32__c0048__dt-f32/chunk_0,1000000,2,ans shuffle=byte,primary,3.24899197,-1,5.032098,4.08250197,1
fields/00003__plt00003__fab0000_comp02_ez.f32__c0056__dt-f32/chunk_0,1000000,2,ans shuffle=byte,primary,2.73417592,-1,5.03301582,3.56753392,1
fields/00004__plt00004__fab0000_comp02_ez.f32__c0000__dt-f32/chunk_0,1000000,2,ans shuffle=byte,primary,5.02780819,-1,5.03161506,5.86139819,1
fields/00004__plt00004__fab0000_comp02_ez.f32__c0008__dt-f32/chunk_0,1000000,2,ans shuffle=byte,primary,3.30729604,-1,5.03273802,4.14070004,1
fields/00004__plt00004__fab0000_comp02_ez.f32__c0016__dt-f32/chunk_0,1000000,2,ans shuffle=byte,primary,3.49683189,-1,5.03213422,4.33033589,1
fields/00004__plt00004__fab0000_comp02_ez.f32__c0024__dt-f32/chunk_0,1000000,2,ans shuffle=byte,primary,2.09504008,-1,5.03057707,2.92880208,1
fields/00004__plt00004__fab0000_comp02_ez.f32__c0032__dt-f32/chunk_0,1000000,29,ndzip,primary,0.108543999,-1,1.09680355,3.93266,1
fields/00004__plt00004__fab0000_comp02_ez.f32__c0040__dt-f32/chunk_0,1000000,2,ans shuffle=byte,primary,1.18387198,-1,5.03130121,2.01751398,1
fields/00004__plt00004__fab0000_comp02_ez.f32__c0048__dt-f32/chunk_0,1000000,2,ans shuffle=byte,primary,0.225951999,-1,5.032098,1.059462,1
fields/00004__plt00004__fab0000_comp02_ez.f32__c0056__dt-f32/chunk_0,1000000,2,ans shuffle=byte,primary,1.75782394,-1,5.03301582,2.59118194,1
fields/00005__plt00005__fab0000_comp02_ez.f32__c0000__dt-f32/chunk_0,1000000,2,ans shuffle=byte,primary,1.59564805,-1,5.03161506,2.42923805,1
fields/00005__plt00005__fab0000_comp02_ez.f32__c0008__dt-f32/chunk_0,1000000,2,ans shuffle=byte,primary,1.51404798,-1,5.03273802,2.34745198,1
fields/00005__plt00005__fab0000_comp02_ez.f32__c0016__dt-f32/chunk_0,1000000,2,ans shuffle=byte,primary,1.43507195,-1,5.03213422,2.26857595,1
fields/00005__plt00005__fab0000_comp02_ez.f32__c0024__dt-f32/chunk_0,1000000,2,ans shuffle=byte,primary,1.99583995,-1,5.03057707,2.82960195,1
fields/00005__plt00005__fab0000_comp02_ez.f32__c0032__dt-f32/chunk_0,1000000,29,ndzip,primary,0.0768000036,-1,1.09660855,3.901596,1
fields/00005__plt00005__fab0000_comp02_ez.f32__c0040__dt-f32/chunk_0,1000000,2,ans shuffle=byte,primary,2.82319999,-1,5.03130121,3.65684199,1
fields/00005__plt00005__fab0000_comp02_ez.f32__c0048__dt-f32/chunk_0,1000000,2,ans shuffle=byte,primary,3.4155519,-1,5.032098,4.2490619,1
fields/00005__plt00005__fab0000_comp02_ez.f32__c0056__dt-f32/chunk_0,1000000,2,ans shuffle=byte,primary,4.63110399,-1,5.03301582,5.46446199,1
fields/00006__plt00006__fab0000_comp02_ez.f32__c0000__dt-f32/chunk_0,1000000,2,ans shuffle=byte,primary,4.10739183,-1,5.03161506,4.94098183,1
fields/00006__plt00006__fab0000_comp02_ez.f32__c0008__dt-f32/chunk_0,1000000,2,ans shuffle=byte,primary,1.82124805,-1,5.03273802,2.65465205,1
fields/00007__plt00007__fab0000_comp02_ez.f32__c0024__dt-f32/chunk_0,1000000,2,ans shuffle=byte,primary,3.77436805,-1,5.03057707,4.60813005,1
fields/00006__plt00006__fab0000_comp02_ez.f32__c0016__dt-f32/chunk_0,1000000,2,ans shuffle=byte,primary,1.42793596,-1,5.03213422,2.26143996,1
fields/00006__plt00006__fab0000_comp02_ez.f32__c0024__dt-f32/chunk_0,1000000,2,ans shuffle=byte,primary,3.42460799,-1,5.03057707,4.25836999,1
fields/00007__plt00007__fab0000_comp02_ez.f32__c0008__dt-f32/chunk_0,1000000,2,ans shuffle=byte,primary,4.29871988,-1,5.03273802,5.13212388,1
fields/00007__plt00007__fab0000_comp02_ez.f32__c0000__dt-f32/chunk_0,1000000,2,ans shuffle=byte,primary,2.81190395,-1,5.03161506,3.64549395,1
fields/00006__plt00006__fab0000_comp02_ez.f32__c0032__dt-f32/chunk_0,1000000,4,bitcomp algo=1 shuffle=bit type=char,primary,1.37011194,-1,1.13179948,5.07598394,1
fields/00007__plt00007__fab0000_comp02_ez.f32__c0016__dt-f32/chunk_0,1000000,2,ans shuffle=byte,primary,2.81360006,-1,5.03213422,3.64710406,1
fields/00006__plt00006__fab0000_comp02_ez.f32__c0048__dt-f32/chunk_0,1000000,2,ans shuffle=byte,primary,3.43756795,-1,5.032098,4.27107795,1
fields/00006__plt00006__fab0000_comp02_ez.f32__c0040__dt-f32/chunk_0,1000000,2,ans shuffle=byte,primary,3.78627205,-1,5.03130121,4.61991405,1
fields/00007__plt00007__fab0000_comp02_ez.f32__c0040__dt-f32/chunk_0,1000000,2,ans shuffle=byte,primary,2.98502398,-1,5.03130121,3.81866598,1
fields/00006__plt00006__fab0000_comp02_ez.f32__c0056__dt-f32/chunk_0,1000000,2,ans shuffle=byte,primary,2.98620796,-1,5.03301582,3.81956596,1
fields/00007__plt00007__fab0000_comp02_ez.f32__c0056__dt-f32/chunk_0,1000000,2,ans shuffle=byte,primary,2.56819201,-1,5.03301582,3.40155001,1
fields/00007__plt00007__fab0000_comp02_ez.f32__c0032__dt-f32/chunk_0,1000000,36,spratio shuffle=bit,primary,0.306367993,-1,1.10861879,4.08972799,1
fields/00008__plt00008__fab0000_comp02_ez.f32__c0000__dt-f32/chunk_0,1000000,2,ans shuffle=byte,primary,3.08675194,-1,5.03161506,3.92034194,1
fields/00007__plt00007__fab0000_comp02_ez.f32__c0048__dt-f32/chunk_0,1000000,2,ans shuffle=byte,primary,2.49484801,-1,5.032098,3.32835801,1
fields/00008__plt00008__fab0000_comp02_ez.f32__c0008__dt-f32/chunk_0,1000000,2,ans shuffle=byte,primary,2.19462395,-1,5.03273802,3.02802795,1
fields/00008__plt00008__fab0000_comp02_ez.f32__c0040__dt-f32/chunk_0,1000000,2,ans shuffle=byte,primary,3.25139189,-1,5.03130121,4.08503389,1
fields/00008__plt00008__fab0000_comp02_ez.f32__c0024__dt-f32/chunk_0,1000000,2,ans shuffle=byte,primary,0.782303989,-1,5.03057707,1.61606599,1
fields/00008__plt00008__fab0000_comp02_ez.f32__c0016__dt-f32/chunk_0,1000000,2,ans shuffle=byte,primary,0.748031974,-1,5.03213422,1.58153597,1
fields/00008__plt00008__fab0000_comp02_ez.f32__c0032__dt-f32/chunk_0,1000000,36,spratio shuffle=bit,primary,0.362208009,-1,1.11025717,4.13998501,1
fields/00009__plt00009__fab0000_comp02_ez.f32__c0040__dt-f32/chunk_0,1000000,2,ans shuffle=byte,primary,4.38998413,-1,5.03130121,5.22362613,1
fields/00008__plt00008__fab0000_comp02_ez.f32__c0048__dt-f32/chunk_0,1000000,2,ans shuffle=byte,primary,1.73632002,-1,5.032098,2.56983002,1
fields/00009__plt00009__fab0000_comp02_ez.f32__c0024__dt-f32/chunk_0,1000000,2,ans shuffle=byte,primary,4.61212778,-1,5.03057707,5.44588978,1
fields/00008__plt00008__fab0000_comp02_ez.f32__c0056__dt-f32/chunk_0,1000000,2,ans shuffle=byte,primary,3.42944002,-1,5.03301582,4.26279802,1
fields/00009__plt00009__fab0000_comp02_ez.f32__c0000__dt-f32/chunk_0,1000000,2,ans shuffle=byte,primary,4.52803183,-1,5.03161506,5.36162183,1
fields/00009__plt00009__fab0000_comp02_ez.f32__c0048__dt-f32/chunk_0,1000000,2,ans shuffle=byte,primary,3.48063993,-1,5.032098,4.31414993,1
fields/00009__plt00009__fab0000_comp02_ez.f32__c0016__dt-f32/chunk_0,1000000,2,ans shuffle=byte,primary,4.07846403,-1,5.03213422,4.91196803,1
fields/00009__plt00009__fab0000_comp02_ez.f32__c0008__dt-f32/chunk_0,1000000,2,ans shuffle=byte,primary,4.30825615,-1,5.03273802,5.14166015,1
fields/00009__plt00009__fab0000_comp02_ez.f32__c0032__dt-f32/chunk_0,1000000,36,spratio shuffle=bit,primary,0.778912008,-1,1.11091352,4.55445701,1
fields/00010__plt00010__fab0000_comp02_ez.f32__c0000__dt-f32/chunk_0,1000000,2,ans shuffle=byte,primary,3.00697589,-1,5.03161506,3.84056589,1
fields/00009__plt00009__fab0000_comp02_ez.f32__c0056__dt-f32/chunk_0,1000000,2,ans shuffle=byte,primary,11.8461761,-1,5.03301582,12.6795341,1
fields/00010__plt00010__fab0000_comp02_ez.f32__c0008__dt-f32/chunk_0,1000000,2,ans shuffle=byte,primary,2.17055988,-1,5.03273802,3.00396388,1
fields/00010__plt00010__fab0000_comp02_ez.f32__c0040__dt-f32/chunk_0,1000000,2,ans shuffle=byte,primary,3.62147188,-1,5.03130121,4.45511388,1
fields/00010__plt00010__fab0000_comp02_ez.f32__c0024__dt-f32/chunk_0,1000000,2,ans shuffle=byte,primary,4.085536,-1,5.03057707,4.919298,1
fields/00010__plt00010__fab0000_comp02_ez.f32__c0016__dt-f32/chunk_0,1000000,2,ans shuffle=byte,primary,4.16195202,-1,5.03213422,4.99545602,1
fields/00010__plt00010__fab0000_comp02_ez.f32__c0048__dt-f32/chunk_0,1000000,2,ans shuffle=byte,primary,3.25004792,-1,5.032098,4.08355792,1
fields/00010__plt00010__fab0000_comp02_ez.f32__c0032__dt-f32/chunk_0,1000000,36,spratio shuffle=bit,primary,1.39232004,-1,1.11214097,5.16369804,1
fields/00011__plt00011__fab0000_comp02_ez.f32__c0008__dt-f32/chunk_0,1000000,2,ans shuffle=byte,primary,1.942976,-1,5.03273802,2.77638,1
fields/00011__plt00011__fab0000_comp02_ez.f32__c0000__dt-f32/chunk_0,1000000,2,ans shuffle=byte,primary,3.67824006,-1,5.03161506,4.51183006,1
fields/00010__plt00010__fab0000_comp02_ez.f32__c0056__dt-f32/chunk_0,1000000,2,ans shuffle=byte,primary,3.22860789,-1,5.03301582,4.06196589,1
fields/00011__plt00011__fab0000_comp02_ez.f32__c0024__dt-f32/chunk_0,1000000,2,ans shuffle=byte,primary,3.12038398,-1,5.03057707,3.95414598,1
fields/00011__plt00011__fab0000_comp02_ez.f32__c0016__dt-f32/chunk_0,1000000,2,ans shuffle=byte,primary,3.68236804,-1,5.03213422,4.51587204,1
fields/00011__plt00011__fab0000_comp02_ez.f32__c0056__dt-f32/chunk_0,1000000,2,ans shuffle=byte,primary,1.97382402,-1,5.03301582,2.80718202,1
fields/00011__plt00011__fab0000_comp02_ez.f32__c0048__dt-f32/chunk_0,1000000,2,ans shuffle=byte,primary,2.3339839,-1,5.032098,3.1674939,1
fields/00012__plt00012__fab0000_comp02_ez.f32__c0000__dt-f32/chunk_0,1000000,2,ans shuffle=byte,primary,2.09295988,-1,5.03161506,2.92654988,1
fields/00012__plt00012__fab0000_comp02_ez.f32__c0016__dt-f32/chunk_0,1000000,2,ans shuffle=byte,primary,4.31756783,-1,5.03213422,5.15107183,1
fields/00012__plt00012__fab0000_comp02_ez.f32__c0008__dt-f32/chunk_0,1000000,2,ans shuffle=byte,primary,4.11427212,-1,5.03273802,4.94767612,1
fields/00012__plt00012__fab0000_comp02_ez.f32__c0024__dt-f32/chunk_0,1000000,2,ans shuffle=byte,primary,3.72899199,-1,5.03057707,4.56275399,1
fields/00011__plt00011__fab0000_comp02_ez.f32__c0032__dt-f32/chunk_0,1000000,36,spratio shuffle=bit,primary,0.168127999,-1,1.11222797,3.939211,1
fields/00011__plt00011__fab0000_comp02_ez.f32__c0040__dt-f32/chunk_0,1000000,2,ans shuffle=byte,primary,1.87942398,-1,5.03130121,2.71306598,1
fields/00012__plt00012__fab0000_comp02_ez.f32__c0032__dt-f32/chunk_0,1000000,36,spratio shuffle=bit,primary,0.887103975,-1,1.11278539,4.65629797,1
fields/00013__plt00013__fab0000_comp02_ez.f32__c0056__dt-f32/chunk_0,1000000,2,ans shuffle=byte,primary,1.12486398,-1,5.03301582,1.95822198,1
fields/00013__plt00013__fab0000_comp02_ez.f32__c0008__dt-f32/chunk_0,1000000,2,ans shuffle=byte,primary,1.99644804,-1,5.03273802,2.82985204,1
fields/00013__plt00013__fab0000_comp02_ez.f32__c0000__dt-f32/chunk_0,1000000,2,ans shuffle=byte,primary,0.471455991,-1,5.03161506,1.30504599,1
fields/00012__plt00012__fab0000_comp02_ez.f32__c0056__dt-f32/chunk_0,1000000,2,ans shuffle=byte,primary,0.694335997,-1,5.03301582,1.527694,1
fields/00012__plt00012__fab0000_comp02_ez.f32__c0040__dt-f32/chunk_0,1000000,2,ans shuffle=byte,primary,2.81561589,-1,5.03130121,3.64925789,1
fields/00012__plt00012__fab0000_comp02_ez.f32__c0048__dt-f32/chunk_0,1000000,2,ans shuffle=byte,primary,2.3566401,-1,5.032098,3.1901501,1
fields/00014__plt00014__fab0000_comp02_ez.f32__c0000__dt-f32/chunk_0,1000000,2,ans shuffle=byte,primary,1.80672002,-1,5.03161506,2.64031002,1
fields/00013__plt00013__fab0000_comp02_ez.f32__c0024__dt-f32/chunk_0,1000000,2,ans shuffle=byte,primary,6.2656641,-1,5.03057707,7.0994261,1
fields/00013__plt00013__fab0000_comp02_ez.f32__c0040__dt-f32/chunk_0,1000000,2,ans shuffle=byte,primary,3.69190407,-1,5.03130121,4.52554607,1
fields/00013__plt00013__fab0000_comp02_ez.f32__c0016__dt-f32/chunk_0,1000000,2,ans shuffle=byte,primary,1.12479997,-1,5.03213422,1.95830397,1
fields/00013__plt00013__fab0000_comp02_ez.f32__c0048__dt-f32/chunk_0,1000000,2,ans shuffle=byte,primary,1.64582396,-1,5.032098,2.47933396,1
fields/00013__plt00013__fab0000_comp02_ez.f32__c0032__dt-f32/chunk_0,1000000,36,spratio shuffle=bit,primary,0.119967997,-1,1.11352868,3.886646,1
fields/00014__plt00014__fab0000_comp02_ez.f32__c0008__dt-f32/chunk_0,1000000,2,ans shuffle=byte,primary,3.88944006,-1,5.03273802,4.72284406,1
fields/00014__plt00014__fab0000_comp02_ez.f32__c0056__dt-f32/chunk_0,1000000,2,ans shuffle=byte,primary,1.92620802,-1,5.03301582,2.75956602,1
fields/00015__plt00015__fab0000_comp02_ez.f32__c0016__dt-f32/chunk_0,1000000,2,ans shuffle=byte,primary,3.26678395,-1,5.03213422,4.10028795,1
fields/00015__plt00015__fab0000_comp02_ez.f32__c0032__dt-f32/chunk_0,1000000,36,spratio shuffle=bit,primary,0.232288003,-1,1.11421082,3.99666,1
fields/00014__plt00014__fab0000_comp02_ez.f32__c0016__dt-f32/chunk_0,1000000,2,ans shuffle=byte,primary,3.38886404,-1,5.03213422,4.22236804,1
fields/00014__plt00014__fab0000_comp02_ez.f32__c0024__dt-f32/chunk_0,1000000,2,ans shuffle=byte,primary,3.32476807,-1,5.03057707,4.15853007,1
fields/00014__plt00014__fab0000_comp02_ez.f32__c0032__dt-f32/chunk_0,1000000,36,spratio shuffle=bit,primary,0.533151984,-1,1.11411256,4.29785598,1
fields/00014__plt00014__fab0000_comp02_ez.f32__c0040__dt-f32/chunk_0,1000000,2,ans shuffle=byte,primary,1.15488005,-1,5.03130121,1.98852205,1
fields/00014__plt00014__fab0000_comp02_ez.f32__c0048__dt-f32/chunk_0,1000000,2,ans shuffle=byte,primary,0.532447994,-1,5.032098,1.36595799,1
fields/00015__plt00015__fab0000_comp02_ez.f32__c0000__dt-f32/chunk_0,1000000,2,ans shuffle=byte,primary,1.98620796,-1,5.03161506,2.81979796,1
fields/00015__plt00015__fab0000_comp02_ez.f32__c0008__dt-f32/chunk_0,1000000,2,ans shuffle=byte,primary,2.51187205,-1,5.03273802,3.34527605,1
fields/00015__plt00015__fab0000_comp02_ez.f32__c0024__dt-f32/chunk_0,1000000,2,ans shuffle=byte,primary,2.07190394,-1,5.03057707,2.90566594,1
fields/00015__plt00015__fab0000_comp02_ez.f32__c0040__dt-f32/chunk_0,1000000,2,ans shuffle=byte,primary,2.52902389,-1,5.03130121,3.36266589,1
fields/00015__plt00015__fab0000_comp02_ez.f32__c0048__dt-f32/chunk_0,1000000,2,ans shuffle=byte,primary,2.5790081,-1,5.032098,3.4125181,1
fields/00015__plt00015__fab0000_comp02_ez.f32__c0056__dt-f32/chunk_0,1000000,2,ans shuffle=byte,primary,3.77107191,-1,5.03301582,4.60442991,1
fields/00016__plt00016__fab0000_comp02_ez.f32__c0000__dt-f32/chunk_0,1000000,2,ans shuffle=byte,primary,3.33536005,-1,5.03161506,4.16895005,1
fields/00016__plt00016__fab0000_comp02_ez.f32__c0016__dt-f32/chunk_0,1000000,2,ans shuffle=byte,primary,3.85651207,-1,5.03213422,4.69001607,1
fields/00017__plt00017__fab0000_comp02_ez.f32__c0000__dt-f32/chunk_0,1000000,2,ans shuffle=byte,primary,3.2603519,-1,5.03161506,4.0939419,1
fields/00016__plt00016__fab0000_comp02_ez.f32__c0048__dt-f32/chunk_0,1000000,2,ans shuffle=byte,primary,2.64780807,-1,5.032098,3.48131807,1
fields/00016__plt00016__fab0000_comp02_ez.f32__c0040__dt-f32/chunk_0,1000000,2,ans shuffle=byte,primary,3.13436794,-1,5.03130121,3.96800994,1
fields/00016__plt00016__fab0000_comp02_ez.f32__c0008__dt-f32/chunk_0,1000000,2,ans shuffle=byte,primary,3.05724812,-1,5.03273802,3.89065212,1
fields/00016__plt00016__fab0000_comp02_ez.f32__c0056__dt-f32/chunk_0,1000000,2,ans shuffle=byte,primary,1.57964802,-1,5.03301582,2.41300602,1
fields/00016__plt00016__fab0000_comp02_ez.f32__c0024__dt-f32/chunk_0,1000000,2,ans shuffle=byte,primary,2.69808006,-1,5.03057707,3.53184206,1
fields/00017__plt00017__fab0000_comp02_ez.f32__c0016__dt-f32/chunk_0,1000000,2,ans shuffle=byte,primary,3.79843211,-1,5.03213422,4.63193611,1
fields/00016__plt00016__fab0000_comp02_ez.f32__c0032__dt-f32/chunk_0,1000000,29,ndzip,primary,0.217087999,-1,1.09884255,4.034108,1
fields/00017__plt00017__fab0000_comp02_ez.f32__c0056__dt-f32/chunk_0,1000000,2,ans shuffle=byte,primary,2.24281597,-1,5.03301582,3.07617397,1
fields/00017__plt00017__fab0000_comp02_ez.f32__c0048__dt-f32/chunk_0,1000000,2,ans shuffle=byte,primary,1.22057605,-1,5.032098,2.05408605,1
fields/00017__plt00017__fab0000_comp02_ez.f32__c0008__dt-f32/chunk_0,1000000,2,ans shuffle=byte,primary,2.04521608,-1,5.03273802,2.87862008,1
fields/00017__plt00017__fab0000_comp02_ez.f32__c0024__dt-f32/chunk_0,1000000,2,ans shuffle=byte,primary,1.65110397,-1,5.03057707,2.48486597,1
fields/00017__plt00017__fab0000_comp02_ez.f32__c0032__dt-f32/chunk_0,1000000,36,spratio shuffle=bit,primary,0.286688,-1,1.11481466,4.049021,1
fields/00018__plt00018__fab0000_comp02_ez.f32__c0008__dt-f32/chunk_0,1000000,2,ans shuffle=byte,primary,5.73132801,-1,5.03273802,6.56473201,1
fields/00017__plt00017__fab0000_comp02_ez.f32__c0040__dt-f32/chunk_0,1000000,2,ans shuffle=byte,primary,0.385695994,-1,5.03130121,1.21933799,1
fields/00018__plt00018__fab0000_comp02_ez.f32__c0024__dt-f32/chunk_0,1000000,2,ans shuffle=byte,primary,2.27033591,-1,5.03057707,3.10409791,1
fields/00018__plt00018__fab0000_comp02_ez.f32__c0000__dt-f32/chunk_0,1000000,2,ans shuffle=byte,primary,2.657408,-1,5.03161506,3.490998,1
fields/00018__plt00018__fab0000_comp02_ez.f32__c0016__dt-f32/chunk_0,1000000,2,ans shuffle=byte,primary,4.46723223,-1,5.03213422,5.30073623,1
fields/00018__plt00018__fab0000_comp02_ez.f32__c0032__dt-f32/chunk_0,1000000,2,ans shuffle=byte,primary,4.66207981,-1,1.13536316,8.35631981,1
fields/00018__plt00018__fab0000_comp02_ez.f32__c0040__dt-f32/chunk_0,1000000,2,ans shuffle=byte,primary,3.749856,-1,5.03130121,4.583498,1
fields/00019__plt00019__fab0000_comp02_ez.f32__c0024__dt-f32/chunk_0,1000000,2,ans shuffle=byte,primary,0.200256005,-1,5.03057707,1.034018,1
fields/00018__plt00018__fab0000_comp02_ez.f32__c0048__dt-f32/chunk_0,1000000,2,ans shuffle=byte,primary,1.75500798,-1,5.032098,2.58851798,1
fields/00018__plt00018__fab0000_comp02_ez.f32__c0056__dt-f32/chunk_0,1000000,2,ans shuffle=byte,primary,1.51727998,-1,5.03301582,2.35063798,1
fields/00019__plt00019__fab0000_comp02_ez.f32__c0000__dt-f32/chunk_0,1000000,2,ans shuffle=byte,primary,0.442144006,-1,5.03161506,1.27573401,1
fields/00019__plt00019__fab0000_comp02_ez.f32__c0040__dt-f32/chunk_0,1000000,2,ans shuffle=byte,primary,1.63884795,-1,5.03130121,2.47248995,1
fields/00019__plt00019__fab0000_comp02_ez.f32__c0048__dt-f32/chunk_0,1000000,2,ans shuffle=byte,primary,1.50495994,-1,5.032098,2.33846994,1
fields/00019__plt00019__fab0000_comp02_ez.f32__c0016__dt-f32/chunk_0,1000000,2,ans shuffle=byte,primary,0.28739199,-1,5.03213422,1.12089599,1
fields/00019__plt00019__fab0000_comp02_ez.f32__c0008__dt-f32/chunk_0,1000000,2,ans shuffle=byte,primary,0.237535998,-1,5.03273802,1.07094,1
fields/00019__plt00019__fab0000_comp02_ez.f32__c0032__dt-f32/chunk_0,1000000,36,spratio shuffle=bit,primary,0.684000015,-1,1.11620253,4.44165502,1
fields/00020__plt00020__fab0000_comp02_ez.f32__c0056__dt-f32/chunk_0,1000000,2,ans shuffle=byte,primary,2.79728007,-1,5.03301582,3.63063807,1
fields/00020__plt00020__fab0000_comp02_ez.f32__c0008__dt-f32/chunk_0,1000000,2,ans shuffle=byte,primary,2.53340793,-1,5.03273802,3.36681193,1
fields/00020__plt00020__fab0000_comp02_ez.f32__c0032__dt-f32/chunk_0,1000000,36,spratio shuffle=bit,primary,1.66646397,-1,1.11635553,5.42360397,1
fields/00020__plt00020__fab0000_comp02_ez.f32__c0024__dt-f32/chunk_0,1000000,2,ans shuffle=byte,primary,3.12473607,-1,5.03057707,3.95849807,1
fields/00020__plt00020__fab0000_comp02_ez.f32__c0048__dt-f32/chunk_0,1000000,2,ans shuffle=byte,primary,2.26176,-1,5.032098,3.09527,1
fields/00020__plt00020__fab0000_comp02_ez.f32__c0016__dt-f32/chunk_0,1000000,2,ans shuffle=byte,primary,3.18403196,-1,5.03213422,4.01753596,1
fields/00019__plt00019__fab0000_comp02_ez.f32__c0056__dt-f32/chunk_0,1000000,2,ans shuffle=byte,primary,3.72348809,-1,5.03301582,4.55684609,1
fields/00020__plt00020__fab0000_comp02_ez.f32__c0000__dt-f32/chunk_0,1000000,2,ans shuffle=byte,primary,1.08374405,-1,5.03161506,1.91733405,1
fields/00020__plt00020__fab0000_comp02_ez.f32__c0040__dt-f32/chunk_0,1000000,2,ans shuffle=byte,primary,14.3229761,-1,5.03130121,15.1566181,1
fields/00021__plt00021__fab0000_comp02_ez.f32__c0024__dt-f32/chunk_0,1000000,2,ans shuffle=byte,primary,2.32998395,-1,5.03057707,3.16374595,1
fields/00021__plt00021__fab0000_comp02_ez.f32__c0016__dt-f32/chunk_0,1000000,2,ans shuffle=byte,primary,3.0053761,-1,5.03213422,3.8388801,1
fields/00021__plt00021__fab0000_comp02_ez.f32__c0008__dt-f32/chunk_0,1000000,2,ans shuffle=byte,primary,2.60262394,-1,5.03273802,3.43602794,1
fields/00021__plt00021__fab0000_comp02_ez.f32__c0048__dt-f32/chunk_0,1000000,2,ans shuffle=byte,primary,4.57142401,-1,5.032098,5.40493401,1
fields/00021__plt00021__fab0000_comp02_ez.f32__c0000__dt-f32/chunk_0,1000000,2,ans shuffle=byte,primary,2.17465591,-1,5.03161506,3.00824591,1
fields/00021__plt00021__fab0000_comp02_ez.f32__c0032__dt-f32/chunk_0,1000000,36,spratio shuffle=bit,primary,0.303871989,-1,1.11687218,4.05927399,1
fields/00022__plt00022__fab0000_comp02_ez.f32__c0008__dt-f32/chunk_0,1000000,2,ans shuffle=byte,primary,2.79804802,-1,5.03273802,3.63145202,1
fields/00021__plt00021__fab0000_comp02_ez.f32__c0040__dt-f32/chunk_0,1000000,2,ans shuffle=byte,primary,2.52947211,-1,5.03130121,3.36311411,1
fields/00022__plt00022__fab0000_comp02_ez.f32__c0032__dt-f32/chunk_0,1000000,36,spratio shuffle=bit,primary,0.953760028,-1,1.11743306,4.70727703,1
fields/00022__plt00022__fab0000_comp02_ez.f32__c0040__dt-f32/chunk_0,1000000,2,ans shuffle=byte,primary,1.94975996,-1,5.03130121,2.78340196,1
fields/00021__plt00021__fab0000_comp02_ez.f32__c0056__dt-f32/chunk_0,1000000,2,ans shuffle=byte,primary,2.901088,-1,5.03301582,3.734446,1
fields/00022__plt00022__fab0000_comp02_ez.f32__c0000__dt-f32/chunk_0,1000000,2,ans shuffle=byte,primary,6.78886414,-1,5.03161506,7.62245414,1
fields/00022__plt00022__fab0000_comp02_ez.f32__c0016__dt-f32/chunk_0,1000000,2,ans shuffle=byte,primary,4.19414377,-1,5.03213422,5.02764777,1
fields/00022__plt00022__fab0000_comp02_ez.f32__c0024__dt-f32/chunk_0,1000000,2,ans shuffle=byte,primary,3.27532792,-1,5.03057707,4.10908992,1
fields/00022__plt00022__fab0000_comp02_ez.f32__c0048__dt-f32/chunk_0,1000000,2,ans shuffle=byte,primary,1.63145602,-1,5.032098,2.46496602,1
fields/00022__plt00022__fab0000_comp02_ez.f32__c0056__dt-f32/chunk_0,1000000,2,ans shuffle=byte,primary,2.11004806,-1,5.03301582,2.94340606,1
fields/00023__plt00023__fab0000_comp02_ez.f32__c0016__dt-f32/chunk_0,1000000,2,ans shuffle=byte,primary,4.46409607,-1,5.03213422,5.29760007,1
fields/00023__plt00023__fab0000_comp02_ez.f32__c0000__dt-f32/chunk_0,1000000,2,ans shuffle=byte,primary,3.27654409,-1,5.03161506,4.11013409,1
fields/00023__plt00023__fab0000_comp02_ez.f32__c0024__dt-f32/chunk_0,1000000,2,ans shuffle=byte,primary,1.67827201,-1,5.03057707,2.51203401,1
fields/00023__plt00023__fab0000_comp02_ez.f32__c0008__dt-f32/chunk_0,1000000,2,ans shuffle=byte,primary,2.3645761,-1,5.03273802,3.1979801,1
fields/00023__plt00023__fab0000_comp02_ez.f32__c0056__dt-f32/chunk_0,1000000,2,ans shuffle=byte,primary,3.12457609,-1,5.03301582,3.95793409,1
fields/00023__plt00023__fab0000_comp02_ez.f32__c0032__dt-f32/chunk_0,1000000,36,spratio shuffle=bit,primary,0.480096012,-1,1.11843663,4.23024501,1
fields/00024__plt00024__fab0000_comp02_ez.f32__c0008__dt-f32/chunk_0,1000000,2,ans shuffle=byte,primary,1.70467198,-1,5.03273802,2.53807598,1
fields/00024__plt00024__fab0000_comp02_ez.f32__c0016__dt-f32/chunk_0,1000000,2,ans shuffle=byte,primary,2.19974399,-1,5.03213422,3.03324799,1
fields/00024__plt00024__fab0000_comp02_ez.f32__c0032__dt-f32/chunk_0,1000000,36,spratio shuffle=bit,primary,0.643360019,-1,1.11759325,4.39633902,1
fields/00023__plt00023__fab0000_comp02_ez.f32__c0040__dt-f32/chunk_0,1000000,2,ans shuffle=byte,primary,13.45504,-1,5.03130121,14.288682,1
fields/00023__plt00023__fab0000_comp02_ez.f32__c0048__dt-f32/chunk_0,1000000,2,ans shuffle=byte,primary,1.78460801,-1,5.032098,2.61811801,1
fields/00024__plt00024__fab0000_comp02_ez.f32__c0000__dt-f32/chunk_0,1000000,2,ans shuffle=byte,primary,1.19788802,-1,5.03161506,2.03147802,1
fields/00024__plt00024__fab0000_comp02_ez.f32__c0024__dt-f32/chunk_0,1000000,2,ans shuffle=byte,primary,2.77760005,-1,5.03057707,3.61136205,1
fields/00024__plt00024__fab0000_comp02_ez.f32__c0040__dt-f32/chunk_0,1000000,2,ans shuffle=byte,primary,4.06252813,-1,5.03130121,4.89617013,1
fields/00024__plt00024__fab0000_comp02_ez.f32__c0048__dt-f32/chunk_0,1000000,2,ans shuffle=byte,primary,4.57030392,-1,5.032098,5.40381392,1
fields/00025__plt00025__fab0000_comp02_ez.f32__c0000__dt-f32/chunk_0,1000000,2,ans shuffle=byte,primary,3.46431994,-1,5.03161506,4.29790994,1
fields/00024__plt00024__fab0000_comp02_ez.f32__c0056__dt-f32/chunk_0,1000000,2,ans shuffle=byte,primary,3.73420811,-1,5.03301582,4.56756611,1
fields/00025__plt00025__fab0000_comp02_ez.f32__c0008__dt-f32/chunk_0,1000000,2,ans shuffle=byte,primary,0.748351991,-1,5.03273802,1.58175599,1
fields/00025__plt00025__fab0000_comp02_ez.f32__c0016__dt-f32/chunk_0,1000000,2,ans shuffle=byte,primary,0.865472019,-1,5.03213422,1.69897602,1
fields/00025__plt00025__fab0000_comp02_ez.f32__c0056__dt-f32/chunk_0,1000000,2,ans shuffle=byte,primary,3.60012794,-1,5.03301582,4.43348594,1
fields/00025__plt00025__fab0000_comp02_ez.f32__c0024__dt-f32/chunk_0,1000000,2,ans shuffle=byte,primary,2.27734399,-1,5.03057707,3.11110599,1
fields/00025__plt00025__fab0000_comp02_ez.f32__c0032__dt-f32/chunk_0,1000000,36,spratio shuffle=bit,primary,0.276351988,-1,1.11769719,4.02898199,1
fields/00026__plt00026__fab0000_comp02_ez.f32__c0016__dt-f32/chunk_0,1000000,2,ans shuffle=byte,primary,2.24969602,-1,5.03213422,3.08320002,1
fields/00025__plt00025__fab0000_comp02_ez.f32__c0048__dt-f32/chunk_0,1000000,2,ans shuffle=byte,primary,2.52956796,-1,5.032098,3.36307796,1
fields/00025__plt00025__fab0000_comp02_ez.f32__c0040__dt-f32/chunk_0,1000000,2,ans shuffle=byte,primary,2.25350404,-1,5.03130121,3.08714604,1
fields/00026__plt00026__fab0000_comp02_ez.f32__c0008__dt-f32/chunk_0,1000000,2,ans shuffle=byte,primary,4.02483177,-1,5.03273802,4.85823577,1
fields/00026__plt00026__fab0000_comp02_ez.f32__c0040__dt-f32/chunk_0,1000000,2,ans shuffle=byte,primary,3.85011196,-1,5.03130121,4.68375396,1
fields/00026__plt00026__fab0000_comp02_ez.f32__c0024__dt-f32/chunk_0,1000000,2,ans shuffle=byte,primary,3.77398396,-1,5.03057707,4.60774596,1
fields/00026__plt00026__fab0000_comp02_ez.f32__c0048__dt-f32/chunk_0,1000000,2,ans shuffle=byte,primary,3.19408011,-1,5.032098,4.02759011,1
fields/00026__plt00026__fab0000_comp02_ez.f32__c0000__dt-f32/chunk_0,1000000,2,ans shuffle=byte,primary,2.9049921,-1,5.03161506,3.7385821,1
fields/00026__plt00026__fab0000_comp02_ez.f32__c0032__dt-f32/chunk_0,1000000,29,ndzip,primary,0.0778239965,-1,1.10314645,3.879952,1
fields/00026__plt00026__fab0000_comp02_ez.f32__c0056__dt-f32/chunk_0,1000000,2,ans shuffle=byte,primary,1.95846403,-1,5.03301582,2.79182203,1
fields/00028__plt00028__fab0000_comp02_ez.f32__c0008__dt-f32/chunk_0,1000000,2,ans shuffle=byte,primary,3.142272,-1,5.03273802,3.975676,1
fields/00027__plt00027__fab0000_comp02_ez.f32__c0024__dt-f32/chunk_0,1000000,2,ans shuffle=byte,primary,2.56351995,-1,5.03057707,3.39728195,1
fields/00027__plt00027__fab0000_comp02_ez.f32__c0048__dt-f32/chunk_0,1000000,2,ans shuffle=byte,primary,1.86697602,-1,5.032098,2.70048602,1
fields/00027__plt00027__fab0000_comp02_ez.f32__c0032__dt-f32/chunk_0,1000000,36,spratio shuffle=bit,primary,0.320479989,-1,1.11828127,4.07114999,1
fields/00027__plt00027__fab0000_comp02_ez.f32__c0000__dt-f32/chunk_0,1000000,2,ans shuffle=byte,primary,4.02351999,-1,5.03161506,4.85710999,1
fields/00028__plt00028__fab0000_comp02_ez.f32__c0000__dt-f32/chunk_0,1000000,2,ans shuffle=byte,primary,3.5223999,-1,5.03161506,4.3559899,1
fields/00027__plt00027__fab0000_comp02_ez.f32__c0008__dt-f32/chunk_0,1000000,2,ans shuffle=byte,primary,4.02479982,-1,5.03273802,4.85820382,1
fields/00028__plt00028__fab0000_comp02_ez.f32__c0024__dt-f32/chunk_0,1000000,2,ans shuffle=byte,primary,3.5841279,-1,5.03057707,4.4178899,1
fields/00028__plt00028__fab0000_comp02_ez.f32__c0016__dt-f32/chunk_0,1000000,2,ans shuffle=byte,primary,3.65081596,-1,5.03213422,4.48431996,1
fields/00027__plt00027__fab0000_comp02_ez.f32__c0016__dt-f32/chunk_0,1000000,2,ans shuffle=byte,primary,20.4815998,-1,5.03213422,21.3151038,1
fields/00027__plt00027__fab0000_comp02_ez.f32__c0040__dt-f32/chunk_0,1000000,2,ans shuffle=byte,primary,2.25513601,-1,5.03130121,3.08877801,1
fields/00028__plt00028__fab0000_comp02_ez.f32__c0056__dt-f32/chunk_0,1000000,2,ans shuffle=byte,primary,2.47606397,-1,5.03301582,3.30942197,1
fields/00027__plt00027__fab0000_comp02_ez.f32__c0056__dt-f32/chunk_0,1000000,2,ans shuffle=byte,primary,3.54691195,-1,5.03301582,4.38026995,1
fields/00028__plt00028__fab0000_comp02_ez.f32__c0040__dt-f32/chunk_0,1000000,2,ans shuffle=byte,primary,3.07145596,-1,5.03130121,3.90509796,1
fields/00028__plt00028__fab0000_comp02_ez.f32__c0032__dt-f32/chunk_0,1000000,2,ans shuffle=byte,primary,3.00310397,-1,1.13818904,6.68817197,1
fields/00028__plt00028__fab0000_comp02_ez.f32__c0048__dt-f32/chunk_0,1000000,2,ans shuffle=byte,primary,1.10364795,-1,5.032098,1.93715795,1
fields/00029__plt00029__fab0000_comp02_ez.f32__c0008__dt-f32/chunk_0,1000000,2,ans shuffle=byte,primary,2.45692801,-1,5.03273802,3.29033201,1
fields/00029__plt00029__fab0000_comp02_ez.f32__c0000__dt-f32/chunk_0,1000000,2,ans shuffle=byte,primary,2.9906559,-1,5.03161506,3.8242459,1
fields/00030__plt00030__fab0000_comp02_ez.f32__c0000__dt-f32/chunk_0,1000000,2,ans shuffle=byte,primary,2.76320004,-1,5.03161506,3.59679004,1
fields/00029__plt00029__fab0000_comp02_ez.f32__c0040__dt-f32/chunk_0,1000000,2,ans shuffle=byte,primary,4.8967042,-1,5.03130121,5.7303462,1
fields/00029__plt00029__fab0000_comp02_ez.f32__c0016__dt-f32/chunk_0,1000000,2,ans shuffle=byte,primary,2.17632008,-1,5.03213422,3.00982408,1
fields/00029__plt00029__fab0000_comp02_ez.f32__c0024__dt-f32/chunk_0,1000000,2,ans shuffle=byte,primary,1.73014402,-1,5.03057707,2.56390602,1
fields/00030__plt00030__fab0000_comp02_ez.f32__c0008__dt-f32/chunk_0,1000000,2,ans shuffle=byte,primary,3.49196792,-1,5.03273802,4.32537192,1
fields/00029__plt00029__fab0000_comp02_ez.f32__c0048__dt-f32/chunk_0,1000000,2,ans shuffle=byte,primary,3.11350393,-1,5.032098,3.94701393,1
fields/00030__plt00030__fab0000_comp02_ez.f32__c0016__dt-f32/chunk_0,1000000,2,ans shuffle=byte,primary,2.16140795,-1,5.03213422,2.99491195,1
fields/00029__plt00029__fab0000_comp02_ez.f32__c0032__dt-f32/chunk_0,1000000,36,spratio shuffle=bit,primary,0.25107199,-1,1.11804756,4.00252599,1
fields/00030__plt00030__fab0000_comp02_ez.f32__c0032__dt-f32/chunk_0,1000000,36,spratio shuffle=bit,primary,1.11756802,-1,1.11832271,4.86809902,1
fields/00029__plt00029__fab0000_comp02_ez.f32__c0056__dt-f32/chunk_0,1000000,2,ans shuffle=byte,primary,2.91433597,-1,5.03301582,3.74769397,1
fields/00030__plt00030__fab0000_comp02_ez.f32__c0024__dt-f32/chunk_0,1000000,2,ans shuffle=byte,primary,3.99036789,-1,5.03057707,4.82412989,1
fields/00030__plt00030__fab0000_comp02_ez.f32__c0040__dt-f32/chunk_0,1000000,2,ans shuffle=byte,primary,1.49961603,-1,5.03130121,2.33325803,1
fields/00030__plt00030__fab0000_comp02_ez.f32__c0048__dt-f32/chunk_0,1000000,2,ans shuffle=byte,primary,1.02918398,-1,5.032098,1.86269398,1
fields/00030__plt00030__fab0000_comp02_ez.f32__c0056__dt-f32/chunk_0,1000000,2,ans shuffle=byte,primary,2.36412811,-1,5.03301582,3.19748611,1
fields/00031__plt00031__fab0000_comp02_ez.f32__c0024__dt-f32/chunk_0,1000000,2,ans shuffle=byte,primary,2.66476798,-1,5.03057707,3.49852998,1
fields/00031__plt00031__fab0000_comp02_ez.f32__c0008__dt-f32/chunk_0,1000000,2,ans shuffle=byte,primary,3.39603209,-1,5.03273802,4.22943609,1
fields/00031__plt00031__fab0000_comp02_ez.f32__c0048__dt-f32/chunk_0,1000000,2,ans shuffle=byte,primary,0.673471987,-1,5.032098,1.50698199,1
fields/00031__plt00031__fab0000_comp02_ez.f32__c0032__dt-f32/chunk_0,1000000,2,ans shuffle=byte,primary,2.38102388,-1,1.14019835,6.05959788,1
fields/00031__plt00031__fab0000_comp02_ez.f32__c0000__dt-f32/chunk_0,1000000,2,ans shuffle=byte,primary,4.1042881,-1,5.03161506,4.9378781,1
fields/00031__plt00031__fab0000_comp02_ez.f32__c0056__dt-f32/chunk_0,1000000,2,ans shuffle=byte,primary,1.93580794,-1,5.03301582,2.76916594,1
fields/00031__plt00031__fab0000_comp02_ez.f32__c0040__dt-f32/chunk_0,1000000,2,ans shuffle=byte,primary,2.38271999,-1,5.03130121,3.21636199,1
fields/00031__plt00031__fab0000_comp02_ez.f32__c0016__dt-f32/chunk_0,1000000,2,ans shuffle=byte,primary,4.00742388,-1,5.03213422,4.84092788,1
fields/00032__plt00032__fab0000_comp02_ez.f32__c0024__dt-f32/chunk_0,1000000,2,ans shuffle=byte,primary,0.240352005,-1,5.03057707,1.074114,1
fields/00032__plt00032__fab0000_comp02_ez.f32__c0000__dt-f32/chunk_0,1000000,2,ans shuffle=byte,primary,6.41648006,-1,5.03161506,7.25007006,1
fields/00032__plt00032__fab0000_comp02_ez.f32__c0048__dt-f32/chunk_0,1000000,2,ans shuffle=byte,primary,1.57916796,-1,5.032098,2.41267796,1
fields/00032__plt00032__fab0000_comp02_ez.f32__c0008__dt-f32/chunk_0,1000000,2,ans shuffle=byte,primary,4.72368002,-1,5.03273802,5.55708402,1
fields/00032__plt00032__fab0000_comp02_ez.f32__c0016__dt-f32/chunk_0,1000000,2,ans shuffle=byte,primary,4.60742378,-1,5.03213422,5.44092778,1
fields/00032__plt00032__fab0000_comp02_ez.f32__c0056__dt-f32/chunk_0,1000000,2,ans shuffle=byte,primary,15.5228481,-1,5.03301582,16.3562061,1
fields/00032__plt00032__fab0000_comp02_ez.f32__c0032__dt-f32/chunk_0,1000000,2,ans shuffle=byte,primary,3.89504004,-1,1.14087818,7.57142204,1
fields/00033__plt00033__fab0000_comp02_ez.f32__c0008__dt-f32/chunk_0,1000000,2,ans shuffle=byte,primary,2.02300811,-1,5.03273802,2.85641211,1
fields/00033__plt00033__fab0000_comp02_ez.f32__c0048__dt-f32/chunk_0,1000000,2,ans shuffle=byte,primary,3.85615993,-1,5.032098,4.68966993,1
fields/00033__plt00033__fab0000_comp02_ez.f32__c0040__dt-f32/chunk_0,1000000,2,ans shuffle=byte,primary,0.221440002,-1,5.03130121,1.055082,1
fields/00033__plt00033__fab0000_comp02_ez.f32__c0016__dt-f32/chunk_0,1000000,2,ans shuffle=byte,primary,0.560479999,-1,5.03213422,1.393984,1
fields/00032__plt00032__fab0000_comp02_ez.f32__c0040__dt-f32/chunk_0,1000000,2,ans shuffle=byte,primary,1.576864,-1,5.03130121,2.410506,1
fields/00033__plt00033__fab0000_comp02_ez.f32__c0024__dt-f32/chunk_0,1000000,2,ans shuffle=byte,primary,0.585888028,-1,5.03057707,1.41965003,1
fields/00033__plt00033__fab0000_comp02_ez.f32__c0000__dt-f32/chunk_0,1000000,2,ans shuffle=byte,primary,1.50838399,-1,5.03161506,2.34197399,1
fields/00033__plt00033__fab0000_comp02_ez.f32__c0032__dt-f32/chunk_0,1000000,29,ndzip,primary,0.0972800031,-1,1.10555638,3.89112,1
fields/00033__plt00033__fab0000_comp02_ez.f32__c0056__dt-f32/chunk_0,1000000,2,ans shuffle=byte,primary,3.69903994,-1,5.03301582,4.53239794,1
fields/00034__plt00034__fab0000_comp02_ez.f32__c0000__dt-f32/chunk_0,1000000,2,ans shuffle=byte,primary,4.39584017,-1,5.03161506,5.22943017,1
fields/00034__plt00034__fab0000_comp02_ez.f32__c0008__dt-f32/chunk_0,1000000,2,ans shuffle=byte,primary,4.68425608,-1,5.03273802,5.51766008,1
fields/00034__plt00034__fab0000_comp02_ez.f32__c0024__dt-f32/chunk_0,1000000,2,ans shuffle=byte,primary,3.48176003,-1,5.03057707,4.31552203,1
fields/00035__plt00035__fab0000_comp02_ez.f32__c0000__dt-f32/chunk_0,1000000,2,ans shuffle=byte,primary,0.888704002,-1,5.03161506,1.722294,1
fields/00035__plt00035__fab0000_comp02_ez.f32__c0024__dt-f32/chunk_0,1000000,2,ans shuffle=byte,primary,0.703199983,-1,5.03057707,1.53696198,1
fields/00034__plt00034__fab0000_comp02_ez.f32__c0032__dt-f32/chunk_0,1000000,36,spratio shuffle=bit,primary,0.335967988,-1,1.11845959,4.08603999,1
fields/00035__plt00035__fab0000_comp02_ez.f32__c0016__dt-f32/chunk_0,1000000,2,ans shuffle=byte,primary,1.75526404,-1,5.03213422,2.58876804,1
fields/00034__plt00034__fab0000_comp02_ez.f32__c0040__dt-f32/chunk_0,1000000,2,ans shuffle=byte,primary,3.66547203,-1,5.03130121,4.49911403,1
fields/00034__plt00034__fab0000_comp02_ez.f32__c0048__dt-f32/chunk_0,1000000,2,ans shuffle=byte,primary,2.05673599,-1,5.032098,2.89024599,1
fields/00034__plt00034__fab0000_comp02_ez.f32__c0016__dt-f32/chunk_0,1000000,2,ans shuffle=byte,primary,3.06726408,-1,5.03213422,3.90076808,1
fields/00035__plt00035__fab0000_comp02_ez.f32__c0008__dt-f32/chunk_0,1000000,2,ans shuffle=byte,primary,2.87814403,-1,5.03273802,3.71154803,1
fields/00035__plt00035__fab0000_comp02_ez.f32__c0032__dt-f32/chunk_0,1000000,29,ndzip,primary,0.0768000036,-1,1.10611733,3.868716,1
fields/00035__plt00035__fab0000_comp02_ez.f32__c0040__dt-f32/chunk_0,1000000,2,ans shuffle=byte,primary,1.86812794,-1,5.03130121,2.70176994,1
fields/00034__plt00034__fab0000_comp02_ez.f32__c0056__dt-f32/chunk_0,1000000,2,ans shuffle=byte,primary,1.34444797,-1,5.03301582,2.17780597,1
fields/00035__plt00035__fab0000_comp02_ez.f32__c0048__dt-f32/chunk_0,1000000,2,ans shuffle=byte,primary,1.47599995,-1,5.032098,2.30950995,1
fields/00037__plt00037__fab0000_comp02_ez.f32__c0016__dt-f32/chunk_0,1000000,2,ans shuffle=byte,primary,2.35888004,-1,5.03213422,3.19238404,1
fields/00035__plt00035__fab0000_comp02_ez.f32__c0056__dt-f32/chunk_0,1000000,2,ans shuffle=byte,primary,2.33286405,-1,5.03301582,3.16622205,1
fields/00036__plt00036__fab0000_comp02_ez.f32__c0016__dt-f32/chunk_0,1000000,2,ans shuffle=byte,primary,4.51155186,-1,5.03213422,5.34505586,1
fields/00036__plt00036__fab0000_comp02_ez.f32__c0056__dt-f32/chunk_0,1000000,2,ans shuffle=byte,primary,3.81705594,-1,5.03301582,4.65041394,1
fields/00036__plt00036__fab0000_comp02_ez.f32__c0040__dt-f32/chunk_0,1000000,2,ans shuffle=byte,primary,2.50313592,-1,5.03130121,3.33677792,1
fields/00037__plt00037__fab0000_comp02_ez.f32__c0000__dt-f32/chunk_0,1000000,2,ans shuffle=byte,primary,1.664096,-1,5.03161506,2.497686,1
fields/00036__plt00036__fab0000_comp02_ez.f32__c0008__dt-f32/chunk_0,1000000,2,ans shuffle=byte,primary,3.92582393,-1,5.03273802,4.75922793,1
fields/00036__plt00036__fab0000_comp02_ez.f32__c0048__dt-f32/chunk_0,1000000,2,ans shuffle=byte,primary,1.47049606,-1,5.032098,2.30400606,1
fields/00036__plt00036__fab0000_comp02_ez.f32__c0024__dt-f32/chunk_0,1000000,2,ans shuffle=byte,primary,2.56403208,-1,5.03057707,3.39779408,1
fields/00037__plt00037__fab0000_comp02_ez.f32__c0008__dt-f32/chunk_0,1000000,2,ans shuffle=byte,primary,2.86527991,-1,5.03273802,3.69868391,1
fields/00036__plt00036__fab0000_comp02_ez.f32__c0032__dt-f32/chunk_0,1000000,2,ans shuffle=byte,primary,2.87699199,-1,1.14341233,6.54522599,1
fields/00036__plt00036__fab0000_comp02_ez.f32__c0000__dt-f32/chunk_0,1000000,2,ans shuffle=byte,primary,2.97248006,-1,5.03161506,3.80607006,1
fields/00037__plt00037__fab0000_comp02_ez.f32__c0024__dt-f32/chunk_0,1000000,2,ans shuffle=byte,primary,2.63334394,-1,5.03057707,3.46710594,1
fields/00037__plt00037__fab0000_comp02_ez.f32__c0032__dt-f32/chunk_0,1000000,36,spratio shuffle=bit,primary,1.32112002,-1,1.12100287,5.06268402,1
fields/00037__plt00037__fab0000_comp02_ez.f32__c0040__dt-f32/chunk_0,1000000,2,ans shuffle=byte,primary,16.1172791,-1,5.03130121,16.9509211,1
fields/00038__plt00038__fab0000_comp02_ez.f32__c0016__dt-f32/chunk_0,1000000,2,ans shuffle=byte,primary,2.43232012,-1,5.03213422,3.26582412,1
fields/00037__plt00037__fab0000_comp02_ez.f32__c0048__dt-f32/chunk_0,1000000,2,ans shuffle=byte,primary,1.56268799,-1,5.032098,2.39619799,1
fields/00038__plt00038__fab0000_comp02_ez.f32__c0040__dt-f32/chunk_0,1000000,2,ans shuffle=byte,primary,4.31817579,-1,5.03130121,5.15181779,1
fields/00037__plt00037__fab0000_comp02_ez.f32__c0056__dt-f32/chunk_0,1000000,2,ans shuffle=byte,primary,2.55993605,-1,5.03301582,3.39329405,1
fields/00038__plt00038__fab0000_comp02_ez.f32__c0008__dt-f32/chunk_0,1000000,2,ans shuffle=byte,primary,1.56828797,-1,5.03273802,2.40169197,1
fields/00038__plt00038__fab0000_comp02_ez.f32__c0048__dt-f32/chunk_0,1000000,2,ans shuffle=byte,primary,4.05254412,-1,5.032098,4.88605412,1
fields/00039__plt00039__fab0000_comp02_ez.f32__c0024__dt-f32/chunk_0,1000000,2,ans shuffle=byte,primary,2.17648005,-1,5.03057707,3.01024205,1
fields/00038__plt00038__fab0000_comp02_ez.f32__c0024__dt-f32/chunk_0,1000000,2,ans shuffle=byte,primary,2.54745603,-1,5.03057707,3.38121803,1
fields/00038__plt00038__fab0000_comp02_ez.f32__c0000__dt-f32/chunk_0,1000000,2,ans shuffle=byte,primary,13.5194244,-1,5.03161506,14.3530144,1
fields/00039__plt00039__fab0000_comp02_ez.f32__c0000__dt-f32/chunk_0,1000000,2,ans shuffle=byte,primary,4.73628807,-1,5.03161506,5.56987807,1
fields/00039__plt00039__fab0000_comp02_ez.f32__c0016__dt-f32/chunk_0,1000000,2,ans shuffle=byte,primary,0.403519988,-1,5.03213422,1.23702399,1
fields/00038__plt00038__fab0000_comp02_ez.f32__c0056__dt-f32/chunk_0,1000000,2,ans shuffle=byte,primary,0.751839995,-1,5.03301582,1.585198,1
fields/00038__plt00038__fab0000_comp02_ez.f32__c0032__dt-f32/chunk_0,1000000,29,ndzip,primary,0.0768000036,-1,1.10717665,3.865088,1
fields/00039__plt00039__fab0000_comp02_ez.f32__c0008__dt-f32/chunk_0,1000000,2,ans shuffle=byte,primary,0.361184001,-1,5.03273802,1.194588,1
fields/00039__plt00039__fab0000_comp02_ez.f32__c0048__dt-f32/chunk_0,1000000,2,ans shuffle=byte,primary,18.4976959,-1,5.032098,19.3312059,1
fields/00039__plt00039__fab0000_comp02_ez.f32__c0040__dt-f32/chunk_0,1000000,39,spspeed shuffle=bit,primary,0.272383988,-1,3.56047531,1.45040199,1
fields/00039__plt00039__fab0000_comp02_ez.f32__c0056__dt-f32/chunk_0,1000000,2,ans shuffle=byte,primary,4.19471979,-1,5.03301582,5.02807779,1
fields/00039__plt00039__fab0000_comp02_ez.f32__c0032__dt-f32/chunk_0,1000000,36,spratio shuffle=bit,primary,0.183456004,-1,1.12307279,3.918124,1
fields/00040__plt00040__fab0000_comp02_ez.f32__c0048__dt-f32/chunk_0,1000000,2,ans shuffle=byte,primary,1.487872,-1,5.032098,2.321382,1
fields/00040__plt00040__fab0000_comp02_ez.f32__c0040__dt-f32/chunk_0,1000000,2,ans shuffle=byte,primary,3.99974394,-1,5.03130121,4.83338594,1
fields/00041__plt00041__fab0000_comp02_ez.f32__c0016__dt-f32/chunk_0,1000000,2,ans shuffle=byte,primary,1.69286394,-1,5.03213422,2.52636794,1
fields/00040__plt00040__fab0000_comp02_ez.f32__c0024__dt-f32/chunk_0,1000000,2,ans shuffle=byte,primary,1.32025599,-1,5.03057707,2.15401799,1
fields/00040__plt00040__fab0000_comp02_ez.f32__c0056__dt-f32/chunk_0,1000000,2,ans shuffle=byte,primary,3.23443198,-1,5.03301582,4.06778998,1
fields/00040__plt00040__fab0000_comp02_ez.f32__c0032__dt-f32/chunk_0,1000000,36,spratio shuffle=bit,primary,0.728959978,-1,1.12498589,4.45727698,1
fields/00040__plt00040__fab0000_comp02_ez.f32__c0000__dt-f32/chunk_0,1000000,2,ans shuffle=byte,primary,0.886560023,-1,5.03161506,1.72015002,1
fields/00040__plt00040__fab0000_comp02_ez.f32__c0016__dt-f32/chunk_0,1000000,2,ans shuffle=byte,primary,1.99398398,-1,5.03213422,2.82748798,1
fields/00040__plt00040__fab0000_comp02_ez.f32__c0008__dt-f32/chunk_0,1000000,2,ans shuffle=byte,primary,0.898432016,-1,5.03273802,1.73183602,1
fields/00041__plt00041__fab0000_comp02_ez.f32__c0000__dt-f32/chunk_0,1000000,1,ans shuffle=bit,primary,2.30092812,-1,3.73969207,3.42249212,1
fields/00041__plt00041__fab0000_comp02_ez.f32__c0008__dt-f32/chunk_0,1000000,2,ans shuffle=byte,primary,8.93513584,-1,5.03273802,9.76853984,1
fields/00041__plt00041__fab0000_comp02_ez.f32__c0024__dt-f32/chunk_0,1000000,2,ans shuffle=byte,primary,3.02665591,-1,5.03057707,3.86041791,1
fields/00042__plt00042__fab0000_comp02_ez.f32__c0040__dt-f32/chunk_0,1000000,2,ans shuffle=byte,primary,0.95046401,-1,5.03130121,1.78410601,1
fields/00041__plt00041__fab0000_comp02_ez.f32__c0040__dt-f32/chunk_0,1000000,1,ans shuffle=bit,primary,16.5938568,-1,3.73902532,17.7156208,1
fields/00041__plt00041__fab0000_comp02_ez.f32__c0032__dt-f32/chunk_0,1000000,2,ans shuffle=byte,primary,3.60505605,-1,1.14564852,7.26613005,1
fields/00041__plt00041__fab0000_comp02_ez.f32__c0056__dt-f32/chunk_0,1000000,2,ans shuffle=byte,primary,4.91612816,-1,5.03301582,5.74948616,1
fields/00042__plt00042__fab0000_comp02_ez.f32__c0008__dt-f32/chunk_0,1000000,2,ans shuffle=byte,primary,0.719136,-1,5.03273802,1.55254,1
fields/00042__plt00042__fab0000_comp02_ez.f32__c0000__dt-f32/chunk_0,1000000,2,ans shuffle=byte,primary,3.33497596,-1,5.03161506,4.16856596,1
fields/00042__plt00042__fab0000_comp02_ez.f32__c0056__dt-f32/chunk_0,1000000,2,ans shuffle=byte,primary,0.355872005,-1,5.03301582,1.18923001,1
fields/00042__plt00042__fab0000_comp02_ez.f32__c0024__dt-f32/chunk_0,1000000,2,ans shuffle=byte,primary,0.432063997,-1,5.03057707,1.265826,1
fields/00042__plt00042__fab0000_comp02_ez.f32__c0016__dt-f32/chunk_0,1000000,2,ans shuffle=byte,primary,3.35910392,-1,5.03213422,4.19260792,1
fields/00042__plt00042__fab0000_comp02_ez.f32__c0032__dt-f32/chunk_0,1000000,4,bitcomp algo=1 shuffle=bit type=char,primary,1.01187205,-1,1.1470465,4.66848405,1
fields/00042__plt00042__fab0000_comp02_ez.f32__c0048__dt-f32/chunk_0,1000000,2,ans shuffle=byte,primary,0.449088007,-1,5.032098,1.28259801,1
fields/00041__plt00041__fab0000_comp02_ez.f32__c0048__dt-f32/chunk_0,1000000,2,ans shuffle=byte,primary,1.99881601,-1,5.032098,2.83232601,1
fields/00043__plt00043__fab0000_comp02_ez.f32__c0000__dt-f32/chunk_0,1000000,2,ans shuffle=byte,primary,0.983968019,-1,5.03161506,1.81755802,1
fields/00043__plt00043__fab0000_comp02_ez.f32__c0008__dt-f32/chunk_0,1000000,2,ans shuffle=byte,primary,2.24483204,-1,5.03273802,3.07823604,1
fields/00043__plt00043__fab0000_comp02_ez.f32__c0016__dt-f32/chunk_0,1000000,2,ans shuffle=byte,primary,2.22496009,-1,5.03213422,3.05846409,1
fields/00043__plt00043__fab0000_comp02_ez.f32__c0024__dt-f32/chunk_0,1000000,2,ans shuffle=byte,primary,9.5538559,-1,5.03057707,10.3876179,1
fields/00043__plt00043__fab0000_comp02_ez.f32__c0032__dt-f32/chunk_0,1000000,2,ans shuffle=byte,primary,3.04361606,-1,1.14658431,6.70170206,1
fields/00044__plt00044__fab0000_comp02_ez.f32__c0008__dt-f32/chunk_0,1000000,2,ans shuffle=byte,primary,2.76799989,-1,5.03273802,3.60140389,1
fields/00044__plt00044__fab0000_comp02_ez.f32__c0024__dt-f32/chunk_0,1000000,2,ans shuffle=byte,primary,2.1321919,-1,5.03057707,2.9659539,1
fields/00044__plt00044__fab0000_comp02_ez.f32__c0016__dt-f32/chunk_0,1000000,2,ans shuffle=byte,primary,2.7090559,-1,5.03213422,3.5425599,1
fields/00043__plt00043__fab0000_comp02_ez.f32__c0040__dt-f32/chunk_0,1000000,2,ans shuffle=byte,primary,3.04492807,-1,5.03130121,3.87857007,1
fields/00044__plt00044__fab0000_comp02_ez.f32__c0000__dt-f32/chunk_0,1000000,2,ans shuffle=byte,primary,3.42483211,-1,5.03161506,4.25842211,1
fields/00044__plt00044__fab0000_comp02_ez.f32__c0048__dt-f32/chunk_0,1000000,2,ans shuffle=byte,primary,3.52438402,-1,5.032098,4.35789402,1
fields/00043__plt00043__fab0000_comp02_ez.f32__c0056__dt-f32/chunk_0,1000000,2,ans shuffle=byte,primary,1.58150399,-1,5.03301582,2.41486199,1
fields/00044__plt00044__fab0000_comp02_ez.f32__c0040__dt-f32/chunk_0,1000000,2,ans shuffle=byte,primary,2.46102405,-1,5.03130121,3.29466605,1
fields/00044__plt00044__fab0000_comp02_ez.f32__c0032__dt-f32/chunk_0,1000000,36,spratio shuffle=bit,primary,0.870527983,-1,1.12721866,4.59145998,1
fields/00043__plt00043__fab0000_comp02_ez.f32__c0048__dt-f32/chunk_0,1000000,2,ans shuffle=byte,primary,3.90355206,-1,5.032098,4.73706206,1
fields/00045__plt00045__fab0000_comp02_ez.f32__c0000__dt-f32/chunk_0,1000000,2,ans shuffle=byte,primary,3.04454398,-1,5.03161506,3.87813398,1
fields/00044__plt00044__fab0000_comp02_ez.f32__c0056__dt-f32/chunk_0,1000000,2,ans shuffle=byte,primary,2.9646399,-1,5.03301582,3.7979979,1
fields/00045__plt00045__fab0000_comp02_ez.f32__c0008__dt-f32/chunk_0,1000000,2,ans shuffle=byte,primary,3.45113611,-1,5.03273802,4.28454011,1
fields/00045__plt00045__fab0000_comp02_ez.f32__c0048__dt-f32/chunk_0,1000000,2,ans shuffle=byte,primary,5.43433619,-1,5.032098,6.26784619,1
fields/00045__plt00045__fab0000_comp02_ez.f32__c0016__dt-f32/chunk_0,1000000,2,ans shuffle=byte,primary,1.18607998,-1,5.03213422,2.01958398,1
fields/00045__plt00045__fab0000_comp02_ez.f32__c0032__dt-f32/chunk_0,1000000,36,spratio shuffle=bit,primary,0.55705601,-1,1.12787825,4.27581201,1
fields/00046__plt00046__fab0000_comp02_ez.f32__c0024__dt-f32/chunk_0,1000000,2,ans shuffle=byte,primary,3.28313589,-1,5.03057707,4.11689789,1
fields/00046__plt00046__fab0000_comp02_ez.f32__c0040__dt-f32/chunk_0,1000000,2,ans shuffle=byte,primary,3.148,-1,5.03130121,3.981642,1
fields/00045__plt00045__fab0000_comp02_ez.f32__c0024__dt-f32/chunk_0,1000000,2,ans shuffle=byte,primary,7.76124811,-1,5.03057707,8.59501011,1
fields/00045__plt00045__fab0000_comp02_ez.f32__c0056__dt-f32/chunk_0,1000000,2,ans shuffle=byte,primary,2.03276801,-1,5.03301582,2.86612601,1
fields/00046__plt00046__fab0000_comp02_ez.f32__c0008__dt-f32/chunk_0,1000000,2,ans shuffle=byte,primary,2.897856,-1,5.03273802,3.73126,1
fields/00046__plt00046__fab0000_comp02_ez.f32__c0000__dt-f32/chunk_0,1000000,2,ans shuffle=byte,primary,1.64502394,-1,5.03161506,2.47861394,1
fields/00045__plt00045__fab0000_comp02_ez.f32__c0040__dt-f32/chunk_0,1000000,2,ans shuffle=byte,primary,2.27747202,-1,5.03130121,3.11111402,1
fields/00046__plt00046__fab0000_comp02_ez.f32__c0016__dt-f32/chunk_0,1000000,2,ans shuffle=byte,primary,2.03955197,-1,5.03213422,2.87305597,1
fields/00046__plt00046__fab0000_comp02_ez.f32__c0032__dt-f32/chunk_0,1000000,36,spratio shuffle=bit,primary,0.855615973,-1,1.12809636,4.57365297,1
fields/00046__plt00046__fab0000_comp02_ez.f32__c0048__dt-f32/chunk_0,1000000,2,ans shuffle=byte,primary,4.60073614,-1,5.032098,5.43424614,1
fields/00046__plt00046__fab0000_comp02_ez.f32__c0056__dt-f32/chunk_0,1000000,2,ans shuffle=byte,primary,2.55996799,-1,5.03301582,3.39332599,1
fields/00047__plt00047__fab0000_comp02_ez.f32__c0016__dt-f32/chunk_0,1000000,2,ans shuffle=byte,primary,2.50339198,-1,5.03213422,3.33689598,1
fields/00047__plt00047__fab0000_comp02_ez.f32__c0000__dt-f32/chunk_0,1000000,2,ans shuffle=byte,primary,3.01273608,-1,5.03161506,3.84632608,1
fields/00047__plt00047__fab0000_comp02_ez.f32__c0008__dt-f32/chunk_0,1000000,2,ans shuffle=byte,primary,2.82419205,-1,5.03273802,3.65759605,1
fields/00048__plt00048__fab0000_comp02_ez.f32__c0032__dt-f32/chunk_0,1000000,2,ans shuffle=byte,primary,2.36614394,-1,1.14908975,6.01625394,1
fields/00047__plt00047__fab0000_comp02_ez.f32__c0056__dt-f32/chunk_0,1000000,2,ans shuffle=byte,primary,3.1707201,-1,5.03301582,4.0040781,1
fields/00047__plt00047__fab0000_comp02_ez.f32__c0040__dt-f32/chunk_0,1000000,2,ans shuffle=byte,primary,1.19788802,-1,5.03130121,2.03153002,1
fields/00048__plt00048__fab0000_comp02_ez.f32__c0008__dt-f32/chunk_0,1000000,2,ans shuffle=byte,primary,1.159392,-1,5.03273802,1.992796,1
fields/00048__plt00048__fab0000_comp02_ez.f32__c0024__dt-f32/chunk_0,1000000,2,ans shuffle=byte,primary,3.14931202,-1,5.03057707,3.98307402,1
fields/00048__plt00048__fab0000_comp02_ez.f32__c0016__dt-f32/chunk_0,1000000,2,ans shuffle=byte,primary,3.74489594,-1,5.03213422,4.57839994,1
fields/00047__plt00047__fab0000_comp02_ez.f32__c0024__dt-f32/chunk_0,1000000,2,ans shuffle=byte,primary,2.50521588,-1,5.03057707,3.33897788,1
fields/00048__plt00048__fab0000_comp02_ez.f32__c0000__dt-f32/chunk_0,1000000,2,ans shuffle=byte,primary,4.39561605,-1,5.03161506,5.22920605,1
fields/00047__plt00047__fab0000_comp02_ez.f32__c0032__dt-f32/chunk_0,1000000,36,spratio shuffle=bit,primary,0.447584003,-1,1.12871718,4.163576,1
fields/00047__plt00047__fab0000_comp02_ez.f32__c0048__dt-f32/chunk_0,1000000,2,ans shuffle=byte,primary,2.1407361,-1,5.032098,2.9742461,1
fields/00048__plt00048__fab0000_comp02_ez.f32__c0040__dt-f32/chunk_0,1000000,2,ans shuffle=byte,primary,2.35983992,-1,5.03130121,3.19348192,1
fields/00048__plt00048__fab0000_comp02_ez.f32__c0048__dt-f32/chunk_0,1000000,2,ans shuffle=byte,primary,2.62691212,-1,5.032098,3.46042212,1
fields/00049__plt00049__fab0000_comp02_ez.f32__c0032__dt-f32/chunk_0,1000000,36,spratio shuffle=bit,primary,0.938880026,-1,1.12854164,4.65545003,1
fields/00048__plt00048__fab0000_comp02_ez.f32__c0056__dt-f32/chunk_0,1000000,2,ans shuffle=byte,primary,2.62448001,-1,5.03301582,3.45783801,1
fields/00049__plt00049__fab0000_comp02_ez.f32__c0016__dt-f32/chunk_0,1000000,2,ans shuffle=byte,primary,6.52963209,-1,5.03213422,7.36313609,1
fields/00050__plt00050__fab0000_comp02_ez.f32__c0016__dt-f32/chunk_0,1000000,2,ans shuffle=byte,primary,1.39535999,-1,5.03213422,2.22886399,1
fields/00049__plt00049__fab0000_comp02_ez.f32__c0008__dt-f32/chunk_0,1000000,2,ans shuffle=byte,primary,1.97820795,-1,5.03273802,2.81161195,1
fields/00049__plt00049__fab0000_comp02_ez.f32__c0056__dt-f32/chunk_0,1000000,2,ans shuffle=byte,primary,1.82470405,-1,5.03301582,2.65806205,1
fields/00049__plt00049__fab0000_comp02_ez.f32__c0024__dt-f32/chunk_0,1000000,2,ans shuffle=byte,primary,0.370207995,-1,5.03057707,1.20397,1
fields/00049__plt00049__fab0000_comp02_ez.f32__c0048__dt-f32/chunk_0,1000000,2,ans shuffle=byte,primary,0.247168005,-1,5.032098,1.080678,1
fields/00049__plt00049__fab0000_comp02_ez.f32__c0000__dt-f32/chunk_0,1000000,2,ans shuffle=byte,primary,3.44246411,-1,5.03161506,4.27605411,1
fields/00050__plt00050__fab0000_comp02_ez.f32__c0024__dt-f32/chunk_0,1000000,2,ans shuffle=byte,primary,0.400896013,-1,5.03057707,1.23465801,1
fields/00049__plt00049__fab0000_comp02_ez.f32__c0040__dt-f32/chunk_0,1000000,2,ans shuffle=byte,primary,0.546208024,-1,5.03130121,1.37985002,1
fields/00050__plt00050__fab0000_comp02_ez.f32__c0000__dt-f32/chunk_0,1000000,2,ans shuffle=byte,primary,1.183424,-1,5.03161506,2.017014,1
fields/00050__plt00050__fab0000_comp02_ez.f32__c0008__dt-f32/chunk_0,1000000,2,ans shuffle=byte,primary,1.868384,-1,5.03273802,2.701788,1
fields/00051__plt00051__fab0000_comp02_ez.f32__c0000__dt-f32/chunk_0,1000000,2,ans shuffle=byte,primary,2.86636806,-1,5.03161506,3.69995806,1
fields/00051__plt00051__fab0000_comp02_ez.f32__c0024__dt-f32/chunk_0,1000000,2,ans shuffle=byte,primary,3.34585595,-1,5.03057707,4.17961795,1
fields/00051__plt00051__fab0000_comp02_ez.f32__c0032__dt-f32/chunk_0,1000000,36,spratio shuffle=bit,primary,1.18899202,-1,1.12873358,4.90493002,1
fields/00051__plt00051__fab0000_comp02_ez.f32__c0016__dt-f32/chunk_0,1000000,2,ans shuffle=byte,primary,3.34230399,-1,5.03213422,4.17580799,1
fields/00051__plt00051__fab0000_comp02_ez.f32__c0008__dt-f32/chunk_0,1000000,2,ans shuffle=byte,primary,1.71875203,-1,5.03273802,2.55215603,1
fields/00052__plt00052__fab0000_comp02_ez.f32__c0000__dt-f32/chunk_0,1000000,2,ans shuffle=byte,primary,1.14963198,-1,5.03161506,1.98322198,1
fields/00050__plt00050__fab0000_comp02_ez.f32__c0056__dt-f32/chunk_0,1000000,2,ans shuffle=byte,primary,2.91567993,-1,5.03301582,3.74903793,1
fields/00050__plt00050__fab0000_comp02_ez.f32__c0032__dt-f32/chunk_0,1000000,36,spratio shuffle=bit,primary,0.644255996,-1,1.12890705,4.359623,1
fields/00050__plt00050__fab0000_comp02_ez.f32__c0040__dt-f32/chunk_0,1000000,2,ans shuffle=byte,primary,3.00918388,-1,5.03130121,3.84282588,1
fields/00050__plt00050__fab0000_comp02_ez.f32__c0048__dt-f32/chunk_0,1000000,2,ans shuffle=byte,primary,3.579072,-1,5.032098,4.412582,1
fields/00051__plt00051__fab0000_comp02_ez.f32__c0040__dt-f32/chunk_0,1000000,2,ans shuffle=byte,primary,3.69462395,-1,5.03130121,4.52826595,1
fields/00051__plt00051__fab0000_comp02_ez.f32__c0048__dt-f32/chunk_0,1000000,2,ans shuffle=byte,primary,1.37068796,-1,5.032098,2.20419796,1
fields/00051__plt00051__fab0000_comp02_ez.f32__c0056__dt-f32/chunk_0,1000000,2,ans shuffle=byte,primary,1.37158406,-1,5.03301582,2.20494206,1
fields/00052__plt00052__fab0000_comp02_ez.f32__c0056__dt-f32/chunk_0,1000000,2,ans shuffle=byte,primary,5.48998404,-1,5.03301582,6.32334204,1
fields/00053__plt00053__fab0000_comp02_ez.f32__c0016__dt-f32/chunk_0,1000000,2,ans shuffle=byte,primary,3.76108789,-1,5.03213422,4.59459189,1
fields/00052__plt00052__fab0000_comp02_ez.f32__c0008__dt-f32/chunk_0,1000000,2,ans shuffle=byte,primary,7.20979214,-1,5.03273802,8.04319614,1
fields/00052__plt00052__fab0000_comp02_ez.f32__c0024__dt-f32/chunk_0,1000000,2,ans shuffle=byte,primary,2.42896008,-1,5.03057707,3.26272208,1
fields/00052__plt00052__fab0000_comp02_ez.f32__c0040__dt-f32/chunk_0,1000000,2,ans shuffle=byte,primary,3.2230401,-1,5.03130121,4.0566821,1
fields/00052__plt00052__fab0000_comp02_ez.f32__c0048__dt-f32/chunk_0,1000000,2,ans shuffle=byte,primary,2.32825589,-1,5.032098,3.16176589,1
fields/00052__plt00052__fab0000_comp02_ez.f32__c0016__dt-f32/chunk_0,1000000,2,ans shuffle=byte,primary,1.00064003,-1,5.03213422,1.83414403,1
fields/00052__plt00052__fab0000_comp02_ez.f32__c0032__dt-f32/chunk_0,1000000,2,ans shuffle=byte,primary,1.49516797,-1,1.1512294,5.13849397,1
fields/00053__plt00053__fab0000_comp02_ez.f32__c0040__dt-f32/chunk_0,1000000,2,ans shuffle=byte,primary,1.43763196,-1,5.03130121,2.27127396,1
fields/00053__plt00053__fab0000_comp02_ez.f32__c0048__dt-f32/chunk_0,1000000,2,ans shuffle=byte,primary,1.42073596,-1,5.032098,2.25424596,1
fields/00053__plt00053__fab0000_comp02_ez.f32__c0000__dt-f32/chunk_0,1000000,2,ans shuffle=byte,primary,2.52323198,-1,5.03161506,3.35682198,1
fields/00053__plt00053__fab0000_comp02_ez.f32__c0008__dt-f32/chunk_0,1000000,2,ans shuffle=byte,primary,2.40313601,-1,5.03273802,3.23654001,1
fields/00053__plt00053__fab0000_comp02_ez.f32__c0032__dt-f32/chunk_0,1000000,36,spratio shuffle=bit,primary,0.47516799,-1,1.12974356,4.18778399,1
fields/00054__plt00054__fab0000_comp02_ez.f32__c0000__dt-f32/chunk_0,1000000,2,ans shuffle=byte,primary,9.80611229,-1,5.03161506,10.6397023,1
fields/00053__plt00053__fab0000_comp02_ez.f32__c0024__dt-f32/chunk_0,1000000,2,ans shuffle=byte,primary,0.51078397,-1,5.02917767,1.34477797,1
fields/00054__plt00054__fab0000_comp02_ez.f32__c0016__dt-f32/chunk_0,1000000,2,ans shuffle=byte,primary,3.95036793,-1,5.03213422,4.78387193,1
fields/00053__plt00053__fab0000_comp02_ez.f32__c0056__dt-f32/chunk_0,1000000,2,ans shuffle=byte,primary,2.27148795,-1,5.03301582,3.10484595,1
fields/00054__plt00054__fab0000_comp02_ez.f32__c0048__dt-f32/chunk_0,1000000,2,ans shuffle=byte,primary,2.63129592,-1,5.032098,3.46480592,1
fields/00054__plt00054__fab0000_comp02_ez.f32__c0024__dt-f32/chunk_0,1000000,2,ans shuffle=byte,primary,1.97593606,-1,5.016822,2.81198406,1
fields/00054__plt00054__fab0000_comp02_ez.f32__c0056__dt-f32/chunk_0,1000000,2,ans shuffle=byte,primary,2.6242559,-1,5.03301582,3.4576139,1
fields/00054__plt00054__fab0000_comp02_ez.f32__c0008__dt-f32/chunk_0,1000000,2,ans shuffle=byte,primary,0.32358399,-1,5.03273802,1.15698799,1
fields/00054__plt00054__fab0000_comp02_ez.f32__c0032__dt-f32/chunk_0,1000000,36,spratio shuffle=bit,primary,0.154016003,-1,1.12920672,3.868397,1
fields/00054__plt00054__fab0000_comp02_ez.f32__c0040__dt-f32/chunk_0,1000000,2,ans shuffle=byte,primary,2.845824,-1,5.03130121,3.679466,1
fields/00055__plt00055__fab0000_comp02_ez.f32__c0000__dt-f32/chunk_0,1000000,2,ans shuffle=byte,primary,3.88448,-1,5.03161506,4.71807,1
fields/00055__plt00055__fab0000_comp02_ez.f32__c0032__dt-f32/chunk_0,1000000,36,spratio shuffle=bit,primary,0.224160001,-1,1.12976364,3.93671,1
fields/00055__plt00055__fab0000_comp02_ez.f32__c0048__dt-f32/chunk_0,1000000,2,ans shuffle=byte,primary,10.2731838,-1,5.032098,11.1066938,1
fields/00055__plt00055__fab0000_comp02_ez.f32__c0024__dt-f32/chunk_0,1000000,2,ans shuffle=byte,primary,0.152671993,-1,4.98638058,0.993823993,1
fields/00055__plt00055__fab0000_comp02_ez.f32__c0008__dt-f32/chunk_0,1000000,2,ans shuffle=byte,primary,0.937632024,-1,5.03273802,1.77103602,1
fields/00056__plt00056__fab0000_comp02_ez.f32__c0008__dt-f32/chunk_0,1000000,2,ans shuffle=byte,primary,2.7574079,-1,5.03273802,3.5908119,1
fields/00055__plt00055__fab0000_comp02_ez.f32__c0040__dt-f32/chunk_0,1000000,2,ans shuffle=byte,primary,3.77222395,-1,5.03130121,4.60586595,1
fields/00056__plt00056__fab0000_comp02_ez.f32__c0032__dt-f32/chunk_0,1000000,36,spratio shuffle=bit,primary,1.04630399,-1,1.13023064,4.75731999,1
fields/00055__plt00055__fab0000_comp02_ez.f32__c0016__dt-f32/chunk_0,1000000,2,ans shuffle=byte,primary,1.36153603,-1,5.03213422,2.19504003,1
fields/00056__plt00056__fab0000_comp02_ez.f32__c0024__dt-f32/chunk_0,1000000,2,ans shuffle=byte,primary,2.83279991,-1,4.9484357,3.68040191,1
fields/00056__plt00056__fab0000_comp02_ez.f32__c0040__dt-f32/chunk_0,1000000,2,ans shuffle=byte,primary,2.18009591,-1,5.03130121,3.01373791,1
fields/00056__plt00056__fab0000_comp02_ez.f32__c0000__dt-f32/chunk_0,1000000,2,ans shuffle=byte,primary,2.80201602,-1,5.03161506,3.63560602,1
fields/00056__plt00056__fab0000_comp02_ez.f32__c0016__dt-f32/chunk_0,1000000,2,ans shuffle=byte,primary,2.6429441,-1,5.03213422,3.4764481,1
fields/00055__plt00055__fab0000_comp02_ez.f32__c0056__dt-f32/chunk_0,1000000,2,ans shuffle=byte,primary,2.46444798,-1,5.03301582,3.29780598,1
fields/00056__plt00056__fab0000_comp02_ez.f32__c0048__dt-f32/chunk_0,1000000,2,ans shuffle=byte,primary,1.58607996,-1,5.032098,2.41958996,1
fields/00057__plt00057__fab0000_comp02_ez.f32__c0008__dt-f32/chunk_0,1000000,2,ans shuffle=byte,primary,1.86342394,-1,5.03273802,2.69682794,1
fields/00057__plt00057__fab0000_comp02_ez.f32__c0016__dt-f32/chunk_0,1000000,2,ans shuffle=byte,primary,1.69148803,-1,5.03213422,2.52499203,1
fields/00057__plt00057__fab0000_comp02_ez.f32__c0024__dt-f32/chunk_0,1000000,2,ans shuffle=byte,primary,0.574847996,-1,4.91123648,1.42887,1
fields/00057__plt00057__fab0000_comp02_ez.f32__c0040__dt-f32/chunk_0,1000000,2,ans shuffle=byte,primary,2.67328,-1,5.03130121,3.506922,1
fields/00058__plt00058__fab0000_comp02_ez.f32__c0008__dt-f32/chunk_0,1000000,2,ans shuffle=byte,primary,2.3631041,-1,5.03273802,3.1965081,1
fields/00056__plt00056__fab0000_comp02_ez.f32__c0056__dt-f32/chunk_0,1000000,2,ans shuffle=byte,primary,1.77392006,-1,5.03301582,2.60727806,1
fields/00057__plt00057__fab0000_comp02_ez.f32__c0048__dt-f32/chunk_0,1000000,2,ans shuffle=byte,primary,3.7003839,-1,5.032098,4.5338939,1
fields/00057__plt00057__fab0000_comp02_ez.f32__c0000__dt-f32/chunk_0,1000000,2,ans shuffle=byte,primary,1.75375998,-1,5.03161506,2.58734998,1
fields/00058__plt00058__fab0000_comp02_ez.f32__c0016__dt-f32/chunk_0,1000000,2,ans shuffle=byte,primary,1.57552004,-1,5.03213422,2.40902404,1
fields/00057__plt00057__fab0000_comp02_ez.f32__c0032__dt-f32/chunk_0,1000000,36,spratio shuffle=bit,primary,0.601823986,-1,1.13068432,4.31135099,1
fields/00058__plt00058__fab0000_comp02_ez.f32__c0024__dt-f32/chunk_0,1000000,2,ans shuffle=byte,primary,2.46947193,-1,4.88310503,3.32841393,1
fields/00057__plt00057__fab0000_comp02_ez.f32__c0056__dt-f32/chunk_0,1000000,2,ans shuffle=byte,primary,2.51999998,-1,5.03301582,3.35335798,1
fields/00058__plt00058__fab0000_comp02_ez.f32__c0000__dt-f32/chunk_0,1000000,2,ans shuffle=byte,primary,2.72348809,-1,5.03161506,3.55707809,1
fields/00058__plt00058__fab0000_comp02_ez.f32__c0048__dt-f32/chunk_0,1000000,2,ans shuffle=byte,primary,2.79836798,-1,5.032098,3.63187798,1
fields/00058__plt00058__fab0000_comp02_ez.f32__c0056__dt-f32/chunk_0,1000000,2,ans shuffle=byte,primary,1.76211202,-1,5.03301582,2.59547002,1
fields/00058__plt00058__fab0000_comp02_ez.f32__c0032__dt-f32/chunk_0,1000000,36,spratio shuffle=bit,primary,0.660160005,-1,1.13114171,4.36818701,1
fields/00058__plt00058__fab0000_comp02_ez.f32__c0040__dt-f32/chunk_0,1000000,2,ans shuffle=byte,primary,1.88896,-1,5.03130121,2.722602,1
fields/00059__plt00059__fab0000_comp02_ez.f32__c0000__dt-f32/chunk_0,1000000,2,ans shuffle=byte,primary,1.54825604,-1,5.03161506,2.38184604,1
fields/00059__plt00059__fab0000_comp02_ez.f32__c0048__dt-f32/chunk_0,1000000,2,ans shuffle=byte,primary,4.61449623,-1,5.032098,5.44800623,1
fields/00059__plt00059__fab0000_comp02_ez.f32__c0008__dt-f32/chunk_0,1000000,2,ans shuffle=byte,primary,13.4786558,-1,5.03273802,14.3120598,1
fields/00059__plt00059__fab0000_comp02_ez.f32__c0032__dt-f32/chunk_0,1000000,36,spratio shuffle=bit,primary,0.143199995,-1,1.13165901,3.849532,1
fields/00059__plt00059__fab0000_comp02_ez.f32__c0040__dt-f32/chunk_0,1000000,2,ans shuffle=byte,primary,0.582207978,-1,5.03130121,1.41584998,1
fields/00059__plt00059__fab0000_comp02_ez.f32__c0024__dt-f32/chunk_0,1000000,2,ans shuffle=byte,primary,4.64476824,-1,4.73530288,5.53052024,1
fields/00060__plt00060__fab0000_comp02_ez.f32__c0016__dt-f32/chunk_0,1000000,2,ans shuffle=byte,primary,2.79520011,-1,5.03213422,3.62870411,1
fields/00060__plt00060__fab0000_comp02_ez.f32__c0040__dt-f32/chunk_0,1000000,2,ans shuffle=byte,primary,2.63244796,-1,5.03130121,3.46608996,1
fields/00059__plt00059__fab0000_comp02_ez.f32__c0056__dt-f32/chunk_0,1000000,2,ans shuffle=byte,primary,1.30771196,-1,5.03301582,2.14106996,1
fields/00059__plt00059__fab0000_comp02_ez.f32__c0016__dt-f32/chunk_0,1000000,2,ans shuffle=byte,primary,2.37094402,-1,5.03213422,3.20444802,1
fields/00060__plt00060__fab0000_comp02_ez.f32__c0024__dt-f32/chunk_0,1000000,2,ans shuffle=byte,primary,2.82883191,-1,4.35537446,3.79184991,1
fields/00060__plt00060__fab0000_comp02_ez.f32__c0032__dt-f32/chunk_0,1000000,36,spratio shuffle=bit,primary,1.18892801,-1,1.13236415,4.89295201,1
fields/00060__plt00060__fab0000_comp02_ez.f32__c0048__dt-f32/chunk_0,1000000,2,ans shuffle=byte,primary,2.350528,-1,5.032098,3.184038,1
fields/00060__plt00060__fab0000_comp02_ez.f32__c0056__dt-f32/chunk_0,1000000,2,ans shuffle=byte,primary,1.46844804,-1,5.03301582,2.30180604,1
fields/00060__plt00060__fab0000_comp02_ez.f32__c0000__dt-f32/chunk_0,1000000,2,ans shuffle=byte,primary,0.424320012,-1,5.03161506,1.25791001,1
fields/00061__plt00061__fab0000_comp02_ez.f32__c0000__dt-f32/chunk_0,1000000,2,ans shuffle=byte,primary,4.12172794,-1,5.03161506,4.95531794,1
fields/00060__plt00060__fab0000_comp02_ez.f32__c0008__dt-f32/chunk_0,1000000,2,ans shuffle=byte,primary,0.824832022,-1,5.03273802,1.65823602,1
fields/00061__plt00061__fab0000_comp02_ez.f32__c0008__dt-f32/chunk_0,1000000,2,ans shuffle=byte,primary,3.498528,-1,5.03273802,4.331932,1
fields/00061__plt00061__fab0000_comp02_ez.f32__c0016__dt-f32/chunk_0,1000000,2,ans shuffle=byte,primary,1.72192001,-1,5.03213422,2.55542401,1
fields/00061__plt00061__fab0000_comp02_ez.f32__c0032__dt-f32/chunk_0,1000000,36,spratio shuffle=bit,primary,1.37465596,-1,1.13207044,5.07964096,1
fields/00061__plt00061__fab0000_comp02_ez.f32__c0056__dt-f32/chunk_0,1000000,2,ans shuffle=byte,primary,2.18563199,-1,5.03301582,3.01898999,1
fields/00061__plt00061__fab0000_comp02_ez.f32__c0024__dt-f32/chunk_0,1000000,2,ans shuffle=byte,primary,2.19792008,-1,3.89787092,3.27397008,1
fields/00061__plt00061__fab0000_comp02_ez.f32__c0048__dt-f32/chunk_0,1000000,2,ans shuffle=byte,primary,2.03955197,-1,5.032098,2.87306197,1
fields/00062__plt00062__fab0000_comp02_ez.f32__c0040__dt-f32/chunk_0,1000000,2,ans shuffle=byte,primary,1.47472,-1,5.03130121,2.308362,1
fields/00062__plt00062__fab0000_comp02_ez.f32__c0056__dt-f32/chunk_0,1000000,2,ans shuffle=byte,primary,1.23088002,-1,5.03301582,2.06423802,1
fields/00062__plt00062__fab0000_comp02_ez.f32__c0008__dt-f32/chunk_0,1000000,2,ans shuffle=byte,primary,1.23235202,-1,5.03273802,2.06575602,1
fields/00062__plt00062__fab0000_comp02_ez.f32__c0048__dt-f32/chunk_0,1000000,2,ans shuffle=byte,primary,3.02540803,-1,5.032098,3.85891803,1
fields/00061__plt00061__fab0000_comp02_ez.f32__c0040__dt-f32/chunk_0,1000000,2,ans shuffle=byte,primary,1.44588804,-1,5.03130121,2.27953004,1
fields/00062__plt00062__fab0000_comp02_ez.f32__c0016__dt-f32/chunk_0,1000000,2,ans shuffle=byte,primary,2.03606391,-1,5.03213422,2.86956791,1
fields/00062__plt00062__fab0000_comp02_ez.f32__c0000__dt-f32/chunk_0,1000000,2,ans shuffle=byte,primary,3.91814399,-1,5.03161506,4.75173399,1
fields/00062__plt00062__fab0000_comp02_ez.f32__c0024__dt-f32/chunk_0,1000000,2,ans shuffle=byte,primary,1.67657602,-1,3.45674519,2.88994402,1
fields/00062__plt00062__fab0000_comp02_ez.f32__c0032__dt-f32/chunk_0,1000000,36,spratio shuffle=bit,primary,0.303584009,-1,1.13270727,4.00648601,1
fields/00063__plt00063__fab0000_comp02_ez.f32__c0000__dt-f32/chunk_0,1000000,2,ans shuffle=byte,primary,2.85583997,-1,5.03161506,3.68942997,1
fields/00063__plt00063__fab0000_comp02_ez.f32__c0008__dt-f32/chunk_0,1000000,2,ans shuffle=byte,primary,2.57823992,-1,5.03273802,3.41164392,1
fields/00064__plt00064__fab0000_comp02_ez.f32__c0024__dt-f32/chunk_0,1000000,2,ans shuffle=byte,primary,0.624960005,-1,2.73921602,2.15616601,1
fields/00063__plt00063__fab0000_comp02_ez.f32__c0016__dt-f32/chunk_0,1000000,2,ans shuffle=byte,primary,10.3770561,-1,5.03213422,11.2105601,1
fields/00064__plt00064__fab0000_comp02_ez.f32__c0000__dt-f32/chunk_0,1000000,2,ans shuffle=byte,primary,0.376704007,-1,5.03161506,1.21029401,1
fields/00063__plt00063__fab0000_comp02_ez.f32__c0024__dt-f32/chunk_0,1000000,2,ans shuffle=byte,primary,1.90220797,-1,3.06683669,3.26983997,1
fields/00063__plt00063__fab0000_comp02_ez.f32__c0032__dt-f32/chunk_0,1000000,36,spratio shuffle=bit,primary,0.110175997,-1,1.13336349,3.810934,1
fields/00063__plt00063__fab0000_comp02_ez.f32__c0048__dt-f32/chunk_0,1000000,2,ans shuffle=byte,primary,7.12720013,-1,5.032098,7.96071013,1
fields/00063__plt00063__fab0000_comp02_ez.f32__c0040__dt-f32/chunk_0,1000000,2,ans shuffle=byte,primary,1.545856,-1,5.03130121,2.379498,1
fields/00064__plt00064__fab0000_comp02_ez.f32__c0008__dt-f32/chunk_0,1000000,2,ans shuffle=byte,primary,1.73785603,-1,5.03273802,2.57126003,1
fields/00063__plt00063__fab0000_comp02_ez.f32__c0056__dt-f32/chunk_0,1000000,2,ans shuffle=byte,primary,2.04819202,-1,5.03301582,2.88155002,1
fields/00064__plt00064__fab0000_comp02_ez.f32__c0048__dt-f32/chunk_0,1000000,2,ans shuffle=byte,primary,1.511168,-1,5.032098,2.344678,1
fields/00064__plt00064__fab0000_comp02_ez.f32__c0016__dt-f32/chunk_0,1000000,2,ans shuffle=byte,primary,1.89257598,-1,5.03213422,2.72607998,1
fields/00064__plt00064__fab0000_comp02_ez.f32__c0056__dt-f32/chunk_0,1000000,2,ans shuffle=byte,primary,2.13513589,-1,5.03301582,2.96849389,1
fields/00065__plt00065__fab0000_comp02_ez.f32__c0016__dt-f32/chunk_0,1000000,2,ans shuffle=byte,primary,1.97830403,-1,5.03213422,2.81180803,1
fields/00064__plt00064__fab0000_comp02_ez.f32__c0040__dt-f32/chunk_0,1000000,2,ans shuffle=byte,primary,2.56982398,-1,5.03115636,3.40348998,1
fields/00064__plt00064__fab0000_comp02_ez.f32__c0032__dt-f32/chunk_0,1000000,36,spratio shuffle=bit,primary,0.392960012,-1,1.13312497,4.09449701,1
fields/00065__plt00065__fab0000_comp02_ez.f32__c0000__dt-f32/chunk_0,1000000,2,ans shuffle=byte,primary,2.43007994,-1,5.03161506,3.26366994,1
fields/00065__plt00065__fab0000_comp02_ez.f32__c0056__dt-f32/chunk_0,1000000,2,ans shuffle=byte,primary,2.35536003,-1,5.03301582,3.18871803,1
fields/00065__plt00065__fab0000_comp02_ez.f32__c0032__dt-f32/chunk_0,1000000,36,spratio shuffle=bit,primary,0.594720006,-1,1.13361957,4.29464201,1
fields/00065__plt00065__fab0000_comp02_ez.f32__c0008__dt-f32/chunk_0,1000000,2,ans shuffle=byte,primary,2.93123198,-1,5.03273802,3.76463598,1
fields/00065__plt00065__fab0000_comp02_ez.f32__c0040__dt-f32/chunk_0,1000000,2,ans shuffle=byte,primary,2.42607999,-1,5.02705592,3.26042599,1
fields/00066__plt00066__fab0000_comp02_ez.f32__c0000__dt-f32/chunk_0,1000000,2,ans shuffle=byte,primary,3.42431998,-1,5.03161506,4.25790998,1
fields/00065__plt00065__fab0000_comp02_ez.f32__c0048__dt-f32/chunk_0,1000000,2,ans shuffle=byte,primary,3.17183995,-1,5.032098,4.00534995,1
fields/00066__plt00066__fab0000_comp02_ez.f32__c0008__dt-f32/chunk_0,1000000,2,ans shuffle=byte,primary,2.12038398,-1,5.03273802,2.95378798,1
fields/00066__plt00066__fab0000_comp02_ez.f32__c0048__dt-f32/chunk_0,1000000,2,ans shuffle=byte,primary,1.36364806,-1,5.032098,2.19715806,1
fields/00065__plt00065__fab0000_comp02_ez.f32__c0024__dt-f32/chunk_0,1000000,2,ans shuffle=byte,primary,2.43161607,-1,2.46139112,4.13565407,1
fields/00067__plt00067__fab0000_comp02_ez.f32__c0000__dt-f32/chunk_0,1000000,2,ans shuffle=byte,primary,8.36227226,-1,5.03161506,9.19586226,1
fields/00066__plt00066__fab0000_comp02_ez.f32__c0016__dt-f32/chunk_0,1000000,2,ans shuffle=byte,primary,8.57638359,-1,5.03213422,9.40988759,1
fields/00066__plt00066__fab0000_comp02_ez.f32__c0024__dt-f32/chunk_0,1000000,2,ans shuffle=byte,primary,2.00489593,-1,2.2255318,3.88952593,1
fields/00067__plt00067__fab0000_comp02_ez.f32__c0032__dt-f32/chunk_0,1000000,36,spratio shuffle=bit,primary,2.6194241,-1,1.13398951,6.3181391,1
fields/00066__plt00066__fab0000_comp02_ez.f32__c0040__dt-f32/chunk_0,1000000,2,ans shuffle=byte,primary,1.35891199,-1,5.02614027,2.19340999,1
fields/00066__plt00066__fab0000_comp02_ez.f32__c0032__dt-f32/chunk_0,1000000,4,bitcomp algo=1 shuffle=bit type=char,primary,4.48176003,-1,1.15274368,8.12030003,1
fields/00066__plt00066__fab0000_comp02_ez.f32__c0056__dt-f32/chunk_0,1000000,2,ans shuffle=byte,primary,1.43740797,-1,5.03301582,2.27076597,1
fields/00067__plt00067__fab0000_comp02_ez.f32__c0008__dt-f32/chunk_0,1000000,2,ans shuffle=byte,primary,1.79900801,-1,5.03273802,2.63241201,1
fields/00067__plt00067__fab0000_comp02_ez.f32__c0040__dt-f32/chunk_0,1000000,36,spratio shuffle=bit,primary,1.26387203,-1,3.5757799,2.43684803,1
fields/00067__plt00067__fab0000_comp02_ez.f32__c0048__dt-f32/chunk_0,1000000,2,ans shuffle=byte,primary,2.90771198,-1,5.032098,3.74122198,1
fields/00068__plt00068__fab0000_comp02_ez.f32__c0008__dt-f32/chunk_0,1000000,2,ans shuffle=byte,primary,1.53743994,-1,5.03273802,2.37084394,1
fields/00067__plt00067__fab0000_comp02_ez.f32__c0024__dt-f32/chunk_0,1000000,2,ans shuffle=byte,primary,2.95824003,-1,2.02562906,5.02885803,1
fields/00067__plt00067__fab0000_comp02_ez.f32__c0016__dt-f32/chunk_0,1000000,2,ans shuffle=byte,primary,1.638304,-1,5.03213422,2.471808,1
fields/00067__plt00067__fab0000_comp02_ez.f32__c0056__dt-f32/chunk_0,1000000,2,ans shuffle=byte,primary,2.27295995,-1,5.03301582,3.10631795,1
fields/00069__plt00069__fab0000_comp02_ez.f32__c0008__dt-f32/chunk_0,1000000,2,ans shuffle=byte,primary,0.365247995,-1,5.03273802,1.19865199,1
fields/00068__plt00068__fab0000_comp02_ez.f32__c0016__dt-f32/chunk_0,1000000,2,ans shuffle=byte,primary,1.51769602,-1,5.03213422,2.35120002,1
fields/00068__plt00068__fab0000_comp02_ez.f32__c0048__dt-f32/chunk_0,1000000,2,ans shuffle=byte,primary,0.418687999,-1,5.032098,1.252198,1
fields/00069__plt00069__fab0000_comp02_ez.f32__c0016__dt-f32/chunk_0,1000000,2,ans shuffle=byte,primary,3.17363191,-1,5.03213422,4.00713591,1
fields/00068__plt00068__fab0000_comp02_ez.f32__c0056__dt-f32/chunk_0,1000000,2,ans shuffle=byte,primary,0.955904007,-1,5.03301582,1.78926201,1
fields/00068__plt00068__fab0000_comp02_ez.f32__c0000__dt-f32/chunk_0,1000000,2,ans shuffle=byte,primary,1.35289598,-1,5.03161506,2.18648598,1
fields/00068__plt00068__fab0000_comp02_ez.f32__c0024__dt-f32/chunk_0,1000000,2,ans shuffle=byte,primary,1.08243203,-1,1.85568145,3.34268203,1
fields/00069__plt00069__fab0000_comp02_ez.f32__c0024__dt-f32/chunk_0,1000000,2,ans shuffle=byte,primary,2.59379196,-1,1.71555017,5.03866596,1
fields/00069__plt00069__fab0000_comp02_ez.f32__c0000__dt-f32/chunk_0,1000000,2,ans shuffle=byte,primary,0.369856,-1,5.03161506,1.203446,1
fields/00068__plt00068__fab0000_comp02_ez.f32__c0032__dt-f32/chunk_0,1000000,36,spratio shuffle=bit,primary,0.936864018,-1,1.13418331,4.63494702,1
fields/00069__plt00069__fab0000_comp02_ez.f32__c0032__dt-f32/chunk_0,1000000,2,ans shuffle=byte,primary,1.30988801,-1,1.15942708,4.92745401,1
fields/00068__plt00068__fab0000_comp02_ez.f32__c0040__dt-f32/chunk_0,1000000,2,ans shuffle=byte,primary,16.5509758,-1,5.01877897,17.3866978,1
fields/00069__plt00069__fab0000_comp02_ez.f32__c0040__dt-f32/chunk_0,1000000,2,ans shuffle=byte,primary,4.40492821,-1,4.9348817,5.25485821,1
fields/00071__plt00071__fab0000_comp02_ez.f32__c0000__dt-f32/chunk_0,1000000,2,ans shuffle=byte,primary,4.0786562,-1,5.03161506,4.9122462,1
fields/00069__plt00069__fab0000_comp02_ez.f32__c0056__dt-f32/chunk_0,1000000,2,ans shuffle=byte,primary,2.82502389,-1,5.03301582,3.65838189,1
fields/00070__plt00070__fab0000_comp02_ez.f32__c0040__dt-f32/chunk_0,1000000,2,ans shuffle=byte,primary,3.524544,-1,4.60838591,4.43469,1
fields/00069__plt00069__fab0000_comp02_ez.f32__c0048__dt-f32/chunk_0,1000000,2,ans shuffle=byte,primary,2.06998396,-1,5.032098,2.90349396,1
fields/00070__plt00070__fab0000_comp02_ez.f32__c0008__dt-f32/chunk_0,1000000,2,ans shuffle=byte,primary,11.6409922,-1,5.03273802,12.4743962,1
fields/00070__plt00070__fab0000_comp02_ez.f32__c0000__dt-f32/chunk_0,1000000,2,ans shuffle=byte,primary,2.17772794,-1,5.03161506,3.01131794,1
fields/00070__plt00070__fab0000_comp02_ez.f32__c0024__dt-f32/chunk_0,1000000,2,ans shuffle=byte,primary,3.3996799,-1,1.61935237,5.9897919,1
fields/00070__plt00070__fab0000_comp02_ez.f32__c0016__dt-f32/chunk_0,1000000,2,ans shuffle=byte,primary,1.71420801,-1,5.03213422,2.54771201,1
fields/00071__plt00071__fab0000_comp02_ez.f32__c0016__dt-f32/chunk_0,1000000,2,ans shuffle=byte,primary,3.86438394,-1,5.03213422,4.69788794,1
fields/00071__plt00071__fab0000_comp02_ez.f32__c0008__dt-f32/chunk_0,1000000,2,ans shuffle=byte,primary,2.48307204,-1,5.03273802,3.31647604,1
fields/00070__plt00070__fab0000_comp02_ez.f32__c0056__dt-f32/chunk_0,1000000,2,ans shuffle=byte,primary,3.42639995,-1,5.03301582,4.25975795,1
fields/00070__plt00070__fab0000_comp02_ez.f32__c0032__dt-f32/chunk_0,1000000,36,spratio shuffle=bit,primary,0.722144008,-1,1.13464077,4.41873601,1
fields/00070__plt00070__fab0000_comp02_ez.f32__c0048__dt-f32/chunk_0,1000000,2,ans shuffle=byte,primary,1.73286402,-1,5.032098,2.56637402,1
fields/00071__plt00071__fab0000_comp02_ez.f32__c0048__dt-f32/chunk_0,1000000,2,ans shuffle=byte,primary,2.955616,-1,5.032098,3.789126,1
fields/00071__plt00071__fab0000_comp02_ez.f32__c0040__dt-f32/chunk_0,1000000,2,ans shuffle=byte,primary,2.93942404,-1,4.14262885,3.95189804,1
fields/00072__plt00072__fab0000_comp02_ez.f32__c0040__dt-f32/chunk_0,1000000,2,ans shuffle=byte,primary,1.30224001,-1,3.66636888,2.44623401,1
fields/00071__plt00071__fab0000_comp02_ez.f32__c0024__dt-f32/chunk_0,1000000,2,ans shuffle=byte,primary,4.07494402,-1,1.55959303,6.76430202,1
fields/00072__plt00072__fab0000_comp02_ez.f32__c0008__dt-f32/chunk_0,1000000,2,ans shuffle=byte,primary,1.32591999,-1,5.03273802,2.15932399,1
fields/00072__plt00072__fab0000_comp02_ez.f32__c0024__dt-f32/chunk_0,1000000,2,ans shuffle=byte,primary,2.93887997,-1,1.5188268,5.70042197,1
fields/00071__plt00071__fab0000_comp02_ez.f32__c0032__dt-f32/chunk_0,1000000,36,spratio shuffle=bit,primary,0.389344007,-1,1.13307477,4.09104501,1
fields/00072__plt00072__fab0000_comp02_ez.f32__c0000__dt-f32/chunk_0,1000000,2,ans shuffle=byte,primary,1.00220799,-1,5.03161506,1.83579799,1
fields/00072__plt00072__fab0000_comp02_ez.f32__c0016__dt-f32/chunk_0,1000000,2,ans shuffle=byte,primary,3.6646719,-1,5.03213422,4.4981759,1
fields/00072__plt00072__fab0000_comp02_ez.f32__c0032__dt-f32/chunk_0,1000000,2,ans shuffle=byte,primary,2.38742399,-1,1.16052937,6.00155399,1
fields/00071__plt00071__fab0000_comp02_ez.f32__c0056__dt-f32/chunk_0,1000000,2,ans shuffle=byte,primary,3.69545603,-1,5.03301582,4.52881403,1
fields/00072__plt00072__fab0000_comp02_ez.f32__c0048__dt-f32/chunk_0,1000000,2,ans shuffle=byte,primary,4.0271678,-1,5.032098,4.8606778,1
fields/00072__plt00072__fab0000_comp02_ez.f32__c0056__dt-f32/chunk_0,1000000,2,ans shuffle=byte,primary,3.74553609,-1,5.03301582,4.57889409,1
fields/00073__plt00073__fab0000_comp02_ez.f32__c0000__dt-f32/chunk_0,1000000,2,ans shuffle=byte,primary,7.40614414,-1,5.03161506,8.23973414,1
fields/00073__plt00073__fab0000_comp02_ez.f32__c0008__dt-f32/chunk_0,1000000,2,ans shuffle=byte,primary,1.45571196,-1,5.03273802,2.28911596,1
fields/00074__plt00074__fab0000_comp02_ez.f32__c0008__dt-f32/chunk_0,1000000,2,ans shuffle=byte,primary,3.53606391,-1,5.03273802,4.36946791,1
fields/00074__plt00074__fab0000_comp02_ez.f32__c0040__dt-f32/chunk_0,1000000,2,ans shuffle=byte,primary,3.58758402,-1,2.89030722,5.03874602,1
fields/00074__plt00074__fab0000_comp02_ez.f32__c0032__dt-f32/chunk_0,1000000,2,ans shuffle=byte,primary,4.06851196,-1,1.16124974,7.68039996,1
fields/00073__plt00073__fab0000_comp02_ez.f32__c0016__dt-f32/chunk_0,1000000,2,ans shuffle=byte,primary,3.07020807,-1,5.03213422,3.90371207,1
fields/00073__plt00073__fab0000_comp02_ez.f32__c0024__dt-f32/chunk_0,1000000,2,ans shuffle=byte,primary,1.51654398,-1,1.48767103,4.33591998,1
fields/00073__plt00073__fab0000_comp02_ez.f32__c0048__dt-f32/chunk_0,1000000,2,ans shuffle=byte,primary,2.29580808,-1,5.032098,3.12931808,1
fields/00074__plt00074__fab0000_comp02_ez.f32__c0016__dt-f32/chunk_0,1000000,2,ans shuffle=byte,primary,3.25164795,-1,5.03213422,4.08515195,1
fields/00073__plt00073__fab0000_comp02_ez.f32__c0056__dt-f32/chunk_0,1000000,2,ans shuffle=byte,primary,6.06294394,-1,5.03301582,6.89630194,1
fields/00074__plt00074__fab0000_comp02_ez.f32__c0000__dt-f32/chunk_0,1000000,2,ans shuffle=byte,primary,3.24668789,-1,5.03161506,4.08027789,1
fields/00073__plt00073__fab0000_comp02_ez.f32__c0032__dt-f32/chunk_0,1000000,36,spratio shuffle=bit,primary,0.401951998,-1,1.13242194,4.105787,1
fields/00074__plt00074__fab0000_comp02_ez.f32__c0024__dt-f32/chunk_0,1000000,2,ans shuffle=byte,primary,3.13404799,-1,1.46247357,6.00199999,1
fields/00074__plt00074__fab0000_comp02_ez.f32__c0048__dt-f32/chunk_0,1000000,2,ans shuffle=byte,primary,2.44313598,-1,5.032098,3.27664598,1
fields/00073__plt00073__fab0000_comp02_ez.f32__c0040__dt-f32/chunk_0,1000000,2,ans shuffle=byte,primary,17.8596153,-1,3.24762717,19.1511133,1
fields/00074__plt00074__fab0000_comp02_ez.f32__c0056__dt-f32/chunk_0,1000000,2,ans shuffle=byte,primary,1.631616,-1,5.03301582,2.464974,1
fields/00076__plt00076__fab0000_comp02_ez.f32__c0000__dt-f32/chunk_0,1000000,39,spspeed shuffle=bit,primary,0.854496002,-1,3.56047531,2.032514,1
fields/00075__plt00075__fab0000_comp02_ez.f32__c0000__dt-f32/chunk_0,1000000,2,ans shuffle=byte,primary,0.86688,-1,5.03161506,1.70047,1
fields/00075__plt00075__fab0000_comp02_ez.f32__c0008__dt-f32/chunk_0,1000000,2,ans shuffle=byte,primary,1.45027196,-1,5.03273802,2.28367596,1
fields/00076__plt00076__fab0000_comp02_ez.f32__c0024__dt-f32/chunk_0,1000000,2,ans shuffle=byte,primary,3.61152005,-1,1.424625,6.55566605,1
fields/00076__plt00076__fab0000_comp02_ez.f32__c0008__dt-f32/chunk_0,1000000,2,ans shuffle=byte,primary,2.64556789,-1,5.03273802,3.47897189,1
fields/00075__plt00075__fab0000_comp02_ez.f32__c0016__dt-f32/chunk_0,1000000,2,ans shuffle=byte,primary,9.64118385,-1,5.03213422,10.4746879,1
fields/00075__plt00075__fab0000_comp02_ez.f32__c0024__dt-f32/chunk_0,1000000,2,ans shuffle=byte,primary,2.11520004,-1,1.44166063,5.02455604,1
fields/00076__plt00076__fab0000_comp02_ez.f32__c0032__dt-f32/chunk_0,1000000,36,spratio shuffle=bit,primary,0.332576007,-1,1.13258676,4.03587201,1
fields/00075__plt00075__fab0000_comp02_ez.f32__c0040__dt-f32/chunk_0,1000000,2,ans shuffle=byte,primary,2.05087996,-1,2.59004541,3.67027396,1
fields/00075__plt00075__fab0000_comp02_ez.f32__c0056__dt-f32/chunk_0,1000000,2,ans shuffle=byte,primary,1.78015995,-1,5.03301582,2.61351795,1
fields/00075__plt00075__fab0000_comp02_ez.f32__c0032__dt-f32/chunk_0,1000000,2,ans shuffle=byte,primary,1.80502403,-1,1.16147677,5.41620603,1
fields/00075__plt00075__fab0000_comp02_ez.f32__c0048__dt-f32/chunk_0,1000000,2,ans shuffle=byte,primary,3.876544,-1,5.032098,4.710054,1
fields/00076__plt00076__fab0000_comp02_ez.f32__c0016__dt-f32/chunk_0,1000000,2,ans shuffle=byte,primary,2.63654399,-1,5.03213422,3.47004799,1
fields/00076__plt00076__fab0000_comp02_ez.f32__c0056__dt-f32/chunk_0,1000000,2,ans shuffle=byte,primary,3.19769597,-1,5.03301582,4.03105397,1
fields/00076__plt00076__fab0000_comp02_ez.f32__c0040__dt-f32/chunk_0,1000000,2,ans shuffle=byte,primary,3.11718392,-1,2.33381742,4.91436992,1
fields/00077__plt00077__fab0000_comp02_ez.f32__c0000__dt-f32/chunk_0,1000000,39,spspeed shuffle=bit,primary,0.915647984,-1,3.56047531,2.09366598,1
fields/00076__plt00076__fab0000_comp02_ez.f32__c0048__dt-f32/chunk_0,1000000,2,ans shuffle=byte,primary,3.26112008,-1,5.032098,4.09463008,1
fields/00077__plt00077__fab0000_comp02_ez.f32__c0048__dt-f32/chunk_0,1000000,2,ans shuffle=byte,primary,3.47788811,-1,5.032098,4.31139811,1
fields/00077__plt00077__fab0000_comp02_ez.f32__c0016__dt-f32/chunk_0,1000000,2,ans shuffle=byte,primary,4.4504962,-1,5.03213422,5.2840002,1
fields/00077__plt00077__fab0000_comp02_ez.f32__c0056__dt-f32/chunk_0,1000000,2,ans shuffle=byte,primary,7.8087039,-1,5.03301582,8.6420619,1
fields/00078__plt00078__fab0000_comp02_ez.f32__c0016__dt-f32/chunk_0,1000000,2,ans shuffle=byte,primary,3.73635197,-1,5.03213422,4.56985597,1
fields/00078__plt00078__fab0000_comp02_ez.f32__c0000__dt-f32/chunk_0,1000000,2,ans shuffle=byte,primary,2.4872961,-1,5.03161506,3.3208861,1
fields/00078__plt00078__fab0000_comp02_ez.f32__c0024__dt-f32/chunk_0,1000000,2,ans shuffle=byte,primary,1.35708797,-1,1.39904336,4.35506797,1
fields/00077__plt00077__fab0000_comp02_ez.f32__c0040__dt-f32/chunk_0,1000000,2,ans shuffle=byte,primary,4.43507195,-1,2.11782836,6.41554595,1
fields/00077__plt00077__fab0000_comp02_ez.f32__c0024__dt-f32/chunk_0,1000000,2,ans shuffle=byte,primary,3.09126401,-1,1.41052903,6.06483201,1
fields/00077__plt00077__fab0000_comp02_ez.f32__c0032__dt-f32/chunk_0,1000000,36,spratio shuffle=bit,primary,0.122847997,-1,1.13300743,3.824769,1
fields/00077__plt00077__fab0000_comp02_ez.f32__c0008__dt-f32/chunk_0,1000000,2,ans shuffle=byte,primary,1.21468794,-1,5.03273802,2.04809194,1
fields/00078__plt00078__fab0000_comp02_ez.f32__c0008__dt-f32/chunk_0,1000000,2,ans shuffle=byte,primary,2.1274879,-1,5.03273802,2.9608919,1
fields/00079__plt00079__fab0000_comp02_ez.f32__c0016__dt-f32/chunk_0,1000000,2,ans shuffle=byte,primary,0.924799979,-1,5.03213422,1.75830398,1
fields/00078__plt00078__fab0000_comp02_ez.f32__c0032__dt-f32/chunk_0,1000000,2,ans shuffle=byte,primary,1.17910397,-1,1.16220991,4.78800797,1
fields/00078__plt00078__fab0000_comp02_ez.f32__c0040__dt-f32/chunk_0,1000000,2,ans shuffle=byte,primary,1.14182401,-1,1.93287324,3.31180801,1
fields/00078__plt00078__fab0000_comp02_ez.f32__c0056__dt-f32/chunk_0,1000000,2,ans shuffle=byte,primary,2.38527989,-1,5.03301582,3.21863789,1
fields/00079__plt00079__fab0000_comp02_ez.f32__c0032__dt-f32/chunk_0,1000000,36,spratio shuffle=bit,primary,0.162175998,-1,1.13415049,3.860366,1
fields/00079__plt00079__fab0000_comp02_ez.f32__c0008__dt-f32/chunk_0,1000000,2,ans shuffle=byte,primary,0.338687986,-1,5.03273802,1.17209199,1
fields/00079__plt00079__fab0000_comp02_ez.f32__c0040__dt-f32/chunk_0,1000000,2,ans shuffle=byte,primary,1.24313605,-1,1.7788273,3.60104005,1
fields/00080__plt00080__fab0000_comp02_ez.f32__c0000__dt-f32/chunk_0,1000000,2,ans shuffle=byte,primary,2.71871996,-1,5.03161506,3.55230996,1
fields/00079__plt00079__fab0000_comp02_ez.f32__c0000__dt-f32/chunk_0,1000000,2,ans shuffle=byte,primary,5.45071983,-1,5.03161506,6.28430983,1
fields/00078__plt00078__fab0000_comp02_ez.f32__c0048__dt-f32/chunk_0,1000000,2,ans shuffle=byte,primary,6.86492777,-1,5.032098,7.69843777,1
fields/00079__plt00079__fab0000_comp02_ez.f32__c0024__dt-f32/chunk_0,1000000,2,ans shuffle=byte,primary,3.01651192,-1,1.38924996,6.03562592,1
fields/00079__plt00079__fab0000_comp02_ez.f32__c0056__dt-f32/chunk_0,1000000,2,ans shuffle=byte,primary,2.69984007,-1,5.03301582,3.53319807,1
fields/00080__plt00080__fab0000_comp02_ez.f32__c0016__dt-f32/chunk_0,1000000,2,ans shuffle=byte,primary,2.2462399,-1,5.03213422,3.0797439,1
fields/00079__plt00079__fab0000_comp02_ez.f32__c0048__dt-f32/chunk_0,1000000,2,ans shuffle=byte,primary,1.50518405,-1,5.032098,2.33869405,1
fields/00080__plt00080__fab0000_comp02_ez.f32__c0048__dt-f32/chunk_0,1000000,2,ans shuffle=byte,primary,1.17292798,-1,5.032098,2.00643798,1
fields/00080__plt00080__fab0000_comp02_ez.f32__c0024__dt-f32/chunk_0,1000000,2,ans shuffle=byte,primary,4.74313593,-1,1.38124189,7.77975393,1
fields/00080__plt00080__fab0000_comp02_ez.f32__c0008__dt-f32/chunk_0,1000000,2,ans shuffle=byte,primary,2.48291206,-1,5.03273802,3.31631606,1
fields/00081__plt00081__fab0000_comp02_ez.f32__c0000__dt-f32/chunk_0,1000000,2,ans shuffle=byte,primary,1.56217599,-1,5.03161506,2.39576599,1
fields/00081__plt00081__fab0000_comp02_ez.f32__c0008__dt-f32/chunk_0,1000000,2,ans shuffle=byte,primary,1.70006394,-1,5.03273802,2.53346794,1
fields/00081__plt00081__fab0000_comp02_ez.f32__c0048__dt-f32/chunk_0,1000000,2,ans shuffle=byte,primary,2.67753601,-1,5.032098,3.51104601,1
fields/00081__plt00081__fab0000_comp02_ez.f32__c0040__dt-f32/chunk_0,1000000,2,ans shuffle=byte,primary,1.28611195,-1,1.58844706,3.92661795,1
fields/00082__plt00082__fab0000_comp02_ez.f32__c0000__dt-f32/chunk_0,1000000,2,ans shuffle=byte,primary,1.75007999,-1,5.03161506,2.58366999,1
fields/00080__plt00080__fab0000_comp02_ez.f32__c0040__dt-f32/chunk_0,1000000,2,ans shuffle=byte,primary,1.56118405,-1,1.66266187,4.08382805,1
fields/00080__plt00080__fab0000_comp02_ez.f32__c0032__dt-f32/chunk_0,1000000,29,ndzip,primary,0.0768000036,-1,1.12203207,3.814932,1
fields/00081__plt00081__fab0000_comp02_ez.f32__c0016__dt-f32/chunk_0,1000000,2,ans shuffle=byte,primary,1.73663998,-1,5.03213422,2.57014398,1
fields/00080__plt00080__fab0000_comp02_ez.f32__c0056__dt-f32/chunk_0,1000000,2,ans shuffle=byte,primary,3.24822402,-1,5.03301582,4.08158202,1
fields/00082__plt00082__fab0000_comp02_ez.f32__c0016__dt-f32/chunk_0,1000000,2,ans shuffle=byte,primary,2.61497593,-1,5.03213422,3.44847993,1
fields/00082__plt00082__fab0000_comp02_ez.f32__c0008__dt-f32/chunk_0,1000000,2,ans shuffle=byte,primary,1.98176003,-1,5.03273802,2.81516403,1
fields/00081__plt00081__fab0000_comp02_ez.f32__c0032__dt-f32/chunk_0,1000000,36,spratio shuffle=bit,primary,0.723807991,-1,1.13492814,4.41946399,1
fields/00081__plt00081__fab0000_comp02_ez.f32__c0056__dt-f32/chunk_0,1000000,2,ans shuffle=byte,primary,1.03820801,-1,5.03301582,1.87156601,1
fields/00082__plt00082__fab0000_comp02_ez.f32__c0056__dt-f32/chunk_0,1000000,2,ans shuffle=byte,primary,1.75001597,-1,5.03301582,2.58337397,1
fields/00081__plt00081__fab0000_comp02_ez.f32__c0024__dt-f32/chunk_0,1000000,2,ans shuffle=byte,primary,4.92470407,-1,1.37405987,7.97719407,1
fields/00082__plt00082__fab0000_comp02_ez.f32__c0024__dt-f32/chunk_0,1000000,2,ans shuffle=byte,primary,2.46105599,-1,1.36807036,5.52690999,1
fields/00083__plt00083__fab0000_comp02_ez.f32__c0016__dt-f32/chunk_0,1000000,2,ans shuffle=byte,primary,1.13814402,-1,5.03213422,1.97164802,1
fields/00082__plt00082__fab0000_comp02_ez.f32__c0032__dt-f32/chunk_0,1000000,36,spratio shuffle=bit,primary,0.255488008,-1,1.1357776,3.94838001,1
fields/00082__plt00082__fab0000_comp02_ez.f32__c0048__dt-f32/chunk_0,1000000,2,ans shuffle=byte,primary,1.96972799,-1,5.032098,2.80323799,1
fields/00082__plt00082__fab0000_comp02_ez.f32__c0040__dt-f32/chunk_0,1000000,2,ans shuffle=byte,primary,2.15888,-1,1.54218342,4.878598,1
fields/00083__plt00083__fab0000_comp02_ez.f32__c0008__dt-f32/chunk_0,1000000,2,ans shuffle=byte,primary,1.01702404,-1,5.03273802,1.85042804,1
fields/00083__plt00083__fab0000_comp02_ez.f32__c0048__dt-f32/chunk_0,1000000,2,ans shuffle=byte,primary,0.308575988,-1,5.032098,1.14208599,1
fields/00083__plt00083__fab0000_comp02_ez.f32__c0024__dt-f32/chunk_0,1000000,2,ans shuffle=byte,primary,1.0632,-1,1.36254438,4.141488,1
fields/00084__plt00084__fab0000_comp02_ez.f32__c0000__dt-f32/chunk_0,1000000,2,ans shuffle=byte,primary,0.306688011,-1,5.03161506,1.14027801,1
fields/00083__plt00083__fab0000_comp02_ez.f32__c0000__dt-f32/chunk_0,1000000,2,ans shuffle=byte,primary,1.59401596,-1,5.03161506,2.42760596,1
fields/00083__plt00083__fab0000_comp02_ez.f32__c0032__dt-f32/chunk_0,1000000,36,spratio shuffle=bit,primary,0.557024002,-1,1.13579236,4.249868,1
fields/00083__plt00083__fab0000_comp02_ez.f32__c0056__dt-f32/chunk_0,1000000,2,ans shuffle=byte,primary,0.65654403,-1,5.03301582,1.48990203,1
fields/00083__plt00083__fab0000_comp02_ez.f32__c0040__dt-f32/chunk_0,1000000,2,ans shuffle=byte,primary,0.625087976,-1,1.50793315,3.40657998,1
fields/00084__plt00084__fab0000_comp02_ez.f32__c0008__dt-f32/chunk_0,1000000,2,ans shuffle=byte,primary,1.09788799,-1,5.03273802,1.93129199,1
fields/00084__plt00084__fab0000_comp02_ez.f32__c0024__dt-f32/chunk_0,1000000,2,ans shuffle=byte,primary,0.729856014,-1,1.35746692,3.81965801,1
fields/00084__plt00084__fab0000_comp02_ez.f32__c0032__dt-f32/chunk_0,1000000,2,ans shuffle=byte,primary,1.25839996,-1,1.16339429,4.86362996,1
fields/00084__plt00084__fab0000_comp02_ez.f32__c0056__dt-f32/chunk_0,1000000,2,ans shuffle=byte,primary,1.04220796,-1,5.03301582,1.87556596,1
fields/00084__plt00084__fab0000_comp02_ez.f32__c0040__dt-f32/chunk_0,1000000,2,ans shuffle=byte,primary,1.96204805,-1,1.4811703,4.79379805,1
fields/00084__plt00084__fab0000_comp02_ez.f32__c0016__dt-f32/chunk_0,1000000,2,ans shuffle=byte,primary,1.27782404,-1,5.03213422,2.11132804,1
fields/00084__plt00084__fab0000_comp02_ez.f32__c0048__dt-f32/chunk_0,1000000,2,ans shuffle=byte,primary,1.34275198,-1,5.032098,2.17626198,1
fields/00085__plt00085__fab0000_comp02_ez.f32__c0000__dt-f32/chunk_0,1000000,2,ans shuffle=byte,primary,0.934687972,-1,5.03161506,1.76827797,1
fields/00085__plt00085__fab0000_comp02_ez.f32__c0008__dt-f32/chunk_0,1000000,1,ans shuffle=bit,primary,1.47360003,-1,3.74102629,2.59476403,1
fields/00085__plt00085__fab0000_comp02_ez.f32__c0024__dt-f32/chunk_0,1000000,2,ans shuffle=byte,primary,0.797855973,-1,1.35286164,3.89817597,1
fields/00085__plt00085__fab0000_comp02_ez.f32__c0048__dt-f32/chunk_0,1000000,2,ans shuffle=byte,primary,0.637727976,-1,5.032098,1.47123798,1
fields/00085__plt00085__fab0000_comp02_ez.f32__c0016__dt-f32/chunk_0,1000000,2,ans shuffle=byte,primary,0.626559973,-1,5.03213422,1.46006397,1
fields/00085__plt00085__fab0000_comp02_ez.f32__c0040__dt-f32/chunk_0,1000000,2,ans shuffle=byte,primary,1.27030396,-1,1.45989275,4.14332596,1
fields/00086__plt00086__fab0000_comp02_ez.f32__c0008__dt-f32/chunk_0,1000000,2,ans shuffle=byte,primary,1.08617604,-1,5.03273802,1.91958004,1
fields/00086__plt00086__fab0000_comp02_ez.f32__c0000__dt-f32/chunk_0,1000000,2,ans shuffle=byte,primary,1.096928,-1,5.03161506,1.930518,1
fields/00086__plt00086__fab0000_comp02_ez.f32__c0040__dt-f32/chunk_0,1000000,2,ans shuffle=byte,primary,1.53711998,-1,1.44243506,4.44491398,1
fields/00085__plt00085__fab0000_comp02_ez.f32__c0032__dt-f32/chunk_0,1000000,2,ans shuffle=byte,primary,0.89555198,-1,1.16379134,4.49955198,1
fields/00086__plt00086__fab0000_comp02_ez.f32__c0048__dt-f32/chunk_0,1000000,2,ans shuffle=byte,primary,1.86236799,-1,5.032098,2.69587799,1
fields/00086__plt00086__fab0000_comp02_ez.f32__c0032__dt-f32/chunk_0,1000000,36,spratio shuffle=bit,primary,0.519680023,-1,1.1369127,4.20888502,1
fields/00085__plt00085__fab0000_comp02_ez.f32__c0056__dt-f32/chunk_0,1000000,2,ans shuffle=byte,primary,1.46441603,-1,5.03301582,2.29777403,1
fields/00086__plt00086__fab0000_comp02_ez.f32__c0016__dt-f32/chunk_0,1000000,2,ans shuffle=byte,primary,1.01999998,-1,5.03213422,1.85350398,1
fields/00086__plt00086__fab0000_comp02_ez.f32__c0024__dt-f32/chunk_0,1000000,2,ans shuffle=byte,primary,1.46204805,-1,1.34887894,4.57152205,1
fields/00086__plt00086__fab0000_comp02_ez.f32__c0056__dt-f32/chunk_0,1000000,2,ans shuffle=byte,primary,1.31740797,-1,5.03301582,2.15076597,1
fields/00087__plt00087__fab0000_comp02_ez.f32__c0000__dt-f32/chunk_0,1000000,2,ans shuffle=byte,primary,0.63993597,-1,5.03161506,1.47352597,1
fields/00087__plt00087__fab0000_comp02_ez.f32__c0016__dt-f32/chunk_0,1000000,2,ans shuffle=byte,primary,1.30156803,-1,5.03213422,2.13507203,1
fields/00087__plt00087__fab0000_comp02_ez.f32__c0032__dt-f32/chunk_0,1000000,2,ans shuffle=byte,primary,1.06156802,-1,1.16495177,4.66197802,1
fields/00087__plt00087__fab0000_comp02_ez.f32__c0008__dt-f32/chunk_0,1000000,2,ans shuffle=byte,primary,2.03936005,-1,5.03273802,2.87276405,1
fields/00087__plt00087__fab0000_comp02_ez.f32__c0048__dt-f32/chunk_0,1000000,2,ans shuffle=byte,primary,1.89702404,-1,5.032098,2.73053404,1
fields/00087__plt00087__fab0000_comp02_ez.f32__c0024__dt-f32/chunk_0,1000000,2,ans shuffle=byte,primary,1.46879995,-1,1.34543733,4.58622795,1
fields/00087__plt00087__fab0000_comp02_ez.f32__c0056__dt-f32/chunk_0,1000000,2,ans shuffle=byte,primary,1.10076797,-1,5.03301582,1.93412597,1
fields/00088__plt00088__fab0000_comp02_ez.f32__c0016__dt-f32/chunk_0,1000000,39,spspeed shuffle=bit,primary,0.474783987,-1,3.56052367,1.65278599,1
fields/00088__plt00088__fab0000_comp02_ez.f32__c0000__dt-f32/chunk_0,1000000,2,ans shuffle=byte,primary,1.45337605,-1,5.03161506,2.28696605,1
fields/00087__plt00087__fab0000_comp02_ez.f32__c0040__dt-f32/chunk_0,1000000,2,ans shuffle=byte,primary,1.07603204,-1,1.42851732,4.01215604,1
fields/00088__plt00088__fab0000_comp02_ez.f32__c0008__dt-f32/chunk_0,1000000,2,ans shuffle=byte,primary,1.14428794,-1,5.03273802,1.97769194,1
fields/00088__plt00088__fab0000_comp02_ez.f32__c0040__dt-f32/chunk_0,1000000,2,ans shuffle=byte,primary,0.401216,-1,1.41760474,3.359942,1
fields/00089__plt00089__fab0000_comp02_ez.f32__c0016__dt-f32/chunk_0,1000000,2,ans shuffle=byte,primary,1.43916798,-1,5.03213422,2.27267198,1
fields/00088__plt00088__fab0000_comp02_ez.f32__c0024__dt-f32/chunk_0,1000000,2,ans shuffle=byte,primary,0.407840014,-1,1.34231731,3.53251401,1
fields/00088__plt00088__fab0000_comp02_ez.f32__c0056__dt-f32/chunk_0,1000000,2,ans shuffle=byte,primary,1.01206398,-1,5.03301582,1.84542198,1
fields/00089__plt00089__fab0000_comp02_ez.f32__c0000__dt-f32/chunk_0,1000000,2,ans shuffle=byte,primary,1.59360003,-1,5.03161506,2.42719003,1
fields/00088__plt00088__fab0000_comp02_ez.f32__c0032__dt-f32/chunk_0,1000000,36,spratio shuffle=bit,primary,0.121536002,-1,1.13767347,3.808274,1
fields/00089__plt00089__fab0000_comp02_ez.f32__c0008__dt-f32/chunk_0,1000000,2,ans shuffle=byte,primary,1.25017595,-1,5.03273802,2.08357995,1
fields/00088__plt00088__fab0000_comp02_ez.f32__c0048__dt-f32/chunk_0,1000000,2,ans shuffle=byte,primary,1.53615999,-1,5.032098,2.36966999,1
fields/00089__plt00089__fab0000_comp02_ez.f32__c0032__dt-f32/chunk_0,1000000,2,ans shuffle=byte,primary,0.487679988,-1,1.16630518,4.08391199,1
fields/00089__plt00089__fab0000_comp02_ez.f32__c0040__dt-f32/chunk_0,1000000,2,ans shuffle=byte,primary,1.24585605,-1,1.40859821,4.22350005,1
fields/00090__plt00090__fab0000_comp02_ez.f32__c0008__dt-f32/chunk_0,1000000,2,ans shuffle=byte,primary,0.650272012,-1,5.03273802,1.48367601,1
fields/00089__plt00089__fab0000_comp02_ez.f32__c0048__dt-f32/chunk_0,1000000,2,ans shuffle=byte,primary,0.739264011,-1,5.032098,1.57277401,1
fields/00090__plt00090__fab0000_comp02_ez.f32__c0000__dt-f32/chunk_0,1000000,2,ans shuffle=byte,primary,0.632224023,-1,5.03161506,1.46581402,1
fields/00090__plt00090__fab0000_comp02_ez.f32__c0056__dt-f32/chunk_0,1000000,2,ans shuffle=byte,primary,1.30118406,-1,5.03301582,2.13454206,1
fields/00090__plt00090__fab0000_comp02_ez.f32__c0016__dt-f32/chunk_0,1000000,2,ans shuffle=byte,primary,1.034464,-1,5.03213422,1.867968,1
fields/00089__plt00089__fab0000_comp02_ez.f32__c0056__dt-f32/chunk_0,1000000,2,ans shuffle=byte,primary,1.92198396,-1,5.03301582,2.75534196,1
fields/00090__plt00090__fab0000_comp02_ez.f32__c0032__dt-f32/chunk_0,1000000,2,ans shuffle=byte,primary,0.996896029,-1,1.16709574,4.59069203,1
fields/00089__plt00089__fab0000_comp02_ez.f32__c0024__dt-f32/chunk_0,1000000,2,ans shuffle=byte,primary,1.41952002,-1,1.33918949,4.55149202,1
fields/00090__plt00090__fab0000_comp02_ez.f32__c0024__dt-f32/chunk_0,1000000,2,ans shuffle=byte,primary,2.1188159,-1,1.33596302,5.2583519,1
fields/00090__plt00090__fab0000_comp02_ez.f32__c0048__dt-f32/chunk_0,1000000,2,ans shuffle=byte,primary,1.47484803,-1,5.032098,2.30835803,1
fields/00090__plt00090__fab0000_comp02_ez.f32__c0040__dt-f32/chunk_0,1000000,2,ans shuffle=byte,primary,1.37119997,-1,1.40068981,4.36565597,1
fields/00091__plt00091__fab0000_comp02_ez.f32__c0048__dt-f32/chunk_0,1000000,2,ans shuffle=byte,primary,0.580223978,-1,5.032098,1.41373398,1
fields/00091__plt00091__fab0000_comp02_ez.f32__c0008__dt-f32/chunk_0,1000000,2,ans shuffle=byte,primary,3.26838398,-1,5.03273802,4.10178798,1
fields/00091__plt00091__fab0000_comp02_ez.f32__c0016__dt-f32/chunk_0,1000000,2,ans shuffle=byte,primary,1.355232,-1,5.03213422,2.188736,1
fields/00092__plt00092__fab0000_comp02_ez.f32__c0008__dt-f32/chunk_0,1000000,1,ans shuffle=bit,primary,0.626399994,-1,3.74102629,1.74756399,1
fields/00091__plt00091__fab0000_comp02_ez.f32__c0024__dt-f32/chunk_0,1000000,2,ans shuffle=byte,primary,1.01792002,-1,1.33355971,4.16311402,1
fields/00091__plt00091__fab0000_comp02_ez.f32__c0000__dt-f32/chunk_0,1000000,2,ans shuffle=byte,primary,1.16224003,-1,5.03161506,1.99583003,1
fields/00092__plt00092__fab0000_comp02_ez.f32__c0016__dt-f32/chunk_0,1000000,2,ans shuffle=byte,primary,1.00399995,-1,5.03213422,1.83750395,1
fields/00092__plt00092__fab0000_comp02_ez.f32__c0000__dt-f32/chunk_0,1000000,36,spratio shuffle=bit,primary,0.110367998,-1,3.57677092,1.283019,1
fields/00092__plt00092__fab0000_comp02_ez.f32__c0032__dt-f32/chunk_0,1000000,2,ans shuffle=byte,primary,0.241183996,-1,1.16837797,3.831036,1
fields/00091__plt00091__fab0000_comp02_ez.f32__c0032__dt-f32/chunk_0,1000000,36,spratio shuffle=bit,primary,0.250528008,-1,1.13842599,3.93482901,1
fields/00091__plt00091__fab0000_comp02_ez.f32__c0040__dt-f32/chunk_0,1000000,2,ans shuffle=byte,primary,1.182688,-1,1.39365557,4.192258,1
fields/00091__plt00091__fab0000_comp02_ez.f32__c0056__dt-f32/chunk_0,1000000,2,ans shuffle=byte,primary,0.778559983,-1,5.03301582,1.61191798,1
fields/00092__plt00092__fab0000_comp02_ez.f32__c0024__dt-f32/chunk_0,1000000,2,ans shuffle=byte,primary,0.466399997,-1,1.33106533,3.617488,1
fields/00092__plt00092__fab0000_comp02_ez.f32__c0056__dt-f32/chunk_0,1000000,2,ans shuffle=byte,primary,0.966624022,-1,5.03301582,1.79998202,1
fields/00092__plt00092__fab0000_comp02_ez.f32__c0048__dt-f32/chunk_0,1000000,2,ans shuffle=byte,primary,0.406048,-1,5.032098,1.239558,1
fields/00093__plt00093__fab0000_comp02_ez.f32__c0008__dt-f32/chunk_0,1000000,2,ans shuffle=byte,primary,0.816832006,-1,5.03273802,1.65023601,1
fields/00094__plt00094__fab0000_comp02_ez.f32__c0000__dt-f32/chunk_0,1000000,2,ans shuffle=byte,primary,0.754271984,-1,5.03161506,1.58786198,1
fields/00093__plt00093__fab0000_comp02_ez.f32__c0056__dt-f32/chunk_0,1000000,2,ans shuffle=byte,primary,0.422271997,-1,5.03301582,1.25563,1
fields/00093__plt00093__fab0000_comp02_ez.f32__c0024__dt-f32/chunk_0,1000000,2,ans shuffle=byte,primary,0.930335999,-1,1.32858027,4.087318,1
fields/00093__plt00093__fab0000_comp02_ez.f32__c0000__dt-f32/chunk_0,1000000,2,ans shuffle=byte,primary,0.984287977,-1,5.03161506,1.81787798,1
fields/00092__plt00092__fab0000_comp02_ez.f32__c0040__dt-f32/chunk_0,1000000,2,ans shuffle=byte,primary,0.422495991,-1,1.38695209,3.44661199,1
fields/00093__plt00093__fab0000_comp02_ez.f32__c0032__dt-f32/chunk_0,1000000,2,ans shuffle=byte,primary,1.09855998,-1,1.16901949,4.68644198,1
fields/00094__plt00094__fab0000_comp02_ez.f32__c0008__dt-f32/chunk_0,1000000,2,ans shuffle=byte,primary,0.803327978,-1,5.03273802,1.63673198,1
fields/00093__plt00093__fab0000_comp02_ez.f32__c0048__dt-f32/chunk_0,1000000,2,ans shuffle=byte,primary,0.577664018,-1,5.032098,1.41117402,1
fields/00093__plt00093__fab0000_comp02_ez.f32__c0016__dt-f32/chunk_0,1000000,2,ans shuffle=byte,primary,0.773440003,-1,5.03213422,1.606944,1
fields/00094__plt00094__fab0000_comp02_ez.f32__c0024__dt-f32/chunk_0,1000000,2,ans shuffle=byte,primary,0.892192006,-1,1.32623278,4.05476201,1
fields/00093__plt00093__fab0000_comp02_ez.f32__c0040__dt-f32/chunk_0,1000000,2,ans shuffle=byte,primary,1.10880005,-1,1.38116821,4.14558005,1
fields/00094__plt00094__fab0000_comp02_ez.f32__c0040__dt-f32/chunk_0,1000000,2,ans shuffle=byte,primary,0.971584022,-1,1.37557672,4.02070802,1
fields/00094__plt00094__fab0000_comp02_ez.f32__c0016__dt-f32/chunk_0,1000000,2,ans shuffle=byte,primary,1.13331199,-1,5.03213422,1.96681599,1
fields/00094__plt00094__fab0000_comp02_ez.f32__c0032__dt-f32/chunk_0,1000000,2,ans shuffle=byte,primary,0.892768025,-1,1.16974523,4.47842403,1
fields/00094__plt00094__fab0000_comp02_ez.f32__c0048__dt-f32/chunk_0,1000000,2,ans shuffle=byte,primary,0.481792003,-1,5.032098,1.315302,1
fields/00094__plt00094__fab0000_comp02_ez.f32__c0056__dt-f32/chunk_0,1000000,2,ans shuffle=byte,primary,0.902015984,-1,5.03301582,1.73537398,1
fields/00095__plt00095__fab0000_comp02_ez.f32__c0024__dt-f32/chunk_0,1000000,2,ans shuffle=byte,primary,0.418336004,-1,1.32420203,3.585756,1
fields/00095__plt00095__fab0000_comp02_ez.f32__c0000__dt-f32/chunk_0,1000000,2,ans shuffle=byte,primary,0.896736026,-1,5.03161506,1.73032603,1
fields/00095__plt00095__fab0000_comp02_ez.f32__c0008__dt-f32/chunk_0,1000000,2,ans shuffle=byte,primary,0.413055986,-1,5.03273802,1.24645999,1
fields/00095__plt00095__fab0000_comp02_ez.f32__c0032__dt-f32/chunk_0,1000000,2,ans shuffle=byte,primary,0.238048002,-1,1.17023151,3.822214,1
fields/00095__plt00095__fab0000_comp02_ez.f32__c0056__dt-f32/chunk_0,1000000,2,ans shuffle=byte,primary,0.415679991,-1,5.03301582,1.24903799,1
fields/00096__plt00096__fab0000_comp02_ez.f32__c0040__dt-f32/chunk_0,1000000,2,ans shuffle=byte,primary,0.731072009,-1,1.36608486,3.80138201,1
fields/00095__plt00095__fab0000_comp02_ez.f32__c0048__dt-f32/chunk_0,1000000,2,ans shuffle=byte,primary,0.262495995,-1,5.032098,1.09600599,1
fields/00095__plt00095__fab0000_comp02_ez.f32__c0040__dt-f32/chunk_0,1000000,2,ans shuffle=byte,primary,0.475775987,-1,1.37051291,3.53616599,1
fields/00095__plt00095__fab0000_comp02_ez.f32__c0016__dt-f32/chunk_0,1000000,2,ans shuffle=byte,primary,0.637791991,-1,5.03213422,1.47129599,1
fields/00096__plt00096__fab0000_comp02_ez.f32__c0000__dt-f32/chunk_0,1000000,2,ans shuffle=byte,primary,0.393824011,-1,5.03161506,1.22741401,1
fields/00096__plt00096__fab0000_comp02_ez.f32__c0008__dt-f32/chunk_0,1000000,2,ans shuffle=byte,primary,0.632863998,-1,5.03273802,1.466268,1
fields/00096__plt00096__fab0000_comp02_ez.f32__c0016__dt-f32/chunk_0,1000000,2,ans shuffle=byte,primary,1.03699195,-1,5.03213422,1.87049595,1
fields/00096__plt00096__fab0000_comp02_ez.f32__c0048__dt-f32/chunk_0,1000000,2,ans shuffle=byte,primary,0.71104002,-1,5.032098,1.54455002,1
fields/00096__plt00096__fab0000_comp02_ez.f32__c0024__dt-f32/chunk_0,1000000,2,ans shuffle=byte,primary,1.08816004,-1,1.32205664,4.26072004,1
fields/00096__plt00096__fab0000_comp02_ez.f32__c0032__dt-f32/chunk_0,1000000,36,spratio shuffle=bit,primary,0.49971199,-1,1.1405698,4.17708799,1
fields/00097__plt00097__fab0000_comp02_ez.f32__c0000__dt-f32/chunk_0,1000000,2,ans shuffle=byte,primary,0.374336004,-1,5.03161506,1.207926,1
fields/00097__plt00097__fab0000_comp02_ez.f32__c0008__dt-f32/chunk_0,1000000,2,ans shuffle=byte,primary,1.39391994,-1,5.03273802,2.22732394,1
fields/00096__plt00096__fab0000_comp02_ez.f32__c0056__dt-f32/chunk_0,1000000,2,ans shuffle=byte,primary,0.401311994,-1,5.03301582,1.23466999,1
fields/00097__plt00097__fab0000_comp02_ez.f32__c0024__dt-f32/chunk_0,1000000,2,ans shuffle=byte,primary,0.2016,-1,1.3201018,3.378858,1
fields/00097__plt00097__fab0000_comp02_ez.f32__c0016__dt-f32/chunk_0,1000000,2,ans shuffle=byte,primary,0.417663991,-1,5.03213422,1.25116799,1
fields/00097__plt00097__fab0000_comp02_ez.f32__c0032__dt-f32/chunk_0,1000000,36,spratio shuffle=bit,primary,0.278912008,-1,1.14076337,3.95566401,1
fields/00097__plt00097__fab0000_comp02_ez.f32__c0048__dt-f32/chunk_0,1000000,2,ans shuffle=byte,primary,0.433759987,-1,5.032098,1.26726999,1
fields/00097__plt00097__fab0000_comp02_ez.f32__c0040__dt-f32/chunk_0,1000000,2,ans shuffle=byte,primary,0.231360003,-1,1.36181885,3.311288,1
fields/00097__plt00097__fab0000_comp02_ez.f32__c0056__dt-f32/chunk_0,1000000,2,ans shuffle=byte,primary,0.426880002,-1,5.03301582,1.260238,1
fields/00098__plt00098__fab0000_comp02_ez.f32__c0008__dt-f32/chunk_0,1000000,2,ans shuffle=byte,primary,0.180032,-1,5.03273802,1.013436,1
fields/00098__plt00098__fab0000_comp02_ez.f32__c0016__dt-f32/chunk_0,1000000,2,ans shuffle=byte,primary,0.459295988,-1,5.03213422,1.29279999,1
fields/00098__plt00098__fab0000_comp02_ez.f32__c0000__dt-f32/chunk_0,1000000,2,ans shuffle=byte,primary,0.158048004,-1,5.03161506,0.991638004,1
fields/00099__plt00099__fab0000_comp02_ez.f32__c0000__dt-f32/chunk_0,1000000,2,ans shuffle=byte,primary,0.206175998,-1,5.03161506,1.039766,1
fields/00098__plt00098__fab0000_comp02_ez.f32__c0024__dt-f32/chunk_0,1000000,2,ans shuffle=byte,primary,0.202335998,-1,1.31803178,3.384584,1
fields/00098__plt00098__fab0000_comp02_ez.f32__c0056__dt-f32/chunk_0,1000000,2,ans shuffle=byte,primary,0.691680014,-1,5.03301582,1.52503801,1
fields/00098__plt00098__fab0000_comp02_ez.f32__c0048__dt-f32/chunk_0,1000000,2,ans shuffle=byte,primary,0.916960001,-1,5.032098,1.75047,1
fields/00099__plt00099__fab0000_comp02_ez.f32__c0008__dt-f32/chunk_0,1000000,2,ans shuffle=byte,primary,0.209184006,-1,5.03273802,1.04258801,1
fields/00098__plt00098__fab0000_comp02_ez.f32__c0032__dt-f32/chunk_0,1000000,36,spratio shuffle=bit,primary,0.281888008,-1,1.14164116,3.95581301,1
fields/00098__plt00098__fab0000_comp02_ez.f32__c0040__dt-f32/chunk_0,1000000,2,ans shuffle=byte,primary,1.01779199,-1,1.35761279,4.10726199,1
fields/00099__plt00099__fab0000_comp02_ez.f32__c0016__dt-f32/chunk_0,1000000,2,ans shuffle=byte,primary,0.243744001,-1,5.03213422,1.077248,1
fields/00099__plt00099__fab0000_comp02_ez.f32__c0024__dt-f32/chunk_0,1000000,2,ans shuffle=byte,primary,0.250496,-1,1.31634656,3.436818,1
fields/00099__plt00099__fab0000_comp02_ez.f32__c0048__dt-f32/chunk_0,1000000,2,ans shuffle=byte,primary,0.63043201,-1,5.032098,1.46394201,1
fields/00099__plt00099__fab0000_comp02_ez.f32__c0032__dt-f32/chunk_0,1000000,2,ans shuffle=byte,primary,0.246815994,-1,1.17182439,3.82610999,1
fields/00099__plt00099__fab0000_comp02_ez.f32__c0056__dt-f32/chunk_0,1000000,2,ans shuffle=byte,primary,0.199167997,-1,5.03301582,1.032526,1
fields/00100__plt00100__fab0000_comp02_ez.f32__c0008__dt-f32/chunk_0,1000000,2,ans shuffle=byte,primary,0.185727999,-1,5.03273802,1.019132,1
fields/00099__plt00099__fab0000_comp02_ez.f32__c0040__dt-f32/chunk_0,1000000,2,ans shuffle=byte,primary,0.228992,-1,1.35342915,3.328012,1
fields/00100__plt00100__fab0000_comp02_ez.f32__c0032__dt-f32/chunk_0,1000000,36,spratio shuffle=bit,primary,0.120863996,-1,1.14296054,3.790548,1
fields/00100__plt00100__fab0000_comp02_ez.f32__c0040__dt-f32/chunk_0,1000000,2,ans shuffle=byte,primary,0.230240002,-1,1.35003035,3.337062,1
fields/00100__plt00100__fab0000_comp02_ez.f32__c0000__dt-f32/chunk_0,1000000,2,ans shuffle=byte,primary,0.212960005,-1,5.03161506,1.04655,1
fields/00100__plt00100__fab0000_comp02_ez.f32__c0048__dt-f32/chunk_0,1000000,2,ans shuffle=byte,primary,0.317824006,-1,5.032098,1.15133401,1
fields/00100__plt00100__fab0000_comp02_ez.f32__c0016__dt-f32/chunk_0,1000000,2,ans shuffle=byte,primary,0.390751988,-1,5.03213422,1.22425599,1
fields/00100__plt00100__fab0000_comp02_ez.f32__c0024__dt-f32/chunk_0,1000000,2,ans shuffle=byte,primary,0.486272007,-1,1.3145478,3.67695401,1
fields/00100__plt00100__fab0000_comp02_ez.f32__c0056__dt-f32/chunk_0,1000000,2,ans shuffle=byte,primary,0.186880007,-1,5.03301582,1.02023801,1
