blob,tier_bw,setting,spec,role,comp_ms,decomp_ms,ratio,cost,adopted
fields/00000__plt00000__density.f32__c0004__dt-f32/chunk_0,500000,26,lz4 bitshuffle=msb type=int,primary,2.973984,-1,194.405747,3.094804,1
fields/00000__plt00000__density.f32__c0000__dt-f32/chunk_0,500000,26,lz4 bitshuffle=msb type=int,primary,3.51017594,-1,194.405747,3.63099594,1
fields/00000__plt00000__density.f32__c0012__dt-f32/chunk_0,500000,26,lz4 bitshuffle=msb type=int,primary,3.11951995,-1,166.725126,3.26039915,1
fields/00000__plt00000__density.f32__c0008__dt-f32/chunk_0,500000,29,ndzip,primary,0.265215993,-1,4.22344578,6.66203709,1
fields/00001__plt00000__tracer0.f32__c0004__dt-f32/chunk_0,500000,29,ndzip,primary,0.108543999,-1,1.63045915,16.4469314,1
fields/00001__plt00000__tracer0.f32__c0012__dt-f32/chunk_0,500000,29,ndzip,primary,0.0768000036,-1,1.63866628,16.3421806,1
fields/00001__plt00000__tracer0.f32__c0000__dt-f32/chunk_0,500000,30,ndzip shuffle=bit,primary,0.106495999,-1,3.55247181,8.61442734,1
fields/00003__plt00000__tracer2.f32__c0000__dt-f32/chunk_0,500000,30,ndzip shuffle=bit,primary,0.145408005,-1,3.55247181,8.65347957,1
fields/00001__plt00000__tracer0.f32__c0008__dt-f32/chunk_0,500000,30,ndzip shuffle=bit,primary,0.181247994,-1,3.55247181,8.68900663,1
fields/00002__plt00000__tracer1.f32__c0004__dt-f32/chunk_0,500000,30,ndzip shuffle=bit,primary,0.117760003,-1,3.55247181,8.62568866,1
fields/00002__plt00000__tracer1.f32__c0000__dt-f32/chunk_0,500000,29,ndzip,primary,0.0737280026,-1,1.62745284,16.4327712,1
fields/00002__plt00000__tracer1.f32__c0008__dt-f32/chunk_0,500000,29,ndzip,primary,0.112640001,-1,1.61305239,16.6003103,1
fields/00002__plt00000__tracer1.f32__c0012__dt-f32/chunk_0,500000,30,ndzip shuffle=bit,primary,0.306176007,-1,3.55247181,8.81348314,1
fields/00003__plt00000__tracer2.f32__c0008__dt-f32/chunk_0,500000,30,ndzip shuffle=bit,primary,0.0921600014,-1,3.55247181,8.59991193,1
fields/00003__plt00000__tracer2.f32__c0004__dt-f32/chunk_0,500000,35,spratio,primary,0.0918719992,-1,1.77388309,16.4283397,1
fields/00004__plt00000__velz.f32__c0004__dt-f32/chunk_0,500000,27,lz4 shuffle=bit,primary,3.11603189,-1,226.731391,3.21962629,1
fields/00004__plt00000__velz.f32__c0000__dt-f32/chunk_0,500000,27,lz4 shuffle=bit,primary,3.18412805,-1,226.731391,3.28772245,1
fields/00005__plt00001__density.f32__c0000__dt-f32/chunk_0,500000,27,lz4 shuffle=bit,primary,2.56054401,-1,226.731391,2.66413841,1
fields/00004__plt00000__velz.f32__c0012__dt-f32/chunk_0,500000,27,lz4 shuffle=bit,primary,2.98905611,-1,226.731391,3.09265051,1
fields/00005__plt00001__density.f32__c0004__dt-f32/chunk_0,500000,27,lz4 shuffle=bit,primary,3.72067189,-1,226.731391,3.82426629,1
fields/00003__plt00000__tracer2.f32__c0012__dt-f32/chunk_0,500000,35,spratio,primary,1.02028799,-1,1.78085671,17.3065546,1
fields/00004__plt00000__velz.f32__c0008__dt-f32/chunk_0,500000,27,lz4 shuffle=bit,primary,3.53481603,-1,226.731391,3.63841043,1
fields/00006__plt00001__tracer0.f32__c0000__dt-f32/chunk_0,500000,30,ndzip shuffle=bit,primary,0.162816003,-1,3.55247181,8.67074735,1
fields/00005__plt00001__density.f32__c0012__dt-f32/chunk_0,500000,26,lz4 bitshuffle=msb type=int,primary,1.96368003,-1,166.725126,2.10455923,1
fields/00005__plt00001__density.f32__c0008__dt-f32/chunk_0,500000,31,ndzip shuffle=byte,primary,0.163839996,-1,2.37112614,11.4612036,1
fields/00006__plt00001__tracer0.f32__c0012__dt-f32/chunk_0,500000,38,spspeed,primary,1.814592,-1,1.65579359,18.1354229,1
fields/00007__plt00001__tracer1.f32__c0008__dt-f32/chunk_0,500000,38,spspeed,primary,1.09580803,-1,1.6116541,17.813433,1
fields/00006__plt00001__tracer0.f32__c0008__dt-f32/chunk_0,500000,30,ndzip shuffle=bit,primary,0.203776002,-1,3.55247181,8.71153464,1
fields/00007__plt00001__tracer1.f32__c0004__dt-f32/chunk_0,500000,30,ndzip shuffle=bit,primary,0.0962560028,-1,3.55247181,8.60418466,1
fields/00007__plt00001__tracer1.f32__c0000__dt-f32/chunk_0,500000,38,spspeed,primary,1.25696003,-1,1.61248683,17.9665536,1
fields/00006__plt00001__tracer0.f32__c0004__dt-f32/chunk_0,500000,38,spspeed,primary,0.321536005,-1,1.64518381,16.7335356,1
fields/00008__plt00001__tracer2.f32__c0000__dt-f32/chunk_0,500000,30,ndzip shuffle=bit,primary,0.132095993,-1,3.55247181,8.64016756,1
fields/00007__plt00001__tracer1.f32__c0012__dt-f32/chunk_0,500000,30,ndzip shuffle=bit,primary,0.165887997,-1,3.55247181,8.67319513,1
fields/00008__plt00001__tracer2.f32__c0004__dt-f32/chunk_0,500000,37,spratio shuffle=byte,primary,0.154016003,-1,1.48374928,19.8203764,1
fields/00008__plt00001__tracer2.f32__c0008__dt-f32/chunk_0,500000,30,ndzip shuffle=bit,primary,0.116736002,-1,3.55247181,8.62448793,1
fields/00009__plt00001__velz.f32__c0000__dt-f32/chunk_0,500000,37,spratio shuffle=byte,primary,1.11046398,-1,1.28624832,23.1842688,1
fields/00009__plt00001__velz.f32__c0008__dt-f32/chunk_0,500000,37,spratio shuffle=byte,primary,1.07740796,-1,1.28487356,23.1756012,1
fields/00008__plt00001__tracer2.f32__c0012__dt-f32/chunk_0,500000,37,spratio shuffle=byte,primary,0.258720011,-1,1.49134096,19.8436021,1
fields/00009__plt00001__velz.f32__c0004__dt-f32/chunk_0,500000,37,spratio shuffle=byte,primary,1.05113602,-1,1.30470774,22.8726264,1
fields/00009__plt00001__velz.f32__c0012__dt-f32/chunk_0,500000,37,spratio shuffle=byte,primary,1.27919996,-1,1.29325978,23.2590717,1
fields/00010__plt00002__density.f32__c0004__dt-f32/chunk_0,500000,26,lz4 bitshuffle=msb type=int,primary,4.02121592,-1,194.405747,4.14203592,1
fields/00010__plt00002__density.f32__c0000__dt-f32/chunk_0,500000,26,lz4 bitshuffle=msb type=int,primary,1.14095998,-1,194.405747,1.26177998,1
fields/00012__plt00002__tracer1.f32__c0004__dt-f32/chunk_0,500000,30,ndzip shuffle=bit,primary,0.0983040035,-1,3.55247181,8.60623266,1
fields/00010__plt00002__density.f32__c0008__dt-f32/chunk_0,500000,30,ndzip shuffle=bit,primary,0.112640001,-1,1.86042749,14.399142,1
fields/00011__plt00002__tracer0.f32__c0004__dt-f32/chunk_0,500000,35,spratio,primary,0.384447992,-1,1.77388309,16.7209157,1
fields/00012__plt00002__tracer1.f32__c0000__dt-f32/chunk_0,500000,35,spratio,primary,1.18281603,-1,1.77280043,17.5390837,1
fields/00011__plt00002__tracer0.f32__c0000__dt-f32/chunk_0,500000,30,ndzip shuffle=bit,primary,0.140287995,-1,3.55247181,8.64821934,1
fields/00011__plt00002__tracer0.f32__c0012__dt-f32/chunk_0,500000,35,spratio,primary,0.60048002,-1,1.78085671,16.8867466,1
fields/00011__plt00002__tracer0.f32__c0008__dt-f32/chunk_0,500000,30,ndzip shuffle=bit,primary,0.118784003,-1,3.55247181,8.62654264,1
fields/00010__plt00002__density.f32__c0012__dt-f32/chunk_0,500000,26,lz4 bitshuffle=msb type=int,primary,3.63289595,-1,166.725126,3.77377515,1
fields/00012__plt00002__tracer1.f32__c0008__dt-f32/chunk_0,500000,35,spratio,primary,0.854848027,-1,1.76478776,17.2716827,1
fields/00013__plt00002__tracer2.f32__c0012__dt-f32/chunk_0,500000,35,spratio,primary,0.604384005,-1,1.78085671,16.8906506,1
fields/00013__plt00002__tracer2.f32__c0004__dt-f32/chunk_0,500000,35,spratio,primary,0.168927997,-1,1.77388309,16.5053957,1
fields/00012__plt00002__tracer1.f32__c0012__dt-f32/chunk_0,500000,39,spspeed shuffle=bit,primary,0.117504001,-1,3.9762014,9.04407723,1
fields/00014__plt00002__velz.f32__c0004__dt-f32/chunk_0,500000,35,spratio,primary,0.268256009,-1,1.56458461,18.3766387,1
fields/00014__plt00002__velz.f32__c0000__dt-f32/chunk_0,500000,35,spratio,primary,0.858976007,-1,1.52916784,19.3184575,1
fields/00013__plt00002__tracer2.f32__c0000__dt-f32/chunk_0,500000,39,spspeed shuffle=bit,primary,0.341984004,-1,3.9762014,9.26799725,1
fields/00014__plt00002__velz.f32__c0008__dt-f32/chunk_0,500000,35,spratio,primary,0.448960006,-1,1.54861539,18.7081514,1
fields/00013__plt00002__tracer2.f32__c0008__dt-f32/chunk_0,500000,39,spspeed shuffle=bit,primary,0.911264002,-1,3.9762014,9.83759196,1
fields/00014__plt00002__velz.f32__c0012__dt-f32/chunk_0,500000,35,spratio,primary,0.744288027,-1,1.54475126,19.0436683,1
fields/00015__plt00003__density.f32__c0000__dt-f32/chunk_0,500000,10,cascaded bp=1 delta=0 rle=0 shuffle=bit type=int,primary,2.45862389,-1,232.913372,2.90397139,1
fields/00016__plt00003__tracer0.f32__c0012__dt-f32/chunk_0,500000,31,ndzip shuffle=byte,primary,0.0778239965,-1,1.29206421,20.308553,1
fields/00015__plt00003__density.f32__c0004__dt-f32/chunk_0,500000,10,cascaded bp=1 delta=0 rle=0 shuffle=bit type=int,primary,2.00191998,-1,232.913372,2.44726749,1
fields/00016__plt00003__tracer0.f32__c0000__dt-f32/chunk_0,500000,39,spspeed shuffle=bit,primary,0.968191981,-1,3.9762014,9.89425648,1
fields/00015__plt00003__density.f32__c0012__dt-f32/chunk_0,500000,10,cascaded bp=1 delta=0 rle=0 shuffle=bit type=int,primary,2.76220798,-1,232.913372,3.20755549,1
fields/00015__plt00003__density.f32__c0008__dt-f32/chunk_0,500000,39,spspeed shuffle=bit,primary,0.544160008,-1,1.87423599,16.0142121,1
fields/00016__plt00003__tracer0.f32__c0008__dt-f32/chunk_0,500000,39,spspeed shuffle=bit,primary,1.19055998,-1,3.9762014,10.1168042,1
fields/00016__plt00003__tracer0.f32__c0004__dt-f32/chunk_0,500000,31,ndzip shuffle=byte,primary,0.109568,-1,1.2790117,20.5236834,1
fields/00017__plt00003__tracer1.f32__c0000__dt-f32/chunk_0,500000,31,ndzip shuffle=byte,primary,0.0798719972,-1,1.32003117,19.9604785,1
fields/00017__plt00003__tracer1.f32__c0008__dt-f32/chunk_0,500000,31,ndzip shuffle=byte,primary,0.241664007,-1,1.31550515,20.1837147,1
fields/00017__plt00003__tracer1.f32__c0004__dt-f32/chunk_0,500000,36,spratio shuffle=bit,primary,1.08358395,-1,3.99656972,10.7237572,1
fields/00017__plt00003__tracer1.f32__c0012__dt-f32/chunk_0,500000,36,spratio shuffle=bit,primary,1.19263995,-1,3.99656972,10.832607,1
fields/00018__plt00003__tracer2.f32__c0012__dt-f32/chunk_0,500000,29,ndzip,primary,0.0942080021,-1,1.63866628,16.3595886,1
fields/00018__plt00003__tracer2.f32__c0004__dt-f32/chunk_0,500000,31,ndzip shuffle=byte,primary,0.0829439983,-1,1.2790117,20.4970594,1
fields/00018__plt00003__tracer2.f32__c0008__dt-f32/chunk_0,500000,36,spratio shuffle=bit,primary,0.576575994,-1,3.99656972,10.2167761,1
fields/00018__plt00003__tracer2.f32__c0000__dt-f32/chunk_0,500000,36,spratio shuffle=bit,primary,0.0994239971,-1,3.99656972,9.73979186,1
fields/00019__plt00003__velz.f32__c0000__dt-f32/chunk_0,500000,38,spspeed,primary,0.0816000029,-1,1.27808256,20.5850937,1
fields/00019__plt00003__velz.f32__c0004__dt-f32/chunk_0,500000,29,ndzip,primary,0.0983040035,-1,1.47430315,17.9412154,1
fields/00019__plt00003__velz.f32__c0008__dt-f32/chunk_0,500000,29,ndzip,primary,0.206847996,-1,1.44408882,18.3859461,1
fields/00019__plt00003__velz.f32__c0012__dt-f32/chunk_0,500000,36,spratio shuffle=bit,primary,0.742815971,-1,1.17007122,24.6839456,1
fields/00020__plt00004__density.f32__c0000__dt-f32/chunk_0,500000,7,bitcomp shuffle=bit type=int,primary,1.82374406,-1,433.65426,1.95442955,1
fields/00021__plt00004__tracer0.f32__c0004__dt-f32/chunk_0,500000,29,ndzip,primary,0.0931840017,-1,1.63045915,16.4315714,1
fields/00020__plt00004__density.f32__c0012__dt-f32/chunk_0,500000,7,bitcomp shuffle=bit type=int,primary,2.14614391,-1,448.492729,2.2750374,1
fields/00022__plt00004__tracer1.f32__c0000__dt-f32/chunk_0,500000,29,ndzip,primary,0.201728001,-1,1.62745284,16.5607712,1
fields/00021__plt00004__tracer0.f32__c0012__dt-f32/chunk_0,500000,29,ndzip,primary,0.0696320012,-1,1.63866628,16.3350126,1
fields/00020__plt00004__density.f32__c0004__dt-f32/chunk_0,500000,7,bitcomp shuffle=bit type=int,primary,2.46623993,-1,433.65426,2.59692542,1
fields/00020__plt00004__density.f32__c0008__dt-f32/chunk_0,500000,35,spratio,primary,1.16780806,-1,4.51578742,9.14184908,1
fields/00021__plt00004__tracer0.f32__c0000__dt-f32/chunk_0,500000,36,spratio shuffle=bit,primary,0.723360002,-1,3.99656972,10.3636039,1
fields/00021__plt00004__tracer0.f32__c0008__dt-f32/chunk_0,500000,2,ans shuffle=byte,primary,1.36089599,-1,6.62707772,11.0127522,1
fields/00022__plt00004__tracer1.f32__c0004__dt-f32/chunk_0,500000,2,ans shuffle=byte,primary,2.39900804,-1,6.62707772,12.0513256,1
fields/00022__plt00004__tracer1.f32__c0008__dt-f32/chunk_0,500000,29,ndzip,primary,0.179199994,-1,1.61305239,16.6668703,1
fields/00024__plt00004__velz.f32__c0000__dt-f32/chunk_0,500000,38,spspeed,primary,0.775232017,-1,1.27976723,21.2547217,1
fields/00023__plt00004__tracer2.f32__c0004__dt-f32/chunk_0,500000,29,ndzip,primary,0.0788479969,-1,1.63045915,16.4172354,1
fields/00024__plt00004__velz.f32__c0004__dt-f32/chunk_0,500000,38,spspeed,primary,0.999199986,-1,1.30407411,21.1461124,1
fields/00023__plt00004__tracer2.f32__c0000__dt-f32/chunk_0,500000,2,ans shuffle=byte,primary,1.60300803,-1,6.62707772,11.2535988,1
fields/00022__plt00004__tracer1.f32__c0012__dt-f32/chunk_0,500000,2,ans shuffle=byte,primary,1.78707194,-1,6.62707772,11.4412855,1
fields/00024__plt00004__velz.f32__c0008__dt-f32/chunk_0,500000,29,ndzip,primary,0.0727040023,-1,1.44545442,18.2329186,1
fields/00023__plt00004__tracer2.f32__c0012__dt-f32/chunk_0,500000,29,ndzip,primary,0.0808959976,-1,1.63866628,16.3462766,1
fields/00023__plt00004__tracer2.f32__c0008__dt-f32/chunk_0,500000,2,ans shuffle=byte,primary,2.84006405,-1,6.62707772,12.4909534,1
fields/00024__plt00004__velz.f32__c0012__dt-f32/chunk_0,500000,29,ndzip,primary,0.112640001,-1,1.45724407,18.1395574,1
fields/00025__plt00005__density.f32__c0000__dt-f32/chunk_0,500000,24,gpulz shuffle=byte,primary,1.14585602,-1,37.2257881,1.78080887,1
fields/00025__plt00005__density.f32__c0004__dt-f32/chunk_0,500000,24,gpulz shuffle=byte,primary,2.47091198,-1,37.2257881,3.10586483,1
fields/00025__plt00005__density.f32__c0008__dt-f32/chunk_0,500000,40,spspeed shuffle=byte,primary,0.096479997,-1,1.83386413,15.657233,1
fields/00026__plt00005__tracer0.f32__c0004__dt-f32/chunk_0,500000,29,ndzip,primary,0.130048007,-1,1.63045915,16.4684354,1
fields/00025__plt00005__density.f32__c0012__dt-f32/chunk_0,500000,7,bitcomp shuffle=bit type=int,primary,2.42115211,-1,448.492729,2.5500456,1
fields/00026__plt00005__tracer0.f32__c0000__dt-f32/chunk_0,500000,2,ans shuffle=byte,primary,2.10444808,-1,6.62707772,11.755837,1
fields/00026__plt00005__tracer0.f32__c0012__dt-f32/chunk_0,500000,29,ndzip,primary,0.108543999,-1,1.63866628,16.3739246,1
fields/00027__plt00005__tracer1.f32__c0004__dt-f32/chunk_0,500000,2,ans shuffle=byte,primary,2.64646411,-1,6.62707772,12.2987816,1
fields/00027__plt00005__tracer1.f32__c0008__dt-f32/chunk_0,500000,29,ndzip,primary,0.186368003,-1,1.61305239,16.6740383,1
fields/00026__plt00005__tracer0.f32__c0008__dt-f32/chunk_0,500000,2,ans shuffle=byte,primary,3.40313601,-1,6.62707772,13.0549922,1
fields/00027__plt00005__tracer1.f32__c0000__dt-f32/chunk_0,500000,29,ndzip,primary,0.088064,-1,1.62745284,16.4471072,1
fields/00028__plt00005__tracer2.f32__c0004__dt-f32/chunk_0,500000,29,ndzip,primary,0.0921600014,-1,1.63045915,16.4305474,1
fields/00027__plt00005__tracer1.f32__c0012__dt-f32/chunk_0,500000,2,ans shuffle=byte,primary,2.27999997,-1,6.62707772,11.9342135,1
fields/00028__plt00005__tracer2.f32__c0000__dt-f32/chunk_0,500000,2,ans shuffle=byte,primary,2.67276812,-1,6.62707772,12.3233589,1
fields/00028__plt00005__tracer2.f32__c0008__dt-f32/chunk_0,500000,2,ans shuffle=byte,primary,2.9776001,-1,6.62707772,12.6284895,1
fields/00029__plt00005__velz.f32__c0012__dt-f32/chunk_0,500000,29,ndzip,primary,0.0819199979,-1,1.45652751,18.1157023,1
fields/00030__plt00006__density.f32__c0004__dt-f32/chunk_0,500000,7,bitcomp shuffle=bit type=int,primary,2.08204794,-1,433.65426,2.21273343,1
fields/00030__plt00006__density.f32__c0000__dt-f32/chunk_0,500000,7,bitcomp shuffle=bit type=int,primary,2.42972803,-1,433.65426,2.56041352,1
fields/00029__plt00005__velz.f32__c0004__dt-f32/chunk_0,500000,29,ndzip,primary,0.109568,-1,1.4795245,17.8907068,1
fields/00028__plt00005__tracer2.f32__c0012__dt-f32/chunk_0,500000,29,ndzip,primary,0.0870399997,-1,1.63866628,16.3524206,1
fields/00029__plt00005__velz.f32__c0000__dt-f32/chunk_0,500000,29,ndzip,primary,0.0808959976,-1,1.44426784,18.242714,1
fields/00029__plt00005__velz.f32__c0008__dt-f32/chunk_0,500000,29,ndzip,primary,0.0931840017,-1,1.44366732,18.271512,1
fields/00030__plt00006__density.f32__c0008__dt-f32/chunk_0,500000,38,spspeed,primary,0.941727996,-1,3.31306774,10.0858968,1
fields/00030__plt00006__density.f32__c0012__dt-f32/chunk_0,500000,7,bitcomp shuffle=bit type=int,primary,2.3032639,-1,448.492729,2.43215739,1
fields/00031__plt00006__tracer0.f32__c0004__dt-f32/chunk_0,500000,29,ndzip,primary,0.152575999,-1,1.63045915,16.4909634,1
fields/00031__plt00006__tracer0.f32__c0008__dt-f32/chunk_0,500000,2,ans shuffle=byte,primary,1.54083204,-1,6.62707772,11.1926882,1
fields/00032__plt00006__tracer1.f32__c0012__dt-f32/chunk_0,500000,2,ans shuffle=byte,primary,1.25843203,-1,6.62707772,10.9126456,1
fields/00032__plt00006__tracer1.f32__c0000__dt-f32/chunk_0,500000,29,ndzip,primary,0.0901120007,-1,1.62745284,16.4491552,1
fields/00031__plt00006__tracer0.f32__c0000__dt-f32/chunk_0,500000,2,ans shuffle=byte,primary,1.61916804,-1,6.62707772,11.2705569,1
fields/00032__plt00006__tracer1.f32__c0004__dt-f32/chunk_0,500000,2,ans shuffle=byte,primary,3.378016,-1,6.62707772,13.0303335,1
fields/00032__plt00006__tracer1.f32__c0008__dt-f32/chunk_0,500000,29,ndzip,primary,0.0778239965,-1,1.61305239,16.5654943,1
fields/00031__plt00006__tracer0.f32__c0012__dt-f32/chunk_0,500000,29,ndzip,primary,0.0942080021,-1,1.63866628,16.3595886,1
fields/00033__plt00006__tracer2.f32__c0000__dt-f32/chunk_0,500000,2,ans shuffle=byte,primary,2.56755209,-1,6.62707772,12.2181429,1
fields/00033__plt00006__tracer2.f32__c0008__dt-f32/chunk_0,500000,2,ans shuffle=byte,primary,1.87116802,-1,6.62707772,11.5220574,1
fields/00033__plt00006__tracer2.f32__c0004__dt-f32/chunk_0,500000,29,ndzip,primary,0.122879997,-1,1.63045915,16.4612674,1
fields/00033__plt00006__tracer2.f32__c0012__dt-f32/chunk_0,500000,29,ndzip,primary,0.0798719972,-1,1.63866628,16.3452526,1
fields/00034__plt00006__velz.f32__c0000__dt-f32/chunk_0,500000,29,ndzip,primary,0.116736002,-1,1.44420816,18.279565,1
fields/00034__plt00006__velz.f32__c0008__dt-f32/chunk_0,500000,29,ndzip,primary,0.108543999,-1,1.44119697,18.3146697,1
fields/00035__plt00007__density.f32__c0004__dt-f32/chunk_0,500000,7,bitcomp shuffle=bit type=int,primary,1.78323197,-1,433.65426,1.91391746,1
fields/00034__plt00006__velz.f32__c0012__dt-f32/chunk_0,500000,29,ndzip,primary,0.109568,-1,1.45847439,18.1200304,1
fields/00034__plt00006__velz.f32__c0004__dt-f32/chunk_0,500000,29,ndzip,primary,0.0768000036,-1,1.48033493,17.8497584,1
fields/00035__plt00007__density.f32__c0000__dt-f32/chunk_0,500000,7,bitcomp shuffle=bit type=int,primary,1.84076798,-1,433.65426,1.97145347,1
fields/00036__plt00007__tracer0.f32__c0008__dt-f32/chunk_0,500000,2,ans shuffle=byte,primary,3.12646389,-1,6.62707772,12.7783201,1
fields/00035__plt00007__density.f32__c0008__dt-f32/chunk_0,500000,39,spspeed shuffle=bit,primary,0.678016007,-1,1.80285565,16.6449413,1
fields/00036__plt00007__tracer0.f32__c0012__dt-f32/chunk_0,500000,29,ndzip,primary,0.0727040023,-1,1.63866628,16.3380846,1
fields/00037__plt00007__tracer1.f32__c0000__dt-f32/chunk_0,500000,29,ndzip,primary,0.0737280026,-1,1.62745284,16.4327712,1
fields/00036__plt00007__tracer0.f32__c0004__dt-f32/chunk_0,500000,29,ndzip,primary,0.0839679986,-1,1.63045915,16.4223554,1
fields/00037__plt00007__tracer1.f32__c0004__dt-f32/chunk_0,500000,2,ans shuffle=byte,primary,2.03955197,-1,6.62707772,11.6918695,1
fields/00036__plt00007__tracer0.f32__c0000__dt-f32/chunk_0,500000,2,ans shuffle=byte,primary,2.52499199,-1,6.62707772,12.1763809,1
fields/00035__plt00007__density.f32__c0012__dt-f32/chunk_0,500000,7,bitcomp shuffle=bit type=int,primary,2.55638409,-1,448.492729,2.68527757,1
fields/00037__plt00007__tracer1.f32__c0008__dt-f32/chunk_0,500000,29,ndzip,primary,0.0768000036,-1,1.61305239,16.5644703,1
fields/00037__plt00007__tracer1.f32__c0012__dt-f32/chunk_0,500000,2,ans shuffle=byte,primary,3.66704011,-1,6.62707772,13.3212536,1
fields/00038__plt00007__tracer2.f32__c0000__dt-f32/chunk_0,500000,2,ans shuffle=byte,primary,1.06752002,-1,6.62707772,10.7181108,1
fields/00038__plt00007__tracer2.f32__c0004__dt-f32/chunk_0,500000,29,ndzip,primary,0.120832004,-1,1.63045915,16.4592194,1
fields/00039__plt00007__velz.f32__c0008__dt-f32/chunk_0,500000,29,ndzip,primary,0.0962560028,-1,1.4380129,18.3384245,1
fields/00038__plt00007__tracer2.f32__c0012__dt-f32/chunk_0,500000,29,ndzip,primary,0.0768000036,-1,1.63866628,16.3421806,1
fields/00040__plt00008__density.f32__c0000__dt-f32/chunk_0,500000,7,bitcomp shuffle=bit type=int,primary,3.00096011,-1,433.65426,3.1316456,1
fields/00039__plt00007__velz.f32__c0004__dt-f32/chunk_0,500000,29,ndzip,primary,0.132095993,-1,1.47986068,17.9104824,1
fields/00039__plt00007__velz.f32__c0000__dt-f32/chunk_0,500000,29,ndzip,primary,0.0829439983,-1,1.44414053,18.2460773,1
fields/00038__plt00007__tracer2.f32__c0008__dt-f32/chunk_0,500000,2,ans shuffle=byte,primary,1.67545605,-1,6.62707772,11.3263454,1
fields/00040__plt00008__density.f32__c0004__dt-f32/chunk_0,500000,7,bitcomp shuffle=bit type=int,primary,2.54735994,-1,433.65426,2.67804543,1
fields/00040__plt00008__density.f32__c0008__dt-f32/chunk_0,500000,36,spratio shuffle=bit,primary,0.276416004,-1,1.88665252,16.5984961,1
fields/00039__plt00007__velz.f32__c0012__dt-f32/chunk_0,500000,29,ndzip,primary,0.104447998,-1,1.46037565,18.0930559,1
fields/00041__plt00008__tracer0.f32__c0000__dt-f32/chunk_0,500000,2,ans shuffle=byte,primary,2.68835211,-1,6.62707772,12.339741,1
fields/00041__plt00008__tracer0.f32__c0008__dt-f32/chunk_0,500000,2,ans shuffle=byte,primary,2.93369603,-1,6.62707772,12.5855522,1
fields/00042__plt00008__tracer1.f32__c0000__dt-f32/chunk_0,500000,29,ndzip,primary,0.0768000036,-1,1.62745284,16.4358432,1
fields/00040__plt00008__density.f32__c0012__dt-f32/chunk_0,500000,26,lz4 bitshuffle=msb type=int,primary,3.57142401,-1,166.725126,3.71230321,1
fields/00042__plt00008__tracer1.f32__c0008__dt-f32/chunk_0,500000,29,ndzip,primary,0.0768000036,-1,1.61305239,16.5644703,1
fields/00041__plt00008__tracer0.f32__c0012__dt-f32/chunk_0,500000,29,ndzip,primary,0.0819199979,-1,1.63866628,16.3473006,1
fields/00041__plt00008__tracer0.f32__c0004__dt-f32/chunk_0,500000,29,ndzip,primary,0.0716800019,-1,1.63045915,16.4100674,1
fields/00042__plt00008__tracer1.f32__c0012__dt-f32/chunk_0,500000,2,ans shuffle=byte,primary,0.972032011,-1,6.62707772,10.6262455,1
fields/00042__plt00008__tracer1.f32__c0004__dt-f32/chunk_0,500000,2,ans shuffle=byte,primary,0.812864006,-1,6.62707772,10.4651815,1
fields/00043__plt00008__tracer2.f32__c0004__dt-f32/chunk_0,500000,29,ndzip,primary,0.0768000036,-1,1.63045915,16.4151874,1
fields/00043__plt00008__tracer2.f32__c0000__dt-f32/chunk_0,500000,2,ans shuffle=byte,primary,1.20390403,-1,6.62707772,10.8544948,1
fields/00043__plt00008__tracer2.f32__c0008__dt-f32/chunk_0,500000,2,ans shuffle=byte,primary,1.39737594,-1,6.62707772,11.0482653,1
fields/00043__plt00008__tracer2.f32__c0012__dt-f32/chunk_0,500000,29,ndzip,primary,0.126975998,-1,1.63866628,16.3923566,1
fields/00044__plt00008__velz.f32__c0000__dt-f32/chunk_0,500000,29,ndzip,primary,0.104447998,-1,1.44488079,18.2586515,1
fields/00044__plt00008__velz.f32__c0008__dt-f32/chunk_0,500000,29,ndzip,primary,0.129023999,-1,1.43610449,18.393254,1
fields/00045__plt00009__density.f32__c0008__dt-f32/chunk_0,500000,30,ndzip shuffle=bit,primary,0.107519999,-1,1.7631186,15.1270807,1
fields/00045__plt00009__density.f32__c0000__dt-f32/chunk_0,500000,24,gpulz shuffle=byte,primary,1.52268803,-1,37.2257881,2.15764088,1
fields/00044__plt00008__velz.f32__c0012__dt-f32/chunk_0,500000,29,ndzip,primary,0.0860159993,-1,1.46195973,18.0574694,1
fields/00044__plt00008__velz.f32__c0004__dt-f32/chunk_0,500000,29,ndzip,primary,0.0737280026,-1,1.48138897,17.8364806,1
fields/00045__plt00009__density.f32__c0012__dt-f32/chunk_0,500000,24,gpulz shuffle=byte,primary,2.20569611,-1,37.2257881,2.84064895,1
fields/00045__plt00009__density.f32__c0004__dt-f32/chunk_0,500000,24,gpulz shuffle=byte,primary,2.6173439,-1,37.2257881,3.25229675,1
fields/00046__plt00009__tracer0.f32__c0008__dt-f32/chunk_0,500000,2,ans shuffle=byte,primary,1.75494397,-1,6.62707772,11.4068001,1
fields/00046__plt00009__tracer0.f32__c0000__dt-f32/chunk_0,500000,2,ans shuffle=byte,primary,2.14924788,-1,6.62707772,11.8006368,1
fields/00046__plt00009__tracer0.f32__c0004__dt-f32/chunk_0,500000,29,ndzip,primary,0.124927998,-1,1.63045915,16.4633154,1
fields/00047__plt00009__tracer1.f32__c0000__dt-f32/chunk_0,500000,29,ndzip,primary,0.0716800019,-1,1.62745284,16.4307232,1
fields/00047__plt00009__tracer1.f32__c0012__dt-f32/chunk_0,500000,2,ans shuffle=byte,primary,2.75148797,-1,6.62707772,12.4057015,1
fields/00046__plt00009__tracer0.f32__c0012__dt-f32/chunk_0,500000,29,ndzip,primary,0.178176001,-1,1.63866628,16.4435566,1
fields/00047__plt00009__tracer1.f32__c0004__dt-f32/chunk_0,500000,2,ans shuffle=byte,primary,1.79260802,-1,6.62707772,11.4449255,1
fields/00048__plt00009__tracer2.f32__c0012__dt-f32/chunk_0,500000,29,ndzip,primary,0.145408005,-1,1.63866628,16.4107886,1
fields/00047__plt00009__tracer1.f32__c0008__dt-f32/chunk_0,500000,29,ndzip,primary,0.109568,-1,1.61305239,16.5972383,1
fields/00048__plt00009__tracer2.f32__c0008__dt-f32/chunk_0,500000,2,ans shuffle=byte,primary,1.96214402,-1,6.62707772,11.6130334,1
fields/00048__plt00009__tracer2.f32__c0000__dt-f32/chunk_0,500000,2,ans shuffle=byte,primary,3.26943994,-1,6.62707772,12.9200307,1
fields/00048__plt00009__tracer2.f32__c0004__dt-f32/chunk_0,500000,29,ndzip,primary,0.0768000036,-1,1.63045915,16.4151874,1
fields/00049__plt00009__velz.f32__c0012__dt-f32/chunk_0,500000,29,ndzip,primary,0.0829439983,-1,1.46291021,18.0445222,1
fields/00049__plt00009__velz.f32__c0000__dt-f32/chunk_0,500000,29,ndzip,primary,0.131072,-1,1.44579323,18.2749624,1
fields/00049__plt00009__velz.f32__c0008__dt-f32/chunk_0,500000,1,ans shuffle=bit,primary,0.786432028,-1,1.30709933,24.8624179,1
fields/00049__plt00009__velz.f32__c0004__dt-f32/chunk_0,500000,29,ndzip,primary,0.110592,-1,1.48433948,17.8431441,1
fields/00050__plt00010__density.f32__c0000__dt-f32/chunk_0,500000,10,cascaded bp=1 delta=0 rle=0 shuffle=bit type=int,primary,1.43852794,-1,232.913372,1.88387544,1
fields/00051__plt00010__tracer0.f32__c0000__dt-f32/chunk_0,500000,2,ans shuffle=byte,primary,3.13481593,-1,6.62707772,12.7862048,1
fields/00050__plt00010__density.f32__c0004__dt-f32/chunk_0,500000,10,cascaded bp=1 delta=0 rle=0 shuffle=bit type=int,primary,2.3930881,-1,232.913372,2.8384356,1
fields/00050__plt00010__density.f32__c0008__dt-f32/chunk_0,500000,35,spratio,primary,0.50809598,-1,4.20105089,8.87508321,1
fields/00051__plt00010__tracer0.f32__c0004__dt-f32/chunk_0,500000,29,ndzip,primary,0.135168001,-1,1.63045915,16.4735554,1
fields/00050__plt00010__density.f32__c0012__dt-f32/chunk_0,500000,10,cascaded bp=1 delta=0 rle=0 shuffle=bit type=int,primary,2.63049603,-1,232.913372,3.07584353,1
fields/00051__plt00010__tracer0.f32__c0008__dt-f32/chunk_0,500000,2,ans shuffle=byte,primary,1.96607995,-1,6.62707772,11.6179361,1
fields/00052__plt00010__tracer1.f32__c0000__dt-f32/chunk_0,500000,29,ndzip,primary,0.0727040023,-1,1.62745284,16.4317472,1
fields/00052__plt00010__tracer1.f32__c0004__dt-f32/chunk_0,500000,2,ans shuffle=byte,primary,1.26988804,-1,6.62707772,10.9222056,1
fields/00052__plt00010__tracer1.f32__c0008__dt-f32/chunk_0,500000,29,ndzip,primary,0.109568,-1,1.61305239,16.5972383,1
fields/00051__plt00010__tracer0.f32__c0012__dt-f32/chunk_0,500000,29,ndzip,primary,0.120832004,-1,1.63866628,16.3862126,1
fields/00053__plt00010__tracer2.f32__c0000__dt-f32/chunk_0,500000,2,ans shuffle=byte,primary,1.50825596,-1,6.62707772,11.1588467,1
fields/00053__plt00010__tracer2.f32__c0004__dt-f32/chunk_0,500000,29,ndzip,primary,0.123903997,-1,1.63045915,16.4622914,1
fields/00053__plt00010__tracer2.f32__c0008__dt-f32/chunk_0,500000,2,ans shuffle=byte,primary,1.59788799,-1,6.62707772,11.2487774,1
fields/00053__plt00010__tracer2.f32__c0012__dt-f32/chunk_0,500000,29,ndzip,primary,0.0716800019,-1,1.63866628,16.3370606,1
fields/00052__plt00010__tracer1.f32__c0012__dt-f32/chunk_0,500000,2,ans shuffle=byte,primary,1.61977601,-1,6.62707772,11.2739895,1
fields/00054__plt00010__velz.f32__c0004__dt-f32/chunk_0,500000,29,ndzip,primary,0.074752003,-1,1.48651951,17.7859034,1
fields/00054__plt00010__velz.f32__c0012__dt-f32/chunk_0,500000,29,ndzip,primary,0.0972800031,-1,1.46219622,18.0672459,1
fields/00055__plt00012__density.f32__c0000__dt-f32/chunk_0,500000,10,cascaded bp=1 delta=0 rle=0 shuffle=bit type=int,primary,2.38041592,-1,232.913372,2.82576342,1
fields/00054__plt00010__velz.f32__c0000__dt-f32/chunk_0,500000,29,ndzip,primary,0.0890880004,-1,1.44678268,18.2214558,1
fields/00054__plt00010__velz.f32__c0008__dt-f32/chunk_0,500000,29,ndzip,primary,0.0860159993,-1,1.4328058,18.3887494,1
fields/00055__plt00012__density.f32__c0004__dt-f32/chunk_0,500000,10,cascaded bp=1 delta=0 rle=0 shuffle=bit type=int,primary,0.766975999,-1,232.913372,1.2123235,1
fields/00057__plt00012__tracer1.f32__c0004__dt-f32/chunk_0,500000,2,ans shuffle=byte,primary,3.46163201,-1,6.62707772,13.1139495,1
fields/00055__plt00012__density.f32__c0012__dt-f32/chunk_0,500000,10,cascaded bp=1 delta=0 rle=0 shuffle=bit type=int,primary,3.362432,-1,232.913372,3.80777951,1
fields/00055__plt00012__density.f32__c0008__dt-f32/chunk_0,500000,37,spratio shuffle=byte,primary,0.102080002,-1,2.80461464,12.2270617,1
fields/00056__plt00012__tracer0.f32__c0000__dt-f32/chunk_0,500000,2,ans shuffle=byte,primary,3.44419193,-1,6.62707772,13.0955808,1
fields/00056__plt00012__tracer0.f32__c0008__dt-f32/chunk_0,500000,2,ans shuffle=byte,primary,2.28380799,-1,6.62707772,11.9356642,1
fields/00057__plt00012__tracer1.f32__c0008__dt-f32/chunk_0,500000,29,ndzip,primary,0.074752003,-1,1.61305239,16.5624223,1
fields/00056__plt00012__tracer0.f32__c0004__dt-f32/chunk_0,500000,29,ndzip,primary,0.105471998,-1,1.63045915,16.4438594,1
fields/00056__plt00012__tracer0.f32__c0012__dt-f32/chunk_0,500000,29,ndzip,primary,0.0839679986,-1,1.63866628,16.3493486,1
fields/00057__plt00012__tracer1.f32__c0000__dt-f32/chunk_0,500000,29,ndzip,primary,0.253951997,-1,1.62745284,16.6129952,1
fields/00058__plt00012__tracer2.f32__c0000__dt-f32/chunk_0,500000,2,ans shuffle=byte,primary,1.87532794,-1,6.62707772,11.5259187,1
fields/00058__plt00012__tracer2.f32__c0004__dt-f32/chunk_0,500000,29,ndzip,primary,0.0808959976,-1,1.63045915,16.4192834,1
fields/00059__plt00012__velz.f32__c0000__dt-f32/chunk_0,500000,29,ndzip,primary,0.0870399997,-1,1.44780546,18.2078897,1
fields/00057__plt00012__tracer1.f32__c0012__dt-f32/chunk_0,500000,2,ans shuffle=byte,primary,2.01580811,-1,6.62707772,11.6700216,1
fields/00058__plt00012__tracer2.f32__c0008__dt-f32/chunk_0,500000,2,ans shuffle=byte,primary,1.63619196,-1,6.62707772,11.2870814,1
fields/00059__plt00012__velz.f32__c0008__dt-f32/chunk_0,500000,29,ndzip,primary,0.111616001,-1,1.43334049,18.410569,1
fields/00058__plt00012__tracer2.f32__c0012__dt-f32/chunk_0,500000,29,ndzip,primary,0.0860159993,-1,1.63866628,16.3513966,1
fields/00059__plt00012__velz.f32__c0012__dt-f32/chunk_0,500000,29,ndzip,primary,0.0727040023,-1,1.46198012,18.0460553,1
fields/00059__plt00012__velz.f32__c0004__dt-f32/chunk_0,500000,29,ndzip,primary,0.074752003,-1,1.48948628,17.758285,1
fields/00060__plt00013__density.f32__c0000__dt-f32/chunk_0,500000,10,cascaded bp=1 delta=0 rle=0 shuffle=bit type=int,primary,3.19968009,-1,232.913372,3.64502759,1
fields/00061__plt00013__tracer0.f32__c0004__dt-f32/chunk_0,500000,29,ndzip,primary,0.088064,-1,1.63045915,16.4264514,1
fields/00060__plt00013__density.f32__c0004__dt-f32/chunk_0,500000,10,cascaded bp=1 delta=0 rle=0 shuffle=bit type=int,primary,2.74809599,-1,232.913372,3.19344349,1
fields/00060__plt00013__density.f32__c0012__dt-f32/chunk_0,500000,10,cascaded bp=1 delta=0 rle=0 shuffle=bit type=int,primary,3.07660794,-1,232.913372,3.52195544,1
fields/00061__plt00013__tracer0.f32__c0000__dt-f32/chunk_0,500000,2,ans shuffle=byte,primary,2.28726411,-1,6.62707772,11.938653,1
fields/00061__plt00013__tracer0.f32__c0012__dt-f32/chunk_0,500000,29,ndzip,primary,0.179199994,-1,1.63866628,16.4445806,1
fields/00060__plt00013__density.f32__c0008__dt-f32/chunk_0,500000,36,spratio shuffle=bit,primary,1.04396796,-1,1.77675885,18.1580372,1
fields/00061__plt00013__tracer0.f32__c0008__dt-f32/chunk_0,500000,2,ans shuffle=byte,primary,2.80707192,-1,6.62707772,12.4589281,1
fields/00062__plt00013__tracer1.f32__c0000__dt-f32/chunk_0,500000,29,ndzip,primary,0.264191985,-1,1.62745284,16.6232352,1
fields/00062__plt00013__tracer1.f32__c0008__dt-f32/chunk_0,500000,29,ndzip,primary,0.150527999,-1,1.61305239,16.6381983,1
fields/00062__plt00013__tracer1.f32__c0004__dt-f32/chunk_0,500000,2,ans shuffle=byte,primary,1.58806396,-1,6.62707772,11.2403815,1
fields/00063__plt00013__tracer2.f32__c0008__dt-f32/chunk_0,500000,2,ans shuffle=byte,primary,2.53580809,-1,6.62707772,12.1866975,1
fields/00063__plt00013__tracer2.f32__c0000__dt-f32/chunk_0,500000,2,ans shuffle=byte,primary,0.97615999,-1,6.62707772,10.6267508,1
fields/00062__plt00013__tracer1.f32__c0012__dt-f32/chunk_0,500000,2,ans shuffle=byte,primary,3.18144011,-1,6.62707772,12.8356537,1
fields/00064__plt00013__velz.f32__c0000__dt-f32/chunk_0,500000,29,ndzip,primary,0.153600007,-1,1.44799539,18.2722208,1
fields/00063__plt00013__tracer2.f32__c0012__dt-f32/chunk_0,500000,29,ndzip,primary,0.102399997,-1,1.63866628,16.3677806,1
fields/00063__plt00013__tracer2.f32__c0004__dt-f32/chunk_0,500000,29,ndzip,primary,0.174079999,-1,1.63045915,16.5124674,1
fields/00064__plt00013__velz.f32__c0008__dt-f32/chunk_0,500000,29,ndzip,primary,0.0901120007,-1,1.4311885,18.4150844,1
fields/00065__plt00015__density.f32__c0000__dt-f32/chunk_0,500000,7,bitcomp shuffle=bit type=int,primary,2.8513279,-1,433.65426,2.98201338,1
fields/00064__plt00013__velz.f32__c0012__dt-f32/chunk_0,500000,29,ndzip,primary,0.196608007,-1,1.46342063,18.1547153,1
fields/00064__plt00013__velz.f32__c0004__dt-f32/chunk_0,500000,29,ndzip,primary,0.106495999,-1,1.49016788,17.7847346,1
fields/00065__plt00015__density.f32__c0004__dt-f32/chunk_0,500000,7,bitcomp shuffle=bit type=int,primary,2.27692795,-1,433.65426,2.40761343,1
fields/00065__plt00015__density.f32__c0012__dt-f32/chunk_0,500000,7,bitcomp shuffle=bit type=int,primary,1.61360002,-1,448.492729,1.7424935,1
fields/00065__plt00015__density.f32__c0008__dt-f32/chunk_0,500000,29,ndzip,primary,0.202751994,-1,3.33975437,8.28644668,1
fields/00066__plt00015__tracer0.f32__c0000__dt-f32/chunk_0,500000,2,ans shuffle=byte,primary,2.05999994,-1,6.62707772,11.7113888,1
fields/00066__plt00015__tracer0.f32__c0008__dt-f32/chunk_0,500000,2,ans shuffle=byte,primary,1.625664,-1,6.62707772,11.2775202,1
fields/00067__plt00015__tracer1.f32__c0004__dt-f32/chunk_0,500000,2,ans shuffle=byte,primary,2.86614394,-1,6.62707772,12.5184615,1
fields/00067__plt00015__tracer1.f32__c0000__dt-f32/chunk_0,500000,29,ndzip,primary,0.112640001,-1,1.62745284,16.4716832,1
fields/00067__plt00015__tracer1.f32__c0012__dt-f32/chunk_0,500000,2,ans shuffle=byte,primary,1.34233606,-1,6.62707772,10.9965496,1
fields/00066__plt00015__tracer0.f32__c0004__dt-f32/chunk_0,500000,29,ndzip,primary,0.0757760033,-1,1.63045915,16.4141634,1
fields/00067__plt00015__tracer1.f32__c0008__dt-f32/chunk_0,500000,29,ndzip,primary,0.106495999,-1,1.61305239,16.5941663,1
fields/00066__plt00015__tracer0.f32__c0012__dt-f32/chunk_0,500000,29,ndzip,primary,0.123903997,-1,1.63866628,16.3892846,1
fields/00068__plt00015__tracer2.f32__c0000__dt-f32/chunk_0,500000,2,ans shuffle=byte,primary,3.33894396,-1,6.62707772,12.9895347,1
fields/00068__plt00015__tracer2.f32__c0004__dt-f32/chunk_0,500000,29,ndzip,primary,0.0870399997,-1,1.63045915,16.4254274,1
fields/00070__plt00017__density.f32__c0004__dt-f32/chunk_0,500000,7,bitcomp shuffle=bit type=int,primary,2.3385601,-1,433.65426,2.46924559,1
fields/00069__plt00015__velz.f32__c0008__dt-f32/chunk_0,500000,29,ndzip,primary,0.121855997,-1,1.42650398,18.5034323,1
fields/00068__plt00015__tracer2.f32__c0012__dt-f32/chunk_0,500000,29,ndzip,primary,0.0931840017,-1,1.63866628,16.3585646,1
fields/00068__plt00015__tracer2.f32__c0008__dt-f32/chunk_0,500000,2,ans shuffle=byte,primary,7.26966381,-1,6.62707772,16.9205532,1
fields/00069__plt00015__velz.f32__c0012__dt-f32/chunk_0,500000,31,ndzip shuffle=byte,primary,0.128000006,-1,1.10594233,23.371577,1
fields/00070__plt00017__density.f32__c0000__dt-f32/chunk_0,500000,7,bitcomp shuffle=bit type=int,primary,2.6812799,-1,433.65426,2.81196538,1
fields/00069__plt00015__velz.f32__c0004__dt-f32/chunk_0,500000,31,ndzip shuffle=byte,primary,0.0901120007,-1,1.12621622,22.9561266,1
fields/00070__plt00017__density.f32__c0008__dt-f32/chunk_0,500000,31,ndzip shuffle=byte,primary,0.088064,-1,1.85578162,14.3895571,1
fields/00070__plt00017__density.f32__c0012__dt-f32/chunk_0,500000,7,bitcomp shuffle=bit type=int,primary,1.97926402,-1,448.492729,2.10815751,1
fields/00069__plt00015__velz.f32__c0000__dt-f32/chunk_0,500000,31,ndzip shuffle=byte,primary,0.0798719972,-1,1.09121637,23.5315107,1
fields/00071__plt00017__tracer0.f32__c0000__dt-f32/chunk_0,500000,2,ans shuffle=byte,primary,2.09590411,-1,6.62707772,11.747293,1
fields/00072__plt00017__tracer1.f32__c0012__dt-f32/chunk_0,500000,2,ans shuffle=byte,primary,2.67935991,-1,6.62707772,12.3335735,1
fields/00072__plt00017__tracer1.f32__c0000__dt-f32/chunk_0,500000,29,ndzip,primary,0.0788479969,-1,1.62745284,16.4378912,1
fields/00071__plt00017__tracer0.f32__c0012__dt-f32/chunk_0,500000,29,ndzip,primary,0.116736002,-1,1.63866628,16.3821166,1
fields/00072__plt00017__tracer1.f32__c0004__dt-f32/chunk_0,500000,2,ans shuffle=byte,primary,3.0736959,-1,6.62707772,12.7260134,1
fields/00071__plt00017__tracer0.f32__c0004__dt-f32/chunk_0,500000,29,ndzip,primary,0.121855997,-1,1.63045915,16.4602434,1
fields/00071__plt00017__tracer0.f32__c0008__dt-f32/chunk_0,500000,2,ans shuffle=byte,primary,3.0252161,-1,6.62707772,12.6770723,1
fields/00073__plt00017__tracer2.f32__c0000__dt-f32/chunk_0,500000,2,ans shuffle=byte,primary,3.03545594,-1,6.62707772,12.6860467,1
fields/00072__plt00017__tracer1.f32__c0008__dt-f32/chunk_0,500000,29,ndzip,primary,0.142335996,-1,1.61305239,16.6300063,1
fields/00073__plt00017__tracer2.f32__c0004__dt-f32/chunk_0,500000,29,ndzip,primary,0.135168001,-1,1.63045915,16.4735554,1
fields/00073__plt00017__tracer2.f32__c0012__dt-f32/chunk_0,500000,29,ndzip,primary,0.0962560028,-1,1.63866628,16.3616366,1
fields/00074__plt00017__velz.f32__c0000__dt-f32/chunk_0,500000,29,ndzip,primary,0.167935997,-1,1.4507179,18.2557186,1
fields/00075__plt00019__density.f32__c0004__dt-f32/chunk_0,500000,7,bitcomp shuffle=bit type=int,primary,1.83174396,-1,433.65426,1.96242944,1
fields/00074__plt00017__velz.f32__c0008__dt-f32/chunk_0,500000,29,ndzip,primary,0.0839679986,-1,1.42164954,18.5220428,1
fields/00073__plt00017__tracer2.f32__c0008__dt-f32/chunk_0,500000,2,ans shuffle=byte,primary,3.31027198,-1,6.62707772,12.9611614,1
fields/00074__plt00017__velz.f32__c0004__dt-f32/chunk_0,500000,29,ndzip,primary,0.13312,-1,1.48950956,17.8209546,1
fields/00075__plt00019__density.f32__c0000__dt-f32/chunk_0,500000,7,bitcomp shuffle=bit type=int,primary,0.87766403,-1,433.65426,1.00834952,1
fields/00074__plt00017__velz.f32__c0012__dt-f32/chunk_0,500000,29,ndzip,primary,0.200703993,-1,1.46737719,18.1180471,1
fields/00075__plt00019__density.f32__c0008__dt-f32/chunk_0,500000,37,spratio shuffle=byte,primary,1.01999998,-1,2.6071528,13.7953645,1
fields/00075__plt00019__density.f32__c0012__dt-f32/chunk_0,500000,7,bitcomp shuffle=bit type=int,primary,2.05043197,-1,448.492729,2.17932545,1
fields/00076__plt00019__tracer0.f32__c0008__dt-f32/chunk_0,500000,2,ans shuffle=byte,primary,1.97228801,-1,6.62707772,11.6241442,1
fields/00076__plt00019__tracer0.f32__c0000__dt-f32/chunk_0,500000,2,ans shuffle=byte,primary,2.98249602,-1,6.62707772,12.6338849,1
fields/00076__plt00019__tracer0.f32__c0004__dt-f32/chunk_0,500000,29,ndzip,primary,0.0890880004,-1,1.63045915,16.4274754,1
fields/00077__plt00019__tracer1.f32__c0000__dt-f32/chunk_0,500000,29,ndzip,primary,0.088064,-1,1.62745284,16.4471072,1
fields/00077__plt00019__tracer1.f32__c0004__dt-f32/chunk_0,500000,2,ans shuffle=byte,primary,2.27340794,-1,6.62707772,11.9257255,1
fields/00077__plt00019__tracer1.f32__c0008__dt-f32/chunk_0,500000,29,ndzip,primary,0.0778239965,-1,1.61305239,16.5654943,1
fields/00076__plt00019__tracer0.f32__c0012__dt-f32/chunk_0,500000,29,ndzip,primary,0.115712002,-1,1.63866628,16.3810926,1
fields/00077__plt00019__tracer1.f32__c0012__dt-f32/chunk_0,500000,2,ans shuffle=byte,primary,2.19814396,-1,6.62707772,11.8523575,1
fields/00078__plt00019__tracer2.f32__c0000__dt-f32/chunk_0,500000,2,ans shuffle=byte,primary,1.63321602,-1,6.62707772,11.2838068,1
fields/00078__plt00019__tracer2.f32__c0008__dt-f32/chunk_0,500000,2,ans shuffle=byte,primary,2.55683208,-1,6.62707772,12.2077215,1
fields/00078__plt00019__tracer2.f32__c0012__dt-f32/chunk_0,500000,29,ndzip,primary,0.333824009,-1,1.63866628,16.5992047,1
fields/00078__plt00019__tracer2.f32__c0004__dt-f32/chunk_0,500000,29,ndzip,primary,0.130048007,-1,1.63045915,16.4684354,1
fields/00079__plt00019__velz.f32__c0000__dt-f32/chunk_0,500000,29,ndzip,primary,0.338943988,-1,1.45282036,18.4035906,1
fields/00079__plt00019__velz.f32__c0012__dt-f32/chunk_0,500000,29,ndzip,primary,0.206847996,-1,1.47033188,18.0933588,1
fields/00079__plt00019__velz.f32__c0004__dt-f32/chunk_0,500000,29,ndzip,primary,0.0993279964,-1,1.49027377,17.7734141,1
fields/00079__plt00019__velz.f32__c0008__dt-f32/chunk_0,500000,29,ndzip,primary,0.0778239965,-1,1.41807923,18.5557848,1
fields/00080__plt00021__density.f32__c0000__dt-f32/chunk_0,500000,7,bitcomp shuffle=bit type=int,primary,1.21241605,-1,433.65426,1.34310154,1
fields/00081__plt00021__tracer0.f32__c0000__dt-f32/chunk_0,500000,2,ans shuffle=byte,primary,1.21299195,-1,6.62707772,10.8643808,1
fields/00080__plt00021__density.f32__c0004__dt-f32/chunk_0,500000,7,bitcomp shuffle=bit type=int,primary,2.14374399,-1,433.65426,2.27442948,1
fields/00080__plt00021__density.f32__c0008__dt-f32/chunk_0,500000,12,cascaded bp=1 delta=0 rle=0 type=int,primary,2.28716803,-1,2.2393699,19.0110255,1
fields/00080__plt00021__density.f32__c0012__dt-f32/chunk_0,500000,7,bitcomp shuffle=bit type=int,primary,0.271840006,-1,448.492729,0.400733493,1
fields/00081__plt00021__tracer0.f32__c0004__dt-f32/chunk_0,500000,29,ndzip,primary,0.074752003,-1,1.63045915,16.4131394,1
fields/00082__plt00021__tracer1.f32__c0000__dt-f32/chunk_0,500000,29,ndzip,primary,0.088064,-1,1.62745284,16.4471072,1
fields/00081__plt00021__tracer0.f32__c0012__dt-f32/chunk_0,500000,29,ndzip,primary,0.171008006,-1,1.63866628,16.4363886,1
fields/00081__plt00021__tracer0.f32__c0008__dt-f32/chunk_0,500000,2,ans shuffle=byte,primary,2.13977599,-1,6.62707772,11.7916322,1
fields/00082__plt00021__tracer1.f32__c0008__dt-f32/chunk_0,500000,29,ndzip,primary,0.0839679986,-1,1.61305239,16.5716383,1
fields/00082__plt00021__tracer1.f32__c0004__dt-f32/chunk_0,500000,2,ans shuffle=byte,primary,3.83052802,-1,6.62707772,13.4828455,1
fields/00082__plt00021__tracer1.f32__c0012__dt-f32/chunk_0,500000,2,ans shuffle=byte,primary,3.31983995,-1,6.62707772,12.9740535,1
fields/00083__plt00021__tracer2.f32__c0008__dt-f32/chunk_0,500000,2,ans shuffle=byte,primary,3.3231039,-1,6.62707772,12.9739933,1
fields/00083__plt00021__tracer2.f32__c0012__dt-f32/chunk_0,500000,29,ndzip,primary,0.104447998,-1,1.63866628,16.3698286,1
fields/00083__plt00021__tracer2.f32__c0000__dt-f32/chunk_0,500000,2,ans shuffle=byte,primary,3.82355189,-1,6.62707772,13.4741427,1
fields/00083__plt00021__tracer2.f32__c0004__dt-f32/chunk_0,500000,29,ndzip,primary,0.132095993,-1,1.63045915,16.4704834,1
fields/00084__plt00021__velz.f32__c0008__dt-f32/chunk_0,500000,29,ndzip,primary,0.0757760033,-1,1.41604737,18.5769778,1
fields/00084__plt00021__velz.f32__c0000__dt-f32/chunk_0,500000,29,ndzip,primary,0.108543999,-1,1.45399483,18.1606902,1
fields/00084__plt00021__velz.f32__c0004__dt-f32/chunk_0,500000,29,ndzip,primary,0.0972800031,-1,1.49292815,17.7415305,1
fields/00085__plt00023__density.f32__c0000__dt-f32/chunk_0,500000,7,bitcomp shuffle=bit type=int,primary,2.60124803,-1,433.65426,2.73193351,1
fields/00084__plt00021__velz.f32__c0012__dt-f32/chunk_0,500000,29,ndzip,primary,0.0870399997,-1,1.47264878,17.9500141,1
fields/00086__plt00023__tracer0.f32__c0008__dt-f32/chunk_0,500000,2,ans shuffle=byte,primary,1.61059201,-1,6.62707772,11.2624482,1
fields/00085__plt00023__density.f32__c0008__dt-f32/chunk_0,500000,35,spratio,primary,0.84502399,-1,3.71700687,9.99861387,1
fields/00085__plt00023__density.f32__c0004__dt-f32/chunk_0,500000,7,bitcomp shuffle=bit type=int,primary,1.81648004,-1,433.65426,1.94716553,1
fields/00085__plt00023__density.f32__c0012__dt-f32/chunk_0,500000,7,bitcomp shuffle=bit type=int,primary,1.60256004,-1,448.492729,1.73145353,1
fields/00086__plt00023__tracer0.f32__c0004__dt-f32/chunk_0,500000,29,ndzip,primary,0.0706560016,-1,1.63045915,16.4090434,1
fields/00086__plt00023__tracer0.f32__c0012__dt-f32/chunk_0,500000,29,ndzip,primary,0.0972800031,-1,1.63866628,16.3626606,1
fields/00086__plt00023__tracer0.f32__c0000__dt-f32/chunk_0,500000,2,ans shuffle=byte,primary,1.59987199,-1,6.62707772,11.2512609,1
fields/00087__plt00023__tracer1.f32__c0000__dt-f32/chunk_0,500000,29,ndzip,primary,0.0757760033,-1,1.62745284,16.4348192,1
fields/00087__plt00023__tracer1.f32__c0004__dt-f32/chunk_0,500000,2,ans shuffle=byte,primary,1.56307197,-1,6.62707772,11.2153895,1
fields/00087__plt00023__tracer1.f32__c0008__dt-f32/chunk_0,500000,29,ndzip,primary,0.0839679986,-1,1.61305239,16.5716383,1
fields/00087__plt00023__tracer1.f32__c0012__dt-f32/chunk_0,500000,2,ans shuffle=byte,primary,1.64371204,-1,6.62707772,11.2979256,1
fields/00088__plt00023__tracer2.f32__c0008__dt-f32/chunk_0,500000,2,ans shuffle=byte,primary,2.81360006,-1,6.62707772,12.4644895,1
fields/00088__plt00023__tracer2.f32__c0012__dt-f32/chunk_0,500000,29,ndzip,primary,0.0808959976,-1,1.63866628,16.3462766,1
fields/00088__plt00023__tracer2.f32__c0000__dt-f32/chunk_0,500000,2,ans shuffle=byte,primary,2.11455989,-1,6.62707772,11.7651507,1
fields/00088__plt00023__tracer2.f32__c0004__dt-f32/chunk_0,500000,29,ndzip,primary,0.116736002,-1,1.63045915,16.4551234,1
fields/00089__plt00023__velz.f32__c0000__dt-f32/chunk_0,500000,29,ndzip,primary,0.118784003,-1,1.45444659,18.1666064,1
fields/00089__plt00023__velz.f32__c0012__dt-f32/chunk_0,500000,29,ndzip,primary,0.100351997,-1,1.47416428,17.9482363,1
fields/00089__plt00023__velz.f32__c0004__dt-f32/chunk_0,500000,29,ndzip,primary,0.0952320024,-1,1.49563893,17.7106952,1
fields/00090__plt00026__density.f32__c0000__dt-f32/chunk_0,500000,7,bitcomp shuffle=bit type=int,primary,1.76601601,-1,433.65426,1.89670149,1
fields/00089__plt00023__velz.f32__c0008__dt-f32/chunk_0,500000,29,ndzip,primary,0.0942080021,-1,1.41587911,18.5973719,1
fields/00090__plt00026__density.f32__c0012__dt-f32/chunk_0,500000,7,bitcomp shuffle=bit type=int,primary,1.54102397,-1,448.492729,1.66991746,1
fields/00090__plt00026__density.f32__c0004__dt-f32/chunk_0,500000,7,bitcomp shuffle=bit type=int,primary,1.05395198,-1,433.65426,1.18463747,1
fields/00091__plt00026__tracer0.f32__c0000__dt-f32/chunk_0,500000,2,ans shuffle=byte,primary,2.48886395,-1,6.62707772,12.1402528,1
fields/00090__plt00026__density.f32__c0008__dt-f32/chunk_0,500000,10,cascaded bp=1 delta=0 rle=0 shuffle=bit type=int,primary,3.62432003,-1,1.11971126,31.4101399,1
fields/00091__plt00026__tracer0.f32__c0004__dt-f32/chunk_0,500000,29,ndzip,primary,0.0860159993,-1,1.63045915,16.4244034,1
fields/00092__plt00026__tracer1.f32__c0008__dt-f32/chunk_0,500000,29,ndzip,primary,0.0983040035,-1,1.61305239,16.5859743,1
fields/00091__plt00026__tracer0.f32__c0008__dt-f32/chunk_0,500000,2,ans shuffle=byte,primary,1.41036797,-1,6.62707772,11.0622241,1
fields/00093__plt00026__tracer2.f32__c0000__dt-f32/chunk_0,500000,2,ans shuffle=byte,primary,3.17702389,-1,6.62707772,12.8276147,1
fields/00091__plt00026__tracer0.f32__c0012__dt-f32/chunk_0,500000,29,ndzip,primary,0.102399997,-1,1.63866628,16.3677806,1
fields/00092__plt00026__tracer1.f32__c0000__dt-f32/chunk_0,500000,29,ndzip,primary,0.151552007,-1,1.62745284,16.5105952,1
fields/00093__plt00026__tracer2.f32__c0008__dt-f32/chunk_0,500000,2,ans shuffle=byte,primary,3.02880001,-1,6.62707772,12.6796894,1
fields/00092__plt00026__tracer1.f32__c0012__dt-f32/chunk_0,500000,2,ans shuffle=byte,primary,2.43369603,-1,6.62707772,12.0879096,1
fields/00093__plt00026__tracer2.f32__c0012__dt-f32/chunk_0,500000,29,ndzip,primary,0.106495999,-1,1.63866628,16.3718766,1
fields/00093__plt00026__tracer2.f32__c0004__dt-f32/chunk_0,500000,29,ndzip,primary,0.0727040023,-1,1.63045915,16.4110914,1
fields/00092__plt00026__tracer1.f32__c0004__dt-f32/chunk_0,500000,2,ans shuffle=byte,primary,3.46815991,-1,6.62707772,13.1204774,1
fields/00095__plt00028__density.f32__c0008__dt-f32/chunk_0,500000,9,bitcomp type=int,primary,1.90070403,-1,2.46715638,18.6523288,1
fields/00094__plt00026__velz.f32__c0004__dt-f32/chunk_0,500000,29,ndzip,primary,0.0798719972,-1,1.49887575,17.6626787,1
fields/00095__plt00028__density.f32__c0012__dt-f32/chunk_0,500000,7,bitcomp shuffle=bit type=int,primary,1.86998403,-1,448.492729,1.99887752,1
fields/00095__plt00028__density.f32__c0004__dt-f32/chunk_0,500000,7,bitcomp shuffle=bit type=int,primary,2.7263999,-1,433.65426,2.85708539,1
fields/00094__plt00026__velz.f32__c0000__dt-f32/chunk_0,500000,29,ndzip,primary,0.114688002,-1,1.4563151,18.1439536,1
fields/00094__plt00026__velz.f32__c0008__dt-f32/chunk_0,500000,29,ndzip,primary,0.128000006,-1,1.4146375,18.6469601,1
fields/00096__plt00028__tracer0.f32__c0000__dt-f32/chunk_0,500000,2,ans shuffle=byte,primary,2.25056005,-1,6.62707772,11.9019489,1
fields/00095__plt00028__density.f32__c0000__dt-f32/chunk_0,500000,7,bitcomp shuffle=bit type=int,primary,2.34790397,-1,433.65426,2.47858945,1
fields/00094__plt00026__velz.f32__c0012__dt-f32/chunk_0,500000,29,ndzip,primary,0.119808003,-1,1.47536938,17.9561147,1
fields/00096__plt00028__tracer0.f32__c0004__dt-f32/chunk_0,500000,29,ndzip,primary,0.129023999,-1,1.63045915,16.4674114,1
fields/00098__plt00028__tracer2.f32__c0000__dt-f32/chunk_0,500000,2,ans shuffle=byte,primary,2.90758395,-1,6.62707772,12.5581747,1
fields/00096__plt00028__tracer0.f32__c0008__dt-f32/chunk_0,500000,2,ans shuffle=byte,primary,1.220384,-1,6.62707772,10.8722402,1
fields/00096__plt00028__tracer0.f32__c0012__dt-f32/chunk_0,500000,29,ndzip,primary,0.177151993,-1,1.63866628,16.4425326,1
fields/00097__plt00028__tracer1.f32__c0004__dt-f32/chunk_0,500000,2,ans shuffle=byte,primary,2.7364161,-1,6.62707772,12.3887336,1
fields/00097__plt00028__tracer1.f32__c0008__dt-f32/chunk_0,500000,29,ndzip,primary,0.0931840017,-1,1.61305239,16.5808543,1
fields/00097__plt00028__tracer1.f32__c0012__dt-f32/chunk_0,500000,2,ans shuffle=byte,primary,1.48825598,-1,6.62707772,11.1424695,1
fields/00097__plt00028__tracer1.f32__c0000__dt-f32/chunk_0,500000,29,ndzip,primary,0.0706560016,-1,1.62745284,16.4296992,1
fields/00098__plt00028__tracer2.f32__c0008__dt-f32/chunk_0,500000,2,ans shuffle=byte,primary,2.83452797,-1,6.62707772,12.4854174,1
fields/00098__plt00028__tracer2.f32__c0004__dt-f32/chunk_0,500000,29,ndzip,primary,0.0962560028,-1,1.63045915,16.4346434,1
fields/00098__plt00028__tracer2.f32__c0012__dt-f32/chunk_0,500000,29,ndzip,primary,0.104447998,-1,1.63866628,16.3698286,1
fields/00099__plt00028__velz.f32__c0008__dt-f32/chunk_0,500000,29,ndzip,primary,0.144383997,-1,1.41237574,18.6905472,1
fields/00099__plt00028__velz.f32__c0000__dt-f32/chunk_0,500000,29,ndzip,primary,0.0737280026,-1,1.45782958,18.0874375,1
fields/00099__plt00028__velz.f32__c0004__dt-f32/chunk_0,500000,29,ndzip,primary,0.163839996,-1,1.499759,17.738904,1
fields/00100__plt00031__density.f32__c0012__dt-f32/chunk_0,500000,7,bitcomp shuffle=bit type=int,primary,1.79385602,-1,448.492729,1.92274951,1
fields/00100__plt00031__density.f32__c0000__dt-f32/chunk_0,500000,7,bitcomp shuffle=bit type=int,primary,1.63443196,-1,433.65426,1.76511745,1
fields/00099__plt00028__velz.f32__c0012__dt-f32/chunk_0,500000,29,ndzip,primary,0.246784002,-1,1.47606305,18.0764306,1
fields/00100__plt00031__density.f32__c0004__dt-f32/chunk_0,500000,7,bitcomp shuffle=bit type=int,primary,2.47824001,-1,433.65426,2.6089255,1
fields/00100__plt00031__density.f32__c0008__dt-f32/chunk_0,500000,11,cascaded bp=1 delta=0 rle=0 shuffle=byte type=int,primary,2.55590391,-1,1.32800061,27.7180549,1
fields/00101__plt00031__tracer0.f32__c0008__dt-f32/chunk_0,500000,2,ans shuffle=byte,primary,2.06009603,-1,6.62707772,11.7119522,1
fields/00101__plt00031__tracer0.f32__c0000__dt-f32/chunk_0,500000,2,ans shuffle=byte,primary,1.22022402,-1,6.62707772,10.8716129,1
fields/00101__plt00031__tracer0.f32__c0004__dt-f32/chunk_0,500000,29,ndzip,primary,0.201728001,-1,1.63045915,16.5401154,1
fields/00102__plt00031__tracer1.f32__c0008__dt-f32/chunk_0,500000,29,ndzip,primary,0.0798719972,-1,1.61305239,16.5675423,1
fields/00102__plt00031__tracer1.f32__c0012__dt-f32/chunk_0,500000,2,ans shuffle=byte,primary,2.41472006,-1,6.62707772,12.0689336,1
fields/00102__plt00031__tracer1.f32__c0000__dt-f32/chunk_0,500000,29,ndzip,primary,0.142335996,-1,1.62745284,16.5013792,1
fields/00102__plt00031__tracer1.f32__c0004__dt-f32/chunk_0,500000,2,ans shuffle=byte,primary,1.99679995,-1,6.62707772,11.6491175,1
fields/00101__plt00031__tracer0.f32__c0012__dt-f32/chunk_0,500000,29,ndzip,primary,0.0993279964,-1,1.63866628,16.3647086,1
fields/00103__plt00031__tracer2.f32__c0000__dt-f32/chunk_0,500000,2,ans shuffle=byte,primary,2.79644799,-1,6.62707772,12.4470388,1
fields/00103__plt00031__tracer2.f32__c0004__dt-f32/chunk_0,500000,29,ndzip,primary,0.140287995,-1,1.63045915,16.4786754,1
fields/00103__plt00031__tracer2.f32__c0012__dt-f32/chunk_0,500000,29,ndzip,primary,0.0757760033,-1,1.63866628,16.3411566,1
fields/00103__plt00031__tracer2.f32__c0008__dt-f32/chunk_0,500000,2,ans shuffle=byte,primary,0.941887975,-1,6.62707772,10.5927774,1
fields/00104__plt00031__velz.f32__c0004__dt-f32/chunk_0,500000,29,ndzip,primary,0.0870399997,-1,1.4991479,17.6705011,1
fields/00104__plt00031__velz.f32__c0000__dt-f32/chunk_0,500000,29,ndzip,primary,0.143360004,-1,1.45870569,18.1489692,1
fields/00104__plt00031__velz.f32__c0012__dt-f32/chunk_0,500000,29,ndzip,primary,0.13312,-1,1.47683848,17.9554254,1
fields/00105__plt00035__density.f32__c0004__dt-f32/chunk_0,500000,7,bitcomp shuffle=bit type=int,primary,1.34521604,-1,433.65426,1.47590152,1
fields/00104__plt00031__velz.f32__c0008__dt-f32/chunk_0,500000,29,ndzip,primary,0.0737280026,-1,1.40777368,18.6751123,1
fields/00105__plt00035__density.f32__c0008__dt-f32/chunk_0,500000,4,bitcomp algo=1 shuffle=bit type=char,primary,1.16531205,-1,1.62377587,22.8919254,1
fields/00105__plt00035__density.f32__c0000__dt-f32/chunk_0,500000,7,bitcomp shuffle=bit type=int,primary,1.42985594,-1,433.65426,1.56054143,1
fields/00105__plt00035__density.f32__c0012__dt-f32/chunk_0,500000,7,bitcomp shuffle=bit type=int,primary,1.06649601,-1,448.492729,1.1953895,1
fields/00106__plt00035__tracer0.f32__c0008__dt-f32/chunk_0,500000,2,ans shuffle=byte,primary,1.553792,-1,6.62707772,11.2056482,1
fields/00106__plt00035__tracer0.f32__c0000__dt-f32/chunk_0,500000,2,ans shuffle=byte,primary,2.8719039,-1,6.62707772,12.5232928,1
fields/00107__plt00035__tracer1.f32__c0000__dt-f32/chunk_0,500000,29,ndzip,primary,0.224255994,-1,1.62745284,16.5832992,1
fields/00106__plt00035__tracer0.f32__c0004__dt-f32/chunk_0,500000,29,ndzip,primary,0.0768000036,-1,1.63045915,16.4151874,1
fields/00107__plt00035__tracer1.f32__c0012__dt-f32/chunk_0,500000,2,ans shuffle=byte,primary,2.65935993,-1,6.62707772,12.3135735,1
fields/00106__plt00035__tracer0.f32__c0012__dt-f32/chunk_0,500000,29,ndzip,primary,0.0768000036,-1,1.63866628,16.3421806,1
fields/00107__plt00035__tracer1.f32__c0004__dt-f32/chunk_0,500000,2,ans shuffle=byte,primary,2.26086402,-1,6.62707772,11.9131815,1
fields/00107__plt00035__tracer1.f32__c0008__dt-f32/chunk_0,500000,29,ndzip,primary,0.0757760033,-1,1.61305239,16.5634463,1
fields/00108__plt00035__tracer2.f32__c0000__dt-f32/chunk_0,500000,2,ans shuffle=byte,primary,2.01001596,-1,6.62707772,11.6606067,1
fields/00108__plt00035__tracer2.f32__c0004__dt-f32/chunk_0,500000,29,ndzip,primary,0.0839679986,-1,1.63045915,16.4223554,1
fields/00109__plt00035__velz.f32__c0000__dt-f32/chunk_0,500000,29,ndzip,primary,0.112640001,-1,1.4616459,18.0864825,1
fields/00108__plt00035__tracer2.f32__c0008__dt-f32/chunk_0,500000,2,ans shuffle=byte,primary,2.09830403,-1,6.62707772,11.7491934,1
fields/00109__plt00035__velz.f32__c0008__dt-f32/chunk_0,500000,29,ndzip,primary,0.0993279964,-1,1.40113526,18.7795078,1
fields/00109__plt00035__velz.f32__c0004__dt-f32/chunk_0,500000,29,ndzip,primary,0.114688002,-1,1.49790366,17.713565,1
fields/00108__plt00035__tracer2.f32__c0012__dt-f32/chunk_0,500000,29,ndzip,primary,0.0778239965,-1,1.63866628,16.3432046,1
fields/00109__plt00035__velz.f32__c0012__dt-f32/chunk_0,500000,29,ndzip,primary,0.0931840017,-1,1.47915509,17.8875416,1
fields/00110__plt00038__density.f32__c0004__dt-f32/chunk_0,500000,7,bitcomp shuffle=bit type=int,primary,1.630144,-1,433.65426,1.76082949,1
fields/00110__plt00038__density.f32__c0000__dt-f32/chunk_0,500000,7,bitcomp shuffle=bit type=int,primary,1.76492798,-1,433.65426,1.89561347,1
fields/00110__plt00038__density.f32__c0012__dt-f32/chunk_0,500000,7,bitcomp shuffle=bit type=int,primary,1.82281601,-1,448.492729,1.9517095,1
fields/00110__plt00038__density.f32__c0008__dt-f32/chunk_0,500000,1,ans shuffle=bit,primary,2.80367994,-1,1.93238168,21.0823662,1
fields/00111__plt00038__tracer0.f32__c0000__dt-f32/chunk_0,500000,2,ans shuffle=byte,primary,2.16697598,-1,6.62707772,11.8183648,1
fields/00111__plt00038__tracer0.f32__c0004__dt-f32/chunk_0,500000,29,ndzip,primary,0.154624,-1,1.63045915,16.4930114,1
fields/00111__plt00038__tracer0.f32__c0012__dt-f32/chunk_0,500000,29,ndzip,primary,0.0808959976,-1,1.63866628,16.3462766,1
fields/00111__plt00038__tracer0.f32__c0008__dt-f32/chunk_0,500000,2,ans shuffle=byte,primary,0.774143994,-1,6.62707772,10.4260002,1
fields/00112__plt00038__tracer1.f32__c0004__dt-f32/chunk_0,500000,2,ans shuffle=byte,primary,2.84972811,-1,6.62707772,12.5020456,1
fields/00112__plt00038__tracer1.f32__c0012__dt-f32/chunk_0,500000,2,ans shuffle=byte,primary,2.6089921,-1,6.62707772,12.2632056,1
fields/00112__plt00038__tracer1.f32__c0000__dt-f32/chunk_0,500000,29,ndzip,primary,0.0808959976,-1,1.62745284,16.4399392,1
fields/00113__plt00038__tracer2.f32__c0004__dt-f32/chunk_0,500000,29,ndzip,primary,0.184320003,-1,1.63045915,16.5227074,1
fields/00112__plt00038__tracer1.f32__c0008__dt-f32/chunk_0,500000,29,ndzip,primary,0.119808003,-1,1.61305239,16.6074783,1
fields/00113__plt00038__tracer2.f32__c0008__dt-f32/chunk_0,500000,2,ans shuffle=byte,primary,2.55401611,-1,6.62707772,12.2049055,1
fields/00113__plt00038__tracer2.f32__c0000__dt-f32/chunk_0,500000,2,ans shuffle=byte,primary,1.919168,-1,6.62707772,11.5697588,1
fields/00114__plt00038__velz.f32__c0008__dt-f32/chunk_0,500000,29,ndzip,primary,0.156672001,-1,1.39622667,18.8960458,1
fields/00113__plt00038__tracer2.f32__c0012__dt-f32/chunk_0,500000,29,ndzip,primary,0.115712002,-1,1.63866628,16.3810926,1
fields/00114__plt00038__velz.f32__c0000__dt-f32/chunk_0,500000,29,ndzip,primary,0.0788479969,-1,1.46319191,18.0361218,1
fields/00115__plt00042__density.f32__c0000__dt-f32/chunk_0,500000,7,bitcomp shuffle=bit type=int,primary,2.56617594,-1,433.65426,2.69686142,1
fields/00114__plt00038__velz.f32__c0004__dt-f32/chunk_0,500000,29,ndzip,primary,0.117760003,-1,1.49733683,17.7241822,1
fields/00115__plt00042__density.f32__c0012__dt-f32/chunk_0,500000,7,bitcomp shuffle=bit type=int,primary,3.24393606,-1,448.492729,3.37282955,1
fields/00114__plt00038__velz.f32__c0012__dt-f32/chunk_0,500000,29,ndzip,primary,0.104447998,-1,1.48104792,17.8767735,1
fields/00116__plt00042__tracer0.f32__c0000__dt-f32/chunk_0,500000,2,ans shuffle=byte,primary,1.33321595,-1,6.62707772,10.9846048,1
fields/00115__plt00042__density.f32__c0004__dt-f32/chunk_0,500000,7,bitcomp shuffle=bit type=int,primary,2.00822401,-1,433.65426,2.1389095,1
fields/00116__plt00042__tracer0.f32__c0012__dt-f32/chunk_0,500000,29,ndzip,primary,0.0819199979,-1,1.63866628,16.3473006,1
fields/00115__plt00042__density.f32__c0008__dt-f32/chunk_0,500000,8,bitcomp shuffle=byte type=int,primary,1.189888,-1,1.59201273,26.116049,1
fields/00116__plt00042__tracer0.f32__c0004__dt-f32/chunk_0,500000,29,ndzip,primary,0.0860159993,-1,1.63045915,16.4244034,1
fields/00116__plt00042__tracer0.f32__c0008__dt-f32/chunk_0,500000,2,ans shuffle=byte,primary,1.04556799,-1,6.62707772,10.6974242,1
fields/00117__plt00042__tracer1.f32__c0004__dt-f32/chunk_0,500000,2,ans shuffle=byte,primary,0.995423973,-1,6.62707772,10.6477415,1
fields/00117__plt00042__tracer1.f32__c0000__dt-f32/chunk_0,500000,29,ndzip,primary,0.119808003,-1,1.62745284,16.4788512,1
fields/00117__plt00042__tracer1.f32__c0012__dt-f32/chunk_0,500000,2,ans shuffle=byte,primary,1.91241598,-1,6.62707772,11.5666295,1
fields/00118__plt00042__tracer2.f32__c0000__dt-f32/chunk_0,500000,2,ans shuffle=byte,primary,1.37740803,-1,6.62707772,11.0279988,1
fields/00117__plt00042__tracer1.f32__c0008__dt-f32/chunk_0,500000,29,ndzip,primary,0.131072,-1,1.61305239,16.6187423,1
fields/00118__plt00042__tracer2.f32__c0004__dt-f32/chunk_0,500000,29,ndzip,primary,0.103423998,-1,1.63045915,16.4418114,1
fields/00118__plt00042__tracer2.f32__c0008__dt-f32/chunk_0,500000,2,ans shuffle=byte,primary,2.89206409,-1,6.62707772,12.5429535,1
fields/00119__plt00042__velz.f32__c0000__dt-f32/chunk_0,500000,29,ndzip,primary,0.0737280026,-1,1.46484146,18.0125005,1
fields/00118__plt00042__tracer2.f32__c0012__dt-f32/chunk_0,500000,29,ndzip,primary,0.0860159993,-1,1.63866628,16.3513966,1
fields/00120__plt00047__density.f32__c0012__dt-f32/chunk_0,500000,7,bitcomp shuffle=bit type=int,primary,1.890944,-1,448.492729,2.01983749,1
fields/00119__plt00042__velz.f32__c0012__dt-f32/chunk_0,500000,29,ndzip,primary,0.141312003,-1,1.48335047,17.8874569,1
fields/00119__plt00042__velz.f32__c0004__dt-f32/chunk_0,500000,29,ndzip,primary,0.101375997,-1,1.49528488,17.7296253,1
fields/00119__plt00042__velz.f32__c0008__dt-f32/chunk_0,500000,29,ndzip,primary,0.074752003,-1,1.38390249,18.9633895,1
fields/00120__plt00047__density.f32__c0000__dt-f32/chunk_0,500000,7,bitcomp shuffle=bit type=int,primary,1.35580802,-1,433.65426,1.48649351,1
fields/00121__plt00047__tracer0.f32__c0004__dt-f32/chunk_0,500000,29,ndzip,primary,0.13312,-1,1.63045915,16.4715074,1
fields/00121__plt00047__tracer0.f32__c0000__dt-f32/chunk_0,500000,2,ans shuffle=byte,primary,1.72723198,-1,6.62707772,11.3786209,1
fields/00120__plt00047__density.f32__c0004__dt-f32/chunk_0,500000,7,bitcomp shuffle=bit type=int,primary,2.82057595,-1,433.65426,2.95126144,1
fields/00121__plt00047__tracer0.f32__c0012__dt-f32/chunk_0,500000,29,ndzip,primary,0.109568,-1,1.63866628,16.3749486,1
fields/00120__plt00047__density.f32__c0008__dt-f32/chunk_0,500000,7,bitcomp shuffle=bit type=int,primary,2.41417599,-1,1.64742998,26.2817067,1
fields/00122__plt00047__tracer1.f32__c0000__dt-f32/chunk_0,500000,29,ndzip,primary,0.107519999,-1,1.62745284,16.4665632,1
fields/00121__plt00047__tracer0.f32__c0008__dt-f32/chunk_0,500000,2,ans shuffle=byte,primary,2.91673589,-1,6.62707772,12.5685921,1
fields/00122__plt00047__tracer1.f32__c0004__dt-f32/chunk_0,500000,2,ans shuffle=byte,primary,1.79494405,-1,6.62707772,11.4472616,1
fields/00122__plt00047__tracer1.f32__c0008__dt-f32/chunk_0,500000,29,ndzip,primary,0.0870399997,-1,1.61305239,16.5747103,1
fields/00123__plt00047__tracer2.f32__c0000__dt-f32/chunk_0,500000,2,ans shuffle=byte,primary,1.04428804,-1,6.62707772,10.6948788,1
fields/00123__plt00047__tracer2.f32__c0004__dt-f32/chunk_0,500000,29,ndzip,primary,0.122879997,-1,1.63045915,16.4612674,1
fields/00122__plt00047__tracer1.f32__c0012__dt-f32/chunk_0,500000,2,ans shuffle=byte,primary,2.26649594,-1,6.62707772,11.9207095,1
fields/00123__plt00047__tracer2.f32__c0012__dt-f32/chunk_0,500000,29,ndzip,primary,0.0706560016,-1,1.63866628,16.3360366,1
fields/00123__plt00047__tracer2.f32__c0008__dt-f32/chunk_0,500000,2,ans shuffle=byte,primary,2.17251205,-1,6.62707772,11.8234014,1
fields/00124__plt00047__velz.f32__c0000__dt-f32/chunk_0,500000,29,ndzip,primary,0.188416004,-1,1.46914528,18.0794585,1
fields/00124__plt00047__velz.f32__c0008__dt-f32/chunk_0,500000,29,ndzip,primary,0.0788479969,-1,1.36321573,19.226453,1
fields/00124__plt00047__velz.f32__c0012__dt-f32/chunk_0,500000,29,ndzip,primary,0.106495999,-1,1.48517623,17.8322817,1
fields/00125__plt00051__density.f32__c0000__dt-f32/chunk_0,500000,24,gpulz shuffle=byte,primary,2.0223999,-1,37.2257881,2.65735275,1
fields/00124__plt00047__velz.f32__c0004__dt-f32/chunk_0,500000,29,ndzip,primary,0.084991999,-1,1.49395551,17.7273673,1
fields/00125__plt00051__density.f32__c0004__dt-f32/chunk_0,500000,24,gpulz shuffle=byte,primary,2.82931209,-1,37.2257881,3.46426493,1
fields/00126__plt00051__tracer0.f32__c0000__dt-f32/chunk_0,500000,2,ans shuffle=byte,primary,4.97926378,-1,6.62707772,14.6306527,1
fields/00125__plt00051__density.f32__c0012__dt-f32/chunk_0,500000,24,gpulz shuffle=byte,primary,1.220608,-1,37.2257881,1.85556084,1
fields/00125__plt00051__density.f32__c0008__dt-f32/chunk_0,500000,30,ndzip shuffle=bit,primary,0.392192006,-1,1.19445068,22.2534987,1
fields/00127__plt00051__tracer1.f32__c0004__dt-f32/chunk_0,500000,2,ans shuffle=byte,primary,2.80124807,-1,6.62707772,12.4535656,1
fields/00126__plt00051__tracer0.f32__c0012__dt-f32/chunk_0,500000,29,ndzip,primary,0.113664001,-1,1.63866628,16.3790446,1
fields/00128__plt00051__tracer2.f32__c0000__dt-f32/chunk_0,500000,2,ans shuffle=byte,primary,2.02259207,-1,6.62707772,11.6731828,1
fields/00126__plt00051__tracer0.f32__c0004__dt-f32/chunk_0,500000,29,ndzip,primary,0.0829439983,-1,1.63045915,16.4213314,1
fields/00127__plt00051__tracer1.f32__c0008__dt-f32/chunk_0,500000,29,ndzip,primary,0.074752003,-1,1.61305239,16.5624223,1
fields/00126__plt00051__tracer0.f32__c0008__dt-f32/chunk_0,500000,2,ans shuffle=byte,primary,1.92825603,-1,6.62707772,11.5801122,1
fields/00127__plt00051__tracer1.f32__c0000__dt-f32/chunk_0,500000,29,ndzip,primary,0.107519999,-1,1.62745284,16.4665632,1
fields/00128__plt00051__tracer2.f32__c0004__dt-f32/chunk_0,500000,29,ndzip,primary,0.0962560028,-1,1.63045915,16.4346434,1
fields/00127__plt00051__tracer1.f32__c0012__dt-f32/chunk_0,500000,2,ans shuffle=byte,primary,2.05321598,-1,6.62707772,11.7074295,1
fields/00128__plt00051__tracer2.f32__c0012__dt-f32/chunk_0,500000,29,ndzip,primary,0.074752003,-1,1.63866628,16.3401326,1
fields/00128__plt00051__tracer2.f32__c0008__dt-f32/chunk_0,500000,2,ans shuffle=byte,primary,0.836767972,-1,6.62707772,10.4876574,1
fields/00129__plt00051__velz.f32__c0000__dt-f32/chunk_0,500000,29,ndzip,primary,0.166912004,-1,1.47059583,18.0417017,1
fields/00129__plt00051__velz.f32__c0004__dt-f32/chunk_0,500000,29,ndzip,primary,0.128000006,-1,1.49470299,17.7627056,1
fields/00129__plt00051__velz.f32__c0008__dt-f32/chunk_0,500000,29,ndzip,primary,0.123903997,-1,1.35126818,19.426353,1
fields/00130__plt00056__density.f32__c0000__dt-f32/chunk_0,500000,24,gpulz shuffle=byte,primary,1.77766395,-1,37.2257881,2.41261679,1
fields/00130__plt00056__density.f32__c0004__dt-f32/chunk_0,500000,24,gpulz shuffle=byte,primary,1.30048001,-1,37.2257881,1.93543286,1
fields/00129__plt00051__velz.f32__c0012__dt-f32/chunk_0,500000,29,ndzip,primary,0.138239995,-1,1.48529403,17.8630806,1
fields/00130__plt00056__density.f32__c0012__dt-f32/chunk_0,500000,24,gpulz shuffle=byte,primary,1.87289596,-1,37.2257881,2.5078488,1
fields/00130__plt00056__density.f32__c0008__dt-f32/chunk_0,500000,13,cascaded bp=1 delta=0 rle=1 shuffle=bit type=int,primary,2.85696006,-1,1.4091074,30.225739,1
fields/00131__plt00056__tracer0.f32__c0000__dt-f32/chunk_0,500000,2,ans shuffle=byte,primary,1.67123199,-1,6.62707772,11.3226209,1
fields/00131__plt00056__tracer0.f32__c0008__dt-f32/chunk_0,500000,2,ans shuffle=byte,primary,0.870303988,-1,6.62707772,10.5221602,1
fields/00131__plt00056__tracer0.f32__c0004__dt-f32/chunk_0,500000,29,ndzip,primary,0.150527999,-1,1.63045915,16.4889154,1
fields/00133__plt00056__tracer2.f32__c0000__dt-f32/chunk_0,500000,2,ans shuffle=byte,primary,2.85734391,-1,6.62707772,12.5079347,1
fields/00133__plt00056__tracer2.f32__c0004__dt-f32/chunk_0,500000,29,ndzip,primary,0.151552007,-1,1.63045915,16.4899394,1
fields/00131__plt00056__tracer0.f32__c0012__dt-f32/chunk_0,500000,29,ndzip,primary,0.205824003,-1,1.63866628,16.4712046,1
fields/00132__plt00056__tracer1.f32__c0000__dt-f32/chunk_0,500000,29,ndzip,primary,0.088064,-1,1.62745284,16.4471072,1
fields/00132__plt00056__tracer1.f32__c0008__dt-f32/chunk_0,500000,29,ndzip,primary,0.0983040035,-1,1.61305239,16.5859743,1
fields/00132__plt00056__tracer1.f32__c0012__dt-f32/chunk_0,500000,2,ans shuffle=byte,primary,1.64700794,-1,6.62707772,11.3012215,1
fields/00133__plt00056__tracer2.f32__c0008__dt-f32/chunk_0,500000,2,ans shuffle=byte,primary,0.835103989,-1,6.62707772,10.4859934,1
fields/00132__plt00056__tracer1.f32__c0004__dt-f32/chunk_0,500000,2,ans shuffle=byte,primary,3.57062411,-1,6.62707772,13.2229416,1
fields/00133__plt00056__tracer2.f32__c0012__dt-f32/chunk_0,500000,29,ndzip,primary,0.0727040023,-1,1.63866628,16.3380846,1
fields/00134__plt00056__velz.f32__c0004__dt-f32/chunk_0,500000,29,ndzip,primary,0.0808959976,-1,1.49656963,17.6959863,1
fields/00134__plt00056__velz.f32__c0000__dt-f32/chunk_0,500000,29,ndzip,primary,0.107519999,-1,1.47397778,17.9459349,1
fields/00135__plt00062__density.f32__c0012__dt-f32/chunk_0,500000,24,gpulz shuffle=byte,primary,2.07462406,-1,37.2257881,2.70957691,1
fields/00135__plt00062__density.f32__c0008__dt-f32/chunk_0,500000,40,spspeed shuffle=byte,primary,0.496895999,-1,1.16234261,23.5167798,1
fields/00135__plt00062__density.f32__c0004__dt-f32/chunk_0,500000,24,gpulz shuffle=byte,primary,3.35872006,-1,37.2257881,3.99367291,1
fields/00134__plt00056__velz.f32__c0012__dt-f32/chunk_0,500000,29,ndzip,primary,0.106495999,-1,1.48598443,17.8246592,1
fields/00135__plt00062__density.f32__c0000__dt-f32/chunk_0,500000,24,gpulz shuffle=byte,primary,1.38854396,-1,37.2257881,2.02349681,1
fields/00136__plt00062__tracer0.f32__c0000__dt-f32/chunk_0,500000,2,ans shuffle=byte,primary,3.21027207,-1,6.62707772,12.8616609,1
fields/00136__plt00062__tracer0.f32__c0004__dt-f32/chunk_0,500000,29,ndzip,primary,0.0737280026,-1,1.63045915,16.4121154,1
fields/00136__plt00062__tracer0.f32__c0008__dt-f32/chunk_0,500000,2,ans shuffle=byte,primary,2.33228803,-1,6.62707772,11.9841442,1
fields/00137__plt00062__tracer1.f32__c0004__dt-f32/chunk_0,500000,2,ans shuffle=byte,primary,3.23014402,-1,6.62707772,12.8824615,1
fields/00136__plt00062__tracer0.f32__c0012__dt-f32/chunk_0,500000,29,ndzip,primary,0.0972800031,-1,1.63866628,16.3626606,1
fields/00137__plt00062__tracer1.f32__c0000__dt-f32/chunk_0,500000,29,ndzip,primary,0.0829439983,-1,1.62745284,16.4419872,1
fields/00138__plt00062__tracer2.f32__c0000__dt-f32/chunk_0,500000,2,ans shuffle=byte,primary,0.930464029,-1,6.62707772,10.5810548,1
fields/00137__plt00062__tracer1.f32__c0008__dt-f32/chunk_0,500000,29,ndzip,primary,0.108543999,-1,1.61305239,16.5962143,1
fields/00138__plt00062__tracer2.f32__c0012__dt-f32/chunk_0,500000,29,ndzip,primary,0.105471998,-1,1.63866628,16.3708526,1
fields/00137__plt00062__tracer1.f32__c0012__dt-f32/chunk_0,500000,2,ans shuffle=byte,primary,0.891871989,-1,6.62707772,10.5460855,1
fields/00138__plt00062__tracer2.f32__c0008__dt-f32/chunk_0,500000,2,ans shuffle=byte,primary,2.48006392,-1,6.62707772,12.1309533,1
fields/00138__plt00062__tracer2.f32__c0004__dt-f32/chunk_0,500000,29,ndzip,primary,0.0983040035,-1,1.63045915,16.4366914,1
fields/00139__plt00062__velz.f32__c0000__dt-f32/chunk_0,500000,29,ndzip,primary,0.145408005,-1,1.4783397,17.9369166,1
fields/00139__plt00062__velz.f32__c0012__dt-f32/chunk_0,500000,29,ndzip,primary,0.0829439983,-1,1.48516781,17.8102954,1
fields/00139__plt00062__velz.f32__c0004__dt-f32/chunk_0,500000,29,ndzip,primary,0.111616001,-1,1.49947804,17.704585,1
fields/00140__plt00068__density.f32__c0008__dt-f32/chunk_0,500000,9,bitcomp type=int,primary,1.39235198,-1,2.06367912,20.0005356,1
fields/00140__plt00068__density.f32__c0012__dt-f32/chunk_0,500000,26,lz4 bitshuffle=msb type=int,primary,1.73548806,-1,166.725126,1.87636726,1
fields/00140__plt00068__density.f32__c0004__dt-f32/chunk_0,500000,26,lz4 bitshuffle=msb type=int,primary,2.56159997,-1,194.405747,2.68241997,1
fields/00141__plt00068__tracer0.f32__c0000__dt-f32/chunk_0,500000,2,ans shuffle=byte,primary,3.86758399,-1,6.62707772,13.5189729,1
fields/00140__plt00068__density.f32__c0000__dt-f32/chunk_0,500000,26,lz4 bitshuffle=msb type=int,primary,3.320544,-1,194.405747,3.441364,1
fields/00142__plt00068__tracer1.f32__c0004__dt-f32/chunk_0,500000,2,ans shuffle=byte,primary,2.54284811,-1,6.62707772,12.1951656,1
fields/00142__plt00068__tracer1.f32__c0000__dt-f32/chunk_0,500000,29,ndzip,primary,0.084991999,-1,1.62745284,16.4440352,1
fields/00141__plt00068__tracer0.f32__c0004__dt-f32/chunk_0,500000,29,ndzip,primary,0.114688002,-1,1.63045915,16.4530754,1
fields/00141__plt00068__tracer0.f32__c0012__dt-f32/chunk_0,500000,29,ndzip,primary,0.0829439983,-1,1.63866628,16.3483246,1
fields/00142__plt00068__tracer1.f32__c0012__dt-f32/chunk_0,500000,2,ans shuffle=byte,primary,2.54150391,-1,6.62707772,12.1957174,1
fields/00141__plt00068__tracer0.f32__c0008__dt-f32/chunk_0,500000,2,ans shuffle=byte,primary,1.97561598,-1,6.62707772,11.6274722,1
fields/00143__plt00068__tracer2.f32__c0000__dt-f32/chunk_0,500000,2,ans shuffle=byte,primary,3.01235199,-1,6.62707772,12.6629428,1
fields/00143__plt00068__tracer2.f32__c0012__dt-f32/chunk_0,500000,29,ndzip,primary,0.0962560028,-1,1.63866628,16.3616366,1
fields/00143__plt00068__tracer2.f32__c0004__dt-f32/chunk_0,500000,29,ndzip,primary,0.0952320024,-1,1.63045915,16.4336194,1
fields/00143__plt00068__tracer2.f32__c0008__dt-f32/chunk_0,500000,2,ans shuffle=byte,primary,3.01068807,-1,6.62707772,12.6615775,1
fields/00142__plt00068__tracer1.f32__c0008__dt-f32/chunk_0,500000,29,ndzip,primary,0.0931840017,-1,1.61305239,16.5808543,1
fields/00144__plt00068__velz.f32__c0000__dt-f32/chunk_0,500000,29,ndzip,primary,0.0757760033,-1,1.4822622,17.8267076,1
fields/00144__plt00068__velz.f32__c0012__dt-f32/chunk_0,500000,29,ndzip,primary,0.101375997,-1,1.48218468,17.8606488,1
fields/00145__plt00074__density.f32__c0004__dt-f32/chunk_0,500000,26,lz4 bitshuffle=msb type=int,primary,3.197824,-1,194.405747,3.318644,1
fields/00144__plt00068__velz.f32__c0004__dt-f32/chunk_0,500000,29,ndzip,primary,0.0727040023,-1,1.49979546,17.6701986,1
fields/00145__plt00074__density.f32__c0000__dt-f32/chunk_0,500000,26,lz4 bitshuffle=msb type=int,primary,2.62265611,-1,194.405747,2.74347611,1
fields/00145__plt00074__density.f32__c0008__dt-f32/chunk_0,500000,9,bitcomp type=int,primary,1.49743998,-1,2.05329767,20.1385793,1
fields/00146__plt00074__tracer0.f32__c0000__dt-f32/chunk_0,500000,2,ans shuffle=byte,primary,2.57926393,-1,6.62707772,12.2306528,1
fields/00145__plt00074__density.f32__c0012__dt-f32/chunk_0,500000,26,lz4 bitshuffle=msb type=int,primary,1.48585606,-1,166.725126,1.62673526,1
fields/00146__plt00074__tracer0.f32__c0004__dt-f32/chunk_0,500000,29,ndzip,primary,0.145408005,-1,1.63045915,16.4837954,1
fields/00146__plt00074__tracer0.f32__c0008__dt-f32/chunk_0,500000,2,ans shuffle=byte,primary,1.64665604,-1,6.62707772,11.2985122,1
fields/00147__plt00074__tracer1.f32__c0012__dt-f32/chunk_0,500000,2,ans shuffle=byte,primary,2.07983994,-1,6.62707772,11.7340535,1
fields/00148__plt00074__tracer2.f32__c0000__dt-f32/chunk_0,500000,2,ans shuffle=byte,primary,3.44022393,-1,6.62707772,13.0908147,1
fields/00146__plt00074__tracer0.f32__c0012__dt-f32/chunk_0,500000,29,ndzip,primary,0.105471998,-1,1.63866628,16.3708526,1
fields/00147__plt00074__tracer1.f32__c0000__dt-f32/chunk_0,500000,29,ndzip,primary,0.119808003,-1,1.62745284,16.4788512,1
fields/00147__plt00074__tracer1.f32__c0008__dt-f32/chunk_0,500000,29,ndzip,primary,0.193535998,-1,1.61305239,16.6812063,1
fields/00147__plt00074__tracer1.f32__c0004__dt-f32/chunk_0,500000,2,ans shuffle=byte,primary,2.66224003,-1,6.62707772,12.3145575,1
fields/00148__plt00074__tracer2.f32__c0004__dt-f32/chunk_0,500000,29,ndzip,primary,0.123903997,-1,1.63045915,16.4622914,1
fields/00148__plt00074__tracer2.f32__c0008__dt-f32/chunk_0,500000,2,ans shuffle=byte,primary,2.04790401,-1,6.62707772,11.6987934,1
fields/00150__plt00082__density.f32__c0004__dt-f32/chunk_0,500000,26,lz4 bitshuffle=msb type=int,primary,2.80390406,-1,194.405747,2.92472406,1
fields/00149__plt00074__velz.f32__c0004__dt-f32/chunk_0,500000,29,ndzip,primary,0.184320003,-1,1.49829962,17.8000058,1
fields/00149__plt00074__velz.f32__c0000__dt-f32/chunk_0,500000,29,ndzip,primary,0.147456005,-1,1.48614239,17.8598307,1
fields/00148__plt00074__tracer2.f32__c0012__dt-f32/chunk_0,500000,29,ndzip,primary,0.112640001,-1,1.63866628,16.3780206,1
fields/00150__plt00082__density.f32__c0012__dt-f32/chunk_0,500000,26,lz4 bitshuffle=msb type=int,primary,2.78569603,-1,166.725126,2.92657523,1
fields/00150__plt00082__density.f32__c0000__dt-f32/chunk_0,500000,26,lz4 bitshuffle=msb type=int,primary,2.87286401,-1,194.405747,2.99368401,1
fields/00149__plt00074__velz.f32__c0012__dt-f32/chunk_0,500000,29,ndzip,primary,0.0911360011,-1,1.47928655,17.8811131,1
fields/00150__plt00082__density.f32__c0008__dt-f32/chunk_0,500000,9,bitcomp type=int,primary,2.10652804,-1,2.06077925,20.6691948,1
fields/00151__plt00082__tracer0.f32__c0004__dt-f32/chunk_0,500000,29,ndzip,primary,0.0911360011,-1,1.63045915,16.4295234,1
fields/00152__plt00082__tracer1.f32__c0000__dt-f32/chunk_0,500000,29,ndzip,primary,0.134143993,-1,1.62745284,16.4931872,1
fields/00151__plt00082__tracer0.f32__c0012__dt-f32/chunk_0,500000,29,ndzip,primary,0.0931840017,-1,1.63866628,16.3585646,1
fields/00151__plt00082__tracer0.f32__c0000__dt-f32/chunk_0,500000,2,ans shuffle=byte,primary,2.69593596,-1,6.62707772,12.3473248,1
fields/00151__plt00082__tracer0.f32__c0008__dt-f32/chunk_0,500000,2,ans shuffle=byte,primary,1.72319996,-1,6.62707772,11.3750561,1
fields/00152__plt00082__tracer1.f32__c0004__dt-f32/chunk_0,500000,2,ans shuffle=byte,primary,1.92377603,-1,6.62707772,11.5760935,1
fields/00152__plt00082__tracer1.f32__c0008__dt-f32/chunk_0,500000,29,ndzip,primary,0.0716800019,-1,1.61305239,16.5593503,1
fields/00153__plt00082__tracer2.f32__c0000__dt-f32/chunk_0,500000,2,ans shuffle=byte,primary,1.63804805,-1,6.62707772,11.2886388,1
fields/00152__plt00082__tracer1.f32__c0012__dt-f32/chunk_0,500000,2,ans shuffle=byte,primary,0.838496029,-1,6.62707772,10.4927096,1
fields/00154__plt00082__velz.f32__c0004__dt-f32/chunk_0,500000,29,ndzip,primary,0.245759994,-1,1.49432383,17.9086948,1
fields/00153__plt00082__tracer2.f32__c0008__dt-f32/chunk_0,500000,2,ans shuffle=byte,primary,2.59407997,-1,6.62707772,12.2449694,1
fields/00154__plt00082__velz.f32__c0000__dt-f32/chunk_0,500000,29,ndzip,primary,0.100351997,-1,1.49291752,17.7448952,1
fields/00153__plt00082__tracer2.f32__c0012__dt-f32/chunk_0,500000,29,ndzip,primary,0.0808959976,-1,1.63866628,16.3462766,1
fields/00154__plt00082__velz.f32__c0012__dt-f32/chunk_0,500000,29,ndzip,primary,0.120832004,-1,1.47565591,17.9493919,1
fields/00153__plt00082__tracer2.f32__c0004__dt-f32/chunk_0,500000,29,ndzip,primary,0.0860159993,-1,1.63045915,16.4244034,1
fields/00155__plt00089__density.f32__c0000__dt-f32/chunk_0,500000,26,lz4 bitshuffle=msb type=int,primary,2.27862406,-1,194.405747,2.39944406,1
fields/00155__plt00089__density.f32__c0004__dt-f32/chunk_0,500000,38,spspeed,primary,0.646528006,-1,30.7707838,3.50097716,1
fields/00157__plt00089__tracer1.f32__c0000__dt-f32/chunk_0,500000,29,ndzip,primary,0.088064,-1,1.62745284,16.4471072,1
fields/00155__plt00089__density.f32__c0008__dt-f32/chunk_0,500000,9,bitcomp type=int,primary,1.54614401,-1,2.07614556,19.9881638,1
fields/00156__plt00089__tracer0.f32__c0004__dt-f32/chunk_0,500000,29,ndzip,primary,0.0819199979,-1,1.63045915,16.4203074,1
fields/00156__plt00089__tracer0.f32__c0008__dt-f32/chunk_0,500000,2,ans shuffle=byte,primary,1.60124803,-1,6.62707772,11.2531042,1
fields/00155__plt00089__density.f32__c0012__dt-f32/chunk_0,500000,26,lz4 bitshuffle=msb type=int,primary,1.29535997,-1,166.725126,1.43623917,1
fields/00156__plt00089__tracer0.f32__c0012__dt-f32/chunk_0,500000,29,ndzip,primary,0.0901120007,-1,1.63866628,16.3554926,1
fields/00156__plt00089__tracer0.f32__c0000__dt-f32/chunk_0,500000,2,ans shuffle=byte,primary,2.23443198,-1,6.62707772,11.8858209,1
fields/00157__plt00089__tracer1.f32__c0012__dt-f32/chunk_0,500000,2,ans shuffle=byte,primary,1.52095997,-1,6.62707772,11.1751735,1
fields/00157__plt00089__tracer1.f32__c0008__dt-f32/chunk_0,500000,29,ndzip,primary,0.0870399997,-1,1.61305239,16.5747103,1
fields/00157__plt00089__tracer1.f32__c0004__dt-f32/chunk_0,500000,2,ans shuffle=byte,primary,1.21337605,-1,6.62707772,10.8656936,1
fields/00158__plt00089__tracer2.f32__c0000__dt-f32/chunk_0,500000,2,ans shuffle=byte,primary,1.70851195,-1,6.62707772,11.3591027,1
fields/00159__plt00089__velz.f32__c0000__dt-f32/chunk_0,500000,29,ndzip,primary,0.105471998,-1,1.49719787,17.7120415,1
fields/00158__plt00089__tracer2.f32__c0004__dt-f32/chunk_0,500000,29,ndzip,primary,0.0890880004,-1,1.63045915,16.4274754,1
fields/00158__plt00089__tracer2.f32__c0008__dt-f32/chunk_0,500000,2,ans shuffle=byte,primary,2.22239995,-1,6.62707772,11.8732893,1
fields/00158__plt00089__tracer2.f32__c0012__dt-f32/chunk_0,500000,29,ndzip,primary,0.100351997,-1,1.63866628,16.3657326,1
fields/00159__plt00089__velz.f32__c0004__dt-f32/chunk_0,500000,29,ndzip,primary,0.107519999,-1,1.4926795,17.805621,1
fields/00160__plt00097__density.f32__c0000__dt-f32/chunk_0,500000,26,lz4 bitshuffle=msb type=int,primary,1.61769605,-1,194.405747,1.73851605,1
fields/00159__plt00089__velz.f32__c0012__dt-f32/chunk_0,500000,29,ndzip,primary,0.0870399997,-1,1.47287839,17.9448682,1
fields/00160__plt00097__density.f32__c0004__dt-f32/chunk_0,500000,38,spspeed,primary,0.381792009,-1,24.5746561,3.41354242,1
fields/00160__plt00097__density.f32__c0008__dt-f32/chunk_0,500000,9,bitcomp type=int,primary,2.70806408,-1,2.11181645,20.9128084,1
fields/00161__plt00097__tracer0.f32__c0000__dt-f32/chunk_0,500000,2,ans shuffle=byte,primary,1.24035203,-1,6.62707772,10.8917409,1
fields/00160__plt00097__density.f32__c0012__dt-f32/chunk_0,500000,26,lz4 bitshuffle=msb type=int,primary,1.69772804,-1,166.725126,1.83860724,1
fields/00161__plt00097__tracer0.f32__c0004__dt-f32/chunk_0,500000,29,ndzip,primary,0.0993279964,-1,1.63045915,16.4377154,1
fields/00161__plt00097__tracer0.f32__c0008__dt-f32/chunk_0,500000,2,ans shuffle=byte,primary,1.29455996,-1,6.62707772,10.9464161,1
fields/00162__plt00097__tracer1.f32__c0000__dt-f32/chunk_0,500000,29,ndzip,primary,0.192512006,-1,1.62745284,16.5515552,1
fields/00162__plt00097__tracer1.f32__c0008__dt-f32/chunk_0,500000,29,ndzip,primary,0.171008006,-1,1.61305239,16.6586783,1
fields/00161__plt00097__tracer0.f32__c0012__dt-f32/chunk_0,500000,29,ndzip,primary,0.0952320024,-1,1.63866628,16.3606126,1
fields/00163__plt00097__tracer2.f32__c0004__dt-f32/chunk_0,500000,29,ndzip,primary,0.192512006,-1,1.63045915,16.5308994,1
fields/00162__plt00097__tracer1.f32__c0012__dt-f32/chunk_0,500000,2,ans shuffle=byte,primary,2.17036796,-1,6.62707772,11.8245815,1
fields/00163__plt00097__tracer2.f32__c0000__dt-f32/chunk_0,500000,2,ans shuffle=byte,primary,1.04195201,-1,6.62707772,10.6925428,1
fields/00163__plt00097__tracer2.f32__c0008__dt-f32/chunk_0,500000,2,ans shuffle=byte,primary,1.85414398,-1,6.62707772,11.5050334,1
fields/00162__plt00097__tracer1.f32__c0004__dt-f32/chunk_0,500000,2,ans shuffle=byte,primary,2.16435194,-1,6.62707772,11.8166695,1
fields/00163__plt00097__tracer2.f32__c0012__dt-f32/chunk_0,500000,29,ndzip,primary,0.0798719972,-1,1.63866628,16.3452526,1
fields/00164__plt00097__velz.f32__c0000__dt-f32/chunk_0,500000,29,ndzip,primary,0.241664007,-1,1.50195878,17.7999712,1
fields/00165__plt00106__density.f32__c0000__dt-f32/chunk_0,500000,26,lz4 bitshuffle=msb type=int,primary,0.793151975,-1,194.405747,0.913971975,1
fields/00164__plt00097__velz.f32__c0012__dt-f32/chunk_0,500000,29,ndzip,primary,0.110592,-1,1.47043291,17.9943478,1
fields/00164__plt00097__velz.f32__c0004__dt-f32/chunk_0,500000,29,ndzip,primary,0.0829439983,-1,1.4931705,17.7847714,1
fields/00165__plt00106__density.f32__c0004__dt-f32/chunk_0,500000,29,ndzip,primary,0.0532479994,-1,23.819363,1.82061151,1
fields/00165__plt00106__density.f32__c0012__dt-f32/chunk_0,500000,26,lz4 bitshuffle=msb type=int,primary,0.784160018,-1,166.725126,0.925039218,1
fields/00166__plt00106__tracer0.f32__c0004__dt-f32/chunk_0,500000,29,ndzip,primary,0.0757760033,-1,1.63045915,16.4141634,1
fields/00166__plt00106__tracer0.f32__c0008__dt-f32/chunk_0,500000,2,ans shuffle=byte,primary,1.73779202,-1,6.62707772,11.3896482,1
fields/00165__plt00106__density.f32__c0008__dt-f32/chunk_0,500000,4,bitcomp algo=1 shuffle=bit type=char,primary,0.293567985,-1,1.43361288,23.824001,1
fields/00166__plt00106__tracer0.f32__c0000__dt-f32/chunk_0,500000,2,ans shuffle=byte,primary,1.39273596,-1,6.62707772,11.0441248,1
fields/00167__plt00106__tracer1.f32__c0000__dt-f32/chunk_0,500000,29,ndzip,primary,0.0921600014,-1,1.62745284,16.4512032,1
fields/00166__plt00106__tracer0.f32__c0012__dt-f32/chunk_0,500000,29,ndzip,primary,0.0798719972,-1,1.63866628,16.3452526,1
fields/00167__plt00106__tracer1.f32__c0004__dt-f32/chunk_0,500000,2,ans shuffle=byte,primary,1.55491197,-1,6.62707772,11.2072295,1
fields/00167__plt00106__tracer1.f32__c0008__dt-f32/chunk_0,500000,29,ndzip,primary,0.0686080009,-1,1.61305239,16.5562783,1
fields/00167__plt00106__tracer1.f32__c0012__dt-f32/chunk_0,500000,2,ans shuffle=byte,primary,1.42732799,-1,6.62707772,11.0815415,1
fields/00168__plt00106__tracer2.f32__c0004__dt-f32/chunk_0,500000,29,ndzip,primary,0.0931840017,-1,1.63045915,16.4315714,1
fields/00168__plt00106__tracer2.f32__c0008__dt-f32/chunk_0,500000,2,ans shuffle=byte,primary,2.40598392,-1,6.62707772,12.0568733,1
fields/00169__plt00106__velz.f32__c0004__dt-f32/chunk_0,500000,29,ndzip,primary,0.115712002,-1,1.49477757,17.8043087,1
fields/00168__plt00106__tracer2.f32__c0000__dt-f32/chunk_0,500000,2,ans shuffle=byte,primary,0.983488023,-1,6.62707772,10.6340788,1
fields/00168__plt00106__tracer2.f32__c0012__dt-f32/chunk_0,500000,29,ndzip,primary,0.204799995,-1,1.63866628,16.4701806,1
fields/00169__plt00106__velz.f32__c0000__dt-f32/chunk_0,500000,29,ndzip,primary,0.109568,-1,1.50598184,17.6327402,1
fields/00170__plt00116__density.f32__c0000__dt-f32/chunk_0,500000,26,lz4 bitshuffle=msb type=int,primary,1.65225601,-1,194.405747,1.77307601,1
fields/00170__plt00116__density.f32__c0004__dt-f32/chunk_0,500000,29,ndzip,primary,0.0716800019,-1,18.1735242,2.19409796,1
fields/00169__plt00106__velz.f32__c0012__dt-f32/chunk_0,500000,29,ndzip,primary,0.0757760033,-1,1.46780443,17.9873531,1
fields/00169__plt00106__velz.f32__c0008__dt-f32/chunk_0,500000,29,ndzip,primary,0.0757760033,-1,1.35150156,19.4100025,1
fields/00170__plt00116__density.f32__c0008__dt-f32/chunk_0,500000,1,ans shuffle=bit,primary,2.5285759,-1,2.0443824,19.7001542,1
fields/00171__plt00116__tracer0.f32__c0000__dt-f32/chunk_0,500000,2,ans shuffle=byte,primary,1.38156796,-1,6.62707772,11.0329568,1
fields/00170__plt00116__density.f32__c0012__dt-f32/chunk_0,500000,26,lz4 bitshuffle=msb type=int,primary,2.46329594,-1,166.725126,2.60417514,1
fields/00171__plt00116__tracer0.f32__c0008__dt-f32/chunk_0,500000,2,ans shuffle=byte,primary,1.22448003,-1,6.62707772,10.8763362,1
fields/00171__plt00116__tracer0.f32__c0004__dt-f32/chunk_0,500000,29,ndzip,primary,0.0696320012,-1,1.63045915,16.4080194,1
fields/00172__plt00116__tracer1.f32__c0012__dt-f32/chunk_0,500000,2,ans shuffle=byte,primary,1.38207996,-1,6.62707772,11.0362935,1
fields/00172__plt00116__tracer1.f32__c0000__dt-f32/chunk_0,500000,29,ndzip,primary,0.141312003,-1,1.62745284,16.5003552,1
fields/00171__plt00116__tracer0.f32__c0012__dt-f32/chunk_0,500000,29,ndzip,primary,0.104447998,-1,1.63866628,16.3698286,1
fields/00173__plt00116__tracer2.f32__c0000__dt-f32/chunk_0,500000,2,ans shuffle=byte,primary,2.48377609,-1,6.62707772,12.1343669,1
fields/00172__plt00116__tracer1.f32__c0004__dt-f32/chunk_0,500000,2,ans shuffle=byte,primary,0.340959996,-1,6.62707772,9.99327751,1
fields/00172__plt00116__tracer1.f32__c0008__dt-f32/chunk_0,500000,29,ndzip,primary,0.105471998,-1,1.61305239,16.5931423,1
fields/00173__plt00116__tracer2.f32__c0004__dt-f32/chunk_0,500000,29,ndzip,primary,0.0768000036,-1,1.63045915,16.4151874,1
fields/00173__plt00116__tracer2.f32__c0008__dt-f32/chunk_0,500000,2,ans shuffle=byte,primary,0.350111991,-1,6.62707772,10.0010014,1
fields/00174__plt00116__velz.f32__c0000__dt-f32/chunk_0,500000,29,ndzip,primary,0.0901120007,-1,1.50927666,17.5892414,1
fields/00175__plt00126__density.f32__c0004__dt-f32/chunk_0,500000,29,ndzip,primary,0.0532479994,-1,13.4726455,2.71771408,1
fields/00173__plt00116__tracer2.f32__c0012__dt-f32/chunk_0,500000,29,ndzip,primary,0.118784003,-1,1.63866628,16.3841646,1
fields/00174__plt00116__velz.f32__c0004__dt-f32/chunk_0,500000,29,ndzip,primary,0.104447998,-1,1.49774747,17.7591353,1
fields/00175__plt00126__density.f32__c0000__dt-f32/chunk_0,500000,26,lz4 bitshuffle=msb type=int,primary,0.565248013,-1,194.405747,0.686068013,1
fields/00174__plt00116__velz.f32__c0008__dt-f32/chunk_0,500000,29,ndzip,primary,0.296959996,-1,1.35279881,19.6174987,1
fields/00174__plt00116__velz.f32__c0012__dt-f32/chunk_0,500000,29,ndzip,primary,0.229376003,-1,1.463866,18.1831419,1
fields/00176__plt00126__tracer0.f32__c0008__dt-f32/chunk_0,500000,2,ans shuffle=byte,primary,2.87859201,-1,6.62707772,12.5304482,1
fields/00175__plt00126__density.f32__c0008__dt-f32/chunk_0,500000,15,cascaded bp=1 delta=0 rle=1 type=int,primary,2.20601606,-1,1.9367253,22.730355,1
fields/00175__plt00126__density.f32__c0012__dt-f32/chunk_0,500000,26,lz4 bitshuffle=msb type=int,primary,1.61465597,-1,166.725126,1.75553517,1
fields/00177__plt00126__tracer1.f32__c0000__dt-f32/chunk_0,500000,29,ndzip,primary,0.0931840017,-1,1.62745284,16.4522272,1
fields/00177__plt00126__tracer1.f32__c0008__dt-f32/chunk_0,500000,29,ndzip,primary,0.242688,-1,1.61305239,16.7303583,1
fields/00176__plt00126__tracer0.f32__c0004__dt-f32/chunk_0,500000,29,ndzip,primary,0.0706560016,-1,1.63045915,16.4090434,1
fields/00176__plt00126__tracer0.f32__c0000__dt-f32/chunk_0,500000,2,ans shuffle=byte,primary,2.45673609,-1,6.62707772,12.108125,1
fields/00176__plt00126__tracer0.f32__c0012__dt-f32/chunk_0,500000,29,ndzip,primary,0.139264002,-1,1.63866628,16.4046446,1
fields/00177__plt00126__tracer1.f32__c0004__dt-f32/chunk_0,500000,2,ans shuffle=byte,primary,1.19164801,-1,6.62707772,10.8439655,1
fields/00177__plt00126__tracer1.f32__c0012__dt-f32/chunk_0,500000,2,ans shuffle=byte,primary,2.77663994,-1,6.62707772,12.4308535,1
fields/00178__plt00126__tracer2.f32__c0000__dt-f32/chunk_0,500000,2,ans shuffle=byte,primary,2.78902411,-1,6.62707772,12.4396149,1
fields/00178__plt00126__tracer2.f32__c0004__dt-f32/chunk_0,500000,29,ndzip,primary,0.154624,-1,1.63045915,16.4930114,1
fields/00180__plt00136__density.f32__c0000__dt-f32/chunk_0,500000,26,lz4 bitshuffle=msb type=int,primary,2.46694398,-1,194.405747,2.58776398,1
fields/00179__plt00126__velz.f32__c0008__dt-f32/chunk_0,500000,29,ndzip,primary,0.0839679986,-1,1.35401112,19.3908437,1
fields/00179__plt00126__velz.f32__c0000__dt-f32/chunk_0,500000,29,ndzip,primary,0.0993279964,-1,1.51310105,17.5697893,1
fields/00178__plt00126__tracer2.f32__c0012__dt-f32/chunk_0,500000,29,ndzip,primary,0.0870399997,-1,1.63866628,16.3524206,1
fields/00178__plt00126__tracer2.f32__c0008__dt-f32/chunk_0,500000,2,ans shuffle=byte,primary,1.26700795,-1,6.62707772,10.9178973,1
fields/00180__plt00136__density.f32__c0004__dt-f32/chunk_0,500000,29,ndzip,primary,0.0972800031,-1,10.594031,3.26846393,1
fields/00179__plt00126__velz.f32__c0004__dt-f32/chunk_0,500000,29,ndzip,primary,0.0768000036,-1,1.50047365,17.6943865,1
fields/00180__plt00136__density.f32__c0008__dt-f32/chunk_0,500000,14,cascaded bp=1 delta=0 rle=1 shuffle=byte type=int,primary,1.84832001,-1,2.45773057,21.3726271,1
fields/00179__plt00126__velz.f32__c0012__dt-f32/chunk_0,500000,29,ndzip,primary,0.152575999,-1,1.45873207,18.1620449,1
fields/00180__plt00136__density.f32__c0012__dt-f32/chunk_0,500000,26,lz4 bitshuffle=msb type=int,primary,2.89817595,-1,166.725126,3.03905515,1
fields/00181__plt00136__tracer0.f32__c0008__dt-f32/chunk_0,500000,2,ans shuffle=byte,primary,0.660351992,-1,6.62707772,10.3122082,1
fields/00181__plt00136__tracer0.f32__c0000__dt-f32/chunk_0,500000,2,ans shuffle=byte,primary,3.11084795,-1,6.62707772,12.7622368,1
fields/00181__plt00136__tracer0.f32__c0012__dt-f32/chunk_0,500000,29,ndzip,primary,0.107519999,-1,1.63866628,16.3729006,1
fields/00182__plt00136__tracer1.f32__c0000__dt-f32/chunk_0,500000,29,ndzip,primary,0.0901120007,-1,1.62745284,16.4491552,1
fields/00181__plt00136__tracer0.f32__c0004__dt-f32/chunk_0,500000,29,ndzip,primary,0.102399997,-1,1.63045915,16.4407874,1
fields/00182__plt00136__tracer1.f32__c0004__dt-f32/chunk_0,500000,2,ans shuffle=byte,primary,2.37417603,-1,6.62707772,12.0264935,1
fields/00183__plt00136__tracer2.f32__c0000__dt-f32/chunk_0,500000,2,ans shuffle=byte,primary,2.42627192,-1,6.62707772,12.0768627,1
fields/00183__plt00136__tracer2.f32__c0004__dt-f32/chunk_0,500000,29,ndzip,primary,0.0829439983,-1,1.63045915,16.4213314,1
fields/00182__plt00136__tracer1.f32__c0012__dt-f32/chunk_0,500000,2,ans shuffle=byte,primary,2.74646401,-1,6.62707772,12.4006776,1
fields/00182__plt00136__tracer1.f32__c0008__dt-f32/chunk_0,500000,29,ndzip,primary,0.0757760033,-1,1.61305239,16.5634463,1
fields/00183__plt00136__tracer2.f32__c0008__dt-f32/chunk_0,500000,2,ans shuffle=byte,primary,1.33824003,-1,6.62707772,10.9891294,1
fields/00184__plt00136__velz.f32__c0008__dt-f32/chunk_0,500000,29,ndzip,primary,0.111616001,-1,1.35602654,19.3941369,1
fields/00183__plt00136__tracer2.f32__c0012__dt-f32/chunk_0,500000,29,ndzip,primary,0.0942080021,-1,1.63866628,16.3595886,1
fields/00184__plt00136__velz.f32__c0004__dt-f32/chunk_0,500000,29,ndzip,primary,0.0839679986,-1,1.50665264,17.6259129,1
fields/00184__plt00136__velz.f32__c0000__dt-f32/chunk_0,500000,29,ndzip,primary,0.0829439983,-1,1.5138547,17.55129,1
fields/00184__plt00136__velz.f32__c0012__dt-f32/chunk_0,500000,29,ndzip,primary,0.0706560016,-1,1.45390613,18.1326296,1
fields/00185__plt00147__density.f32__c0012__dt-f32/chunk_0,500000,26,lz4 bitshuffle=msb type=int,primary,2.96246409,-1,166.725126,3.10334329,1
fields/00185__plt00147__density.f32__c0004__dt-f32/chunk_0,500000,29,ndzip,primary,0.074752003,-1,8.8751058,3.76022489,1
fields/00185__plt00147__density.f32__c0008__dt-f32/chunk_0,500000,9,bitcomp type=int,primary,1.98982406,-1,2.25590451,19.3919754,1
fields/00185__plt00147__density.f32__c0000__dt-f32/chunk_0,500000,26,lz4 bitshuffle=msb type=int,primary,3.23343992,-1,194.405747,3.35425992,1
fields/00186__plt00147__tracer0.f32__c0000__dt-f32/chunk_0,500000,2,ans shuffle=byte,primary,1.72656,-1,6.62707772,11.3779489,1
fields/00186__plt00147__tracer0.f32__c0008__dt-f32/chunk_0,500000,2,ans shuffle=byte,primary,1.16486394,-1,6.62707772,10.8167201,1
fields/00186__plt00147__tracer0.f32__c0012__dt-f32/chunk_0,500000,29,ndzip,primary,0.0890880004,-1,1.63866628,16.3544686,1
fields/00187__plt00147__tracer1.f32__c0000__dt-f32/chunk_0,500000,29,ndzip,primary,0.100351997,-1,1.62745284,16.4593952,1
fields/00186__plt00147__tracer0.f32__c0004__dt-f32/chunk_0,500000,29,ndzip,primary,0.108543999,-1,1.63045915,16.4469314,1
fields/00187__plt00147__tracer1.f32__c0004__dt-f32/chunk_0,500000,2,ans shuffle=byte,primary,2.34214401,-1,6.62707772,11.9944615,1
fields/00187__plt00147__tracer1.f32__c0012__dt-f32/chunk_0,500000,2,ans shuffle=byte,primary,2.17248011,-1,6.62707772,11.8266936,1
fields/00188__plt00147__tracer2.f32__c0004__dt-f32/chunk_0,500000,29,ndzip,primary,0.181247994,-1,1.63045915,16.5196354,1
fields/00188__plt00147__tracer2.f32__c0000__dt-f32/chunk_0,500000,2,ans shuffle=byte,primary,2.9549439,-1,6.62707772,12.6055347,1
fields/00187__plt00147__tracer1.f32__c0008__dt-f32/chunk_0,500000,29,ndzip,primary,0.140287995,-1,1.61305239,16.6279583,1
fields/00188__plt00147__tracer2.f32__c0012__dt-f32/chunk_0,500000,29,ndzip,primary,0.100351997,-1,1.63866628,16.3657326,1
fields/00189__plt00147__velz.f32__c0000__dt-f32/chunk_0,500000,29,ndzip,primary,0.0727040023,-1,1.51597112,17.5213141,1
fields/00188__plt00147__tracer2.f32__c0008__dt-f32/chunk_0,500000,2,ans shuffle=byte,primary,2.96844792,-1,6.62707772,12.6193373,1
fields/00189__plt00147__velz.f32__c0012__dt-f32/chunk_0,500000,29,ndzip,primary,0.0716800019,-1,1.44958879,18.1800021,1
fields/00189__plt00147__velz.f32__c0004__dt-f32/chunk_0,500000,29,ndzip,primary,0.104447998,-1,1.52067592,17.5006245,1
fields/00189__plt00147__velz.f32__c0008__dt-f32/chunk_0,500000,29,ndzip,primary,0.132095993,-1,1.35854767,19.3840188,1
fields/00190__plt00159__density.f32__c0004__dt-f32/chunk_0,500000,29,ndzip,primary,0.0860159993,-1,7.90948315,4.16416612,1
fields/00190__plt00159__density.f32__c0008__dt-f32/chunk_0,500000,0,ans,primary,1.59667206,-1,1.9904934,18.5423179,1
fields/00190__plt00159__density.f32__c0000__dt-f32/chunk_0,500000,26,lz4 bitshuffle=msb type=int,primary,1.99571204,-1,194.405747,2.11653204,1
fields/00191__plt00159__tracer0.f32__c0008__dt-f32/chunk_0,500000,2,ans shuffle=byte,primary,2.44742393,-1,6.62707772,12.0992801,1
fields/00191__plt00159__tracer0.f32__c0000__dt-f32/chunk_0,500000,2,ans shuffle=byte,primary,1.62896001,-1,6.62707772,11.2803489,1
fields/00192__plt00159__tracer1.f32__c0000__dt-f32/chunk_0,500000,29,ndzip,primary,0.210943997,-1,1.62745284,16.5699872,1
fields/00191__plt00159__tracer0.f32__c0012__dt-f32/chunk_0,500000,29,ndzip,primary,0.0993279964,-1,1.63866628,16.3647086,1
fields/00192__plt00159__tracer1.f32__c0004__dt-f32/chunk_0,500000,2,ans shuffle=byte,primary,1.07840002,-1,6.62707772,10.7307175,1
fields/00190__plt00159__density.f32__c0012__dt-f32/chunk_0,500000,26,lz4 bitshuffle=msb type=int,primary,2.96326399,-1,166.725126,3.10414319,1
fields/00192__plt00159__tracer1.f32__c0008__dt-f32/chunk_0,500000,29,ndzip,primary,0.0808959976,-1,1.61305239,16.5685663,1
fields/00192__plt00159__tracer1.f32__c0012__dt-f32/chunk_0,500000,2,ans shuffle=byte,primary,1.25148797,-1,6.62707772,10.9057015,1
fields/00191__plt00159__tracer0.f32__c0004__dt-f32/chunk_0,500000,29,ndzip,primary,0.131072,-1,1.63045915,16.4694594,1
fields/00193__plt00159__tracer2.f32__c0000__dt-f32/chunk_0,500000,2,ans shuffle=byte,primary,1.52732801,-1,6.62707772,11.1779188,1
fields/00194__plt00159__velz.f32__c0008__dt-f32/chunk_0,500000,29,ndzip,primary,0.139264002,-1,1.35926972,19.3839993,1
fields/00195__plt00171__density.f32__c0004__dt-f32/chunk_0,500000,29,ndzip,primary,0.0583680011,-1,7.538289,4.34961696,1
fields/00193__plt00159__tracer2.f32__c0004__dt-f32/chunk_0,500000,29,ndzip,primary,0.0768000036,-1,1.63045915,16.4151874,1
fields/00193__plt00159__tracer2.f32__c0008__dt-f32/chunk_0,500000,2,ans shuffle=byte,primary,2.3179841,-1,6.62707772,11.9688735,1
fields/00193__plt00159__tracer2.f32__c0012__dt-f32/chunk_0,500000,29,ndzip,primary,0.147456005,-1,1.63866628,16.4128366,1
fields/00194__plt00159__velz.f32__c0000__dt-f32/chunk_0,500000,29,ndzip,primary,0.0788479969,-1,1.51730046,17.5157307,1
fields/00194__plt00159__velz.f32__c0004__dt-f32/chunk_0,500000,29,ndzip,primary,0.148479998,-1,1.54156786,17.3249538,1
fields/00195__plt00171__density.f32__c0000__dt-f32/chunk_0,500000,26,lz4 bitshuffle=msb type=int,primary,2.49948812,-1,194.405747,2.62030812,1
fields/00194__plt00159__velz.f32__c0012__dt-f32/chunk_0,500000,29,ndzip,primary,0.0870399997,-1,1.44327587,18.2644955,1
fields/00195__plt00171__density.f32__c0008__dt-f32/chunk_0,500000,0,ans,primary,1.05609596,-1,2.02986993,17.7182181,1
fields/00195__plt00171__density.f32__c0012__dt-f32/chunk_0,500000,26,lz4 bitshuffle=msb type=int,primary,2.58188796,-1,166.725126,2.72276716,1
fields/00196__plt00171__tracer0.f32__c0008__dt-f32/chunk_0,500000,2,ans shuffle=byte,primary,1.08339202,-1,6.62707772,10.7352482,1
fields/00196__plt00171__tracer0.f32__c0000__dt-f32/chunk_0,500000,2,ans shuffle=byte,primary,1.47520006,-1,6.62707772,11.1265889,1
fields/00196__plt00171__tracer0.f32__c0004__dt-f32/chunk_0,500000,29,ndzip,primary,0.120832004,-1,1.63045915,16.4592194,1
fields/00197__plt00171__tracer1.f32__c0012__dt-f32/chunk_0,500000,2,ans shuffle=byte,primary,1.26508796,-1,6.62707772,10.9193015,1
fields/00197__plt00171__tracer1.f32__c0000__dt-f32/chunk_0,500000,29,ndzip,primary,0.153600007,-1,1.62745284,16.5126432,1
fields/00196__plt00171__tracer0.f32__c0012__dt-f32/chunk_0,500000,29,ndzip,primary,0.0829439983,-1,1.63866628,16.3483246,1
fields/00197__plt00171__tracer1.f32__c0004__dt-f32/chunk_0,500000,2,ans shuffle=byte,primary,1.782112,-1,6.62707772,11.4344295,1
fields/00197__plt00171__tracer1.f32__c0008__dt-f32/chunk_0,500000,29,ndzip,primary,0.0819199979,-1,1.61305239,16.5695903,1
fields/00198__plt00171__tracer2.f32__c0004__dt-f32/chunk_0,500000,29,ndzip,primary,0.217087999,-1,1.63045915,16.5554754,1
fields/00198__plt00171__tracer2.f32__c0000__dt-f32/chunk_0,500000,2,ans shuffle=byte,primary,2.47772789,-1,6.62707772,12.1283187,1
fields/00198__plt00171__tracer2.f32__c0008__dt-f32/chunk_0,500000,2,ans shuffle=byte,primary,0.85481602,-1,6.62707772,10.5057054,1
fields/00199__plt00171__velz.f32__c0012__dt-f32/chunk_0,500000,29,ndzip,primary,1.73055995,-1,1.43610449,19.9888343,1
fields/00199__plt00171__velz.f32__c0000__dt-f32/chunk_0,500000,29,ndzip,primary,0.0942080021,-1,1.51975025,17.5106291,1
fields/00199__plt00171__velz.f32__c0004__dt-f32/chunk_0,500000,29,ndzip,primary,0.113664001,-1,1.56817516,17.0242827,1
fields/00198__plt00171__tracer2.f32__c0012__dt-f32/chunk_0,500000,29,ndzip,primary,0.188416004,-1,1.63866628,16.4537966,1
fields/00200__plt00184__density.f32__c0000__dt-f32/chunk_0,500000,26,lz4 bitshuffle=msb type=int,primary,2.72591996,-1,194.405747,2.84673996,1
fields/00200__plt00184__density.f32__c0004__dt-f32/chunk_0,500000,29,ndzip,primary,0.0737280026,-1,7.3506905,4.48122736,1
fields/00199__plt00171__velz.f32__c0008__dt-f32/chunk_0,500000,29,ndzip,primary,0.0860159993,-1,1.36058369,19.3166443,1
fields/00200__plt00184__density.f32__c0012__dt-f32/chunk_0,500000,26,lz4 bitshuffle=msb type=int,primary,2.67007995,-1,166.725126,2.81095915,1
fields/00200__plt00184__density.f32__c0008__dt-f32/chunk_0,500000,0,ans,primary,2.43244791,-1,2.06574442,18.8440602,1
fields/00201__plt00184__tracer0.f32__c0000__dt-f32/chunk_0,500000,2,ans shuffle=byte,primary,1.99484801,-1,6.62707772,11.6462369,1
fields/00201__plt00184__tracer0.f32__c0012__dt-f32/chunk_0,500000,29,ndzip,primary,0.0819199979,-1,1.63866628,16.3473006,1
fields/00202__plt00184__tracer1.f32__c0004__dt-f32/chunk_0,500000,2,ans shuffle=byte,primary,3.16515207,-1,6.62707772,12.8174696,1
fields/00201__plt00184__tracer0.f32__c0004__dt-f32/chunk_0,500000,29,ndzip,primary,0.0860159993,-1,1.63045915,16.4244034,1
fields/00202__plt00184__tracer1.f32__c0008__dt-f32/chunk_0,500000,29,ndzip,primary,0.0778239965,-1,1.61305239,16.5654943,1
fields/00201__plt00184__tracer0.f32__c0008__dt-f32/chunk_0,500000,2,ans shuffle=byte,primary,3.14883208,-1,6.62707772,12.8006883,1
fields/00202__plt00184__tracer1.f32__c0012__dt-f32/chunk_0,500000,2,ans shuffle=byte,primary,1.59923196,-1,6.62707772,11.2534455,1
fields/00203__plt00184__tracer2.f32__c0004__dt-f32/chunk_0,500000,29,ndzip,primary,0.0952320024,-1,1.63045915,16.4336194,1
fields/00202__plt00184__tracer1.f32__c0000__dt-f32/chunk_0,500000,29,ndzip,primary,0.088064,-1,1.62745284,16.4471072,1
fields/00203__plt00184__tracer2.f32__c0000__dt-f32/chunk_0,500000,2,ans shuffle=byte,primary,2.07366395,-1,6.62707772,11.7242547,1
fields/00203__plt00184__tracer2.f32__c0008__dt-f32/chunk_0,500000,2,ans shuffle=byte,primary,1.69920003,-1,6.62707772,11.3500894,1
fields/00204__plt00184__velz.f32__c0000__dt-f32/chunk_0,500000,29,ndzip,primary,0.114688002,-1,1.5220776,17.4974778,1
fields/00203__plt00184__tracer2.f32__c0012__dt-f32/chunk_0,500000,29,ndzip,primary,0.113664001,-1,1.63866628,16.3790446,1
fields/00204__plt00184__velz.f32__c0008__dt-f32/chunk_0,500000,29,ndzip,primary,0.105471998,-1,1.36158896,19.3252351,1
fields/00205__plt00197__density.f32__c0000__dt-f32/chunk_0,500000,26,lz4 bitshuffle=msb type=int,primary,3.12303996,-1,194.405747,3.24385996,1
fields/00206__plt00197__tracer0.f32__c0000__dt-f32/chunk_0,500000,2,ans shuffle=byte,primary,2.75232005,-1,6.62707772,12.4037089,1
fields/00205__plt00197__density.f32__c0012__dt-f32/chunk_0,500000,26,lz4 bitshuffle=msb type=int,primary,1.40601599,-1,166.725126,1.54689519,1
fields/00204__plt00184__velz.f32__c0004__dt-f32/chunk_0,500000,29,ndzip,primary,0.163839996,-1,1.58157214,16.9507783,1
fields/00204__plt00184__velz.f32__c0012__dt-f32/chunk_0,500000,29,ndzip,primary,0.135168001,-1,1.42808541,18.4851685,1
fields/00205__plt00197__density.f32__c0004__dt-f32/chunk_0,500000,29,ndzip,primary,0.0573440008,-1,7.29576132,4.50053682,1
fields/00205__plt00197__density.f32__c0008__dt-f32/chunk_0,500000,15,cascaded bp=1 delta=0 rle=1 type=int,primary,1.84505606,-1,2.60346955,19.4335461,1
fields/00207__plt00197__tracer1.f32__c0008__dt-f32/chunk_0,500000,29,ndzip,primary,0.0737280026,-1,1.61305239,16.5613983,1
fields/00206__plt00197__tracer0.f32__c0004__dt-f32/chunk_0,500000,29,ndzip,primary,0.116736002,-1,1.63045915,16.4551234,1
fields/00207__plt00197__tracer1.f32__c0004__dt-f32/chunk_0,500000,2,ans shuffle=byte,primary,2.14768004,-1,6.62707772,11.7999976,1
fields/00206__plt00197__tracer0.f32__c0012__dt-f32/chunk_0,500000,29,ndzip,primary,0.084991999,-1,1.63866628,16.3503726,1
fields/00207__plt00197__tracer1.f32__c0000__dt-f32/chunk_0,500000,29,ndzip,primary,0.0788479969,-1,1.62745284,16.4378912,1
fields/00206__plt00197__tracer0.f32__c0008__dt-f32/chunk_0,500000,2,ans shuffle=byte,primary,1.09958398,-1,6.62707772,10.7514402,1
fields/00208__plt00197__tracer2.f32__c0000__dt-f32/chunk_0,500000,2,ans shuffle=byte,primary,2.96982408,-1,6.62707772,12.6204148,1
fields/00208__plt00197__tracer2.f32__c0004__dt-f32/chunk_0,500000,29,ndzip,primary,0.209920004,-1,1.63045915,16.5483074,1
fields/00207__plt00197__tracer1.f32__c0012__dt-f32/chunk_0,500000,2,ans shuffle=byte,primary,3.009408,-1,6.62707772,12.6636215,1
fields/00208__plt00197__tracer2.f32__c0008__dt-f32/chunk_0,500000,2,ans shuffle=byte,primary,2.49327993,-1,6.62707772,12.1441693,1
fields/00209__plt00197__velz.f32__c0012__dt-f32/chunk_0,500000,29,ndzip,primary,0.0962560028,-1,1.4198458,18.5416485,1
fields/00210__plt00210__density.f32__c0000__dt-f32/chunk_0,500000,26,lz4 bitshuffle=msb type=int,primary,1.59145606,-1,194.405747,1.71227606,1
fields/00208__plt00197__tracer2.f32__c0012__dt-f32/chunk_0,500000,29,ndzip,primary,0.0901120007,-1,1.63866628,16.3554926,1
fields/00209__plt00197__velz.f32__c0000__dt-f32/chunk_0,500000,29,ndzip,primary,0.0706560016,-1,1.52374531,17.4326212,1
fields/00209__plt00197__velz.f32__c0004__dt-f32/chunk_0,500000,29,ndzip,primary,1.20012796,-1,1.56007683,18.1979815,1
fields/00209__plt00197__velz.f32__c0008__dt-f32/chunk_0,500000,29,ndzip,primary,0.140287995,-1,1.36401904,19.3302717,1
fields/00210__plt00210__density.f32__c0004__dt-f32/chunk_0,500000,29,ndzip,primary,0.0542719997,-1,7.3259369,4.48597458,1
fields/00211__plt00210__tracer0.f32__c0000__dt-f32/chunk_0,500000,2,ans shuffle=byte,primary,2.51545596,-1,6.62707772,12.1668448,1
fields/00210__plt00210__density.f32__c0012__dt-f32/chunk_0,500000,26,lz4 bitshuffle=msb type=int,primary,2.55785608,-1,166.725126,2.69873528,1
fields/00210__plt00210__density.f32__c0008__dt-f32/chunk_0,500000,2,ans shuffle=byte,primary,2.03244805,-1,2.70581405,18.3590461,1
fields/00211__plt00210__tracer0.f32__c0004__dt-f32/chunk_0,500000,29,ndzip,primary,0.130048007,-1,1.63045915,16.4684354,1
fields/00211__plt00210__tracer0.f32__c0008__dt-f32/chunk_0,500000,2,ans shuffle=byte,primary,1.66956794,-1,6.62707772,11.3214241,1
fields/00212__plt00210__tracer1.f32__c0004__dt-f32/chunk_0,500000,2,ans shuffle=byte,primary,1.81587195,-1,6.62707772,11.4681895,1
fields/00211__plt00210__tracer0.f32__c0012__dt-f32/chunk_0,500000,29,ndzip,primary,0.106495999,-1,1.63866628,16.3718766,1
fields/00213__plt00210__tracer2.f32__c0000__dt-f32/chunk_0,500000,2,ans shuffle=byte,primary,1.13731205,-1,6.62707772,10.7879028,1
fields/00213__plt00210__tracer2.f32__c0004__dt-f32/chunk_0,500000,29,ndzip,primary,0.0942080021,-1,1.63045915,16.4325954,1
fields/00212__plt00210__tracer1.f32__c0000__dt-f32/chunk_0,500000,29,ndzip,primary,0.157695994,-1,1.62745284,16.5167392,1
fields/00212__plt00210__tracer1.f32__c0012__dt-f32/chunk_0,500000,2,ans shuffle=byte,primary,1.89161599,-1,6.62707772,11.5458295,1
fields/00212__plt00210__tracer1.f32__c0008__dt-f32/chunk_0,500000,29,ndzip,primary,0.158720002,-1,1.61305239,16.6463903,1
fields/00213__plt00210__tracer2.f32__c0012__dt-f32/chunk_0,500000,29,ndzip,primary,0.0860159993,-1,1.63866628,16.3513966,1
fields/00213__plt00210__tracer2.f32__c0008__dt-f32/chunk_0,500000,2,ans shuffle=byte,primary,2.84195209,-1,6.62707772,12.4928415,1
fields/00215__plt00224__density.f32__c0000__dt-f32/chunk_0,500000,26,lz4 bitshuffle=msb type=int,primary,3.30198407,-1,194.405747,3.42280407,1
fields/00214__plt00210__velz.f32__c0004__dt-f32/chunk_0,500000,29,ndzip,primary,0.088064,-1,1.53950824,17.2766957,1
fields/00214__plt00210__velz.f32__c0000__dt-f32/chunk_0,500000,29,ndzip,primary,0.074752003,-1,1.52847183,17.3893923,1
fields/00215__plt00224__density.f32__c0004__dt-f32/chunk_0,500000,29,ndzip,primary,0.206847996,-1,7.37882989,4.61241159,1
fields/00214__plt00210__velz.f32__c0012__dt-f32/chunk_0,500000,29,ndzip,primary,0.109568,-1,1.41542615,18.6070046,1
fields/00214__plt00210__velz.f32__c0008__dt-f32/chunk_0,500000,29,ndzip,primary,0.103423998,-1,1.36439176,19.2893759,1
fields/00215__plt00224__density.f32__c0008__dt-f32/chunk_0,500000,2,ans shuffle=byte,primary,1.96419203,-1,2.74765346,18.1686981,1
fields/00215__plt00224__density.f32__c0012__dt-f32/chunk_0,500000,26,lz4 bitshuffle=msb type=int,primary,2.23529601,-1,166.725126,2.37617521,1
fields/00216__plt00224__tracer0.f32__c0000__dt-f32/chunk_0,500000,2,ans shuffle=byte,primary,1.07824004,-1,6.62707772,10.7296289,1
fields/00216__plt00224__tracer0.f32__c0004__dt-f32/chunk_0,500000,29,ndzip,primary,0.111616001,-1,1.63045915,16.4500034,1
fields/00216__plt00224__tracer0.f32__c0008__dt-f32/chunk_0,500000,2,ans shuffle=byte,primary,3.5184319,-1,6.62707772,13.1702881,1
fields/00217__plt00224__tracer1.f32__c0000__dt-f32/chunk_0,500000,29,ndzip,primary,0.119808003,-1,1.62745284,16.4788512,1
fields/00216__plt00224__tracer0.f32__c0012__dt-f32/chunk_0,500000,29,ndzip,primary,0.0829439983,-1,1.63866628,16.3483246,1
fields/00217__plt00224__tracer1.f32__c0004__dt-f32/chunk_0,500000,2,ans shuffle=byte,primary,2.352736,-1,6.62707772,12.0050535,1
fields/00217__plt00224__tracer1.f32__c0012__dt-f32/chunk_0,500000,2,ans shuffle=byte,primary,1.18291199,-1,6.62707772,10.8371255,1
fields/00217__plt00224__tracer1.f32__c0008__dt-f32/chunk_0,500000,29,ndzip,primary,0.120832004,-1,1.61305239,16.6085023,1
fields/00218__plt00224__tracer2.f32__c0004__dt-f32/chunk_0,500000,29,ndzip,primary,0.144383997,-1,1.63045915,16.4827714,1
fields/00218__plt00224__tracer2.f32__c0012__dt-f32/chunk_0,500000,29,ndzip,primary,0.0737280026,-1,1.63866628,16.3391086,1
fields/00218__plt00224__tracer2.f32__c0000__dt-f32/chunk_0,500000,2,ans shuffle=byte,primary,2.48937607,-1,6.62707772,12.1399668,1
fields/00218__plt00224__tracer2.f32__c0008__dt-f32/chunk_0,500000,2,ans shuffle=byte,primary,1.35011196,-1,6.62707772,11.0010013,1
fields/00219__plt00224__velz.f32__c0000__dt-f32/chunk_0,500000,29,ndzip,primary,0.122879997,-1,1.53808107,17.3443079,1
fields/00220__plt00239__density.f32__c0000__dt-f32/chunk_0,500000,38,spspeed,primary,0.737568021,-1,29.764569,3.57942854,1
fields/00219__plt00224__velz.f32__c0004__dt-f32/chunk_0,500000,29,ndzip,primary,0.0808959976,-1,1.52810875,17.3794684,1
fields/00219__plt00224__velz.f32__c0008__dt-f32/chunk_0,500000,29,ndzip,primary,0.0952320024,-1,1.36477712,19.276429,1
fields/00220__plt00239__density.f32__c0004__dt-f32/chunk_0,500000,29,ndzip,primary,0.144383997,-1,7.44145909,4.51723405,1
fields/00220__plt00239__density.f32__c0008__dt-f32/chunk_0,500000,2,ans shuffle=byte,primary,2.00374389,-1,2.77940763,18.1080158,1
fields/00220__plt00239__density.f32__c0012__dt-f32/chunk_0,500000,26,lz4 bitshuffle=msb type=int,primary,2.85619211,-1,166.725126,2.99707131,1
fields/00219__plt00224__velz.f32__c0012__dt-f32/chunk_0,500000,29,ndzip,primary,0.0901120007,-1,1.41089533,18.6412757,1
fields/00221__plt00239__tracer0.f32__c0000__dt-f32/chunk_0,500000,2,ans shuffle=byte,primary,1.43420804,-1,6.62707772,11.0855969,1
fields/00221__plt00239__tracer0.f32__c0004__dt-f32/chunk_0,500000,29,ndzip,primary,0.0768000036,-1,1.63045915,16.4151874,1
fields/00221__plt00239__tracer0.f32__c0012__dt-f32/chunk_0,500000,29,ndzip,primary,0.0737280026,-1,1.63866628,16.3391086,1
fields/00221__plt00239__tracer0.f32__c0008__dt-f32/chunk_0,500000,2,ans shuffle=byte,primary,0.791296005,-1,6.62707772,10.4431522,1
fields/00222__plt00239__tracer1.f32__c0008__dt-f32/chunk_0,500000,29,ndzip,primary,0.0870399997,-1,1.61305239,16.5747103,1
fields/00222__plt00239__tracer1.f32__c0004__dt-f32/chunk_0,500000,2,ans shuffle=byte,primary,3.16124797,-1,6.62707772,12.8135655,1
fields/00223__plt00239__tracer2.f32__c0004__dt-f32/chunk_0,500000,29,ndzip,primary,0.199680001,-1,1.63045915,16.5380674,1
fields/00222__plt00239__tracer1.f32__c0000__dt-f32/chunk_0,500000,29,ndzip,primary,0.107519999,-1,1.62745284,16.4665632,1
fields/00223__plt00239__tracer2.f32__c0012__dt-f32/chunk_0,500000,29,ndzip,primary,0.0860159993,-1,1.63866628,16.3513966,1
fields/00223__plt00239__tracer2.f32__c0000__dt-f32/chunk_0,500000,2,ans shuffle=byte,primary,2.94880009,-1,6.62707772,12.5993909,1
fields/00224__plt00239__velz.f32__c0000__dt-f32/chunk_0,500000,29,ndzip,primary,0.0757760033,-1,1.53906084,17.2955212,1
fields/00222__plt00239__tracer1.f32__c0012__dt-f32/chunk_0,500000,2,ans shuffle=byte,primary,2.4552319,-1,6.62707772,12.1094454,1
fields/00223__plt00239__tracer2.f32__c0008__dt-f32/chunk_0,500000,2,ans shuffle=byte,primary,1.77136004,-1,6.62707772,11.4222494,1
fields/00225__plt00255__density.f32__c0000__dt-f32/chunk_0,500000,29,ndzip,primary,0.0604160018,-1,24.1507209,1.83006362,1
fields/00224__plt00239__velz.f32__c0004__dt-f32/chunk_0,500000,29,ndzip,primary,0.109568,-1,1.52074429,17.4829347,1
fields/00224__plt00239__velz.f32__c0008__dt-f32/chunk_0,500000,29,ndzip,primary,0.925696015,-1,1.36651836,20.0849567,1
fields/00225__plt00255__density.f32__c0012__dt-f32/chunk_0,500000,26,lz4 bitshuffle=msb type=int,primary,1.47542405,-1,166.725126,1.61630325,1
fields/00225__plt00255__density.f32__c0004__dt-f32/chunk_0,500000,29,ndzip,primary,0.0686080009,-1,7.50097287,4.41223091,1
fields/00224__plt00239__velz.f32__c0012__dt-f32/chunk_0,500000,29,ndzip,primary,0.0860159993,-1,1.40675947,18.6864478,1
fields/00226__plt00255__tracer0.f32__c0000__dt-f32/chunk_0,500000,2,ans shuffle=byte,primary,3.21174407,-1,6.62707772,12.8631329,1
fields/00225__plt00255__density.f32__c0008__dt-f32/chunk_0,500000,2,ans shuffle=byte,primary,1.47606397,-1,2.78943364,17.5397006,1
fields/00226__plt00255__tracer0.f32__c0004__dt-f32/chunk_0,500000,29,ndzip,primary,0.124927998,-1,1.63045915,16.4633154,1
fields/00226__plt00255__tracer0.f32__c0008__dt-f32/chunk_0,500000,2,ans shuffle=byte,primary,2.98195195,-1,6.62707772,12.6338081,1
fields/00227__plt00255__tracer1.f32__c0000__dt-f32/chunk_0,500000,29,ndzip,primary,0.107519999,-1,1.62745284,16.4665632,1
fields/00226__plt00255__tracer0.f32__c0012__dt-f32/chunk_0,500000,29,ndzip,primary,0.0716800019,-1,1.63866628,16.3370606,1
fields/00227__plt00255__tracer1.f32__c0008__dt-f32/chunk_0,500000,29,ndzip,primary,0.0696320012,-1,1.61305239,16.5573023,1
fields/00228__plt00255__tracer2.f32__c0008__dt-f32/chunk_0,500000,2,ans shuffle=byte,primary,1.12371194,-1,6.62707772,10.7746013,1
fields/00227__plt00255__tracer1.f32__c0012__dt-f32/chunk_0,500000,2,ans shuffle=byte,primary,3.00134397,-1,6.62707772,12.6555575,1
fields/00227__plt00255__tracer1.f32__c0004__dt-f32/chunk_0,500000,2,ans shuffle=byte,primary,1.63225603,-1,6.62707772,11.2845735,1
fields/00228__plt00255__tracer2.f32__c0000__dt-f32/chunk_0,500000,2,ans shuffle=byte,primary,1.79302394,-1,6.62707772,11.4436147,1
fields/00228__plt00255__tracer2.f32__c0004__dt-f32/chunk_0,500000,29,ndzip,primary,0.0737280026,-1,1.63045915,16.4121154,1
fields/00228__plt00255__tracer2.f32__c0012__dt-f32/chunk_0,500000,29,ndzip,primary,0.0860159993,-1,1.63866628,16.3513966,1
fields/00229__plt00255__velz.f32__c0004__dt-f32/chunk_0,500000,29,ndzip,primary,0.0952320024,-1,1.5109861,17.5698075,1
fields/00229__plt00255__velz.f32__c0012__dt-f32/chunk_0,500000,29,ndzip,primary,0.088064,-1,1.40326347,18.730438,1
fields/00230__plt00271__density.f32__c0000__dt-f32/chunk_0,500000,29,ndzip,primary,0.0952320024,-1,16.3187251,2.42087771,1
fields/00229__plt00255__velz.f32__c0000__dt-f32/chunk_0,500000,29,ndzip,primary,0.125952005,-1,1.53241439,17.408741,1
fields/00230__plt00271__density.f32__c0004__dt-f32/chunk_0,500000,29,ndzip,primary,0.0788479969,-1,7.55289525,4.40833108,1
fields/00229__plt00255__velz.f32__c0008__dt-f32/chunk_0,500000,29,ndzip,primary,0.110592,-1,1.36734875,19.2592729,1
fields/00231__plt00271__tracer0.f32__c0004__dt-f32/chunk_0,500000,29,ndzip,primary,0.13312,-1,1.63045915,16.4715074,1
fields/00230__plt00271__density.f32__c0012__dt-f32/chunk_0,500000,26,lz4 bitshuffle=msb type=int,primary,2.82848001,-1,166.725126,2.96935921,1
fields/00231__plt00271__tracer0.f32__c0008__dt-f32/chunk_0,500000,2,ans shuffle=byte,primary,0.941183984,-1,6.62707772,10.5930402,1
fields/00230__plt00271__density.f32__c0008__dt-f32/chunk_0,500000,2,ans shuffle=byte,primary,2.24636793,-1,2.78376111,18.3003498,1
fields/00231__plt00271__tracer0.f32__c0000__dt-f32/chunk_0,500000,2,ans shuffle=byte,primary,2.56771207,-1,6.62707772,12.2191009,1
fields/00232__plt00271__tracer1.f32__c0004__dt-f32/chunk_0,500000,2,ans shuffle=byte,primary,2.51993608,-1,6.62707772,12.1722536,1
fields/00232__plt00271__tracer1.f32__c0008__dt-f32/chunk_0,500000,29,ndzip,primary,0.101375997,-1,1.61305239,16.5890463,1
fields/00231__plt00271__tracer0.f32__c0012__dt-f32/chunk_0,500000,29,ndzip,primary,0.0931840017,-1,1.63866628,16.3585646,1
fields/00232__plt00271__tracer1.f32__c0000__dt-f32/chunk_0,500000,29,ndzip,primary,0.0716800019,-1,1.62745284,16.4307232,1
fields/00232__plt00271__tracer1.f32__c0012__dt-f32/chunk_0,500000,2,ans shuffle=byte,primary,2.07247996,-1,6.62707772,11.7266935,1
fields/00233__plt00271__tracer2.f32__c0012__dt-f32/chunk_0,500000,29,ndzip,primary,0.108543999,-1,1.63866628,16.3739246,1
fields/00234__plt00271__velz.f32__c0000__dt-f32/chunk_0,500000,29,ndzip,primary,0.0716800019,-1,1.5243456,17.461652,1
fields/00233__plt00271__tracer2.f32__c0004__dt-f32/chunk_0,500000,29,ndzip,primary,0.254976004,-1,1.63045915,16.5933634,1
fields/00233__plt00271__tracer2.f32__c0000__dt-f32/chunk_0,500000,2,ans shuffle=byte,primary,1.51232004,-1,6.62707772,11.1629108,1
fields/00233__plt00271__tracer2.f32__c0008__dt-f32/chunk_0,500000,2,ans shuffle=byte,primary,2.92316794,-1,6.62707772,12.5740573,1
fields/00234__plt00271__velz.f32__c0008__dt-f32/chunk_0,500000,29,ndzip,primary,0.0921600014,-1,1.37011983,19.2056972,1
fields/00235__plt00289__density.f32__c0000__dt-f32/chunk_0,500000,29,ndzip,primary,0.112640001,-1,10.6208573,3.29189961,1
fields/00234__plt00271__velz.f32__c0012__dt-f32/chunk_0,500000,29,ndzip,primary,0.145408005,-1,1.40084512,18.8172278,1
fields/00235__plt00289__density.f32__c0008__dt-f32/chunk_0,500000,2,ans shuffle=byte,primary,2.01897597,-1,2.76766253,18.0800454,1
fields/00234__plt00271__velz.f32__c0004__dt-f32/chunk_0,500000,29,ndzip,primary,0.115712002,-1,1.49855229,17.7191103,1
fields/00235__plt00289__density.f32__c0004__dt-f32/chunk_0,500000,29,ndzip,primary,0.157695994,-1,7.6216837,4.47043967,1
fields/00235__plt00289__density.f32__c0012__dt-f32/chunk_0,500000,26,lz4 bitshuffle=msb type=int,primary,2.87964797,-1,166.725126,3.02052717,1
fields/00236__plt00289__tracer0.f32__c0000__dt-f32/chunk_0,500000,2,ans shuffle=byte,primary,2.12499189,-1,6.62707772,11.7763808,1
fields/00236__plt00289__tracer0.f32__c0008__dt-f32/chunk_0,500000,2,ans shuffle=byte,primary,2.6905601,-1,6.62707772,12.3424163,1
fields/00236__plt00289__tracer0.f32__c0004__dt-f32/chunk_0,500000,29,ndzip,primary,0.0921600014,-1,1.63045915,16.4305474,1
fields/00237__plt00289__tracer1.f32__c0008__dt-f32/chunk_0,500000,29,ndzip,primary,0.115712002,-1,1.61305239,16.6033823,1
fields/00238__plt00289__tracer2.f32__c0000__dt-f32/chunk_0,500000,2,ans shuffle=byte,primary,3.70771194,-1,6.62707772,13.3583027,1
fields/00237__plt00289__tracer1.f32__c0012__dt-f32/chunk_0,500000,2,ans shuffle=byte,primary,3.618016,-1,6.62707772,13.2722295,1
fields/00237__plt00289__tracer1.f32__c0004__dt-f32/chunk_0,500000,2,ans shuffle=byte,primary,2.27100801,-1,6.62707772,11.9233255,1
fields/00236__plt00289__tracer0.f32__c0012__dt-f32/chunk_0,500000,29,ndzip,primary,0.0870399997,-1,1.63866628,16.3524206,1
fields/00237__plt00289__tracer1.f32__c0000__dt-f32/chunk_0,500000,29,ndzip,primary,0.0839679986,-1,1.62745284,16.4430112,1
fields/00238__plt00289__tracer2.f32__c0012__dt-f32/chunk_0,500000,29,ndzip,primary,0.102399997,-1,1.63866628,16.3677806,1
fields/00239__plt00289__velz.f32__c0000__dt-f32/chunk_0,500000,29,ndzip,primary,0.0870399997,-1,1.50861004,17.6705399,1
fields/00238__plt00289__tracer2.f32__c0004__dt-f32/chunk_0,500000,29,ndzip,primary,0.088064,-1,1.63045915,16.4264514,1
fields/00238__plt00289__tracer2.f32__c0008__dt-f32/chunk_0,500000,2,ans shuffle=byte,primary,1.86684799,-1,6.62707772,11.5177374,1
fields/00239__plt00289__velz.f32__c0012__dt-f32/chunk_0,500000,29,ndzip,primary,0.125952005,-1,1.39892017,18.822578,1
fields/00240__plt00315__density.f32__c0000__dt-f32/chunk_0,500000,29,ndzip,primary,0.0911360011,-1,7.9943887,4.15336669,1
fields/00240__plt00315__density.f32__c0004__dt-f32/chunk_0,500000,29,ndzip,primary,0.0552960001,-1,7.68345155,4.34778867,1
fields/00239__plt00289__velz.f32__c0004__dt-f32/chunk_0,500000,29,ndzip,primary,0.144383997,-1,1.48644997,17.8762277,1
fields/00239__plt00289__velz.f32__c0008__dt-f32/chunk_0,500000,29,ndzip,primary,0.0706560016,-1,1.37119304,19.1706475,1
fields/00241__plt00315__tracer0.f32__c0000__dt-f32/chunk_0,500000,2,ans shuffle=byte,primary,1.82121599,-1,6.62707772,11.4726049,1
fields/00240__plt00315__density.f32__c0012__dt-f32/chunk_0,500000,26,lz4 bitshuffle=msb type=int,primary,2.25616002,-1,166.725126,2.39703922,1
fields/00241__plt00315__tracer0.f32__c0004__dt-f32/chunk_0,500000,29,ndzip,primary,0.0737280026,-1,1.63045915,16.4121154,1
fields/00240__plt00315__density.f32__c0008__dt-f32/chunk_0,500000,2,ans shuffle=byte,primary,1.03584003,-1,2.75528485,17.1021986,1
fields/00242__plt00315__tracer1.f32__c0012__dt-f32/chunk_0,500000,2,ans shuffle=byte,primary,1.50083196,-1,6.62707772,11.1550455,1
fields/00241__plt00315__tracer0.f32__c0012__dt-f32/chunk_0,500000,29,ndzip,primary,0.13312,-1,1.63866628,16.3985006,1
fields/00243__plt00315__tracer2.f32__c0000__dt-f32/chunk_0,500000,2,ans shuffle=byte,primary,0.993247986,-1,6.62707772,10.6438388,1
fields/00242__plt00315__tracer1.f32__c0004__dt-f32/chunk_0,500000,2,ans shuffle=byte,primary,1.57651198,-1,6.62707772,11.2288295,1
fields/00242__plt00315__tracer1.f32__c0008__dt-f32/chunk_0,500000,29,ndzip,primary,0.140287995,-1,1.61305239,16.6279583,1
fields/00242__plt00315__tracer1.f32__c0000__dt-f32/chunk_0,500000,29,ndzip,primary,0.131072,-1,1.62745284,16.4901152,1
fields/00243__plt00315__tracer2.f32__c0008__dt-f32/chunk_0,500000,2,ans shuffle=byte,primary,1.48803198,-1,6.62707772,11.1389214,1
fields/00243__plt00315__tracer2.f32__c0004__dt-f32/chunk_0,500000,29,ndzip,primary,0.0778239965,-1,1.63045915,16.4162114,1
fields/00241__plt00315__tracer0.f32__c0008__dt-f32/chunk_0,500000,2,ans shuffle=byte,primary,2.58143997,-1,6.62707772,12.2332961,1
fields/00244__plt00315__velz.f32__c0008__dt-f32/chunk_0,500000,29,ndzip,primary,0.126975998,-1,1.37087753,19.2310103,1
fields/00244__plt00315__velz.f32__c0000__dt-f32/chunk_0,500000,29,ndzip,primary,0.908288002,-1,1.48881165,18.7292111,1
fields/00245__plt00366__density.f32__c0008__dt-f32/chunk_0,500000,2,ans shuffle=byte,primary,3.1429441,-1,2.75302785,19.1901227,1
fields/00245__plt00366__density.f32__c0012__dt-f32/chunk_0,500000,26,lz4 bitshuffle=msb type=int,primary,1.69737601,-1,166.725126,1.83825521,1
fields/00243__plt00315__tracer2.f32__c0012__dt-f32/chunk_0,500000,29,ndzip,primary,0.120832004,-1,1.63866628,16.3862126,1
fields/00245__plt00366__density.f32__c0004__dt-f32/chunk_0,500000,29,ndzip,primary,0.186368003,-1,7.68435247,4.47998695,1
fields/00244__plt00315__velz.f32__c0004__dt-f32/chunk_0,500000,29,ndzip,primary,0.123903997,-1,1.47405445,17.9905687,1
fields/00244__plt00315__velz.f32__c0012__dt-f32/chunk_0,500000,29,ndzip,primary,0.074752003,-1,1.39699864,18.796675,1
fields/00245__plt00366__density.f32__c0000__dt-f32/chunk_0,500000,29,ndzip,primary,0.0614399984,-1,6.95084054,4.77900913,1
fields/00246__plt00366__tracer0.f32__c0000__dt-f32/chunk_0,500000,2,ans shuffle=byte,primary,1.33967996,-1,6.62707772,10.9910688,1
fields/00246__plt00366__tracer0.f32__c0004__dt-f32/chunk_0,500000,29,ndzip,primary,0.125952005,-1,1.63045915,16.4643394,1
fields/00246__plt00366__tracer0.f32__c0008__dt-f32/chunk_0,500000,2,ans shuffle=byte,primary,1.70902395,-1,6.62707772,11.3608801,1
fields/00246__plt00366__tracer0.f32__c0012__dt-f32/chunk_0,500000,29,ndzip,primary,0.084991999,-1,1.63866628,16.3503726,1
fields/00247__plt00366__tracer1.f32__c0000__dt-f32/chunk_0,500000,29,ndzip,primary,0.115712002,-1,1.62745284,16.4747552,1
fields/00247__plt00366__tracer1.f32__c0004__dt-f32/chunk_0,500000,2,ans shuffle=byte,primary,1.73935997,-1,6.62707772,11.3916775,1
fields/00247__plt00366__tracer1.f32__c0008__dt-f32/chunk_0,500000,29,ndzip,primary,0.0860159993,-1,1.61305239,16.5736863,1
fields/00248__plt00366__tracer2.f32__c0004__dt-f32/chunk_0,500000,29,ndzip,primary,0.149504006,-1,1.63045915,16.4878914,1
fields/00247__plt00366__tracer1.f32__c0012__dt-f32/chunk_0,500000,2,ans shuffle=byte,primary,1.82924795,-1,6.62707772,11.4834615,1
fields/00248__plt00366__tracer2.f32__c0008__dt-f32/chunk_0,500000,2,ans shuffle=byte,primary,2.6371839,-1,6.62707772,12.2880733,1
fields/00248__plt00366__tracer2.f32__c0000__dt-f32/chunk_0,500000,2,ans shuffle=byte,primary,1.78108799,-1,6.62707772,11.4316788,1
fields/00248__plt00366__tracer2.f32__c0012__dt-f32/chunk_0,500000,29,ndzip,primary,0.141312003,-1,1.63866628,16.4066926,1
fields/00249__plt00366__velz.f32__c0012__dt-f32/chunk_0,500000,29,ndzip,primary,0.0808959976,-1,1.39488195,18.8328037,1
fields/00249__plt00366__velz.f32__c0008__dt-f32/chunk_0,500000,29,ndzip,primary,0.0962560028,-1,1.37126835,19.1947285,1
fields/00250__plt00423__density.f32__c0000__dt-f32/chunk_0,500000,29,ndzip,primary,0.195583999,-1,5.40597837,5.95789089,1
fields/00249__plt00366__velz.f32__c0004__dt-f32/chunk_0,500000,29,ndzip,primary,0.0737280026,-1,1.46214524,18.072183,1
fields/00250__plt00423__density.f32__c0004__dt-f32/chunk_0,500000,29,ndzip,primary,0.074752003,-1,7.65529225,4.3796093,1
fields/00250__plt00423__density.f32__c0012__dt-f32/chunk_0,500000,26,lz4 bitshuffle=msb type=int,primary,1.72294402,-1,166.725126,1.86382322,1
fields/00250__plt00423__density.f32__c0008__dt-f32/chunk_0,500000,5,bitcomp algo=1 shuffle=byte type=char,primary,1.22982395,-1,2.12182458,18.8945457,1
fields/00251__plt00423__tracer0.f32__c0000__dt-f32/chunk_0,500000,2,ans shuffle=byte,primary,2.18063998,-1,6.62707772,11.8320289,1
fields/00251__plt00423__tracer0.f32__c0004__dt-f32/chunk_0,500000,29,ndzip,primary,0.0757760033,-1,1.63045915,16.4141634,1
fields/00253__plt00423__tracer2.f32__c0000__dt-f32/chunk_0,500000,2,ans shuffle=byte,primary,3.39004803,-1,6.62707772,13.0406388,1
fields/00251__plt00423__tracer0.f32__c0012__dt-f32/chunk_0,500000,29,ndzip,primary,0.124927998,-1,1.63866628,16.3903086,1
fields/00252__plt00423__tracer1.f32__c0008__dt-f32/chunk_0,500000,29,ndzip,primary,0.0972800031,-1,1.61305239,16.5849503,1
fields/00252__plt00423__tracer1.f32__c0004__dt-f32/chunk_0,500000,2,ans shuffle=byte,primary,2.90841603,-1,6.62707772,12.5607335,1
fields/00252__plt00423__tracer1.f32__c0012__dt-f32/chunk_0,500000,2,ans shuffle=byte,primary,2.37391996,-1,6.62707772,12.0281335,1
fields/00252__plt00423__tracer1.f32__c0000__dt-f32/chunk_0,500000,29,ndzip,primary,0.158720002,-1,1.62745284,16.5177632,1
fields/00251__plt00423__tracer0.f32__c0008__dt-f32/chunk_0,500000,2,ans shuffle=byte,primary,6.02438402,-1,6.62707772,15.6762402,1
fields/00253__plt00423__tracer2.f32__c0008__dt-f32/chunk_0,500000,2,ans shuffle=byte,primary,2.06451201,-1,6.62707772,11.7154014,1
fields/00253__plt00423__tracer2.f32__c0004__dt-f32/chunk_0,500000,29,ndzip,primary,0.0860159993,-1,1.63045915,16.4244034,1
fields/00253__plt00423__tracer2.f32__c0012__dt-f32/chunk_0,500000,29,ndzip,primary,0.0788479969,-1,1.63866628,16.3442286,1
fields/00254__plt00423__velz.f32__c0012__dt-f32/chunk_0,500000,29,ndzip,primary,0.124927998,-1,1.39133942,18.9237326,1
fields/00255__plt00472__density.f32__c0000__dt-f32/chunk_0,500000,29,ndzip,primary,0.0911360011,-1,4.28252399,7.00300699,1
fields/00255__plt00472__density.f32__c0008__dt-f32/chunk_0,500000,5,bitcomp algo=1 shuffle=byte type=char,primary,1.75593603,-1,2.10740241,19.4911801,1
fields/00254__plt00423__velz.f32__c0004__dt-f32/chunk_0,500000,29,ndzip,primary,0.182272002,-1,1.4521564,18.2899363,1
fields/00254__plt00423__velz.f32__c0008__dt-f32/chunk_0,500000,29,ndzip,primary,0.264191985,-1,1.37256072,19.3457838,1
fields/00256__plt00472__tracer0.f32__c0000__dt-f32/chunk_0,500000,2,ans shuffle=byte,primary,2.75900793,-1,6.62707772,12.4103968,1
fields/00255__plt00472__density.f32__c0012__dt-f32/chunk_0,500000,38,spspeed,primary,0.700671971,-1,26.9771798,3.67268174,1
fields/00256__plt00472__tracer0.f32__c0004__dt-f32/chunk_0,500000,29,ndzip,primary,0.0839679986,-1,1.63045915,16.4223554,1
fields/00255__plt00472__density.f32__c0004__dt-f32/chunk_0,500000,29,ndzip,primary,0.100351997,-1,7.60973627,4.42199054,1
fields/00257__plt00472__tracer1.f32__c0000__dt-f32/chunk_0,500000,29,ndzip,primary,0.0860159993,-1,1.62745284,16.4450592,1
fields/00256__plt00472__tracer0.f32__c0012__dt-f32/chunk_0,500000,29,ndzip,primary,0.129023999,-1,1.63866628,16.3944046,1
fields/00256__plt00472__tracer0.f32__c0008__dt-f32/chunk_0,500000,2,ans shuffle=byte,primary,2.93504,-1,6.62707772,12.5868962,1
fields/00257__plt00472__tracer1.f32__c0004__dt-f32/chunk_0,500000,2,ans shuffle=byte,primary,1.98896003,-1,6.62707772,11.6412775,1
fields/00258__plt00472__tracer2.f32__c0004__dt-f32/chunk_0,500000,29,ndzip,primary,0.186368003,-1,1.63045915,16.5247554,1
fields/00258__plt00472__tracer2.f32__c0000__dt-f32/chunk_0,500000,2,ans shuffle=byte,primary,2.28089595,-1,6.62707772,11.9314867,1
fields/00259__plt00472__velz.f32__c0004__dt-f32/chunk_0,500000,29,ndzip,primary,0.088064,-1,1.44713809,18.2465296,1
fields/00257__plt00472__tracer1.f32__c0008__dt-f32/chunk_0,500000,29,ndzip,primary,0.228351995,-1,1.61305239,16.7160223,1
fields/00257__plt00472__tracer1.f32__c0012__dt-f32/chunk_0,500000,2,ans shuffle=byte,primary,2.4913919,-1,6.62707772,12.1456054,1
fields/00258__plt00472__tracer2.f32__c0008__dt-f32/chunk_0,500000,2,ans shuffle=byte,primary,2.28480005,-1,6.62707772,11.9356894,1
fields/00258__plt00472__tracer2.f32__c0012__dt-f32/chunk_0,500000,29,ndzip,primary,0.088064,-1,1.63866628,16.3534446,1
fields/00260__plt00515__density.f32__c0000__dt-f32/chunk_0,500000,29,ndzip,primary,0.114688002,-1,3.41978997,8.61164699,1
fields/00259__plt00472__velz.f32__c0000__dt-f32/chunk_0,500000,29,ndzip,primary,0.0716800019,-1,1.41069982,18.6949689,1
fields/00259__plt00472__velz.f32__c0012__dt-f32/chunk_0,500000,29,ndzip,primary,0.0757760033,-1,1.38797651,18.9191189,1
fields/00259__plt00472__velz.f32__c0008__dt-f32/chunk_0,500000,29,ndzip,primary,0.0686080009,-1,1.37373314,19.1348487,1
fields/00260__plt00515__density.f32__c0008__dt-f32/chunk_0,500000,5,bitcomp algo=1 shuffle=byte type=char,primary,2.94224,-1,2.09044585,20.7621225,1
fields/00260__plt00515__density.f32__c0012__dt-f32/chunk_0,500000,29,ndzip,primary,0.100351997,-1,21.57919,2.0969394,1
fields/00260__plt00515__density.f32__c0004__dt-f32/chunk_0,500000,29,ndzip,primary,0.0675840005,-1,7.60918406,4.3916134,1
fields/00261__plt00515__tracer0.f32__c0004__dt-f32/chunk_0,500000,29,ndzip,primary,0.0829439983,-1,1.63045915,16.4213314,1
fields/00261__plt00515__tracer0.f32__c0000__dt-f32/chunk_0,500000,2,ans shuffle=byte,primary,3.07465601,-1,6.62707772,12.7260449,1
fields/00262__plt00515__tracer1.f32__c0000__dt-f32/chunk_0,500000,29,ndzip,primary,0.114688002,-1,1.62745284,16.4737312,1
fields/00261__plt00515__tracer0.f32__c0008__dt-f32/chunk_0,500000,2,ans shuffle=byte,primary,1.84063995,-1,6.62707772,11.4924961,1
fields/00262__plt00515__tracer1.f32__c0008__dt-f32/chunk_0,500000,29,ndzip,primary,0.0808959976,-1,1.61305239,16.5685663,1
fields/00263__plt00515__tracer2.f32__c0000__dt-f32/chunk_0,500000,2,ans shuffle=byte,primary,1.62227201,-1,6.62707772,11.2728628,1
fields/00262__plt00515__tracer1.f32__c0004__dt-f32/chunk_0,500000,2,ans shuffle=byte,primary,2.43023992,-1,6.62707772,12.0825574,1
fields/00261__plt00515__tracer0.f32__c0012__dt-f32/chunk_0,500000,29,ndzip,primary,0.107519999,-1,1.63866628,16.3729006,1
fields/00263__plt00515__tracer2.f32__c0004__dt-f32/chunk_0,500000,29,ndzip,primary,0.108543999,-1,1.63045915,16.4469314,1
fields/00263__plt00515__tracer2.f32__c0008__dt-f32/chunk_0,500000,2,ans shuffle=byte,primary,2.73609591,-1,6.62707772,12.3869853,1
fields/00262__plt00515__tracer1.f32__c0012__dt-f32/chunk_0,500000,2,ans shuffle=byte,primary,2.3159039,-1,6.62707772,11.9701174,1
fields/00264__plt00515__velz.f32__c0008__dt-f32/chunk_0,500000,29,ndzip,primary,0.168960005,-1,1.37385913,19.2319479,1
fields/00263__plt00515__tracer2.f32__c0012__dt-f32/chunk_0,500000,29,ndzip,primary,0.109568,-1,1.63866628,16.3749486,1
fields/00264__plt00515__velz.f32__c0012__dt-f32/chunk_0,500000,29,ndzip,primary,0.160768002,-1,1.38377465,19.0571989,1
fields/00265__plt00557__density.f32__c0012__dt-f32/chunk_0,500000,29,ndzip,primary,0.0501759984,-1,17.7130308,2.3238273,1
fields/00265__plt00557__density.f32__c0000__dt-f32/chunk_0,500000,29,ndzip,primary,0.108543999,-1,2.85356309,10.0140299,1
fields/00264__plt00515__velz.f32__c0004__dt-f32/chunk_0,500000,29,ndzip,primary,0.0921600014,-1,1.44559391,18.2652049,1
fields/00265__plt00557__density.f32__c0004__dt-f32/chunk_0,500000,29,ndzip,primary,0.0686080009,-1,7.60223302,4.39691899,1
fields/00264__plt00515__velz.f32__c0000__dt-f32/chunk_0,500000,29,ndzip,primary,0.103423998,-1,1.38113183,19.076133,1
fields/00265__plt00557__density.f32__c0008__dt-f32/chunk_0,500000,1,ans shuffle=bit,primary,3.45695996,-1,2.20502166,19.2888206,1
fields/00266__plt00557__tracer0.f32__c0000__dt-f32/chunk_0,500000,2,ans shuffle=byte,primary,4.3555522,-1,6.62707772,14.0069411,1
fields/00267__plt00557__tracer1.f32__c0004__dt-f32/chunk_0,500000,2,ans shuffle=byte,primary,3.06473589,-1,6.62707772,12.7170534,1
fields/00266__plt00557__tracer0.f32__c0008__dt-f32/chunk_0,500000,2,ans shuffle=byte,primary,1.66115201,-1,6.62707772,11.3130082,1
fields/00267__plt00557__tracer1.f32__c0008__dt-f32/chunk_0,500000,29,ndzip,primary,0.163839996,-1,1.61305239,16.6515103,1
fields/00266__plt00557__tracer0.f32__c0004__dt-f32/chunk_0,500000,29,ndzip,primary,0.103423998,-1,1.63045915,16.4418114,1
fields/00268__plt00557__tracer2.f32__c0000__dt-f32/chunk_0,500000,2,ans shuffle=byte,primary,3.31705594,-1,6.62707772,12.9676467,1
fields/00266__plt00557__tracer0.f32__c0012__dt-f32/chunk_0,500000,29,ndzip,primary,0.122879997,-1,1.63866628,16.3882606,1
fields/00267__plt00557__tracer1.f32__c0012__dt-f32/chunk_0,500000,2,ans shuffle=byte,primary,2.56684804,-1,6.62707772,12.2210616,1
fields/00267__plt00557__tracer1.f32__c0000__dt-f32/chunk_0,500000,29,ndzip,primary,0.0819199979,-1,1.62745284,16.4409632,1
fields/00268__plt00557__tracer2.f32__c0008__dt-f32/chunk_0,500000,2,ans shuffle=byte,primary,1.57936001,-1,6.62707772,11.2302494,1
fields/00268__plt00557__tracer2.f32__c0012__dt-f32/chunk_0,500000,29,ndzip,primary,0.0911360011,-1,1.63866628,16.3565166,1
fields/00269__plt00557__velz.f32__c0000__dt-f32/chunk_0,500000,29,ndzip,primary,0.101375997,-1,1.35001905,19.46561,1
fields/00268__plt00557__tracer2.f32__c0004__dt-f32/chunk_0,500000,29,ndzip,primary,0.111616001,-1,1.63045915,16.4500034,1
fields/00270__plt00596__density.f32__c0004__dt-f32/chunk_0,500000,29,ndzip,primary,0.0696320012,-1,7.6291144,4.38639319,1
fields/00269__plt00557__velz.f32__c0004__dt-f32/chunk_0,500000,29,ndzip,primary,0.122879997,-1,1.44136734,18.342097,1
fields/00269__plt00557__velz.f32__c0008__dt-f32/chunk_0,500000,29,ndzip,primary,0.105471998,-1,1.37324379,19.1707089,1
fields/00269__plt00557__velz.f32__c0012__dt-f32/chunk_0,500000,29,ndzip,primary,0.106495999,-1,1.3790484,19.0713686,1
fields/00270__plt00596__density.f32__c0000__dt-f32/chunk_0,500000,29,ndzip,primary,0.0962560028,-1,2.54117693,11.0117773,1
fields/00270__plt00596__density.f32__c0008__dt-f32/chunk_0,500000,1,ans shuffle=bit,primary,1.16550398,-1,2.15985697,17.21767,1
fields/00271__plt00596__tracer0.f32__c0000__dt-f32/chunk_0,500000,2,ans shuffle=byte,primary,1.83503997,-1,6.62707772,11.4864288,1
fields/00271__plt00596__tracer0.f32__c0004__dt-f32/chunk_0,500000,29,ndzip,primary,0.175104007,-1,1.63045915,16.5134914,1
fields/00272__plt00596__tracer1.f32__c0000__dt-f32/chunk_0,500000,29,ndzip,primary,0.0931840017,-1,1.62745284,16.4522272,1
fields/00271__plt00596__tracer0.f32__c0008__dt-f32/chunk_0,500000,2,ans shuffle=byte,primary,2.32361603,-1,6.62707772,11.9754722,1
fields/00270__plt00596__density.f32__c0012__dt-f32/chunk_0,500000,29,ndzip,primary,0.125952005,-1,14.4609232,2.77939672,1
fields/00271__plt00596__tracer0.f32__c0012__dt-f32/chunk_0,500000,29,ndzip,primary,0.111616001,-1,1.63866628,16.3769966,1
fields/00272__plt00596__tracer1.f32__c0012__dt-f32/chunk_0,500000,2,ans shuffle=byte,primary,2.92060804,-1,6.62707772,12.5748216,1
fields/00273__plt00596__tracer2.f32__c0008__dt-f32/chunk_0,500000,2,ans shuffle=byte,primary,1.74793601,-1,6.62707772,11.3988254,1
fields/00272__plt00596__tracer1.f32__c0004__dt-f32/chunk_0,500000,2,ans shuffle=byte,primary,1.92681599,-1,6.62707772,11.5791335,1
fields/00272__plt00596__tracer1.f32__c0008__dt-f32/chunk_0,500000,29,ndzip,primary,0.142335996,-1,1.61305239,16.6300063,1
fields/00273__plt00596__tracer2.f32__c0000__dt-f32/chunk_0,500000,2,ans shuffle=byte,primary,1.573856,-1,6.62707772,11.2244468,1
fields/00273__plt00596__tracer2.f32__c0012__dt-f32/chunk_0,500000,29,ndzip,primary,0.117760003,-1,1.63866628,16.3831406,1
fields/00274__plt00596__velz.f32__c0004__dt-f32/chunk_0,500000,29,ndzip,primary,0.0993279964,-1,1.43810954,18.3559495,1
fields/00274__plt00596__velz.f32__c0008__dt-f32/chunk_0,500000,29,ndzip,primary,0.088064,-1,1.3743291,19.133865,1
fields/00273__plt00596__tracer2.f32__c0004__dt-f32/chunk_0,500000,29,ndzip,primary,0.0931840017,-1,1.63045915,16.4315714,1
fields/00274__plt00596__velz.f32__c0000__dt-f32/chunk_0,500000,29,ndzip,primary,0.108543999,-1,1.32614808,19.7862964,1
fields/00275__plt00637__density.f32__c0000__dt-f32/chunk_0,500000,30,ndzip shuffle=bit,primary,0.135168001,-1,1.21911707,21.553024,1
fields/00275__plt00637__density.f32__c0008__dt-f32/chunk_0,500000,1,ans shuffle=bit,primary,2.80227208,-1,2.13654127,18.9769804,1
fields/00274__plt00596__velz.f32__c0012__dt-f32/chunk_0,500000,29,ndzip,primary,0.177151993,-1,1.37401575,19.2168673,1
fields/00275__plt00637__density.f32__c0004__dt-f32/chunk_0,500000,29,ndzip,primary,0.0583680011,-1,7.66435693,4.36468017,1
fields/00276__plt00637__tracer0.f32__c0000__dt-f32/chunk_0,500000,2,ans shuffle=byte,primary,2.12960005,-1,6.62707772,11.7809889,1
fields/00276__plt00637__tracer0.f32__c0012__dt-f32/chunk_0,500000,29,ndzip,primary,0.074752003,-1,1.63866628,16.3401326,1
fields/00275__plt00637__density.f32__c0012__dt-f32/chunk_0,500000,29,ndzip,primary,0.303104013,-1,11.705862,3.39163968,1
fields/00277__plt00637__tracer1.f32__c0004__dt-f32/chunk_0,500000,2,ans shuffle=byte,primary,2.58249593,-1,6.62707772,12.2348134,1
fields/00276__plt00637__tracer0.f32__c0008__dt-f32/chunk_0,500000,2,ans shuffle=byte,primary,4.80009604,-1,6.62707772,14.4519522,1
fields/00277__plt00637__tracer1.f32__c0008__dt-f32/chunk_0,500000,29,ndzip,primary,0.119808003,-1,1.61305239,16.6074783,1
fields/00276__plt00637__tracer0.f32__c0004__dt-f32/chunk_0,500000,29,ndzip,primary,0.0768000036,-1,1.63045915,16.4151874,1
fields/00278__plt00637__tracer2.f32__c0000__dt-f32/chunk_0,500000,2,ans shuffle=byte,primary,2.26128006,-1,6.62707772,11.9118708,1
fields/00277__plt00637__tracer1.f32__c0012__dt-f32/chunk_0,500000,2,ans shuffle=byte,primary,2.69843197,-1,6.62707772,12.3526455,1
fields/00277__plt00637__tracer1.f32__c0000__dt-f32/chunk_0,500000,29,ndzip,primary,0.129023999,-1,1.62745284,16.4880672,1
fields/00278__plt00637__tracer2.f32__c0008__dt-f32/chunk_0,500000,2,ans shuffle=byte,primary,1.64937603,-1,6.62707772,11.3002654,1
fields/00278__plt00637__tracer2.f32__c0004__dt-f32/chunk_0,500000,29,ndzip,primary,0.0757760033,-1,1.63045915,16.4141634,1
fields/00279__plt00637__velz.f32__c0008__dt-f32/chunk_0,500000,29,ndzip,primary,0.0901120007,-1,1.37494181,19.1215582,1
fields/00278__plt00637__tracer2.f32__c0012__dt-f32/chunk_0,500000,29,ndzip,primary,0.0716800019,-1,1.63866628,16.3370606,1
fields/00279__plt00637__velz.f32__c0012__dt-f32/chunk_0,500000,29,ndzip,primary,0.0942080021,-1,1.36672854,19.232447,1
fields/00280__plt00678__density.f32__c0000__dt-f32/chunk_0,500000,30,ndzip shuffle=bit,primary,0.209920004,-1,1.18341154,22.1702339,1
fields/00279__plt00637__velz.f32__c0004__dt-f32/chunk_0,500000,29,ndzip,primary,0.297984004,-1,1.43418348,18.6015066,1
fields/00280__plt00678__density.f32__c0008__dt-f32/chunk_0,500000,1,ans shuffle=bit,primary,2.75679994,-1,2.11920016,19.025977,1
fields/00280__plt00678__density.f32__c0004__dt-f32/chunk_0,500000,29,ndzip,primary,0.0901120007,-1,7.6801875,4.39295923,1
fields/00280__plt00678__density.f32__c0012__dt-f32/chunk_0,500000,29,ndzip,primary,0.0993279964,-1,9.28329482,3.77818612,1
fields/00281__plt00678__tracer0.f32__c0000__dt-f32/chunk_0,500000,2,ans shuffle=byte,primary,1.98105597,-1,6.62707772,11.6324448,1
fields/00281__plt00678__tracer0.f32__c0004__dt-f32/chunk_0,500000,29,ndzip,primary,0.0778239965,-1,1.63045915,16.4162114,1
fields/00281__plt00678__tracer0.f32__c0008__dt-f32/chunk_0,500000,2,ans shuffle=byte,primary,2.77484798,-1,6.62707772,12.4267042,1
fields/00281__plt00678__tracer0.f32__c0012__dt-f32/chunk_0,500000,29,ndzip,primary,0.129023999,-1,1.63866628,16.3944046,1
fields/00282__plt00678__tracer1.f32__c0004__dt-f32/chunk_0,500000,2,ans shuffle=byte,primary,1.29580796,-1,6.62707772,10.9481255,1
fields/00282__plt00678__tracer1.f32__c0008__dt-f32/chunk_0,500000,29,ndzip,primary,0.117760003,-1,1.61305239,16.6054303,1
fields/00282__plt00678__tracer1.f32__c0000__dt-f32/chunk_0,500000,29,ndzip,primary,0.179199994,-1,1.62745284,16.5382432,1
fields/00283__plt00678__tracer2.f32__c0000__dt-f32/chunk_0,500000,2,ans shuffle=byte,primary,3.22553611,-1,6.62707772,12.8761269,1
fields/00283__plt00678__tracer2.f32__c0004__dt-f32/chunk_0,500000,29,ndzip,primary,0.311295986,-1,1.63045915,16.6496834,1
fields/00283__plt00678__tracer2.f32__c0008__dt-f32/chunk_0,500000,2,ans shuffle=byte,primary,3.68495989,-1,6.62707772,13.3358493,1
fields/00282__plt00678__tracer1.f32__c0012__dt-f32/chunk_0,500000,2,ans shuffle=byte,primary,3.52396798,-1,6.62707772,13.1781815,1
fields/00284__plt00678__velz.f32__c0008__dt-f32/chunk_0,500000,29,ndzip,primary,0.100351997,-1,1.37571388,19.115165,1
fields/00284__plt00678__velz.f32__c0004__dt-f32/chunk_0,500000,29,ndzip,primary,0.0819199979,-1,1.43024368,18.4348665,1
fields/00285__plt00717__density.f32__c0008__dt-f32/chunk_0,500000,0,ans,primary,2.22886395,-1,2.0794847,18.4580538,1
fields/00284__plt00678__velz.f32__c0012__dt-f32/chunk_0,500000,29,ndzip,primary,0.0829439983,-1,1.35835936,19.328161,1
fields/00283__plt00678__tracer2.f32__c0012__dt-f32/chunk_0,500000,29,ndzip,primary,0.149504006,-1,1.63866628,16.4148846,1
fields/00285__plt00717__density.f32__c0000__dt-f32/chunk_0,500000,30,ndzip shuffle=bit,primary,0.13312,-1,1.17077833,22.2592553,1
fields/00285__plt00717__density.f32__c0012__dt-f32/chunk_0,500000,29,ndzip,primary,0.0788479969,-1,7.52190412,4.39762151,1
fields/00285__plt00717__density.f32__c0004__dt-f32/chunk_0,500000,29,ndzip,primary,0.0665600002,-1,7.68356415,4.36805139,1
fields/00286__plt00717__tracer0.f32__c0008__dt-f32/chunk_0,500000,2,ans shuffle=byte,primary,0.834688008,-1,6.62707772,10.4865442,1
fields/00286__plt00717__tracer0.f32__c0004__dt-f32/chunk_0,500000,29,ndzip,primary,0.195583999,-1,1.63045915,16.5339714,1
fields/00286__plt00717__tracer0.f32__c0012__dt-f32/chunk_0,500000,29,ndzip,primary,0.0798719972,-1,1.63866628,16.3452526,1
fields/00286__plt00717__tracer0.f32__c0000__dt-f32/chunk_0,500000,2,ans shuffle=byte,primary,0.787199974,-1,6.62707772,10.4385888,1
fields/00288__plt00717__tracer2.f32__c0000__dt-f32/chunk_0,500000,2,ans shuffle=byte,primary,1.56214404,-1,6.62707772,11.2127348,1
fields/00287__plt00717__tracer1.f32__c0000__dt-f32/chunk_0,500000,29,ndzip,primary,0.121855997,-1,1.62745284,16.4808992,1
fields/00287__plt00717__tracer1.f32__c0004__dt-f32/chunk_0,500000,2,ans shuffle=byte,primary,3.74246407,-1,6.62707772,13.3947816,1
fields/00287__plt00717__tracer1.f32__c0012__dt-f32/chunk_0,500000,2,ans shuffle=byte,primary,2.25072002,-1,6.62707772,11.9049336,1
fields/00288__plt00717__tracer2.f32__c0004__dt-f32/chunk_0,500000,29,ndzip,primary,0.200703993,-1,1.63045915,16.5390914,1
fields/00287__plt00717__tracer1.f32__c0008__dt-f32/chunk_0,500000,29,ndzip,primary,0.142335996,-1,1.61305239,16.6300063,1
fields/00288__plt00717__tracer2.f32__c0008__dt-f32/chunk_0,500000,2,ans shuffle=byte,primary,3.45571208,-1,6.62707772,13.1066015,1
fields/00288__plt00717__tracer2.f32__c0012__dt-f32/chunk_0,500000,29,ndzip,primary,0.122879997,-1,1.63866628,16.3882606,1
fields/00290__plt00755__density.f32__c0004__dt-f32/chunk_0,500000,29,ndzip,primary,0.0921600014,-1,7.68367676,4.39015481,1
fields/00291__plt00755__tracer0.f32__c0000__dt-f32/chunk_0,500000,2,ans shuffle=byte,primary,2.12307191,-1,6.62707772,11.7744608,1
fields/00289__plt00717__velz.f32__c0008__dt-f32/chunk_0,500000,29,ndzip,primary,0.0829439983,-1,1.37460476,19.1048223,1
fields/00290__plt00755__density.f32__c0008__dt-f32/chunk_0,500000,0,ans,primary,1.58495998,-1,2.06428853,17.9028776,1
fields/00289__plt00717__velz.f32__c0004__dt-f32/chunk_0,500000,29,ndzip,primary,0.117760003,-1,1.42876842,18.4913848,1
fields/00290__plt00755__density.f32__c0012__dt-f32/chunk_0,500000,29,ndzip,primary,0.0593920015,-1,6.23680908,5.07586625,1
fields/00289__plt00717__velz.f32__c0012__dt-f32/chunk_0,500000,29,ndzip,primary,0.110592,-1,1.34789148,19.4885785,1
fields/00291__plt00755__tracer0.f32__c0012__dt-f32/chunk_0,500000,29,ndzip,primary,0.0983040035,-1,1.63866628,16.3636846,1
fields/00290__plt00755__density.f32__c0000__dt-f32/chunk_0,500000,29,ndzip,primary,0.074752003,-1,2.01742731,13.5652752,1
fields/00291__plt00755__tracer0.f32__c0004__dt-f32/chunk_0,500000,29,ndzip,primary,0.151552007,-1,1.63045915,16.4899394,1
fields/00291__plt00755__tracer0.f32__c0008__dt-f32/chunk_0,500000,2,ans shuffle=byte,primary,2.52959991,-1,6.62707772,12.1814561,1
fields/00292__plt00755__tracer1.f32__c0008__dt-f32/chunk_0,500000,29,ndzip,primary,0.0901120007,-1,1.61305239,16.5777823,1
fields/00292__plt00755__tracer1.f32__c0000__dt-f32/chunk_0,500000,29,ndzip,primary,0.0890880004,-1,1.62745284,16.4481312,1
fields/00293__plt00755__tracer2.f32__c0012__dt-f32/chunk_0,500000,29,ndzip,primary,0.118784003,-1,1.63866628,16.3841646,1
fields/00293__plt00755__tracer2.f32__c0000__dt-f32/chunk_0,500000,2,ans shuffle=byte,primary,0.623712003,-1,6.62707772,10.2743028,1
fields/00292__plt00755__tracer1.f32__c0012__dt-f32/chunk_0,500000,2,ans shuffle=byte,primary,0.338784009,-1,6.62707772,9.99299755,1
fields/00292__plt00755__tracer1.f32__c0004__dt-f32/chunk_0,500000,2,ans shuffle=byte,primary,1.22553599,-1,6.62707772,10.8778535,1
fields/00293__plt00755__tracer2.f32__c0004__dt-f32/chunk_0,500000,29,ndzip,primary,0.112640001,-1,1.63045915,16.4510274,1
fields/00294__plt00755__velz.f32__c0000__dt-f32/chunk_0,500000,29,ndzip,primary,0.101375997,-1,1.33865437,19.6682076,1
fields/00293__plt00755__tracer2.f32__c0008__dt-f32/chunk_0,500000,2,ans shuffle=byte,primary,2.05654407,-1,6.62707772,11.7074335,1
fields/00294__plt00755__velz.f32__c0004__dt-f32/chunk_0,500000,29,ndzip,primary,0.0706560016,-1,1.42952028,18.4382015,1
fields/00295__plt00789__density.f32__c0004__dt-f32/chunk_0,500000,29,ndzip,primary,0.192512006,-1,7.65417464,4.50368463,1
fields/00294__plt00755__velz.f32__c0008__dt-f32/chunk_0,500000,29,ndzip,primary,0.179199994,-1,1.37263439,19.2195989,1
fields/00295__plt00789__density.f32__c0000__dt-f32/chunk_0,500000,29,ndzip,primary,0.178176001,-1,2.01808737,13.6725564,1
fields/00294__plt00755__velz.f32__c0012__dt-f32/chunk_0,500000,29,ndzip,primary,0.180224001,-1,1.3381026,19.6813615,1
fields/00295__plt00789__density.f32__c0012__dt-f32/chunk_0,500000,29,ndzip,primary,0.0583680011,-1,5.2845753,5.85383088,1
fields/00295__plt00789__density.f32__c0008__dt-f32/chunk_0,500000,2,ans shuffle=byte,primary,2.50582409,-1,2.5536284,18.8783209,1
fields/00296__plt00789__tracer0.f32__c0012__dt-f32/chunk_0,500000,29,ndzip,primary,0.115712002,-1,1.63866628,16.3810926,1
fields/00296__plt00789__tracer0.f32__c0000__dt-f32/chunk_0,500000,2,ans shuffle=byte,primary,1.25539196,-1,6.62707772,10.9067808,1
fields/00296__plt00789__tracer0.f32__c0004__dt-f32/chunk_0,500000,29,ndzip,primary,0.0737280026,-1,1.63045915,16.4121154,1
fields/00296__plt00789__tracer0.f32__c0008__dt-f32/chunk_0,500000,2,ans shuffle=byte,primary,1.72620797,-1,6.62707772,11.3780641,1
fields/00298__plt00789__tracer2.f32__c0000__dt-f32/chunk_0,500000,2,ans shuffle=byte,primary,2.03484797,-1,6.62707772,11.6854387,1
fields/00297__plt00789__tracer1.f32__c0008__dt-f32/chunk_0,500000,29,ndzip,primary,0.121855997,-1,1.61305239,16.6095263,1
fields/00297__plt00789__tracer1.f32__c0004__dt-f32/chunk_0,500000,2,ans shuffle=byte,primary,3.51132798,-1,6.62707772,13.1636455,1
fields/00298__plt00789__tracer2.f32__c0004__dt-f32/chunk_0,500000,29,ndzip,primary,0.0829439983,-1,1.63045915,16.4213314,1
fields/00298__plt00789__tracer2.f32__c0008__dt-f32/chunk_0,500000,2,ans shuffle=byte,primary,1.15551996,-1,6.62707772,10.8064093,1
fields/00297__plt00789__tracer1.f32__c0000__dt-f32/chunk_0,500000,29,ndzip,primary,0.218112007,-1,1.62745284,16.5771552,1
fields/00297__plt00789__tracer1.f32__c0012__dt-f32/chunk_0,500000,2,ans shuffle=byte,primary,1.65228796,-1,6.62707772,11.3065015,1
fields/00298__plt00789__tracer2.f32__c0012__dt-f32/chunk_0,500000,29,ndzip,primary,0.0942080021,-1,1.63866628,16.3595886,1
fields/00299__plt00789__velz.f32__c0004__dt-f32/chunk_0,500000,29,ndzip,primary,0.165887997,-1,1.43091703,18.5183313,1
fields/00299__plt00789__velz.f32__c0000__dt-f32/chunk_0,500000,29,ndzip,primary,0.114688002,-1,1.36137153,19.3582433,1
fields/00300__plt00820__density.f32__c0012__dt-f32/chunk_0,500000,29,ndzip,primary,0.088064,-1,4.59090292,6.67708368,1
fields/00299__plt00789__velz.f32__c0012__dt-f32/chunk_0,500000,29,ndzip,primary,0.192512006,-1,1.32819405,19.8252131,1
fields/00300__plt00820__density.f32__c0000__dt-f32/chunk_0,500000,29,ndzip,primary,0.231424004,-1,2.02994852,13.6507369,1
fields/00299__plt00789__velz.f32__c0008__dt-f32/chunk_0,500000,29,ndzip,primary,0.0716800019,-1,1.36953824,19.1453535,1
fields/00300__plt00820__density.f32__c0004__dt-f32/chunk_0,500000,29,ndzip,primary,0.0675840005,-1,7.226774,4.58273436,1
fields/00300__plt00820__density.f32__c0008__dt-f32/chunk_0,500000,2,ans shuffle=byte,primary,2.29126406,-1,2.50190522,18.8114563,1
fields/00301__plt00820__tracer0.f32__c0008__dt-f32/chunk_0,500000,2,ans shuffle=byte,primary,3.06924796,-1,6.62707772,12.7211041,1
fields/00301__plt00820__tracer0.f32__c0004__dt-f32/chunk_0,500000,29,ndzip,primary,0.13312,-1,1.63045915,16.4715074,1
fields/00301__plt00820__tracer0.f32__c0000__dt-f32/chunk_0,500000,2,ans shuffle=byte,primary,2.79977608,-1,6.62707772,12.451165,1
fields/00301__plt00820__tracer0.f32__c0012__dt-f32/chunk_0,500000,29,ndzip,primary,0.0911360011,-1,1.63866628,16.3565166,1
fields/00302__plt00820__tracer1.f32__c0000__dt-f32/chunk_0,500000,29,ndzip,primary,0.0972800031,-1,1.62745284,16.4563232,1
fields/00302__plt00820__tracer1.f32__c0004__dt-f32/chunk_0,500000,2,ans shuffle=byte,primary,1.75999999,-1,6.62707772,11.4123175,1
fields/00302__plt00820__tracer1.f32__c0008__dt-f32/chunk_0,500000,29,ndzip,primary,0.0921600014,-1,1.61305239,16.5798303,1
fields/00302__plt00820__tracer1.f32__c0012__dt-f32/chunk_0,500000,2,ans shuffle=byte,primary,0.944288015,-1,6.62707772,10.5985016,1
fields/00304__plt00820__velz.f32__c0008__dt-f32/chunk_0,500000,29,ndzip,primary,0.150527999,-1,1.36673566,19.2547776,1
fields/00303__plt00820__tracer2.f32__c0000__dt-f32/chunk_0,500000,2,ans shuffle=byte,primary,1.93657601,-1,6.62707772,11.5871668,1
fields/00303__plt00820__tracer2.f32__c0012__dt-f32/chunk_0,500000,29,ndzip,primary,0.165887997,-1,1.63866628,16.4312686,1
fields/00303__plt00820__tracer2.f32__c0008__dt-f32/chunk_0,500000,2,ans shuffle=byte,primary,2.91353607,-1,6.62707772,12.5644255,1
fields/00304__plt00820__velz.f32__c0000__dt-f32/chunk_0,500000,29,ndzip,primary,0.116736002,-1,1.38302817,19.0735246,1
fields/00305__plt00855__density.f32__c0000__dt-f32/chunk_0,500000,29,ndzip,primary,0.0706560016,-1,2.06367912,13.3195897,1
fields/00304__plt00820__velz.f32__c0012__dt-f32/chunk_0,500000,29,ndzip,primary,0.116736002,-1,1.32269535,19.825384,1
fields/00304__plt00820__velz.f32__c0004__dt-f32/chunk_0,500000,29,ndzip,primary,0.148479998,-1,1.42838695,18.5235102,1
fields/00303__plt00820__tracer2.f32__c0004__dt-f32/chunk_0,500000,29,ndzip,primary,0.126975998,-1,1.63045915,16.4653634,1
fields/00305__plt00855__density.f32__c0004__dt-f32/chunk_0,500000,29,ndzip,primary,0.0798719972,-1,5.78336431,5.45741615,1
fields/00306__plt00855__tracer0.f32__c0004__dt-f32/chunk_0,500000,29,ndzip,primary,0.122879997,-1,1.63045915,16.4612674,1
fields/00306__plt00855__tracer0.f32__c0012__dt-f32/chunk_0,500000,29,ndzip,primary,0.105471998,-1,1.63866628,16.3708526,1
fields/00305__plt00855__density.f32__c0012__dt-f32/chunk_0,500000,29,ndzip,primary,0.211968005,-1,4.05068298,7.51719351,1
fields/00306__plt00855__tracer0.f32__c0008__dt-f32/chunk_0,500000,2,ans shuffle=byte,primary,1.47062397,-1,6.62707772,11.1224801,1
fields/00307__plt00855__tracer1.f32__c0008__dt-f32/chunk_0,500000,29,ndzip,primary,0.0788479969,-1,1.61305239,16.5665183,1
fields/00305__plt00855__density.f32__c0008__dt-f32/chunk_0,500000,2,ans shuffle=byte,primary,3.70512009,-1,2.45448587,20.3606834,1
fields/00307__plt00855__tracer1.f32__c0004__dt-f32/chunk_0,500000,2,ans shuffle=byte,primary,2.30809593,-1,6.62707772,11.9604134,1
fields/00307__plt00855__tracer1.f32__c0012__dt-f32/chunk_0,500000,2,ans shuffle=byte,primary,1.89903998,-1,6.62707772,11.5532535,1
fields/00307__plt00855__tracer1.f32__c0000__dt-f32/chunk_0,500000,29,ndzip,primary,0.102399997,-1,1.62745284,16.4614432,1
fields/00306__plt00855__tracer0.f32__c0000__dt-f32/chunk_0,500000,2,ans shuffle=byte,primary,2.59660792,-1,6.62707772,12.2479968,1
fields/00308__plt00855__tracer2.f32__c0000__dt-f32/chunk_0,500000,2,ans shuffle=byte,primary,1.48448002,-1,6.62707772,11.1350708,1
fields/00308__plt00855__tracer2.f32__c0004__dt-f32/chunk_0,500000,29,ndzip,primary,0.164864004,-1,1.63045915,16.5032514,1
fields/00309__plt00855__velz.f32__c0012__dt-f32/chunk_0,500000,29,ndzip,primary,0.114688002,-1,1.32321111,19.819815,1
fields/00310__plt00896__density.f32__c0000__dt-f32/chunk_0,500000,29,ndzip,primary,0.0768000036,-1,2.09411971,13.188624,1
fields/00309__plt00855__velz.f32__c0008__dt-f32/chunk_0,500000,29,ndzip,primary,0.119808003,-1,1.3638505,19.2565675,1
fields/00309__plt00855__velz.f32__c0004__dt-f32/chunk_0,500000,29,ndzip,primary,0.084991999,-1,1.41965165,18.5515131,1
fields/00310__plt00896__density.f32__c0004__dt-f32/chunk_0,500000,29,ndzip,primary,0.141312003,-1,3.99180758,7.46388059,1
fields/00308__plt00855__tracer2.f32__c0012__dt-f32/chunk_0,500000,29,ndzip,primary,0.205824003,-1,1.63866628,16.4712046,1
fields/00309__plt00855__velz.f32__c0000__dt-f32/chunk_0,500000,29,ndzip,primary,0.0706560016,-1,1.40203263,18.8581322,1
fields/00308__plt00855__tracer2.f32__c0008__dt-f32/chunk_0,500000,2,ans shuffle=byte,primary,2.5199039,-1,6.62707772,12.1707933,1
fields/00310__plt00896__density.f32__c0008__dt-f32/chunk_0,500000,0,ans,primary,2.68211198,-1,1.942732,19.7839,1
fields/00311__plt00896__tracer0.f32__c0000__dt-f32/chunk_0,500000,2,ans shuffle=byte,primary,2.71539211,-1,6.62707772,12.366781,1
fields/00310__plt00896__density.f32__c0012__dt-f32/chunk_0,500000,29,ndzip,primary,0.0716800019,-1,3.58653054,8.21637918,1
fields/00311__plt00896__tracer0.f32__c0004__dt-f32/chunk_0,500000,29,ndzip,primary,0.158720002,-1,1.63045915,16.4971074,1
fields/00311__plt00896__tracer0.f32__c0008__dt-f32/chunk_0,500000,2,ans shuffle=byte,primary,1.75587201,-1,6.62707772,11.4077282,1
fields/00312__plt00896__tracer1.f32__c0008__dt-f32/chunk_0,500000,29,ndzip,primary,0.088064,-1,1.61305239,16.5757343,1
fields/00311__plt00896__tracer0.f32__c0012__dt-f32/chunk_0,500000,29,ndzip,primary,0.201728001,-1,1.63866628,16.4671086,1
fields/00312__plt00896__tracer1.f32__c0004__dt-f32/chunk_0,500000,2,ans shuffle=byte,primary,2.38876796,-1,6.62707772,12.0410855,1
fields/00312__plt00896__tracer1.f32__c0012__dt-f32/chunk_0,500000,2,ans shuffle=byte,primary,1.265504,-1,6.62707772,10.9197175,1
fields/00312__plt00896__tracer1.f32__c0000__dt-f32/chunk_0,500000,29,ndzip,primary,0.143360004,-1,1.62745284,16.5024032,1
fields/00313__plt00896__tracer2.f32__c0000__dt-f32/chunk_0,500000,2,ans shuffle=byte,primary,2.72953606,-1,6.62707772,12.3801268,1
fields/00313__plt00896__tracer2.f32__c0004__dt-f32/chunk_0,500000,29,ndzip,primary,0.191487998,-1,1.63045915,16.5298754,1
fields/00314__plt00896__velz.f32__c0000__dt-f32/chunk_0,500000,29,ndzip,primary,0.0716800019,-1,1.41399082,18.6448458,1
fields/00313__plt00896__tracer2.f32__c0012__dt-f32/chunk_0,500000,29,ndzip,primary,0.0962560028,-1,1.63866628,16.3616366,1
fields/00314__plt00896__velz.f32__c0004__dt-f32/chunk_0,500000,29,ndzip,primary,0.152575999,-1,1.39885672,18.8702107,1
fields/00314__plt00896__velz.f32__c0012__dt-f32/chunk_0,500000,29,ndzip,primary,0.115712002,-1,1.32772484,19.7629425,1
fields/00313__plt00896__tracer2.f32__c0008__dt-f32/chunk_0,500000,2,ans shuffle=byte,primary,2.86627197,-1,6.62707772,12.5171614,1
fields/00314__plt00896__velz.f32__c0008__dt-f32/chunk_0,500000,29,ndzip,primary,0.0727040023,-1,1.36058722,19.2474726,1
fields/00315__plt00934__density.f32__c0008__dt-f32/chunk_0,500000,0,ans,primary,2.61299205,-1,1.90470793,19.9869616,1
fields/00315__plt00934__density.f32__c0000__dt-f32/chunk_0,500000,29,ndzip,primary,0.181247994,-1,2.10987879,13.2234355,1
fields/00315__plt00934__density.f32__c0004__dt-f32/chunk_0,500000,29,ndzip,primary,0.109568,-1,2.98743857,9.61498141,1
fields/00316__plt00934__tracer0.f32__c0000__dt-f32/chunk_0,500000,2,ans shuffle=byte,primary,1.44662404,-1,6.62707772,11.0980129,1
fields/00316__plt00934__tracer0.f32__c0004__dt-f32/chunk_0,500000,29,ndzip,primary,0.191487998,-1,1.63045915,16.5298754,1
fields/00315__plt00934__density.f32__c0012__dt-f32/chunk_0,500000,29,ndzip,primary,0.122879997,-1,3.20548791,9.1425082,1
fields/00316__plt00934__tracer0.f32__c0012__dt-f32/chunk_0,500000,29,ndzip,primary,0.119808003,-1,1.63866628,16.3851886,1
fields/00317__plt00934__tracer1.f32__c0000__dt-f32/chunk_0,500000,29,ndzip,primary,0.0798719972,-1,1.62745284,16.4389152,1
fields/00316__plt00934__tracer0.f32__c0008__dt-f32/chunk_0,500000,2,ans shuffle=byte,primary,1.36841595,-1,6.62707772,11.0202721,1
fields/00317__plt00934__tracer1.f32__c0008__dt-f32/chunk_0,500000,29,ndzip,primary,0.0808959976,-1,1.61305239,16.5685663,1
fields/00317__plt00934__tracer1.f32__c0012__dt-f32/chunk_0,500000,2,ans shuffle=byte,primary,0.973984003,-1,6.62707772,10.6281975,1
fields/00317__plt00934__tracer1.f32__c0004__dt-f32/chunk_0,500000,2,ans shuffle=byte,primary,1.01084805,-1,6.62707772,10.6631656,1
fields/00318__plt00934__tracer2.f32__c0000__dt-f32/chunk_0,500000,2,ans shuffle=byte,primary,1.15183997,-1,6.62707772,10.8024307,1
fields/00318__plt00934__tracer2.f32__c0012__dt-f32/chunk_0,500000,29,ndzip,primary,0.131072,-1,1.63866628,16.3964526,1
fields/00318__plt00934__tracer2.f32__c0004__dt-f32/chunk_0,500000,29,ndzip,primary,0.0901120007,-1,1.63045915,16.4284994,1
fields/00318__plt00934__tracer2.f32__c0008__dt-f32/chunk_0,500000,2,ans shuffle=byte,primary,0.428959996,-1,6.62707772,10.0798494,1
fields/00319__plt00934__velz.f32__c0004__dt-f32/chunk_0,500000,29,ndzip,primary,0.0808959976,-1,1.37533135,19.0886338,1
fields/00320__plt00966__density.f32__c0004__dt-f32/chunk_0,500000,29,ndzip,primary,0.0624639988,-1,2.62420854,11.0732422,1
fields/00319__plt00934__velz.f32__c0000__dt-f32/chunk_0,500000,29,ndzip,primary,0.166912004,-1,1.43353644,18.5072851,1
fields/00319__plt00934__velz.f32__c0012__dt-f32/chunk_0,500000,29,ndzip,primary,0.0890880004,-1,1.33061266,19.6980878,1
fields/00320__plt00966__density.f32__c0000__dt-f32/chunk_0,500000,29,ndzip,primary,0.13312,-1,2.13447978,13.050829,1
fields/00321__plt00966__tracer0.f32__c0000__dt-f32/chunk_0,500000,2,ans shuffle=byte,primary,2.36172795,-1,6.62707772,12.0131168,1
fields/00319__plt00934__velz.f32__c0008__dt-f32/chunk_0,500000,29,ndzip,primary,0.126975998,-1,1.35678629,19.3476722,1
fields/00320__plt00966__density.f32__c0008__dt-f32/chunk_0,500000,0,ans,primary,1.95353603,-1,1.866212,19.6316946,1
fields/00320__plt00966__density.f32__c0012__dt-f32/chunk_0,500000,29,ndzip,primary,0.0645119995,-1,2.91971031,9.86749055,1
fields/00321__plt00966__tracer0.f32__c0004__dt-f32/chunk_0,500000,29,ndzip,primary,0.0737280026,-1,1.63045915,16.4121154,1
fields/00322__plt00966__tracer1.f32__c0012__dt-f32/chunk_0,500000,2,ans shuffle=byte,primary,0.860415995,-1,6.62707772,10.5146295,1
fields/00321__plt00966__tracer0.f32__c0008__dt-f32/chunk_0,500000,2,ans shuffle=byte,primary,1.33808005,-1,6.62707772,10.9899362,1
fields/00321__plt00966__tracer0.f32__c0012__dt-f32/chunk_0,500000,29,ndzip,primary,0.190464005,-1,1.63866628,16.4558446,1
fields/00322__plt00966__tracer1.f32__c0000__dt-f32/chunk_0,500000,29,ndzip,primary,0.115712002,-1,1.62745284,16.4747552,1
fields/00322__plt00966__tracer1.f32__c0008__dt-f32/chunk_0,500000,29,ndzip,primary,0.103423998,-1,1.61305239,16.5910943,1
fields/00322__plt00966__tracer1.f32__c0004__dt-f32/chunk_0,500000,2,ans shuffle=byte,primary,0.92137599,-1,6.62707772,10.5736935,1
fields/00323__plt00966__tracer2.f32__c0008__dt-f32/chunk_0,500000,2,ans shuffle=byte,primary,1.11110401,-1,6.62707772,10.7619934,1
fields/00323__plt00966__tracer2.f32__c0004__dt-f32/chunk_0,500000,29,ndzip,primary,0.0860159993,-1,1.63045915,16.4244034,1
fields/00323__plt00966__tracer2.f32__c0000__dt-f32/chunk_0,500000,2,ans shuffle=byte,primary,0.798879981,-1,6.62707772,10.4494707,1
fields/00323__plt00966__tracer2.f32__c0012__dt-f32/chunk_0,500000,29,ndzip,primary,0.124927998,-1,1.63866628,16.3903086,1
fields/00324__plt00966__velz.f32__c0004__dt-f32/chunk_0,500000,29,ndzip,primary,0.0798719972,-1,1.36565163,19.2096171,1
fields/00324__plt00966__velz.f32__c0000__dt-f32/chunk_0,500000,29,ndzip,primary,0.105471998,-1,1.42737197,18.513857,1
fields/00325__plt00996__density.f32__c0000__dt-f32/chunk_0,500000,29,ndzip,primary,0.105471998,-1,2.16174048,12.8742142,1
fields/00324__plt00966__velz.f32__c0012__dt-f32/chunk_0,500000,29,ndzip,primary,0.0962560028,-1,1.33582006,19.6342877,1
fields/00324__plt00966__velz.f32__c0008__dt-f32/chunk_0,500000,29,ndzip,primary,0.114688002,-1,1.35133087,19.4059511,1
fields/00325__plt00996__density.f32__c0004__dt-f32/chunk_0,500000,29,ndzip,primary,0.0962560028,-1,2.44574958,11.814515,1
fields/00326__plt00996__tracer0.f32__c0000__dt-f32/chunk_0,500000,2,ans shuffle=byte,primary,2.02175999,-1,6.62707772,11.6731489,1
fields/00325__plt00996__density.f32__c0008__dt-f32/chunk_0,500000,0,ans,primary,1.44272006,-1,1.82708348,19.4492714,1
fields/00325__plt00996__density.f32__c0012__dt-f32/chunk_0,500000,29,ndzip,primary,0.0788479969,-1,2.71147451,10.6763362,1
fields/00327__plt00996__tracer1.f32__c0000__dt-f32/chunk_0,500000,29,ndzip,primary,0.124927998,-1,1.62745284,16.4839712,1
fields/00326__plt00996__tracer0.f32__c0012__dt-f32/chunk_0,500000,29,ndzip,primary,0.137216002,-1,1.63866628,16.4025966,1
fields/00326__plt00996__tracer0.f32__c0008__dt-f32/chunk_0,500000,2,ans shuffle=byte,primary,2.1028161,-1,6.62707772,11.7546723,1
fields/00326__plt00996__tracer0.f32__c0004__dt-f32/chunk_0,500000,29,ndzip,primary,0.101375997,-1,1.63045915,16.4397634,1
fields/00327__plt00996__tracer1.f32__c0004__dt-f32/chunk_0,500000,2,ans shuffle=byte,primary,1.42147195,-1,6.62707772,11.0737895,1
fields/00328__plt00996__tracer2.f32__c0004__dt-f32/chunk_0,500000,29,ndzip,primary,0.270336002,-1,1.63045915,16.6087234,1
fields/00327__plt00996__tracer1.f32__c0008__dt-f32/chunk_0,500000,29,ndzip,primary,0.0911360011,-1,1.61305239,16.5788063,1
fields/00327__plt00996__tracer1.f32__c0012__dt-f32/chunk_0,500000,2,ans shuffle=byte,primary,1.088992,-1,6.62707772,10.7432055,1
fields/00328__plt00996__tracer2.f32__c0000__dt-f32/chunk_0,500000,2,ans shuffle=byte,primary,1.82950401,-1,6.62707772,11.4800948,1
fields/00328__plt00996__tracer2.f32__c0008__dt-f32/chunk_0,500000,2,ans shuffle=byte,primary,0.961311996,-1,6.62707772,10.6122014,1
fields/00328__plt00996__tracer2.f32__c0012__dt-f32/chunk_0,500000,29,ndzip,primary,0.0952320024,-1,1.63866628,16.3606126,1
fields/00329__plt00996__velz.f32__c0004__dt-f32/chunk_0,500000,29,ndzip,primary,0.105471998,-1,1.36373343,19.2601939,1
fields/00329__plt00996__velz.f32__c0000__dt-f32/chunk_0,500000,29,ndzip,primary,0.128000006,-1,1.41359814,18.6959993,1
fields/00329__plt00996__velz.f32__c0012__dt-f32/chunk_0,500000,29,ndzip,primary,0.0901120007,-1,1.34032956,19.5652089,1
fields/00330__plt01022__density.f32__c0000__dt-f32/chunk_0,500000,29,ndzip,primary,0.0727040023,-1,2.19046127,12.6843745,1
fields/00329__plt00996__velz.f32__c0008__dt-f32/chunk_0,500000,29,ndzip,primary,0.0993279964,-1,1.34755716,19.4418712,1
fields/00330__plt01022__density.f32__c0008__dt-f32/chunk_0,500000,0,ans,primary,1.28048003,-1,1.789782,19.6199364,1
fields/00330__plt01022__density.f32__c0004__dt-f32/chunk_0,500000,29,ndzip,primary,0.0921600014,-1,2.33985067,12.2401753,1
fields/00331__plt01022__tracer0.f32__c0000__dt-f32/chunk_0,500000,2,ans shuffle=byte,primary,0.907136023,-1,6.62707772,10.5585249,1
fields/00330__plt01022__density.f32__c0012__dt-f32/chunk_0,500000,29,ndzip,primary,0.0686080009,-1,2.57048023,11.3180165,1
fields/00331__plt01022__tracer0.f32__c0012__dt-f32/chunk_0,500000,29,ndzip,primary,0.0921600014,-1,1.63866628,16.3575406,1
fields/00331__plt01022__tracer0.f32__c0008__dt-f32/chunk_0,500000,2,ans shuffle=byte,primary,1.67267203,-1,6.62707772,11.3245282,1
fields/00331__plt01022__tracer0.f32__c0004__dt-f32/chunk_0,500000,29,ndzip,primary,0.103423998,-1,1.63045915,16.4418114,1
fields/00332__plt01022__tracer1.f32__c0004__dt-f32/chunk_0,500000,2,ans shuffle=byte,primary,2.00188804,-1,6.62707772,11.6542056,1
fields/00332__plt01022__tracer1.f32__c0012__dt-f32/chunk_0,500000,2,ans shuffle=byte,primary,1.34108806,-1,6.62707772,10.9953016,1
fields/00332__plt01022__tracer1.f32__c0000__dt-f32/chunk_0,500000,29,ndzip,primary,0.102399997,-1,1.62745284,16.4614432,1
fields/00333__plt01022__tracer2.f32__c0000__dt-f32/chunk_0,500000,2,ans shuffle=byte,primary,1.74275196,-1,6.62707772,11.3933427,1
fields/00333__plt01022__tracer2.f32__c0008__dt-f32/chunk_0,500000,2,ans shuffle=byte,primary,0.968096018,-1,6.62707772,10.6189854,1
fields/00332__plt01022__tracer1.f32__c0008__dt-f32/chunk_0,500000,29,ndzip,primary,0.0757760033,-1,1.61305239,16.5634463,1
fields/00333__plt01022__tracer2.f32__c0004__dt-f32/chunk_0,500000,29,ndzip,primary,0.0757760033,-1,1.63045915,16.4141634,1
fields/00334__plt01022__velz.f32__c0004__dt-f32/chunk_0,500000,29,ndzip,primary,0.114688002,-1,1.3588857,19.3317378,1
fields/00334__plt01022__velz.f32__c0000__dt-f32/chunk_0,500000,29,ndzip,primary,0.111616001,-1,1.40940097,18.7262566,1
fields/00334__plt01022__velz.f32__c0008__dt-f32/chunk_0,500000,29,ndzip,primary,0.145408005,-1,1.34083344,19.5810515,1
fields/00333__plt01022__tracer2.f32__c0012__dt-f32/chunk_0,500000,29,ndzip,primary,0.0819199979,-1,1.63866628,16.3473006,1
fields/00335__plt01047__density.f32__c0000__dt-f32/chunk_0,500000,29,ndzip,primary,0.0870399997,-1,2.22546331,12.5006484,1
fields/00335__plt01047__density.f32__c0004__dt-f32/chunk_0,500000,29,ndzip,primary,0.0788479969,-1,2.20345551,12.8438667,1
fields/00335__plt01047__density.f32__c0012__dt-f32/chunk_0,500000,29,ndzip,primary,0.0706560016,-1,2.46377677,11.7765583,1
fields/00334__plt01022__velz.f32__c0012__dt-f32/chunk_0,500000,29,ndzip,primary,0.084991999,-1,1.34442473,19.5004278,1
fields/00336__plt01047__tracer0.f32__c0008__dt-f32/chunk_0,500000,2,ans shuffle=byte,primary,1.08937597,-1,6.62707772,10.7412321,1
fields/00335__plt01047__density.f32__c0008__dt-f32/chunk_0,500000,0,ans,primary,0.688224018,-1,1.75707681,19.3382673,1
fields/00336__plt01047__tracer0.f32__c0000__dt-f32/chunk_0,500000,2,ans shuffle=byte,primary,1.48358405,-1,6.62707772,11.1349729,1
fields/00336__plt01047__tracer0.f32__c0004__dt-f32/chunk_0,500000,29,ndzip,primary,0.074752003,-1,1.63045915,16.4131394,1
fields/00336__plt01047__tracer0.f32__c0012__dt-f32/chunk_0,500000,29,ndzip,primary,0.0942080021,-1,1.63866628,16.3595886,1
fields/00338__plt01047__tracer2.f32__c0000__dt-f32/chunk_0,500000,2,ans shuffle=byte,primary,1.68345594,-1,6.62707772,11.3340467,1
fields/00337__plt01047__tracer1.f32__c0008__dt-f32/chunk_0,500000,29,ndzip,primary,0.120832004,-1,1.61305239,16.6085023,1
fields/00337__plt01047__tracer1.f32__c0000__dt-f32/chunk_0,500000,29,ndzip,primary,0.0860159993,-1,1.62745284,16.4450592,1
fields/00337__plt01047__tracer1.f32__c0012__dt-f32/chunk_0,500000,2,ans shuffle=byte,primary,1.04288006,-1,6.62707772,10.6970936,1
fields/00338__plt01047__tracer2.f32__c0004__dt-f32/chunk_0,500000,29,ndzip,primary,0.101375997,-1,1.63045915,16.4397634,1
fields/00337__plt01047__tracer1.f32__c0004__dt-f32/chunk_0,500000,2,ans shuffle=byte,primary,1.94972801,-1,6.62707772,11.6020455,1
fields/00338__plt01047__tracer2.f32__c0012__dt-f32/chunk_0,500000,29,ndzip,primary,0.0860159993,-1,1.63866628,16.3513966,1
fields/00339__plt01047__velz.f32__c0004__dt-f32/chunk_0,500000,29,ndzip,primary,0.0686080009,-1,1.34480751,19.4711089,1
fields/00338__plt01047__tracer2.f32__c0008__dt-f32/chunk_0,500000,2,ans shuffle=byte,primary,0.890815973,-1,6.62707772,10.5417054,1
fields/00340__plt01072__density.f32__c0004__dt-f32/chunk_0,500000,1,ans shuffle=bit,primary,1.94812799,-1,2.07833064,18.5150909,1
fields/00339__plt01047__velz.f32__c0000__dt-f32/chunk_0,500000,29,ndzip,primary,0.0757760033,-1,1.41791049,18.5853367,1
fields/00339__plt01047__velz.f32__c0008__dt-f32/chunk_0,500000,29,ndzip,primary,0.101375997,-1,1.33566011,19.6104125,1
fields/00340__plt01072__density.f32__c0000__dt-f32/chunk_0,500000,29,ndzip,primary,0.103423998,-1,2.25779891,12.3787275,1
fields/00339__plt01047__velz.f32__c0012__dt-f32/chunk_0,500000,29,ndzip,primary,0.175104007,-1,1.34662783,19.5567284,1
fields/00340__plt01072__density.f32__c0012__dt-f32/chunk_0,500000,29,ndzip,primary,0.104447998,-1,2.37898567,12.1499035,1
fields/00341__plt01072__tracer0.f32__c0000__dt-f32/chunk_0,500000,2,ans shuffle=byte,primary,1.768224,-1,6.62707772,11.4196129,1
fields/00340__plt01072__density.f32__c0008__dt-f32/chunk_0,500000,0,ans,primary,1.62771201,-1,1.72305023,20.5507402,1
fields/00341__plt01072__tracer0.f32__c0004__dt-f32/chunk_0,500000,29,ndzip,primary,0.0839679986,-1,1.63045915,16.4223554,1
fields/00341__plt01072__tracer0.f32__c0008__dt-f32/chunk_0,500000,2,ans shuffle=byte,primary,2.19574404,-1,6.62707772,11.8476002,1
fields/00342__plt01072__tracer1.f32__c0000__dt-f32/chunk_0,500000,29,ndzip,primary,0.102399997,-1,1.62745284,16.4614432,1
fields/00341__plt01072__tracer0.f32__c0012__dt-f32/chunk_0,500000,29,ndzip,primary,0.074752003,-1,1.63866628,16.3401326,1
fields/00342__plt01072__tracer1.f32__c0004__dt-f32/chunk_0,500000,2,ans shuffle=byte,primary,1.72399998,-1,6.62707772,11.3763175,1
fields/00342__plt01072__tracer1.f32__c0008__dt-f32/chunk_0,500000,29,ndzip,primary,0.105471998,-1,1.61305239,16.5931423,1
fields/00342__plt01072__tracer1.f32__c0012__dt-f32/chunk_0,500000,2,ans shuffle=byte,primary,2.22198391,-1,6.62707772,11.8761974,1
fields/00343__plt01072__tracer2.f32__c0008__dt-f32/chunk_0,500000,2,ans shuffle=byte,primary,1.28527999,-1,6.62707772,10.9361694,1
fields/00343__plt01072__tracer2.f32__c0012__dt-f32/chunk_0,500000,29,ndzip,primary,0.0952320024,-1,1.63866628,16.3606126,1
fields/00343__plt01072__tracer2.f32__c0004__dt-f32/chunk_0,500000,29,ndzip,primary,0.0819199979,-1,1.63045915,16.4203074,1
fields/00343__plt01072__tracer2.f32__c0000__dt-f32/chunk_0,500000,2,ans shuffle=byte,primary,1.07388794,-1,6.62707772,10.7244787,1
fields/00344__plt01072__velz.f32__c0000__dt-f32/chunk_0,500000,29,ndzip,primary,0.0962560028,-1,1.42867108,18.4778306,1
fields/00344__plt01072__velz.f32__c0004__dt-f32/chunk_0,500000,29,ndzip,primary,0.0727040023,-1,1.33171448,19.6511923,1
fields/00344__plt01072__velz.f32__c0008__dt-f32/chunk_0,500000,29,ndzip,primary,0.124927998,-1,1.32850873,19.7446847,1
fields/00345__plt01098__density.f32__c0000__dt-f32/chunk_0,500000,29,ndzip,primary,0.153600007,-1,2.28450917,12.3806082,1
fields/00344__plt01072__velz.f32__c0012__dt-f32/chunk_0,500000,29,ndzip,primary,0.211968005,-1,1.34867682,19.5610484,1
fields/00345__plt01098__density.f32__c0012__dt-f32/chunk_0,500000,29,ndzip,primary,0.0716800019,-1,2.31131371,12.4127655,1
fields/00345__plt01098__density.f32__c0008__dt-f32/chunk_0,500000,0,ans,primary,1.54403198,-1,1.67774308,20.8222327,1
fields/00346__plt01098__tracer0.f32__c0000__dt-f32/chunk_0,500000,2,ans shuffle=byte,primary,1.70489597,-1,6.62707772,11.3562848,1
fields/00345__plt01098__density.f32__c0004__dt-f32/chunk_0,500000,1,ans shuffle=bit,primary,2.04879999,-1,1.9720306,19.2826613,1
fields/00346__plt01098__tracer0.f32__c0008__dt-f32/chunk_0,500000,2,ans shuffle=byte,primary,1.670784,-1,6.62707772,11.3226402,1
fields/00346__plt01098__tracer0.f32__c0004__dt-f32/chunk_0,500000,29,ndzip,primary,0.100351997,-1,1.63045915,16.4387394,1
fields/00347__plt01098__tracer1.f32__c0000__dt-f32/chunk_0,500000,29,ndzip,primary,0.108543999,-1,1.62745284,16.4675872,1
fields/00347__plt01098__tracer1.f32__c0012__dt-f32/chunk_0,500000,2,ans shuffle=byte,primary,1.39331198,-1,6.62707772,11.0475255,1
fields/00346__plt01098__tracer0.f32__c0012__dt-f32/chunk_0,500000,29,ndzip,primary,0.120832004,-1,1.63866628,16.3862126,1
fields/00347__plt01098__tracer1.f32__c0004__dt-f32/chunk_0,500000,2,ans shuffle=byte,primary,0.977024019,-1,6.62707772,10.6293415,1
fields/00347__plt01098__tracer1.f32__c0008__dt-f32/chunk_0,500000,29,ndzip,primary,0.0798719972,-1,1.61305239,16.5675423,1
fields/00348__plt01098__tracer2.f32__c0000__dt-f32/chunk_0,500000,2,ans shuffle=byte,primary,0.517696023,-1,6.62707772,10.1682868,1
fields/00348__plt01098__tracer2.f32__c0012__dt-f32/chunk_0,500000,29,ndzip,primary,0.101375997,-1,1.63866628,16.3667566,1
fields/00348__plt01098__tracer2.f32__c0008__dt-f32/chunk_0,500000,2,ans shuffle=byte,primary,2.91676807,-1,6.62707772,12.5676575,1
fields/00350__plt01124__density.f32__c0004__dt-f32/chunk_0,500000,1,ans shuffle=bit,primary,1.58403206,-1,1.87657891,19.476394,1
fields/00348__plt01098__tracer2.f32__c0004__dt-f32/chunk_0,500000,29,ndzip,primary,0.122879997,-1,1.63045915,16.4612674,1
fields/00349__plt01098__velz.f32__c0012__dt-f32/chunk_0,500000,29,ndzip,primary,0.223232001,-1,1.3485901,19.5716522,1
fields/00349__plt01098__velz.f32__c0000__dt-f32/chunk_0,500000,29,ndzip,primary,0.153600007,-1,1.43826537,18.4229763,1
fields/00350__plt01124__density.f32__c0000__dt-f32/chunk_0,500000,29,ndzip,primary,0.126975998,-1,2.32344124,12.2539275,1
fields/00349__plt01098__velz.f32__c0008__dt-f32/chunk_0,500000,29,ndzip,primary,0.074752003,-1,1.32163839,19.7912838,1
fields/00349__plt01098__velz.f32__c0004__dt-f32/chunk_0,500000,29,ndzip,primary,0.0757760033,-1,1.31668954,19.8573719,1
fields/00351__plt01124__tracer0.f32__c0000__dt-f32/chunk_0,500000,2,ans shuffle=byte,primary,0.880800009,-1,6.62707772,10.5321889,1
fields/00350__plt01124__density.f32__c0012__dt-f32/chunk_0,500000,29,ndzip,primary,0.0870399997,-1,2.26294924,12.6630179,1
fields/00351__plt01124__tracer0.f32__c0004__dt-f32/chunk_0,500000,29,ndzip,primary,0.0737280026,-1,1.63045915,16.4121154,1
fields/00350__plt01124__density.f32__c0008__dt-f32/chunk_0,500000,0,ans,primary,0.684575975,-1,1.61462962,20.379282,1
fields/00351__plt01124__tracer0.f32__c0008__dt-f32/chunk_0,500000,2,ans shuffle=byte,primary,1.89628804,-1,6.62707772,11.5481442,1
fields/00353__plt01124__tracer2.f32__c0000__dt-f32/chunk_0,500000,2,ans shuffle=byte,primary,1.33184004,-1,6.62707772,10.9824308,1
fields/00352__plt01124__tracer1.f32__c0004__dt-f32/chunk_0,500000,2,ans shuffle=byte,primary,1.24812806,-1,6.62707772,10.9004456,1
fields/00352__plt01124__tracer1.f32__c0008__dt-f32/chunk_0,500000,29,ndzip,primary,0.116736002,-1,1.61305239,16.6044063,1
fields/00352__plt01124__tracer1.f32__c0012__dt-f32/chunk_0,500000,2,ans shuffle=byte,primary,1.69679999,-1,6.62707772,11.3510135,1
fields/00351__plt01124__tracer0.f32__c0012__dt-f32/chunk_0,500000,29,ndzip,primary,0.0983040035,-1,1.63866628,16.3636846,1
fields/00352__plt01124__tracer1.f32__c0000__dt-f32/chunk_0,500000,29,ndzip,primary,0.122879997,-1,1.62745284,16.4819232,1
fields/00353__plt01124__tracer2.f32__c0008__dt-f32/chunk_0,500000,2,ans shuffle=byte,primary,1.13315201,-1,6.62707772,10.7840414,1
fields/00353__plt01124__tracer2.f32__c0004__dt-f32/chunk_0,500000,29,ndzip,primary,0.173056006,-1,1.63045915,16.5114434,1
fields/00354__plt01124__velz.f32__c0008__dt-f32/chunk_0,500000,29,ndzip,primary,0.124927998,-1,1.31376959,19.9462228,1
fields/00354__plt01124__velz.f32__c0000__dt-f32/chunk_0,500000,29,ndzip,primary,0.0727040023,-1,1.44217021,18.2958699,1
fields/00353__plt01124__tracer2.f32__c0012__dt-f32/chunk_0,500000,29,ndzip,primary,0.0778239965,-1,1.63866628,16.3432046,1
fields/00354__plt01124__velz.f32__c0012__dt-f32/chunk_0,500000,29,ndzip,primary,0.120832004,-1,1.34713647,19.4992465,1
fields/00355__plt01149__density.f32__c0000__dt-f32/chunk_0,500000,29,ndzip,primary,0.132095993,-1,2.35319886,12.0949037,1
fields/00354__plt01124__velz.f32__c0004__dt-f32/chunk_0,500000,29,ndzip,primary,0.0952320024,-1,1.3021098,20.0765994,1
fields/00355__plt01149__density.f32__c0004__dt-f32/chunk_0,500000,0,ans,primary,0.957120001,-1,1.72837544,19.8761623,1
fields/00355__plt01149__density.f32__c0008__dt-f32/chunk_0,500000,0,ans,primary,1.90995204,-1,1.54487928,22.1477586,1
fields/00356__plt01149__tracer0.f32__c0012__dt-f32/chunk_0,500000,29,ndzip,primary,0.0819199979,-1,1.63866628,16.3473006,1
fields/00355__plt01149__density.f32__c0012__dt-f32/chunk_0,500000,29,ndzip,primary,0.108543999,-1,2.2225199,12.8835038,1
fields/00356__plt01149__tracer0.f32__c0000__dt-f32/chunk_0,500000,2,ans shuffle=byte,primary,1.13727999,-1,6.62707772,10.7886689,1
fields/00356__plt01149__tracer0.f32__c0004__dt-f32/chunk_0,500000,29,ndzip,primary,0.0942080021,-1,1.63045915,16.4325954,1
fields/00357__plt01149__tracer1.f32__c0008__dt-f32/chunk_0,500000,29,ndzip,primary,0.0860159993,-1,1.61305239,16.5736863,1
fields/00356__plt01149__tracer0.f32__c0008__dt-f32/chunk_0,500000,2,ans shuffle=byte,primary,1.94992006,-1,6.62707772,11.6017762,1
fields/00357__plt01149__tracer1.f32__c0012__dt-f32/chunk_0,500000,2,ans shuffle=byte,primary,0.583231986,-1,6.62707772,10.2374455,1
fields/00357__plt01149__tracer1.f32__c0000__dt-f32/chunk_0,500000,29,ndzip,primary,0.136191994,-1,1.62745284,16.4952352,1
fields/00358__plt01149__tracer2.f32__c0000__dt-f32/chunk_0,500000,2,ans shuffle=byte,primary,0.434015989,-1,6.62707772,10.0846068,1
fields/00357__plt01149__tracer1.f32__c0004__dt-f32/chunk_0,500000,2,ans shuffle=byte,primary,0.613568008,-1,6.62707772,10.2658855,1
fields/00358__plt01149__tracer2.f32__c0004__dt-f32/chunk_0,500000,29,ndzip,primary,0.0727040023,-1,1.63045915,16.4110914,1
fields/00358__plt01149__tracer2.f32__c0008__dt-f32/chunk_0,500000,2,ans shuffle=byte,primary,0.954688013,-1,6.62707772,10.6055774,1
fields/00359__plt01149__velz.f32__c0000__dt-f32/chunk_0,500000,29,ndzip,primary,0.0706560016,-1,1.44271588,18.2877154,1
fields/00358__plt01149__tracer2.f32__c0012__dt-f32/chunk_0,500000,29,ndzip,primary,0.130048007,-1,1.63866628,16.3954286,1
fields/00359__plt01149__velz.f32__c0012__dt-f32/chunk_0,500000,29,ndzip,primary,0.0788479969,-1,1.34313144,19.5246719,1
fields/00359__plt01149__velz.f32__c0008__dt-f32/chunk_0,500000,29,ndzip,primary,0.966656029,-1,1.30372065,20.9236805,1
fields/00360__plt01172__density.f32__c0000__dt-f32/chunk_0,500000,29,ndzip,primary,0.0839679986,-1,2.37827883,11.8284702,1
fields/00360__plt01172__density.f32__c0004__dt-f32/chunk_0,500000,0,ans,primary,2.30297589,-1,1.67036664,21.7138503,1
fields/00359__plt01149__velz.f32__c0004__dt-f32/chunk_0,500000,29,ndzip,primary,0.0931840017,-1,1.29061385,20.2335912,1
fields/00360__plt01172__density.f32__c0008__dt-f32/chunk_0,500000,0,ans,primary,1.13561594,-1,1.48790324,21.984702,1
fields/00361__plt01172__tracer0.f32__c0000__dt-f32/chunk_0,500000,2,ans shuffle=byte,primary,1.58316803,-1,6.62707772,11.2345569,1
fields/00360__plt01172__density.f32__c0012__dt-f32/chunk_0,500000,29,ndzip,primary,0.0870399997,-1,2.19011813,13.0243539,1
fields/00362__plt01172__tracer1.f32__c0008__dt-f32/chunk_0,500000,29,ndzip,primary,0.204799995,-1,1.61305239,16.6924703,1
fields/00361__plt01172__tracer0.f32__c0004__dt-f32/chunk_0,500000,29,ndzip,primary,0.0911360011,-1,1.63045915,16.4295234,1
fields/00361__plt01172__tracer0.f32__c0012__dt-f32/chunk_0,500000,29,ndzip,primary,0.256000012,-1,1.63866628,16.5213807,1
fields/00361__plt01172__tracer0.f32__c0008__dt-f32/chunk_0,500000,2,ans shuffle=byte,primary,0.441536009,-1,6.62707772,10.0933922,1
fields/00362__plt01172__tracer1.f32__c0000__dt-f32/chunk_0,500000,29,ndzip,primary,0.232447997,-1,1.62745284,16.5914912,1
fields/00362__plt01172__tracer1.f32__c0004__dt-f32/chunk_0,500000,2,ans shuffle=byte,primary,0.832607985,-1,6.62707772,10.4849255,1
fields/00363__plt01172__tracer2.f32__c0004__dt-f32/chunk_0,500000,29,ndzip,primary,0.0706560016,-1,1.63045915,16.4090434,1
fields/00363__plt01172__tracer2.f32__c0000__dt-f32/chunk_0,500000,2,ans shuffle=byte,primary,2.07609606,-1,6.62707772,11.7266868,1
fields/00362__plt01172__tracer1.f32__c0012__dt-f32/chunk_0,500000,2,ans shuffle=byte,primary,1.69676805,-1,6.62707772,11.3509816,1
fields/00363__plt01172__tracer2.f32__c0008__dt-f32/chunk_0,500000,2,ans shuffle=byte,primary,0.710687995,-1,6.62707772,10.3615774,1
fields/00364__plt01172__velz.f32__c0012__dt-f32/chunk_0,500000,29,ndzip,primary,0.140287995,-1,1.34084373,19.6192122,1
fields/00363__plt01172__tracer2.f32__c0012__dt-f32/chunk_0,500000,29,ndzip,primary,0.0737280026,-1,1.63866628,16.3391086,1
fields/00364__plt01172__velz.f32__c0004__dt-f32/chunk_0,500000,29,ndzip,primary,0.0727040023,-1,1.28019065,20.3596878,1
fields/00364__plt01172__velz.f32__c0000__dt-f32/chunk_0,500000,29,ndzip,primary,0.117760003,-1,1.43631497,18.408698,1
fields/00365__plt01196__density.f32__c0000__dt-f32/chunk_0,500000,29,ndzip,primary,0.0757760033,-1,2.35804624,11.859251,1
fields/00364__plt01172__velz.f32__c0008__dt-f32/chunk_0,500000,29,ndzip,primary,0.0972800031,-1,1.29588535,20.1603972,1
fields/00365__plt01196__density.f32__c0008__dt-f32/chunk_0,500000,29,ndzip,primary,0.125952005,-1,1.43205048,19.0495287,1
fields/00365__plt01196__density.f32__c0012__dt-f32/chunk_0,500000,29,ndzip,primary,0.0716800019,-1,2.15537293,13.1877975,1
fields/00365__plt01196__density.f32__c0004__dt-f32/chunk_0,500000,0,ans,primary,2.56732798,-1,1.61770226,22.4318809,1
fields/00366__plt01196__tracer0.f32__c0000__dt-f32/chunk_0,500000,2,ans shuffle=byte,primary,1.70614398,-1,6.62707772,11.3575328,1
fields/00366__plt01196__tracer0.f32__c0008__dt-f32/chunk_0,500000,2,ans shuffle=byte,primary,1.314592,-1,6.62707772,10.9664482,1
fields/00366__plt01196__tracer0.f32__c0004__dt-f32/chunk_0,500000,29,ndzip,primary,0.0839679986,-1,1.63045915,16.4223554,1
fields/00367__plt01196__tracer1.f32__c0004__dt-f32/chunk_0,500000,2,ans shuffle=byte,primary,0.815840006,-1,6.62707772,10.4681575,1
fields/00367__plt01196__tracer1.f32__c0000__dt-f32/chunk_0,500000,29,ndzip,primary,0.117760003,-1,1.62745284,16.4768032,1
fields/00366__plt01196__tracer0.f32__c0012__dt-f32/chunk_0,500000,29,ndzip,primary,0.0962560028,-1,1.63866628,16.3616366,1
fields/00367__plt01196__tracer1.f32__c0012__dt-f32/chunk_0,500000,2,ans shuffle=byte,primary,1.46835196,-1,6.62707772,11.1225655,1
fields/00368__plt01196__tracer2.f32__c0000__dt-f32/chunk_0,500000,2,ans shuffle=byte,primary,1.78447998,-1,6.62707772,11.4350707,1
fields/00368__plt01196__tracer2.f32__c0004__dt-f32/chunk_0,500000,29,ndzip,primary,0.129023999,-1,1.63045915,16.4674114,1
fields/00367__plt01196__tracer1.f32__c0008__dt-f32/chunk_0,500000,29,ndzip,primary,0.13312,-1,1.61305239,16.6207903,1
fields/00368__plt01196__tracer2.f32__c0008__dt-f32/chunk_0,500000,2,ans shuffle=byte,primary,1.07808006,-1,6.62707772,10.7289694,1
fields/00368__plt01196__tracer2.f32__c0012__dt-f32/chunk_0,500000,29,ndzip,primary,0.0931840017,-1,1.63866628,16.3585646,1
fields/00369__plt01196__velz.f32__c0004__dt-f32/chunk_0,500000,29,ndzip,primary,0.0737280026,-1,1.26914902,20.5186964,1
fields/00369__plt01196__velz.f32__c0008__dt-f32/chunk_0,500000,29,ndzip,primary,0.0890880004,-1,1.28714434,20.2733091,1
fields/00369__plt01196__velz.f32__c0000__dt-f32/chunk_0,500000,29,ndzip,primary,0.0839679986,-1,1.42261199,18.5347145,1
fields/00370__plt01220__density.f32__c0004__dt-f32/chunk_0,500000,29,ndzip,primary,0.0737280026,-1,1.56164979,17.3164156,1
fields/00369__plt01196__velz.f32__c0012__dt-f32/chunk_0,500000,29,ndzip,primary,0.122879997,-1,1.3367226,19.6559327,1
fields/00370__plt01220__density.f32__c0000__dt-f32/chunk_0,500000,29,ndzip,primary,0.0808959976,-1,2.31632243,12.0002599,1
fields/00370__plt01220__density.f32__c0008__dt-f32/chunk_0,500000,29,ndzip,primary,0.0757760033,-1,1.4097212,19.3706703,1
fields/00371__plt01220__tracer0.f32__c0004__dt-f32/chunk_0,500000,29,ndzip,primary,0.0757760033,-1,1.63045915,16.4141634,1
fields/00371__plt01220__tracer0.f32__c0000__dt-f32/chunk_0,500000,2,ans shuffle=byte,primary,1.73372805,-1,6.62707772,11.3851169,1
fields/00371__plt01220__tracer0.f32__c0008__dt-f32/chunk_0,500000,2,ans shuffle=byte,primary,1.98307204,-1,6.62707772,11.6349282,1
fields/00372__plt01220__tracer1.f32__c0004__dt-f32/chunk_0,500000,2,ans shuffle=byte,primary,0.355199993,-1,6.62707772,10.0075175,1
fields/00372__plt01220__tracer1.f32__c0000__dt-f32/chunk_0,500000,29,ndzip,primary,0.074752003,-1,1.62745284,16.4337952,1
fields/00370__plt01220__density.f32__c0012__dt-f32/chunk_0,500000,29,ndzip,primary,0.0655359998,-1,2.12536408,13.3460781,1
fields/00371__plt01220__tracer0.f32__c0012__dt-f32/chunk_0,500000,29,ndzip,primary,0.129023999,-1,1.63866628,16.3944046,1
fields/00372__plt01220__tracer1.f32__c0008__dt-f32/chunk_0,500000,29,ndzip,primary,0.0706560016,-1,1.61305239,16.5583263,1
fields/00372__plt01220__tracer1.f32__c0012__dt-f32/chunk_0,500000,2,ans shuffle=byte,primary,2.10364795,-1,6.62707772,11.7578615,1
fields/00373__plt01220__tracer2.f32__c0004__dt-f32/chunk_0,500000,29,ndzip,primary,0.101375997,-1,1.63045915,16.4397634,1
fields/00373__plt01220__tracer2.f32__c0000__dt-f32/chunk_0,500000,2,ans shuffle=byte,primary,0.54796797,-1,6.62707772,10.1985587,1
fields/00373__plt01220__tracer2.f32__c0008__dt-f32/chunk_0,500000,2,ans shuffle=byte,primary,2.49539208,-1,6.62707772,12.1462815,1
fields/00374__plt01220__velz.f32__c0000__dt-f32/chunk_0,500000,29,ndzip,primary,0.0829439983,-1,1.3986608,18.8236365,1
fields/00374__plt01220__velz.f32__c0004__dt-f32/chunk_0,500000,29,ndzip,primary,0.0829439983,-1,1.26123998,20.6427497,1
fields/00374__plt01220__velz.f32__c0008__dt-f32/chunk_0,500000,29,ndzip,primary,0.0706560016,-1,1.2786904,20.3734933,1
fields/00374__plt01220__velz.f32__c0012__dt-f32/chunk_0,500000,29,ndzip,primary,0.0737280026,-1,1.33470124,19.6329967,1
fields/00373__plt01220__tracer2.f32__c0012__dt-f32/chunk_0,500000,29,ndzip,primary,0.110592,-1,1.63866628,16.3759726,1
fields/00375__plt01245__density.f32__c0012__dt-f32/chunk_0,500000,29,ndzip,primary,0.0645119995,-1,2.094923,13.5162329,1
fields/00375__plt01245__density.f32__c0000__dt-f32/chunk_0,500000,29,ndzip,primary,0.110592,-1,2.26745609,12.1557431,1
fields/00375__plt01245__density.f32__c0004__dt-f32/chunk_0,500000,29,ndzip,primary,0.0921600014,-1,1.52326276,17.8065323,1
fields/00375__plt01245__density.f32__c0008__dt-f32/chunk_0,500000,29,ndzip,primary,0.084991999,-1,1.39435887,19.5654206,1
fields/00377__plt01245__tracer1.f32__c0000__dt-f32/chunk_0,500000,29,ndzip,primary,0.0942080021,-1,1.62745284,16.4532512,1
fields/00376__plt01245__tracer0.f32__c0004__dt-f32/chunk_0,500000,29,ndzip,primary,0.0829439983,-1,1.63045915,16.4213314,1
fields/00376__plt01245__tracer0.f32__c0008__dt-f32/chunk_0,500000,2,ans shuffle=byte,primary,1.63369596,-1,6.62707772,11.2855521,1
fields/00376__plt01245__tracer0.f32__c0000__dt-f32/chunk_0,500000,2,ans shuffle=byte,primary,1.30639994,-1,6.62707772,10.9577888,1
fields/00377__plt01245__tracer1.f32__c0008__dt-f32/chunk_0,500000,29,ndzip,primary,0.0727040023,-1,1.61305239,16.5603743,1
fields/00376__plt01245__tracer0.f32__c0012__dt-f32/chunk_0,500000,29,ndzip,primary,0.102399997,-1,1.63866628,16.3677806,1
fields/00377__plt01245__tracer1.f32__c0012__dt-f32/chunk_0,500000,2,ans shuffle=byte,primary,0.938336015,-1,6.62707772,10.5925496,1
fields/00377__plt01245__tracer1.f32__c0004__dt-f32/chunk_0,500000,2,ans shuffle=byte,primary,1.55328,-1,6.62707772,11.2055975,1
fields/00378__plt01245__tracer2.f32__c0000__dt-f32/chunk_0,500000,2,ans shuffle=byte,primary,1.51449597,-1,6.62707772,11.1650867,1
fields/00378__plt01245__tracer2.f32__c0004__dt-f32/chunk_0,500000,29,ndzip,primary,0.113664001,-1,1.63045915,16.4520514,1
fields/00378__plt01245__tracer2.f32__c0008__dt-f32/chunk_0,500000,2,ans shuffle=byte,primary,2.0112319,-1,6.62707772,11.6621213,1
fields/00379__plt01245__velz.f32__c0004__dt-f32/chunk_0,500000,29,ndzip,primary,0.0890880004,-1,1.25496955,20.7403982,1
fields/00379__plt01245__velz.f32__c0000__dt-f32/chunk_0,500000,29,ndzip,primary,0.102399997,-1,1.36717403,19.2360319,1
fields/00378__plt01245__tracer2.f32__c0012__dt-f32/chunk_0,500000,29,ndzip,primary,0.104447998,-1,1.63866628,16.3698286,1
fields/00380__plt01269__density.f32__c0000__dt-f32/chunk_0,500000,29,ndzip,primary,0.0901120007,-1,2.18597243,12.610504,1
fields/00379__plt01245__velz.f32__c0012__dt-f32/chunk_0,500000,29,ndzip,primary,0.105471998,-1,1.33319432,19.6841853,1
fields/00379__plt01245__velz.f32__c0008__dt-f32/chunk_0,500000,29,ndzip,primary,0.101375997,-1,1.26763468,20.5605713,1
fields/00380__plt01269__density.f32__c0004__dt-f32/chunk_0,500000,29,ndzip,primary,0.0737280026,-1,1.49674266,18.1230183,1
fields/00380__plt01269__density.f32__c0012__dt-f32/chunk_0,500000,29,ndzip,primary,0.192512006,-1,2.07239517,13.7741824,1
fields/00381__plt01269__tracer0.f32__c0000__dt-f32/chunk_0,500000,2,ans shuffle=byte,primary,1.64416003,-1,6.62707772,11.2955489,1
fields/00380__plt01269__density.f32__c0008__dt-f32/chunk_0,500000,29,ndzip,primary,0.176128,-1,1.38554644,19.7535106,1
fields/00381__plt01269__tracer0.f32__c0004__dt-f32/chunk_0,500000,29,ndzip,primary,0.208895996,-1,1.63045915,16.5472834,1
fields/00381__plt01269__tracer0.f32__c0008__dt-f32/chunk_0,500000,2,ans shuffle=byte,primary,1.05462396,-1,6.62707772,10.7064801,1
fields/00382__plt01269__tracer1.f32__c0004__dt-f32/chunk_0,500000,2,ans shuffle=byte,primary,2.08044791,-1,6.62707772,11.7327654,1
fields/00382__plt01269__tracer1.f32__c0000__dt-f32/chunk_0,500000,29,ndzip,primary,0.0870399997,-1,1.62745284,16.4460832,1
fields/00381__plt01269__tracer0.f32__c0012__dt-f32/chunk_0,500000,29,ndzip,primary,0.156672001,-1,1.63866628,16.4220526,1
fields/00383__plt01269__tracer2.f32__c0012__dt-f32/chunk_0,500000,29,ndzip,primary,0.0788479969,-1,1.63866628,16.3442286,1
fields/00382__plt01269__tracer1.f32__c0008__dt-f32/chunk_0,500000,29,ndzip,primary,0.114688002,-1,1.61305239,16.6023583,1
fields/00383__plt01269__tracer2.f32__c0004__dt-f32/chunk_0,500000,29,ndzip,primary,0.0696320012,-1,1.63045915,16.4080194,1
fields/00383__plt01269__tracer2.f32__c0000__dt-f32/chunk_0,500000,2,ans shuffle=byte,primary,1.45702398,-1,6.62707772,11.1076147,1
fields/00383__plt01269__tracer2.f32__c0008__dt-f32/chunk_0,500000,2,ans shuffle=byte,primary,0.482367992,-1,6.62707772,10.1332574,1
fields/00382__plt01269__tracer1.f32__c0012__dt-f32/chunk_0,500000,2,ans shuffle=byte,primary,1.40982401,-1,6.62707772,11.0640376,1
fields/00384__plt01269__velz.f32__c0008__dt-f32/chunk_0,500000,29,ndzip,primary,0.206847996,-1,1.2611884,20.7590973,1
fields/00384__plt01269__velz.f32__c0000__dt-f32/chunk_0,500000,29,ndzip,primary,0.074752003,-1,1.33534034,19.6289814,1
fields/00384__plt01269__velz.f32__c0004__dt-f32/chunk_0,500000,29,ndzip,primary,0.169983998,-1,1.2501219,20.893612,1
fields/00384__plt01269__velz.f32__c0012__dt-f32/chunk_0,500000,29,ndzip,primary,0.192512006,-1,1.33238119,19.7781793,1
fields/00385__plt01297__density.f32__c0000__dt-f32/chunk_0,500000,29,ndzip,primary,0.0993279964,-1,2.09962536,13.0511269,1
fields/00385__plt01297__density.f32__c0012__dt-f32/chunk_0,500000,29,ndzip,primary,0.136191994,-1,2.0581137,13.8059658,1
fields/00386__plt01297__tracer0.f32__c0000__dt-f32/chunk_0,500000,2,ans shuffle=byte,primary,1.58742404,-1,6.62707772,11.2388129,1
fields/00385__plt01297__density.f32__c0008__dt-f32/chunk_0,500000,29,ndzip,primary,0.0901120007,-1,1.3800085,19.7290679,1
fields/00386__plt01297__tracer0.f32__c0004__dt-f32/chunk_0,500000,29,ndzip,primary,0.0839679986,-1,1.63045915,16.4223554,1
fields/00386__plt01297__tracer0.f32__c0008__dt-f32/chunk_0,500000,2,ans shuffle=byte,primary,1.49228799,-1,6.62707772,11.1441442,1
fields/00385__plt01297__density.f32__c0004__dt-f32/chunk_0,500000,29,ndzip,primary,0.113664001,-1,1.47877543,18.4307205,1
fields/00387__plt01297__tracer1.f32__c0004__dt-f32/chunk_0,500000,2,ans shuffle=byte,primary,1.31372797,-1,6.62707772,10.9660455,1
fields/00387__plt01297__tracer1.f32__c0000__dt-f32/chunk_0,500000,29,ndzip,primary,0.114688002,-1,1.62745284,16.4737312,1
fields/00386__plt01297__tracer0.f32__c0012__dt-f32/chunk_0,500000,29,ndzip,primary,0.207872003,-1,1.63866628,16.4732526,1
fields/00387__plt01297__tracer1.f32__c0008__dt-f32/chunk_0,500000,29,ndzip,primary,0.110592,-1,1.61305239,16.5982623,1
fields/00387__plt01297__tracer1.f32__c0012__dt-f32/chunk_0,500000,2,ans shuffle=byte,primary,0.809472024,-1,6.62707772,10.4636856,1
fields/00388__plt01297__tracer2.f32__c0000__dt-f32/chunk_0,500000,2,ans shuffle=byte,primary,2.68105602,-1,6.62707772,12.3316468,1
fields/00388__plt01297__tracer2.f32__c0008__dt-f32/chunk_0,500000,2,ans shuffle=byte,primary,1.51843202,-1,6.62707772,11.1693214,1
fields/00388__plt01297__tracer2.f32__c0004__dt-f32/chunk_0,500000,29,ndzip,primary,0.0788479969,-1,1.63045915,16.4172354,1
fields/00388__plt01297__tracer2.f32__c0012__dt-f32/chunk_0,500000,29,ndzip,primary,0.0757760033,-1,1.63866628,16.3411566,1
fields/00389__plt01297__velz.f32__c0000__dt-f32/chunk_0,500000,29,ndzip,primary,0.121855997,-1,1.32087755,19.8696379,1
fields/00389__plt01297__velz.f32__c0008__dt-f32/chunk_0,500000,29,ndzip,primary,0.0696320012,-1,1.25594509,20.7002084,1
fields/00390__plt01328__density.f32__c0000__dt-f32/chunk_0,500000,29,ndzip,primary,0.0890880004,-1,2.04606184,13.328924,1
fields/00390__plt01328__density.f32__c0004__dt-f32/chunk_0,500000,29,ndzip,primary,0.0860159993,-1,1.47218771,18.4989115,1
fields/00389__plt01297__velz.f32__c0012__dt-f32/chunk_0,500000,29,ndzip,primary,0.102399997,-1,1.33275545,19.6825734,1
fields/00389__plt01297__velz.f32__c0004__dt-f32/chunk_0,500000,29,ndzip,primary,0.32358399,-1,1.24733659,21.0892986,1
fields/00390__plt01328__density.f32__c0008__dt-f32/chunk_0,500000,29,ndzip,primary,0.110592,-1,1.37358918,19.821539,1
fields/00391__plt01328__tracer0.f32__c0000__dt-f32/chunk_0,500000,2,ans shuffle=byte,primary,1.07852805,-1,6.62707772,10.7299169,1
fields/00391__plt01328__tracer0.f32__c0008__dt-f32/chunk_0,500000,2,ans shuffle=byte,primary,0.579648018,-1,6.62707772,10.2315042,1
fields/00391__plt01328__tracer0.f32__c0004__dt-f32/chunk_0,500000,29,ndzip,primary,0.27136001,-1,1.63045915,16.6097474,1
fields/00391__plt01328__tracer0.f32__c0012__dt-f32/chunk_0,500000,29,ndzip,primary,0.233472005,-1,1.63866628,16.4988526,1
fields/00390__plt01328__density.f32__c0012__dt-f32/chunk_0,500000,29,ndzip,primary,0.0798719972,-1,2.04714036,13.8212302,1
fields/00392__plt01328__tracer1.f32__c0008__dt-f32/chunk_0,500000,29,ndzip,primary,0.105471998,-1,1.61305239,16.5931423,1
fields/00392__plt01328__tracer1.f32__c0012__dt-f32/chunk_0,500000,2,ans shuffle=byte,primary,1.00547194,-1,6.62707772,10.6596855,1
fields/00392__plt01328__tracer1.f32__c0000__dt-f32/chunk_0,500000,29,ndzip,primary,0.119808003,-1,1.62745284,16.4788512,1
fields/00392__plt01328__tracer1.f32__c0004__dt-f32/chunk_0,500000,2,ans shuffle=byte,primary,1.20102406,-1,6.62707772,10.8533416,1
fields/00393__plt01328__tracer2.f32__c0004__dt-f32/chunk_0,500000,29,ndzip,primary,0.102399997,-1,1.63045915,16.4407874,1
fields/00393__plt01328__tracer2.f32__c0000__dt-f32/chunk_0,500000,2,ans shuffle=byte,primary,0.394879997,-1,6.62707772,10.0454708,1
fields/00393__plt01328__tracer2.f32__c0012__dt-f32/chunk_0,500000,29,ndzip,primary,0.0727040023,-1,1.63866628,16.3380846,1
fields/00393__plt01328__tracer2.f32__c0008__dt-f32/chunk_0,500000,2,ans shuffle=byte,primary,1.00371206,-1,6.62707772,10.6546014,1
fields/00394__plt01328__velz.f32__c0000__dt-f32/chunk_0,500000,29,ndzip,primary,0.0737280026,-1,1.31513392,19.8973298,1
fields/00394__plt01328__velz.f32__c0012__dt-f32/chunk_0,500000,29,ndzip,primary,0.0819199979,-1,1.33075789,19.688852,1
fields/00394__plt01328__velz.f32__c0008__dt-f32/chunk_0,500000,29,ndzip,primary,0.179199994,-1,1.24989689,20.9007518,1
fields/00394__plt01328__velz.f32__c0004__dt-f32/chunk_0,500000,29,ndzip,primary,0.0655359998,-1,1.24551126,20.8586358,1
