blob,tier_bw,setting,spec,role,comp_ms,decomp_ms,ratio,cost,adopted
fields/00000__plt00000__fab0000_comp02_ez.f32__c0010__dt-f32/chunk_0,1000000,2,ans shuffle=byte,primary,1.82783997,-1,5.03107187,2.66151997,1
fields/00000__plt00000__fab0000_comp02_ez.f32__c0018__dt-f32/chunk_0,1000000,2,ans shuffle=byte,primary,2.53532791,-1,5.03165128,3.36891191,1
fields/00000__plt00000__fab0000_comp02_ez.f32__c0026__dt-f32/chunk_0,1000000,2,ans shuffle=byte,primary,1.78646398,-1,5.03014269,2.62029798,1
fields/00000__plt00000__fab0000_comp02_ez.f32__c0002__dt-f32/chunk_0,1000000,2,ans shuffle=byte,primary,1.71110404,-1,5.03264141,2.54452404,1
fields/00000__plt00000__fab0000_comp02_ez.f32__c0034__dt-f32/chunk_0,1000000,2,ans shuffle=byte,primary,1.21228802,-1,5.03219459,2.04578202,1
fields/00000__plt00000__fab0000_comp02_ez.f32__c0042__dt-f32/chunk_0,1000000,2,ans shuffle=byte,primary,1.12604797,-1,5.03090291,1.95975597,1
fields/00000__plt00000__fab0000_comp02_ez.f32__c0050__dt-f32/chunk_0,1000000,2,ans shuffle=byte,primary,0.771135986,-1,5.03150642,1.60474399,1
fields/00000__plt00000__fab0000_comp02_ez.f32__c0058__dt-f32/chunk_0,1000000,2,ans shuffle=byte,primary,1.81203198,-1,5.03354735,2.64530198,1
fields/00001__plt00001__fab0000_comp02_ez.f32__c0018__dt-f32/chunk_0,1000000,2,ans shuffle=byte,primary,1.03142405,-1,5.03165128,1.86500805,1
fields/00001__plt00001__fab0000_comp02_ez.f32__c0034__dt-f32/chunk_0,1000000,2,ans shuffle=byte,primary,2.21072006,-1,5.03219459,3.04421406,1
fields/00001__plt00001__fab0000_comp02_ez.f32__c0026__dt-f32/chunk_0,1000000,2,ans shuffle=byte,primary,0.963136017,-1,5.03014269,1.79697002,1
fields/00001__plt00001__fab0000_comp02_ez.f32__c0010__dt-f32/chunk_0,1000000,2,ans shuffle=byte,primary,1.99043202,-1,5.03107187,2.82411202,1
fields/00001__plt00001__fab0000_comp02_ez.f32__c0002__dt-f32/chunk_0,1000000,2,ans shuffle=byte,primary,3.04688001,-1,5.03264141,3.88030001,1
fields/00001__plt00001__fab0000_comp02_ez.f32__c0058__dt-f32/chunk_0,1000000,2,ans shuffle=byte,primary,3.80518389,-1,5.03354735,4.63845389,1
fields/00001__plt00001__fab0000_comp02_ez.f32__c0050__dt-f32/chunk_0,1000000,2,ans shuffle=byte,primary,1.83404803,-1,5.03150642,2.66765603,1
fields/00002__plt00002__fab0000_comp02_ez.f32__c0010__dt-f32/chunk_0,1000000,2,ans shuffle=byte,primary,3.55078411,-1,5.03107187,4.38446411,1
fields/00001__plt00001__fab0000_comp02_ez.f32__c0042__dt-f32/chunk_0,1000000,2,ans shuffle=byte,primary,1.83481598,-1,5.03090291,2.66852398,1
fields/00002__plt00002__fab0000_comp02_ez.f32__c0002__dt-f32/chunk_0,1000000,2,ans shuffle=byte,primary,2.45731211,-1,5.03264141,3.29073211,1
fields/00002__plt00002__fab0000_comp02_ez.f32__c0026__dt-f32/chunk_0,1000000,2,ans shuffle=byte,primary,3.52979207,-1,5.03014269,4.36362607,1
fields/00002__plt00002__fab0000_comp02_ez.f32__c0042__dt-f32/chunk_0,1000000,2,ans shuffle=byte,primary,3.05168009,-1,5.03090291,3.88538809,1
fields/00002__plt00002__fab0000_comp02_ez.f32__c0018__dt-f32/chunk_0,1000000,2,ans shuffle=byte,primary,3.36319995,-1,5.03165128,4.19678395,1
fields/00002__plt00002__fab0000_comp02_ez.f32__c0034__dt-f32/chunk_0,1000000,2,ans shuffle=byte,primary,3.54387212,-1,5.03219459,4.37736612,1
fields/00002__plt00002__fab0000_comp02_ez.f32__c0050__dt-f32/chunk_0,1000000,2,ans shuffle=byte,primary,1.01363206,-1,5.03150642,1.84724006,1
fields/00003__plt00003__fab0000_comp02_ez.f32__c0018__dt-f32/chunk_0,1000000,2,ans shuffle=byte,primary,1.38992,-1,5.03165128,2.223504,1
fields/00003__plt00003__fab0000_comp02_ez.f32__c0058__dt-f32/chunk_0,1000000,2,ans shuffle=byte,primary,0.987039983,-1,5.03354735,1.82030998,1
fields/00003__plt00003__fab0000_comp02_ez.f32__c0002__dt-f32/chunk_0,1000000,2,ans shuffle=byte,primary,1.01683199,-1,5.03264141,1.85025199,1
fields/00002__plt00002__fab0000_comp02_ez.f32__c0058__dt-f32/chunk_0,1000000,2,ans shuffle=byte,primary,1.59039998,-1,5.03354735,2.42366998,1
fields/00003__plt00003__fab0000_comp02_ez.f32__c0010__dt-f32/chunk_0,1000000,2,ans shuffle=byte,primary,2.89609599,-1,5.03107187,3.72977599,1
fields/00003__plt00003__fab0000_comp02_ez.f32__c0042__dt-f32/chunk_0,1000000,2,ans shuffle=byte,primary,1.20873594,-1,5.03090291,2.04244394,1
fields/00003__plt00003__fab0000_comp02_ez.f32__c0026__dt-f32/chunk_0,1000000,2,ans shuffle=byte,primary,1.00803196,-1,5.03014269,1.84186596,1
fields/00003__plt00003__fab0000_comp02_ez.f32__c0034__dt-f32/chunk_0,1000000,2,ans shuffle=byte,primary,2.93139195,-1,5.03219459,3.76488595,1
fields/00003__plt00003__fab0000_comp02_ez.f32__c0050__dt-f32/chunk_0,1000000,2,ans shuffle=byte,primary,1.87833595,-1,5.03150642,2.71194395,1
fields/00004__plt00004__fab0000_comp02_ez.f32__c0002__dt-f32/chunk_0,1000000,2,ans shuffle=byte,primary,2.86803198,-1,5.03264141,3.70145198,1
fields/00004__plt00004__fab0000_comp02_ez.f32__c0026__dt-f32/chunk_0,1000000,2,ans shuffle=byte,primary,0.28412801,-1,5.03014269,1.11796201,1
fields/00004__plt00004__fab0000_comp02_ez.f32__c0010__dt-f32/chunk_0,1000000,2,ans shuffle=byte,primary,1.70643198,-1,5.03107187,2.54011198,1
fields/00004__plt00004__fab0000_comp02_ez.f32__c0018__dt-f32/chunk_0,1000000,2,ans shuffle=byte,primary,1.723616,-1,5.03165128,2.5572,1
fields/00004__plt00004__fab0000_comp02_ez.f32__c0034__dt-f32/chunk_0,1000000,2,ans shuffle=byte,primary,2.62659192,-1,5.03219459,3.46008592,1
fields/00005__plt00005__fab0000_comp02_ez.f32__c0026__dt-f32/chunk_0,1000000,2,ans shuffle=byte,primary,2.44137597,-1,5.03014269,3.27520997,1
fields/00004__plt00004__fab0000_comp02_ez.f32__c0042__dt-f32/chunk_0,1000000,2,ans shuffle=byte,primary,2.380512,-1,5.03090291,3.21422,1
fields/00005__plt00005__fab0000_comp02_ez.f32__c0002__dt-f32/chunk_0,1000000,2,ans shuffle=byte,primary,0.807936013,-1,5.03264141,1.64135601,1
fields/00004__plt00004__fab0000_comp02_ez.f32__c0058__dt-f32/chunk_0,1000000,2,ans shuffle=byte,primary,1.40524805,-1,5.03354735,2.23851805,1
fields/00004__plt00004__fab0000_comp02_ez.f32__c0050__dt-f32/chunk_0,1000000,2,ans shuffle=byte,primary,2.08204794,-1,5.03150642,2.91565594,1
fields/00005__plt00005__fab0000_comp02_ez.f32__c0010__dt-f32/chunk_0,1000000,2,ans shuffle=byte,primary,1.41024005,-1,5.03107187,2.24392005,1
fields/00005__plt00005__fab0000_comp02_ez.f32__c0018__dt-f32/chunk_0,1000000,2,ans shuffle=byte,primary,2.97283196,-1,5.03165128,3.80641596,1
fields/00005__plt00005__fab0000_comp02_ez.f32__c0034__dt-f32/chunk_0,1000000,2,ans shuffle=byte,primary,3.26745605,-1,5.02852649,4.10155805,1
fields/00005__plt00005__fab0000_comp02_ez.f32__c0042__dt-f32/chunk_0,1000000,2,ans shuffle=byte,primary,2.38611197,-1,5.03090291,3.21981997,1
fields/00006__plt00006__fab0000_comp02_ez.f32__c0010__dt-f32/chunk_0,1000000,2,ans shuffle=byte,primary,0.254240006,-1,5.03107187,1.08792001,1
fields/00006__plt00006__fab0000_comp02_ez.f32__c0018__dt-f32/chunk_0,1000000,2,ans shuffle=byte,primary,1.38214397,-1,5.03165128,2.21572797,1
fields/00006__plt00006__fab0000_comp02_ez.f32__c0002__dt-f32/chunk_0,1000000,2,ans shuffle=byte,primary,1.75795197,-1,5.03264141,2.59137197,1
fields/00006__plt00006__fab0000_comp02_ez.f32__c0034__dt-f32/chunk_0,1000000,2,ans shuffle=byte,primary,0.254207999,-1,5.02351563,1.089142,1
fields/00006__plt00006__fab0000_comp02_ez.f32__c0026__dt-f32/chunk_0,1000000,2,ans shuffle=byte,primary,0.622720003,-1,5.03014269,1.456554,1
fields/00005__plt00005__fab0000_comp02_ez.f32__c0050__dt-f32/chunk_0,1000000,2,ans shuffle=byte,primary,2.490592,-1,5.03150642,3.3242,1
fields/00005__plt00005__fab0000_comp02_ez.f32__c0058__dt-f32/chunk_0,1000000,2,ans shuffle=byte,primary,1.217152,-1,5.03354735,2.050422,1
fields/00006__plt00006__fab0000_comp02_ez.f32__c0042__dt-f32/chunk_0,1000000,2,ans shuffle=byte,primary,2.58025599,-1,5.03090291,3.41396399,1
fields/00006__plt00006__fab0000_comp02_ez.f32__c0050__dt-f32/chunk_0,1000000,2,ans shuffle=byte,primary,2.14899206,-1,5.03150642,2.98260006,1
fields/00007__plt00007__fab0000_comp02_ez.f32__c0010__dt-f32/chunk_0,1000000,2,ans shuffle=byte,primary,1.95049596,-1,5.03107187,2.78417596,1
fields/00007__plt00007__fab0000_comp02_ez.f32__c0002__dt-f32/chunk_0,1000000,2,ans shuffle=byte,primary,3.30895996,-1,5.03264141,4.14237996,1
fields/00007__plt00007__fab0000_comp02_ez.f32__c0018__dt-f32/chunk_0,1000000,2,ans shuffle=byte,primary,1.39878404,-1,5.03165128,2.23236804,1
fields/00006__plt00006__fab0000_comp02_ez.f32__c0058__dt-f32/chunk_0,1000000,2,ans shuffle=byte,primary,3.19078398,-1,5.03354735,4.02405398,1
fields/00007__plt00007__fab0000_comp02_ez.f32__c0026__dt-f32/chunk_0,1000000,2,ans shuffle=byte,primary,1.43436801,-1,5.03014269,2.26820201,1
fields/00007__plt00007__fab0000_comp02_ez.f32__c0034__dt-f32/chunk_0,1000000,2,ans shuffle=byte,primary,1.40095997,-1,4.90664021,2.25578197,1
fields/00007__plt00007__fab0000_comp02_ez.f32__c0042__dt-f32/chunk_0,1000000,2,ans shuffle=byte,primary,0.735552013,-1,5.03090291,1.56926001,1
fields/00007__plt00007__fab0000_comp02_ez.f32__c0050__dt-f32/chunk_0,1000000,2,ans shuffle=byte,primary,0.718208015,-1,5.03150642,1.55181601,1
fields/00007__plt00007__fab0000_comp02_ez.f32__c0058__dt-f32/chunk_0,1000000,2,ans shuffle=byte,primary,0.608672023,-1,5.03354735,1.44194202,1
fields/00008__plt00008__fab0000_comp02_ez.f32__c0002__dt-f32/chunk_0,1000000,2,ans shuffle=byte,primary,1.97580802,-1,5.03264141,2.80922802,1
fields/00008__plt00008__fab0000_comp02_ez.f32__c0018__dt-f32/chunk_0,1000000,2,ans shuffle=byte,primary,2.59539199,-1,5.03165128,3.42897599,1
fields/00008__plt00008__fab0000_comp02_ez.f32__c0026__dt-f32/chunk_0,1000000,2,ans shuffle=byte,primary,2.59833598,-1,5.03014269,3.43216998,1
fields/00008__plt00008__fab0000_comp02_ez.f32__c0010__dt-f32/chunk_0,1000000,2,ans shuffle=byte,primary,3.66835189,-1,5.03107187,4.50203189,1
fields/00008__plt00008__fab0000_comp02_ez.f32__c0042__dt-f32/chunk_0,1000000,2,ans shuffle=byte,primary,2.6141119,-1,5.03090291,3.4478199,1
fields/00008__plt00008__fab0000_comp02_ez.f32__c0050__dt-f32/chunk_0,1000000,2,ans shuffle=byte,primary,2.34963202,-1,5.03150642,3.18324002,1
fields/00008__plt00008__fab0000_comp02_ez.f32__c0034__dt-f32/chunk_0,1000000,2,ans shuffle=byte,primary,2.329952,-1,4.33153571,3.29827,1
fields/00008__plt00008__fab0000_comp02_ez.f32__c0058__dt-f32/chunk_0,1000000,2,ans shuffle=byte,primary,2.01072001,-1,5.03354735,2.84399001,1
fields/00009__plt00009__fab0000_comp02_ez.f32__c0010__dt-f32/chunk_0,1000000,2,ans shuffle=byte,primary,0.812960029,-1,5.03107187,1.64664003,1
fields/00009__plt00009__fab0000_comp02_ez.f32__c0018__dt-f32/chunk_0,1000000,2,ans shuffle=byte,primary,1.249632,-1,5.03165128,2.083216,1
fields/00009__plt00009__fab0000_comp02_ez.f32__c0002__dt-f32/chunk_0,1000000,2,ans shuffle=byte,primary,0.795231998,-1,5.03264141,1.628652,1
fields/00009__plt00009__fab0000_comp02_ez.f32__c0050__dt-f32/chunk_0,1000000,2,ans shuffle=byte,primary,3.01955199,-1,5.03150642,3.85315999,1
fields/00009__plt00009__fab0000_comp02_ez.f32__c0042__dt-f32/chunk_0,1000000,2,ans shuffle=byte,primary,1.83094394,-1,5.03090291,2.66465194,1
fields/00009__plt00009__fab0000_comp02_ez.f32__c0026__dt-f32/chunk_0,1000000,2,ans shuffle=byte,primary,2.9043839,-1,5.03014269,3.7382179,1
fields/00010__plt00010__fab0000_comp02_ez.f32__c0010__dt-f32/chunk_0,1000000,2,ans shuffle=byte,primary,1.09472001,-1,5.03107187,1.92840001,1
fields/00010__plt00010__fab0000_comp02_ez.f32__c0002__dt-f32/chunk_0,1000000,2,ans shuffle=byte,primary,1.41455996,-1,5.03264141,2.24797996,1
fields/00009__plt00009__fab0000_comp02_ez.f32__c0034__dt-f32/chunk_0,1000000,2,ans shuffle=byte,primary,1.85350394,-1,3.7289663,2.97829394,1
fields/00009__plt00009__fab0000_comp02_ez.f32__c0058__dt-f32/chunk_0,1000000,2,ans shuffle=byte,primary,1.24627197,-1,5.03354735,2.07954197,1
fields/00010__plt00010__fab0000_comp02_ez.f32__c0026__dt-f32/chunk_0,1000000,2,ans shuffle=byte,primary,1.31222403,-1,5.03014269,2.14605803,1
fields/00010__plt00010__fab0000_comp02_ez.f32__c0034__dt-f32/chunk_0,1000000,2,ans shuffle=byte,primary,1.10441601,-1,3.21040973,2.41088601,1
fields/00010__plt00010__fab0000_comp02_ez.f32__c0018__dt-f32/chunk_0,1000000,2,ans shuffle=byte,primary,1.33721602,-1,5.03165128,2.17080002,1
fields/00010__plt00010__fab0000_comp02_ez.f32__c0042__dt-f32/chunk_0,1000000,2,ans shuffle=byte,primary,0.349792004,-1,5.03090291,1.1835,1
fields/00010__plt00010__fab0000_comp02_ez.f32__c0050__dt-f32/chunk_0,1000000,2,ans shuffle=byte,primary,1.57545602,-1,5.03150642,2.40906402,1
fields/00011__plt00011__fab0000_comp02_ez.f32__c0010__dt-f32/chunk_0,1000000,2,ans shuffle=byte,primary,3.48819208,-1,5.03107187,4.32187208,1
fields/00010__plt00010__fab0000_comp02_ez.f32__c0058__dt-f32/chunk_0,1000000,2,ans shuffle=byte,primary,2.34319997,-1,5.03354735,3.17646997,1
fields/00011__plt00011__fab0000_comp02_ez.f32__c0002__dt-f32/chunk_0,1000000,2,ans shuffle=byte,primary,1.92057598,-1,5.03264141,2.75399598,1
fields/00011__plt00011__fab0000_comp02_ez.f32__c0018__dt-f32/chunk_0,1000000,2,ans shuffle=byte,primary,2.71043205,-1,5.03165128,3.54401605,1
fields/00011__plt00011__fab0000_comp02_ez.f32__c0026__dt-f32/chunk_0,1000000,2,ans shuffle=byte,primary,1.549312,-1,5.03014269,2.383146,1
fields/00011__plt00011__fab0000_comp02_ez.f32__c0034__dt-f32/chunk_0,1000000,2,ans shuffle=byte,primary,2.25295997,-1,2.7808708,3.76122997,1
fields/00011__plt00011__fab0000_comp02_ez.f32__c0042__dt-f32/chunk_0,1000000,2,ans shuffle=byte,primary,2.32543993,-1,5.03090291,3.15914793,1
fields/00011__plt00011__fab0000_comp02_ez.f32__c0050__dt-f32/chunk_0,1000000,2,ans shuffle=byte,primary,1.96051204,-1,5.03150642,2.79412004,1
fields/00011__plt00011__fab0000_comp02_ez.f32__c0058__dt-f32/chunk_0,1000000,2,ans shuffle=byte,primary,2.72515202,-1,5.03354735,3.55842202,1
fields/00012__plt00012__fab0000_comp02_ez.f32__c0026__dt-f32/chunk_0,1000000,2,ans shuffle=byte,primary,0.559487998,-1,5.03014269,1.393322,1
fields/00012__plt00012__fab0000_comp02_ez.f32__c0002__dt-f32/chunk_0,1000000,2,ans shuffle=byte,primary,2.31385589,-1,5.03264141,3.14727589,1
fields/00012__plt00012__fab0000_comp02_ez.f32__c0010__dt-f32/chunk_0,1000000,2,ans shuffle=byte,primary,0.870464027,-1,5.03107187,1.70414403,1
fields/00012__plt00012__fab0000_comp02_ez.f32__c0042__dt-f32/chunk_0,1000000,2,ans shuffle=byte,primary,1.78281605,-1,5.03090291,2.61652405,1
fields/00012__plt00012__fab0000_comp02_ez.f32__c0018__dt-f32/chunk_0,1000000,2,ans shuffle=byte,primary,0.549152017,-1,5.03165128,1.38273602,1
fields/00012__plt00012__fab0000_comp02_ez.f32__c0050__dt-f32/chunk_0,1000000,2,ans shuffle=byte,primary,0.686655998,-1,5.03150642,1.520264,1
fields/00012__plt00012__fab0000_comp02_ez.f32__c0058__dt-f32/chunk_0,1000000,2,ans shuffle=byte,primary,3.7126081,-1,5.03354735,4.5458781,1
fields/00013__plt00013__fab0000_comp02_ez.f32__c0034__dt-f32/chunk_0,1000000,2,ans shuffle=byte,primary,2.07487988,-1,2.16746679,4.00999788,1
fields/00012__plt00012__fab0000_comp02_ez.f32__c0034__dt-f32/chunk_0,1000000,2,ans shuffle=byte,primary,1.37971199,-1,2.43939128,3.09911799,1
fields/00013__plt00013__fab0000_comp02_ez.f32__c0002__dt-f32/chunk_0,1000000,2,ans shuffle=byte,primary,1.74867201,-1,5.03264141,2.58209201,1
fields/00013__plt00013__fab0000_comp02_ez.f32__c0010__dt-f32/chunk_0,1000000,2,ans shuffle=byte,primary,1.26281595,-1,5.03107187,2.09649595,1
fields/00013__plt00013__fab0000_comp02_ez.f32__c0018__dt-f32/chunk_0,1000000,2,ans shuffle=byte,primary,2.32048011,-1,5.03165128,3.15406411,1
fields/00013__plt00013__fab0000_comp02_ez.f32__c0026__dt-f32/chunk_0,1000000,2,ans shuffle=byte,primary,2.324512,-1,5.03014269,3.158346,1
fields/00013__plt00013__fab0000_comp02_ez.f32__c0042__dt-f32/chunk_0,1000000,2,ans shuffle=byte,primary,1.52486396,-1,5.03090291,2.35857196,1
fields/00013__plt00013__fab0000_comp02_ez.f32__c0058__dt-f32/chunk_0,1000000,2,ans shuffle=byte,primary,0.210271999,-1,5.03354735,1.043542,1
fields/00013__plt00013__fab0000_comp02_ez.f32__c0050__dt-f32/chunk_0,1000000,2,ans shuffle=byte,primary,0.140351996,-1,5.03150642,0.973959996,1
fields/00014__plt00014__fab0000_comp02_ez.f32__c0002__dt-f32/chunk_0,1000000,2,ans shuffle=byte,primary,0.164736003,-1,5.03264141,0.998156003,1
fields/00014__plt00014__fab0000_comp02_ez.f32__c0010__dt-f32/chunk_0,1000000,2,ans shuffle=byte,primary,0.226656005,-1,5.03107187,1.060336,1
fields/00014__plt00014__fab0000_comp02_ez.f32__c0018__dt-f32/chunk_0,1000000,2,ans shuffle=byte,primary,2.39769602,-1,5.03165128,3.23128002,1
fields/00014__plt00014__fab0000_comp02_ez.f32__c0034__dt-f32/chunk_0,1000000,2,ans shuffle=byte,primary,2.46540809,-1,1.94726878,4.61935009,1
fields/00014__plt00014__fab0000_comp02_ez.f32__c0026__dt-f32/chunk_0,1000000,2,ans shuffle=byte,primary,3.03823996,-1,5.03014269,3.87207396,1
fields/00014__plt00014__fab0000_comp02_ez.f32__c0050__dt-f32/chunk_0,1000000,2,ans shuffle=byte,primary,1.76624,-1,5.03150642,2.599848,1
fields/00015__plt00015__fab0000_comp02_ez.f32__c0002__dt-f32/chunk_0,1000000,2,ans shuffle=byte,primary,1.49068797,-1,5.03264141,2.32410797,1
fields/00014__plt00014__fab0000_comp02_ez.f32__c0058__dt-f32/chunk_0,1000000,2,ans shuffle=byte,primary,1.65286398,-1,5.03354735,2.48613398,1
fields/00014__plt00014__fab0000_comp02_ez.f32__c0042__dt-f32/chunk_0,1000000,2,ans shuffle=byte,primary,2.39120007,-1,5.03090291,3.22490807,1
fields/00015__plt00015__fab0000_comp02_ez.f32__c0010__dt-f32/chunk_0,1000000,2,ans shuffle=byte,primary,3.87187195,-1,5.03107187,4.70555195,1
fields/00015__plt00015__fab0000_comp02_ez.f32__c0026__dt-f32/chunk_0,1000000,2,ans shuffle=byte,primary,1.32892799,-1,5.03014269,2.16276199,1
fields/00015__plt00015__fab0000_comp02_ez.f32__c0034__dt-f32/chunk_0,1000000,2,ans shuffle=byte,primary,1.60649598,-1,1.76622055,3.98122998,1
fields/00015__plt00015__fab0000_comp02_ez.f32__c0018__dt-f32/chunk_0,1000000,2,ans shuffle=byte,primary,1.09391999,-1,5.03165128,1.92750399,1
fields/00015__plt00015__fab0000_comp02_ez.f32__c0042__dt-f32/chunk_0,1000000,2,ans shuffle=byte,primary,3.76246405,-1,5.03090291,4.59617205,1
fields/00016__plt00016__fab0000_comp02_ez.f32__c0002__dt-f32/chunk_0,1000000,2,ans shuffle=byte,primary,0.531167984,-1,5.03264141,1.36458798,1
fields/00015__plt00015__fab0000_comp02_ez.f32__c0050__dt-f32/chunk_0,1000000,2,ans shuffle=byte,primary,2.24959993,-1,5.03150642,3.08320793,1
fields/00015__plt00015__fab0000_comp02_ez.f32__c0058__dt-f32/chunk_0,1000000,2,ans shuffle=byte,primary,1.89097595,-1,5.03354735,2.72424595,1
fields/00016__plt00016__fab0000_comp02_ez.f32__c0010__dt-f32/chunk_0,1000000,2,ans shuffle=byte,primary,0.34089601,-1,5.03107187,1.17457601,1
fields/00016__plt00016__fab0000_comp02_ez.f32__c0050__dt-f32/chunk_0,1000000,2,ans shuffle=byte,primary,3.00848007,-1,5.03150642,3.84208807,1
fields/00016__plt00016__fab0000_comp02_ez.f32__c0026__dt-f32/chunk_0,1000000,2,ans shuffle=byte,primary,3.04499197,-1,5.03014269,3.87882597,1
fields/00016__plt00016__fab0000_comp02_ez.f32__c0042__dt-f32/chunk_0,1000000,2,ans shuffle=byte,primary,3.53024006,-1,5.03090291,4.36394806,1
fields/00017__plt00017__fab0000_comp02_ez.f32__c0010__dt-f32/chunk_0,1000000,2,ans shuffle=byte,primary,1.20431995,-1,5.03107187,2.03799995,1
fields/00016__plt00016__fab0000_comp02_ez.f32__c0018__dt-f32/chunk_0,1000000,2,ans shuffle=byte,primary,0.549088001,-1,5.03165128,1.382672,1
fields/00016__plt00016__fab0000_comp02_ez.f32__c0034__dt-f32/chunk_0,1000000,2,ans shuffle=byte,primary,3.91324806,-1,1.61503623,6.51028206,1
fields/00016__plt00016__fab0000_comp02_ez.f32__c0058__dt-f32/chunk_0,1000000,2,ans shuffle=byte,primary,3.09475207,-1,5.03354735,3.92802207,1
fields/00017__plt00017__fab0000_comp02_ez.f32__c0002__dt-f32/chunk_0,1000000,2,ans shuffle=byte,primary,2.1342721,-1,5.03264141,2.9676921,1
fields/00017__plt00017__fab0000_comp02_ez.f32__c0018__dt-f32/chunk_0,1000000,2,ans shuffle=byte,primary,2.46633601,-1,5.03165128,3.29992001,1
fields/00017__plt00017__fab0000_comp02_ez.f32__c0026__dt-f32/chunk_0,1000000,2,ans shuffle=byte,primary,14.8268156,-1,5.03014269,15.6606496,1
fields/00018__plt00018__fab0000_comp02_ez.f32__c0002__dt-f32/chunk_0,1000000,2,ans shuffle=byte,primary,2.29427195,-1,5.03264141,3.12769195,1
fields/00017__plt00017__fab0000_comp02_ez.f32__c0034__dt-f32/chunk_0,1000000,2,ans shuffle=byte,primary,1.493312,-1,1.496355,4.296326,1
fields/00017__plt00017__fab0000_comp02_ez.f32__c0050__dt-f32/chunk_0,1000000,2,ans shuffle=byte,primary,1.078336,-1,5.03150642,1.911944,1
fields/00017__plt00017__fab0000_comp02_ez.f32__c0042__dt-f32/chunk_0,1000000,2,ans shuffle=byte,primary,1.06115198,-1,5.03090291,1.89485998,1
fields/00018__plt00018__fab0000_comp02_ez.f32__c0010__dt-f32/chunk_0,1000000,2,ans shuffle=byte,primary,2.5938561,-1,5.03107187,3.4275361,1
fields/00018__plt00018__fab0000_comp02_ez.f32__c0018__dt-f32/chunk_0,1000000,2,ans shuffle=byte,primary,2.61356807,-1,5.03165128,3.44715207,1
fields/00018__plt00018__fab0000_comp02_ez.f32__c0026__dt-f32/chunk_0,1000000,2,ans shuffle=byte,primary,1.35472,-1,5.03014269,2.188554,1
fields/00017__plt00017__fab0000_comp02_ez.f32__c0058__dt-f32/chunk_0,1000000,2,ans shuffle=byte,primary,2.30323195,-1,5.03354735,3.13650195,1
fields/00018__plt00018__fab0000_comp02_ez.f32__c0034__dt-f32/chunk_0,1000000,2,ans shuffle=byte,primary,1.30441594,-1,1.42530276,4.24716194,1
fields/00018__plt00018__fab0000_comp02_ez.f32__c0042__dt-f32/chunk_0,1000000,2,ans shuffle=byte,primary,0.768544018,-1,5.03090291,1.60225202,1
fields/00018__plt00018__fab0000_comp02_ez.f32__c0050__dt-f32/chunk_0,1000000,2,ans shuffle=byte,primary,1.34374404,-1,5.03150642,2.17735204,1
fields/00019__plt00019__fab0000_comp02_ez.f32__c0002__dt-f32/chunk_0,1000000,2,ans shuffle=byte,primary,0.422239989,-1,5.03264141,1.25565999,1
fields/00019__plt00019__fab0000_comp02_ez.f32__c0026__dt-f32/chunk_0,1000000,2,ans shuffle=byte,primary,2.78499198,-1,5.03014269,3.61882598,1
fields/00018__plt00018__fab0000_comp02_ez.f32__c0058__dt-f32/chunk_0,1000000,2,ans shuffle=byte,primary,1.32636797,-1,5.03354735,2.15963797,1
fields/00019__plt00019__fab0000_comp02_ez.f32__c0034__dt-f32/chunk_0,1000000,2,ans shuffle=byte,primary,4.53728008,-1,1.38455851,7.56662408,1
fields/00019__plt00019__fab0000_comp02_ez.f32__c0018__dt-f32/chunk_0,1000000,2,ans shuffle=byte,primary,2.59631991,-1,5.03165128,3.42990391,1
fields/00019__plt00019__fab0000_comp02_ez.f32__c0010__dt-f32/chunk_0,1000000,2,ans shuffle=byte,primary,3.94617605,-1,5.03107187,4.77985605,1
fields/00019__plt00019__fab0000_comp02_ez.f32__c0042__dt-f32/chunk_0,1000000,2,ans shuffle=byte,primary,2.4577601,-1,5.03090291,3.2914681,1
fields/00019__plt00019__fab0000_comp02_ez.f32__c0050__dt-f32/chunk_0,1000000,2,ans shuffle=byte,primary,3.72896004,-1,5.03150642,4.56256804,1
fields/00020__plt00020__fab0000_comp02_ez.f32__c0026__dt-f32/chunk_0,1000000,2,ans shuffle=byte,primary,3.4706881,-1,5.03014269,4.3045221,1
fields/00019__plt00019__fab0000_comp02_ez.f32__c0058__dt-f32/chunk_0,1000000,2,ans shuffle=byte,primary,4.19673586,-1,5.03354735,5.03000586,1
fields/00020__plt00020__fab0000_comp02_ez.f32__c0018__dt-f32/chunk_0,1000000,2,ans shuffle=byte,primary,4.28134394,-1,5.03165128,5.11492794,1
fields/00020__plt00020__fab0000_comp02_ez.f32__c0002__dt-f32/chunk_0,1000000,2,ans shuffle=byte,primary,2.634624,-1,5.03264141,3.468044,1
fields/00020__plt00020__fab0000_comp02_ez.f32__c0010__dt-f32/chunk_0,1000000,2,ans shuffle=byte,primary,2.61152005,-1,5.03107187,3.44520005,1
fields/00021__plt00021__fab0000_comp02_ez.f32__c0002__dt-f32/chunk_0,1000000,2,ans shuffle=byte,primary,1.70675194,-1,5.03264141,2.54017194,1
fields/00021__plt00021__fab0000_comp02_ez.f32__c0018__dt-f32/chunk_0,1000000,2,ans shuffle=byte,primary,2.1652801,-1,5.03165128,2.9988641,1
fields/00020__plt00020__fab0000_comp02_ez.f32__c0050__dt-f32/chunk_0,1000000,2,ans shuffle=byte,primary,1.82515204,-1,5.03150642,2.65876004,1
fields/00021__plt00021__fab0000_comp02_ez.f32__c0010__dt-f32/chunk_0,1000000,2,ans shuffle=byte,primary,2.34217596,-1,5.03107187,3.17585596,1
fields/00020__plt00020__fab0000_comp02_ez.f32__c0034__dt-f32/chunk_0,1000000,2,ans shuffle=byte,primary,3.63308811,-1,1.35650721,6.72507611,1
fields/00020__plt00020__fab0000_comp02_ez.f32__c0042__dt-f32/chunk_0,1000000,2,ans shuffle=byte,primary,2.2331841,-1,5.03090291,3.0668921,1
fields/00020__plt00020__fab0000_comp02_ez.f32__c0058__dt-f32/chunk_0,1000000,2,ans shuffle=byte,primary,2.09779191,-1,5.03354735,2.93106191,1
fields/00021__plt00021__fab0000_comp02_ez.f32__c0026__dt-f32/chunk_0,1000000,2,ans shuffle=byte,primary,3.43532801,-1,5.03014269,4.26916201,1
fields/00022__plt00022__fab0000_comp02_ez.f32__c0018__dt-f32/chunk_0,1000000,2,ans shuffle=byte,primary,4.08319998,-1,5.03165128,4.91678398,1
fields/00021__plt00021__fab0000_comp02_ez.f32__c0034__dt-f32/chunk_0,1000000,2,ans shuffle=byte,primary,3.29545593,-1,1.3365914,6.43351593,1
fields/00022__plt00022__fab0000_comp02_ez.f32__c0010__dt-f32/chunk_0,1000000,2,ans shuffle=byte,primary,2.31446409,-1,5.03107187,3.14814409,1
fields/00021__plt00021__fab0000_comp02_ez.f32__c0050__dt-f32/chunk_0,1000000,2,ans shuffle=byte,primary,3.32419205,-1,5.03150642,4.15780005,1
fields/00021__plt00021__fab0000_comp02_ez.f32__c0058__dt-f32/chunk_0,1000000,2,ans shuffle=byte,primary,1.64336002,-1,5.03354735,2.47663002,1
fields/00021__plt00021__fab0000_comp02_ez.f32__c0042__dt-f32/chunk_0,1000000,2,ans shuffle=byte,primary,2.78783989,-1,5.03090291,3.62154789,1
fields/00022__plt00022__fab0000_comp02_ez.f32__c0026__dt-f32/chunk_0,1000000,2,ans shuffle=byte,primary,3.96844792,-1,5.03014269,4.80228192,1
fields/00022__plt00022__fab0000_comp02_ez.f32__c0002__dt-f32/chunk_0,1000000,2,ans shuffle=byte,primary,2.96655989,-1,5.03264141,3.79997989,1
fields/00022__plt00022__fab0000_comp02_ez.f32__c0050__dt-f32/chunk_0,1000000,2,ans shuffle=byte,primary,5.5303359,-1,5.03150642,6.3639439,1
fields/00022__plt00022__fab0000_comp02_ez.f32__c0034__dt-f32/chunk_0,1000000,2,ans shuffle=byte,primary,2.83712006,-1,1.32308756,6.00720806,1
fields/00023__plt00023__fab0000_comp02_ez.f32__c0018__dt-f32/chunk_0,1000000,2,ans shuffle=byte,primary,1.82460797,-1,5.03165128,2.65819197,1
fields/00023__plt00023__fab0000_comp02_ez.f32__c0026__dt-f32/chunk_0,1000000,2,ans shuffle=byte,primary,1.49388802,-1,5.03014269,2.32772202,1
fields/00022__plt00022__fab0000_comp02_ez.f32__c0042__dt-f32/chunk_0,1000000,2,ans shuffle=byte,primary,2.91926408,-1,5.03090291,3.75297208,1
fields/00023__plt00023__fab0000_comp02_ez.f32__c0002__dt-f32/chunk_0,1000000,2,ans shuffle=byte,primary,2.89209604,-1,5.03264141,3.72551604,1
fields/00022__plt00022__fab0000_comp02_ez.f32__c0058__dt-f32/chunk_0,1000000,2,ans shuffle=byte,primary,4.07993603,-1,5.03354735,4.91320603,1
fields/00023__plt00023__fab0000_comp02_ez.f32__c0010__dt-f32/chunk_0,1000000,2,ans shuffle=byte,primary,1.82159996,-1,5.03107187,2.65527996,1
fields/00023__plt00023__fab0000_comp02_ez.f32__c0034__dt-f32/chunk_0,1000000,2,ans shuffle=byte,primary,1.50060797,-1,1.31323813,4.69447197,1
fields/00023__plt00023__fab0000_comp02_ez.f32__c0042__dt-f32/chunk_0,1000000,2,ans shuffle=byte,primary,3.28348804,-1,5.03090291,4.11719604,1
fields/00024__plt00024__fab0000_comp02_ez.f32__c0010__dt-f32/chunk_0,1000000,2,ans shuffle=byte,primary,7.40502405,-1,5.03107187,8.23870405,1
fields/00023__plt00023__fab0000_comp02_ez.f32__c0058__dt-f32/chunk_0,1000000,2,ans shuffle=byte,primary,2.61187196,-1,5.03354735,3.44514196,1
fields/00024__plt00024__fab0000_comp02_ez.f32__c0018__dt-f32/chunk_0,1000000,2,ans shuffle=byte,primary,0.696799994,-1,5.03165128,1.53038399,1
fields/00024__plt00024__fab0000_comp02_ez.f32__c0042__dt-f32/chunk_0,1000000,2,ans shuffle=byte,primary,2.34374404,-1,5.03090291,3.17745204,1
fields/00023__plt00023__fab0000_comp02_ez.f32__c0050__dt-f32/chunk_0,1000000,2,ans shuffle=byte,primary,2.02806401,-1,5.03150642,2.86167201,1
fields/00024__plt00024__fab0000_comp02_ez.f32__c0026__dt-f32/chunk_0,1000000,2,ans shuffle=byte,primary,0.57891202,-1,5.03014269,1.41274602,1
fields/00024__plt00024__fab0000_comp02_ez.f32__c0002__dt-f32/chunk_0,1000000,2,ans shuffle=byte,primary,2.61033607,-1,5.03264141,3.44375607,1
fields/00024__plt00024__fab0000_comp02_ez.f32__c0034__dt-f32/chunk_0,1000000,2,ans shuffle=byte,primary,0.993503988,-1,1.30549963,4.20629999,1
fields/00025__plt00025__fab0000_comp02_ez.f32__c0018__dt-f32/chunk_0,1000000,2,ans shuffle=byte,primary,2.8386879,-1,5.03165128,3.6722719,1
fields/00024__plt00024__fab0000_comp02_ez.f32__c0050__dt-f32/chunk_0,1000000,2,ans shuffle=byte,primary,3.65708804,-1,5.03150642,4.49069604,1
fields/00025__plt00025__fab0000_comp02_ez.f32__c0002__dt-f32/chunk_0,1000000,2,ans shuffle=byte,primary,1.83603203,-1,5.03264141,2.66945203,1
fields/00025__plt00025__fab0000_comp02_ez.f32__c0010__dt-f32/chunk_0,1000000,2,ans shuffle=byte,primary,2.837888,-1,5.03107187,3.671568,1
fields/00024__plt00024__fab0000_comp02_ez.f32__c0058__dt-f32/chunk_0,1000000,2,ans shuffle=byte,primary,1.812096,-1,5.03354735,2.645366,1
fields/00025__plt00025__fab0000_comp02_ez.f32__c0026__dt-f32/chunk_0,1000000,2,ans shuffle=byte,primary,2.07996798,-1,5.03014269,2.91380198,1
fields/00025__plt00025__fab0000_comp02_ez.f32__c0042__dt-f32/chunk_0,1000000,2,ans shuffle=byte,primary,1.10332799,-1,5.03090291,1.93703599,1
fields/00025__plt00025__fab0000_comp02_ez.f32__c0034__dt-f32/chunk_0,1000000,2,ans shuffle=byte,primary,1.68281603,-1,1.29948272,4.91048803,1
fields/00025__plt00025__fab0000_comp02_ez.f32__c0050__dt-f32/chunk_0,1000000,2,ans shuffle=byte,primary,2.1050241,-1,5.03150642,2.9386321,1
fields/00026__plt00026__fab0000_comp02_ez.f32__c0002__dt-f32/chunk_0,1000000,2,ans shuffle=byte,primary,2.10380793,-1,5.03264141,2.93722793,1
fields/00025__plt00025__fab0000_comp02_ez.f32__c0058__dt-f32/chunk_0,1000000,2,ans shuffle=byte,primary,3.96304011,-1,5.03354735,4.79631011,1
fields/00026__plt00026__fab0000_comp02_ez.f32__c0010__dt-f32/chunk_0,1000000,2,ans shuffle=byte,primary,3.69353604,-1,5.03107187,4.52721604,1
fields/00026__plt00026__fab0000_comp02_ez.f32__c0034__dt-f32/chunk_0,1000000,2,ans shuffle=byte,primary,3.27801609,-1,1.29420753,6.51884409,1
fields/00026__plt00026__fab0000_comp02_ez.f32__c0042__dt-f32/chunk_0,1000000,2,ans shuffle=byte,primary,3.13935995,-1,5.03090291,3.97306795,1
fields/00026__plt00026__fab0000_comp02_ez.f32__c0018__dt-f32/chunk_0,1000000,2,ans shuffle=byte,primary,3.48748803,-1,5.03165128,4.32107203,1
fields/00026__plt00026__fab0000_comp02_ez.f32__c0026__dt-f32/chunk_0,1000000,2,ans shuffle=byte,primary,1.595456,-1,5.03014269,2.42929,1
fields/00026__plt00026__fab0000_comp02_ez.f32__c0058__dt-f32/chunk_0,1000000,2,ans shuffle=byte,primary,2.32640004,-1,5.03354735,3.15967004,1
fields/00027__plt00027__fab0000_comp02_ez.f32__c0002__dt-f32/chunk_0,1000000,2,ans shuffle=byte,primary,1.67535996,-1,5.03264141,2.50877996,1
fields/00026__plt00026__fab0000_comp02_ez.f32__c0050__dt-f32/chunk_0,1000000,2,ans shuffle=byte,primary,2.22086406,-1,5.03150642,3.05447206,1
fields/00027__plt00027__fab0000_comp02_ez.f32__c0018__dt-f32/chunk_0,1000000,2,ans shuffle=byte,primary,3.55795193,-1,5.03165128,4.39153593,1
fields/00027__plt00027__fab0000_comp02_ez.f32__c0010__dt-f32/chunk_0,1000000,2,ans shuffle=byte,primary,2.5960319,-1,5.03107187,3.4297119,1
fields/00027__plt00027__fab0000_comp02_ez.f32__c0026__dt-f32/chunk_0,1000000,2,ans shuffle=byte,primary,1.94188797,-1,5.03014269,2.77572197,1
fields/00027__plt00027__fab0000_comp02_ez.f32__c0042__dt-f32/chunk_0,1000000,2,ans shuffle=byte,primary,3.68476796,-1,5.03090291,4.51847596,1
fields/00027__plt00027__fab0000_comp02_ez.f32__c0034__dt-f32/chunk_0,1000000,2,ans shuffle=byte,primary,3.79439998,-1,1.28972648,7.04648798,1
fields/00027__plt00027__fab0000_comp02_ez.f32__c0050__dt-f32/chunk_0,1000000,2,ans shuffle=byte,primary,4.6500802,-1,5.03150642,5.4836882,1
fields/00027__plt00027__fab0000_comp02_ez.f32__c0058__dt-f32/chunk_0,1000000,2,ans shuffle=byte,primary,2.15004802,-1,5.03354735,2.98331802,1
fields/00028__plt00028__fab0000_comp02_ez.f32__c0058__dt-f32/chunk_0,1000000,2,ans shuffle=byte,primary,1.29584002,-1,5.03354735,2.12911002,1
fields/00028__plt00028__fab0000_comp02_ez.f32__c0002__dt-f32/chunk_0,1000000,2,ans shuffle=byte,primary,2.92032003,-1,5.03264141,3.75374003,1
fields/00028__plt00028__fab0000_comp02_ez.f32__c0010__dt-f32/chunk_0,1000000,2,ans shuffle=byte,primary,1.78924799,-1,5.03107187,2.62292799,1
fields/00028__plt00028__fab0000_comp02_ez.f32__c0018__dt-f32/chunk_0,1000000,2,ans shuffle=byte,primary,1.34294403,-1,5.03165128,2.17652803,1
fields/00028__plt00028__fab0000_comp02_ez.f32__c0026__dt-f32/chunk_0,1000000,2,ans shuffle=byte,primary,0.765024006,-1,5.03014269,1.59885801,1
fields/00028__plt00028__fab0000_comp02_ez.f32__c0034__dt-f32/chunk_0,1000000,2,ans shuffle=byte,primary,2.120224,-1,1.28582719,5.382174,1
fields/00028__plt00028__fab0000_comp02_ez.f32__c0042__dt-f32/chunk_0,1000000,2,ans shuffle=byte,primary,2.33846402,-1,5.03090291,3.17217202,1
fields/00028__plt00028__fab0000_comp02_ez.f32__c0050__dt-f32/chunk_0,1000000,2,ans shuffle=byte,primary,1.31369603,-1,5.03150642,2.14730403,1
fields/00029__plt00029__fab0000_comp02_ez.f32__c0002__dt-f32/chunk_0,1000000,2,ans shuffle=byte,primary,4.36787224,-1,5.03264141,5.20129224,1
fields/00029__plt00029__fab0000_comp02_ez.f32__c0010__dt-f32/chunk_0,1000000,2,ans shuffle=byte,primary,12.1809597,-1,5.03107187,13.0146397,1
fields/00029__plt00029__fab0000_comp02_ez.f32__c0050__dt-f32/chunk_0,1000000,2,ans shuffle=byte,primary,3.53436804,-1,5.03150642,4.36797604,1
fields/00029__plt00029__fab0000_comp02_ez.f32__c0042__dt-f32/chunk_0,1000000,2,ans shuffle=byte,primary,4.2613759,-1,5.03090291,5.0950839,1
fields/00029__plt00029__fab0000_comp02_ez.f32__c0018__dt-f32/chunk_0,1000000,2,ans shuffle=byte,primary,1.97507203,-1,5.03165128,2.80865603,1
fields/00030__plt00030__fab0000_comp02_ez.f32__c0002__dt-f32/chunk_0,1000000,2,ans shuffle=byte,primary,2.64284801,-1,5.03264141,3.47626801,1
fields/00029__plt00029__fab0000_comp02_ez.f32__c0034__dt-f32/chunk_0,1000000,2,ans shuffle=byte,primary,1.38345599,-1,1.28240765,4.65410399,1
fields/00029__plt00029__fab0000_comp02_ez.f32__c0058__dt-f32/chunk_0,1000000,2,ans shuffle=byte,primary,4.61945581,-1,5.03354735,5.45272581,1
fields/00029__plt00029__fab0000_comp02_ez.f32__c0026__dt-f32/chunk_0,1000000,2,ans shuffle=byte,primary,2.95209599,-1,5.03014269,3.78592999,1
fields/00030__plt00030__fab0000_comp02_ez.f32__c0010__dt-f32/chunk_0,1000000,2,ans shuffle=byte,primary,2.71286392,-1,5.03107187,3.54654392,1
fields/00030__plt00030__fab0000_comp02_ez.f32__c0018__dt-f32/chunk_0,1000000,2,ans shuffle=byte,primary,2.86435199,-1,5.03165128,3.69793599,1
fields/00030__plt00030__fab0000_comp02_ez.f32__c0050__dt-f32/chunk_0,1000000,2,ans shuffle=byte,primary,3.0025599,-1,5.03150642,3.8361679,1
fields/00030__plt00030__fab0000_comp02_ez.f32__c0026__dt-f32/chunk_0,1000000,2,ans shuffle=byte,primary,2.58383989,-1,5.03014269,3.41767389,1
fields/00030__plt00030__fab0000_comp02_ez.f32__c0058__dt-f32/chunk_0,1000000,2,ans shuffle=byte,primary,3.56927991,-1,5.03354735,4.40254991,1
fields/00030__plt00030__fab0000_comp02_ez.f32__c0034__dt-f32/chunk_0,1000000,2,ans shuffle=byte,primary,1.98736,-1,1.27925824,5.26606,1
fields/00030__plt00030__fab0000_comp02_ez.f32__c0042__dt-f32/chunk_0,1000000,2,ans shuffle=byte,primary,6.99875212,-1,5.03090291,7.83246012,1
fields/00031__plt00031__fab0000_comp02_ez.f32__c0026__dt-f32/chunk_0,1000000,2,ans shuffle=byte,primary,2.03119993,-1,5.03014269,2.86503393,1
fields/00031__plt00031__fab0000_comp02_ez.f32__c0002__dt-f32/chunk_0,1000000,2,ans shuffle=byte,primary,4.7938242,-1,5.03264141,5.6272442,1
fields/00031__plt00031__fab0000_comp02_ez.f32__c0018__dt-f32/chunk_0,1000000,2,ans shuffle=byte,primary,4.80326414,-1,5.03165128,5.63684814,1
fields/00031__plt00031__fab0000_comp02_ez.f32__c0010__dt-f32/chunk_0,1000000,2,ans shuffle=byte,primary,4.50665617,-1,5.03107187,5.34033617,1
fields/00031__plt00031__fab0000_comp02_ez.f32__c0034__dt-f32/chunk_0,1000000,2,ans shuffle=byte,primary,2.26060796,-1,1.27628037,5.54695796,1
fields/00031__plt00031__fab0000_comp02_ez.f32__c0050__dt-f32/chunk_0,1000000,2,ans shuffle=byte,primary,3.23648,-1,5.03150642,4.070088,1
fields/00031__plt00031__fab0000_comp02_ez.f32__c0042__dt-f32/chunk_0,1000000,2,ans shuffle=byte,primary,3.21203208,-1,5.03090291,4.04574008,1
fields/00032__plt00032__fab0000_comp02_ez.f32__c0002__dt-f32/chunk_0,1000000,2,ans shuffle=byte,primary,4.43919992,-1,5.03264141,5.27261992,1
fields/00032__plt00032__fab0000_comp02_ez.f32__c0018__dt-f32/chunk_0,1000000,2,ans shuffle=byte,primary,1.74601603,-1,5.03165128,2.57960003,1
fields/00032__plt00032__fab0000_comp02_ez.f32__c0050__dt-f32/chunk_0,1000000,2,ans shuffle=byte,primary,1.14835203,-1,5.03150642,1.98196003,1
fields/00031__plt00031__fab0000_comp02_ez.f32__c0058__dt-f32/chunk_0,1000000,2,ans shuffle=byte,primary,2.95430398,-1,5.03354735,3.78757398,1
fields/00032__plt00032__fab0000_comp02_ez.f32__c0042__dt-f32/chunk_0,1000000,2,ans shuffle=byte,primary,1.36182404,-1,5.03090291,2.19553204,1
fields/00032__plt00032__fab0000_comp02_ez.f32__c0010__dt-f32/chunk_0,1000000,2,ans shuffle=byte,primary,4.24620819,-1,5.03107187,5.07988819,1
fields/00032__plt00032__fab0000_comp02_ez.f32__c0026__dt-f32/chunk_0,1000000,2,ans shuffle=byte,primary,1.350016,-1,5.03014269,2.18385,1
fields/00033__plt00033__fab0000_comp02_ez.f32__c0018__dt-f32/chunk_0,1000000,2,ans shuffle=byte,primary,2.64009595,-1,5.03165128,3.47367995,1
fields/00032__plt00032__fab0000_comp02_ez.f32__c0034__dt-f32/chunk_0,1000000,2,ans shuffle=byte,primary,1.04431999,-1,1.27374555,4.33720999,1
fields/00032__plt00032__fab0000_comp02_ez.f32__c0058__dt-f32/chunk_0,1000000,2,ans shuffle=byte,primary,3.67772794,-1,5.03354735,4.51099794,1
fields/00033__plt00033__fab0000_comp02_ez.f32__c0002__dt-f32/chunk_0,1000000,2,ans shuffle=byte,primary,2.94704008,-1,5.03264141,3.78046008,1
fields/00033__plt00033__fab0000_comp02_ez.f32__c0010__dt-f32/chunk_0,1000000,2,ans shuffle=byte,primary,2.5960319,-1,5.03107187,3.4297119,1
fields/00033__plt00033__fab0000_comp02_ez.f32__c0034__dt-f32/chunk_0,1000000,2,ans shuffle=byte,primary,2.51151991,-1,1.2710952,5.81127591,1
fields/00033__plt00033__fab0000_comp02_ez.f32__c0026__dt-f32/chunk_0,1000000,2,ans shuffle=byte,primary,2.81177592,-1,5.01673799,3.64783792,1
fields/00034__plt00034__fab0000_comp02_ez.f32__c0002__dt-f32/chunk_0,1000000,2,ans shuffle=byte,primary,2.54998398,-1,5.03264141,3.38340398,1
fields/00033__plt00033__fab0000_comp02_ez.f32__c0050__dt-f32/chunk_0,1000000,2,ans shuffle=byte,primary,3.20128012,-1,5.03150642,4.03488812,1
fields/00033__plt00033__fab0000_comp02_ez.f32__c0042__dt-f32/chunk_0,1000000,2,ans shuffle=byte,primary,3.64790392,-1,5.03090291,4.48161192,1
fields/00033__plt00033__fab0000_comp02_ez.f32__c0058__dt-f32/chunk_0,1000000,2,ans shuffle=byte,primary,1.70275199,-1,5.03354735,2.53602199,1
fields/00034__plt00034__fab0000_comp02_ez.f32__c0010__dt-f32/chunk_0,1000000,2,ans shuffle=byte,primary,1.48336005,-1,5.03107187,2.31704005,1
fields/00034__plt00034__fab0000_comp02_ez.f32__c0018__dt-f32/chunk_0,1000000,2,ans shuffle=byte,primary,3.43721604,-1,5.03165128,4.27080004,1
fields/00034__plt00034__fab0000_comp02_ez.f32__c0026__dt-f32/chunk_0,1000000,2,ans shuffle=byte,primary,3.78102398,-1,4.98671258,4.62211998,1
fields/00034__plt00034__fab0000_comp02_ez.f32__c0034__dt-f32/chunk_0,1000000,2,ans shuffle=byte,primary,4.15052795,-1,1.2688864,7.45602795,1
fields/00034__plt00034__fab0000_comp02_ez.f32__c0050__dt-f32/chunk_0,1000000,2,ans shuffle=byte,primary,2.53708792,-1,5.03150642,3.37069592,1
fields/00034__plt00034__fab0000_comp02_ez.f32__c0058__dt-f32/chunk_0,1000000,2,ans shuffle=byte,primary,1.52297604,-1,5.03354735,2.35624604,1
fields/00035__plt00035__fab0000_comp02_ez.f32__c0010__dt-f32/chunk_0,1000000,2,ans shuffle=byte,primary,2.6654079,-1,5.03107187,3.4990879,1
fields/00034__plt00034__fab0000_comp02_ez.f32__c0042__dt-f32/chunk_0,1000000,2,ans shuffle=byte,primary,4.23350382,-1,5.03090291,5.06721182,1
fields/00035__plt00035__fab0000_comp02_ez.f32__c0018__dt-f32/chunk_0,1000000,2,ans shuffle=byte,primary,3.47721601,-1,5.03165128,4.31080001,1
fields/00035__plt00035__fab0000_comp02_ez.f32__c0002__dt-f32/chunk_0,1000000,2,ans shuffle=byte,primary,0.936864018,-1,5.03264141,1.77028402,1
fields/00035__plt00035__fab0000_comp02_ez.f32__c0026__dt-f32/chunk_0,1000000,2,ans shuffle=byte,primary,3.50633597,-1,4.94103233,4.35520797,1
fields/00035__plt00035__fab0000_comp02_ez.f32__c0042__dt-f32/chunk_0,1000000,2,ans shuffle=byte,primary,3.80985594,-1,5.03090291,4.64356394,1
fields/00035__plt00035__fab0000_comp02_ez.f32__c0058__dt-f32/chunk_0,1000000,2,ans shuffle=byte,primary,1.55408001,-1,5.03354735,2.38735001,1
fields/00036__plt00036__fab0000_comp02_ez.f32__c0010__dt-f32/chunk_0,1000000,2,ans shuffle=byte,primary,2.29897594,-1,5.03107187,3.13265594,1
fields/00035__plt00035__fab0000_comp02_ez.f32__c0034__dt-f32/chunk_0,1000000,2,ans shuffle=byte,primary,3.82448006,-1,1.26674189,7.13557606,1
fields/00035__plt00035__fab0000_comp02_ez.f32__c0050__dt-f32/chunk_0,1000000,2,ans shuffle=byte,primary,2.82249594,-1,5.03150642,3.65610394,1
fields/00036__plt00036__fab0000_comp02_ez.f32__c0018__dt-f32/chunk_0,1000000,2,ans shuffle=byte,primary,1.53561604,-1,5.03165128,2.36920004,1
fields/00036__plt00036__fab0000_comp02_ez.f32__c0002__dt-f32/chunk_0,1000000,2,ans shuffle=byte,primary,2.99952006,-1,5.03264141,3.83294006,1
fields/00036__plt00036__fab0000_comp02_ez.f32__c0042__dt-f32/chunk_0,1000000,2,ans shuffle=byte,primary,2.9083519,-1,5.03090291,3.7420599,1
fields/00036__plt00036__fab0000_comp02_ez.f32__c0026__dt-f32/chunk_0,1000000,2,ans shuffle=byte,primary,2.80665588,-1,4.90842024,3.66116788,1
fields/00036__plt00036__fab0000_comp02_ez.f32__c0034__dt-f32/chunk_0,1000000,2,ans shuffle=byte,primary,4.05539179,-1,1.26487691,7.37136979,1
fields/00036__plt00036__fab0000_comp02_ez.f32__c0050__dt-f32/chunk_0,1000000,2,ans shuffle=byte,primary,2.90553594,-1,5.03150642,3.73914394,1
fields/00036__plt00036__fab0000_comp02_ez.f32__c0058__dt-f32/chunk_0,1000000,2,ans shuffle=byte,primary,3.24246407,-1,5.03354735,4.07573407,1
fields/00037__plt00037__fab0000_comp02_ez.f32__c0002__dt-f32/chunk_0,1000000,2,ans shuffle=byte,primary,4.17644787,-1,5.03264141,5.00986787,1
fields/00037__plt00037__fab0000_comp02_ez.f32__c0010__dt-f32/chunk_0,1000000,2,ans shuffle=byte,primary,2.98886395,-1,5.03107187,3.82254395,1
fields/00037__plt00037__fab0000_comp02_ez.f32__c0018__dt-f32/chunk_0,1000000,2,ans shuffle=byte,primary,2.93072009,-1,5.03165128,3.76430409,1
fields/00037__plt00037__fab0000_comp02_ez.f32__c0026__dt-f32/chunk_0,1000000,2,ans shuffle=byte,primary,2.94303989,-1,4.87679146,3.80309389,1
fields/00037__plt00037__fab0000_comp02_ez.f32__c0034__dt-f32/chunk_0,1000000,2,ans shuffle=byte,primary,2.85696006,-1,1.26314521,6.17748406,1
fields/00038__plt00038__fab0000_comp02_ez.f32__c0002__dt-f32/chunk_0,1000000,2,ans shuffle=byte,primary,4.8768959,-1,5.03264141,5.7103159,1
fields/00037__plt00037__fab0000_comp02_ez.f32__c0042__dt-f32/chunk_0,1000000,2,ans shuffle=byte,primary,2.32713604,-1,5.03090291,3.16084404,1
fields/00037__plt00037__fab0000_comp02_ez.f32__c0050__dt-f32/chunk_0,1000000,2,ans shuffle=byte,primary,3.73420811,-1,5.03150642,4.56781611,1
fields/00037__plt00037__fab0000_comp02_ez.f32__c0058__dt-f32/chunk_0,1000000,2,ans shuffle=byte,primary,4.86953592,-1,5.03354735,5.70280592,1
fields/00038__plt00038__fab0000_comp02_ez.f32__c0010__dt-f32/chunk_0,1000000,2,ans shuffle=byte,primary,4.49692822,-1,5.03107187,5.33060822,1
fields/00038__plt00038__fab0000_comp02_ez.f32__c0018__dt-f32/chunk_0,1000000,2,ans shuffle=byte,primary,4.55833578,-1,5.03165128,5.39191978,1
fields/00038__plt00038__fab0000_comp02_ez.f32__c0026__dt-f32/chunk_0,1000000,2,ans shuffle=byte,primary,1.79772794,-1,4.70494061,2.68919594,1
fields/00038__plt00038__fab0000_comp02_ez.f32__c0034__dt-f32/chunk_0,1000000,2,ans shuffle=byte,primary,1.80255997,-1,1.26181596,5.12658197,1
fields/00038__plt00038__fab0000_comp02_ez.f32__c0050__dt-f32/chunk_0,1000000,2,ans shuffle=byte,primary,1.98803198,-1,5.03150642,2.82163998,1
fields/00038__plt00038__fab0000_comp02_ez.f32__c0042__dt-f32/chunk_0,1000000,2,ans shuffle=byte,primary,2.75088,-1,5.03090291,3.584588,1
fields/00038__plt00038__fab0000_comp02_ez.f32__c0058__dt-f32/chunk_0,1000000,2,ans shuffle=byte,primary,2.03257608,-1,5.03354735,2.86584608,1
fields/00039__plt00039__fab0000_comp02_ez.f32__c0018__dt-f32/chunk_0,1000000,2,ans shuffle=byte,primary,2.03238392,-1,5.03165128,2.86596792,1
fields/00039__plt00039__fab0000_comp02_ez.f32__c0010__dt-f32/chunk_0,1000000,2,ans shuffle=byte,primary,2.7688961,-1,5.03107187,3.6025761,1
fields/00039__plt00039__fab0000_comp02_ez.f32__c0026__dt-f32/chunk_0,1000000,2,ans shuffle=byte,primary,3.50633597,-1,4.29200725,4.48357197,1
fields/00039__plt00039__fab0000_comp02_ez.f32__c0002__dt-f32/chunk_0,1000000,2,ans shuffle=byte,primary,2.06496,-1,5.03264141,2.89838,1
fields/00039__plt00039__fab0000_comp02_ez.f32__c0034__dt-f32/chunk_0,1000000,2,ans shuffle=byte,primary,2.87091208,-1,1.26013352,6.19937208,1
fields/00039__plt00039__fab0000_comp02_ez.f32__c0058__dt-f32/chunk_0,1000000,2,ans shuffle=byte,primary,1.08192003,-1,5.03354735,1.91519003,1
fields/00039__plt00039__fab0000_comp02_ez.f32__c0042__dt-f32/chunk_0,1000000,2,ans shuffle=byte,primary,1.00761604,-1,5.03090291,1.84132404,1
fields/00040__plt00040__fab0000_comp02_ez.f32__c0002__dt-f32/chunk_0,1000000,2,ans shuffle=byte,primary,1.68172801,-1,5.03264141,2.51514801,1
fields/00039__plt00039__fab0000_comp02_ez.f32__c0050__dt-f32/chunk_0,1000000,2,ans shuffle=byte,primary,0.935392022,-1,5.03150642,1.76900002,1
fields/00040__plt00040__fab0000_comp02_ez.f32__c0010__dt-f32/chunk_0,1000000,2,ans shuffle=byte,primary,4.11891222,-1,5.03107187,4.95259222,1
fields/00040__plt00040__fab0000_comp02_ez.f32__c0018__dt-f32/chunk_0,1000000,2,ans shuffle=byte,primary,3.951648,-1,5.03165128,4.785232,1
fields/00040__plt00040__fab0000_comp02_ez.f32__c0034__dt-f32/chunk_0,1000000,2,ans shuffle=byte,primary,4.0332799,-1,1.25878943,7.3652939,1
fields/00040__plt00040__fab0000_comp02_ez.f32__c0026__dt-f32/chunk_0,1000000,2,ans shuffle=byte,primary,3.86992002,-1,3.823717,4.96683802,1
fields/00040__plt00040__fab0000_comp02_ez.f32__c0042__dt-f32/chunk_0,1000000,2,ans shuffle=byte,primary,0.540127993,-1,5.03090291,1.37383599,1
fields/00040__plt00040__fab0000_comp02_ez.f32__c0050__dt-f32/chunk_0,1000000,2,ans shuffle=byte,primary,1.77795196,-1,5.03150642,2.61155996,1
fields/00040__plt00040__fab0000_comp02_ez.f32__c0058__dt-f32/chunk_0,1000000,2,ans shuffle=byte,primary,2.80425596,-1,5.03354735,3.63752596,1
fields/00041__plt00041__fab0000_comp02_ez.f32__c0010__dt-f32/chunk_0,1000000,2,ans shuffle=byte,primary,1.443488,-1,5.03107187,2.277168,1
fields/00041__plt00041__fab0000_comp02_ez.f32__c0034__dt-f32/chunk_0,1000000,2,ans shuffle=byte,primary,1.47046399,-1,1.25744821,4.80603199,1
fields/00041__plt00041__fab0000_comp02_ez.f32__c0002__dt-f32/chunk_0,1000000,2,ans shuffle=byte,primary,1.85404801,-1,5.03264141,2.68746801,1
fields/00041__plt00041__fab0000_comp02_ez.f32__c0018__dt-f32/chunk_0,1000000,2,ans shuffle=byte,primary,2.41267204,-1,5.03165128,3.24625604,1
fields/00041__plt00041__fab0000_comp02_ez.f32__c0026__dt-f32/chunk_0,1000000,2,ans shuffle=byte,primary,3.14185596,-1,3.37271691,4.38545396,1
fields/00041__plt00041__fab0000_comp02_ez.f32__c0042__dt-f32/chunk_0,1000000,2,ans shuffle=byte,primary,4.53273582,-1,5.03090291,5.36644382,1
fields/00041__plt00041__fab0000_comp02_ez.f32__c0050__dt-f32/chunk_0,1000000,2,ans shuffle=byte,primary,2.67612791,-1,5.03150642,3.50973591,1
fields/00041__plt00041__fab0000_comp02_ez.f32__c0058__dt-f32/chunk_0,1000000,2,ans shuffle=byte,primary,4.00153589,-1,5.03354735,4.83480589,1
fields/00042__plt00042__fab0000_comp02_ez.f32__c0002__dt-f32/chunk_0,1000000,2,ans shuffle=byte,primary,3.21219206,-1,5.03264141,4.04561206,1
fields/00042__plt00042__fab0000_comp02_ez.f32__c0010__dt-f32/chunk_0,1000000,2,ans shuffle=byte,primary,3.62227201,-1,5.03107187,4.45595201,1
fields/00042__plt00042__fab0000_comp02_ez.f32__c0034__dt-f32/chunk_0,1000000,2,ans shuffle=byte,primary,3.27647996,-1,1.25614219,6.61551596,1
fields/00042__plt00042__fab0000_comp02_ez.f32__c0050__dt-f32/chunk_0,1000000,2,ans shuffle=byte,primary,2.86873603,-1,5.03150642,3.70234403,1
fields/00043__plt00043__fab0000_comp02_ez.f32__c0010__dt-f32/chunk_0,1000000,2,ans shuffle=byte,primary,3.77206397,-1,5.03107187,4.60574397,1
fields/00042__plt00042__fab0000_comp02_ez.f32__c0042__dt-f32/chunk_0,1000000,2,ans shuffle=byte,primary,1.99078405,-1,5.03090291,2.82449205,1
fields/00042__plt00042__fab0000_comp02_ez.f32__c0018__dt-f32/chunk_0,1000000,2,ans shuffle=byte,primary,3.640064,-1,5.03165128,4.473648,1
fields/00042__plt00042__fab0000_comp02_ez.f32__c0026__dt-f32/chunk_0,1000000,2,ans shuffle=byte,primary,2.00659204,-1,2.9835879,3.41238404,1
fields/00043__plt00043__fab0000_comp02_ez.f32__c0002__dt-f32/chunk_0,1000000,2,ans shuffle=byte,primary,2.05936003,-1,5.03264141,2.89278003,1
fields/00042__plt00042__fab0000_comp02_ez.f32__c0058__dt-f32/chunk_0,1000000,2,ans shuffle=byte,primary,1.49647999,-1,5.03354735,2.32974999,1
fields/00043__plt00043__fab0000_comp02_ez.f32__c0018__dt-f32/chunk_0,1000000,2,ans shuffle=byte,primary,4.32476807,-1,5.03165128,5.15835207,1
fields/00043__plt00043__fab0000_comp02_ez.f32__c0042__dt-f32/chunk_0,1000000,2,ans shuffle=byte,primary,1.80921602,-1,5.03090291,2.64292402,1
fields/00043__plt00043__fab0000_comp02_ez.f32__c0034__dt-f32/chunk_0,1000000,2,ans shuffle=byte,primary,1.35539198,-1,1.25500334,4.69745798,1
fields/00044__plt00044__fab0000_comp02_ez.f32__c0002__dt-f32/chunk_0,1000000,2,ans shuffle=byte,primary,1.27724802,-1,5.03264141,2.11066802,1
fields/00043__plt00043__fab0000_comp02_ez.f32__c0026__dt-f32/chunk_0,1000000,2,ans shuffle=byte,primary,2.08944011,-1,2.65493533,3.66925411,1
fields/00043__plt00043__fab0000_comp02_ez.f32__c0058__dt-f32/chunk_0,1000000,2,ans shuffle=byte,primary,1.31503999,-1,5.03354735,2.14830999,1
fields/00043__plt00043__fab0000_comp02_ez.f32__c0050__dt-f32/chunk_0,1000000,2,ans shuffle=byte,primary,1.420192,-1,5.03150642,2.2538,1
fields/00044__plt00044__fab0000_comp02_ez.f32__c0010__dt-f32/chunk_0,1000000,2,ans shuffle=byte,primary,0.203199998,-1,5.03107187,1.03688,1
fields/00044__plt00044__fab0000_comp02_ez.f32__c0018__dt-f32/chunk_0,1000000,2,ans shuffle=byte,primary,1.44588804,-1,5.03165128,2.27947204,1
fields/00044__plt00044__fab0000_comp02_ez.f32__c0026__dt-f32/chunk_0,1000000,2,ans shuffle=byte,primary,3.66233611,-1,2.37767753,5.42637011,1
fields/00045__plt00045__fab0000_comp02_ez.f32__c0026__dt-f32/chunk_0,1000000,2,ans shuffle=byte,primary,2.36393595,-1,2.14616834,4.31825795,1
fields/00045__plt00045__fab0000_comp02_ez.f32__c0018__dt-f32/chunk_0,1000000,2,ans shuffle=byte,primary,1.87894404,-1,5.03165128,2.71252804,1
fields/00044__plt00044__fab0000_comp02_ez.f32__c0034__dt-f32/chunk_0,1000000,2,ans shuffle=byte,primary,1.92288005,-1,1.25413425,5.26726205,1
fields/00044__plt00044__fab0000_comp02_ez.f32__c0042__dt-f32/chunk_0,1000000,2,ans shuffle=byte,primary,1.56886399,-1,5.03090291,2.40257199,1
fields/00045__plt00045__fab0000_comp02_ez.f32__c0002__dt-f32/chunk_0,1000000,2,ans shuffle=byte,primary,4.68742418,-1,5.03264141,5.52084418,1
fields/00044__plt00044__fab0000_comp02_ez.f32__c0050__dt-f32/chunk_0,1000000,2,ans shuffle=byte,primary,1.89907205,-1,5.03150642,2.73268005,1
fields/00044__plt00044__fab0000_comp02_ez.f32__c0058__dt-f32/chunk_0,1000000,2,ans shuffle=byte,primary,2.03894401,-1,5.03354735,2.87221401,1
fields/00045__plt00045__fab0000_comp02_ez.f32__c0010__dt-f32/chunk_0,1000000,2,ans shuffle=byte,primary,4.35436821,-1,5.03107187,5.18804821,1
fields/00045__plt00045__fab0000_comp02_ez.f32__c0034__dt-f32/chunk_0,1000000,2,ans shuffle=byte,primary,2.98169589,-1,1.25319071,6.32859589,1
fields/00046__plt00046__fab0000_comp02_ez.f32__c0010__dt-f32/chunk_0,1000000,2,ans shuffle=byte,primary,0.471008003,-1,5.03107187,1.304688,1
fields/00045__plt00045__fab0000_comp02_ez.f32__c0050__dt-f32/chunk_0,1000000,2,ans shuffle=byte,primary,1.98182404,-1,5.03150642,2.81543204,1
fields/00045__plt00045__fab0000_comp02_ez.f32__c0042__dt-f32/chunk_0,1000000,2,ans shuffle=byte,primary,1.95702398,-1,5.03090291,2.79073198,1
fields/00045__plt00045__fab0000_comp02_ez.f32__c0058__dt-f32/chunk_0,1000000,2,ans shuffle=byte,primary,0.287104011,-1,5.03354735,1.12037401,1
fields/00046__plt00046__fab0000_comp02_ez.f32__c0002__dt-f32/chunk_0,1000000,2,ans shuffle=byte,primary,1.84924805,-1,5.03264141,2.68266805,1
fields/00046__plt00046__fab0000_comp02_ez.f32__c0026__dt-f32/chunk_0,1000000,2,ans shuffle=byte,primary,1.42374396,-1,1.95200664,3.57245796,1
fields/00046__plt00046__fab0000_comp02_ez.f32__c0018__dt-f32/chunk_0,1000000,2,ans shuffle=byte,primary,1.866624,-1,5.03165128,2.700208,1
fields/00046__plt00046__fab0000_comp02_ez.f32__c0034__dt-f32/chunk_0,1000000,2,ans shuffle=byte,primary,2.78089595,-1,1.25213794,6.13060995,1
fields/00047__plt00047__fab0000_comp02_ez.f32__c0002__dt-f32/chunk_0,1000000,2,ans shuffle=byte,primary,3.13583994,-1,5.03264141,3.96925994,1
fields/00046__plt00046__fab0000_comp02_ez.f32__c0042__dt-f32/chunk_0,1000000,2,ans shuffle=byte,primary,1.125664,-1,5.03090291,1.959372,1
fields/00047__plt00047__fab0000_comp02_ez.f32__c0026__dt-f32/chunk_0,1000000,2,ans shuffle=byte,primary,2.22044802,-1,1.78704744,4.56750602,1
fields/00046__plt00046__fab0000_comp02_ez.f32__c0050__dt-f32/chunk_0,1000000,2,ans shuffle=byte,primary,1.73299205,-1,5.03150642,2.56660005,1
fields/00047__plt00047__fab0000_comp02_ez.f32__c0010__dt-f32/chunk_0,1000000,2,ans shuffle=byte,primary,1.73424006,-1,5.03107187,2.56792006,1
fields/00046__plt00046__fab0000_comp02_ez.f32__c0058__dt-f32/chunk_0,1000000,2,ans shuffle=byte,primary,3.6512959,-1,5.03354735,4.4845659,1
fields/00047__plt00047__fab0000_comp02_ez.f32__c0018__dt-f32/chunk_0,1000000,2,ans shuffle=byte,primary,2.14630389,-1,5.03165128,2.97988789,1
fields/00047__plt00047__fab0000_comp02_ez.f32__c0034__dt-f32/chunk_0,1000000,2,ans shuffle=byte,primary,4.27920008,-1,1.25118397,7.63146808,1
fields/00047__plt00047__fab0000_comp02_ez.f32__c0050__dt-f32/chunk_0,1000000,2,ans shuffle=byte,primary,0.834976017,-1,5.03150642,1.66858402,1
fields/00047__plt00047__fab0000_comp02_ez.f32__c0058__dt-f32/chunk_0,1000000,2,ans shuffle=byte,primary,2.10745597,-1,5.03354735,2.94072597,1
fields/00048__plt00048__fab0000_comp02_ez.f32__c0018__dt-f32/chunk_0,1000000,2,ans shuffle=byte,primary,3.21532798,-1,5.03165128,4.04891198,1
fields/00047__plt00047__fab0000_comp02_ez.f32__c0042__dt-f32/chunk_0,1000000,2,ans shuffle=byte,primary,0.836256027,-1,5.03090291,1.66996403,1
fields/00048__plt00048__fab0000_comp02_ez.f32__c0026__dt-f32/chunk_0,1000000,2,ans shuffle=byte,primary,2.10604811,-1,1.65282347,4.64370811,1
fields/00048__plt00048__fab0000_comp02_ez.f32__c0010__dt-f32/chunk_0,1000000,2,ans shuffle=byte,primary,1.68783998,-1,5.03107187,2.52151998,1
fields/00048__plt00048__fab0000_comp02_ez.f32__c0042__dt-f32/chunk_0,1000000,2,ans shuffle=byte,primary,2.25916791,-1,5.03090291,3.09287591,1
fields/00048__plt00048__fab0000_comp02_ez.f32__c0002__dt-f32/chunk_0,1000000,2,ans shuffle=byte,primary,2.26380801,-1,5.03264141,3.09722801,1
fields/00048__plt00048__fab0000_comp02_ez.f32__c0034__dt-f32/chunk_0,1000000,2,ans shuffle=byte,primary,2.4404161,-1,1.25042602,5.7947161,1
fields/00048__plt00048__fab0000_comp02_ez.f32__c0050__dt-f32/chunk_0,1000000,2,ans shuffle=byte,primary,1.50307202,-1,5.03150642,2.33668002,1
fields/00048__plt00048__fab0000_comp02_ez.f32__c0058__dt-f32/chunk_0,1000000,2,ans shuffle=byte,primary,2.4180479,-1,5.03354735,3.2513179,1
fields/00049__plt00049__fab0000_comp02_ez.f32__c0002__dt-f32/chunk_0,1000000,2,ans shuffle=byte,primary,0.580096006,-1,5.03264141,1.41351601,1
fields/00049__plt00049__fab0000_comp02_ez.f32__c0010__dt-f32/chunk_0,1000000,2,ans shuffle=byte,primary,4.54447985,-1,5.03107187,5.37815985,1
fields/00049__plt00049__fab0000_comp02_ez.f32__c0042__dt-f32/chunk_0,1000000,2,ans shuffle=byte,primary,3.29843211,-1,5.03090291,4.13214011,1
fields/00049__plt00049__fab0000_comp02_ez.f32__c0034__dt-f32/chunk_0,1000000,2,ans shuffle=byte,primary,1.65139198,-1,1.24968983,5.00766798,1
fields/00049__plt00049__fab0000_comp02_ez.f32__c0058__dt-f32/chunk_0,1000000,2,ans shuffle=byte,primary,1.57891202,-1,5.03354735,2.41218202,1
fields/00049__plt00049__fab0000_comp02_ez.f32__c0018__dt-f32/chunk_0,1000000,2,ans shuffle=byte,primary,2.27990389,-1,5.03165128,3.11348789,1
fields/00049__plt00049__fab0000_comp02_ez.f32__c0026__dt-f32/chunk_0,1000000,2,ans shuffle=byte,primary,2.959584,-1,1.56367817,5.641916,1
fields/00049__plt00049__fab0000_comp02_ez.f32__c0050__dt-f32/chunk_0,1000000,2,ans shuffle=byte,primary,1.42534399,-1,5.03150642,2.25895199,1
fields/00050__plt00050__fab0000_comp02_ez.f32__c0002__dt-f32/chunk_0,1000000,2,ans shuffle=byte,primary,2.85654402,-1,5.03264141,3.68996402,1
fields/00050__plt00050__fab0000_comp02_ez.f32__c0050__dt-f32/chunk_0,1000000,2,ans shuffle=byte,primary,2.65247989,-1,5.03150642,3.48608789,1
fields/00050__plt00050__fab0000_comp02_ez.f32__c0010__dt-f32/chunk_0,1000000,2,ans shuffle=byte,primary,1.85555196,-1,5.03107187,2.68923196,1
fields/00050__plt00050__fab0000_comp02_ez.f32__c0018__dt-f32/chunk_0,1000000,2,ans shuffle=byte,primary,1.85180795,-1,5.03165128,2.68539195,1
fields/00051__plt00051__fab0000_comp02_ez.f32__c0002__dt-f32/chunk_0,1000000,2,ans shuffle=byte,primary,3.41961598,-1,5.03264141,4.25303598,1
fields/00050__plt00050__fab0000_comp02_ez.f32__c0026__dt-f32/chunk_0,1000000,2,ans shuffle=byte,primary,2.5754559,-1,1.50942223,5.3542039,1
fields/00050__plt00050__fab0000_comp02_ez.f32__c0034__dt-f32/chunk_0,1000000,2,ans shuffle=byte,primary,3.36867189,-1,1.24905047,6.72666589,1
fields/00050__plt00050__fab0000_comp02_ez.f32__c0058__dt-f32/chunk_0,1000000,2,ans shuffle=byte,primary,1.97081602,-1,5.03354735,2.80408602,1
fields/00050__plt00050__fab0000_comp02_ez.f32__c0042__dt-f32/chunk_0,1000000,2,ans shuffle=byte,primary,1.30473602,-1,5.03090291,2.13844402,1
fields/00051__plt00051__fab0000_comp02_ez.f32__c0018__dt-f32/chunk_0,1000000,2,ans shuffle=byte,primary,1.72156799,-1,5.03165128,2.55515199,1
fields/00051__plt00051__fab0000_comp02_ez.f32__c0026__dt-f32/chunk_0,1000000,2,ans shuffle=byte,primary,0.584511995,-1,1.47163501,3.43461,1
fields/00051__plt00051__fab0000_comp02_ez.f32__c0010__dt-f32/chunk_0,1000000,2,ans shuffle=byte,primary,4.73830414,-1,5.03107187,5.57198414,1
fields/00052__plt00052__fab0000_comp02_ez.f32__c0002__dt-f32/chunk_0,1000000,2,ans shuffle=byte,primary,2.79916811,-1,5.03264141,3.63258811,1
fields/00051__plt00051__fab0000_comp02_ez.f32__c0050__dt-f32/chunk_0,1000000,2,ans shuffle=byte,primary,2.72975993,-1,5.03150642,3.56336793,1
fields/00051__plt00051__fab0000_comp02_ez.f32__c0034__dt-f32/chunk_0,1000000,2,ans shuffle=byte,primary,3.12179208,-1,1.24821337,6.48203808,1
fields/00051__plt00051__fab0000_comp02_ez.f32__c0042__dt-f32/chunk_0,1000000,2,ans shuffle=byte,primary,1.92358398,-1,5.03090291,2.75729198,1
fields/00051__plt00051__fab0000_comp02_ez.f32__c0058__dt-f32/chunk_0,1000000,2,ans shuffle=byte,primary,2.36665606,-1,5.03354735,3.19992606,1
fields/00052__plt00052__fab0000_comp02_ez.f32__c0010__dt-f32/chunk_0,1000000,2,ans shuffle=byte,primary,2.65167999,-1,5.03107187,3.48535999,1
fields/00052__plt00052__fab0000_comp02_ez.f32__c0034__dt-f32/chunk_0,1000000,2,ans shuffle=byte,primary,3.858464,-1,1.24750947,7.220606,1
fields/00052__plt00052__fab0000_comp02_ez.f32__c0018__dt-f32/chunk_0,1000000,2,ans shuffle=byte,primary,3.83631992,-1,5.03165128,4.66990392,1
fields/00052__plt00052__fab0000_comp02_ez.f32__c0026__dt-f32/chunk_0,1000000,2,ans shuffle=byte,primary,2.17023993,-1,1.44326097,5.07636993,1
fields/00052__plt00052__fab0000_comp02_ez.f32__c0042__dt-f32/chunk_0,1000000,2,ans shuffle=byte,primary,1.62537599,-1,5.03090291,2.45908399,1
fields/00053__plt00053__fab0000_comp02_ez.f32__c0002__dt-f32/chunk_0,1000000,2,ans shuffle=byte,primary,2.05753589,-1,5.03264141,2.89095589,1
fields/00052__plt00052__fab0000_comp02_ez.f32__c0050__dt-f32/chunk_0,1000000,2,ans shuffle=byte,primary,1.31577599,-1,5.03150642,2.14938399,1
fields/00052__plt00052__fab0000_comp02_ez.f32__c0058__dt-f32/chunk_0,1000000,2,ans shuffle=byte,primary,1.62371194,-1,5.03354735,2.45698194,1
fields/00053__plt00053__fab0000_comp02_ez.f32__c0034__dt-f32/chunk_0,1000000,2,ans shuffle=byte,primary,3.2455039,-1,1.2468931,6.6093079,1
fields/00053__plt00053__fab0000_comp02_ez.f32__c0050__dt-f32/chunk_0,1000000,2,ans shuffle=byte,primary,3.12335992,-1,5.03150642,3.95696792,1
fields/00053__plt00053__fab0000_comp02_ez.f32__c0042__dt-f32/chunk_0,1000000,2,ans shuffle=byte,primary,4.34041595,-1,5.03090291,5.17412395,1
fields/00053__plt00053__fab0000_comp02_ez.f32__c0010__dt-f32/chunk_0,1000000,2,ans shuffle=byte,primary,0.231744006,-1,5.03107187,1.06542401,1
fields/00053__plt00053__fab0000_comp02_ez.f32__c0026__dt-f32/chunk_0,1000000,2,ans shuffle=byte,primary,2.66576004,-1,1.42014386,5.61919604,1
fields/00053__plt00053__fab0000_comp02_ez.f32__c0018__dt-f32/chunk_0,1000000,2,ans shuffle=byte,primary,1.64326406,-1,5.03165128,2.47684806,1
fields/00053__plt00053__fab0000_comp02_ez.f32__c0058__dt-f32/chunk_0,1000000,2,ans shuffle=byte,primary,3.31615996,-1,5.03354735,4.14942996,1
fields/00054__plt00054__fab0000_comp02_ez.f32__c0010__dt-f32/chunk_0,1000000,2,ans shuffle=byte,primary,3.55174398,-1,5.03107187,4.38542398,1
fields/00054__plt00054__fab0000_comp02_ez.f32__c0002__dt-f32/chunk_0,1000000,2,ans shuffle=byte,primary,1.71532798,-1,5.03264141,2.54874798,1
fields/00054__plt00054__fab0000_comp02_ez.f32__c0018__dt-f32/chunk_0,1000000,2,ans shuffle=byte,primary,2.04131198,-1,5.03165128,2.87489598,1
fields/00054__plt00054__fab0000_comp02_ez.f32__c0026__dt-f32/chunk_0,1000000,2,ans shuffle=byte,primary,1.70223999,-1,1.40190236,4.69410599,1
fields/00054__plt00054__fab0000_comp02_ez.f32__c0050__dt-f32/chunk_0,1000000,2,ans shuffle=byte,primary,1.70518398,-1,5.03150642,2.53879198,1
fields/00054__plt00054__fab0000_comp02_ez.f32__c0034__dt-f32/chunk_0,1000000,2,ans shuffle=byte,primary,3.21424007,-1,1.24623512,6.57982007,1
fields/00055__plt00055__fab0000_comp02_ez.f32__c0018__dt-f32/chunk_0,1000000,2,ans shuffle=byte,primary,0.683040023,-1,5.03165128,1.51662402,1
fields/00054__plt00054__fab0000_comp02_ez.f32__c0042__dt-f32/chunk_0,1000000,2,ans shuffle=byte,primary,2.83417606,-1,5.03090291,3.66788406,1
fields/00054__plt00054__fab0000_comp02_ez.f32__c0058__dt-f32/chunk_0,1000000,2,ans shuffle=byte,primary,2.25929594,-1,5.03354735,3.09256594,1
fields/00055__plt00055__fab0000_comp02_ez.f32__c0002__dt-f32/chunk_0,1000000,2,ans shuffle=byte,primary,3.84886408,-1,5.03264141,4.68228408,1
fields/00055__plt00055__fab0000_comp02_ez.f32__c0010__dt-f32/chunk_0,1000000,2,ans shuffle=byte,primary,0.677568018,-1,5.03107187,1.51124802,1
fields/00055__plt00055__fab0000_comp02_ez.f32__c0026__dt-f32/chunk_0,1000000,2,ans shuffle=byte,primary,0.838271976,-1,1.38803898,3.86001998,1
fields/00055__plt00055__fab0000_comp02_ez.f32__c0034__dt-f32/chunk_0,1000000,2,ans shuffle=byte,primary,2.60739207,-1,1.24558523,5.97472807,1
fields/00055__plt00055__fab0000_comp02_ez.f32__c0050__dt-f32/chunk_0,1000000,2,ans shuffle=byte,primary,1.735232,-1,5.03150642,2.56884,1
fields/00055__plt00055__fab0000_comp02_ez.f32__c0042__dt-f32/chunk_0,1000000,2,ans shuffle=byte,primary,3.5927999,-1,5.03090291,4.4265079,1
fields/00055__plt00055__fab0000_comp02_ez.f32__c0058__dt-f32/chunk_0,1000000,2,ans shuffle=byte,primary,3.17120004,-1,5.03354735,4.00447004,1
fields/00056__plt00056__fab0000_comp02_ez.f32__c0002__dt-f32/chunk_0,1000000,2,ans shuffle=byte,primary,1.99407995,-1,5.03264141,2.82749995,1
fields/00056__plt00056__fab0000_comp02_ez.f32__c0050__dt-f32/chunk_0,1000000,2,ans shuffle=byte,primary,0.698687971,-1,5.03150642,1.53229597,1
fields/00056__plt00056__fab0000_comp02_ez.f32__c0034__dt-f32/chunk_0,1000000,2,ans shuffle=byte,primary,1.47808003,-1,1.24501954,4.84694603,1
fields/00056__plt00056__fab0000_comp02_ez.f32__c0010__dt-f32/chunk_0,1000000,2,ans shuffle=byte,primary,1.88831997,-1,5.03107187,2.72199997,1
fields/00056__plt00056__fab0000_comp02_ez.f32__c0018__dt-f32/chunk_0,1000000,2,ans shuffle=byte,primary,1.78367996,-1,5.03165128,2.61726396,1
fields/00056__plt00056__fab0000_comp02_ez.f32__c0026__dt-f32/chunk_0,1000000,2,ans shuffle=byte,primary,1.48044801,-1,1.37667386,4.52714201,1
fields/00056__plt00056__fab0000_comp02_ez.f32__c0042__dt-f32/chunk_0,1000000,2,ans shuffle=byte,primary,2.01814389,-1,5.03090291,2.85185189,1
fields/00056__plt00056__fab0000_comp02_ez.f32__c0058__dt-f32/chunk_0,1000000,2,ans shuffle=byte,primary,0.46905601,-1,5.03354735,1.30232601,1
fields/00057__plt00057__fab0000_comp02_ez.f32__c0002__dt-f32/chunk_0,1000000,2,ans shuffle=byte,primary,2.43948793,-1,5.03264141,3.27290793,1
fields/00057__plt00057__fab0000_comp02_ez.f32__c0010__dt-f32/chunk_0,1000000,2,ans shuffle=byte,primary,2.89481592,-1,5.03107187,3.72849592,1
fields/00057__plt00057__fab0000_comp02_ez.f32__c0018__dt-f32/chunk_0,1000000,2,ans shuffle=byte,primary,1.77075195,-1,5.03165128,2.60433595,1
fields/00057__plt00057__fab0000_comp02_ez.f32__c0034__dt-f32/chunk_0,1000000,2,ans shuffle=byte,primary,1.878304,-1,1.24446396,5.248674,1
fields/00057__plt00057__fab0000_comp02_ez.f32__c0026__dt-f32/chunk_0,1000000,2,ans shuffle=byte,primary,8.27283192,-1,1.36799183,11.3388619,1
fields/00057__plt00057__fab0000_comp02_ez.f32__c0042__dt-f32/chunk_0,1000000,2,ans shuffle=byte,primary,2.99260807,-1,5.03090291,3.82631607,1
fields/00057__plt00057__fab0000_comp02_ez.f32__c0058__dt-f32/chunk_0,1000000,2,ans shuffle=byte,primary,3.26806402,-1,5.03354735,4.10133402,1
fields/00057__plt00057__fab0000_comp02_ez.f32__c0050__dt-f32/chunk_0,1000000,2,ans shuffle=byte,primary,1.01692796,-1,5.03150642,1.85053596,1
fields/00058__plt00058__fab0000_comp02_ez.f32__c0002__dt-f32/chunk_0,1000000,2,ans shuffle=byte,primary,2.69161606,-1,5.03264141,3.52503606,1
fields/00058__plt00058__fab0000_comp02_ez.f32__c0010__dt-f32/chunk_0,1000000,2,ans shuffle=byte,primary,2.63702393,-1,5.03107187,3.47070393,1
fields/00058__plt00058__fab0000_comp02_ez.f32__c0018__dt-f32/chunk_0,1000000,2,ans shuffle=byte,primary,4.01209593,-1,5.03165128,4.84567993,1
fields/00058__plt00058__fab0000_comp02_ez.f32__c0050__dt-f32/chunk_0,1000000,2,ans shuffle=byte,primary,1.24300802,-1,5.03150642,2.07661602,1
fields/00059__plt00059__fab0000_comp02_ez.f32__c0002__dt-f32/chunk_0,1000000,2,ans shuffle=byte,primary,1.67683196,-1,5.03264141,2.51025196,1
fields/00058__plt00058__fab0000_comp02_ez.f32__c0058__dt-f32/chunk_0,1000000,2,ans shuffle=byte,primary,2.94419193,-1,5.03354735,3.77746193,1
fields/00058__plt00058__fab0000_comp02_ez.f32__c0026__dt-f32/chunk_0,1000000,2,ans shuffle=byte,primary,2.96864009,-1,1.35979059,6.05316209,1
fields/00058__plt00058__fab0000_comp02_ez.f32__c0034__dt-f32/chunk_0,1000000,2,ans shuffle=byte,primary,1.83820796,-1,1.24388379,5.21014996,1
fields/00058__plt00058__fab0000_comp02_ez.f32__c0042__dt-f32/chunk_0,1000000,2,ans shuffle=byte,primary,1.53241599,-1,5.03090291,2.36612399,1
fields/00059__plt00059__fab0000_comp02_ez.f32__c0010__dt-f32/chunk_0,1000000,2,ans shuffle=byte,primary,2.58108807,-1,5.03107187,3.41476807,1
fields/00059__plt00059__fab0000_comp02_ez.f32__c0018__dt-f32/chunk_0,1000000,2,ans shuffle=byte,primary,1.72502398,-1,5.03165128,2.55860798,1
fields/00059__plt00059__fab0000_comp02_ez.f32__c0042__dt-f32/chunk_0,1000000,2,ans shuffle=byte,primary,1.19856,-1,5.03090291,2.032268,1
fields/00059__plt00059__fab0000_comp02_ez.f32__c0034__dt-f32/chunk_0,1000000,2,ans shuffle=byte,primary,1.10348797,-1,1.24327837,4.47707197,1
fields/00059__plt00059__fab0000_comp02_ez.f32__c0026__dt-f32/chunk_0,1000000,2,ans shuffle=byte,primary,1.34783995,-1,1.35343264,4.44685195,1
fields/00059__plt00059__fab0000_comp02_ez.f32__c0050__dt-f32/chunk_0,1000000,2,ans shuffle=byte,primary,2.59212804,-1,5.03150642,3.42573604,1
fields/00060__plt00060__fab0000_comp02_ez.f32__c0002__dt-f32/chunk_0,1000000,2,ans shuffle=byte,primary,1.42595196,-1,5.03264141,2.25937196,1
fields/00060__plt00060__fab0000_comp02_ez.f32__c0026__dt-f32/chunk_0,1000000,2,ans shuffle=byte,primary,3.7790401,-1,1.34733466,6.8920781,1
fields/00060__plt00060__fab0000_comp02_ez.f32__c0010__dt-f32/chunk_0,1000000,2,ans shuffle=byte,primary,3.37139201,-1,5.03107187,4.20507201,1
fields/00059__plt00059__fab0000_comp02_ez.f32__c0058__dt-f32/chunk_0,1000000,2,ans shuffle=byte,primary,2.25603199,-1,5.03354735,3.08930199,1
fields/00060__plt00060__fab0000_comp02_ez.f32__c0018__dt-f32/chunk_0,1000000,2,ans shuffle=byte,primary,2.20953608,-1,5.03165128,3.04312008,1
fields/00060__plt00060__fab0000_comp02_ez.f32__c0034__dt-f32/chunk_0,1000000,2,ans shuffle=byte,primary,1.73168004,-1,1.24298434,5.10606204,1
fields/00060__plt00060__fab0000_comp02_ez.f32__c0050__dt-f32/chunk_0,1000000,2,ans shuffle=byte,primary,1.10828805,-1,5.03150642,1.94189605,1
fields/00060__plt00060__fab0000_comp02_ez.f32__c0058__dt-f32/chunk_0,1000000,2,ans shuffle=byte,primary,0.936352015,-1,5.03354735,1.76962201,1
fields/00060__plt00060__fab0000_comp02_ez.f32__c0042__dt-f32/chunk_0,1000000,2,ans shuffle=byte,primary,1.10982394,-1,5.03090291,1.94353194,1
fields/00061__plt00061__fab0000_comp02_ez.f32__c0018__dt-f32/chunk_0,1000000,2,ans shuffle=byte,primary,2.85676789,-1,5.03165128,3.69035189,1
fields/00061__plt00061__fab0000_comp02_ez.f32__c0002__dt-f32/chunk_0,1000000,2,ans shuffle=byte,primary,8.28393555,-1,5.03264141,9.11735555,1
fields/00061__plt00061__fab0000_comp02_ez.f32__c0034__dt-f32/chunk_0,1000000,2,ans shuffle=byte,primary,1.51295996,-1,1.24233122,4.88911596,1
fields/00061__plt00061__fab0000_comp02_ez.f32__c0026__dt-f32/chunk_0,1000000,2,ans shuffle=byte,primary,2.71001601,-1,1.34197115,5.83549601,1
fields/00061__plt00061__fab0000_comp02_ez.f32__c0010__dt-f32/chunk_0,1000000,2,ans shuffle=byte,primary,1.94985604,-1,5.03107187,2.78353604,1
fields/00061__plt00061__fab0000_comp02_ez.f32__c0042__dt-f32/chunk_0,1000000,2,ans shuffle=byte,primary,2.42652798,-1,5.03090291,3.26023598,1
fields/00061__plt00061__fab0000_comp02_ez.f32__c0050__dt-f32/chunk_0,1000000,2,ans shuffle=byte,primary,1.68431997,-1,5.03150642,2.51792797,1
fields/00061__plt00061__fab0000_comp02_ez.f32__c0058__dt-f32/chunk_0,1000000,2,ans shuffle=byte,primary,1.25193596,-1,5.03354735,2.08520596,1
fields/00062__plt00062__fab0000_comp02_ez.f32__c0002__dt-f32/chunk_0,1000000,2,ans shuffle=byte,primary,2.38687992,-1,5.03264141,3.22029992,1
fields/00062__plt00062__fab0000_comp02_ez.f32__c0010__dt-f32/chunk_0,1000000,2,ans shuffle=byte,primary,1.56316805,-1,5.03107187,2.39684805,1
fields/00062__plt00062__fab0000_comp02_ez.f32__c0018__dt-f32/chunk_0,1000000,2,ans shuffle=byte,primary,2.40416002,-1,5.03165128,3.23774402,1
fields/00062__plt00062__fab0000_comp02_ez.f32__c0026__dt-f32/chunk_0,1000000,2,ans shuffle=byte,primary,3.36784005,-1,1.33759393,6.50354805,1
fields/00062__plt00062__fab0000_comp02_ez.f32__c0034__dt-f32/chunk_0,1000000,2,ans shuffle=byte,primary,0.505024016,-1,1.2418751,3.88242002,1
fields/00062__plt00062__fab0000_comp02_ez.f32__c0042__dt-f32/chunk_0,1000000,2,ans shuffle=byte,primary,1.17868805,-1,5.03090291,2.01239605,1
fields/00062__plt00062__fab0000_comp02_ez.f32__c0050__dt-f32/chunk_0,1000000,2,ans shuffle=byte,primary,2.76476789,-1,5.03150642,3.59837589,1
fields/00062__plt00062__fab0000_comp02_ez.f32__c0058__dt-f32/chunk_0,1000000,2,ans shuffle=byte,primary,1.72399998,-1,5.03354735,2.55726998,1
fields/00063__plt00063__fab0000_comp02_ez.f32__c0002__dt-f32/chunk_0,1000000,2,ans shuffle=byte,primary,3.3599999,-1,5.03264141,4.1934199,1
fields/00063__plt00063__fab0000_comp02_ez.f32__c0010__dt-f32/chunk_0,1000000,2,ans shuffle=byte,primary,2.0566721,-1,5.03107187,2.8903521,1
fields/00063__plt00063__fab0000_comp02_ez.f32__c0018__dt-f32/chunk_0,1000000,2,ans shuffle=byte,primary,0.717920005,-1,5.03165128,1.55150401,1
fields/00063__plt00063__fab0000_comp02_ez.f32__c0034__dt-f32/chunk_0,1000000,2,ans shuffle=byte,primary,1.39254403,-1,1.24135465,4.77135603,1
fields/00063__plt00063__fab0000_comp02_ez.f32__c0042__dt-f32/chunk_0,1000000,2,ans shuffle=byte,primary,1.14038396,-1,5.03090291,1.97409196,1
fields/00063__plt00063__fab0000_comp02_ez.f32__c0026__dt-f32/chunk_0,1000000,2,ans shuffle=byte,primary,2.6436801,-1,1.33316212,5.7898121,1
fields/00064__plt00064__fab0000_comp02_ez.f32__c0002__dt-f32/chunk_0,1000000,2,ans shuffle=byte,primary,1.31740797,-1,5.03264141,2.15082797,1
fields/00063__plt00063__fab0000_comp02_ez.f32__c0050__dt-f32/chunk_0,1000000,2,ans shuffle=byte,primary,0.491136014,-1,5.03150642,1.32474401,1
fields/00063__plt00063__fab0000_comp02_ez.f32__c0058__dt-f32/chunk_0,1000000,2,ans shuffle=byte,primary,1.31702399,-1,5.03354735,2.15029399,1
fields/00064__plt00064__fab0000_comp02_ez.f32__c0010__dt-f32/chunk_0,1000000,2,ans shuffle=byte,primary,1.78595197,-1,5.03107187,2.61963197,1
fields/00064__plt00064__fab0000_comp02_ez.f32__c0018__dt-f32/chunk_0,1000000,2,ans shuffle=byte,primary,2.46051192,-1,5.03165128,3.29409592,1
fields/00064__plt00064__fab0000_comp02_ez.f32__c0026__dt-f32/chunk_0,1000000,2,ans shuffle=byte,primary,1.57756805,-1,1.3295312,4.73229205,1
fields/00064__plt00064__fab0000_comp02_ez.f32__c0042__dt-f32/chunk_0,1000000,2,ans shuffle=byte,primary,1.39692795,-1,5.03090291,2.23063595,1
fields/00064__plt00064__fab0000_comp02_ez.f32__c0034__dt-f32/chunk_0,1000000,2,ans shuffle=byte,primary,1.98512006,-1,1.24099838,5.36490206,1
fields/00064__plt00064__fab0000_comp02_ez.f32__c0050__dt-f32/chunk_0,1000000,2,ans shuffle=byte,primary,2.71555209,-1,5.03150642,3.54916009,1
fields/00064__plt00064__fab0000_comp02_ez.f32__c0058__dt-f32/chunk_0,1000000,2,ans shuffle=byte,primary,1.22764802,-1,5.03354735,2.06091802,1
fields/00065__plt00065__fab0000_comp02_ez.f32__c0010__dt-f32/chunk_0,1000000,2,ans shuffle=byte,primary,1.81107199,-1,5.03107187,2.64475199,1
fields/00065__plt00065__fab0000_comp02_ez.f32__c0018__dt-f32/chunk_0,1000000,2,ans shuffle=byte,primary,1.61161602,-1,5.03165128,2.44520002,1
fields/00065__plt00065__fab0000_comp02_ez.f32__c0026__dt-f32/chunk_0,1000000,2,ans shuffle=byte,primary,3.04604793,-1,1.32596277,6.20926193,1
fields/00065__plt00065__fab0000_comp02_ez.f32__c0034__dt-f32/chunk_0,1000000,2,ans shuffle=byte,primary,1.48355198,-1,1.2404097,4.86493798,1
fields/00065__plt00065__fab0000_comp02_ez.f32__c0002__dt-f32/chunk_0,1000000,2,ans shuffle=byte,primary,3.02876806,-1,5.03264141,3.86218806,1
fields/00065__plt00065__fab0000_comp02_ez.f32__c0042__dt-f32/chunk_0,1000000,2,ans shuffle=byte,primary,1.22656,-1,5.03090291,2.060268,1
fields/00065__plt00065__fab0000_comp02_ez.f32__c0050__dt-f32/chunk_0,1000000,2,ans shuffle=byte,primary,1.97676802,-1,5.03150642,2.81037602,1
fields/00065__plt00065__fab0000_comp02_ez.f32__c0058__dt-f32/chunk_0,1000000,2,ans shuffle=byte,primary,2.89593601,-1,5.03354735,3.72920601,1
fields/00066__plt00066__fab0000_comp02_ez.f32__c0002__dt-f32/chunk_0,1000000,2,ans shuffle=byte,primary,3.27923203,-1,5.03264141,4.11265203,1
fields/00066__plt00066__fab0000_comp02_ez.f32__c0026__dt-f32/chunk_0,1000000,2,ans shuffle=byte,primary,1.82438397,-1,1.32260276,4.99563397,1
fields/00066__plt00066__fab0000_comp02_ez.f32__c0050__dt-f32/chunk_0,1000000,2,ans shuffle=byte,primary,1.39062405,-1,5.03150642,2.22423205,1
fields/00066__plt00066__fab0000_comp02_ez.f32__c0010__dt-f32/chunk_0,1000000,2,ans shuffle=byte,primary,1.687904,-1,5.03107187,2.521584,1
fields/00066__plt00066__fab0000_comp02_ez.f32__c0018__dt-f32/chunk_0,1000000,2,ans shuffle=byte,primary,1.22796798,-1,5.03165128,2.06155198,1
fields/00066__plt00066__fab0000_comp02_ez.f32__c0058__dt-f32/chunk_0,1000000,2,ans shuffle=byte,primary,1.23238397,-1,5.03354735,2.06565397,1
fields/00066__plt00066__fab0000_comp02_ez.f32__c0042__dt-f32/chunk_0,1000000,2,ans shuffle=byte,primary,3.732512,-1,5.03090291,4.56622,1
fields/00066__plt00066__fab0000_comp02_ez.f32__c0034__dt-f32/chunk_0,1000000,2,ans shuffle=byte,primary,0.241696,-1,1.24017497,3.623722,1
fields/00067__plt00067__fab0000_comp02_ez.f32__c0010__dt-f32/chunk_0,1000000,2,ans shuffle=byte,primary,3.07584,-1,5.03107187,3.90952,1
fields/00067__plt00067__fab0000_comp02_ez.f32__c0002__dt-f32/chunk_0,1000000,2,ans shuffle=byte,primary,2.01606393,-1,5.03264141,2.84948393,1
fields/00067__plt00067__fab0000_comp02_ez.f32__c0026__dt-f32/chunk_0,1000000,2,ans shuffle=byte,primary,2.97638392,-1,1.31948966,6.15511592,1
fields/00067__plt00067__fab0000_comp02_ez.f32__c0058__dt-f32/chunk_0,1000000,2,ans shuffle=byte,primary,0.633567989,-1,5.03354735,1.46683799,1
fields/00067__plt00067__fab0000_comp02_ez.f32__c0018__dt-f32/chunk_0,1000000,2,ans shuffle=byte,primary,2.53324795,-1,5.03165128,3.36683195,1
fields/00067__plt00067__fab0000_comp02_ez.f32__c0042__dt-f32/chunk_0,1000000,2,ans shuffle=byte,primary,0.634944022,-1,5.03090291,1.46865202,1
fields/00067__plt00067__fab0000_comp02_ez.f32__c0034__dt-f32/chunk_0,1000000,2,ans shuffle=byte,primary,1.99088001,-1,1.23972044,5.37414601,1
fields/00067__plt00067__fab0000_comp02_ez.f32__c0050__dt-f32/chunk_0,1000000,2,ans shuffle=byte,primary,3.19891191,-1,5.03150642,4.03251991,1
fields/00068__plt00068__fab0000_comp02_ez.f32__c0002__dt-f32/chunk_0,1000000,2,ans shuffle=byte,primary,2.91075206,-1,5.03264141,3.74417206,1
fields/00068__plt00068__fab0000_comp02_ez.f32__c0010__dt-f32/chunk_0,1000000,2,ans shuffle=byte,primary,2.05241609,-1,5.03107187,2.88609609,1
fields/00068__plt00068__fab0000_comp02_ez.f32__c0018__dt-f32/chunk_0,1000000,2,ans shuffle=byte,primary,3.82636809,-1,5.03165128,4.65995209,1
fields/00068__plt00068__fab0000_comp02_ez.f32__c0026__dt-f32/chunk_0,1000000,2,ans shuffle=byte,primary,1.85318398,-1,1.31701533,5.03788798,1
fields/00068__plt00068__fab0000_comp02_ez.f32__c0034__dt-f32/chunk_0,1000000,2,ans shuffle=byte,primary,2.21382403,-1,1.239516,5.59764803,1
fields/00068__plt00068__fab0000_comp02_ez.f32__c0042__dt-f32/chunk_0,1000000,2,ans shuffle=byte,primary,1.40864003,-1,5.03090291,2.24234803,1
fields/00068__plt00068__fab0000_comp02_ez.f32__c0058__dt-f32/chunk_0,1000000,2,ans shuffle=byte,primary,0.839519978,-1,5.03354735,1.67278998,1
fields/00069__plt00069__fab0000_comp02_ez.f32__c0002__dt-f32/chunk_0,1000000,2,ans shuffle=byte,primary,1.06396794,-1,5.03264141,1.89738794,1
fields/00068__plt00068__fab0000_comp02_ez.f32__c0050__dt-f32/chunk_0,1000000,2,ans shuffle=byte,primary,1.30032003,-1,5.03150642,2.13392803,1
fields/00069__plt00069__fab0000_comp02_ez.f32__c0010__dt-f32/chunk_0,1000000,2,ans shuffle=byte,primary,0.424576014,-1,5.03107187,1.25825601,1
fields/00069__plt00069__fab0000_comp02_ez.f32__c0018__dt-f32/chunk_0,1000000,39,spspeed shuffle=bit,primary,0.128831998,-1,3.56047531,1.30685,1
fields/00069__plt00069__fab0000_comp02_ez.f32__c0042__dt-f32/chunk_0,1000000,2,ans shuffle=byte,primary,1.69951999,-1,5.03090291,2.53322799,1
fields/00069__plt00069__fab0000_comp02_ez.f32__c0026__dt-f32/chunk_0,1000000,2,ans shuffle=byte,primary,3.5086081,-1,1.31421087,6.7001081,1
fields/00069__plt00069__fab0000_comp02_ez.f32__c0034__dt-f32/chunk_0,1000000,2,ans shuffle=byte,primary,0.485920012,-1,1.23898435,3.87119601,1
fields/00069__plt00069__fab0000_comp02_ez.f32__c0050__dt-f32/chunk_0,1000000,2,ans shuffle=byte,primary,1.74537599,-1,5.03150642,2.57898399,1
fields/00069__plt00069__fab0000_comp02_ez.f32__c0058__dt-f32/chunk_0,1000000,2,ans shuffle=byte,primary,1.50748801,-1,5.03354735,2.34075801,1
fields/00070__plt00070__fab0000_comp02_ez.f32__c0010__dt-f32/chunk_0,1000000,2,ans shuffle=byte,primary,1.56137598,-1,5.03107187,2.39505598,1
fields/00070__plt00070__fab0000_comp02_ez.f32__c0002__dt-f32/chunk_0,1000000,2,ans shuffle=byte,primary,2.50979209,-1,5.03264141,3.34321209,1
fields/00070__plt00070__fab0000_comp02_ez.f32__c0018__dt-f32/chunk_0,1000000,2,ans shuffle=byte,primary,1.58406401,-1,5.03165128,2.41764801,1
fields/00070__plt00070__fab0000_comp02_ez.f32__c0042__dt-f32/chunk_0,1000000,2,ans shuffle=byte,primary,1.95001602,-1,5.03090291,2.78372402,1
fields/00071__plt00071__fab0000_comp02_ez.f32__c0002__dt-f32/chunk_0,1000000,2,ans shuffle=byte,primary,2.1389761,-1,5.03264141,2.9723961,1
fields/00070__plt00070__fab0000_comp02_ez.f32__c0026__dt-f32/chunk_0,1000000,2,ans shuffle=byte,primary,3.40540791,-1,1.31194913,6.60240991,1
fields/00070__plt00070__fab0000_comp02_ez.f32__c0034__dt-f32/chunk_0,1000000,2,ans shuffle=byte,primary,2.86214399,-1,1.23876919,6.24800799,1
fields/00070__plt00070__fab0000_comp02_ez.f32__c0050__dt-f32/chunk_0,1000000,2,ans shuffle=byte,primary,3.49270391,-1,5.03150642,4.32631191,1
fields/00070__plt00070__fab0000_comp02_ez.f32__c0058__dt-f32/chunk_0,1000000,2,ans shuffle=byte,primary,3.63375998,-1,5.03354735,4.46702998,1
fields/00071__plt00071__fab0000_comp02_ez.f32__c0026__dt-f32/chunk_0,1000000,2,ans shuffle=byte,primary,0.592127979,-1,1.30964037,3.79476598,1
fields/00071__plt00071__fab0000_comp02_ez.f32__c0034__dt-f32/chunk_0,1000000,2,ans shuffle=byte,primary,2.87935996,-1,1.23841001,6.26620596,1
fields/00071__plt00071__fab0000_comp02_ez.f32__c0010__dt-f32/chunk_0,1000000,2,ans shuffle=byte,primary,0.636640012,-1,5.03107187,1.47032001,1
fields/00071__plt00071__fab0000_comp02_ez.f32__c0018__dt-f32/chunk_0,1000000,2,ans shuffle=byte,primary,2.29385591,-1,5.03165128,3.12743991,1
fields/00071__plt00071__fab0000_comp02_ez.f32__c0050__dt-f32/chunk_0,1000000,2,ans shuffle=byte,primary,3.89142394,-1,5.03150642,4.72503194,1
fields/00071__plt00071__fab0000_comp02_ez.f32__c0058__dt-f32/chunk_0,1000000,2,ans shuffle=byte,primary,3.79452801,-1,5.03354735,4.62779801,1
fields/00071__plt00071__fab0000_comp02_ez.f32__c0042__dt-f32/chunk_0,1000000,2,ans shuffle=byte,primary,1.58246398,-1,5.03090291,2.41617198,1
fields/00072__plt00072__fab0000_comp02_ez.f32__c0026__dt-f32/chunk_0,1000000,2,ans shuffle=byte,primary,2.11481595,-1,1.30724681,5.32331795,1
fields/00072__plt00072__fab0000_comp02_ez.f32__c0018__dt-f32/chunk_0,1000000,2,ans shuffle=byte,primary,2.23327994,-1,5.03165128,3.06686394,1
fields/00072__plt00072__fab0000_comp02_ez.f32__c0002__dt-f32/chunk_0,1000000,2,ans shuffle=byte,primary,3.27174401,-1,5.03264141,4.10516401,1
fields/00072__plt00072__fab0000_comp02_ez.f32__c0010__dt-f32/chunk_0,1000000,2,ans shuffle=byte,primary,2.80144,-1,5.03107187,3.63512,1
fields/00072__plt00072__fab0000_comp02_ez.f32__c0034__dt-f32/chunk_0,1000000,2,ans shuffle=byte,primary,1.95907199,-1,1.23818189,5.34654199,1
fields/00073__plt00073__fab0000_comp02_ez.f32__c0010__dt-f32/chunk_0,1000000,2,ans shuffle=byte,primary,2.66192007,-1,5.03107187,3.49560007,1
fields/00072__plt00072__fab0000_comp02_ez.f32__c0042__dt-f32/chunk_0,1000000,2,ans shuffle=byte,primary,1.941504,-1,5.03090291,2.775212,1
fields/00072__plt00072__fab0000_comp02_ez.f32__c0050__dt-f32/chunk_0,1000000,39,spspeed shuffle=bit,primary,0.973792017,-1,3.56047531,2.15181002,1
fields/00072__plt00072__fab0000_comp02_ez.f32__c0058__dt-f32/chunk_0,1000000,2,ans shuffle=byte,primary,4.01139212,-1,5.03354735,4.84466212,1
fields/00073__plt00073__fab0000_comp02_ez.f32__c0002__dt-f32/chunk_0,1000000,2,ans shuffle=byte,primary,3.82841611,-1,5.03264141,4.66183611,1
fields/00073__plt00073__fab0000_comp02_ez.f32__c0018__dt-f32/chunk_0,1000000,2,ans shuffle=byte,primary,3.03532791,-1,5.03165128,3.86891191,1
fields/00073__plt00073__fab0000_comp02_ez.f32__c0034__dt-f32/chunk_0,1000000,2,ans shuffle=byte,primary,2.44521594,-1,1.23795312,5.83331194,1
fields/00073__plt00073__fab0000_comp02_ez.f32__c0042__dt-f32/chunk_0,1000000,2,ans shuffle=byte,primary,1.43862402,-1,5.03090291,2.27233202,1
fields/00073__plt00073__fab0000_comp02_ez.f32__c0026__dt-f32/chunk_0,1000000,2,ans shuffle=byte,primary,2.98937607,-1,1.30535093,6.20253807,1
fields/00073__plt00073__fab0000_comp02_ez.f32__c0050__dt-f32/chunk_0,1000000,2,ans shuffle=byte,primary,2.48822403,-1,5.03150642,3.32183203,1
fields/00073__plt00073__fab0000_comp02_ez.f32__c0058__dt-f32/chunk_0,1000000,2,ans shuffle=byte,primary,1.64064002,-1,5.03354735,2.47391002,1
fields/00074__plt00074__fab0000_comp02_ez.f32__c0018__dt-f32/chunk_0,1000000,39,spspeed shuffle=bit,primary,0.586463988,-1,3.56047531,1.76448199,1
fields/00074__plt00074__fab0000_comp02_ez.f32__c0002__dt-f32/chunk_0,1000000,2,ans shuffle=byte,primary,1.35964799,-1,5.03264141,2.19306799,1
fields/00074__plt00074__fab0000_comp02_ez.f32__c0042__dt-f32/chunk_0,1000000,2,ans shuffle=byte,primary,3.06083202,-1,5.03090291,3.89454002,1
fields/00074__plt00074__fab0000_comp02_ez.f32__c0050__dt-f32/chunk_0,1000000,2,ans shuffle=byte,primary,2.41574407,-1,5.03150642,3.24935207,1
fields/00074__plt00074__fab0000_comp02_ez.f32__c0058__dt-f32/chunk_0,1000000,2,ans shuffle=byte,primary,1.63833594,-1,5.03354735,2.47160594,1
fields/00074__plt00074__fab0000_comp02_ez.f32__c0010__dt-f32/chunk_0,1000000,2,ans shuffle=byte,primary,1.06991994,-1,5.03107187,1.90359994,1
fields/00074__plt00074__fab0000_comp02_ez.f32__c0026__dt-f32/chunk_0,1000000,2,ans shuffle=byte,primary,1.07657599,-1,1.30342165,4.29449399,1
fields/00074__plt00074__fab0000_comp02_ez.f32__c0034__dt-f32/chunk_0,1000000,2,ans shuffle=byte,primary,2.44630408,-1,1.23757177,5.83544408,1
fields/00075__plt00075__fab0000_comp02_ez.f32__c0018__dt-f32/chunk_0,1000000,2,ans shuffle=byte,primary,0.556640029,-1,5.03165128,1.39022403,1
fields/00075__plt00075__fab0000_comp02_ez.f32__c0002__dt-f32/chunk_0,1000000,2,ans shuffle=byte,primary,3.00569606,-1,5.03264141,3.83911606,1
fields/00075__plt00075__fab0000_comp02_ez.f32__c0026__dt-f32/chunk_0,1000000,2,ans shuffle=byte,primary,1.43312001,-1,1.30170488,4.65528201,1
fields/00075__plt00075__fab0000_comp02_ez.f32__c0010__dt-f32/chunk_0,1000000,2,ans shuffle=byte,primary,0.552160025,-1,5.03107187,1.38584002,1
fields/00076__plt00076__fab0000_comp02_ez.f32__c0002__dt-f32/chunk_0,1000000,2,ans shuffle=byte,primary,3.27686405,-1,5.03264141,4.11028405,1
fields/00075__plt00075__fab0000_comp02_ez.f32__c0034__dt-f32/chunk_0,1000000,2,ans shuffle=byte,primary,1.25724804,-1,1.23732498,4.64706404,1
fields/00075__plt00075__fab0000_comp02_ez.f32__c0042__dt-f32/chunk_0,1000000,2,ans shuffle=byte,primary,3.31062388,-1,5.03090291,4.14433188,1
fields/00075__plt00075__fab0000_comp02_ez.f32__c0050__dt-f32/chunk_0,1000000,2,ans shuffle=byte,primary,1.98755205,-1,5.03150642,2.82116005,1
fields/00075__plt00075__fab0000_comp02_ez.f32__c0058__dt-f32/chunk_0,1000000,2,ans shuffle=byte,primary,1.68761599,-1,5.03354735,2.52088599,1
fields/00076__plt00076__fab0000_comp02_ez.f32__c0010__dt-f32/chunk_0,1000000,2,ans shuffle=byte,primary,1.10927999,-1,5.03107187,1.94295999,1
fields/00076__plt00076__fab0000_comp02_ez.f32__c0018__dt-f32/chunk_0,1000000,2,ans shuffle=byte,primary,2.4158721,-1,5.03165128,3.2494561,1
fields/00076__plt00076__fab0000_comp02_ez.f32__c0034__dt-f32/chunk_0,1000000,2,ans shuffle=byte,primary,2.88924789,-1,1.23710309,6.27967189,1
fields/00076__plt00076__fab0000_comp02_ez.f32__c0042__dt-f32/chunk_0,1000000,2,ans shuffle=byte,primary,2.9036479,-1,5.03090291,3.7373559,1
fields/00076__plt00076__fab0000_comp02_ez.f32__c0026__dt-f32/chunk_0,1000000,2,ans shuffle=byte,primary,2.00374389,-1,1.29962365,5.23106589,1
fields/00076__plt00076__fab0000_comp02_ez.f32__c0050__dt-f32/chunk_0,1000000,2,ans shuffle=byte,primary,1.47231996,-1,5.03150642,2.30592796,1
fields/00076__plt00076__fab0000_comp02_ez.f32__c0058__dt-f32/chunk_0,1000000,2,ans shuffle=byte,primary,3.26924801,-1,5.03354735,4.10251801,1
fields/00077__plt00077__fab0000_comp02_ez.f32__c0010__dt-f32/chunk_0,1000000,2,ans shuffle=byte,primary,3.4296,-1,5.03107187,4.26328,1
fields/00078__plt00078__fab0000_comp02_ez.f32__c0002__dt-f32/chunk_0,1000000,2,ans shuffle=byte,primary,1.31388795,-1,5.03264141,2.14730795,1
fields/00077__plt00077__fab0000_comp02_ez.f32__c0002__dt-f32/chunk_0,1000000,2,ans shuffle=byte,primary,3.12931204,-1,5.03264141,3.96273204,1
fields/00077__plt00077__fab0000_comp02_ez.f32__c0018__dt-f32/chunk_0,1000000,2,ans shuffle=byte,primary,1.75516796,-1,5.03165128,2.58875196,1
fields/00077__plt00077__fab0000_comp02_ez.f32__c0026__dt-f32/chunk_0,1000000,2,ans shuffle=byte,primary,1.92841601,-1,1.29816673,5.15936001,1
fields/00077__plt00077__fab0000_comp02_ez.f32__c0034__dt-f32/chunk_0,1000000,2,ans shuffle=byte,primary,2.06675196,-1,1.23691922,5.45767996,1
fields/00077__plt00077__fab0000_comp02_ez.f32__c0042__dt-f32/chunk_0,1000000,2,ans shuffle=byte,primary,2.80243206,-1,5.03090291,3.63614006,1
fields/00077__plt00077__fab0000_comp02_ez.f32__c0058__dt-f32/chunk_0,1000000,2,ans shuffle=byte,primary,2.34863997,-1,5.03354735,3.18190997,1
fields/00077__plt00077__fab0000_comp02_ez.f32__c0050__dt-f32/chunk_0,1000000,2,ans shuffle=byte,primary,3.42739201,-1,5.03150642,4.26100001,1
fields/00078__plt00078__fab0000_comp02_ez.f32__c0010__dt-f32/chunk_0,1000000,2,ans shuffle=byte,primary,1.31542397,-1,5.03107187,2.14910397,1
fields/00078__plt00078__fab0000_comp02_ez.f32__c0018__dt-f32/chunk_0,1000000,2,ans shuffle=byte,primary,0.818848014,-1,5.03165128,1.65243201,1
fields/00078__plt00078__fab0000_comp02_ez.f32__c0034__dt-f32/chunk_0,1000000,2,ans shuffle=byte,primary,0.797599971,-1,1.2366457,4.18927797,1
fields/00078__plt00078__fab0000_comp02_ez.f32__c0050__dt-f32/chunk_0,1000000,2,ans shuffle=byte,primary,1.52668798,-1,5.03150642,2.36029598,1
fields/00078__plt00078__fab0000_comp02_ez.f32__c0026__dt-f32/chunk_0,1000000,2,ans shuffle=byte,primary,1.82300794,-1,1.29647658,5.05816394,1
fields/00078__plt00078__fab0000_comp02_ez.f32__c0042__dt-f32/chunk_0,1000000,2,ans shuffle=byte,primary,1.84867203,-1,5.03090291,2.68238003,1
fields/00078__plt00078__fab0000_comp02_ez.f32__c0058__dt-f32/chunk_0,1000000,2,ans shuffle=byte,primary,1.66217601,-1,5.03354735,2.49544601,1
fields/00079__plt00079__fab0000_comp02_ez.f32__c0002__dt-f32/chunk_0,1000000,2,ans shuffle=byte,primary,1.41430402,-1,5.03264141,2.24772402,1
fields/00079__plt00079__fab0000_comp02_ez.f32__c0010__dt-f32/chunk_0,1000000,2,ans shuffle=byte,primary,0.616255999,-1,5.03107187,1.449936,1
fields/00079__plt00079__fab0000_comp02_ez.f32__c0018__dt-f32/chunk_0,1000000,2,ans shuffle=byte,primary,2.62649608,-1,5.03165128,3.46008008,1
fields/00080__plt00080__fab0000_comp02_ez.f32__c0002__dt-f32/chunk_0,1000000,2,ans shuffle=byte,primary,0.81763202,-1,5.03264141,1.65105202,1
fields/00079__plt00079__fab0000_comp02_ez.f32__c0026__dt-f32/chunk_0,1000000,2,ans shuffle=byte,primary,2.34236789,-1,1.29479883,5.58171589,1
fields/00079__plt00079__fab0000_comp02_ez.f32__c0050__dt-f32/chunk_0,1000000,2,ans shuffle=byte,primary,1.37072003,-1,5.03150642,2.20432803,1
fields/00079__plt00079__fab0000_comp02_ez.f32__c0058__dt-f32/chunk_0,1000000,2,ans shuffle=byte,primary,0.984928012,-1,5.03354735,1.81819801,1
fields/00079__plt00079__fab0000_comp02_ez.f32__c0034__dt-f32/chunk_0,1000000,2,ans shuffle=byte,primary,0.772448003,-1,1.23634241,4.164958,1
fields/00079__plt00079__fab0000_comp02_ez.f32__c0042__dt-f32/chunk_0,1000000,2,ans shuffle=byte,primary,1.28243196,-1,5.03090291,2.11613996,1
fields/00080__plt00080__fab0000_comp02_ez.f32__c0018__dt-f32/chunk_0,1000000,2,ans shuffle=byte,primary,0.27561599,-1,5.03165128,1.10919999,1
fields/00080__plt00080__fab0000_comp02_ez.f32__c0026__dt-f32/chunk_0,1000000,2,ans shuffle=byte,primary,1.33084798,-1,1.2932857,4.57398598,1
fields/00080__plt00080__fab0000_comp02_ez.f32__c0042__dt-f32/chunk_0,1000000,2,ans shuffle=byte,primary,0.426975995,-1,5.03090291,1.260684,1
fields/00080__plt00080__fab0000_comp02_ez.f32__c0010__dt-f32/chunk_0,1000000,2,ans shuffle=byte,primary,1.20480001,-1,5.03107187,2.03848001,1
fields/00080__plt00080__fab0000_comp02_ez.f32__c0034__dt-f32/chunk_0,1000000,2,ans shuffle=byte,primary,0.465503991,-1,1.23612525,3.85860999,1
fields/00080__plt00080__fab0000_comp02_ez.f32__c0050__dt-f32/chunk_0,1000000,2,ans shuffle=byte,primary,1.51174402,-1,5.03150642,2.34535202,1
fields/00080__plt00080__fab0000_comp02_ez.f32__c0058__dt-f32/chunk_0,1000000,2,ans shuffle=byte,primary,1.03209603,-1,5.03354735,1.86536603,1
fields/00081__plt00081__fab0000_comp02_ez.f32__c0018__dt-f32/chunk_0,1000000,2,ans shuffle=byte,primary,0.975808024,-1,5.03165128,1.80939202,1
fields/00081__plt00081__fab0000_comp02_ez.f32__c0002__dt-f32/chunk_0,1000000,2,ans shuffle=byte,primary,0.859615982,-1,5.03264141,1.69303598,1
fields/00081__plt00081__fab0000_comp02_ez.f32__c0010__dt-f32/chunk_0,1000000,2,ans shuffle=byte,primary,1.24806404,-1,5.03107187,2.08174404,1
fields/00081__plt00081__fab0000_comp02_ez.f32__c0042__dt-f32/chunk_0,1000000,2,ans shuffle=byte,primary,1.581792,-1,5.03090291,2.4155,1
fields/00081__plt00081__fab0000_comp02_ez.f32__c0026__dt-f32/chunk_0,1000000,2,ans shuffle=byte,primary,1.42137599,-1,1.29186841,4.66807199,1
fields/00082__plt00082__fab0000_comp02_ez.f32__c0002__dt-f32/chunk_0,1000000,2,ans shuffle=byte,primary,1.65974402,-1,5.03264141,2.49316402,1
fields/00081__plt00081__fab0000_comp02_ez.f32__c0034__dt-f32/chunk_0,1000000,2,ans shuffle=byte,primary,1.861408,-1,1.23599411,5.254874,1
fields/00081__plt00081__fab0000_comp02_ez.f32__c0050__dt-f32/chunk_0,1000000,2,ans shuffle=byte,primary,1.39772797,-1,5.03150642,2.23133597,1
fields/00081__plt00081__fab0000_comp02_ez.f32__c0058__dt-f32/chunk_0,1000000,2,ans shuffle=byte,primary,1.56819201,-1,5.03354735,2.40146201,1
fields/00082__plt00082__fab0000_comp02_ez.f32__c0010__dt-f32/chunk_0,1000000,2,ans shuffle=byte,primary,1.52252805,-1,5.03107187,2.35620805,1
fields/00082__plt00082__fab0000_comp02_ez.f32__c0018__dt-f32/chunk_0,1000000,2,ans shuffle=byte,primary,0.589183986,-1,5.03165128,1.42276799,1
fields/00082__plt00082__fab0000_comp02_ez.f32__c0026__dt-f32/chunk_0,1000000,2,ans shuffle=byte,primary,0.27136001,-1,1.29013747,3.52241201,1
fields/00082__plt00082__fab0000_comp02_ez.f32__c0034__dt-f32/chunk_0,1000000,2,ans shuffle=byte,primary,1.28678405,-1,1.23566203,4.68116205,1
fields/00083__plt00083__fab0000_comp02_ez.f32__c0002__dt-f32/chunk_0,1000000,39,spspeed shuffle=bit,primary,0.127711996,-1,3.56047531,1.30573,1
fields/00082__plt00082__fab0000_comp02_ez.f32__c0042__dt-f32/chunk_0,1000000,2,ans shuffle=byte,primary,0.89923197,-1,5.03090291,1.73293997,1
fields/00082__plt00082__fab0000_comp02_ez.f32__c0050__dt-f32/chunk_0,1000000,2,ans shuffle=byte,primary,1.06096005,-1,5.03150642,1.89456805,1
fields/00083__plt00083__fab0000_comp02_ez.f32__c0042__dt-f32/chunk_0,1000000,2,ans shuffle=byte,primary,1.65849602,-1,5.03090291,2.49220402,1
fields/00082__plt00082__fab0000_comp02_ez.f32__c0058__dt-f32/chunk_0,1000000,2,ans shuffle=byte,primary,0.626048028,-1,5.03354735,1.45931803,1
fields/00083__plt00083__fab0000_comp02_ez.f32__c0010__dt-f32/chunk_0,1000000,2,ans shuffle=byte,primary,2.02128005,-1,5.03107187,2.85496005,1
fields/00083__plt00083__fab0000_comp02_ez.f32__c0018__dt-f32/chunk_0,1000000,2,ans shuffle=byte,primary,1.92956805,-1,5.03165128,2.76315205,1
fields/00083__plt00083__fab0000_comp02_ez.f32__c0026__dt-f32/chunk_0,1000000,2,ans shuffle=byte,primary,1.13276803,-1,1.28867322,4.38751403,1
fields/00083__plt00083__fab0000_comp02_ez.f32__c0034__dt-f32/chunk_0,1000000,2,ans shuffle=byte,primary,1.079808,-1,1.23539707,4.474914,1
fields/00084__plt00084__fab0000_comp02_ez.f32__c0018__dt-f32/chunk_0,1000000,2,ans shuffle=byte,primary,0.988831997,-1,5.03165128,1.822416,1
fields/00083__plt00083__fab0000_comp02_ez.f32__c0050__dt-f32/chunk_0,1000000,2,ans shuffle=byte,primary,1.10329604,-1,5.03150642,1.93690404,1
fields/00083__plt00083__fab0000_comp02_ez.f32__c0058__dt-f32/chunk_0,1000000,2,ans shuffle=byte,primary,1.660864,-1,5.03354735,2.494134,1
fields/00084__plt00084__fab0000_comp02_ez.f32__c0026__dt-f32/chunk_0,1000000,2,ans shuffle=byte,primary,1.55247998,-1,1.28721071,4.81092398,1
fields/00084__plt00084__fab0000_comp02_ez.f32__c0002__dt-f32/chunk_0,1000000,39,spspeed shuffle=bit,primary,0.399904013,-1,3.56047531,1.57792201,1
fields/00084__plt00084__fab0000_comp02_ez.f32__c0010__dt-f32/chunk_0,1000000,2,ans shuffle=byte,primary,1.391168,-1,5.03107187,2.224848,1
fields/00084__plt00084__fab0000_comp02_ez.f32__c0042__dt-f32/chunk_0,1000000,2,ans shuffle=byte,primary,1.26198399,-1,5.03090291,2.09569199,1
fields/00084__plt00084__fab0000_comp02_ez.f32__c0034__dt-f32/chunk_0,1000000,2,ans shuffle=byte,primary,1.43059194,-1,1.23525808,4.82607994,1
fields/00084__plt00084__fab0000_comp02_ez.f32__c0050__dt-f32/chunk_0,1000000,2,ans shuffle=byte,primary,1.27929604,-1,5.03150642,2.11290404,1
fields/00085__plt00085__fab0000_comp02_ez.f32__c0018__dt-f32/chunk_0,1000000,2,ans shuffle=byte,primary,1.18732798,-1,5.03165128,2.02091198,1
fields/00084__plt00084__fab0000_comp02_ez.f32__c0058__dt-f32/chunk_0,1000000,2,ans shuffle=byte,primary,1.13225603,-1,5.03354735,1.96552603,1
fields/00085__plt00085__fab0000_comp02_ez.f32__c0002__dt-f32/chunk_0,1000000,2,ans shuffle=byte,primary,1.148224,-1,5.03264141,1.981644,1
fields/00085__plt00085__fab0000_comp02_ez.f32__c0010__dt-f32/chunk_0,1000000,2,ans shuffle=byte,primary,1.19667196,-1,5.03107187,2.03035196,1
fields/00085__plt00085__fab0000_comp02_ez.f32__c0026__dt-f32/chunk_0,1000000,2,ans shuffle=byte,primary,1.79609597,-1,1.2858674,5.05794397,1
fields/00085__plt00085__fab0000_comp02_ez.f32__c0034__dt-f32/chunk_0,1000000,2,ans shuffle=byte,primary,1.87004805,-1,1.23491476,5.26648005,1
fields/00085__plt00085__fab0000_comp02_ez.f32__c0042__dt-f32/chunk_0,1000000,2,ans shuffle=byte,primary,1.40256,-1,5.02747772,2.236836,1
fields/00085__plt00085__fab0000_comp02_ez.f32__c0050__dt-f32/chunk_0,1000000,2,ans shuffle=byte,primary,1.56803203,-1,5.03150642,2.40164003,1
fields/00085__plt00085__fab0000_comp02_ez.f32__c0058__dt-f32/chunk_0,1000000,2,ans shuffle=byte,primary,1.00937605,-1,5.03354735,1.84264605,1
fields/00086__plt00086__fab0000_comp02_ez.f32__c0010__dt-f32/chunk_0,1000000,2,ans shuffle=byte,primary,1.06143999,-1,5.03107187,1.89511999,1
fields/00086__plt00086__fab0000_comp02_ez.f32__c0018__dt-f32/chunk_0,1000000,2,ans shuffle=byte,primary,0.161919996,-1,5.03165128,0.995503996,1
fields/00086__plt00086__fab0000_comp02_ez.f32__c0002__dt-f32/chunk_0,1000000,2,ans shuffle=byte,primary,0.900352001,-1,5.03264141,1.733772,1
fields/00086__plt00086__fab0000_comp02_ez.f32__c0026__dt-f32/chunk_0,1000000,2,ans shuffle=byte,primary,0.600319982,-1,1.28438922,3.86592198,1
fields/00086__plt00086__fab0000_comp02_ez.f32__c0034__dt-f32/chunk_0,1000000,2,ans shuffle=byte,primary,0.457536012,-1,1.23467701,3.85462201,1
fields/00086__plt00086__fab0000_comp02_ez.f32__c0042__dt-f32/chunk_0,1000000,2,ans shuffle=byte,primary,0.345887989,-1,5.02497209,1.18057999,1
fields/00086__plt00086__fab0000_comp02_ez.f32__c0050__dt-f32/chunk_0,1000000,2,ans shuffle=byte,primary,1.05321598,-1,5.03150642,1.88682398,1
fields/00086__plt00086__fab0000_comp02_ez.f32__c0058__dt-f32/chunk_0,1000000,2,ans shuffle=byte,primary,1.64780796,-1,5.03354735,2.48107796,1
fields/00087__plt00087__fab0000_comp02_ez.f32__c0002__dt-f32/chunk_0,1000000,2,ans shuffle=byte,primary,1.04060805,-1,5.03264141,1.87402805,1
fields/00087__plt00087__fab0000_comp02_ez.f32__c0010__dt-f32/chunk_0,1000000,2,ans shuffle=byte,primary,0.403167993,-1,5.03107187,1.23684799,1
fields/00087__plt00087__fab0000_comp02_ez.f32__c0018__dt-f32/chunk_0,1000000,2,ans shuffle=byte,primary,0.774784029,-1,5.03165128,1.60836803,1
fields/00087__plt00087__fab0000_comp02_ez.f32__c0034__dt-f32/chunk_0,1000000,2,ans shuffle=byte,primary,0.543327987,-1,1.23437615,3.94124199,1
fields/00087__plt00087__fab0000_comp02_ez.f32__c0050__dt-f32/chunk_0,1000000,2,ans shuffle=byte,primary,1.00409603,-1,5.03150642,1.83770403,1
fields/00087__plt00087__fab0000_comp02_ez.f32__c0026__dt-f32/chunk_0,1000000,2,ans shuffle=byte,primary,0.842208028,-1,1.28297958,4.11139803,1
fields/00087__plt00087__fab0000_comp02_ez.f32__c0042__dt-f32/chunk_0,1000000,2,ans shuffle=byte,primary,0.843007982,-1,5.02805629,1.67718798,1
fields/00088__plt00088__fab0000_comp02_ez.f32__c0002__dt-f32/chunk_0,1000000,2,ans shuffle=byte,primary,0.62390399,-1,5.03264141,1.45732399,1
fields/00087__plt00087__fab0000_comp02_ez.f32__c0058__dt-f32/chunk_0,1000000,2,ans shuffle=byte,primary,0.604960024,-1,5.03354735,1.43823002,1
fields/00088__plt00088__fab0000_comp02_ez.f32__c0050__dt-f32/chunk_0,1000000,2,ans shuffle=byte,primary,1.31331205,-1,5.03150642,2.14692005,1
fields/00088__plt00088__fab0000_comp02_ez.f32__c0010__dt-f32/chunk_0,1000000,2,ans shuffle=byte,primary,1.33097601,-1,5.03107187,2.16465601,1
fields/00088__plt00088__fab0000_comp02_ez.f32__c0018__dt-f32/chunk_0,1000000,2,ans shuffle=byte,primary,1.26201606,-1,5.03165128,2.09560006,1
fields/00088__plt00088__fab0000_comp02_ez.f32__c0026__dt-f32/chunk_0,1000000,2,ans shuffle=byte,primary,0.309599996,-1,1.28173438,3.581966,1
fields/00088__plt00088__fab0000_comp02_ez.f32__c0058__dt-f32/chunk_0,1000000,2,ans shuffle=byte,primary,1.292768,-1,5.03354735,2.126038,1
fields/00088__plt00088__fab0000_comp02_ez.f32__c0042__dt-f32/chunk_0,1000000,2,ans shuffle=byte,primary,0.578176022,-1,5.02526107,1.41282002,1
fields/00088__plt00088__fab0000_comp02_ez.f32__c0034__dt-f32/chunk_0,1000000,2,ans shuffle=byte,primary,1.16515195,-1,1.23405728,4.56394395,1
fields/00089__plt00089__fab0000_comp02_ez.f32__c0002__dt-f32/chunk_0,1000000,2,ans shuffle=byte,primary,1.07824004,-1,5.03264141,1.91166004,1
fields/00089__plt00089__fab0000_comp02_ez.f32__c0018__dt-f32/chunk_0,1000000,2,ans shuffle=byte,primary,0.649344027,-1,5.03165128,1.48292803,1
fields/00089__plt00089__fab0000_comp02_ez.f32__c0010__dt-f32/chunk_0,1000000,2,ans shuffle=byte,primary,0.635327995,-1,5.03107187,1.46900799,1
fields/00089__plt00089__fab0000_comp02_ez.f32__c0050__dt-f32/chunk_0,1000000,2,ans shuffle=byte,primary,0.787168026,-1,5.03150642,1.62077603,1
fields/00090__plt00090__fab0000_comp02_ez.f32__c0002__dt-f32/chunk_0,1000000,2,ans shuffle=byte,primary,0.730880022,-1,5.03264141,1.56430002,1
fields/00089__plt00089__fab0000_comp02_ez.f32__c0026__dt-f32/chunk_0,1000000,2,ans shuffle=byte,primary,0.210784003,-1,1.28051349,3.48627,1
fields/00089__plt00089__fab0000_comp02_ez.f32__c0034__dt-f32/chunk_0,1000000,2,ans shuffle=byte,primary,0.573472023,-1,1.2338489,3.97283802,1
fields/00089__plt00089__fab0000_comp02_ez.f32__c0042__dt-f32/chunk_0,1000000,2,ans shuffle=byte,primary,0.782335997,-1,5.01588608,1.61854,1
fields/00090__plt00090__fab0000_comp02_ez.f32__c0018__dt-f32/chunk_0,1000000,2,ans shuffle=byte,primary,0.49574399,-1,5.03165128,1.32932799,1
fields/00089__plt00089__fab0000_comp02_ez.f32__c0058__dt-f32/chunk_0,1000000,2,ans shuffle=byte,primary,0.744383991,-1,5.03354735,1.57765399,1
fields/00090__plt00090__fab0000_comp02_ez.f32__c0010__dt-f32/chunk_0,1000000,2,ans shuffle=byte,primary,0.480159998,-1,5.03107187,1.31384,1
fields/00090__plt00090__fab0000_comp02_ez.f32__c0026__dt-f32/chunk_0,1000000,2,ans shuffle=byte,primary,1.16755199,-1,1.27906085,4.44675799,1
fields/00090__plt00090__fab0000_comp02_ez.f32__c0042__dt-f32/chunk_0,1000000,2,ans shuffle=byte,primary,0.886720002,-1,4.94525012,1.734868,1
fields/00090__plt00090__fab0000_comp02_ez.f32__c0058__dt-f32/chunk_0,1000000,2,ans shuffle=byte,primary,1.67020798,-1,5.03354735,2.50347798,1
fields/00090__plt00090__fab0000_comp02_ez.f32__c0034__dt-f32/chunk_0,1000000,2,ans shuffle=byte,primary,1.17532802,-1,1.23366672,4.57519602,1
fields/00090__plt00090__fab0000_comp02_ez.f32__c0050__dt-f32/chunk_0,1000000,2,ans shuffle=byte,primary,0.65881598,-1,5.03150642,1.49242398,1
fields/00091__plt00091__fab0000_comp02_ez.f32__c0002__dt-f32/chunk_0,1000000,2,ans shuffle=byte,primary,1.57945597,-1,5.03264141,2.41287597,1
fields/00091__plt00091__fab0000_comp02_ez.f32__c0010__dt-f32/chunk_0,1000000,39,spspeed shuffle=bit,primary,0.491679996,-1,3.56057203,1.669666,1
fields/00091__plt00091__fab0000_comp02_ez.f32__c0018__dt-f32/chunk_0,1000000,2,ans shuffle=byte,primary,0.389535993,-1,5.03165128,1.22311999,1
fields/00091__plt00091__fab0000_comp02_ez.f32__c0026__dt-f32/chunk_0,1000000,2,ans shuffle=byte,primary,0.406304002,-1,1.27772592,3.688936,1
fields/00091__plt00091__fab0000_comp02_ez.f32__c0042__dt-f32/chunk_0,1000000,2,ans shuffle=byte,primary,0.893535972,-1,4.6556821,1.79443597,1
fields/00091__plt00091__fab0000_comp02_ez.f32__c0034__dt-f32/chunk_0,1000000,2,ans shuffle=byte,primary,1.41120005,-1,1.23326698,4.81217005,1
fields/00091__plt00091__fab0000_comp02_ez.f32__c0050__dt-f32/chunk_0,1000000,2,ans shuffle=byte,primary,0.892639995,-1,5.03150642,1.72624799,1
fields/00092__plt00092__fab0000_comp02_ez.f32__c0010__dt-f32/chunk_0,1000000,2,ans shuffle=byte,primary,1.363392,-1,5.03107187,2.197072,1
fields/00092__plt00092__fab0000_comp02_ez.f32__c0002__dt-f32/chunk_0,1000000,2,ans shuffle=byte,primary,1.41558397,-1,5.03264141,2.24900397,1
fields/00092__plt00092__fab0000_comp02_ez.f32__c0018__dt-f32/chunk_0,1000000,2,ans shuffle=byte,primary,0.435039997,-1,5.03165128,1.268624,1
fields/00092__plt00092__fab0000_comp02_ez.f32__c0026__dt-f32/chunk_0,1000000,2,ans shuffle=byte,primary,1.61347198,-1,1.27655461,4.89911598,1
fields/00091__plt00091__fab0000_comp02_ez.f32__c0058__dt-f32/chunk_0,1000000,2,ans shuffle=byte,primary,1.41427195,-1,5.03354735,2.24754195,1
fields/00092__plt00092__fab0000_comp02_ez.f32__c0034__dt-f32/chunk_0,1000000,2,ans shuffle=byte,primary,1.69535995,-1,1.23320244,5.09650795,1
fields/00093__plt00093__fab0000_comp02_ez.f32__c0002__dt-f32/chunk_0,1000000,2,ans shuffle=byte,primary,1.71830404,-1,5.03264141,2.55172404,1
fields/00093__plt00093__fab0000_comp02_ez.f32__c0010__dt-f32/chunk_0,1000000,2,ans shuffle=byte,primary,1.73590398,-1,5.03107187,2.56958398,1
fields/00092__plt00092__fab0000_comp02_ez.f32__c0042__dt-f32/chunk_0,1000000,2,ans shuffle=byte,primary,0.349247992,-1,4.21536396,1.34425199,1
fields/00092__plt00092__fab0000_comp02_ez.f32__c0058__dt-f32/chunk_0,1000000,2,ans shuffle=byte,primary,0.459616005,-1,5.03354735,1.29288601,1
fields/00092__plt00092__fab0000_comp02_ez.f32__c0050__dt-f32/chunk_0,1000000,2,ans shuffle=byte,primary,0.994336009,-1,5.03150642,1.82794401,1
fields/00093__plt00093__fab0000_comp02_ez.f32__c0018__dt-f32/chunk_0,1000000,2,ans shuffle=byte,primary,0.698559999,-1,5.03165128,1.532144,1
fields/00093__plt00093__fab0000_comp02_ez.f32__c0026__dt-f32/chunk_0,1000000,2,ans shuffle=byte,primary,0.267488003,-1,1.27544672,3.555986,1
fields/00093__plt00093__fab0000_comp02_ez.f32__c0042__dt-f32/chunk_0,1000000,2,ans shuffle=byte,primary,0.246335998,-1,3.75221771,1.364156,1
fields/00093__plt00093__fab0000_comp02_ez.f32__c0034__dt-f32/chunk_0,1000000,2,ans shuffle=byte,primary,0.215775996,-1,1.23286315,3.61786,1
fields/00094__plt00094__fab0000_comp02_ez.f32__c0018__dt-f32/chunk_0,1000000,2,ans shuffle=byte,primary,0.298016012,-1,5.03165128,1.13160001,1
fields/00093__plt00093__fab0000_comp02_ez.f32__c0050__dt-f32/chunk_0,1000000,2,ans shuffle=byte,primary,0.997151971,-1,5.03150642,1.83075997,1
fields/00094__plt00094__fab0000_comp02_ez.f32__c0034__dt-f32/chunk_0,1000000,2,ans shuffle=byte,primary,0.391743988,-1,1.23261316,3.79451799,1
fields/00093__plt00093__fab0000_comp02_ez.f32__c0058__dt-f32/chunk_0,1000000,2,ans shuffle=byte,primary,1.53760004,-1,5.03354735,2.37087004,1
fields/00094__plt00094__fab0000_comp02_ez.f32__c0026__dt-f32/chunk_0,1000000,2,ans shuffle=byte,primary,1.56441605,-1,1.27425713,4.85598405,1
fields/00094__plt00094__fab0000_comp02_ez.f32__c0002__dt-f32/chunk_0,1000000,2,ans shuffle=byte,primary,0.958591998,-1,5.03264141,1.792012,1
fields/00094__plt00094__fab0000_comp02_ez.f32__c0010__dt-f32/chunk_0,1000000,2,ans shuffle=byte,primary,1.41484797,-1,5.03107187,2.24852797,1
fields/00094__plt00094__fab0000_comp02_ez.f32__c0058__dt-f32/chunk_0,1000000,2,ans shuffle=byte,primary,1.29926395,-1,5.03354735,2.13253395,1
fields/00094__plt00094__fab0000_comp02_ez.f32__c0042__dt-f32/chunk_0,1000000,2,ans shuffle=byte,primary,0.832928002,-1,3.32666885,2.09374,1
fields/00094__plt00094__fab0000_comp02_ez.f32__c0050__dt-f32/chunk_0,1000000,2,ans shuffle=byte,primary,1.24127996,-1,5.03150642,2.07488796,1
fields/00095__plt00095__fab0000_comp02_ez.f32__c0002__dt-f32/chunk_0,1000000,2,ans shuffle=byte,primary,0.531008005,-1,5.03264141,1.36442801,1
fields/00095__plt00095__fab0000_comp02_ez.f32__c0010__dt-f32/chunk_0,1000000,2,ans shuffle=byte,primary,0.552927971,-1,5.03107187,1.38660797,1
fields/00095__plt00095__fab0000_comp02_ez.f32__c0042__dt-f32/chunk_0,1000000,2,ans shuffle=byte,primary,0.567520022,-1,2.9636949,1.98274802,1
fields/00095__plt00095__fab0000_comp02_ez.f32__c0026__dt-f32/chunk_0,1000000,2,ans shuffle=byte,primary,1.01017594,-1,1.27307517,4.30479994,1
fields/00095__plt00095__fab0000_comp02_ez.f32__c0018__dt-f32/chunk_0,1000000,2,ans shuffle=byte,primary,0.467456013,-1,5.03165128,1.30104001,1
fields/00095__plt00095__fab0000_comp02_ez.f32__c0034__dt-f32/chunk_0,1000000,2,ans shuffle=byte,primary,0.747744024,-1,1.23238933,4.15113602,1
fields/00095__plt00095__fab0000_comp02_ez.f32__c0050__dt-f32/chunk_0,1000000,2,ans shuffle=byte,primary,1.110304,-1,5.03150642,1.943912,1
fields/00096__plt00096__fab0000_comp02_ez.f32__c0018__dt-f32/chunk_0,1000000,2,ans shuffle=byte,primary,0.231904,-1,5.03165128,1.065488,1
fields/00095__plt00095__fab0000_comp02_ez.f32__c0058__dt-f32/chunk_0,1000000,2,ans shuffle=byte,primary,0.497920007,-1,5.03354735,1.33119001,1
fields/00096__plt00096__fab0000_comp02_ez.f32__c0002__dt-f32/chunk_0,1000000,2,ans shuffle=byte,primary,0.322847992,-1,5.03264141,1.15626799,1
fields/00096__plt00096__fab0000_comp02_ez.f32__c0010__dt-f32/chunk_0,1000000,2,ans shuffle=byte,primary,0.319840014,-1,5.03107187,1.15352001,1
fields/00096__plt00096__fab0000_comp02_ez.f32__c0026__dt-f32/chunk_0,1000000,2,ans shuffle=byte,primary,1.13580799,-1,1.27188537,4.43351399,1
fields/00096__plt00096__fab0000_comp02_ez.f32__c0042__dt-f32/chunk_0,1000000,2,ans shuffle=byte,primary,1.52320004,-1,2.66025984,3.09985204,1
fields/00096__plt00096__fab0000_comp02_ez.f32__c0034__dt-f32/chunk_0,1000000,2,ans shuffle=byte,primary,0.859264016,-1,1.23209972,4.26345602,1
fields/00096__plt00096__fab0000_comp02_ez.f32__c0050__dt-f32/chunk_0,1000000,2,ans shuffle=byte,primary,1.10329604,-1,5.03150642,1.93690404,1
fields/00097__plt00097__fab0000_comp02_ez.f32__c0002__dt-f32/chunk_0,1000000,2,ans shuffle=byte,primary,0.750176013,-1,5.03264141,1.58359601,1
fields/00096__plt00096__fab0000_comp02_ez.f32__c0058__dt-f32/chunk_0,1000000,2,ans shuffle=byte,primary,0.43897599,-1,5.03354735,1.27224599,1
fields/00097__plt00097__fab0000_comp02_ez.f32__c0026__dt-f32/chunk_0,1000000,2,ans shuffle=byte,primary,0.892192006,-1,1.27072781,4.19290201,1
fields/00097__plt00097__fab0000_comp02_ez.f32__c0010__dt-f32/chunk_0,1000000,2,ans shuffle=byte,primary,0.576160014,-1,5.03107187,1.40984001,1
fields/00097__plt00097__fab0000_comp02_ez.f32__c0034__dt-f32/chunk_0,1000000,2,ans shuffle=byte,primary,0.894208014,-1,1.23187102,4.29903201,1
fields/00098__plt00098__fab0000_comp02_ez.f32__c0002__dt-f32/chunk_0,1000000,2,ans shuffle=byte,primary,0.412672013,-1,5.03264141,1.24609201,1
fields/00097__plt00097__fab0000_comp02_ez.f32__c0018__dt-f32/chunk_0,1000000,2,ans shuffle=byte,primary,0.955936015,-1,5.03165128,1.78952001,1
fields/00098__plt00098__fab0000_comp02_ez.f32__c0018__dt-f32/chunk_0,1000000,2,ans shuffle=byte,primary,1.02748799,-1,5.03165128,1.86107199,1
fields/00098__plt00098__fab0000_comp02_ez.f32__c0010__dt-f32/chunk_0,1000000,2,ans shuffle=byte,primary,0.708576024,-1,5.03107187,1.54225602,1
fields/00097__plt00097__fab0000_comp02_ez.f32__c0042__dt-f32/chunk_0,1000000,2,ans shuffle=byte,primary,0.379615992,-1,2.39890004,2.12804399,1
fields/00097__plt00097__fab0000_comp02_ez.f32__c0050__dt-f32/chunk_0,1000000,2,ans shuffle=byte,primary,0.398048013,-1,5.03150642,1.23165601,1
fields/00097__plt00097__fab0000_comp02_ez.f32__c0058__dt-f32/chunk_0,1000000,2,ans shuffle=byte,primary,0.197727993,-1,5.03354735,1.03099799,1
fields/00098__plt00098__fab0000_comp02_ez.f32__c0042__dt-f32/chunk_0,1000000,2,ans shuffle=byte,primary,0.253567994,-1,2.17899958,2.17844399,1
fields/00098__plt00098__fab0000_comp02_ez.f32__c0026__dt-f32/chunk_0,1000000,2,ans shuffle=byte,primary,0.67356801,-1,1.26966153,3.97705001,1
fields/00098__plt00098__fab0000_comp02_ez.f32__c0050__dt-f32/chunk_0,1000000,2,ans shuffle=byte,primary,0.422623992,-1,5.03150642,1.25623199,1
fields/00098__plt00098__fab0000_comp02_ez.f32__c0034__dt-f32/chunk_0,1000000,2,ans shuffle=byte,primary,0.246560007,-1,1.2314493,3.65255001,1
fields/00099__plt00099__fab0000_comp02_ez.f32__c0002__dt-f32/chunk_0,1000000,2,ans shuffle=byte,primary,0.333535999,-1,5.03264141,1.166956,1
fields/00098__plt00098__fab0000_comp02_ez.f32__c0058__dt-f32/chunk_0,1000000,2,ans shuffle=byte,primary,0.313183993,-1,5.03354735,1.14645399,1
fields/00099__plt00099__fab0000_comp02_ez.f32__c0010__dt-f32/chunk_0,1000000,2,ans shuffle=byte,primary,0.231071994,-1,5.03107187,1.06475199,1
fields/00099__plt00099__fab0000_comp02_ez.f32__c0018__dt-f32/chunk_0,1000000,2,ans shuffle=byte,primary,0.236095995,-1,5.03165128,1.06967999,1
fields/00099__plt00099__fab0000_comp02_ez.f32__c0026__dt-f32/chunk_0,1000000,2,ans shuffle=byte,primary,0.193568006,-1,1.26879121,3.49931601,1
fields/00099__plt00099__fab0000_comp02_ez.f32__c0042__dt-f32/chunk_0,1000000,2,ans shuffle=byte,primary,0.205216005,-1,1.9888247,2.31415201,1
fields/00099__plt00099__fab0000_comp02_ez.f32__c0050__dt-f32/chunk_0,1000000,2,ans shuffle=byte,primary,0.40646401,-1,5.03150642,1.24007201,1
fields/00099__plt00099__fab0000_comp02_ez.f32__c0034__dt-f32/chunk_0,1000000,2,ans shuffle=byte,primary,0.188672006,-1,1.23112543,3.59555801,1
fields/00100__plt00100__fab0000_comp02_ez.f32__c0026__dt-f32/chunk_0,1000000,2,ans shuffle=byte,primary,0.213024005,-1,1.26752589,3.52207201,1
fields/00099__plt00099__fab0000_comp02_ez.f32__c0058__dt-f32/chunk_0,1000000,2,ans shuffle=byte,primary,0.181536004,-1,5.03354735,1.014806,1
fields/00100__plt00100__fab0000_comp02_ez.f32__c0002__dt-f32/chunk_0,1000000,2,ans shuffle=byte,primary,0.344832003,-1,5.03264141,1.178252,1
fields/00100__plt00100__fab0000_comp02_ez.f32__c0010__dt-f32/chunk_0,1000000,2,ans shuffle=byte,primary,0.379135996,-1,5.03107187,1.212816,1
fields/00100__plt00100__fab0000_comp02_ez.f32__c0050__dt-f32/chunk_0,1000000,2,ans shuffle=byte,primary,0.374336004,-1,5.03150642,1.207944,1
fields/00100__plt00100__fab0000_comp02_ez.f32__c0018__dt-f32/chunk_0,1000000,2,ans shuffle=byte,primary,0.408800006,-1,5.03165128,1.24238401,1
fields/00100__plt00100__fab0000_comp02_ez.f32__c0058__dt-f32/chunk_0,1000000,2,ans shuffle=byte,primary,0.386592001,-1,5.03354735,1.219862,1
fields/00100__plt00100__fab0000_comp02_ez.f32__c0034__dt-f32/chunk_0,1000000,2,ans shuffle=byte,primary,0.695392013,-1,1.23077718,4.10324201,1
fields/00100__plt00100__fab0000_comp02_ez.f32__c0042__dt-f32/chunk_0,1000000,2,ans shuffle=byte,primary,0.449119985,-1,1.82925887,2.74201799,1
