blob,tier_bw,setting,spec,role,comp_ms,decomp_ms,ratio,cost,adopted
fields/00000__plt00000__part_per_cell.f32__c0001__dt-f32/chunk_0,3000000,29,ndzip,primary,0.0501759984,-1,31.751938,0.0942079984,1
fields/00000__plt00000__part_per_cell.f32__c0003__dt-f32/chunk_0,3000000,29,ndzip,primary,0.0337920003,-1,31.751938,0.0778240003,1
fields/00000__plt00000__part_per_cell.f32__c0005__dt-f32/chunk_0,3000000,29,ndzip,primary,0.0348160006,-1,31.751938,0.0788480006,1
fields/00000__plt00000__part_per_cell.f32__c0007__dt-f32/chunk_0,3000000,29,ndzip,primary,0.0450560004,-1,31.751938,0.0890880004,1
fields/00000__plt00000__part_per_cell.f32__c0009__dt-f32/chunk_0,3000000,29,ndzip,primary,0.0337920003,-1,31.751938,0.0778240003,1
fields/00000__plt00000__part_per_cell.f32__c0011__dt-f32/chunk_0,3000000,29,ndzip,primary,0.0327679999,-1,31.751938,0.0767999999,1
fields/00000__plt00000__part_per_cell.f32__c0013__dt-f32/chunk_0,3000000,30,ndzip shuffle=bit,primary,0.0983040035,-1,7.49668268,0.284800003,1
fields/00000__plt00000__part_per_cell.f32__c0015__dt-f32/chunk_0,3000000,24,gpulz shuffle=byte,primary,0.394239992,-1,32.3409978,0.437469992,1
fields/00001__plt00000__rho.f32__c0003__dt-f32/chunk_0,3000000,29,ndzip,primary,0.0389119983,-1,31.751938,0.0829439983,1
fields/00001__plt00000__rho.f32__c0001__dt-f32/chunk_0,3000000,29,ndzip,primary,0.047104001,-1,31.751938,0.091136001,1
fields/00001__plt00000__rho.f32__c0011__dt-f32/chunk_0,3000000,29,ndzip,primary,0.0737280026,-1,31.751938,0.117760003,1
fields/00001__plt00000__rho.f32__c0009__dt-f32/chunk_0,3000000,29,ndzip,primary,0.0389119983,-1,31.751938,0.0829439983,1
fields/00001__plt00000__rho.f32__c0013__dt-f32/chunk_0,3000000,35,spratio,primary,0.244543999,-1,4.93827486,0.527659333,1
fields/00001__plt00000__rho.f32__c0005__dt-f32/chunk_0,3000000,29,ndzip,primary,0.0430079997,-1,31.751938,0.0870399997,1
fields/00001__plt00000__rho.f32__c0007__dt-f32/chunk_0,3000000,29,ndzip,primary,0.035840001,-1,31.751938,0.079872001,1
fields/00002__plt00020__part_per_cell.f32__c0001__dt-f32/chunk_0,3000000,29,ndzip,primary,0.0368640013,-1,31.751938,0.0808960013,1
fields/00001__plt00000__rho.f32__c0015__dt-f32/chunk_0,3000000,35,spratio,primary,0.0958399996,-1,3.37684701,0.509865666,1
fields/00002__plt00020__part_per_cell.f32__c0007__dt-f32/chunk_0,3000000,29,ndzip,primary,0.0430079997,-1,31.751938,0.0870399997,1
fields/00002__plt00020__part_per_cell.f32__c0011__dt-f32/chunk_0,3000000,29,ndzip,primary,0.0327679999,-1,31.751938,0.0767999999,1
fields/00002__plt00020__part_per_cell.f32__c0003__dt-f32/chunk_0,3000000,29,ndzip,primary,0.0931840017,-1,31.751938,0.137216002,1
fields/00002__plt00020__part_per_cell.f32__c0009__dt-f32/chunk_0,3000000,29,ndzip,primary,0.0450560004,-1,31.751938,0.0890880004,1
fields/00002__plt00020__part_per_cell.f32__c0005__dt-f32/chunk_0,3000000,29,ndzip,primary,0.035840001,-1,31.751938,0.079872001,1
fields/00002__plt00020__part_per_cell.f32__c0013__dt-f32/chunk_0,3000000,24,gpulz shuffle=byte,primary,0.228351995,-1,32.3076165,0.271626662,1
fields/00002__plt00020__part_per_cell.f32__c0015__dt-f32/chunk_0,3000000,24,gpulz shuffle=byte,primary,0.193535998,-1,32.3744481,0.236721332,1
fields/00003__plt00020__rho.f32__c0001__dt-f32/chunk_0,3000000,29,ndzip,primary,0.0368640013,-1,31.751938,0.0808960013,1
fields/00003__plt00020__rho.f32__c0003__dt-f32/chunk_0,3000000,29,ndzip,primary,0.0419839993,-1,31.751938,0.0860159993,1
fields/00003__plt00020__rho.f32__c0005__dt-f32/chunk_0,3000000,29,ndzip,primary,0.0378880017,-1,31.751938,0.0819200017,1
fields/00003__plt00020__rho.f32__c0009__dt-f32/chunk_0,3000000,29,ndzip,primary,0.0327679999,-1,31.751938,0.0767999999,1
fields/00003__plt00020__rho.f32__c0011__dt-f32/chunk_0,3000000,29,ndzip,primary,0.0337920003,-1,31.751938,0.0778240003,1
fields/00003__plt00020__rho.f32__c0007__dt-f32/chunk_0,3000000,29,ndzip,primary,0.0337920003,-1,31.751938,0.0778240003,1
fields/00003__plt00020__rho.f32__c0015__dt-f32/chunk_0,3000000,35,spratio,primary,0.320928007,-1,3.58552796,0.710857007,1
fields/00004__plt00040__part_per_cell.f32__c0003__dt-f32/chunk_0,3000000,29,ndzip,primary,0.526336014,-1,31.751938,0.570368014,1
fields/00003__plt00020__rho.f32__c0013__dt-f32/chunk_0,3000000,35,spratio,primary,0.0869759992,-1,4.29997591,0.412117666,1
fields/00004__plt00040__part_per_cell.f32__c0005__dt-f32/chunk_0,3000000,29,ndzip,primary,0.0481280014,-1,31.751938,0.0921600014,1
fields/00004__plt00040__part_per_cell.f32__c0001__dt-f32/chunk_0,3000000,29,ndzip,primary,0.0368640013,-1,31.751938,0.0808960013,1
fields/00004__plt00040__part_per_cell.f32__c0007__dt-f32/chunk_0,3000000,29,ndzip,primary,0.0450560004,-1,31.751938,0.0890880004,1
fields/00004__plt00040__part_per_cell.f32__c0009__dt-f32/chunk_0,3000000,29,ndzip,primary,0.040959999,-1,31.751938,0.084991999,1
fields/00004__plt00040__part_per_cell.f32__c0011__dt-f32/chunk_0,3000000,29,ndzip,primary,0.0327679999,-1,31.751938,0.0767999999,1
fields/00004__plt00040__part_per_cell.f32__c0013__dt-f32/chunk_0,3000000,24,gpulz shuffle=byte,primary,0.235520005,-1,32.3076165,0.278794672,1
fields/00005__plt00040__rho.f32__c0007__dt-f32/chunk_0,3000000,29,ndzip,primary,0.084991999,-1,31.751938,0.129023999,1
fields/00005__plt00040__rho.f32__c0001__dt-f32/chunk_0,3000000,29,ndzip,primary,0.0389119983,-1,31.751938,0.0829439983,1
fields/00004__plt00040__part_per_cell.f32__c0015__dt-f32/chunk_0,3000000,24,gpulz shuffle=byte,primary,1.39161599,-1,32.3744481,1.43480132,1
fields/00005__plt00040__rho.f32__c0013__dt-f32/chunk_0,3000000,35,spratio,primary,0.533951998,-1,4.2976716,0.859267998,1
fields/00005__plt00040__rho.f32__c0005__dt-f32/chunk_0,3000000,29,ndzip,primary,0.0368640013,-1,31.751938,0.0808960013,1
fields/00005__plt00040__rho.f32__c0003__dt-f32/chunk_0,3000000,29,ndzip,primary,0.0593920015,-1,31.751938,0.103424001,1
fields/00005__plt00040__rho.f32__c0009__dt-f32/chunk_0,3000000,29,ndzip,primary,0.0727040023,-1,31.751938,0.116736002,1
fields/00005__plt00040__rho.f32__c0011__dt-f32/chunk_0,3000000,29,ndzip,primary,0.035840001,-1,31.751938,0.079872001,1
fields/00005__plt00040__rho.f32__c0015__dt-f32/chunk_0,3000000,35,spratio,primary,0.227328002,-1,3.99481112,0.577307336,1
fields/00006__plt00060__part_per_cell.f32__c0001__dt-f32/chunk_0,3000000,29,ndzip,primary,0.0337920003,-1,31.751938,0.0778240003,1
fields/00006__plt00060__part_per_cell.f32__c0003__dt-f32/chunk_0,3000000,29,ndzip,primary,0.0378880017,-1,31.751938,0.0819200017,1
fields/00006__plt00060__part_per_cell.f32__c0005__dt-f32/chunk_0,3000000,29,ndzip,primary,0.0583680011,-1,31.751938,0.102400001,1
fields/00006__plt00060__part_per_cell.f32__c0007__dt-f32/chunk_0,3000000,29,ndzip,primary,0.044032,-1,31.751938,0.088064,1
fields/00006__plt00060__part_per_cell.f32__c0009__dt-f32/chunk_0,3000000,29,ndzip,primary,0.0839679986,-1,31.751938,0.127999999,1
fields/00006__plt00060__part_per_cell.f32__c0013__dt-f32/chunk_0,3000000,30,ndzip shuffle=bit,primary,0.107519999,-1,6.45019531,0.324273332,1
fields/00006__plt00060__part_per_cell.f32__c0011__dt-f32/chunk_0,3000000,29,ndzip,primary,0.040959999,-1,31.751938,0.084991999,1
fields/00006__plt00060__part_per_cell.f32__c0015__dt-f32/chunk_0,3000000,24,gpulz shuffle=byte,primary,0.203776002,-1,32.3744481,0.246961335,1
fields/00007__plt00060__rho.f32__c0001__dt-f32/chunk_0,3000000,29,ndzip,primary,0.0532479994,-1,31.751938,0.0972799994,1
fields/00007__plt00060__rho.f32__c0003__dt-f32/chunk_0,3000000,29,ndzip,primary,0.035840001,-1,31.751938,0.079872001,1
fields/00007__plt00060__rho.f32__c0005__dt-f32/chunk_0,3000000,29,ndzip,primary,0.044032,-1,31.751938,0.088064,1
fields/00007__plt00060__rho.f32__c0007__dt-f32/chunk_0,3000000,29,ndzip,primary,0.0317439996,-1,31.751938,0.0757759996,1
fields/00008__plt00080__part_per_cell.f32__c0003__dt-f32/chunk_0,3000000,29,ndzip,primary,0.0522239991,-1,31.751938,0.0962559991,1
fields/00008__plt00080__part_per_cell.f32__c0009__dt-f32/chunk_0,3000000,29,ndzip,primary,0.0368640013,-1,31.751938,0.0808960013,1
fields/00008__plt00080__part_per_cell.f32__c0001__dt-f32/chunk_0,3000000,29,ndzip,primary,0.0870399997,-1,31.751938,0.131072,1
fields/00008__plt00080__part_per_cell.f32__c0007__dt-f32/chunk_0,3000000,29,ndzip,primary,0.0348160006,-1,31.751938,0.0788480006,1
fields/00007__plt00060__rho.f32__c0013__dt-f32/chunk_0,3000000,35,spratio,primary,0.303680003,-1,3.73125191,0.678380336,1
fields/00007__plt00060__rho.f32__c0015__dt-f32/chunk_0,3000000,35,spratio,primary,0.0820479989,-1,3.9827635,0.433085999,1
fields/00007__plt00060__rho.f32__c0009__dt-f32/chunk_0,3000000,29,ndzip,primary,0.0890880004,-1,31.751938,0.13312,1
fields/00008__plt00080__part_per_cell.f32__c0005__dt-f32/chunk_0,3000000,29,ndzip,primary,0.0368640013,-1,31.751938,0.0808960013,1
fields/00007__plt00060__rho.f32__c0011__dt-f32/chunk_0,3000000,29,ndzip,primary,0.0378880017,-1,31.751938,0.0819200017,1
fields/00009__plt00080__rho.f32__c0003__dt-f32/chunk_0,3000000,29,ndzip,primary,0.0624639988,-1,31.751938,0.106495999,1
fields/00008__plt00080__part_per_cell.f32__c0015__dt-f32/chunk_0,3000000,24,gpulz shuffle=byte,primary,0.482304007,-1,32.3744481,0.52548934,1
fields/00008__plt00080__part_per_cell.f32__c0011__dt-f32/chunk_0,3000000,29,ndzip,primary,0.129023999,-1,24.4834221,0.186127999,1
fields/00008__plt00080__part_per_cell.f32__c0013__dt-f32/chunk_0,3000000,30,ndzip shuffle=bit,primary,0.0993279964,-1,5.88955291,0.336714663,1
fields/00009__plt00080__rho.f32__c0005__dt-f32/chunk_0,3000000,29,ndzip,primary,0.0327679999,-1,31.751938,0.0767999999,1
fields/00009__plt00080__rho.f32__c0007__dt-f32/chunk_0,3000000,29,ndzip,primary,0.0870399997,-1,31.751938,0.131072,1
fields/00009__plt00080__rho.f32__c0001__dt-f32/chunk_0,3000000,29,ndzip,primary,0.0378880017,-1,31.751938,0.0819200017,1
fields/00009__plt00080__rho.f32__c0011__dt-f32/chunk_0,3000000,29,ndzip,primary,0.0552960001,-1,14.0850549,0.154557333,1
fields/00009__plt00080__rho.f32__c0009__dt-f32/chunk_0,3000000,29,ndzip,primary,0.0317439996,-1,31.751938,0.0757759996,1
fields/00010__plt00100__part_per_cell.f32__c0001__dt-f32/chunk_0,3000000,29,ndzip,primary,0.0348160006,-1,31.751938,0.0788480006,1
fields/00010__plt00100__part_per_cell.f32__c0003__dt-f32/chunk_0,3000000,29,ndzip,primary,0.0706560016,-1,31.751938,0.114688002,1
fields/00010__plt00100__part_per_cell.f32__c0007__dt-f32/chunk_0,3000000,29,ndzip,primary,0.044032,-1,31.751938,0.088064,1
fields/00009__plt00080__rho.f32__c0015__dt-f32/chunk_0,3000000,35,spratio,primary,0.124191999,-1,3.99004938,0.474588999,1
fields/00009__plt00080__rho.f32__c0013__dt-f32/chunk_0,3000000,35,spratio,primary,0.281888008,-1,3.06157823,0.738548341,1
fields/00010__plt00100__part_per_cell.f32__c0005__dt-f32/chunk_0,3000000,29,ndzip,primary,0.0593920015,-1,31.751938,0.103424001,1
fields/00010__plt00100__part_per_cell.f32__c0009__dt-f32/chunk_0,3000000,29,ndzip,primary,0.0460800007,-1,31.751938,0.0901120007,1
fields/00010__plt00100__part_per_cell.f32__c0011__dt-f32/chunk_0,3000000,30,ndzip shuffle=bit,primary,0.109568,-1,13.2075776,0.215424,1
fields/00010__plt00100__part_per_cell.f32__c0013__dt-f32/chunk_0,3000000,30,ndzip shuffle=bit,primary,0.137216002,-1,5.54708198,0.389258668,1
fields/00010__plt00100__part_per_cell.f32__c0015__dt-f32/chunk_0,3000000,24,gpulz shuffle=byte,primary,0.559104025,-1,32.3744481,0.602289359,1
fields/00011__plt00100__rho.f32__c0009__dt-f32/chunk_0,3000000,29,ndzip,primary,0.0593920015,-1,31.751938,0.103424001,1
fields/00011__plt00100__rho.f32__c0001__dt-f32/chunk_0,3000000,29,ndzip,primary,0.0378880017,-1,31.751938,0.0819200017,1
fields/00011__plt00100__rho.f32__c0003__dt-f32/chunk_0,3000000,29,ndzip,primary,0.0542719997,-1,31.751938,0.0983039997,1
fields/00011__plt00100__rho.f32__c0011__dt-f32/chunk_0,3000000,35,spratio,primary,0.147679999,-1,10.6659614,0.278760666,1
fields/00011__plt00100__rho.f32__c0007__dt-f32/chunk_0,3000000,29,ndzip,primary,0.0450560004,-1,31.751938,0.0890880004,1
fields/00011__plt00100__rho.f32__c0005__dt-f32/chunk_0,3000000,29,ndzip,primary,0.0389119983,-1,31.751938,0.0829439983,1
fields/00011__plt00100__rho.f32__c0013__dt-f32/chunk_0,3000000,35,spratio,primary,0.236095995,-1,2.36176138,0.828069995,1
fields/00012__plt00120__part_per_cell.f32__c0001__dt-f32/chunk_0,3000000,29,ndzip,primary,0.0389119983,-1,31.751938,0.0829439983,1
fields/00011__plt00100__rho.f32__c0015__dt-f32/chunk_0,3000000,35,spratio,primary,0.269951999,-1,3.98851649,0.620483666,1
fields/00012__plt00120__part_per_cell.f32__c0009__dt-f32/chunk_0,3000000,29,ndzip,primary,0.0368640013,-1,31.751938,0.0808960013,1
fields/00012__plt00120__part_per_cell.f32__c0005__dt-f32/chunk_0,3000000,29,ndzip,primary,0.0614399984,-1,31.751938,0.105471998,1
fields/00012__plt00120__part_per_cell.f32__c0003__dt-f32/chunk_0,3000000,29,ndzip,primary,0.0368640013,-1,31.751938,0.0808960013,1
fields/00013__plt00120__rho.f32__c0001__dt-f32/chunk_0,3000000,29,ndzip,primary,0.035840001,-1,31.751938,0.079872001,1
fields/00012__plt00120__part_per_cell.f32__c0007__dt-f32/chunk_0,3000000,29,ndzip,primary,0.035840001,-1,31.751938,0.079872001,1
fields/00012__plt00120__part_per_cell.f32__c0011__dt-f32/chunk_0,3000000,35,spratio,primary,0.290176004,-1,11.3205975,0.413676671,1
fields/00012__plt00120__part_per_cell.f32__c0013__dt-f32/chunk_0,3000000,30,ndzip shuffle=bit,primary,0.167935997,-1,5.45905873,0.424042664,1
fields/00012__plt00120__part_per_cell.f32__c0015__dt-f32/chunk_0,3000000,24,gpulz shuffle=byte,primary,0.47104001,-1,32.3744481,0.514225344,1
fields/00013__plt00120__rho.f32__c0003__dt-f32/chunk_0,3000000,29,ndzip,primary,0.0327679999,-1,31.751938,0.0767999999,1
fields/00013__plt00120__rho.f32__c0007__dt-f32/chunk_0,3000000,29,ndzip,primary,0.0942080021,-1,31.751938,0.138240002,1
fields/00013__plt00120__rho.f32__c0011__dt-f32/chunk_0,3000000,35,spratio,primary,0.34316799,-1,5.39990936,0.60207999,1
fields/00013__plt00120__rho.f32__c0005__dt-f32/chunk_0,3000000,29,ndzip,primary,0.0399359986,-1,31.751938,0.0839679986,1
fields/00013__plt00120__rho.f32__c0009__dt-f32/chunk_0,3000000,29,ndzip,primary,0.044032,-1,31.751938,0.088064,1
fields/00013__plt00120__rho.f32__c0013__dt-f32/chunk_0,3000000,35,spratio,primary,0.230880007,-1,2.26609628,0.847844674,1
fields/00013__plt00120__rho.f32__c0015__dt-f32/chunk_0,3000000,35,spratio,primary,0.0855040029,-1,3.96314186,0.438280003,1
fields/00014__plt00140__part_per_cell.f32__c0001__dt-f32/chunk_0,3000000,29,ndzip,primary,0.0614399984,-1,31.751938,0.105471998,1
fields/00014__plt00140__part_per_cell.f32__c0005__dt-f32/chunk_0,3000000,29,ndzip,primary,0.0552960001,-1,31.751938,0.0993280001,1
fields/00014__plt00140__part_per_cell.f32__c0003__dt-f32/chunk_0,3000000,29,ndzip,primary,0.0727040023,-1,31.751938,0.116736002,1
fields/00014__plt00140__part_per_cell.f32__c0007__dt-f32/chunk_0,3000000,29,ndzip,primary,0.0368640013,-1,31.751938,0.0808960013,1
fields/00014__plt00140__part_per_cell.f32__c0011__dt-f32/chunk_0,3000000,9,bitcomp type=int,primary,2.57622409,-1,15.8702022,2.66432009,1
fields/00014__plt00140__part_per_cell.f32__c0009__dt-f32/chunk_0,3000000,29,ndzip,primary,0.0378880017,-1,31.751938,0.0819200017,1
fields/00015__plt00140__rho.f32__c0001__dt-f32/chunk_0,3000000,29,ndzip,primary,0.0399359986,-1,31.751938,0.0839679986,1
fields/00015__plt00140__rho.f32__c0003__dt-f32/chunk_0,3000000,29,ndzip,primary,0.0389119983,-1,31.751938,0.0829439983,1
fields/00014__plt00140__part_per_cell.f32__c0013__dt-f32/chunk_0,3000000,30,ndzip shuffle=bit,primary,0.123903997,-1,5.4299696,0.381382664,1
fields/00014__plt00140__part_per_cell.f32__c0015__dt-f32/chunk_0,3000000,9,bitcomp type=int,primary,0.644832015,-1,17.541169,0.724536015,1
fields/00015__plt00140__rho.f32__c0005__dt-f32/chunk_0,3000000,29,ndzip,primary,0.0368640013,-1,31.751938,0.0808960013,1
fields/00015__plt00140__rho.f32__c0007__dt-f32/chunk_0,3000000,29,ndzip,primary,0.0368640013,-1,31.751938,0.0808960013,1
fields/00015__plt00140__rho.f32__c0009__dt-f32/chunk_0,3000000,29,ndzip,primary,0.0604160018,-1,31.751938,0.104448002,1
fields/00015__plt00140__rho.f32__c0011__dt-f32/chunk_0,3000000,35,spratio,primary,0.230847999,-1,3.18493938,0.669820666,1
fields/00016__plt00160__part_per_cell.f32__c0001__dt-f32/chunk_0,3000000,29,ndzip,primary,0.0768000036,-1,31.751938,0.120832004,1
fields/00016__plt00160__part_per_cell.f32__c0003__dt-f32/chunk_0,3000000,29,ndzip,primary,0.035840001,-1,31.751938,0.079872001,1
fields/00015__plt00140__rho.f32__c0013__dt-f32/chunk_0,3000000,35,spratio,primary,0.0945279971,-1,2.26143021,0.712765664,1
fields/00015__plt00140__rho.f32__c0015__dt-f32/chunk_0,3000000,35,spratio,primary,0.177760005,-1,3.97104021,0.529834338,1
fields/00016__plt00160__part_per_cell.f32__c0005__dt-f32/chunk_0,3000000,29,ndzip,primary,0.0552960001,-1,31.751938,0.0993280001,1
fields/00016__plt00160__part_per_cell.f32__c0009__dt-f32/chunk_0,3000000,29,ndzip,primary,0.0583680011,-1,31.751938,0.102400001,1
fields/00016__plt00160__part_per_cell.f32__c0007__dt-f32/chunk_0,3000000,29,ndzip,primary,0.0389119983,-1,31.751938,0.0829439983,1
fields/00016__plt00160__part_per_cell.f32__c0013__dt-f32/chunk_0,3000000,30,ndzip shuffle=bit,primary,0.0962560028,-1,5.22521876,0.363824003,1
fields/00016__plt00160__part_per_cell.f32__c0011__dt-f32/chunk_0,3000000,30,ndzip shuffle=bit,primary,0.0798719972,-1,5.41144656,0.338231997,1
fields/00017__plt00160__rho.f32__c0005__dt-f32/chunk_0,3000000,29,ndzip,primary,0.0368640013,-1,31.751938,0.0808960013,1
fields/00017__plt00160__rho.f32__c0009__dt-f32/chunk_0,3000000,29,ndzip,primary,0.0481280014,-1,31.751938,0.0921600014,1
fields/00016__plt00160__part_per_cell.f32__c0015__dt-f32/chunk_0,3000000,24,gpulz shuffle=byte,primary,0.233472005,-1,32.3744481,0.276657338,1
fields/00017__plt00160__rho.f32__c0003__dt-f32/chunk_0,3000000,29,ndzip,primary,0.0419839993,-1,31.751938,0.0860159993,1
fields/00017__plt00160__rho.f32__c0001__dt-f32/chunk_0,3000000,29,ndzip,primary,0.044032,-1,31.751938,0.088064,1
fields/00017__plt00160__rho.f32__c0007__dt-f32/chunk_0,3000000,29,ndzip,primary,0.0337920003,-1,31.751938,0.0778240003,1
fields/00017__plt00160__rho.f32__c0011__dt-f32/chunk_0,3000000,35,spratio,primary,0.0880319998,-1,2.8505939,0.578491666,1
fields/00017__plt00160__rho.f32__c0015__dt-f32/chunk_0,3000000,35,spratio,primary,0.139712006,-1,3.9587467,0.492879673,1
fields/00018__plt00180__part_per_cell.f32__c0001__dt-f32/chunk_0,3000000,29,ndzip,primary,0.0368640013,-1,31.751938,0.0808960013,1
fields/00017__plt00160__rho.f32__c0013__dt-f32/chunk_0,3000000,35,spratio,primary,0.233344004,-1,2.60263757,0.770530337,1
fields/00018__plt00180__part_per_cell.f32__c0003__dt-f32/chunk_0,3000000,29,ndzip,primary,0.0389119983,-1,31.751938,0.0829439983,1
fields/00018__plt00180__part_per_cell.f32__c0005__dt-f32/chunk_0,3000000,29,ndzip,primary,0.035840001,-1,31.751938,0.079872001,1
fields/00018__plt00180__part_per_cell.f32__c0009__dt-f32/chunk_0,3000000,29,ndzip,primary,0.0378880017,-1,31.751938,0.0819200017,1
fields/00018__plt00180__part_per_cell.f32__c0013__dt-f32/chunk_0,3000000,30,ndzip shuffle=bit,primary,0.0890880004,-1,5.11223679,0.362569334,1
fields/00018__plt00180__part_per_cell.f32__c0007__dt-f32/chunk_0,3000000,29,ndzip,primary,0.0368640013,-1,31.751938,0.0808960013,1
fields/00018__plt00180__part_per_cell.f32__c0011__dt-f32/chunk_0,3000000,9,bitcomp type=int,primary,0.848640025,-1,10.2085966,0.985593358,1
fields/00018__plt00180__part_per_cell.f32__c0015__dt-f32/chunk_0,3000000,9,bitcomp type=int,primary,1.00387204,-1,17.541169,1.08357604,1
fields/00019__plt00180__rho.f32__c0005__dt-f32/chunk_0,3000000,29,ndzip,primary,0.044032,-1,31.751938,0.088064,1
fields/00019__plt00180__rho.f32__c0001__dt-f32/chunk_0,3000000,29,ndzip,primary,0.0399359986,-1,31.751938,0.0839679986,1
fields/00019__plt00180__rho.f32__c0007__dt-f32/chunk_0,3000000,29,ndzip,primary,0.0378880017,-1,31.751938,0.0819200017,1
fields/00019__plt00180__rho.f32__c0003__dt-f32/chunk_0,3000000,29,ndzip,primary,0.0430079997,-1,31.751938,0.0870399997,1
fields/00019__plt00180__rho.f32__c0009__dt-f32/chunk_0,3000000,29,ndzip,primary,0.0798719972,-1,31.751938,0.123903997,1
fields/00020__plt00200__part_per_cell.f32__c0009__dt-f32/chunk_0,3000000,29,ndzip,primary,0.0378880017,-1,31.751938,0.0819200017,1
fields/00019__plt00180__rho.f32__c0013__dt-f32/chunk_0,3000000,35,spratio,primary,0.293184012,-1,2.59958561,0.831001012,1
fields/00019__plt00180__rho.f32__c0015__dt-f32/chunk_0,3000000,35,spratio,primary,0.227136001,-1,3.96461408,0.579781001,1
fields/00019__plt00180__rho.f32__c0011__dt-f32/chunk_0,3000000,35,spratio,primary,0.314240009,-1,2.62844645,0.846151675,1
fields/00020__plt00200__part_per_cell.f32__c0001__dt-f32/chunk_0,3000000,29,ndzip,primary,0.035840001,-1,31.751938,0.079872001,1
fields/00020__plt00200__part_per_cell.f32__c0005__dt-f32/chunk_0,3000000,29,ndzip,primary,0.0348160006,-1,31.751938,0.0788480006,1
fields/00020__plt00200__part_per_cell.f32__c0007__dt-f32/chunk_0,3000000,29,ndzip,primary,0.0962560028,-1,31.751938,0.140288003,1
fields/00020__plt00200__part_per_cell.f32__c0003__dt-f32/chunk_0,3000000,29,ndzip,primary,0.0368640013,-1,31.751938,0.0808960013,1
fields/00020__plt00200__part_per_cell.f32__c0015__dt-f32/chunk_0,3000000,9,bitcomp type=int,primary,0.395520002,-1,17.541169,0.475224002,1
fields/00020__plt00200__part_per_cell.f32__c0011__dt-f32/chunk_0,3000000,2,ans shuffle=byte,primary,0.916480005,-1,7.58222338,1.100872,1
fields/00021__plt00200__rho.f32__c0001__dt-f32/chunk_0,3000000,29,ndzip,primary,0.035840001,-1,31.751938,0.079872001,1
fields/00021__plt00200__rho.f32__c0009__dt-f32/chunk_0,3000000,29,ndzip,primary,0.044032,-1,31.0818117,0.0890133333,1
fields/00021__plt00200__rho.f32__c0005__dt-f32/chunk_0,3000000,29,ndzip,primary,0.0716800019,-1,31.751938,0.115712002,1
fields/00021__plt00200__rho.f32__c0007__dt-f32/chunk_0,3000000,29,ndzip,primary,0.0348160006,-1,31.751938,0.0788480006,1
fields/00020__plt00200__part_per_cell.f32__c0013__dt-f32/chunk_0,3000000,30,ndzip shuffle=bit,primary,0.0819199979,-1,5.05566859,0.358461331,1
fields/00021__plt00200__rho.f32__c0003__dt-f32/chunk_0,3000000,29,ndzip,primary,0.035840001,-1,31.751938,0.079872001,1
fields/00021__plt00200__rho.f32__c0013__dt-f32/chunk_0,3000000,35,spratio,primary,0.130784005,-1,2.59836168,0.668854338,1
fields/00022__plt00220__part_per_cell.f32__c0003__dt-f32/chunk_0,3000000,29,ndzip,primary,0.0419839993,-1,31.751938,0.0860159993,1
fields/00021__plt00200__rho.f32__c0011__dt-f32/chunk_0,3000000,35,spratio,primary,0.188544005,-1,2.57424603,0.731655005,1
fields/00021__plt00200__rho.f32__c0015__dt-f32/chunk_0,3000000,35,spratio,primary,0.219328001,-1,3.97733255,0.570845334,1
fields/00022__plt00220__part_per_cell.f32__c0007__dt-f32/chunk_0,3000000,29,ndzip,primary,0.0665600002,-1,31.751938,0.110592,1
fields/00022__plt00220__part_per_cell.f32__c0005__dt-f32/chunk_0,3000000,29,ndzip,primary,0.0389119983,-1,31.751938,0.0829439983,1
fields/00022__plt00220__part_per_cell.f32__c0001__dt-f32/chunk_0,3000000,29,ndzip,primary,0.0368640013,-1,31.751938,0.0808960013,1
fields/00022__plt00220__part_per_cell.f32__c0009__dt-f32/chunk_0,3000000,30,ndzip shuffle=bit,primary,0.0839679986,-1,13.7138672,0.185915999,1
fields/00022__plt00220__part_per_cell.f32__c0011__dt-f32/chunk_0,3000000,30,ndzip shuffle=bit,primary,0.0819199979,-1,5.2519659,0.348125331,1
fields/00023__plt00220__rho.f32__c0001__dt-f32/chunk_0,3000000,29,ndzip,primary,0.0399359986,-1,31.751938,0.0839679986,1
fields/00023__plt00220__rho.f32__c0005__dt-f32/chunk_0,3000000,29,ndzip,primary,0.0389119983,-1,31.751938,0.0829439983,1
fields/00022__plt00220__part_per_cell.f32__c0015__dt-f32/chunk_0,3000000,9,bitcomp type=int,primary,0.523072004,-1,17.541169,0.602776004,1
fields/00023__plt00220__rho.f32__c0003__dt-f32/chunk_0,3000000,29,ndzip,primary,0.047104001,-1,31.751938,0.091136001,1
fields/00022__plt00220__part_per_cell.f32__c0013__dt-f32/chunk_0,3000000,9,bitcomp type=int,primary,0.430592,-1,9.96290666,0.570922667,1
fields/00023__plt00220__rho.f32__c0007__dt-f32/chunk_0,3000000,29,ndzip,primary,0.0522239991,-1,31.751938,0.0962559991,1
fields/00023__plt00220__rho.f32__c0011__dt-f32/chunk_0,3000000,35,spratio,primary,0.247968003,-1,2.27472623,0.862592003,1
fields/00023__plt00220__rho.f32__c0009__dt-f32/chunk_0,3000000,35,spratio,primary,0.242911994,-1,9.53964214,0.389468994,1
fields/00023__plt00220__rho.f32__c0015__dt-f32/chunk_0,3000000,35,spratio,primary,0.259712011,-1,3.96350513,0.612455677,1
fields/00023__plt00220__rho.f32__c0013__dt-f32/chunk_0,3000000,35,spratio,primary,0.291999996,-1,2.59073813,0.831653662,1
fields/00024__plt00240__part_per_cell.f32__c0001__dt-f32/chunk_0,3000000,29,ndzip,primary,0.035840001,-1,31.751938,0.079872001,1
fields/00024__plt00240__part_per_cell.f32__c0003__dt-f32/chunk_0,3000000,29,ndzip,primary,0.0522239991,-1,31.751938,0.0962559991,1
fields/00024__plt00240__part_per_cell.f32__c0007__dt-f32/chunk_0,3000000,29,ndzip,primary,0.044032,-1,31.751938,0.088064,1
fields/00024__plt00240__part_per_cell.f32__c0005__dt-f32/chunk_0,3000000,29,ndzip,primary,0.0450560004,-1,31.751938,0.0890880004,1
fields/00024__plt00240__part_per_cell.f32__c0009__dt-f32/chunk_0,3000000,30,ndzip shuffle=bit,primary,0.0788479969,-1,7.18370031,0.27346933,1
fields/00024__plt00240__part_per_cell.f32__c0011__dt-f32/chunk_0,3000000,30,ndzip shuffle=bit,primary,0.106495999,-1,5.27256454,0.371661332,1
fields/00024__plt00240__part_per_cell.f32__c0015__dt-f32/chunk_0,3000000,24,gpulz shuffle=byte,primary,0.201728001,-1,32.3076165,0.245002668,1
fields/00025__plt00240__rho.f32__c0003__dt-f32/chunk_0,3000000,29,ndzip,primary,0.0389119983,-1,31.751938,0.0829439983,1
fields/00024__plt00240__part_per_cell.f32__c0013__dt-f32/chunk_0,3000000,30,ndzip shuffle=bit,primary,0.142335996,-1,4.943688,0.425141329,1
fields/00025__plt00240__rho.f32__c0007__dt-f32/chunk_0,3000000,29,ndzip,primary,0.0337920003,-1,31.751938,0.0778240003,1
fields/00025__plt00240__rho.f32__c0001__dt-f32/chunk_0,3000000,29,ndzip,primary,0.0419839993,-1,31.751938,0.0860159993,1
fields/00025__plt00240__rho.f32__c0005__dt-f32/chunk_0,3000000,29,ndzip,primary,0.035840001,-1,31.751938,0.079872001,1
fields/00025__plt00240__rho.f32__c0009__dt-f32/chunk_0,3000000,35,spratio,primary,0.233472005,-1,4.0997354,0.574494338,1
fields/00025__plt00240__rho.f32__c0013__dt-f32/chunk_0,3000000,35,spratio,primary,0.611775994,-1,2.58158199,1.15334366,1
fields/00025__plt00240__rho.f32__c0011__dt-f32/chunk_0,3000000,35,spratio,primary,0.150527999,-1,2.28469334,0.762470665,1
fields/00025__plt00240__rho.f32__c0015__dt-f32/chunk_0,3000000,35,spratio,primary,0.354368001,-1,3.96937913,0.706589668,1
fields/00026__plt00260__part_per_cell.f32__c0003__dt-f32/chunk_0,3000000,29,ndzip,primary,0.0378880017,-1,31.751938,0.0819200017,1
fields/00026__plt00260__part_per_cell.f32__c0005__dt-f32/chunk_0,3000000,29,ndzip,primary,0.035840001,-1,31.751938,0.079872001,1
fields/00026__plt00260__part_per_cell.f32__c0009__dt-f32/chunk_0,3000000,30,ndzip shuffle=bit,primary,0.0860159993,-1,5.18030195,0.355903999,1
fields/00026__plt00260__part_per_cell.f32__c0001__dt-f32/chunk_0,3000000,29,ndzip,primary,0.0368640013,-1,31.751938,0.0808960013,1
fields/00026__plt00260__part_per_cell.f32__c0007__dt-f32/chunk_0,3000000,29,ndzip,primary,0.0337920003,-1,31.751938,0.0778240003,1
fields/00026__plt00260__part_per_cell.f32__c0011__dt-f32/chunk_0,3000000,30,ndzip shuffle=bit,primary,0.0819199979,-1,5.2018375,0.350690665,1
fields/00026__plt00260__part_per_cell.f32__c0015__dt-f32/chunk_0,3000000,24,gpulz shuffle=byte,primary,0.309248,-1,32.3076165,0.352522667,1
fields/00027__plt00260__rho.f32__c0001__dt-f32/chunk_0,3000000,29,ndzip,primary,0.0368640013,-1,31.751938,0.0808960013,1
fields/00027__plt00260__rho.f32__c0007__dt-f32/chunk_0,3000000,29,ndzip,primary,0.0399359986,-1,31.751938,0.0839679986,1
fields/00026__plt00260__part_per_cell.f32__c0013__dt-f32/chunk_0,3000000,30,ndzip shuffle=bit,primary,0.158720002,-1,4.86686594,0.445989335,1
fields/00027__plt00260__rho.f32__c0003__dt-f32/chunk_0,3000000,29,ndzip,primary,0.0368640013,-1,31.751938,0.0808960013,1
fields/00027__plt00260__rho.f32__c0005__dt-f32/chunk_0,3000000,29,ndzip,primary,0.035840001,-1,31.751938,0.079872001,1
fields/00028__plt00280__part_per_cell.f32__c0005__dt-f32/chunk_0,3000000,29,ndzip,primary,0.0419839993,-1,31.751938,0.0860159993,1
fields/00027__plt00260__rho.f32__c0009__dt-f32/chunk_0,3000000,35,spratio,primary,0.225728005,-1,2.76684095,0.731034005,1
fields/00027__plt00260__rho.f32__c0011__dt-f32/chunk_0,3000000,35,spratio,primary,0.0969920009,-1,2.27329361,0.712003334,1
fields/00027__plt00260__rho.f32__c0013__dt-f32/chunk_0,3000000,35,spratio,primary,0.216575995,-1,2.57392376,0.759754995,1
fields/00027__plt00260__rho.f32__c0015__dt-f32/chunk_0,3000000,35,spratio,primary,0.233024001,-1,3.95618144,0.586420668,1
fields/00028__plt00280__part_per_cell.f32__c0003__dt-f32/chunk_0,3000000,29,ndzip,primary,0.0399359986,-1,31.751938,0.0839679986,1
fields/00028__plt00280__part_per_cell.f32__c0001__dt-f32/chunk_0,3000000,29,ndzip,primary,0.0327679999,-1,31.751938,0.0767999999,1
fields/00028__plt00280__part_per_cell.f32__c0007__dt-f32/chunk_0,3000000,29,ndzip,primary,0.0389119983,-1,31.751938,0.0829439983,1
fields/00028__plt00280__part_per_cell.f32__c0009__dt-f32/chunk_0,3000000,30,ndzip shuffle=bit,primary,0.0829439983,-1,4.9289317,0.366595998,1
fields/00028__plt00280__part_per_cell.f32__c0011__dt-f32/chunk_0,3000000,30,ndzip shuffle=bit,primary,0.145408005,-1,5.09968096,0.419562671,1
fields/00028__plt00280__part_per_cell.f32__c0013__dt-f32/chunk_0,3000000,30,ndzip shuffle=bit,primary,0.103423998,-1,4.84341902,0.392083998,1
fields/00029__plt00280__rho.f32__c0001__dt-f32/chunk_0,3000000,29,ndzip,primary,0.0368640013,-1,31.751938,0.0808960013,1
fields/00029__plt00280__rho.f32__c0005__dt-f32/chunk_0,3000000,29,ndzip,primary,0.0348160006,-1,31.751938,0.0788480006,1
fields/00029__plt00280__rho.f32__c0003__dt-f32/chunk_0,3000000,29,ndzip,primary,0.0399359986,-1,31.751938,0.0839679986,1
fields/00029__plt00280__rho.f32__c0007__dt-f32/chunk_0,3000000,29,ndzip,primary,0.0348160006,-1,31.751938,0.0788480006,1
fields/00028__plt00280__part_per_cell.f32__c0015__dt-f32/chunk_0,3000000,24,gpulz shuffle=byte,primary,0.235520005,-1,32.3076165,0.278794672,1
fields/00029__plt00280__rho.f32__c0011__dt-f32/chunk_0,3000000,35,spratio,primary,0.271488011,-1,2.40076333,0.853845011,1
fields/00029__plt00280__rho.f32__c0009__dt-f32/chunk_0,3000000,35,spratio,primary,0.0838719979,-1,2.56551027,0.628832331,1
fields/00029__plt00280__rho.f32__c0015__dt-f32/chunk_0,3000000,35,spratio,primary,0.480096012,-1,3.96567116,0.832647012,1
fields/00030__plt00300__part_per_cell.f32__c0005__dt-f32/chunk_0,3000000,29,ndzip,primary,0.112640001,-1,31.751938,0.156672001,1
fields/00029__plt00280__rho.f32__c0013__dt-f32/chunk_0,3000000,35,spratio,primary,0.289151996,-1,2.57914841,0.831230663,1
fields/00030__plt00300__part_per_cell.f32__c0003__dt-f32/chunk_0,3000000,29,ndzip,primary,0.0737280026,-1,31.751938,0.117760003,1
fields/00030__plt00300__part_per_cell.f32__c0001__dt-f32/chunk_0,3000000,29,ndzip,primary,0.0378880017,-1,31.751938,0.0819200017,1
fields/00030__plt00300__part_per_cell.f32__c0007__dt-f32/chunk_0,3000000,29,ndzip,primary,0.0450560004,-1,17.7821191,0.12368,1
fields/00030__plt00300__part_per_cell.f32__c0009__dt-f32/chunk_0,3000000,30,ndzip shuffle=bit,primary,0.188416004,-1,4.77985541,0.480914671,1
fields/00030__plt00300__part_per_cell.f32__c0011__dt-f32/chunk_0,3000000,30,ndzip shuffle=bit,primary,0.200703993,-1,4.76885574,0.493877327,1
fields/00031__plt00300__rho.f32__c0003__dt-f32/chunk_0,3000000,29,ndzip,primary,0.0511999987,-1,31.751938,0.0952319987,1
fields/00030__plt00300__part_per_cell.f32__c0015__dt-f32/chunk_0,3000000,23,gpulz shuffle=bit,primary,0.227328002,-1,32.7925944,0.269962669,1
fields/00031__plt00300__rho.f32__c0001__dt-f32/chunk_0,3000000,29,ndzip,primary,0.0368640013,-1,31.751938,0.0808960013,1
fields/00030__plt00300__part_per_cell.f32__c0013__dt-f32/chunk_0,3000000,30,ndzip shuffle=bit,primary,0.173056006,-1,4.84839069,0.461420006,1
fields/00032__plt00320__part_per_cell.f32__c0001__dt-f32/chunk_0,3000000,29,ndzip,primary,0.088064,-1,31.751938,0.132096,1
fields/00031__plt00300__rho.f32__c0009__dt-f32/chunk_0,3000000,35,spratio,primary,0.296799988,-1,2.61417423,0.831615654,1
fields/00031__plt00300__rho.f32__c0011__dt-f32/chunk_0,3000000,35,spratio,primary,0.225024,-1,2.61381094,0.759914,1
fields/00031__plt00300__rho.f32__c0005__dt-f32/chunk_0,3000000,29,ndzip,primary,0.0368640013,-1,31.751938,0.0808960013,1
fields/00031__plt00300__rho.f32__c0007__dt-f32/chunk_0,3000000,29,ndzip,primary,0.0614399984,-1,14.1131121,0.160503998,1
fields/00031__plt00300__rho.f32__c0013__dt-f32/chunk_0,3000000,35,spratio,primary,0.277824014,-1,2.58004797,0.819713681,1
fields/00032__plt00320__part_per_cell.f32__c0005__dt-f32/chunk_0,3000000,29,ndzip,primary,0.0368640013,-1,31.751938,0.0808960013,1
fields/00031__plt00300__rho.f32__c0015__dt-f32/chunk_0,3000000,35,spratio,primary,0.307168007,-1,3.96874814,0.659445674,1
fields/00032__plt00320__part_per_cell.f32__c0003__dt-f32/chunk_0,3000000,29,ndzip,primary,0.0348160006,-1,31.751938,0.0788480006,1
fields/00032__plt00320__part_per_cell.f32__c0009__dt-f32/chunk_0,3000000,36,spratio shuffle=bit,primary,0.100607999,-1,5.92270261,0.336665999,1
fields/00032__plt00320__part_per_cell.f32__c0007__dt-f32/chunk_0,3000000,30,ndzip shuffle=bit,primary,0.0819199979,-1,9.53745122,0.228510665,1
fields/00032__plt00320__part_per_cell.f32__c0013__dt-f32/chunk_0,3000000,30,ndzip shuffle=bit,primary,0.209920004,-1,4.82894301,0.499445337,1
fields/00033__plt00320__rho.f32__c0001__dt-f32/chunk_0,3000000,29,ndzip,primary,0.0378880017,-1,31.751938,0.0819200017,1
fields/00032__plt00320__part_per_cell.f32__c0015__dt-f32/chunk_0,3000000,24,gpulz shuffle=byte,primary,0.289792001,-1,32.3076165,0.333066668,1
fields/00032__plt00320__part_per_cell.f32__c0011__dt-f32/chunk_0,3000000,30,ndzip shuffle=bit,primary,0.171008006,-1,4.43127063,0.486516006,1
fields/00033__plt00320__rho.f32__c0003__dt-f32/chunk_0,3000000,29,ndzip,primary,0.040959999,-1,31.751938,0.084991999,1
fields/00033__plt00320__rho.f32__c0007__dt-f32/chunk_0,3000000,29,ndzip,primary,0.0645119995,-1,6.0696234,0.294855999,1
fields/00033__plt00320__rho.f32__c0005__dt-f32/chunk_0,3000000,29,ndzip,primary,0.035840001,-1,31.751938,0.079872001,1
fields/00033__plt00320__rho.f32__c0015__dt-f32/chunk_0,3000000,35,spratio,primary,0.0878399983,-1,3.96149861,0.440762332,1
fields/00033__plt00320__rho.f32__c0009__dt-f32/chunk_0,3000000,35,spratio,primary,0.0720639974,-1,2.59772279,0.610266664,1
fields/00033__plt00320__rho.f32__c0011__dt-f32/chunk_0,3000000,35,spratio,primary,0.0817279965,-1,2.59447529,0.62060433,1
fields/00034__plt00340__part_per_cell.f32__c0001__dt-f32/chunk_0,3000000,29,ndzip,primary,0.0368640013,-1,31.751938,0.0808960013,1
fields/00034__plt00340__part_per_cell.f32__c0005__dt-f32/chunk_0,3000000,29,ndzip,primary,0.0614399984,-1,31.751938,0.105471998,1
fields/00034__plt00340__part_per_cell.f32__c0003__dt-f32/chunk_0,3000000,29,ndzip,primary,0.0788479969,-1,31.751938,0.122879997,1
fields/00034__plt00340__part_per_cell.f32__c0009__dt-f32/chunk_0,3000000,30,ndzip shuffle=bit,primary,0.116736002,-1,4.49396134,0.427842669,1
fields/00034__plt00340__part_per_cell.f32__c0007__dt-f32/chunk_0,3000000,30,ndzip shuffle=bit,primary,0.101375997,-1,6.21872183,0.32619733,1
fields/00033__plt00320__rho.f32__c0013__dt-f32/chunk_0,3000000,35,spratio,primary,0.276928008,-1,2.57675108,0.819511008,1
fields/00034__plt00340__part_per_cell.f32__c0013__dt-f32/chunk_0,3000000,30,ndzip shuffle=bit,primary,0.102399997,-1,4.84277032,0.391098664,1
fields/00035__plt00340__rho.f32__c0005__dt-f32/chunk_0,3000000,29,ndzip,primary,0.0327679999,-1,31.751938,0.0767999999,1
fields/00035__plt00340__rho.f32__c0001__dt-f32/chunk_0,3000000,29,ndzip,primary,0.137216002,-1,31.751938,0.181248002,1
fields/00035__plt00340__rho.f32__c0003__dt-f32/chunk_0,3000000,29,ndzip,primary,0.0348160006,-1,31.751938,0.0788480006,1
fields/00034__plt00340__part_per_cell.f32__c0011__dt-f32/chunk_0,3000000,30,ndzip shuffle=bit,primary,0.134143993,-1,4.26637155,0.46184666,1
fields/00034__plt00340__part_per_cell.f32__c0015__dt-f32/chunk_0,3000000,24,gpulz shuffle=byte,primary,0.495615989,-1,32.3076165,0.538890656,1
fields/00035__plt00340__rho.f32__c0011__dt-f32/chunk_0,3000000,35,spratio,primary,0.0872320011,-1,2.56963771,0.631317001,1
fields/00035__plt00340__rho.f32__c0009__dt-f32/chunk_0,3000000,35,spratio,primary,0.0804480016,-1,2.5877124,0.620732668,1
fields/00035__plt00340__rho.f32__c0007__dt-f32/chunk_0,3000000,35,spratio,primary,0.178207994,-1,4.49346545,0.489348994,1
fields/00035__plt00340__rho.f32__c0015__dt-f32/chunk_0,3000000,35,spratio,primary,0.234144002,-1,3.95176073,0.587936002,1
fields/00036__plt00360__part_per_cell.f32__c0007__dt-f32/chunk_0,3000000,36,spratio shuffle=bit,primary,0.176192001,-1,6.46213056,0.392545001,1
fields/00035__plt00340__rho.f32__c0013__dt-f32/chunk_0,3000000,35,spratio,primary,0.313311994,-1,2.57754917,0.855726994,1
fields/00036__plt00360__part_per_cell.f32__c0005__dt-f32/chunk_0,3000000,29,ndzip,primary,0.0378880017,-1,31.751938,0.0819200017,1
fields/00036__plt00360__part_per_cell.f32__c0001__dt-f32/chunk_0,3000000,29,ndzip,primary,0.0389119983,-1,31.751938,0.0829439983,1
fields/00036__plt00360__part_per_cell.f32__c0003__dt-f32/chunk_0,3000000,29,ndzip,primary,0.0593920015,-1,31.751938,0.103424001,1
fields/00036__plt00360__part_per_cell.f32__c0013__dt-f32/chunk_0,3000000,30,ndzip shuffle=bit,primary,0.141312003,-1,4.84668753,0.429777336,1
fields/00036__plt00360__part_per_cell.f32__c0009__dt-f32/chunk_0,3000000,30,ndzip shuffle=bit,primary,0.107519999,-1,4.62794218,0.409619999,1
fields/00036__plt00360__part_per_cell.f32__c0015__dt-f32/chunk_0,3000000,24,gpulz shuffle=byte,primary,0.486400008,-1,32.3076165,0.529674675,1
fields/00036__plt00360__part_per_cell.f32__c0011__dt-f32/chunk_0,3000000,30,ndzip shuffle=bit,primary,0.0778239965,-1,4.18484625,0.411910663,1
fields/00037__plt00360__rho.f32__c0001__dt-f32/chunk_0,3000000,29,ndzip,primary,0.0389119983,-1,31.751938,0.0829439983,1
fields/00037__plt00360__rho.f32__c0003__dt-f32/chunk_0,3000000,29,ndzip,primary,0.0501759984,-1,31.751938,0.0942079984,1
fields/00037__plt00360__rho.f32__c0005__dt-f32/chunk_0,3000000,29,ndzip,primary,0.0389119983,-1,31.751938,0.0829439983,1
fields/00037__plt00360__rho.f32__c0009__dt-f32/chunk_0,3000000,35,spratio,primary,0.0837439969,-1,2.23902681,0.708167664,1
fields/00037__plt00360__rho.f32__c0007__dt-f32/chunk_0,3000000,35,spratio,primary,0.31577599,-1,3.07599293,0.770296324,1
fields/00037__plt00360__rho.f32__c0015__dt-f32/chunk_0,3000000,35,spratio,primary,0.279711992,-1,3.92474469,0.635939325,1
fields/00038__plt00380__part_per_cell.f32__c0001__dt-f32/chunk_0,3000000,29,ndzip,primary,0.0378880017,-1,31.751938,0.0819200017,1
fields/00037__plt00360__rho.f32__c0011__dt-f32/chunk_0,3000000,35,spratio,primary,0.0808959976,-1,2.50968528,0.637978331,1
fields/00038__plt00380__part_per_cell.f32__c0003__dt-f32/chunk_0,3000000,29,ndzip,primary,0.0430079997,-1,31.751938,0.0870399997,1
fields/00038__plt00380__part_per_cell.f32__c0007__dt-f32/chunk_0,3000000,2,ans shuffle=byte,primary,1.06777596,-1,8.66026313,1.22921463,1
fields/00037__plt00360__rho.f32__c0013__dt-f32/chunk_0,3000000,35,spratio,primary,0.315328002,-1,2.57514691,0.858249002,1
fields/00038__plt00380__part_per_cell.f32__c0009__dt-f32/chunk_0,3000000,9,bitcomp type=int,primary,0.964927971,-1,9.21784537,1.1166013,1
fields/00038__plt00380__part_per_cell.f32__c0005__dt-f32/chunk_0,3000000,29,ndzip,primary,0.0450560004,-1,13.9867945,0.145014667,1
fields/00038__plt00380__part_per_cell.f32__c0011__dt-f32/chunk_0,3000000,2,ans shuffle=byte,primary,0.502207994,-1,7.49925621,0.688639994,1
fields/00038__plt00380__part_per_cell.f32__c0013__dt-f32/chunk_0,3000000,30,ndzip shuffle=bit,primary,0.128000006,-1,4.85211492,0.416142673,1
fields/00038__plt00380__part_per_cell.f32__c0015__dt-f32/chunk_0,3000000,24,gpulz shuffle=byte,primary,0.82841599,-1,32.3076165,0.871690657,1
fields/00039__plt00380__rho.f32__c0001__dt-f32/chunk_0,3000000,29,ndzip,primary,0.102399997,-1,31.751938,0.146431997,1
fields/00039__plt00380__rho.f32__c0005__dt-f32/chunk_0,3000000,29,ndzip,primary,0.0573440008,-1,10.4390972,0.191273334,1
fields/00039__plt00380__rho.f32__c0003__dt-f32/chunk_0,3000000,29,ndzip,primary,0.0337920003,-1,31.751938,0.0778240003,1
fields/00039__plt00380__rho.f32__c0011__dt-f32/chunk_0,3000000,35,spratio,primary,0.141663998,-1,2.41535859,0.720501998,1
fields/00039__plt00380__rho.f32__c0013__dt-f32/chunk_0,3000000,35,spratio,primary,0.454239994,-1,2.57753808,0.996657328,1
fields/00039__plt00380__rho.f32__c0007__dt-f32/chunk_0,3000000,35,spratio,primary,0.26582399,-1,2.60942523,0.80161299,1
fields/00039__plt00380__rho.f32__c0009__dt-f32/chunk_0,3000000,35,spratio,primary,0.332255989,-1,2.23451668,0.957939989,1
fields/00040__plt00400__part_per_cell.f32__c0003__dt-f32/chunk_0,3000000,29,ndzip,primary,0.118784003,-1,31.751938,0.162816003,1
fields/00039__plt00380__rho.f32__c0015__dt-f32/chunk_0,3000000,35,spratio,primary,0.0826560035,-1,3.93656896,0.437813337,1
fields/00040__plt00400__part_per_cell.f32__c0007__dt-f32/chunk_0,3000000,30,ndzip shuffle=bit,primary,0.0778239965,-1,4.22647593,0.408619997,1
fields/00040__plt00400__part_per_cell.f32__c0009__dt-f32/chunk_0,3000000,36,spratio shuffle=bit,primary,0.244384006,-1,5.86491263,0.482768006,1
fields/00040__plt00400__part_per_cell.f32__c0001__dt-f32/chunk_0,3000000,29,ndzip,primary,0.109568,-1,31.751938,0.1536,1
fields/00040__plt00400__part_per_cell.f32__c0005__dt-f32/chunk_0,3000000,30,ndzip shuffle=bit,primary,0.0778239965,-1,7.53162911,0.263454663,1
fields/00040__plt00400__part_per_cell.f32__c0013__dt-f32/chunk_0,3000000,30,ndzip shuffle=bit,primary,0.0778239965,-1,4.87571433,0.364571997,1
fields/00041__plt00400__rho.f32__c0001__dt-f32/chunk_0,3000000,29,ndzip,primary,0.0389119983,-1,31.751938,0.0829439983,1
fields/00040__plt00400__part_per_cell.f32__c0015__dt-f32/chunk_0,3000000,24,gpulz shuffle=byte,primary,0.485376,-1,32.3076165,0.528650667,1
fields/00040__plt00400__part_per_cell.f32__c0011__dt-f32/chunk_0,3000000,30,ndzip shuffle=bit,primary,0.122879997,-1,4.17463313,0.457783997,1
fields/00041__plt00400__rho.f32__c0007__dt-f32/chunk_0,3000000,35,spratio,primary,0.230655998,-1,2.42459473,0.807288998,1
fields/00041__plt00400__rho.f32__c0003__dt-f32/chunk_0,3000000,29,ndzip,primary,0.0389119983,-1,31.751938,0.0829439983,1
fields/00042__plt00420__part_per_cell.f32__c0001__dt-f32/chunk_0,3000000,29,ndzip,primary,0.0399359986,-1,31.751938,0.0839679986,1
fields/00041__plt00400__rho.f32__c0005__dt-f32/chunk_0,3000000,29,ndzip,primary,0.0593920015,-1,4.4114905,0.376314668,1
fields/00041__plt00400__rho.f32__c0011__dt-f32/chunk_0,3000000,35,spratio,primary,0.281664014,-1,2.30280011,0.888795014,1
fields/00041__plt00400__rho.f32__c0009__dt-f32/chunk_0,3000000,35,spratio,primary,0.157887995,-1,2.22011413,0.787630995,1
fields/00041__plt00400__rho.f32__c0013__dt-f32/chunk_0,3000000,35,spratio,primary,0.227103993,-1,2.58037177,0.76892566,1
fields/00041__plt00400__rho.f32__c0015__dt-f32/chunk_0,3000000,35,spratio,primary,0.274304003,-1,3.94436535,0.628759336,1
fields/00042__plt00420__part_per_cell.f32__c0003__dt-f32/chunk_0,3000000,29,ndzip,primary,0.0501759984,-1,31.751938,0.0942079984,1
fields/00042__plt00420__part_per_cell.f32__c0005__dt-f32/chunk_0,3000000,9,bitcomp type=int,primary,0.400992006,-1,20.8510012,0.468044006,1
fields/00042__plt00420__part_per_cell.f32__c0007__dt-f32/chunk_0,3000000,0,ans,primary,0.844832003,-1,6.44912419,1.06162134,1
fields/00042__plt00420__part_per_cell.f32__c0011__dt-f32/chunk_0,3000000,30,ndzip shuffle=bit,primary,0.0870399997,-1,4.10969363,0.427236,1
fields/00042__plt00420__part_per_cell.f32__c0013__dt-f32/chunk_0,3000000,30,ndzip shuffle=bit,primary,0.0839679986,-1,4.87193116,0.370938665,1
fields/00042__plt00420__part_per_cell.f32__c0015__dt-f32/chunk_0,3000000,9,bitcomp type=int,primary,0.576543987,-1,17.2775746,0.657463987,1
fields/00043__plt00420__rho.f32__c0001__dt-f32/chunk_0,3000000,29,ndzip,primary,0.0532479994,-1,31.751938,0.0972799994,1
fields/00043__plt00420__rho.f32__c0003__dt-f32/chunk_0,3000000,29,ndzip,primary,0.0491520017,-1,31.751938,0.0931840017,1
fields/00042__plt00420__part_per_cell.f32__c0009__dt-f32/chunk_0,3000000,2,ans shuffle=byte,primary,0.548096001,-1,7.80934223,0.727125334,1
fields/00043__plt00420__rho.f32__c0005__dt-f32/chunk_0,3000000,35,spratio,primary,0.384447992,-1,3.35124208,0.801636992,1
fields/00043__plt00420__rho.f32__c0011__dt-f32/chunk_0,3000000,35,spratio,primary,0.235936001,-1,2.22616139,0.863968334,1
fields/00043__plt00420__rho.f32__c0007__dt-f32/chunk_0,3000000,35,spratio,primary,0.295136005,-1,2.44803212,0.866248338,1
fields/00043__plt00420__rho.f32__c0013__dt-f32/chunk_0,3000000,35,spratio,primary,0.315423995,-1,2.57852211,0.857634329,1
fields/00043__plt00420__rho.f32__c0009__dt-f32/chunk_0,3000000,35,spratio,primary,0.479295999,-1,2.51820312,1.034494,1
fields/00043__plt00420__rho.f32__c0015__dt-f32/chunk_0,3000000,35,spratio,primary,0.0811199993,-1,3.9339069,0.436517666,1
fields/00044__plt00440__part_per_cell.f32__c0003__dt-f32/chunk_0,3000000,29,ndzip,primary,0.0378880017,-1,31.4472169,0.0823466683,1
fields/00044__plt00440__part_per_cell.f32__c0001__dt-f32/chunk_0,3000000,29,ndzip,primary,0.0655359998,-1,31.751938,0.109568,1
fields/00044__plt00440__part_per_cell.f32__c0007__dt-f32/chunk_0,3000000,0,ans,primary,0.230624005,-1,6.45623195,0.447174672,1
fields/00044__plt00440__part_per_cell.f32__c0005__dt-f32/chunk_0,3000000,2,ans shuffle=byte,primary,0.458976001,-1,12.4288932,0.571464001,1
fields/00044__plt00440__part_per_cell.f32__c0011__dt-f32/chunk_0,3000000,2,ans shuffle=byte,primary,0.708671987,-1,7.43122803,0.896810654,1
fields/00044__plt00440__part_per_cell.f32__c0009__dt-f32/chunk_0,3000000,9,bitcomp type=int,primary,0.691392004,-1,8.02105134,0.865696004,1
fields/00045__plt00440__rho.f32__c0001__dt-f32/chunk_0,3000000,29,ndzip,primary,0.0460800007,-1,31.751938,0.0901120007,1
fields/00045__plt00440__rho.f32__c0003__dt-f32/chunk_0,3000000,29,ndzip,primary,0.044032,-1,25.7717699,0.0982813333,1
fields/00044__plt00440__part_per_cell.f32__c0015__dt-f32/chunk_0,3000000,9,bitcomp type=int,primary,1.08591998,-1,17.2775746,1.16683998,1
fields/00044__plt00440__part_per_cell.f32__c0013__dt-f32/chunk_0,3000000,2,ans shuffle=byte,primary,1.18326402,-1,7.36101088,1.37319735,1
fields/00046__plt00460__part_per_cell.f32__c0001__dt-f32/chunk_0,3000000,29,ndzip,primary,0.0911360011,-1,31.751938,0.135168001,1
fields/00045__plt00440__rho.f32__c0005__dt-f32/chunk_0,3000000,35,spratio,primary,0.191008002,-1,2.54000121,0.741441335,1
fields/00045__plt00440__rho.f32__c0009__dt-f32/chunk_0,3000000,35,spratio,primary,0.0808959976,-1,2.45663942,0.650007331,1
fields/00045__plt00440__rho.f32__c0007__dt-f32/chunk_0,3000000,35,spratio,primary,0.259552002,-1,2.43779199,0.833063335,1
fields/00045__plt00440__rho.f32__c0013__dt-f32/chunk_0,3000000,35,spratio,primary,0.161024004,-1,2.57731634,0.703488004,1
fields/00046__plt00460__part_per_cell.f32__c0003__dt-f32/chunk_0,3000000,6,bitcomp algo=1 type=char,primary,1.21257603,-1,56.8118329,1.23718537,1
fields/00046__plt00460__part_per_cell.f32__c0005__dt-f32/chunk_0,3000000,2,ans shuffle=byte,primary,0.775488019,-1,12.3946619,0.888286686,1
fields/00045__plt00440__rho.f32__c0011__dt-f32/chunk_0,3000000,35,spratio,primary,0.200351998,-1,2.16568734,0.845921332,1
fields/00045__plt00440__rho.f32__c0015__dt-f32/chunk_0,3000000,35,spratio,primary,0.221632004,-1,3.9402597,0.57645667,1
fields/00046__plt00460__part_per_cell.f32__c0007__dt-f32/chunk_0,3000000,9,bitcomp type=int,primary,0.400927991,-1,7.981063,0.576105324,1
fields/00046__plt00460__part_per_cell.f32__c0009__dt-f32/chunk_0,3000000,9,bitcomp type=int,primary,0.544351995,-1,7.64557996,0.727215995,1
fields/00046__plt00460__part_per_cell.f32__c0011__dt-f32/chunk_0,3000000,2,ans shuffle=byte,primary,0.533248007,-1,7.40106861,0.722153341,1
fields/00046__plt00460__part_per_cell.f32__c0015__dt-f32/chunk_0,3000000,24,gpulz shuffle=byte,primary,0.507903993,-1,32.3076165,0.55117866,1
fields/00046__plt00460__part_per_cell.f32__c0013__dt-f32/chunk_0,3000000,2,ans shuffle=byte,primary,1.12300801,-1,7.36944345,1.31272401,1
fields/00047__plt00460__rho.f32__c0001__dt-f32/chunk_0,3000000,29,ndzip,primary,0.0399359986,-1,31.751938,0.0839679986,1
fields/00047__plt00460__rho.f32__c0009__dt-f32/chunk_0,3000000,35,spratio,primary,0.344128013,-1,2.34161156,0.941196013,1
fields/00047__plt00460__rho.f32__c0003__dt-f32/chunk_0,3000000,29,ndzip,primary,0.0552960001,-1,6.85617141,0.259214667,1
fields/00047__plt00460__rho.f32__c0005__dt-f32/chunk_0,3000000,35,spratio,primary,0.265664011,-1,2.31742946,0.868962345,1
fields/00047__plt00460__rho.f32__c0013__dt-f32/chunk_0,3000000,35,spratio,primary,0.27462399,-1,2.57670201,0.817217323,1
fields/00047__plt00460__rho.f32__c0007__dt-f32/chunk_0,3000000,35,spratio,primary,0.208256006,-1,2.44130098,0.780943006,1
fields/00047__plt00460__rho.f32__c0011__dt-f32/chunk_0,3000000,35,spratio,primary,0.212768003,-1,2.12169578,0.87172267,1
fields/00048__plt00480__part_per_cell.f32__c0003__dt-f32/chunk_0,3000000,0,ans,primary,0.258623987,-1,11.9982608,0.375149321,1
fields/00048__plt00480__part_per_cell.f32__c0001__dt-f32/chunk_0,3000000,29,ndzip,primary,0.0768000036,-1,31.751938,0.120832004,1
fields/00047__plt00460__rho.f32__c0015__dt-f32/chunk_0,3000000,35,spratio,primary,0.305920005,-1,3.94904835,0.659955005,1
fields/00048__plt00480__part_per_cell.f32__c0005__dt-f32/chunk_0,3000000,0,ans,primary,0.57407999,-1,10.172646,0.711517324,1
fields/00048__plt00480__part_per_cell.f32__c0009__dt-f32/chunk_0,3000000,9,bitcomp type=int,primary,0.506687999,-1,7.36732056,0.696458665,1
fields/00048__plt00480__part_per_cell.f32__c0007__dt-f32/chunk_0,3000000,2,ans shuffle=byte,primary,0.800704002,-1,7.69710049,0.982344002,1
fields/00049__plt00480__rho.f32__c0001__dt-f32/chunk_0,3000000,29,ndzip,primary,0.0634879991,-1,31.751938,0.107519999,1
fields/00049__plt00480__rho.f32__c0003__dt-f32/chunk_0,3000000,35,spratio,primary,0.0674239993,-1,3.75199282,0.440052999,1
fields/00048__plt00480__part_per_cell.f32__c0011__dt-f32/chunk_0,3000000,2,ans shuffle=byte,primary,0.299551994,-1,7.39021898,0.48873466,1
fields/00048__plt00480__part_per_cell.f32__c0015__dt-f32/chunk_0,3000000,9,bitcomp type=int,primary,0.213824004,-1,17.2775746,0.294744004,1
fields/00048__plt00480__part_per_cell.f32__c0013__dt-f32/chunk_0,3000000,2,ans shuffle=byte,primary,0.479808003,-1,7.37022042,0.669504003,1
fields/00049__plt00480__rho.f32__c0007__dt-f32/chunk_0,3000000,35,spratio,primary,0.0839679986,-1,2.1423371,0.736573665,1
fields/00049__plt00480__rho.f32__c0005__dt-f32/chunk_0,3000000,35,spratio,primary,0.0705600008,-1,2.10635889,0.734312668,1
fields/00049__plt00480__rho.f32__c0009__dt-f32/chunk_0,3000000,35,spratio,primary,0.262111992,-1,2.16230774,0.908690325,1
fields/00049__plt00480__rho.f32__c0013__dt-f32/chunk_0,3000000,35,spratio,primary,0.343295991,-1,2.57228524,0.886820991,1
fields/00050__plt00500__part_per_cell.f32__c0003__dt-f32/chunk_0,3000000,1,ans shuffle=bit,primary,0.685055971,-1,10.4660838,0.818639971,1
fields/00050__plt00500__part_per_cell.f32__c0005__dt-f32/chunk_0,3000000,2,ans shuffle=byte,primary,0.510208011,-1,9.64394044,0.655180011,1
fields/00050__plt00500__part_per_cell.f32__c0001__dt-f32/chunk_0,3000000,29,ndzip,primary,0.0768000036,-1,31.751938,0.120832004,1
fields/00049__plt00480__rho.f32__c0011__dt-f32/chunk_0,3000000,35,spratio,primary,0.598367989,-1,2.09601491,1.26539632,1
fields/00049__plt00480__rho.f32__c0015__dt-f32/chunk_0,3000000,35,spratio,primary,0.121151999,-1,3.93245002,0.476681332,1
fields/00050__plt00500__part_per_cell.f32__c0007__dt-f32/chunk_0,3000000,0,ans,primary,0.854623973,-1,6.36855371,1.07415597,1
fields/00050__plt00500__part_per_cell.f32__c0011__dt-f32/chunk_0,3000000,2,ans shuffle=byte,primary,0.885280013,-1,7.36623369,1.07507868,1
fields/00050__plt00500__part_per_cell.f32__c0013__dt-f32/chunk_0,3000000,30,ndzip shuffle=bit,primary,0.153600007,-1,4.9465332,0.436242674,1
fields/00050__plt00500__part_per_cell.f32__c0009__dt-f32/chunk_0,3000000,2,ans shuffle=byte,primary,0.498688012,-1,7.70235865,0.680204012,1
fields/00050__plt00500__part_per_cell.f32__c0015__dt-f32/chunk_0,3000000,24,gpulz shuffle=byte,primary,0.848896027,-1,32.3076165,0.892170693,1
fields/00051__plt00500__rho.f32__c0003__dt-f32/chunk_0,3000000,35,spratio,primary,0.235295996,-1,2.44500108,0.807116329,1
fields/00051__plt00500__rho.f32__c0005__dt-f32/chunk_0,3000000,35,spratio,primary,0.0992320031,-1,1.98173384,0.804726003,1
fields/00051__plt00500__rho.f32__c0001__dt-f32/chunk_0,3000000,29,ndzip,primary,0.0389119983,-1,31.751938,0.0829439983,1
fields/00051__plt00500__rho.f32__c0007__dt-f32/chunk_0,3000000,35,spratio,primary,0.394015998,-1,2.14896131,1.04461,1
fields/00051__plt00500__rho.f32__c0011__dt-f32/chunk_0,3000000,35,spratio,primary,0.490752012,-1,2.07597395,1.16421968,1
fields/00051__plt00500__rho.f32__c0009__dt-f32/chunk_0,3000000,35,spratio,primary,0.377023995,-1,1.9892869,1.07983933,1
fields/00052__plt00520__part_per_cell.f32__c0003__dt-f32/chunk_0,3000000,2,ans shuffle=byte,primary,0.429632008,-1,12.791412,0.538932008,1
fields/00052__plt00520__part_per_cell.f32__c0005__dt-f32/chunk_0,3000000,2,ans shuffle=byte,primary,0.338880002,-1,8.5151776,0.503069336,1
fields/00052__plt00520__part_per_cell.f32__c0007__dt-f32/chunk_0,3000000,2,ans shuffle=byte,primary,0.697344005,-1,7.63294631,0.880510672,1
fields/00051__plt00500__rho.f32__c0013__dt-f32/chunk_0,3000000,35,spratio,primary,0.233631998,-1,2.57671784,0.776221998,1
fields/00051__plt00500__rho.f32__c0015__dt-f32/chunk_0,3000000,35,spratio,primary,0.1008,-1,3.94415763,0.455274,1
fields/00052__plt00520__part_per_cell.f32__c0001__dt-f32/chunk_0,3000000,29,ndzip,primary,0.0634879991,-1,27.911414,0.113578666,1
fields/00052__plt00520__part_per_cell.f32__c0009__dt-f32/chunk_0,3000000,2,ans shuffle=byte,primary,0.233536005,-1,7.68491564,0.415464005,1
fields/00052__plt00520__part_per_cell.f32__c0011__dt-f32/chunk_0,3000000,2,ans shuffle=byte,primary,0.912191987,-1,7.35218516,1.10235332,1
fields/00053__plt00520__rho.f32__c0001__dt-f32/chunk_0,3000000,29,ndzip,primary,0.0491520017,-1,15.0266692,0.142193335,1
fields/00052__plt00520__part_per_cell.f32__c0015__dt-f32/chunk_0,3000000,9,bitcomp type=int,primary,0.682208002,-1,17.2775746,0.763128002,1
fields/00052__plt00520__part_per_cell.f32__c0013__dt-f32/chunk_0,3000000,9,bitcomp type=int,primary,0.689696014,-1,10.3649052,0.824584014,1
fields/00053__plt00520__rho.f32__c0005__dt-f32/chunk_0,3000000,35,spratio,primary,0.136864007,-1,1.92596722,0.862785673,1
fields/00053__plt00520__rho.f32__c0003__dt-f32/chunk_0,3000000,35,spratio,primary,0.199359998,-1,2.02610364,0.889404331,1
fields/00053__plt00520__rho.f32__c0011__dt-f32/chunk_0,3000000,35,spratio,primary,0.233311996,-1,2.04290172,0.917682329,1
fields/00053__plt00520__rho.f32__c0007__dt-f32/chunk_0,3000000,35,spratio,primary,0.0852160007,-1,2.12023821,0.744623667,1
fields/00053__plt00520__rho.f32__c0015__dt-f32/chunk_0,3000000,35,spratio,primary,0.229791999,-1,3.92879597,0.585651999,1
fields/00054__plt00540__part_per_cell.f32__c0001__dt-f32/chunk_0,3000000,35,spratio,primary,0.230912,-1,14.8189771,0.325257333,1
fields/00053__plt00520__rho.f32__c0009__dt-f32/chunk_0,3000000,35,spratio,primary,0.175999999,-1,1.88109085,0.919239666,1
fields/00054__plt00540__part_per_cell.f32__c0003__dt-f32/chunk_0,3000000,0,ans,primary,0.236640006,-1,11.9704556,0.353436006,1
fields/00054__plt00540__part_per_cell.f32__c0007__dt-f32/chunk_0,3000000,0,ans,primary,0.185343996,-1,6.35828154,0.405230662,1
fields/00053__plt00520__rho.f32__c0013__dt-f32/chunk_0,3000000,35,spratio,primary,0.0799359977,-1,2.57627627,0.622618998,1
fields/00054__plt00540__part_per_cell.f32__c0005__dt-f32/chunk_0,3000000,0,ans,primary,0.167456001,-1,6.43835347,0.384608001,1
fields/00054__plt00540__part_per_cell.f32__c0009__dt-f32/chunk_0,3000000,2,ans shuffle=byte,primary,0.219584003,-1,7.66278866,0.402037336,1
fields/00055__plt00540__rho.f32__c0005__dt-f32/chunk_0,3000000,35,spratio,primary,0.091392003,-1,1.9288351,0.816234336,1
fields/00054__plt00540__part_per_cell.f32__c0011__dt-f32/chunk_0,3000000,2,ans shuffle=byte,primary,0.572960019,-1,7.32061772,0.763941352,1
fields/00054__plt00540__part_per_cell.f32__c0013__dt-f32/chunk_0,3000000,2,ans shuffle=byte,primary,0.204127997,-1,7.37452264,0.39371333,1
fields/00055__plt00540__rho.f32__c0007__dt-f32/chunk_0,3000000,35,spratio,primary,0.0794560015,-1,2.11438317,0.740689668,1
fields/00054__plt00540__part_per_cell.f32__c0015__dt-f32/chunk_0,3000000,9,bitcomp type=int,primary,0.373023987,-1,17.2775746,0.453943987,1
fields/00055__plt00540__rho.f32__c0009__dt-f32/chunk_0,3000000,35,spratio,primary,0.252447993,-1,1.76575657,1.04423399,1
fields/00055__plt00540__rho.f32__c0003__dt-f32/chunk_0,3000000,35,spratio,primary,0.0918079987,-1,1.90631898,0.825211665,1
fields/00055__plt00540__rho.f32__c0013__dt-f32/chunk_0,3000000,35,spratio,primary,0.296512008,-1,2.58035272,0.838337674,1
fields/00055__plt00540__rho.f32__c0001__dt-f32/chunk_0,3000000,35,spratio,primary,0.265024006,-1,5.45544458,0.52130034,1
fields/00056__plt00560__part_per_cell.f32__c0001__dt-f32/chunk_0,3000000,0,ans,primary,0.254911989,-1,12.0696617,0.370747989,1
fields/00056__plt00560__part_per_cell.f32__c0003__dt-f32/chunk_0,3000000,0,ans,primary,0.650655985,-1,11.90576,0.768086652,1
fields/00055__plt00540__rho.f32__c0011__dt-f32/chunk_0,3000000,35,spratio,primary,0.228576005,-1,2.02081569,0.920426005,1
fields/00055__plt00540__rho.f32__c0015__dt-f32/chunk_0,3000000,35,spratio,primary,0.069472,-1,3.93914583,0.424397,1
fields/00056__plt00560__part_per_cell.f32__c0005__dt-f32/chunk_0,3000000,9,bitcomp type=int,primary,0.441024005,-1,7.01046312,0.640454672,1
fields/00056__plt00560__part_per_cell.f32__c0007__dt-f32/chunk_0,3000000,0,ans,primary,0.618336022,-1,6.37602763,0.837610689,1
fields/00056__plt00560__part_per_cell.f32__c0011__dt-f32/chunk_0,3000000,2,ans shuffle=byte,primary,0.599456012,-1,7.31331645,0.790628012,1
fields/00056__plt00560__part_per_cell.f32__c0009__dt-f32/chunk_0,3000000,0,ans,primary,0.486912012,-1,6.33006942,0.707778679,1
fields/00056__plt00560__part_per_cell.f32__c0015__dt-f32/chunk_0,3000000,24,gpulz shuffle=byte,primary,0.205824003,-1,32.3076165,0.249098669,1
fields/00057__plt00560__rho.f32__c0001__dt-f32/chunk_0,3000000,35,spratio,primary,0.0802880004,-1,2.66101427,0.605689667,1
fields/00057__plt00560__rho.f32__c0009__dt-f32/chunk_0,3000000,35,spratio,primary,0.362464011,-1,1.63909213,1.21543701,1
fields/00056__plt00560__part_per_cell.f32__c0013__dt-f32/chunk_0,3000000,9,bitcomp type=int,primary,0.318208009,-1,10.4314123,0.452236009,1
fields/00057__plt00560__rho.f32__c0003__dt-f32/chunk_0,3000000,35,spratio,primary,0.273887992,-1,1.77669337,1.06079999,1
fields/00057__plt00560__rho.f32__c0005__dt-f32/chunk_0,3000000,35,spratio,primary,0.205535993,-1,1.97544019,0.91327766,1
fields/00057__plt00560__rho.f32__c0007__dt-f32/chunk_0,3000000,35,spratio,primary,0.422560006,-1,2.1386133,1.07630201,1
fields/00057__plt00560__rho.f32__c0013__dt-f32/chunk_0,3000000,35,spratio,primary,0.126176,-1,2.58505535,0.667016,1
fields/00057__plt00560__rho.f32__c0015__dt-f32/chunk_0,3000000,35,spratio,primary,0.284256011,-1,3.9496359,0.638238345,1
fields/00057__plt00560__rho.f32__c0011__dt-f32/chunk_0,3000000,35,spratio,primary,0.239071995,-1,2.00731655,0.935574662,1
fields/00058__plt00580__part_per_cell.f32__c0001__dt-f32/chunk_0,3000000,0,ans,primary,0.203871995,-1,11.815074,0.322203995,1
fields/00058__plt00580__part_per_cell.f32__c0003__dt-f32/chunk_0,3000000,0,ans,primary,0.480383992,-1,11.85354,0.598331992,1
fields/00058__plt00580__part_per_cell.f32__c0007__dt-f32/chunk_0,3000000,2,ans shuffle=byte,primary,0.69244802,-1,7.66710294,0.874798687,1
fields/00058__plt00580__part_per_cell.f32__c0005__dt-f32/chunk_0,3000000,2,ans shuffle=byte,primary,0.691200018,-1,7.7056982,0.872637351,1
fields/00058__plt00580__part_per_cell.f32__c0011__dt-f32/chunk_0,3000000,2,ans shuffle=byte,primary,0.354656011,-1,7.30638609,0.546009344,1
fields/00058__plt00580__part_per_cell.f32__c0009__dt-f32/chunk_0,3000000,0,ans,primary,0.472959995,-1,6.3089697,0.694565329,1
fields/00058__plt00580__part_per_cell.f32__c0015__dt-f32/chunk_0,3000000,9,bitcomp type=int,primary,0.444575995,-1,17.2775746,0.525495995,1
fields/00059__plt00580__rho.f32__c0001__dt-f32/chunk_0,3000000,35,spratio,primary,0.0916159973,-1,1.9769169,0.798828997,1
fields/00058__plt00580__part_per_cell.f32__c0013__dt-f32/chunk_0,3000000,9,bitcomp type=int,primary,1.47583997,-1,10.443568,1.60971197,1
fields/00059__plt00580__rho.f32__c0005__dt-f32/chunk_0,3000000,35,spratio,primary,0.529471993,-1,2.02911182,1.21849333,1
fields/00059__plt00580__rho.f32__c0003__dt-f32/chunk_0,3000000,35,spratio,primary,0.241791993,-1,1.66889382,1.07953333,1
fields/00059__plt00580__rho.f32__c0009__dt-f32/chunk_0,3000000,35,spratio,primary,0.136864007,-1,1.5402019,1.04460301,1
fields/00059__plt00580__rho.f32__c0015__dt-f32/chunk_0,3000000,35,spratio,primary,0.234175995,-1,3.93680174,0.589312328,1
fields/00059__plt00580__rho.f32__c0007__dt-f32/chunk_0,3000000,35,spratio,primary,0.378784001,-1,1.95701505,1.093189,1
fields/00060__plt00600__part_per_cell.f32__c0001__dt-f32/chunk_0,3000000,2,ans shuffle=byte,primary,0.753823996,-1,13.0875686,0.860650662,1
fields/00059__plt00580__rho.f32__c0013__dt-f32/chunk_0,3000000,35,spratio,primary,0.234720007,-1,2.58698141,0.77515734,1
fields/00060__plt00600__part_per_cell.f32__c0007__dt-f32/chunk_0,3000000,2,ans shuffle=byte,primary,1.00105596,-1,7.64435372,1.18394929,1
fields/00059__plt00580__rho.f32__c0011__dt-f32/chunk_0,3000000,35,spratio,primary,0.297280014,-1,1.99372455,0.998531014,1
fields/00060__plt00600__part_per_cell.f32__c0003__dt-f32/chunk_0,3000000,0,ans,primary,0.82684797,-1,11.8246671,0.94508397,1
fields/00060__plt00600__part_per_cell.f32__c0005__dt-f32/chunk_0,3000000,2,ans shuffle=byte,primary,0.471552014,-1,7.65775214,0.654125348,1
fields/00060__plt00600__part_per_cell.f32__c0013__dt-f32/chunk_0,3000000,2,ans shuffle=byte,primary,1.49619198,-1,7.37934917,1.68565331,1
fields/00060__plt00600__part_per_cell.f32__c0009__dt-f32/chunk_0,3000000,0,ans,primary,0.406048,-1,6.28767082,0.628404,1
fields/00060__plt00600__part_per_cell.f32__c0015__dt-f32/chunk_0,3000000,24,gpulz shuffle=byte,primary,0.485376,-1,32.3076165,0.528650667,1
fields/00060__plt00600__part_per_cell.f32__c0011__dt-f32/chunk_0,3000000,2,ans shuffle=byte,primary,0.381855994,-1,7.30353623,0.573283994,1
fields/00061__plt00600__rho.f32__c0003__dt-f32/chunk_0,3000000,35,spratio,primary,0.305727988,-1,1.58346968,1.18866332,1
fields/00061__plt00600__rho.f32__c0001__dt-f32/chunk_0,3000000,35,spratio,primary,0.0921600014,-1,1.7338462,0.898518335,1
fields/00061__plt00600__rho.f32__c0005__dt-f32/chunk_0,3000000,35,spratio,primary,0.304895997,-1,2.09453279,0.97239633,1
fields/00061__plt00600__rho.f32__c0009__dt-f32/chunk_0,3000000,35,spratio,primary,0.297632009,-1,1.46597807,1.25133068,1
fields/00061__plt00600__rho.f32__c0007__dt-f32/chunk_0,3000000,35,spratio,primary,0.233728006,-1,1.76288221,1.02680501,1
fields/00062__plt00620__part_per_cell.f32__c0001__dt-f32/chunk_0,3000000,0,ans,primary,0.945887983,-1,12.2808522,1.05973198,1
fields/00061__plt00600__rho.f32__c0011__dt-f32/chunk_0,3000000,35,spratio,primary,0.181984007,-1,1.99424592,0.883051674,1
fields/00062__plt00620__part_per_cell.f32__c0003__dt-f32/chunk_0,3000000,0,ans,primary,0.214399993,-1,9.90016523,0.355619993,1
fields/00061__plt00600__rho.f32__c0015__dt-f32/chunk_0,3000000,35,spratio,primary,0.0931200013,-1,3.94602411,0.447426335,1
fields/00062__plt00620__part_per_cell.f32__c0005__dt-f32/chunk_0,3000000,0,ans,primary,0.198016003,-1,6.30267476,0.419842669,1
fields/00061__plt00600__rho.f32__c0013__dt-f32/chunk_0,3000000,35,spratio,primary,0.231135994,-1,2.59220319,0.770484661,1
fields/00062__plt00620__part_per_cell.f32__c0009__dt-f32/chunk_0,3000000,0,ans,primary,0.590048015,-1,6.26146359,0.813334682,1
fields/00062__plt00620__part_per_cell.f32__c0007__dt-f32/chunk_0,3000000,2,ans shuffle=byte,primary,1.03936005,-1,7.66626212,1.22173071,1
fields/00062__plt00620__part_per_cell.f32__c0013__dt-f32/chunk_0,3000000,9,bitcomp type=int,primary,0.223680004,-1,10.4960461,0.356882671,1
fields/00062__plt00620__part_per_cell.f32__c0011__dt-f32/chunk_0,3000000,9,bitcomp type=int,primary,0.228607997,-1,6.78417722,0.434690664,1
fields/00062__plt00620__part_per_cell.f32__c0015__dt-f32/chunk_0,3000000,24,gpulz shuffle=byte,primary,0.247807994,-1,32.3076165,0.291082661,1
fields/00063__plt00620__rho.f32__c0003__dt-f32/chunk_0,3000000,35,spratio,primary,0.229632005,-1,1.52019256,1.14931901,1
fields/00063__plt00620__rho.f32__c0001__dt-f32/chunk_0,3000000,35,spratio,primary,0.0722239986,-1,1.65984047,0.914534665,1
fields/00063__plt00620__rho.f32__c0005__dt-f32/chunk_0,3000000,35,spratio,primary,0.136000007,-1,1.92794052,0.861178674,1
fields/00063__plt00620__rho.f32__c0007__dt-f32/chunk_0,3000000,35,spratio,primary,0.0730879977,-1,1.59495553,0.949664998,1
fields/00063__plt00620__rho.f32__c0015__dt-f32/chunk_0,3000000,35,spratio,primary,0.0724160001,-1,3.931628,0.428019667,1
fields/00063__plt00620__rho.f32__c0011__dt-f32/chunk_0,3000000,35,spratio,primary,0.435039997,-1,1.99115581,1.13719566,1
fields/00063__plt00620__rho.f32__c0009__dt-f32/chunk_0,3000000,35,spratio,primary,0.137024,-1,1.41983907,1.121714,1
fields/00064__plt00640__part_per_cell.f32__c0001__dt-f32/chunk_0,3000000,2,ans shuffle=byte,primary,0.460703999,-1,13.268747,0.566071999,1
fields/00063__plt00620__rho.f32__c0013__dt-f32/chunk_0,3000000,35,spratio,primary,0.274912,-1,2.59419929,0.813845666,1
fields/00064__plt00640__part_per_cell.f32__c0009__dt-f32/chunk_0,3000000,2,ans shuffle=byte,primary,0.399327993,-1,7.61186305,0.583001993,1
fields/00064__plt00640__part_per_cell.f32__c0005__dt-f32/chunk_0,3000000,2,ans shuffle=byte,primary,0.548767984,-1,7.50505311,0.735055984,1
fields/00064__plt00640__part_per_cell.f32__c0003__dt-f32/chunk_0,3000000,0,ans,primary,0.502431989,-1,8.17992183,0.673350655,1
fields/00064__plt00640__part_per_cell.f32__c0007__dt-f32/chunk_0,3000000,2,ans shuffle=byte,primary,0.473376006,-1,7.67456635,0.655549339,1
fields/00064__plt00640__part_per_cell.f32__c0011__dt-f32/chunk_0,3000000,2,ans shuffle=byte,primary,0.643872023,-1,7.29758922,0.835456023,1
fields/00064__plt00640__part_per_cell.f32__c0013__dt-f32/chunk_0,3000000,9,bitcomp type=int,primary,0.626496017,-1,10.5290343,0.75928135,1
fields/00064__plt00640__part_per_cell.f32__c0015__dt-f32/chunk_0,3000000,9,bitcomp type=int,primary,0.627807975,-1,17.2775746,0.708727975,1
fields/00065__plt00640__rho.f32__c0001__dt-f32/chunk_0,3000000,35,spratio,primary,0.0849279985,-1,1.65710064,0.928631332,1
fields/00065__plt00640__rho.f32__c0005__dt-f32/chunk_0,3000000,35,spratio,primary,0.123616003,-1,1.94248548,0.843364669,1
fields/00065__plt00640__rho.f32__c0003__dt-f32/chunk_0,3000000,35,spratio,primary,0.105375998,-1,1.49157485,1.04270833,1
fields/00065__plt00640__rho.f32__c0007__dt-f32/chunk_0,3000000,35,spratio,primary,0.147072002,-1,1.45668382,1.10685567,1
fields/00065__plt00640__rho.f32__c0009__dt-f32/chunk_0,3000000,35,spratio,primary,0.0769279972,-1,1.38771567,1.084412,1
fields/00065__plt00640__rho.f32__c0013__dt-f32/chunk_0,3000000,35,spratio,primary,0.111263998,-1,2.59977413,0.649041998,1
fields/00065__plt00640__rho.f32__c0011__dt-f32/chunk_0,3000000,35,spratio,primary,0.0789439976,-1,1.9977176,0.778793331,1
fields/00066__plt00660__part_per_cell.f32__c0003__dt-f32/chunk_0,3000000,2,ans shuffle=byte,primary,1.60851204,-1,8.35598623,1.77582938,1
fields/00066__plt00660__part_per_cell.f32__c0001__dt-f32/chunk_0,3000000,0,ans,primary,0.449952006,-1,12.2772574,0.56382934,1
fields/00066__plt00660__part_per_cell.f32__c0011__dt-f32/chunk_0,3000000,2,ans shuffle=byte,primary,0.368191987,-1,7.30109526,0.559683987,1
fields/00065__plt00640__rho.f32__c0015__dt-f32/chunk_0,3000000,35,spratio,primary,0.101599999,-1,3.94017086,0.456432665,1
fields/00066__plt00660__part_per_cell.f32__c0005__dt-f32/chunk_0,3000000,2,ans shuffle=byte,primary,0.597855985,-1,7.50440857,0.784159985,1
fields/00066__plt00660__part_per_cell.f32__c0007__dt-f32/chunk_0,3000000,2,ans shuffle=byte,primary,0.62006402,-1,7.6891985,0.801890687,1
fields/00066__plt00660__part_per_cell.f32__c0009__dt-f32/chunk_0,3000000,0,ans,primary,0.388191998,-1,6.07813768,0.618213331,1
fields/00066__plt00660__part_per_cell.f32__c0013__dt-f32/chunk_0,3000000,2,ans shuffle=byte,primary,0.611360013,-1,7.37950497,0.800817347,1
fields/00066__plt00660__part_per_cell.f32__c0015__dt-f32/chunk_0,3000000,24,gpulz shuffle=byte,primary,0.204799995,-1,32.3076165,0.248074661,1
fields/00067__plt00660__rho.f32__c0001__dt-f32/chunk_0,3000000,35,spratio,primary,0.233567998,-1,1.64710909,1.08238933,1
fields/00067__plt00660__rho.f32__c0003__dt-f32/chunk_0,3000000,35,spratio,primary,0.0983360037,-1,1.5083442,1.02524734,1
fields/00067__plt00660__rho.f32__c0007__dt-f32/chunk_0,3000000,35,spratio,primary,0.153247997,-1,1.37562003,1.16959066,1
fields/00067__plt00660__rho.f32__c0009__dt-f32/chunk_0,3000000,35,spratio,primary,0.520352006,-1,1.36488459,1.54468867,1
fields/00067__plt00660__rho.f32__c0005__dt-f32/chunk_0,3000000,35,spratio,primary,0.155903995,-1,1.88701496,0.896810328,1
fields/00067__plt00660__rho.f32__c0015__dt-f32/chunk_0,3000000,35,spratio,primary,0.132543996,-1,3.94942392,0.486545329,1
fields/00067__plt00660__rho.f32__c0011__dt-f32/chunk_0,3000000,35,spratio,primary,0.0883520022,-1,1.99596078,0.788817336,1
fields/00067__plt00660__rho.f32__c0013__dt-f32/chunk_0,3000000,35,spratio,primary,0.0730239972,-1,2.60500729,0.609721664,1
fields/00068__plt00680__part_per_cell.f32__c0005__dt-f32/chunk_0,3000000,0,ans,primary,0.48694399,-1,6.32957269,0.70782799,1
fields/00068__plt00680__part_per_cell.f32__c0001__dt-f32/chunk_0,3000000,9,bitcomp type=int,primary,0.244351998,-1,15.3224421,0.335597331,1
fields/00068__plt00680__part_per_cell.f32__c0003__dt-f32/chunk_0,3000000,2,ans shuffle=byte,primary,0.997824013,-1,7.79164345,1.17726001,1
fields/00068__plt00680__part_per_cell.f32__c0009__dt-f32/chunk_0,3000000,2,ans shuffle=byte,primary,0.653631985,-1,7.58721591,0.837902652,1
fields/00068__plt00680__part_per_cell.f32__c0011__dt-f32/chunk_0,3000000,0,ans,primary,0.292735994,-1,5.41563888,0.550895994,1
fields/00068__plt00680__part_per_cell.f32__c0007__dt-f32/chunk_0,3000000,2,ans shuffle=byte,primary,0.980672002,-1,7.6955188,1.16234934,1
fields/00068__plt00680__part_per_cell.f32__c0015__dt-f32/chunk_0,3000000,24,gpulz shuffle=byte,primary,0.509952009,-1,32.3076165,0.553226675,1
fields/00068__plt00680__part_per_cell.f32__c0013__dt-f32/chunk_0,3000000,9,bitcomp type=int,primary,1.07955205,-1,10.5831247,1.21165872,1
fields/00069__plt00680__rho.f32__c0003__dt-f32/chunk_0,3000000,35,spratio,primary,0.341408014,-1,1.55228401,1.24208168,1
fields/00069__plt00680__rho.f32__c0001__dt-f32/chunk_0,3000000,35,spratio,primary,0.485983998,-1,1.6127646,1.35288133,1
fields/00069__plt00680__rho.f32__c0005__dt-f32/chunk_0,3000000,35,spratio,primary,0.225984007,-1,1.9310543,0.94999334,1
fields/00069__plt00680__rho.f32__c0007__dt-f32/chunk_0,3000000,35,spratio,primary,0.103359997,-1,1.32920593,1.155192,1
fields/00069__plt00680__rho.f32__c0013__dt-f32/chunk_0,3000000,35,spratio,primary,0.0738879964,-1,2.60653388,0.61027133,1
fields/00070__plt00700__part_per_cell.f32__c0003__dt-f32/chunk_0,3000000,0,ans,primary,0.458496004,-1,6.36445631,0.678169338,1
fields/00069__plt00680__rho.f32__c0009__dt-f32/chunk_0,3000000,35,spratio,primary,0.252671987,-1,1.34480018,1.29230699,1
fields/00070__plt00700__part_per_cell.f32__c0007__dt-f32/chunk_0,3000000,2,ans shuffle=byte,primary,0.382400006,-1,7.70213235,0.563921339,1
fields/00070__plt00700__part_per_cell.f32__c0009__dt-f32/chunk_0,3000000,2,ans shuffle=byte,primary,0.423776001,-1,7.56941557,0.608480001,1
fields/00069__plt00680__rho.f32__c0011__dt-f32/chunk_0,3000000,35,spratio,primary,0.407840014,-1,1.98813557,1.11106235,1
fields/00070__plt00700__part_per_cell.f32__c0011__dt-f32/chunk_0,3000000,2,ans shuffle=byte,primary,0.292896003,-1,7.30501177,0.484285336,1
fields/00069__plt00680__rho.f32__c0015__dt-f32/chunk_0,3000000,35,spratio,primary,0.0865280032,-1,3.94353463,0.441058003,1
fields/00070__plt00700__part_per_cell.f32__c0001__dt-f32/chunk_0,3000000,9,bitcomp type=int,primary,0.536768019,-1,14.5498141,0.632858686,1
fields/00070__plt00700__part_per_cell.f32__c0005__dt-f32/chunk_0,3000000,2,ans shuffle=byte,primary,0.845568001,-1,7.61719902,1.02911333,1
fields/00070__plt00700__part_per_cell.f32__c0013__dt-f32/chunk_0,3000000,2,ans shuffle=byte,primary,0.438560009,-1,7.38480608,0.627881342,1
fields/00070__plt00700__part_per_cell.f32__c0015__dt-f32/chunk_0,3000000,24,gpulz shuffle=byte,primary,0.879616022,-1,32.3076165,0.922890689,1
fields/00071__plt00700__rho.f32__c0001__dt-f32/chunk_0,3000000,35,spratio,primary,0.314271986,-1,1.55801032,1.21163532,1
fields/00071__plt00700__rho.f32__c0005__dt-f32/chunk_0,3000000,35,spratio,primary,0.0788159966,-1,1.71553403,0.893781663,1
fields/00071__plt00700__rho.f32__c0003__dt-f32/chunk_0,3000000,35,spratio,primary,0.370815992,-1,1.64308922,1.22171399,1
fields/00071__plt00700__rho.f32__c0011__dt-f32/chunk_0,3000000,35,spratio,primary,0.284767985,-1,1.99793362,0.984541652,1
fields/00071__plt00700__rho.f32__c0009__dt-f32/chunk_0,3000000,35,spratio,primary,0.0862080008,-1,1.32946336,1.13783633,1
fields/00071__plt00700__rho.f32__c0007__dt-f32/chunk_0,3000000,35,spratio,primary,0.0736320019,-1,1.29565117,1.15270434,1
fields/00072__plt00720__part_per_cell.f32__c0005__dt-f32/chunk_0,3000000,2,ans shuffle=byte,primary,0.709695995,-1,7.63055786,0.892919995,1
fields/00071__plt00700__rho.f32__c0015__dt-f32/chunk_0,3000000,35,spratio,primary,0.157759994,-1,3.95284822,0.511454661,1
fields/00071__plt00700__rho.f32__c0013__dt-f32/chunk_0,3000000,35,spratio,primary,0.0833280012,-1,2.61187889,0.618613668,1
fields/00072__plt00720__part_per_cell.f32__c0001__dt-f32/chunk_0,3000000,0,ans,primary,0.629664004,-1,12.1138632,0.745077337,1
fields/00072__plt00720__part_per_cell.f32__c0007__dt-f32/chunk_0,3000000,0,ans,primary,0.690656006,-1,6.23291645,0.91496534,1
fields/00072__plt00720__part_per_cell.f32__c0003__dt-f32/chunk_0,3000000,0,ans,primary,0.401663989,-1,6.35523716,0.621655989,1
fields/00072__plt00720__part_per_cell.f32__c0011__dt-f32/chunk_0,3000000,2,ans shuffle=byte,primary,0.415679991,-1,7.30323102,0.607115991,1
fields/00072__plt00720__part_per_cell.f32__c0009__dt-f32/chunk_0,3000000,2,ans shuffle=byte,primary,0.389183998,-1,7.56810439,0.573919998,1
fields/00072__plt00720__part_per_cell.f32__c0013__dt-f32/chunk_0,3000000,30,ndzip shuffle=bit,primary,0.0808959976,-1,4.95169554,0.363243998,1
fields/00072__plt00720__part_per_cell.f32__c0015__dt-f32/chunk_0,3000000,24,gpulz shuffle=byte,primary,0.208895996,-1,32.3076165,0.252170663,1
fields/00073__plt00720__rho.f32__c0003__dt-f32/chunk_0,3000000,35,spratio,primary,0.260031998,-1,1.7678397,1.050885,1
fields/00073__plt00720__rho.f32__c0001__dt-f32/chunk_0,3000000,35,spratio,primary,0.34275201,-1,1.48781932,1.28245034,1
fields/00073__plt00720__rho.f32__c0007__dt-f32/chunk_0,3000000,35,spratio,primary,0.139584005,-1,1.27299673,1.23785967,1
fields/00073__plt00720__rho.f32__c0005__dt-f32/chunk_0,3000000,35,spratio,primary,0.519551992,-1,1.5357979,1.42989399,1
fields/00074__plt00740__part_per_cell.f32__c0001__dt-f32/chunk_0,3000000,0,ans,primary,0.925567985,-1,11.7269393,1.04478932,1
fields/00073__plt00720__rho.f32__c0009__dt-f32/chunk_0,3000000,35,spratio,primary,0.508639991,-1,1.31785412,1.56953232,1
fields/00074__plt00740__part_per_cell.f32__c0003__dt-f32/chunk_0,3000000,9,bitcomp type=int,primary,0.201536,-1,6.53664558,0.415422666,1
fields/00073__plt00720__rho.f32__c0013__dt-f32/chunk_0,3000000,35,spratio,primary,0.229504004,-1,2.6136448,0.764428004,1
fields/00073__plt00720__rho.f32__c0011__dt-f32/chunk_0,3000000,35,spratio,primary,0.230591998,-1,1.99434548,0.931624664,1
fields/00074__plt00740__part_per_cell.f32__c0011__dt-f32/chunk_0,3000000,2,ans shuffle=byte,primary,0.236064002,-1,7.30811745,0.427372002,1
fields/00074__plt00740__part_per_cell.f32__c0005__dt-f32/chunk_0,3000000,2,ans shuffle=byte,primary,0.324607998,-1,7.6475316,0.507425331,1
fields/00073__plt00720__rho.f32__c0015__dt-f32/chunk_0,3000000,35,spratio,primary,0.134176001,-1,3.93755938,0.489244001,1
fields/00074__plt00740__part_per_cell.f32__c0007__dt-f32/chunk_0,3000000,0,ans,primary,0.411168009,-1,6.2042246,0.636514676,1
fields/00074__plt00740__part_per_cell.f32__c0015__dt-f32/chunk_0,3000000,24,gpulz shuffle=byte,primary,0.262143999,-1,32.3076165,0.305418666,1
fields/00074__plt00740__part_per_cell.f32__c0009__dt-f32/chunk_0,3000000,2,ans shuffle=byte,primary,0.316671997,-1,7.54963245,0.501859997,1
fields/00075__plt00740__rho.f32__c0003__dt-f32/chunk_0,3000000,35,spratio,primary,0.178752005,-1,1.76343365,0.971581005,1
fields/00074__plt00740__part_per_cell.f32__c0013__dt-f32/chunk_0,3000000,30,ndzip shuffle=bit,primary,0.0839679986,-1,4.97438744,0.365027999,1
fields/00075__plt00740__rho.f32__c0001__dt-f32/chunk_0,3000000,35,spratio,primary,0.305088013,-1,1.42101328,1.28896435,1
fields/00075__plt00740__rho.f32__c0013__dt-f32/chunk_0,3000000,35,spratio,primary,0.0847039968,-1,2.61835035,0.618666663,1
fields/00075__plt00740__rho.f32__c0007__dt-f32/chunk_0,3000000,35,spratio,primary,0.343968004,-1,1.25707887,1.45615067,1
fields/00075__plt00740__rho.f32__c0005__dt-f32/chunk_0,3000000,35,spratio,primary,0.166240007,-1,1.4032184,1.16259334,1
fields/00075__plt00740__rho.f32__c0015__dt-f32/chunk_0,3000000,35,spratio,primary,0.306623995,-1,3.94111866,0.661371329,1
fields/00075__plt00740__rho.f32__c0009__dt-f32/chunk_0,3000000,35,spratio,primary,0.0702399984,-1,1.30953569,1.13787133,1
fields/00076__plt00760__part_per_cell.f32__c0009__dt-f32/chunk_0,3000000,2,ans shuffle=byte,primary,0.304479986,-1,7.5351471,0.490023986,1
fields/00075__plt00740__rho.f32__c0011__dt-f32/chunk_0,3000000,35,spratio,primary,0.0689600036,-1,1.99616121,0.769355004,1
fields/00076__plt00760__part_per_cell.f32__c0007__dt-f32/chunk_0,3000000,9,bitcomp type=int,primary,0.350239992,-1,5.53741511,0.602722659,1
fields/00076__plt00760__part_per_cell.f32__c0001__dt-f32/chunk_0,3000000,0,ans,primary,0.661375999,-1,9.63871015,0.806426666,1
fields/00076__plt00760__part_per_cell.f32__c0003__dt-f32/chunk_0,3000000,0,ans,primary,0.223296002,-1,6.31474478,0.444698668,1
fields/00076__plt00760__part_per_cell.f32__c0011__dt-f32/chunk_0,3000000,0,ans,primary,0.425823987,-1,5.40781846,0.68435732,1
fields/00076__plt00760__part_per_cell.f32__c0005__dt-f32/chunk_0,3000000,2,ans shuffle=byte,primary,0.228320003,-1,7.64312788,0.411242669,1
fields/00076__plt00760__part_per_cell.f32__c0015__dt-f32/chunk_0,3000000,24,gpulz shuffle=byte,primary,0.793600023,-1,32.3076165,0.836874689,1
fields/00077__plt00760__rho.f32__c0003__dt-f32/chunk_0,3000000,35,spratio,primary,0.129536003,-1,1.83394351,0.891883003,1
fields/00077__plt00760__rho.f32__c0001__dt-f32/chunk_0,3000000,35,spratio,primary,0.0703679994,-1,1.36872574,1.09183,1
fields/00076__plt00760__part_per_cell.f32__c0013__dt-f32/chunk_0,3000000,30,ndzip shuffle=bit,primary,0.0819199979,-1,4.97035541,0.363207998,1
fields/00077__plt00760__rho.f32__c0005__dt-f32/chunk_0,3000000,35,spratio,primary,0.130976006,-1,1.31931866,1.19069067,1
fields/00077__plt00760__rho.f32__c0009__dt-f32/chunk_0,3000000,35,spratio,primary,0.299264014,-1,1.30142256,1.37355101,1
fields/00077__plt00760__rho.f32__c0007__dt-f32/chunk_0,3000000,35,spratio,primary,0.155616,-1,1.24972074,1.274347,1
fields/00077__plt00760__rho.f32__c0011__dt-f32/chunk_0,3000000,35,spratio,primary,0.229696006,-1,1.98968607,0.932370339,1
fields/00077__plt00760__rho.f32__c0013__dt-f32/chunk_0,3000000,35,spratio,primary,0.0716160014,-1,2.62352734,0.604525001,1
fields/00078__plt00780__part_per_cell.f32__c0005__dt-f32/chunk_0,3000000,2,ans shuffle=byte,primary,0.215775996,-1,7.65568349,0.398398663,1
fields/00077__plt00760__rho.f32__c0015__dt-f32/chunk_0,3000000,35,spratio,primary,0.259552002,-1,3.94973261,0.613525669,1
fields/00078__plt00780__part_per_cell.f32__c0001__dt-f32/chunk_0,3000000,0,ans,primary,0.820640028,-1,8.05815902,0.994141361,1
fields/00078__plt00780__part_per_cell.f32__c0003__dt-f32/chunk_0,3000000,0,ans,primary,0.302271992,-1,6.32014948,0.523485325,1
fields/00078__plt00780__part_per_cell.f32__c0009__dt-f32/chunk_0,3000000,2,ans shuffle=byte,primary,0.321503997,-1,7.52282152,0.507351997,1
fields/00078__plt00780__part_per_cell.f32__c0013__dt-f32/chunk_0,3000000,30,ndzip shuffle=bit,primary,0.107519999,-1,4.9765358,0.388458666,1
fields/00078__plt00780__part_per_cell.f32__c0015__dt-f32/chunk_0,3000000,24,gpulz shuffle=byte,primary,0.196608007,-1,32.3076165,0.239882674,1
fields/00078__plt00780__part_per_cell.f32__c0007__dt-f32/chunk_0,3000000,2,ans shuffle=byte,primary,0.401024014,-1,7.71706868,0.582194014,1
fields/00078__plt00780__part_per_cell.f32__c0011__dt-f32/chunk_0,3000000,2,ans shuffle=byte,primary,0.391456008,-1,7.31392859,0.582612008,1
fields/00079__plt00780__rho.f32__c0005__dt-f32/chunk_0,3000000,35,spratio,primary,0.290048003,-1,1.27328696,1.38807334,1
fields/00080__plt00800__part_per_cell.f32__c0001__dt-f32/chunk_0,3000000,0,ans,primary,0.240863994,-1,6.85733718,0.444747994,1
fields/00079__plt00780__rho.f32__c0001__dt-f32/chunk_0,3000000,35,spratio,primary,0.469536006,-1,1.33842284,1.51412467,1
fields/00079__plt00780__rho.f32__c0003__dt-f32/chunk_0,3000000,35,spratio,primary,0.0839039981,-1,1.82532942,0.849848665,1
fields/00079__plt00780__rho.f32__c0007__dt-f32/chunk_0,3000000,35,spratio,primary,0.230816007,-1,1.24199498,1.35650601,1
fields/00079__plt00780__rho.f32__c0013__dt-f32/chunk_0,3000000,35,spratio,primary,0.305216014,-1,2.62471926,0.837883014,1
fields/00079__plt00780__rho.f32__c0009__dt-f32/chunk_0,3000000,35,spratio,primary,0.255488008,-1,1.29627023,1.33404501,1
fields/00080__plt00800__part_per_cell.f32__c0007__dt-f32/chunk_0,3000000,2,ans shuffle=byte,primary,0.324992001,-1,7.70949409,0.506340001,1
fields/00079__plt00780__rho.f32__c0011__dt-f32/chunk_0,3000000,35,spratio,primary,0.0922560021,-1,1.97816069,0.799024335,1
fields/00080__plt00800__part_per_cell.f32__c0009__dt-f32/chunk_0,3000000,0,ans,primary,0.27036801,-1,5.56110005,0.521775343,1
fields/00079__plt00780__rho.f32__c0015__dt-f32/chunk_0,3000000,35,spratio,primary,0.0656960011,-1,3.93466712,0.421025001,1
fields/00080__plt00800__part_per_cell.f32__c0003__dt-f32/chunk_0,3000000,2,ans shuffle=byte,primary,0.407552004,-1,7.48629932,0.594306671,1
fields/00080__plt00800__part_per_cell.f32__c0005__dt-f32/chunk_0,3000000,2,ans shuffle=byte,primary,0.462208003,-1,7.67417317,0.644390669,1
fields/00080__plt00800__part_per_cell.f32__c0011__dt-f32/chunk_0,3000000,2,ans shuffle=byte,primary,0.369919986,-1,7.31540834,0.561037319,1
fields/00080__plt00800__part_per_cell.f32__c0015__dt-f32/chunk_0,3000000,9,bitcomp type=int,primary,0.76611203,-1,17.2775746,0.84703203,1
fields/00080__plt00800__part_per_cell.f32__c0013__dt-f32/chunk_0,3000000,30,ndzip shuffle=bit,primary,0.0860159993,-1,4.98273158,0.366605333,1
fields/00081__plt00800__rho.f32__c0003__dt-f32/chunk_0,3000000,35,spratio,primary,0.260320008,-1,1.71611802,1.07500834,1
fields/00081__plt00800__rho.f32__c0001__dt-f32/chunk_0,3000000,35,spratio,primary,0.310048014,-1,1.3511624,1.34478768,1
fields/00081__plt00800__rho.f32__c0013__dt-f32/chunk_0,3000000,35,spratio,primary,0.212768003,-1,2.62964284,0.74443767,1
fields/00081__plt00800__rho.f32__c0005__dt-f32/chunk_0,3000000,35,spratio,primary,0.0799039975,-1,1.24333586,1.20438,1
fields/00081__plt00800__rho.f32__c0007__dt-f32/chunk_0,3000000,35,spratio,primary,0.121119998,-1,1.2388936,1.249628,1
fields/00081__plt00800__rho.f32__c0009__dt-f32/chunk_0,3000000,35,spratio,primary,0.0749119967,-1,1.29183857,1.157169,1
fields/00081__plt00800__rho.f32__c0011__dt-f32/chunk_0,3000000,35,spratio,primary,0.0758080035,-1,1.97421655,0.783988337,1
fields/00081__plt00800__rho.f32__c0015__dt-f32/chunk_0,3000000,35,spratio,primary,0.212415993,-1,3.93913843,0.56734166,1
fields/00082__plt00820__part_per_cell.f32__c0001__dt-f32/chunk_0,3000000,0,ans,primary,0.598464012,-1,6.41688034,0.816342679,1
fields/00082__plt00820__part_per_cell.f32__c0003__dt-f32/chunk_0,3000000,0,ans,primary,0.430655986,-1,6.30047828,0.652559986,1
fields/00082__plt00820__part_per_cell.f32__c0009__dt-f32/chunk_0,3000000,0,ans,primary,0.241344005,-1,5.54598177,0.493436672,1
fields/00082__plt00820__part_per_cell.f32__c0007__dt-f32/chunk_0,3000000,0,ans,primary,0.254335999,-1,6.15688497,0.481415333,1
fields/00082__plt00820__part_per_cell.f32__c0015__dt-f32/chunk_0,3000000,24,gpulz shuffle=byte,primary,0.212991998,-1,32.3076165,0.256266664,1
fields/00082__plt00820__part_per_cell.f32__c0005__dt-f32/chunk_0,3000000,0,ans,primary,0.243551999,-1,6.14431202,0.471095999,1
fields/00082__plt00820__part_per_cell.f32__c0011__dt-f32/chunk_0,3000000,30,ndzip shuffle=bit,primary,0.084991999,-1,3.78428436,0.454441332,1
fields/00082__plt00820__part_per_cell.f32__c0013__dt-f32/chunk_0,3000000,30,ndzip shuffle=bit,primary,0.0778239965,-1,4.98939385,0.358038663,1
fields/00083__plt00820__rho.f32__c0003__dt-f32/chunk_0,3000000,35,spratio,primary,0.208639994,-1,1.62951152,1.06662799,1
fields/00083__plt00820__rho.f32__c0001__dt-f32/chunk_0,3000000,35,spratio,primary,0.0804480016,-1,1.41021603,1.07185733,1
fields/00083__plt00820__rho.f32__c0013__dt-f32/chunk_0,3000000,35,spratio,primary,0.418687999,-1,2.63390992,0.949496333,1
fields/00083__plt00820__rho.f32__c0005__dt-f32/chunk_0,3000000,35,spratio,primary,0.136319995,-1,1.22495407,1.27766999,1
fields/00083__plt00820__rho.f32__c0009__dt-f32/chunk_0,3000000,35,spratio,primary,0.363424003,-1,1.28973362,1.44744734,1
fields/00083__plt00820__rho.f32__c0011__dt-f32/chunk_0,3000000,35,spratio,primary,0.218495995,-1,1.97469151,0.926505995,1
fields/00083__plt00820__rho.f32__c0015__dt-f32/chunk_0,3000000,35,spratio,primary,0.307583988,-1,3.92742009,0.663568654,1
fields/00083__plt00820__rho.f32__c0007__dt-f32/chunk_0,3000000,35,spratio,primary,0.241088003,-1,1.23930724,1.36921934,1
fields/00084__plt00840__part_per_cell.f32__c0001__dt-f32/chunk_0,3000000,2,ans shuffle=byte,primary,0.255328,-1,7.70354697,0.436816,1
fields/00084__plt00840__part_per_cell.f32__c0003__dt-f32/chunk_0,3000000,2,ans shuffle=byte,primary,0.587967992,-1,7.58760022,0.772229325,1
fields/00084__plt00840__part_per_cell.f32__c0005__dt-f32/chunk_0,3000000,2,ans shuffle=byte,primary,0.919327974,-1,7.69619659,1.10098931,1
fields/00084__plt00840__part_per_cell.f32__c0007__dt-f32/chunk_0,3000000,2,ans shuffle=byte,primary,0.280223995,-1,7.69729825,0.461859329,1
fields/00084__plt00840__part_per_cell.f32__c0011__dt-f32/chunk_0,3000000,30,ndzip shuffle=bit,primary,0.0931840017,-1,3.77177471,0.463858668,1
fields/00085__plt00840__rho.f32__c0001__dt-f32/chunk_0,3000000,35,spratio,primary,0.069343999,-1,1.52587284,0.985607332,1
fields/00085__plt00840__rho.f32__c0003__dt-f32/chunk_0,3000000,35,spratio,primary,0.139039993,-1,1.45734736,1.09838666,1
fields/00084__plt00840__part_per_cell.f32__c0015__dt-f32/chunk_0,3000000,23,gpulz shuffle=bit,primary,0.239616007,-1,32.7925944,0.282250673,1
fields/00084__plt00840__part_per_cell.f32__c0009__dt-f32/chunk_0,3000000,0,ans,primary,0.29491201,-1,5.54287421,0.54714601,1
fields/00084__plt00840__part_per_cell.f32__c0013__dt-f32/chunk_0,3000000,30,ndzip shuffle=bit,primary,0.0983040035,-1,4.97037897,0.37959067,1
fields/00085__plt00840__rho.f32__c0007__dt-f32/chunk_0,3000000,35,spratio,primary,0.222752005,-1,1.24164018,1.34876367,1
fields/00085__plt00840__rho.f32__c0005__dt-f32/chunk_0,3000000,35,spratio,primary,0.0726400018,-1,1.21226198,1.22593967,1
fields/00085__plt00840__rho.f32__c0009__dt-f32/chunk_0,3000000,35,spratio,primary,0.289375991,-1,1.28762761,1.37517232,1
fields/00085__plt00840__rho.f32__c0011__dt-f32/chunk_0,3000000,35,spratio,primary,0.606400013,-1,1.96543908,1.31774301,1
fields/00085__plt00840__rho.f32__c0013__dt-f32/chunk_0,3000000,35,spratio,primary,0.263808012,-1,2.6324304,0.794914679,1
fields/00085__plt00840__rho.f32__c0015__dt-f32/chunk_0,3000000,35,spratio,primary,0.0708800033,-1,3.91413784,0.42807267,1
fields/00086__plt00860__part_per_cell.f32__c0001__dt-f32/chunk_0,3000000,2,ans shuffle=byte,primary,1.12678397,-1,7.59793635,1.31079463,1
fields/00086__plt00860__part_per_cell.f32__c0005__dt-f32/chunk_0,3000000,0,ans,primary,1.06995201,-1,6.28556014,1.29238268,1
fields/00086__plt00860__part_per_cell.f32__c0003__dt-f32/chunk_0,3000000,2,ans shuffle=byte,primary,1.11270404,-1,7.59232496,1.29685071,1
fields/00086__plt00860__part_per_cell.f32__c0013__dt-f32/chunk_0,3000000,2,ans shuffle=byte,primary,0.976064026,-1,7.40723787,1.16481203,1
fields/00086__plt00860__part_per_cell.f32__c0007__dt-f32/chunk_0,3000000,0,ans,primary,0.711968005,-1,6.08932688,0.941566671,1
fields/00086__plt00860__part_per_cell.f32__c0011__dt-f32/chunk_0,3000000,2,ans shuffle=byte,primary,0.691071987,-1,7.31484698,0.882203987,1
fields/00086__plt00860__part_per_cell.f32__c0009__dt-f32/chunk_0,3000000,2,ans shuffle=byte,primary,0.488287985,-1,7.47378662,0.675355319,1
fields/00087__plt00860__rho.f32__c0001__dt-f32/chunk_0,3000000,35,spratio,primary,0.136032,-1,1.69648129,0.960150334,1
fields/00087__plt00860__rho.f32__c0007__dt-f32/chunk_0,3000000,35,spratio,primary,0.134368002,-1,1.2442694,1.25800034,1
fields/00087__plt00860__rho.f32__c0003__dt-f32/chunk_0,3000000,35,spratio,primary,0.763776004,-1,1.33234225,1.813132,1
fields/00086__plt00860__part_per_cell.f32__c0015__dt-f32/chunk_0,3000000,24,gpulz shuffle=byte,primary,0.221184,-1,32.3076165,0.264458667,1
fields/00087__plt00860__rho.f32__c0005__dt-f32/chunk_0,3000000,35,spratio,primary,0.432352006,-1,1.20600555,1.59163467,1
fields/00087__plt00860__rho.f32__c0015__dt-f32/chunk_0,3000000,35,spratio,primary,0.076191999,-1,3.92235901,0.432635999,1
fields/00087__plt00860__rho.f32__c0009__dt-f32/chunk_0,3000000,35,spratio,primary,0.355327994,-1,1.28746872,1.44125833,1
fields/00088__plt00880__part_per_cell.f32__c0005__dt-f32/chunk_0,3000000,2,ans shuffle=byte,primary,0.484064013,-1,7.72363401,0.665080013,1
fields/00088__plt00880__part_per_cell.f32__c0003__dt-f32/chunk_0,3000000,2,ans shuffle=byte,primary,0.907519996,-1,7.59474454,1.091608,1
fields/00087__plt00860__rho.f32__c0011__dt-f32/chunk_0,3000000,35,spratio,primary,0.223903999,-1,1.96592273,0.935071999,1
fields/00088__plt00880__part_per_cell.f32__c0007__dt-f32/chunk_0,3000000,30,ndzip shuffle=bit,primary,0.0870399997,-1,3.22152072,0.521028,1
fields/00087__plt00860__rho.f32__c0013__dt-f32/chunk_0,3000000,35,spratio,primary,0.275552005,-1,2.63596913,0.805945671,1
fields/00088__plt00880__part_per_cell.f32__c0009__dt-f32/chunk_0,3000000,2,ans shuffle=byte,primary,0.321280003,-1,7.46508714,0.508565336,1
fields/00088__plt00880__part_per_cell.f32__c0001__dt-f32/chunk_0,3000000,2,ans shuffle=byte,primary,0.500959992,-1,7.56155532,0.685855992,1
fields/00088__plt00880__part_per_cell.f32__c0011__dt-f32/chunk_0,3000000,30,ndzip shuffle=bit,primary,0.0819199979,-1,3.75886235,0.453867998,1
fields/00088__plt00880__part_per_cell.f32__c0013__dt-f32/chunk_0,3000000,30,ndzip shuffle=bit,primary,0.074752003,-1,4.99217307,0.35481067,1
fields/00089__plt00880__rho.f32__c0013__dt-f32/chunk_0,3000000,35,spratio,primary,0.381471992,-1,2.63449888,0.912161658,1
fields/00088__plt00880__part_per_cell.f32__c0015__dt-f32/chunk_0,3000000,24,gpulz shuffle=byte,primary,0.199680001,-1,32.3076165,0.242954667,1
fields/00089__plt00880__rho.f32__c0001__dt-f32/chunk_0,3000000,35,spratio,primary,0.0807679966,-1,1.70315446,0.90165733,1
fields/00089__plt00880__rho.f32__c0003__dt-f32/chunk_0,3000000,35,spratio,primary,0.248063996,-1,1.27130633,1.3478,1
fields/00089__plt00880__rho.f32__c0011__dt-f32/chunk_0,3000000,35,spratio,primary,0.501056015,-1,1.95540198,1.21605035,1
fields/00089__plt00880__rho.f32__c0015__dt-f32/chunk_0,3000000,35,spratio,primary,0.0667840019,-1,3.90886318,0.424458669,1
fields/00089__plt00880__rho.f32__c0005__dt-f32/chunk_0,3000000,35,spratio,primary,0.76454401,-1,1.20407887,1.92568168,1
fields/00089__plt00880__rho.f32__c0007__dt-f32/chunk_0,3000000,35,spratio,primary,0.391135991,-1,1.24544136,1.51371099,1
fields/00089__plt00880__rho.f32__c0009__dt-f32/chunk_0,3000000,35,spratio,primary,0.214047998,-1,1.28789449,1.29961933,1
fields/00090__plt00900__part_per_cell.f32__c0001__dt-f32/chunk_0,3000000,30,ndzip shuffle=bit,primary,0.0860159993,-1,3.79511828,0.454410666,1
fields/00090__plt00900__part_per_cell.f32__c0003__dt-f32/chunk_0,3000000,0,ans,primary,0.520448029,-1,6.21301053,0.745476029,1
fields/00090__plt00900__part_per_cell.f32__c0007__dt-f32/chunk_0,3000000,2,ans shuffle=byte,primary,0.490943998,-1,7.67543709,0.673096665,1
fields/00090__plt00900__part_per_cell.f32__c0005__dt-f32/chunk_0,3000000,0,ans,primary,0.523552001,-1,6.28838727,0.745882667,1
fields/00090__plt00900__part_per_cell.f32__c0009__dt-f32/chunk_0,3000000,30,ndzip shuffle=bit,primary,0.119808003,-1,3.14524049,0.564321337,1
fields/00090__plt00900__part_per_cell.f32__c0011__dt-f32/chunk_0,3000000,2,ans shuffle=byte,primary,0.355648011,-1,7.31852286,0.546684011,1
fields/00091__plt00900__rho.f32__c0001__dt-f32/chunk_0,3000000,35,spratio,primary,0.698559999,-1,1.74140116,1.50142,1
fields/00091__plt00900__rho.f32__c0003__dt-f32/chunk_0,3000000,35,spratio,primary,0.269183993,-1,1.23161202,1.40436399,1
fields/00090__plt00900__part_per_cell.f32__c0013__dt-f32/chunk_0,3000000,30,ndzip shuffle=bit,primary,0.103423998,-1,4.98187934,0.384061331,1
fields/00090__plt00900__part_per_cell.f32__c0015__dt-f32/chunk_0,3000000,23,gpulz shuffle=bit,primary,0.251904011,-1,32.7925944,0.294538677,1
fields/00091__plt00900__rho.f32__c0005__dt-f32/chunk_0,3000000,35,spratio,primary,0.310368001,-1,1.20584225,1.46980767,1
fields/00091__plt00900__rho.f32__c0007__dt-f32/chunk_0,3000000,35,spratio,primary,0.638848007,-1,1.24736404,1.75969267,1
fields/00091__plt00900__rho.f32__c0009__dt-f32/chunk_0,3000000,35,spratio,primary,0.225887999,-1,1.28794431,1.31141733,1
fields/00091__plt00900__rho.f32__c0011__dt-f32/chunk_0,3000000,35,spratio,primary,0.064447999,-1,1.95532085,0.779471999,1
fields/00092__plt00920__part_per_cell.f32__c0009__dt-f32/chunk_0,3000000,0,ans,primary,0.334784001,-1,5.48923695,0.589482668,1
fields/00091__plt00900__rho.f32__c0013__dt-f32/chunk_0,3000000,35,spratio,primary,0.338591993,-1,2.63019031,0.870150993,1
fields/00092__plt00920__part_per_cell.f32__c0007__dt-f32/chunk_0,3000000,30,ndzip shuffle=bit,primary,0.139264002,-1,3.21620469,0.573969336,1
fields/00091__plt00900__rho.f32__c0015__dt-f32/chunk_0,3000000,35,spratio,primary,0.262912005,-1,3.91693414,0.619849672,1
fields/00092__plt00920__part_per_cell.f32__c0013__dt-f32/chunk_0,3000000,30,ndzip shuffle=bit,primary,0.0798719972,-1,4.99888445,0.359554664,1
fields/00092__plt00920__part_per_cell.f32__c0005__dt-f32/chunk_0,3000000,30,ndzip shuffle=bit,primary,0.110592,-1,3.26328795,0.539025334,1
fields/00092__plt00920__part_per_cell.f32__c0001__dt-f32/chunk_0,3000000,0,ans,primary,0.467040002,-1,6.48449955,0.682646669,1
fields/00092__plt00920__part_per_cell.f32__c0003__dt-f32/chunk_0,3000000,0,ans,primary,0.638495982,-1,6.15166555,0.865767982,1
fields/00092__plt00920__part_per_cell.f32__c0011__dt-f32/chunk_0,3000000,30,ndzip shuffle=bit,primary,0.0931840017,-1,3.74682784,0.466326668,1
fields/00092__plt00920__part_per_cell.f32__c0015__dt-f32/chunk_0,3000000,24,gpulz shuffle=byte,primary,0.478208005,-1,32.3076165,0.521482672,1
fields/00093__plt00920__rho.f32__c0001__dt-f32/chunk_0,3000000,35,spratio,primary,0.225984007,-1,1.6551944,1.07065901,1
fields/00093__plt00920__rho.f32__c0005__dt-f32/chunk_0,3000000,35,spratio,primary,0.238304004,-1,1.20794328,1.395727,1
fields/00093__plt00920__rho.f32__c0003__dt-f32/chunk_0,3000000,35,spratio,primary,0.220607996,-1,1.20891849,1.37709733,1
fields/00093__plt00920__rho.f32__c0007__dt-f32/chunk_0,3000000,35,spratio,primary,0.321440011,-1,1.24848052,1.44128234,1
fields/00093__plt00920__rho.f32__c0013__dt-f32/chunk_0,3000000,35,spratio,primary,0.0919359997,-1,2.62830316,0.623876666,1
fields/00093__plt00920__rho.f32__c0009__dt-f32/chunk_0,3000000,35,spratio,primary,0.0756160021,-1,1.28862848,1.160569,1
fields/00093__plt00920__rho.f32__c0015__dt-f32/chunk_0,3000000,35,spratio,primary,0.0999040008,-1,3.92731345,0.455898334,1
fields/00093__plt00920__rho.f32__c0011__dt-f32/chunk_0,3000000,35,spratio,primary,0.0918719992,-1,1.95782349,0.805981999,1
fields/00094__plt00940__part_per_cell.f32__c0001__dt-f32/chunk_0,3000000,2,ans shuffle=byte,primary,0.41257599,-1,7.64675082,0.59541199,1
fields/00094__plt00940__part_per_cell.f32__c0009__dt-f32/chunk_0,3000000,0,ans,primary,0.358368009,-1,5.48596302,0.613218676,1
fields/00094__plt00940__part_per_cell.f32__c0003__dt-f32/chunk_0,3000000,2,ans shuffle=byte,primary,0.383776009,-1,7.62317977,0.567177342,1
fields/00094__plt00940__part_per_cell.f32__c0007__dt-f32/chunk_0,3000000,0,ans,primary,0.426111996,-1,5.86396148,0.664534663,1
fields/00094__plt00940__part_per_cell.f32__c0005__dt-f32/chunk_0,3000000,0,ans,primary,0.437952012,-1,6.30290207,0.659770678,1
fields/00094__plt00940__part_per_cell.f32__c0011__dt-f32/chunk_0,3000000,2,ans shuffle=byte,primary,0.588447988,-1,7.32102661,0.779418655,1
fields/00094__plt00940__part_per_cell.f32__c0015__dt-f32/chunk_0,3000000,24,gpulz shuffle=byte,primary,0.228351995,-1,32.3076165,0.271626662,1
fields/00094__plt00940__part_per_cell.f32__c0013__dt-f32/chunk_0,3000000,30,ndzip shuffle=bit,primary,0.0798719972,-1,4.99450335,0.359799997,1
fields/00095__plt00940__rho.f32__c0003__dt-f32/chunk_0,3000000,35,spratio,primary,0.174720004,-1,1.19966856,1.34012634,1
fields/00095__plt00940__rho.f32__c0001__dt-f32/chunk_0,3000000,35,spratio,primary,0.0702079982,-1,1.58873226,0.950218665,1
fields/00095__plt00940__rho.f32__c0005__dt-f32/chunk_0,3000000,35,spratio,primary,0.238143995,-1,1.2083031,1.39522233,1
fields/00095__plt00940__rho.f32__c0013__dt-f32/chunk_0,3000000,35,spratio,primary,0.168096006,-1,2.62381619,0.700946339,1
fields/00095__plt00940__rho.f32__c0007__dt-f32/chunk_0,3000000,35,spratio,primary,0.196447998,-1,1.24801244,1.31671033,1
fields/00095__plt00940__rho.f32__c0011__dt-f32/chunk_0,3000000,35,spratio,primary,0.0904640034,-1,1.95214746,0.806650337,1
fields/00095__plt00940__rho.f32__c0009__dt-f32/chunk_0,3000000,35,spratio,primary,0.156223997,-1,1.28929157,1.240619,1
fields/00096__plt00960__part_per_cell.f32__c0007__dt-f32/chunk_0,3000000,2,ans shuffle=byte,primary,0.320767999,-1,7.65266638,0.503462665,1
fields/00095__plt00940__rho.f32__c0015__dt-f32/chunk_0,3000000,35,spratio,primary,0.0820479989,-1,3.91382739,0.439268999,1
fields/00096__plt00960__part_per_cell.f32__c0005__dt-f32/chunk_0,3000000,0,ans,primary,0.561280012,-1,6.30199293,0.783130679,1
fields/00096__plt00960__part_per_cell.f32__c0001__dt-f32/chunk_0,3000000,9,bitcomp type=int,primary,0.916447997,-1,6.36526764,1.13609333,1
fields/00096__plt00960__part_per_cell.f32__c0009__dt-f32/chunk_0,3000000,30,ndzip shuffle=bit,primary,0.084991999,-1,3.14387311,0.529698666,1
fields/00096__plt00960__part_per_cell.f32__c0003__dt-f32/chunk_0,3000000,0,ans,primary,0.470912009,-1,6.16095466,0.697841343,1
fields/00096__plt00960__part_per_cell.f32__c0011__dt-f32/chunk_0,3000000,30,ndzip shuffle=bit,primary,0.0942080021,-1,3.76597686,0.465453335,1
fields/00096__plt00960__part_per_cell.f32__c0013__dt-f32/chunk_0,3000000,30,ndzip shuffle=bit,primary,0.131072,-1,4.98967875,0.411270666,1
fields/00096__plt00960__part_per_cell.f32__c0015__dt-f32/chunk_0,3000000,24,gpulz shuffle=byte,primary,0.517120004,-1,32.3076165,0.56039467,1
fields/00097__plt00960__rho.f32__c0003__dt-f32/chunk_0,3000000,35,spratio,primary,0.0765120015,-1,1.19307396,1.24836,1
fields/00097__plt00960__rho.f32__c0005__dt-f32/chunk_0,3000000,35,spratio,primary,0.11248,-1,1.20903313,1.26885967,1
fields/00097__plt00960__rho.f32__c0001__dt-f32/chunk_0,3000000,35,spratio,primary,0.18784,-1,1.41048207,1.17906233,1
fields/00097__plt00960__rho.f32__c0007__dt-f32/chunk_0,3000000,35,spratio,primary,0.0939520001,-1,1.24773697,1.21446167,1
fields/00097__plt00960__rho.f32__c0009__dt-f32/chunk_0,3000000,35,spratio,primary,0.239743993,-1,1.28924639,1.32417699,1
fields/00097__plt00960__rho.f32__c0015__dt-f32/chunk_0,3000000,35,spratio,primary,0.241311997,-1,3.92166953,0.597818664,1
fields/00097__plt00960__rho.f32__c0013__dt-f32/chunk_0,3000000,35,spratio,primary,0.253439993,-1,2.62730052,0.785583659,1
fields/00097__plt00960__rho.f32__c0011__dt-f32/chunk_0,3000000,35,spratio,primary,0.0797440037,-1,1.9492733,0.796986337,1
fields/00098__plt00980__part_per_cell.f32__c0001__dt-f32/chunk_0,3000000,0,ans,primary,0.273151994,-1,6.33864084,0.493719994,1
fields/00098__plt00980__part_per_cell.f32__c0003__dt-f32/chunk_0,3000000,0,ans,primary,0.690527976,-1,6.18902759,0.916427976,1
fields/00098__plt00980__part_per_cell.f32__c0007__dt-f32/chunk_0,3000000,0,ans,primary,0.54569602,-1,5.81803655,0.786000687,1
fields/00098__plt00980__part_per_cell.f32__c0005__dt-f32/chunk_0,3000000,0,ans,primary,0.742304027,-1,6.2858239,0.96472536,1
fields/00098__plt00980__part_per_cell.f32__c0009__dt-f32/chunk_0,3000000,0,ans,primary,1.18956804,-1,5.46265632,1.44550604,1
fields/00098__plt00980__part_per_cell.f32__c0011__dt-f32/chunk_0,3000000,2,ans shuffle=byte,primary,0.414144009,-1,7.32890672,0.604909343,1
fields/00098__plt00980__part_per_cell.f32__c0013__dt-f32/chunk_0,3000000,30,ndzip shuffle=bit,primary,0.120832004,-1,5.01622201,0.399548004,1
fields/00099__plt00980__rho.f32__c0009__dt-f32/chunk_0,3000000,35,spratio,primary,0.128224,-1,1.29017279,1.21187833,1
fields/00098__plt00980__part_per_cell.f32__c0015__dt-f32/chunk_0,3000000,24,gpulz shuffle=byte,primary,0.200703993,-1,32.3076165,0.24397866,1
fields/00099__plt00980__rho.f32__c0001__dt-f32/chunk_0,3000000,35,spratio,primary,0.0855040029,-1,1.29396597,1.16598167,1
fields/00099__plt00980__rho.f32__c0003__dt-f32/chunk_0,3000000,35,spratio,primary,0.0679360032,-1,1.189968,1.24284267,1
fields/00099__plt00980__rho.f32__c0005__dt-f32/chunk_0,3000000,35,spratio,primary,0.0724160001,-1,1.20986944,1.22799633,1
fields/00099__plt00980__rho.f32__c0011__dt-f32/chunk_0,3000000,35,spratio,primary,0.28598401,-1,1.94112801,1.00623601,1
fields/00099__plt00980__rho.f32__c0007__dt-f32/chunk_0,3000000,35,spratio,primary,0.0741759986,-1,1.24690051,1.19543733,1
fields/00100__plt01000__part_per_cell.f32__c0003__dt-f32/chunk_0,3000000,0,ans,primary,0.25248,-1,6.21175913,0.477553334,1
fields/00099__plt00980__rho.f32__c0013__dt-f32/chunk_0,3000000,35,spratio,primary,0.235712007,-1,2.62836574,0.767640007,1
fields/00099__plt00980__rho.f32__c0015__dt-f32/chunk_0,3000000,35,spratio,primary,0.262656003,-1,3.91076567,0.62015667,1
fields/00100__plt01000__part_per_cell.f32__c0001__dt-f32/chunk_0,3000000,2,ans shuffle=byte,primary,1.00915205,-1,7.56144627,1.19405072,1
fields/00100__plt01000__part_per_cell.f32__c0005__dt-f32/chunk_0,3000000,2,ans shuffle=byte,primary,0.634368002,-1,7.74640042,0.814852002,1
fields/00100__plt01000__part_per_cell.f32__c0007__dt-f32/chunk_0,3000000,2,ans shuffle=byte,primary,0.536863983,-1,7.64184674,0.719817316,1
fields/00100__plt01000__part_per_cell.f32__c0015__dt-f32/chunk_0,3000000,23,gpulz shuffle=bit,primary,0.239616007,-1,32.7925944,0.282250673,1
fields/00100__plt01000__part_per_cell.f32__c0013__dt-f32/chunk_0,3000000,30,ndzip shuffle=bit,primary,0.165887997,-1,4.996312,0.445714663,1
fields/00100__plt01000__part_per_cell.f32__c0009__dt-f32/chunk_0,3000000,2,ans shuffle=byte,primary,0.51049602,-1,7.43955841,0.69842402,1
fields/00101__plt01000__rho.f32__c0001__dt-f32/chunk_0,3000000,35,spratio,primary,0.0794880018,-1,1.23246104,1.213886,1
fields/00100__plt01000__part_per_cell.f32__c0011__dt-f32/chunk_0,3000000,30,ndzip shuffle=bit,primary,0.084991999,-1,3.75295634,0.457525332,1
fields/00101__plt01000__rho.f32__c0003__dt-f32/chunk_0,3000000,35,spratio,primary,0.0686400011,-1,1.18982149,1.24369133,1
fields/00101__plt01000__rho.f32__c0005__dt-f32/chunk_0,3000000,35,spratio,primary,0.129344001,-1,1.21107607,1.283773,1
fields/00101__plt01000__rho.f32__c0007__dt-f32/chunk_0,3000000,35,spratio,primary,0.0766080022,-1,1.24663553,1.19810767,1
fields/00101__plt01000__rho.f32__c0009__dt-f32/chunk_0,3000000,35,spratio,primary,0.0751039982,-1,1.29091693,1.15813366,1
fields/00101__plt01000__rho.f32__c0013__dt-f32/chunk_0,3000000,35,spratio,primary,0.675296009,-1,2.63333114,1.20622101,1
fields/00101__plt01000__rho.f32__c0015__dt-f32/chunk_0,3000000,35,spratio,primary,0.130400002,-1,3.91801352,0.487239335,1
fields/00101__plt01000__rho.f32__c0011__dt-f32/chunk_0,3000000,35,spratio,primary,0.313311994,-1,1.94434496,1.03237233,1
fields/00102__plt01020__part_per_cell.f32__c0005__dt-f32/chunk_0,3000000,0,ans,primary,0.72963202,-1,6.29250056,0.951817353,1
fields/00102__plt01020__part_per_cell.f32__c0003__dt-f32/chunk_0,3000000,2,ans shuffle=byte,primary,1.05497599,-1,7.66928996,1.23727465,1
fields/00102__plt01020__part_per_cell.f32__c0001__dt-f32/chunk_0,3000000,2,ans shuffle=byte,primary,0.589344025,-1,7.55981082,0.774282691,1
fields/00102__plt01020__part_per_cell.f32__c0007__dt-f32/chunk_0,3000000,30,ndzip shuffle=bit,primary,0.0870399997,-1,3.18008565,0.526682666,1
fields/00102__plt01020__part_per_cell.f32__c0015__dt-f32/chunk_0,3000000,24,gpulz shuffle=byte,primary,0.204799995,-1,32.3076165,0.248074661,1
fields/00102__plt01020__part_per_cell.f32__c0013__dt-f32/chunk_0,3000000,30,ndzip shuffle=bit,primary,0.0993279964,-1,5.00468215,0.378686663,1
fields/00102__plt01020__part_per_cell.f32__c0011__dt-f32/chunk_0,3000000,2,ans shuffle=byte,primary,0.385152012,-1,7.33310954,0.575808012,1
fields/00102__plt01020__part_per_cell.f32__c0009__dt-f32/chunk_0,3000000,2,ans shuffle=byte,primary,0.378464013,-1,7.43465283,0.566516013,1
fields/00103__plt01020__rho.f32__c0001__dt-f32/chunk_0,3000000,35,spratio,primary,0.118720002,-1,1.20221692,1.281656,1
fields/00103__plt01020__rho.f32__c0007__dt-f32/chunk_0,3000000,35,spratio,primary,0.195680007,-1,1.24611331,1.31764967,1
fields/00103__plt01020__rho.f32__c0003__dt-f32/chunk_0,3000000,35,spratio,primary,0.0960320011,-1,1.18846923,1.27242033,1
fields/00103__plt01020__rho.f32__c0005__dt-f32/chunk_0,3000000,35,spratio,primary,0.345663995,-1,1.21156023,1.49963166,1
fields/00103__plt01020__rho.f32__c0009__dt-f32/chunk_0,3000000,35,spratio,primary,0.114560001,-1,1.2906488,1.19781467,1
fields/00103__plt01020__rho.f32__c0011__dt-f32/chunk_0,3000000,35,spratio,primary,0.292575985,-1,1.94189821,1.01254232,1
fields/00103__plt01020__rho.f32__c0015__dt-f32/chunk_0,3000000,35,spratio,primary,0.237056002,-1,3.92298267,0.593443335,1
fields/00103__plt01020__rho.f32__c0013__dt-f32/chunk_0,3000000,35,spratio,primary,0.0751039982,-1,2.63828711,0.605031665,1
fields/00104__plt01040__part_per_cell.f32__c0001__dt-f32/chunk_0,3000000,0,ans,primary,0.711296022,-1,6.27401424,0.934136022,1
fields/00104__plt01040__part_per_cell.f32__c0003__dt-f32/chunk_0,3000000,2,ans shuffle=byte,primary,0.835424006,-1,7.69145456,1.01719734,1
fields/00104__plt01040__part_per_cell.f32__c0005__dt-f32/chunk_0,3000000,0,ans,primary,0.499839991,-1,6.30252323,0.721671991,1
fields/00104__plt01040__part_per_cell.f32__c0007__dt-f32/chunk_0,3000000,0,ans,primary,0.368479997,-1,5.73333844,0.612334664,1
fields/00104__plt01040__part_per_cell.f32__c0009__dt-f32/chunk_0,3000000,0,ans,primary,0.472032011,-1,5.44863404,0.728628677,1
fields/00104__plt01040__part_per_cell.f32__c0013__dt-f32/chunk_0,3000000,30,ndzip shuffle=bit,primary,0.103423998,-1,5.02494801,0.381655998,1
fields/00104__plt01040__part_per_cell.f32__c0015__dt-f32/chunk_0,3000000,24,gpulz shuffle=byte,primary,0.279552013,-1,32.3076165,0.322826679,1
fields/00105__plt01040__rho.f32__c0003__dt-f32/chunk_0,3000000,35,spratio,primary,0.0879999995,-1,1.18873802,1.26412233,1
fields/00104__plt01040__part_per_cell.f32__c0011__dt-f32/chunk_0,3000000,30,ndzip shuffle=bit,primary,0.147456005,-1,3.76172112,0.519121339,1
fields/00105__plt01040__rho.f32__c0005__dt-f32/chunk_0,3000000,35,spratio,primary,0.706016004,-1,1.21012636,1.861351,1
fields/00105__plt01040__rho.f32__c0001__dt-f32/chunk_0,3000000,35,spratio,primary,0.277696013,-1,1.19016485,1.45240835,1
fields/00105__plt01040__rho.f32__c0009__dt-f32/chunk_0,3000000,35,spratio,primary,0.306080014,-1,1.28974432,1.39009435,1
fields/00105__plt01040__rho.f32__c0007__dt-f32/chunk_0,3000000,35,spratio,primary,0.272224009,-1,1.24602113,1.39427668,1
fields/00105__plt01040__rho.f32__c0013__dt-f32/chunk_0,3000000,35,spratio,primary,0.287456006,-1,2.63801664,0.817438006,1
fields/00105__plt01040__rho.f32__c0011__dt-f32/chunk_0,3000000,35,spratio,primary,0.0853440017,-1,1.9281355,0.810449335,1
fields/00106__plt01060__part_per_cell.f32__c0005__dt-f32/chunk_0,3000000,2,ans shuffle=byte,primary,0.220863998,-1,7.73631303,0.401583331,1
fields/00106__plt01060__part_per_cell.f32__c0001__dt-f32/chunk_0,3000000,2,ans shuffle=byte,primary,0.352384001,-1,7.55164417,0.537522668,1
fields/00105__plt01040__rho.f32__c0015__dt-f32/chunk_0,3000000,35,spratio,primary,0.390080005,-1,3.91490871,0.747202338,1
fields/00106__plt01060__part_per_cell.f32__c0009__dt-f32/chunk_0,3000000,2,ans shuffle=byte,primary,0.447456002,-1,7.4358127,0.635478669,1
fields/00106__plt01060__part_per_cell.f32__c0003__dt-f32/chunk_0,3000000,0,ans,primary,1.00169599,-1,6.24896305,1.22542932,1
fields/00106__plt01060__part_per_cell.f32__c0007__dt-f32/chunk_0,3000000,2,ans shuffle=byte,primary,0.226208001,-1,7.61415688,0.409826668,1
fields/00106__plt01060__part_per_cell.f32__c0011__dt-f32/chunk_0,3000000,30,ndzip shuffle=bit,primary,0.0808959976,-1,3.73608112,0.455111998,1
fields/00106__plt01060__part_per_cell.f32__c0013__dt-f32/chunk_0,3000000,30,ndzip shuffle=bit,primary,0.242688,-1,5.02302231,0.521026667,1
fields/00106__plt01060__part_per_cell.f32__c0015__dt-f32/chunk_0,3000000,24,gpulz shuffle=byte,primary,0.390143991,-1,32.3076165,0.433418657,1
fields/00107__plt01060__rho.f32__c0001__dt-f32/chunk_0,3000000,35,spratio,primary,0.191008002,-1,1.18307107,1.372764,1
fields/00107__plt01060__rho.f32__c0003__dt-f32/chunk_0,3000000,35,spratio,primary,0.134271994,-1,1.18849718,1.31063266,1
fields/00107__plt01060__rho.f32__c0005__dt-f32/chunk_0,3000000,35,spratio,primary,0.0764160007,-1,1.21014835,1.23173,1
fields/00107__plt01060__rho.f32__c0007__dt-f32/chunk_0,3000000,35,spratio,primary,0.0789439976,-1,1.24660552,1.20047066,1
fields/00107__plt01060__rho.f32__c0015__dt-f32/chunk_0,3000000,35,spratio,primary,0.225119993,-1,3.9235992,0.581451326,1
fields/00107__plt01060__rho.f32__c0009__dt-f32/chunk_0,3000000,35,spratio,primary,0.105824001,-1,1.28963011,1.18993433,1
fields/00107__plt01060__rho.f32__c0011__dt-f32/chunk_0,3000000,35,spratio,primary,0.306751996,-1,1.9214155,1.03439333,1
fields/00107__plt01060__rho.f32__c0013__dt-f32/chunk_0,3000000,35,spratio,primary,0.290111989,-1,2.64142901,0.819409322,1
fields/00108__plt01080__part_per_cell.f32__c0003__dt-f32/chunk_0,3000000,0,ans,primary,0.739359975,-1,6.25892212,0.962737308,1
fields/00108__plt01080__part_per_cell.f32__c0001__dt-f32/chunk_0,3000000,0,ans,primary,0.926303983,-1,6.23139779,1.15066798,1
fields/00108__plt01080__part_per_cell.f32__c0005__dt-f32/chunk_0,3000000,0,ans,primary,0.714752018,-1,6.3004215,0.936658018,1
fields/00108__plt01080__part_per_cell.f32__c0015__dt-f32/chunk_0,3000000,9,bitcomp type=int,primary,0.463712007,-1,17.2775746,0.544632007,1
fields/00108__plt01080__part_per_cell.f32__c0007__dt-f32/chunk_0,3000000,2,ans shuffle=byte,primary,0.524927974,-1,7.6047968,0.70877264,1
fields/00108__plt01080__part_per_cell.f32__c0009__dt-f32/chunk_0,3000000,2,ans shuffle=byte,primary,0.471359998,-1,7.4375532,0.659338665,1
fields/00108__plt01080__part_per_cell.f32__c0011__dt-f32/chunk_0,3000000,2,ans shuffle=byte,primary,0.688992023,-1,7.33511014,0.879596023,1
fields/00108__plt01080__part_per_cell.f32__c0013__dt-f32/chunk_0,3000000,2,ans shuffle=byte,primary,0.450432003,-1,7.42028986,0.638848003,1
fields/00109__plt01080__rho.f32__c0011__dt-f32/chunk_0,3000000,35,spratio,primary,0.385728002,-1,1.90388052,1.120071,1
fields/00109__plt01080__rho.f32__c0009__dt-f32/chunk_0,3000000,35,spratio,primary,0.436096013,-1,1.28817295,1.52143268,1
fields/00109__plt01080__rho.f32__c0003__dt-f32/chunk_0,3000000,35,spratio,primary,0.237376004,-1,1.18974218,1.41250567,1
fields/00109__plt01080__rho.f32__c0001__dt-f32/chunk_0,3000000,35,spratio,primary,0.399616003,-1,1.18315617,1.581287,1
fields/00109__plt01080__rho.f32__c0013__dt-f32/chunk_0,3000000,35,spratio,primary,0.73644799,-1,2.64098827,1.26583366,1
fields/00109__plt01080__rho.f32__c0005__dt-f32/chunk_0,3000000,35,spratio,primary,0.605120003,-1,1.21104634,1.75957734,1
fields/00110__plt01100__part_per_cell.f32__c0003__dt-f32/chunk_0,3000000,0,ans,primary,0.988095999,-1,6.26537325,1.21124333,1
fields/00109__plt01080__rho.f32__c0007__dt-f32/chunk_0,3000000,35,spratio,primary,0.0927039981,-1,1.24640622,1.21441,1
fields/00110__plt01100__part_per_cell.f32__c0001__dt-f32/chunk_0,3000000,0,ans,primary,0.70905602,-1,6.23627124,0.933244686,1
fields/00109__plt01080__rho.f32__c0015__dt-f32/chunk_0,3000000,35,spratio,primary,0.236223996,-1,3.90836417,0.593944329,1
fields/00110__plt01100__part_per_cell.f32__c0005__dt-f32/chunk_0,3000000,2,ans shuffle=byte,primary,1.18662405,-1,7.74011058,1.36725472,1
fields/00110__plt01100__part_per_cell.f32__c0007__dt-f32/chunk_0,3000000,2,ans shuffle=byte,primary,0.982208014,-1,7.594057,1.16631268,1
fields/00110__plt01100__part_per_cell.f32__c0011__dt-f32/chunk_0,3000000,0,ans,primary,0.516608,-1,5.38023746,0.776466666,1
fields/00110__plt01100__part_per_cell.f32__c0009__dt-f32/chunk_0,3000000,0,ans,primary,0.512960017,-1,5.44374041,0.76978735,1
fields/00111__plt01100__rho.f32__c0003__dt-f32/chunk_0,3000000,35,spratio,primary,0.25958401,-1,1.18912795,1.43532068,1
fields/00110__plt01100__part_per_cell.f32__c0013__dt-f32/chunk_0,3000000,30,ndzip shuffle=bit,primary,0.0808959976,-1,5.02926209,0.358889331,1
fields/00110__plt01100__part_per_cell.f32__c0015__dt-f32/chunk_0,3000000,23,gpulz shuffle=bit,primary,0.317440003,-1,32.7925944,0.36007467,1
fields/00111__plt01100__rho.f32__c0001__dt-f32/chunk_0,3000000,35,spratio,primary,0.155583993,-1,1.18140689,1.33900466,1
fields/00111__plt01100__rho.f32__c0005__dt-f32/chunk_0,3000000,35,spratio,primary,0.0784320012,-1,1.21105823,1.232878,1
fields/00111__plt01100__rho.f32__c0007__dt-f32/chunk_0,3000000,35,spratio,primary,0.0711039975,-1,1.24617144,1.19302133,1
fields/00111__plt01100__rho.f32__c0013__dt-f32/chunk_0,3000000,35,spratio,primary,0.114175998,-1,2.64451838,0.642854998,1
fields/00111__plt01100__rho.f32__c0009__dt-f32/chunk_0,3000000,35,spratio,primary,0.0856319964,-1,1.28691647,1.17202833,1
fields/00111__plt01100__rho.f32__c0011__dt-f32/chunk_0,3000000,35,spratio,primary,0.249216005,-1,1.90163019,0.984428005,1
fields/00111__plt01100__rho.f32__c0015__dt-f32/chunk_0,3000000,35,spratio,primary,0.0658880025,-1,3.91683172,0.422835003,1
fields/00112__plt01120__part_per_cell.f32__c0007__dt-f32/chunk_0,3000000,2,ans shuffle=byte,primary,0.650752008,-1,7.5878473,0.835007341,1
fields/00112__plt01120__part_per_cell.f32__c0001__dt-f32/chunk_0,3000000,0,ans,primary,0.706112027,-1,6.19260957,0.931881361,1
fields/00112__plt01120__part_per_cell.f32__c0003__dt-f32/chunk_0,3000000,0,ans,primary,0.654944003,-1,6.27232541,0.877844003,1
fields/00112__plt01120__part_per_cell.f32__c0005__dt-f32/chunk_0,3000000,2,ans shuffle=byte,primary,1.04742396,-1,7.72670734,1.22836796,1
fields/00112__plt01120__part_per_cell.f32__c0013__dt-f32/chunk_0,3000000,9,bitcomp type=int,primary,0.349568009,-1,11.0985087,0.475540009,1
fields/00112__plt01120__part_per_cell.f32__c0009__dt-f32/chunk_0,3000000,0,ans,primary,0.364511997,-1,5.44813862,0.621131997,1
fields/00112__plt01120__part_per_cell.f32__c0011__dt-f32/chunk_0,3000000,9,bitcomp type=int,primary,0.337087989,-1,6.38006231,0.556223989,1
fields/00112__plt01120__part_per_cell.f32__c0015__dt-f32/chunk_0,3000000,24,gpulz shuffle=byte,primary,0.249855995,-1,32.3076165,0.293130662,1
fields/00113__plt01120__rho.f32__c0001__dt-f32/chunk_0,3000000,35,spratio,primary,0.121440001,-1,1.18059284,1.30567667,1
fields/00113__plt01120__rho.f32__c0005__dt-f32/chunk_0,3000000,35,spratio,primary,0.304192007,-1,1.21096523,1.45872667,1
fields/00113__plt01120__rho.f32__c0003__dt-f32/chunk_0,3000000,35,spratio,primary,0.084863998,-1,1.19167062,1.258092,1
fields/00113__plt01120__rho.f32__c0009__dt-f32/chunk_0,3000000,35,spratio,primary,0.559903979,-1,1.2865458,1.64661331,1
fields/00113__plt01120__rho.f32__c0007__dt-f32/chunk_0,3000000,35,spratio,primary,0.089759998,-1,1.24615959,1.211688,1
fields/00113__plt01120__rho.f32__c0011__dt-f32/chunk_0,3000000,35,spratio,primary,0.214655995,-1,1.90512926,0.948517662,1
fields/00114__plt01140__part_per_cell.f32__c0001__dt-f32/chunk_0,3000000,2,ans shuffle=byte,primary,0.929120004,-1,7.56051943,1.11404134,1
fields/00114__plt01140__part_per_cell.f32__c0003__dt-f32/chunk_0,3000000,0,ans,primary,0.387744009,-1,6.27731948,0.610466676,1
fields/00113__plt01120__rho.f32__c0013__dt-f32/chunk_0,3000000,35,spratio,primary,0.231135994,-1,2.64670946,0.759377328,1
fields/00113__plt01120__rho.f32__c0015__dt-f32/chunk_0,3000000,35,spratio,primary,0.222176,-1,3.92546463,0.578338,1
fields/00114__plt01140__part_per_cell.f32__c0005__dt-f32/chunk_0,3000000,2,ans shuffle=byte,primary,0.656607985,-1,7.71959686,0.837718652,1
fields/00114__plt01140__part_per_cell.f32__c0007__dt-f32/chunk_0,3000000,0,ans,primary,0.312864006,-1,5.59816771,0.562606672,1
fields/00114__plt01140__part_per_cell.f32__c0009__dt-f32/chunk_0,3000000,2,ans shuffle=byte,primary,0.501536012,-1,7.44336073,0.689368012,1
fields/00114__plt01140__part_per_cell.f32__c0011__dt-f32/chunk_0,3000000,2,ans shuffle=byte,primary,0.43116799,-1,7.33711183,0.62171999,1
fields/00115__plt01140__rho.f32__c0009__dt-f32/chunk_0,3000000,35,spratio,primary,0.18096,-1,1.28574639,1.268345,1
fields/00114__plt01140__part_per_cell.f32__c0013__dt-f32/chunk_0,3000000,2,ans shuffle=byte,primary,0.236000001,-1,7.42559716,0.424281335,1
fields/00114__plt01140__part_per_cell.f32__c0015__dt-f32/chunk_0,3000000,24,gpulz shuffle=byte,primary,0.295935988,-1,32.3076165,0.339210655,1
fields/00115__plt01140__rho.f32__c0007__dt-f32/chunk_0,3000000,35,spratio,primary,0.0843200013,-1,1.24630437,1.20611767,1
fields/00115__plt01140__rho.f32__c0005__dt-f32/chunk_0,3000000,35,spratio,primary,0.394912004,-1,1.21075619,1.549646,1
fields/00115__plt01140__rho.f32__c0001__dt-f32/chunk_0,3000000,35,spratio,primary,0.0892800018,-1,1.17954435,1.27456934,1
fields/00115__plt01140__rho.f32__c0003__dt-f32/chunk_0,3000000,35,spratio,primary,0.233375996,-1,1.19417454,1.404144,1
fields/00115__plt01140__rho.f32__c0011__dt-f32/chunk_0,3000000,35,spratio,primary,0.187391996,-1,1.89072799,0.92684333,1
fields/00116__plt01160__part_per_cell.f32__c0007__dt-f32/chunk_0,3000000,2,ans shuffle=byte,primary,0.964352012,-1,7.57015331,1.14903801,1
fields/00115__plt01140__rho.f32__c0013__dt-f32/chunk_0,3000000,35,spratio,primary,0.115295999,-1,2.64520385,0.643837999,1
fields/00115__plt01140__rho.f32__c0015__dt-f32/chunk_0,3000000,35,spratio,primary,0.069728002,-1,3.91248387,0.427071669,1
fields/00116__plt01160__part_per_cell.f32__c0003__dt-f32/chunk_0,3000000,0,ans,primary,0.450720012,-1,6.28141829,0.673297346,1
fields/00116__plt01160__part_per_cell.f32__c0001__dt-f32/chunk_0,3000000,0,ans,primary,0.917216003,-1,6.25116102,1.14087067,1
fields/00116__plt01160__part_per_cell.f32__c0005__dt-f32/chunk_0,3000000,2,ans shuffle=byte,primary,0.208159998,-1,7.71394626,0.389403331,1
fields/00116__plt01160__part_per_cell.f32__c0009__dt-f32/chunk_0,3000000,0,ans,primary,1.11683202,-1,5.44444704,1.37362602,1
fields/00116__plt01160__part_per_cell.f32__c0011__dt-f32/chunk_0,3000000,2,ans shuffle=byte,primary,1.08870399,-1,7.33921735,1.27920132,1
fields/00116__plt01160__part_per_cell.f32__c0015__dt-f32/chunk_0,3000000,24,gpulz shuffle=byte,primary,0.299008012,-1,32.3076165,0.342282678,1
fields/00117__plt01160__rho.f32__c0001__dt-f32/chunk_0,3000000,35,spratio,primary,0.234687999,-1,1.17946375,1.42005833,1
fields/00116__plt01160__part_per_cell.f32__c0013__dt-f32/chunk_0,3000000,2,ans shuffle=byte,primary,0.512672007,-1,7.42002731,0.701094674,1
fields/00117__plt01160__rho.f32__c0003__dt-f32/chunk_0,3000000,35,spratio,primary,0.126271993,-1,1.19430477,1.29691233,1
fields/00117__plt01160__rho.f32__c0009__dt-f32/chunk_0,3000000,35,spratio,primary,0.0731839985,-1,1.28460833,1.16153233,1
fields/00117__plt01160__rho.f32__c0005__dt-f32/chunk_0,3000000,35,spratio,primary,0.157056004,-1,1.21283616,1.30980967,1
fields/00117__plt01160__rho.f32__c0011__dt-f32/chunk_0,3000000,35,spratio,primary,0.396447986,-1,1.88803427,1.13695432,1
fields/00117__plt01160__rho.f32__c0007__dt-f32/chunk_0,3000000,35,spratio,primary,0.107231997,-1,1.24626697,1.22906333,1
fields/00117__plt01160__rho.f32__c0013__dt-f32/chunk_0,3000000,35,spratio,primary,0.0709120035,-1,2.64866497,0.598763337,1
fields/00118__plt01180__part_per_cell.f32__c0003__dt-f32/chunk_0,3000000,0,ans,primary,0.971487999,-1,6.29151892,1.193708,1
fields/00117__plt01160__rho.f32__c0015__dt-f32/chunk_0,3000000,35,spratio,primary,0.31024,-1,3.92094732,0.666812334,1
fields/00118__plt01180__part_per_cell.f32__c0007__dt-f32/chunk_0,3000000,2,ans shuffle=byte,primary,0.734751999,-1,7.55787645,0.919737999,1
fields/00118__plt01180__part_per_cell.f32__c0001__dt-f32/chunk_0,3000000,0,ans,primary,0.950367987,-1,6.24922375,1.17409199,1
fields/00118__plt01180__part_per_cell.f32__c0005__dt-f32/chunk_0,3000000,0,ans,primary,0.20544,-1,6.2340652,0.429708,1
fields/00118__plt01180__part_per_cell.f32__c0011__dt-f32/chunk_0,3000000,0,ans,primary,0.267616004,-1,5.37461173,0.52774667,1
fields/00118__plt01180__part_per_cell.f32__c0013__dt-f32/chunk_0,3000000,30,ndzip shuffle=bit,primary,0.130048007,-1,5.04933884,0.406936007,1
fields/00118__plt01180__part_per_cell.f32__c0009__dt-f32/chunk_0,3000000,0,ans,primary,0.492063999,-1,5.44155103,0.748994666,1
fields/00119__plt01180__rho.f32__c0001__dt-f32/chunk_0,3000000,35,spratio,primary,0.105728,-1,1.18012912,1.29043,1
fields/00119__plt01180__rho.f32__c0003__dt-f32/chunk_0,3000000,35,spratio,primary,0.230143994,-1,1.1935778,1.40149733,1
fields/00118__plt01180__part_per_cell.f32__c0015__dt-f32/chunk_0,3000000,24,gpulz shuffle=byte,primary,0.831488013,-1,32.3076165,0.87476268,1
fields/00119__plt01180__rho.f32__c0007__dt-f32/chunk_0,3000000,35,spratio,primary,0.333600014,-1,1.24614256,1.45554335,1
fields/00119__plt01180__rho.f32__c0005__dt-f32/chunk_0,3000000,35,spratio,primary,0.156512007,-1,1.21320417,1.30891601,1
fields/00119__plt01180__rho.f32__c0009__dt-f32/chunk_0,3000000,35,spratio,primary,0.747424006,-1,1.28350842,1.83670501,1
fields/00119__plt01180__rho.f32__c0011__dt-f32/chunk_0,3000000,35,spratio,primary,0.282815993,-1,1.88809461,1.02329866,1
fields/00119__plt01180__rho.f32__c0015__dt-f32/chunk_0,3000000,35,spratio,primary,0.11936,-1,3.92971989,0.475136333,1
fields/00119__plt01180__rho.f32__c0013__dt-f32/chunk_0,3000000,35,spratio,primary,0.0768639967,-1,2.6516925,0.604112663,1
fields/00120__plt01200__part_per_cell.f32__c0003__dt-f32/chunk_0,3000000,0,ans,primary,0.402911991,-1,6.2936336,0.625057324,1
fields/00120__plt01200__part_per_cell.f32__c0001__dt-f32/chunk_0,3000000,2,ans shuffle=byte,primary,0.496383995,-1,7.59815658,0.680389328,1
fields/00120__plt01200__part_per_cell.f32__c0005__dt-f32/chunk_0,3000000,2,ans shuffle=byte,primary,1.06636798,-1,7.69486936,1.24806065,1
fields/00120__plt01200__part_per_cell.f32__c0015__dt-f32/chunk_0,3000000,9,bitcomp type=int,primary,0.395648003,-1,17.2775746,0.476568003,1
fields/00120__plt01200__part_per_cell.f32__c0007__dt-f32/chunk_0,3000000,30,ndzip shuffle=bit,primary,0.0931840017,-1,3.13740134,0.538808002,1
fields/00120__plt01200__part_per_cell.f32__c0011__dt-f32/chunk_0,3000000,0,ans,primary,1.04032004,-1,5.37571389,1.30039737,1
fields/00120__plt01200__part_per_cell.f32__c0009__dt-f32/chunk_0,3000000,0,ans,primary,0.680351973,-1,5.44451771,0.937142639,1
fields/00120__plt01200__part_per_cell.f32__c0013__dt-f32/chunk_0,3000000,30,ndzip shuffle=bit,primary,0.0788479969,-1,5.04678709,0.355875997,1
fields/00121__plt01200__rho.f32__c0001__dt-f32/chunk_0,3000000,35,spratio,primary,0.29718399,-1,1.17750219,1.48452899,1
fields/00121__plt01200__rho.f32__c0007__dt-f32/chunk_0,3000000,35,spratio,primary,0.202335998,-1,1.24636066,1.324083,1
fields/00121__plt01200__rho.f32__c0003__dt-f32/chunk_0,3000000,35,spratio,primary,0.24064,-1,1.19499483,1.41060433,1
fields/00121__plt01200__rho.f32__c0005__dt-f32/chunk_0,3000000,35,spratio,primary,0.233919993,-1,1.21381121,1.38574766,1
fields/00121__plt01200__rho.f32__c0009__dt-f32/chunk_0,3000000,35,spratio,primary,0.559871972,-1,1.28315659,1.64945164,1
fields/00121__plt01200__rho.f32__c0011__dt-f32/chunk_0,3000000,35,spratio,primary,0.0870079994,-1,1.86896035,0.835071666,1
fields/00121__plt01200__rho.f32__c0015__dt-f32/chunk_0,3000000,35,spratio,primary,0.245823994,-1,3.9176622,0.602695328,1
fields/00121__plt01200__rho.f32__c0013__dt-f32/chunk_0,3000000,35,spratio,primary,0.443136007,-1,2.65078586,0.970565007,1
fields/00122__plt01220__part_per_cell.f32__c0009__dt-f32/chunk_0,3000000,2,ans shuffle=byte,primary,1.01865602,-1,7.44669095,1.20640402,1
fields/00122__plt01220__part_per_cell.f32__c0001__dt-f32/chunk_0,3000000,2,ans shuffle=byte,primary,0.901087999,-1,7.62002209,1.08456533,1
fields/00122__plt01220__part_per_cell.f32__c0005__dt-f32/chunk_0,3000000,0,ans,primary,1.32928002,-1,6.23499191,1.55351469,1
fields/00122__plt01220__part_per_cell.f32__c0007__dt-f32/chunk_0,3000000,0,ans,primary,1.019104,-1,5.5528542,1.27088467,1
fields/00122__plt01220__part_per_cell.f32__c0003__dt-f32/chunk_0,3000000,0,ans,primary,1.02502406,-1,6.29754573,1.24703139,1
fields/00122__plt01220__part_per_cell.f32__c0015__dt-f32/chunk_0,3000000,9,bitcomp type=int,primary,0.711456001,-1,17.2775746,0.792376001,1
fields/00122__plt01220__part_per_cell.f32__c0011__dt-f32/chunk_0,3000000,2,ans shuffle=byte,primary,0.452255994,-1,7.3394742,0.642746661,1
fields/00122__plt01220__part_per_cell.f32__c0013__dt-f32/chunk_0,3000000,30,ndzip shuffle=bit,primary,0.122879997,-1,5.04280665,0.400126664,1
fields/00123__plt01220__rho.f32__c0009__dt-f32/chunk_0,3000000,35,spratio,primary,0.133087993,-1,1.28316523,1.22266033,1
fields/00123__plt01220__rho.f32__c0001__dt-f32/chunk_0,3000000,35,spratio,primary,0.231424004,-1,1.17724109,1.41903234,1
fields/00123__plt01220__rho.f32__c0003__dt-f32/chunk_0,3000000,35,spratio,primary,0.116095997,-1,1.19550779,1.28555833,1
fields/00123__plt01220__rho.f32__c0005__dt-f32/chunk_0,3000000,35,spratio,primary,0.0734080002,-1,1.21537251,1.223756,1
fields/00123__plt01220__rho.f32__c0011__dt-f32/chunk_0,3000000,35,spratio,primary,0.068223998,-1,1.86296103,0.818696665,1
fields/00123__plt01220__rho.f32__c0007__dt-f32/chunk_0,3000000,35,spratio,primary,0.0773440003,-1,1.24707995,1.198444,1
fields/00124__plt01240__part_per_cell.f32__c0005__dt-f32/chunk_0,3000000,0,ans,primary,0.393312007,-1,6.21673089,0.618205341,1
fields/00124__plt01240__part_per_cell.f32__c0003__dt-f32/chunk_0,3000000,0,ans,primary,0.417311996,-1,6.30059186,0.639211996,1
fields/00123__plt01220__rho.f32__c0013__dt-f32/chunk_0,3000000,35,spratio,primary,0.161791995,-1,2.65429352,0.688523995,1
fields/00123__plt01220__rho.f32__c0015__dt-f32/chunk_0,3000000,35,spratio,primary,0.0696960017,-1,3.92600844,0.425808668,1
fields/00124__plt01240__part_per_cell.f32__c0001__dt-f32/chunk_0,3000000,2,ans shuffle=byte,primary,0.527711987,-1,7.6291144,0.710970654,1
fields/00124__plt01240__part_per_cell.f32__c0007__dt-f32/chunk_0,3000000,2,ans shuffle=byte,primary,0.262208015,-1,7.53544493,0.447744681,1
fields/00124__plt01240__part_per_cell.f32__c0009__dt-f32/chunk_0,3000000,2,ans shuffle=byte,primary,0.346175998,-1,7.44703472,0.533915332,1
fields/00124__plt01240__part_per_cell.f32__c0011__dt-f32/chunk_0,3000000,0,ans,primary,0.839359999,-1,5.38007183,1.09922667,1
fields/00124__plt01240__part_per_cell.f32__c0013__dt-f32/chunk_0,3000000,30,ndzip shuffle=bit,primary,0.0788479969,-1,5.04545148,0.35594933,1
fields/00124__plt01240__part_per_cell.f32__c0015__dt-f32/chunk_0,3000000,24,gpulz shuffle=byte,primary,0.184320003,-1,32.3076165,0.227594669,1
fields/00125__plt01240__rho.f32__c0003__dt-f32/chunk_0,3000000,35,spratio,primary,0.181247994,-1,1.1947974,1.35140566,1
fields/00125__plt01240__rho.f32__c0005__dt-f32/chunk_0,3000000,35,spratio,primary,0.0889919996,-1,1.21724297,1.23757233,1
fields/00125__plt01240__rho.f32__c0001__dt-f32/chunk_0,3000000,35,spratio,primary,0.223775998,-1,1.17569674,1.41294433,1
fields/00125__plt01240__rho.f32__c0007__dt-f32/chunk_0,3000000,35,spratio,primary,0.0732159987,-1,1.24680451,1.19456367,1
fields/00125__plt01240__rho.f32__c0009__dt-f32/chunk_0,3000000,35,spratio,primary,0.0702719986,-1,1.28205838,1.160785,1
fields/00125__plt01240__rho.f32__c0013__dt-f32/chunk_0,3000000,35,spratio,primary,0.235743999,-1,2.65355129,0.762623333,1
fields/00125__plt01240__rho.f32__c0015__dt-f32/chunk_0,3000000,35,spratio,primary,0.334816009,-1,3.91215179,0.692190009,1
fields/00125__plt01240__rho.f32__c0011__dt-f32/chunk_0,3000000,35,spratio,primary,0.0834880024,-1,1.84941215,0.839458669,1
fields/00126__plt01260__part_per_cell.f32__c0001__dt-f32/chunk_0,3000000,2,ans shuffle=byte,primary,1.19376004,-1,7.63795025,1.3768067,1
fields/00126__plt01260__part_per_cell.f32__c0003__dt-f32/chunk_0,3000000,0,ans,primary,0.466847986,-1,6.29786723,0.688843986,1
fields/00126__plt01260__part_per_cell.f32__c0005__dt-f32/chunk_0,3000000,0,ans,primary,0.444703996,-1,6.16229431,0.671583996,1
fields/00126__plt01260__part_per_cell.f32__c0011__dt-f32/chunk_0,3000000,2,ans shuffle=byte,primary,0.740320027,-1,7.34152967,0.93075736,1
fields/00126__plt01260__part_per_cell.f32__c0015__dt-f32/chunk_0,3000000,24,gpulz shuffle=byte,primary,0.248832002,-1,32.3076165,0.292106669,1
fields/00126__plt01260__part_per_cell.f32__c0007__dt-f32/chunk_0,3000000,2,ans shuffle=byte,primary,0.209631994,-1,7.53133159,0.395269994,1
fields/00126__plt01260__part_per_cell.f32__c0013__dt-f32/chunk_0,3000000,2,ans shuffle=byte,primary,0.444000006,-1,7.42685941,0.632249339,1
fields/00126__plt01260__part_per_cell.f32__c0009__dt-f32/chunk_0,3000000,2,ans shuffle=byte,primary,0.322975993,-1,7.4443912,0.510781993,1
fields/00127__plt01260__rho.f32__c0001__dt-f32/chunk_0,3000000,35,spratio,primary,0.138144001,-1,1.17400755,1.32902333,1
fields/00127__plt01260__rho.f32__c0003__dt-f32/chunk_0,3000000,35,spratio,primary,0.0814080015,-1,1.19483654,1.25152733,1
fields/00127__plt01260__rho.f32__c0007__dt-f32/chunk_0,3000000,35,spratio,primary,0.483040005,-1,1.24724943,1.60398767,1
fields/00127__plt01260__rho.f32__c0005__dt-f32/chunk_0,3000000,35,spratio,primary,0.124576002,-1,1.21799694,1.27244534,1
fields/00127__plt01260__rho.f32__c0009__dt-f32/chunk_0,3000000,35,spratio,primary,0.27008,-1,1.28127392,1.36126067,1
fields/00127__plt01260__rho.f32__c0015__dt-f32/chunk_0,3000000,35,spratio,primary,0.26156801,-1,3.91949269,0.618272677,1
fields/00127__plt01260__rho.f32__c0013__dt-f32/chunk_0,3000000,35,spratio,primary,0.160319999,-1,2.65605336,0.686702999,1
fields/00128__plt01280__part_per_cell.f32__c0003__dt-f32/chunk_0,3000000,2,ans shuffle=byte,primary,0.793568015,-1,7.71601813,0.974762682,1
fields/00127__plt01260__rho.f32__c0011__dt-f32/chunk_0,3000000,35,spratio,primary,0.363968015,-1,1.84625841,1.12123001,1
fields/00128__plt01280__part_per_cell.f32__c0001__dt-f32/chunk_0,3000000,0,ans,primary,0.368768007,-1,6.30087581,0.590658007,1
fields/00128__plt01280__part_per_cell.f32__c0005__dt-f32/chunk_0,3000000,2,ans shuffle=byte,primary,0.363103986,-1,7.67265703,0.545322652,1
fields/00128__plt01280__part_per_cell.f32__c0011__dt-f32/chunk_0,3000000,0,ans,primary,0.234656006,-1,5.3783885,0.494604006,1
fields/00128__plt01280__part_per_cell.f32__c0007__dt-f32/chunk_0,3000000,0,ans,primary,0.402175993,-1,5.54025308,0.654529326,1
fields/00128__plt01280__part_per_cell.f32__c0009__dt-f32/chunk_0,3000000,2,ans shuffle=byte,primary,0.335072011,-1,7.44518406,0.522858011,1
fields/00128__plt01280__part_per_cell.f32__c0015__dt-f32/chunk_0,3000000,24,gpulz shuffle=byte,primary,0.461824,-1,32.3076165,0.505098667,1
fields/00128__plt01280__part_per_cell.f32__c0013__dt-f32/chunk_0,3000000,30,ndzip shuffle=bit,primary,0.0829439983,-1,5.05986469,0.359255998,1
fields/00129__plt01280__rho.f32__c0001__dt-f32/chunk_0,3000000,35,spratio,primary,0.0795520023,-1,1.17539659,1.269024,1
fields/00129__plt01280__rho.f32__c0003__dt-f32/chunk_0,3000000,35,spratio,primary,0.163808003,-1,1.19678734,1.33202,1
fields/00129__plt01280__rho.f32__c0005__dt-f32/chunk_0,3000000,35,spratio,primary,0.0902080014,-1,1.22024352,1.235964,1
fields/00129__plt01280__rho.f32__c0009__dt-f32/chunk_0,3000000,35,spratio,primary,0.292703986,-1,1.28058151,1.38447465,1
fields/00129__plt01280__rho.f32__c0007__dt-f32/chunk_0,3000000,35,spratio,primary,0.222688004,-1,1.24759259,1.34332734,1
fields/00129__plt01280__rho.f32__c0015__dt-f32/chunk_0,3000000,35,spratio,primary,0.0813760012,-1,3.9278688,0.437320001,1
fields/00130__plt01300__part_per_cell.f32__c0003__dt-f32/chunk_0,3000000,0,ans,primary,1.03308797,-1,6.30578274,1.2548053,1
fields/00130__plt01300__part_per_cell.f32__c0001__dt-f32/chunk_0,3000000,0,ans,primary,0.281024009,-1,6.31138103,0.502544676,1
fields/00129__plt01280__rho.f32__c0011__dt-f32/chunk_0,3000000,35,spratio,primary,0.216575995,-1,1.84565802,0.974084328,1
fields/00130__plt01300__part_per_cell.f32__c0005__dt-f32/chunk_0,3000000,2,ans shuffle=byte,primary,0.865504026,-1,7.66822433,1.04782803,1
fields/00130__plt01300__part_per_cell.f32__c0007__dt-f32/chunk_0,3000000,2,ans shuffle=byte,primary,0.214463994,-1,7.51231185,0.400571994,1
fields/00129__plt01280__rho.f32__c0013__dt-f32/chunk_0,3000000,35,spratio,primary,0.0952960029,-1,2.65973689,0.620950003,1
fields/00130__plt01300__part_per_cell.f32__c0009__dt-f32/chunk_0,3000000,2,ans shuffle=byte,primary,0.59721601,-1,7.4443912,0.78502201,1
fields/00130__plt01300__part_per_cell.f32__c0011__dt-f32/chunk_0,3000000,2,ans shuffle=byte,primary,0.254687995,-1,7.33983382,0.445169328,1
fields/00130__plt01300__part_per_cell.f32__c0013__dt-f32/chunk_0,3000000,30,ndzip shuffle=bit,primary,0.0808959976,-1,5.06137895,0.357125331,1
fields/00130__plt01300__part_per_cell.f32__c0015__dt-f32/chunk_0,3000000,23,gpulz shuffle=bit,primary,0.24064,-1,32.7925944,0.283274666,1
fields/00131__plt01300__rho.f32__c0007__dt-f32/chunk_0,3000000,35,spratio,primary,0.0784000009,-1,1.24763639,1.199,1
fields/00131__plt01300__rho.f32__c0001__dt-f32/chunk_0,3000000,35,spratio,primary,0.0711359978,-1,1.17762716,1.258355,1
fields/00131__plt01300__rho.f32__c0009__dt-f32/chunk_0,3000000,35,spratio,primary,0.157184005,-1,1.27944828,1.24992167,1
fields/00131__plt01300__rho.f32__c0005__dt-f32/chunk_0,3000000,35,spratio,primary,0.0787839964,-1,1.2213404,1.223511,1
fields/00131__plt01300__rho.f32__c0003__dt-f32/chunk_0,3000000,35,spratio,primary,0.072991997,-1,1.19687033,1.241123,1
fields/00132__plt01320__part_per_cell.f32__c0001__dt-f32/chunk_0,3000000,0,ans,primary,0.38291201,-1,6.32296968,0.604026677,1
fields/00131__plt01300__rho.f32__c0015__dt-f32/chunk_0,3000000,35,spratio,primary,0.0715840012,-1,3.91574568,0.428630001,1
fields/00131__plt01300__rho.f32__c0013__dt-f32/chunk_0,3000000,35,spratio,primary,0.0673919991,-1,2.65928495,0.593135332,1
fields/00132__plt01320__part_per_cell.f32__c0003__dt-f32/chunk_0,3000000,0,ans,primary,0.240063995,-1,6.30642746,0.461758662,1
fields/00131__plt01300__rho.f32__c0011__dt-f32/chunk_0,3000000,35,spratio,primary,0.0767360032,-1,1.82754522,0.841752003,1
fields/00132__plt01320__part_per_cell.f32__c0005__dt-f32/chunk_0,3000000,2,ans shuffle=byte,primary,0.389120013,-1,7.65627042,0.571728679,1
fields/00132__plt01320__part_per_cell.f32__c0009__dt-f32/chunk_0,3000000,0,ans,primary,0.240288004,-1,5.43888377,0.497344671,1
fields/00132__plt01320__part_per_cell.f32__c0011__dt-f32/chunk_0,3000000,0,ans,primary,0.225344002,-1,5.37477703,0.485466669,1
fields/00132__plt01320__part_per_cell.f32__c0007__dt-f32/chunk_0,3000000,30,ndzip shuffle=bit,primary,0.0890880004,-1,3.12177462,0.536942667,1
fields/00132__plt01320__part_per_cell.f32__c0013__dt-f32/chunk_0,3000000,9,bitcomp type=int,primary,1.04224002,-1,11.239359,1.16663336,1
fields/00133__plt01320__rho.f32__c0001__dt-f32/chunk_0,3000000,35,spratio,primary,0.196832001,-1,1.18018093,1.381482,1
fields/00133__plt01320__rho.f32__c0007__dt-f32/chunk_0,3000000,35,spratio,primary,0.249791995,-1,1.24838613,1.36971899,1
fields/00132__plt01320__part_per_cell.f32__c0015__dt-f32/chunk_0,3000000,24,gpulz shuffle=byte,primary,0.545791984,-1,32.3076165,0.58906665,1
fields/00133__plt01320__rho.f32__c0003__dt-f32/chunk_0,3000000,35,spratio,primary,0.141984001,-1,1.19919316,1.30785233,1
fields/00133__plt01320__rho.f32__c0005__dt-f32/chunk_0,3000000,35,spratio,primary,0.0949760005,-1,1.22459142,1.236664,1
fields/00133__plt01320__rho.f32__c0009__dt-f32/chunk_0,3000000,35,spratio,primary,0.235103995,-1,1.27865454,1.32851999,1
fields/00133__plt01320__rho.f32__c0011__dt-f32/chunk_0,3000000,35,spratio,primary,0.0879039988,-1,1.82872291,0.852427332,1
fields/00134__plt01340__part_per_cell.f32__c0005__dt-f32/chunk_0,3000000,0,ans,primary,0.415935993,-1,6.03693287,0.647527327,1
fields/00133__plt01320__rho.f32__c0013__dt-f32/chunk_0,3000000,35,spratio,primary,0.471455991,-1,2.66197523,0.996667991,1
fields/00134__plt01340__part_per_cell.f32__c0001__dt-f32/chunk_0,3000000,0,ans,primary,0.508415997,-1,6.32838848,0.72934133,1
fields/00133__plt01320__rho.f32__c0015__dt-f32/chunk_0,3000000,35,spratio,primary,0.447647989,-1,3.92366526,0.803973322,1
fields/00134__plt01340__part_per_cell.f32__c0003__dt-f32/chunk_0,3000000,0,ans,primary,0.38064,-1,6.3069585,0.602316,1
fields/00134__plt01340__part_per_cell.f32__c0007__dt-f32/chunk_0,3000000,2,ans shuffle=byte,primary,0.588639975,-1,7.50964868,0.774813975,1
fields/00134__plt01340__part_per_cell.f32__c0009__dt-f32/chunk_0,3000000,0,ans,primary,1.11689603,-1,5.4374031,1.3740227,1
fields/00134__plt01340__part_per_cell.f32__c0011__dt-f32/chunk_0,3000000,2,ans shuffle=byte,primary,0.651423991,-1,7.34723964,0.841713324,1
fields/00134__plt01340__part_per_cell.f32__c0013__dt-f32/chunk_0,3000000,30,ndzip shuffle=bit,primary,0.0798719972,-1,5.05581485,0.356405331,1
fields/00134__plt01340__part_per_cell.f32__c0015__dt-f32/chunk_0,3000000,24,gpulz shuffle=byte,primary,0.179199994,-1,32.3076165,0.22247466,1
fields/00135__plt01340__rho.f32__c0001__dt-f32/chunk_0,3000000,35,spratio,primary,0.0718720034,-1,1.18166584,1.25503334,1
fields/00135__plt01340__rho.f32__c0003__dt-f32/chunk_0,3000000,35,spratio,primary,0.0707200021,-1,1.20057992,1.23524167,1
fields/00135__plt01340__rho.f32__c0007__dt-f32/chunk_0,3000000,35,spratio,primary,0.0854080021,-1,1.24881878,1.204947,1
fields/00135__plt01340__rho.f32__c0005__dt-f32/chunk_0,3000000,35,spratio,primary,0.0928319991,-1,1.22780301,1.23153367,1
fields/00135__plt01340__rho.f32__c0011__dt-f32/chunk_0,3000000,35,spratio,primary,0.0952000022,-1,1.81073923,0.867316336,1
fields/00135__plt01340__rho.f32__c0015__dt-f32/chunk_0,3000000,35,spratio,primary,0.385024011,-1,3.91107199,0.742496678,1
fields/00136__plt01360__part_per_cell.f32__c0001__dt-f32/chunk_0,3000000,2,ans shuffle=byte,primary,0.610239983,-1,7.66687871,0.792595983,1
fields/00135__plt01340__rho.f32__c0009__dt-f32/chunk_0,3000000,35,spratio,primary,0.141279995,-1,1.27795055,1.23529833,1
fields/00135__plt01340__rho.f32__c0013__dt-f32/chunk_0,3000000,35,spratio,primary,0.260511994,-1,2.66144991,0.785827661,1
fields/00136__plt01360__part_per_cell.f32__c0003__dt-f32/chunk_0,3000000,0,ans,primary,0.514400005,-1,6.30278841,0.736222672,1
fields/00136__plt01360__part_per_cell.f32__c0005__dt-f32/chunk_0,3000000,2,ans shuffle=byte,primary,0.32358399,-1,7.64045468,0.506570657,1
fields/00136__plt01360__part_per_cell.f32__c0007__dt-f32/chunk_0,3000000,2,ans shuffle=byte,primary,0.731136024,-1,7.5091109,0.917323357,1
fields/00136__plt01360__part_per_cell.f32__c0011__dt-f32/chunk_0,3000000,0,ans,primary,0.522368014,-1,5.37381295,0.782537347,1
fields/00136__plt01360__part_per_cell.f32__c0013__dt-f32/chunk_0,3000000,30,ndzip shuffle=bit,primary,0.0901120007,-1,5.07541663,0.365577334,1
fields/00136__plt01360__part_per_cell.f32__c0009__dt-f32/chunk_0,3000000,1,ans shuffle=bit,primary,0.875551999,-1,4.82294608,1.16543733,1
fields/00136__plt01360__part_per_cell.f32__c0015__dt-f32/chunk_0,3000000,24,gpulz shuffle=byte,primary,0.987136006,-1,32.3076165,1.03041067,1
fields/00137__plt01360__rho.f32__c0003__dt-f32/chunk_0,3000000,35,spratio,primary,0.243520007,-1,1.20173881,1.40691867,1
fields/00137__plt01360__rho.f32__c0007__dt-f32/chunk_0,3000000,35,spratio,primary,0.114047997,-1,1.24995165,1.23257233,1
fields/00137__plt01360__rho.f32__c0009__dt-f32/chunk_0,3000000,35,spratio,primary,0.0810559988,-1,1.27712755,1.17577933,1
fields/00137__plt01360__rho.f32__c0005__dt-f32/chunk_0,3000000,35,spratio,primary,0.0942080021,-1,1.23005456,1.23082534,1
fields/00137__plt01360__rho.f32__c0015__dt-f32/chunk_0,3000000,35,spratio,primary,0.0822720006,-1,3.91649159,0.439250001,1
fields/00137__plt01360__rho.f32__c0001__dt-f32/chunk_0,3000000,35,spratio,primary,0.148256004,-1,1.18371948,1.32936467,1
fields/00137__plt01360__rho.f32__c0011__dt-f32/chunk_0,3000000,35,spratio,primary,0.236959994,-1,1.8094183,1.00963999,1
fields/00137__plt01360__rho.f32__c0013__dt-f32/chunk_0,3000000,35,spratio,primary,0.343712002,-1,2.66508747,0.868310669,1
fields/00138__plt01380__part_per_cell.f32__c0001__dt-f32/chunk_0,3000000,2,ans shuffle=byte,primary,0.919135988,-1,7.68243827,1.10112265,1
fields/00138__plt01380__part_per_cell.f32__c0005__dt-f32/chunk_0,3000000,2,ans shuffle=byte,primary,0.257248014,-1,7.63039128,0.440476014,1
fields/00138__plt01380__part_per_cell.f32__c0003__dt-f32/chunk_0,3000000,2,ans shuffle=byte,primary,0.479775995,-1,7.71840358,0.660914662,1
fields/00138__plt01380__part_per_cell.f32__c0015__dt-f32/chunk_0,3000000,7,bitcomp shuffle=bit type=int,primary,0.489472002,-1,47.5889988,0.518850668,1
fields/00138__plt01380__part_per_cell.f32__c0007__dt-f32/chunk_0,3000000,2,ans shuffle=byte,primary,0.693503976,-1,7.50167049,0.879875976,1
fields/00138__plt01380__part_per_cell.f32__c0009__dt-f32/chunk_0,3000000,0,ans,primary,0.679264009,-1,5.43531741,0.936489342,1
fields/00138__plt01380__part_per_cell.f32__c0011__dt-f32/chunk_0,3000000,30,ndzip shuffle=bit,primary,0.117760003,-1,3.66447897,0.499288003,1
fields/00138__plt01380__part_per_cell.f32__c0013__dt-f32/chunk_0,3000000,9,bitcomp type=int,primary,0.343136013,-1,11.2451446,0.467465346,1
fields/00139__plt01380__rho.f32__c0001__dt-f32/chunk_0,3000000,35,spratio,primary,0.0688320026,-1,1.18306773,1.25059134,1
fields/00139__plt01380__rho.f32__c0003__dt-f32/chunk_0,3000000,35,spratio,primary,0.0756160021,-1,1.20291892,1.23787334,1
fields/00139__plt01380__rho.f32__c0007__dt-f32/chunk_0,3000000,35,spratio,primary,0.212640002,-1,1.25053451,1.330643,1
fields/00139__plt01380__rho.f32__c0005__dt-f32/chunk_0,3000000,35,spratio,primary,0.177184001,-1,1.23009244,1.31376633,1
fields/00139__plt01380__rho.f32__c0013__dt-f32/chunk_0,3000000,35,spratio,primary,0.776736021,-1,2.66737554,1.30088469,1
fields/00140__plt01400__part_per_cell.f32__c0001__dt-f32/chunk_0,3000000,2,ans shuffle=byte,primary,0.527520001,-1,7.68756369,0.709385334,1
fields/00139__plt01380__rho.f32__c0009__dt-f32/chunk_0,3000000,35,spratio,primary,0.41939199,-1,1.27616271,1.51494299,1
fields/00139__plt01380__rho.f32__c0011__dt-f32/chunk_0,3000000,35,spratio,primary,0.229984,-1,1.80490534,1.004596,1
fields/00140__plt01400__part_per_cell.f32__c0009__dt-f32/chunk_0,3000000,2,ans shuffle=byte,primary,0.368544012,-1,7.4428324,0.556389346,1
fields/00140__plt01400__part_per_cell.f32__c0003__dt-f32/chunk_0,3000000,2,ans shuffle=byte,primary,0.509472013,-1,7.71669954,0.690650679,1
fields/00139__plt01380__rho.f32__c0015__dt-f32/chunk_0,3000000,35,spratio,primary,0.225951999,-1,3.92596434,0.582068666,1
fields/00140__plt01400__part_per_cell.f32__c0005__dt-f32/chunk_0,3000000,2,ans shuffle=byte,primary,0.509952009,-1,7.6217668,0.693387342,1
fields/00140__plt01400__part_per_cell.f32__c0007__dt-f32/chunk_0,3000000,0,ans,primary,0.278784007,-1,5.51694819,0.53220334,1
fields/00140__plt01400__part_per_cell.f32__c0013__dt-f32/chunk_0,3000000,30,ndzip shuffle=bit,primary,0.126975998,-1,5.06489943,0.403013332,1
fields/00140__plt01400__part_per_cell.f32__c0011__dt-f32/chunk_0,3000000,0,ans,primary,0.389023989,-1,5.37662351,0.649057323,1
fields/00140__plt01400__part_per_cell.f32__c0015__dt-f32/chunk_0,3000000,24,gpulz shuffle=byte,primary,0.181247994,-1,32.3076165,0.224522661,1
fields/00141__plt01400__rho.f32__c0001__dt-f32/chunk_0,3000000,35,spratio,primary,0.0872640014,-1,1.18298932,1.26910167,1
fields/00141__plt01400__rho.f32__c0003__dt-f32/chunk_0,3000000,35,spratio,primary,0.0860159993,-1,1.20325987,1.247944,1
fields/00141__plt01400__rho.f32__c0015__dt-f32/chunk_0,3000000,35,spratio,primary,0.0671039969,-1,3.91501834,0.42421633,1
fields/00141__plt01400__rho.f32__c0007__dt-f32/chunk_0,3000000,35,spratio,primary,0.0731519982,-1,1.25026239,1.19139833,1
fields/00141__plt01400__rho.f32__c0005__dt-f32/chunk_0,3000000,35,spratio,primary,0.180928007,-1,1.23116302,1.31652201,1
fields/00142__plt01420__part_per_cell.f32__c0001__dt-f32/chunk_0,3000000,0,ans,primary,0.327968001,-1,6.35410108,0.547999335,1
fields/00141__plt01400__rho.f32__c0009__dt-f32/chunk_0,3000000,35,spratio,primary,0.0795840025,-1,1.27567443,1.17555434,1
fields/00141__plt01400__rho.f32__c0011__dt-f32/chunk_0,3000000,35,spratio,primary,0.146272004,-1,1.79392565,0.925625004,1
fields/00141__plt01400__rho.f32__c0013__dt-f32/chunk_0,3000000,35,spratio,primary,0.0744320005,-1,2.66533134,0.598982667,1
fields/00142__plt01420__part_per_cell.f32__c0009__dt-f32/chunk_0,3000000,2,ans shuffle=byte,primary,0.762207985,-1,7.44692894,0.949949985,1
fields/00142__plt01420__part_per_cell.f32__c0007__dt-f32/chunk_0,3000000,2,ans shuffle=byte,primary,0.777631998,-1,7.50244876,0.963984665,1
fields/00142__plt01420__part_per_cell.f32__c0003__dt-f32/chunk_0,3000000,2,ans shuffle=byte,primary,0.518719971,-1,7.71198894,0.700009305,1
fields/00142__plt01420__part_per_cell.f32__c0005__dt-f32/chunk_0,3000000,2,ans shuffle=byte,primary,0.636511981,-1,7.61656273,0.820072648,1
fields/00142__plt01420__part_per_cell.f32__c0011__dt-f32/chunk_0,3000000,2,ans shuffle=byte,primary,0.398656011,-1,7.3461587,0.588973344,1
fields/00142__plt01420__part_per_cell.f32__c0013__dt-f32/chunk_0,3000000,30,ndzip shuffle=bit,primary,0.0839679986,-1,5.07944874,0.359214665,1
fields/00143__plt01420__rho.f32__c0003__dt-f32/chunk_0,3000000,35,spratio,primary,0.120159999,-1,1.20291167,1.28242433,1
fields/00142__plt01420__part_per_cell.f32__c0015__dt-f32/chunk_0,3000000,24,gpulz shuffle=byte,primary,0.29491201,-1,32.3076165,0.338186677,1
fields/00143__plt01420__rho.f32__c0001__dt-f32/chunk_0,3000000,35,spratio,primary,0.240096003,-1,1.18324696,1.42167634,1
fields/00143__plt01420__rho.f32__c0007__dt-f32/chunk_0,3000000,35,spratio,primary,0.231519997,-1,1.25145239,1.348703,1
fields/00143__plt01420__rho.f32__c0011__dt-f32/chunk_0,3000000,35,spratio,primary,0.339616001,-1,1.79265211,1.11952267,1
fields/00143__plt01420__rho.f32__c0005__dt-f32/chunk_0,3000000,35,spratio,primary,0.46438399,-1,1.23083966,1.60027632,1
fields/00143__plt01420__rho.f32__c0015__dt-f32/chunk_0,3000000,35,spratio,primary,0.421855986,-1,3.9207384,0.778447319,1
fields/00143__plt01420__rho.f32__c0009__dt-f32/chunk_0,3000000,35,spratio,primary,0.102112003,-1,1.27478462,1.19884734,1
fields/00144__plt01440__part_per_cell.f32__c0005__dt-f32/chunk_0,3000000,2,ans shuffle=byte,primary,0.335904002,-1,7.61542875,0.519492002,1
fields/00143__plt01420__rho.f32__c0013__dt-f32/chunk_0,3000000,35,spratio,primary,0.382400006,-1,2.66815778,0.906395006,1
fields/00144__plt01440__part_per_cell.f32__c0001__dt-f32/chunk_0,3000000,2,ans shuffle=byte,primary,0.571327984,-1,7.69326036,0.753058651,1
fields/00144__plt01440__part_per_cell.f32__c0009__dt-f32/chunk_0,3000000,0,ans,primary,0.52995199,-1,5.43416252,0.78723199,1
fields/00144__plt01440__part_per_cell.f32__c0003__dt-f32/chunk_0,3000000,0,ans,primary,0.73119998,-1,6.29336918,0.953354646,1
fields/00144__plt01440__part_per_cell.f32__c0007__dt-f32/chunk_0,3000000,2,ans shuffle=byte,primary,0.527263999,-1,7.50408634,0.713575999,1
fields/00144__plt01440__part_per_cell.f32__c0015__dt-f32/chunk_0,3000000,23,gpulz shuffle=bit,primary,0.228351995,-1,32.7925944,0.270986662,1
fields/00145__plt01440__rho.f32__c0001__dt-f32/chunk_0,3000000,35,spratio,primary,0.291296005,-1,1.18317987,1.47294334,1
fields/00144__plt01440__part_per_cell.f32__c0011__dt-f32/chunk_0,3000000,2,ans shuffle=byte,primary,0.508607984,-1,7.34950551,0.69883865,1
fields/00144__plt01440__part_per_cell.f32__c0013__dt-f32/chunk_0,3000000,30,ndzip shuffle=bit,primary,0.088064,-1,5.05935201,0.364404,1
fields/00145__plt01440__rho.f32__c0003__dt-f32/chunk_0,3000000,35,spratio,primary,0.0833600014,-1,1.20290546,1.24563033,1
fields/00145__plt01440__rho.f32__c0007__dt-f32/chunk_0,3000000,35,spratio,primary,0.112672001,-1,1.25017519,1.23099633,1
fields/00145__plt01440__rho.f32__c0009__dt-f32/chunk_0,3000000,35,spratio,primary,0.183008,-1,1.27388637,1.28051667,1
fields/00145__plt01440__rho.f32__c0005__dt-f32/chunk_0,3000000,35,spratio,primary,0.0989440009,-1,1.23031434,1.23532133,1
fields/00145__plt01440__rho.f32__c0013__dt-f32/chunk_0,3000000,35,spratio,primary,0.213088006,-1,2.66702614,0.737305339,1
fields/00146__plt01460__part_per_cell.f32__c0005__dt-f32/chunk_0,3000000,2,ans shuffle=byte,primary,0.31763199,-1,7.61125528,0.501320656,1
fields/00145__plt01440__rho.f32__c0011__dt-f32/chunk_0,3000000,35,spratio,primary,0.220287994,-1,1.77818402,1.00654033,1
fields/00145__plt01440__rho.f32__c0015__dt-f32/chunk_0,3000000,35,spratio,primary,0.247648001,-1,3.90805463,0.605396667,1
fields/00146__plt01460__part_per_cell.f32__c0001__dt-f32/chunk_0,3000000,2,ans shuffle=byte,primary,0.374816,-1,7.69060838,0.556609334,1
fields/00146__plt01460__part_per_cell.f32__c0007__dt-f32/chunk_0,3000000,0,ans,primary,0.422751993,-1,5.5071112,0.676623993,1
fields/00146__plt01460__part_per_cell.f32__c0003__dt-f32/chunk_0,3000000,0,ans,primary,0.285824001,-1,6.29472926,0.507930668,1
fields/00146__plt01460__part_per_cell.f32__c0009__dt-f32/chunk_0,3000000,2,ans shuffle=byte,primary,0.418816,-1,7.45063292,0.606464667,1
fields/00146__plt01460__part_per_cell.f32__c0011__dt-f32/chunk_0,3000000,2,ans shuffle=byte,primary,1.00364804,-1,7.35233982,1.19380538,1
fields/00146__plt01460__part_per_cell.f32__c0015__dt-f32/chunk_0,3000000,24,gpulz shuffle=byte,primary,0.394239992,-1,32.3076165,0.437514659,1
fields/00147__plt01460__rho.f32__c0001__dt-f32/chunk_0,3000000,35,spratio,primary,0.0863360018,-1,1.18367371,1.26749034,1
fields/00147__plt01460__rho.f32__c0003__dt-f32/chunk_0,3000000,35,spratio,primary,0.40860799,-1,1.20346598,1.57033699,1
fields/00147__plt01460__rho.f32__c0005__dt-f32/chunk_0,3000000,35,spratio,primary,0.0891200006,-1,1.23019057,1.22561167,1
fields/00146__plt01460__part_per_cell.f32__c0013__dt-f32/chunk_0,3000000,2,ans shuffle=byte,primary,0.618399978,-1,7.43402032,0.806467978,1
fields/00148__plt01480__part_per_cell.f32__c0003__dt-f32/chunk_0,3000000,2,ans shuffle=byte,primary,1.12006402,-1,7.70371676,1.30154802,1
fields/00147__plt01460__rho.f32__c0011__dt-f32/chunk_0,3000000,35,spratio,primary,0.248543993,-1,1.77577492,1.03586299,1
fields/00147__plt01460__rho.f32__c0009__dt-f32/chunk_0,3000000,35,spratio,primary,0.228256002,-1,1.27367052,1.32595067,1
fields/00147__plt01460__rho.f32__c0007__dt-f32/chunk_0,3000000,35,spratio,primary,0.089440003,-1,1.25044205,1.20752567,1
fields/00147__plt01460__rho.f32__c0013__dt-f32/chunk_0,3000000,35,spratio,primary,0.130879998,-1,2.66969473,0.654573332,1
fields/00147__plt01460__rho.f32__c0015__dt-f32/chunk_0,3000000,35,spratio,primary,0.251551986,-1,3.91430953,0.608728986,1
fields/00148__plt01480__part_per_cell.f32__c0001__dt-f32/chunk_0,3000000,2,ans shuffle=byte,primary,0.869408011,-1,7.695067,1.05109601,1
fields/00148__plt01480__part_per_cell.f32__c0011__dt-f32/chunk_0,3000000,2,ans shuffle=byte,primary,0.606208026,-1,7.35264915,0.79635736,1
fields/00148__plt01480__part_per_cell.f32__c0005__dt-f32/chunk_0,3000000,0,ans,primary,0.895392001,-1,5.7426326,1.138852,1
fields/00148__plt01480__part_per_cell.f32__c0007__dt-f32/chunk_0,3000000,0,ans,primary,0.595135987,-1,5.5085288,0.848942653,1
fields/00148__plt01480__part_per_cell.f32__c0015__dt-f32/chunk_0,3000000,24,gpulz shuffle=byte,primary,0.187391996,-1,32.3076165,0.230666663,1
fields/00148__plt01480__part_per_cell.f32__c0009__dt-f32/chunk_0,3000000,0,ans,primary,0.629631996,-1,5.4286905,0.887171329,1
fields/00148__plt01480__part_per_cell.f32__c0013__dt-f32/chunk_0,3000000,30,ndzip shuffle=bit,primary,0.0788479969,-1,5.08824814,0.353618664,1
fields/00149__plt01480__rho.f32__c0001__dt-f32/chunk_0,3000000,35,spratio,primary,0.174015999,-1,1.18349536,1.35534833,1
fields/00149__plt01480__rho.f32__c0003__dt-f32/chunk_0,3000000,35,spratio,primary,0.0908159986,-1,1.20315874,1.25284167,1
fields/00149__plt01480__rho.f32__c0005__dt-f32/chunk_0,3000000,35,spratio,primary,0.0707840025,-1,1.23167857,1.20590267,1
fields/00149__plt01480__rho.f32__c0009__dt-f32/chunk_0,3000000,35,spratio,primary,0.238879994,-1,1.27313931,1.33703266,1
fields/00149__plt01480__rho.f32__c0015__dt-f32/chunk_0,3000000,35,spratio,primary,0.262591988,-1,3.92432974,0.618856988,1
fields/00149__plt01480__rho.f32__c0007__dt-f32/chunk_0,3000000,35,spratio,primary,0.373344004,-1,1.25030674,1.49155067,1
fields/00150__plt01500__part_per_cell.f32__c0009__dt-f32/chunk_0,3000000,2,ans shuffle=byte,primary,0.239263996,-1,7.45365174,0.426836663,1
fields/00149__plt01480__rho.f32__c0011__dt-f32/chunk_0,3000000,35,spratio,primary,0.665503979,-1,1.77520597,1.45307531,1
fields/00149__plt01480__rho.f32__c0013__dt-f32/chunk_0,3000000,35,spratio,primary,0.220320001,-1,2.67249297,0.743465001,1
fields/00150__plt01500__part_per_cell.f32__c0001__dt-f32/chunk_0,3000000,0,ans,primary,0.418303996,-1,6.36298872,0.638027996,1
fields/00150__plt01500__part_per_cell.f32__c0003__dt-f32/chunk_0,3000000,2,ans shuffle=byte,primary,0.614624023,-1,7.69585768,0.796293357,1
fields/00150__plt01500__part_per_cell.f32__c0011__dt-f32/chunk_0,3000000,2,ans shuffle=byte,primary,0.331936002,-1,7.35398987,0.522050668,1
fields/00150__plt01500__part_per_cell.f32__c0005__dt-f32/chunk_0,3000000,2,ans shuffle=byte,primary,0.452032,-1,7.60184722,0.635948,1
fields/00150__plt01500__part_per_cell.f32__c0007__dt-f32/chunk_0,3000000,2,ans shuffle=byte,primary,0.184896007,-1,7.50857319,0.371096674,1
fields/00150__plt01500__part_per_cell.f32__c0015__dt-f32/chunk_0,3000000,24,gpulz shuffle=byte,primary,0.287743986,-1,32.3076165,0.331018652,1
fields/00150__plt01500__part_per_cell.f32__c0013__dt-f32/chunk_0,3000000,30,ndzip shuffle=bit,primary,0.211968005,-1,5.08191049,0.487081338,1
fields/00151__plt01500__rho.f32__c0005__dt-f32/chunk_0,3000000,35,spratio,primary,0.619231999,-1,1.23279068,1.75332667,1
fields/00151__plt01500__rho.f32__c0001__dt-f32/chunk_0,3000000,35,spratio,primary,0.0671359971,-1,1.18163555,1.25032766,1
fields/00151__plt01500__rho.f32__c0003__dt-f32/chunk_0,3000000,35,spratio,primary,0.0951040015,-1,1.20315425,1.257134,1
fields/00151__plt01500__rho.f32__c0007__dt-f32/chunk_0,3000000,35,spratio,primary,0.224864006,-1,1.25065682,1.34275767,1
fields/00151__plt01500__rho.f32__c0011__dt-f32/chunk_0,3000000,35,spratio,primary,0.0668480024,-1,1.76312972,0.859813669,1
fields/00151__plt01500__rho.f32__c0013__dt-f32/chunk_0,3000000,35,spratio,primary,0.164352,-1,2.67096639,0.687796,1
fields/00152__plt01520__part_per_cell.f32__c0003__dt-f32/chunk_0,3000000,0,ans,primary,0.448448002,-1,6.29289707,0.670619336,1
fields/00151__plt01500__rho.f32__c0009__dt-f32/chunk_0,3000000,35,spratio,primary,0.303200006,-1,1.27240471,1.40198667,1
fields/00151__plt01500__rho.f32__c0015__dt-f32/chunk_0,3000000,35,spratio,primary,0.260031998,-1,3.91070368,0.617538331,1
fields/00152__plt01520__part_per_cell.f32__c0005__dt-f32/chunk_0,3000000,2,ans shuffle=byte,primary,1.03401601,-1,7.594277,1.21811535,1
fields/00152__plt01520__part_per_cell.f32__c0001__dt-f32/chunk_0,3000000,2,ans shuffle=byte,primary,0.323552012,-1,7.70264155,0.505061346,1
fields/00152__plt01520__part_per_cell.f32__c0009__dt-f32/chunk_0,3000000,2,ans shuffle=byte,primary,0.218815997,-1,7.44899213,0.406505997,1
fields/00152__plt01520__part_per_cell.f32__c0007__dt-f32/chunk_0,3000000,2,ans shuffle=byte,primary,0.791616023,-1,7.50682617,0.977860023,1
fields/00152__plt01520__part_per_cell.f32__c0015__dt-f32/chunk_0,3000000,24,gpulz shuffle=byte,primary,0.242688,-1,32.3076165,0.285962667,1
fields/00153__plt01520__rho.f32__c0007__dt-f32/chunk_0,3000000,35,spratio,primary,0.215936005,-1,1.25127169,1.33328034,1
fields/00152__plt01520__part_per_cell.f32__c0011__dt-f32/chunk_0,3000000,0,ans,primary,0.233088002,-1,5.37739555,0.493084002,1
fields/00153__plt01520__rho.f32__c0003__dt-f32/chunk_0,3000000,35,spratio,primary,0.116127998,-1,1.20315114,1.278161,1
fields/00153__plt01520__rho.f32__c0001__dt-f32/chunk_0,3000000,35,spratio,primary,0.0814080015,-1,1.18160692,1.26462833,1
fields/00152__plt01520__part_per_cell.f32__c0013__dt-f32/chunk_0,3000000,30,ndzip shuffle=bit,primary,0.0788479969,-1,5.09697898,0.353147997,1
fields/00153__plt01520__rho.f32__c0013__dt-f32/chunk_0,3000000,35,spratio,primary,0.227551997,-1,2.67250659,0.75069433,1
fields/00153__plt01520__rho.f32__c0005__dt-f32/chunk_0,3000000,35,spratio,primary,0.13312,-1,1.23454401,1.265604,1
fields/00153__plt01520__rho.f32__c0009__dt-f32/chunk_0,3000000,35,spratio,primary,0.0807359964,-1,1.27191121,1.179949,1
fields/00153__plt01520__rho.f32__c0011__dt-f32/chunk_0,3000000,35,spratio,primary,0.229376003,-1,1.76432601,1.021804,1
fields/00154__plt01540__part_per_cell.f32__c0001__dt-f32/chunk_0,3000000,0,ans,primary,0.570208013,-1,6.36807025,0.78975668,1
fields/00154__plt01540__part_per_cell.f32__c0003__dt-f32/chunk_0,3000000,9,bitcomp type=int,primary,0.321408004,-1,5.36493221,0.582008004,1
fields/00154__plt01540__part_per_cell.f32__c0005__dt-f32/chunk_0,3000000,0,ans,primary,0.39270401,-1,5.68881173,0.638467343,1
fields/00153__plt01520__rho.f32__c0015__dt-f32/chunk_0,3000000,35,spratio,primary,0.238240004,-1,3.91730728,0.59514367,1
fields/00154__plt01540__part_per_cell.f32__c0007__dt-f32/chunk_0,3000000,2,ans shuffle=byte,primary,0.421184003,-1,7.5067993,0.60742867,1
fields/00154__plt01540__part_per_cell.f32__c0009__dt-f32/chunk_0,3000000,0,ans,primary,1.02284801,-1,5.43871451,1.27991268,1
fields/00154__plt01540__part_per_cell.f32__c0011__dt-f32/chunk_0,3000000,2,ans shuffle=byte,primary,0.955519974,-1,7.35558907,1.14559331,1
fields/00154__plt01540__part_per_cell.f32__c0015__dt-f32/chunk_0,3000000,24,gpulz shuffle=byte,primary,0.93286401,-1,32.3076165,0.976138677,1
fields/00154__plt01540__part_per_cell.f32__c0013__dt-f32/chunk_0,3000000,30,ndzip shuffle=bit,primary,0.0839679986,-1,5.08775437,0.358765332,1
fields/00155__plt01540__rho.f32__c0015__dt-f32/chunk_0,3000000,35,spratio,primary,0.0673279986,-1,3.90621662,0.425244999,1
fields/00155__plt01540__rho.f32__c0001__dt-f32/chunk_0,3000000,35,spratio,primary,0.234816,-1,1.18276014,1.41688267,1
fields/00155__plt01540__rho.f32__c0003__dt-f32/chunk_0,3000000,35,spratio,primary,0.0801279992,-1,1.20437068,1.24098433,1
fields/00155__plt01540__rho.f32__c0009__dt-f32/chunk_0,3000000,35,spratio,primary,0.272895992,-1,1.27128552,1.37264999,1
fields/00156__plt01560__part_per_cell.f32__c0001__dt-f32/chunk_0,3000000,0,ans,primary,0.252575994,-1,6.37304371,0.471953327,1
fields/00155__plt01540__rho.f32__c0013__dt-f32/chunk_0,3000000,35,spratio,primary,0.0793280005,-1,2.67108886,0.602748001,1
fields/00155__plt01540__rho.f32__c0007__dt-f32/chunk_0,3000000,35,spratio,primary,0.167648003,-1,1.25136875,1.28490567,1
fields/00155__plt01540__rho.f32__c0005__dt-f32/chunk_0,3000000,35,spratio,primary,0.260511994,-1,1.23521079,1.39238466,1
fields/00155__plt01540__rho.f32__c0011__dt-f32/chunk_0,3000000,35,spratio,primary,0.128128007,-1,1.7526253,0.92584634,1
fields/00156__plt01560__part_per_cell.f32__c0003__dt-f32/chunk_0,3000000,2,ans shuffle=byte,primary,0.468416005,-1,7.69066479,0.650208005,1
fields/00156__plt01560__part_per_cell.f32__c0005__dt-f32/chunk_0,3000000,2,ans shuffle=byte,primary,0.262048006,-1,7.58162033,0.446454673,1
fields/00156__plt01560__part_per_cell.f32__c0015__dt-f32/chunk_0,3000000,24,gpulz shuffle=byte,primary,0.219136,-1,32.3076165,0.262410666,1
fields/00156__plt01560__part_per_cell.f32__c0013__dt-f32/chunk_0,3000000,30,ndzip shuffle=bit,primary,0.0829439983,-1,5.07684189,0.358331998,1
fields/00156__plt01560__part_per_cell.f32__c0011__dt-f32/chunk_0,3000000,0,ans,primary,1.59622395,-1,5.37053768,1.85655195,1
fields/00156__plt01560__part_per_cell.f32__c0009__dt-f32/chunk_0,3000000,2,ans shuffle=byte,primary,0.774688005,-1,7.45696466,0.962177339,1
fields/00157__plt01560__rho.f32__c0005__dt-f32/chunk_0,3000000,35,spratio,primary,0.206624001,-1,1.23349402,1.340072,1
fields/00156__plt01560__part_per_cell.f32__c0007__dt-f32/chunk_0,3000000,0,ans,primary,1.02636802,-1,5.49916876,1.28060669,1
fields/00157__plt01560__rho.f32__c0003__dt-f32/chunk_0,3000000,35,spratio,primary,0.231135994,-1,1.20428492,1.39207499,1
fields/00157__plt01560__rho.f32__c0001__dt-f32/chunk_0,3000000,35,spratio,primary,0.0795520023,-1,1.18282651,1.26155234,1
fields/00157__plt01560__rho.f32__c0007__dt-f32/chunk_0,3000000,35,spratio,primary,0.224064007,-1,1.25156815,1.34114367,1
fields/00157__plt01560__rho.f32__c0013__dt-f32/chunk_0,3000000,35,spratio,primary,0.0873280019,-1,2.67390537,0.610196669,1
fields/00157__plt01560__rho.f32__c0009__dt-f32/chunk_0,3000000,35,spratio,primary,0.241824001,-1,1.27035256,1.34238567,1
fields/00157__plt01560__rho.f32__c0011__dt-f32/chunk_0,3000000,35,spratio,primary,0.360639989,-1,1.7508855,1.15915099,1
fields/00158__plt01580__part_per_cell.f32__c0001__dt-f32/chunk_0,3000000,2,ans shuffle=byte,primary,0.478911996,-1,7.71289656,0.660179996,1
fields/00157__plt01560__rho.f32__c0015__dt-f32/chunk_0,3000000,35,spratio,primary,0.243008003,-1,3.91272476,0.600329669,1
fields/00158__plt01580__part_per_cell.f32__c0009__dt-f32/chunk_0,3000000,2,ans shuffle=byte,primary,0.931231976,-1,7.4542611,1.11878931,1
fields/00158__plt01580__part_per_cell.f32__c0003__dt-f32/chunk_0,3000000,0,ans,primary,0.977375984,-1,6.27844706,1.20005865,1
fields/00158__plt01580__part_per_cell.f32__c0005__dt-f32/chunk_0,3000000,2,ans shuffle=byte,primary,0.589439988,-1,7.57313303,0.774053321,1
fields/00158__plt01580__part_per_cell.f32__c0007__dt-f32/chunk_0,3000000,2,ans shuffle=byte,primary,0.635872006,-1,7.51309233,0.821960673,1
fields/00158__plt01580__part_per_cell.f32__c0011__dt-f32/chunk_0,3000000,0,ans,primary,0.515680015,-1,5.37494233,0.775794682,1
fields/00158__plt01580__part_per_cell.f32__c0015__dt-f32/chunk_0,3000000,24,gpulz shuffle=byte,primary,0.233472005,-1,32.3076165,0.276746671,1
fields/00158__plt01580__part_per_cell.f32__c0013__dt-f32/chunk_0,3000000,2,ans shuffle=byte,primary,0.326624006,-1,7.44061422,0.514525339,1
fields/00159__plt01580__rho.f32__c0001__dt-f32/chunk_0,3000000,35,spratio,primary,0.164831996,-1,1.18406701,1.345594,1
fields/00159__plt01580__rho.f32__c0003__dt-f32/chunk_0,3000000,35,spratio,primary,0.0833600014,-1,1.20482008,1.24378333,1
fields/00159__plt01580__rho.f32__c0011__dt-f32/chunk_0,3000000,35,spratio,primary,0.124256,-1,1.75072837,0.922838667,1
fields/00159__plt01580__rho.f32__c0007__dt-f32/chunk_0,3000000,35,spratio,primary,0.0861760005,-1,1.25169253,1.20314467,1
fields/00159__plt01580__rho.f32__c0005__dt-f32/chunk_0,3000000,35,spratio,primary,0.0733119994,-1,1.23260808,1.20757467,1
fields/00160__plt01600__part_per_cell.f32__c0001__dt-f32/chunk_0,3000000,2,ans shuffle=byte,primary,0.51007998,-1,7.70858727,0.691449313,1
fields/00159__plt01580__rho.f32__c0013__dt-f32/chunk_0,3000000,35,spratio,primary,0.175935999,-1,2.6768474,0.698229999,1
fields/00160__plt01600__part_per_cell.f32__c0005__dt-f32/chunk_0,3000000,2,ans shuffle=byte,primary,0.206688002,-1,7.57089118,0.391356002,1
fields/00159__plt01580__rho.f32__c0009__dt-f32/chunk_0,3000000,35,spratio,primary,0.291615993,-1,1.27030293,1.39222066,1
fields/00160__plt01600__part_per_cell.f32__c0007__dt-f32/chunk_0,3000000,2,ans shuffle=byte,primary,0.589215994,-1,7.51484226,0.775261327,1
fields/00160__plt01600__part_per_cell.f32__c0009__dt-f32/chunk_0,3000000,0,ans,primary,0.215903997,-1,5.43490892,0.473148664,1
fields/00160__plt01600__part_per_cell.f32__c0003__dt-f32/chunk_0,3000000,0,ans,primary,0.707647979,-1,6.279105,0.930307313,1
fields/00160__plt01600__part_per_cell.f32__c0011__dt-f32/chunk_0,3000000,2,ans shuffle=byte,primary,0.413695991,-1,7.35811825,0.603703991,1
fields/00159__plt01580__rho.f32__c0015__dt-f32/chunk_0,3000000,35,spratio,primary,0.219807997,-1,3.92062479,0.576409664,1
fields/00160__plt01600__part_per_cell.f32__c0015__dt-f32/chunk_0,3000000,24,gpulz shuffle=byte,primary,1.72441602,-1,32.3076165,1.76769068,1
fields/00160__plt01600__part_per_cell.f32__c0013__dt-f32/chunk_0,3000000,2,ans shuffle=byte,primary,0.447519988,-1,7.4322288,0.635633321,1
fields/00161__plt01600__rho.f32__c0001__dt-f32/chunk_0,3000000,35,spratio,primary,0.570272028,-1,1.18333676,1.7517627,1
fields/00161__plt01600__rho.f32__c0007__dt-f32/chunk_0,3000000,35,spratio,primary,0.212479994,-1,1.25020984,1.33077333,1
fields/00161__plt01600__rho.f32__c0003__dt-f32/chunk_0,3000000,35,spratio,primary,0.44352001,-1,1.20429218,1.60445201,1
fields/00161__plt01600__rho.f32__c0013__dt-f32/chunk_0,3000000,35,spratio,primary,0.110111997,-1,2.67487224,0.632791663,1
fields/00161__plt01600__rho.f32__c0005__dt-f32/chunk_0,3000000,35,spratio,primary,0.0891840011,-1,1.23338158,1.22273533,1
fields/00161__plt01600__rho.f32__c0009__dt-f32/chunk_0,3000000,35,spratio,primary,0.146911994,-1,1.269396,1.24830299,1
fields/00162__plt01620__part_per_cell.f32__c0005__dt-f32/chunk_0,3000000,0,ans,primary,0.248288006,-1,5.58050027,0.498821339,1
fields/00162__plt01620__part_per_cell.f32__c0001__dt-f32/chunk_0,3000000,0,ans,primary,0.514912009,-1,6.37130115,0.734349343,1
fields/00161__plt01600__rho.f32__c0011__dt-f32/chunk_0,3000000,35,spratio,primary,0.484800011,-1,1.73834607,1.28907101,1
fields/00161__plt01600__rho.f32__c0015__dt-f32/chunk_0,3000000,35,spratio,primary,0.319712013,-1,3.90985064,0.677296346,1
fields/00162__plt01620__part_per_cell.f32__c0007__dt-f32/chunk_0,3000000,2,ans shuffle=byte,primary,0.963967979,-1,7.51150463,1.15009598,1
fields/00162__plt01620__part_per_cell.f32__c0013__dt-f32/chunk_0,3000000,30,ndzip shuffle=bit,primary,0.0839679986,-1,5.08884079,0.358706665,1
fields/00162__plt01620__part_per_cell.f32__c0011__dt-f32/chunk_0,3000000,0,ans,primary,0.381087989,-1,5.37337235,0.641278655,1
fields/00162__plt01620__part_per_cell.f32__c0003__dt-f32/chunk_0,3000000,2,ans shuffle=byte,primary,0.221248001,-1,7.67445401,0.403424001,1
fields/00162__plt01620__part_per_cell.f32__c0009__dt-f32/chunk_0,3000000,2,ans shuffle=byte,primary,1.00927997,-1,7.45153301,1.19690597,1
fields/00162__plt01620__part_per_cell.f32__c0015__dt-f32/chunk_0,3000000,24,gpulz shuffle=byte,primary,0.674816012,-1,32.3076165,0.718090679,1
fields/00163__plt01620__rho.f32__c0001__dt-f32/chunk_0,3000000,35,spratio,primary,0.140223995,-1,1.18500705,1.32004933,1
fields/00163__plt01620__rho.f32__c0003__dt-f32/chunk_0,3000000,35,spratio,primary,0.221791998,-1,1.20598683,1.38109266,1
fields/00163__plt01620__rho.f32__c0005__dt-f32/chunk_0,3000000,35,spratio,primary,0.0943360031,-1,1.23369502,1.22759934,1
fields/00163__plt01620__rho.f32__c0009__dt-f32/chunk_0,3000000,35,spratio,primary,0.216639996,-1,1.26917053,1.31822666,1
fields/00163__plt01620__rho.f32__c0015__dt-f32/chunk_0,3000000,35,spratio,primary,0.114784002,-1,3.91514259,0.471885002,1
fields/00163__plt01620__rho.f32__c0007__dt-f32/chunk_0,3000000,35,spratio,primary,0.170175999,-1,1.24975723,1.28887433,1
fields/00163__plt01620__rho.f32__c0013__dt-f32/chunk_0,3000000,35,spratio,primary,0.0857599974,-1,2.67666119,0.608090331,1
fields/00163__plt01620__rho.f32__c0011__dt-f32/chunk_0,3000000,35,spratio,primary,0.219136,-1,1.74002926,1.022629,1
fields/00164__plt01640__part_per_cell.f32__c0003__dt-f32/chunk_0,3000000,2,ans shuffle=byte,primary,0.482143998,-1,7.66934605,0.664441331,1
fields/00164__plt01640__part_per_cell.f32__c0009__dt-f32/chunk_0,3000000,0,ans,primary,0.87964797,-1,5.44033703,1.13663597,1
fields/00164__plt01640__part_per_cell.f32__c0005__dt-f32/chunk_0,3000000,2,ans shuffle=byte,primary,0.551680028,-1,7.56177344,0.736570695,1
fields/00164__plt01640__part_per_cell.f32__c0007__dt-f32/chunk_0,3000000,2,ans shuffle=byte,primary,0.406080008,-1,7.515327,0.592113341,1
fields/00164__plt01640__part_per_cell.f32__c0001__dt-f32/chunk_0,3000000,0,ans,primary,0.335328013,-1,6.3746322,0.554650679,1
fields/00164__plt01640__part_per_cell.f32__c0015__dt-f32/chunk_0,3000000,9,bitcomp type=int,primary,0.205568001,-1,17.2775746,0.286488001,1
fields/00164__plt01640__part_per_cell.f32__c0011__dt-f32/chunk_0,3000000,2,ans shuffle=byte,primary,0.285696,-1,7.35734383,0.475724,1
fields/00164__plt01640__part_per_cell.f32__c0013__dt-f32/chunk_0,3000000,9,bitcomp type=int,primary,0.446752012,-1,11.3097914,0.570370678,1
fields/00165__plt01640__rho.f32__c0001__dt-f32/chunk_0,3000000,35,spratio,primary,0.0992640033,-1,1.1870871,1.277022,1
fields/00165__plt01640__rho.f32__c0009__dt-f32/chunk_0,3000000,35,spratio,primary,0.0997759998,-1,1.26885684,1.201635,1
fields/00165__plt01640__rho.f32__c0007__dt-f32/chunk_0,3000000,35,spratio,primary,0.260767996,-1,1.24951002,1.37968766,1
fields/00165__plt01640__rho.f32__c0003__dt-f32/chunk_0,3000000,35,spratio,primary,0.238112003,-1,1.20670226,1.39672534,1
fields/00165__plt01640__rho.f32__c0015__dt-f32/chunk_0,3000000,35,spratio,primary,0.178783998,-1,3.92482548,0.535003998,1
fields/00165__plt01640__rho.f32__c0011__dt-f32/chunk_0,3000000,35,spratio,primary,0.233983994,-1,1.7385435,1.03816366,1
fields/00165__plt01640__rho.f32__c0005__dt-f32/chunk_0,3000000,35,spratio,primary,0.586175978,-1,1.23532612,1.71794298,1
fields/00166__plt01660__part_per_cell.f32__c0003__dt-f32/chunk_0,3000000,0,ans,primary,0.372159988,-1,6.26340846,0.595377321,1
fields/00165__plt01640__rho.f32__c0013__dt-f32/chunk_0,3000000,35,spratio,primary,0.446911991,-1,2.67914031,0.968758991,1
fields/00166__plt01660__part_per_cell.f32__c0009__dt-f32/chunk_0,3000000,2,ans shuffle=byte,primary,0.503072023,-1,7.45595722,0.69058669,1
fields/00166__plt01660__part_per_cell.f32__c0005__dt-f32/chunk_0,3000000,0,ans,primary,0.378048003,-1,5.57510022,0.628824003,1
fields/00166__plt01660__part_per_cell.f32__c0001__dt-f32/chunk_0,3000000,0,ans,primary,0.221696004,-1,6.37405095,0.441038671,1
fields/00166__plt01660__part_per_cell.f32__c0007__dt-f32/chunk_0,3000000,2,ans shuffle=byte,primary,0.531008005,-1,7.51600036,0.717024672,1
fields/00166__plt01660__part_per_cell.f32__c0011__dt-f32/chunk_0,3000000,2,ans shuffle=byte,primary,0.982912004,-1,7.36080419,1.17285067,1
fields/00166__plt01660__part_per_cell.f32__c0013__dt-f32/chunk_0,3000000,30,ndzip shuffle=bit,primary,0.150527999,-1,5.07858769,0.425821332,1
fields/00166__plt01660__part_per_cell.f32__c0015__dt-f32/chunk_0,3000000,23,gpulz shuffle=bit,primary,0.267264009,-1,32.7925944,0.309898675,1
fields/00167__plt01660__rho.f32__c0001__dt-f32/chunk_0,3000000,35,spratio,primary,0.252384007,-1,1.18754723,1.42968567,1
fields/00167__plt01660__rho.f32__c0003__dt-f32/chunk_0,3000000,35,spratio,primary,0.0856959969,-1,1.2078831,1.24317666,1
fields/00167__plt01660__rho.f32__c0007__dt-f32/chunk_0,3000000,35,spratio,primary,0.0783680007,-1,1.24908804,1.19766567,1
fields/00167__plt01660__rho.f32__c0015__dt-f32/chunk_0,3000000,35,spratio,primary,0.097984001,-1,3.91098082,0.455465001,1
fields/00167__plt01660__rho.f32__c0013__dt-f32/chunk_0,3000000,35,spratio,primary,0.335135996,-1,2.67665265,0.857467996,1
fields/00167__plt01660__rho.f32__c0009__dt-f32/chunk_0,3000000,35,spratio,primary,0.498784006,-1,1.26852912,1.60092767,1
fields/00168__plt01680__part_per_cell.f32__c0003__dt-f32/chunk_0,3000000,2,ans shuffle=byte,primary,0.950623989,-1,7.65534813,1.13325466,1
fields/00167__plt01660__rho.f32__c0005__dt-f32/chunk_0,3000000,35,spratio,primary,0.0814400017,-1,1.23646779,1.212162,1
fields/00168__plt01680__part_per_cell.f32__c0001__dt-f32/chunk_0,3000000,2,ans shuffle=byte,primary,0.603648007,-1,7.71346393,0.784902674,1
fields/00168__plt01680__part_per_cell.f32__c0005__dt-f32/chunk_0,3000000,2,ans shuffle=byte,primary,0.407424003,-1,7.56242788,0.59229867,1
fields/00167__plt01660__rho.f32__c0011__dt-f32/chunk_0,3000000,35,spratio,primary,0.671999991,-1,1.72850508,1.48084999,1
fields/00168__plt01680__part_per_cell.f32__c0007__dt-f32/chunk_0,3000000,2,ans shuffle=byte,primary,0.512160003,-1,7.5160273,0.698176003,1
fields/00168__plt01680__part_per_cell.f32__c0009__dt-f32/chunk_0,3000000,0,ans,primary,0.486559987,-1,5.43565552,0.74376932,1
fields/00169__plt01680__rho.f32__c0001__dt-f32/chunk_0,3000000,35,spratio,primary,0.343616009,-1,1.18797373,1.52049501,1
fields/00168__plt01680__part_per_cell.f32__c0011__dt-f32/chunk_0,3000000,2,ans shuffle=byte,primary,0.541248024,-1,7.36064918,0.73119069,1
fields/00169__plt01680__rho.f32__c0003__dt-f32/chunk_0,3000000,35,spratio,primary,0.238527998,-1,1.21000068,1.393983,1
fields/00168__plt01680__part_per_cell.f32__c0015__dt-f32/chunk_0,3000000,24,gpulz shuffle=byte,primary,0.477183998,-1,32.3076165,0.520458664,1
fields/00169__plt01680__rho.f32__c0007__dt-f32/chunk_0,3000000,35,spratio,primary,0.382943988,-1,1.24920449,1.50213732,1
fields/00168__plt01680__part_per_cell.f32__c0013__dt-f32/chunk_0,3000000,30,ndzip shuffle=bit,primary,0.0870399997,-1,5.08768031,0.361841333,1
fields/00169__plt01680__rho.f32__c0011__dt-f32/chunk_0,3000000,35,spratio,primary,0.106175996,-1,1.72698915,0.915735996,1
fields/00169__plt01680__rho.f32__c0005__dt-f32/chunk_0,3000000,35,spratio,primary,0.0964159966,-1,1.23814095,1.22561,1
fields/00169__plt01680__rho.f32__c0009__dt-f32/chunk_0,3000000,35,spratio,primary,0.347871989,-1,1.26791787,1.45054699,1
fields/00170__plt01700__part_per_cell.f32__c0001__dt-f32/chunk_0,3000000,0,ans,primary,0.369120002,-1,6.36362588,0.588822002,1
fields/00170__plt01700__part_per_cell.f32__c0005__dt-f32/chunk_0,3000000,0,ans,primary,0.411680013,-1,5.58032208,0.662221346,1
fields/00170__plt01700__part_per_cell.f32__c0003__dt-f32/chunk_0,3000000,0,ans,primary,0.213952005,-1,6.25390132,0.437508672,1
fields/00169__plt01680__rho.f32__c0013__dt-f32/chunk_0,3000000,35,spratio,primary,0.217823997,-1,2.67891957,0.739713997,1
fields/00169__plt01680__rho.f32__c0015__dt-f32/chunk_0,3000000,35,spratio,primary,0.226912007,-1,3.91848937,0.583708007,1
fields/00170__plt01700__part_per_cell.f32__c0009__dt-f32/chunk_0,3000000,2,ans shuffle=byte,primary,0.844319999,-1,7.45924566,1.031752,1
fields/00170__plt01700__part_per_cell.f32__c0013__dt-f32/chunk_0,3000000,2,ans shuffle=byte,primary,0.692575991,-1,7.4433079,0.880409324,1
fields/00170__plt01700__part_per_cell.f32__c0007__dt-f32/chunk_0,3000000,0,ans,primary,0.891296029,-1,5.49589738,1.14568603,1
fields/00170__plt01700__part_per_cell.f32__c0011__dt-f32/chunk_0,3000000,2,ans shuffle=byte,primary,1.11587203,-1,7.36230297,1.30577203,1
fields/00171__plt01700__rho.f32__c0007__dt-f32/chunk_0,3000000,35,spratio,primary,0.257472008,-1,1.24872546,1.37709468,1
fields/00171__plt01700__rho.f32__c0001__dt-f32/chunk_0,3000000,35,spratio,primary,0.312159985,-1,1.18815882,1.48885565,1
fields/00170__plt01700__part_per_cell.f32__c0015__dt-f32/chunk_0,3000000,24,gpulz shuffle=byte,primary,0.275456011,-1,32.3744481,0.318641345,1
fields/00171__plt01700__rho.f32__c0003__dt-f32/chunk_0,3000000,35,spratio,primary,0.0927999988,-1,1.21095089,1.24734833,1
fields/00171__plt01700__rho.f32__c0009__dt-f32/chunk_0,3000000,35,spratio,primary,0.378527999,-1,1.26661221,1.48233967,1
fields/00171__plt01700__rho.f32__c0005__dt-f32/chunk_0,3000000,35,spratio,primary,0.0882880017,-1,1.23767585,1.21790634,1
fields/00171__plt01700__rho.f32__c0015__dt-f32/chunk_0,3000000,35,spratio,primary,0.226879999,-1,3.9038752,0.585011666,1
fields/00172__plt01720__part_per_cell.f32__c0003__dt-f32/chunk_0,3000000,0,ans,primary,0.366144001,-1,6.24235984,0.590114001,1
fields/00171__plt01700__rho.f32__c0011__dt-f32/chunk_0,3000000,35,spratio,primary,0.0687360018,-1,1.71808632,0.882491002,1
fields/00172__plt01720__part_per_cell.f32__c0009__dt-f32/chunk_0,3000000,0,ans,primary,0.355679989,-1,5.434923,0.612923989,1
fields/00171__plt01700__rho.f32__c0013__dt-f32/chunk_0,3000000,35,spratio,primary,0.0653439984,-1,2.67575618,0.587850998,1
fields/00172__plt01720__part_per_cell.f32__c0001__dt-f32/chunk_0,3000000,0,ans,primary,0.969215989,-1,6.36175337,1.18898266,1
fields/00172__plt01720__part_per_cell.f32__c0013__dt-f32/chunk_0,3000000,9,bitcomp type=int,primary,0.23184,-1,11.3121096,0.355433333,1
fields/00172__plt01720__part_per_cell.f32__c0005__dt-f32/chunk_0,3000000,2,ans shuffle=byte,primary,0.731935978,-1,7.55145383,0.917079311,1
fields/00172__plt01720__part_per_cell.f32__c0015__dt-f32/chunk_0,3000000,24,gpulz shuffle=byte,primary,0.309248,-1,32.3744481,0.352433334,1
fields/00172__plt01720__part_per_cell.f32__c0007__dt-f32/chunk_0,3000000,0,ans,primary,0.514496028,-1,5.49500455,0.768927362,1
fields/00172__plt01720__part_per_cell.f32__c0011__dt-f32/chunk_0,3000000,2,ans shuffle=byte,primary,0.326815993,-1,7.36468159,0.516654659,1
fields/00173__plt01720__rho.f32__c0001__dt-f32/chunk_0,3000000,35,spratio,primary,0.0907839984,-1,1.1888637,1.266782,1
fields/00173__plt01720__rho.f32__c0003__dt-f32/chunk_0,3000000,35,spratio,primary,0.241727993,-1,1.21118588,1.39605233,1
fields/00173__plt01720__rho.f32__c0005__dt-f32/chunk_0,3000000,35,spratio,primary,0.101984002,-1,1.23602944,1.233107,1
fields/00173__plt01720__rho.f32__c0007__dt-f32/chunk_0,3000000,35,spratio,primary,0.136416003,-1,1.24901068,1.255783,1
fields/00173__plt01720__rho.f32__c0013__dt-f32/chunk_0,3000000,35,spratio,primary,0.331584007,-1,2.67808655,0.85363634,1
fields/00173__plt01720__rho.f32__c0009__dt-f32/chunk_0,3000000,35,spratio,primary,0.430400014,-1,1.26663325,1.53419335,1
fields/00173__plt01720__rho.f32__c0011__dt-f32/chunk_0,3000000,35,spratio,primary,0.241983995,-1,1.72069281,1.05450633,1
fields/00174__plt01740__part_per_cell.f32__c0003__dt-f32/chunk_0,3000000,0,ans,primary,0.446880013,-1,6.23514021,0.671109346,1
fields/00174__plt01740__part_per_cell.f32__c0005__dt-f32/chunk_0,3000000,0,ans,primary,0.215232,-1,5.562103,0.466594,1
fields/00173__plt01720__rho.f32__c0015__dt-f32/chunk_0,3000000,35,spratio,primary,0.121855997,-1,3.9057001,0.47982033,1
fields/00174__plt01740__part_per_cell.f32__c0009__dt-f32/chunk_0,3000000,0,ans,primary,0.258720011,-1,5.43755818,0.515839344,1
fields/00174__plt01740__part_per_cell.f32__c0001__dt-f32/chunk_0,3000000,2,ans shuffle=byte,primary,1.13977599,-1,7.70898397,1.32113599,1
fields/00174__plt01740__part_per_cell.f32__c0013__dt-f32/chunk_0,3000000,30,ndzip shuffle=bit,primary,0.196608007,-1,5.08911247,0.471332007,1
fields/00174__plt01740__part_per_cell.f32__c0007__dt-f32/chunk_0,3000000,2,ans shuffle=byte,primary,0.504032016,-1,7.51691632,0.690026016,1
fields/00174__plt01740__part_per_cell.f32__c0015__dt-f32/chunk_0,3000000,24,gpulz shuffle=byte,primary,0.32358399,-1,32.3744481,0.366769324,1
fields/00174__plt01740__part_per_cell.f32__c0011__dt-f32/chunk_0,3000000,2,ans shuffle=byte,primary,0.389791995,-1,7.36059751,0.579735995,1
fields/00175__plt01740__rho.f32__c0001__dt-f32/chunk_0,3000000,35,spratio,primary,0.220768005,-1,1.18808814,1.39753367,1
fields/00175__plt01740__rho.f32__c0007__dt-f32/chunk_0,3000000,35,spratio,primary,0.072800003,-1,1.24897832,1.192196,1
fields/00175__plt01740__rho.f32__c0003__dt-f32/chunk_0,3000000,35,spratio,primary,0.0805120021,-1,1.21106698,1.23494967,1
fields/00175__plt01740__rho.f32__c0013__dt-f32/chunk_0,3000000,35,spratio,primary,0.0741439983,-1,2.67983015,0.595856665,1
fields/00175__plt01740__rho.f32__c0005__dt-f32/chunk_0,3000000,35,spratio,primary,0.153855994,-1,1.23521116,1.28572833,1
fields/00176__plt01760__part_per_cell.f32__c0001__dt-f32/chunk_0,3000000,0,ans,primary,1.00025594,-1,6.36507445,1.21990794,1
fields/00176__plt01760__part_per_cell.f32__c0005__dt-f32/chunk_0,3000000,2,ans shuffle=byte,primary,0.228768006,-1,7.54984988,0.413950673,1
fields/00175__plt01740__rho.f32__c0015__dt-f32/chunk_0,3000000,35,spratio,primary,0.403232008,-1,3.90931494,0.760865342,1
fields/00175__plt01740__rho.f32__c0009__dt-f32/chunk_0,3000000,35,spratio,primary,0.091392003,-1,1.26646917,1.19532834,1
fields/00176__plt01760__part_per_cell.f32__c0007__dt-f32/chunk_0,3000000,2,ans shuffle=byte,primary,0.372768015,-1,7.5177247,0.558742015,1
fields/00176__plt01760__part_per_cell.f32__c0009__dt-f32/chunk_0,3000000,2,ans shuffle=byte,primary,0.487967998,-1,7.46237768,0.675321331,1
fields/00175__plt01740__rho.f32__c0011__dt-f32/chunk_0,3000000,35,spratio,primary,0.134847999,-1,1.72030606,0.947552999,1
fields/00176__plt01760__part_per_cell.f32__c0011__dt-f32/chunk_0,3000000,0,ans,primary,0.564320028,-1,5.36943765,0.824701361,1
fields/00176__plt01760__part_per_cell.f32__c0003__dt-f32/chunk_0,3000000,2,ans shuffle=byte,primary,0.458047986,-1,7.63011366,0.641282653,1
fields/00176__plt01760__part_per_cell.f32__c0013__dt-f32/chunk_0,3000000,2,ans shuffle=byte,primary,0.624064028,-1,7.43660374,0.812066695,1
fields/00176__plt01760__part_per_cell.f32__c0015__dt-f32/chunk_0,3000000,9,bitcomp type=int,primary,0.829087973,-1,17.541169,0.908791973,1
fields/00177__plt01760__rho.f32__c0001__dt-f32/chunk_0,3000000,35,spratio,primary,0.088320002,-1,1.18678212,1.26638067,1
fields/00177__plt01760__rho.f32__c0011__dt-f32/chunk_0,3000000,35,spratio,primary,0.209151998,-1,1.71039493,1.02656633,1
fields/00177__plt01760__rho.f32__c0009__dt-f32/chunk_0,3000000,35,spratio,primary,0.127519995,-1,1.26539322,1.23239499,1
fields/00177__plt01760__rho.f32__c0005__dt-f32/chunk_0,3000000,35,spratio,primary,0.0972160026,-1,1.23583242,1.22851934,1
fields/00177__plt01760__rho.f32__c0003__dt-f32/chunk_0,3000000,35,spratio,primary,0.160255998,-1,1.21075199,1.314994,1
fields/00177__plt01760__rho.f32__c0007__dt-f32/chunk_0,3000000,35,spratio,primary,0.235039994,-1,1.24954501,1.35392833,1
fields/00178__plt01780__part_per_cell.f32__c0001__dt-f32/chunk_0,3000000,0,ans,primary,0.432448,-1,6.36310456,0.652168,1
fields/00178__plt01780__part_per_cell.f32__c0005__dt-f32/chunk_0,3000000,0,ans,primary,0.431456,-1,5.55688572,0.683054,1
fields/00177__plt01760__rho.f32__c0015__dt-f32/chunk_0,3000000,35,spratio,primary,0.241024002,-1,3.85429363,0.603762669,1
fields/00177__plt01760__rho.f32__c0013__dt-f32/chunk_0,3000000,35,spratio,primary,0.641120017,-1,2.67675002,1.16343302,1
fields/00178__plt01780__part_per_cell.f32__c0003__dt-f32/chunk_0,3000000,0,ans,primary,0.431968004,-1,6.21069216,0.657080004,1
fields/00178__plt01780__part_per_cell.f32__c0007__dt-f32/chunk_0,3000000,0,ans,primary,0.685887992,-1,5.49034351,0.940535326,1
fields/00178__plt01780__part_per_cell.f32__c0009__dt-f32/chunk_0,3000000,2,ans shuffle=byte,primary,1.03139198,-1,7.46081134,1.21878464,1
fields/00178__plt01780__part_per_cell.f32__c0011__dt-f32/chunk_0,3000000,0,ans,primary,0.563839972,-1,5.37924383,0.823746639,1
fields/00178__plt01780__part_per_cell.f32__c0013__dt-f32/chunk_0,3000000,30,ndzip shuffle=bit,primary,0.0942080021,-1,5.08627363,0.369085335,1
fields/00178__plt01780__part_per_cell.f32__c0015__dt-f32/chunk_0,3000000,24,gpulz shuffle=byte,primary,0.201728001,-1,32.3744481,0.244913335,1
fields/00179__plt01780__rho.f32__c0005__dt-f32/chunk_0,3000000,35,spratio,primary,0.141312003,-1,1.23534358,1.273063,1
fields/00179__plt01780__rho.f32__c0001__dt-f32/chunk_0,3000000,35,spratio,primary,0.403903991,-1,1.18517614,1.58356099,1
fields/00179__plt01780__rho.f32__c0003__dt-f32/chunk_0,3000000,35,spratio,primary,0.43968001,-1,1.21289403,1.59237868,1
fields/00179__plt01780__rho.f32__c0011__dt-f32/chunk_0,3000000,35,spratio,primary,0.0827519968,-1,1.71301729,0.898914997,1
fields/00179__plt01780__rho.f32__c0009__dt-f32/chunk_0,3000000,35,spratio,primary,0.0844480023,-1,1.26492307,1.18973367,1
fields/00180__plt01800__part_per_cell.f32__c0001__dt-f32/chunk_0,3000000,2,ans shuffle=byte,primary,0.361600012,-1,7.71108153,0.542910678,1
fields/00180__plt01800__part_per_cell.f32__c0003__dt-f32/chunk_0,3000000,2,ans shuffle=byte,primary,1.09398401,-1,7.61941302,1.27747601,1
fields/00179__plt01780__rho.f32__c0007__dt-f32/chunk_0,3000000,35,spratio,primary,0.0890560001,-1,1.25032538,1.207246,1
fields/00180__plt01800__part_per_cell.f32__c0007__dt-f32/chunk_0,3000000,0,ans,primary,0.651839972,-1,5.49117731,0.906448638,1
fields/00180__plt01800__part_per_cell.f32__c0005__dt-f32/chunk_0,3000000,2,ans shuffle=byte,primary,0.684127986,-1,7.55044788,0.869295986,1
fields/00179__plt01780__rho.f32__c0013__dt-f32/chunk_0,3000000,35,spratio,primary,0.118848003,-1,2.67831742,0.640855337,1
fields/00179__plt01780__rho.f32__c0015__dt-f32/chunk_0,3000000,35,spratio,primary,0.254496008,-1,3.86516937,0.616214008,1
fields/00180__plt01800__part_per_cell.f32__c0013__dt-f32/chunk_0,3000000,30,ndzip shuffle=bit,primary,0.0788479969,-1,5.08955709,0.353547997,1
fields/00180__plt01800__part_per_cell.f32__c0011__dt-f32/chunk_0,3000000,2,ans shuffle=byte,primary,0.598464012,-1,7.36323355,0.788340012,1
fields/00180__plt01800__part_per_cell.f32__c0009__dt-f32/chunk_0,3000000,0,ans,primary,0.96963203,-1,5.44309048,1.22649003,1
fields/00181__plt01800__rho.f32__c0001__dt-f32/chunk_0,3000000,35,spratio,primary,0.197055995,-1,1.18727864,1.374624,1
fields/00181__plt01800__rho.f32__c0005__dt-f32/chunk_0,3000000,35,spratio,primary,0.183615997,-1,1.23489076,1.315782,1
fields/00181__plt01800__rho.f32__c0003__dt-f32/chunk_0,3000000,35,spratio,primary,0.256511986,-1,1.21575333,1.40649965,1
fields/00181__plt01800__rho.f32__c0009__dt-f32/chunk_0,3000000,35,spratio,primary,0.113568,-1,1.2649513,1.218829,1
fields/00181__plt01800__rho.f32__c0007__dt-f32/chunk_0,3000000,35,spratio,primary,0.0903360024,-1,1.25031941,1.20853134,1
fields/00181__plt01800__rho.f32__c0013__dt-f32/chunk_0,3000000,35,spratio,primary,0.365215987,-1,2.67575106,0.887723987,1
fields/00180__plt01800__part_per_cell.f32__c0015__dt-f32/chunk_0,3000000,24,gpulz shuffle=byte,primary,0.218112007,-1,32.3744481,0.26129734,1
fields/00181__plt01800__rho.f32__c0011__dt-f32/chunk_0,3000000,35,spratio,primary,0.238560006,-1,1.7013396,1.06032501,1
fields/00182__plt01820__part_per_cell.f32__c0001__dt-f32/chunk_0,3000000,2,ans shuffle=byte,primary,0.628831983,-1,7.7094374,0.810181316,1
fields/00181__plt01800__rho.f32__c0015__dt-f32/chunk_0,3000000,35,spratio,primary,0.0599359982,-1,3.85041214,0.423040332,1
fields/00182__plt01820__part_per_cell.f32__c0005__dt-f32/chunk_0,3000000,0,ans,primary,0.220448002,-1,5.56288496,0.471774669,1
fields/00182__plt01820__part_per_cell.f32__c0003__dt-f32/chunk_0,3000000,2,ans shuffle=byte,primary,0.83436799,-1,7.61432275,1.01798266,1
fields/00182__plt01820__part_per_cell.f32__c0011__dt-f32/chunk_0,3000000,2,ans shuffle=byte,primary,0.510176003,-1,7.36323355,0.700052003,1
fields/00182__plt01820__part_per_cell.f32__c0007__dt-f32/chunk_0,3000000,2,ans shuffle=byte,primary,0.223008007,-1,7.52544003,0.40879134,1
fields/00182__plt01820__part_per_cell.f32__c0009__dt-f32/chunk_0,3000000,0,ans,primary,0.526431978,-1,5.44081692,0.783397311,1
fields/00182__plt01820__part_per_cell.f32__c0015__dt-f32/chunk_0,3000000,9,bitcomp type=int,primary,0.352800012,-1,17.541169,0.432504012,1
fields/00182__plt01820__part_per_cell.f32__c0013__dt-f32/chunk_0,3000000,30,ndzip shuffle=bit,primary,0.128000006,-1,5.09371068,0.402476006,1
fields/00183__plt01820__rho.f32__c0001__dt-f32/chunk_0,3000000,35,spratio,primary,0.0852800012,-1,1.18910604,1.26103833,1
fields/00183__plt01820__rho.f32__c0003__dt-f32/chunk_0,3000000,35,spratio,primary,0.0774080008,-1,1.22006036,1.223336,1
fields/00183__plt01820__rho.f32__c0005__dt-f32/chunk_0,3000000,35,spratio,primary,0.0936319977,-1,1.23490894,1.22578133,1
fields/00183__plt01820__rho.f32__c0007__dt-f32/chunk_0,3000000,35,spratio,primary,0.125855997,-1,1.24979745,1.24451833,1
fields/00184__plt01840__part_per_cell.f32__c0005__dt-f32/chunk_0,3000000,0,ans,primary,0.256671995,-1,5.55094349,0.508539328,1
fields/00183__plt01820__rho.f32__c0009__dt-f32/chunk_0,3000000,35,spratio,primary,0.299136013,-1,1.26529702,1.40409501,1
fields/00184__plt01840__part_per_cell.f32__c0009__dt-f32/chunk_0,3000000,2,ans shuffle=byte,primary,0.383264005,-1,7.47123054,0.570395339,1
fields/00184__plt01840__part_per_cell.f32__c0007__dt-f32/chunk_0,3000000,2,ans shuffle=byte,primary,0.380160004,-1,7.52255167,0.566014671,1
fields/00183__plt01820__rho.f32__c0011__dt-f32/chunk_0,3000000,35,spratio,primary,0.402592003,-1,1.7048651,1.22265767,1
fields/00184__plt01840__part_per_cell.f32__c0011__dt-f32/chunk_0,3000000,2,ans shuffle=byte,primary,0.421056002,-1,7.36416437,0.610908002,1
fields/00183__plt01820__rho.f32__c0013__dt-f32/chunk_0,3000000,35,spratio,primary,0.194143996,-1,2.67639475,0.716526329,1
fields/00183__plt01820__rho.f32__c0015__dt-f32/chunk_0,3000000,35,spratio,primary,0.241152003,-1,3.85776067,0.60356467,1
fields/00184__plt01840__part_per_cell.f32__c0013__dt-f32/chunk_0,3000000,30,ndzip shuffle=bit,primary,0.101375997,-1,5.09876345,0.375579997,1
fields/00184__plt01840__part_per_cell.f32__c0001__dt-f32/chunk_0,3000000,0,ans,primary,0.450592011,-1,6.35092607,0.670733345,1
fields/00184__plt01840__part_per_cell.f32__c0015__dt-f32/chunk_0,3000000,24,gpulz shuffle=byte,primary,0.212991998,-1,32.3744481,0.256177331,1
fields/00184__plt01840__part_per_cell.f32__c0003__dt-f32/chunk_0,3000000,2,ans shuffle=byte,primary,0.517632008,-1,7.6066449,0.701432008,1
fields/00185__plt01840__rho.f32__c0001__dt-f32/chunk_0,3000000,35,spratio,primary,0.324512005,-1,1.19159613,1.49781334,1
fields/00185__plt01840__rho.f32__c0005__dt-f32/chunk_0,3000000,35,spratio,primary,0.0929279998,-1,1.23571845,1.22433567,1
fields/00185__plt01840__rho.f32__c0003__dt-f32/chunk_0,3000000,35,spratio,primary,0.268319994,-1,1.22249199,1.41196866,1
fields/00185__plt01840__rho.f32__c0013__dt-f32/chunk_0,3000000,35,spratio,primary,0.0765120015,-1,2.66516198,0.601096001,1
fields/00186__plt01860__part_per_cell.f32__c0001__dt-f32/chunk_0,3000000,0,ans,primary,0.605408013,-1,6.34746604,0.825669346,1
fields/00185__plt01840__rho.f32__c0007__dt-f32/chunk_0,3000000,35,spratio,primary,0.225728005,-1,1.24985704,1.34433701,1
fields/00185__plt01840__rho.f32__c0015__dt-f32/chunk_0,3000000,35,spratio,primary,0.411552012,-1,3.86887726,0.772923345,1
fields/00186__plt01860__part_per_cell.f32__c0005__dt-f32/chunk_0,3000000,0,ans,primary,0.423103988,-1,5.55613488,0.674735988,1
fields/00185__plt01840__rho.f32__c0009__dt-f32/chunk_0,3000000,35,spratio,primary,0.475647986,-1,1.26514245,1.58074199,1
fields/00185__plt01840__rho.f32__c0011__dt-f32/chunk_0,3000000,35,spratio,primary,0.0765120015,-1,1.70285921,0.897543668,1
fields/00186__plt01860__part_per_cell.f32__c0007__dt-f32/chunk_0,3000000,2,ans shuffle=byte,primary,0.437247992,-1,7.52174225,0.623122658,1
fields/00186__plt01860__part_per_cell.f32__c0009__dt-f32/chunk_0,3000000,0,ans,primary,0.581120014,-1,5.4437828,0.837945348,1
fields/00186__plt01860__part_per_cell.f32__c0003__dt-f32/chunk_0,3000000,2,ans shuffle=byte,primary,0.489791989,-1,7.60681045,0.673587989,1
fields/00186__plt01860__part_per_cell.f32__c0011__dt-f32/chunk_0,3000000,0,ans,primary,0.566048026,-1,5.3795474,0.825940026,1
fields/00186__plt01860__part_per_cell.f32__c0015__dt-f32/chunk_0,3000000,24,gpulz shuffle=byte,primary,0.316415995,-1,32.3744481,0.359601329,1
fields/00186__plt01860__part_per_cell.f32__c0013__dt-f32/chunk_0,3000000,30,ndzip shuffle=bit,primary,0.0839679986,-1,5.08881609,0.358707999,1
fields/00187__plt01860__rho.f32__c0001__dt-f32/chunk_0,3000000,35,spratio,primary,0.0957759991,-1,1.19220682,1.26847633,1
fields/00187__plt01860__rho.f32__c0007__dt-f32/chunk_0,3000000,35,spratio,primary,0.379743993,-1,1.25009098,1.49814366,1
fields/00187__plt01860__rho.f32__c0003__dt-f32/chunk_0,3000000,35,spratio,primary,0.388063997,-1,1.22493833,1.52942866,1
fields/00187__plt01860__rho.f32__c0009__dt-f32/chunk_0,3000000,35,spratio,primary,0.071424,-1,1.26485364,1.17677033,1
fields/00188__plt01880__part_per_cell.f32__c0001__dt-f32/chunk_0,3000000,0,ans,primary,0.958527982,-1,6.34318467,1.17893798,1
fields/00187__plt01860__rho.f32__c0005__dt-f32/chunk_0,3000000,35,spratio,primary,0.247424006,-1,1.23616205,1.37842567,1
fields/00187__plt01860__rho.f32__c0011__dt-f32/chunk_0,3000000,35,spratio,primary,0.202751994,-1,1.69450465,1.02783166,1
fields/00187__plt01860__rho.f32__c0013__dt-f32/chunk_0,3000000,35,spratio,primary,0.0996159986,-1,2.64992671,0.627215999,1
fields/00187__plt01860__rho.f32__c0015__dt-f32/chunk_0,3000000,35,spratio,primary,0.253984004,-1,3.85137736,0.616997338,1
fields/00188__plt01880__part_per_cell.f32__c0009__dt-f32/chunk_0,3000000,2,ans shuffle=byte,primary,0.42108801,-1,7.47019264,0.608245343,1
fields/00188__plt01880__part_per_cell.f32__c0003__dt-f32/chunk_0,3000000,0,ans,primary,0.328799993,-1,6.15011408,0.556129326,1
fields/00188__plt01880__part_per_cell.f32__c0007__dt-f32/chunk_0,3000000,2,ans shuffle=byte,primary,0.412864,-1,7.52430602,0.598675333,1
fields/00188__plt01880__part_per_cell.f32__c0011__dt-f32/chunk_0,3000000,2,ans shuffle=byte,primary,0.260351986,-1,7.36540582,0.450171986,1
fields/00188__plt01880__part_per_cell.f32__c0005__dt-f32/chunk_0,3000000,2,ans shuffle=byte,primary,0.833887994,-1,7.55433722,1.01896066,1
fields/00188__plt01880__part_per_cell.f32__c0015__dt-f32/chunk_0,3000000,24,gpulz shuffle=byte,primary,0.318464011,-1,32.3744481,0.361649344,1
fields/00188__plt01880__part_per_cell.f32__c0013__dt-f32/chunk_0,3000000,30,ndzip shuffle=bit,primary,0.0798719972,-1,5.07048356,0.355605331,1
fields/00189__plt01880__rho.f32__c0005__dt-f32/chunk_0,3000000,35,spratio,primary,0.540000021,-1,1.23638906,1.67079402,1
fields/00189__plt01880__rho.f32__c0003__dt-f32/chunk_0,3000000,35,spratio,primary,0.383520007,-1,1.22474912,1.52506101,1
fields/00189__plt01880__rho.f32__c0001__dt-f32/chunk_0,3000000,35,spratio,primary,0.091583997,-1,1.19502003,1.26152366,1
fields/00189__plt01880__rho.f32__c0009__dt-f32/chunk_0,3000000,35,spratio,primary,0.620096028,-1,1.26502378,1.72529369,1
fields/00189__plt01880__rho.f32__c0013__dt-f32/chunk_0,3000000,35,spratio,primary,0.151904002,-1,2.64534399,0.680418002,1
fields/00189__plt01880__rho.f32__c0007__dt-f32/chunk_0,3000000,35,spratio,primary,0.242111996,-1,1.24887754,1.36159833,1
fields/00189__plt01880__rho.f32__c0015__dt-f32/chunk_0,3000000,35,spratio,primary,0.137183994,-1,3.86230775,0.499169994,1
fields/00189__plt01880__rho.f32__c0011__dt-f32/chunk_0,3000000,35,spratio,primary,0.0683519989,-1,1.69429656,0.893532999,1
fields/00190__plt01900__part_per_cell.f32__c0001__dt-f32/chunk_0,3000000,2,ans shuffle=byte,primary,0.471103996,-1,7.68860651,0.652944663,1
fields/00190__plt01900__part_per_cell.f32__c0003__dt-f32/chunk_0,3000000,0,ans,primary,1.00041604,-1,6.05934667,1.23115071,1
fields/00190__plt01900__part_per_cell.f32__c0011__dt-f32/chunk_0,3000000,0,ans,primary,0.638912022,-1,5.38482396,0.898549355,1
fields/00190__plt01900__part_per_cell.f32__c0005__dt-f32/chunk_0,3000000,2,ans shuffle=byte,primary,0.380064011,-1,7.54859981,0.565277344,1
fields/00190__plt01900__part_per_cell.f32__c0007__dt-f32/chunk_0,3000000,2,ans shuffle=byte,primary,0.383711994,-1,7.5277361,0.56943866,1
fields/00190__plt01900__part_per_cell.f32__c0009__dt-f32/chunk_0,3000000,0,ans,primary,0.637888014,-1,5.44931362,0.894452681,1
fields/00190__plt01900__part_per_cell.f32__c0013__dt-f32/chunk_0,3000000,2,ans shuffle=byte,primary,0.938880026,-1,7.43665648,1.12688136,1
fields/00191__plt01900__rho.f32__c0003__dt-f32/chunk_0,3000000,35,spratio,primary,0.237504005,-1,1.22674436,1.37718834,1
fields/00190__plt01900__part_per_cell.f32__c0015__dt-f32/chunk_0,3000000,24,gpulz shuffle=byte,primary,0.206847996,-1,32.3744481,0.250033329,1
fields/00191__plt01900__rho.f32__c0005__dt-f32/chunk_0,3000000,35,spratio,primary,0.351904005,-1,1.2355066,1.48350567,1
fields/00191__plt01900__rho.f32__c0001__dt-f32/chunk_0,3000000,35,spratio,primary,0.157631993,-1,1.1981285,1.32453633,1
fields/00191__plt01900__rho.f32__c0007__dt-f32/chunk_0,3000000,35,spratio,primary,0.0719679967,-1,1.24948843,1.190907,1
fields/00191__plt01900__rho.f32__c0009__dt-f32/chunk_0,3000000,35,spratio,primary,0.128608003,-1,1.26504286,1.233789,1
fields/00191__plt01900__rho.f32__c0011__dt-f32/chunk_0,3000000,35,spratio,primary,0.174687997,-1,1.68361425,1.00510466,1
fields/00192__plt01920__part_per_cell.f32__c0001__dt-f32/chunk_0,3000000,0,ans,primary,0.214880005,-1,6.33372092,0.435619338,1
fields/00192__plt01920__part_per_cell.f32__c0007__dt-f32/chunk_0,3000000,2,ans shuffle=byte,primary,0.215583995,-1,7.52979024,0.401259995,1
fields/00192__plt01920__part_per_cell.f32__c0003__dt-f32/chunk_0,3000000,0,ans,primary,0.40675199,-1,5.96306975,0.64121199,1
fields/00192__plt01920__part_per_cell.f32__c0009__dt-f32/chunk_0,3000000,2,ans shuffle=byte,primary,0.951391995,-1,7.47168306,1.13851199,1
fields/00192__plt01920__part_per_cell.f32__c0005__dt-f32/chunk_0,3000000,2,ans shuffle=byte,primary,0.404543996,-1,7.55023041,0.589717329,1
fields/00191__plt01900__rho.f32__c0015__dt-f32/chunk_0,3000000,35,spratio,primary,0.066143997,-1,3.84724411,0.42954733,1
fields/00192__plt01920__part_per_cell.f32__c0013__dt-f32/chunk_0,3000000,30,ndzip shuffle=bit,primary,0.0839679986,-1,5.07428682,0.359494665,1
fields/00192__plt01920__part_per_cell.f32__c0011__dt-f32/chunk_0,3000000,2,ans shuffle=byte,primary,1.09257603,-1,7.37089393,1.28225469,1
fields/00191__plt01900__rho.f32__c0013__dt-f32/chunk_0,3000000,35,spratio,primary,0.260159999,-1,2.64641555,0.788459999,1
fields/00193__plt01920__rho.f32__c0003__dt-f32/chunk_0,3000000,35,spratio,primary,0.0792960003,-1,1.22990487,1.21605167,1
fields/00192__plt01920__part_per_cell.f32__c0015__dt-f32/chunk_0,3000000,24,gpulz shuffle=byte,primary,0.463871986,-1,32.3744481,0.507057319,1
fields/00193__plt01920__rho.f32__c0001__dt-f32/chunk_0,3000000,35,spratio,primary,0.0893440023,-1,1.20269299,1.25181967,1
fields/00193__plt01920__rho.f32__c0005__dt-f32/chunk_0,3000000,35,spratio,primary,0.0822400004,-1,1.23568096,1.213682,1
fields/00193__plt01920__rho.f32__c0013__dt-f32/chunk_0,3000000,35,spratio,primary,0.0891840011,-1,2.64752307,0.617263001,1
fields/00193__plt01920__rho.f32__c0009__dt-f32/chunk_0,3000000,35,spratio,primary,0.0868479982,-1,1.26490094,1.192153,1
fields/00194__plt01940__part_per_cell.f32__c0001__dt-f32/chunk_0,3000000,2,ans shuffle=byte,primary,0.963168025,-1,7.68044065,1.14520203,1
fields/00193__plt01920__rho.f32__c0007__dt-f32/chunk_0,3000000,35,spratio,primary,0.332448006,-1,1.24894633,1.45187267,1
fields/00193__plt01920__rho.f32__c0015__dt-f32/chunk_0,3000000,35,spratio,primary,0.214016005,-1,3.85787422,0.576418005,1
fields/00193__plt01920__rho.f32__c0011__dt-f32/chunk_0,3000000,35,spratio,primary,0.319007993,-1,1.68541925,1.14853533,1
fields/00194__plt01940__part_per_cell.f32__c0003__dt-f32/chunk_0,3000000,2,ans shuffle=byte,primary,0.82288003,-1,7.57674466,1.00740536,1
fields/00194__plt01940__part_per_cell.f32__c0009__dt-f32/chunk_0,3000000,2,ans shuffle=byte,primary,0.443136007,-1,7.46918162,0.630318673,1
fields/00194__plt01940__part_per_cell.f32__c0005__dt-f32/chunk_0,3000000,2,ans shuffle=byte,primary,0.408288002,-1,7.55265044,0.593402002,1
fields/00194__plt01940__part_per_cell.f32__c0007__dt-f32/chunk_0,3000000,2,ans shuffle=byte,primary,0.803647995,-1,7.52687153,0.989395995,1
fields/00194__plt01940__part_per_cell.f32__c0011__dt-f32/chunk_0,3000000,30,ndzip shuffle=bit,primary,0.123903997,-1,3.61974855,0.510146664,1
fields/00194__plt01940__part_per_cell.f32__c0013__dt-f32/chunk_0,3000000,30,ndzip shuffle=bit,primary,0.0890880004,-1,5.07735813,0.364448,1
fields/00194__plt01940__part_per_cell.f32__c0015__dt-f32/chunk_0,3000000,24,gpulz shuffle=byte,primary,0.242688,-1,32.3744481,0.285873334,1
fields/00195__plt01940__rho.f32__c0001__dt-f32/chunk_0,3000000,35,spratio,primary,0.317503989,-1,1.20664117,1.47617599,1
fields/00195__plt01940__rho.f32__c0003__dt-f32/chunk_0,3000000,35,spratio,primary,0.228671998,-1,1.23228542,1.36323166,1
fields/00195__plt01940__rho.f32__c0011__dt-f32/chunk_0,3000000,35,spratio,primary,0.183807999,-1,1.69000319,1.01108533,1
fields/00195__plt01940__rho.f32__c0013__dt-f32/chunk_0,3000000,35,spratio,primary,0.231999993,-1,2.64716214,0.760150993,1
fields/00196__plt01960__part_per_cell.f32__c0001__dt-f32/chunk_0,3000000,2,ans shuffle=byte,primary,0.436576009,-1,7.67681382,0.618696009,1
fields/00195__plt01940__rho.f32__c0005__dt-f32/chunk_0,3000000,35,spratio,primary,0.327167988,-1,1.23401153,1.46014065,1
fields/00195__plt01940__rho.f32__c0007__dt-f32/chunk_0,3000000,35,spratio,primary,0.0843200013,-1,1.24913678,1.203574,1
fields/00195__plt01940__rho.f32__c0009__dt-f32/chunk_0,3000000,35,spratio,primary,0.132799998,-1,1.26463473,1.23833766,1
fields/00195__plt01940__rho.f32__c0015__dt-f32/chunk_0,3000000,35,spratio,primary,0.342527986,-1,3.86431827,0.704325652,1
fields/00196__plt01960__part_per_cell.f32__c0003__dt-f32/chunk_0,3000000,0,ans,primary,0.618816018,-1,5.92807675,0.854660018,1
fields/00196__plt01960__part_per_cell.f32__c0005__dt-f32/chunk_0,3000000,2,ans shuffle=byte,primary,0.209503993,-1,7.55115474,0.39465466,1
fields/00196__plt01960__part_per_cell.f32__c0007__dt-f32/chunk_0,3000000,0,ans,primary,0.514880002,-1,5.48917948,0.769581335,1
fields/00196__plt01960__part_per_cell.f32__c0015__dt-f32/chunk_0,3000000,24,gpulz shuffle=byte,primary,0.803839982,-1,32.3744481,0.847025315,1
fields/00196__plt01960__part_per_cell.f32__c0009__dt-f32/chunk_0,3000000,2,ans shuffle=byte,primary,0.450911999,-1,7.47365345,0.637982665,1
fields/00196__plt01960__part_per_cell.f32__c0011__dt-f32/chunk_0,3000000,2,ans shuffle=byte,primary,0.532671988,-1,7.37260417,0.722306655,1
fields/00197__plt01960__rho.f32__c0001__dt-f32/chunk_0,3000000,35,spratio,primary,0.239232004,-1,1.2102566,1.39444267,1
fields/00197__plt01960__rho.f32__c0005__dt-f32/chunk_0,3000000,35,spratio,primary,0.239040002,-1,1.23436452,1.37168867,1
fields/00197__plt01960__rho.f32__c0003__dt-f32/chunk_0,3000000,35,spratio,primary,0.215103999,-1,1.23343925,1.34860233,1
fields/00196__plt01960__part_per_cell.f32__c0013__dt-f32/chunk_0,3000000,30,ndzip shuffle=bit,primary,0.0890880004,-1,5.07605544,0.364518667,1
fields/00197__plt01960__rho.f32__c0007__dt-f32/chunk_0,3000000,35,spratio,primary,0.0755200014,-1,1.24897237,1.19492133,1
fields/00197__plt01960__rho.f32__c0011__dt-f32/chunk_0,3000000,35,spratio,primary,0.235328004,-1,1.67835938,1.06834467,1
fields/00197__plt01960__rho.f32__c0013__dt-f32/chunk_0,3000000,35,spratio,primary,0.0813120008,-1,2.64498366,0.609898001,1
fields/00197__plt01960__rho.f32__c0009__dt-f32/chunk_0,3000000,35,spratio,primary,0.0884480029,-1,1.26414,1.19441834,1
fields/00197__plt01960__rho.f32__c0015__dt-f32/chunk_0,3000000,35,spratio,primary,0.254592001,-1,3.85241383,0.617507668,1
fields/00198__plt01980__part_per_cell.f32__c0005__dt-f32/chunk_0,3000000,2,ans shuffle=byte,primary,0.411136001,-1,7.54729584,0.596381335,1
fields/00198__plt01980__part_per_cell.f32__c0001__dt-f32/chunk_0,3000000,2,ans shuffle=byte,primary,0.515712023,-1,7.67675762,0.697833356,1
fields/00198__plt01980__part_per_cell.f32__c0003__dt-f32/chunk_0,3000000,2,ans shuffle=byte,primary,0.429984003,-1,7.57814098,0.614475337,1
fields/00198__plt01980__part_per_cell.f32__c0007__dt-f32/chunk_0,3000000,2,ans shuffle=byte,primary,0.939935982,-1,7.52765504,1.12566465,1
fields/00198__plt01980__part_per_cell.f32__c0009__dt-f32/chunk_0,3000000,2,ans shuffle=byte,primary,0.647040009,-1,7.47535841,0.834068009,1
fields/00198__plt01980__part_per_cell.f32__c0011__dt-f32/chunk_0,3000000,2,ans shuffle=byte,primary,0.536192,-1,7.36732056,0.725962667,1
fields/00198__plt01980__part_per_cell.f32__c0013__dt-f32/chunk_0,3000000,30,ndzip shuffle=bit,primary,0.0819199979,-1,5.07310843,0.357510665,1
fields/00199__plt01980__rho.f32__c0001__dt-f32/chunk_0,3000000,35,spratio,primary,0.25475201,-1,1.2140814,1.40632334,1
fields/00198__plt01980__part_per_cell.f32__c0015__dt-f32/chunk_0,3000000,24,gpulz shuffle=byte,primary,0.246784002,-1,32.3744481,0.289969335,1
fields/00199__plt01980__rho.f32__c0003__dt-f32/chunk_0,3000000,35,spratio,primary,0.248319998,-1,1.23719322,1.378379,1
fields/00199__plt01980__rho.f32__c0005__dt-f32/chunk_0,3000000,35,spratio,primary,0.0924160033,-1,1.23471191,1.224746,1
fields/00199__plt01980__rho.f32__c0009__dt-f32/chunk_0,3000000,35,spratio,primary,0.350208014,-1,1.26390686,1.45638235,1
fields/00199__plt01980__rho.f32__c0015__dt-f32/chunk_0,3000000,35,spratio,primary,0.0700479969,-1,3.85875443,0.43236733,1
fields/00199__plt01980__rho.f32__c0011__dt-f32/chunk_0,3000000,35,spratio,primary,0.129951999,-1,1.68538132,0.959497999,1
fields/00199__plt01980__rho.f32__c0007__dt-f32/chunk_0,3000000,35,spratio,primary,0.372927994,-1,1.24843406,1.49281199,1
fields/00200__plt02000__part_per_cell.f32__c0005__dt-f32/chunk_0,3000000,2,ans shuffle=byte,primary,0.242016003,-1,7.5499586,0.427196003,1
fields/00200__plt02000__part_per_cell.f32__c0001__dt-f32/chunk_0,3000000,0,ans,primary,0.437471986,-1,6.31312897,0.658931319,1
fields/00200__plt02000__part_per_cell.f32__c0007__dt-f32/chunk_0,3000000,0,ans,primary,0.718912005,-1,5.49484617,0.973350672,1
fields/00199__plt01980__rho.f32__c0013__dt-f32/chunk_0,3000000,35,spratio,primary,0.0801919997,-1,2.64469847,0.608835,1
fields/00200__plt02000__part_per_cell.f32__c0003__dt-f32/chunk_0,3000000,0,ans,primary,0.475712001,-1,5.82034559,0.715921335,1
fields/00200__plt02000__part_per_cell.f32__c0009__dt-f32/chunk_0,3000000,0,ans,primary,1.52512002,-1,5.45023416,1.78164135,1
fields/00200__plt02000__part_per_cell.f32__c0013__dt-f32/chunk_0,3000000,30,ndzip shuffle=bit,primary,0.101375997,-1,5.08124558,0.37652533,1
fields/00200__plt02000__part_per_cell.f32__c0011__dt-f32/chunk_0,3000000,30,ndzip shuffle=bit,primary,0.0860159993,-1,3.59483013,0.474935999,1
fields/00200__plt02000__part_per_cell.f32__c0015__dt-f32/chunk_0,3000000,24,gpulz shuffle=byte,primary,0.269311994,-1,32.3744481,0.312497328,1
fields/00201__plt02000__rho.f32__c0005__dt-f32/chunk_0,3000000,35,spratio,primary,0.177504003,-1,1.23406962,1.31042334,1
fields/00201__plt02000__rho.f32__c0003__dt-f32/chunk_0,3000000,35,spratio,primary,0.0751679987,-1,1.2393944,1.20322,1
fields/00201__plt02000__rho.f32__c0007__dt-f32/chunk_0,3000000,35,spratio,primary,0.105311997,-1,1.24815877,1.225443,1
fields/00201__plt02000__rho.f32__c0001__dt-f32/chunk_0,3000000,35,spratio,primary,0.323008001,-1,1.21464816,1.474042,1
fields/00201__plt02000__rho.f32__c0013__dt-f32/chunk_0,3000000,35,spratio,primary,0.143455997,-1,2.64670946,0.67169733,1
fields/00201__plt02000__rho.f32__c0009__dt-f32/chunk_0,3000000,29,ndzip,primary,0.0778239965,-1,1.13594493,1.30860666,1
fields/00201__plt02000__rho.f32__c0011__dt-f32/chunk_0,3000000,35,spratio,primary,0.321087986,-1,1.68666429,1.15000299,1
fields/00202__plt02020__part_per_cell.f32__c0009__dt-f32/chunk_0,3000000,0,ans,primary,0.971871972,-1,5.45043247,1.22838397,1
fields/00202__plt02020__part_per_cell.f32__c0005__dt-f32/chunk_0,3000000,30,ndzip shuffle=bit,primary,0.139264002,-1,3.16325878,0.581245336,1
fields/00202__plt02020__part_per_cell.f32__c0011__dt-f32/chunk_0,3000000,2,ans shuffle=byte,primary,0.239712,-1,7.36499196,0.429542667,1
fields/00201__plt02000__rho.f32__c0015__dt-f32/chunk_0,3000000,35,spratio,primary,0.316576004,-1,3.87038026,0.677807004,1
fields/00202__plt02020__part_per_cell.f32__c0001__dt-f32/chunk_0,3000000,2,ans shuffle=byte,primary,0.858304024,-1,7.65903862,1.04084669,1
fields/00202__plt02020__part_per_cell.f32__c0015__dt-f32/chunk_0,3000000,24,gpulz shuffle=byte,primary,0.212991998,-1,32.3744481,0.256177331,1
fields/00202__plt02020__part_per_cell.f32__c0013__dt-f32/chunk_0,3000000,30,ndzip shuffle=bit,primary,0.0942080021,-1,5.06123237,0.370445335,1
fields/00202__plt02020__part_per_cell.f32__c0003__dt-f32/chunk_0,3000000,0,ans,primary,0.420960009,-1,5.8128761,0.661478009,1
fields/00202__plt02020__part_per_cell.f32__c0007__dt-f32/chunk_0,3000000,30,ndzip shuffle=bit,primary,0.0819199979,-1,3.15348874,0.525270665,1
fields/00203__plt02020__rho.f32__c0001__dt-f32/chunk_0,3000000,35,spratio,primary,0.0877119973,-1,1.21604483,1.237424,1
fields/00203__plt02020__rho.f32__c0003__dt-f32/chunk_0,3000000,35,spratio,primary,0.229791999,-1,1.24097819,1.35640433,1
fields/00203__plt02020__rho.f32__c0005__dt-f32/chunk_0,3000000,35,spratio,primary,0.210751995,-1,1.23380535,1.343914,1
fields/00203__plt02020__rho.f32__c0009__dt-f32/chunk_0,3000000,35,spratio,primary,0.0747200027,-1,1.26467439,1.180223,1
fields/00203__plt02020__rho.f32__c0015__dt-f32/chunk_0,3000000,35,spratio,primary,0.0872640014,-1,3.85773229,0.449679335,1
fields/00203__plt02020__rho.f32__c0007__dt-f32/chunk_0,3000000,35,spratio,primary,0.0757120028,-1,1.24799982,1.19598567,1
fields/00203__plt02020__rho.f32__c0013__dt-f32/chunk_0,3000000,35,spratio,primary,0.0849599987,-1,2.64314018,0.613914665,1
fields/00204__plt02040__part_per_cell.f32__c0005__dt-f32/chunk_0,3000000,2,ans shuffle=byte,primary,1.00223994,-1,7.54957809,1.18742928,1
fields/00203__plt02020__rho.f32__c0011__dt-f32/chunk_0,3000000,35,spratio,primary,0.074624002,-1,1.67600537,0.908810669,1
fields/00204__plt02040__part_per_cell.f32__c0003__dt-f32/chunk_0,3000000,2,ans shuffle=byte,primary,0.287423998,-1,7.56783129,0.472166665,1
fields/00204__plt02040__part_per_cell.f32__c0011__dt-f32/chunk_0,3000000,2,ans shuffle=byte,primary,0.430079997,-1,7.36380235,0.61994133,1
fields/00204__plt02040__part_per_cell.f32__c0001__dt-f32/chunk_0,3000000,0,ans,primary,0.446431994,-1,6.30034579,0.668340661,1
fields/00204__plt02040__part_per_cell.f32__c0007__dt-f32/chunk_0,3000000,0,ans,primary,0.505375981,-1,5.49166621,0.759961981,1
fields/00204__plt02040__part_per_cell.f32__c0009__dt-f32/chunk_0,3000000,0,ans,primary,0.732064009,-1,5.45162263,0.988520009,1
fields/00204__plt02040__part_per_cell.f32__c0013__dt-f32/chunk_0,3000000,30,ndzip shuffle=bit,primary,0.126975998,-1,5.07082685,0.402690665,1
fields/00204__plt02040__part_per_cell.f32__c0015__dt-f32/chunk_0,3000000,30,ndzip shuffle=bit,primary,0.129023999,-1,6.55228954,0.342399999,1
fields/00205__plt02040__rho.f32__c0003__dt-f32/chunk_0,3000000,35,spratio,primary,0.0752639994,-1,1.24177914,1.20114967,1
fields/00205__plt02040__rho.f32__c0001__dt-f32/chunk_0,3000000,35,spratio,primary,0.370368004,-1,1.21755816,1.518651,1
fields/00205__plt02040__rho.f32__c0005__dt-f32/chunk_0,3000000,35,spratio,primary,0.089631997,-1,1.23349946,1.223075,1
fields/00205__plt02040__rho.f32__c0015__dt-f32/chunk_0,3000000,35,spratio,primary,0.396351993,-1,3.86397295,0.758181993,1
fields/00205__plt02040__rho.f32__c0007__dt-f32/chunk_0,3000000,35,spratio,primary,0.241632,-1,1.24703138,1.36277567,1
fields/00206__plt02060__part_per_cell.f32__c0003__dt-f32/chunk_0,3000000,0,ans,primary,0.206624001,-1,5.76741167,0.449038001,1
fields/00205__plt02040__rho.f32__c0011__dt-f32/chunk_0,3000000,35,spratio,primary,0.389407992,-1,1.68186167,1.22068999,1
fields/00205__plt02040__rho.f32__c0013__dt-f32/chunk_0,3000000,35,spratio,primary,0.0907839984,-1,2.64445336,0.619475998,1
fields/00206__plt02060__part_per_cell.f32__c0005__dt-f32/chunk_0,3000000,2,ans shuffle=byte,primary,0.421503991,-1,7.55082848,0.606662658,1
fields/00205__plt02040__rho.f32__c0009__dt-f32/chunk_0,3000000,35,spratio,primary,0.166015998,-1,1.2643473,1.271805,1
fields/00206__plt02060__part_per_cell.f32__c0009__dt-f32/chunk_0,3000000,2,ans shuffle=byte,primary,0.957087994,-1,7.47722411,1.14406933,1
fields/00206__plt02060__part_per_cell.f32__c0001__dt-f32/chunk_0,3000000,2,ans shuffle=byte,primary,0.818719983,-1,7.64435372,1.00161332,1
fields/00206__plt02060__part_per_cell.f32__c0007__dt-f32/chunk_0,3000000,2,ans shuffle=byte,primary,0.194048002,-1,7.5295199,0.379730669,1
fields/00206__plt02060__part_per_cell.f32__c0013__dt-f32/chunk_0,3000000,30,ndzip shuffle=bit,primary,0.125952005,-1,5.05593674,0.402478672,1
fields/00206__plt02060__part_per_cell.f32__c0015__dt-f32/chunk_0,3000000,24,gpulz shuffle=byte,primary,0.210943997,-1,32.3744481,0.25412933,1
fields/00206__plt02060__part_per_cell.f32__c0011__dt-f32/chunk_0,3000000,30,ndzip shuffle=bit,primary,0.191487998,-1,3.58913309,0.581025331,1
fields/00207__plt02060__rho.f32__c0005__dt-f32/chunk_0,3000000,35,spratio,primary,0.0686400011,-1,1.23240744,1.20308733,1
fields/00207__plt02060__rho.f32__c0001__dt-f32/chunk_0,3000000,35,spratio,primary,0.0711999983,-1,1.21876636,1.21834466,1
fields/00207__plt02060__rho.f32__c0011__dt-f32/chunk_0,3000000,35,spratio,primary,0.291359991,-1,1.67556147,1.12576766,1
fields/00207__plt02060__rho.f32__c0007__dt-f32/chunk_0,3000000,35,spratio,primary,0.672927976,-1,1.2476954,1.79347498,1
fields/00207__plt02060__rho.f32__c0009__dt-f32/chunk_0,3000000,35,spratio,primary,0.0899519995,-1,1.26435149,1.19573733,1
fields/00207__plt02060__rho.f32__c0003__dt-f32/chunk_0,3000000,35,spratio,primary,0.135583997,-1,1.24276742,1.26057433,1
fields/00207__plt02060__rho.f32__c0015__dt-f32/chunk_0,3000000,35,spratio,primary,0.232096002,-1,3.85007991,0.595231668,1
fields/00207__plt02060__rho.f32__c0013__dt-f32/chunk_0,3000000,35,spratio,primary,0.183136001,-1,2.6410631,0.712506668,1
fields/00208__plt02080__part_per_cell.f32__c0001__dt-f32/chunk_0,3000000,0,ans,primary,0.485504001,-1,6.28254735,0.708041335,1
fields/00208__plt02080__part_per_cell.f32__c0003__dt-f32/chunk_0,3000000,0,ans,primary,0.216447994,-1,5.73751081,0.460125327,1
fields/00208__plt02080__part_per_cell.f32__c0005__dt-f32/chunk_0,3000000,0,ans,primary,0.398624003,-1,5.53996038,0.65099067,1
fields/00208__plt02080__part_per_cell.f32__c0013__dt-f32/chunk_0,3000000,30,ndzip shuffle=bit,primary,0.0808959976,-1,5.06489943,0.356933331,1
fields/00208__plt02080__part_per_cell.f32__c0009__dt-f32/chunk_0,3000000,30,ndzip shuffle=bit,primary,0.0870399997,-1,3.17824462,0.526937333,1
fields/00209__plt02080__rho.f32__c0001__dt-f32/chunk_0,3000000,35,spratio,primary,0.295168012,-1,1.21885455,1.44222968,1
fields/00208__plt02080__part_per_cell.f32__c0007__dt-f32/chunk_0,3000000,2,ans shuffle=byte,primary,1.90569603,-1,7.5266014,2.0914507,1
fields/00208__plt02080__part_per_cell.f32__c0011__dt-f32/chunk_0,3000000,30,ndzip shuffle=bit,primary,0.0839679986,-1,3.58880142,0.473541332,1
fields/00208__plt02080__part_per_cell.f32__c0015__dt-f32/chunk_0,3000000,24,gpulz shuffle=byte,primary,0.183295995,-1,32.3744481,0.226481328,1
fields/00209__plt02080__rho.f32__c0003__dt-f32/chunk_0,3000000,35,spratio,primary,0.079839997,-1,1.24451159,1.20325366,1
fields/00209__plt02080__rho.f32__c0005__dt-f32/chunk_0,3000000,35,spratio,primary,0.221343994,-1,1.23153572,1.35659433,1
fields/00209__plt02080__rho.f32__c0011__dt-f32/chunk_0,3000000,35,spratio,primary,0.221599996,-1,1.68127919,1.05317,1
fields/00209__plt02080__rho.f32__c0007__dt-f32/chunk_0,3000000,35,spratio,primary,0.575872004,-1,1.24755808,1.69654234,1
fields/00209__plt02080__rho.f32__c0013__dt-f32/chunk_0,3000000,35,spratio,primary,0.0716480017,-1,2.64178837,0.600873335,1
fields/00210__plt02100__part_per_cell.f32__c0001__dt-f32/chunk_0,3000000,0,ans,primary,0.743712008,-1,6.27675584,0.966454675,1
fields/00210__plt02100__part_per_cell.f32__c0003__dt-f32/chunk_0,3000000,2,ans shuffle=byte,primary,0.676320016,-1,7.56523778,0.861126016,1
fields/00209__plt02080__rho.f32__c0009__dt-f32/chunk_0,3000000,35,spratio,primary,0.0842560008,-1,1.26451311,1.1899,1
fields/00210__plt02100__part_per_cell.f32__c0007__dt-f32/chunk_0,3000000,30,ndzip shuffle=bit,primary,0.0839679986,-1,3.15722979,0.526793332,1
fields/00210__plt02100__part_per_cell.f32__c0005__dt-f32/chunk_0,3000000,2,ans shuffle=byte,primary,0.848191977,-1,7.5480021,1.03341998,1
fields/00209__plt02080__rho.f32__c0015__dt-f32/chunk_0,3000000,35,spratio,primary,0.237728,-1,3.85973805,0.599955,1
fields/00210__plt02100__part_per_cell.f32__c0009__dt-f32/chunk_0,3000000,30,ndzip shuffle=bit,primary,0.0788479969,-1,3.18697704,0.517539997,1
fields/00210__plt02100__part_per_cell.f32__c0011__dt-f32/chunk_0,3000000,2,ans shuffle=byte,primary,0.502752006,-1,7.36411265,0.692605339,1
fields/00210__plt02100__part_per_cell.f32__c0015__dt-f32/chunk_0,3000000,30,ndzip shuffle=bit,primary,0.0798719972,-1,6.55228954,0.293247997,1
fields/00210__plt02100__part_per_cell.f32__c0013__dt-f32/chunk_0,3000000,30,ndzip shuffle=bit,primary,0.0819199979,-1,5.04608277,0.358986665,1
fields/00211__plt02100__rho.f32__c0001__dt-f32/chunk_0,3000000,35,spratio,primary,0.307680011,-1,1.22072083,1.45298801,1
fields/00211__plt02100__rho.f32__c0007__dt-f32/chunk_0,3000000,35,spratio,primary,0.0891520008,-1,1.24680674,1.21049767,1
fields/00211__plt02100__rho.f32__c0003__dt-f32/chunk_0,3000000,35,spratio,primary,0.288383991,-1,1.24506943,1.41129432,1
fields/00211__plt02100__rho.f32__c0005__dt-f32/chunk_0,3000000,35,spratio,primary,0.337760001,-1,1.23142616,1.47311133,1
fields/00211__plt02100__rho.f32__c0009__dt-f32/chunk_0,3000000,35,spratio,primary,0.0866559967,-1,1.26511421,1.19177466,1
fields/00211__plt02100__rho.f32__c0013__dt-f32/chunk_0,3000000,35,spratio,primary,0.125952005,-1,2.64129761,0.655275672,1
fields/00211__plt02100__rho.f32__c0011__dt-f32/chunk_0,3000000,35,spratio,primary,0.0677440017,-1,1.67998017,0.899957002,1
fields/00212__plt02120__part_per_cell.f32__c0003__dt-f32/chunk_0,3000000,0,ans,primary,0.384864002,-1,5.69468182,0.630374002,1
fields/00211__plt02100__rho.f32__c0015__dt-f32/chunk_0,3000000,35,spratio,primary,0.223135993,-1,3.86786045,0.584602326,1
fields/00212__plt02120__part_per_cell.f32__c0001__dt-f32/chunk_0,3000000,2,ans shuffle=byte,primary,0.394560009,-1,7.62523089,0.577912009,1
fields/00212__plt02120__part_per_cell.f32__c0005__dt-f32/chunk_0,3000000,2,ans shuffle=byte,primary,0.224096,-1,7.55297685,0.409202,1
fields/00212__plt02120__part_per_cell.f32__c0007__dt-f32/chunk_0,3000000,2,ans shuffle=byte,primary,0.867327988,-1,7.53125045,1.05296799,1
fields/00212__plt02120__part_per_cell.f32__c0009__dt-f32/chunk_0,3000000,0,ans,primary,0.269088,-1,5.45443007,0.525412,1
fields/00212__plt02120__part_per_cell.f32__c0015__dt-f32/chunk_0,3000000,24,gpulz shuffle=byte,primary,0.215039998,-1,32.3744481,0.258225332,1
fields/00212__plt02120__part_per_cell.f32__c0013__dt-f32/chunk_0,3000000,30,ndzip shuffle=bit,primary,0.214016005,-1,5.04970359,0.490884005,1
fields/00212__plt02120__part_per_cell.f32__c0011__dt-f32/chunk_0,3000000,2,ans shuffle=byte,primary,0.692384005,-1,7.36939166,0.882101338,1
fields/00213__plt02120__rho.f32__c0003__dt-f32/chunk_0,3000000,35,spratio,primary,0.079967998,-1,1.2468375,1.201286,1
fields/00213__plt02120__rho.f32__c0009__dt-f32/chunk_0,3000000,35,spratio,primary,0.0795840025,-1,1.26554098,1.18433,1
fields/00213__plt02120__rho.f32__c0001__dt-f32/chunk_0,3000000,35,spratio,primary,0.347647995,-1,1.22213151,1.49163399,1
fields/00214__plt02140__part_per_cell.f32__c0001__dt-f32/chunk_0,3000000,0,ans,primary,0.336511999,-1,6.26730182,0.559590666,1
fields/00213__plt02120__rho.f32__c0007__dt-f32/chunk_0,3000000,35,spratio,primary,0.377600014,-1,1.24781975,1.49803535,1
fields/00213__plt02120__rho.f32__c0005__dt-f32/chunk_0,3000000,35,spratio,primary,0.0914560035,-1,1.23249218,1.22582534,1
fields/00214__plt02140__part_per_cell.f32__c0003__dt-f32/chunk_0,3000000,2,ans shuffle=byte,primary,0.372799993,-1,7.56002884,0.557733326,1
fields/00213__plt02120__rho.f32__c0011__dt-f32/chunk_0,3000000,35,spratio,primary,0.482528001,-1,1.6747633,1.31733333,1
fields/00213__plt02120__rho.f32__c0013__dt-f32/chunk_0,3000000,35,spratio,primary,0.221824005,-1,2.63872696,0.751663339,1
fields/00214__plt02140__part_per_cell.f32__c0005__dt-f32/chunk_0,3000000,2,ans shuffle=byte,primary,0.196383998,-1,7.55411952,0.381461998,1
fields/00214__plt02140__part_per_cell.f32__c0009__dt-f32/chunk_0,3000000,2,ans shuffle=byte,primary,0.395103991,-1,7.47554494,0.582127324,1
fields/00214__plt02140__part_per_cell.f32__c0011__dt-f32/chunk_0,3000000,2,ans shuffle=byte,primary,0.212640002,-1,7.36514715,0.402466669,1
fields/00213__plt02120__rho.f32__c0015__dt-f32/chunk_0,3000000,35,spratio,primary,0.0688640028,-1,3.85733848,0.431316336,1
fields/00214__plt02140__part_per_cell.f32__c0013__dt-f32/chunk_0,3000000,30,ndzip shuffle=bit,primary,0.0901120007,-1,5.06233193,0.366289334,1
fields/00214__plt02140__part_per_cell.f32__c0015__dt-f32/chunk_0,3000000,24,gpulz shuffle=byte,primary,0.268287987,-1,32.3744481,0.31147332,1
fields/00214__plt02140__part_per_cell.f32__c0007__dt-f32/chunk_0,3000000,2,ans shuffle=byte,primary,0.396544009,-1,7.53008765,0.582212676,1
fields/00215__plt02140__rho.f32__c0001__dt-f32/chunk_0,3000000,35,spratio,primary,0.234144002,-1,1.22420576,1.37619167,1
fields/00215__plt02140__rho.f32__c0005__dt-f32/chunk_0,3000000,35,spratio,primary,0.251231998,-1,1.23340661,1.38476033,1
fields/00215__plt02140__rho.f32__c0003__dt-f32/chunk_0,3000000,35,spratio,primary,0.245631993,-1,1.24839542,1.36555066,1
fields/00215__plt02140__rho.f32__c0007__dt-f32/chunk_0,3000000,35,spratio,primary,0.703136027,-1,1.24854518,1.82292036,1
fields/00215__plt02140__rho.f32__c0015__dt-f32/chunk_0,3000000,35,spratio,primary,0.0739199966,-1,3.86399431,0.435747997,1
fields/00215__plt02140__rho.f32__c0009__dt-f32/chunk_0,3000000,35,spratio,primary,0.212288007,-1,1.26557382,1.31700534,1
fields/00216__plt02160__part_per_cell.f32__c0005__dt-f32/chunk_0,3000000,2,ans shuffle=byte,primary,0.391552001,-1,7.55531698,0.576600668,1
fields/00216__plt02160__part_per_cell.f32__c0001__dt-f32/chunk_0,3000000,0,ans,primary,0.184959993,-1,6.26645909,0.408068659,1
fields/00215__plt02140__rho.f32__c0011__dt-f32/chunk_0,3000000,35,spratio,primary,0.082592003,-1,1.67959132,0.91499767,1
fields/00215__plt02140__rho.f32__c0013__dt-f32/chunk_0,3000000,35,spratio,primary,0.126688004,-1,2.63896769,0.656479004,1
fields/00216__plt02160__part_per_cell.f32__c0007__dt-f32/chunk_0,3000000,0,ans,primary,0.212991998,-1,5.49447187,0.467447998,1
fields/00216__plt02160__part_per_cell.f32__c0003__dt-f32/chunk_0,3000000,2,ans shuffle=byte,primary,0.488032013,-1,7.56188251,0.672920013,1
fields/00216__plt02160__part_per_cell.f32__c0009__dt-f32/chunk_0,3000000,2,ans shuffle=byte,primary,0.205247998,-1,7.47597132,0.392260665,1
fields/00216__plt02160__part_per_cell.f32__c0011__dt-f32/chunk_0,3000000,2,ans shuffle=byte,primary,0.960672021,-1,7.36742408,1.15044002,1
fields/00216__plt02160__part_per_cell.f32__c0013__dt-f32/chunk_0,3000000,30,ndzip shuffle=bit,primary,0.0788479969,-1,5.03759789,0.35638133,1
fields/00216__plt02160__part_per_cell.f32__c0015__dt-f32/chunk_0,3000000,24,gpulz shuffle=byte,primary,0.224255994,-1,32.3744481,0.267441327,1
fields/00217__plt02160__rho.f32__c0001__dt-f32/chunk_0,3000000,35,spratio,primary,0.0977919996,-1,1.22553784,1.23859833,1
fields/00217__plt02160__rho.f32__c0013__dt-f32/chunk_0,3000000,35,spratio,primary,0.0757120028,-1,2.63441615,0.606418336,1
fields/00217__plt02160__rho.f32__c0003__dt-f32/chunk_0,3000000,35,spratio,primary,0.236607999,-1,1.24835863,1.35655967,1
fields/00217__plt02160__rho.f32__c0009__dt-f32/chunk_0,3000000,35,spratio,primary,0.270527989,-1,1.2665709,1.37437566,1
fields/00217__plt02160__rho.f32__c0005__dt-f32/chunk_0,3000000,38,spspeed,primary,0.0716160014,-1,1.10637175,1.33529733,1
fields/00217__plt02160__rho.f32__c0011__dt-f32/chunk_0,3000000,35,spratio,primary,0.0828159973,-1,1.67137372,0.919314331,1
fields/00217__plt02160__rho.f32__c0015__dt-f32/chunk_0,3000000,35,spratio,primary,0.073247999,-1,3.85006224,0.436385332,1
fields/00218__plt02180__part_per_cell.f32__c0001__dt-f32/chunk_0,3000000,2,ans shuffle=byte,primary,0.37993601,-1,7.62470414,0.563300676,1
fields/00217__plt02160__rho.f32__c0007__dt-f32/chunk_0,3000000,35,spratio,primary,0.127872005,-1,1.24787618,1.24825667,1
fields/00218__plt02180__part_per_cell.f32__c0007__dt-f32/chunk_0,3000000,0,ans,primary,0.211904004,-1,5.50000525,0.466104004,1
fields/00218__plt02180__part_per_cell.f32__c0003__dt-f32/chunk_0,3000000,0,ans,primary,0.214624003,-1,5.64795105,0.462165336,1
fields/00218__plt02180__part_per_cell.f32__c0005__dt-f32/chunk_0,3000000,2,ans shuffle=byte,primary,0.252736002,-1,7.5565965,0.437753336,1
fields/00218__plt02180__part_per_cell.f32__c0011__dt-f32/chunk_0,3000000,2,ans shuffle=byte,primary,0.222048,-1,7.37187852,0.411701333,1
fields/00218__plt02180__part_per_cell.f32__c0015__dt-f32/chunk_0,3000000,9,bitcomp type=int,primary,0.967648029,-1,17.541169,1.04735203,1
fields/00218__plt02180__part_per_cell.f32__c0009__dt-f32/chunk_0,3000000,2,ans shuffle=byte,primary,0.409855992,-1,7.47503867,0.596891992,1
fields/00219__plt02180__rho.f32__c0009__dt-f32/chunk_0,3000000,35,spratio,primary,0.193023995,-1,1.26713491,1.29638033,1
fields/00219__plt02180__rho.f32__c0003__dt-f32/chunk_0,3000000,35,spratio,primary,0.567456007,-1,1.24923351,1.68662334,1
fields/00219__plt02180__rho.f32__c0001__dt-f32/chunk_0,3000000,35,spratio,primary,0.225311995,-1,1.22765854,1.36414766,1
fields/00218__plt02180__part_per_cell.f32__c0013__dt-f32/chunk_0,3000000,30,ndzip shuffle=bit,primary,0.0890880004,-1,5.06196536,0.365285334,1
fields/00219__plt02180__rho.f32__c0011__dt-f32/chunk_0,3000000,35,spratio,primary,0.448255986,-1,1.67523823,1.28282465,1
fields/00219__plt02180__rho.f32__c0005__dt-f32/chunk_0,3000000,35,spratio,primary,0.237215996,-1,1.23453783,1.36970566,1
fields/00219__plt02180__rho.f32__c0007__dt-f32/chunk_0,3000000,35,spratio,primary,0.530560017,-1,1.24790514,1.65091868,1
fields/00220__plt02200__part_per_cell.f32__c0001__dt-f32/chunk_0,3000000,2,ans shuffle=byte,primary,0.415008008,-1,7.62431606,0.598382008,1
fields/00220__plt02200__part_per_cell.f32__c0005__dt-f32/chunk_0,3000000,2,ans shuffle=byte,primary,0.236607999,-1,7.55537142,0.421655332,1
fields/00220__plt02200__part_per_cell.f32__c0007__dt-f32/chunk_0,3000000,2,ans shuffle=byte,primary,0.48012799,-1,7.5301958,0.66579399,1
fields/00219__plt02180__rho.f32__c0013__dt-f32/chunk_0,3000000,35,spratio,primary,0.114784002,-1,2.63470243,0.645432669,1
fields/00220__plt02200__part_per_cell.f32__c0003__dt-f32/chunk_0,3000000,2,ans shuffle=byte,primary,0.505855978,-1,7.55872091,0.690821311,1
fields/00219__plt02180__rho.f32__c0015__dt-f32/chunk_0,3000000,35,spratio,primary,0.209856004,-1,3.86104202,0.57196067,1
fields/00220__plt02200__part_per_cell.f32__c0009__dt-f32/chunk_0,3000000,2,ans shuffle=byte,primary,0.395359993,-1,7.47514525,0.582393326,1
fields/00220__plt02200__part_per_cell.f32__c0011__dt-f32/chunk_0,3000000,2,ans shuffle=byte,primary,0.994687974,-1,7.36861486,1.18442531,1
fields/00220__plt02200__part_per_cell.f32__c0015__dt-f32/chunk_0,3000000,24,gpulz shuffle=byte,primary,0.211968005,-1,32.3744481,0.255153338,1
fields/00220__plt02200__part_per_cell.f32__c0013__dt-f32/chunk_0,3000000,2,ans shuffle=byte,primary,0.717952013,-1,7.42296883,0.906300013,1
fields/00221__plt02200__rho.f32__c0003__dt-f32/chunk_0,3000000,35,spratio,primary,0.137631997,-1,1.2503291,1.25581866,1
fields/00221__plt02200__rho.f32__c0001__dt-f32/chunk_0,3000000,35,spratio,primary,0.0973440036,-1,1.23068689,1.23337734,1
fields/00221__plt02200__rho.f32__c0009__dt-f32/chunk_0,3000000,35,spratio,primary,0.0889599994,-1,1.26767529,1.191846,1
fields/00221__plt02200__rho.f32__c0011__dt-f32/chunk_0,3000000,35,spratio,primary,0.276223987,-1,1.67750889,1.10966299,1
fields/00221__plt02200__rho.f32__c0013__dt-f32/chunk_0,3000000,35,spratio,primary,0.215903997,-1,2.63513115,0.746466331,1
fields/00221__plt02200__rho.f32__c0005__dt-f32/chunk_0,3000000,35,spratio,primary,0.0763520002,-1,1.23413789,1.20920867,1
fields/00221__plt02200__rho.f32__c0007__dt-f32/chunk_0,3000000,35,spratio,primary,0.0826560035,-1,1.24847903,1.20249967,1
fields/00222__plt02220__part_per_cell.f32__c0003__dt-f32/chunk_0,3000000,0,ans,primary,0.647871971,-1,5.62368804,0.896481304,1
fields/00222__plt02220__part_per_cell.f32__c0001__dt-f32/chunk_0,3000000,2,ans shuffle=byte,primary,0.273375988,-1,7.62104666,0.456828655,1
fields/00222__plt02220__part_per_cell.f32__c0005__dt-f32/chunk_0,3000000,2,ans shuffle=byte,primary,0.216959998,-1,7.55646036,0.401980665,1
fields/00222__plt02220__part_per_cell.f32__c0007__dt-f32/chunk_0,3000000,2,ans shuffle=byte,primary,0.92534399,-1,7.5382619,1.11081132,1
fields/00221__plt02200__rho.f32__c0015__dt-f32/chunk_0,3000000,35,spratio,primary,0.0953280032,-1,3.86889867,0.456697337,1
fields/00222__plt02220__part_per_cell.f32__c0013__dt-f32/chunk_0,3000000,9,bitcomp type=int,primary,0.81081599,-1,11.0861879,0.93692799,1
fields/00222__plt02220__part_per_cell.f32__c0009__dt-f32/chunk_0,3000000,0,ans,primary,0.943711996,-1,5.46358137,1.19960666,1
fields/00222__plt02220__part_per_cell.f32__c0015__dt-f32/chunk_0,3000000,24,gpulz shuffle=byte,primary,0.182272002,-1,32.3744481,0.225457335,1
fields/00222__plt02220__part_per_cell.f32__c0011__dt-f32/chunk_0,3000000,2,ans shuffle=byte,primary,0.528128028,-1,7.37027223,0.717822695,1
fields/00223__plt02220__rho.f32__c0005__dt-f32/chunk_0,3000000,35,spratio,primary,0.084416002,-1,1.2350253,1.21645867,1
fields/00223__plt02220__rho.f32__c0007__dt-f32/chunk_0,3000000,35,spratio,primary,0.0926399976,-1,1.24872137,1.21226633,1
fields/00223__plt02220__rho.f32__c0003__dt-f32/chunk_0,3000000,35,spratio,primary,0.0751039982,-1,1.24943595,1.19409,1
fields/00223__plt02220__rho.f32__c0001__dt-f32/chunk_0,3000000,35,spratio,primary,0.0748480037,-1,1.23096392,1.21062567,1
fields/00223__plt02220__rho.f32__c0009__dt-f32/chunk_0,3000000,35,spratio,primary,0.326591998,-1,1.2684474,1.42880667,1
fields/00224__plt02240__part_per_cell.f32__c0001__dt-f32/chunk_0,3000000,2,ans shuffle=byte,primary,0.390879989,-1,7.6084663,0.574635989,1
fields/00224__plt02240__part_per_cell.f32__c0007__dt-f32/chunk_0,3000000,2,ans shuffle=byte,primary,0.459711999,-1,7.54137929,0.645102665,1
fields/00223__plt02220__rho.f32__c0011__dt-f32/chunk_0,3000000,35,spratio,primary,0.76057601,-1,1.67010459,1.59771001,1
fields/00223__plt02220__rho.f32__c0013__dt-f32/chunk_0,3000000,35,spratio,primary,0.230976,-1,2.63124468,0.762322,1
fields/00223__plt02220__rho.f32__c0015__dt-f32/chunk_0,3000000,35,spratio,primary,0.244031996,-1,3.85433968,0.606766329,1
fields/00224__plt02240__part_per_cell.f32__c0009__dt-f32/chunk_0,3000000,2,ans shuffle=byte,primary,0.962368011,-1,7.4794375,1.14929401,1
fields/00224__plt02240__part_per_cell.f32__c0003__dt-f32/chunk_0,3000000,2,ans shuffle=byte,primary,0.931295991,-1,7.56054668,1.11621666,1
fields/00224__plt02240__part_per_cell.f32__c0011__dt-f32/chunk_0,3000000,0,ans,primary,0.999616027,-1,5.40077156,1.25848669,1
fields/00224__plt02240__part_per_cell.f32__c0005__dt-f32/chunk_0,3000000,0,ans,primary,0.611360013,-1,5.54409043,0.86353868,1
fields/00224__plt02240__part_per_cell.f32__c0015__dt-f32/chunk_0,3000000,24,gpulz shuffle=byte,primary,0.181247994,-1,32.3744481,0.224433328,1
fields/00224__plt02240__part_per_cell.f32__c0013__dt-f32/chunk_0,3000000,9,bitcomp type=int,primary,0.424383998,-1,11.0815015,0.550549331,1
fields/00225__plt02240__rho.f32__c0005__dt-f32/chunk_0,3000000,35,spratio,primary,0.385600001,-1,1.23631144,1.516465,1
fields/00225__plt02240__rho.f32__c0001__dt-f32/chunk_0,3000000,35,spratio,primary,0.235551998,-1,1.23280735,1.36963133,1
fields/00225__plt02240__rho.f32__c0007__dt-f32/chunk_0,3000000,35,spratio,primary,0.0783360004,-1,1.24941771,1.19733833,1
fields/00225__plt02240__rho.f32__c0015__dt-f32/chunk_0,3000000,35,spratio,primary,0.216000006,-1,3.8637843,0.577847672,1
fields/00225__plt02240__rho.f32__c0003__dt-f32/chunk_0,3000000,35,spratio,primary,0.277727991,-1,1.2488292,1.39725766,1
fields/00225__plt02240__rho.f32__c0009__dt-f32/chunk_0,3000000,35,spratio,primary,0.0794560015,-1,1.26923467,1.180987,1
fields/00226__plt02260__part_per_cell.f32__c0001__dt-f32/chunk_0,3000000,2,ans shuffle=byte,primary,0.426432014,-1,7.61354874,0.610065347,1
fields/00225__plt02240__rho.f32__c0011__dt-f32/chunk_0,3000000,35,spratio,primary,0.0920320004,-1,1.67519474,0.926622334,1
fields/00226__plt02260__part_per_cell.f32__c0007__dt-f32/chunk_0,3000000,2,ans shuffle=byte,primary,0.85836798,-1,7.53701567,1.04386598,1
fields/00225__plt02240__rho.f32__c0013__dt-f32/chunk_0,3000000,35,spratio,primary,0.0627200007,-1,2.63012269,0.594292667,1
fields/00226__plt02260__part_per_cell.f32__c0009__dt-f32/chunk_0,3000000,2,ans shuffle=byte,primary,0.526080012,-1,7.4783173,0.713034012,1
fields/00226__plt02260__part_per_cell.f32__c0003__dt-f32/chunk_0,3000000,2,ans shuffle=byte,primary,0.408032,-1,7.5567871,0.593044667,1
fields/00226__plt02260__part_per_cell.f32__c0011__dt-f32/chunk_0,3000000,2,ans shuffle=byte,primary,0.360927999,-1,7.37104938,0.550602666,1
fields/00226__plt02260__part_per_cell.f32__c0013__dt-f32/chunk_0,3000000,30,ndzip shuffle=bit,primary,0.0798719972,-1,5.02270953,0.358227997,1
fields/00226__plt02260__part_per_cell.f32__c0005__dt-f32/chunk_0,3000000,2,ans shuffle=byte,primary,1.05241597,-1,7.56632957,1.2371953,1
fields/00226__plt02260__part_per_cell.f32__c0015__dt-f32/chunk_0,3000000,9,bitcomp type=int,primary,0.525983989,-1,17.541169,0.605687989,1
fields/00227__plt02260__rho.f32__c0001__dt-f32/chunk_0,3000000,35,spratio,primary,0.256128013,-1,1.23388483,1.38921701,1
fields/00227__plt02260__rho.f32__c0003__dt-f32/chunk_0,3000000,35,spratio,primary,0.341984004,-1,1.24854927,1.46176467,1
fields/00227__plt02260__rho.f32__c0007__dt-f32/chunk_0,3000000,35,spratio,primary,0.231007993,-1,1.24907502,1.35031733,1
fields/00227__plt02260__rho.f32__c0005__dt-f32/chunk_0,3000000,35,spratio,primary,0.087935999,-1,1.23661762,1.218521,1
fields/00227__plt02260__rho.f32__c0009__dt-f32/chunk_0,3000000,35,spratio,primary,0.276800007,-1,1.26979106,1.37784834,1
fields/00228__plt02280__part_per_cell.f32__c0003__dt-f32/chunk_0,3000000,0,ans,primary,0.273088008,-1,5.58942431,0.523221341,1
fields/00227__plt02260__rho.f32__c0013__dt-f32/chunk_0,3000000,35,spratio,primary,0.0637440011,-1,2.62614901,0.596121001,1
fields/00227__plt02260__rho.f32__c0011__dt-f32/chunk_0,3000000,35,spratio,primary,0.226239994,-1,1.66938934,1.06373266,1
fields/00227__plt02260__rho.f32__c0015__dt-f32/chunk_0,3000000,35,spratio,primary,0.241664007,-1,3.84984314,0.604822007,1
fields/00228__plt02280__part_per_cell.f32__c0005__dt-f32/chunk_0,3000000,2,ans shuffle=byte,primary,0.379200011,-1,7.56084652,0.564113345,1
fields/00228__plt02280__part_per_cell.f32__c0001__dt-f32/chunk_0,3000000,0,ans,primary,0.395552009,-1,6.23262007,0.619872009,1
fields/00228__plt02280__part_per_cell.f32__c0007__dt-f32/chunk_0,3000000,0,ans,primary,0.393631995,-1,5.4980154,0.647923995,1
fields/00228__plt02280__part_per_cell.f32__c0009__dt-f32/chunk_0,3000000,2,ans shuffle=byte,primary,0.320479989,-1,7.47853065,0.507428656,1
fields/00228__plt02280__part_per_cell.f32__c0011__dt-f32/chunk_0,3000000,0,ans,primary,0.321247995,-1,5.40458519,0.579935995,1
fields/00228__plt02280__part_per_cell.f32__c0013__dt-f32/chunk_0,3000000,30,ndzip shuffle=bit,primary,0.0798719972,-1,5.03929258,0.357311997,1
fields/00228__plt02280__part_per_cell.f32__c0015__dt-f32/chunk_0,3000000,24,gpulz shuffle=byte,primary,0.25702399,-1,32.3744481,0.300209323,1
fields/00229__plt02280__rho.f32__c0005__dt-f32/chunk_0,3000000,35,spratio,primary,0.0854400024,-1,1.23647472,1.21615567,1
fields/00229__plt02280__rho.f32__c0013__dt-f32/chunk_0,3000000,35,spratio,primary,0.0632639974,-1,2.62651903,0.595565997,1
fields/00229__plt02280__rho.f32__c0001__dt-f32/chunk_0,3000000,35,spratio,primary,0.0740479976,-1,1.23436707,1.20669433,1
fields/00229__plt02280__rho.f32__c0003__dt-f32/chunk_0,3000000,35,spratio,primary,0.0727040023,-1,1.24847122,1.19255467,1
fields/00229__plt02280__rho.f32__c0009__dt-f32/chunk_0,3000000,35,spratio,primary,0.243520007,-1,1.27112871,1.34340967,1
fields/00229__plt02280__rho.f32__c0011__dt-f32/chunk_0,3000000,35,spratio,primary,0.0824960023,-1,1.67618755,0.916592002,1
fields/00229__plt02280__rho.f32__c0007__dt-f32/chunk_0,3000000,35,spratio,primary,0.0702719986,-1,1.24927667,1.18940067,1
fields/00230__plt02300__part_per_cell.f32__c0001__dt-f32/chunk_0,3000000,2,ans shuffle=byte,primary,0.40249601,-1,7.60810747,0.586260677,1
fields/00229__plt02280__rho.f32__c0015__dt-f32/chunk_0,3000000,35,spratio,primary,0.58288002,-1,3.8584385,0.94522902,1
fields/00230__plt02300__part_per_cell.f32__c0003__dt-f32/chunk_0,3000000,2,ans shuffle=byte,primary,0.504992008,-1,7.55994708,0.689927342,1
fields/00230__plt02300__part_per_cell.f32__c0007__dt-f32/chunk_0,3000000,0,ans,primary,0.97004801,-1,5.50286275,1.22411601,1
fields/00230__plt02300__part_per_cell.f32__c0005__dt-f32/chunk_0,3000000,0,ans,primary,0.961759984,-1,5.54714067,1.21379998,1
fields/00230__plt02300__part_per_cell.f32__c0009__dt-f32/chunk_0,3000000,2,ans shuffle=byte,primary,0.386848003,-1,7.48202589,0.573709336,1
fields/00230__plt02300__part_per_cell.f32__c0011__dt-f32/chunk_0,3000000,2,ans shuffle=byte,primary,0.228896007,-1,7.37115301,0.418568007,1
fields/00230__plt02300__part_per_cell.f32__c0015__dt-f32/chunk_0,3000000,24,gpulz shuffle=byte,primary,0.268287987,-1,32.3744481,0.31147332,1
fields/00230__plt02300__part_per_cell.f32__c0013__dt-f32/chunk_0,3000000,2,ans shuffle=byte,primary,0.328319997,-1,7.41803261,0.51679333,1
fields/00231__plt02300__rho.f32__c0001__dt-f32/chunk_0,3000000,35,spratio,primary,0.0718400031,-1,1.23540944,1.20353067,1
fields/00231__plt02300__rho.f32__c0003__dt-f32/chunk_0,3000000,35,spratio,primary,0.190047994,-1,1.24868122,1.30971033,1
fields/00231__plt02300__rho.f32__c0005__dt-f32/chunk_0,3000000,35,spratio,primary,0.265311986,-1,1.23692542,1.39561565,1
fields/00231__plt02300__rho.f32__c0011__dt-f32/chunk_0,3000000,35,spratio,primary,0.189024001,-1,1.68122662,1.02062,1
fields/00231__plt02300__rho.f32__c0007__dt-f32/chunk_0,3000000,35,spratio,primary,0.0826879963,-1,1.2497941,1.20135333,1
fields/00231__plt02300__rho.f32__c0013__dt-f32/chunk_0,3000000,35,spratio,primary,0.0844480023,-1,2.62693851,0.616665002,1
fields/00231__plt02300__rho.f32__c0015__dt-f32/chunk_0,3000000,35,spratio,primary,0.219328001,-1,3.86929484,0.580660334,1
fields/00232__plt02320__part_per_cell.f32__c0001__dt-f32/chunk_0,3000000,2,ans shuffle=byte,primary,0.877535999,-1,7.60330794,1.06141667,1
fields/00232__plt02320__part_per_cell.f32__c0003__dt-f32/chunk_0,3000000,0,ans,primary,0.373600006,-1,5.59945318,0.623285339,1
fields/00231__plt02300__rho.f32__c0009__dt-f32/chunk_0,3000000,35,spratio,primary,0.0928319991,-1,1.27162585,1.19229167,1
fields/00232__plt02320__part_per_cell.f32__c0005__dt-f32/chunk_0,3000000,2,ans shuffle=byte,primary,0.238560006,-1,7.56270059,0.423428006,1
fields/00232__plt02320__part_per_cell.f32__c0007__dt-f32/chunk_0,3000000,2,ans shuffle=byte,primary,0.742208004,-1,7.54162336,0.927592671,1
fields/00232__plt02320__part_per_cell.f32__c0009__dt-f32/chunk_0,3000000,2,ans shuffle=byte,primary,0.705663979,-1,7.4853908,0.892441312,1
fields/00232__plt02320__part_per_cell.f32__c0013__dt-f32/chunk_0,3000000,30,ndzip shuffle=bit,primary,0.0870399997,-1,5.03479204,0.364728,1
fields/00232__plt02320__part_per_cell.f32__c0011__dt-f32/chunk_0,3000000,2,ans shuffle=byte,primary,0.436895996,-1,7.37068669,0.626579996,1
fields/00232__plt02320__part_per_cell.f32__c0015__dt-f32/chunk_0,3000000,24,gpulz shuffle=byte,primary,0.182272002,-1,32.3744481,0.225457335,1
fields/00233__plt02320__rho.f32__c0003__dt-f32/chunk_0,3000000,35,spratio,primary,0.0752639994,-1,1.24862286,1.19497867,1
fields/00233__plt02320__rho.f32__c0001__dt-f32/chunk_0,3000000,35,spratio,primary,0.0939199999,-1,1.23791877,1.22331667,1
fields/00233__plt02320__rho.f32__c0005__dt-f32/chunk_0,3000000,35,spratio,primary,0.0836799964,-1,1.23707244,1.21384933,1
fields/00233__plt02320__rho.f32__c0009__dt-f32/chunk_0,3000000,35,spratio,primary,0.21232,-1,1.27233408,1.31116767,1
fields/00233__plt02320__rho.f32__c0007__dt-f32/chunk_0,3000000,35,spratio,primary,0.219904006,-1,1.24904452,1.33924067,1
fields/00233__plt02320__rho.f32__c0011__dt-f32/chunk_0,3000000,35,spratio,primary,0.0665279999,-1,1.67179875,0.902813667,1
fields/00233__plt02320__rho.f32__c0013__dt-f32/chunk_0,3000000,35,spratio,primary,0.0783680007,-1,2.62228241,0.611530001,1
fields/00233__plt02320__rho.f32__c0015__dt-f32/chunk_0,3000000,35,spratio,primary,0.0769919977,-1,3.85575697,0.439592998,1
fields/00234__plt02340__part_per_cell.f32__c0001__dt-f32/chunk_0,3000000,2,ans shuffle=byte,primary,0.280703992,-1,7.60129615,0.464633325,1
fields/00234__plt02340__part_per_cell.f32__c0011__dt-f32/chunk_0,3000000,36,spratio shuffle=bit,primary,0.0922240019,-1,4.221193,0.423434002,1
fields/00234__plt02340__part_per_cell.f32__c0009__dt-f32/chunk_0,3000000,2,ans shuffle=byte,primary,1.09513605,-1,7.48298698,1.28197338,1
fields/00234__plt02340__part_per_cell.f32__c0003__dt-f32/chunk_0,3000000,2,ans shuffle=byte,primary,0.880959988,-1,7.55507201,1.06601465,1
fields/00234__plt02340__part_per_cell.f32__c0015__dt-f32/chunk_0,3000000,24,gpulz shuffle=byte,primary,0.183295995,-1,32.3744481,0.226481328,1
fields/00234__plt02340__part_per_cell.f32__c0005__dt-f32/chunk_0,3000000,0,ans,primary,0.553792,-1,5.54532185,0.805914666,1
fields/00234__plt02340__part_per_cell.f32__c0007__dt-f32/chunk_0,3000000,0,ans,primary,0.358687997,-1,5.50459602,0.612675997,1
fields/00234__plt02340__part_per_cell.f32__c0013__dt-f32/chunk_0,3000000,30,ndzip shuffle=bit,primary,0.0788479969,-1,5.02875559,0.35686933,1
fields/00235__plt02340__rho.f32__c0001__dt-f32/chunk_0,3000000,29,ndzip,primary,0.0757760033,-1,1.14396058,1.29793467,1
fields/00235__plt02340__rho.f32__c0003__dt-f32/chunk_0,3000000,35,spratio,primary,0.357760012,-1,1.24901477,1.47712335,1
fields/00235__plt02340__rho.f32__c0005__dt-f32/chunk_0,3000000,35,spratio,primary,0.115616001,-1,1.23788004,1.245048,1
fields/00235__plt02340__rho.f32__c0009__dt-f32/chunk_0,3000000,29,ndzip,primary,0.074752003,-1,1.13798399,1.30332934,1
fields/00235__plt02340__rho.f32__c0011__dt-f32/chunk_0,3000000,35,spratio,primary,0.0893440023,-1,1.68145173,0.920828669,1
fields/00235__plt02340__rho.f32__c0007__dt-f32/chunk_0,3000000,35,spratio,primary,0.0749119967,-1,1.24974569,1.19362066,1
fields/00236__plt02360__part_per_cell.f32__c0001__dt-f32/chunk_0,3000000,2,ans shuffle=byte,primary,0.415744007,-1,7.59292971,0.599876007,1
fields/00236__plt02360__part_per_cell.f32__c0003__dt-f32/chunk_0,3000000,2,ans shuffle=byte,primary,0.250624001,-1,7.55061099,0.435788001,1
fields/00236__plt02360__part_per_cell.f32__c0009__dt-f32/chunk_0,3000000,2,ans shuffle=byte,primary,0.991455972,-1,7.48937386,1.17813397,1
fields/00235__plt02340__rho.f32__c0015__dt-f32/chunk_0,3000000,35,spratio,primary,0.271679997,-1,3.86314017,0.633587997,1
fields/00236__plt02360__part_per_cell.f32__c0007__dt-f32/chunk_0,3000000,0,ans,primary,0.216000006,-1,5.50806583,0.469828006,1
fields/00235__plt02340__rho.f32__c0013__dt-f32/chunk_0,3000000,35,spratio,primary,0.0820479989,-1,2.62191686,0.615284332,1
fields/00236__plt02360__part_per_cell.f32__c0005__dt-f32/chunk_0,3000000,2,ans shuffle=byte,primary,0.215967998,-1,7.5675309,0.400717998,1
fields/00236__plt02360__part_per_cell.f32__c0011__dt-f32/chunk_0,3000000,2,ans shuffle=byte,primary,0.976671994,-1,7.3685113,1.16641199,1
fields/00236__plt02360__part_per_cell.f32__c0013__dt-f32/chunk_0,3000000,9,bitcomp type=int,primary,0.659680009,-1,10.9828435,0.786978676,1
fields/00237__plt02360__rho.f32__c0005__dt-f32/chunk_0,3000000,35,spratio,primary,0.0870719999,-1,1.23809527,1.21630767,1
fields/00237__plt02360__rho.f32__c0009__dt-f32/chunk_0,3000000,35,spratio,primary,0.317919999,-1,1.27490745,1.41454967,1
fields/00237__plt02360__rho.f32__c0007__dt-f32/chunk_0,3000000,35,spratio,primary,0.313632011,-1,1.25000156,1.43211168,1
fields/00236__plt02360__part_per_cell.f32__c0015__dt-f32/chunk_0,3000000,24,gpulz shuffle=byte,primary,0.199680001,-1,32.3744481,0.242865334,1
fields/00237__plt02360__rho.f32__c0015__dt-f32/chunk_0,3000000,35,spratio,primary,0.285632014,-1,3.87256367,0.646659348,1
fields/00237__plt02360__rho.f32__c0001__dt-f32/chunk_0,3000000,35,spratio,primary,0.072991997,-1,1.2424799,1.19824266,1
fields/00238__plt02380__part_per_cell.f32__c0001__dt-f32/chunk_0,3000000,2,ans shuffle=byte,primary,0.379231989,-1,7.59551473,0.563301323,1
fields/00237__plt02360__rho.f32__c0003__dt-f32/chunk_0,3000000,35,spratio,primary,0.084544003,-1,1.24817103,1.204664,1
fields/00237__plt02360__rho.f32__c0011__dt-f32/chunk_0,3000000,35,spratio,primary,0.0804160014,-1,1.68744058,0.908949668,1
fields/00237__plt02360__rho.f32__c0013__dt-f32/chunk_0,3000000,35,spratio,primary,0.0696640015,-1,2.6226251,0.602756335,1
fields/00238__plt02380__part_per_cell.f32__c0003__dt-f32/chunk_0,3000000,2,ans shuffle=byte,primary,0.439487994,-1,7.55346653,0.624581994,1
fields/00238__plt02380__part_per_cell.f32__c0005__dt-f32/chunk_0,3000000,2,ans shuffle=byte,primary,0.528768003,-1,7.57368003,0.713368003,1
fields/00238__plt02380__part_per_cell.f32__c0011__dt-f32/chunk_0,3000000,2,ans shuffle=byte,primary,0.913504004,-1,7.37032403,1.10319734,1
fields/00238__plt02380__part_per_cell.f32__c0009__dt-f32/chunk_0,3000000,0,ans,primary,0.450944006,-1,5.47957003,0.706092006,1
fields/00238__plt02380__part_per_cell.f32__c0007__dt-f32/chunk_0,3000000,2,ans shuffle=byte,primary,0.448415995,-1,7.54729584,0.633661328,1
fields/00238__plt02380__part_per_cell.f32__c0015__dt-f32/chunk_0,3000000,9,bitcomp type=int,primary,0.401695997,-1,17.541169,0.481399997,1
fields/00239__plt02380__rho.f32__c0005__dt-f32/chunk_0,3000000,35,spratio,primary,0.0691519976,-1,1.23826743,1.19823066,1
fields/00238__plt02380__part_per_cell.f32__c0013__dt-f32/chunk_0,3000000,30,ndzip shuffle=bit,primary,0.110592,-1,5.01298453,0.389488,1
fields/00239__plt02380__rho.f32__c0007__dt-f32/chunk_0,3000000,35,spratio,primary,0.238848001,-1,1.25045473,1.35692233,1
fields/00239__plt02380__rho.f32__c0001__dt-f32/chunk_0,3000000,35,spratio,primary,0.0905919969,-1,1.24503321,1.213535,1
fields/00239__plt02380__rho.f32__c0009__dt-f32/chunk_0,3000000,35,spratio,primary,0.216511995,-1,1.27544285,1.31268133,1
fields/00239__plt02380__rho.f32__c0011__dt-f32/chunk_0,3000000,35,spratio,primary,0.221983999,-1,1.67877453,1.05479467,1
fields/00239__plt02380__rho.f32__c0003__dt-f32/chunk_0,3000000,35,spratio,primary,0.0908479989,-1,1.25033134,1.20903267,1
fields/00239__plt02380__rho.f32__c0013__dt-f32/chunk_0,3000000,35,spratio,primary,0.305759996,-1,2.61893237,0.839603996,1
fields/00239__plt02380__rho.f32__c0015__dt-f32/chunk_0,3000000,35,spratio,primary,0.229376003,-1,3.86016432,0.591563003,1
fields/00240__plt02400__part_per_cell.f32__c0003__dt-f32/chunk_0,3000000,2,ans shuffle=byte,primary,0.211007997,-1,7.55496315,0.396065331,1
fields/00240__plt02400__part_per_cell.f32__c0007__dt-f32/chunk_0,3000000,2,ans shuffle=byte,primary,0.433535993,-1,7.54056581,0.61894666,1
fields/00240__plt02400__part_per_cell.f32__c0001__dt-f32/chunk_0,3000000,2,ans shuffle=byte,primary,0.475104004,-1,7.58875339,0.659337337,1
fields/00240__plt02400__part_per_cell.f32__c0009__dt-f32/chunk_0,3000000,30,ndzip shuffle=bit,primary,0.0839679986,-1,3.18436389,0.523019999,1
fields/00240__plt02400__part_per_cell.f32__c0005__dt-f32/chunk_0,3000000,2,ans shuffle=byte,primary,0.414656013,-1,7.56930629,0.59936268,1
fields/00240__plt02400__part_per_cell.f32__c0011__dt-f32/chunk_0,3000000,2,ans shuffle=byte,primary,0.425632,-1,7.36442297,0.615477333,1
fields/00240__plt02400__part_per_cell.f32__c0013__dt-f32/chunk_0,3000000,2,ans shuffle=byte,primary,0.216511995,-1,7.4061392,0.405287995,1
fields/00241__plt02400__rho.f32__c0001__dt-f32/chunk_0,3000000,35,spratio,primary,0.33523199,-1,1.24533264,1.45790499,1
fields/00241__plt02400__rho.f32__c0005__dt-f32/chunk_0,3000000,35,spratio,primary,0.0750079975,-1,1.23863054,1.20375566,1
fields/00241__plt02400__rho.f32__c0007__dt-f32/chunk_0,3000000,35,spratio,primary,0.0862080008,-1,1.25142401,1.20341633,1
fields/00241__plt02400__rho.f32__c0003__dt-f32/chunk_0,3000000,35,spratio,primary,0.32131201,-1,1.25083995,1.43904201,1
fields/00241__plt02400__rho.f32__c0009__dt-f32/chunk_0,3000000,35,spratio,primary,0.0706880018,-1,1.27658647,1.16587534,1
fields/00240__plt02400__part_per_cell.f32__c0015__dt-f32/chunk_0,3000000,24,gpulz shuffle=byte,primary,0.86630398,-1,32.3744481,0.909489314,1
fields/00241__plt02400__rho.f32__c0015__dt-f32/chunk_0,3000000,35,spratio,primary,0.310368001,-1,3.86657325,0.671954668,1
fields/00241__plt02400__rho.f32__c0011__dt-f32/chunk_0,3000000,35,spratio,primary,0.0709120035,-1,1.68950897,0.898431337,1
fields/00241__plt02400__rho.f32__c0013__dt-f32/chunk_0,3000000,35,spratio,primary,0.241152003,-1,2.61792544,0.775201337,1
fields/00242__plt02420__part_per_cell.f32__c0001__dt-f32/chunk_0,3000000,2,ans shuffle=byte,primary,1.10300803,-1,7.58754532,1.2872707,1
fields/00242__plt02420__part_per_cell.f32__c0005__dt-f32/chunk_0,3000000,2,ans shuffle=byte,primary,1.04470396,-1,7.56750359,1.22945463,1
fields/00242__plt02420__part_per_cell.f32__c0003__dt-f32/chunk_0,3000000,0,ans,primary,0.653952003,-1,5.5952104,0.903826669,1
fields/00242__plt02420__part_per_cell.f32__c0007__dt-f32/chunk_0,3000000,2,ans shuffle=byte,primary,1.70192003,-1,7.5416776,1.88730337,1
fields/00242__plt02420__part_per_cell.f32__c0009__dt-f32/chunk_0,3000000,2,ans shuffle=byte,primary,0.998911977,-1,7.49287924,1.18550264,1
fields/00242__plt02420__part_per_cell.f32__c0013__dt-f32/chunk_0,3000000,30,ndzip shuffle=bit,primary,0.0788479969,-1,5.0266342,0.356986664,1
fields/00242__plt02420__part_per_cell.f32__c0011__dt-f32/chunk_0,3000000,0,ans,primary,0.697215974,-1,5.41600252,0.955358641,1
fields/00243__plt02420__rho.f32__c0005__dt-f32/chunk_0,3000000,35,spratio,primary,0.241472006,-1,1.2399297,1.36903701,1
fields/00242__plt02420__part_per_cell.f32__c0015__dt-f32/chunk_0,3000000,24,gpulz shuffle=byte,primary,0.259072006,-1,32.3744481,0.302257339,1
fields/00243__plt02420__rho.f32__c0001__dt-f32/chunk_0,3000000,35,spratio,primary,0.0711039975,-1,1.24772323,1.191626,1
fields/00243__plt02420__rho.f32__c0003__dt-f32/chunk_0,3000000,38,spspeed,primary,0.0540480018,-1,1.14018161,1.28025734,1
fields/00243__plt02420__rho.f32__c0007__dt-f32/chunk_0,3000000,35,spratio,primary,0.0877119973,-1,1.25081794,1.20546166,1
fields/00243__plt02420__rho.f32__c0011__dt-f32/chunk_0,3000000,35,spratio,primary,0.137920007,-1,1.68394005,0.968176007,1
fields/00244__plt02440__part_per_cell.f32__c0001__dt-f32/chunk_0,3000000,0,ans,primary,1.11372805,-1,6.20576677,1.33901871,1
fields/00243__plt02420__rho.f32__c0009__dt-f32/chunk_0,3000000,35,spratio,primary,0.0823040009,-1,1.27721583,1.17695167,1
fields/00243__plt02420__rho.f32__c0013__dt-f32/chunk_0,3000000,35,spratio,primary,0.231583998,-1,2.61430295,0.766373331,1
fields/00243__plt02420__rho.f32__c0015__dt-f32/chunk_0,3000000,35,spratio,primary,0.146720007,-1,3.85461951,0.509428007,1
fields/00244__plt02440__part_per_cell.f32__c0005__dt-f32/chunk_0,3000000,0,ans,primary,0.356864005,-1,5.55128144,0.608716005,1
fields/00244__plt02440__part_per_cell.f32__c0007__dt-f32/chunk_0,3000000,0,ans,primary,0.523007989,-1,5.51362664,0.776579989,1
fields/00244__plt02440__part_per_cell.f32__c0003__dt-f32/chunk_0,3000000,2,ans shuffle=byte,primary,0.610975981,-1,7.55172575,0.796112647,1
fields/00244__plt02440__part_per_cell.f32__c0009__dt-f32/chunk_0,3000000,2,ans shuffle=byte,primary,0.627744019,-1,7.4908987,0.814384019,1
fields/00244__plt02440__part_per_cell.f32__c0011__dt-f32/chunk_0,3000000,2,ans shuffle=byte,primary,0.487295985,-1,7.36587148,0.677103985,1
fields/00244__plt02440__part_per_cell.f32__c0013__dt-f32/chunk_0,3000000,30,ndzip shuffle=bit,primary,0.0829439983,-1,5.02497209,0.361174665,1
fields/00244__plt02440__part_per_cell.f32__c0015__dt-f32/chunk_0,3000000,9,bitcomp type=int,primary,0.612384021,-1,17.541169,0.692088021,1
fields/00245__plt02440__rho.f32__c0001__dt-f32/chunk_0,3000000,35,spratio,primary,0.358175993,-1,1.24986933,1.47677399,1
fields/00245__plt02440__rho.f32__c0003__dt-f32/chunk_0,3000000,35,spratio,primary,0.247360006,-1,1.25038464,1.36549701,1
fields/00245__plt02440__rho.f32__c0005__dt-f32/chunk_0,3000000,35,spratio,primary,0.272159994,-1,1.2412753,1.39850266,1
fields/00245__plt02440__rho.f32__c0009__dt-f32/chunk_0,3000000,35,spratio,primary,0.217184007,-1,1.27774188,1.31138101,1
fields/00245__plt02440__rho.f32__c0007__dt-f32/chunk_0,3000000,35,spratio,primary,0.181856006,-1,1.25112986,1.29932701,1
fields/00246__plt02460__part_per_cell.f32__c0001__dt-f32/chunk_0,3000000,0,ans,primary,0.411487997,-1,6.20172938,0.63692533,1
fields/00246__plt02460__part_per_cell.f32__c0003__dt-f32/chunk_0,3000000,0,ans,primary,0.962432027,-1,5.58738414,1.21265669,1
fields/00246__plt02460__part_per_cell.f32__c0007__dt-f32/chunk_0,3000000,2,ans shuffle=byte,primary,0.754400015,-1,7.54311529,0.939748015,1
fields/00245__plt02440__rho.f32__c0011__dt-f32/chunk_0,3000000,35,spratio,primary,0.0671999976,-1,1.68813877,0.895390998,1
fields/00246__plt02460__part_per_cell.f32__c0009__dt-f32/chunk_0,3000000,2,ans shuffle=byte,primary,0.453536004,-1,7.49362891,0.640108004,1
fields/00245__plt02440__rho.f32__c0013__dt-f32/chunk_0,3000000,35,spratio,primary,0.0806720033,-1,2.61332074,0.615662337,1
fields/00245__plt02440__rho.f32__c0015__dt-f32/chunk_0,3000000,35,spratio,primary,0.155359998,-1,3.86400143,0.517187332,1
fields/00246__plt02460__part_per_cell.f32__c0005__dt-f32/chunk_0,3000000,2,ans shuffle=byte,primary,1.05699205,-1,7.56971611,1.24168872,1
fields/00246__plt02460__part_per_cell.f32__c0011__dt-f32/chunk_0,3000000,2,ans shuffle=byte,primary,0.265280008,-1,7.36214789,0.455184008,1
fields/00246__plt02460__part_per_cell.f32__c0015__dt-f32/chunk_0,3000000,24,gpulz shuffle=byte,primary,0.207872003,-1,32.3744481,0.251057337,1
fields/00246__plt02460__part_per_cell.f32__c0013__dt-f32/chunk_0,3000000,36,spratio shuffle=bit,primary,0.0979200006,-1,6.35007994,0.318090667,1
fields/00247__plt02460__rho.f32__c0001__dt-f32/chunk_0,3000000,29,ndzip,primary,0.0716800019,-1,1.15502927,1.28212667,1
fields/00247__plt02460__rho.f32__c0003__dt-f32/chunk_0,3000000,35,spratio,primary,0.0744320005,-1,1.25135419,1.19170267,1
fields/00247__plt02460__rho.f32__c0009__dt-f32/chunk_0,3000000,35,spratio,primary,0.377503991,-1,1.27999375,1.46977599,1
fields/00247__plt02460__rho.f32__c0011__dt-f32/chunk_0,3000000,35,spratio,primary,0.219392002,-1,1.69811185,1.042719,1
fields/00247__plt02460__rho.f32__c0005__dt-f32/chunk_0,3000000,35,spratio,primary,0.220704004,-1,1.24294935,1.34552967,1
fields/00248__plt02480__part_per_cell.f32__c0001__dt-f32/chunk_0,3000000,0,ans,primary,0.51404798,-1,6.2125504,0.739092647,1
fields/00247__plt02460__rho.f32__c0013__dt-f32/chunk_0,3000000,35,spratio,primary,0.526048005,-1,2.61307978,1.06108767,1
fields/00247__plt02460__rho.f32__c0007__dt-f32/chunk_0,3000000,35,spratio,primary,0.293247998,-1,1.25137323,1.41050166,1
fields/00248__plt02480__part_per_cell.f32__c0005__dt-f32/chunk_0,3000000,0,ans,primary,0.463744015,-1,5.54827069,0.715732681,1
fields/00248__plt02480__part_per_cell.f32__c0007__dt-f32/chunk_0,3000000,0,ans,primary,0.377216011,-1,5.51481556,0.630733345,1
fields/00247__plt02460__rho.f32__c0015__dt-f32/chunk_0,3000000,35,spratio,primary,0.0734080002,-1,3.87059814,0.434618667,1
fields/00248__plt02480__part_per_cell.f32__c0003__dt-f32/chunk_0,3000000,2,ans shuffle=byte,primary,0.380479991,-1,7.55989258,0.565416658,1
fields/00248__plt02480__part_per_cell.f32__c0009__dt-f32/chunk_0,3000000,2,ans shuffle=byte,primary,0.40448001,-1,7.49261154,0.591077344,1
fields/00248__plt02480__part_per_cell.f32__c0013__dt-f32/chunk_0,3000000,30,ndzip shuffle=bit,primary,0.151552007,-1,5.00975123,0.430628007,1
fields/00248__plt02480__part_per_cell.f32__c0015__dt-f32/chunk_0,3000000,24,gpulz shuffle=byte,primary,0.768000007,-1,32.3744481,0.81118534,1
fields/00248__plt02480__part_per_cell.f32__c0011__dt-f32/chunk_0,3000000,30,ndzip shuffle=bit,primary,0.084991999,-1,3.54659622,0.479201332,1
fields/00249__plt02480__rho.f32__c0003__dt-f32/chunk_0,3000000,35,spratio,primary,0.139328003,-1,1.25418637,1.25407567,1
fields/00249__plt02480__rho.f32__c0001__dt-f32/chunk_0,3000000,35,spratio,primary,0.232063994,-1,1.25014277,1.35041733,1
fields/00249__plt02480__rho.f32__c0005__dt-f32/chunk_0,3000000,35,spratio,primary,0.167232007,-1,1.24498259,1.29022067,1
fields/00249__plt02480__rho.f32__c0011__dt-f32/chunk_0,3000000,35,spratio,primary,0.0686720014,-1,1.68273548,0.899522335,1
fields/00249__plt02480__rho.f32__c0007__dt-f32/chunk_0,3000000,35,spratio,primary,0.0922240019,-1,1.2508918,1.20990767,1
fields/00249__plt02480__rho.f32__c0015__dt-f32/chunk_0,3000000,35,spratio,primary,0.225311995,-1,3.85701569,0.587794661,1
fields/00249__plt02480__rho.f32__c0009__dt-f32/chunk_0,3000000,35,spratio,primary,0.234816,-1,1.28071837,1.32647,1
fields/00250__plt02500__part_per_cell.f32__c0001__dt-f32/chunk_0,3000000,0,ans,primary,0.547999978,-1,6.21466757,0.772967978,1
fields/00250__plt02500__part_per_cell.f32__c0003__dt-f32/chunk_0,3000000,30,ndzip shuffle=bit,primary,0.104447998,-1,3.14130191,0.549518665,1
fields/00250__plt02500__part_per_cell.f32__c0007__dt-f32/chunk_0,3000000,30,ndzip shuffle=bit,primary,0.0829439983,-1,3.17911185,0.522721332,1
fields/00249__plt02480__rho.f32__c0013__dt-f32/chunk_0,3000000,35,spratio,primary,0.25404799,-1,2.6079293,0.790144323,1
fields/00250__plt02500__part_per_cell.f32__c0005__dt-f32/chunk_0,3000000,2,ans shuffle=byte,primary,0.623264015,-1,7.57540358,0.807822015,1
fields/00250__plt02500__part_per_cell.f32__c0009__dt-f32/chunk_0,3000000,2,ans shuffle=byte,primary,0.256671995,-1,7.48619242,0.443429328,1
fields/00250__plt02500__part_per_cell.f32__c0013__dt-f32/chunk_0,3000000,30,ndzip shuffle=bit,primary,0.0788479969,-1,5.02340733,0.35716533,1
fields/00250__plt02500__part_per_cell.f32__c0011__dt-f32/chunk_0,3000000,2,ans shuffle=byte,primary,0.602623999,-1,7.36732056,0.792394666,1
fields/00251__plt02500__rho.f32__c0001__dt-f32/chunk_0,3000000,35,spratio,primary,0.207103997,-1,1.24922197,1.32628166,1
fields/00250__plt02500__part_per_cell.f32__c0015__dt-f32/chunk_0,3000000,24,gpulz shuffle=byte,primary,0.796671987,-1,32.3744481,0.83985732,1
fields/00251__plt02500__rho.f32__c0007__dt-f32/chunk_0,3000000,35,spratio,primary,0.311648011,-1,1.25068441,1.42951701,1
fields/00251__plt02500__rho.f32__c0005__dt-f32/chunk_0,3000000,35,spratio,primary,0.104128003,-1,1.24580462,1.22637567,1
fields/00251__plt02500__rho.f32__c0015__dt-f32/chunk_0,3000000,35,spratio,primary,0.0670719966,-1,3.86572866,0.428737663,1
fields/00251__plt02500__rho.f32__c0003__dt-f32/chunk_0,3000000,35,spratio,primary,0.0978880003,-1,1.2565825,1.21051,1
fields/00252__plt02520__part_per_cell.f32__c0001__dt-f32/chunk_0,3000000,0,ans,primary,0.380991995,-1,6.22071404,0.605741329,1
fields/00251__plt02500__rho.f32__c0009__dt-f32/chunk_0,3000000,35,spratio,primary,0.222847998,-1,1.28245901,1.31302033,1
fields/00251__plt02500__rho.f32__c0011__dt-f32/chunk_0,3000000,35,spratio,primary,0.0792640001,-1,1.68656799,0.908226333,1
fields/00252__plt02520__part_per_cell.f32__c0003__dt-f32/chunk_0,3000000,0,ans,primary,0.401760012,-1,5.5864911,0.652024679,1
fields/00252__plt02520__part_per_cell.f32__c0009__dt-f32/chunk_0,3000000,0,ans,primary,0.238112003,-1,5.4997312,0.492324669,1
fields/00251__plt02500__rho.f32__c0013__dt-f32/chunk_0,3000000,35,spratio,primary,0.0691839978,-1,2.60757422,0.605353331,1
fields/00252__plt02520__part_per_cell.f32__c0011__dt-f32/chunk_0,3000000,30,ndzip shuffle=bit,primary,0.0819199979,-1,3.55158141,0.475575998,1
fields/00252__plt02520__part_per_cell.f32__c0013__dt-f32/chunk_0,3000000,30,ndzip shuffle=bit,primary,0.0798719972,-1,5.01727809,0.358529331,1
fields/00252__plt02520__part_per_cell.f32__c0005__dt-f32/chunk_0,3000000,0,ans,primary,0.787295997,-1,5.55204566,1.03911333,1
fields/00252__plt02520__part_per_cell.f32__c0007__dt-f32/chunk_0,3000000,30,ndzip shuffle=bit,primary,0.119808003,-1,3.1793432,0.559553337,1
fields/00253__plt02520__rho.f32__c0001__dt-f32/chunk_0,3000000,35,spratio,primary,0.206944004,-1,1.25037197,1.32509234,1
fields/00253__plt02520__rho.f32__c0003__dt-f32/chunk_0,3000000,35,spratio,primary,0.397087991,-1,1.25692103,1.50941032,1
fields/00252__plt02520__part_per_cell.f32__c0015__dt-f32/chunk_0,3000000,24,gpulz shuffle=byte,primary,0.807936013,-1,32.3744481,0.851121346,1
fields/00253__plt02520__rho.f32__c0005__dt-f32/chunk_0,3000000,35,spratio,primary,0.224639997,-1,1.24642807,1.34632633,1
fields/00253__plt02520__rho.f32__c0013__dt-f32/chunk_0,3000000,35,spratio,primary,0.240288004,-1,2.60353419,0.777289338,1
fields/00253__plt02520__rho.f32__c0007__dt-f32/chunk_0,3000000,35,spratio,primary,0.0819839984,-1,1.25033768,1.200163,1
fields/00253__plt02520__rho.f32__c0009__dt-f32/chunk_0,3000000,35,spratio,primary,0.298687994,-1,1.28326809,1.38817299,1
fields/00253__plt02520__rho.f32__c0015__dt-f32/chunk_0,3000000,35,spratio,primary,0.0835840032,-1,3.85305085,0.44643967,1
fields/00253__plt02520__rho.f32__c0011__dt-f32/chunk_0,3000000,35,spratio,primary,0.300128013,-1,1.68517953,1.12977335,1
fields/00254__plt02540__part_per_cell.f32__c0001__dt-f32/chunk_0,3000000,0,ans,primary,0.503103971,-1,6.22067714,0.727854638,1
fields/00254__plt02540__part_per_cell.f32__c0003__dt-f32/chunk_0,3000000,0,ans,primary,0.599807978,-1,5.58827746,0.849992644,1
fields/00254__plt02540__part_per_cell.f32__c0007__dt-f32/chunk_0,3000000,0,ans,primary,0.273952007,-1,5.52425809,0.527036007,1
fields/00254__plt02540__part_per_cell.f32__c0005__dt-f32/chunk_0,3000000,0,ans,primary,0.841823995,-1,5.55659125,1.09343533,1
fields/00254__plt02540__part_per_cell.f32__c0009__dt-f32/chunk_0,3000000,2,ans shuffle=byte,primary,0.385472,-1,7.49014958,0.572130666,1
fields/00254__plt02540__part_per_cell.f32__c0015__dt-f32/chunk_0,3000000,24,gpulz shuffle=byte,primary,0.202751994,-1,32.3744481,0.245937327,1
fields/00254__plt02540__part_per_cell.f32__c0011__dt-f32/chunk_0,3000000,2,ans shuffle=byte,primary,0.937215984,-1,7.36152766,1.12713598,1
fields/00254__plt02540__part_per_cell.f32__c0013__dt-f32/chunk_0,3000000,30,ndzip shuffle=bit,primary,0.0788479969,-1,5.02680288,0.35697733,1
fields/00255__plt02540__rho.f32__c0001__dt-f32/chunk_0,3000000,35,spratio,primary,0.078015998,-1,1.24973042,1.19673833,1
fields/00255__plt02540__rho.f32__c0003__dt-f32/chunk_0,3000000,35,spratio,primary,0.268415987,-1,1.2584363,1.37939899,1
fields/00255__plt02540__rho.f32__c0005__dt-f32/chunk_0,3000000,35,spratio,primary,0.084416002,-1,1.24799091,1.20469767,1
fields/00255__plt02540__rho.f32__c0007__dt-f32/chunk_0,3000000,35,spratio,primary,0.224224001,-1,1.25066241,1.34211267,1
fields/00255__plt02540__rho.f32__c0009__dt-f32/chunk_0,3000000,35,spratio,primary,0.163744003,-1,1.28396459,1.252638,1
fields/00255__plt02540__rho.f32__c0011__dt-f32/chunk_0,3000000,35,spratio,primary,0.0838399976,-1,1.69326373,0.909524331,1
fields/00255__plt02540__rho.f32__c0013__dt-f32/chunk_0,3000000,35,spratio,primary,0.220607996,-1,2.6024567,0.757831663,1
fields/00256__plt02560__part_per_cell.f32__c0009__dt-f32/chunk_0,3000000,30,ndzip shuffle=bit,primary,0.0942080021,-1,3.18065477,0.533772002,1
fields/00256__plt02560__part_per_cell.f32__c0001__dt-f32/chunk_0,3000000,30,ndzip shuffle=bit,primary,0.0839679986,-1,3.13788955,0.529522665,1
fields/00256__plt02560__part_per_cell.f32__c0011__dt-f32/chunk_0,3000000,1,ans shuffle=bit,primary,0.366144001,-1,5.31867106,0.629010668,1
fields/00255__plt02540__rho.f32__c0015__dt-f32/chunk_0,3000000,35,spratio,primary,0.0748799965,-1,3.86179922,0.436913663,1
fields/00256__plt02560__part_per_cell.f32__c0015__dt-f32/chunk_0,3000000,24,gpulz shuffle=byte,primary,0.180224001,-1,32.3744481,0.223409335,1
fields/00256__plt02560__part_per_cell.f32__c0003__dt-f32/chunk_0,3000000,30,ndzip shuffle=bit,primary,0.0788479969,-1,3.14212085,0.523802664,1
fields/00256__plt02560__part_per_cell.f32__c0005__dt-f32/chunk_0,3000000,2,ans shuffle=byte,primary,0.250815988,-1,7.57171122,0.435463988,1
fields/00256__plt02560__part_per_cell.f32__c0007__dt-f32/chunk_0,3000000,30,ndzip shuffle=bit,primary,0.0870399997,-1,3.1833005,0.526238666,1
fields/00256__plt02560__part_per_cell.f32__c0013__dt-f32/chunk_0,3000000,30,ndzip shuffle=bit,primary,0.149504006,-1,5.03027541,0.427441339,1
fields/00257__plt02560__rho.f32__c0003__dt-f32/chunk_0,3000000,35,spratio,primary,0.079648003,-1,1.25807997,1.19094567,1
fields/00257__plt02560__rho.f32__c0001__dt-f32/chunk_0,3000000,35,spratio,primary,0.32543999,-1,1.25106754,1.44296666,1
fields/00257__plt02560__rho.f32__c0007__dt-f32/chunk_0,3000000,35,spratio,primary,0.313632011,-1,1.25113135,1.43110168,1
fields/00257__plt02560__rho.f32__c0005__dt-f32/chunk_0,3000000,35,spratio,primary,0.0877759978,-1,1.2486303,1.207484,1
fields/00257__plt02560__rho.f32__c0009__dt-f32/chunk_0,3000000,29,ndzip,primary,0.0696320012,-1,1.14211026,1.29377067,1
fields/00257__plt02560__rho.f32__c0013__dt-f32/chunk_0,3000000,35,spratio,primary,0.0674879998,-1,2.60268118,0.604665333,1
fields/00258__plt02580__part_per_cell.f32__c0005__dt-f32/chunk_0,3000000,2,ans shuffle=byte,primary,0.566111982,-1,7.58093517,0.750535315,1
fields/00257__plt02560__rho.f32__c0011__dt-f32/chunk_0,3000000,35,spratio,primary,0.263904005,-1,1.6989283,1.08683534,1
fields/00258__plt02580__part_per_cell.f32__c0009__dt-f32/chunk_0,3000000,2,ans shuffle=byte,primary,0.366688013,-1,7.49678988,0.553181346,1
fields/00257__plt02560__rho.f32__c0015__dt-f32/chunk_0,3000000,35,spratio,primary,0.221983999,-1,3.86984105,0.583265332,1
fields/00258__plt02580__part_per_cell.f32__c0007__dt-f32/chunk_0,3000000,2,ans shuffle=byte,primary,0.378304005,-1,7.55327609,0.563402671,1
fields/00258__plt02580__part_per_cell.f32__c0001__dt-f32/chunk_0,3000000,0,ans,primary,0.442368001,-1,6.21155675,0.667448667,1
fields/00258__plt02580__part_per_cell.f32__c0003__dt-f32/chunk_0,3000000,2,ans shuffle=byte,primary,0.464480013,-1,7.5581216,0.649460013,1
fields/00258__plt02580__part_per_cell.f32__c0013__dt-f32/chunk_0,3000000,30,ndzip shuffle=bit,primary,0.0839679986,-1,5.02213218,0.362355999,1
fields/00258__plt02580__part_per_cell.f32__c0011__dt-f32/chunk_0,3000000,2,ans shuffle=byte,primary,0.389887989,-1,7.36080419,0.579826655,1
fields/00258__plt02580__part_per_cell.f32__c0015__dt-f32/chunk_0,3000000,24,gpulz shuffle=byte,primary,0.315391988,-1,32.3744481,0.358577321,1
fields/00259__plt02580__rho.f32__c0003__dt-f32/chunk_0,3000000,35,spratio,primary,0.204288006,-1,1.25861794,1.31511067,1
fields/00259__plt02580__rho.f32__c0005__dt-f32/chunk_0,3000000,35,spratio,primary,0.0809919983,-1,1.24973936,1.19970633,1
fields/00259__plt02580__rho.f32__c0001__dt-f32/chunk_0,3000000,35,spratio,primary,0.273887992,-1,1.25175827,1.39079799,1
fields/00259__plt02580__rho.f32__c0007__dt-f32/chunk_0,3000000,35,spratio,primary,0.296319991,-1,1.25087501,1.41401866,1
fields/00259__plt02580__rho.f32__c0009__dt-f32/chunk_0,3000000,35,spratio,primary,0.089759998,-1,1.28621085,1.17675233,1
fields/00260__plt02600__part_per_cell.f32__c0001__dt-f32/chunk_0,3000000,2,ans shuffle=byte,primary,0.898976028,-1,7.58170256,1.08338069,1
fields/00259__plt02580__rho.f32__c0013__dt-f32/chunk_0,3000000,35,spratio,primary,0.0717440024,-1,2.59799955,0.609889336,1
fields/00259__plt02580__rho.f32__c0011__dt-f32/chunk_0,3000000,35,spratio,primary,0.259424001,-1,1.69162814,1.08590667,1
fields/00260__plt02600__part_per_cell.f32__c0005__dt-f32/chunk_0,3000000,2,ans shuffle=byte,primary,0.887328029,-1,7.57879825,1.07180336,1
fields/00259__plt02580__rho.f32__c0015__dt-f32/chunk_0,3000000,35,spratio,primary,0.0839999989,-1,3.85634191,0.446545999,1
fields/00260__plt02600__part_per_cell.f32__c0007__dt-f32/chunk_0,3000000,2,ans shuffle=byte,primary,0.908703983,-1,7.54976834,1.09388865,1
fields/00260__plt02600__part_per_cell.f32__c0003__dt-f32/chunk_0,3000000,2,ans shuffle=byte,primary,0.957023978,-1,7.56196431,1.14190998,1
fields/00260__plt02600__part_per_cell.f32__c0009__dt-f32/chunk_0,3000000,2,ans shuffle=byte,primary,1.15427196,-1,7.49673628,1.34076663,1
fields/00260__plt02600__part_per_cell.f32__c0011__dt-f32/chunk_0,3000000,2,ans shuffle=byte,primary,1.06163204,-1,7.35734383,1.25166004,1
fields/00260__plt02600__part_per_cell.f32__c0013__dt-f32/chunk_0,3000000,36,spratio shuffle=bit,primary,0.278239995,-1,6.32839802,0.499164995,1
fields/00260__plt02600__part_per_cell.f32__c0015__dt-f32/chunk_0,3000000,24,gpulz shuffle=byte,primary,0.84275198,-1,32.3744481,0.885937313,1
fields/00261__plt02600__rho.f32__c0003__dt-f32/chunk_0,3000000,35,spratio,primary,0.344384015,-1,1.25970509,1.45424801,1
fields/00261__plt02600__rho.f32__c0001__dt-f32/chunk_0,3000000,35,spratio,primary,0.30201599,-1,1.25013345,1.42037766,1
fields/00261__plt02600__rho.f32__c0005__dt-f32/chunk_0,3000000,35,spratio,primary,0.234111995,-1,1.24934216,1.35318199,1
fields/00261__plt02600__rho.f32__c0007__dt-f32/chunk_0,3000000,35,spratio,primary,0.264703989,-1,1.25155433,1.38179599,1
fields/00261__plt02600__rho.f32__c0009__dt-f32/chunk_0,3000000,29,ndzip,primary,0.0727040023,-1,1.1428397,1.29606134,1
fields/00262__plt02620__part_per_cell.f32__c0003__dt-f32/chunk_0,3000000,0,ans,primary,0.443168014,-1,5.59739074,0.692945348,1
fields/00261__plt02600__rho.f32__c0011__dt-f32/chunk_0,3000000,35,spratio,primary,0.363552004,-1,1.69862763,1.186629,1
fields/00262__plt02620__part_per_cell.f32__c0005__dt-f32/chunk_0,3000000,0,ans,primary,0.324319988,-1,5.55529596,0.575989988,1
fields/00261__plt02600__rho.f32__c0015__dt-f32/chunk_0,3000000,35,spratio,primary,0.496416003,-1,3.86664098,0.857996336,1
fields/00261__plt02600__rho.f32__c0013__dt-f32/chunk_0,3000000,35,spratio,primary,0.828383982,-1,2.59793196,1.36654332,1
fields/00262__plt02620__part_per_cell.f32__c0011__dt-f32/chunk_0,3000000,2,ans shuffle=byte,primary,0.945951998,-1,7.36070085,1.13589333,1
fields/00262__plt02620__part_per_cell.f32__c0001__dt-f32/chunk_0,3000000,2,ans shuffle=byte,primary,0.418271989,-1,7.57674466,0.602797322,1
fields/00262__plt02620__part_per_cell.f32__c0013__dt-f32/chunk_0,3000000,30,ndzip shuffle=bit,primary,0.0839679986,-1,5.034647,0.361663999,1
fields/00262__plt02620__part_per_cell.f32__c0009__dt-f32/chunk_0,3000000,2,ans shuffle=byte,primary,0.253439993,-1,7.49762074,0.439912659,1
fields/00262__plt02620__part_per_cell.f32__c0007__dt-f32/chunk_0,3000000,0,ans,primary,0.202912003,-1,5.53422951,0.455540003,1
fields/00262__plt02620__part_per_cell.f32__c0015__dt-f32/chunk_0,3000000,24,gpulz shuffle=byte,primary,0.268287987,-1,32.3744481,0.31147332,1
fields/00263__plt02620__rho.f32__c0009__dt-f32/chunk_0,3000000,35,spratio,primary,0.142240003,-1,1.28838227,1.22740034,1
fields/00263__plt02620__rho.f32__c0001__dt-f32/chunk_0,3000000,35,spratio,primary,0.239647999,-1,1.24948508,1.35859,1
fields/00263__plt02620__rho.f32__c0011__dt-f32/chunk_0,3000000,35,spratio,primary,0.081216,-1,1.69101978,0.907996,1
fields/00263__plt02620__rho.f32__c0003__dt-f32/chunk_0,3000000,35,spratio,primary,0.30556801,-1,1.2588835,1.41615634,1
fields/00263__plt02620__rho.f32__c0015__dt-f32/chunk_0,3000000,35,spratio,primary,0.315903991,-1,3.85185485,0.678872325,1
fields/00263__plt02620__rho.f32__c0007__dt-f32/chunk_0,3000000,35,spratio,primary,0.0888319984,-1,1.25173212,1.20576533,1
fields/00263__plt02620__rho.f32__c0013__dt-f32/chunk_0,3000000,35,spratio,primary,0.207616001,-1,2.59333473,0.746729335,1
fields/00263__plt02620__rho.f32__c0005__dt-f32/chunk_0,3000000,35,spratio,primary,0.254624009,-1,1.25055241,1.37261101,1
fields/00264__plt02640__part_per_cell.f32__c0003__dt-f32/chunk_0,3000000,30,ndzip shuffle=bit,primary,0.0829439983,-1,3.13798346,0.528485332,1
fields/00264__plt02640__part_per_cell.f32__c0001__dt-f32/chunk_0,3000000,0,ans,primary,0.432927996,-1,6.20290335,0.658322663,1
fields/00264__plt02640__part_per_cell.f32__c0005__dt-f32/chunk_0,3000000,2,ans shuffle=byte,primary,0.306623995,-1,7.57378944,0.491221329,1
fields/00264__plt02640__part_per_cell.f32__c0007__dt-f32/chunk_0,3000000,2,ans shuffle=byte,primary,0.409983993,-1,7.55164417,0.595122659,1
fields/00264__plt02640__part_per_cell.f32__c0011__dt-f32/chunk_0,3000000,2,ans shuffle=byte,primary,0.396127999,-1,7.35512472,0.586213332,1
fields/00264__plt02640__part_per_cell.f32__c0009__dt-f32/chunk_0,3000000,0,ans,primary,0.396640003,-1,5.5116559,0.650302669,1
fields/00264__plt02640__part_per_cell.f32__c0015__dt-f32/chunk_0,3000000,24,gpulz shuffle=byte,primary,0.450560004,-1,32.3744481,0.493745337,1
fields/00264__plt02640__part_per_cell.f32__c0013__dt-f32/chunk_0,3000000,30,ndzip shuffle=bit,primary,0.0798719972,-1,5.03213422,0.357706664,1
fields/00265__plt02640__rho.f32__c0001__dt-f32/chunk_0,3000000,35,spratio,primary,0.0705600008,-1,1.24902518,1.189914,1
fields/00265__plt02640__rho.f32__c0003__dt-f32/chunk_0,3000000,35,spratio,primary,0.071167998,-1,1.25941724,1.18128566,1
fields/00265__plt02640__rho.f32__c0009__dt-f32/chunk_0,3000000,35,spratio,primary,0.599327981,-1,1.29014422,1.68300631,1
fields/00265__plt02640__rho.f32__c0005__dt-f32/chunk_0,3000000,35,spratio,primary,0.0701759979,-1,1.24915984,1.18940933,1
fields/00265__plt02640__rho.f32__c0013__dt-f32/chunk_0,3000000,35,spratio,primary,0.224224001,-1,2.59199654,0.763615668,1
fields/00265__plt02640__rho.f32__c0011__dt-f32/chunk_0,3000000,35,spratio,primary,0.288672,-1,1.70757757,1.107435,1
fields/00265__plt02640__rho.f32__c0007__dt-f32/chunk_0,3000000,35,spratio,primary,0.225759998,-1,1.25254552,1.341968,1
fields/00266__plt02660__part_per_cell.f32__c0003__dt-f32/chunk_0,3000000,2,ans shuffle=byte,primary,0.227167994,-1,7.56884187,0.411885994,1
fields/00265__plt02640__rho.f32__c0015__dt-f32/chunk_0,3000000,35,spratio,primary,0.0730559975,-1,3.86222951,0.435049331,1
fields/00266__plt02660__part_per_cell.f32__c0005__dt-f32/chunk_0,3000000,0,ans,primary,0.49545601,-1,5.56362286,0.746749343,1
fields/00266__plt02660__part_per_cell.f32__c0001__dt-f32/chunk_0,3000000,0,ans,primary,1.09603202,-1,6.19140293,1.32184536,1
fields/00266__plt02660__part_per_cell.f32__c0007__dt-f32/chunk_0,3000000,0,ans,primary,0.751392007,-1,5.5331198,1.00407067,1
fields/00266__plt02660__part_per_cell.f32__c0011__dt-f32/chunk_0,3000000,0,ans,primary,0.523808002,-1,5.42876077,0.781344002,1
fields/00266__plt02660__part_per_cell.f32__c0013__dt-f32/chunk_0,3000000,36,spratio shuffle=bit,primary,0.311711997,-1,6.33346269,0.53246033,1
fields/00266__plt02660__part_per_cell.f32__c0015__dt-f32/chunk_0,3000000,24,gpulz shuffle=byte,primary,0.203776002,-1,32.3744481,0.246961335,1
fields/00266__plt02660__part_per_cell.f32__c0009__dt-f32/chunk_0,3000000,30,ndzip shuffle=bit,primary,0.0911360011,-1,3.18631851,0.529918668,1
fields/00267__plt02660__rho.f32__c0001__dt-f32/chunk_0,3000000,35,spratio,primary,0.112928003,-1,1.25235703,1.229304,1
fields/00267__plt02660__rho.f32__c0003__dt-f32/chunk_0,3000000,35,spratio,primary,0.30528,-1,1.25889106,1.41586167,1
fields/00267__plt02660__rho.f32__c0005__dt-f32/chunk_0,3000000,35,spratio,primary,0.188960001,-1,1.25006266,1.307385,1
fields/00267__plt02660__rho.f32__c0007__dt-f32/chunk_0,3000000,35,spratio,primary,0.0920960009,-1,1.2527569,1.20811567,1
fields/00267__plt02660__rho.f32__c0011__dt-f32/chunk_0,3000000,35,spratio,primary,0.235167995,-1,1.71845236,1.04874966,1
fields/00268__plt02680__part_per_cell.f32__c0001__dt-f32/chunk_0,3000000,2,ans shuffle=byte,primary,0.663616002,-1,7.5721213,0.848254002,1
fields/00267__plt02660__rho.f32__c0009__dt-f32/chunk_0,3000000,35,spratio,primary,0.18784,-1,1.29156926,1.27032267,1
fields/00268__plt02680__part_per_cell.f32__c0003__dt-f32/chunk_0,3000000,2,ans shuffle=byte,primary,0.914048016,-1,7.56985273,1.09874135,1
fields/00268__plt02680__part_per_cell.f32__c0007__dt-f32/chunk_0,3000000,30,ndzip shuffle=bit,primary,0.122879997,-1,3.19574785,0.560367997,1
fields/00267__plt02660__rho.f32__c0013__dt-f32/chunk_0,3000000,35,spratio,primary,0.067776002,-1,2.59157854,0.607254669,1
fields/00268__plt02680__part_per_cell.f32__c0005__dt-f32/chunk_0,3000000,2,ans shuffle=byte,primary,0.442912012,-1,7.58823168,0.627158012,1
fields/00267__plt02660__rho.f32__c0015__dt-f32/chunk_0,3000000,35,spratio,primary,0.133279994,-1,3.86930555,0.494611327,1
fields/00268__plt02680__part_per_cell.f32__c0013__dt-f32/chunk_0,3000000,30,ndzip shuffle=bit,primary,0.13312,-1,5.03450196,0.410824,1
fields/00268__plt02680__part_per_cell.f32__c0011__dt-f32/chunk_0,3000000,30,ndzip shuffle=bit,primary,0.131072,-1,3.57460967,0.522192,1
fields/00268__plt02680__part_per_cell.f32__c0015__dt-f32/chunk_0,3000000,24,gpulz shuffle=byte,primary,0.188416004,-1,32.3744481,0.231601338,1
fields/00268__plt02680__part_per_cell.f32__c0009__dt-f32/chunk_0,3000000,2,ans shuffle=byte,primary,1.01347196,-1,7.49925621,1.19990396,1
fields/00269__plt02680__rho.f32__c0003__dt-f32/chunk_0,3000000,35,spratio,primary,0.335552007,-1,1.25824301,1.44670567,1
fields/00269__plt02680__rho.f32__c0001__dt-f32/chunk_0,3000000,35,spratio,primary,0.299872011,-1,1.25200227,1.41656434,1
fields/00269__plt02680__rho.f32__c0005__dt-f32/chunk_0,3000000,35,spratio,primary,0.0859519988,-1,1.25061617,1.203882,1
fields/00269__plt02680__rho.f32__c0011__dt-f32/chunk_0,3000000,35,spratio,primary,0.255935997,-1,1.71321811,1.07200333,1
fields/00269__plt02680__rho.f32__c0009__dt-f32/chunk_0,3000000,35,spratio,primary,0.0776320025,-1,1.29242691,1.15939634,1
fields/00269__plt02680__rho.f32__c0007__dt-f32/chunk_0,3000000,35,spratio,primary,0.200192004,-1,1.25346973,1.315577,1
fields/00270__plt02700__part_per_cell.f32__c0001__dt-f32/chunk_0,3000000,2,ans shuffle=byte,primary,0.266784012,-1,7.58057893,0.451216012,1
fields/00270__plt02700__part_per_cell.f32__c0007__dt-f32/chunk_0,3000000,2,ans shuffle=byte,primary,0.215488002,-1,7.55387464,0.400572002,1
fields/00269__plt02680__rho.f32__c0013__dt-f32/chunk_0,3000000,35,spratio,primary,0.29123199,-1,2.58684738,0.831697323,1
fields/00269__plt02680__rho.f32__c0015__dt-f32/chunk_0,3000000,35,spratio,primary,0.364991993,-1,3.8564731,0.727525659,1
fields/00270__plt02700__part_per_cell.f32__c0003__dt-f32/chunk_0,3000000,2,ans shuffle=byte,primary,0.732320011,-1,7.576033,0.916862677,1
fields/00270__plt02700__part_per_cell.f32__c0009__dt-f32/chunk_0,3000000,0,ans,primary,0.380831987,-1,5.51615007,0.634287987,1
fields/00270__plt02700__part_per_cell.f32__c0005__dt-f32/chunk_0,3000000,2,ans shuffle=byte,primary,0.803968012,-1,7.58033232,0.988406012,1
fields/00271__plt02700__rho.f32__c0001__dt-f32/chunk_0,3000000,35,spratio,primary,0.113664001,-1,1.25282126,1.22962633,1
fields/00270__plt02700__part_per_cell.f32__c0011__dt-f32/chunk_0,3000000,0,ans,primary,0.420576006,-1,5.43368381,0.677878673,1
fields/00270__plt02700__part_per_cell.f32__c0013__dt-f32/chunk_0,3000000,30,ndzip shuffle=bit,primary,0.0819199979,-1,5.02169926,0.360331998,1
fields/00271__plt02700__rho.f32__c0003__dt-f32/chunk_0,3000000,35,spratio,primary,0.0986559987,-1,1.25998475,1.20827367,1
fields/00271__plt02700__rho.f32__c0005__dt-f32/chunk_0,3000000,35,spratio,primary,0.0851199999,-1,1.25053339,1.203124,1
fields/00270__plt02700__part_per_cell.f32__c0015__dt-f32/chunk_0,3000000,24,gpulz shuffle=byte,primary,0.200703993,-1,32.3744481,0.243889327,1
fields/00271__plt02700__rho.f32__c0011__dt-f32/chunk_0,3000000,35,spratio,primary,0.0798719972,-1,1.72759164,0.889149664,1
fields/00271__plt02700__rho.f32__c0007__dt-f32/chunk_0,3000000,35,spratio,primary,0.214688003,-1,1.2543259,1.32931167,1
fields/00271__plt02700__rho.f32__c0013__dt-f32/chunk_0,3000000,35,spratio,primary,0.223519996,-1,2.5860802,0.764145662,1
fields/00271__plt02700__rho.f32__c0015__dt-f32/chunk_0,3000000,35,spratio,primary,0.0834880024,-1,3.86627742,0.445102336,1
fields/00271__plt02700__rho.f32__c0009__dt-f32/chunk_0,3000000,35,spratio,primary,0.228543997,-1,1.29360999,1.309319,1
fields/00272__plt02720__part_per_cell.f32__c0007__dt-f32/chunk_0,3000000,30,ndzip shuffle=bit,primary,0.0829439983,-1,3.19214822,0.520925332,1
fields/00272__plt02720__part_per_cell.f32__c0005__dt-f32/chunk_0,3000000,2,ans shuffle=byte,primary,0.309311986,-1,7.58271685,0.493691986,1
fields/00272__plt02720__part_per_cell.f32__c0001__dt-f32/chunk_0,3000000,2,ans shuffle=byte,primary,0.312384009,-1,7.57975697,0.496836009,1
fields/00272__plt02720__part_per_cell.f32__c0003__dt-f32/chunk_0,3000000,2,ans shuffle=byte,primary,0.321920007,-1,7.57313303,0.506533341,1
fields/00272__plt02720__part_per_cell.f32__c0009__dt-f32/chunk_0,3000000,2,ans shuffle=byte,primary,0.224447995,-1,7.4959324,0.410962662,1
fields/00272__plt02720__part_per_cell.f32__c0013__dt-f32/chunk_0,3000000,30,ndzip shuffle=bit,primary,0.084991999,-1,5.03095118,0.362891999,1
fields/00272__plt02720__part_per_cell.f32__c0015__dt-f32/chunk_0,3000000,30,ndzip shuffle=bit,primary,0.0768000036,-1,6.55228954,0.290176004,1
fields/00272__plt02720__part_per_cell.f32__c0011__dt-f32/chunk_0,3000000,2,ans shuffle=byte,primary,0.492864013,-1,7.35099969,0.683056013,1
fields/00273__plt02720__rho.f32__c0001__dt-f32/chunk_0,3000000,35,spratio,primary,0.142943993,-1,1.25202805,1.25961333,1
fields/00273__plt02720__rho.f32__c0003__dt-f32/chunk_0,3000000,35,spratio,primary,0.146272004,-1,1.25975428,1.25609267,1
fields/00273__plt02720__rho.f32__c0007__dt-f32/chunk_0,3000000,35,spratio,primary,0.0789119974,-1,1.2548235,1.19309366,1
fields/00273__plt02720__rho.f32__c0005__dt-f32/chunk_0,3000000,35,spratio,primary,0.0733119994,-1,1.25127729,1.19065133,1
fields/00273__plt02720__rho.f32__c0015__dt-f32/chunk_0,3000000,35,spratio,primary,0.0732799992,-1,3.87513258,0.434067999,1
fields/00273__plt02720__rho.f32__c0009__dt-f32/chunk_0,3000000,35,spratio,primary,0.0963520035,-1,1.29450471,1.17638,1
fields/00273__plt02720__rho.f32__c0013__dt-f32/chunk_0,3000000,35,spratio,primary,0.0899519995,-1,2.58573743,0.630649333,1
fields/00273__plt02720__rho.f32__c0011__dt-f32/chunk_0,3000000,35,spratio,primary,0.0675840005,-1,1.72907442,0.876167667,1
fields/00274__plt02740__part_per_cell.f32__c0001__dt-f32/chunk_0,3000000,0,ans,primary,0.225152001,-1,6.20446322,0.450490001,1
fields/00274__plt02740__part_per_cell.f32__c0009__dt-f32/chunk_0,3000000,2,ans shuffle=byte,primary,0.205888003,-1,7.49590561,0.392403336,1
fields/00274__plt02740__part_per_cell.f32__c0005__dt-f32/chunk_0,3000000,0,ans,primary,0.216928005,-1,5.56971062,0.467946672,1
fields/00274__plt02740__part_per_cell.f32__c0011__dt-f32/chunk_0,3000000,30,ndzip shuffle=bit,primary,0.084991999,-1,3.58122665,0.475389332,1
fields/00274__plt02740__part_per_cell.f32__c0003__dt-f32/chunk_0,3000000,2,ans shuffle=byte,primary,0.303615987,-1,7.56783129,0.488358654,1
fields/00274__plt02740__part_per_cell.f32__c0007__dt-f32/chunk_0,3000000,2,ans shuffle=byte,primary,0.228223994,-1,7.56125543,0.413127328,1
fields/00274__plt02740__part_per_cell.f32__c0013__dt-f32/chunk_0,3000000,30,ndzip shuffle=bit,primary,0.0839679986,-1,5.01900718,0.362529332,1
fields/00274__plt02740__part_per_cell.f32__c0015__dt-f32/chunk_0,3000000,24,gpulz shuffle=byte,primary,0.467967987,-1,32.3744481,0.51115332,1
fields/00275__plt02740__rho.f32__c0001__dt-f32/chunk_0,3000000,35,spratio,primary,0.255584002,-1,1.25240041,1.37192133,1
fields/00275__plt02740__rho.f32__c0003__dt-f32/chunk_0,3000000,35,spratio,primary,0.0701759979,-1,1.25853485,1.181072,1
fields/00275__plt02740__rho.f32__c0005__dt-f32/chunk_0,3000000,35,spratio,primary,0.291263998,-1,1.25145015,1.408449,1
fields/00275__plt02740__rho.f32__c0011__dt-f32/chunk_0,3000000,35,spratio,primary,0.0984959975,-1,1.72610857,0.908468997,1
fields/00275__plt02740__rho.f32__c0009__dt-f32/chunk_0,3000000,35,spratio,primary,0.239040002,-1,1.29568359,1.31808534,1
fields/00275__plt02740__rho.f32__c0013__dt-f32/chunk_0,3000000,35,spratio,primary,0.277440012,-1,2.58039558,0.819256678,1
fields/00275__plt02740__rho.f32__c0007__dt-f32/chunk_0,3000000,35,spratio,primary,0.182303995,-1,1.25571159,1.29569766,1
fields/00276__plt02760__part_per_cell.f32__c0003__dt-f32/chunk_0,3000000,30,ndzip shuffle=bit,primary,0.114688002,-1,3.14708124,0.558941335,1
fields/00275__plt02740__rho.f32__c0015__dt-f32/chunk_0,3000000,35,spratio,primary,0.374527991,-1,3.86099937,0.736636657,1
fields/00276__plt02760__part_per_cell.f32__c0001__dt-f32/chunk_0,3000000,0,ans,primary,0.736352026,-1,6.21796586,0.961200693,1
fields/00276__plt02760__part_per_cell.f32__c0007__dt-f32/chunk_0,3000000,30,ndzip shuffle=bit,primary,0.0788479969,-1,3.19713148,0.516146664,1
fields/00276__plt02760__part_per_cell.f32__c0005__dt-f32/chunk_0,3000000,2,ans shuffle=byte,primary,0.236479998,-1,7.58573392,0.420786664,1
fields/00276__plt02760__part_per_cell.f32__c0015__dt-f32/chunk_0,3000000,24,gpulz shuffle=byte,primary,0.183295995,-1,32.3744481,0.226481328,1
fields/00276__plt02760__part_per_cell.f32__c0009__dt-f32/chunk_0,3000000,30,ndzip shuffle=bit,primary,0.0931840017,-1,3.1777534,0.533149335,1
fields/00276__plt02760__part_per_cell.f32__c0013__dt-f32/chunk_0,3000000,30,ndzip shuffle=bit,primary,0.0757760033,-1,5.03191688,0.35362267,1
fields/00276__plt02760__part_per_cell.f32__c0011__dt-f32/chunk_0,3000000,30,ndzip shuffle=bit,primary,0.0901120007,-1,3.5890471,0.479658667,1
fields/00277__plt02760__rho.f32__c0003__dt-f32/chunk_0,3000000,35,spratio,primary,0.225375995,-1,1.25878678,1.33604966,1
fields/00277__plt02760__rho.f32__c0007__dt-f32/chunk_0,3000000,35,spratio,primary,0.0770879984,-1,1.25617906,1.19006733,1
fields/00277__plt02760__rho.f32__c0001__dt-f32/chunk_0,3000000,35,spratio,primary,0.0739199966,-1,1.25198844,1.19062466,1
fields/00277__plt02760__rho.f32__c0009__dt-f32/chunk_0,3000000,35,spratio,primary,0.0791359991,-1,1.29642489,1.15756433,1
fields/00277__plt02760__rho.f32__c0005__dt-f32/chunk_0,3000000,35,spratio,primary,0.227264002,-1,1.25238583,1.34361434,1
fields/00277__plt02760__rho.f32__c0015__dt-f32/chunk_0,3000000,35,spratio,primary,0.313919991,-1,3.86776414,0.675395325,1
fields/00277__plt02760__rho.f32__c0013__dt-f32/chunk_0,3000000,35,spratio,primary,0.361856014,-1,2.58034161,0.903684014,1
fields/00278__plt02780__part_per_cell.f32__c0001__dt-f32/chunk_0,3000000,0,ans,primary,0.481631994,-1,6.21496224,0.706589328,1
fields/00277__plt02760__rho.f32__c0011__dt-f32/chunk_0,3000000,35,spratio,primary,0.329791993,-1,1.74211722,1.13232199,1
fields/00278__plt02780__part_per_cell.f32__c0005__dt-f32/chunk_0,3000000,2,ans shuffle=byte,primary,0.247552007,-1,7.59320463,0.431677341,1
fields/00278__plt02780__part_per_cell.f32__c0003__dt-f32/chunk_0,3000000,0,ans,primary,0.391519994,-1,5.63535425,0.63961466,1
fields/00278__plt02780__part_per_cell.f32__c0007__dt-f32/chunk_0,3000000,2,ans shuffle=byte,primary,0.77462399,-1,7.566002,0.959411323,1
fields/00278__plt02780__part_per_cell.f32__c0009__dt-f32/chunk_0,3000000,30,ndzip shuffle=bit,primary,0.0993279964,-1,3.18152332,0.538771996,1
fields/00278__plt02780__part_per_cell.f32__c0011__dt-f32/chunk_0,3000000,2,ans shuffle=byte,primary,1.05491197,-1,7.35301006,1.24505197,1
fields/00278__plt02780__part_per_cell.f32__c0013__dt-f32/chunk_0,3000000,30,ndzip shuffle=bit,primary,0.0839679986,-1,5.02403312,0.362250665,1
fields/00278__plt02780__part_per_cell.f32__c0015__dt-f32/chunk_0,3000000,24,gpulz shuffle=byte,primary,0.234495997,-1,32.3744481,0.277681331,1
fields/00279__plt02780__rho.f32__c0009__dt-f32/chunk_0,3000000,35,spratio,primary,0.510143995,-1,1.29696287,1.588125,1
fields/00279__plt02780__rho.f32__c0001__dt-f32/chunk_0,3000000,35,spratio,primary,0.257568002,-1,1.2522329,1.37405467,1
fields/00279__plt02780__rho.f32__c0003__dt-f32/chunk_0,3000000,35,spratio,primary,0.401728004,-1,1.25847443,1.51267734,1
fields/00279__plt02780__rho.f32__c0011__dt-f32/chunk_0,3000000,35,spratio,primary,0.157215998,-1,1.72939666,0.965648998,1
fields/00279__plt02780__rho.f32__c0005__dt-f32/chunk_0,3000000,35,spratio,primary,0.444384009,-1,1.25371402,1.55955168,1
fields/00279__plt02780__rho.f32__c0015__dt-f32/chunk_0,3000000,35,spratio,primary,0.287903994,-1,3.85527497,0.650550328,1
fields/00279__plt02780__rho.f32__c0013__dt-f32/chunk_0,3000000,35,spratio,primary,0.231488004,-1,2.57527972,0.774381004,1
fields/00279__plt02780__rho.f32__c0007__dt-f32/chunk_0,3000000,35,spratio,primary,0.371744007,-1,1.25573264,1.48511901,1
fields/00280__plt02800__part_per_cell.f32__c0003__dt-f32/chunk_0,3000000,0,ans,primary,0.452607989,-1,5.61803857,0.701467323,1
fields/00280__plt02800__part_per_cell.f32__c0001__dt-f32/chunk_0,3000000,0,ans,primary,0.962432027,-1,6.21957021,1.18722269,1
fields/00280__plt02800__part_per_cell.f32__c0005__dt-f32/chunk_0,3000000,2,ans shuffle=byte,primary,0.212255999,-1,7.59523965,0.396331999,1
fields/00280__plt02800__part_per_cell.f32__c0007__dt-f32/chunk_0,3000000,2,ans shuffle=byte,primary,0.208384007,-1,7.56030138,0.393310674,1
fields/00280__plt02800__part_per_cell.f32__c0009__dt-f32/chunk_0,3000000,1,ans shuffle=bit,primary,0.420127988,-1,4.77811295,0.712733321,1
fields/00280__plt02800__part_per_cell.f32__c0013__dt-f32/chunk_0,3000000,30,ndzip shuffle=bit,primary,0.0829439983,-1,5.01559817,0.361694665,1
fields/00280__plt02800__part_per_cell.f32__c0015__dt-f32/chunk_0,3000000,24,gpulz shuffle=byte,primary,0.214016005,-1,32.3744481,0.257201339,1
fields/00280__plt02800__part_per_cell.f32__c0011__dt-f32/chunk_0,3000000,30,ndzip shuffle=bit,primary,0.105471998,-1,3.59545877,0.494323998,1
fields/00281__plt02800__rho.f32__c0005__dt-f32/chunk_0,3000000,35,spratio,primary,0.116351999,-1,1.25401276,1.231254,1
fields/00281__plt02800__rho.f32__c0003__dt-f32/chunk_0,3000000,29,ndzip,primary,0.0839679986,-1,1.15832881,1.29096667,1
fields/00281__plt02800__rho.f32__c0001__dt-f32/chunk_0,3000000,35,spratio,primary,0.0880319998,-1,1.2538733,1.203058,1
fields/00281__plt02800__rho.f32__c0007__dt-f32/chunk_0,3000000,35,spratio,primary,0.134719998,-1,1.25696284,1.24700533,1
fields/00281__plt02800__rho.f32__c0015__dt-f32/chunk_0,3000000,35,spratio,primary,0.0677120015,-1,3.86458175,0.429485002,1
fields/00281__plt02800__rho.f32__c0013__dt-f32/chunk_0,3000000,35,spratio,primary,0.225728005,-1,2.57490345,0.768700339,1
fields/00281__plt02800__rho.f32__c0009__dt-f32/chunk_0,3000000,35,spratio,primary,0.068095997,-1,1.29828888,1.144976,1
fields/00282__plt02820__part_per_cell.f32__c0005__dt-f32/chunk_0,3000000,0,ans,primary,0.513567984,-1,5.58210449,0.764029317,1
fields/00282__plt02820__part_per_cell.f32__c0003__dt-f32/chunk_0,3000000,0,ans,primary,0.444160014,-1,5.60636893,0.693537348,1
fields/00281__plt02800__rho.f32__c0011__dt-f32/chunk_0,3000000,35,spratio,primary,0.227328002,-1,1.73368567,1.033761,1
fields/00282__plt02820__part_per_cell.f32__c0009__dt-f32/chunk_0,3000000,0,ans,primary,0.717920005,-1,5.52728653,0.970865339,1
fields/00282__plt02820__part_per_cell.f32__c0007__dt-f32/chunk_0,3000000,30,ndzip shuffle=bit,primary,0.0839679986,-1,3.18932285,0.522337332,1
fields/00282__plt02820__part_per_cell.f32__c0011__dt-f32/chunk_0,3000000,2,ans shuffle=byte,primary,0.410656005,-1,7.34512952,0.601000005,1
fields/00282__plt02820__part_per_cell.f32__c0001__dt-f32/chunk_0,3000000,2,ans shuffle=byte,primary,0.294815987,-1,7.57918171,0.479281987,1
fields/00282__plt02820__part_per_cell.f32__c0015__dt-f32/chunk_0,3000000,23,gpulz shuffle=bit,primary,0.231424004,-1,32.8537277,0.273979337,1
fields/00283__plt02820__rho.f32__c0005__dt-f32/chunk_0,3000000,35,spratio,primary,0.158879995,-1,1.25549847,1.27246266,1
fields/00282__plt02820__part_per_cell.f32__c0013__dt-f32/chunk_0,3000000,30,ndzip shuffle=bit,primary,0.0788479969,-1,5.02540557,0.357054664,1
fields/00283__plt02820__rho.f32__c0001__dt-f32/chunk_0,3000000,35,spratio,primary,0.0776320025,-1,1.25506793,1.19159667,1
fields/00283__plt02820__rho.f32__c0007__dt-f32/chunk_0,3000000,35,spratio,primary,0.0874240026,-1,1.25697188,1.19970134,1
fields/00283__plt02820__rho.f32__c0003__dt-f32/chunk_0,3000000,35,spratio,primary,0.249311998,-1,1.2578883,1.360779,1
fields/00283__plt02820__rho.f32__c0011__dt-f32/chunk_0,3000000,35,spratio,primary,0.228896007,-1,1.73242536,1.03591567,1
fields/00283__plt02820__rho.f32__c0009__dt-f32/chunk_0,3000000,29,ndzip,primary,0.0788479969,-1,1.14596216,1.298872,1
fields/00284__plt02840__part_per_cell.f32__c0001__dt-f32/chunk_0,3000000,2,ans shuffle=byte,primary,0.542240024,-1,7.58041453,0.726676024,1
fields/00284__plt02840__part_per_cell.f32__c0003__dt-f32/chunk_0,3000000,30,ndzip shuffle=bit,primary,0.117760003,-1,3.14837578,0.561830669,1
fields/00284__plt02840__part_per_cell.f32__c0007__dt-f32/chunk_0,3000000,2,ans shuffle=byte,primary,0.80854398,-1,7.56466472,0.99336398,1
fields/00283__plt02820__rho.f32__c0013__dt-f32/chunk_0,3000000,35,spratio,primary,0.218367994,-1,2.57405961,0.761518327,1
fields/00284__plt02840__part_per_cell.f32__c0005__dt-f32/chunk_0,3000000,30,ndzip shuffle=bit,primary,0.0819199979,-1,3.20873471,0.517637331,1
fields/00284__plt02840__part_per_cell.f32__c0011__dt-f32/chunk_0,3000000,30,ndzip shuffle=bit,primary,0.0829439983,-1,3.60210374,0.471078665,1
fields/00283__plt02820__rho.f32__c0015__dt-f32/chunk_0,3000000,35,spratio,primary,0.221312001,-1,3.87197022,0.582394668,1
fields/00284__plt02840__part_per_cell.f32__c0013__dt-f32/chunk_0,3000000,30,ndzip shuffle=bit,primary,0.0757760033,-1,5.02275765,0.354129337,1
fields/00284__plt02840__part_per_cell.f32__c0009__dt-f32/chunk_0,3000000,2,ans shuffle=byte,primary,0.234144002,-1,7.49309342,0.420729336,1
fields/00284__plt02840__part_per_cell.f32__c0015__dt-f32/chunk_0,3000000,24,gpulz shuffle=byte,primary,0.179199994,-1,32.3744481,0.222385327,1
fields/00285__plt02840__rho.f32__c0001__dt-f32/chunk_0,3000000,35,spratio,primary,0.0759359971,-1,1.25473791,1.19019366,1
fields/00285__plt02840__rho.f32__c0007__dt-f32/chunk_0,3000000,35,spratio,primary,0.146656007,-1,1.25641311,1.25942801,1
fields/00285__plt02840__rho.f32__c0003__dt-f32/chunk_0,3000000,35,spratio,primary,0.0698880032,-1,1.25732005,1.18185734,1
fields/00285__plt02840__rho.f32__c0009__dt-f32/chunk_0,3000000,35,spratio,primary,0.0864640027,-1,1.30104147,1.16106567,1
fields/00285__plt02840__rho.f32__c0005__dt-f32/chunk_0,3000000,35,spratio,primary,0.0761279985,-1,1.25404763,1.190999,1
fields/00286__plt02860__part_per_cell.f32__c0001__dt-f32/chunk_0,3000000,2,ans shuffle=byte,primary,0.226559997,-1,7.58375884,0.410914663,1
fields/00285__plt02840__rho.f32__c0011__dt-f32/chunk_0,3000000,35,spratio,primary,0.790048003,-1,1.73230372,1.59712434,1
fields/00286__plt02860__part_per_cell.f32__c0003__dt-f32/chunk_0,3000000,0,ans,primary,0.624448001,-1,5.62712847,0.872905335,1
fields/00285__plt02840__rho.f32__c0013__dt-f32/chunk_0,3000000,35,spratio,primary,0.320192009,-1,2.56920643,0.864368343,1
fields/00286__plt02860__part_per_cell.f32__c0007__dt-f32/chunk_0,3000000,2,ans shuffle=byte,primary,0.453631997,-1,7.56433729,0.638459997,1
fields/00285__plt02840__rho.f32__c0015__dt-f32/chunk_0,3000000,35,spratio,primary,0.220223993,-1,3.85960308,0.58246366,1
fields/00286__plt02860__part_per_cell.f32__c0013__dt-f32/chunk_0,3000000,30,ndzip shuffle=bit,primary,0.0788479969,-1,5.02555009,0.357046664,1
fields/00286__plt02860__part_per_cell.f32__c0005__dt-f32/chunk_0,3000000,2,ans shuffle=byte,primary,0.301535994,-1,7.59512962,0.48561466,1
fields/00286__plt02860__part_per_cell.f32__c0015__dt-f32/chunk_0,3000000,24,gpulz shuffle=byte,primary,0.260096014,-1,32.3744481,0.303281347,1
fields/00286__plt02860__part_per_cell.f32__c0011__dt-f32/chunk_0,3000000,2,ans shuffle=byte,primary,0.190111995,-1,7.34584991,0.380437328,1
fields/00286__plt02860__part_per_cell.f32__c0009__dt-f32/chunk_0,3000000,2,ans shuffle=byte,primary,0.244512007,-1,7.49274539,0.431106007,1
fields/00287__plt02860__rho.f32__c0001__dt-f32/chunk_0,3000000,35,spratio,primary,0.0836480036,-1,1.25418862,1.19839367,1
fields/00287__plt02860__rho.f32__c0003__dt-f32/chunk_0,3000000,35,spratio,primary,0.38121599,-1,1.25876072,1.49191266,1
fields/00287__plt02860__rho.f32__c0009__dt-f32/chunk_0,3000000,35,spratio,primary,0.0999040008,-1,1.30166852,1.173988,1
fields/00287__plt02860__rho.f32__c0007__dt-f32/chunk_0,3000000,35,spratio,primary,0.321759999,-1,1.25619637,1.434724,1
fields/00287__plt02860__rho.f32__c0011__dt-f32/chunk_0,3000000,35,spratio,primary,0.211520001,-1,1.73992677,1.01506033,1
fields/00287__plt02860__rho.f32__c0005__dt-f32/chunk_0,3000000,35,spratio,primary,0.319967985,-1,1.25544811,1.43359532,1
fields/00287__plt02860__rho.f32__c0015__dt-f32/chunk_0,3000000,35,spratio,primary,0.304159999,-1,3.86726844,0.665681666,1
fields/00287__plt02860__rho.f32__c0013__dt-f32/chunk_0,3000000,35,spratio,primary,0.0872640014,-1,2.56856607,0.631576001,1
fields/00288__plt02880__part_per_cell.f32__c0001__dt-f32/chunk_0,3000000,2,ans shuffle=byte,primary,0.69628799,-1,7.58030493,0.880726656,1
fields/00288__plt02880__part_per_cell.f32__c0003__dt-f32/chunk_0,3000000,2,ans shuffle=byte,primary,0.433887988,-1,7.57666254,0.618415322,1
fields/00288__plt02880__part_per_cell.f32__c0005__dt-f32/chunk_0,3000000,2,ans shuffle=byte,primary,0.245151997,-1,7.5991202,0.429133997,1
fields/00288__plt02880__part_per_cell.f32__c0009__dt-f32/chunk_0,3000000,0,ans,primary,0.46054399,-1,5.53542733,0.713117323,1
fields/00288__plt02880__part_per_cell.f32__c0011__dt-f32/chunk_0,3000000,30,ndzip shuffle=bit,primary,0.084991999,-1,3.60727113,0.472570666,1
fields/00288__plt02880__part_per_cell.f32__c0007__dt-f32/chunk_0,3000000,2,ans shuffle=byte,primary,0.472032011,-1,7.56627497,0.656812677,1
fields/00288__plt02880__part_per_cell.f32__c0013__dt-f32/chunk_0,3000000,30,ndzip shuffle=bit,primary,0.074752003,-1,5.0080285,0.353924003,1
fields/00288__plt02880__part_per_cell.f32__c0015__dt-f32/chunk_0,3000000,24,gpulz shuffle=byte,primary,0.198655993,-1,32.3744481,0.241841326,1
fields/00289__plt02880__rho.f32__c0001__dt-f32/chunk_0,3000000,35,spratio,primary,0.0733439997,-1,1.25498306,1.187384,1
fields/00289__plt02880__rho.f32__c0005__dt-f32/chunk_0,3000000,35,spratio,primary,0.155008003,-1,1.25708942,1.26718134,1
fields/00289__plt02880__rho.f32__c0007__dt-f32/chunk_0,3000000,35,spratio,primary,0.568607986,-1,1.25623662,1.68153632,1
fields/00289__plt02880__rho.f32__c0003__dt-f32/chunk_0,3000000,29,ndzip,primary,0.0757760033,-1,1.16258102,1.27836,1
fields/00289__plt02880__rho.f32__c0015__dt-f32/chunk_0,3000000,35,spratio,primary,0.216736004,-1,3.8540351,0.579499004,1
fields/00289__plt02880__rho.f32__c0011__dt-f32/chunk_0,3000000,35,spratio,primary,0.265695989,-1,1.72965269,1.07400932,1
fields/00289__plt02880__rho.f32__c0013__dt-f32/chunk_0,3000000,35,spratio,primary,0.079392001,-1,2.56415204,0.624641001,1
fields/00289__plt02880__rho.f32__c0009__dt-f32/chunk_0,3000000,35,spratio,primary,0.109343998,-1,1.30284714,1.18245633,1
fields/00290__plt02900__part_per_cell.f32__c0005__dt-f32/chunk_0,3000000,0,ans,primary,0.686528027,-1,5.58342718,0.936930027,1
fields/00290__plt02900__part_per_cell.f32__c0009__dt-f32/chunk_0,3000000,2,ans shuffle=byte,primary,0.297663987,-1,7.49180855,0.48428132,1
fields/00290__plt02900__part_per_cell.f32__c0007__dt-f32/chunk_0,3000000,30,ndzip shuffle=bit,primary,0.0890880004,-1,3.19273139,0.526989334,1
fields/00290__plt02900__part_per_cell.f32__c0003__dt-f32/chunk_0,3000000,0,ans,primary,0.854752004,-1,5.63302319,1.10294934,1
fields/00290__plt02900__part_per_cell.f32__c0001__dt-f32/chunk_0,3000000,2,ans shuffle=byte,primary,0.220927998,-1,7.5789352,0.405399998,1
fields/00290__plt02900__part_per_cell.f32__c0015__dt-f32/chunk_0,3000000,24,gpulz shuffle=byte,primary,0.203776002,-1,32.3744481,0.246961335,1
fields/00290__plt02900__part_per_cell.f32__c0011__dt-f32/chunk_0,3000000,0,ans,primary,0.57961601,-1,5.48068701,0.83471201,1
fields/00291__plt02900__rho.f32__c0001__dt-f32/chunk_0,3000000,35,spratio,primary,0.0677120015,-1,1.25381183,1.18279267,1
fields/00291__plt02900__rho.f32__c0003__dt-f32/chunk_0,3000000,35,spratio,primary,0.0663359985,-1,1.25921836,1.176629,1
fields/00290__plt02900__part_per_cell.f32__c0013__dt-f32/chunk_0,3000000,30,ndzip shuffle=bit,primary,0.125952005,-1,5.0155262,0.404706672,1
fields/00291__plt02900__rho.f32__c0005__dt-f32/chunk_0,3000000,35,spratio,primary,0.112928003,-1,1.25842119,1.22392434,1
fields/00291__plt02900__rho.f32__c0011__dt-f32/chunk_0,3000000,35,spratio,primary,0.223008007,-1,1.7410195,1.02604401,1
fields/00291__plt02900__rho.f32__c0009__dt-f32/chunk_0,3000000,35,spratio,primary,0.557600021,-1,1.3043296,1.62949269,1
fields/00291__plt02900__rho.f32__c0007__dt-f32/chunk_0,3000000,35,spratio,primary,0.0858559981,-1,1.25730648,1.19783733,1
fields/00292__plt02920__part_per_cell.f32__c0005__dt-f32/chunk_0,3000000,2,ans shuffle=byte,primary,0.237535998,-1,7.59785377,0.421548665,1
fields/00291__plt02900__rho.f32__c0013__dt-f32/chunk_0,3000000,35,spratio,primary,0.0699839965,-1,2.56382916,0.615301663,1
fields/00292__plt02920__part_per_cell.f32__c0007__dt-f32/chunk_0,3000000,0,ans,primary,0.414368004,-1,5.56496634,0.66560067,1
fields/00292__plt02920__part_per_cell.f32__c0009__dt-f32/chunk_0,3000000,2,ans shuffle=byte,primary,0.428575993,-1,7.49437873,0.615129326,1
fields/00291__plt02900__rho.f32__c0015__dt-f32/chunk_0,3000000,35,spratio,primary,0.228960007,-1,3.86561821,0.590636007,1
fields/00292__plt02920__part_per_cell.f32__c0001__dt-f32/chunk_0,3000000,2,ans shuffle=byte,primary,0.423200011,-1,7.57329712,0.607809345,1
fields/00292__plt02920__part_per_cell.f32__c0015__dt-f32/chunk_0,3000000,24,gpulz shuffle=byte,primary,0.180224001,-1,32.3744481,0.223409335,1
fields/00292__plt02920__part_per_cell.f32__c0003__dt-f32/chunk_0,3000000,2,ans shuffle=byte,primary,0.424160004,-1,7.58142847,0.608571337,1
fields/00292__plt02920__part_per_cell.f32__c0011__dt-f32/chunk_0,3000000,30,ndzip shuffle=bit,primary,0.0860159993,-1,3.60547263,0.473787999,1
fields/00292__plt02920__part_per_cell.f32__c0013__dt-f32/chunk_0,3000000,30,ndzip shuffle=bit,primary,0.0757760033,-1,5.02270953,0.354132003,1
fields/00293__plt02920__rho.f32__c0001__dt-f32/chunk_0,3000000,35,spratio,primary,0.237056002,-1,1.25376836,1.35217534,1
fields/00293__plt02920__rho.f32__c0003__dt-f32/chunk_0,3000000,35,spratio,primary,0.224191993,-1,1.25817318,1.33540733,1
fields/00293__plt02920__rho.f32__c0005__dt-f32/chunk_0,3000000,35,spratio,primary,0.235967994,-1,1.25991548,1.34564666,1
fields/00293__plt02920__rho.f32__c0007__dt-f32/chunk_0,3000000,35,spratio,primary,0.299584001,-1,1.25780003,1.411129,1
fields/00293__plt02920__rho.f32__c0011__dt-f32/chunk_0,3000000,35,spratio,primary,0.227264002,-1,1.75276812,1.02491734,1
fields/00293__plt02920__rho.f32__c0009__dt-f32/chunk_0,3000000,35,spratio,primary,0.0712319985,-1,1.30523394,1.142382,1
fields/00294__plt02940__part_per_cell.f32__c0007__dt-f32/chunk_0,3000000,2,ans shuffle=byte,primary,0.932799995,-1,7.56914237,1.11751066,1
fields/00294__plt02940__part_per_cell.f32__c0003__dt-f32/chunk_0,3000000,0,ans,primary,0.91881597,-1,5.66269829,1.16571264,1
fields/00293__plt02920__rho.f32__c0013__dt-f32/chunk_0,3000000,35,spratio,primary,0.105728,-1,2.56339042,0.651139,1
fields/00294__plt02940__part_per_cell.f32__c0001__dt-f32/chunk_0,3000000,0,ans,primary,0.28243199,-1,6.21724694,0.507306657,1
fields/00293__plt02920__rho.f32__c0015__dt-f32/chunk_0,3000000,35,spratio,primary,0.0803520009,-1,3.8723992,0.441394668,1
fields/00294__plt02940__part_per_cell.f32__c0013__dt-f32/chunk_0,3000000,30,ndzip shuffle=bit,primary,0.0839679986,-1,4.99657389,0.363779999,1
fields/00294__plt02940__part_per_cell.f32__c0005__dt-f32/chunk_0,3000000,0,ans,primary,1.16678405,-1,5.59291242,1.41676138,1
fields/00294__plt02940__part_per_cell.f32__c0015__dt-f32/chunk_0,3000000,30,ndzip shuffle=bit,primary,0.0768000036,-1,6.55228954,0.290176004,1
fields/00294__plt02940__part_per_cell.f32__c0009__dt-f32/chunk_0,3000000,0,ans,primary,0.366751999,-1,5.54078004,0.619081332,1
fields/00294__plt02940__part_per_cell.f32__c0011__dt-f32/chunk_0,3000000,2,ans shuffle=byte,primary,0.459295988,-1,7.35141199,0.649477321,1
fields/00295__plt02940__rho.f32__c0001__dt-f32/chunk_0,3000000,35,spratio,primary,0.240160003,-1,1.25453712,1.354596,1
fields/00295__plt02940__rho.f32__c0003__dt-f32/chunk_0,3000000,35,spratio,primary,0.260639995,-1,1.26013276,1.37012733,1
fields/00295__plt02940__rho.f32__c0005__dt-f32/chunk_0,3000000,35,spratio,primary,0.504927993,-1,1.26126349,1.61342066,1
fields/00295__plt02940__rho.f32__c0007__dt-f32/chunk_0,3000000,35,spratio,primary,0.56883198,-1,1.25834682,1.67989398,1
fields/00295__plt02940__rho.f32__c0009__dt-f32/chunk_0,3000000,35,spratio,primary,0.228064001,-1,1.3062156,1.298409,1
fields/00295__plt02940__rho.f32__c0015__dt-f32/chunk_0,3000000,35,spratio,primary,0.338847995,-1,3.85753715,0.701281661,1
fields/00295__plt02940__rho.f32__c0013__dt-f32/chunk_0,3000000,35,spratio,primary,0.239552006,-1,2.55967035,0.785755673,1
fields/00295__plt02940__rho.f32__c0011__dt-f32/chunk_0,3000000,35,spratio,primary,0.0971520022,-1,1.7413332,0.900043335,1
fields/00296__plt02960__part_per_cell.f32__c0007__dt-f32/chunk_0,3000000,2,ans shuffle=byte,primary,0.40476799,-1,7.56944289,0.589471323,1
fields/00296__plt02960__part_per_cell.f32__c0001__dt-f32/chunk_0,3000000,2,ans shuffle=byte,primary,0.965439975,-1,7.58749041,1.14970398,1
fields/00296__plt02960__part_per_cell.f32__c0003__dt-f32/chunk_0,3000000,2,ans shuffle=byte,primary,0.966144025,-1,7.58853371,1.15038269,1
fields/00296__plt02960__part_per_cell.f32__c0005__dt-f32/chunk_0,3000000,2,ans shuffle=byte,primary,0.254655987,-1,7.60554145,0.438482654,1
fields/00296__plt02960__part_per_cell.f32__c0011__dt-f32/chunk_0,3000000,0,ans,primary,0.225695997,-1,5.55961104,0.477170664,1
fields/00296__plt02960__part_per_cell.f32__c0009__dt-f32/chunk_0,3000000,0,ans,primary,0.421312004,-1,5.54397318,0.673496004,1
fields/00296__plt02960__part_per_cell.f32__c0013__dt-f32/chunk_0,3000000,30,ndzip shuffle=bit,primary,0.0860159993,-1,5.01382347,0.364865333,1
fields/00297__plt02960__rho.f32__c0003__dt-f32/chunk_0,3000000,35,spratio,primary,0.078015998,-1,1.2609302,1.18680166,1
fields/00297__plt02960__rho.f32__c0005__dt-f32/chunk_0,3000000,29,ndzip,primary,0.0890880004,-1,1.15602379,1.29849333,1
fields/00297__plt02960__rho.f32__c0001__dt-f32/chunk_0,3000000,35,spratio,primary,0.235423997,-1,1.25513591,1.34932833,1
fields/00297__plt02960__rho.f32__c0009__dt-f32/chunk_0,3000000,35,spratio,primary,0.0697920024,-1,1.30727981,1.13926567,1
fields/00297__plt02960__rho.f32__c0007__dt-f32/chunk_0,3000000,35,spratio,primary,0.230624005,-1,1.25849218,1.34155767,1
fields/00296__plt02960__part_per_cell.f32__c0015__dt-f32/chunk_0,3000000,24,gpulz shuffle=byte,primary,0.205824003,-1,32.3744481,0.249009336,1
fields/00297__plt02960__rho.f32__c0011__dt-f32/chunk_0,3000000,35,spratio,primary,0.0918079987,-1,1.75389025,0.888950999,1
fields/00298__plt02980__part_per_cell.f32__c0007__dt-f32/chunk_0,3000000,2,ans shuffle=byte,primary,0.299392015,-1,7.57069987,0.484064681,1
fields/00297__plt02960__rho.f32__c0013__dt-f32/chunk_0,3000000,35,spratio,primary,0.0772799999,-1,2.55925334,0.623572667,1
fields/00298__plt02980__part_per_cell.f32__c0009__dt-f32/chunk_0,3000000,0,ans,primary,0.257344007,-1,5.54215645,0.509610674,1
fields/00297__plt02960__rho.f32__c0015__dt-f32/chunk_0,3000000,35,spratio,primary,0.213440001,-1,3.86768568,0.574922668,1
fields/00298__plt02980__part_per_cell.f32__c0003__dt-f32/chunk_0,3000000,2,ans shuffle=byte,primary,0.597151995,-1,7.58935758,0.781370661,1
fields/00298__plt02980__part_per_cell.f32__c0005__dt-f32/chunk_0,3000000,0,ans,primary,1.21414399,-1,5.58996066,1.46425332,1
fields/00298__plt02980__part_per_cell.f32__c0011__dt-f32/chunk_0,3000000,0,ans,primary,0.951008022,-1,5.57272988,1.20189069,1
fields/00298__plt02980__part_per_cell.f32__c0001__dt-f32/chunk_0,3000000,0,ans,primary,0.609344006,-1,6.23538122,0.833564672,1
fields/00298__plt02980__part_per_cell.f32__c0013__dt-f32/chunk_0,3000000,30,ndzip shuffle=bit,primary,0.0819199979,-1,5.00967942,0.360999998,1
fields/00298__plt02980__part_per_cell.f32__c0015__dt-f32/chunk_0,3000000,30,ndzip shuffle=bit,primary,0.0870399997,-1,6.55228954,0.300416,1
fields/00299__plt02980__rho.f32__c0007__dt-f32/chunk_0,3000000,35,spratio,primary,0.232544005,-1,1.2586863,1.34330634,1
fields/00299__plt02980__rho.f32__c0001__dt-f32/chunk_0,3000000,35,spratio,primary,0.209215999,-1,1.25303984,1.32498367,1
fields/00299__plt02980__rho.f32__c0003__dt-f32/chunk_0,3000000,35,spratio,primary,0.225344002,-1,1.26309082,1.332233,1
fields/00299__plt02980__rho.f32__c0009__dt-f32/chunk_0,3000000,35,spratio,primary,0.168479994,-1,1.30824415,1.23716533,1
fields/00299__plt02980__rho.f32__c0013__dt-f32/chunk_0,3000000,35,spratio,primary,0.0842560008,-1,2.55416956,0.631636001,1
fields/00299__plt02980__rho.f32__c0005__dt-f32/chunk_0,3000000,35,spratio,primary,0.23872,-1,1.26222378,1.34636933,1
fields/00300__plt03000__part_per_cell.f32__c0001__dt-f32/chunk_0,3000000,0,ans,primary,0.231391996,-1,6.22573712,0.455959996,1
fields/00299__plt02980__rho.f32__c0011__dt-f32/chunk_0,3000000,35,spratio,primary,0.078015998,-1,1.74349821,0.879910331,1
fields/00300__plt03000__part_per_cell.f32__c0003__dt-f32/chunk_0,3000000,2,ans shuffle=byte,primary,0.232736006,-1,7.59482706,0.416822006,1
fields/00299__plt02980__rho.f32__c0015__dt-f32/chunk_0,3000000,35,spratio,primary,0.0688640028,-1,3.85371994,0.431656669,1
fields/00300__plt03000__part_per_cell.f32__c0005__dt-f32/chunk_0,3000000,0,ans,primary,1.11020803,-1,5.60927804,1.35945603,1
fields/00300__plt03000__part_per_cell.f32__c0009__dt-f32/chunk_0,3000000,2,ans shuffle=byte,primary,0.441343993,-1,7.49853222,0.627793993,1
fields/00300__plt03000__part_per_cell.f32__c0011__dt-f32/chunk_0,3000000,2,ans shuffle=byte,primary,0.442303985,-1,7.35625991,0.632359985,1
fields/00300__plt03000__part_per_cell.f32__c0007__dt-f32/chunk_0,3000000,2,ans shuffle=byte,primary,0.710591972,-1,7.55934757,0.895541972,1
fields/00300__plt03000__part_per_cell.f32__c0015__dt-f32/chunk_0,3000000,30,ndzip shuffle=bit,primary,0.0788479969,-1,6.55228954,0.292223997,1
fields/00300__plt03000__part_per_cell.f32__c0013__dt-f32/chunk_0,3000000,30,ndzip shuffle=bit,primary,0.0829439983,-1,5.00862654,0.362082665,1
fields/00301__plt03000__rho.f32__c0003__dt-f32/chunk_0,3000000,35,spratio,primary,0.249919996,-1,1.26530275,1.354874,1
fields/00301__plt03000__rho.f32__c0005__dt-f32/chunk_0,3000000,35,spratio,primary,0.089759998,-1,1.26102611,1.19846133,1
fields/00301__plt03000__rho.f32__c0007__dt-f32/chunk_0,3000000,35,spratio,primary,0.223744005,-1,1.25944636,1.333836,1
fields/00301__plt03000__rho.f32__c0011__dt-f32/chunk_0,3000000,35,spratio,primary,0.0848959982,-1,1.74491042,0.886141332,1
fields/00301__plt03000__rho.f32__c0001__dt-f32/chunk_0,3000000,35,spratio,primary,0.346080005,-1,1.25204525,1.46273401,1
fields/00301__plt03000__rho.f32__c0015__dt-f32/chunk_0,3000000,35,spratio,primary,0.222880006,-1,3.86352805,0.584751673,1
fields/00302__plt03020__part_per_cell.f32__c0001__dt-f32/chunk_0,3000000,2,ans shuffle=byte,primary,0.300992012,-1,7.58392339,0.485342679,1
fields/00301__plt03000__rho.f32__c0009__dt-f32/chunk_0,3000000,35,spratio,primary,0.237023994,-1,1.30929532,1.30485133,1
fields/00301__plt03000__rho.f32__c0013__dt-f32/chunk_0,3000000,35,spratio,primary,0.114592001,-1,2.55289788,0.662244668,1
fields/00302__plt03020__part_per_cell.f32__c0007__dt-f32/chunk_0,3000000,2,ans shuffle=byte,primary,0.674655974,-1,7.56103734,0.859564641,1
fields/00302__plt03020__part_per_cell.f32__c0003__dt-f32/chunk_0,3000000,0,ans,primary,0.399295986,-1,5.84229998,0.638602652,1
fields/00302__plt03020__part_per_cell.f32__c0005__dt-f32/chunk_0,3000000,2,ans shuffle=byte,primary,0.688831985,-1,7.60937732,0.872565985,1
fields/00302__plt03020__part_per_cell.f32__c0015__dt-f32/chunk_0,3000000,24,gpulz shuffle=byte,primary,0.185343996,-1,32.3744481,0.228529329,1
fields/00302__plt03020__part_per_cell.f32__c0011__dt-f32/chunk_0,3000000,2,ans shuffle=byte,primary,0.511295974,-1,7.38069966,0.700722641,1
fields/00302__plt03020__part_per_cell.f32__c0009__dt-f32/chunk_0,3000000,2,ans shuffle=byte,primary,0.413823992,-1,7.50057046,0.600223325,1
fields/00302__plt03020__part_per_cell.f32__c0013__dt-f32/chunk_0,3000000,30,ndzip shuffle=bit,primary,0.0870399997,-1,5.02184356,0.365444,1
fields/00303__plt03020__rho.f32__c0005__dt-f32/chunk_0,3000000,35,spratio,primary,0.248896003,-1,1.2603895,1.35815734,1
fields/00303__plt03020__rho.f32__c0001__dt-f32/chunk_0,3000000,35,spratio,primary,0.0714880005,-1,1.25158309,1.18855433,1
fields/00303__plt03020__rho.f32__c0003__dt-f32/chunk_0,3000000,29,ndzip,primary,0.0768000036,-1,1.16980526,1.27195734,1
fields/00303__plt03020__rho.f32__c0015__dt-f32/chunk_0,3000000,35,spratio,primary,0.0809279978,-1,3.87229552,0.441980331,1
fields/00303__plt03020__rho.f32__c0011__dt-f32/chunk_0,3000000,35,spratio,primary,0.0910400003,-1,1.7529769,0.888598334,1
fields/00304__plt03040__part_per_cell.f32__c0001__dt-f32/chunk_0,3000000,0,ans,primary,0.232511997,-1,6.22913969,0.456957331,1
fields/00303__plt03020__rho.f32__c0013__dt-f32/chunk_0,3000000,35,spratio,primary,0.292127997,-1,2.55245977,0.839874663,1
fields/00304__plt03040__part_per_cell.f32__c0005__dt-f32/chunk_0,3000000,2,ans shuffle=byte,primary,0.203615993,-1,7.6142951,0.387231327,1
fields/00303__plt03020__rho.f32__c0007__dt-f32/chunk_0,3000000,35,spratio,primary,0.228031993,-1,1.25961468,1.33797566,1
fields/00304__plt03040__part_per_cell.f32__c0007__dt-f32/chunk_0,3000000,2,ans shuffle=byte,primary,0.193312004,-1,7.56660256,0.378084671,1
fields/00304__plt03040__part_per_cell.f32__c0003__dt-f32/chunk_0,3000000,0,ans,primary,0.508480012,-1,5.87832717,0.746320012,1
fields/00303__plt03020__rho.f32__c0009__dt-f32/chunk_0,3000000,35,spratio,primary,0.147551998,-1,1.31067576,1.21425467,1
fields/00304__plt03040__part_per_cell.f32__c0009__dt-f32/chunk_0,3000000,0,ans,primary,0.94095999,-1,5.5464218,1.19303266,1
fields/00304__plt03040__part_per_cell.f32__c0011__dt-f32/chunk_0,3000000,2,ans shuffle=byte,primary,0.406816006,-1,7.37784345,0.596316006,1
fields/00304__plt03040__part_per_cell.f32__c0013__dt-f32/chunk_0,3000000,30,ndzip shuffle=bit,primary,0.0808959976,-1,5.00002861,0.360514664,1
fields/00304__plt03040__part_per_cell.f32__c0015__dt-f32/chunk_0,3000000,24,gpulz shuffle=byte,primary,0.367615998,-1,32.3744481,0.410801331,1
fields/00305__plt03040__rho.f32__c0001__dt-f32/chunk_0,3000000,35,spratio,primary,0.0995839983,-1,1.25233534,1.21597933,1
fields/00305__plt03040__rho.f32__c0003__dt-f32/chunk_0,3000000,35,spratio,primary,0.0708160028,-1,1.26745464,1.173894,1
fields/00305__plt03040__rho.f32__c0005__dt-f32/chunk_0,3000000,35,spratio,primary,0.119456001,-1,1.26022249,1.22886433,1
fields/00305__plt03040__rho.f32__c0009__dt-f32/chunk_0,3000000,35,spratio,primary,0.0838079974,-1,1.31089042,1.150336,1
fields/00305__plt03040__rho.f32__c0007__dt-f32/chunk_0,3000000,35,spratio,primary,0.0751999989,-1,1.26067779,1.18420767,1
fields/00306__plt03060__part_per_cell.f32__c0001__dt-f32/chunk_0,3000000,0,ans,primary,0.669023991,-1,6.23933262,0.893102657,1
fields/00305__plt03040__rho.f32__c0013__dt-f32/chunk_0,3000000,35,spratio,primary,0.224416003,-1,2.54834858,0.773046336,1
fields/00306__plt03060__part_per_cell.f32__c0003__dt-f32/chunk_0,3000000,0,ans,primary,0.362208009,-1,5.85325771,0.601066675,1
fields/00305__plt03040__rho.f32__c0011__dt-f32/chunk_0,3000000,35,spratio,primary,0.158015996,-1,1.74740751,0.95811633,1
fields/00306__plt03060__part_per_cell.f32__c0005__dt-f32/chunk_0,3000000,2,ans shuffle=byte,primary,0.209887996,-1,7.61946838,0.393378663,1
fields/00306__plt03060__part_per_cell.f32__c0009__dt-f32/chunk_0,3000000,2,ans shuffle=byte,primary,0.927775979,-1,7.50489196,1.11406798,1
fields/00306__plt03060__part_per_cell.f32__c0007__dt-f32/chunk_0,3000000,2,ans shuffle=byte,primary,0.203007996,-1,7.56742167,0.387760663,1
fields/00305__plt03040__rho.f32__c0015__dt-f32/chunk_0,3000000,35,spratio,primary,0.347135991,-1,3.85816521,0.709510658,1
fields/00306__plt03060__part_per_cell.f32__c0011__dt-f32/chunk_0,3000000,2,ans shuffle=byte,primary,0.478464007,-1,7.39710063,0.667470674,1
fields/00306__plt03060__part_per_cell.f32__c0015__dt-f32/chunk_0,3000000,24,gpulz shuffle=byte,primary,0.354303986,-1,32.3744481,0.397489319,1
fields/00306__plt03060__part_per_cell.f32__c0013__dt-f32/chunk_0,3000000,30,ndzip shuffle=bit,primary,0.0788479969,-1,5.01185839,0.357806664,1
fields/00307__plt03060__rho.f32__c0003__dt-f32/chunk_0,3000000,35,spratio,primary,0.171488002,-1,1.26659155,1.27531767,1
fields/00307__plt03060__rho.f32__c0001__dt-f32/chunk_0,3000000,35,spratio,primary,0.0772799999,-1,1.25235105,1.19366133,1
fields/00307__plt03060__rho.f32__c0009__dt-f32/chunk_0,3000000,35,spratio,primary,0.230783999,-1,1.31093262,1.29727767,1
fields/00307__plt03060__rho.f32__c0011__dt-f32/chunk_0,3000000,35,spratio,primary,0.584352016,-1,1.75078684,1.38290802,1
fields/00307__plt03060__rho.f32__c0015__dt-f32/chunk_0,3000000,35,spratio,primary,0.232991993,-1,3.86791395,0.594453327,1
fields/00307__plt03060__rho.f32__c0005__dt-f32/chunk_0,3000000,35,spratio,primary,0.0912960023,-1,1.26100564,1.20001534,1
fields/00307__plt03060__rho.f32__c0013__dt-f32/chunk_0,3000000,35,spratio,primary,0.223839998,-1,2.54749111,0.772654998,1
fields/00307__plt03060__rho.f32__c0007__dt-f32/chunk_0,3000000,35,spratio,primary,0.234367996,-1,1.26105114,1.34304733,1
fields/00308__plt03080__part_per_cell.f32__c0007__dt-f32/chunk_0,3000000,2,ans shuffle=byte,primary,0.913119972,-1,7.5675309,1.09786997,1
fields/00308__plt03080__part_per_cell.f32__c0003__dt-f32/chunk_0,3000000,2,ans shuffle=byte,primary,0.408639997,-1,7.5990376,0.592623997,1
fields/00308__plt03080__part_per_cell.f32__c0001__dt-f32/chunk_0,3000000,0,ans,primary,0.299167991,-1,6.22688322,0.523694657,1
fields/00308__plt03080__part_per_cell.f32__c0005__dt-f32/chunk_0,3000000,2,ans shuffle=byte,primary,0.948800027,-1,7.61841656,1.13231603,1
fields/00308__plt03080__part_per_cell.f32__c0011__dt-f32/chunk_0,3000000,2,ans shuffle=byte,primary,0.428512007,-1,7.39303265,0.617622674,1
fields/00308__plt03080__part_per_cell.f32__c0015__dt-f32/chunk_0,3000000,24,gpulz shuffle=byte,primary,0.202751994,-1,32.3744481,0.245937327,1
fields/00308__plt03080__part_per_cell.f32__c0009__dt-f32/chunk_0,3000000,2,ans shuffle=byte,primary,0.707167983,-1,7.50397893,0.89348265,1
fields/00308__plt03080__part_per_cell.f32__c0013__dt-f32/chunk_0,3000000,30,ndzip shuffle=bit,primary,0.0798719972,-1,5.00413282,0.359261331,1
fields/00309__plt03080__rho.f32__c0001__dt-f32/chunk_0,3000000,35,spratio,primary,0.0737600029,-1,1.25403376,1.18864334,1
fields/00309__plt03080__rho.f32__c0005__dt-f32/chunk_0,3000000,29,ndzip,primary,0.0727040023,-1,1.15536907,1.28279467,1
fields/00309__plt03080__rho.f32__c0009__dt-f32/chunk_0,3000000,35,spratio,primary,0.246432006,-1,1.31294791,1.31128867,1
fields/00309__plt03080__rho.f32__c0007__dt-f32/chunk_0,3000000,35,spratio,primary,0.330464005,-1,1.26105948,1.43913601,1
fields/00309__plt03080__rho.f32__c0003__dt-f32/chunk_0,3000000,35,spratio,primary,0.0812480003,-1,1.26840713,1.18349767,1
fields/00310__plt03100__part_per_cell.f32__c0001__dt-f32/chunk_0,3000000,0,ans,primary,0.478080004,-1,6.23173109,0.702432004,1
fields/00309__plt03080__rho.f32__c0011__dt-f32/chunk_0,3000000,35,spratio,primary,0.227264002,-1,1.7558918,1.02349834,1
fields/00310__plt03100__part_per_cell.f32__c0005__dt-f32/chunk_0,3000000,0,ans,primary,0.761663973,-1,5.66635504,1.00840131,1
fields/00309__plt03080__rho.f32__c0015__dt-f32/chunk_0,3000000,35,spratio,primary,0.367359996,-1,3.87575206,0.728090329,1
fields/00309__plt03080__rho.f32__c0013__dt-f32/chunk_0,3000000,35,spratio,primary,0.385024011,-1,2.54679348,0.933989344,1
fields/00310__plt03100__part_per_cell.f32__c0007__dt-f32/chunk_0,3000000,2,ans shuffle=byte,primary,0.451871991,-1,7.57417239,0.636459991,1
fields/00310__plt03100__part_per_cell.f32__c0003__dt-f32/chunk_0,3000000,2,ans shuffle=byte,primary,0.207103997,-1,7.59837681,0.391103997,1
fields/00310__plt03100__part_per_cell.f32__c0011__dt-f32/chunk_0,3000000,2,ans shuffle=byte,primary,0.866208017,-1,7.39172976,1.05535202,1
fields/00310__plt03100__part_per_cell.f32__c0009__dt-f32/chunk_0,3000000,2,ans shuffle=byte,primary,0.633472025,-1,7.50185834,0.819839359,1
fields/00310__plt03100__part_per_cell.f32__c0013__dt-f32/chunk_0,3000000,30,ndzip shuffle=bit,primary,0.0921600014,-1,5.00215146,0.371660001,1
fields/00310__plt03100__part_per_cell.f32__c0015__dt-f32/chunk_0,3000000,24,gpulz shuffle=byte,primary,0.207872003,-1,32.3744481,0.251057337,1
fields/00311__plt03100__rho.f32__c0003__dt-f32/chunk_0,3000000,35,spratio,primary,0.0895359963,-1,1.26726126,1.19278233,1
fields/00311__plt03100__rho.f32__c0001__dt-f32/chunk_0,3000000,35,spratio,primary,0.0657920018,-1,1.25486817,1.179934,1
fields/00311__plt03100__rho.f32__c0005__dt-f32/chunk_0,3000000,35,spratio,primary,0.276255995,-1,1.26372979,1.38258533,1
fields/00311__plt03100__rho.f32__c0007__dt-f32/chunk_0,3000000,35,spratio,primary,0.0788799971,-1,1.26164933,1.18703366,1
fields/00311__plt03100__rho.f32__c0009__dt-f32/chunk_0,3000000,35,spratio,primary,0.172608003,-1,1.31420881,1.236443,1
fields/00311__plt03100__rho.f32__c0011__dt-f32/chunk_0,3000000,35,spratio,primary,0.0799359977,-1,1.74845791,0.879555664,1
fields/00312__plt03120__part_per_cell.f32__c0007__dt-f32/chunk_0,3000000,2,ans shuffle=byte,primary,0.213791996,-1,7.57578669,0.398340663,1
fields/00312__plt03120__part_per_cell.f32__c0009__dt-f32/chunk_0,3000000,2,ans shuffle=byte,primary,1.06876802,-1,7.49989987,1.25518402,1
fields/00311__plt03100__rho.f32__c0013__dt-f32/chunk_0,3000000,35,spratio,primary,0.0651839972,-1,2.54242,0.615093664,1
fields/00311__plt03100__rho.f32__c0015__dt-f32/chunk_0,3000000,35,spratio,primary,0.0674879998,-1,3.86246425,0.429459333,1
fields/00312__plt03120__part_per_cell.f32__c0013__dt-f32/chunk_0,3000000,30,ndzip shuffle=bit,primary,0.0829439983,-1,5.00810026,0.362111998,1
fields/00312__plt03120__part_per_cell.f32__c0001__dt-f32/chunk_0,3000000,2,ans shuffle=byte,primary,0.216895998,-1,7.58776494,0.401153331,1
fields/00312__plt03120__part_per_cell.f32__c0003__dt-f32/chunk_0,3000000,0,ans,primary,0.223072007,-1,6.02667985,0.455057341,1
fields/00312__plt03120__part_per_cell.f32__c0011__dt-f32/chunk_0,3000000,2,ans shuffle=byte,primary,0.720224023,-1,7.3966832,0.909241356,1
fields/00312__plt03120__part_per_cell.f32__c0005__dt-f32/chunk_0,3000000,0,ans,primary,0.226976007,-1,5.64576154,0.474613341,1
fields/00312__plt03120__part_per_cell.f32__c0015__dt-f32/chunk_0,3000000,30,ndzip shuffle=bit,primary,0.0798719972,-1,6.55228954,0.293247997,1
fields/00313__plt03120__rho.f32__c0003__dt-f32/chunk_0,3000000,35,spratio,primary,0.0763840005,-1,1.2657919,1.180911,1
fields/00313__plt03120__rho.f32__c0001__dt-f32/chunk_0,3000000,35,spratio,primary,0.276383996,-1,1.25512615,1.390297,1
fields/00313__plt03120__rho.f32__c0005__dt-f32/chunk_0,3000000,35,spratio,primary,0.0854080021,-1,1.26587633,1.18986134,1
fields/00313__plt03120__rho.f32__c0009__dt-f32/chunk_0,3000000,35,spratio,primary,0.277759999,-1,1.31428706,1.34153167,1
fields/00313__plt03120__rho.f32__c0007__dt-f32/chunk_0,3000000,35,spratio,primary,0.074752003,-1,1.26167855,1.18288,1
fields/00313__plt03120__rho.f32__c0011__dt-f32/chunk_0,3000000,35,spratio,primary,0.0983679965,-1,1.76400323,0.890940997,1
fields/00314__plt03140__part_per_cell.f32__c0001__dt-f32/chunk_0,3000000,2,ans shuffle=byte,primary,1.08588803,-1,7.59380952,1.26999869,1
fields/00313__plt03120__rho.f32__c0013__dt-f32/chunk_0,3000000,35,spratio,primary,0.482847989,-1,2.54139865,1.03297866,1
fields/00314__plt03140__part_per_cell.f32__c0009__dt-f32/chunk_0,3000000,2,ans shuffle=byte,primary,0.227103993,-1,7.49984622,0.413521327,1
fields/00313__plt03120__rho.f32__c0015__dt-f32/chunk_0,3000000,35,spratio,primary,0.0699520037,-1,3.8704517,0.431176337,1
fields/00314__plt03140__part_per_cell.f32__c0003__dt-f32/chunk_0,3000000,0,ans,primary,0.447456002,-1,5.9974662,0.680571336,1
fields/00314__plt03140__part_per_cell.f32__c0005__dt-f32/chunk_0,3000000,0,ans,primary,0.981248021,-1,5.65660402,1.22841069,1
fields/00314__plt03140__part_per_cell.f32__c0007__dt-f32/chunk_0,3000000,0,ans,primary,0.213632002,-1,5.5997223,0.463305336,1
fields/00314__plt03140__part_per_cell.f32__c0011__dt-f32/chunk_0,3000000,0,ans,primary,0.256256014,-1,5.98150631,0.489993347,1
fields/00314__plt03140__part_per_cell.f32__c0013__dt-f32/chunk_0,3000000,30,ndzip shuffle=bit,primary,0.0829439983,-1,4.99129383,0.363051998,1
fields/00314__plt03140__part_per_cell.f32__c0015__dt-f32/chunk_0,3000000,24,gpulz shuffle=byte,primary,0.203776002,-1,32.3744481,0.246961335,1
fields/00315__plt03140__rho.f32__c0003__dt-f32/chunk_0,3000000,29,ndzip,primary,0.0737280026,-1,1.17007677,1.268608,1
fields/00315__plt03140__rho.f32__c0013__dt-f32/chunk_0,3000000,35,spratio,primary,0.318271995,-1,2.53660023,0.869443328,1
fields/00315__plt03140__rho.f32__c0001__dt-f32/chunk_0,3000000,35,spratio,primary,0.31536001,-1,1.25461443,1.42972734,1
fields/00315__plt03140__rho.f32__c0009__dt-f32/chunk_0,3000000,35,spratio,primary,0.0951040015,-1,1.31454574,1.15866633,1
fields/00315__plt03140__rho.f32__c0005__dt-f32/chunk_0,3000000,35,spratio,primary,0.199903995,-1,1.26689455,1.30346966,1
fields/00316__plt03160__part_per_cell.f32__c0001__dt-f32/chunk_0,3000000,2,ans shuffle=byte,primary,0.624736011,-1,7.59639514,0.808784011,1
fields/00315__plt03140__rho.f32__c0011__dt-f32/chunk_0,3000000,35,spratio,primary,0.231680006,-1,1.7715395,1.02088134,1
fields/00315__plt03140__rho.f32__c0007__dt-f32/chunk_0,3000000,29,ndzip,primary,0.0727040023,-1,1.15271327,1.28558267,1
fields/00315__plt03140__rho.f32__c0015__dt-f32/chunk_0,3000000,35,spratio,primary,0.0770879984,-1,3.85836042,0.439444332,1
fields/00316__plt03160__part_per_cell.f32__c0003__dt-f32/chunk_0,3000000,2,ans shuffle=byte,primary,0.618431985,-1,7.60973627,0.802157319,1
fields/00316__plt03160__part_per_cell.f32__c0007__dt-f32/chunk_0,3000000,2,ans shuffle=byte,primary,0.356000006,-1,7.57255878,0.54062734,1
fields/00316__plt03160__part_per_cell.f32__c0005__dt-f32/chunk_0,3000000,0,ans,primary,0.876064003,-1,5.65965715,1.12309334,1
fields/00316__plt03160__part_per_cell.f32__c0013__dt-f32/chunk_0,3000000,30,ndzip shuffle=bit,primary,0.0788479969,-1,4.99790756,0.35858533,1
fields/00316__plt03160__part_per_cell.f32__c0009__dt-f32/chunk_0,3000000,2,ans shuffle=byte,primary,0.492671996,-1,7.50113385,0.67905733,1
fields/00316__plt03160__part_per_cell.f32__c0011__dt-f32/chunk_0,3000000,2,ans shuffle=byte,primary,0.232416004,-1,7.39511824,0.421473337,1
fields/00316__plt03160__part_per_cell.f32__c0015__dt-f32/chunk_0,3000000,23,gpulz shuffle=bit,primary,0.236543998,-1,32.8537277,0.279099331,1
fields/00317__plt03160__rho.f32__c0001__dt-f32/chunk_0,3000000,35,spratio,primary,0.302047998,-1,1.25442794,1.416581,1
fields/00317__plt03160__rho.f32__c0009__dt-f32/chunk_0,3000000,35,spratio,primary,0.0893760026,-1,1.31524568,1.15237234,1
fields/00317__plt03160__rho.f32__c0007__dt-f32/chunk_0,3000000,35,spratio,primary,0.222975999,-1,1.26269878,1.33020867,1
fields/00317__plt03160__rho.f32__c0003__dt-f32/chunk_0,3000000,35,spratio,primary,0.391647995,-1,1.26679354,1.49530166,1
fields/00317__plt03160__rho.f32__c0013__dt-f32/chunk_0,3000000,35,spratio,primary,0.123167999,-1,2.5375118,0.674141332,1
fields/00318__plt03180__part_per_cell.f32__c0003__dt-f32/chunk_0,3000000,0,ans,primary,0.216544002,-1,6.06430532,0.447090002,1
fields/00318__plt03180__part_per_cell.f32__c0001__dt-f32/chunk_0,3000000,0,ans,primary,0.783360004,-1,6.22899167,1.00781067,1
fields/00317__plt03160__rho.f32__c0005__dt-f32/chunk_0,3000000,35,spratio,primary,0.547839999,-1,1.26688767,1.65141167,1
fields/00317__plt03160__rho.f32__c0011__dt-f32/chunk_0,3000000,35,spratio,primary,0.211776003,-1,1.78104728,0.996764337,1
fields/00317__plt03160__rho.f32__c0015__dt-f32/chunk_0,3000000,35,spratio,primary,0.0655039996,-1,3.86598164,0.427146,1
fields/00318__plt03180__part_per_cell.f32__c0011__dt-f32/chunk_0,3000000,2,ans shuffle=byte,primary,1.19811201,-1,7.3961093,1.38714401,1
fields/00318__plt03180__part_per_cell.f32__c0005__dt-f32/chunk_0,3000000,2,ans shuffle=byte,primary,0.871487975,-1,7.61761405,1.05502331,1
fields/00318__plt03180__part_per_cell.f32__c0007__dt-f32/chunk_0,3000000,2,ans shuffle=byte,primary,0.427327991,-1,7.57436388,0.611911324,1
fields/00318__plt03180__part_per_cell.f32__c0009__dt-f32/chunk_0,3000000,0,ans,primary,0.232511997,-1,5.56616273,0.483690664,1
fields/00318__plt03180__part_per_cell.f32__c0013__dt-f32/chunk_0,3000000,2,ans shuffle=byte,primary,1.02889597,-1,7.35125737,1.21908131,1
fields/00318__plt03180__part_per_cell.f32__c0015__dt-f32/chunk_0,3000000,30,ndzip shuffle=bit,primary,0.0972800031,-1,6.55228954,0.310656003,1
fields/00319__plt03180__rho.f32__c0005__dt-f32/chunk_0,3000000,35,spratio,primary,0.349727988,-1,1.26660609,1.45354499,1
fields/00319__plt03180__rho.f32__c0001__dt-f32/chunk_0,3000000,35,spratio,primary,0.100064002,-1,1.25404913,1.21493367,1
fields/00319__plt03180__rho.f32__c0003__dt-f32/chunk_0,3000000,35,spratio,primary,0.0828159973,-1,1.26522985,1.18783366,1
fields/00319__plt03180__rho.f32__c0009__dt-f32/chunk_0,3000000,35,spratio,primary,0.119935997,-1,1.31608552,1.182254,1
fields/00319__plt03180__rho.f32__c0011__dt-f32/chunk_0,3000000,35,spratio,primary,0.216319993,-1,1.78125377,1.00121733,1
fields/00319__plt03180__rho.f32__c0007__dt-f32/chunk_0,3000000,35,spratio,primary,0.226272002,-1,1.2627558,1.33345467,1
fields/00320__plt03200__part_per_cell.f32__c0001__dt-f32/chunk_0,3000000,0,ans,primary,0.40959999,-1,6.2340096,0.63386999,1
fields/00319__plt03180__rho.f32__c0013__dt-f32/chunk_0,3000000,35,spratio,primary,0.321056008,-1,2.53666006,0.872214342,1
fields/00319__plt03180__rho.f32__c0015__dt-f32/chunk_0,3000000,35,spratio,primary,0.398975998,-1,3.87388348,0.759880331,1
fields/00320__plt03200__part_per_cell.f32__c0003__dt-f32/chunk_0,3000000,0,ans,primary,0.88191998,-1,6.12232077,1.11028131,1
fields/00320__plt03200__part_per_cell.f32__c0007__dt-f32/chunk_0,3000000,2,ans shuffle=byte,primary,0.940415978,-1,7.57403562,1.12500731,1
fields/00320__plt03200__part_per_cell.f32__c0005__dt-f32/chunk_0,3000000,0,ans,primary,0.410463989,-1,5.72351191,0.654737322,1
fields/00320__plt03200__part_per_cell.f32__c0009__dt-f32/chunk_0,3000000,0,ans,primary,0.491744012,-1,5.58513721,0.742069345,1
fields/00320__plt03200__part_per_cell.f32__c0011__dt-f32/chunk_0,3000000,0,ans,primary,0.213952005,-1,6.04952346,0.445061338,1
fields/00320__plt03200__part_per_cell.f32__c0015__dt-f32/chunk_0,3000000,24,gpulz shuffle=byte,primary,0.910336018,-1,32.3744481,0.953521351,1
fields/00320__plt03200__part_per_cell.f32__c0013__dt-f32/chunk_0,3000000,30,ndzip shuffle=bit,primary,0.0839679986,-1,4.98853932,0.364230665,1
fields/00321__plt03200__rho.f32__c0001__dt-f32/chunk_0,3000000,35,spratio,primary,0.21728,-1,1.25301887,1.33306633,1
fields/00321__plt03200__rho.f32__c0003__dt-f32/chunk_0,3000000,35,spratio,primary,0.391808003,-1,1.26568266,1.49643034,1
fields/00321__plt03200__rho.f32__c0005__dt-f32/chunk_0,3000000,35,spratio,primary,0.455168009,-1,1.26629138,1.55925934,1
fields/00321__plt03200__rho.f32__c0007__dt-f32/chunk_0,3000000,35,spratio,primary,0.233824,-1,1.26346826,1.34038233,1
fields/00321__plt03200__rho.f32__c0015__dt-f32/chunk_0,3000000,35,spratio,primary,0.305536002,-1,3.86095316,0.667649002,1
fields/00321__plt03200__rho.f32__c0009__dt-f32/chunk_0,3000000,29,ndzip,primary,0.0706560016,-1,1.15136529,1.28495467,1
fields/00321__plt03200__rho.f32__c0013__dt-f32/chunk_0,3000000,35,spratio,primary,0.33494401,-1,2.53248489,0.88701101,1
fields/00322__plt03220__part_per_cell.f32__c0005__dt-f32/chunk_0,3000000,0,ans,primary,0.44876799,-1,5.77498733,0.69086399,1
fields/00321__plt03200__rho.f32__c0011__dt-f32/chunk_0,3000000,35,spratio,primary,0.339583993,-1,1.77494604,1.12727066,1
fields/00322__plt03220__part_per_cell.f32__c0007__dt-f32/chunk_0,3000000,2,ans shuffle=byte,primary,0.195168003,-1,7.57474689,0.379742003,1
fields/00322__plt03220__part_per_cell.f32__c0003__dt-f32/chunk_0,3000000,2,ans shuffle=byte,primary,0.413792014,-1,7.60962582,0.597520014,1
fields/00322__plt03220__part_per_cell.f32__c0001__dt-f32/chunk_0,3000000,2,ans shuffle=byte,primary,0.976736009,-1,7.600938,1.16067401,1
fields/00322__plt03220__part_per_cell.f32__c0011__dt-f32/chunk_0,3000000,2,ans shuffle=byte,primary,0.375072002,-1,7.39178186,0.564214669,1
fields/00322__plt03220__part_per_cell.f32__c0015__dt-f32/chunk_0,3000000,9,bitcomp type=int,primary,0.482656002,-1,17.541169,0.562360002,1
fields/00322__plt03220__part_per_cell.f32__c0009__dt-f32/chunk_0,3000000,2,ans shuffle=byte,primary,0.216128007,-1,7.50564404,0.40240134,1
fields/00322__plt03220__part_per_cell.f32__c0013__dt-f32/chunk_0,3000000,30,ndzip shuffle=bit,primary,0.0921600014,-1,5.00062473,0.371745335,1
fields/00323__plt03220__rho.f32__c0001__dt-f32/chunk_0,3000000,35,spratio,primary,0.341919988,-1,1.2532862,1.45746832,1
fields/00323__plt03220__rho.f32__c0003__dt-f32/chunk_0,3000000,35,spratio,primary,0.245120004,-1,1.26466219,1.35063367,1
fields/00323__plt03220__rho.f32__c0005__dt-f32/chunk_0,3000000,35,spratio,primary,0.239199996,-1,1.26508369,1.34434533,1
fields/00323__plt03220__rho.f32__c0007__dt-f32/chunk_0,3000000,35,spratio,primary,0.244928002,-1,1.26395447,1.35106067,1
fields/00323__plt03220__rho.f32__c0009__dt-f32/chunk_0,3000000,35,spratio,primary,0.318688005,-1,1.31931575,1.37840501,1
fields/00323__plt03220__rho.f32__c0011__dt-f32/chunk_0,3000000,35,spratio,primary,0.101311997,-1,1.78617226,0.884047997,1
fields/00324__plt03240__part_per_cell.f32__c0001__dt-f32/chunk_0,3000000,0,ans,primary,1.01299202,-1,6.24836726,1.23674669,1
fields/00323__plt03220__rho.f32__c0013__dt-f32/chunk_0,3000000,35,spratio,primary,0.0836160034,-1,2.53212254,0.635762003,1
fields/00324__plt03240__part_per_cell.f32__c0003__dt-f32/chunk_0,3000000,0,ans,primary,0.227968007,-1,6.12098057,0.456379341,1
fields/00324__plt03240__part_per_cell.f32__c0011__dt-f32/chunk_0,3000000,2,ans shuffle=byte,primary,0.577503979,-1,7.39225086,0.766634646,1
fields/00323__plt03220__rho.f32__c0015__dt-f32/chunk_0,3000000,35,spratio,primary,0.223967999,-1,3.8716557,0.585079999,1
fields/00324__plt03240__part_per_cell.f32__c0007__dt-f32/chunk_0,3000000,2,ans shuffle=byte,primary,0.233792007,-1,7.57439124,0.418374674,1
fields/00324__plt03240__part_per_cell.f32__c0005__dt-f32/chunk_0,3000000,2,ans shuffle=byte,primary,0.402016014,-1,7.63022471,0.585248014,1
fields/00324__plt03240__part_per_cell.f32__c0015__dt-f32/chunk_0,3000000,9,bitcomp type=int,primary,0.203007996,-1,17.541169,0.282711996,1
fields/00324__plt03240__part_per_cell.f32__c0009__dt-f32/chunk_0,3000000,2,ans shuffle=byte,primary,0.204448,-1,7.51158534,0.390574,1
fields/00324__plt03240__part_per_cell.f32__c0013__dt-f32/chunk_0,3000000,30,ndzip shuffle=bit,primary,0.0788479969,-1,4.97132156,0.36008133,1
fields/00325__plt03240__rho.f32__c0005__dt-f32/chunk_0,3000000,35,spratio,primary,0.262623996,-1,1.2656185,1.36730233,1
fields/00325__plt03240__rho.f32__c0003__dt-f32/chunk_0,3000000,35,spratio,primary,0.0893760026,-1,1.26495778,1.19463134,1
fields/00325__plt03240__rho.f32__c0001__dt-f32/chunk_0,3000000,35,spratio,primary,0.222816005,-1,1.25279955,1.33879767,1
fields/00325__plt03240__rho.f32__c0009__dt-f32/chunk_0,3000000,35,spratio,primary,0.0796160027,-1,1.32084718,1.13810434,1
fields/00326__plt03260__part_per_cell.f32__c0001__dt-f32/chunk_0,3000000,2,ans shuffle=byte,primary,0.407263994,-1,7.59031897,0.591459328,1
fields/00325__plt03240__rho.f32__c0013__dt-f32/chunk_0,3000000,35,spratio,primary,0.296063989,-1,2.52867096,0.848963656,1
fields/00325__plt03240__rho.f32__c0007__dt-f32/chunk_0,3000000,35,spratio,primary,0.330080003,-1,1.26457297,1.43567167,1
fields/00326__plt03260__part_per_cell.f32__c0003__dt-f32/chunk_0,3000000,0,ans,primary,0.415711999,-1,6.16410558,0.642525332,1
fields/00326__plt03260__part_per_cell.f32__c0005__dt-f32/chunk_0,3000000,2,ans shuffle=byte,primary,0.977631986,-1,7.62916991,1.16088932,1
fields/00325__plt03240__rho.f32__c0015__dt-f32/chunk_0,3000000,35,spratio,primary,0.227456003,-1,3.85812618,0.589834337,1
fields/00326__plt03260__part_per_cell.f32__c0007__dt-f32/chunk_0,3000000,2,ans shuffle=byte,primary,0.98169601,-1,7.577785,1.16619601,1
fields/00325__plt03240__rho.f32__c0011__dt-f32/chunk_0,3000000,35,spratio,primary,0.208287999,-1,1.77808904,0.994582332,1
fields/00326__plt03260__part_per_cell.f32__c0009__dt-f32/chunk_0,3000000,2,ans shuffle=byte,primary,0.394400001,-1,7.5113432,0.580532001,1
fields/00326__plt03260__part_per_cell.f32__c0011__dt-f32/chunk_0,3000000,0,ans,primary,0.256128013,-1,6.05773641,0.486924013,1
fields/00326__plt03260__part_per_cell.f32__c0013__dt-f32/chunk_0,3000000,9,bitcomp type=int,primary,0.378143996,-1,10.0606956,0.517110663,1
fields/00326__plt03260__part_per_cell.f32__c0015__dt-f32/chunk_0,3000000,24,gpulz shuffle=byte,primary,0.196608007,-1,32.3744481,0.23979334,1
fields/00327__plt03260__rho.f32__c0001__dt-f32/chunk_0,3000000,35,spratio,primary,0.0671359971,-1,1.25237348,1.18349733,1
fields/00327__plt03260__rho.f32__c0003__dt-f32/chunk_0,3000000,35,spratio,primary,0.106175996,-1,1.26478041,1.21158633,1
fields/00327__plt03260__rho.f32__c0005__dt-f32/chunk_0,3000000,35,spratio,primary,0.0750719979,-1,1.26701243,1.178535,1
fields/00327__plt03260__rho.f32__c0009__dt-f32/chunk_0,3000000,35,spratio,primary,0.072800003,-1,1.32066377,1.13143534,1
fields/00327__plt03260__rho.f32__c0007__dt-f32/chunk_0,3000000,35,spratio,primary,0.160512,-1,1.26538329,1.26539567,1
fields/00328__plt03280__part_per_cell.f32__c0003__dt-f32/chunk_0,3000000,2,ans shuffle=byte,primary,0.423839986,-1,7.6154564,0.60742732,1
fields/00327__plt03260__rho.f32__c0015__dt-f32/chunk_0,3000000,35,spratio,primary,0.350560009,-1,3.86541515,0.712255009,1
fields/00327__plt03260__rho.f32__c0011__dt-f32/chunk_0,3000000,35,spratio,primary,0.0838399976,-1,1.79076546,0.864568331,1
fields/00328__plt03280__part_per_cell.f32__c0001__dt-f32/chunk_0,3000000,2,ans shuffle=byte,primary,0.414591998,-1,7.59628508,0.598642665,1
fields/00327__plt03260__rho.f32__c0013__dt-f32/chunk_0,3000000,35,spratio,primary,0.187616006,-1,2.52781144,0.740703672,1
fields/00328__plt03280__part_per_cell.f32__c0007__dt-f32/chunk_0,3000000,2,ans shuffle=byte,primary,0.67187202,-1,7.57696365,0.85639202,1
fields/00328__plt03280__part_per_cell.f32__c0005__dt-f32/chunk_0,3000000,0,ans,primary,0.52681601,-1,5.80780521,0.76754401,1
fields/00328__plt03280__part_per_cell.f32__c0009__dt-f32/chunk_0,3000000,0,ans,primary,0.95727998,-1,5.61877612,1.20610665,1
fields/00328__plt03280__part_per_cell.f32__c0011__dt-f32/chunk_0,3000000,30,ndzip shuffle=bit,primary,0.0829439983,-1,3.74050583,0.456717332,1
fields/00328__plt03280__part_per_cell.f32__c0015__dt-f32/chunk_0,3000000,24,gpulz shuffle=byte,primary,0.180224001,-1,32.3744481,0.223409335,1
fields/00328__plt03280__part_per_cell.f32__c0013__dt-f32/chunk_0,3000000,30,ndzip shuffle=bit,primary,0.0808959976,-1,4.99167401,0.360982664,1
fields/00329__plt03280__rho.f32__c0005__dt-f32/chunk_0,3000000,38,spspeed,primary,0.0659840032,-1,1.18773992,1.24309467,1
fields/00329__plt03280__rho.f32__c0001__dt-f32/chunk_0,3000000,35,spratio,primary,0.0839999989,-1,1.25194808,1.20074067,1
fields/00329__plt03280__rho.f32__c0003__dt-f32/chunk_0,3000000,35,spratio,primary,0.067904003,-1,1.26728078,1.17113334,1
fields/00329__plt03280__rho.f32__c0011__dt-f32/chunk_0,3000000,35,spratio,primary,0.256864011,-1,1.8056948,1.03113734,1
fields/00329__plt03280__rho.f32__c0007__dt-f32/chunk_0,3000000,35,spratio,primary,0.0908799991,-1,1.26528786,1.195847,1
fields/00329__plt03280__rho.f32__c0013__dt-f32/chunk_0,3000000,35,spratio,primary,0.0868799984,-1,2.52752354,0.640030665,1
fields/00329__plt03280__rho.f32__c0015__dt-f32/chunk_0,3000000,35,spratio,primary,0.0871360004,-1,3.8750932,0.447927667,1
fields/00329__plt03280__rho.f32__c0009__dt-f32/chunk_0,3000000,35,spratio,primary,0.588768005,-1,1.32004571,1.64789901,1
fields/00330__plt03300__part_per_cell.f32__c0001__dt-f32/chunk_0,3000000,2,ans shuffle=byte,primary,0.938751996,-1,7.58617297,1.123048,1
fields/00330__plt03300__part_per_cell.f32__c0005__dt-f32/chunk_0,3000000,2,ans shuffle=byte,primary,0.837248027,-1,7.63541966,1.02035536,1
fields/00330__plt03300__part_per_cell.f32__c0007__dt-f32/chunk_0,3000000,2,ans shuffle=byte,primary,0.364991993,-1,7.58142847,0.549403326,1
fields/00330__plt03300__part_per_cell.f32__c0003__dt-f32/chunk_0,3000000,0,ans,primary,0.953087986,-1,6.15637889,1.18018599,1
fields/00330__plt03300__part_per_cell.f32__c0009__dt-f32/chunk_0,3000000,0,ans,primary,0.781632006,-1,5.59207726,1.03164667,1
fields/00330__plt03300__part_per_cell.f32__c0011__dt-f32/chunk_0,3000000,2,ans shuffle=byte,primary,0.767967999,-1,7.39308478,0.957077332,1
fields/00330__plt03300__part_per_cell.f32__c0013__dt-f32/chunk_0,3000000,30,ndzip shuffle=bit,primary,0.155647993,-1,4.96177087,0.43742266,1
fields/00330__plt03300__part_per_cell.f32__c0015__dt-f32/chunk_0,3000000,24,gpulz shuffle=byte,primary,0.276479989,-1,32.3744481,0.319665323,1
fields/00331__plt03300__rho.f32__c0007__dt-f32/chunk_0,3000000,35,spratio,primary,0.397983998,-1,1.26570825,1.502584,1
fields/00331__plt03300__rho.f32__c0001__dt-f32/chunk_0,3000000,35,spratio,primary,0.230912,-1,1.25308962,1.34663533,1
fields/00331__plt03300__rho.f32__c0003__dt-f32/chunk_0,3000000,35,spratio,primary,0.37894401,-1,1.26875053,1.48089534,1
fields/00331__plt03300__rho.f32__c0005__dt-f32/chunk_0,3000000,35,spratio,primary,0.232896,-1,1.27059385,1.33324867,1
fields/00331__plt03300__rho.f32__c0009__dt-f32/chunk_0,3000000,35,spratio,primary,0.293632001,-1,1.32202663,1.351176,1
fields/00331__plt03300__rho.f32__c0011__dt-f32/chunk_0,3000000,35,spratio,primary,0.062624,-1,1.8052386,0.837093,1
fields/00331__plt03300__rho.f32__c0013__dt-f32/chunk_0,3000000,35,spratio,primary,0.219007999,-1,2.5231112,0.773125999,1
fields/00332__plt03320__part_per_cell.f32__c0001__dt-f32/chunk_0,3000000,2,ans shuffle=byte,primary,0.947871983,-1,7.59744089,1.13189465,1
fields/00332__plt03320__part_per_cell.f32__c0007__dt-f32/chunk_0,3000000,0,ans,primary,0.253567994,-1,5.64193399,0.501373327,1
fields/00332__plt03320__part_per_cell.f32__c0005__dt-f32/chunk_0,3000000,0,ans,primary,0.77164799,-1,5.93606386,1.00717466,1
fields/00331__plt03300__rho.f32__c0015__dt-f32/chunk_0,3000000,35,spratio,primary,0.129887998,-1,3.86083233,0.492012331,1
fields/00332__plt03320__part_per_cell.f32__c0003__dt-f32/chunk_0,3000000,0,ans,primary,0.455680013,-1,6.17455924,0.682109346,1
fields/00332__plt03320__part_per_cell.f32__c0009__dt-f32/chunk_0,3000000,0,ans,primary,0.662432015,-1,5.66136835,0.909386682,1
fields/00332__plt03320__part_per_cell.f32__c0013__dt-f32/chunk_0,3000000,9,bitcomp type=int,primary,0.956991971,-1,10.0154352,1.09658664,1
fields/00332__plt03320__part_per_cell.f32__c0011__dt-f32/chunk_0,3000000,2,ans shuffle=byte,primary,0.666400015,-1,7.39115663,0.855558682,1
fields/00332__plt03320__part_per_cell.f32__c0015__dt-f32/chunk_0,3000000,24,gpulz shuffle=byte,primary,0.738304019,-1,32.3744481,0.781489352,1
fields/00333__plt03320__rho.f32__c0011__dt-f32/chunk_0,3000000,35,spratio,primary,0.0842240006,-1,1.81210436,0.855758667,1
fields/00333__plt03320__rho.f32__c0001__dt-f32/chunk_0,3000000,35,spratio,primary,0.0895679966,-1,1.25392766,1.20454566,1
fields/00333__plt03320__rho.f32__c0003__dt-f32/chunk_0,3000000,38,spspeed,primary,0.253472,-1,1.18841299,1.429916,1
fields/00333__plt03320__rho.f32__c0005__dt-f32/chunk_0,3000000,35,spratio,primary,0.0659200028,-1,1.27140652,1.16556934,1
fields/00334__plt03340__part_per_cell.f32__c0001__dt-f32/chunk_0,3000000,0,ans,primary,0.271584004,-1,6.26232367,0.494840004,1
fields/00333__plt03320__rho.f32__c0013__dt-f32/chunk_0,3000000,35,spratio,primary,0.0687360018,-1,2.52235102,0.623021002,1
fields/00333__plt03320__rho.f32__c0007__dt-f32/chunk_0,3000000,35,spratio,primary,0.0819839984,-1,1.26591072,1.18640733,1
fields/00334__plt03340__part_per_cell.f32__c0003__dt-f32/chunk_0,3000000,2,ans shuffle=byte,primary,0.413471997,-1,7.61935765,0.59696533,1
fields/00334__plt03340__part_per_cell.f32__c0005__dt-f32/chunk_0,3000000,2,ans shuffle=byte,primary,0.252319992,-1,7.63594789,0.435414658,1
fields/00333__plt03320__rho.f32__c0009__dt-f32/chunk_0,3000000,35,spratio,primary,0.0672319978,-1,1.31874041,1.12741133,1
fields/00334__plt03340__part_per_cell.f32__c0007__dt-f32/chunk_0,3000000,2,ans shuffle=byte,primary,0.244031996,-1,7.57619722,0.428570662,1
fields/00333__plt03320__rho.f32__c0015__dt-f32/chunk_0,3000000,35,spratio,primary,0.0781119987,-1,3.87159852,0.439229332,1
fields/00334__plt03340__part_per_cell.f32__c0009__dt-f32/chunk_0,3000000,2,ans shuffle=byte,primary,0.443103999,-1,7.51349608,0.629182666,1
fields/00334__plt03340__part_per_cell.f32__c0011__dt-f32/chunk_0,3000000,2,ans shuffle=byte,primary,0.383392006,-1,7.39105243,0.572553339,1
fields/00335__plt03340__rho.f32__c0001__dt-f32/chunk_0,3000000,35,spratio,primary,0.086240001,-1,1.25397489,1.20117567,1
fields/00334__plt03340__part_per_cell.f32__c0013__dt-f32/chunk_0,3000000,2,ans shuffle=byte,primary,0.347296,-1,7.33973107,0.53778,1
fields/00334__plt03340__part_per_cell.f32__c0015__dt-f32/chunk_0,3000000,24,gpulz shuffle=byte,primary,0.206847996,-1,32.3744481,0.250033329,1
fields/00335__plt03340__rho.f32__c0007__dt-f32/chunk_0,3000000,35,spratio,primary,0.204096004,-1,1.26664013,1.30788334,1
fields/00335__plt03340__rho.f32__c0005__dt-f32/chunk_0,3000000,35,spratio,primary,0.0960640013,-1,1.27119728,1.19589433,1
fields/00335__plt03340__rho.f32__c0003__dt-f32/chunk_0,3000000,35,spratio,primary,0.106207997,-1,1.26882076,1.20809833,1
fields/00335__plt03340__rho.f32__c0015__dt-f32/chunk_0,3000000,35,spratio,primary,0.229599997,-1,3.85794874,0.591994997,1
fields/00335__plt03340__rho.f32__c0009__dt-f32/chunk_0,3000000,35,spratio,primary,0.0646720007,-1,1.31884491,1.12476733,1
fields/00336__plt03360__part_per_cell.f32__c0001__dt-f32/chunk_0,3000000,2,ans shuffle=byte,primary,0.358464003,-1,7.60245349,0.542365336,1
fields/00335__plt03340__rho.f32__c0011__dt-f32/chunk_0,3000000,35,spratio,primary,0.12032,-1,1.82162803,0.887821,1
fields/00336__plt03360__part_per_cell.f32__c0003__dt-f32/chunk_0,3000000,2,ans shuffle=byte,primary,0.81180799,-1,7.62273643,0.99521999,1
fields/00335__plt03340__rho.f32__c0013__dt-f32/chunk_0,3000000,35,spratio,primary,0.0594240017,-1,2.51855846,0.614543668,1
fields/00336__plt03360__part_per_cell.f32__c0005__dt-f32/chunk_0,3000000,0,ans,primary,0.571135998,-1,6.00873883,0.803813998,1
fields/00336__plt03360__part_per_cell.f32__c0007__dt-f32/chunk_0,3000000,2,ans shuffle=byte,primary,0.419584006,-1,7.58386854,0.603936006,1
fields/00336__plt03360__part_per_cell.f32__c0011__dt-f32/chunk_0,3000000,0,ans,primary,0.236256003,-1,6.13704788,0.464069337,1
fields/00336__plt03360__part_per_cell.f32__c0009__dt-f32/chunk_0,3000000,2,ans shuffle=byte,primary,0.208959997,-1,7.51508462,0.39499933,1
fields/00336__plt03360__part_per_cell.f32__c0015__dt-f32/chunk_0,3000000,24,gpulz shuffle=byte,primary,0.206847996,-1,32.3744481,0.250033329,1
fields/00336__plt03360__part_per_cell.f32__c0013__dt-f32/chunk_0,3000000,30,ndzip shuffle=bit,primary,0.0808959976,-1,4.96372037,0.362559998,1
fields/00337__plt03360__rho.f32__c0003__dt-f32/chunk_0,3000000,35,spratio,primary,0.0843520015,-1,1.26984873,1.18535033,1
fields/00337__plt03360__rho.f32__c0001__dt-f32/chunk_0,3000000,35,spratio,primary,0.0711359978,-1,1.25482838,1.18531333,1
fields/00337__plt03360__rho.f32__c0005__dt-f32/chunk_0,3000000,35,spratio,primary,0.30272001,-1,1.27043914,1.40320668,1
fields/00337__plt03360__rho.f32__c0009__dt-f32/chunk_0,3000000,35,spratio,primary,0.227072001,-1,1.32290436,1.28391433,1
fields/00337__plt03360__rho.f32__c0007__dt-f32/chunk_0,3000000,35,spratio,primary,0.0859199986,-1,1.26690565,1.189476,1
fields/00337__plt03360__rho.f32__c0015__dt-f32/chunk_0,3000000,35,spratio,primary,0.233311996,-1,3.86388752,0.595149996,1
fields/00337__plt03360__rho.f32__c0011__dt-f32/chunk_0,3000000,35,spratio,primary,0.229343995,-1,1.83544025,0.991069329,1
fields/00338__plt03380__part_per_cell.f32__c0003__dt-f32/chunk_0,3000000,2,ans shuffle=byte,primary,0.421440005,-1,7.62875362,0.604707339,1
fields/00337__plt03360__rho.f32__c0013__dt-f32/chunk_0,3000000,35,spratio,primary,0.649215996,-1,2.51775114,1.20451366,1
fields/00338__plt03380__part_per_cell.f32__c0007__dt-f32/chunk_0,3000000,0,ans,primary,0.642015994,-1,5.75197273,0.88508066,1
fields/00338__plt03380__part_per_cell.f32__c0001__dt-f32/chunk_0,3000000,0,ans,primary,0.289759994,-1,6.2669647,0.51285066,1
fields/00338__plt03380__part_per_cell.f32__c0011__dt-f32/chunk_0,3000000,30,ndzip shuffle=bit,primary,0.0911360011,-1,3.77829825,0.461170668,1
fields/00338__plt03380__part_per_cell.f32__c0009__dt-f32/chunk_0,3000000,0,ans,primary,0.450271994,-1,5.79414991,0.691567327,1
fields/00338__plt03380__part_per_cell.f32__c0015__dt-f32/chunk_0,3000000,9,bitcomp type=int,primary,0.385663986,-1,17.541169,0.465367986,1
fields/00338__plt03380__part_per_cell.f32__c0013__dt-f32/chunk_0,3000000,30,ndzip shuffle=bit,primary,0.125952005,-1,4.97448183,0.407006672,1
fields/00338__plt03380__part_per_cell.f32__c0005__dt-f32/chunk_0,3000000,0,ans,primary,1.01705599,-1,5.96056139,1.25161465,1
fields/00339__plt03380__rho.f32__c0005__dt-f32/chunk_0,3000000,35,spratio,primary,0.079648003,-1,1.27072897,1.17988367,1
fields/00339__plt03380__rho.f32__c0001__dt-f32/chunk_0,3000000,35,spratio,primary,0.0776320025,-1,1.2566209,1.19022,1
fields/00339__plt03380__rho.f32__c0003__dt-f32/chunk_0,3000000,35,spratio,primary,0.239168003,-1,1.26892325,1.34096934,1
fields/00339__plt03380__rho.f32__c0007__dt-f32/chunk_0,3000000,35,spratio,primary,0.0701759979,-1,1.26725168,1.17343066,1
fields/00339__plt03380__rho.f32__c0011__dt-f32/chunk_0,3000000,35,spratio,primary,0.0864640027,-1,1.84859378,0.842769336,1
fields/00339__plt03380__rho.f32__c0009__dt-f32/chunk_0,3000000,35,spratio,primary,0.351680011,-1,1.32083304,1.41017968,1
fields/00339__plt03380__rho.f32__c0015__dt-f32/chunk_0,3000000,35,spratio,primary,0.434047997,-1,3.87424846,0.79491833,1
fields/00339__plt03380__rho.f32__c0013__dt-f32/chunk_0,3000000,35,spratio,primary,0.0905599967,-1,2.51768464,0.64587233,1
fields/00340__plt03400__part_per_cell.f32__c0003__dt-f32/chunk_0,3000000,2,ans shuffle=byte,primary,0.373248011,-1,7.62561906,0.556590678,1
fields/00340__plt03400__part_per_cell.f32__c0007__dt-f32/chunk_0,3000000,0,ans,primary,0.231135994,-1,5.75675691,0.473998661,1
fields/00340__plt03400__part_per_cell.f32__c0001__dt-f32/chunk_0,3000000,2,ans shuffle=byte,primary,1.068928,-1,7.59380952,1.25303867,1
fields/00340__plt03400__part_per_cell.f32__c0009__dt-f32/chunk_0,3000000,0,ans,primary,0.214304,-1,5.79023049,0.455762667,1
fields/00340__plt03400__part_per_cell.f32__c0011__dt-f32/chunk_0,3000000,2,ans shuffle=byte,primary,0.44451201,-1,7.38922949,0.63372001,1
fields/00340__plt03400__part_per_cell.f32__c0013__dt-f32/chunk_0,3000000,30,ndzip shuffle=bit,primary,0.0829439983,-1,4.96170044,0.364722665,1
fields/00340__plt03400__part_per_cell.f32__c0015__dt-f32/chunk_0,3000000,24,gpulz shuffle=byte,primary,0.282624006,-1,32.3744481,0.32580934,1
fields/00340__plt03400__part_per_cell.f32__c0005__dt-f32/chunk_0,3000000,2,ans shuffle=byte,primary,0.336288005,-1,7.64346216,0.519202672,1
fields/00341__plt03400__rho.f32__c0001__dt-f32/chunk_0,3000000,35,spratio,primary,0.396544009,-1,1.25795092,1.50795568,1
fields/00341__plt03400__rho.f32__c0003__dt-f32/chunk_0,3000000,35,spratio,primary,0.0793600008,-1,1.2686849,1.18136833,1
fields/00341__plt03400__rho.f32__c0005__dt-f32/chunk_0,3000000,35,spratio,primary,0.214175999,-1,1.27128822,1.31392767,1
fields/00341__plt03400__rho.f32__c0007__dt-f32/chunk_0,3000000,35,spratio,primary,0.236384004,-1,1.26774235,1.33921167,1
fields/00341__plt03400__rho.f32__c0015__dt-f32/chunk_0,3000000,35,spratio,primary,0.0724800006,-1,3.86162856,0.434529667,1
fields/00342__plt03420__part_per_cell.f32__c0001__dt-f32/chunk_0,3000000,0,ans,primary,0.234816,-1,6.27221285,0.45772,1
fields/00341__plt03400__rho.f32__c0009__dt-f32/chunk_0,3000000,35,spratio,primary,0.0782079995,-1,1.32245847,1.13540667,1
fields/00342__plt03420__part_per_cell.f32__c0007__dt-f32/chunk_0,3000000,0,ans,primary,0.518751979,-1,5.76945848,0.761079979,1
fields/00341__plt03400__rho.f32__c0011__dt-f32/chunk_0,3000000,35,spratio,primary,0.072800003,-1,1.84926537,0.82883067,1
fields/00341__plt03400__rho.f32__c0013__dt-f32/chunk_0,3000000,35,spratio,primary,0.070848003,-1,2.51381419,0.627015336,1
fields/00342__plt03420__part_per_cell.f32__c0003__dt-f32/chunk_0,3000000,0,ans,primary,0.218559995,-1,6.22084321,0.443304662,1
fields/00342__plt03420__part_per_cell.f32__c0005__dt-f32/chunk_0,3000000,0,ans,primary,0.248127997,-1,6.11370017,0.47681133,1
fields/00342__plt03420__part_per_cell.f32__c0009__dt-f32/chunk_0,3000000,0,ans,primary,1.01129603,-1,5.82498535,1.25131403,1
fields/00342__plt03420__part_per_cell.f32__c0011__dt-f32/chunk_0,3000000,0,ans,primary,0.40959999,-1,6.15325392,0.636813323,1
fields/00342__plt03420__part_per_cell.f32__c0013__dt-f32/chunk_0,3000000,2,ans shuffle=byte,primary,0.950399995,-1,7.34641604,1.14071066,1
fields/00343__plt03420__rho.f32__c0007__dt-f32/chunk_0,3000000,35,spratio,primary,0.0699200034,-1,1.26838373,1.17219,1
fields/00343__plt03420__rho.f32__c0001__dt-f32/chunk_0,3000000,35,spratio,primary,0.0848959982,-1,1.26118271,1.19345966,1
fields/00343__plt03420__rho.f32__c0013__dt-f32/chunk_0,3000000,35,spratio,primary,0.0875200033,-1,2.51349784,0.643757337,1
fields/00342__plt03420__part_per_cell.f32__c0015__dt-f32/chunk_0,3000000,24,gpulz shuffle=byte,primary,0.188416004,-1,32.3744481,0.231601338,1
fields/00343__plt03420__rho.f32__c0003__dt-f32/chunk_0,3000000,35,spratio,primary,0.0724800006,-1,1.27102201,1.172462,1
fields/00343__plt03420__rho.f32__c0005__dt-f32/chunk_0,3000000,35,spratio,primary,0.0793600008,-1,1.27178625,1.178681,1
fields/00344__plt03440__part_per_cell.f32__c0005__dt-f32/chunk_0,3000000,0,ans,primary,0.613344014,-1,6.11118817,0.842121347,1
fields/00343__plt03420__rho.f32__c0015__dt-f32/chunk_0,3000000,35,spratio,primary,0.0724800006,-1,3.8694055,0.433802001,1
fields/00343__plt03420__rho.f32__c0011__dt-f32/chunk_0,3000000,35,spratio,primary,0.233631998,-1,1.85290813,0.988176332,1
fields/00343__plt03420__rho.f32__c0009__dt-f32/chunk_0,3000000,35,spratio,primary,0.0917759985,-1,1.32352427,1.14812333,1
fields/00344__plt03440__part_per_cell.f32__c0007__dt-f32/chunk_0,3000000,2,ans shuffle=byte,primary,0.973760009,-1,7.58367657,1.15811668,1
fields/00344__plt03440__part_per_cell.f32__c0001__dt-f32/chunk_0,3000000,0,ans,primary,0.537311971,-1,6.27003755,0.760293305,1
fields/00344__plt03440__part_per_cell.f32__c0003__dt-f32/chunk_0,3000000,0,ans,primary,0.249855995,-1,6.22244904,0.474542662,1
fields/00344__plt03440__part_per_cell.f32__c0009__dt-f32/chunk_0,3000000,2,ans shuffle=byte,primary,1.00259197,-1,7.51381912,1.18866263,1
fields/00344__plt03440__part_per_cell.f32__c0013__dt-f32/chunk_0,3000000,9,bitcomp type=int,primary,0.235039994,-1,9.8614327,0.376814661,1
fields/00344__plt03440__part_per_cell.f32__c0015__dt-f32/chunk_0,3000000,24,gpulz shuffle=byte,primary,0.232447997,-1,32.3744481,0.27563333,1
fields/00345__plt03440__rho.f32__c0003__dt-f32/chunk_0,3000000,35,spratio,primary,0.694912016,-1,1.27110868,1.79481902,1
fields/00345__plt03440__rho.f32__c0009__dt-f32/chunk_0,3000000,35,spratio,primary,0.295359999,-1,1.32504372,1.350496,1
fields/00344__plt03440__part_per_cell.f32__c0011__dt-f32/chunk_0,3000000,9,bitcomp type=int,primary,0.759455979,-1,7.13914364,0.955291979,1
fields/00345__plt03440__rho.f32__c0007__dt-f32/chunk_0,3000000,35,spratio,primary,0.331775993,-1,1.2690584,1.43345999,1
fields/00345__plt03440__rho.f32__c0001__dt-f32/chunk_0,3000000,35,spratio,primary,0.260511994,-1,1.26190821,1.36843833,1
fields/00345__plt03440__rho.f32__c0011__dt-f32/chunk_0,3000000,35,spratio,primary,0.0678400025,-1,1.85336418,0.822198669,1
fields/00345__plt03440__rho.f32__c0005__dt-f32/chunk_0,3000000,35,spratio,primary,0.242400005,-1,1.27254948,1.34106167,1
fields/00345__plt03440__rho.f32__c0013__dt-f32/chunk_0,3000000,35,spratio,primary,0.225728005,-1,2.50994961,0.782751672,1
fields/00345__plt03440__rho.f32__c0015__dt-f32/chunk_0,3000000,35,spratio,primary,0.25404799,-1,3.85692348,0.616539323,1
fields/00346__plt03460__part_per_cell.f32__c0003__dt-f32/chunk_0,3000000,2,ans shuffle=byte,primary,0.258879989,-1,7.62900339,0.442141323,1
fields/00346__plt03460__part_per_cell.f32__c0001__dt-f32/chunk_0,3000000,2,ans shuffle=byte,primary,0.385311991,-1,7.60670008,0.569110658,1
fields/00346__plt03460__part_per_cell.f32__c0005__dt-f32/chunk_0,3000000,0,ans,primary,0.954144001,-1,6.10382444,1.18319733,1
fields/00346__plt03460__part_per_cell.f32__c0007__dt-f32/chunk_0,3000000,0,ans,primary,1.00854397,-1,5.87697636,1.24643863,1
fields/00346__plt03460__part_per_cell.f32__c0013__dt-f32/chunk_0,3000000,30,ndzip shuffle=bit,primary,0.0829439983,-1,4.94823722,0.365489332,1
fields/00346__plt03460__part_per_cell.f32__c0015__dt-f32/chunk_0,3000000,24,gpulz shuffle=byte,primary,0.463871986,-1,32.3744481,0.507057319,1
fields/00347__plt03460__rho.f32__c0001__dt-f32/chunk_0,3000000,35,spratio,primary,0.147615999,-1,1.26285313,1.25471333,1
fields/00346__plt03460__part_per_cell.f32__c0011__dt-f32/chunk_0,3000000,9,bitcomp type=int,primary,0.212096006,-1,7.17686595,0.406902672,1
fields/00346__plt03460__part_per_cell.f32__c0009__dt-f32/chunk_0,3000000,0,ans,primary,0.915776014,-1,5.90788647,1.15242601,1
fields/00347__plt03460__rho.f32__c0003__dt-f32/chunk_0,3000000,35,spratio,primary,0.237120003,-1,1.27239043,1.335919,1
fields/00347__plt03460__rho.f32__c0005__dt-f32/chunk_0,3000000,35,spratio,primary,0.077887997,-1,1.27295732,1.17619766,1
fields/00347__plt03460__rho.f32__c0007__dt-f32/chunk_0,3000000,35,spratio,primary,0.147264004,-1,1.2694179,1.248636,1
fields/00347__plt03460__rho.f32__c0011__dt-f32/chunk_0,3000000,35,spratio,primary,0.222944006,-1,1.86587992,0.972242673,1
fields/00347__plt03460__rho.f32__c0015__dt-f32/chunk_0,3000000,35,spratio,primary,0.0839359984,-1,3.86359922,0.445800998,1
fields/00347__plt03460__rho.f32__c0009__dt-f32/chunk_0,3000000,35,spratio,primary,0.225536004,-1,1.32727905,1.278895,1
fields/00347__plt03460__rho.f32__c0013__dt-f32/chunk_0,3000000,35,spratio,primary,0.232288003,-1,2.50861954,0.789607003,1
fields/00348__plt03480__part_per_cell.f32__c0001__dt-f32/chunk_0,3000000,2,ans shuffle=byte,primary,0.503391981,-1,7.6101781,0.687106648,1
fields/00348__plt03480__part_per_cell.f32__c0005__dt-f32/chunk_0,3000000,2,ans shuffle=byte,primary,0.203168005,-1,7.64647201,0.386010671,1
fields/00348__plt03480__part_per_cell.f32__c0007__dt-f32/chunk_0,3000000,2,ans shuffle=byte,primary,0.238176003,-1,7.58126403,0.422591336,1
fields/00348__plt03480__part_per_cell.f32__c0003__dt-f32/chunk_0,3000000,2,ans shuffle=byte,primary,0.287775993,-1,7.633891,0.470919993,1
fields/00348__plt03480__part_per_cell.f32__c0009__dt-f32/chunk_0,3000000,2,ans shuffle=byte,primary,0.238751993,-1,7.51120869,0.424887326,1
fields/00348__plt03480__part_per_cell.f32__c0015__dt-f32/chunk_0,3000000,24,gpulz shuffle=byte,primary,0.299008012,-1,32.3744481,0.342193345,1
fields/00348__plt03480__part_per_cell.f32__c0011__dt-f32/chunk_0,3000000,30,ndzip shuffle=bit,primary,0.0870399997,-1,3.82992494,0.452086666,1
fields/00349__plt03480__rho.f32__c0003__dt-f32/chunk_0,3000000,35,spratio,primary,0.0919039994,-1,1.27236457,1.19072533,1
fields/00349__plt03480__rho.f32__c0001__dt-f32/chunk_0,3000000,35,spratio,primary,0.23184,-1,1.25956172,1.34183033,1
fields/00348__plt03480__part_per_cell.f32__c0013__dt-f32/chunk_0,3000000,30,ndzip shuffle=bit,primary,0.155647993,-1,4.95368393,0.43788266,1
fields/00349__plt03480__rho.f32__c0009__dt-f32/chunk_0,3000000,35,spratio,primary,0.231808007,-1,1.32662541,1.28568601,1
fields/00349__plt03480__rho.f32__c0005__dt-f32/chunk_0,3000000,38,spspeed,primary,0.229087994,-1,1.19803165,1.39608666,1
fields/00349__plt03480__rho.f32__c0007__dt-f32/chunk_0,3000000,35,spratio,primary,0.135263994,-1,1.26962117,1.23645966,1
fields/00349__plt03480__rho.f32__c0011__dt-f32/chunk_0,3000000,35,spratio,primary,0.259936005,-1,1.88475263,1.00173167,1
fields/00350__plt03500__part_per_cell.f32__c0003__dt-f32/chunk_0,3000000,2,ans shuffle=byte,primary,0.335680008,-1,7.63408552,0.518819341,1
fields/00349__plt03480__rho.f32__c0013__dt-f32/chunk_0,3000000,35,spratio,primary,0.208864003,-1,2.50865255,0.76617567,1
fields/00350__plt03500__part_per_cell.f32__c0009__dt-f32/chunk_0,3000000,2,ans shuffle=byte,primary,0.39667201,-1,7.51441143,0.58272801,1
fields/00350__plt03500__part_per_cell.f32__c0001__dt-f32/chunk_0,3000000,2,ans shuffle=byte,primary,0.367743999,-1,7.61504161,0.551341332,1
fields/00349__plt03480__rho.f32__c0015__dt-f32/chunk_0,3000000,35,spratio,primary,0.224800006,-1,3.87449182,0.585647672,1
fields/00350__plt03500__part_per_cell.f32__c0011__dt-f32/chunk_0,3000000,0,ans,primary,0.216000006,-1,6.15480698,0.443156006,1
fields/00350__plt03500__part_per_cell.f32__c0005__dt-f32/chunk_0,3000000,0,ans,primary,0.220128,-1,6.11562565,0.448739333,1
fields/00350__plt03500__part_per_cell.f32__c0007__dt-f32/chunk_0,3000000,0,ans,primary,0.382624,-1,5.93230254,0.6183,1
fields/00350__plt03500__part_per_cell.f32__c0013__dt-f32/chunk_0,3000000,9,bitcomp type=int,primary,0.785824001,-1,9.78806661,0.928661334,1
fields/00350__plt03500__part_per_cell.f32__c0015__dt-f32/chunk_0,3000000,24,gpulz shuffle=byte,primary,0.460799992,-1,32.3744481,0.503985325,1
fields/00351__plt03500__rho.f32__c0003__dt-f32/chunk_0,3000000,35,spratio,primary,0.243039995,-1,1.27234836,1.34187533,1
fields/00351__plt03500__rho.f32__c0001__dt-f32/chunk_0,3000000,29,ndzip,primary,0.074752003,-1,1.16860454,1.27113734,1
fields/00351__plt03500__rho.f32__c0007__dt-f32/chunk_0,3000000,38,spspeed,primary,0.0652799979,-1,1.17311769,1.25706266,1
fields/00351__plt03500__rho.f32__c0005__dt-f32/chunk_0,3000000,35,spratio,primary,0.39824,-1,1.27315786,1.49637667,1
fields/00352__plt03520__part_per_cell.f32__c0003__dt-f32/chunk_0,3000000,2,ans shuffle=byte,primary,0.460287988,-1,7.63920226,0.643304655,1
fields/00351__plt03500__rho.f32__c0009__dt-f32/chunk_0,3000000,35,spratio,primary,0.234111995,-1,1.32134901,1.29219833,1
fields/00351__plt03500__rho.f32__c0011__dt-f32/chunk_0,3000000,35,spratio,primary,0.0705280006,-1,1.89717204,0.807467667,1
fields/00351__plt03500__rho.f32__c0013__dt-f32/chunk_0,3000000,35,spratio,primary,0.0871680006,-1,2.50469611,0.645360001,1
fields/00352__plt03520__part_per_cell.f32__c0007__dt-f32/chunk_0,3000000,2,ans shuffle=byte,primary,0.525951982,-1,7.58323781,0.710319315,1
fields/00351__plt03500__rho.f32__c0015__dt-f32/chunk_0,3000000,35,spratio,primary,0.265439987,-1,3.86024248,0.627619654,1
fields/00352__plt03520__part_per_cell.f32__c0005__dt-f32/chunk_0,3000000,0,ans,primary,0.582751989,-1,6.17706904,0.809089323,1
fields/00352__plt03520__part_per_cell.f32__c0001__dt-f32/chunk_0,3000000,2,ans shuffle=byte,primary,0.38617599,-1,7.61952375,0.569665323,1
fields/00352__plt03520__part_per_cell.f32__c0009__dt-f32/chunk_0,3000000,0,ans,primary,0.534175992,-1,6.02173064,0.766351992,1
fields/00352__plt03520__part_per_cell.f32__c0011__dt-f32/chunk_0,3000000,2,ans shuffle=byte,primary,0.404448003,-1,7.39303265,0.593558669,1
fields/00352__plt03520__part_per_cell.f32__c0013__dt-f32/chunk_0,3000000,30,ndzip shuffle=bit,primary,0.100351997,-1,4.94863421,0.382874663,1
fields/00352__plt03520__part_per_cell.f32__c0015__dt-f32/chunk_0,3000000,24,gpulz shuffle=byte,primary,0.841727972,-1,32.3744481,0.884913305,1
fields/00353__plt03520__rho.f32__c0011__dt-f32/chunk_0,3000000,35,spratio,primary,0.321920007,-1,1.91111542,1.05348301,1
fields/00353__plt03520__rho.f32__c0003__dt-f32/chunk_0,3000000,35,spratio,primary,0.111648001,-1,1.27123735,1.21144367,1
fields/00353__plt03520__rho.f32__c0001__dt-f32/chunk_0,3000000,29,ndzip,primary,0.0757760033,-1,1.16873088,1.272032,1
fields/00353__plt03520__rho.f32__c0009__dt-f32/chunk_0,3000000,35,spratio,primary,0.237535998,-1,1.31631103,1.299672,1
fields/00354__plt03540__part_per_cell.f32__c0001__dt-f32/chunk_0,3000000,30,ndzip shuffle=bit,primary,0.100351997,-1,3.14389197,0.545055997,1
fields/00353__plt03520__rho.f32__c0005__dt-f32/chunk_0,3000000,35,spratio,primary,0.0896639973,-1,1.27240163,1.18845333,1
fields/00354__plt03540__part_per_cell.f32__c0003__dt-f32/chunk_0,3000000,2,ans shuffle=byte,primary,0.481471986,-1,7.65099124,0.664206652,1
fields/00354__plt03540__part_per_cell.f32__c0005__dt-f32/chunk_0,3000000,0,ans,primary,0.224383995,-1,6.16377947,0.451209328,1
fields/00353__plt03520__rho.f32__c0007__dt-f32/chunk_0,3000000,35,spratio,primary,0.615423977,-1,1.27016983,1.71614398,1
fields/00354__plt03540__part_per_cell.f32__c0007__dt-f32/chunk_0,3000000,0,ans,primary,0.692128003,-1,6.00614031,0.924906669,1
fields/00353__plt03520__rho.f32__c0013__dt-f32/chunk_0,3000000,35,spratio,primary,0.257503986,-1,2.50458095,0.815721653,1
fields/00353__plt03520__rho.f32__c0015__dt-f32/chunk_0,3000000,35,spratio,primary,0.0680639967,-1,3.86842052,0.429477997,1
fields/00354__plt03540__part_per_cell.f32__c0011__dt-f32/chunk_0,3000000,2,ans shuffle=byte,primary,0.972639978,-1,7.38511815,1.16195331,1
fields/00354__plt03540__part_per_cell.f32__c0009__dt-f32/chunk_0,3000000,2,ans shuffle=byte,primary,0.952063978,-1,7.51314616,1.13815131,1
fields/00354__plt03540__part_per_cell.f32__c0013__dt-f32/chunk_0,3000000,30,ndzip shuffle=bit,primary,0.109568,-1,4.94452723,0.392325333,1
fields/00354__plt03540__part_per_cell.f32__c0015__dt-f32/chunk_0,3000000,24,gpulz shuffle=byte,primary,0.226303995,-1,32.3744481,0.269489328,1
fields/00355__plt03540__rho.f32__c0003__dt-f32/chunk_0,3000000,35,spratio,primary,0.071167998,-1,1.27101392,1.171157,1
fields/00355__plt03540__rho.f32__c0001__dt-f32/chunk_0,3000000,35,spratio,primary,0.271039993,-1,1.25715159,1.38315833,1
fields/00355__plt03540__rho.f32__c0005__dt-f32/chunk_0,3000000,38,spspeed,primary,0.221824005,-1,1.19771417,1.38913201,1
fields/00355__plt03540__rho.f32__c0009__dt-f32/chunk_0,3000000,35,spratio,primary,0.0709759966,-1,1.31374654,1.13518533,1
fields/00355__plt03540__rho.f32__c0007__dt-f32/chunk_0,3000000,35,spratio,primary,0.0710079968,-1,1.27035603,1.17156666,1
fields/00355__plt03540__rho.f32__c0013__dt-f32/chunk_0,3000000,35,spratio,primary,0.068223998,-1,2.50448374,0.626463331,1
fields/00355__plt03540__rho.f32__c0011__dt-f32/chunk_0,3000000,35,spratio,primary,0.219071999,-1,1.91646657,0.948592333,1
fields/00355__plt03540__rho.f32__c0015__dt-f32/chunk_0,3000000,35,spratio,primary,0.481184006,-1,3.88035603,0.841486339,1
fields/00356__plt03560__part_per_cell.f32__c0003__dt-f32/chunk_0,3000000,0,ans,primary,0.221919999,-1,6.25209282,0.445541332,1
fields/00356__plt03560__part_per_cell.f32__c0009__dt-f32/chunk_0,3000000,2,ans shuffle=byte,primary,0.612064004,-1,7.51225803,0.798173337,1
fields/00356__plt03560__part_per_cell.f32__c0001__dt-f32/chunk_0,3000000,0,ans,primary,0.227584004,-1,6.30491068,0.449332004,1
fields/00356__plt03560__part_per_cell.f32__c0005__dt-f32/chunk_0,3000000,2,ans shuffle=byte,primary,0.270527989,-1,7.64056602,0.453511989,1
fields/00356__plt03560__part_per_cell.f32__c0011__dt-f32/chunk_0,3000000,0,ans,primary,0.596895993,-1,6.14341206,0.824473326,1
fields/00356__plt03560__part_per_cell.f32__c0007__dt-f32/chunk_0,3000000,2,ans shuffle=byte,primary,0.92988801,-1,7.58666696,1.11417201,1
fields/00356__plt03560__part_per_cell.f32__c0013__dt-f32/chunk_0,3000000,30,ndzip shuffle=bit,primary,0.159743994,-1,4.92807459,0.443445328,1
fields/00356__plt03560__part_per_cell.f32__c0015__dt-f32/chunk_0,3000000,24,gpulz shuffle=byte,primary,0.317440003,-1,32.3744481,0.360625336,1
fields/00357__plt03560__rho.f32__c0001__dt-f32/chunk_0,3000000,35,spratio,primary,0.0911360011,-1,1.25731364,1.203111,1
fields/00357__plt03560__rho.f32__c0005__dt-f32/chunk_0,3000000,35,spratio,primary,0.131167993,-1,1.27225843,1.23008099,1
fields/00357__plt03560__rho.f32__c0013__dt-f32/chunk_0,3000000,35,spratio,primary,0.135552004,-1,2.50084011,0.694604671,1
fields/00357__plt03560__rho.f32__c0009__dt-f32/chunk_0,3000000,35,spratio,primary,0.220351994,-1,1.31402642,1.28433466,1
fields/00357__plt03560__rho.f32__c0003__dt-f32/chunk_0,3000000,35,spratio,primary,0.258047998,-1,1.27215347,1.35705166,1
fields/00358__plt03580__part_per_cell.f32__c0003__dt-f32/chunk_0,3000000,0,ans,primary,0.226016,-1,6.25765216,0.449438667,1
fields/00357__plt03560__rho.f32__c0011__dt-f32/chunk_0,3000000,35,spratio,primary,0.223647997,-1,1.91450183,0.953916997,1
fields/00357__plt03560__rho.f32__c0007__dt-f32/chunk_0,3000000,29,ndzip,primary,0.0768000036,-1,1.15908297,1.28301334,1
fields/00358__plt03580__part_per_cell.f32__c0007__dt-f32/chunk_0,3000000,0,ans,primary,0.25999999,-1,6.05294573,0.490978657,1
fields/00358__plt03580__part_per_cell.f32__c0005__dt-f32/chunk_0,3000000,0,ans,primary,0.367327988,-1,6.21949643,0.592121321,1
fields/00357__plt03560__rho.f32__c0015__dt-f32/chunk_0,3000000,35,spratio,primary,0.0696640015,-1,3.86522992,0.431376335,1
fields/00358__plt03580__part_per_cell.f32__c0001__dt-f32/chunk_0,3000000,2,ans shuffle=byte,primary,0.208928004,-1,7.62473186,0.392292004,1
fields/00358__plt03580__part_per_cell.f32__c0009__dt-f32/chunk_0,3000000,0,ans,primary,0.619776011,-1,6.12818879,0.847918677,1
fields/00358__plt03580__part_per_cell.f32__c0015__dt-f32/chunk_0,3000000,24,gpulz shuffle=byte,primary,0.505855978,-1,32.3076165,0.549130644,1
fields/00358__plt03580__part_per_cell.f32__c0011__dt-f32/chunk_0,3000000,0,ans,primary,0.934624016,-1,6.15748152,1.16168135,1
fields/00358__plt03580__part_per_cell.f32__c0013__dt-f32/chunk_0,3000000,2,ans shuffle=byte,primary,0.946143985,-1,7.33962832,1.13663065,1
fields/00359__plt03580__rho.f32__c0001__dt-f32/chunk_0,3000000,35,spratio,primary,0.270592004,-1,1.25762013,1.382296,1
fields/00359__plt03580__rho.f32__c0009__dt-f32/chunk_0,3000000,35,spratio,primary,0.212576002,-1,1.31764422,1.27363734,1
fields/00359__plt03580__rho.f32__c0005__dt-f32/chunk_0,3000000,35,spratio,primary,0.349088013,-1,1.27316096,1.44722201,1
fields/00359__plt03580__rho.f32__c0003__dt-f32/chunk_0,3000000,35,spratio,primary,0.636063993,-1,1.27284027,1.73447466,1
fields/00359__plt03580__rho.f32__c0007__dt-f32/chunk_0,3000000,35,spratio,primary,0.387456,-1,1.27071896,1.48770033,1
fields/00359__plt03580__rho.f32__c0011__dt-f32/chunk_0,3000000,35,spratio,primary,0.0709120035,-1,1.92932574,0.795570004,1
fields/00359__plt03580__rho.f32__c0015__dt-f32/chunk_0,3000000,35,spratio,primary,0.0703999996,-1,3.87654371,0.431056666,1
fields/00360__plt03600__part_per_cell.f32__c0003__dt-f32/chunk_0,3000000,0,ans,primary,0.233695999,-1,6.25892212,0.457073332,1
fields/00359__plt03580__rho.f32__c0013__dt-f32/chunk_0,3000000,35,spratio,primary,0.263615996,-1,2.50063137,0.822715329,1
fields/00360__plt03600__part_per_cell.f32__c0001__dt-f32/chunk_0,3000000,0,ans,primary,0.284352005,-1,6.30805881,0.505989338,1
fields/00360__plt03600__part_per_cell.f32__c0005__dt-f32/chunk_0,3000000,0,ans,primary,0.909632027,-1,6.22749342,1.13413669,1
fields/00360__plt03600__part_per_cell.f32__c0011__dt-f32/chunk_0,3000000,2,ans shuffle=byte,primary,0.215488002,-1,7.38777178,0.404733335,1
fields/00360__plt03600__part_per_cell.f32__c0007__dt-f32/chunk_0,3000000,2,ans shuffle=byte,primary,1.00223994,-1,7.58164774,1.18664594,1
fields/00360__plt03600__part_per_cell.f32__c0013__dt-f32/chunk_0,3000000,30,ndzip shuffle=bit,primary,0.0921600014,-1,4.90779996,0.377033335,1
fields/00360__plt03600__part_per_cell.f32__c0009__dt-f32/chunk_0,3000000,2,ans shuffle=byte,primary,1.03414404,-1,7.51147772,1.22027271,1
fields/00360__plt03600__part_per_cell.f32__c0015__dt-f32/chunk_0,3000000,30,ndzip shuffle=bit,primary,0.0778239965,-1,6.47077409,0.293887997,1
fields/00361__plt03600__rho.f32__c0001__dt-f32/chunk_0,3000000,35,spratio,primary,0.0794240013,-1,1.25803506,1.19076133,1
fields/00361__plt03600__rho.f32__c0005__dt-f32/chunk_0,3000000,35,spratio,primary,0.110624,-1,1.27455335,1.20755833,1
fields/00361__plt03600__rho.f32__c0003__dt-f32/chunk_0,3000000,35,spratio,primary,0.0771519989,-1,1.27350771,1.174987,1
fields/00361__plt03600__rho.f32__c0007__dt-f32/chunk_0,3000000,35,spratio,primary,0.0900800005,-1,1.27136259,1.18976733,1
fields/00361__plt03600__rho.f32__c0011__dt-f32/chunk_0,3000000,35,spratio,primary,0.0703039989,-1,1.93467687,0.792957666,1
fields/00361__plt03600__rho.f32__c0009__dt-f32/chunk_0,3000000,35,spratio,primary,0.142560005,-1,1.32207497,1.20006534,1
fields/00361__plt03600__rho.f32__c0013__dt-f32/chunk_0,3000000,35,spratio,primary,0.0674239993,-1,2.49661993,0.627421666,1
fields/00362__plt03620__part_per_cell.f32__c0001__dt-f32/chunk_0,3000000,0,ans,primary,0.713151991,-1,6.30803984,0.934789991,1
fields/00362__plt03620__part_per_cell.f32__c0003__dt-f32/chunk_0,3000000,2,ans shuffle=byte,primary,0.193696007,-1,7.65297357,0.37638334,1
fields/00362__plt03620__part_per_cell.f32__c0005__dt-f32/chunk_0,3000000,2,ans shuffle=byte,primary,0.872959971,-1,7.64993069,1.05571997,1
fields/00362__plt03620__part_per_cell.f32__c0007__dt-f32/chunk_0,3000000,2,ans shuffle=byte,primary,0.520448029,-1,7.58438966,0.704787362,1
fields/00362__plt03620__part_per_cell.f32__c0011__dt-f32/chunk_0,3000000,9,bitcomp type=int,primary,0.824223995,-1,7.39308478,1.01333333,1
fields/00361__plt03600__rho.f32__c0015__dt-f32/chunk_0,3000000,35,spratio,primary,0.225375995,-1,3.86451766,0.587154995,1
fields/00362__plt03620__part_per_cell.f32__c0009__dt-f32/chunk_0,3000000,0,ans,primary,0.217567995,-1,6.16023076,0.444523995,1
fields/00362__plt03620__part_per_cell.f32__c0013__dt-f32/chunk_0,3000000,30,ndzip shuffle=bit,primary,0.176128,-1,4.93134244,0.459641333,1
fields/00362__plt03620__part_per_cell.f32__c0015__dt-f32/chunk_0,3000000,23,gpulz shuffle=bit,primary,0.873471975,-1,32.7925944,0.916106642,1
fields/00363__plt03620__rho.f32__c0005__dt-f32/chunk_0,3000000,38,spspeed,primary,0.0547839999,-1,1.20513649,1.21490267,1
fields/00363__plt03620__rho.f32__c0001__dt-f32/chunk_0,3000000,35,spratio,primary,0.128128007,-1,1.25887519,1.23872367,1
fields/00363__plt03620__rho.f32__c0009__dt-f32/chunk_0,3000000,35,spratio,primary,0.0696320012,-1,1.31959718,1.129123,1
fields/00363__plt03620__rho.f32__c0003__dt-f32/chunk_0,3000000,35,spratio,primary,0.0919679999,-1,1.27261589,1.19057233,1
fields/00363__plt03620__rho.f32__c0007__dt-f32/chunk_0,3000000,35,spratio,primary,0.0689600036,-1,1.27142348,1.16859467,1
fields/00363__plt03620__rho.f32__c0013__dt-f32/chunk_0,3000000,35,spratio,primary,0.225887999,-1,2.49660655,0.785888666,1
fields/00363__plt03620__rho.f32__c0011__dt-f32/chunk_0,3000000,35,spratio,primary,0.0701759979,-1,1.96165371,0.782891665,1
fields/00364__plt03640__part_per_cell.f32__c0005__dt-f32/chunk_0,3000000,0,ans,primary,0.391584009,-1,6.23395401,0.615856009,1
fields/00364__plt03640__part_per_cell.f32__c0007__dt-f32/chunk_0,3000000,0,ans,primary,0.214208007,-1,6.11514416,0.44283734,1
fields/00363__plt03620__rho.f32__c0015__dt-f32/chunk_0,3000000,35,spratio,primary,0.585919976,-1,3.87126619,0.94706831,1
fields/00364__plt03640__part_per_cell.f32__c0009__dt-f32/chunk_0,3000000,2,ans shuffle=byte,primary,0.705951989,-1,7.50986382,0.892120655,1
fields/00364__plt03640__part_per_cell.f32__c0001__dt-f32/chunk_0,3000000,2,ans shuffle=byte,primary,0.733568013,-1,7.62744955,0.916866679,1
fields/00364__plt03640__part_per_cell.f32__c0011__dt-f32/chunk_0,3000000,0,ans,primary,0.814944029,-1,6.15571028,1.0420667,1
fields/00364__plt03640__part_per_cell.f32__c0003__dt-f32/chunk_0,3000000,0,ans,primary,0.215296,-1,6.26271639,0.438538,1
fields/00365__plt03640__rho.f32__c0001__dt-f32/chunk_0,3000000,35,spratio,primary,0.330655992,-1,1.26071606,1.43962999,1
fields/00365__plt03640__rho.f32__c0011__dt-f32/chunk_0,3000000,35,spratio,primary,0.0813120008,-1,1.98227425,0.786613667,1
fields/00364__plt03640__part_per_cell.f32__c0013__dt-f32/chunk_0,3000000,30,ndzip shuffle=bit,primary,0.178176001,-1,4.92543567,0.462029334,1
fields/00365__plt03640__rho.f32__c0003__dt-f32/chunk_0,3000000,35,spratio,primary,0.216639996,-1,1.27292912,1.314974,1
fields/00364__plt03640__part_per_cell.f32__c0015__dt-f32/chunk_0,3000000,23,gpulz shuffle=bit,primary,0.870400012,-1,32.7925944,0.913034678,1
fields/00365__plt03640__rho.f32__c0013__dt-f32/chunk_0,3000000,35,spratio,primary,0.0686720014,-1,2.49624252,0.628754335,1
fields/00365__plt03640__rho.f32__c0005__dt-f32/chunk_0,3000000,35,spratio,primary,0.280735999,-1,1.27583586,1.37656767,1
fields/00365__plt03640__rho.f32__c0007__dt-f32/chunk_0,3000000,35,spratio,primary,0.0690879971,-1,1.27214421,1.16809966,1
fields/00365__plt03640__rho.f32__c0009__dt-f32/chunk_0,3000000,35,spratio,primary,0.0719359964,-1,1.31282791,1.13689,1
fields/00366__plt03660__part_per_cell.f32__c0003__dt-f32/chunk_0,3000000,2,ans shuffle=byte,primary,1.09756804,-1,7.66096915,1.2800647,1
fields/00365__plt03640__rho.f32__c0015__dt-f32/chunk_0,3000000,35,spratio,primary,0.211968005,-1,3.86799599,0.573421671,1
fields/00366__plt03660__part_per_cell.f32__c0007__dt-f32/chunk_0,3000000,2,ans shuffle=byte,primary,0.236895993,-1,7.58225079,0.421287327,1
fields/00366__plt03660__part_per_cell.f32__c0005__dt-f32/chunk_0,3000000,0,ans,primary,0.491328001,-1,6.22159988,0.716045334,1
fields/00366__plt03660__part_per_cell.f32__c0009__dt-f32/chunk_0,3000000,2,ans shuffle=byte,primary,1.03097606,-1,7.5042743,1.21728339,1
fields/00366__plt03660__part_per_cell.f32__c0011__dt-f32/chunk_0,3000000,9,bitcomp type=int,primary,0.982079983,-1,7.40054627,1.17099865,1
fields/00366__plt03660__part_per_cell.f32__c0001__dt-f32/chunk_0,3000000,0,ans,primary,1.00579202,-1,6.32758652,1.22674536,1
fields/00366__plt03660__part_per_cell.f32__c0013__dt-f32/chunk_0,3000000,30,ndzip shuffle=bit,primary,0.123903997,-1,4.92099755,0.408013331,1
fields/00366__plt03660__part_per_cell.f32__c0015__dt-f32/chunk_0,3000000,24,gpulz shuffle=byte,primary,0.877568007,-1,32.3076165,0.920842673,1
fields/00367__plt03660__rho.f32__c0001__dt-f32/chunk_0,3000000,35,spratio,primary,0.337312013,-1,1.26321597,1.44409135,1
fields/00367__plt03660__rho.f32__c0007__dt-f32/chunk_0,3000000,35,spratio,primary,0.0688320026,-1,1.27173149,1.16820034,1
fields/00367__plt03660__rho.f32__c0013__dt-f32/chunk_0,3000000,35,spratio,primary,0.33593601,-1,2.49207484,0.89695501,1
fields/00367__plt03660__rho.f32__c0005__dt-f32/chunk_0,3000000,38,spspeed,primary,0.0575359985,-1,1.20567968,1.217132,1
fields/00367__plt03660__rho.f32__c0009__dt-f32/chunk_0,3000000,35,spratio,primary,0.0692159981,-1,1.30966081,1.13674533,1
fields/00367__plt03660__rho.f32__c0003__dt-f32/chunk_0,3000000,35,spratio,primary,0.224959999,-1,1.27080366,1.325131,1
fields/00367__plt03660__rho.f32__c0011__dt-f32/chunk_0,3000000,35,spratio,primary,0.0761599988,-1,1.97622948,0.783618999,1
fields/00368__plt03680__part_per_cell.f32__c0003__dt-f32/chunk_0,3000000,2,ans shuffle=byte,primary,0.194240004,-1,7.66511329,0.376638004,1
fields/00368__plt03680__part_per_cell.f32__c0001__dt-f32/chunk_0,3000000,2,ans shuffle=byte,primary,0.950528026,-1,7.63439122,1.13366003,1
fields/00368__plt03680__part_per_cell.f32__c0005__dt-f32/chunk_0,3000000,2,ans shuffle=byte,primary,1.34345603,-1,7.65177288,1.52617203,1
fields/00367__plt03660__rho.f32__c0015__dt-f32/chunk_0,3000000,35,spratio,primary,0.0631679967,-1,3.85406697,0.425927997,1
fields/00368__plt03680__part_per_cell.f32__c0007__dt-f32/chunk_0,3000000,2,ans shuffle=byte,primary,0.215103999,-1,7.58312813,0.399473999,1
fields/00368__plt03680__part_per_cell.f32__c0009__dt-f32/chunk_0,3000000,2,ans shuffle=byte,primary,0.198239997,-1,7.50553659,0.384515997,1
fields/00368__plt03680__part_per_cell.f32__c0011__dt-f32/chunk_0,3000000,2,ans shuffle=byte,primary,0.242880002,-1,7.40347235,0.431724002,1
fields/00368__plt03680__part_per_cell.f32__c0013__dt-f32/chunk_0,3000000,30,ndzip shuffle=bit,primary,0.0839679986,-1,4.94301217,0.366811999,1
fields/00369__plt03680__rho.f32__c0001__dt-f32/chunk_0,3000000,38,spspeed,primary,0.217728004,-1,1.18349302,1.39906267,1
fields/00368__plt03680__part_per_cell.f32__c0015__dt-f32/chunk_0,3000000,24,gpulz shuffle=byte,primary,0.222207993,-1,32.3076165,0.26548266,1
fields/00369__plt03680__rho.f32__c0005__dt-f32/chunk_0,3000000,35,spratio,primary,0.451487988,-1,1.27573147,1.54740932,1
fields/00369__plt03680__rho.f32__c0003__dt-f32/chunk_0,3000000,38,spspeed,primary,0.353376001,-1,1.19281474,1.52547867,1
fields/00369__plt03680__rho.f32__c0007__dt-f32/chunk_0,3000000,35,spratio,primary,0.386943996,-1,1.27164204,1.48638966,1
fields/00369__plt03680__rho.f32__c0009__dt-f32/chunk_0,3000000,35,spratio,primary,0.316576004,-1,1.30998354,1.38384234,1
fields/00369__plt03680__rho.f32__c0015__dt-f32/chunk_0,3000000,35,spratio,primary,0.254016012,-1,3.86445713,0.615800679,1
fields/00370__plt03700__part_per_cell.f32__c0001__dt-f32/chunk_0,3000000,2,ans shuffle=byte,primary,0.318944007,-1,7.64432586,0.501838007,1
fields/00369__plt03680__rho.f32__c0011__dt-f32/chunk_0,3000000,35,spratio,primary,0.109056003,-1,1.98918123,0.81190867,1
fields/00370__plt03700__part_per_cell.f32__c0009__dt-f32/chunk_0,3000000,0,ans,primary,0.351520002,-1,6.15947086,0.578504002,1
fields/00370__plt03700__part_per_cell.f32__c0005__dt-f32/chunk_0,3000000,2,ans shuffle=byte,primary,0.217472002,-1,7.6530015,0.400158669,1
fields/00369__plt03680__rho.f32__c0013__dt-f32/chunk_0,3000000,35,spratio,primary,0.125279993,-1,2.49237101,0.686232326,1
fields/00370__plt03700__part_per_cell.f32__c0007__dt-f32/chunk_0,3000000,2,ans shuffle=byte,primary,0.343551993,-1,7.58098998,0.527973993,1
fields/00370__plt03700__part_per_cell.f32__c0003__dt-f32/chunk_0,3000000,0,ans,primary,1.38207996,-1,6.2790862,1.60473996,1
fields/00370__plt03700__part_per_cell.f32__c0011__dt-f32/chunk_0,3000000,30,ndzip shuffle=bit,primary,0.0808959976,-1,3.94781803,0.435041331,1
fields/00370__plt03700__part_per_cell.f32__c0015__dt-f32/chunk_0,3000000,24,gpulz shuffle=byte,primary,0.804863989,-1,32.3076165,0.848138656,1
fields/00370__plt03700__part_per_cell.f32__c0013__dt-f32/chunk_0,3000000,30,ndzip shuffle=bit,primary,0.0768000036,-1,4.91635995,0.361177337,1
fields/00371__plt03700__rho.f32__c0001__dt-f32/chunk_0,3000000,35,spratio,primary,0.668735981,-1,1.26225569,1.77635731,1
fields/00371__plt03700__rho.f32__c0009__dt-f32/chunk_0,3000000,35,spratio,primary,0.0937919989,-1,1.30638851,1.16399533,1
fields/00371__plt03700__rho.f32__c0005__dt-f32/chunk_0,3000000,38,spspeed,primary,0.0659840032,-1,1.20431708,1.226892,1
fields/00371__plt03700__rho.f32__c0003__dt-f32/chunk_0,3000000,35,spratio,primary,0.41059199,-1,1.26749141,1.51363799,1
fields/00372__plt03720__part_per_cell.f32__c0001__dt-f32/chunk_0,3000000,0,ans,primary,0.374559999,-1,6.33102491,0.595393332,1
fields/00371__plt03700__rho.f32__c0007__dt-f32/chunk_0,3000000,35,spratio,primary,0.0916159973,-1,1.27223721,1.19054733,1
fields/00371__plt03700__rho.f32__c0013__dt-f32/chunk_0,3000000,35,spratio,primary,0.236479998,-1,2.48528373,0.799031998,1
fields/00371__plt03700__rho.f32__c0011__dt-f32/chunk_0,3000000,35,spratio,primary,0.230943993,-1,1.99052835,0.933320993,1
fields/00372__plt03720__part_per_cell.f32__c0009__dt-f32/chunk_0,3000000,2,ans shuffle=byte,primary,0.225311995,-1,7.50631566,0.411568661,1
fields/00371__plt03700__rho.f32__c0015__dt-f32/chunk_0,3000000,35,spratio,primary,0.225759998,-1,3.85318181,0.588603331,1
fields/00372__plt03720__part_per_cell.f32__c0011__dt-f32/chunk_0,3000000,0,ans,primary,0.595456004,-1,6.18851622,0.821374671,1
fields/00372__plt03720__part_per_cell.f32__c0003__dt-f32/chunk_0,3000000,0,ans,primary,0.204671994,-1,6.27814633,0.427365327,1
fields/00372__plt03720__part_per_cell.f32__c0005__dt-f32/chunk_0,3000000,0,ans,primary,0.243520007,-1,6.24434863,0.467418673,1
fields/00372__plt03720__part_per_cell.f32__c0007__dt-f32/chunk_0,3000000,2,ans shuffle=byte,primary,0.226720005,-1,7.58016793,0.411162005,1
fields/00372__plt03720__part_per_cell.f32__c0013__dt-f32/chunk_0,3000000,30,ndzip shuffle=bit,primary,0.0839679986,-1,4.92275335,0.367975999,1
fields/00373__plt03720__rho.f32__c0001__dt-f32/chunk_0,3000000,35,spratio,primary,0.295359999,-1,1.26244604,1.40281433,1
fields/00373__plt03720__rho.f32__c0005__dt-f32/chunk_0,3000000,38,spspeed,primary,0.145952001,-1,1.20505893,1.30614533,1
fields/00373__plt03720__rho.f32__c0003__dt-f32/chunk_0,3000000,35,spratio,primary,0.342240006,-1,1.26818622,1.44468167,1
fields/00372__plt03720__part_per_cell.f32__c0015__dt-f32/chunk_0,3000000,23,gpulz shuffle=bit,primary,0.235520005,-1,32.7925944,0.278154672,1
fields/00373__plt03720__rho.f32__c0007__dt-f32/chunk_0,3000000,29,ndzip,primary,0.0962560028,-1,1.16271122,1.29870534,1
fields/00373__plt03720__rho.f32__c0015__dt-f32/chunk_0,3000000,35,spratio,primary,0.290784001,-1,3.86318999,0.652687335,1
fields/00373__plt03720__rho.f32__c0011__dt-f32/chunk_0,3000000,35,spratio,primary,0.244800001,-1,2.00944283,0.940565668,1
fields/00373__plt03720__rho.f32__c0009__dt-f32/chunk_0,3000000,35,spratio,primary,0.103168003,-1,1.29902673,1.17943634,1
fields/00374__plt03740__part_per_cell.f32__c0005__dt-f32/chunk_0,3000000,0,ans,primary,0.232160002,-1,6.25099332,0.455820669,1
fields/00374__plt03740__part_per_cell.f32__c0009__dt-f32/chunk_0,3000000,2,ans shuffle=byte,primary,0.222783998,-1,7.50803556,0.408997998,1
fields/00373__plt03720__rho.f32__c0013__dt-f32/chunk_0,3000000,35,spratio,primary,0.201023996,-1,2.48210546,0.764296329,1
fields/00374__plt03740__part_per_cell.f32__c0001__dt-f32/chunk_0,3000000,0,ans,primary,0.42592001,-1,6.3355004,0.646597343,1
fields/00374__plt03740__part_per_cell.f32__c0011__dt-f32/chunk_0,3000000,30,ndzip shuffle=bit,primary,0.0829439983,-1,3.9657349,0.435489332,1
fields/00374__plt03740__part_per_cell.f32__c0003__dt-f32/chunk_0,3000000,0,ans,primary,0.25248,-1,6.29027343,0.474744,1
fields/00374__plt03740__part_per_cell.f32__c0013__dt-f32/chunk_0,3000000,30,ndzip shuffle=bit,primary,0.074752003,-1,4.93391805,0.358117336,1
fields/00374__plt03740__part_per_cell.f32__c0007__dt-f32/chunk_0,3000000,2,ans shuffle=byte,primary,0.222399995,-1,7.58170256,0.406804661,1
fields/00374__plt03740__part_per_cell.f32__c0015__dt-f32/chunk_0,3000000,30,ndzip shuffle=bit,primary,0.0768000036,-1,6.47077409,0.292864004,1
fields/00375__plt03740__rho.f32__c0001__dt-f32/chunk_0,3000000,35,spratio,primary,0.119488001,-1,1.26222492,1.22713633,1
fields/00375__plt03740__rho.f32__c0003__dt-f32/chunk_0,3000000,35,spratio,primary,0.302911997,-1,1.26943442,1.40426966,1
fields/00375__plt03740__rho.f32__c0007__dt-f32/chunk_0,3000000,35,spratio,primary,0.277664006,-1,1.27363416,1.37539001,1
fields/00375__plt03740__rho.f32__c0005__dt-f32/chunk_0,3000000,35,spratio,primary,0.0696320012,-1,1.27680332,1.16463333,1
fields/00375__plt03740__rho.f32__c0011__dt-f32/chunk_0,3000000,35,spratio,primary,0.277119994,-1,2.02238347,0.968433661,1
fields/00375__plt03740__rho.f32__c0013__dt-f32/chunk_0,3000000,35,spratio,primary,0.346240014,-1,2.47978536,0.910039347,1
fields/00375__plt03740__rho.f32__c0009__dt-f32/chunk_0,3000000,29,ndzip,primary,0.0808959976,-1,1.15390439,1.29252266,1
fields/00376__plt03760__part_per_cell.f32__c0007__dt-f32/chunk_0,3000000,0,ans,primary,0.202015996,-1,6.20270154,0.427417996,1
fields/00375__plt03740__rho.f32__c0015__dt-f32/chunk_0,3000000,35,spratio,primary,0.214655995,-1,3.87116615,0.575813662,1
fields/00376__plt03760__part_per_cell.f32__c0001__dt-f32/chunk_0,3000000,2,ans shuffle=byte,primary,0.410048008,-1,7.64742005,0.592868008,1
fields/00376__plt03760__part_per_cell.f32__c0009__dt-f32/chunk_0,3000000,2,ans shuffle=byte,primary,0.994047999,-1,7.50661121,1.18029733,1
fields/00376__plt03760__part_per_cell.f32__c0005__dt-f32/chunk_0,3000000,0,ans,primary,0.300096005,-1,6.25285711,0.523690005,1
fields/00376__plt03760__part_per_cell.f32__c0003__dt-f32/chunk_0,3000000,0,ans,primary,0.382847995,-1,6.29516385,0.604939328,1
fields/00376__plt03760__part_per_cell.f32__c0011__dt-f32/chunk_0,3000000,9,bitcomp type=int,primary,0.372703999,-1,7.52141853,0.558586666,1
fields/00376__plt03760__part_per_cell.f32__c0013__dt-f32/chunk_0,3000000,30,ndzip shuffle=bit,primary,0.0829439983,-1,4.91550722,0.367370665,1
fields/00376__plt03760__part_per_cell.f32__c0015__dt-f32/chunk_0,3000000,9,bitcomp type=int,primary,0.171872005,-1,17.2775746,0.252792005,1
fields/00377__plt03760__rho.f32__c0001__dt-f32/chunk_0,3000000,35,spratio,primary,0.0653119981,-1,1.26345989,1.17187766,1
fields/00377__plt03760__rho.f32__c0003__dt-f32/chunk_0,3000000,35,spratio,primary,0.0745280012,-1,1.27167173,1.173948,1
fields/00377__plt03760__rho.f32__c0005__dt-f32/chunk_0,3000000,35,spratio,primary,0.0790079981,-1,1.27716917,1.17369566,1
fields/00377__plt03760__rho.f32__c0007__dt-f32/chunk_0,3000000,35,spratio,primary,0.0812480003,-1,1.27370803,1.17891033,1
fields/00377__plt03760__rho.f32__c0011__dt-f32/chunk_0,3000000,35,spratio,primary,0.0867839977,-1,2.02253658,0.778045331,1
fields/00377__plt03760__rho.f32__c0015__dt-f32/chunk_0,3000000,35,spratio,primary,0.0820799991,-1,3.85909172,0.444367666,1
fields/00377__plt03760__rho.f32__c0009__dt-f32/chunk_0,3000000,35,spratio,primary,0.0824000016,-1,1.2955031,1.16159567,1
fields/00378__plt03780__part_per_cell.f32__c0001__dt-f32/chunk_0,3000000,2,ans shuffle=byte,primary,0.948512018,-1,7.65887079,1.13105868,1
fields/00377__plt03760__rho.f32__c0013__dt-f32/chunk_0,3000000,29,ndzip,primary,0.0716800019,-1,1.68486814,0.901478669,1
fields/00378__plt03780__part_per_cell.f32__c0007__dt-f32/chunk_0,3000000,0,ans,primary,0.964191973,-1,6.19017849,1.19004997,1
fields/00378__plt03780__part_per_cell.f32__c0003__dt-f32/chunk_0,3000000,2,ans shuffle=byte,primary,0.406176001,-1,7.68159408,0.588182668,1
fields/00378__plt03780__part_per_cell.f32__c0011__dt-f32/chunk_0,3000000,0,ans,primary,0.41455999,-1,6.19542688,0.640226657,1
fields/00378__plt03780__part_per_cell.f32__c0005__dt-f32/chunk_0,3000000,0,ans,primary,0.316192001,-1,6.25959466,0.539545334,1
fields/00378__plt03780__part_per_cell.f32__c0009__dt-f32/chunk_0,3000000,2,ans shuffle=byte,primary,0.205855995,-1,7.50298559,0.392195329,1
fields/00378__plt03780__part_per_cell.f32__c0013__dt-f32/chunk_0,3000000,30,ndzip shuffle=bit,primary,0.125952005,-1,4.91691324,0.410297339,1
fields/00378__plt03780__part_per_cell.f32__c0015__dt-f32/chunk_0,3000000,24,gpulz shuffle=byte,primary,0.460799992,-1,32.3076165,0.504074659,1
fields/00379__plt03780__rho.f32__c0001__dt-f32/chunk_0,3000000,29,ndzip,primary,0.0798719972,-1,1.17398981,1.27076933,1
fields/00379__plt03780__rho.f32__c0003__dt-f32/chunk_0,3000000,35,spratio,primary,0.283488005,-1,1.27373202,1.38112967,1
fields/00379__plt03780__rho.f32__c0005__dt-f32/chunk_0,3000000,35,spratio,primary,0.0822720006,-1,1.27662455,1.17742667,1
fields/00379__plt03780__rho.f32__c0007__dt-f32/chunk_0,3000000,35,spratio,primary,0.233919993,-1,1.27325371,1.33197399,1
fields/00379__plt03780__rho.f32__c0009__dt-f32/chunk_0,3000000,35,spratio,primary,0.339424014,-1,1.29500431,1.41903535,1
fields/00380__plt03800__part_per_cell.f32__c0005__dt-f32/chunk_0,3000000,2,ans shuffle=byte,primary,0.818495989,-1,7.65568349,1.00111866,1
fields/00379__plt03780__rho.f32__c0013__dt-f32/chunk_0,3000000,35,spratio,primary,0.0729599968,-1,2.4764208,0.63752533,1
fields/00380__plt03800__part_per_cell.f32__c0007__dt-f32/chunk_0,3000000,0,ans,primary,0.436607987,-1,6.20538116,0.661912653,1
fields/00379__plt03780__rho.f32__c0011__dt-f32/chunk_0,3000000,35,spratio,primary,0.510272026,-1,2.0364594,1.19680736,1
fields/00379__plt03780__rho.f32__c0015__dt-f32/chunk_0,3000000,35,spratio,primary,0.0685120001,-1,3.86771421,0.429992,1
fields/00380__plt03800__part_per_cell.f32__c0001__dt-f32/chunk_0,3000000,0,ans,primary,0.918976009,-1,6.33848758,1.13954934,1
fields/00380__plt03800__part_per_cell.f32__c0003__dt-f32/chunk_0,3000000,2,ans shuffle=byte,primary,0.255360007,-1,7.68055316,0.437391341,1
fields/00380__plt03800__part_per_cell.f32__c0011__dt-f32/chunk_0,3000000,2,ans shuffle=byte,primary,0.20352,-1,7.41388916,0.392098667,1
fields/00380__plt03800__part_per_cell.f32__c0009__dt-f32/chunk_0,3000000,0,ans,primary,0.291200012,-1,6.16032124,0.518152679,1
fields/00380__plt03800__part_per_cell.f32__c0013__dt-f32/chunk_0,3000000,30,ndzip shuffle=bit,primary,0.0829439983,-1,4.91150103,0.367602665,1
fields/00380__plt03800__part_per_cell.f32__c0015__dt-f32/chunk_0,3000000,9,bitcomp type=int,primary,0.453599989,-1,17.2775746,0.534519989,1
fields/00381__plt03800__rho.f32__c0001__dt-f32/chunk_0,3000000,35,spratio,primary,0.0637760013,-1,1.26534054,1.168697,1
fields/00381__plt03800__rho.f32__c0005__dt-f32/chunk_0,3000000,35,spratio,primary,0.0828159973,-1,1.27621513,1.178322,1
fields/00381__plt03800__rho.f32__c0003__dt-f32/chunk_0,3000000,35,spratio,primary,0.178847998,-1,1.27439806,1.275916,1
fields/00381__plt03800__rho.f32__c0009__dt-f32/chunk_0,3000000,35,spratio,primary,0.260192007,-1,1.28939224,1.34450234,1
fields/00381__plt03800__rho.f32__c0007__dt-f32/chunk_0,3000000,35,spratio,primary,0.235136002,-1,1.27271166,1.33365767,1
fields/00381__plt03800__rho.f32__c0011__dt-f32/chunk_0,3000000,35,spratio,primary,0.218336001,-1,2.04089374,0.903379668,1
fields/00382__plt03820__part_per_cell.f32__c0005__dt-f32/chunk_0,3000000,2,ans shuffle=byte,primary,0.668447971,-1,7.65677358,0.851044638,1
fields/00381__plt03800__rho.f32__c0013__dt-f32/chunk_0,3000000,29,ndzip,primary,0.0686080009,-1,1.68443779,0.898618668,1
fields/00382__plt03820__part_per_cell.f32__c0009__dt-f32/chunk_0,3000000,0,ans,primary,0.462752014,-1,6.16577289,0.689504014,1
fields/00381__plt03800__rho.f32__c0015__dt-f32/chunk_0,3000000,35,spratio,primary,0.071039997,-1,3.85346148,0.433856997,1
fields/00382__plt03820__part_per_cell.f32__c0001__dt-f32/chunk_0,3000000,2,ans shuffle=byte,primary,0.237951994,-1,7.66203276,0.420423327,1
fields/00382__plt03820__part_per_cell.f32__c0003__dt-f32/chunk_0,3000000,2,ans shuffle=byte,primary,0.222847998,-1,7.68105952,0.404867331,1
fields/00382__plt03820__part_per_cell.f32__c0007__dt-f32/chunk_0,3000000,0,ans,primary,1.06515205,-1,6.20347215,1.29052605,1
fields/00382__plt03820__part_per_cell.f32__c0011__dt-f32/chunk_0,3000000,2,ans shuffle=byte,primary,0.261184007,-1,7.41666843,0.449692007,1
fields/00382__plt03820__part_per_cell.f32__c0013__dt-f32/chunk_0,3000000,30,ndzip shuffle=bit,primary,0.0798719972,-1,4.91825085,0.364139997,1
fields/00382__plt03820__part_per_cell.f32__c0015__dt-f32/chunk_0,3000000,24,gpulz shuffle=byte,primary,0.434175998,-1,32.3076165,0.477450665,1
fields/00383__plt03820__rho.f32__c0003__dt-f32/chunk_0,3000000,35,spratio,primary,0.248288006,-1,1.27403302,1.34567034,1
fields/00383__plt03820__rho.f32__c0011__dt-f32/chunk_0,3000000,35,spratio,primary,0.0650560036,-1,2.0523693,0.746269337,1
fields/00383__plt03820__rho.f32__c0007__dt-f32/chunk_0,3000000,35,spratio,primary,0.268415987,-1,1.27341878,1.36632765,1
fields/00383__plt03820__rho.f32__c0005__dt-f32/chunk_0,3000000,35,spratio,primary,0.61878401,-1,1.27676795,1.71381568,1
fields/00383__plt03820__rho.f32__c0001__dt-f32/chunk_0,3000000,35,spratio,primary,0.235872,-1,1.26486051,1.34121233,1
fields/00384__plt03840__part_per_cell.f32__c0001__dt-f32/chunk_0,3000000,2,ans shuffle=byte,primary,0.934783995,-1,7.66222872,1.11725066,1
fields/00383__plt03820__rho.f32__c0009__dt-f32/chunk_0,3000000,35,spratio,primary,0.240224004,-1,1.28638245,1.32707134,1
fields/00383__plt03820__rho.f32__c0015__dt-f32/chunk_0,3000000,35,spratio,primary,0.227423996,-1,3.86702955,0.588967996,1
fields/00384__plt03840__part_per_cell.f32__c0005__dt-f32/chunk_0,3000000,0,ans,primary,0.568288028,-1,6.26228627,0.791545362,1
fields/00384__plt03840__part_per_cell.f32__c0009__dt-f32/chunk_0,3000000,2,ans shuffle=byte,primary,1.01868796,-1,7.50583208,1.20495663,1
fields/00384__plt03840__part_per_cell.f32__c0007__dt-f32/chunk_0,3000000,2,ans shuffle=byte,primary,0.523199975,-1,7.58933011,0.707419309,1
fields/00383__plt03820__rho.f32__c0013__dt-f32/chunk_0,3000000,35,spratio,primary,0.0650560036,-1,2.4726134,0.63049067,1
fields/00384__plt03840__part_per_cell.f32__c0003__dt-f32/chunk_0,3000000,2,ans shuffle=byte,primary,0.90774399,-1,7.68964961,1.08955999,1
fields/00385__plt03840__rho.f32__c0003__dt-f32/chunk_0,3000000,35,spratio,primary,0.0763840005,-1,1.27347755,1.174245,1
fields/00384__plt03840__part_per_cell.f32__c0011__dt-f32/chunk_0,3000000,0,ans,primary,0.634015977,-1,6.19912621,0.859547977,1
fields/00384__plt03840__part_per_cell.f32__c0013__dt-f32/chunk_0,3000000,36,spratio shuffle=bit,primary,0.254400015,-1,6.11931954,0.482873348,1
fields/00385__plt03840__rho.f32__c0007__dt-f32/chunk_0,3000000,35,spratio,primary,0.0880319998,-1,1.27425133,1.18522633,1
fields/00384__plt03840__part_per_cell.f32__c0015__dt-f32/chunk_0,3000000,9,bitcomp type=int,primary,0.596192002,-1,17.2775746,0.677112002,1
fields/00385__plt03840__rho.f32__c0001__dt-f32/chunk_0,3000000,35,spratio,primary,0.245248005,-1,1.26518405,1.35030567,1
fields/00385__plt03840__rho.f32__c0005__dt-f32/chunk_0,3000000,35,spratio,primary,0.0699200034,-1,1.27728857,1.16450534,1
fields/00385__plt03840__rho.f32__c0009__dt-f32/chunk_0,3000000,35,spratio,primary,0.0865600035,-1,1.28642506,1.17337134,1
fields/00385__plt03840__rho.f32__c0011__dt-f32/chunk_0,3000000,35,spratio,primary,0.214399993,-1,2.06474073,0.89153166,1
fields/00386__plt03860__part_per_cell.f32__c0001__dt-f32/chunk_0,3000000,2,ans shuffle=byte,primary,0.381440014,-1,7.66463704,0.563849347,1
fields/00386__plt03860__part_per_cell.f32__c0003__dt-f32/chunk_0,3000000,0,ans,primary,0.189375997,-1,6.30817266,0.41100933,1
fields/00385__plt03840__rho.f32__c0013__dt-f32/chunk_0,3000000,29,ndzip,primary,0.0716800019,-1,1.68531766,0.901257335,1
fields/00385__plt03840__rho.f32__c0015__dt-f32/chunk_0,3000000,35,spratio,primary,0.212896004,-1,3.87523283,0.573674671,1
fields/00386__plt03860__part_per_cell.f32__c0009__dt-f32/chunk_0,3000000,2,ans shuffle=byte,primary,0.703167975,-1,7.50397893,0.889482642,1
fields/00386__plt03860__part_per_cell.f32__c0007__dt-f32/chunk_0,3000000,2,ans shuffle=byte,primary,0.275040001,-1,7.58192184,0.459439334,1
fields/00386__plt03860__part_per_cell.f32__c0011__dt-f32/chunk_0,3000000,2,ans shuffle=byte,primary,0.977504015,-1,7.44700827,1.16524401,1
fields/00386__plt03860__part_per_cell.f32__c0013__dt-f32/chunk_0,3000000,30,ndzip shuffle=bit,primary,0.0829439983,-1,4.90695019,0.367866665,1
fields/00386__plt03860__part_per_cell.f32__c0005__dt-f32/chunk_0,3000000,0,ans,primary,0.245792001,-1,6.26921283,0.468802668,1
fields/00386__plt03860__part_per_cell.f32__c0015__dt-f32/chunk_0,3000000,24,gpulz shuffle=byte,primary,0.195583999,-1,32.3076165,0.238858666,1
fields/00387__plt03860__rho.f32__c0001__dt-f32/chunk_0,3000000,35,spratio,primary,0.0872000009,-1,1.26450358,1.19285233,1
fields/00387__plt03860__rho.f32__c0003__dt-f32/chunk_0,3000000,35,spratio,primary,0.069472,-1,1.27400361,1.16687967,1
fields/00387__plt03860__rho.f32__c0005__dt-f32/chunk_0,3000000,35,spratio,primary,0.253791988,-1,1.2772415,1.34841765,1
fields/00387__plt03860__rho.f32__c0007__dt-f32/chunk_0,3000000,35,spratio,primary,0.0971520022,-1,1.27467924,1.193978,1
fields/00387__plt03860__rho.f32__c0015__dt-f32/chunk_0,3000000,35,spratio,primary,0.0686400011,-1,3.85890709,0.430945001,1
fields/00387__plt03860__rho.f32__c0013__dt-f32/chunk_0,3000000,35,spratio,primary,0.21232,-1,2.46802742,0.778805333,1
fields/00387__plt03860__rho.f32__c0009__dt-f32/chunk_0,3000000,35,spratio,primary,0.0782399997,-1,1.2829886,1.16796233,1
fields/00387__plt03860__rho.f32__c0011__dt-f32/chunk_0,3000000,35,spratio,primary,0.154783994,-1,2.06540975,0.831696327,1
fields/00388__plt03880__part_per_cell.f32__c0003__dt-f32/chunk_0,3000000,2,ans shuffle=byte,primary,0.905695975,-1,7.69334502,1.08742464,1
fields/00388__plt03880__part_per_cell.f32__c0005__dt-f32/chunk_0,3000000,0,ans,primary,0.502367973,-1,6.26529838,0.725517973,1
fields/00388__plt03880__part_per_cell.f32__c0001__dt-f32/chunk_0,3000000,0,ans,primary,0.605376005,-1,6.3521957,0.825473339,1
fields/00388__plt03880__part_per_cell.f32__c0007__dt-f32/chunk_0,3000000,2,ans shuffle=byte,primary,0.443360001,-1,7.58422509,0.627703334,1
fields/00388__plt03880__part_per_cell.f32__c0011__dt-f32/chunk_0,3000000,2,ans shuffle=byte,primary,0.385823995,-1,7.4612095,0.573206662,1
fields/00388__plt03880__part_per_cell.f32__c0009__dt-f32/chunk_0,3000000,2,ans shuffle=byte,primary,0.926624,-1,7.50524112,1.11290733,1
fields/00388__plt03880__part_per_cell.f32__c0013__dt-f32/chunk_0,3000000,2,ans shuffle=byte,primary,0.303903997,-1,7.35466042,0.49400133,1
fields/00388__plt03880__part_per_cell.f32__c0015__dt-f32/chunk_0,3000000,9,bitcomp type=int,primary,0.204127997,-1,17.2775746,0.285047997,1
fields/00389__plt03880__rho.f32__c0001__dt-f32/chunk_0,3000000,35,spratio,primary,0.275871992,-1,1.26441972,1.38159766,1
fields/00389__plt03880__rho.f32__c0013__dt-f32/chunk_0,3000000,35,spratio,primary,0.234975994,-1,2.46861862,0.80132566,1
fields/00389__plt03880__rho.f32__c0007__dt-f32/chunk_0,3000000,35,spratio,primary,0.0930560008,-1,1.27445731,1.190073,1
fields/00389__plt03880__rho.f32__c0003__dt-f32/chunk_0,3000000,35,spratio,primary,0.313344002,-1,1.27504387,1.40985634,1
fields/00389__plt03880__rho.f32__c0009__dt-f32/chunk_0,3000000,35,spratio,primary,0.178143993,-1,1.27779326,1.27229699,1
fields/00389__plt03880__rho.f32__c0005__dt-f32/chunk_0,3000000,35,spratio,primary,0.325760007,-1,1.2769312,1.42065167,1
fields/00390__plt03900__part_per_cell.f32__c0001__dt-f32/chunk_0,3000000,2,ans shuffle=byte,primary,0.860831976,-1,7.66755146,1.04317198,1
fields/00389__plt03880__rho.f32__c0011__dt-f32/chunk_0,3000000,35,spratio,primary,0.538752019,-1,2.07050256,1.21399935,1
fields/00389__plt03880__rho.f32__c0015__dt-f32/chunk_0,3000000,35,spratio,primary,0.251551986,-1,3.86698321,0.613100319,1
fields/00390__plt03900__part_per_cell.f32__c0005__dt-f32/chunk_0,3000000,2,ans shuffle=byte,primary,0.898847997,-1,7.65853516,1.08140266,1
fields/00390__plt03900__part_per_cell.f32__c0009__dt-f32/chunk_0,3000000,0,ans,primary,0.427487999,-1,6.18040039,0.653703333,1
fields/00390__plt03900__part_per_cell.f32__c0003__dt-f32/chunk_0,3000000,0,ans,primary,1.02393603,-1,6.31485887,1.2453347,1
fields/00390__plt03900__part_per_cell.f32__c0007__dt-f32/chunk_0,3000000,2,ans shuffle=byte,primary,0.603392005,-1,7.58266202,0.787773338,1
fields/00390__plt03900__part_per_cell.f32__c0011__dt-f32/chunk_0,3000000,2,ans shuffle=byte,primary,0.212704003,-1,7.4700862,0.399864003,1
fields/00390__plt03900__part_per_cell.f32__c0013__dt-f32/chunk_0,3000000,30,ndzip shuffle=bit,primary,0.152575999,-1,4.91430928,0.437071999,1
fields/00391__plt03900__rho.f32__c0001__dt-f32/chunk_0,3000000,35,spratio,primary,0.152927995,-1,1.26579763,1.25744999,1
fields/00391__plt03900__rho.f32__c0003__dt-f32/chunk_0,3000000,35,spratio,primary,0.240480006,-1,1.27705562,1.33526501,1
fields/00390__plt03900__part_per_cell.f32__c0015__dt-f32/chunk_0,3000000,24,gpulz shuffle=byte,primary,0.266240001,-1,32.3076165,0.309514667,1
fields/00391__plt03900__rho.f32__c0011__dt-f32/chunk_0,3000000,35,spratio,primary,0.0870079994,-1,2.07667289,0.760248999,1
fields/00391__plt03900__rho.f32__c0005__dt-f32/chunk_0,3000000,35,spratio,primary,0.0756480023,-1,1.27742083,1.17012,1
fields/00391__plt03900__rho.f32__c0015__dt-f32/chunk_0,3000000,35,spratio,primary,0.229632005,-1,3.8762177,0.590319005,1
fields/00392__plt03920__part_per_cell.f32__c0001__dt-f32/chunk_0,3000000,2,ans shuffle=byte,primary,0.264447987,-1,7.66912168,0.446750654,1
fields/00391__plt03900__rho.f32__c0009__dt-f32/chunk_0,3000000,35,spratio,primary,0.0795520023,-1,1.27481716,1.17625934,1
fields/00392__plt03920__part_per_cell.f32__c0003__dt-f32/chunk_0,3000000,0,ans,primary,0.413695991,-1,6.31546741,0.635073324,1
fields/00391__plt03900__rho.f32__c0007__dt-f32/chunk_0,3000000,35,spratio,primary,0.0771839991,-1,1.27643068,1.172505,1
fields/00391__plt03900__rho.f32__c0013__dt-f32/chunk_0,3000000,35,spratio,primary,0.111135997,-1,2.46822494,0.677575997,1
fields/00392__plt03920__part_per_cell.f32__c0005__dt-f32/chunk_0,3000000,2,ans shuffle=byte,primary,0.242719993,-1,7.65825549,0.425281326,1
fields/00392__plt03920__part_per_cell.f32__c0007__dt-f32/chunk_0,3000000,2,ans shuffle=byte,primary,0.368191987,-1,7.58529493,0.552509321,1
fields/00392__plt03920__part_per_cell.f32__c0013__dt-f32/chunk_0,3000000,36,spratio shuffle=bit,primary,0.27660799,-1,6.09057365,0.506159657,1
fields/00392__plt03920__part_per_cell.f32__c0015__dt-f32/chunk_0,3000000,30,ndzip shuffle=bit,primary,0.0901120007,-1,6.47077409,0.306176001,1
fields/00393__plt03920__rho.f32__c0001__dt-f32/chunk_0,3000000,35,spratio,primary,0.0738879964,-1,1.26641487,1.17787166,1
fields/00392__plt03920__part_per_cell.f32__c0009__dt-f32/chunk_0,3000000,0,ans,primary,0.289151996,-1,6.18362593,0.51524933,1
fields/00392__plt03920__part_per_cell.f32__c0011__dt-f32/chunk_0,3000000,2,ans shuffle=byte,primary,0.295648009,-1,7.4703523,0.482801342,1
fields/00393__plt03920__rho.f32__c0007__dt-f32/chunk_0,3000000,35,spratio,primary,0.236095995,-1,1.27656238,1.33130399,1
fields/00393__plt03920__rho.f32__c0003__dt-f32/chunk_0,3000000,35,spratio,primary,0.0799359977,-1,1.27848266,1.173499,1
fields/00393__plt03920__rho.f32__c0005__dt-f32/chunk_0,3000000,35,spratio,primary,0.258879989,-1,1.27795133,1.35289766,1
fields/00393__plt03920__rho.f32__c0011__dt-f32/chunk_0,3000000,35,spratio,primary,0.241952002,-1,2.07822354,0.914690669,1
fields/00393__plt03920__rho.f32__c0013__dt-f32/chunk_0,3000000,35,spratio,primary,0.552608013,-1,2.46388242,1.12004635,1
fields/00393__plt03920__rho.f32__c0009__dt-f32/chunk_0,3000000,35,spratio,primary,0.569375992,-1,1.26986949,1.67035633,1
fields/00394__plt03940__part_per_cell.f32__c0001__dt-f32/chunk_0,3000000,0,ans,primary,0.236479998,-1,6.37000453,0.455961998,1
fields/00393__plt03920__rho.f32__c0015__dt-f32/chunk_0,3000000,35,spratio,primary,0.359263986,-1,3.86154323,0.721321653,1
fields/00394__plt03940__part_per_cell.f32__c0009__dt-f32/chunk_0,3000000,0,ans,primary,0.511008024,-1,6.19111048,0.736832024,1
fields/00394__plt03940__part_per_cell.f32__c0005__dt-f32/chunk_0,3000000,0,ans,primary,0.78825599,-1,6.26451233,1.01143399,1
fields/00394__plt03940__part_per_cell.f32__c0003__dt-f32/chunk_0,3000000,2,ans shuffle=byte,primary,0.229855999,-1,7.69540584,0.411535999,1
fields/00394__plt03940__part_per_cell.f32__c0007__dt-f32/chunk_0,3000000,2,ans shuffle=byte,primary,0.269856006,-1,7.5818122,0.454258006,1
fields/00394__plt03940__part_per_cell.f32__c0015__dt-f32/chunk_0,3000000,23,gpulz shuffle=bit,primary,0.316415995,-1,32.7925944,0.359050662,1
fields/00394__plt03940__part_per_cell.f32__c0011__dt-f32/chunk_0,3000000,0,ans,primary,0.702080011,-1,6.16341717,0.928918678,1
fields/00394__plt03940__part_per_cell.f32__c0013__dt-f32/chunk_0,3000000,30,ndzip shuffle=bit,primary,0.183295995,-1,4.87966233,0.469811995,1
fields/00395__plt03940__rho.f32__c0001__dt-f32/chunk_0,3000000,35,spratio,primary,0.233983994,-1,1.2683308,1.33629999,1
fields/00395__plt03940__rho.f32__c0003__dt-f32/chunk_0,3000000,38,spspeed,primary,0.570591986,-1,1.21699185,1.71940932,1
fields/00395__plt03940__rho.f32__c0009__dt-f32/chunk_0,3000000,35,spratio,primary,0.0777280033,-1,1.26337122,1.18437134,1
fields/00395__plt03940__rho.f32__c0005__dt-f32/chunk_0,3000000,35,spratio,primary,0.103840001,-1,1.27873524,1.197187,1
fields/00395__plt03940__rho.f32__c0011__dt-f32/chunk_0,3000000,35,spratio,primary,0.137311995,-1,2.08389841,0.808218662,1
fields/00395__plt03940__rho.f32__c0013__dt-f32/chunk_0,3000000,35,spratio,primary,0.223808005,-1,2.46416758,0.791180672,1
fields/00395__plt03940__rho.f32__c0007__dt-f32/chunk_0,3000000,35,spratio,primary,0.145375997,-1,1.27735859,1.23990133,1
fields/00396__plt03960__part_per_cell.f32__c0001__dt-f32/chunk_0,3000000,0,ans,primary,0.332991987,-1,6.37808313,0.552195987,1
fields/00396__plt03960__part_per_cell.f32__c0007__dt-f32/chunk_0,3000000,2,ans shuffle=byte,primary,0.980768025,-1,7.585926,1.16507002,1
fields/00396__plt03960__part_per_cell.f32__c0003__dt-f32/chunk_0,3000000,2,ans shuffle=byte,primary,0.376127988,-1,7.69517994,0.557813321,1
fields/00395__plt03940__rho.f32__c0015__dt-f32/chunk_0,3000000,35,spratio,primary,0.068095997,-1,3.87103038,0.42926633,1
fields/00396__plt03960__part_per_cell.f32__c0009__dt-f32/chunk_0,3000000,2,ans shuffle=byte,primary,0.48268801,-1,7.50720238,0.668922676,1
fields/00396__plt03960__part_per_cell.f32__c0005__dt-f32/chunk_0,3000000,0,ans,primary,0.210879996,-1,6.26780756,0.433940663,1
fields/00396__plt03960__part_per_cell.f32__c0011__dt-f32/chunk_0,3000000,0,ans,primary,0.212768003,-1,6.17754212,0.439088003,1
fields/00396__plt03960__part_per_cell.f32__c0013__dt-f32/chunk_0,3000000,30,ndzip shuffle=bit,primary,0.0808959976,-1,4.88418542,0.367146664,1
fields/00396__plt03960__part_per_cell.f32__c0015__dt-f32/chunk_0,3000000,24,gpulz shuffle=byte,primary,0.289792001,-1,32.3076165,0.333066668,1
fields/00397__plt03960__rho.f32__c0003__dt-f32/chunk_0,3000000,35,spratio,primary,0.272927999,-1,1.27878319,1.366234,1
fields/00397__plt03960__rho.f32__c0005__dt-f32/chunk_0,3000000,35,spratio,primary,0.284480006,-1,1.28028561,1.37650301,1
fields/00397__plt03960__rho.f32__c0009__dt-f32/chunk_0,3000000,35,spratio,primary,0.151296005,-1,1.25605379,1.26438634,1
fields/00397__plt03960__rho.f32__c0001__dt-f32/chunk_0,3000000,29,ndzip,primary,0.084991999,-1,1.18071315,1.269108,1
fields/00397__plt03960__rho.f32__c0013__dt-f32/chunk_0,3000000,35,spratio,primary,0.0768639967,-1,2.45998503,0.64520133,1
fields/00397__plt03960__rho.f32__c0011__dt-f32/chunk_0,3000000,35,spratio,primary,0.316832006,-1,2.08486278,0.987428339,1
fields/00397__plt03960__rho.f32__c0015__dt-f32/chunk_0,3000000,35,spratio,primary,0.0848959982,-1,3.85762585,0.447321332,1
fields/00397__plt03960__rho.f32__c0007__dt-f32/chunk_0,3000000,35,spratio,primary,0.357984006,-1,1.27714739,1.45269034,1
fields/00398__plt03980__part_per_cell.f32__c0007__dt-f32/chunk_0,3000000,0,ans,primary,0.217184007,-1,6.20707087,0.442427341,1
fields/00398__plt03980__part_per_cell.f32__c0005__dt-f32/chunk_0,3000000,2,ans shuffle=byte,primary,0.252351999,-1,7.66124902,0.434841999,1
fields/00398__plt03980__part_per_cell.f32__c0001__dt-f32/chunk_0,3000000,2,ans shuffle=byte,primary,0.322528005,-1,7.69453056,0.504228671,1
fields/00398__plt03980__part_per_cell.f32__c0015__dt-f32/chunk_0,3000000,24,gpulz shuffle=byte,primary,0.251904011,-1,32.3076165,0.295178677,1
fields/00398__plt03980__part_per_cell.f32__c0009__dt-f32/chunk_0,3000000,2,ans shuffle=byte,primary,0.99190402,-1,7.51252714,1.17800669,1
fields/00398__plt03980__part_per_cell.f32__c0003__dt-f32/chunk_0,3000000,2,ans shuffle=byte,primary,0.396032006,-1,7.6953776,0.577712672,1
fields/00398__plt03980__part_per_cell.f32__c0013__dt-f32/chunk_0,3000000,30,ndzip shuffle=bit,primary,0.0808959976,-1,4.89929261,0.366263998,1
fields/00398__plt03980__part_per_cell.f32__c0011__dt-f32/chunk_0,3000000,30,ndzip shuffle=bit,primary,0.106495999,-1,3.98925623,0.456962665,1
fields/00399__plt03980__rho.f32__c0003__dt-f32/chunk_0,3000000,35,spratio,primary,0.385632008,-1,1.27722167,1.48027467,1
fields/00399__plt03980__rho.f32__c0001__dt-f32/chunk_0,3000000,35,spratio,primary,0.125119999,-1,1.2691567,1.22671867,1
fields/00399__plt03980__rho.f32__c0005__dt-f32/chunk_0,3000000,35,spratio,primary,0.219743997,-1,1.28012892,1.31190066,1
fields/00399__plt03980__rho.f32__c0007__dt-f32/chunk_0,3000000,35,spratio,primary,0.0719679967,-1,1.27711122,1.16670533,1
fields/00399__plt03980__rho.f32__c0009__dt-f32/chunk_0,3000000,35,spratio,primary,0.0745280012,-1,1.25403001,1.18941467,1
fields/00399__plt03980__rho.f32__c0013__dt-f32/chunk_0,3000000,35,spratio,primary,0.170496002,-1,2.46076006,0.738654335,1
fields/00400__plt04000__part_per_cell.f32__c0007__dt-f32/chunk_0,3000000,2,ans shuffle=byte,primary,0.39497599,-1,7.58115441,0.57939399,1
fields/00399__plt03980__rho.f32__c0011__dt-f32/chunk_0,3000000,35,spratio,primary,0.0868479982,-1,2.09308409,0.754810332,1
fields/00400__plt04000__part_per_cell.f32__c0001__dt-f32/chunk_0,3000000,0,ans,primary,0.516063988,-1,6.39098927,0.734825322,1
fields/00399__plt03980__rho.f32__c0015__dt-f32/chunk_0,3000000,35,spratio,primary,0.252416015,-1,3.86627742,0.614030348,1
fields/00400__plt04000__part_per_cell.f32__c0005__dt-f32/chunk_0,3000000,2,ans shuffle=byte,primary,0.500992,-1,7.66046544,0.683500667,1
fields/00400__plt04000__part_per_cell.f32__c0003__dt-f32/chunk_0,3000000,2,ans shuffle=byte,primary,0.562463999,-1,7.69741126,0.744096665,1
fields/00400__plt04000__part_per_cell.f32__c0009__dt-f32/chunk_0,3000000,0,ans,primary,0.208384007,-1,6.20396765,0.433740007,1
fields/00400__plt04000__part_per_cell.f32__c0015__dt-f32/chunk_0,3000000,24,gpulz shuffle=byte,primary,0.183295995,-1,32.3076165,0.226570662,1
fields/00400__plt04000__part_per_cell.f32__c0011__dt-f32/chunk_0,3000000,2,ans shuffle=byte,primary,0.91782397,-1,7.50220721,1.10418264,1
fields/00400__plt04000__part_per_cell.f32__c0013__dt-f32/chunk_0,3000000,30,ndzip shuffle=bit,primary,0.0870399997,-1,4.90229318,0.372233333,1
fields/00401__plt04000__rho.f32__c0001__dt-f32/chunk_0,3000000,35,spratio,primary,0.277152002,-1,1.26970496,1.378275,1
fields/00401__plt04000__rho.f32__c0007__dt-f32/chunk_0,3000000,35,spratio,primary,0.156192005,-1,1.27608428,1.25181034,1
fields/00401__plt04000__rho.f32__c0005__dt-f32/chunk_0,3000000,35,spratio,primary,0.306784004,-1,1.28049785,1.398626,1
fields/00401__plt04000__rho.f32__c0003__dt-f32/chunk_0,3000000,35,spratio,primary,0.406879991,-1,1.27566861,1.50285532,1
fields/00401__plt04000__rho.f32__c0015__dt-f32/chunk_0,3000000,35,spratio,primary,0.0825280026,-1,3.87736078,0.443108669,1
fields/00401__plt04000__rho.f32__c0009__dt-f32/chunk_0,3000000,35,spratio,primary,0.0786560029,-1,1.25449772,1.193127,1
fields/00401__plt04000__rho.f32__c0011__dt-f32/chunk_0,3000000,35,spratio,primary,0.0648960024,-1,2.09604424,0.731915002,1
fields/00401__plt04000__rho.f32__c0013__dt-f32/chunk_0,3000000,35,spratio,primary,0.0881280005,-1,2.45968352,0.656535,1
