blob,tier_bw,setting,spec,role,comp_ms,decomp_ms,ratio,cost,adopted
fields/00000__plt00000__density.f32__c0001__dt-f32/chunk_0,500000,29,ndzip,primary,0.0460800007,-1,30.3407407,0.322560001,1
fields/00000__plt00000__density.f32__c0003__dt-f32/chunk_0,500000,29,ndzip,primary,0.0419839993,-1,30.3407407,0.318463999,1
fields/00000__plt00000__density.f32__c0005__dt-f32/chunk_0,500000,29,ndzip,primary,0.0430079997,-1,30.3407407,0.319488,1
fields/00000__plt00000__density.f32__c0007__dt-f32/chunk_0,500000,29,ndzip,primary,0.0634879991,-1,5.5748631,1.568208,1
fields/00000__plt00000__density.f32__c0009__dt-f32/chunk_0,500000,29,ndzip,primary,0.0337920003,-1,25.4409938,0.36352,1
fields/00000__plt00000__density.f32__c0011__dt-f32/chunk_0,500000,29,ndzip,primary,0.0337920003,-1,25.4409938,0.36352,1
fields/00000__plt00000__density.f32__c0013__dt-f32/chunk_0,500000,29,ndzip,primary,0.0378880017,-1,25.4409938,0.367616002,1
fields/00000__plt00000__density.f32__c0015__dt-f32/chunk_0,500000,29,ndzip,primary,0.035840001,-1,25.4409938,0.365568001,1
fields/00001__plt00000__tracer0.f32__c0001__dt-f32/chunk_0,500000,30,ndzip shuffle=bit,primary,0.108543999,-1,3.55247181,2.469888,1
fields/00001__plt00000__tracer0.f32__c0009__dt-f32/chunk_0,500000,2,ans shuffle=byte,primary,0.971776009,-1,6.62707772,2.23758401,1
fields/00001__plt00000__tracer0.f32__c0003__dt-f32/chunk_0,500000,30,ndzip shuffle=bit,primary,0.139264002,-1,3.55247181,2.500608,1
fields/00001__plt00000__tracer0.f32__c0005__dt-f32/chunk_0,500000,29,ndzip,primary,0.553983986,-1,1.63210365,5.69373599,1
fields/00001__plt00000__tracer0.f32__c0015__dt-f32/chunk_0,500000,35,spratio,primary,0.126816005,-1,1.77308671,4.857892,1
fields/00001__plt00000__tracer0.f32__c0007__dt-f32/chunk_0,500000,29,ndzip,primary,0.686079979,-1,1.639681,5.80207998,1
fields/00001__plt00000__tracer0.f32__c0011__dt-f32/chunk_0,500000,30,ndzip shuffle=bit,primary,0.0860159993,-1,3.55247181,2.44736,1
fields/00001__plt00000__tracer0.f32__c0013__dt-f32/chunk_0,500000,35,spratio,primary,0.648288012,-1,1.78342445,5.35194001,1
fields/00002__plt00000__tracer1.f32__c0005__dt-f32/chunk_0,500000,30,ndzip shuffle=bit,primary,0.150527999,-1,3.55247181,2.511872,1
fields/00002__plt00000__tracer1.f32__c0001__dt-f32/chunk_0,500000,35,spratio,primary,0.729279995,-1,1.77352831,5.45917799,1
fields/00002__plt00000__tracer1.f32__c0003__dt-f32/chunk_0,500000,35,spratio,primary,0.231296003,-1,1.76687753,4.978998,1
fields/00002__plt00000__tracer1.f32__c0011__dt-f32/chunk_0,500000,35,spratio,primary,0.272576004,-1,1.77053817,5.010462,1
fields/00002__plt00000__tracer1.f32__c0009__dt-f32/chunk_0,500000,29,ndzip,primary,0.0798719972,-1,1.62062879,5.256016,1
fields/00002__plt00000__tracer1.f32__c0007__dt-f32/chunk_0,500000,30,ndzip shuffle=bit,primary,0.0993279964,-1,3.55247181,2.460672,1
fields/00002__plt00000__tracer1.f32__c0015__dt-f32/chunk_0,500000,30,ndzip shuffle=bit,primary,0.0819199979,-1,3.55247181,2.443264,1
fields/00003__plt00000__tracer2.f32__c0003__dt-f32/chunk_0,500000,2,ans shuffle=byte,primary,1.01235199,-1,6.62707772,2.27815999,1
fields/00002__plt00000__tracer1.f32__c0013__dt-f32/chunk_0,500000,30,ndzip shuffle=bit,primary,0.0808959976,-1,3.55247181,2.44224,1
fields/00003__plt00000__tracer2.f32__c0009__dt-f32/chunk_0,500000,2,ans shuffle=byte,primary,0.682175994,-1,6.62707772,1.94798399,1
fields/00003__plt00000__tracer2.f32__c0001__dt-f32/chunk_0,500000,30,ndzip shuffle=bit,primary,0.0768000036,-1,3.55247181,2.438144,1
fields/00003__plt00000__tracer2.f32__c0011__dt-f32/chunk_0,500000,30,ndzip shuffle=bit,primary,0.109568,-1,3.55247181,2.470912,1
fields/00003__plt00000__tracer2.f32__c0005__dt-f32/chunk_0,500000,29,ndzip,primary,0.178176001,-1,1.63210365,5.317928,1
fields/00003__plt00000__tracer2.f32__c0007__dt-f32/chunk_0,500000,29,ndzip,primary,0.0686080009,-1,1.639681,5.184608,1
fields/00004__plt00000__velz.f32__c0001__dt-f32/chunk_0,500000,29,ndzip,primary,0.0348160006,-1,31.751938,0.299008001,1
fields/00003__plt00000__tracer2.f32__c0013__dt-f32/chunk_0,500000,35,spratio,primary,0.0852480009,-1,1.78342445,4.7889,1
fields/00003__plt00000__tracer2.f32__c0015__dt-f32/chunk_0,500000,29,ndzip,primary,0.108543999,-1,1.62509202,5.270472,1
fields/00004__plt00000__velz.f32__c0005__dt-f32/chunk_0,500000,29,ndzip,primary,0.0419839993,-1,31.751938,0.306175999,1
fields/00004__plt00000__velz.f32__c0007__dt-f32/chunk_0,500000,29,ndzip,primary,0.0491520017,-1,31.751938,0.313344002,1
fields/00004__plt00000__velz.f32__c0003__dt-f32/chunk_0,500000,29,ndzip,primary,0.0368640013,-1,31.751938,0.301056001,1
fields/00004__plt00000__velz.f32__c0009__dt-f32/chunk_0,500000,29,ndzip,primary,0.0389119983,-1,31.751938,0.303103998,1
fields/00004__plt00000__velz.f32__c0011__dt-f32/chunk_0,500000,29,ndzip,primary,0.047104001,-1,31.751938,0.311296001,1
fields/00004__plt00000__velz.f32__c0013__dt-f32/chunk_0,500000,29,ndzip,primary,0.0419839993,-1,31.751938,0.306175999,1
fields/00004__plt00000__velz.f32__c0015__dt-f32/chunk_0,500000,29,ndzip,primary,0.0696320012,-1,31.751938,0.333824001,1
fields/00005__plt00001__density.f32__c0005__dt-f32/chunk_0,500000,29,ndzip,primary,0.040959999,-1,30.3407407,0.317439999,1
fields/00005__plt00001__density.f32__c0001__dt-f32/chunk_0,500000,29,ndzip,primary,0.0368640013,-1,30.3407407,0.313344001,1
fields/00005__plt00001__density.f32__c0007__dt-f32/chunk_0,500000,29,ndzip,primary,0.0655359998,-1,5.32991755,1.639408,1
fields/00005__plt00001__density.f32__c0009__dt-f32/chunk_0,500000,29,ndzip,primary,0.0378880017,-1,25.4409938,0.367616002,1
fields/00005__plt00001__density.f32__c0003__dt-f32/chunk_0,500000,29,ndzip,primary,0.0368640013,-1,30.3407407,0.313344001,1
fields/00005__plt00001__density.f32__c0015__dt-f32/chunk_0,500000,29,ndzip,primary,0.0368640013,-1,25.4409938,0.366592001,1
fields/00005__plt00001__density.f32__c0011__dt-f32/chunk_0,500000,29,ndzip,primary,0.0337920003,-1,25.4409938,0.36352,1
fields/00005__plt00001__density.f32__c0013__dt-f32/chunk_0,500000,29,ndzip,primary,0.0378880017,-1,25.4409938,0.367616002,1
fields/00006__plt00001__tracer0.f32__c0001__dt-f32/chunk_0,500000,30,ndzip shuffle=bit,primary,0.102399997,-1,3.55247181,2.463744,1
fields/00006__plt00001__tracer0.f32__c0003__dt-f32/chunk_0,500000,30,ndzip shuffle=bit,primary,0.145408005,-1,3.55247181,2.506752,1
fields/00006__plt00001__tracer0.f32__c0007__dt-f32/chunk_0,500000,29,ndzip,primary,0.129023999,-1,1.639681,5.245024,1
fields/00006__plt00001__tracer0.f32__c0015__dt-f32/chunk_0,500000,29,ndzip,primary,0.0870399997,-1,1.62509202,5.248968,1
fields/00006__plt00001__tracer0.f32__c0005__dt-f32/chunk_0,500000,35,spratio,primary,0.226944,-1,1.77573357,4.950968,1
fields/00006__plt00001__tracer0.f32__c0009__dt-f32/chunk_0,500000,30,ndzip shuffle=bit,primary,0.105471998,-1,3.55247181,2.466816,1
fields/00006__plt00001__tracer0.f32__c0011__dt-f32/chunk_0,500000,30,ndzip shuffle=bit,primary,0.0819199979,-1,3.55247181,2.443264,1
fields/00007__plt00001__tracer1.f32__c0003__dt-f32/chunk_0,500000,35,spratio,primary,0.0710079968,-1,1.76687753,4.81871,1
fields/00007__plt00001__tracer1.f32__c0001__dt-f32/chunk_0,500000,29,ndzip,primary,0.0716800019,-1,1.6246086,5.235144,1
fields/00006__plt00001__tracer0.f32__c0013__dt-f32/chunk_0,500000,35,spratio,primary,0.366528004,-1,1.78342445,5.07018,1
fields/00007__plt00001__tracer1.f32__c0007__dt-f32/chunk_0,500000,30,ndzip shuffle=bit,primary,0.128000006,-1,3.55247181,2.48934401,1
fields/00007__plt00001__tracer1.f32__c0005__dt-f32/chunk_0,500000,30,ndzip shuffle=bit,primary,0.105471998,-1,3.55247181,2.466816,1
fields/00007__plt00001__tracer1.f32__c0011__dt-f32/chunk_0,500000,29,ndzip,primary,0.0727040023,-1,1.62773579,5.226248,1
fields/00007__plt00001__tracer1.f32__c0009__dt-f32/chunk_0,500000,35,spratio,primary,0.0651519969,-1,1.76718722,4.812022,1
fields/00007__plt00001__tracer1.f32__c0015__dt-f32/chunk_0,500000,30,ndzip shuffle=bit,primary,0.0808959976,-1,3.55247181,2.44224,1
fields/00008__plt00001__tracer2.f32__c0003__dt-f32/chunk_0,500000,30,ndzip shuffle=bit,primary,0.084991999,-1,3.55247181,2.446336,1
fields/00007__plt00001__tracer1.f32__c0013__dt-f32/chunk_0,500000,30,ndzip shuffle=bit,primary,0.124927998,-1,3.55247181,2.486272,1
fields/00008__plt00001__tracer2.f32__c0005__dt-f32/chunk_0,500000,29,ndzip,primary,0.0972800031,-1,1.63210365,5.237032,1
fields/00008__plt00001__tracer2.f32__c0001__dt-f32/chunk_0,500000,2,ans shuffle=byte,primary,0.212832004,-1,6.62707772,1.47864,1
fields/00008__plt00001__tracer2.f32__c0013__dt-f32/chunk_0,500000,35,spratio,primary,0.256511986,-1,1.78342445,4.96016399,1
fields/00008__plt00001__tracer2.f32__c0011__dt-f32/chunk_0,500000,30,ndzip shuffle=bit,primary,0.0942080021,-1,3.55247181,2.455552,1
fields/00008__plt00001__tracer2.f32__c0007__dt-f32/chunk_0,500000,35,spratio,primary,0.103200004,-1,1.78184477,4.811022,1
fields/00008__plt00001__tracer2.f32__c0015__dt-f32/chunk_0,500000,35,spratio,primary,0.230496004,-1,1.77308671,4.961572,1
fields/00009__plt00001__velz.f32__c0001__dt-f32/chunk_0,500000,29,ndzip,primary,0.0829439983,-1,1.44418429,5.891488,1
fields/00008__plt00001__tracer2.f32__c0009__dt-f32/chunk_0,500000,30,ndzip shuffle=bit,primary,0.0819199979,-1,3.55247181,2.443264,1
fields/00009__plt00001__velz.f32__c0003__dt-f32/chunk_0,500000,29,ndzip,primary,0.0788479969,-1,1.45980638,5.825232,1
fields/00009__plt00001__velz.f32__c0009__dt-f32/chunk_0,500000,29,ndzip,primary,0.0706560016,-1,1.47756268,5.747984,1
fields/00009__plt00001__velz.f32__c0007__dt-f32/chunk_0,500000,29,ndzip,primary,0.0706560016,-1,1.45638185,5.830552,1
fields/00009__plt00001__velz.f32__c0011__dt-f32/chunk_0,500000,29,ndzip,primary,0.0716800019,-1,1.4687008,5.783264,1
fields/00009__plt00001__velz.f32__c0015__dt-f32/chunk_0,500000,29,ndzip,primary,0.0829439983,-1,1.43858898,5.91408,1
fields/00009__plt00001__velz.f32__c0005__dt-f32/chunk_0,500000,29,ndzip,primary,0.0778239965,-1,1.49282825,5.697096,1
fields/00010__plt00002__density.f32__c0003__dt-f32/chunk_0,500000,29,ndzip,primary,0.0460800007,-1,30.3407407,0.322560001,1
fields/00010__plt00002__density.f32__c0001__dt-f32/chunk_0,500000,29,ndzip,primary,0.0348160006,-1,30.3407407,0.311296001,1
fields/00010__plt00002__density.f32__c0005__dt-f32/chunk_0,500000,29,ndzip,primary,0.0348160006,-1,30.3407407,0.311296001,1
fields/00009__plt00001__velz.f32__c0013__dt-f32/chunk_0,500000,29,ndzip,primary,0.0778239965,-1,1.44767154,5.872376,1
fields/00010__plt00002__density.f32__c0009__dt-f32/chunk_0,500000,29,ndzip,primary,0.0522239991,-1,25.4409938,0.381951999,1
fields/00010__plt00002__density.f32__c0007__dt-f32/chunk_0,500000,29,ndzip,primary,0.074752003,-1,5.23986708,1.675672,1
fields/00010__plt00002__density.f32__c0013__dt-f32/chunk_0,500000,29,ndzip,primary,0.0481280014,-1,25.4409938,0.377856001,1
fields/00010__plt00002__density.f32__c0011__dt-f32/chunk_0,500000,29,ndzip,primary,0.040959999,-1,25.4409938,0.370687999,1
fields/00010__plt00002__density.f32__c0015__dt-f32/chunk_0,500000,29,ndzip,primary,0.0778239965,-1,25.4409938,0.407551997,1
fields/00011__plt00002__tracer0.f32__c0003__dt-f32/chunk_0,500000,2,ans shuffle=byte,primary,0.204224005,-1,6.62707772,1.47003201,1
fields/00011__plt00002__tracer0.f32__c0005__dt-f32/chunk_0,500000,29,ndzip,primary,0.0768000036,-1,1.63210365,5.216552,1
fields/00011__plt00002__tracer0.f32__c0001__dt-f32/chunk_0,500000,2,ans shuffle=byte,primary,0.931200027,-1,6.62707772,2.19700803,1
fields/00011__plt00002__tracer0.f32__c0009__dt-f32/chunk_0,500000,30,ndzip shuffle=bit,primary,0.100351997,-1,3.55247181,2.461696,1
fields/00011__plt00002__tracer0.f32__c0007__dt-f32/chunk_0,500000,35,spratio,primary,0.0857919976,-1,1.78184477,4.793614,1
fields/00011__plt00002__tracer0.f32__c0011__dt-f32/chunk_0,500000,30,ndzip shuffle=bit,primary,0.0778239965,-1,3.55247181,2.439168,1
fields/00011__plt00002__tracer0.f32__c0013__dt-f32/chunk_0,500000,29,ndzip,primary,0.110592,-1,1.636352,5.237,1
fields/00011__plt00002__tracer0.f32__c0015__dt-f32/chunk_0,500000,35,spratio,primary,0.0780479982,-1,1.77308671,4.809124,1
fields/00012__plt00002__tracer1.f32__c0001__dt-f32/chunk_0,500000,35,spratio,primary,0.236736,-1,1.77352831,4.966634,1
fields/00012__plt00002__tracer1.f32__c0003__dt-f32/chunk_0,500000,29,ndzip,primary,0.101375997,-1,1.61879488,5.283384,1
fields/00012__plt00002__tracer1.f32__c0005__dt-f32/chunk_0,500000,30,ndzip shuffle=bit,primary,0.0778239965,-1,3.55247181,2.439168,1
fields/00012__plt00002__tracer1.f32__c0007__dt-f32/chunk_0,500000,2,ans shuffle=byte,primary,0.304832011,-1,6.62707772,1.57064001,1
fields/00012__plt00002__tracer1.f32__c0009__dt-f32/chunk_0,500000,35,spratio,primary,0.230432004,-1,1.76718722,4.977302,1
fields/00012__plt00002__tracer1.f32__c0013__dt-f32/chunk_0,500000,30,ndzip shuffle=bit,primary,0.0778239965,-1,3.55247181,2.439168,1
fields/00012__plt00002__tracer1.f32__c0015__dt-f32/chunk_0,500000,30,ndzip shuffle=bit,primary,0.0808959976,-1,3.55247181,2.44224,1
fields/00012__plt00002__tracer1.f32__c0011__dt-f32/chunk_0,500000,35,spratio,primary,0.0753920004,-1,1.77053817,4.813278,1
fields/00013__plt00002__tracer2.f32__c0003__dt-f32/chunk_0,500000,30,ndzip shuffle=bit,primary,0.0788479969,-1,3.55247181,2.440192,1
fields/00013__plt00002__tracer2.f32__c0001__dt-f32/chunk_0,500000,30,ndzip shuffle=bit,primary,0.0757760033,-1,3.55247181,2.43712,1
fields/00013__plt00002__tracer2.f32__c0005__dt-f32/chunk_0,500000,35,spratio,primary,0.355935991,-1,1.77573357,5.07995999,1
fields/00013__plt00002__tracer2.f32__c0011__dt-f32/chunk_0,500000,30,ndzip shuffle=bit,primary,0.106495999,-1,3.55247181,2.46784,1
fields/00013__plt00002__tracer2.f32__c0013__dt-f32/chunk_0,500000,35,spratio,primary,0.229120001,-1,1.78342445,4.932772,1
fields/00013__plt00002__tracer2.f32__c0007__dt-f32/chunk_0,500000,29,ndzip,primary,0.084991999,-1,1.639681,5.200992,1
fields/00013__plt00002__tracer2.f32__c0009__dt-f32/chunk_0,500000,30,ndzip shuffle=bit,primary,0.0819199979,-1,3.55247181,2.443264,1
fields/00013__plt00002__tracer2.f32__c0015__dt-f32/chunk_0,500000,29,ndzip,primary,0.0901120007,-1,1.62509202,5.25204,1
fields/00014__plt00002__velz.f32__c0001__dt-f32/chunk_0,500000,29,ndzip,primary,0.126975998,-1,1.44483699,5.932896,1
fields/00014__plt00002__velz.f32__c0003__dt-f32/chunk_0,500000,29,ndzip,primary,0.0819199979,-1,1.45915226,5.83088,1
fields/00014__plt00002__velz.f32__c0005__dt-f32/chunk_0,500000,29,ndzip,primary,0.0819199979,-1,1.48937415,5.714224,1
fields/00014__plt00002__velz.f32__c0011__dt-f32/chunk_0,500000,29,ndzip,primary,0.0696320012,-1,1.47127263,5.771232,1
fields/00014__plt00002__velz.f32__c0007__dt-f32/chunk_0,500000,35,spratio,primary,0.213599995,-1,1.55770596,5.59883199,1
fields/00014__plt00002__velz.f32__c0009__dt-f32/chunk_0,500000,29,ndzip,primary,0.0808959976,-1,1.48061084,5.746536,1
fields/00014__plt00002__velz.f32__c0013__dt-f32/chunk_0,500000,29,ndzip,primary,0.0727040023,-1,1.44726193,5.868896,1
fields/00015__plt00003__density.f32__c0007__dt-f32/chunk_0,500000,29,ndzip,primary,0.0645119995,-1,5.17544397,1.68536,1
fields/00014__plt00002__velz.f32__c0015__dt-f32/chunk_0,500000,29,ndzip,primary,0.0768000036,-1,1.43931368,5.905,1
fields/00015__plt00003__density.f32__c0005__dt-f32/chunk_0,500000,29,ndzip,primary,0.035840001,-1,30.3407407,0.312320001,1
fields/00015__plt00003__density.f32__c0013__dt-f32/chunk_0,500000,29,ndzip,primary,0.0983040035,-1,25.4409938,0.428032003,1
fields/00015__plt00003__density.f32__c0001__dt-f32/chunk_0,500000,29,ndzip,primary,0.0481280014,-1,30.3407407,0.324608001,1
fields/00015__plt00003__density.f32__c0015__dt-f32/chunk_0,500000,29,ndzip,primary,0.0727040023,-1,25.4409938,0.402432002,1
fields/00015__plt00003__density.f32__c0003__dt-f32/chunk_0,500000,29,ndzip,primary,0.0665600002,-1,30.3407407,0.34304,1
fields/00015__plt00003__density.f32__c0009__dt-f32/chunk_0,500000,29,ndzip,primary,0.0378880017,-1,25.4409938,0.367616002,1
fields/00015__plt00003__density.f32__c0011__dt-f32/chunk_0,500000,29,ndzip,primary,0.138239995,-1,25.4409938,0.467967995,1
fields/00016__plt00003__tracer0.f32__c0001__dt-f32/chunk_0,500000,30,ndzip shuffle=bit,primary,0.104447998,-1,3.55247181,2.465792,1
fields/00016__plt00003__tracer0.f32__c0003__dt-f32/chunk_0,500000,30,ndzip shuffle=bit,primary,0.118784003,-1,3.55247181,2.480128,1
fields/00016__plt00003__tracer0.f32__c0007__dt-f32/chunk_0,500000,29,ndzip,primary,0.112640001,-1,1.639681,5.22864,1
fields/00016__plt00003__tracer0.f32__c0005__dt-f32/chunk_0,500000,29,ndzip,primary,0.074752003,-1,1.63210365,5.214504,1
fields/00016__plt00003__tracer0.f32__c0009__dt-f32/chunk_0,500000,2,ans shuffle=byte,primary,0.33395201,-1,6.62707772,1.59976001,1
fields/00016__plt00003__tracer0.f32__c0013__dt-f32/chunk_0,500000,35,spratio,primary,0.243328005,-1,1.78342445,4.94698001,1
fields/00016__plt00003__tracer0.f32__c0011__dt-f32/chunk_0,500000,30,ndzip shuffle=bit,primary,0.0942080021,-1,3.55247181,2.455552,1
fields/00017__plt00003__tracer1.f32__c0001__dt-f32/chunk_0,500000,35,spratio,primary,0.405984014,-1,1.77352831,5.13588201,1
fields/00017__plt00003__tracer1.f32__c0005__dt-f32/chunk_0,500000,30,ndzip shuffle=bit,primary,0.126975998,-1,3.55247181,2.48832,1
fields/00016__plt00003__tracer0.f32__c0015__dt-f32/chunk_0,500000,35,spratio,primary,0.726047993,-1,1.77308671,5.45712399,1
fields/00017__plt00003__tracer1.f32__c0007__dt-f32/chunk_0,500000,30,ndzip shuffle=bit,primary,0.0829439983,-1,3.55247181,2.444288,1
fields/00017__plt00003__tracer1.f32__c0003__dt-f32/chunk_0,500000,35,spratio,primary,0.364832014,-1,1.76687753,5.11253401,1
fields/00017__plt00003__tracer1.f32__c0011__dt-f32/chunk_0,500000,29,ndzip,primary,0.0686080009,-1,1.62773579,5.222152,1
fields/00017__plt00003__tracer1.f32__c0013__dt-f32/chunk_0,500000,30,ndzip shuffle=bit,primary,0.0901120007,-1,3.55247181,2.451456,1
fields/00017__plt00003__tracer1.f32__c0015__dt-f32/chunk_0,500000,30,ndzip shuffle=bit,primary,0.0788479969,-1,3.55247181,2.440192,1
fields/00018__plt00003__tracer2.f32__c0001__dt-f32/chunk_0,500000,39,spspeed shuffle=bit,primary,0.107968003,-1,3.9762014,2.217672,1
fields/00017__plt00003__tracer1.f32__c0009__dt-f32/chunk_0,500000,29,ndzip,primary,0.0757760033,-1,1.62062879,5.25192,1
fields/00018__plt00003__tracer2.f32__c0005__dt-f32/chunk_0,500000,29,ndzip,primary,0.0808959976,-1,1.63210365,5.220648,1
fields/00018__plt00003__tracer2.f32__c0003__dt-f32/chunk_0,500000,30,ndzip shuffle=bit,primary,0.0819199979,-1,3.55247181,2.443264,1
fields/00018__plt00003__tracer2.f32__c0007__dt-f32/chunk_0,500000,29,ndzip,primary,0.0942080021,-1,1.639681,5.210208,1
fields/00018__plt00003__tracer2.f32__c0009__dt-f32/chunk_0,500000,30,ndzip shuffle=bit,primary,0.101375997,-1,3.55247181,2.46272,1
fields/00018__plt00003__tracer2.f32__c0013__dt-f32/chunk_0,500000,29,ndzip,primary,0.0921600014,-1,1.636352,5.218568,1
fields/00019__plt00003__velz.f32__c0001__dt-f32/chunk_0,500000,29,ndzip,primary,0.0665600002,-1,1.44546638,5.869952,1
fields/00018__plt00003__tracer2.f32__c0011__dt-f32/chunk_0,500000,30,ndzip shuffle=bit,primary,0.102399997,-1,3.55247181,2.463744,1
fields/00019__plt00003__velz.f32__c0003__dt-f32/chunk_0,500000,35,spratio,primary,0.275840014,-1,1.54876407,5.69216401,1
fields/00018__plt00003__tracer2.f32__c0015__dt-f32/chunk_0,500000,29,ndzip,primary,0.088064,-1,1.62509202,5.249992,1
fields/00019__plt00003__velz.f32__c0005__dt-f32/chunk_0,500000,29,ndzip,primary,0.0839679986,-1,1.49513137,5.694584,1
fields/00019__plt00003__velz.f32__c0007__dt-f32/chunk_0,500000,29,ndzip,primary,0.0829439983,-1,1.45433564,5.850944,1
fields/00019__plt00003__velz.f32__c0011__dt-f32/chunk_0,500000,29,ndzip,primary,0.0706560016,-1,1.46975482,5.778144,1
fields/00019__plt00003__velz.f32__c0009__dt-f32/chunk_0,500000,29,ndzip,primary,0.157695994,-1,1.47532579,5.84363199,1
fields/00019__plt00003__velz.f32__c0015__dt-f32/chunk_0,500000,29,ndzip,primary,0.123903997,-1,1.43937098,5.951872,1
fields/00020__plt00004__density.f32__c0001__dt-f32/chunk_0,500000,29,ndzip,primary,0.0675840005,-1,30.3407407,0.344064001,1
fields/00020__plt00004__density.f32__c0013__dt-f32/chunk_0,500000,29,ndzip,primary,0.0348160006,-1,25.4409938,0.364544001,1
fields/00019__plt00003__velz.f32__c0013__dt-f32/chunk_0,500000,29,ndzip,primary,0.102399997,-1,1.44743174,5.897912,1
fields/00020__plt00004__density.f32__c0011__dt-f32/chunk_0,500000,29,ndzip,primary,0.0389119983,-1,25.4409938,0.368639998,1
fields/00020__plt00004__density.f32__c0003__dt-f32/chunk_0,500000,29,ndzip,primary,0.0614399984,-1,30.3407407,0.337919998,1
fields/00020__plt00004__density.f32__c0009__dt-f32/chunk_0,500000,29,ndzip,primary,0.0542719997,-1,25.4409938,0.384,1
fields/00020__plt00004__density.f32__c0005__dt-f32/chunk_0,500000,29,ndzip,primary,0.0378880017,-1,30.3407407,0.314368002,1
fields/00020__plt00004__density.f32__c0007__dt-f32/chunk_0,500000,29,ndzip,primary,0.0788479969,-1,5.10529237,1.721968,1
fields/00020__plt00004__density.f32__c0015__dt-f32/chunk_0,500000,29,ndzip,primary,0.0419839993,-1,25.4409938,0.371711999,1
fields/00021__plt00004__tracer0.f32__c0007__dt-f32/chunk_0,500000,29,ndzip,primary,0.0706560016,-1,1.639681,5.186656,1
fields/00021__plt00004__tracer0.f32__c0009__dt-f32/chunk_0,500000,2,ans shuffle=byte,primary,0.658559978,-1,6.62707772,1.92436798,1
fields/00021__plt00004__tracer0.f32__c0003__dt-f32/chunk_0,500000,30,ndzip shuffle=bit,primary,0.0808959976,-1,3.55247181,2.44224,1
fields/00021__plt00004__tracer0.f32__c0001__dt-f32/chunk_0,500000,2,ans shuffle=byte,primary,1.01417601,-1,6.62707772,2.27998401,1
fields/00021__plt00004__tracer0.f32__c0005__dt-f32/chunk_0,500000,29,ndzip,primary,0.0860159993,-1,1.63210365,5.225768,1
fields/00022__plt00004__tracer1.f32__c0007__dt-f32/chunk_0,500000,2,ans shuffle=byte,primary,0.798847973,-1,6.62707772,2.06465597,1
fields/00021__plt00004__tracer0.f32__c0011__dt-f32/chunk_0,500000,30,ndzip shuffle=bit,primary,0.117760003,-1,3.55247181,2.479104,1
fields/00021__plt00004__tracer0.f32__c0013__dt-f32/chunk_0,500000,35,spratio,primary,0.250815988,-1,1.78342445,4.95446799,1
fields/00021__plt00004__tracer0.f32__c0015__dt-f32/chunk_0,500000,29,ndzip,primary,0.0757760033,-1,1.62509202,5.237704,1
fields/00022__plt00004__tracer1.f32__c0005__dt-f32/chunk_0,500000,39,spspeed shuffle=bit,primary,0.261536002,-1,3.9762014,2.37124,1
fields/00022__plt00004__tracer1.f32__c0003__dt-f32/chunk_0,500000,35,spratio,primary,0.238879994,-1,1.76687753,4.98658199,1
fields/00022__plt00004__tracer1.f32__c0011__dt-f32/chunk_0,500000,35,spratio,primary,0.0703999996,-1,1.77053817,4.808286,1
fields/00022__plt00004__tracer1.f32__c0001__dt-f32/chunk_0,500000,35,spratio,primary,0.708159983,-1,1.77352831,5.43805798,1
fields/00022__plt00004__tracer1.f32__c0015__dt-f32/chunk_0,500000,30,ndzip shuffle=bit,primary,0.0839679986,-1,3.55247181,2.445312,1
fields/00022__plt00004__tracer1.f32__c0009__dt-f32/chunk_0,500000,29,ndzip,primary,0.0716800019,-1,1.62062879,5.247824,1
fields/00022__plt00004__tracer1.f32__c0013__dt-f32/chunk_0,500000,2,ans shuffle=byte,primary,0.433663994,-1,6.62707772,1.69947199,1
fields/00023__plt00004__tracer2.f32__c0001__dt-f32/chunk_0,500000,30,ndzip shuffle=bit,primary,0.137216002,-1,3.55247181,2.49856,1
fields/00023__plt00004__tracer2.f32__c0003__dt-f32/chunk_0,500000,39,spspeed shuffle=bit,primary,0.261471987,-1,3.9762014,2.37117599,1
fields/00023__plt00004__tracer2.f32__c0005__dt-f32/chunk_0,500000,29,ndzip,primary,0.0757760033,-1,1.63210365,5.215528,1
fields/00023__plt00004__tracer2.f32__c0007__dt-f32/chunk_0,500000,35,spratio,primary,0.0936959982,-1,1.78184477,4.801518,1
fields/00023__plt00004__tracer2.f32__c0009__dt-f32/chunk_0,500000,30,ndzip shuffle=bit,primary,0.0808959976,-1,3.55247181,2.44224,1
fields/00023__plt00004__tracer2.f32__c0011__dt-f32/chunk_0,500000,2,ans shuffle=byte,primary,1.09481597,-1,6.62707772,2.36062397,1
fields/00024__plt00004__velz.f32__c0003__dt-f32/chunk_0,500000,29,ndzip,primary,0.0665600002,-1,1.46002793,5.812072,1
fields/00024__plt00004__velz.f32__c0001__dt-f32/chunk_0,500000,29,ndzip,primary,0.0993279964,-1,1.44580519,5.90136,1
fields/00023__plt00004__tracer2.f32__c0015__dt-f32/chunk_0,500000,35,spratio,primary,0.305056006,-1,1.77308671,5.03613201,1
fields/00023__plt00004__tracer2.f32__c0013__dt-f32/chunk_0,500000,35,spratio,primary,0.264319986,-1,1.78342445,4.96797199,1
fields/00024__plt00004__velz.f32__c0009__dt-f32/chunk_0,500000,29,ndzip,primary,0.103423998,-1,1.47443168,5.792808,1
fields/00024__plt00004__velz.f32__c0007__dt-f32/chunk_0,500000,29,ndzip,primary,0.112640001,-1,1.45443852,5.880232,1
fields/00024__plt00004__velz.f32__c0005__dt-f32/chunk_0,500000,29,ndzip,primary,0.0870399997,-1,1.4923226,5.708216,1
fields/00024__plt00004__velz.f32__c0011__dt-f32/chunk_0,500000,29,ndzip,primary,0.109568,-1,1.47228693,5.80724,1
fields/00024__plt00004__velz.f32__c0013__dt-f32/chunk_0,500000,29,ndzip,primary,0.102399997,-1,1.44659107,5.90128,1
fields/00024__plt00004__velz.f32__c0015__dt-f32/chunk_0,500000,29,ndzip,primary,0.0952320024,-1,1.44026658,5.919576,1
fields/00025__plt00005__density.f32__c0003__dt-f32/chunk_0,500000,29,ndzip,primary,0.0399359986,-1,30.3407407,0.316415999,1
fields/00025__plt00005__density.f32__c0009__dt-f32/chunk_0,500000,29,ndzip,primary,0.0389119983,-1,25.4409938,0.368639998,1
fields/00025__plt00005__density.f32__c0001__dt-f32/chunk_0,500000,29,ndzip,primary,0.0645119995,-1,30.3407407,0.340991999,1
fields/00025__plt00005__density.f32__c0013__dt-f32/chunk_0,500000,29,ndzip,primary,0.0389119983,-1,25.4409938,0.368639998,1
fields/00025__plt00005__density.f32__c0005__dt-f32/chunk_0,500000,29,ndzip,primary,0.0378880017,-1,30.3407407,0.314368002,1
fields/00025__plt00005__density.f32__c0015__dt-f32/chunk_0,500000,29,ndzip,primary,0.0348160006,-1,25.4409938,0.364544001,1
fields/00026__plt00005__tracer0.f32__c0001__dt-f32/chunk_0,500000,30,ndzip shuffle=bit,primary,0.105471998,-1,3.55247181,2.466816,1
fields/00025__plt00005__density.f32__c0011__dt-f32/chunk_0,500000,29,ndzip,primary,0.0389119983,-1,25.4409938,0.368639998,1
fields/00025__plt00005__density.f32__c0007__dt-f32/chunk_0,500000,29,ndzip,primary,0.0675840005,-1,5.03888091,1.73236,1
fields/00026__plt00005__tracer0.f32__c0003__dt-f32/chunk_0,500000,30,ndzip shuffle=bit,primary,0.142335996,-1,3.55247181,2.50368,1
fields/00026__plt00005__tracer0.f32__c0005__dt-f32/chunk_0,500000,29,ndzip,primary,0.0890880004,-1,1.63210365,5.22884,1
fields/00026__plt00005__tracer0.f32__c0007__dt-f32/chunk_0,500000,29,ndzip,primary,0.0931840017,-1,1.639681,5.209184,1
fields/00026__plt00005__tracer0.f32__c0009__dt-f32/chunk_0,500000,30,ndzip shuffle=bit,primary,0.128000006,-1,3.55247181,2.48934401,1
fields/00026__plt00005__tracer0.f32__c0013__dt-f32/chunk_0,500000,29,ndzip,primary,0.0962560028,-1,1.636352,5.222664,1
fields/00026__plt00005__tracer0.f32__c0011__dt-f32/chunk_0,500000,30,ndzip shuffle=bit,primary,0.121855997,-1,3.55247181,2.4832,1
fields/00027__plt00005__tracer1.f32__c0003__dt-f32/chunk_0,500000,29,ndzip,primary,0.173056006,-1,1.61879488,5.35506401,1
fields/00026__plt00005__tracer0.f32__c0015__dt-f32/chunk_0,500000,35,spratio,primary,0.459136009,-1,1.77308671,5.19021201,1
fields/00027__plt00005__tracer1.f32__c0001__dt-f32/chunk_0,500000,29,ndzip,primary,0.114688002,-1,1.6246086,5.278152,1
fields/00027__plt00005__tracer1.f32__c0005__dt-f32/chunk_0,500000,2,ans shuffle=byte,primary,0.431519985,-1,6.62707772,1.69732799,1
fields/00027__plt00005__tracer1.f32__c0007__dt-f32/chunk_0,500000,2,ans shuffle=byte,primary,0.369120002,-1,6.62707772,1.634928,1
fields/00027__plt00005__tracer1.f32__c0013__dt-f32/chunk_0,500000,30,ndzip shuffle=bit,primary,0.119808003,-1,3.55247181,2.481152,1
fields/00027__plt00005__tracer1.f32__c0009__dt-f32/chunk_0,500000,35,spratio,primary,0.228735998,-1,1.76718722,4.975606,1
fields/00027__plt00005__tracer1.f32__c0015__dt-f32/chunk_0,500000,30,ndzip shuffle=bit,primary,0.106495999,-1,3.55247181,2.46784,1
fields/00028__plt00005__tracer2.f32__c0001__dt-f32/chunk_0,500000,2,ans shuffle=byte,primary,0.488384008,-1,6.62707772,1.75419201,1
fields/00027__plt00005__tracer1.f32__c0011__dt-f32/chunk_0,500000,29,ndzip,primary,0.137216002,-1,1.62773579,5.29076,1
fields/00028__plt00005__tracer2.f32__c0007__dt-f32/chunk_0,500000,35,spratio,primary,0.0825280026,-1,1.78184477,4.79035,1
fields/00028__plt00005__tracer2.f32__c0009__dt-f32/chunk_0,500000,30,ndzip shuffle=bit,primary,0.111616001,-1,3.55247181,2.47296,1
fields/00028__plt00005__tracer2.f32__c0003__dt-f32/chunk_0,500000,30,ndzip shuffle=bit,primary,0.0942080021,-1,3.55247181,2.455552,1
fields/00028__plt00005__tracer2.f32__c0005__dt-f32/chunk_0,500000,29,ndzip,primary,0.124927998,-1,1.63210365,5.26468,1
fields/00028__plt00005__tracer2.f32__c0013__dt-f32/chunk_0,500000,29,ndzip,primary,0.117760003,-1,1.636352,5.244168,1
fields/00028__plt00005__tracer2.f32__c0011__dt-f32/chunk_0,500000,30,ndzip shuffle=bit,primary,0.0819199979,-1,3.55247181,2.443264,1
fields/00028__plt00005__tracer2.f32__c0015__dt-f32/chunk_0,500000,29,ndzip,primary,0.110592,-1,1.62509202,5.27252,1
fields/00029__plt00005__velz.f32__c0003__dt-f32/chunk_0,500000,29,ndzip,primary,0.244736001,-1,1.46098403,5.986488,1
fields/00029__plt00005__velz.f32__c0007__dt-f32/chunk_0,500000,29,ndzip,primary,0.196608007,-1,1.45090459,5.97824801,1
fields/00029__plt00005__velz.f32__c0001__dt-f32/chunk_0,500000,29,ndzip,primary,0.241664007,-1,1.44605642,6.04268801,1
fields/00029__plt00005__velz.f32__c0011__dt-f32/chunk_0,500000,29,ndzip,primary,0.218112007,-1,1.47486511,5.90582401,1
fields/00029__plt00005__velz.f32__c0015__dt-f32/chunk_0,500000,29,ndzip,primary,0.0983040035,-1,1.4405713,5.921416,1
fields/00029__plt00005__velz.f32__c0005__dt-f32/chunk_0,500000,29,ndzip,primary,0.088064,-1,1.48961747,5.719448,1
fields/00029__plt00005__velz.f32__c0013__dt-f32/chunk_0,500000,29,ndzip,primary,0.0962560028,-1,1.44801139,5.889448,1
fields/00029__plt00005__velz.f32__c0009__dt-f32/chunk_0,500000,29,ndzip,primary,0.0686080009,-1,1.47732953,5.746832,1
fields/00030__plt00006__density.f32__c0001__dt-f32/chunk_0,500000,29,ndzip,primary,0.0727040023,-1,30.3407407,0.349184002,1
fields/00030__plt00006__density.f32__c0003__dt-f32/chunk_0,500000,29,ndzip,primary,0.0399359986,-1,30.3407407,0.316415999,1
fields/00030__plt00006__density.f32__c0009__dt-f32/chunk_0,500000,29,ndzip,primary,0.0368640013,-1,25.4409938,0.366592001,1
fields/00030__plt00006__density.f32__c0005__dt-f32/chunk_0,500000,29,ndzip,primary,0.0348160006,-1,30.3407407,0.311296001,1
fields/00030__plt00006__density.f32__c0011__dt-f32/chunk_0,500000,29,ndzip,primary,0.040959999,-1,25.4409938,0.370687999,1
fields/00030__plt00006__density.f32__c0007__dt-f32/chunk_0,500000,29,ndzip,primary,0.0655359998,-1,4.94429408,1.76216,1
fields/00030__plt00006__density.f32__c0013__dt-f32/chunk_0,500000,29,ndzip,primary,0.0368640013,-1,25.4409938,0.366592001,1
fields/00030__plt00006__density.f32__c0015__dt-f32/chunk_0,500000,29,ndzip,primary,0.148479998,-1,25.4409938,0.478207998,1
fields/00031__plt00006__tracer0.f32__c0003__dt-f32/chunk_0,500000,39,spspeed shuffle=bit,primary,0.162655994,-1,3.9762014,2.27235999,1
fields/00031__plt00006__tracer0.f32__c0007__dt-f32/chunk_0,500000,29,ndzip,primary,0.074752003,-1,1.639681,5.190752,1
fields/00031__plt00006__tracer0.f32__c0009__dt-f32/chunk_0,500000,30,ndzip shuffle=bit,primary,0.113664001,-1,3.55247181,2.475008,1
fields/00031__plt00006__tracer0.f32__c0001__dt-f32/chunk_0,500000,2,ans shuffle=byte,primary,0.681824028,-1,6.62707772,1.94763203,1
fields/00031__plt00006__tracer0.f32__c0005__dt-f32/chunk_0,500000,35,spratio,primary,0.0907199979,-1,1.77573357,4.814744,1
fields/00031__plt00006__tracer0.f32__c0013__dt-f32/chunk_0,500000,29,ndzip,primary,0.189439997,-1,1.636352,5.315848,1
fields/00031__plt00006__tracer0.f32__c0011__dt-f32/chunk_0,500000,2,ans shuffle=byte,primary,0.512543976,-1,6.62707772,1.77835198,1
fields/00031__plt00006__tracer0.f32__c0015__dt-f32/chunk_0,500000,29,ndzip,primary,0.0716800019,-1,1.62509202,5.233608,1
fields/00032__plt00006__tracer1.f32__c0001__dt-f32/chunk_0,500000,29,ndzip,primary,0.0655359998,-1,1.6246086,5.229,1
fields/00032__plt00006__tracer1.f32__c0003__dt-f32/chunk_0,500000,35,spratio,primary,0.25248,-1,1.76687753,5.000182,1
fields/00032__plt00006__tracer1.f32__c0005__dt-f32/chunk_0,500000,30,ndzip shuffle=bit,primary,0.084991999,-1,3.55247181,2.446336,1
fields/00032__plt00006__tracer1.f32__c0007__dt-f32/chunk_0,500000,30,ndzip shuffle=bit,primary,0.0901120007,-1,3.55247181,2.451456,1
fields/00032__plt00006__tracer1.f32__c0009__dt-f32/chunk_0,500000,35,spratio,primary,0.0873280019,-1,1.76718722,4.834198,1
fields/00032__plt00006__tracer1.f32__c0013__dt-f32/chunk_0,500000,2,ans shuffle=byte,primary,0.644223988,-1,6.62707772,1.91003199,1
fields/00032__plt00006__tracer1.f32__c0011__dt-f32/chunk_0,500000,29,ndzip,primary,0.121855997,-1,1.62773579,5.2754,1
fields/00033__plt00006__tracer2.f32__c0005__dt-f32/chunk_0,500000,38,spspeed,primary,0.233759999,-1,1.64922043,5.320168,1
fields/00033__plt00006__tracer2.f32__c0007__dt-f32/chunk_0,500000,29,ndzip,primary,0.0737280026,-1,1.639681,5.189728,1
fields/00032__plt00006__tracer1.f32__c0015__dt-f32/chunk_0,500000,2,ans shuffle=byte,primary,0.477183998,-1,6.62707772,1.742992,1
fields/00033__plt00006__tracer2.f32__c0009__dt-f32/chunk_0,500000,30,ndzip shuffle=bit,primary,0.0890880004,-1,3.55247181,2.450432,1
fields/00033__plt00006__tracer2.f32__c0001__dt-f32/chunk_0,500000,2,ans shuffle=byte,primary,0.262272,-1,6.62707772,1.52808,1
fields/00033__plt00006__tracer2.f32__c0015__dt-f32/chunk_0,500000,35,spratio,primary,0.398624003,-1,1.77308671,5.1297,1
fields/00033__plt00006__tracer2.f32__c0003__dt-f32/chunk_0,500000,30,ndzip shuffle=bit,primary,0.0993279964,-1,3.55247181,2.460672,1
fields/00033__plt00006__tracer2.f32__c0011__dt-f32/chunk_0,500000,2,ans shuffle=byte,primary,0.273119986,-1,6.62707772,1.53892799,1
fields/00033__plt00006__tracer2.f32__c0013__dt-f32/chunk_0,500000,29,ndzip,primary,0.0798719972,-1,1.636352,5.20628,1
fields/00034__plt00006__velz.f32__c0001__dt-f32/chunk_0,500000,29,ndzip,primary,0.0727040023,-1,1.44651723,5.87188,1
fields/00034__plt00006__velz.f32__c0003__dt-f32/chunk_0,500000,29,ndzip,primary,0.0870399997,-1,1.46279184,5.821696,1
fields/00035__plt00007__density.f32__c0001__dt-f32/chunk_0,500000,29,ndzip,primary,0.040959999,-1,30.3407407,0.317439999,1
fields/00035__plt00007__density.f32__c0003__dt-f32/chunk_0,500000,29,ndzip,primary,0.0430079997,-1,30.3407407,0.319488,1
fields/00034__plt00006__velz.f32__c0007__dt-f32/chunk_0,500000,29,ndzip,primary,0.0737280026,-1,1.4489418,5.8632,1
fields/00034__plt00006__velz.f32__c0005__dt-f32/chunk_0,500000,29,ndzip,primary,0.0829439983,-1,1.49275387,5.702496,1
fields/00034__plt00006__velz.f32__c0009__dt-f32/chunk_0,500000,29,ndzip,primary,0.0624639988,-1,1.47473029,5.750696,1
fields/00034__plt00006__velz.f32__c0011__dt-f32/chunk_0,500000,29,ndzip,primary,0.0798719972,-1,1.47444204,5.769216,1
fields/00035__plt00007__density.f32__c0007__dt-f32/chunk_0,500000,29,ndzip,primary,0.132095993,-1,4.88787373,1.84830399,1
fields/00034__plt00006__velz.f32__c0013__dt-f32/chunk_0,500000,29,ndzip,primary,0.0983040035,-1,1.44903791,5.887392,1
fields/00035__plt00007__density.f32__c0011__dt-f32/chunk_0,500000,29,ndzip,primary,0.0327679999,-1,25.4409938,0.362496,1
fields/00035__plt00007__density.f32__c0009__dt-f32/chunk_0,500000,29,ndzip,primary,0.0522239991,-1,25.4409938,0.381951999,1
fields/00034__plt00006__velz.f32__c0015__dt-f32/chunk_0,500000,29,ndzip,primary,0.0757760033,-1,1.44016965,5.900512,1
fields/00035__plt00007__density.f32__c0005__dt-f32/chunk_0,500000,29,ndzip,primary,0.0399359986,-1,30.3407407,0.316415999,1
fields/00035__plt00007__density.f32__c0013__dt-f32/chunk_0,500000,29,ndzip,primary,0.0337920003,-1,25.4409938,0.36352,1
fields/00035__plt00007__density.f32__c0015__dt-f32/chunk_0,500000,29,ndzip,primary,0.0389119983,-1,25.4409938,0.368639998,1
fields/00036__plt00007__tracer0.f32__c0001__dt-f32/chunk_0,500000,30,ndzip shuffle=bit,primary,0.121855997,-1,3.55247181,2.4832,1
fields/00036__plt00007__tracer0.f32__c0003__dt-f32/chunk_0,500000,39,spspeed shuffle=bit,primary,0.290367991,-1,3.9762014,2.40007199,1
fields/00036__plt00007__tracer0.f32__c0015__dt-f32/chunk_0,500000,35,spratio,primary,0.343392015,-1,1.77308671,5.07446801,1
fields/00036__plt00007__tracer0.f32__c0007__dt-f32/chunk_0,500000,29,ndzip,primary,0.0788479969,-1,1.639681,5.194848,1
fields/00036__plt00007__tracer0.f32__c0005__dt-f32/chunk_0,500000,29,ndzip,primary,0.074752003,-1,1.63210365,5.214504,1
fields/00036__plt00007__tracer0.f32__c0011__dt-f32/chunk_0,500000,30,ndzip shuffle=bit,primary,0.088064,-1,3.55247181,2.449408,1
fields/00036__plt00007__tracer0.f32__c0013__dt-f32/chunk_0,500000,29,ndzip,primary,0.103423998,-1,1.636352,5.229832,1
fields/00036__plt00007__tracer0.f32__c0009__dt-f32/chunk_0,500000,2,ans shuffle=byte,primary,0.257279992,-1,6.62707772,1.52308799,1
fields/00037__plt00007__tracer1.f32__c0001__dt-f32/chunk_0,500000,35,spratio,primary,0.071039997,-1,1.77352831,4.800938,1
fields/00037__plt00007__tracer1.f32__c0007__dt-f32/chunk_0,500000,30,ndzip shuffle=bit,primary,0.0798719972,-1,3.55247181,2.441216,1
fields/00037__plt00007__tracer1.f32__c0009__dt-f32/chunk_0,500000,29,ndzip,primary,0.0696320012,-1,1.62062879,5.245776,1
fields/00037__plt00007__tracer1.f32__c0003__dt-f32/chunk_0,500000,35,spratio,primary,0.156128004,-1,1.76687753,4.90383,1
fields/00037__plt00007__tracer1.f32__c0011__dt-f32/chunk_0,500000,35,spratio,primary,0.250400007,-1,1.77053817,4.98828601,1
fields/00037__plt00007__tracer1.f32__c0005__dt-f32/chunk_0,500000,30,ndzip shuffle=bit,primary,0.0983040035,-1,3.55247181,2.459648,1
fields/00037__plt00007__tracer1.f32__c0015__dt-f32/chunk_0,500000,30,ndzip shuffle=bit,primary,0.0942080021,-1,3.55247181,2.455552,1
fields/00038__plt00007__tracer2.f32__c0001__dt-f32/chunk_0,500000,30,ndzip shuffle=bit,primary,0.0768000036,-1,3.55247181,2.438144,1
fields/00037__plt00007__tracer1.f32__c0013__dt-f32/chunk_0,500000,30,ndzip shuffle=bit,primary,0.110592,-1,3.55247181,2.471936,1
fields/00038__plt00007__tracer2.f32__c0003__dt-f32/chunk_0,500000,2,ans shuffle=byte,primary,0.405824006,-1,6.62707772,1.67163201,1
fields/00038__plt00007__tracer2.f32__c0005__dt-f32/chunk_0,500000,29,ndzip,primary,0.0696320012,-1,1.63210365,5.209384,1
fields/00038__plt00007__tracer2.f32__c0011__dt-f32/chunk_0,500000,2,ans shuffle=byte,primary,0.680447996,-1,6.62707772,1.946256,1
fields/00038__plt00007__tracer2.f32__c0009__dt-f32/chunk_0,500000,2,ans shuffle=byte,primary,0.484223992,-1,6.62707772,1.75003199,1
fields/00039__plt00007__velz.f32__c0001__dt-f32/chunk_0,500000,29,ndzip,primary,0.0870399997,-1,1.44706819,5.884008,1
fields/00038__plt00007__tracer2.f32__c0007__dt-f32/chunk_0,500000,29,ndzip,primary,0.074752003,-1,1.639681,5.190752,1
fields/00038__plt00007__tracer2.f32__c0013__dt-f32/chunk_0,500000,29,ndzip,primary,0.199680001,-1,1.636352,5.326088,1
fields/00038__plt00007__tracer2.f32__c0015__dt-f32/chunk_0,500000,29,ndzip,primary,0.0716800019,-1,1.62509202,5.233608,1
fields/00039__plt00007__velz.f32__c0007__dt-f32/chunk_0,500000,29,ndzip,primary,0.0778239965,-1,1.44882168,5.867776,1
fields/00039__plt00007__velz.f32__c0003__dt-f32/chunk_0,500000,29,ndzip,primary,0.0727040023,-1,1.46503385,5.798584,1
fields/00039__plt00007__velz.f32__c0011__dt-f32/chunk_0,500000,29,ndzip,primary,0.0921600014,-1,1.47474066,5.780352,1
fields/00039__plt00007__velz.f32__c0009__dt-f32/chunk_0,500000,29,ndzip,primary,0.0819199979,-1,1.47126437,5.783552,1
fields/00039__plt00007__velz.f32__c0005__dt-f32/chunk_0,500000,29,ndzip,primary,0.0716800019,-1,1.49602302,5.678952,1
fields/00040__plt00008__density.f32__c0001__dt-f32/chunk_0,500000,29,ndzip,primary,0.0573440008,-1,30.3407407,0.333824001,1
fields/00039__plt00007__velz.f32__c0015__dt-f32/chunk_0,500000,29,ndzip,primary,0.0808959976,-1,1.44042288,5.904608,1
fields/00040__plt00008__density.f32__c0009__dt-f32/chunk_0,500000,29,ndzip,primary,0.0962560028,-1,25.4409938,0.425984003,1
fields/00040__plt00008__density.f32__c0011__dt-f32/chunk_0,500000,29,ndzip,primary,0.0378880017,-1,25.4409938,0.367616002,1
fields/00040__plt00008__density.f32__c0003__dt-f32/chunk_0,500000,29,ndzip,primary,0.0430079997,-1,30.3407407,0.319488,1
fields/00039__plt00007__velz.f32__c0013__dt-f32/chunk_0,500000,29,ndzip,primary,0.084991999,-1,1.45002178,5.870152,1
fields/00040__plt00008__density.f32__c0005__dt-f32/chunk_0,500000,29,ndzip,primary,0.0348160006,-1,30.3407407,0.311296001,1
fields/00040__plt00008__density.f32__c0013__dt-f32/chunk_0,500000,29,ndzip,primary,0.0378880017,-1,25.4409938,0.367616002,1
fields/00040__plt00008__density.f32__c0007__dt-f32/chunk_0,500000,29,ndzip,primary,0.132095993,-1,4.83970812,1.86538399,1
fields/00041__plt00008__tracer0.f32__c0001__dt-f32/chunk_0,500000,30,ndzip shuffle=bit,primary,0.0993279964,-1,3.55247181,2.460672,1
fields/00040__plt00008__density.f32__c0015__dt-f32/chunk_0,500000,29,ndzip,primary,0.0378880017,-1,25.4409938,0.367616002,1
fields/00041__plt00008__tracer0.f32__c0003__dt-f32/chunk_0,500000,30,ndzip shuffle=bit,primary,0.0839679986,-1,3.55247181,2.445312,1
fields/00041__plt00008__tracer0.f32__c0007__dt-f32/chunk_0,500000,29,ndzip,primary,0.0696320012,-1,1.639681,5.185632,1
fields/00041__plt00008__tracer0.f32__c0009__dt-f32/chunk_0,500000,30,ndzip shuffle=bit,primary,0.0829439983,-1,3.55247181,2.444288,1
fields/00041__plt00008__tracer0.f32__c0005__dt-f32/chunk_0,500000,35,spratio,primary,0.271391988,-1,1.77573357,4.99541599,1
fields/00041__plt00008__tracer0.f32__c0011__dt-f32/chunk_0,500000,30,ndzip shuffle=bit,primary,0.0788479969,-1,3.55247181,2.440192,1
fields/00041__plt00008__tracer0.f32__c0015__dt-f32/chunk_0,500000,35,spratio,primary,0.070848003,-1,1.77308671,4.801924,1
fields/00041__plt00008__tracer0.f32__c0013__dt-f32/chunk_0,500000,35,spratio,primary,0.436479986,-1,1.78342445,5.14013199,1
fields/00042__plt00008__tracer1.f32__c0001__dt-f32/chunk_0,500000,29,ndzip,primary,0.0778239965,-1,1.6246086,5.241288,1
fields/00042__plt00008__tracer1.f32__c0005__dt-f32/chunk_0,500000,30,ndzip shuffle=bit,primary,0.084991999,-1,3.55247181,2.446336,1
fields/00042__plt00008__tracer1.f32__c0003__dt-f32/chunk_0,500000,35,spratio,primary,0.150560006,-1,1.76687753,4.89826201,1
fields/00042__plt00008__tracer1.f32__c0009__dt-f32/chunk_0,500000,35,spratio,primary,0.0768319964,-1,1.76718722,4.823702,1
fields/00042__plt00008__tracer1.f32__c0011__dt-f32/chunk_0,500000,29,ndzip,primary,0.0706560016,-1,1.62773579,5.2242,1
fields/00042__plt00008__tracer1.f32__c0007__dt-f32/chunk_0,500000,30,ndzip shuffle=bit,primary,0.136191994,-1,3.55247181,2.49753599,1
fields/00042__plt00008__tracer1.f32__c0013__dt-f32/chunk_0,500000,30,ndzip shuffle=bit,primary,0.0788479969,-1,3.55247181,2.440192,1
fields/00042__plt00008__tracer1.f32__c0015__dt-f32/chunk_0,500000,39,spspeed shuffle=bit,primary,0.292672008,-1,3.9762014,2.40237601,1
fields/00043__plt00008__tracer2.f32__c0001__dt-f32/chunk_0,500000,30,ndzip shuffle=bit,primary,0.108543999,-1,3.55247181,2.469888,1
fields/00043__plt00008__tracer2.f32__c0005__dt-f32/chunk_0,500000,35,spratio,primary,0.29519999,-1,1.77573357,5.01922399,1
fields/00043__plt00008__tracer2.f32__c0007__dt-f32/chunk_0,500000,29,ndzip,primary,0.074752003,-1,1.639681,5.190752,1
fields/00043__plt00008__tracer2.f32__c0003__dt-f32/chunk_0,500000,30,ndzip shuffle=bit,primary,0.130048007,-1,3.55247181,2.49139201,1
fields/00043__plt00008__tracer2.f32__c0011__dt-f32/chunk_0,500000,30,ndzip shuffle=bit,primary,0.147456005,-1,3.55247181,2.50880001,1
fields/00043__plt00008__tracer2.f32__c0009__dt-f32/chunk_0,500000,30,ndzip shuffle=bit,primary,0.0983040035,-1,3.55247181,2.459648,1
fields/00044__plt00008__velz.f32__c0001__dt-f32/chunk_0,500000,29,ndzip,primary,0.0972800031,-1,1.44807738,5.890208,1
fields/00044__plt00008__velz.f32__c0007__dt-f32/chunk_0,500000,29,ndzip,primary,0.0778239965,-1,1.44941247,5.865416,1
fields/00043__plt00008__tracer2.f32__c0013__dt-f32/chunk_0,500000,29,ndzip,primary,0.0727040023,-1,1.636352,5.199112,1
fields/00043__plt00008__tracer2.f32__c0015__dt-f32/chunk_0,500000,29,ndzip,primary,0.0665600002,-1,1.62509202,5.228488,1
fields/00044__plt00008__velz.f32__c0009__dt-f32/chunk_0,500000,29,ndzip,primary,0.0686080009,-1,1.46866172,5.780344,1
fields/00044__plt00008__velz.f32__c0003__dt-f32/chunk_0,500000,29,ndzip,primary,0.0706560016,-1,1.46675321,5.789824,1
fields/00044__plt00008__velz.f32__c0013__dt-f32/chunk_0,500000,29,ndzip,primary,0.0870399997,-1,1.44949662,5.874296,1
fields/00045__plt00009__density.f32__c0003__dt-f32/chunk_0,500000,29,ndzip,primary,0.0481280014,-1,30.3407407,0.324608001,1
fields/00044__plt00008__velz.f32__c0005__dt-f32/chunk_0,500000,29,ndzip,primary,0.0870399997,-1,1.4961511,5.693832,1
fields/00044__plt00008__velz.f32__c0011__dt-f32/chunk_0,500000,29,ndzip,primary,0.0808959976,-1,1.47526974,5.767048,1
fields/00044__plt00008__velz.f32__c0015__dt-f32/chunk_0,500000,29,ndzip,primary,0.0727040023,-1,1.44084446,5.894712,1
fields/00045__plt00009__density.f32__c0001__dt-f32/chunk_0,500000,29,ndzip,primary,0.0501759984,-1,30.3407407,0.326655998,1
fields/00045__plt00009__density.f32__c0005__dt-f32/chunk_0,500000,29,ndzip,primary,0.0624639988,-1,30.3407407,0.338943999,1
fields/00045__plt00009__density.f32__c0007__dt-f32/chunk_0,500000,29,ndzip,primary,0.106495999,-1,4.77741633,1.862384,1
fields/00045__plt00009__density.f32__c0009__dt-f32/chunk_0,500000,29,ndzip,primary,0.0378880017,-1,25.4409938,0.367616002,1
fields/00045__plt00009__density.f32__c0015__dt-f32/chunk_0,500000,29,ndzip,primary,0.035840001,-1,25.4409938,0.365568001,1
fields/00045__plt00009__density.f32__c0011__dt-f32/chunk_0,500000,29,ndzip,primary,0.0348160006,-1,25.4409938,0.364544001,1
fields/00045__plt00009__density.f32__c0013__dt-f32/chunk_0,500000,29,ndzip,primary,0.0460800007,-1,25.4409938,0.375808001,1
fields/00046__plt00009__tracer0.f32__c0001__dt-f32/chunk_0,500000,30,ndzip shuffle=bit,primary,0.111616001,-1,3.55247181,2.47296,1
fields/00046__plt00009__tracer0.f32__c0003__dt-f32/chunk_0,500000,2,ans shuffle=byte,primary,0.496255994,-1,6.62707772,1.76206399,1
fields/00046__plt00009__tracer0.f32__c0007__dt-f32/chunk_0,500000,29,ndzip,primary,0.0706560016,-1,1.639681,5.186656,1
fields/00046__plt00009__tracer0.f32__c0005__dt-f32/chunk_0,500000,38,spspeed,primary,0.0572159998,-1,1.64922043,5.143624,1
fields/00046__plt00009__tracer0.f32__c0009__dt-f32/chunk_0,500000,2,ans shuffle=byte,primary,1.50988805,-1,6.62707772,2.77569605,1
fields/00046__plt00009__tracer0.f32__c0011__dt-f32/chunk_0,500000,30,ndzip shuffle=bit,primary,0.0808959976,-1,3.55247181,2.44224,1
fields/00047__plt00009__tracer1.f32__c0001__dt-f32/chunk_0,500000,35,spratio,primary,0.300639987,-1,1.77352831,5.03053799,1
fields/00046__plt00009__tracer0.f32__c0013__dt-f32/chunk_0,500000,29,ndzip,primary,0.0706560016,-1,1.636352,5.197064,1
fields/00047__plt00009__tracer1.f32__c0005__dt-f32/chunk_0,500000,2,ans shuffle=byte,primary,0.192864001,-1,6.62707772,1.458672,1
fields/00047__plt00009__tracer1.f32__c0007__dt-f32/chunk_0,500000,30,ndzip shuffle=bit,primary,0.122879997,-1,3.55247181,2.484224,1
fields/00046__plt00009__tracer0.f32__c0015__dt-f32/chunk_0,500000,29,ndzip,primary,0.0819199979,-1,1.62509202,5.243848,1
fields/00047__plt00009__tracer1.f32__c0011__dt-f32/chunk_0,500000,29,ndzip,primary,0.0942080021,-1,1.62773579,5.247752,1
fields/00047__plt00009__tracer1.f32__c0009__dt-f32/chunk_0,500000,29,ndzip,primary,0.136191994,-1,1.62062879,5.31233599,1
fields/00047__plt00009__tracer1.f32__c0003__dt-f32/chunk_0,500000,29,ndzip,primary,0.0829439983,-1,1.61879488,5.264952,1
fields/00047__plt00009__tracer1.f32__c0015__dt-f32/chunk_0,500000,30,ndzip shuffle=bit,primary,0.105471998,-1,3.55247181,2.466816,1
fields/00047__plt00009__tracer1.f32__c0013__dt-f32/chunk_0,500000,30,ndzip shuffle=bit,primary,0.184320003,-1,3.55247181,2.545664,1
fields/00048__plt00009__tracer2.f32__c0001__dt-f32/chunk_0,500000,30,ndzip shuffle=bit,primary,0.0870399997,-1,3.55247181,2.448384,1
fields/00048__plt00009__tracer2.f32__c0003__dt-f32/chunk_0,500000,30,ndzip shuffle=bit,primary,0.0788479969,-1,3.55247181,2.440192,1
fields/00048__plt00009__tracer2.f32__c0007__dt-f32/chunk_0,500000,35,spratio,primary,0.247615993,-1,1.78184477,4.95543799,1
fields/00048__plt00009__tracer2.f32__c0013__dt-f32/chunk_0,500000,35,spratio,primary,0.0822720006,-1,1.78342445,4.785924,1
fields/00048__plt00009__tracer2.f32__c0005__dt-f32/chunk_0,500000,29,ndzip,primary,0.074752003,-1,1.63210365,5.214504,1
fields/00048__plt00009__tracer2.f32__c0011__dt-f32/chunk_0,500000,2,ans shuffle=byte,primary,1.05196798,-1,6.62707772,2.31777598,1
fields/00048__plt00009__tracer2.f32__c0009__dt-f32/chunk_0,500000,30,ndzip shuffle=bit,primary,0.134143993,-1,3.55247181,2.49548799,1
fields/00049__plt00009__velz.f32__c0001__dt-f32/chunk_0,500000,29,ndzip,primary,0.0819199979,-1,1.44845544,5.873336,1
fields/00049__plt00009__velz.f32__c0005__dt-f32/chunk_0,500000,29,ndzip,primary,0.0778239965,-1,1.49427698,5.691648,1
fields/00048__plt00009__tracer2.f32__c0015__dt-f32/chunk_0,500000,29,ndzip,primary,0.074752003,-1,1.62509202,5.23668,1
fields/00049__plt00009__velz.f32__c0003__dt-f32/chunk_0,500000,29,ndzip,primary,0.088064,-1,1.46732175,5.805016,1
fields/00049__plt00009__velz.f32__c0009__dt-f32/chunk_0,500000,29,ndzip,primary,0.0696320012,-1,1.46741004,5.78624,1
fields/00049__plt00009__velz.f32__c0007__dt-f32/chunk_0,500000,29,ndzip,primary,0.0768000036,-1,1.4483374,5.868688,1
fields/00049__plt00009__velz.f32__c0013__dt-f32/chunk_0,500000,29,ndzip,primary,0.0808959976,-1,1.44932232,5.868848,1
fields/00049__plt00009__velz.f32__c0015__dt-f32/chunk_0,500000,29,ndzip,primary,0.0716800019,-1,1.44163883,5.89048,1
fields/00050__plt00010__density.f32__c0001__dt-f32/chunk_0,500000,29,ndzip,primary,0.0378880017,-1,30.3407407,0.314368002,1
fields/00049__plt00009__velz.f32__c0011__dt-f32/chunk_0,500000,29,ndzip,primary,0.0757760033,-1,1.47676777,5.75616,1
fields/00050__plt00010__density.f32__c0005__dt-f32/chunk_0,500000,29,ndzip,primary,0.0378880017,-1,30.3407407,0.314368002,1
fields/00050__plt00010__density.f32__c0009__dt-f32/chunk_0,500000,29,ndzip,primary,0.040959999,-1,25.4409938,0.370687999,1
fields/00050__plt00010__density.f32__c0003__dt-f32/chunk_0,500000,29,ndzip,primary,0.0378880017,-1,30.3407407,0.314368002,1
fields/00050__plt00010__density.f32__c0007__dt-f32/chunk_0,500000,29,ndzip,primary,0.0665600002,-1,4.71265876,1.846576,1
fields/00050__plt00010__density.f32__c0015__dt-f32/chunk_0,500000,29,ndzip,primary,0.0890880004,-1,25.4409938,0.418816,1
fields/00051__plt00010__tracer0.f32__c0011__dt-f32/chunk_0,500000,30,ndzip shuffle=bit,primary,0.169983998,-1,3.55247181,2.531328,1
fields/00050__plt00010__density.f32__c0013__dt-f32/chunk_0,500000,29,ndzip,primary,0.0378880017,-1,25.4409938,0.367616002,1
fields/00050__plt00010__density.f32__c0011__dt-f32/chunk_0,500000,29,ndzip,primary,0.0368640013,-1,25.4409938,0.366592001,1
fields/00051__plt00010__tracer0.f32__c0003__dt-f32/chunk_0,500000,30,ndzip shuffle=bit,primary,0.0808959976,-1,3.55247181,2.44224,1
fields/00051__plt00010__tracer0.f32__c0001__dt-f32/chunk_0,500000,30,ndzip shuffle=bit,primary,0.116736002,-1,3.55247181,2.47808,1
fields/00051__plt00010__tracer0.f32__c0009__dt-f32/chunk_0,500000,30,ndzip shuffle=bit,primary,0.104447998,-1,3.55247181,2.465792,1
fields/00051__plt00010__tracer0.f32__c0005__dt-f32/chunk_0,500000,29,ndzip,primary,0.121855997,-1,1.63210365,5.261608,1
fields/00051__plt00010__tracer0.f32__c0013__dt-f32/chunk_0,500000,35,spratio,primary,0.216383994,-1,1.78342445,4.92003599,1
fields/00051__plt00010__tracer0.f32__c0007__dt-f32/chunk_0,500000,29,ndzip,primary,0.194560006,-1,1.639681,5.31056001,1
fields/00052__plt00010__tracer1.f32__c0001__dt-f32/chunk_0,500000,35,spratio,primary,0.230560005,-1,1.77352831,4.960458,1
fields/00051__plt00010__tracer0.f32__c0015__dt-f32/chunk_0,500000,29,ndzip,primary,0.084991999,-1,1.62509202,5.24692,1
fields/00052__plt00010__tracer1.f32__c0007__dt-f32/chunk_0,500000,30,ndzip shuffle=bit,primary,0.0788479969,-1,3.55247181,2.440192,1
fields/00052__plt00010__tracer1.f32__c0003__dt-f32/chunk_0,500000,29,ndzip,primary,0.0819199979,-1,1.61879488,5.263928,1
fields/00052__plt00010__tracer1.f32__c0005__dt-f32/chunk_0,500000,2,ans shuffle=byte,primary,0.188319996,-1,6.62707772,1.454128,1
fields/00052__plt00010__tracer1.f32__c0013__dt-f32/chunk_0,500000,2,ans shuffle=byte,primary,0.430943996,-1,6.62707772,1.696752,1
fields/00052__plt00010__tracer1.f32__c0009__dt-f32/chunk_0,500000,35,spratio,primary,0.230112001,-1,1.76718722,4.976982,1
fields/00052__plt00010__tracer1.f32__c0011__dt-f32/chunk_0,500000,35,spratio,primary,0.071039997,-1,1.77053817,4.808926,1
fields/00052__plt00010__tracer1.f32__c0015__dt-f32/chunk_0,500000,30,ndzip shuffle=bit,primary,0.0788479969,-1,3.55247181,2.440192,1
fields/00053__plt00010__tracer2.f32__c0001__dt-f32/chunk_0,500000,30,ndzip shuffle=bit,primary,0.102399997,-1,3.55247181,2.463744,1
fields/00053__plt00010__tracer2.f32__c0007__dt-f32/chunk_0,500000,35,spratio,primary,0.271519989,-1,1.78184477,4.97934199,1
fields/00053__plt00010__tracer2.f32__c0003__dt-f32/chunk_0,500000,30,ndzip shuffle=bit,primary,0.0808959976,-1,3.55247181,2.44224,1
fields/00053__plt00010__tracer2.f32__c0005__dt-f32/chunk_0,500000,29,ndzip,primary,0.100351997,-1,1.63210365,5.240104,1
fields/00053__plt00010__tracer2.f32__c0009__dt-f32/chunk_0,500000,30,ndzip shuffle=bit,primary,0.0778239965,-1,3.55247181,2.439168,1
fields/00053__plt00010__tracer2.f32__c0015__dt-f32/chunk_0,500000,29,ndzip,primary,0.105471998,-1,1.62509202,5.2674,1
fields/00053__plt00010__tracer2.f32__c0011__dt-f32/chunk_0,500000,30,ndzip shuffle=bit,primary,0.0819199979,-1,3.55247181,2.443264,1
fields/00053__plt00010__tracer2.f32__c0013__dt-f32/chunk_0,500000,29,ndzip,primary,0.0727040023,-1,1.636352,5.199112,1
fields/00054__plt00010__velz.f32__c0001__dt-f32/chunk_0,500000,29,ndzip,primary,0.0696320012,-1,1.44913203,5.858344,1
fields/00054__plt00010__velz.f32__c0003__dt-f32/chunk_0,500000,29,ndzip,primary,0.0890880004,-1,1.46722525,5.806416,1
fields/00054__plt00010__velz.f32__c0005__dt-f32/chunk_0,500000,29,ndzip,primary,0.0860159993,-1,1.49261788,5.70608,1
fields/00054__plt00010__velz.f32__c0007__dt-f32/chunk_0,500000,29,ndzip,primary,0.0983040035,-1,1.44642345,5.897856,1
fields/00054__plt00010__velz.f32__c0011__dt-f32/chunk_0,500000,29,ndzip,primary,0.074752003,-1,1.478667,5.74784,1
fields/00054__plt00010__velz.f32__c0015__dt-f32/chunk_0,500000,29,ndzip,primary,0.0737280026,-1,1.4425055,5.889032,1
fields/00054__plt00010__velz.f32__c0009__dt-f32/chunk_0,500000,29,ndzip,primary,0.0696320012,-1,1.46648858,5.789832,1
fields/00055__plt00012__density.f32__c0001__dt-f32/chunk_0,500000,29,ndzip,primary,0.0337920003,-1,30.3407407,0.310272,1
fields/00055__plt00012__density.f32__c0003__dt-f32/chunk_0,500000,29,ndzip,primary,0.0450560004,-1,30.3407407,0.321536,1
fields/00055__plt00012__density.f32__c0007__dt-f32/chunk_0,500000,29,ndzip,primary,0.0890880004,-1,4.60863909,1.90928,1
fields/00054__plt00010__velz.f32__c0013__dt-f32/chunk_0,500000,29,ndzip,primary,0.0716800019,-1,1.45042292,5.85524,1
fields/00055__plt00012__density.f32__c0011__dt-f32/chunk_0,500000,29,ndzip,primary,0.0829439983,-1,25.4409938,0.412671998,1
fields/00055__plt00012__density.f32__c0005__dt-f32/chunk_0,500000,29,ndzip,primary,0.035840001,-1,30.3407407,0.312320001,1
fields/00055__plt00012__density.f32__c0009__dt-f32/chunk_0,500000,29,ndzip,primary,0.0348160006,-1,25.4409938,0.364544001,1
fields/00055__plt00012__density.f32__c0013__dt-f32/chunk_0,500000,29,ndzip,primary,0.0624639988,-1,25.4409938,0.392191999,1
fields/00056__plt00012__tracer0.f32__c0003__dt-f32/chunk_0,500000,2,ans shuffle=byte,primary,0.490592003,-1,6.62707772,1.7564,1
fields/00055__plt00012__density.f32__c0015__dt-f32/chunk_0,500000,29,ndzip,primary,0.0716800019,-1,25.4409938,0.401408002,1
fields/00056__plt00012__tracer0.f32__c0007__dt-f32/chunk_0,500000,35,spratio,primary,0.089631997,-1,1.78184477,4.797454,1
fields/00056__plt00012__tracer0.f32__c0009__dt-f32/chunk_0,500000,2,ans shuffle=byte,primary,0.922720015,-1,6.62707772,2.18852802,1
fields/00056__plt00012__tracer0.f32__c0005__dt-f32/chunk_0,500000,29,ndzip,primary,0.0696320012,-1,1.63210365,5.209384,1
fields/00056__plt00012__tracer0.f32__c0013__dt-f32/chunk_0,500000,35,spratio,primary,0.0727680027,-1,1.78342445,4.77642,1
fields/00056__plt00012__tracer0.f32__c0001__dt-f32/chunk_0,500000,30,ndzip shuffle=bit,primary,0.101375997,-1,3.55247181,2.46272,1
fields/00056__plt00012__tracer0.f32__c0015__dt-f32/chunk_0,500000,29,ndzip,primary,0.0737280026,-1,1.62509202,5.235656,1
fields/00056__plt00012__tracer0.f32__c0011__dt-f32/chunk_0,500000,30,ndzip shuffle=bit,primary,0.0839679986,-1,3.55247181,2.445312,1
fields/00057__plt00012__tracer1.f32__c0007__dt-f32/chunk_0,500000,30,ndzip shuffle=bit,primary,0.123903997,-1,3.55247181,2.485248,1
fields/00057__plt00012__tracer1.f32__c0001__dt-f32/chunk_0,500000,29,ndzip,primary,0.0798719972,-1,1.6246086,5.243336,1
fields/00057__plt00012__tracer1.f32__c0003__dt-f32/chunk_0,500000,29,ndzip,primary,0.0675840005,-1,1.61879488,5.249592,1
fields/00057__plt00012__tracer1.f32__c0011__dt-f32/chunk_0,500000,29,ndzip,primary,0.0737280026,-1,1.62773579,5.227272,1
fields/00057__plt00012__tracer1.f32__c0005__dt-f32/chunk_0,500000,30,ndzip shuffle=bit,primary,0.0808959976,-1,3.55247181,2.44224,1
fields/00057__plt00012__tracer1.f32__c0009__dt-f32/chunk_0,500000,35,spratio,primary,0.113792002,-1,1.76718722,4.860662,1
fields/00057__plt00012__tracer1.f32__c0013__dt-f32/chunk_0,500000,2,ans shuffle=byte,primary,0.827359974,-1,6.62707772,2.09316797,1
fields/00057__plt00012__tracer1.f32__c0015__dt-f32/chunk_0,500000,2,ans shuffle=byte,primary,0.793344021,-1,6.62707772,2.05915202,1
fields/00058__plt00012__tracer2.f32__c0001__dt-f32/chunk_0,500000,30,ndzip shuffle=bit,primary,0.122879997,-1,3.55247181,2.484224,1
fields/00058__plt00012__tracer2.f32__c0005__dt-f32/chunk_0,500000,29,ndzip,primary,0.0829439983,-1,1.63210365,5.222696,1
fields/00058__plt00012__tracer2.f32__c0003__dt-f32/chunk_0,500000,30,ndzip shuffle=bit,primary,0.0788479969,-1,3.55247181,2.440192,1
fields/00058__plt00012__tracer2.f32__c0009__dt-f32/chunk_0,500000,30,ndzip shuffle=bit,primary,0.0829439983,-1,3.55247181,2.444288,1
fields/00058__plt00012__tracer2.f32__c0007__dt-f32/chunk_0,500000,29,ndzip,primary,0.104447998,-1,1.639681,5.220448,1
fields/00058__plt00012__tracer2.f32__c0013__dt-f32/chunk_0,500000,29,ndzip,primary,0.0706560016,-1,1.636352,5.197064,1
fields/00058__plt00012__tracer2.f32__c0011__dt-f32/chunk_0,500000,30,ndzip shuffle=bit,primary,0.139264002,-1,3.55247181,2.500608,1
fields/00058__plt00012__tracer2.f32__c0015__dt-f32/chunk_0,500000,29,ndzip,primary,0.0942080021,-1,1.62509202,5.256136,1
fields/00059__plt00012__velz.f32__c0003__dt-f32/chunk_0,500000,29,ndzip,primary,0.0675840005,-1,1.46847661,5.78004,1
fields/00059__plt00012__velz.f32__c0001__dt-f32/chunk_0,500000,29,ndzip,primary,0.0696320012,-1,1.45068981,5.852128,1
fields/00059__plt00012__velz.f32__c0009__dt-f32/chunk_0,500000,29,ndzip,primary,0.0716800019,-1,1.4641215,5.801128,1
fields/00059__plt00012__velz.f32__c0007__dt-f32/chunk_0,500000,29,ndzip,primary,0.0778239965,-1,1.4429839,5.8912,1
fields/00059__plt00012__velz.f32__c0005__dt-f32/chunk_0,500000,29,ndzip,primary,0.084991999,-1,1.4900133,5.71488,1
fields/00059__plt00012__velz.f32__c0013__dt-f32/chunk_0,500000,29,ndzip,primary,0.0778239965,-1,1.45177641,5.855992,1
fields/00060__plt00013__density.f32__c0005__dt-f32/chunk_0,500000,29,ndzip,primary,0.0378880017,-1,30.3407407,0.314368002,1
fields/00059__plt00012__velz.f32__c0011__dt-f32/chunk_0,500000,29,ndzip,primary,0.084991999,-1,1.48217002,5.744672,1
fields/00059__plt00012__velz.f32__c0015__dt-f32/chunk_0,500000,29,ndzip,primary,0.0921600014,-1,1.44371702,5.902584,1
fields/00060__plt00013__density.f32__c0001__dt-f32/chunk_0,500000,29,ndzip,primary,0.0450560004,-1,30.3407407,0.321536,1
fields/00060__plt00013__density.f32__c0007__dt-f32/chunk_0,500000,29,ndzip,primary,0.0788479969,-1,4.56027521,1.918344,1
fields/00060__plt00013__density.f32__c0011__dt-f32/chunk_0,500000,29,ndzip,primary,0.0542719997,-1,25.4409938,0.384,1
fields/00060__plt00013__density.f32__c0009__dt-f32/chunk_0,500000,29,ndzip,primary,0.0389119983,-1,25.4409938,0.368639998,1
fields/00060__plt00013__density.f32__c0003__dt-f32/chunk_0,500000,29,ndzip,primary,0.0399359986,-1,30.3407407,0.316415999,1
fields/00060__plt00013__density.f32__c0015__dt-f32/chunk_0,500000,29,ndzip,primary,0.0348160006,-1,25.4409938,0.364544001,1
fields/00060__plt00013__density.f32__c0013__dt-f32/chunk_0,500000,29,ndzip,primary,0.035840001,-1,25.4409938,0.365568001,1
fields/00061__plt00013__tracer0.f32__c0011__dt-f32/chunk_0,500000,30,ndzip shuffle=bit,primary,0.108543999,-1,3.55247181,2.469888,1
fields/00061__plt00013__tracer0.f32__c0007__dt-f32/chunk_0,500000,35,spratio,primary,0.40377599,-1,1.78184477,5.11159799,1
fields/00061__plt00013__tracer0.f32__c0005__dt-f32/chunk_0,500000,29,ndzip,primary,0.0942080021,-1,1.63210365,5.23396,1
fields/00061__plt00013__tracer0.f32__c0013__dt-f32/chunk_0,500000,29,ndzip,primary,0.0737280026,-1,1.636352,5.200136,1
fields/00061__plt00013__tracer0.f32__c0001__dt-f32/chunk_0,500000,30,ndzip shuffle=bit,primary,0.106495999,-1,3.55247181,2.46784,1
fields/00061__plt00013__tracer0.f32__c0015__dt-f32/chunk_0,500000,35,spratio,primary,0.35424,-1,1.77308671,5.085316,1
fields/00061__plt00013__tracer0.f32__c0003__dt-f32/chunk_0,500000,30,ndzip shuffle=bit,primary,0.131072,-1,3.55247181,2.492416,1
fields/00061__plt00013__tracer0.f32__c0009__dt-f32/chunk_0,500000,30,ndzip shuffle=bit,primary,0.0778239965,-1,3.55247181,2.439168,1
fields/00062__plt00013__tracer1.f32__c0003__dt-f32/chunk_0,500000,35,spratio,primary,0.299935997,-1,1.76687753,5.047638,1
fields/00062__plt00013__tracer1.f32__c0005__dt-f32/chunk_0,500000,2,ans shuffle=byte,primary,0.490880013,-1,6.62707772,1.75668801,1
fields/00062__plt00013__tracer1.f32__c0001__dt-f32/chunk_0,500000,35,spratio,primary,0.292672008,-1,1.77352831,5.02257001,1
fields/00062__plt00013__tracer1.f32__c0007__dt-f32/chunk_0,500000,30,ndzip shuffle=bit,primary,0.0808959976,-1,3.55247181,2.44224,1
fields/00062__plt00013__tracer1.f32__c0009__dt-f32/chunk_0,500000,35,spratio,primary,0.281856,-1,1.76718722,5.028726,1
fields/00062__plt00013__tracer1.f32__c0011__dt-f32/chunk_0,500000,35,spratio,primary,0.233759999,-1,1.77053817,4.971646,1
fields/00062__plt00013__tracer1.f32__c0013__dt-f32/chunk_0,500000,30,ndzip shuffle=bit,primary,0.0819199979,-1,3.55247181,2.443264,1
fields/00062__plt00013__tracer1.f32__c0015__dt-f32/chunk_0,500000,30,ndzip shuffle=bit,primary,0.0942080021,-1,3.55247181,2.455552,1
fields/00063__plt00013__tracer2.f32__c0005__dt-f32/chunk_0,500000,35,spratio,primary,0.114303999,-1,1.77573357,4.838328,1
fields/00063__plt00013__tracer2.f32__c0007__dt-f32/chunk_0,500000,29,ndzip,primary,0.0757760033,-1,1.639681,5.191776,1
fields/00063__plt00013__tracer2.f32__c0001__dt-f32/chunk_0,500000,30,ndzip shuffle=bit,primary,0.0788479969,-1,3.55247181,2.440192,1
fields/00063__plt00013__tracer2.f32__c0003__dt-f32/chunk_0,500000,30,ndzip shuffle=bit,primary,0.104447998,-1,3.55247181,2.465792,1
fields/00063__plt00013__tracer2.f32__c0009__dt-f32/chunk_0,500000,30,ndzip shuffle=bit,primary,0.0829439983,-1,3.55247181,2.444288,1
fields/00063__plt00013__tracer2.f32__c0011__dt-f32/chunk_0,500000,30,ndzip shuffle=bit,primary,0.102399997,-1,3.55247181,2.463744,1
fields/00063__plt00013__tracer2.f32__c0013__dt-f32/chunk_0,500000,29,ndzip,primary,0.128000006,-1,1.636352,5.25440801,1
fields/00063__plt00013__tracer2.f32__c0015__dt-f32/chunk_0,500000,35,spratio,primary,0.457343996,-1,1.77308671,5.18842,1
fields/00064__plt00013__velz.f32__c0001__dt-f32/chunk_0,500000,29,ndzip,primary,0.0798719972,-1,1.45135242,5.859728,1
fields/00064__plt00013__velz.f32__c0005__dt-f32/chunk_0,500000,29,ndzip,primary,0.128000006,-1,1.48970001,5.75907201,1
fields/00065__plt00015__density.f32__c0003__dt-f32/chunk_0,500000,29,ndzip,primary,0.0460800007,-1,30.3407407,0.322560001,1
fields/00064__plt00013__velz.f32__c0011__dt-f32/chunk_0,500000,29,ndzip,primary,0.0757760033,-1,1.48228106,5.735032,1
fields/00064__plt00013__velz.f32__c0003__dt-f32/chunk_0,500000,29,ndzip,primary,0.0778239965,-1,1.46958385,5.785976,1
fields/00064__plt00013__velz.f32__c0009__dt-f32/chunk_0,500000,29,ndzip,primary,0.0788479969,-1,1.46285918,5.81324,1
fields/00064__plt00013__velz.f32__c0007__dt-f32/chunk_0,500000,29,ndzip,primary,0.0829439983,-1,1.44115933,5.90368,1
fields/00065__plt00015__density.f32__c0005__dt-f32/chunk_0,500000,29,ndzip,primary,0.0378880017,-1,30.3407407,0.314368002,1
fields/00064__plt00013__velz.f32__c0013__dt-f32/chunk_0,500000,29,ndzip,primary,0.0675840005,-1,1.45267746,5.842168,1
fields/00065__plt00015__density.f32__c0009__dt-f32/chunk_0,500000,29,ndzip,primary,0.0368640013,-1,25.4409938,0.366592001,1
fields/00065__plt00015__density.f32__c0001__dt-f32/chunk_0,500000,29,ndzip,primary,0.0573440008,-1,30.3407407,0.333824001,1
fields/00064__plt00013__velz.f32__c0015__dt-f32/chunk_0,500000,29,ndzip,primary,0.0716800019,-1,1.44412064,5.88048,1
fields/00065__plt00015__density.f32__c0007__dt-f32/chunk_0,500000,29,ndzip,primary,0.0706560016,-1,4.45859147,1.952104,1
fields/00065__plt00015__density.f32__c0011__dt-f32/chunk_0,500000,29,ndzip,primary,0.035840001,-1,25.4409938,0.365568001,1
fields/00065__plt00015__density.f32__c0013__dt-f32/chunk_0,500000,29,ndzip,primary,0.035840001,-1,25.4409938,0.365568001,1
fields/00065__plt00015__density.f32__c0015__dt-f32/chunk_0,500000,29,ndzip,primary,0.0675840005,-1,25.4409938,0.397312001,1
fields/00066__plt00015__tracer0.f32__c0007__dt-f32/chunk_0,500000,29,ndzip,primary,0.0768000036,-1,1.639681,5.1928,1
fields/00066__plt00015__tracer0.f32__c0003__dt-f32/chunk_0,500000,2,ans shuffle=byte,primary,0.489439994,-1,6.62707772,1.75524799,1
fields/00066__plt00015__tracer0.f32__c0009__dt-f32/chunk_0,500000,2,ans shuffle=byte,primary,0.440640002,-1,6.62707772,1.706448,1
fields/00066__plt00015__tracer0.f32__c0001__dt-f32/chunk_0,500000,30,ndzip shuffle=bit,primary,0.110592,-1,3.55247181,2.471936,1
fields/00066__plt00015__tracer0.f32__c0005__dt-f32/chunk_0,500000,35,spratio,primary,0.0844800025,-1,1.77573357,4.808504,1
fields/00066__plt00015__tracer0.f32__c0011__dt-f32/chunk_0,500000,30,ndzip shuffle=bit,primary,0.0819199979,-1,3.55247181,2.443264,1
fields/00066__plt00015__tracer0.f32__c0013__dt-f32/chunk_0,500000,35,spratio,primary,0.166784003,-1,1.78342445,4.870436,1
fields/00067__plt00015__tracer1.f32__c0003__dt-f32/chunk_0,500000,35,spratio,primary,0.224191993,-1,1.76687753,4.97189399,1
fields/00067__plt00015__tracer1.f32__c0005__dt-f32/chunk_0,500000,30,ndzip shuffle=bit,primary,0.104447998,-1,3.55247181,2.465792,1
fields/00066__plt00015__tracer0.f32__c0015__dt-f32/chunk_0,500000,35,spratio,primary,0.0838079974,-1,1.77308671,4.814884,1
fields/00067__plt00015__tracer1.f32__c0001__dt-f32/chunk_0,500000,35,spratio,primary,0.081344001,-1,1.77352831,4.811242,1
fields/00067__plt00015__tracer1.f32__c0009__dt-f32/chunk_0,500000,29,ndzip,primary,0.0768000036,-1,1.62062879,5.252944,1
fields/00067__plt00015__tracer1.f32__c0013__dt-f32/chunk_0,500000,30,ndzip shuffle=bit,primary,0.124927998,-1,3.55247181,2.486272,1
fields/00067__plt00015__tracer1.f32__c0011__dt-f32/chunk_0,500000,35,spratio,primary,0.178432003,-1,1.77053817,4.916318,1
fields/00067__plt00015__tracer1.f32__c0007__dt-f32/chunk_0,500000,30,ndzip shuffle=bit,primary,0.176128,-1,3.55247181,2.537472,1
fields/00067__plt00015__tracer1.f32__c0015__dt-f32/chunk_0,500000,30,ndzip shuffle=bit,primary,0.0921600014,-1,3.55247181,2.453504,1
fields/00068__plt00015__tracer2.f32__c0001__dt-f32/chunk_0,500000,30,ndzip shuffle=bit,primary,0.0788479969,-1,3.55247181,2.440192,1
fields/00068__plt00015__tracer2.f32__c0007__dt-f32/chunk_0,500000,29,ndzip,primary,0.0727040023,-1,1.639681,5.188704,1
fields/00068__plt00015__tracer2.f32__c0003__dt-f32/chunk_0,500000,30,ndzip shuffle=bit,primary,0.106495999,-1,3.55247181,2.46784,1
fields/00068__plt00015__tracer2.f32__c0005__dt-f32/chunk_0,500000,29,ndzip,primary,0.117760003,-1,1.63210365,5.257512,1
fields/00068__plt00015__tracer2.f32__c0009__dt-f32/chunk_0,500000,30,ndzip shuffle=bit,primary,0.0983040035,-1,3.55247181,2.459648,1
fields/00068__plt00015__tracer2.f32__c0011__dt-f32/chunk_0,500000,30,ndzip shuffle=bit,primary,0.103423998,-1,3.55247181,2.464768,1
fields/00068__plt00015__tracer2.f32__c0013__dt-f32/chunk_0,500000,29,ndzip,primary,0.0819199979,-1,1.636352,5.208328,1
fields/00068__plt00015__tracer2.f32__c0015__dt-f32/chunk_0,500000,35,spratio,primary,0.0823680013,-1,1.77308671,4.813444,1
fields/00069__plt00015__velz.f32__c0005__dt-f32/chunk_0,500000,29,ndzip,primary,0.0870399997,-1,1.49235659,5.708088,1
fields/00069__plt00015__velz.f32__c0001__dt-f32/chunk_0,500000,29,ndzip,primary,0.0931840017,-1,1.45309014,5.866128,1
fields/00069__plt00015__velz.f32__c0003__dt-f32/chunk_0,500000,29,ndzip,primary,0.112640001,-1,1.47255365,5.80928,1
fields/00069__plt00015__velz.f32__c0009__dt-f32/chunk_0,500000,29,ndzip,primary,0.109568,-1,1.46158886,5.848944,1
fields/00069__plt00015__velz.f32__c0007__dt-f32/chunk_0,500000,29,ndzip,primary,0.0706560016,-1,1.43966939,5.897416,1
fields/00070__plt00017__density.f32__c0001__dt-f32/chunk_0,500000,29,ndzip,primary,0.0481280014,-1,30.3407407,0.324608001,1
fields/00069__plt00015__velz.f32__c0015__dt-f32/chunk_0,500000,29,ndzip,primary,0.0716800019,-1,1.44485093,5.877544,1
fields/00069__plt00015__velz.f32__c0011__dt-f32/chunk_0,500000,29,ndzip,primary,0.0696320012,-1,1.48205689,5.729744,1
fields/00070__plt00017__density.f32__c0005__dt-f32/chunk_0,500000,29,ndzip,primary,0.0614399984,-1,30.3407407,0.337919998,1
fields/00070__plt00017__density.f32__c0003__dt-f32/chunk_0,500000,29,ndzip,primary,0.0491520017,-1,30.3407407,0.325632002,1
fields/00069__plt00015__velz.f32__c0013__dt-f32/chunk_0,500000,29,ndzip,primary,0.0686080009,-1,1.4545394,5.8358,1
fields/00070__plt00017__density.f32__c0007__dt-f32/chunk_0,500000,29,ndzip,primary,0.0696320012,-1,4.35570916,1.99552,1
fields/00070__plt00017__density.f32__c0009__dt-f32/chunk_0,500000,29,ndzip,primary,0.0593920015,-1,25.4409938,0.389120001,1
fields/00070__plt00017__density.f32__c0011__dt-f32/chunk_0,500000,29,ndzip,primary,0.088064,-1,25.4409938,0.417792,1
fields/00070__plt00017__density.f32__c0013__dt-f32/chunk_0,500000,29,ndzip,primary,0.0327679999,-1,25.4409938,0.362496,1
fields/00070__plt00017__density.f32__c0015__dt-f32/chunk_0,500000,29,ndzip,primary,0.0686080009,-1,25.4409938,0.398336001,1
fields/00071__plt00017__tracer0.f32__c0001__dt-f32/chunk_0,500000,30,ndzip shuffle=bit,primary,0.100351997,-1,3.55247181,2.461696,1
fields/00071__plt00017__tracer0.f32__c0011__dt-f32/chunk_0,500000,30,ndzip shuffle=bit,primary,0.0778239965,-1,3.55247181,2.439168,1
fields/00071__plt00017__tracer0.f32__c0003__dt-f32/chunk_0,500000,30,ndzip shuffle=bit,primary,0.0788479969,-1,3.55247181,2.440192,1
fields/00071__plt00017__tracer0.f32__c0007__dt-f32/chunk_0,500000,38,spspeed,primary,0.138848007,-1,1.65820257,5.19770401,1
fields/00071__plt00017__tracer0.f32__c0015__dt-f32/chunk_0,500000,29,ndzip,primary,0.0788479969,-1,1.62509202,5.240776,1
fields/00071__plt00017__tracer0.f32__c0005__dt-f32/chunk_0,500000,29,ndzip,primary,0.0768000036,-1,1.63210365,5.216552,1
fields/00071__plt00017__tracer0.f32__c0013__dt-f32/chunk_0,500000,38,spspeed,primary,0.0724800006,-1,1.65345418,5.145864,1
fields/00071__plt00017__tracer0.f32__c0009__dt-f32/chunk_0,500000,30,ndzip shuffle=bit,primary,0.0819199979,-1,3.55247181,2.443264,1
fields/00072__plt00017__tracer1.f32__c0001__dt-f32/chunk_0,500000,29,ndzip,primary,0.0788479969,-1,1.6246086,5.242312,1
fields/00072__plt00017__tracer1.f32__c0003__dt-f32/chunk_0,500000,29,ndzip,primary,0.084991999,-1,1.61879488,5.267,1
fields/00072__plt00017__tracer1.f32__c0009__dt-f32/chunk_0,500000,29,ndzip,primary,0.117760003,-1,1.62062879,5.293904,1
fields/00072__plt00017__tracer1.f32__c0007__dt-f32/chunk_0,500000,30,ndzip shuffle=bit,primary,0.156672001,-1,3.55247181,2.518016,1
fields/00072__plt00017__tracer1.f32__c0005__dt-f32/chunk_0,500000,30,ndzip shuffle=bit,primary,0.0819199979,-1,3.55247181,2.443264,1
fields/00073__plt00017__tracer2.f32__c0001__dt-f32/chunk_0,500000,30,ndzip shuffle=bit,primary,0.104447998,-1,3.55247181,2.465792,1
fields/00072__plt00017__tracer1.f32__c0015__dt-f32/chunk_0,500000,30,ndzip shuffle=bit,primary,0.0931840017,-1,3.55247181,2.454528,1
fields/00072__plt00017__tracer1.f32__c0011__dt-f32/chunk_0,500000,29,ndzip,primary,0.0737280026,-1,1.62773579,5.227272,1
fields/00073__plt00017__tracer2.f32__c0003__dt-f32/chunk_0,500000,30,ndzip shuffle=bit,primary,0.0870399997,-1,3.55247181,2.448384,1
fields/00072__plt00017__tracer1.f32__c0013__dt-f32/chunk_0,500000,30,ndzip shuffle=bit,primary,0.107519999,-1,3.55247181,2.468864,1
fields/00073__plt00017__tracer2.f32__c0005__dt-f32/chunk_0,500000,29,ndzip,primary,0.115712002,-1,1.63210365,5.255464,1
fields/00073__plt00017__tracer2.f32__c0007__dt-f32/chunk_0,500000,29,ndzip,primary,0.0716800019,-1,1.639681,5.18768,1
fields/00074__plt00017__velz.f32__c0003__dt-f32/chunk_0,500000,29,ndzip,primary,0.074752003,-1,1.47560399,5.759616,1
fields/00073__plt00017__tracer2.f32__c0009__dt-f32/chunk_0,500000,30,ndzip shuffle=bit,primary,0.0808959976,-1,3.55247181,2.44224,1
fields/00073__plt00017__tracer2.f32__c0011__dt-f32/chunk_0,500000,30,ndzip shuffle=bit,primary,0.0993279964,-1,3.55247181,2.460672,1
fields/00073__plt00017__tracer2.f32__c0015__dt-f32/chunk_0,500000,29,ndzip,primary,0.0706560016,-1,1.62509202,5.232584,1
fields/00074__plt00017__velz.f32__c0001__dt-f32/chunk_0,500000,29,ndzip,primary,0.0798719972,-1,1.45461204,5.846776,1
fields/00073__plt00017__tracer2.f32__c0013__dt-f32/chunk_0,500000,29,ndzip,primary,0.111616001,-1,1.636352,5.238024,1
fields/00074__plt00017__velz.f32__c0009__dt-f32/chunk_0,500000,29,ndzip,primary,0.116736002,-1,1.45829996,5.869056,1
fields/00074__plt00017__velz.f32__c0007__dt-f32/chunk_0,500000,29,ndzip,primary,0.0696320012,-1,1.44052578,5.892928,1
fields/00074__plt00017__velz.f32__c0005__dt-f32/chunk_0,500000,29,ndzip,primary,0.113664001,-1,1.49478183,5.725592,1
fields/00075__plt00019__density.f32__c0005__dt-f32/chunk_0,500000,29,ndzip,primary,0.0491520017,-1,30.3407407,0.325632002,1
fields/00074__plt00017__velz.f32__c0011__dt-f32/chunk_0,500000,29,ndzip,primary,0.0778239965,-1,1.48196263,5.738296,1
fields/00074__plt00017__velz.f32__c0015__dt-f32/chunk_0,500000,29,ndzip,primary,0.0716800019,-1,1.44481509,5.877688,1
fields/00074__plt00017__velz.f32__c0013__dt-f32/chunk_0,500000,29,ndzip,primary,0.0706560016,-1,1.4559208,5.832376,1
fields/00075__plt00019__density.f32__c0001__dt-f32/chunk_0,500000,29,ndzip,primary,0.0368640013,-1,30.3407407,0.313344001,1
fields/00075__plt00019__density.f32__c0003__dt-f32/chunk_0,500000,29,ndzip,primary,0.0460800007,-1,30.3407407,0.322560001,1
fields/00075__plt00019__density.f32__c0007__dt-f32/chunk_0,500000,29,ndzip,primary,0.074752003,-1,4.26762174,2.040392,1
fields/00075__plt00019__density.f32__c0011__dt-f32/chunk_0,500000,29,ndzip,primary,0.0460800007,-1,25.4409938,0.375808001,1
fields/00075__plt00019__density.f32__c0009__dt-f32/chunk_0,500000,29,ndzip,primary,0.0481280014,-1,25.4409938,0.377856001,1
fields/00075__plt00019__density.f32__c0013__dt-f32/chunk_0,500000,29,ndzip,primary,0.035840001,-1,25.4409938,0.365568001,1
fields/00076__plt00019__tracer0.f32__c0001__dt-f32/chunk_0,500000,30,ndzip shuffle=bit,primary,0.0819199979,-1,3.55247181,2.443264,1
fields/00075__plt00019__density.f32__c0015__dt-f32/chunk_0,500000,29,ndzip,primary,0.0368640013,-1,25.4409938,0.366592001,1
fields/00076__plt00019__tracer0.f32__c0003__dt-f32/chunk_0,500000,30,ndzip shuffle=bit,primary,0.0952320024,-1,3.55247181,2.456576,1
fields/00076__plt00019__tracer0.f32__c0007__dt-f32/chunk_0,500000,29,ndzip,primary,0.0870399997,-1,1.639681,5.20304,1
fields/00076__plt00019__tracer0.f32__c0005__dt-f32/chunk_0,500000,29,ndzip,primary,0.0716800019,-1,1.63210365,5.211432,1
fields/00076__plt00019__tracer0.f32__c0009__dt-f32/chunk_0,500000,30,ndzip shuffle=bit,primary,0.126975998,-1,3.55247181,2.48832,1
fields/00076__plt00019__tracer0.f32__c0011__dt-f32/chunk_0,500000,30,ndzip shuffle=bit,primary,0.107519999,-1,3.55247181,2.468864,1
fields/00076__plt00019__tracer0.f32__c0013__dt-f32/chunk_0,500000,29,ndzip,primary,0.0757760033,-1,1.636352,5.202184,1
fields/00076__plt00019__tracer0.f32__c0015__dt-f32/chunk_0,500000,29,ndzip,primary,0.0716800019,-1,1.62509202,5.233608,1
fields/00077__plt00019__tracer1.f32__c0003__dt-f32/chunk_0,500000,29,ndzip,primary,0.0706560016,-1,1.61879488,5.252664,1
fields/00077__plt00019__tracer1.f32__c0005__dt-f32/chunk_0,500000,30,ndzip shuffle=bit,primary,0.0839679986,-1,3.55247181,2.445312,1
fields/00077__plt00019__tracer1.f32__c0001__dt-f32/chunk_0,500000,29,ndzip,primary,0.0768000036,-1,1.6246086,5.240264,1
fields/00077__plt00019__tracer1.f32__c0013__dt-f32/chunk_0,500000,30,ndzip shuffle=bit,primary,0.103423998,-1,3.55247181,2.464768,1
fields/00077__plt00019__tracer1.f32__c0011__dt-f32/chunk_0,500000,29,ndzip,primary,0.0665600002,-1,1.62773579,5.220104,1
fields/00077__plt00019__tracer1.f32__c0009__dt-f32/chunk_0,500000,29,ndzip,primary,0.0870399997,-1,1.62062879,5.263184,1
fields/00077__plt00019__tracer1.f32__c0007__dt-f32/chunk_0,500000,30,ndzip shuffle=bit,primary,0.0911360011,-1,3.55247181,2.45248,1
fields/00077__plt00019__tracer1.f32__c0015__dt-f32/chunk_0,500000,30,ndzip shuffle=bit,primary,0.0788479969,-1,3.55247181,2.440192,1
fields/00078__plt00019__tracer2.f32__c0001__dt-f32/chunk_0,500000,30,ndzip shuffle=bit,primary,0.137216002,-1,3.55247181,2.49856,1
fields/00078__plt00019__tracer2.f32__c0003__dt-f32/chunk_0,500000,39,spspeed shuffle=bit,primary,0.178655997,-1,3.9762014,2.28836,1
fields/00078__plt00019__tracer2.f32__c0007__dt-f32/chunk_0,500000,35,spratio,primary,0.368160009,-1,1.78184477,5.07598201,1
fields/00078__plt00019__tracer2.f32__c0005__dt-f32/chunk_0,500000,35,spratio,primary,0.228256002,-1,1.77573357,4.95228,1
fields/00078__plt00019__tracer2.f32__c0011__dt-f32/chunk_0,500000,30,ndzip shuffle=bit,primary,0.120832004,-1,3.55247181,2.482176,1
fields/00078__plt00019__tracer2.f32__c0009__dt-f32/chunk_0,500000,30,ndzip shuffle=bit,primary,0.200703993,-1,3.55247181,2.56204799,1
fields/00078__plt00019__tracer2.f32__c0013__dt-f32/chunk_0,500000,29,ndzip,primary,0.105471998,-1,1.636352,5.23188,1
fields/00078__plt00019__tracer2.f32__c0015__dt-f32/chunk_0,500000,35,spratio,primary,0.232608005,-1,1.77308671,4.96368401,1
fields/00079__plt00019__velz.f32__c0007__dt-f32/chunk_0,500000,29,ndzip,primary,0.107519999,-1,1.44012613,5.932432,1
fields/00079__plt00019__velz.f32__c0009__dt-f32/chunk_0,500000,29,ndzip,primary,0.0634879991,-1,1.45591272,5.82524,1
fields/00079__plt00019__velz.f32__c0003__dt-f32/chunk_0,500000,29,ndzip,primary,0.0696320012,-1,1.47860653,5.742952,1
fields/00079__plt00019__velz.f32__c0001__dt-f32/chunk_0,500000,29,ndzip,primary,0.074752003,-1,1.45571666,5.83728,1
fields/00079__plt00019__velz.f32__c0005__dt-f32/chunk_0,500000,29,ndzip,primary,0.0727040023,-1,1.4953915,5.682344,1
fields/00079__plt00019__velz.f32__c0013__dt-f32/chunk_0,500000,29,ndzip,primary,0.0808959976,-1,1.45637174,5.840832,1
fields/00079__plt00019__velz.f32__c0015__dt-f32/chunk_0,500000,29,ndzip,primary,0.0757760033,-1,1.44510183,5.880632,1
fields/00079__plt00019__velz.f32__c0011__dt-f32/chunk_0,500000,29,ndzip,primary,0.0737280026,-1,1.48131573,5.736672,1
fields/00080__plt00021__density.f32__c0001__dt-f32/chunk_0,500000,29,ndzip,primary,0.0593920015,-1,30.3407407,0.335872001,1
fields/00080__plt00021__density.f32__c0003__dt-f32/chunk_0,500000,29,ndzip,primary,0.035840001,-1,30.3407407,0.312320001,1
fields/00080__plt00021__density.f32__c0011__dt-f32/chunk_0,500000,29,ndzip,primary,0.0337920003,-1,25.4409938,0.36352,1
fields/00080__plt00021__density.f32__c0007__dt-f32/chunk_0,500000,29,ndzip,primary,0.0716800019,-1,4.19123602,2.073144,1
fields/00080__plt00021__density.f32__c0005__dt-f32/chunk_0,500000,29,ndzip,primary,0.0624639988,-1,30.3407407,0.338943999,1
fields/00080__plt00021__density.f32__c0009__dt-f32/chunk_0,500000,29,ndzip,primary,0.047104001,-1,25.4409938,0.376832001,1
fields/00081__plt00021__tracer0.f32__c0003__dt-f32/chunk_0,500000,30,ndzip shuffle=bit,primary,0.0788479969,-1,3.55247181,2.440192,1
fields/00080__plt00021__density.f32__c0015__dt-f32/chunk_0,500000,29,ndzip,primary,0.0399359986,-1,25.4409938,0.369663999,1
fields/00081__plt00021__tracer0.f32__c0007__dt-f32/chunk_0,500000,35,spratio,primary,0.0907199979,-1,1.78184477,4.798542,1
fields/00081__plt00021__tracer0.f32__c0009__dt-f32/chunk_0,500000,30,ndzip shuffle=bit,primary,0.0798719972,-1,3.55247181,2.441216,1
fields/00080__plt00021__density.f32__c0013__dt-f32/chunk_0,500000,29,ndzip,primary,0.0737280026,-1,25.4409938,0.403456003,1
fields/00081__plt00021__tracer0.f32__c0001__dt-f32/chunk_0,500000,30,ndzip shuffle=bit,primary,0.0808959976,-1,3.55247181,2.44224,1
fields/00081__plt00021__tracer0.f32__c0005__dt-f32/chunk_0,500000,29,ndzip,primary,0.154624,-1,1.63210365,5.294376,1
fields/00082__plt00021__tracer1.f32__c0001__dt-f32/chunk_0,500000,35,spratio,primary,0.081472002,-1,1.77352831,4.81137,1
fields/00081__plt00021__tracer0.f32__c0013__dt-f32/chunk_0,500000,35,spratio,primary,0.237663999,-1,1.78342445,4.941316,1
fields/00081__plt00021__tracer0.f32__c0011__dt-f32/chunk_0,500000,30,ndzip shuffle=bit,primary,0.0788479969,-1,3.55247181,2.440192,1
fields/00081__plt00021__tracer0.f32__c0015__dt-f32/chunk_0,500000,29,ndzip,primary,0.088064,-1,1.62509202,5.249992,1
fields/00082__plt00021__tracer1.f32__c0003__dt-f32/chunk_0,500000,29,ndzip,primary,0.0972800031,-1,1.61879488,5.279288,1
fields/00082__plt00021__tracer1.f32__c0005__dt-f32/chunk_0,500000,30,ndzip shuffle=bit,primary,0.111616001,-1,3.55247181,2.47296,1
fields/00082__plt00021__tracer1.f32__c0009__dt-f32/chunk_0,500000,29,ndzip,primary,0.128000006,-1,1.62062879,5.30414401,1
fields/00082__plt00021__tracer1.f32__c0007__dt-f32/chunk_0,500000,30,ndzip shuffle=bit,primary,0.113664001,-1,3.55247181,2.475008,1
fields/00082__plt00021__tracer1.f32__c0011__dt-f32/chunk_0,500000,29,ndzip,primary,0.0716800019,-1,1.62773579,5.225224,1
fields/00083__plt00021__tracer2.f32__c0001__dt-f32/chunk_0,500000,30,ndzip shuffle=bit,primary,0.130048007,-1,3.55247181,2.49139201,1
fields/00083__plt00021__tracer2.f32__c0005__dt-f32/chunk_0,500000,35,spratio,primary,0.231104001,-1,1.77573357,4.955128,1
fields/00082__plt00021__tracer1.f32__c0013__dt-f32/chunk_0,500000,30,ndzip shuffle=bit,primary,0.0819199979,-1,3.55247181,2.443264,1
fields/00083__plt00021__tracer2.f32__c0003__dt-f32/chunk_0,500000,30,ndzip shuffle=bit,primary,0.147456005,-1,3.55247181,2.50880001,1
fields/00082__plt00021__tracer1.f32__c0015__dt-f32/chunk_0,500000,30,ndzip shuffle=bit,primary,0.0839679986,-1,3.55247181,2.445312,1
fields/00083__plt00021__tracer2.f32__c0007__dt-f32/chunk_0,500000,29,ndzip,primary,0.074752003,-1,1.639681,5.190752,1
fields/00084__plt00021__velz.f32__c0001__dt-f32/chunk_0,500000,29,ndzip,primary,0.0696320012,-1,1.45676628,5.828008,1
fields/00083__plt00021__tracer2.f32__c0015__dt-f32/chunk_0,500000,29,ndzip,primary,0.0737280026,-1,1.62509202,5.235656,1
fields/00084__plt00021__velz.f32__c0003__dt-f32/chunk_0,500000,29,ndzip,primary,0.0706560016,-1,1.48076556,5.735704,1
fields/00083__plt00021__tracer2.f32__c0009__dt-f32/chunk_0,500000,39,spspeed shuffle=bit,primary,0.154272005,-1,3.9762014,2.263976,1
fields/00083__plt00021__tracer2.f32__c0011__dt-f32/chunk_0,500000,30,ndzip shuffle=bit,primary,0.123903997,-1,3.55247181,2.485248,1
fields/00083__plt00021__tracer2.f32__c0013__dt-f32/chunk_0,500000,38,spspeed,primary,0.417856008,-1,1.65345418,5.49124001,1
fields/00084__plt00021__velz.f32__c0009__dt-f32/chunk_0,500000,29,ndzip,primary,0.0952320024,-1,1.45411985,5.864088,1
fields/00084__plt00021__velz.f32__c0005__dt-f32/chunk_0,500000,29,ndzip,primary,0.0686080009,-1,1.49341932,5.685656,1
fields/00084__plt00021__velz.f32__c0007__dt-f32/chunk_0,500000,29,ndzip,primary,0.0901120007,-1,1.4393038,5.918352,1
fields/00084__plt00021__velz.f32__c0011__dt-f32/chunk_0,500000,29,ndzip,primary,0.0727040023,-1,1.48180138,5.733792,1
fields/00084__plt00021__velz.f32__c0013__dt-f32/chunk_0,500000,29,ndzip,primary,0.0931840017,-1,1.45694238,5.850864,1
fields/00084__plt00021__velz.f32__c0015__dt-f32/chunk_0,500000,29,ndzip,primary,0.110592,-1,1.44638753,5.910288,1
fields/00085__plt00023__density.f32__c0001__dt-f32/chunk_0,500000,29,ndzip,primary,0.0348160006,-1,30.3407407,0.311296001,1
fields/00085__plt00023__density.f32__c0003__dt-f32/chunk_0,500000,29,ndzip,primary,0.0788479969,-1,30.3407407,0.355327997,1
fields/00085__plt00023__density.f32__c0005__dt-f32/chunk_0,500000,29,ndzip,primary,0.0716800019,-1,30.3407407,0.348160002,1
fields/00085__plt00023__density.f32__c0007__dt-f32/chunk_0,500000,29,ndzip,primary,0.0675840005,-1,4.12338183,2.101984,1
fields/00085__plt00023__density.f32__c0009__dt-f32/chunk_0,500000,29,ndzip,primary,0.0737280026,-1,25.4409938,0.403456003,1
fields/00085__plt00023__density.f32__c0011__dt-f32/chunk_0,500000,29,ndzip,primary,0.035840001,-1,25.4409938,0.365568001,1
fields/00085__plt00023__density.f32__c0013__dt-f32/chunk_0,500000,29,ndzip,primary,0.0389119983,-1,25.4409938,0.368639998,1
fields/00085__plt00023__density.f32__c0015__dt-f32/chunk_0,500000,29,ndzip,primary,0.0348160006,-1,25.4409938,0.364544001,1
fields/00086__plt00023__tracer0.f32__c0011__dt-f32/chunk_0,500000,30,ndzip shuffle=bit,primary,0.159743994,-1,3.55247181,2.52108799,1
fields/00086__plt00023__tracer0.f32__c0001__dt-f32/chunk_0,500000,30,ndzip shuffle=bit,primary,0.148479998,-1,3.55247181,2.509824,1
fields/00086__plt00023__tracer0.f32__c0005__dt-f32/chunk_0,500000,29,ndzip,primary,0.084991999,-1,1.63210365,5.224744,1
fields/00086__plt00023__tracer0.f32__c0003__dt-f32/chunk_0,500000,30,ndzip shuffle=bit,primary,0.105471998,-1,3.55247181,2.466816,1
fields/00086__plt00023__tracer0.f32__c0007__dt-f32/chunk_0,500000,35,spratio,primary,0.222176,-1,1.78184477,4.929998,1
fields/00086__plt00023__tracer0.f32__c0009__dt-f32/chunk_0,500000,30,ndzip shuffle=bit,primary,0.126975998,-1,3.55247181,2.48832,1
fields/00087__plt00023__tracer1.f32__c0011__dt-f32/chunk_0,500000,35,spratio,primary,0.313663989,-1,1.77053817,5.05154999,1
fields/00086__plt00023__tracer0.f32__c0015__dt-f32/chunk_0,500000,29,ndzip,primary,0.0839679986,-1,1.62509202,5.245896,1
fields/00086__plt00023__tracer0.f32__c0013__dt-f32/chunk_0,500000,35,spratio,primary,0.328832,-1,1.78342445,5.032484,1
fields/00087__plt00023__tracer1.f32__c0001__dt-f32/chunk_0,500000,29,ndzip,primary,0.084991999,-1,1.6246086,5.248456,1
fields/00087__plt00023__tracer1.f32__c0003__dt-f32/chunk_0,500000,29,ndzip,primary,0.0839679986,-1,1.61879488,5.265976,1
fields/00087__plt00023__tracer1.f32__c0007__dt-f32/chunk_0,500000,30,ndzip shuffle=bit,primary,0.427008003,-1,3.55247181,2.788352,1
fields/00087__plt00023__tracer1.f32__c0005__dt-f32/chunk_0,500000,30,ndzip shuffle=bit,primary,0.084991999,-1,3.55247181,2.446336,1
fields/00087__plt00023__tracer1.f32__c0013__dt-f32/chunk_0,500000,30,ndzip shuffle=bit,primary,0.0808959976,-1,3.55247181,2.44224,1
fields/00087__plt00023__tracer1.f32__c0015__dt-f32/chunk_0,500000,30,ndzip shuffle=bit,primary,0.0808959976,-1,3.55247181,2.44224,1
fields/00088__plt00023__tracer2.f32__c0001__dt-f32/chunk_0,500000,30,ndzip shuffle=bit,primary,0.103423998,-1,3.55247181,2.464768,1
fields/00087__plt00023__tracer1.f32__c0009__dt-f32/chunk_0,500000,35,spratio,primary,0.423904002,-1,1.76718722,5.170774,1
fields/00088__plt00023__tracer2.f32__c0003__dt-f32/chunk_0,500000,30,ndzip shuffle=bit,primary,0.0962560028,-1,3.55247181,2.4576,1
fields/00088__plt00023__tracer2.f32__c0005__dt-f32/chunk_0,500000,29,ndzip,primary,0.0706560016,-1,1.63210365,5.210408,1
fields/00088__plt00023__tracer2.f32__c0009__dt-f32/chunk_0,500000,30,ndzip shuffle=bit,primary,0.141312003,-1,3.55247181,2.502656,1
fields/00089__plt00023__velz.f32__c0007__dt-f32/chunk_0,500000,29,ndzip,primary,0.0675840005,-1,1.43660818,5.90676,1
fields/00088__plt00023__tracer2.f32__c0007__dt-f32/chunk_0,500000,29,ndzip,primary,0.191487998,-1,1.639681,5.307488,1
fields/00088__plt00023__tracer2.f32__c0011__dt-f32/chunk_0,500000,30,ndzip shuffle=bit,primary,0.0819199979,-1,3.55247181,2.443264,1
fields/00088__plt00023__tracer2.f32__c0013__dt-f32/chunk_0,500000,35,spratio,primary,0.0860479996,-1,1.78342445,4.7897,1
fields/00088__plt00023__tracer2.f32__c0015__dt-f32/chunk_0,500000,29,ndzip,primary,0.0788479969,-1,1.62509202,5.240776,1
fields/00089__plt00023__velz.f32__c0003__dt-f32/chunk_0,500000,29,ndzip,primary,0.088064,-1,1.48202966,5.74828,1
fields/00089__plt00023__velz.f32__c0001__dt-f32/chunk_0,500000,29,ndzip,primary,0.0860159993,-1,1.45828981,5.838376,1
fields/00089__plt00023__velz.f32__c0005__dt-f32/chunk_0,500000,29,ndzip,primary,0.0890880004,-1,1.49157538,5.71308,1
fields/00089__plt00023__velz.f32__c0013__dt-f32/chunk_0,500000,29,ndzip,primary,0.074752003,-1,1.4584318,5.826552,1
fields/00089__plt00023__velz.f32__c0009__dt-f32/chunk_0,500000,29,ndzip,primary,0.0778239965,-1,1.45049917,5.86108,1
fields/00089__plt00023__velz.f32__c0015__dt-f32/chunk_0,500000,29,ndzip,primary,0.0757760033,-1,1.44790942,5.869376,1
fields/00089__plt00023__velz.f32__c0011__dt-f32/chunk_0,500000,29,ndzip,primary,0.0727040023,-1,1.48359813,5.726936,1
fields/00090__plt00026__density.f32__c0001__dt-f32/chunk_0,500000,29,ndzip,primary,0.0337920003,-1,30.3407407,0.310272,1
fields/00090__plt00026__density.f32__c0009__dt-f32/chunk_0,500000,29,ndzip,primary,0.047104001,-1,25.4409938,0.376832001,1
fields/00090__plt00026__density.f32__c0003__dt-f32/chunk_0,500000,29,ndzip,primary,0.0378880017,-1,30.3407407,0.314368002,1
fields/00090__plt00026__density.f32__c0005__dt-f32/chunk_0,500000,29,ndzip,primary,0.0368640013,-1,30.3407407,0.313344001,1
fields/00090__plt00026__density.f32__c0007__dt-f32/chunk_0,500000,29,ndzip,primary,0.0716800019,-1,4.03425696,2.151024,1
fields/00090__plt00026__density.f32__c0011__dt-f32/chunk_0,500000,29,ndzip,primary,0.0368640013,-1,25.4409938,0.366592001,1
fields/00090__plt00026__density.f32__c0015__dt-f32/chunk_0,500000,29,ndzip,primary,0.103423998,-1,25.4409938,0.433151998,1
fields/00090__plt00026__density.f32__c0013__dt-f32/chunk_0,500000,29,ndzip,primary,0.0389119983,-1,25.4409938,0.368639998,1
fields/00091__plt00026__tracer0.f32__c0001__dt-f32/chunk_0,500000,30,ndzip shuffle=bit,primary,0.120832004,-1,3.55247181,2.482176,1
fields/00091__plt00026__tracer0.f32__c0007__dt-f32/chunk_0,500000,29,ndzip,primary,0.0808959976,-1,1.639681,5.196896,1
fields/00091__plt00026__tracer0.f32__c0005__dt-f32/chunk_0,500000,35,spratio,primary,0.261536002,-1,1.77573357,4.98556,1
fields/00091__plt00026__tracer0.f32__c0003__dt-f32/chunk_0,500000,30,ndzip shuffle=bit,primary,0.0819199979,-1,3.55247181,2.443264,1
fields/00091__plt00026__tracer0.f32__c0009__dt-f32/chunk_0,500000,30,ndzip shuffle=bit,primary,0.0819199979,-1,3.55247181,2.443264,1
fields/00091__plt00026__tracer0.f32__c0011__dt-f32/chunk_0,500000,30,ndzip shuffle=bit,primary,0.0768000036,-1,3.55247181,2.438144,1
fields/00091__plt00026__tracer0.f32__c0013__dt-f32/chunk_0,500000,29,ndzip,primary,0.0808959976,-1,1.636352,5.207304,1
fields/00092__plt00026__tracer1.f32__c0005__dt-f32/chunk_0,500000,30,ndzip shuffle=bit,primary,0.0819199979,-1,3.55247181,2.443264,1
fields/00092__plt00026__tracer1.f32__c0001__dt-f32/chunk_0,500000,35,spratio,primary,0.274367988,-1,1.77352831,5.00426599,1
fields/00092__plt00026__tracer1.f32__c0003__dt-f32/chunk_0,500000,35,spratio,primary,0.277119994,-1,1.76687753,5.02482199,1
fields/00091__plt00026__tracer0.f32__c0015__dt-f32/chunk_0,500000,29,ndzip,primary,0.0788479969,-1,1.62509202,5.240776,1
fields/00092__plt00026__tracer1.f32__c0007__dt-f32/chunk_0,500000,30,ndzip shuffle=bit,primary,0.0808959976,-1,3.55247181,2.44224,1
fields/00092__plt00026__tracer1.f32__c0013__dt-f32/chunk_0,500000,30,ndzip shuffle=bit,primary,0.123903997,-1,3.55247181,2.485248,1
fields/00092__plt00026__tracer1.f32__c0009__dt-f32/chunk_0,500000,29,ndzip,primary,0.074752003,-1,1.62062879,5.250896,1
fields/00093__plt00026__tracer2.f32__c0003__dt-f32/chunk_0,500000,39,spspeed shuffle=bit,primary,0.202176005,-1,3.9762014,2.31188,1
fields/00092__plt00026__tracer1.f32__c0011__dt-f32/chunk_0,500000,29,ndzip,primary,0.131072,-1,1.62773579,5.284616,1
fields/00093__plt00026__tracer2.f32__c0001__dt-f32/chunk_0,500000,30,ndzip shuffle=bit,primary,0.0808959976,-1,3.55247181,2.44224,1
fields/00093__plt00026__tracer2.f32__c0005__dt-f32/chunk_0,500000,29,ndzip,primary,0.106495999,-1,1.63210365,5.246248,1
fields/00092__plt00026__tracer1.f32__c0015__dt-f32/chunk_0,500000,30,ndzip shuffle=bit,primary,0.0829439983,-1,3.55247181,2.444288,1
fields/00093__plt00026__tracer2.f32__c0007__dt-f32/chunk_0,500000,29,ndzip,primary,0.103423998,-1,1.639681,5.219424,1
fields/00093__plt00026__tracer2.f32__c0009__dt-f32/chunk_0,500000,30,ndzip shuffle=bit,primary,0.084991999,-1,3.55247181,2.446336,1
fields/00093__plt00026__tracer2.f32__c0011__dt-f32/chunk_0,500000,30,ndzip shuffle=bit,primary,0.0921600014,-1,3.55247181,2.453504,1
fields/00094__plt00026__velz.f32__c0001__dt-f32/chunk_0,500000,29,ndzip,primary,0.0757760033,-1,1.46005233,5.821192,1
fields/00094__plt00026__velz.f32__c0009__dt-f32/chunk_0,500000,35,spratio,primary,0.532736003,-1,1.54420301,5.965058,1
fields/00093__plt00026__tracer2.f32__c0015__dt-f32/chunk_0,500000,35,spratio,primary,0.0915519968,-1,1.77308671,4.822628,1
fields/00093__plt00026__tracer2.f32__c0013__dt-f32/chunk_0,500000,29,ndzip,primary,0.0890880004,-1,1.636352,5.215496,1
fields/00094__plt00026__velz.f32__c0003__dt-f32/chunk_0,500000,29,ndzip,primary,0.0706560016,-1,1.48335677,5.725808,1
fields/00094__plt00026__velz.f32__c0005__dt-f32/chunk_0,500000,29,ndzip,primary,0.088064,-1,1.48822,5.724736,1
fields/00095__plt00028__density.f32__c0003__dt-f32/chunk_0,500000,29,ndzip,primary,0.0716800019,-1,30.3407407,0.348160002,1
fields/00095__plt00028__density.f32__c0001__dt-f32/chunk_0,500000,29,ndzip,primary,0.0348160006,-1,30.3407407,0.311296001,1
fields/00094__plt00026__velz.f32__c0011__dt-f32/chunk_0,500000,29,ndzip,primary,0.0655359998,-1,1.48592968,5.710896,1
fields/00094__plt00026__velz.f32__c0007__dt-f32/chunk_0,500000,29,ndzip,primary,0.13312,-1,1.4346289,5.980352,1
fields/00094__plt00026__velz.f32__c0015__dt-f32/chunk_0,500000,29,ndzip,primary,0.0737280026,-1,1.44979724,5.859784,1
fields/00095__plt00028__density.f32__c0005__dt-f32/chunk_0,500000,29,ndzip,primary,0.0378880017,-1,30.3407407,0.314368002,1
fields/00094__plt00026__velz.f32__c0013__dt-f32/chunk_0,500000,29,ndzip,primary,0.0839679986,-1,1.46120595,5.824848,1
fields/00095__plt00028__density.f32__c0007__dt-f32/chunk_0,500000,29,ndzip,primary,0.0890880004,-1,3.9882548,2.192416,1
fields/00095__plt00028__density.f32__c0009__dt-f32/chunk_0,500000,29,ndzip,primary,0.0430079997,-1,25.4409938,0.372736,1
fields/00095__plt00028__density.f32__c0011__dt-f32/chunk_0,500000,29,ndzip,primary,0.0337920003,-1,25.4409938,0.36352,1
fields/00095__plt00028__density.f32__c0013__dt-f32/chunk_0,500000,29,ndzip,primary,0.0337920003,-1,25.4409938,0.36352,1
fields/00096__plt00028__tracer0.f32__c0001__dt-f32/chunk_0,500000,30,ndzip shuffle=bit,primary,0.121855997,-1,3.55247181,2.4832,1
fields/00095__plt00028__density.f32__c0015__dt-f32/chunk_0,500000,29,ndzip,primary,0.0624639988,-1,25.4409938,0.392191999,1
fields/00096__plt00028__tracer0.f32__c0003__dt-f32/chunk_0,500000,30,ndzip shuffle=bit,primary,0.0819199979,-1,3.55247181,2.443264,1
fields/00096__plt00028__tracer0.f32__c0009__dt-f32/chunk_0,500000,30,ndzip shuffle=bit,primary,0.0839679986,-1,3.55247181,2.445312,1
fields/00096__plt00028__tracer0.f32__c0007__dt-f32/chunk_0,500000,29,ndzip,primary,0.0788479969,-1,1.639681,5.194848,1
fields/00096__plt00028__tracer0.f32__c0005__dt-f32/chunk_0,500000,35,spratio,primary,0.0877119973,-1,1.77573357,4.811736,1
fields/00096__plt00028__tracer0.f32__c0011__dt-f32/chunk_0,500000,30,ndzip shuffle=bit,primary,0.0921600014,-1,3.55247181,2.453504,1
fields/00096__plt00028__tracer0.f32__c0013__dt-f32/chunk_0,500000,35,spratio,primary,0.102080002,-1,1.78342445,4.805732,1
fields/00096__plt00028__tracer0.f32__c0015__dt-f32/chunk_0,500000,29,ndzip,primary,0.0778239965,-1,1.62509202,5.239752,1
fields/00097__plt00028__tracer1.f32__c0001__dt-f32/chunk_0,500000,29,ndzip,primary,0.074752003,-1,1.6246086,5.238216,1
fields/00097__plt00028__tracer1.f32__c0005__dt-f32/chunk_0,500000,30,ndzip shuffle=bit,primary,0.108543999,-1,3.55247181,2.469888,1
fields/00097__plt00028__tracer1.f32__c0003__dt-f32/chunk_0,500000,35,spratio,primary,0.110048003,-1,1.76687753,4.85775,1
fields/00097__plt00028__tracer1.f32__c0007__dt-f32/chunk_0,500000,30,ndzip shuffle=bit,primary,0.118784003,-1,3.55247181,2.480128,1
fields/00097__plt00028__tracer1.f32__c0015__dt-f32/chunk_0,500000,30,ndzip shuffle=bit,primary,0.114688002,-1,3.55247181,2.476032,1
fields/00097__plt00028__tracer1.f32__c0013__dt-f32/chunk_0,500000,30,ndzip shuffle=bit,primary,0.0808959976,-1,3.55247181,2.44224,1
fields/00097__plt00028__tracer1.f32__c0009__dt-f32/chunk_0,500000,29,ndzip,primary,0.0798719972,-1,1.62062879,5.256016,1
fields/00097__plt00028__tracer1.f32__c0011__dt-f32/chunk_0,500000,29,ndzip,primary,0.0921600014,-1,1.62773579,5.245704,1
fields/00098__plt00028__tracer2.f32__c0003__dt-f32/chunk_0,500000,30,ndzip shuffle=bit,primary,0.0819199979,-1,3.55247181,2.443264,1
fields/00098__plt00028__tracer2.f32__c0009__dt-f32/chunk_0,500000,30,ndzip shuffle=bit,primary,0.143360004,-1,3.55247181,2.504704,1
fields/00098__plt00028__tracer2.f32__c0001__dt-f32/chunk_0,500000,30,ndzip shuffle=bit,primary,0.0890880004,-1,3.55247181,2.450432,1
fields/00098__plt00028__tracer2.f32__c0005__dt-f32/chunk_0,500000,29,ndzip,primary,0.114688002,-1,1.63210365,5.25444,1
fields/00098__plt00028__tracer2.f32__c0007__dt-f32/chunk_0,500000,35,spratio,primary,0.233408004,-1,1.78184477,4.94123,1
fields/00098__plt00028__tracer2.f32__c0015__dt-f32/chunk_0,500000,29,ndzip,primary,0.0706560016,-1,1.62509202,5.232584,1
fields/00098__plt00028__tracer2.f32__c0011__dt-f32/chunk_0,500000,30,ndzip shuffle=bit,primary,0.0829439983,-1,3.55247181,2.444288,1
fields/00098__plt00028__tracer2.f32__c0013__dt-f32/chunk_0,500000,35,spratio,primary,0.100832,-1,1.78342445,4.804484,1
fields/00099__plt00028__velz.f32__c0001__dt-f32/chunk_0,500000,29,ndzip,primary,0.0737280026,-1,1.46117133,5.814744,1
fields/00099__plt00028__velz.f32__c0005__dt-f32/chunk_0,500000,29,ndzip,primary,0.0901120007,-1,1.48671131,5.732504,1
fields/00099__plt00028__velz.f32__c0013__dt-f32/chunk_0,500000,29,ndzip,primary,0.0993279964,-1,1.46262249,5.834648,1
fields/00099__plt00028__velz.f32__c0003__dt-f32/chunk_0,500000,29,ndzip,primary,0.0870399997,-1,1.48498903,5.735976,1
fields/00099__plt00028__velz.f32__c0007__dt-f32/chunk_0,500000,35,spratio,primary,0.243936002,-1,1.5372924,5.700678,1
fields/00099__plt00028__velz.f32__c0009__dt-f32/chunk_0,500000,29,ndzip,primary,0.144383997,-1,1.44254717,5.95952,1
fields/00099__plt00028__velz.f32__c0015__dt-f32/chunk_0,500000,29,ndzip,primary,0.109568,-1,1.45068981,5.892064,1
fields/00099__plt00028__velz.f32__c0011__dt-f32/chunk_0,500000,29,ndzip,primary,0.0727040023,-1,1.48703811,5.713856,1
fields/00100__plt00031__density.f32__c0001__dt-f32/chunk_0,500000,29,ndzip,primary,0.035840001,-1,30.3407407,0.312320001,1
fields/00100__plt00031__density.f32__c0003__dt-f32/chunk_0,500000,29,ndzip,primary,0.0337920003,-1,30.3407407,0.310272,1
fields/00100__plt00031__density.f32__c0005__dt-f32/chunk_0,500000,29,ndzip,primary,0.109568,-1,30.3407407,0.386048,1
fields/00100__plt00031__density.f32__c0011__dt-f32/chunk_0,500000,29,ndzip,primary,0.0430079997,-1,25.4409938,0.372736,1
fields/00100__plt00031__density.f32__c0007__dt-f32/chunk_0,500000,29,ndzip,primary,0.103423998,-1,3.94202986,2.231416,1
fields/00100__plt00031__density.f32__c0009__dt-f32/chunk_0,500000,29,ndzip,primary,0.0378880017,-1,25.4409938,0.367616002,1
fields/00101__plt00031__tracer0.f32__c0003__dt-f32/chunk_0,500000,30,ndzip shuffle=bit,primary,0.0808959976,-1,3.55247181,2.44224,1
fields/00101__plt00031__tracer0.f32__c0007__dt-f32/chunk_0,500000,35,spratio,primary,0.0849599987,-1,1.78184477,4.792782,1
fields/00100__plt00031__density.f32__c0013__dt-f32/chunk_0,500000,29,ndzip,primary,0.0378880017,-1,25.4409938,0.367616002,1
fields/00100__plt00031__density.f32__c0015__dt-f32/chunk_0,500000,29,ndzip,primary,0.0337920003,-1,25.4409938,0.36352,1
fields/00101__plt00031__tracer0.f32__c0001__dt-f32/chunk_0,500000,30,ndzip shuffle=bit,primary,0.0921600014,-1,3.55247181,2.453504,1
fields/00101__plt00031__tracer0.f32__c0005__dt-f32/chunk_0,500000,29,ndzip,primary,0.0727040023,-1,1.63210365,5.212456,1
fields/00101__plt00031__tracer0.f32__c0009__dt-f32/chunk_0,500000,30,ndzip shuffle=bit,primary,0.0839679986,-1,3.55247181,2.445312,1
fields/00101__plt00031__tracer0.f32__c0013__dt-f32/chunk_0,500000,29,ndzip,primary,0.138239995,-1,1.636352,5.26464799,1
fields/00101__plt00031__tracer0.f32__c0011__dt-f32/chunk_0,500000,30,ndzip shuffle=bit,primary,0.123903997,-1,3.55247181,2.485248,1
fields/00101__plt00031__tracer0.f32__c0015__dt-f32/chunk_0,500000,35,spratio,primary,0.227615997,-1,1.77308671,4.958692,1
fields/00102__plt00031__tracer1.f32__c0001__dt-f32/chunk_0,500000,29,ndzip,primary,0.104447998,-1,1.6246086,5.267912,1
fields/00102__plt00031__tracer1.f32__c0005__dt-f32/chunk_0,500000,30,ndzip shuffle=bit,primary,0.0778239965,-1,3.55247181,2.439168,1
fields/00102__plt00031__tracer1.f32__c0003__dt-f32/chunk_0,500000,29,ndzip,primary,0.0952320024,-1,1.61879488,5.27724,1
fields/00102__plt00031__tracer1.f32__c0009__dt-f32/chunk_0,500000,29,ndzip,primary,0.223232001,-1,1.62062879,5.399376,1
fields/00102__plt00031__tracer1.f32__c0007__dt-f32/chunk_0,500000,30,ndzip shuffle=bit,primary,0.172031999,-1,3.55247181,2.533376,1
fields/00102__plt00031__tracer1.f32__c0011__dt-f32/chunk_0,500000,29,ndzip,primary,0.121855997,-1,1.62773579,5.2754,1
fields/00102__plt00031__tracer1.f32__c0015__dt-f32/chunk_0,500000,30,ndzip shuffle=bit,primary,0.100351997,-1,3.55247181,2.461696,1
fields/00102__plt00031__tracer1.f32__c0013__dt-f32/chunk_0,500000,30,ndzip shuffle=bit,primary,0.0808959976,-1,3.55247181,2.44224,1
fields/00103__plt00031__tracer2.f32__c0001__dt-f32/chunk_0,500000,30,ndzip shuffle=bit,primary,0.0952320024,-1,3.55247181,2.456576,1
fields/00103__plt00031__tracer2.f32__c0003__dt-f32/chunk_0,500000,30,ndzip shuffle=bit,primary,0.0768000036,-1,3.55247181,2.438144,1
fields/00103__plt00031__tracer2.f32__c0005__dt-f32/chunk_0,500000,35,spratio,primary,0.269504011,-1,1.77573357,4.99352801,1
fields/00103__plt00031__tracer2.f32__c0013__dt-f32/chunk_0,500000,35,spratio,primary,0.0825280026,-1,1.78342445,4.78618,1
fields/00103__plt00031__tracer2.f32__c0009__dt-f32/chunk_0,500000,30,ndzip shuffle=bit,primary,0.105471998,-1,3.55247181,2.466816,1
fields/00103__plt00031__tracer2.f32__c0007__dt-f32/chunk_0,500000,35,spratio,primary,0.315488011,-1,1.78184477,5.02331001,1
fields/00104__plt00031__velz.f32__c0001__dt-f32/chunk_0,500000,29,ndzip,primary,0.115712002,-1,1.46317558,5.848864,1
fields/00103__plt00031__tracer2.f32__c0011__dt-f32/chunk_0,500000,30,ndzip shuffle=bit,primary,0.107519999,-1,3.55247181,2.468864,1
fields/00104__plt00031__velz.f32__c0005__dt-f32/chunk_0,500000,29,ndzip,primary,0.0716800019,-1,1.4841735,5.72372,1
fields/00103__plt00031__tracer2.f32__c0015__dt-f32/chunk_0,500000,35,spratio,primary,0.248607993,-1,1.77308671,4.97968399,1
fields/00104__plt00031__velz.f32__c0003__dt-f32/chunk_0,500000,29,ndzip,primary,0.0727040023,-1,1.48829182,5.709104,1
fields/00104__plt00031__velz.f32__c0013__dt-f32/chunk_0,500000,29,ndzip,primary,0.0942080021,-1,1.46433414,5.822824,1
fields/00104__plt00031__velz.f32__c0007__dt-f32/chunk_0,500000,29,ndzip,primary,0.0696320012,-1,1.4322989,5.926376,1
fields/00104__plt00031__velz.f32__c0009__dt-f32/chunk_0,500000,29,ndzip,primary,0.107519999,-1,1.43854162,5.938848,1
fields/00104__plt00031__velz.f32__c0015__dt-f32/chunk_0,500000,29,ndzip,primary,0.0737280026,-1,1.45158548,5.852656,1
fields/00105__plt00035__density.f32__c0005__dt-f32/chunk_0,500000,29,ndzip,primary,0.0327679999,-1,30.3407407,0.309248,1
fields/00104__plt00031__velz.f32__c0011__dt-f32/chunk_0,500000,29,ndzip,primary,0.0675840005,-1,1.48762038,5.706528,1
fields/00105__plt00035__density.f32__c0003__dt-f32/chunk_0,500000,29,ndzip,primary,0.0798719972,-1,30.3407407,0.356351997,1
fields/00105__plt00035__density.f32__c0001__dt-f32/chunk_0,500000,29,ndzip,primary,0.105471998,-1,30.3407407,0.381951998,1
fields/00105__plt00035__density.f32__c0009__dt-f32/chunk_0,500000,29,ndzip,primary,0.0327679999,-1,25.4409938,0.362496,1
fields/00105__plt00035__density.f32__c0007__dt-f32/chunk_0,500000,29,ndzip,primary,0.0901120007,-1,3.89945817,2.241336,1
fields/00105__plt00035__density.f32__c0011__dt-f32/chunk_0,500000,31,ndzip shuffle=byte,primary,0.0757760033,-1,30.0623853,0.354816003,1
fields/00105__plt00035__density.f32__c0013__dt-f32/chunk_0,500000,29,ndzip,primary,0.0706560016,-1,25.4409938,0.400384002,1
fields/00105__plt00035__density.f32__c0015__dt-f32/chunk_0,500000,29,ndzip,primary,0.0389119983,-1,25.4409938,0.368639998,1
fields/00106__plt00035__tracer0.f32__c0001__dt-f32/chunk_0,500000,30,ndzip shuffle=bit,primary,0.145408005,-1,3.55247181,2.506752,1
fields/00106__plt00035__tracer0.f32__c0013__dt-f32/chunk_0,500000,29,ndzip,primary,0.0696320012,-1,1.636352,5.19604,1
fields/00106__plt00035__tracer0.f32__c0003__dt-f32/chunk_0,500000,30,ndzip shuffle=bit,primary,0.0952320024,-1,3.55247181,2.456576,1
fields/00106__plt00035__tracer0.f32__c0011__dt-f32/chunk_0,500000,30,ndzip shuffle=bit,primary,0.153600007,-1,3.55247181,2.51494401,1
fields/00106__plt00035__tracer0.f32__c0005__dt-f32/chunk_0,500000,35,spratio,primary,0.159007996,-1,1.77573357,4.883032,1
fields/00106__plt00035__tracer0.f32__c0007__dt-f32/chunk_0,500000,29,ndzip,primary,0.0716800019,-1,1.639681,5.18768,1
fields/00106__plt00035__tracer0.f32__c0009__dt-f32/chunk_0,500000,39,spspeed shuffle=bit,primary,0.177855998,-1,3.9762014,2.28756,1
fields/00107__plt00035__tracer1.f32__c0001__dt-f32/chunk_0,500000,35,spratio,primary,0.257887989,-1,1.77352831,4.98778599,1
fields/00106__plt00035__tracer0.f32__c0015__dt-f32/chunk_0,500000,35,spratio,primary,0.299519986,-1,1.77308671,5.03059599,1
fields/00107__plt00035__tracer1.f32__c0003__dt-f32/chunk_0,500000,29,ndzip,primary,0.0727040023,-1,1.61879488,5.254712,1
fields/00107__plt00035__tracer1.f32__c0007__dt-f32/chunk_0,500000,30,ndzip shuffle=bit,primary,0.174079999,-1,3.55247181,2.535424,1
fields/00107__plt00035__tracer1.f32__c0005__dt-f32/chunk_0,500000,30,ndzip shuffle=bit,primary,0.0993279964,-1,3.55247181,2.460672,1
fields/00108__plt00035__tracer2.f32__c0003__dt-f32/chunk_0,500000,30,ndzip shuffle=bit,primary,0.137216002,-1,3.55247181,2.49856,1
fields/00108__plt00035__tracer2.f32__c0001__dt-f32/chunk_0,500000,30,ndzip shuffle=bit,primary,0.0911360011,-1,3.55247181,2.45248,1
fields/00107__plt00035__tracer1.f32__c0009__dt-f32/chunk_0,500000,35,spratio,primary,0.270271987,-1,1.76718722,5.01714199,1
fields/00107__plt00035__tracer1.f32__c0011__dt-f32/chunk_0,500000,29,ndzip,primary,0.105471998,-1,1.62773579,5.259016,1
fields/00107__plt00035__tracer1.f32__c0015__dt-f32/chunk_0,500000,30,ndzip shuffle=bit,primary,0.0808959976,-1,3.55247181,2.44224,1
fields/00108__plt00035__tracer2.f32__c0005__dt-f32/chunk_0,500000,29,ndzip,primary,0.0727040023,-1,1.63210365,5.212456,1
fields/00108__plt00035__tracer2.f32__c0009__dt-f32/chunk_0,500000,30,ndzip shuffle=bit,primary,0.0921600014,-1,3.55247181,2.453504,1
fields/00107__plt00035__tracer1.f32__c0013__dt-f32/chunk_0,500000,30,ndzip shuffle=bit,primary,0.132095993,-1,3.55247181,2.49343999,1
fields/00108__plt00035__tracer2.f32__c0011__dt-f32/chunk_0,500000,30,ndzip shuffle=bit,primary,0.0901120007,-1,3.55247181,2.451456,1
fields/00108__plt00035__tracer2.f32__c0015__dt-f32/chunk_0,500000,35,spratio,primary,0.241183996,-1,1.77308671,4.97226,1
fields/00108__plt00035__tracer2.f32__c0007__dt-f32/chunk_0,500000,38,spspeed,primary,0.0664959997,-1,1.65820257,5.125352,1
fields/00108__plt00035__tracer2.f32__c0013__dt-f32/chunk_0,500000,35,spratio,primary,0.0682879984,-1,1.78342445,4.77194,1
fields/00109__plt00035__velz.f32__c0003__dt-f32/chunk_0,500000,29,ndzip,primary,0.0890880004,-1,1.49306207,5.70748,1
fields/00109__plt00035__velz.f32__c0001__dt-f32/chunk_0,500000,29,ndzip,primary,0.0716800019,-1,1.46556828,5.795472,1
fields/00109__plt00035__velz.f32__c0005__dt-f32/chunk_0,500000,29,ndzip,primary,0.0686080009,-1,1.4831029,5.724728,1
fields/00109__plt00035__velz.f32__c0011__dt-f32/chunk_0,500000,29,ndzip,primary,0.0860159993,-1,1.48587704,5.731576,1
fields/00109__plt00035__velz.f32__c0015__dt-f32/chunk_0,500000,29,ndzip,primary,0.0839679986,-1,1.45355544,5.855064,1
fields/00109__plt00035__velz.f32__c0007__dt-f32/chunk_0,500000,29,ndzip,primary,0.074752003,-1,1.43299965,5.928632,1
fields/00109__plt00035__velz.f32__c0009__dt-f32/chunk_0,500000,29,ndzip,primary,0.0778239965,-1,1.43406187,5.927368,1
fields/00109__plt00035__velz.f32__c0013__dt-f32/chunk_0,500000,29,ndzip,primary,0.0819199979,-1,1.46795854,5.796392,1
fields/00110__plt00038__density.f32__c0003__dt-f32/chunk_0,500000,29,ndzip,primary,0.0368640013,-1,30.3407407,0.313344001,1
fields/00110__plt00038__density.f32__c0001__dt-f32/chunk_0,500000,29,ndzip,primary,0.035840001,-1,30.3407407,0.312320001,1
fields/00110__plt00038__density.f32__c0005__dt-f32/chunk_0,500000,29,ndzip,primary,0.0399359986,-1,30.3407407,0.316415999,1
fields/00110__plt00038__density.f32__c0009__dt-f32/chunk_0,500000,29,ndzip,primary,0.0327679999,-1,25.4409938,0.362496,1
fields/00110__plt00038__density.f32__c0007__dt-f32/chunk_0,500000,29,ndzip,primary,0.0675840005,-1,3.88763203,2.225352,1
fields/00110__plt00038__density.f32__c0011__dt-f32/chunk_0,500000,29,ndzip,primary,0.035840001,-1,25.4409938,0.365568001,1
fields/00110__plt00038__density.f32__c0013__dt-f32/chunk_0,500000,29,ndzip,primary,0.0348160006,-1,25.4409938,0.364544001,1
fields/00111__plt00038__tracer0.f32__c0005__dt-f32/chunk_0,500000,35,spratio,primary,0.0600639991,-1,1.77573357,4.784088,1
fields/00111__plt00038__tracer0.f32__c0007__dt-f32/chunk_0,500000,35,spratio,primary,0.112992004,-1,1.78184477,4.820814,1
fields/00111__plt00038__tracer0.f32__c0003__dt-f32/chunk_0,500000,30,ndzip shuffle=bit,primary,0.0972800031,-1,3.55247181,2.458624,1
fields/00111__plt00038__tracer0.f32__c0011__dt-f32/chunk_0,500000,30,ndzip shuffle=bit,primary,0.0808959976,-1,3.55247181,2.44224,1
fields/00111__plt00038__tracer0.f32__c0009__dt-f32/chunk_0,500000,30,ndzip shuffle=bit,primary,0.0829439983,-1,3.55247181,2.444288,1
fields/00110__plt00038__density.f32__c0015__dt-f32/chunk_0,500000,29,ndzip,primary,0.0389119983,-1,25.4409938,0.368639998,1
fields/00111__plt00038__tracer0.f32__c0001__dt-f32/chunk_0,500000,30,ndzip shuffle=bit,primary,0.0860159993,-1,3.55247181,2.44736,1
fields/00111__plt00038__tracer0.f32__c0015__dt-f32/chunk_0,500000,35,spratio,primary,0.226111993,-1,1.77308671,4.95718799,1
fields/00111__plt00038__tracer0.f32__c0013__dt-f32/chunk_0,500000,35,spratio,primary,0.0876799971,-1,1.78342445,4.791332,1
fields/00112__plt00038__tracer1.f32__c0003__dt-f32/chunk_0,500000,29,ndzip,primary,0.0890880004,-1,1.61879488,5.271096,1
fields/00112__plt00038__tracer1.f32__c0007__dt-f32/chunk_0,500000,30,ndzip shuffle=bit,primary,0.111616001,-1,3.55247181,2.47296,1
fields/00112__plt00038__tracer1.f32__c0001__dt-f32/chunk_0,500000,29,ndzip,primary,0.0870399997,-1,1.6246086,5.250504,1
fields/00112__plt00038__tracer1.f32__c0005__dt-f32/chunk_0,500000,30,ndzip shuffle=bit,primary,0.0829439983,-1,3.55247181,2.444288,1
fields/00112__plt00038__tracer1.f32__c0009__dt-f32/chunk_0,500000,35,spratio,primary,0.366176009,-1,1.76718722,5.11304601,1
fields/00112__plt00038__tracer1.f32__c0011__dt-f32/chunk_0,500000,35,spratio,primary,0.329856008,-1,1.77053817,5.06774201,1
fields/00112__plt00038__tracer1.f32__c0013__dt-f32/chunk_0,500000,30,ndzip shuffle=bit,primary,0.0768000036,-1,3.55247181,2.438144,1
fields/00112__plt00038__tracer1.f32__c0015__dt-f32/chunk_0,500000,30,ndzip shuffle=bit,primary,0.0952320024,-1,3.55247181,2.456576,1
fields/00113__plt00038__tracer2.f32__c0001__dt-f32/chunk_0,500000,30,ndzip shuffle=bit,primary,0.0778239965,-1,3.55247181,2.439168,1
fields/00113__plt00038__tracer2.f32__c0007__dt-f32/chunk_0,500000,29,ndzip,primary,0.134143993,-1,1.639681,5.25014399,1
fields/00113__plt00038__tracer2.f32__c0003__dt-f32/chunk_0,500000,30,ndzip shuffle=bit,primary,0.0829439983,-1,3.55247181,2.444288,1
fields/00113__plt00038__tracer2.f32__c0009__dt-f32/chunk_0,500000,30,ndzip shuffle=bit,primary,0.134143993,-1,3.55247181,2.49548799,1
fields/00113__plt00038__tracer2.f32__c0005__dt-f32/chunk_0,500000,35,spratio,primary,0.37836799,-1,1.77573357,5.10239199,1
fields/00113__plt00038__tracer2.f32__c0011__dt-f32/chunk_0,500000,30,ndzip shuffle=bit,primary,0.0778239965,-1,3.55247181,2.439168,1
fields/00113__plt00038__tracer2.f32__c0013__dt-f32/chunk_0,500000,38,spspeed,primary,0.0800639987,-1,1.65345418,5.153448,1
fields/00114__plt00038__velz.f32__c0001__dt-f32/chunk_0,500000,29,ndzip,primary,0.121855997,-1,1.46775923,5.837104,1
fields/00114__plt00038__velz.f32__c0003__dt-f32/chunk_0,500000,29,ndzip,primary,0.0727040023,-1,1.49571573,5.681128,1
fields/00113__plt00038__tracer2.f32__c0015__dt-f32/chunk_0,500000,35,spratio,primary,0.312384009,-1,1.77308671,5.04346001,1
fields/00114__plt00038__velz.f32__c0005__dt-f32/chunk_0,500000,29,ndzip,primary,0.0716800019,-1,1.48284493,5.728784,1
fields/00114__plt00038__velz.f32__c0013__dt-f32/chunk_0,500000,29,ndzip,primary,0.125952005,-1,1.47064945,5.82996801,1
fields/00114__plt00038__velz.f32__c0007__dt-f32/chunk_0,500000,29,ndzip,primary,0.0972800031,-1,1.43378734,5.947944,1
fields/00114__plt00038__velz.f32__c0009__dt-f32/chunk_0,500000,29,ndzip,primary,0.114688002,-1,1.43113772,5.976184,1
fields/00114__plt00038__velz.f32__c0011__dt-f32/chunk_0,500000,29,ndzip,primary,0.084991999,-1,1.48383326,5.738328,1
fields/00114__plt00038__velz.f32__c0015__dt-f32/chunk_0,500000,29,ndzip,primary,0.0839679986,-1,1.45519544,5.84856,1
fields/00115__plt00042__density.f32__c0003__dt-f32/chunk_0,500000,29,ndzip,primary,0.0378880017,-1,30.3407407,0.314368002,1
fields/00115__plt00042__density.f32__c0005__dt-f32/chunk_0,500000,29,ndzip,primary,0.0727040023,-1,30.3407407,0.349184002,1
fields/00115__plt00042__density.f32__c0001__dt-f32/chunk_0,500000,29,ndzip,primary,0.0399359986,-1,30.3407407,0.316415999,1
fields/00115__plt00042__density.f32__c0011__dt-f32/chunk_0,500000,29,ndzip,primary,0.0348160006,-1,25.4409938,0.364544001,1
fields/00115__plt00042__density.f32__c0013__dt-f32/chunk_0,500000,29,ndzip,primary,0.0942080021,-1,25.4409938,0.423936002,1
fields/00115__plt00042__density.f32__c0007__dt-f32/chunk_0,500000,29,ndzip,primary,0.0716800019,-1,3.88920374,2.228576,1
fields/00115__plt00042__density.f32__c0009__dt-f32/chunk_0,500000,29,ndzip,primary,0.0450560004,-1,25.330982,0.376216,1
fields/00115__plt00042__density.f32__c0015__dt-f32/chunk_0,500000,29,ndzip,primary,0.0942080021,-1,25.4409938,0.423936002,1
fields/00116__plt00042__tracer0.f32__c0001__dt-f32/chunk_0,500000,30,ndzip shuffle=bit,primary,0.107519999,-1,3.55247181,2.468864,1
fields/00116__plt00042__tracer0.f32__c0011__dt-f32/chunk_0,500000,30,ndzip shuffle=bit,primary,0.0952320024,-1,3.55247181,2.456576,1
fields/00116__plt00042__tracer0.f32__c0005__dt-f32/chunk_0,500000,29,ndzip,primary,0.0901120007,-1,1.63210365,5.229864,1
fields/00116__plt00042__tracer0.f32__c0003__dt-f32/chunk_0,500000,30,ndzip shuffle=bit,primary,0.0788479969,-1,3.55247181,2.440192,1
fields/00116__plt00042__tracer0.f32__c0009__dt-f32/chunk_0,500000,30,ndzip shuffle=bit,primary,0.117760003,-1,3.55247181,2.479104,1
fields/00116__plt00042__tracer0.f32__c0007__dt-f32/chunk_0,500000,35,spratio,primary,0.416927993,-1,1.78184477,5.12474999,1
fields/00116__plt00042__tracer0.f32__c0013__dt-f32/chunk_0,500000,35,spratio,primary,0.260064006,-1,1.78342445,4.96371601,1
fields/00117__plt00042__tracer1.f32__c0001__dt-f32/chunk_0,500000,29,ndzip,primary,0.0819199979,-1,1.6246086,5.245384,1
fields/00116__plt00042__tracer0.f32__c0015__dt-f32/chunk_0,500000,29,ndzip,primary,0.0768000036,-1,1.62509202,5.238728,1
fields/00117__plt00042__tracer1.f32__c0005__dt-f32/chunk_0,500000,30,ndzip shuffle=bit,primary,0.0778239965,-1,3.55247181,2.439168,1
fields/00117__plt00042__tracer1.f32__c0003__dt-f32/chunk_0,500000,35,spratio,primary,0.0853440017,-1,1.76687753,4.833046,1
fields/00117__plt00042__tracer1.f32__c0007__dt-f32/chunk_0,500000,30,ndzip shuffle=bit,primary,0.0993279964,-1,3.55247181,2.460672,1
fields/00117__plt00042__tracer1.f32__c0013__dt-f32/chunk_0,500000,30,ndzip shuffle=bit,primary,0.0819199979,-1,3.55247181,2.443264,1
fields/00117__plt00042__tracer1.f32__c0009__dt-f32/chunk_0,500000,29,ndzip,primary,0.147456005,-1,1.62062879,5.32360001,1
fields/00117__plt00042__tracer1.f32__c0011__dt-f32/chunk_0,500000,29,ndzip,primary,0.103423998,-1,1.62773579,5.256968,1
fields/00117__plt00042__tracer1.f32__c0015__dt-f32/chunk_0,500000,39,spspeed shuffle=bit,primary,0.301887989,-1,3.9762014,2.41159199,1
fields/00118__plt00042__tracer2.f32__c0001__dt-f32/chunk_0,500000,30,ndzip shuffle=bit,primary,0.0962560028,-1,3.55247181,2.4576,1
fields/00118__plt00042__tracer2.f32__c0005__dt-f32/chunk_0,500000,35,spratio,primary,0.089440003,-1,1.77573357,4.813464,1
fields/00118__plt00042__tracer2.f32__c0009__dt-f32/chunk_0,500000,30,ndzip shuffle=bit,primary,0.110592,-1,3.55247181,2.471936,1
fields/00118__plt00042__tracer2.f32__c0003__dt-f32/chunk_0,500000,30,ndzip shuffle=bit,primary,0.110592,-1,3.55247181,2.471936,1
fields/00118__plt00042__tracer2.f32__c0013__dt-f32/chunk_0,500000,35,spratio,primary,0.0939520001,-1,1.78342445,4.797604,1
fields/00118__plt00042__tracer2.f32__c0015__dt-f32/chunk_0,500000,35,spratio,primary,0.274495989,-1,1.77308671,5.00557199,1
fields/00118__plt00042__tracer2.f32__c0011__dt-f32/chunk_0,500000,30,ndzip shuffle=bit,primary,0.0983040035,-1,3.55247181,2.459648,1
fields/00118__plt00042__tracer2.f32__c0007__dt-f32/chunk_0,500000,29,ndzip,primary,0.0952320024,-1,1.639681,5.211232,1
fields/00119__plt00042__velz.f32__c0001__dt-f32/chunk_0,500000,29,ndzip,primary,0.0757760033,-1,1.47053189,5.780248,1
fields/00119__plt00042__velz.f32__c0005__dt-f32/chunk_0,500000,29,ndzip,primary,0.074752003,-1,1.48511102,5.723224,1
fields/00119__plt00042__velz.f32__c0003__dt-f32/chunk_0,500000,29,ndzip,primary,0.0706560016,-1,1.49835957,5.669184,1
fields/00119__plt00042__velz.f32__c0007__dt-f32/chunk_0,500000,35,spratio,primary,0.294304013,-1,1.53631431,5.75452001,1
fields/00119__plt00042__velz.f32__c0009__dt-f32/chunk_0,500000,29,ndzip,primary,0.0901120007,-1,1.42837916,5.962928,1
fields/00119__plt00042__velz.f32__c0011__dt-f32/chunk_0,500000,29,ndzip,primary,0.102399997,-1,1.48097261,5.766656,1
fields/00119__plt00042__velz.f32__c0013__dt-f32/chunk_0,500000,29,ndzip,primary,0.0686080009,-1,1.47356972,5.76132,1
fields/00120__plt00047__density.f32__c0003__dt-f32/chunk_0,500000,29,ndzip,primary,0.0337920003,-1,30.3407407,0.310272,1
fields/00120__plt00047__density.f32__c0007__dt-f32/chunk_0,500000,29,ndzip,primary,0.0665600002,-1,3.91512432,2.209176,1
fields/00119__plt00042__velz.f32__c0015__dt-f32/chunk_0,500000,29,ndzip,primary,0.0727040023,-1,1.45757425,5.827888,1
fields/00120__plt00047__density.f32__c0001__dt-f32/chunk_0,500000,29,ndzip,primary,0.0716800019,-1,30.3407407,0.348160002,1
fields/00120__plt00047__density.f32__c0005__dt-f32/chunk_0,500000,29,ndzip,primary,0.0348160006,-1,30.3407407,0.311296001,1
fields/00120__plt00047__density.f32__c0009__dt-f32/chunk_0,500000,29,ndzip,primary,0.0460800007,-1,25.12763,0.379920001,1
fields/00120__plt00047__density.f32__c0011__dt-f32/chunk_0,500000,29,ndzip,primary,0.0378880017,-1,25.4409938,0.367616002,1
fields/00120__plt00047__density.f32__c0015__dt-f32/chunk_0,500000,29,ndzip,primary,0.0368640013,-1,25.4409938,0.366592001,1
fields/00120__plt00047__density.f32__c0013__dt-f32/chunk_0,500000,29,ndzip,primary,0.0378880017,-1,25.4409938,0.367616002,1
fields/00121__plt00047__tracer0.f32__c0005__dt-f32/chunk_0,500000,35,spratio,primary,0.232319996,-1,1.77573357,4.956344,1
fields/00121__plt00047__tracer0.f32__c0009__dt-f32/chunk_0,500000,30,ndzip shuffle=bit,primary,0.119808003,-1,3.55247181,2.481152,1
fields/00121__plt00047__tracer0.f32__c0015__dt-f32/chunk_0,500000,35,spratio,primary,0.0946559981,-1,1.77308671,4.825732,1
fields/00121__plt00047__tracer0.f32__c0001__dt-f32/chunk_0,500000,30,ndzip shuffle=bit,primary,0.0798719972,-1,3.55247181,2.441216,1
fields/00121__plt00047__tracer0.f32__c0011__dt-f32/chunk_0,500000,30,ndzip shuffle=bit,primary,0.0808959976,-1,3.55247181,2.44224,1
fields/00121__plt00047__tracer0.f32__c0003__dt-f32/chunk_0,500000,30,ndzip shuffle=bit,primary,0.0798719972,-1,3.55247181,2.441216,1
fields/00121__plt00047__tracer0.f32__c0007__dt-f32/chunk_0,500000,29,ndzip,primary,0.0798719972,-1,1.639681,5.195872,1
fields/00122__plt00047__tracer1.f32__c0007__dt-f32/chunk_0,500000,30,ndzip shuffle=bit,primary,0.0942080021,-1,3.55247181,2.455552,1
fields/00122__plt00047__tracer1.f32__c0003__dt-f32/chunk_0,500000,35,spratio,primary,0.250079989,-1,1.76687753,4.99778199,1
fields/00122__plt00047__tracer1.f32__c0005__dt-f32/chunk_0,500000,30,ndzip shuffle=bit,primary,0.0829439983,-1,3.55247181,2.444288,1
fields/00121__plt00047__tracer0.f32__c0013__dt-f32/chunk_0,500000,38,spspeed,primary,0.279359996,-1,1.65345418,5.352744,1
fields/00122__plt00047__tracer1.f32__c0001__dt-f32/chunk_0,500000,35,spratio,primary,0.296543986,-1,1.77352831,5.02644199,1
fields/00122__plt00047__tracer1.f32__c0013__dt-f32/chunk_0,500000,30,ndzip shuffle=bit,primary,0.112640001,-1,3.55247181,2.473984,1
fields/00122__plt00047__tracer1.f32__c0009__dt-f32/chunk_0,500000,29,ndzip,primary,0.0696320012,-1,1.62062879,5.245776,1
fields/00122__plt00047__tracer1.f32__c0011__dt-f32/chunk_0,500000,29,ndzip,primary,0.168960005,-1,1.62773579,5.32250401,1
fields/00123__plt00047__tracer2.f32__c0001__dt-f32/chunk_0,500000,30,ndzip shuffle=bit,primary,0.104447998,-1,3.55247181,2.465792,1
fields/00122__plt00047__tracer1.f32__c0015__dt-f32/chunk_0,500000,30,ndzip shuffle=bit,primary,0.116736002,-1,3.55247181,2.47808,1
fields/00123__plt00047__tracer2.f32__c0003__dt-f32/chunk_0,500000,30,ndzip shuffle=bit,primary,0.0931840017,-1,3.55247181,2.454528,1
fields/00123__plt00047__tracer2.f32__c0007__dt-f32/chunk_0,500000,29,ndzip,primary,0.0737280026,-1,1.639681,5.189728,1
fields/00123__plt00047__tracer2.f32__c0005__dt-f32/chunk_0,500000,35,spratio,primary,0.0955199972,-1,1.77573357,4.819544,1
fields/00123__plt00047__tracer2.f32__c0011__dt-f32/chunk_0,500000,30,ndzip shuffle=bit,primary,0.0768000036,-1,3.55247181,2.438144,1
fields/00123__plt00047__tracer2.f32__c0009__dt-f32/chunk_0,500000,30,ndzip shuffle=bit,primary,0.0778239965,-1,3.55247181,2.439168,1
fields/00123__plt00047__tracer2.f32__c0013__dt-f32/chunk_0,500000,29,ndzip,primary,0.0860159993,-1,1.636352,5.212424,1
fields/00123__plt00047__tracer2.f32__c0015__dt-f32/chunk_0,500000,35,spratio,primary,0.123167999,-1,1.77308671,4.854244,1
fields/00124__plt00047__velz.f32__c0005__dt-f32/chunk_0,500000,29,ndzip,primary,0.101375997,-1,1.48586652,5.746976,1
fields/00124__plt00047__velz.f32__c0001__dt-f32/chunk_0,500000,29,ndzip,primary,0.0901120007,-1,1.47414977,5.780584,1
fields/00124__plt00047__velz.f32__c0003__dt-f32/chunk_0,500000,29,ndzip,primary,0.0778239965,-1,1.49976543,5.671104,1
fields/00124__plt00047__velz.f32__c0007__dt-f32/chunk_0,500000,29,ndzip,primary,0.0942080021,-1,1.43090531,5.956656,1
fields/00124__plt00047__velz.f32__c0009__dt-f32/chunk_0,500000,29,ndzip,primary,0.084991999,-1,1.42551494,5.969608,1
fields/00124__plt00047__velz.f32__c0011__dt-f32/chunk_0,500000,29,ndzip,primary,0.0737280026,-1,1.47765222,5.750712,1
fields/00125__plt00051__density.f32__c0005__dt-f32/chunk_0,500000,29,ndzip,primary,0.0368640013,-1,30.3407407,0.313344001,1
fields/00125__plt00051__density.f32__c0009__dt-f32/chunk_0,500000,29,ndzip,primary,0.0634879991,-1,24.5545148,0.405119999,1
fields/00124__plt00047__velz.f32__c0013__dt-f32/chunk_0,500000,29,ndzip,primary,0.0829439983,-1,1.47610668,5.765872,1
fields/00125__plt00051__density.f32__c0001__dt-f32/chunk_0,500000,29,ndzip,primary,0.047104001,-1,30.3407407,0.323584001,1
fields/00125__plt00051__density.f32__c0003__dt-f32/chunk_0,500000,29,ndzip,primary,0.0368640013,-1,30.3407407,0.313344001,1
fields/00124__plt00047__velz.f32__c0015__dt-f32/chunk_0,500000,29,ndzip,primary,0.0727040023,-1,1.45884369,5.82288,1
fields/00125__plt00051__density.f32__c0013__dt-f32/chunk_0,500000,29,ndzip,primary,0.0460800007,-1,25.4409938,0.375808001,1
fields/00125__plt00051__density.f32__c0007__dt-f32/chunk_0,500000,29,ndzip,primary,0.0655359998,-1,3.94755051,2.190552,1
fields/00125__plt00051__density.f32__c0011__dt-f32/chunk_0,500000,29,ndzip,primary,0.0460800007,-1,25.4409938,0.375808001,1
fields/00125__plt00051__density.f32__c0015__dt-f32/chunk_0,500000,29,ndzip,primary,0.047104001,-1,25.4409938,0.376832001,1
fields/00126__plt00051__tracer0.f32__c0001__dt-f32/chunk_0,500000,30,ndzip shuffle=bit,primary,0.100351997,-1,3.55247181,2.461696,1
fields/00126__plt00051__tracer0.f32__c0005__dt-f32/chunk_0,500000,35,spratio,primary,0.349375993,-1,1.77573357,5.07339999,1
fields/00127__plt00051__tracer1.f32__c0001__dt-f32/chunk_0,500000,29,ndzip,primary,0.0706560016,-1,1.6246086,5.23412,1
fields/00126__plt00051__tracer0.f32__c0003__dt-f32/chunk_0,500000,30,ndzip shuffle=bit,primary,0.147456005,-1,3.55247181,2.50880001,1
fields/00126__plt00051__tracer0.f32__c0007__dt-f32/chunk_0,500000,38,spspeed,primary,0.053952001,-1,1.65820257,5.112808,1
fields/00126__plt00051__tracer0.f32__c0009__dt-f32/chunk_0,500000,30,ndzip shuffle=bit,primary,0.0808959976,-1,3.55247181,2.44224,1
fields/00126__plt00051__tracer0.f32__c0011__dt-f32/chunk_0,500000,30,ndzip shuffle=bit,primary,0.119808003,-1,3.55247181,2.481152,1
fields/00126__plt00051__tracer0.f32__c0013__dt-f32/chunk_0,500000,35,spratio,primary,0.603839993,-1,1.78342445,5.30749199,1
fields/00126__plt00051__tracer0.f32__c0015__dt-f32/chunk_0,500000,35,spratio,primary,0.223616004,-1,1.77308671,4.954692,1
fields/00127__plt00051__tracer1.f32__c0003__dt-f32/chunk_0,500000,29,ndzip,primary,0.0655359998,-1,1.61879488,5.247544,1
fields/00127__plt00051__tracer1.f32__c0005__dt-f32/chunk_0,500000,30,ndzip shuffle=bit,primary,0.0942080021,-1,3.55247181,2.455552,1
fields/00127__plt00051__tracer1.f32__c0007__dt-f32/chunk_0,500000,30,ndzip shuffle=bit,primary,0.0993279964,-1,3.55247181,2.460672,1
fields/00127__plt00051__tracer1.f32__c0009__dt-f32/chunk_0,500000,35,spratio,primary,0.468576014,-1,1.76718722,5.21544601,1
fields/00127__plt00051__tracer1.f32__c0011__dt-f32/chunk_0,500000,35,spratio,primary,0.385632008,-1,1.77053817,5.12351801,1
fields/00127__plt00051__tracer1.f32__c0013__dt-f32/chunk_0,500000,30,ndzip shuffle=bit,primary,0.0798719972,-1,3.55247181,2.441216,1
fields/00128__plt00051__tracer2.f32__c0001__dt-f32/chunk_0,500000,30,ndzip shuffle=bit,primary,0.13312,-1,3.55247181,2.494464,1
fields/00127__plt00051__tracer1.f32__c0015__dt-f32/chunk_0,500000,30,ndzip shuffle=bit,primary,0.130048007,-1,3.55247181,2.49139201,1
fields/00128__plt00051__tracer2.f32__c0003__dt-f32/chunk_0,500000,30,ndzip shuffle=bit,primary,0.0768000036,-1,3.55247181,2.438144,1
fields/00128__plt00051__tracer2.f32__c0009__dt-f32/chunk_0,500000,30,ndzip shuffle=bit,primary,0.0819199979,-1,3.55247181,2.443264,1
fields/00128__plt00051__tracer2.f32__c0013__dt-f32/chunk_0,500000,35,spratio,primary,0.449184,-1,1.78342445,5.152836,1
fields/00128__plt00051__tracer2.f32__c0005__dt-f32/chunk_0,500000,29,ndzip,primary,0.0798719972,-1,1.63210365,5.219624,1
fields/00128__plt00051__tracer2.f32__c0011__dt-f32/chunk_0,500000,30,ndzip shuffle=bit,primary,0.0778239965,-1,3.55247181,2.439168,1
fields/00128__plt00051__tracer2.f32__c0015__dt-f32/chunk_0,500000,29,ndzip,primary,0.084991999,-1,1.62509202,5.24692,1
fields/00128__plt00051__tracer2.f32__c0007__dt-f32/chunk_0,500000,35,spratio,primary,0.234720007,-1,1.78184477,4.94254201,1
fields/00129__plt00051__velz.f32__c0001__dt-f32/chunk_0,500000,29,ndzip,primary,0.0942080021,-1,1.47740655,5.772136,1
fields/00129__plt00051__velz.f32__c0005__dt-f32/chunk_0,500000,29,ndzip,primary,0.0675840005,-1,1.48409158,5.719936,1
fields/00129__plt00051__velz.f32__c0003__dt-f32/chunk_0,500000,29,ndzip,primary,0.0808959976,-1,1.49970752,5.674392,1
fields/00129__plt00051__velz.f32__c0007__dt-f32/chunk_0,500000,35,spratio,primary,0.235103995,-1,1.53603131,5.69632599,1
fields/00129__plt00051__velz.f32__c0011__dt-f32/chunk_0,500000,29,ndzip,primary,0.0870399997,-1,1.47558945,5.77196,1
fields/00129__plt00051__velz.f32__c0015__dt-f32/chunk_0,500000,29,ndzip,primary,0.0798719972,-1,1.46052617,5.823424,1
fields/00129__plt00051__velz.f32__c0013__dt-f32/chunk_0,500000,29,ndzip,primary,0.0890880004,-1,1.47771885,5.765816,1
fields/00129__plt00051__velz.f32__c0009__dt-f32/chunk_0,500000,29,ndzip,primary,0.0778239965,-1,1.42283205,5.973536,1
fields/00130__plt00056__density.f32__c0001__dt-f32/chunk_0,500000,29,ndzip,primary,0.0348160006,-1,30.3407407,0.311296001,1
fields/00130__plt00056__density.f32__c0003__dt-f32/chunk_0,500000,29,ndzip,primary,0.0337920003,-1,30.3407407,0.310272,1
fields/00130__plt00056__density.f32__c0005__dt-f32/chunk_0,500000,29,ndzip,primary,0.0522239991,-1,30.0779072,0.331119999,1
fields/00130__plt00056__density.f32__c0009__dt-f32/chunk_0,500000,29,ndzip,primary,0.0665600002,-1,24.1629643,0.413728,1
fields/00130__plt00056__density.f32__c0007__dt-f32/chunk_0,500000,29,ndzip,primary,0.0716800019,-1,3.99594528,2.17096,1
fields/00130__plt00056__density.f32__c0011__dt-f32/chunk_0,500000,29,ndzip,primary,0.0460800007,-1,25.4409938,0.375808001,1
fields/00130__plt00056__density.f32__c0015__dt-f32/chunk_0,500000,29,ndzip,primary,0.0327679999,-1,25.4409938,0.362496,1
fields/00131__plt00056__tracer0.f32__c0001__dt-f32/chunk_0,500000,30,ndzip shuffle=bit,primary,0.135168001,-1,3.55247181,2.496512,1
fields/00131__plt00056__tracer0.f32__c0003__dt-f32/chunk_0,500000,30,ndzip shuffle=bit,primary,0.164864004,-1,3.55247181,2.526208,1
fields/00131__plt00056__tracer0.f32__c0005__dt-f32/chunk_0,500000,35,spratio,primary,0.245568007,-1,1.77573357,4.96959201,1
fields/00130__plt00056__density.f32__c0013__dt-f32/chunk_0,500000,29,ndzip,primary,0.0450560004,-1,25.4409938,0.374784,1
fields/00131__plt00056__tracer0.f32__c0007__dt-f32/chunk_0,500000,29,ndzip,primary,0.0757760033,-1,1.639681,5.191776,1
fields/00131__plt00056__tracer0.f32__c0011__dt-f32/chunk_0,500000,30,ndzip shuffle=bit,primary,0.0860159993,-1,3.55247181,2.44736,1
fields/00131__plt00056__tracer0.f32__c0009__dt-f32/chunk_0,500000,30,ndzip shuffle=bit,primary,0.151552007,-1,3.55247181,2.51289601,1
fields/00131__plt00056__tracer0.f32__c0013__dt-f32/chunk_0,500000,35,spratio,primary,0.203935996,-1,1.78342445,4.907588,1
fields/00131__plt00056__tracer0.f32__c0015__dt-f32/chunk_0,500000,29,ndzip,primary,0.0716800019,-1,1.62509202,5.233608,1
fields/00132__plt00056__tracer1.f32__c0001__dt-f32/chunk_0,500000,35,spratio,primary,0.120288,-1,1.77352831,4.850186,1
fields/00132__plt00056__tracer1.f32__c0003__dt-f32/chunk_0,500000,29,ndzip,primary,0.0706560016,-1,1.61879488,5.252664,1
fields/00132__plt00056__tracer1.f32__c0009__dt-f32/chunk_0,500000,35,spratio,primary,0.199072003,-1,1.76718722,4.945942,1
fields/00132__plt00056__tracer1.f32__c0015__dt-f32/chunk_0,500000,30,ndzip shuffle=bit,primary,0.152575999,-1,3.55247181,2.51392,1
fields/00132__plt00056__tracer1.f32__c0005__dt-f32/chunk_0,500000,30,ndzip shuffle=bit,primary,0.0839679986,-1,3.55247181,2.445312,1
fields/00132__plt00056__tracer1.f32__c0007__dt-f32/chunk_0,500000,30,ndzip shuffle=bit,primary,0.136191994,-1,3.55247181,2.49753599,1
fields/00133__plt00056__tracer2.f32__c0001__dt-f32/chunk_0,500000,30,ndzip shuffle=bit,primary,0.0808959976,-1,3.55247181,2.44224,1
fields/00132__plt00056__tracer1.f32__c0011__dt-f32/chunk_0,500000,29,ndzip,primary,0.0737280026,-1,1.62773579,5.227272,1
fields/00132__plt00056__tracer1.f32__c0013__dt-f32/chunk_0,500000,30,ndzip shuffle=bit,primary,0.115712002,-1,3.55247181,2.477056,1
fields/00133__plt00056__tracer2.f32__c0005__dt-f32/chunk_0,500000,35,spratio,primary,0.209951997,-1,1.77573357,4.933976,1
fields/00133__plt00056__tracer2.f32__c0003__dt-f32/chunk_0,500000,30,ndzip shuffle=bit,primary,0.0788479969,-1,3.55247181,2.440192,1
fields/00133__plt00056__tracer2.f32__c0011__dt-f32/chunk_0,500000,30,ndzip shuffle=bit,primary,0.122879997,-1,3.55247181,2.484224,1
fields/00133__plt00056__tracer2.f32__c0013__dt-f32/chunk_0,500000,35,spratio,primary,0.237663999,-1,1.78342445,4.941316,1
fields/00133__plt00056__tracer2.f32__c0007__dt-f32/chunk_0,500000,29,ndzip,primary,0.0870399997,-1,1.639681,5.20304,1
fields/00133__plt00056__tracer2.f32__c0009__dt-f32/chunk_0,500000,30,ndzip shuffle=bit,primary,0.121855997,-1,3.55247181,2.4832,1
fields/00134__plt00056__velz.f32__c0005__dt-f32/chunk_0,500000,29,ndzip,primary,0.135168001,-1,1.48106883,5.799056,1
fields/00133__plt00056__tracer2.f32__c0015__dt-f32/chunk_0,500000,35,spratio,primary,0.236256003,-1,1.77308671,4.967332,1
fields/00134__plt00056__velz.f32__c0001__dt-f32/chunk_0,500000,29,ndzip,primary,0.111616001,-1,1.48103746,5.775624,1
fields/00134__plt00056__velz.f32__c0003__dt-f32/chunk_0,500000,29,ndzip,primary,0.0675840005,-1,1.4999199,5.660288,1
fields/00134__plt00056__velz.f32__c0007__dt-f32/chunk_0,500000,29,ndzip,primary,0.157695994,-1,1.4258115,6.04108799,1
fields/00134__plt00056__velz.f32__c0009__dt-f32/chunk_0,500000,29,ndzip,primary,0.088064,-1,1.41763253,6.0054,1
fields/00134__plt00056__velz.f32__c0015__dt-f32/chunk_0,500000,29,ndzip,primary,0.129023999,-1,1.46400703,5.85892,1
fields/00134__plt00056__velz.f32__c0011__dt-f32/chunk_0,500000,29,ndzip,primary,0.117760003,-1,1.4726798,5.813912,1
fields/00135__plt00062__density.f32__c0001__dt-f32/chunk_0,500000,29,ndzip,primary,0.0511999987,-1,30.3407407,0.327679999,1
fields/00135__plt00062__density.f32__c0003__dt-f32/chunk_0,500000,29,ndzip,primary,0.035840001,-1,30.3407407,0.312320001,1
fields/00135__plt00062__density.f32__c0005__dt-f32/chunk_0,500000,29,ndzip,primary,0.0511999987,-1,28.3506192,0.347087999,1
fields/00134__plt00056__velz.f32__c0013__dt-f32/chunk_0,500000,29,ndzip,primary,0.0716800019,-1,1.47908623,5.74316,1
fields/00135__plt00062__density.f32__c0007__dt-f32/chunk_0,500000,35,spratio,primary,0.129503995,-1,5.40353381,1.681934,1
fields/00135__plt00062__density.f32__c0009__dt-f32/chunk_0,500000,29,ndzip,primary,0.0552960001,-1,22.3825137,0.43008,1
fields/00135__plt00062__density.f32__c0013__dt-f32/chunk_0,500000,29,ndzip,primary,0.0389119983,-1,25.4409938,0.368639998,1
fields/00135__plt00062__density.f32__c0011__dt-f32/chunk_0,500000,29,ndzip,primary,0.0368640013,-1,25.4409938,0.366592001,1
fields/00135__plt00062__density.f32__c0015__dt-f32/chunk_0,500000,29,ndzip,primary,0.0389119983,-1,25.4409938,0.368639998,1
fields/00136__plt00062__tracer0.f32__c0009__dt-f32/chunk_0,500000,30,ndzip shuffle=bit,primary,0.0808959976,-1,3.55247181,2.44224,1
fields/00136__plt00062__tracer0.f32__c0001__dt-f32/chunk_0,500000,30,ndzip shuffle=bit,primary,0.0808959976,-1,3.55247181,2.44224,1
fields/00136__plt00062__tracer0.f32__c0005__dt-f32/chunk_0,500000,29,ndzip,primary,0.0686080009,-1,1.63210365,5.20836,1
fields/00136__plt00062__tracer0.f32__c0003__dt-f32/chunk_0,500000,30,ndzip shuffle=bit,primary,0.129023999,-1,3.55247181,2.490368,1
fields/00136__plt00062__tracer0.f32__c0007__dt-f32/chunk_0,500000,29,ndzip,primary,0.0983040035,-1,1.639681,5.214304,1
fields/00136__plt00062__tracer0.f32__c0013__dt-f32/chunk_0,500000,29,ndzip,primary,0.0931840017,-1,1.636352,5.219592,1
fields/00136__plt00062__tracer0.f32__c0011__dt-f32/chunk_0,500000,30,ndzip shuffle=bit,primary,0.123903997,-1,3.55247181,2.485248,1
fields/00137__plt00062__tracer1.f32__c0001__dt-f32/chunk_0,500000,29,ndzip,primary,0.0911360011,-1,1.6246086,5.2546,1
fields/00137__plt00062__tracer1.f32__c0007__dt-f32/chunk_0,500000,30,ndzip shuffle=bit,primary,0.132095993,-1,3.55247181,2.49343999,1
fields/00136__plt00062__tracer0.f32__c0015__dt-f32/chunk_0,500000,35,spratio,primary,0.0834560022,-1,1.77308671,4.814532,1
fields/00137__plt00062__tracer1.f32__c0005__dt-f32/chunk_0,500000,30,ndzip shuffle=bit,primary,0.0798719972,-1,3.55247181,2.441216,1
fields/00137__plt00062__tracer1.f32__c0011__dt-f32/chunk_0,500000,29,ndzip,primary,0.0716800019,-1,1.62773579,5.225224,1
fields/00137__plt00062__tracer1.f32__c0003__dt-f32/chunk_0,500000,29,ndzip,primary,0.0757760033,-1,1.61879488,5.257784,1
fields/00137__plt00062__tracer1.f32__c0013__dt-f32/chunk_0,500000,30,ndzip shuffle=bit,primary,0.129023999,-1,3.55247181,2.490368,1
fields/00137__plt00062__tracer1.f32__c0009__dt-f32/chunk_0,500000,35,spratio,primary,0.142624006,-1,1.76718722,4.88949401,1
fields/00137__plt00062__tracer1.f32__c0015__dt-f32/chunk_0,500000,30,ndzip shuffle=bit,primary,0.126975998,-1,3.55247181,2.48832,1
fields/00138__plt00062__tracer2.f32__c0007__dt-f32/chunk_0,500000,29,ndzip,primary,0.123903997,-1,1.639681,5.239904,1
fields/00138__plt00062__tracer2.f32__c0003__dt-f32/chunk_0,500000,30,ndzip shuffle=bit,primary,0.0819199979,-1,3.55247181,2.443264,1
fields/00138__plt00062__tracer2.f32__c0001__dt-f32/chunk_0,500000,30,ndzip shuffle=bit,primary,0.0778239965,-1,3.55247181,2.439168,1
fields/00138__plt00062__tracer2.f32__c0011__dt-f32/chunk_0,500000,30,ndzip shuffle=bit,primary,0.0819199979,-1,3.55247181,2.443264,1
fields/00138__plt00062__tracer2.f32__c0005__dt-f32/chunk_0,500000,35,spratio,primary,0.317056,-1,1.77573357,5.04108,1
fields/00138__plt00062__tracer2.f32__c0009__dt-f32/chunk_0,500000,30,ndzip shuffle=bit,primary,0.136191994,-1,3.55247181,2.49753599,1
fields/00138__plt00062__tracer2.f32__c0015__dt-f32/chunk_0,500000,35,spratio,primary,0.0964479968,-1,1.77308671,4.827524,1
fields/00139__plt00062__velz.f32__c0003__dt-f32/chunk_0,500000,29,ndzip,primary,0.0819199979,-1,1.49997783,5.674408,1
fields/00139__plt00062__velz.f32__c0007__dt-f32/chunk_0,500000,35,spratio,primary,0.232575998,-1,1.52470135,5.73438,1
fields/00138__plt00062__tracer2.f32__c0013__dt-f32/chunk_0,500000,29,ndzip,primary,0.0993279964,-1,1.636352,5.225736,1
fields/00139__plt00062__velz.f32__c0001__dt-f32/chunk_0,500000,29,ndzip,primary,0.0706560016,-1,1.48473461,5.72056,1
fields/00139__plt00062__velz.f32__c0005__dt-f32/chunk_0,500000,29,ndzip,primary,0.0819199979,-1,1.47964768,5.751248,1
fields/00140__plt00068__density.f32__c0005__dt-f32/chunk_0,500000,29,ndzip,primary,0.0460800007,-1,24.9708516,0.382016001,1
fields/00140__plt00068__density.f32__c0003__dt-f32/chunk_0,500000,29,ndzip,primary,0.040959999,-1,30.3407407,0.317439999,1
fields/00139__plt00062__velz.f32__c0009__dt-f32/chunk_0,500000,29,ndzip,primary,0.115712002,-1,1.41078903,6.061752,1
fields/00139__plt00062__velz.f32__c0011__dt-f32/chunk_0,500000,29,ndzip,primary,0.0665600002,-1,1.46877486,5.777856,1
fields/00139__plt00062__velz.f32__c0013__dt-f32/chunk_0,500000,29,ndzip,primary,0.0686080009,-1,1.47955581,5.738288,1
fields/00140__plt00068__density.f32__c0007__dt-f32/chunk_0,500000,35,spratio,primary,0.290719986,-1,5.54893865,1.80246999,1
fields/00139__plt00062__velz.f32__c0015__dt-f32/chunk_0,500000,29,ndzip,primary,0.0727040023,-1,1.4681353,5.786488,1
fields/00140__plt00068__density.f32__c0001__dt-f32/chunk_0,500000,29,ndzip,primary,0.0399359986,-1,30.3407407,0.316415999,1
fields/00140__plt00068__density.f32__c0009__dt-f32/chunk_0,500000,29,ndzip,primary,0.0552960001,-1,19.061899,0.495368,1
fields/00140__plt00068__density.f32__c0011__dt-f32/chunk_0,500000,29,ndzip,primary,0.0378880017,-1,25.4409938,0.367616002,1
fields/00140__plt00068__density.f32__c0015__dt-f32/chunk_0,500000,29,ndzip,primary,0.0552960001,-1,25.4409938,0.385024,1
fields/00140__plt00068__density.f32__c0013__dt-f32/chunk_0,500000,29,ndzip,primary,0.0348160006,-1,25.4409938,0.364544001,1
fields/00141__plt00068__tracer0.f32__c0009__dt-f32/chunk_0,500000,30,ndzip shuffle=bit,primary,0.0829439983,-1,3.55247181,2.444288,1
fields/00141__plt00068__tracer0.f32__c0001__dt-f32/chunk_0,500000,30,ndzip shuffle=bit,primary,0.107519999,-1,3.55247181,2.468864,1
fields/00141__plt00068__tracer0.f32__c0013__dt-f32/chunk_0,500000,29,ndzip,primary,0.0890880004,-1,1.636352,5.215496,1
fields/00141__plt00068__tracer0.f32__c0015__dt-f32/chunk_0,500000,35,spratio,primary,0.433183998,-1,1.77308671,5.16426,1
fields/00141__plt00068__tracer0.f32__c0003__dt-f32/chunk_0,500000,30,ndzip shuffle=bit,primary,0.0808959976,-1,3.55247181,2.44224,1
fields/00141__plt00068__tracer0.f32__c0007__dt-f32/chunk_0,500000,35,spratio,primary,0.128703997,-1,1.78184477,4.836526,1
fields/00141__plt00068__tracer0.f32__c0005__dt-f32/chunk_0,500000,29,ndzip,primary,0.0808959976,-1,1.63210365,5.220648,1
fields/00142__plt00068__tracer1.f32__c0003__dt-f32/chunk_0,500000,29,ndzip,primary,0.113664001,-1,1.61879488,5.295672,1
fields/00141__plt00068__tracer0.f32__c0011__dt-f32/chunk_0,500000,30,ndzip shuffle=bit,primary,0.0829439983,-1,3.55247181,2.444288,1
fields/00142__plt00068__tracer1.f32__c0001__dt-f32/chunk_0,500000,35,spratio,primary,0.312736005,-1,1.77352831,5.042634,1
fields/00142__plt00068__tracer1.f32__c0005__dt-f32/chunk_0,500000,30,ndzip shuffle=bit,primary,0.0788479969,-1,3.55247181,2.440192,1
fields/00142__plt00068__tracer1.f32__c0009__dt-f32/chunk_0,500000,29,ndzip,primary,0.0696320012,-1,1.62062879,5.245776,1
fields/00142__plt00068__tracer1.f32__c0011__dt-f32/chunk_0,500000,29,ndzip,primary,0.084991999,-1,1.62773579,5.238536,1
fields/00142__plt00068__tracer1.f32__c0013__dt-f32/chunk_0,500000,30,ndzip shuffle=bit,primary,0.0819199979,-1,3.55247181,2.443264,1
fields/00142__plt00068__tracer1.f32__c0007__dt-f32/chunk_0,500000,30,ndzip shuffle=bit,primary,0.0808959976,-1,3.55247181,2.44224,1
fields/00142__plt00068__tracer1.f32__c0015__dt-f32/chunk_0,500000,30,ndzip shuffle=bit,primary,0.0798719972,-1,3.55247181,2.441216,1
fields/00143__plt00068__tracer2.f32__c0001__dt-f32/chunk_0,500000,30,ndzip shuffle=bit,primary,0.0788479969,-1,3.55247181,2.440192,1
fields/00143__plt00068__tracer2.f32__c0005__dt-f32/chunk_0,500000,29,ndzip,primary,0.0737280026,-1,1.63210365,5.21348,1
fields/00143__plt00068__tracer2.f32__c0007__dt-f32/chunk_0,500000,38,spspeed,primary,0.275263995,-1,1.65820257,5.33411999,1
fields/00143__plt00068__tracer2.f32__c0003__dt-f32/chunk_0,500000,30,ndzip shuffle=bit,primary,0.0768000036,-1,3.55247181,2.438144,1
fields/00143__plt00068__tracer2.f32__c0011__dt-f32/chunk_0,500000,30,ndzip shuffle=bit,primary,0.0829439983,-1,3.55247181,2.444288,1
fields/00143__plt00068__tracer2.f32__c0015__dt-f32/chunk_0,500000,35,spratio,primary,0.142432004,-1,1.77308671,4.873508,1
fields/00143__plt00068__tracer2.f32__c0009__dt-f32/chunk_0,500000,30,ndzip shuffle=bit,primary,0.0829439983,-1,3.55247181,2.444288,1
fields/00144__plt00068__velz.f32__c0003__dt-f32/chunk_0,500000,29,ndzip,primary,0.0921600014,-1,1.50001001,5.684528,1
fields/00143__plt00068__tracer2.f32__c0013__dt-f32/chunk_0,500000,29,ndzip,primary,0.125952005,-1,1.636352,5.25236001,1
fields/00144__plt00068__velz.f32__c0001__dt-f32/chunk_0,500000,29,ndzip,primary,0.0788479969,-1,1.48893849,5.7128,1
fields/00144__plt00068__velz.f32__c0009__dt-f32/chunk_0,500000,35,spratio,primary,0.0682879984,-1,1.49052639,5.696238,1
fields/00144__plt00068__velz.f32__c0005__dt-f32/chunk_0,500000,29,ndzip,primary,0.0788479969,-1,1.48062129,5.744448,1
fields/00144__plt00068__velz.f32__c0011__dt-f32/chunk_0,500000,35,spratio,primary,0.178496003,-1,1.56142306,5.550908,1
fields/00144__plt00068__velz.f32__c0007__dt-f32/chunk_0,500000,29,ndzip,primary,0.084991999,-1,1.41796034,6.00096,1
fields/00144__plt00068__velz.f32__c0013__dt-f32/chunk_0,500000,29,ndzip,primary,0.0798719972,-1,1.48050004,5.745936,1
fields/00144__plt00068__velz.f32__c0015__dt-f32/chunk_0,500000,29,ndzip,primary,0.0778239965,-1,1.47108273,5.78016,1
fields/00145__plt00074__density.f32__c0001__dt-f32/chunk_0,500000,29,ndzip,primary,0.0604160018,-1,30.3407407,0.336896002,1
fields/00145__plt00074__density.f32__c0003__dt-f32/chunk_0,500000,29,ndzip,primary,0.0389119983,-1,30.3407407,0.315391998,1
fields/00145__plt00074__density.f32__c0005__dt-f32/chunk_0,500000,29,ndzip,primary,0.0522239991,-1,20.9313318,0.452991999,1
fields/00145__plt00074__density.f32__c0011__dt-f32/chunk_0,500000,29,ndzip,primary,0.0378880017,-1,25.4409938,0.367616002,1
fields/00145__plt00074__density.f32__c0007__dt-f32/chunk_0,500000,29,ndzip,primary,0.0819199979,-1,4.16995148,2.0936,1
fields/00145__plt00074__density.f32__c0009__dt-f32/chunk_0,500000,29,ndzip,primary,0.0583680011,-1,15.4016627,0.603024001,1
fields/00145__plt00074__density.f32__c0013__dt-f32/chunk_0,500000,29,ndzip,primary,0.0348160006,-1,25.4409938,0.364544001,1
fields/00146__plt00074__tracer0.f32__c0003__dt-f32/chunk_0,500000,30,ndzip shuffle=bit,primary,0.104447998,-1,3.55247181,2.465792,1
fields/00146__plt00074__tracer0.f32__c0011__dt-f32/chunk_0,500000,30,ndzip shuffle=bit,primary,0.147456005,-1,3.55247181,2.50880001,1
fields/00146__plt00074__tracer0.f32__c0009__dt-f32/chunk_0,500000,30,ndzip shuffle=bit,primary,0.115712002,-1,3.55247181,2.477056,1
fields/00145__plt00074__density.f32__c0015__dt-f32/chunk_0,500000,29,ndzip,primary,0.0624639988,-1,25.4409938,0.392191999,1
fields/00146__plt00074__tracer0.f32__c0005__dt-f32/chunk_0,500000,29,ndzip,primary,0.088064,-1,1.63210365,5.227816,1
fields/00146__plt00074__tracer0.f32__c0001__dt-f32/chunk_0,500000,30,ndzip shuffle=bit,primary,0.0808959976,-1,3.55247181,2.44224,1
fields/00146__plt00074__tracer0.f32__c0007__dt-f32/chunk_0,500000,29,ndzip,primary,0.0675840005,-1,1.639681,5.183584,1
fields/00146__plt00074__tracer0.f32__c0013__dt-f32/chunk_0,500000,35,spratio,primary,0.152704,-1,1.78342445,4.856356,1
fields/00146__plt00074__tracer0.f32__c0015__dt-f32/chunk_0,500000,29,ndzip,primary,0.0727040023,-1,1.62509202,5.234632,1
fields/00147__plt00074__tracer1.f32__c0001__dt-f32/chunk_0,500000,29,ndzip,primary,0.0993279964,-1,1.6246086,5.262792,1
fields/00147__plt00074__tracer1.f32__c0007__dt-f32/chunk_0,500000,30,ndzip shuffle=bit,primary,0.105471998,-1,3.55247181,2.466816,1
fields/00147__plt00074__tracer1.f32__c0011__dt-f32/chunk_0,500000,29,ndzip,primary,0.0665600002,-1,1.62773579,5.220104,1
fields/00147__plt00074__tracer1.f32__c0003__dt-f32/chunk_0,500000,35,spratio,primary,0.067776002,-1,1.76687753,4.815478,1
fields/00147__plt00074__tracer1.f32__c0005__dt-f32/chunk_0,500000,30,ndzip shuffle=bit,primary,0.0798719972,-1,3.55247181,2.441216,1
fields/00147__plt00074__tracer1.f32__c0013__dt-f32/chunk_0,500000,30,ndzip shuffle=bit,primary,0.0808959976,-1,3.55247181,2.44224,1
fields/00147__plt00074__tracer1.f32__c0009__dt-f32/chunk_0,500000,29,ndzip,primary,0.0962560028,-1,1.62062879,5.2724,1
fields/00147__plt00074__tracer1.f32__c0015__dt-f32/chunk_0,500000,30,ndzip shuffle=bit,primary,0.155647993,-1,3.55247181,2.51699199,1
fields/00148__plt00074__tracer2.f32__c0003__dt-f32/chunk_0,500000,30,ndzip shuffle=bit,primary,0.0819199979,-1,3.55247181,2.443264,1
fields/00148__plt00074__tracer2.f32__c0009__dt-f32/chunk_0,500000,30,ndzip shuffle=bit,primary,0.100351997,-1,3.55247181,2.461696,1
fields/00148__plt00074__tracer2.f32__c0005__dt-f32/chunk_0,500000,35,spratio,primary,0.432736009,-1,1.77573357,5.15676001,1
fields/00148__plt00074__tracer2.f32__c0007__dt-f32/chunk_0,500000,29,ndzip,primary,0.0839679986,-1,1.639681,5.199968,1
fields/00148__plt00074__tracer2.f32__c0001__dt-f32/chunk_0,500000,30,ndzip shuffle=bit,primary,0.0819199979,-1,3.55247181,2.443264,1
fields/00148__plt00074__tracer2.f32__c0013__dt-f32/chunk_0,500000,29,ndzip,primary,0.0911360011,-1,1.636352,5.217544,1
fields/00149__plt00074__velz.f32__c0001__dt-f32/chunk_0,500000,29,ndzip,primary,0.0808959976,-1,1.49287289,5.7,1
fields/00148__plt00074__tracer2.f32__c0011__dt-f32/chunk_0,500000,30,ndzip shuffle=bit,primary,0.0808959976,-1,3.55247181,2.44224,1
fields/00149__plt00074__velz.f32__c0003__dt-f32/chunk_0,500000,29,ndzip,primary,0.0727040023,-1,1.50225573,5.656712,1
fields/00148__plt00074__tracer2.f32__c0015__dt-f32/chunk_0,500000,35,spratio,primary,0.0867839977,-1,1.77308671,4.81786,1
fields/00149__plt00074__velz.f32__c0005__dt-f32/chunk_0,500000,29,ndzip,primary,0.103423998,-1,1.48135549,5.766216,1
fields/00149__plt00074__velz.f32__c0007__dt-f32/chunk_0,500000,29,ndzip,primary,0.0788479969,-1,1.41691992,5.99916,1
fields/00149__plt00074__velz.f32__c0009__dt-f32/chunk_0,500000,29,ndzip,primary,0.107519999,-1,1.3854787,6.162184,1
fields/00149__plt00074__velz.f32__c0011__dt-f32/chunk_0,500000,29,ndzip,primary,0.0706560016,-1,1.46205962,5.808184,1
fields/00149__plt00074__velz.f32__c0013__dt-f32/chunk_0,500000,29,ndzip,primary,0.0727040023,-1,1.48096215,5.737,1
fields/00150__plt00082__density.f32__c0009__dt-f32/chunk_0,500000,29,ndzip,primary,0.0593920015,-1,11.4604732,0.791352001,1
fields/00149__plt00074__velz.f32__c0015__dt-f32/chunk_0,500000,35,spratio,primary,0.0971520022,-1,1.56588719,5.454248,1
fields/00150__plt00082__density.f32__c0015__dt-f32/chunk_0,500000,29,ndzip,primary,0.035840001,-1,25.4409938,0.365568001,1
fields/00150__plt00082__density.f32__c0001__dt-f32/chunk_0,500000,29,ndzip,primary,0.0389119983,-1,30.3407407,0.315391998,1
fields/00150__plt00082__density.f32__c0003__dt-f32/chunk_0,500000,29,ndzip,primary,0.040959999,-1,30.3407407,0.317439999,1
fields/00150__plt00082__density.f32__c0005__dt-f32/chunk_0,500000,29,ndzip,primary,0.0604160018,-1,15.993167,0.584928002,1
fields/00150__plt00082__density.f32__c0007__dt-f32/chunk_0,500000,29,ndzip,primary,0.0686080009,-1,4.23070499,2.0514,1
fields/00150__plt00082__density.f32__c0011__dt-f32/chunk_0,500000,29,ndzip,primary,0.0368640013,-1,25.4409938,0.366592001,1
fields/00150__plt00082__density.f32__c0013__dt-f32/chunk_0,500000,29,ndzip,primary,0.0727040023,-1,25.4409938,0.402432002,1
fields/00151__plt00082__tracer0.f32__c0001__dt-f32/chunk_0,500000,30,ndzip shuffle=bit,primary,0.13312,-1,3.55247181,2.494464,1
fields/00151__plt00082__tracer0.f32__c0003__dt-f32/chunk_0,500000,30,ndzip shuffle=bit,primary,0.0870399997,-1,3.55247181,2.448384,1
fields/00151__plt00082__tracer0.f32__c0009__dt-f32/chunk_0,500000,30,ndzip shuffle=bit,primary,0.160768002,-1,3.55247181,2.522112,1
fields/00151__plt00082__tracer0.f32__c0011__dt-f32/chunk_0,500000,30,ndzip shuffle=bit,primary,0.112640001,-1,3.55247181,2.473984,1
fields/00151__plt00082__tracer0.f32__c0005__dt-f32/chunk_0,500000,29,ndzip,primary,0.0706560016,-1,1.63210365,5.210408,1
fields/00151__plt00082__tracer0.f32__c0007__dt-f32/chunk_0,500000,29,ndzip,primary,0.0788479969,-1,1.639681,5.194848,1
fields/00152__plt00082__tracer1.f32__c0001__dt-f32/chunk_0,500000,35,spratio,primary,0.660000026,-1,1.77352831,5.38989803,1
fields/00151__plt00082__tracer0.f32__c0015__dt-f32/chunk_0,500000,35,spratio,primary,0.235936001,-1,1.77308671,4.967012,1
fields/00151__plt00082__tracer0.f32__c0013__dt-f32/chunk_0,500000,35,spratio,primary,0.275808007,-1,1.78342445,4.97946001,1
fields/00152__plt00082__tracer1.f32__c0005__dt-f32/chunk_0,500000,30,ndzip shuffle=bit,primary,0.107519999,-1,3.55247181,2.468864,1
fields/00152__plt00082__tracer1.f32__c0009__dt-f32/chunk_0,500000,29,ndzip,primary,0.0757760033,-1,1.62062879,5.25192,1
fields/00152__plt00082__tracer1.f32__c0003__dt-f32/chunk_0,500000,29,ndzip,primary,0.0901120007,-1,1.61879488,5.27212,1
fields/00152__plt00082__tracer1.f32__c0011__dt-f32/chunk_0,500000,35,spratio,primary,0.129311994,-1,1.77053817,4.86719799,1
fields/00152__plt00082__tracer1.f32__c0013__dt-f32/chunk_0,500000,30,ndzip shuffle=bit,primary,0.0768000036,-1,3.55247181,2.438144,1
fields/00153__plt00082__tracer2.f32__c0001__dt-f32/chunk_0,500000,30,ndzip shuffle=bit,primary,0.101375997,-1,3.55247181,2.46272,1
fields/00152__plt00082__tracer1.f32__c0007__dt-f32/chunk_0,500000,30,ndzip shuffle=bit,primary,0.0798719972,-1,3.55247181,2.441216,1
fields/00153__plt00082__tracer2.f32__c0005__dt-f32/chunk_0,500000,35,spratio,primary,0.230880007,-1,1.77573357,4.95490401,1
fields/00152__plt00082__tracer1.f32__c0015__dt-f32/chunk_0,500000,30,ndzip shuffle=bit,primary,0.0890880004,-1,3.55247181,2.450432,1
fields/00153__plt00082__tracer2.f32__c0007__dt-f32/chunk_0,500000,35,spratio,primary,0.067648001,-1,1.78184477,4.77547,1
fields/00153__plt00082__tracer2.f32__c0011__dt-f32/chunk_0,500000,30,ndzip shuffle=bit,primary,0.124927998,-1,3.55247181,2.486272,1
fields/00153__plt00082__tracer2.f32__c0009__dt-f32/chunk_0,500000,30,ndzip shuffle=bit,primary,0.195583999,-1,3.55247181,2.556928,1
fields/00153__plt00082__tracer2.f32__c0003__dt-f32/chunk_0,500000,30,ndzip shuffle=bit,primary,0.134143993,-1,3.55247181,2.49548799,1
fields/00153__plt00082__tracer2.f32__c0015__dt-f32/chunk_0,500000,35,spratio,primary,0.173152,-1,1.77308671,4.904228,1
fields/00153__plt00082__tracer2.f32__c0013__dt-f32/chunk_0,500000,35,spratio,primary,0.0910720006,-1,1.78342445,4.794724,1
fields/00154__plt00082__velz.f32__c0001__dt-f32/chunk_0,500000,35,spratio,primary,0.324992001,-1,1.59291421,5.591194,1
fields/00154__plt00082__velz.f32__c0003__dt-f32/chunk_0,500000,29,ndzip,primary,0.0788479969,-1,1.505236,5.6518,1
fields/00154__plt00082__velz.f32__c0005__dt-f32/chunk_0,500000,29,ndzip,primary,0.0808959976,-1,1.48152921,5.743024,1
fields/00154__plt00082__velz.f32__c0011__dt-f32/chunk_0,500000,29,ndzip,primary,0.0686080009,-1,1.4559491,5.830216,1
fields/00154__plt00082__velz.f32__c0013__dt-f32/chunk_0,500000,29,ndzip,primary,0.0706560016,-1,1.48157317,5.732616,1
fields/00154__plt00082__velz.f32__c0015__dt-f32/chunk_0,500000,29,ndzip,primary,0.0716800019,-1,1.47998809,5.739704,1
fields/00155__plt00089__density.f32__c0007__dt-f32/chunk_0,500000,35,spratio,primary,0.118303999,-1,5.99165743,1.518352,1
fields/00154__plt00082__velz.f32__c0007__dt-f32/chunk_0,500000,29,ndzip,primary,0.0860159993,-1,1.41206572,6.02668,1
fields/00155__plt00089__density.f32__c0001__dt-f32/chunk_0,500000,29,ndzip,primary,0.0573440008,-1,30.3407407,0.333824001,1
fields/00155__plt00089__density.f32__c0003__dt-f32/chunk_0,500000,29,ndzip,primary,0.0368640013,-1,30.3407407,0.313344001,1
fields/00155__plt00089__density.f32__c0005__dt-f32/chunk_0,500000,29,ndzip,primary,0.0511999987,-1,12.7245104,0.710447999,1
fields/00155__plt00089__density.f32__c0009__dt-f32/chunk_0,500000,29,ndzip,primary,0.0829439983,-1,9.07323827,1.007488,1
fields/00154__plt00082__velz.f32__c0009__dt-f32/chunk_0,500000,29,ndzip,primary,0.084991999,-1,1.36987282,6.208632,1
fields/00155__plt00089__density.f32__c0011__dt-f32/chunk_0,500000,29,ndzip,primary,0.0378880017,-1,25.4409938,0.367616002,1
fields/00156__plt00089__tracer0.f32__c0001__dt-f32/chunk_0,500000,30,ndzip shuffle=bit,primary,0.0798719972,-1,3.55247181,2.441216,1
fields/00156__plt00089__tracer0.f32__c0005__dt-f32/chunk_0,500000,35,spratio,primary,0.302143991,-1,1.77573357,5.02616799,1
fields/00155__plt00089__density.f32__c0013__dt-f32/chunk_0,500000,29,ndzip,primary,0.0368640013,-1,25.4409938,0.366592001,1
fields/00155__plt00089__density.f32__c0015__dt-f32/chunk_0,500000,29,ndzip,primary,0.0552960001,-1,25.4409938,0.385024,1
fields/00156__plt00089__tracer0.f32__c0007__dt-f32/chunk_0,500000,29,ndzip,primary,0.0727040023,-1,1.639681,5.188704,1
fields/00156__plt00089__tracer0.f32__c0003__dt-f32/chunk_0,500000,30,ndzip shuffle=bit,primary,0.105471998,-1,3.55247181,2.466816,1
fields/00156__plt00089__tracer0.f32__c0011__dt-f32/chunk_0,500000,30,ndzip shuffle=bit,primary,0.0788479969,-1,3.55247181,2.440192,1
fields/00157__plt00089__tracer1.f32__c0001__dt-f32/chunk_0,500000,35,spratio,primary,0.269439995,-1,1.77352831,4.999338,1
fields/00156__plt00089__tracer0.f32__c0009__dt-f32/chunk_0,500000,30,ndzip shuffle=bit,primary,0.123903997,-1,3.55247181,2.485248,1
fields/00156__plt00089__tracer0.f32__c0013__dt-f32/chunk_0,500000,29,ndzip,primary,0.0890880004,-1,1.636352,5.215496,1
fields/00156__plt00089__tracer0.f32__c0015__dt-f32/chunk_0,500000,35,spratio,primary,0.235648006,-1,1.77308671,4.96672401,1
fields/00157__plt00089__tracer1.f32__c0005__dt-f32/chunk_0,500000,30,ndzip shuffle=bit,primary,0.131072,-1,3.55247181,2.492416,1
fields/00157__plt00089__tracer1.f32__c0003__dt-f32/chunk_0,500000,35,spratio,primary,0.305343986,-1,1.76687753,5.05304599,1
fields/00157__plt00089__tracer1.f32__c0007__dt-f32/chunk_0,500000,30,ndzip shuffle=bit,primary,0.109568,-1,3.55247181,2.470912,1
fields/00157__plt00089__tracer1.f32__c0011__dt-f32/chunk_0,500000,29,ndzip,primary,0.0706560016,-1,1.62773579,5.2242,1
fields/00157__plt00089__tracer1.f32__c0009__dt-f32/chunk_0,500000,29,ndzip,primary,0.110592,-1,1.62062879,5.286736,1
fields/00157__plt00089__tracer1.f32__c0015__dt-f32/chunk_0,500000,30,ndzip shuffle=bit,primary,0.0778239965,-1,3.55247181,2.439168,1
fields/00158__plt00089__tracer2.f32__c0001__dt-f32/chunk_0,500000,30,ndzip shuffle=bit,primary,0.115712002,-1,3.55247181,2.477056,1
fields/00157__plt00089__tracer1.f32__c0013__dt-f32/chunk_0,500000,30,ndzip shuffle=bit,primary,0.088064,-1,3.55247181,2.449408,1
fields/00158__plt00089__tracer2.f32__c0007__dt-f32/chunk_0,500000,38,spspeed,primary,0.0570879988,-1,1.65820257,5.115944,1
fields/00158__plt00089__tracer2.f32__c0009__dt-f32/chunk_0,500000,30,ndzip shuffle=bit,primary,0.0819199979,-1,3.55247181,2.443264,1
fields/00158__plt00089__tracer2.f32__c0003__dt-f32/chunk_0,500000,30,ndzip shuffle=bit,primary,0.146431997,-1,3.55247181,2.507776,1
fields/00158__plt00089__tracer2.f32__c0011__dt-f32/chunk_0,500000,30,ndzip shuffle=bit,primary,0.0829439983,-1,3.55247181,2.444288,1
fields/00158__plt00089__tracer2.f32__c0005__dt-f32/chunk_0,500000,29,ndzip,primary,0.074752003,-1,1.63210365,5.214504,1
fields/00159__plt00089__velz.f32__c0005__dt-f32/chunk_0,500000,29,ndzip,primary,0.0839679986,-1,1.48125295,5.747152,1
fields/00158__plt00089__tracer2.f32__c0013__dt-f32/chunk_0,500000,35,spratio,primary,0.240735993,-1,1.78342445,4.94438799,1
fields/00159__plt00089__velz.f32__c0011__dt-f32/chunk_0,500000,29,ndzip,primary,0.084991999,-1,1.45119575,5.865472,1
fields/00158__plt00089__tracer2.f32__c0015__dt-f32/chunk_0,500000,35,spratio,primary,0.228223994,-1,1.77308671,4.95929999,1
fields/00159__plt00089__velz.f32__c0003__dt-f32/chunk_0,500000,29,ndzip,primary,0.0901120007,-1,1.50817607,5.6522,1
fields/00159__plt00089__velz.f32__c0001__dt-f32/chunk_0,500000,29,ndzip,primary,0.0962560028,-1,1.5022299,5.68036,1
fields/00159__plt00089__velz.f32__c0007__dt-f32/chunk_0,500000,29,ndzip,primary,0.226303995,-1,1.40750535,6.18621599,1
fields/00159__plt00089__velz.f32__c0009__dt-f32/chunk_0,500000,29,ndzip,primary,0.193535998,-1,1.35694782,6.375504,1
fields/00159__plt00089__velz.f32__c0015__dt-f32/chunk_0,500000,29,ndzip,primary,0.0829439983,-1,1.48087013,5.747592,1
fields/00160__plt00097__density.f32__c0003__dt-f32/chunk_0,500000,29,ndzip,primary,0.0399359986,-1,30.3407407,0.316415999,1
fields/00160__plt00097__density.f32__c0001__dt-f32/chunk_0,500000,29,ndzip,primary,0.0368640013,-1,30.3407407,0.313344001,1
fields/00159__plt00089__velz.f32__c0013__dt-f32/chunk_0,500000,29,ndzip,primary,0.0901120007,-1,1.48044988,5.756368,1
fields/00160__plt00097__density.f32__c0009__dt-f32/chunk_0,500000,29,ndzip,primary,0.0942080021,-1,7.19400097,1.260264,1
fields/00160__plt00097__density.f32__c0007__dt-f32/chunk_0,500000,35,spratio,primary,0.300671995,-1,6.10088568,1.67565399,1
fields/00160__plt00097__density.f32__c0011__dt-f32/chunk_0,500000,29,ndzip,primary,0.0624639988,-1,25.4409938,0.392191999,1
fields/00160__plt00097__density.f32__c0013__dt-f32/chunk_0,500000,29,ndzip,primary,0.0337920003,-1,25.4409938,0.36352,1
fields/00160__plt00097__density.f32__c0005__dt-f32/chunk_0,500000,29,ndzip,primary,0.153600007,-1,10.3338524,0.965360007,1
fields/00160__plt00097__density.f32__c0015__dt-f32/chunk_0,500000,29,ndzip,primary,0.0327679999,-1,25.4409938,0.362496,1
fields/00161__plt00097__tracer0.f32__c0003__dt-f32/chunk_0,500000,30,ndzip shuffle=bit,primary,0.123903997,-1,3.55247181,2.485248,1
fields/00161__plt00097__tracer0.f32__c0007__dt-f32/chunk_0,500000,35,spratio,primary,0.0767680034,-1,1.78184477,4.78459,1
fields/00161__plt00097__tracer0.f32__c0005__dt-f32/chunk_0,500000,29,ndzip,primary,0.0737280026,-1,1.63210365,5.21348,1
fields/00161__plt00097__tracer0.f32__c0001__dt-f32/chunk_0,500000,30,ndzip shuffle=bit,primary,0.160768002,-1,3.55247181,2.522112,1
fields/00162__plt00097__tracer1.f32__c0001__dt-f32/chunk_0,500000,35,spratio,primary,0.183136001,-1,1.77352831,4.913034,1
fields/00161__plt00097__tracer0.f32__c0009__dt-f32/chunk_0,500000,30,ndzip shuffle=bit,primary,0.0819199979,-1,3.55247181,2.443264,1
fields/00161__plt00097__tracer0.f32__c0013__dt-f32/chunk_0,500000,35,spratio,primary,0.0934080034,-1,1.78342445,4.79706,1
fields/00161__plt00097__tracer0.f32__c0015__dt-f32/chunk_0,500000,29,ndzip,primary,0.0768000036,-1,1.62509202,5.238728,1
fields/00161__plt00097__tracer0.f32__c0011__dt-f32/chunk_0,500000,30,ndzip shuffle=bit,primary,0.0808959976,-1,3.55247181,2.44224,1
fields/00162__plt00097__tracer1.f32__c0005__dt-f32/chunk_0,500000,30,ndzip shuffle=bit,primary,0.0829439983,-1,3.55247181,2.444288,1
fields/00162__plt00097__tracer1.f32__c0007__dt-f32/chunk_0,500000,30,ndzip shuffle=bit,primary,0.108543999,-1,3.55247181,2.469888,1
fields/00162__plt00097__tracer1.f32__c0003__dt-f32/chunk_0,500000,29,ndzip,primary,0.0768000036,-1,1.61879488,5.258808,1
fields/00162__plt00097__tracer1.f32__c0011__dt-f32/chunk_0,500000,29,ndzip,primary,0.0706560016,-1,1.62773579,5.2242,1
fields/00162__plt00097__tracer1.f32__c0009__dt-f32/chunk_0,500000,35,spratio,primary,0.235072002,-1,1.76718722,4.981942,1
fields/00163__plt00097__tracer2.f32__c0003__dt-f32/chunk_0,500000,30,ndzip shuffle=bit,primary,0.136191994,-1,3.55247181,2.49753599,1
fields/00162__plt00097__tracer1.f32__c0013__dt-f32/chunk_0,500000,30,ndzip shuffle=bit,primary,0.124927998,-1,3.55247181,2.486272,1
fields/00162__plt00097__tracer1.f32__c0015__dt-f32/chunk_0,500000,30,ndzip shuffle=bit,primary,0.104447998,-1,3.55247181,2.465792,1
fields/00163__plt00097__tracer2.f32__c0005__dt-f32/chunk_0,500000,38,spspeed,primary,0.0717760026,-1,1.64922043,5.158184,1
fields/00163__plt00097__tracer2.f32__c0001__dt-f32/chunk_0,500000,30,ndzip shuffle=bit,primary,0.164864004,-1,3.55247181,2.526208,1
fields/00163__plt00097__tracer2.f32__c0007__dt-f32/chunk_0,500000,29,ndzip,primary,0.0778239965,-1,1.639681,5.193824,1
fields/00163__plt00097__tracer2.f32__c0009__dt-f32/chunk_0,500000,30,ndzip shuffle=bit,primary,0.137216002,-1,3.55247181,2.49856,1
fields/00163__plt00097__tracer2.f32__c0011__dt-f32/chunk_0,500000,30,ndzip shuffle=bit,primary,0.0860159993,-1,3.55247181,2.44736,1
fields/00163__plt00097__tracer2.f32__c0013__dt-f32/chunk_0,500000,29,ndzip,primary,0.109568,-1,1.636352,5.235976,1
fields/00164__plt00097__velz.f32__c0001__dt-f32/chunk_0,500000,29,ndzip,primary,0.0686080009,-1,1.50474999,5.64336,1
fields/00163__plt00097__tracer2.f32__c0015__dt-f32/chunk_0,500000,29,ndzip,primary,0.116736002,-1,1.62509202,5.278664,1
fields/00164__plt00097__velz.f32__c0009__dt-f32/chunk_0,500000,29,ndzip,primary,0.0839679986,-1,1.35030243,6.29636,1
fields/00164__plt00097__velz.f32__c0003__dt-f32/chunk_0,500000,29,ndzip,primary,0.112640001,-1,1.50911593,5.671264,1
fields/00164__plt00097__velz.f32__c0013__dt-f32/chunk_0,500000,29,ndzip,primary,0.084991999,-1,1.4789402,5.757032,1
fields/00164__plt00097__velz.f32__c0007__dt-f32/chunk_0,500000,29,ndzip,primary,0.0870399997,-1,1.40323343,6.065096,1
fields/00164__plt00097__velz.f32__c0011__dt-f32/chunk_0,500000,29,ndzip,primary,0.0819199979,-1,1.44692642,5.879456,1
fields/00164__plt00097__velz.f32__c0005__dt-f32/chunk_0,500000,29,ndzip,primary,0.0757760033,-1,1.48120692,5.739136,1
fields/00165__plt00106__density.f32__c0001__dt-f32/chunk_0,500000,29,ndzip,primary,0.0665600002,-1,30.3407407,0.34304,1
fields/00165__plt00106__density.f32__c0005__dt-f32/chunk_0,500000,29,ndzip,primary,0.0501759984,-1,8.79899304,1.003536,1
fields/00165__plt00106__density.f32__c0009__dt-f32/chunk_0,500000,29,ndzip,primary,0.0604160018,-1,5.83167507,1.498872,1
fields/00164__plt00097__velz.f32__c0015__dt-f32/chunk_0,500000,29,ndzip,primary,0.0675840005,-1,1.48134293,5.730424,1
fields/00165__plt00106__density.f32__c0003__dt-f32/chunk_0,500000,29,ndzip,primary,0.0573440008,-1,30.3407407,0.333824001,1
fields/00165__plt00106__density.f32__c0013__dt-f32/chunk_0,500000,29,ndzip,primary,0.047104001,-1,25.4409938,0.376832001,1
fields/00165__plt00106__density.f32__c0007__dt-f32/chunk_0,500000,35,spratio,primary,0.256832004,-1,6.1691465,1.6166,1
fields/00165__plt00106__density.f32__c0015__dt-f32/chunk_0,500000,29,ndzip,primary,0.0348160006,-1,25.4409938,0.364544001,1
fields/00165__plt00106__density.f32__c0011__dt-f32/chunk_0,500000,29,ndzip,primary,0.044032,-1,25.4409938,0.37376,1
fields/00166__plt00106__tracer0.f32__c0001__dt-f32/chunk_0,500000,30,ndzip shuffle=bit,primary,0.0788479969,-1,3.55247181,2.440192,1
fields/00166__plt00106__tracer0.f32__c0005__dt-f32/chunk_0,500000,38,spspeed,primary,0.289631993,-1,1.64922043,5.37603999,1
fields/00166__plt00106__tracer0.f32__c0013__dt-f32/chunk_0,500000,29,ndzip,primary,0.0737280026,-1,1.636352,5.200136,1
fields/00167__plt00106__tracer1.f32__c0001__dt-f32/chunk_0,500000,35,spratio,primary,0.289983988,-1,1.77352831,5.01988199,1
fields/00166__plt00106__tracer0.f32__c0003__dt-f32/chunk_0,500000,30,ndzip shuffle=bit,primary,0.0808959976,-1,3.55247181,2.44224,1
fields/00166__plt00106__tracer0.f32__c0007__dt-f32/chunk_0,500000,29,ndzip,primary,0.0768000036,-1,1.639681,5.1928,1
fields/00166__plt00106__tracer0.f32__c0009__dt-f32/chunk_0,500000,30,ndzip shuffle=bit,primary,0.129023999,-1,3.55247181,2.490368,1
fields/00166__plt00106__tracer0.f32__c0015__dt-f32/chunk_0,500000,35,spratio,primary,0.123935997,-1,1.77308671,4.855012,1
fields/00167__plt00106__tracer1.f32__c0003__dt-f32/chunk_0,500000,29,ndzip,primary,0.0706560016,-1,1.61879488,5.252664,1
fields/00167__plt00106__tracer1.f32__c0009__dt-f32/chunk_0,500000,29,ndzip,primary,0.0860159993,-1,1.62062879,5.26216,1
fields/00166__plt00106__tracer0.f32__c0011__dt-f32/chunk_0,500000,30,ndzip shuffle=bit,primary,0.0829439983,-1,3.55247181,2.444288,1
fields/00167__plt00106__tracer1.f32__c0011__dt-f32/chunk_0,500000,35,spratio,primary,0.220863998,-1,1.77053817,4.95875,1
fields/00167__plt00106__tracer1.f32__c0013__dt-f32/chunk_0,500000,30,ndzip shuffle=bit,primary,0.0819199979,-1,3.55247181,2.443264,1
fields/00167__plt00106__tracer1.f32__c0005__dt-f32/chunk_0,500000,30,ndzip shuffle=bit,primary,0.0808959976,-1,3.55247181,2.44224,1
fields/00167__plt00106__tracer1.f32__c0007__dt-f32/chunk_0,500000,30,ndzip shuffle=bit,primary,0.0808959976,-1,3.55247181,2.44224,1
fields/00168__plt00106__tracer2.f32__c0003__dt-f32/chunk_0,500000,30,ndzip shuffle=bit,primary,0.145408005,-1,3.55247181,2.506752,1
fields/00168__plt00106__tracer2.f32__c0005__dt-f32/chunk_0,500000,29,ndzip,primary,0.138239995,-1,1.63210365,5.27799199,1
fields/00167__plt00106__tracer1.f32__c0015__dt-f32/chunk_0,500000,30,ndzip shuffle=bit,primary,0.0788479969,-1,3.55247181,2.440192,1
fields/00168__plt00106__tracer2.f32__c0001__dt-f32/chunk_0,500000,30,ndzip shuffle=bit,primary,0.171008006,-1,3.55247181,2.53235201,1
fields/00168__plt00106__tracer2.f32__c0007__dt-f32/chunk_0,500000,35,spratio,primary,0.223455995,-1,1.78184477,4.931278,1
fields/00168__plt00106__tracer2.f32__c0011__dt-f32/chunk_0,500000,30,ndzip shuffle=bit,primary,0.0808959976,-1,3.55247181,2.44224,1
fields/00168__plt00106__tracer2.f32__c0013__dt-f32/chunk_0,500000,29,ndzip,primary,0.0696320012,-1,1.636352,5.19604,1
fields/00168__plt00106__tracer2.f32__c0009__dt-f32/chunk_0,500000,30,ndzip shuffle=bit,primary,0.0808959976,-1,3.55247181,2.44224,1
fields/00168__plt00106__tracer2.f32__c0015__dt-f32/chunk_0,500000,29,ndzip,primary,0.0655359998,-1,1.62509202,5.227464,1
fields/00169__plt00106__velz.f32__c0003__dt-f32/chunk_0,500000,29,ndzip,primary,0.0798719972,-1,1.50668728,5.647456,1
fields/00169__plt00106__velz.f32__c0005__dt-f32/chunk_0,500000,29,ndzip,primary,0.0727040023,-1,1.4868378,5.714616,1
fields/00169__plt00106__velz.f32__c0007__dt-f32/chunk_0,500000,29,ndzip,primary,0.0727040023,-1,1.40307758,6.051424,1
fields/00169__plt00106__velz.f32__c0001__dt-f32/chunk_0,500000,29,ndzip,primary,0.0696320012,-1,1.50899865,5.628688,1
fields/00170__plt00116__density.f32__c0001__dt-f32/chunk_0,500000,29,ndzip,primary,0.0675840005,-1,30.3407407,0.344064001,1
fields/00169__plt00106__velz.f32__c0011__dt-f32/chunk_0,500000,29,ndzip,primary,0.0911360011,-1,1.44153379,5.91036,1
fields/00169__plt00106__velz.f32__c0009__dt-f32/chunk_0,500000,29,ndzip,primary,0.0686080009,-1,1.34690805,6.296656,1
fields/00169__plt00106__velz.f32__c0015__dt-f32/chunk_0,500000,29,ndzip,primary,0.119808003,-1,1.48313437,5.775808,1
fields/00170__plt00116__density.f32__c0003__dt-f32/chunk_0,500000,29,ndzip,primary,0.0378880017,-1,30.3407407,0.314368002,1
fields/00170__plt00116__density.f32__c0005__dt-f32/chunk_0,500000,29,ndzip,primary,0.0542719997,-1,7.83759381,1.124576,1
fields/00170__plt00116__density.f32__c0013__dt-f32/chunk_0,500000,29,ndzip,primary,0.047104001,-1,25.4409938,0.376832001,1
fields/00170__plt00116__density.f32__c0009__dt-f32/chunk_0,500000,29,ndzip,primary,0.0593920015,-1,4.77717691,1.815368,1
fields/00170__plt00116__density.f32__c0011__dt-f32/chunk_0,500000,29,ndzip,primary,0.0511999987,-1,25.4409938,0.380927999,1
fields/00170__plt00116__density.f32__c0007__dt-f32/chunk_0,500000,35,spratio,primary,0.0885120034,-1,6.16426865,1.449356,1
fields/00169__plt00106__velz.f32__c0013__dt-f32/chunk_0,500000,29,ndzip,primary,0.0665600002,-1,1.47730872,5.744864,1
fields/00171__plt00116__tracer0.f32__c0001__dt-f32/chunk_0,500000,39,spspeed shuffle=bit,primary,0.103231996,-1,3.9762014,2.212936,1
fields/00170__plt00116__density.f32__c0015__dt-f32/chunk_0,500000,29,ndzip,primary,0.035840001,-1,25.4409938,0.365568001,1
fields/00171__plt00116__tracer0.f32__c0009__dt-f32/chunk_0,500000,30,ndzip shuffle=bit,primary,0.0860159993,-1,3.55247181,2.44736,1
fields/00171__plt00116__tracer0.f32__c0003__dt-f32/chunk_0,500000,30,ndzip shuffle=bit,primary,0.0798719972,-1,3.55247181,2.441216,1
fields/00171__plt00116__tracer0.f32__c0011__dt-f32/chunk_0,500000,30,ndzip shuffle=bit,primary,0.0819199979,-1,3.55247181,2.443264,1
fields/00171__plt00116__tracer0.f32__c0007__dt-f32/chunk_0,500000,29,ndzip,primary,0.108543999,-1,1.639681,5.224544,1
fields/00171__plt00116__tracer0.f32__c0013__dt-f32/chunk_0,500000,29,ndzip,primary,0.0686080009,-1,1.636352,5.195016,1
fields/00171__plt00116__tracer0.f32__c0005__dt-f32/chunk_0,500000,29,ndzip,primary,0.0870399997,-1,1.63210365,5.226792,1
fields/00171__plt00116__tracer0.f32__c0015__dt-f32/chunk_0,500000,29,ndzip,primary,0.0737280026,-1,1.62509202,5.235656,1
fields/00172__plt00116__tracer1.f32__c0001__dt-f32/chunk_0,500000,35,spratio,primary,0.296736002,-1,1.77352831,5.026634,1
fields/00172__plt00116__tracer1.f32__c0003__dt-f32/chunk_0,500000,29,ndzip,primary,0.110592,-1,1.61879488,5.2926,1
fields/00172__plt00116__tracer1.f32__c0005__dt-f32/chunk_0,500000,30,ndzip shuffle=bit,primary,0.0819199979,-1,3.55247181,2.443264,1
fields/00172__plt00116__tracer1.f32__c0015__dt-f32/chunk_0,500000,30,ndzip shuffle=bit,primary,0.0983040035,-1,3.55247181,2.459648,1
fields/00172__plt00116__tracer1.f32__c0007__dt-f32/chunk_0,500000,30,ndzip shuffle=bit,primary,0.0829439983,-1,3.55247181,2.444288,1
fields/00172__plt00116__tracer1.f32__c0013__dt-f32/chunk_0,500000,30,ndzip shuffle=bit,primary,0.168960005,-1,3.55247181,2.53030401,1
fields/00172__plt00116__tracer1.f32__c0009__dt-f32/chunk_0,500000,35,spratio,primary,0.389344007,-1,1.76718722,5.13621401,1
fields/00172__plt00116__tracer1.f32__c0011__dt-f32/chunk_0,500000,29,ndzip,primary,0.183295995,-1,1.62773579,5.33683999,1
fields/00173__plt00116__tracer2.f32__c0003__dt-f32/chunk_0,500000,30,ndzip shuffle=bit,primary,0.0819199979,-1,3.55247181,2.443264,1
fields/00173__plt00116__tracer2.f32__c0001__dt-f32/chunk_0,500000,30,ndzip shuffle=bit,primary,0.0931840017,-1,3.55247181,2.454528,1
fields/00173__plt00116__tracer2.f32__c0005__dt-f32/chunk_0,500000,29,ndzip,primary,0.0870399997,-1,1.63210365,5.226792,1
fields/00173__plt00116__tracer2.f32__c0009__dt-f32/chunk_0,500000,30,ndzip shuffle=bit,primary,0.110592,-1,3.55247181,2.471936,1
fields/00173__plt00116__tracer2.f32__c0007__dt-f32/chunk_0,500000,29,ndzip,primary,0.0890880004,-1,1.639681,5.205088,1
fields/00173__plt00116__tracer2.f32__c0013__dt-f32/chunk_0,500000,29,ndzip,primary,0.125952005,-1,1.636352,5.25236001,1
fields/00173__plt00116__tracer2.f32__c0011__dt-f32/chunk_0,500000,30,ndzip shuffle=bit,primary,0.181247994,-1,3.55247181,2.54259199,1
fields/00174__plt00116__velz.f32__c0005__dt-f32/chunk_0,500000,29,ndzip,primary,0.0839679986,-1,1.49857371,5.681696,1
fields/00174__plt00116__velz.f32__c0001__dt-f32/chunk_0,500000,29,ndzip,primary,0.0716800019,-1,1.51181393,5.620384,1
fields/00174__plt00116__velz.f32__c0003__dt-f32/chunk_0,500000,29,ndzip,primary,0.0696320012,-1,1.50410892,5.64676,1
fields/00174__plt00116__velz.f32__c0009__dt-f32/chunk_0,500000,29,ndzip,primary,0.0962560028,-1,1.34416622,6.337008,1
fields/00173__plt00116__tracer2.f32__c0015__dt-f32/chunk_0,500000,29,ndzip,primary,0.0665600002,-1,1.62509202,5.228488,1
fields/00174__plt00116__velz.f32__c0011__dt-f32/chunk_0,500000,29,ndzip,primary,0.0768000036,-1,1.43649009,5.916456,1
fields/00174__plt00116__velz.f32__c0007__dt-f32/chunk_0,500000,29,ndzip,primary,0.074752003,-1,1.40579195,6.041928,1
fields/00175__plt00126__density.f32__c0003__dt-f32/chunk_0,500000,29,ndzip,primary,0.0491520017,-1,30.166168,0.327232002,1
fields/00174__plt00116__velz.f32__c0015__dt-f32/chunk_0,500000,29,ndzip,primary,0.0716800019,-1,1.48277574,5.729048,1
fields/00174__plt00116__velz.f32__c0013__dt-f32/chunk_0,500000,29,ndzip,primary,0.074752003,-1,1.47540259,5.760392,1
fields/00175__plt00126__density.f32__c0005__dt-f32/chunk_0,500000,29,ndzip,primary,0.0901120007,-1,7.4065577,1.222704,1
fields/00175__plt00126__density.f32__c0007__dt-f32/chunk_0,500000,35,spratio,primary,0.231360003,-1,6.08751511,1.609362,1
fields/00175__plt00126__density.f32__c0001__dt-f32/chunk_0,500000,29,ndzip,primary,0.0706560016,-1,30.3407407,0.347136002,1
fields/00175__plt00126__density.f32__c0011__dt-f32/chunk_0,500000,29,ndzip,primary,0.0389119983,-1,25.4409938,0.368639998,1
fields/00175__plt00126__density.f32__c0013__dt-f32/chunk_0,500000,29,ndzip,primary,0.0378880017,-1,25.4409938,0.367616002,1
fields/00175__plt00126__density.f32__c0009__dt-f32/chunk_0,500000,29,ndzip,primary,0.0727040023,-1,4.05546123,2.141176,1
fields/00175__plt00126__density.f32__c0015__dt-f32/chunk_0,500000,29,ndzip,primary,0.0778239965,-1,25.4409938,0.407551997,1
fields/00176__plt00126__tracer0.f32__c0001__dt-f32/chunk_0,500000,39,spspeed shuffle=bit,primary,0.115680002,-1,3.9762014,2.225384,1
fields/00176__plt00126__tracer0.f32__c0009__dt-f32/chunk_0,500000,30,ndzip shuffle=bit,primary,0.0798719972,-1,3.55247181,2.441216,1
fields/00176__plt00126__tracer0.f32__c0005__dt-f32/chunk_0,500000,35,spratio,primary,0.155136004,-1,1.77573357,4.87916,1
fields/00176__plt00126__tracer0.f32__c0007__dt-f32/chunk_0,500000,35,spratio,primary,0.0729599968,-1,1.78184477,4.780782,1
fields/00176__plt00126__tracer0.f32__c0011__dt-f32/chunk_0,500000,30,ndzip shuffle=bit,primary,0.0788479969,-1,3.55247181,2.440192,1
fields/00176__plt00126__tracer0.f32__c0003__dt-f32/chunk_0,500000,30,ndzip shuffle=bit,primary,0.0808959976,-1,3.55247181,2.44224,1
fields/00176__plt00126__tracer0.f32__c0015__dt-f32/chunk_0,500000,35,spratio,primary,0.239327997,-1,1.77308671,4.970404,1
fields/00177__plt00126__tracer1.f32__c0001__dt-f32/chunk_0,500000,29,ndzip,primary,0.100351997,-1,1.6246086,5.263816,1
fields/00176__plt00126__tracer0.f32__c0013__dt-f32/chunk_0,500000,35,spratio,primary,0.247040004,-1,1.78342445,4.950692,1
fields/00177__plt00126__tracer1.f32__c0003__dt-f32/chunk_0,500000,35,spratio,primary,0.128703997,-1,1.76687753,4.876406,1
fields/00177__plt00126__tracer1.f32__c0005__dt-f32/chunk_0,500000,30,ndzip shuffle=bit,primary,0.0839679986,-1,3.55247181,2.445312,1
fields/00177__plt00126__tracer1.f32__c0009__dt-f32/chunk_0,500000,29,ndzip,primary,0.114688002,-1,1.62062879,5.290832,1
fields/00177__plt00126__tracer1.f32__c0007__dt-f32/chunk_0,500000,30,ndzip shuffle=bit,primary,0.0921600014,-1,3.55247181,2.453504,1
fields/00177__plt00126__tracer1.f32__c0011__dt-f32/chunk_0,500000,29,ndzip,primary,0.0778239965,-1,1.62773579,5.231368,1
fields/00178__plt00126__tracer2.f32__c0003__dt-f32/chunk_0,500000,39,spspeed shuffle=bit,primary,0.100703999,-1,3.9762014,2.210408,1
fields/00177__plt00126__tracer1.f32__c0013__dt-f32/chunk_0,500000,30,ndzip shuffle=bit,primary,0.0778239965,-1,3.55247181,2.439168,1
fields/00178__plt00126__tracer2.f32__c0005__dt-f32/chunk_0,500000,29,ndzip,primary,0.0921600014,-1,1.63210365,5.231912,1
fields/00177__plt00126__tracer1.f32__c0015__dt-f32/chunk_0,500000,30,ndzip shuffle=bit,primary,0.0839679986,-1,3.55247181,2.445312,1
fields/00178__plt00126__tracer2.f32__c0001__dt-f32/chunk_0,500000,30,ndzip shuffle=bit,primary,0.0829439983,-1,3.55247181,2.444288,1
fields/00178__plt00126__tracer2.f32__c0007__dt-f32/chunk_0,500000,29,ndzip,primary,0.0819199979,-1,1.639681,5.19792,1
fields/00178__plt00126__tracer2.f32__c0009__dt-f32/chunk_0,500000,30,ndzip shuffle=bit,primary,0.0829439983,-1,3.55247181,2.444288,1
fields/00178__plt00126__tracer2.f32__c0013__dt-f32/chunk_0,500000,29,ndzip,primary,0.182272002,-1,1.636352,5.30868,1
fields/00178__plt00126__tracer2.f32__c0011__dt-f32/chunk_0,500000,30,ndzip shuffle=bit,primary,0.134143993,-1,3.55247181,2.49548799,1
fields/00179__plt00126__velz.f32__c0001__dt-f32/chunk_0,500000,29,ndzip,primary,0.0706560016,-1,1.51277579,5.615832,1
fields/00178__plt00126__tracer2.f32__c0015__dt-f32/chunk_0,500000,35,spratio,primary,0.456223994,-1,1.77308671,5.18729999,1
fields/00179__plt00126__velz.f32__c0003__dt-f32/chunk_0,500000,29,ndzip,primary,0.104447998,-1,1.50387163,5.682456,1
fields/00179__plt00126__velz.f32__c0005__dt-f32/chunk_0,500000,35,spratio,primary,0.238591999,-1,1.6310152,5.381774,1
fields/00179__plt00126__velz.f32__c0015__dt-f32/chunk_0,500000,29,ndzip,primary,0.084991999,-1,1.48122575,5.74828,1
fields/00179__plt00126__velz.f32__c0011__dt-f32/chunk_0,500000,29,ndzip,primary,0.0768000036,-1,1.4292923,5.945864,1
fields/00179__plt00126__velz.f32__c0007__dt-f32/chunk_0,500000,29,ndzip,primary,0.0757760033,-1,1.40851874,6.0314,1
fields/00180__plt00136__density.f32__c0003__dt-f32/chunk_0,500000,29,ndzip,primary,0.131072,-1,27.1174097,0.440416,1
fields/00179__plt00126__velz.f32__c0013__dt-f32/chunk_0,500000,29,ndzip,primary,0.0737280026,-1,1.4721009,5.77212,1
fields/00179__plt00126__velz.f32__c0009__dt-f32/chunk_0,500000,29,ndzip,primary,0.074752003,-1,1.34179771,6.32652,1
fields/00180__plt00136__density.f32__c0001__dt-f32/chunk_0,500000,29,ndzip,primary,0.145408005,-1,30.3407407,0.421888005,1
fields/00180__plt00136__density.f32__c0007__dt-f32/chunk_0,500000,29,ndzip,primary,0.084991999,-1,3.94096313,2.21356,1
fields/00180__plt00136__density.f32__c0009__dt-f32/chunk_0,500000,35,spratio,primary,0.221791998,-1,4.8515144,1.950862,1
fields/00180__plt00136__density.f32__c0011__dt-f32/chunk_0,500000,29,ndzip,primary,0.0378880017,-1,25.4409938,0.367616002,1
fields/00180__plt00136__density.f32__c0005__dt-f32/chunk_0,500000,29,ndzip,primary,0.0583680011,-1,7.26462519,1.213088,1
fields/00180__plt00136__density.f32__c0013__dt-f32/chunk_0,500000,29,ndzip,primary,0.0337920003,-1,25.4409938,0.36352,1
fields/00180__plt00136__density.f32__c0015__dt-f32/chunk_0,500000,29,ndzip,primary,0.035840001,-1,25.4409938,0.365568001,1
fields/00181__plt00136__tracer0.f32__c0003__dt-f32/chunk_0,500000,30,ndzip shuffle=bit,primary,0.0972800031,-1,3.55247181,2.458624,1
fields/00181__plt00136__tracer0.f32__c0005__dt-f32/chunk_0,500000,29,ndzip,primary,0.0778239965,-1,1.63210365,5.217576,1
fields/00181__plt00136__tracer0.f32__c0001__dt-f32/chunk_0,500000,30,ndzip shuffle=bit,primary,0.101375997,-1,3.55247181,2.46272,1
fields/00181__plt00136__tracer0.f32__c0013__dt-f32/chunk_0,500000,35,spratio,primary,0.0839039981,-1,1.78342445,4.787556,1
fields/00181__plt00136__tracer0.f32__c0007__dt-f32/chunk_0,500000,29,ndzip,primary,0.0962560028,-1,1.639681,5.212256,1
fields/00181__plt00136__tracer0.f32__c0015__dt-f32/chunk_0,500000,29,ndzip,primary,0.0696320012,-1,1.62509202,5.23156,1
fields/00181__plt00136__tracer0.f32__c0009__dt-f32/chunk_0,500000,30,ndzip shuffle=bit,primary,0.0808959976,-1,3.55247181,2.44224,1
fields/00182__plt00136__tracer1.f32__c0007__dt-f32/chunk_0,500000,30,ndzip shuffle=bit,primary,0.0808959976,-1,3.55247181,2.44224,1
fields/00181__plt00136__tracer0.f32__c0011__dt-f32/chunk_0,500000,30,ndzip shuffle=bit,primary,0.100351997,-1,3.55247181,2.461696,1
fields/00182__plt00136__tracer1.f32__c0009__dt-f32/chunk_0,500000,35,spratio,primary,0.325823992,-1,1.76718722,5.07269399,1
fields/00182__plt00136__tracer1.f32__c0001__dt-f32/chunk_0,500000,35,spratio,primary,0.291584015,-1,1.77352831,5.02148201,1
fields/00182__plt00136__tracer1.f32__c0011__dt-f32/chunk_0,500000,29,ndzip,primary,0.109568,-1,1.62773579,5.263112,1
fields/00182__plt00136__tracer1.f32__c0003__dt-f32/chunk_0,500000,29,ndzip,primary,0.0757760033,-1,1.61879488,5.257784,1
fields/00182__plt00136__tracer1.f32__c0013__dt-f32/chunk_0,500000,30,ndzip shuffle=bit,primary,0.140287995,-1,3.55247181,2.501632,1
fields/00182__plt00136__tracer1.f32__c0005__dt-f32/chunk_0,500000,30,ndzip shuffle=bit,primary,0.0819199979,-1,3.55247181,2.443264,1
fields/00183__plt00136__tracer2.f32__c0001__dt-f32/chunk_0,500000,30,ndzip shuffle=bit,primary,0.120832004,-1,3.55247181,2.482176,1
fields/00182__plt00136__tracer1.f32__c0015__dt-f32/chunk_0,500000,30,ndzip shuffle=bit,primary,0.108543999,-1,3.55247181,2.469888,1
fields/00183__plt00136__tracer2.f32__c0005__dt-f32/chunk_0,500000,29,ndzip,primary,0.0757760033,-1,1.63210365,5.215528,1
fields/00183__plt00136__tracer2.f32__c0011__dt-f32/chunk_0,500000,30,ndzip shuffle=bit,primary,0.160768002,-1,3.55247181,2.522112,1
fields/00183__plt00136__tracer2.f32__c0003__dt-f32/chunk_0,500000,30,ndzip shuffle=bit,primary,0.0890880004,-1,3.55247181,2.450432,1
fields/00183__plt00136__tracer2.f32__c0015__dt-f32/chunk_0,500000,35,spratio,primary,0.291007996,-1,1.77308671,5.022084,1
fields/00183__plt00136__tracer2.f32__c0013__dt-f32/chunk_0,500000,29,ndzip,primary,0.136191994,-1,1.636352,5.26259999,1
fields/00184__plt00136__velz.f32__c0003__dt-f32/chunk_0,500000,29,ndzip,primary,0.0737280026,-1,1.50576558,5.64472,1
fields/00183__plt00136__tracer2.f32__c0007__dt-f32/chunk_0,500000,29,ndzip,primary,0.0757760033,-1,1.639681,5.191776,1
fields/00184__plt00136__velz.f32__c0001__dt-f32/chunk_0,500000,35,spratio,primary,0.0862720013,-1,1.6163669,5.276064,1
fields/00183__plt00136__tracer2.f32__c0009__dt-f32/chunk_0,500000,39,spspeed shuffle=bit,primary,0.261503994,-1,3.9762014,2.37120799,1
fields/00184__plt00136__velz.f32__c0007__dt-f32/chunk_0,500000,35,spratio,primary,0.224352002,-1,1.51481861,5.76205,1
fields/00184__plt00136__velz.f32__c0009__dt-f32/chunk_0,500000,29,ndzip,primary,0.0890880004,-1,1.34041694,6.347296,1
fields/00184__plt00136__velz.f32__c0005__dt-f32/chunk_0,500000,35,spratio,primary,0.237568006,-1,1.64737886,5.32966201,1
fields/00184__plt00136__velz.f32__c0013__dt-f32/chunk_0,500000,29,ndzip,primary,0.0921600014,-1,1.46801609,5.806408,1
fields/00185__plt00147__density.f32__c0003__dt-f32/chunk_0,500000,29,ndzip,primary,0.0552960001,-1,21.2770586,0.449552,1
fields/00185__plt00147__density.f32__c0001__dt-f32/chunk_0,500000,29,ndzip,primary,0.044032,-1,30.3407407,0.320512,1
fields/00184__plt00136__velz.f32__c0011__dt-f32/chunk_0,500000,29,ndzip,primary,0.0686080009,-1,1.42211806,5.96728,1
fields/00185__plt00147__density.f32__c0007__dt-f32/chunk_0,500000,35,spratio,primary,0.27632001,-1,5.74759815,1.73581801,1
fields/00184__plt00136__velz.f32__c0015__dt-f32/chunk_0,500000,29,ndzip,primary,0.0696320012,-1,1.48092032,5.734088,1
fields/00185__plt00147__density.f32__c0009__dt-f32/chunk_0,500000,35,spratio,primary,0.082911998,-1,4.26680556,2.048928,1
fields/00185__plt00147__density.f32__c0015__dt-f32/chunk_0,500000,29,ndzip,primary,0.0378880017,-1,25.4409938,0.367616002,1
fields/00185__plt00147__density.f32__c0011__dt-f32/chunk_0,500000,29,ndzip,primary,0.0419839993,-1,25.4409938,0.371711999,1
fields/00185__plt00147__density.f32__c0013__dt-f32/chunk_0,500000,29,ndzip,primary,0.0368640013,-1,25.4409938,0.366592001,1
fields/00185__plt00147__density.f32__c0005__dt-f32/chunk_0,500000,29,ndzip,primary,0.0593920015,-1,7.20522229,1.223632,1
fields/00186__plt00147__tracer0.f32__c0003__dt-f32/chunk_0,500000,30,ndzip shuffle=bit,primary,0.0942080021,-1,3.55247181,2.455552,1
fields/00186__plt00147__tracer0.f32__c0001__dt-f32/chunk_0,500000,30,ndzip shuffle=bit,primary,0.0901120007,-1,3.55247181,2.451456,1
fields/00186__plt00147__tracer0.f32__c0007__dt-f32/chunk_0,500000,29,ndzip,primary,0.0706560016,-1,1.639681,5.186656,1
fields/00186__plt00147__tracer0.f32__c0013__dt-f32/chunk_0,500000,35,spratio,primary,0.0866559967,-1,1.78342445,4.790308,1
fields/00186__plt00147__tracer0.f32__c0005__dt-f32/chunk_0,500000,35,spratio,primary,0.119135998,-1,1.77573357,4.84316,1
fields/00186__plt00147__tracer0.f32__c0011__dt-f32/chunk_0,500000,30,ndzip shuffle=bit,primary,0.0839679986,-1,3.55247181,2.445312,1
fields/00187__plt00147__tracer1.f32__c0005__dt-f32/chunk_0,500000,30,ndzip shuffle=bit,primary,0.0829439983,-1,3.55247181,2.444288,1
fields/00186__plt00147__tracer0.f32__c0015__dt-f32/chunk_0,500000,35,spratio,primary,0.0688000023,-1,1.77308671,4.799876,1
fields/00187__plt00147__tracer1.f32__c0001__dt-f32/chunk_0,500000,35,spratio,primary,0.0870399997,-1,1.77352831,4.816938,1
fields/00186__plt00147__tracer0.f32__c0009__dt-f32/chunk_0,500000,30,ndzip shuffle=bit,primary,0.0788479969,-1,3.55247181,2.440192,1
fields/00187__plt00147__tracer1.f32__c0003__dt-f32/chunk_0,500000,29,ndzip,primary,0.0829439983,-1,1.61879488,5.264952,1
fields/00187__plt00147__tracer1.f32__c0007__dt-f32/chunk_0,500000,30,ndzip shuffle=bit,primary,0.106495999,-1,3.55247181,2.46784,1
fields/00187__plt00147__tracer1.f32__c0009__dt-f32/chunk_0,500000,35,spratio,primary,0.0769919977,-1,1.76718722,4.823862,1
fields/00188__plt00147__tracer2.f32__c0001__dt-f32/chunk_0,500000,30,ndzip shuffle=bit,primary,0.0931840017,-1,3.55247181,2.454528,1
fields/00187__plt00147__tracer1.f32__c0013__dt-f32/chunk_0,500000,30,ndzip shuffle=bit,primary,0.171008006,-1,3.55247181,2.53235201,1
fields/00187__plt00147__tracer1.f32__c0015__dt-f32/chunk_0,500000,30,ndzip shuffle=bit,primary,0.0808959976,-1,3.55247181,2.44224,1
fields/00187__plt00147__tracer1.f32__c0011__dt-f32/chunk_0,500000,35,spratio,primary,0.580928028,-1,1.77053817,5.31881403,1
fields/00188__plt00147__tracer2.f32__c0003__dt-f32/chunk_0,500000,30,ndzip shuffle=bit,primary,0.144383997,-1,3.55247181,2.505728,1
fields/00188__plt00147__tracer2.f32__c0007__dt-f32/chunk_0,500000,29,ndzip,primary,0.0983040035,-1,1.639681,5.214304,1
fields/00188__plt00147__tracer2.f32__c0005__dt-f32/chunk_0,500000,29,ndzip,primary,0.112640001,-1,1.63210365,5.252392,1
fields/00188__plt00147__tracer2.f32__c0009__dt-f32/chunk_0,500000,30,ndzip shuffle=bit,primary,0.0921600014,-1,3.55247181,2.453504,1
fields/00188__plt00147__tracer2.f32__c0011__dt-f32/chunk_0,500000,30,ndzip shuffle=bit,primary,0.0808959976,-1,3.55247181,2.44224,1
fields/00188__plt00147__tracer2.f32__c0013__dt-f32/chunk_0,500000,29,ndzip,primary,0.0860159993,-1,1.636352,5.212424,1
fields/00189__plt00147__velz.f32__c0003__dt-f32/chunk_0,500000,29,ndzip,primary,0.0757760033,-1,1.51138029,5.626072,1
fields/00189__plt00147__velz.f32__c0005__dt-f32/chunk_0,500000,35,spratio,primary,0.220063999,-1,1.65982077,5.273988,1
fields/00188__plt00147__tracer2.f32__c0015__dt-f32/chunk_0,500000,29,ndzip,primary,0.0768000036,-1,1.62509202,5.238728,1
fields/00189__plt00147__velz.f32__c0001__dt-f32/chunk_0,500000,29,ndzip,primary,0.0778239965,-1,1.51477758,5.615672,1
fields/00189__plt00147__velz.f32__c0007__dt-f32/chunk_0,500000,35,spratio,primary,0.256608009,-1,1.51628569,5.78894801,1
fields/00189__plt00147__velz.f32__c0013__dt-f32/chunk_0,500000,29,ndzip,primary,0.0624639988,-1,1.46494993,5.788672,1
fields/00189__plt00147__velz.f32__c0009__dt-f32/chunk_0,500000,29,ndzip,primary,0.0706560016,-1,1.33921002,6.334504,1
fields/00190__plt00159__density.f32__c0003__dt-f32/chunk_0,500000,29,ndzip,primary,0.0501759984,-1,15.2564528,0.600015998,1
fields/00189__plt00147__velz.f32__c0015__dt-f32/chunk_0,500000,29,ndzip,primary,0.0686080009,-1,1.48112114,5.732296,1
fields/00189__plt00147__velz.f32__c0011__dt-f32/chunk_0,500000,29,ndzip,primary,0.0675840005,-1,1.4137792,6.001048,1
fields/00190__plt00159__density.f32__c0001__dt-f32/chunk_0,500000,29,ndzip,primary,0.047104001,-1,30.3407407,0.323584001,1
fields/00190__plt00159__density.f32__c0007__dt-f32/chunk_0,500000,35,spratio,primary,0.0870719999,-1,5.49672566,1.613182,1
fields/00190__plt00159__density.f32__c0005__dt-f32/chunk_0,500000,29,ndzip,primary,0.0511999987,-1,7.19039978,1.21784,1
fields/00190__plt00159__density.f32__c0013__dt-f32/chunk_0,500000,29,ndzip,primary,0.0368640013,-1,25.4409938,0.366592001,1
fields/00190__plt00159__density.f32__c0009__dt-f32/chunk_0,500000,35,spratio,primary,0.284832001,-1,3.83811889,2.470436,1
fields/00190__plt00159__density.f32__c0015__dt-f32/chunk_0,500000,29,ndzip,primary,0.0378880017,-1,25.4409938,0.367616002,1
fields/00190__plt00159__density.f32__c0011__dt-f32/chunk_0,500000,29,ndzip,primary,0.0337920003,-1,25.4409938,0.36352,1
fields/00191__plt00159__tracer0.f32__c0011__dt-f32/chunk_0,500000,30,ndzip shuffle=bit,primary,0.0819199979,-1,3.55247181,2.443264,1
fields/00191__plt00159__tracer0.f32__c0001__dt-f32/chunk_0,500000,30,ndzip shuffle=bit,primary,0.0778239965,-1,3.55247181,2.439168,1
fields/00191__plt00159__tracer0.f32__c0003__dt-f32/chunk_0,500000,30,ndzip shuffle=bit,primary,0.0778239965,-1,3.55247181,2.439168,1
fields/00191__plt00159__tracer0.f32__c0005__dt-f32/chunk_0,500000,29,ndzip,primary,0.100351997,-1,1.63210365,5.240104,1
fields/00191__plt00159__tracer0.f32__c0007__dt-f32/chunk_0,500000,29,ndzip,primary,0.0931840017,-1,1.639681,5.209184,1
fields/00191__plt00159__tracer0.f32__c0013__dt-f32/chunk_0,500000,35,spratio,primary,0.306304008,-1,1.78342445,5.00995601,1
fields/00191__plt00159__tracer0.f32__c0015__dt-f32/chunk_0,500000,29,ndzip,primary,0.101375997,-1,1.62509202,5.263304,1
fields/00191__plt00159__tracer0.f32__c0009__dt-f32/chunk_0,500000,30,ndzip shuffle=bit,primary,0.0819199979,-1,3.55247181,2.443264,1
fields/00192__plt00159__tracer1.f32__c0001__dt-f32/chunk_0,500000,35,spratio,primary,0.0739519969,-1,1.77352831,4.80385,1
fields/00192__plt00159__tracer1.f32__c0003__dt-f32/chunk_0,500000,35,spratio,primary,0.435072005,-1,1.76687753,5.182774,1
fields/00192__plt00159__tracer1.f32__c0009__dt-f32/chunk_0,500000,29,ndzip,primary,0.0757760033,-1,1.62062879,5.25192,1
fields/00192__plt00159__tracer1.f32__c0005__dt-f32/chunk_0,500000,30,ndzip shuffle=bit,primary,0.164864004,-1,3.55247181,2.526208,1
fields/00192__plt00159__tracer1.f32__c0011__dt-f32/chunk_0,500000,29,ndzip,primary,0.117760003,-1,1.62773579,5.271304,1
fields/00192__plt00159__tracer1.f32__c0007__dt-f32/chunk_0,500000,30,ndzip shuffle=bit,primary,0.0757760033,-1,3.55247181,2.43712,1
fields/00193__plt00159__tracer2.f32__c0001__dt-f32/chunk_0,500000,30,ndzip shuffle=bit,primary,0.144383997,-1,3.55247181,2.505728,1
fields/00192__plt00159__tracer1.f32__c0015__dt-f32/chunk_0,500000,30,ndzip shuffle=bit,primary,0.0931840017,-1,3.55247181,2.454528,1
fields/00192__plt00159__tracer1.f32__c0013__dt-f32/chunk_0,500000,30,ndzip shuffle=bit,primary,0.116736002,-1,3.55247181,2.47808,1
fields/00193__plt00159__tracer2.f32__c0003__dt-f32/chunk_0,500000,30,ndzip shuffle=bit,primary,0.123903997,-1,3.55247181,2.485248,1
fields/00193__plt00159__tracer2.f32__c0009__dt-f32/chunk_0,500000,30,ndzip shuffle=bit,primary,0.0768000036,-1,3.55247181,2.438144,1
fields/00193__plt00159__tracer2.f32__c0007__dt-f32/chunk_0,500000,29,ndzip,primary,0.0921600014,-1,1.639681,5.20816,1
fields/00193__plt00159__tracer2.f32__c0011__dt-f32/chunk_0,500000,30,ndzip shuffle=bit,primary,0.0911360011,-1,3.55247181,2.45248,1
fields/00193__plt00159__tracer2.f32__c0005__dt-f32/chunk_0,500000,29,ndzip,primary,0.088064,-1,1.63210365,5.227816,1
fields/00194__plt00159__velz.f32__c0001__dt-f32/chunk_0,500000,29,ndzip,primary,0.074752003,-1,1.51746295,5.6028,1
fields/00193__plt00159__tracer2.f32__c0013__dt-f32/chunk_0,500000,35,spratio,primary,0.321375996,-1,1.78342445,5.025028,1
fields/00194__plt00159__velz.f32__c0005__dt-f32/chunk_0,500000,29,ndzip,primary,0.0819199979,-1,1.5359745,5.543344,1
fields/00193__plt00159__tracer2.f32__c0015__dt-f32/chunk_0,500000,35,spratio,primary,0.0882560015,-1,1.77308671,4.819332,1
fields/00194__plt00159__velz.f32__c0011__dt-f32/chunk_0,500000,29,ndzip,primary,0.084991999,-1,1.40675947,6.048064,1
fields/00194__plt00159__velz.f32__c0009__dt-f32/chunk_0,500000,29,ndzip,primary,0.0860159993,-1,1.33798991,6.355576,1
fields/00194__plt00159__velz.f32__c0007__dt-f32/chunk_0,500000,29,ndzip,primary,0.084991999,-1,1.41155249,6.027816,1
fields/00194__plt00159__velz.f32__c0003__dt-f32/chunk_0,500000,35,spratio,primary,0.0861440003,-1,1.63342444,5.22174,1
fields/00194__plt00159__velz.f32__c0015__dt-f32/chunk_0,500000,35,spratio,primary,0.114335999,-1,1.57430429,5.44279,1
fields/00194__plt00159__velz.f32__c0013__dt-f32/chunk_0,500000,29,ndzip,primary,0.0870399997,-1,1.46305513,5.820664,1
fields/00195__plt00171__density.f32__c0001__dt-f32/chunk_0,500000,29,ndzip,primary,0.0378880017,-1,30.3407407,0.314368002,1
fields/00195__plt00171__density.f32__c0007__dt-f32/chunk_0,500000,35,spratio,primary,0.260224015,-1,5.22793464,1.86479801,1
fields/00195__plt00171__density.f32__c0003__dt-f32/chunk_0,500000,29,ndzip,primary,0.0481280014,-1,11.1876747,0.797936001,1
fields/00195__plt00171__density.f32__c0011__dt-f32/chunk_0,500000,29,ndzip,primary,0.0727040023,-1,25.4409938,0.402432002,1
fields/00195__plt00171__density.f32__c0005__dt-f32/chunk_0,500000,29,ndzip,primary,0.0593920015,-1,7.19222459,1.225736,1
fields/00195__plt00171__density.f32__c0013__dt-f32/chunk_0,500000,29,ndzip,primary,0.0337920003,-1,25.4409938,0.36352,1
fields/00195__plt00171__density.f32__c0009__dt-f32/chunk_0,500000,35,spratio,primary,0.0850239992,-1,3.62722696,2.397702,1
fields/00196__plt00171__tracer0.f32__c0001__dt-f32/chunk_0,500000,30,ndzip shuffle=bit,primary,0.084991999,-1,3.55247181,2.446336,1
fields/00196__plt00171__tracer0.f32__c0003__dt-f32/chunk_0,500000,30,ndzip shuffle=bit,primary,0.0798719972,-1,3.55247181,2.441216,1
fields/00195__plt00171__density.f32__c0015__dt-f32/chunk_0,500000,29,ndzip,primary,0.0368640013,-1,25.4409938,0.366592001,1
fields/00196__plt00171__tracer0.f32__c0005__dt-f32/chunk_0,500000,35,spratio,primary,0.341984004,-1,1.77573357,5.066008,1
fields/00196__plt00171__tracer0.f32__c0009__dt-f32/chunk_0,500000,30,ndzip shuffle=bit,primary,0.0983040035,-1,3.55247181,2.459648,1
fields/00196__plt00171__tracer0.f32__c0007__dt-f32/chunk_0,500000,29,ndzip,primary,0.0757760033,-1,1.639681,5.191776,1
fields/00196__plt00171__tracer0.f32__c0015__dt-f32/chunk_0,500000,29,ndzip,primary,0.0706560016,-1,1.62509202,5.232584,1
fields/00196__plt00171__tracer0.f32__c0013__dt-f32/chunk_0,500000,35,spratio,primary,0.362464011,-1,1.78342445,5.06611601,1
fields/00196__plt00171__tracer0.f32__c0011__dt-f32/chunk_0,500000,39,spspeed shuffle=bit,primary,0.109375998,-1,3.9762014,2.21908,1
fields/00197__plt00171__tracer1.f32__c0005__dt-f32/chunk_0,500000,30,ndzip shuffle=bit,primary,0.102399997,-1,3.55247181,2.463744,1
fields/00197__plt00171__tracer1.f32__c0001__dt-f32/chunk_0,500000,29,ndzip,primary,0.0819199979,-1,1.6246086,5.245384,1
fields/00197__plt00171__tracer1.f32__c0003__dt-f32/chunk_0,500000,29,ndzip,primary,0.0931840017,-1,1.61879488,5.275192,1
fields/00197__plt00171__tracer1.f32__c0007__dt-f32/chunk_0,500000,30,ndzip shuffle=bit,primary,0.0778239965,-1,3.55247181,2.439168,1
fields/00197__plt00171__tracer1.f32__c0011__dt-f32/chunk_0,500000,29,ndzip,primary,0.084991999,-1,1.62773579,5.238536,1
fields/00197__plt00171__tracer1.f32__c0015__dt-f32/chunk_0,500000,30,ndzip shuffle=bit,primary,0.25702399,-1,3.55247181,2.61836799,1
fields/00197__plt00171__tracer1.f32__c0009__dt-f32/chunk_0,500000,35,spratio,primary,0.284352005,-1,1.76718722,5.031222,1
fields/00198__plt00171__tracer2.f32__c0001__dt-f32/chunk_0,500000,30,ndzip shuffle=bit,primary,0.186368003,-1,3.55247181,2.547712,1
fields/00197__plt00171__tracer1.f32__c0013__dt-f32/chunk_0,500000,30,ndzip shuffle=bit,primary,0.0768000036,-1,3.55247181,2.438144,1
fields/00198__plt00171__tracer2.f32__c0005__dt-f32/chunk_0,500000,35,spratio,primary,0.0975039974,-1,1.77573357,4.821528,1
fields/00198__plt00171__tracer2.f32__c0011__dt-f32/chunk_0,500000,2,ans shuffle=byte,primary,0.794368029,-1,6.62707772,2.06017603,1
fields/00198__plt00171__tracer2.f32__c0009__dt-f32/chunk_0,500000,30,ndzip shuffle=bit,primary,0.0983040035,-1,3.55247181,2.459648,1
fields/00198__plt00171__tracer2.f32__c0003__dt-f32/chunk_0,500000,2,ans shuffle=byte,primary,0.746432006,-1,6.62707772,2.01224001,1
fields/00198__plt00171__tracer2.f32__c0007__dt-f32/chunk_0,500000,29,ndzip,primary,0.0727040023,-1,1.639681,5.188704,1
fields/00198__plt00171__tracer2.f32__c0013__dt-f32/chunk_0,500000,29,ndzip,primary,0.0778239965,-1,1.636352,5.204232,1
fields/00199__plt00171__velz.f32__c0007__dt-f32/chunk_0,500000,35,spratio,primary,0.188224003,-1,1.51634819,5.720336,1
fields/00199__plt00171__velz.f32__c0001__dt-f32/chunk_0,500000,29,ndzip,primary,0.0808959976,-1,1.51907214,5.603088,1
fields/00198__plt00171__tracer2.f32__c0015__dt-f32/chunk_0,500000,35,spratio,primary,0.318080008,-1,1.77308671,5.04915601,1
fields/00199__plt00171__velz.f32__c0003__dt-f32/chunk_0,500000,29,ndzip,primary,0.0921600014,-1,1.5312552,5.570416,1
fields/00199__plt00171__velz.f32__c0005__dt-f32/chunk_0,500000,35,spratio,primary,0.267360002,-1,1.64304481,5.372886,1
fields/00199__plt00171__velz.f32__c0015__dt-f32/chunk_0,500000,29,ndzip,primary,0.0706560016,-1,1.47717552,5.749472,1
fields/00199__plt00171__velz.f32__c0013__dt-f32/chunk_0,500000,29,ndzip,primary,0.0931840017,-1,1.46072556,5.835952,1
fields/00200__plt00184__density.f32__c0001__dt-f32/chunk_0,500000,29,ndzip,primary,0.0706560016,-1,30.3407407,0.347136002,1
fields/00199__plt00171__velz.f32__c0009__dt-f32/chunk_0,500000,29,ndzip,primary,0.0778239965,-1,1.3377441,6.348536,1
fields/00199__plt00171__velz.f32__c0011__dt-f32/chunk_0,500000,29,ndzip,primary,0.0819199979,-1,1.4020945,6.064832,1
fields/00200__plt00184__density.f32__c0005__dt-f32/chunk_0,500000,29,ndzip,primary,0.0573440008,-1,7.23205738,1.217264,1
fields/00200__plt00184__density.f32__c0003__dt-f32/chunk_0,500000,29,ndzip,primary,0.0542719997,-1,8.99740866,0.986608,1
fields/00200__plt00184__density.f32__c0007__dt-f32/chunk_0,500000,35,spratio,primary,0.232896,-1,4.94092174,1.930678,1
fields/00200__plt00184__density.f32__c0011__dt-f32/chunk_0,500000,29,ndzip,primary,0.0337920003,-1,25.4409938,0.36352,1
fields/00200__plt00184__density.f32__c0009__dt-f32/chunk_0,500000,35,spratio,primary,0.0775360018,-1,3.57835466,2.4218,1
fields/00200__plt00184__density.f32__c0013__dt-f32/chunk_0,500000,29,ndzip,primary,0.0389119983,-1,25.4409938,0.368639998,1
fields/00200__plt00184__density.f32__c0015__dt-f32/chunk_0,500000,29,ndzip,primary,0.0757760033,-1,25.4409938,0.405504003,1
fields/00201__plt00184__tracer0.f32__c0003__dt-f32/chunk_0,500000,30,ndzip shuffle=bit,primary,0.149504006,-1,3.55247181,2.51084801,1
fields/00201__plt00184__tracer0.f32__c0001__dt-f32/chunk_0,500000,30,ndzip shuffle=bit,primary,0.106495999,-1,3.55247181,2.46784,1
fields/00201__plt00184__tracer0.f32__c0005__dt-f32/chunk_0,500000,35,spratio,primary,0.102880001,-1,1.77573357,4.826904,1
fields/00201__plt00184__tracer0.f32__c0007__dt-f32/chunk_0,500000,35,spratio,primary,0.0766400024,-1,1.78184477,4.784462,1
fields/00201__plt00184__tracer0.f32__c0015__dt-f32/chunk_0,500000,35,spratio,primary,0.0895359963,-1,1.77308671,4.820612,1
fields/00201__plt00184__tracer0.f32__c0009__dt-f32/chunk_0,500000,2,ans shuffle=byte,primary,0.255423993,-1,6.62707772,1.52123199,1
fields/00202__plt00184__tracer1.f32__c0001__dt-f32/chunk_0,500000,35,spratio,primary,0.221024007,-1,1.77352831,4.95092201,1
fields/00201__plt00184__tracer0.f32__c0011__dt-f32/chunk_0,500000,30,ndzip shuffle=bit,primary,0.107519999,-1,3.55247181,2.468864,1
fields/00202__plt00184__tracer1.f32__c0003__dt-f32/chunk_0,500000,35,spratio,primary,0.087935999,-1,1.76687753,4.835638,1
fields/00202__plt00184__tracer1.f32__c0005__dt-f32/chunk_0,500000,30,ndzip shuffle=bit,primary,0.0808959976,-1,3.55247181,2.44224,1
fields/00201__plt00184__tracer0.f32__c0013__dt-f32/chunk_0,500000,29,ndzip,primary,0.101375997,-1,1.636352,5.227784,1
fields/00202__plt00184__tracer1.f32__c0009__dt-f32/chunk_0,500000,35,spratio,primary,0.0843840018,-1,1.76718722,4.831254,1
fields/00202__plt00184__tracer1.f32__c0007__dt-f32/chunk_0,500000,2,ans shuffle=byte,primary,1.22198403,-1,6.62707772,2.48779203,1
fields/00202__plt00184__tracer1.f32__c0013__dt-f32/chunk_0,500000,30,ndzip shuffle=bit,primary,0.0808959976,-1,3.55247181,2.44224,1
fields/00202__plt00184__tracer1.f32__c0011__dt-f32/chunk_0,500000,29,ndzip,primary,0.0727040023,-1,1.62773579,5.226248,1
fields/00203__plt00184__tracer2.f32__c0001__dt-f32/chunk_0,500000,39,spspeed shuffle=bit,primary,0.126688004,-1,3.9762014,2.236392,1
fields/00203__plt00184__tracer2.f32__c0005__dt-f32/chunk_0,500000,29,ndzip,primary,0.128000006,-1,1.63210365,5.26775201,1
fields/00203__plt00184__tracer2.f32__c0003__dt-f32/chunk_0,500000,2,ans shuffle=byte,primary,1.08297598,-1,6.62707772,2.34878398,1
fields/00202__plt00184__tracer1.f32__c0015__dt-f32/chunk_0,500000,2,ans shuffle=byte,primary,0.81379199,-1,6.62707772,2.07959999,1
fields/00203__plt00184__tracer2.f32__c0007__dt-f32/chunk_0,500000,29,ndzip,primary,0.0870399997,-1,1.639681,5.20304,1
fields/00203__plt00184__tracer2.f32__c0011__dt-f32/chunk_0,500000,30,ndzip shuffle=bit,primary,0.178176001,-1,3.55247181,2.53952,1
fields/00203__plt00184__tracer2.f32__c0009__dt-f32/chunk_0,500000,30,ndzip shuffle=bit,primary,0.196608007,-1,3.55247181,2.55795201,1
fields/00203__plt00184__tracer2.f32__c0015__dt-f32/chunk_0,500000,35,spratio,primary,0.0806720033,-1,1.77308671,4.811748,1
fields/00203__plt00184__tracer2.f32__c0013__dt-f32/chunk_0,500000,29,ndzip,primary,0.0942080021,-1,1.636352,5.220616,1
fields/00204__plt00184__velz.f32__c0005__dt-f32/chunk_0,500000,35,spratio,primary,0.0703679994,-1,1.61761741,5.256148,1
fields/00204__plt00184__velz.f32__c0003__dt-f32/chunk_0,500000,29,ndzip,primary,0.0706560016,-1,1.55055615,5.48072,1
fields/00204__plt00184__velz.f32__c0013__dt-f32/chunk_0,500000,29,ndzip,primary,0.0675840005,-1,1.456483,5.82708,1
fields/00204__plt00184__velz.f32__c0001__dt-f32/chunk_0,500000,29,ndzip,primary,0.100351997,-1,1.52168001,5.61308,1
fields/00205__plt00197__density.f32__c0001__dt-f32/chunk_0,500000,29,ndzip,primary,0.0583680011,-1,30.2829088,0.335376001,1
fields/00204__plt00184__velz.f32__c0011__dt-f32/chunk_0,500000,29,ndzip,primary,0.0716800019,-1,1.39671207,6.077648,1
fields/00204__plt00184__velz.f32__c0015__dt-f32/chunk_0,500000,29,ndzip,primary,0.112640001,-1,1.47593631,5.796224,1
fields/00204__plt00184__velz.f32__c0007__dt-f32/chunk_0,500000,35,spratio,primary,0.0695360005,-1,1.51611195,5.60251,1
fields/00205__plt00197__density.f32__c0003__dt-f32/chunk_0,500000,29,ndzip,primary,0.0727040023,-1,7.97942318,1.123984,1
fields/00205__plt00197__density.f32__c0007__dt-f32/chunk_0,500000,35,spratio,primary,0.0965759978,-1,4.66601995,1.894384,1
fields/00205__plt00197__density.f32__c0005__dt-f32/chunk_0,500000,29,ndzip,primary,0.0573440008,-1,7.26804924,1.21152,1
fields/00204__plt00184__velz.f32__c0009__dt-f32/chunk_0,500000,29,ndzip,primary,0.0716800019,-1,1.3381026,6.340712,1
fields/00205__plt00197__density.f32__c0009__dt-f32/chunk_0,500000,35,spratio,primary,0.241439998,-1,3.62498866,2.555546,1
fields/00205__plt00197__density.f32__c0015__dt-f32/chunk_0,500000,29,ndzip,primary,0.107519999,-1,25.4409938,0.437247999,1
fields/00205__plt00197__density.f32__c0013__dt-f32/chunk_0,500000,29,ndzip,primary,0.040959999,-1,25.4409938,0.370687999,1
fields/00205__plt00197__density.f32__c0011__dt-f32/chunk_0,500000,29,ndzip,primary,0.0450560004,-1,25.4409938,0.374784,1
fields/00206__plt00197__tracer0.f32__c0003__dt-f32/chunk_0,500000,30,ndzip shuffle=bit,primary,0.109568,-1,3.55247181,2.470912,1
fields/00206__plt00197__tracer0.f32__c0001__dt-f32/chunk_0,500000,30,ndzip shuffle=bit,primary,0.141312003,-1,3.55247181,2.502656,1
fields/00206__plt00197__tracer0.f32__c0011__dt-f32/chunk_0,500000,30,ndzip shuffle=bit,primary,0.0798719972,-1,3.55247181,2.441216,1
fields/00206__plt00197__tracer0.f32__c0005__dt-f32/chunk_0,500000,35,spratio,primary,0.321536005,-1,1.77573357,5.04556,1
fields/00206__plt00197__tracer0.f32__c0009__dt-f32/chunk_0,500000,30,ndzip shuffle=bit,primary,0.153600007,-1,3.55247181,2.51494401,1
fields/00207__plt00197__tracer1.f32__c0005__dt-f32/chunk_0,500000,30,ndzip shuffle=bit,primary,0.0778239965,-1,3.55247181,2.439168,1
fields/00206__plt00197__tracer0.f32__c0007__dt-f32/chunk_0,500000,29,ndzip,primary,0.0696320012,-1,1.639681,5.185632,1
fields/00207__plt00197__tracer1.f32__c0001__dt-f32/chunk_0,500000,29,ndzip,primary,0.074752003,-1,1.6246086,5.238216,1
fields/00207__plt00197__tracer1.f32__c0007__dt-f32/chunk_0,500000,30,ndzip shuffle=bit,primary,0.0962560028,-1,3.55247181,2.4576,1
fields/00206__plt00197__tracer0.f32__c0013__dt-f32/chunk_0,500000,29,ndzip,primary,0.0737280026,-1,1.636352,5.200136,1
fields/00207__plt00197__tracer1.f32__c0003__dt-f32/chunk_0,500000,35,spratio,primary,0.0714560002,-1,1.76687753,4.819158,1
fields/00207__plt00197__tracer1.f32__c0009__dt-f32/chunk_0,500000,29,ndzip,primary,0.0737280026,-1,1.62062879,5.249872,1
fields/00207__plt00197__tracer1.f32__c0013__dt-f32/chunk_0,500000,30,ndzip shuffle=bit,primary,0.129023999,-1,3.55247181,2.490368,1
fields/00206__plt00197__tracer0.f32__c0015__dt-f32/chunk_0,500000,29,ndzip,primary,0.0706560016,-1,1.62509202,5.232584,1
fields/00208__plt00197__tracer2.f32__c0001__dt-f32/chunk_0,500000,2,ans shuffle=byte,primary,0.834879994,-1,6.62707772,2.10068799,1
fields/00207__plt00197__tracer1.f32__c0011__dt-f32/chunk_0,500000,35,spratio,primary,0.302816004,-1,1.77053817,5.040702,1
fields/00207__plt00197__tracer1.f32__c0015__dt-f32/chunk_0,500000,2,ans shuffle=byte,primary,0.989696026,-1,6.62707772,2.25550403,1
fields/00208__plt00197__tracer2.f32__c0003__dt-f32/chunk_0,500000,30,ndzip shuffle=bit,primary,0.102399997,-1,3.55247181,2.463744,1
fields/00208__plt00197__tracer2.f32__c0007__dt-f32/chunk_0,500000,35,spratio,primary,0.448895991,-1,1.78184477,5.15671799,1
fields/00208__plt00197__tracer2.f32__c0005__dt-f32/chunk_0,500000,35,spratio,primary,0.231135994,-1,1.77573357,4.95515999,1
fields/00208__plt00197__tracer2.f32__c0011__dt-f32/chunk_0,500000,30,ndzip shuffle=bit,primary,0.120832004,-1,3.55247181,2.482176,1
fields/00208__plt00197__tracer2.f32__c0013__dt-f32/chunk_0,500000,35,spratio,primary,0.228832006,-1,1.78342445,4.93248401,1
fields/00208__plt00197__tracer2.f32__c0009__dt-f32/chunk_0,500000,30,ndzip shuffle=bit,primary,0.118784003,-1,3.55247181,2.480128,1
fields/00209__plt00197__velz.f32__c0003__dt-f32/chunk_0,500000,35,spratio,primary,0.312575996,-1,1.72346654,5.179864,1
fields/00208__plt00197__tracer2.f32__c0015__dt-f32/chunk_0,500000,35,spratio,primary,0.0815040022,-1,1.77308671,4.81258,1
fields/00209__plt00197__velz.f32__c0001__dt-f32/chunk_0,500000,29,ndzip,primary,0.0757760033,-1,1.52768575,5.566832,1
fields/00209__plt00197__velz.f32__c0007__dt-f32/chunk_0,500000,29,ndzip,primary,0.0757760033,-1,1.40729944,6.03656,1
fields/00209__plt00197__velz.f32__c0005__dt-f32/chunk_0,500000,29,ndzip,primary,0.0829439983,-1,1.49008953,5.712544,1
fields/00209__plt00197__velz.f32__c0011__dt-f32/chunk_0,500000,29,ndzip,primary,0.105471998,-1,1.39254785,6.1294,1
fields/00209__plt00197__velz.f32__c0013__dt-f32/chunk_0,500000,29,ndzip,primary,0.0727040023,-1,1.4534124,5.844368,1
fields/00210__plt00210__density.f32__c0003__dt-f32/chunk_0,500000,29,ndzip,primary,0.0542719997,-1,7.58244269,1.160592,1
fields/00209__plt00197__velz.f32__c0009__dt-f32/chunk_0,500000,29,ndzip,primary,0.0716800019,-1,1.33980379,6.332752,1
fields/00209__plt00197__velz.f32__c0015__dt-f32/chunk_0,500000,29,ndzip,primary,0.0624639988,-1,1.47253917,5.75916,1
fields/00210__plt00210__density.f32__c0005__dt-f32/chunk_0,500000,29,ndzip,primary,0.0563200004,-1,7.30002785,1.20544,1
fields/00210__plt00210__density.f32__c0001__dt-f32/chunk_0,500000,29,ndzip,primary,0.047104001,-1,26.4431331,0.364336001,1
fields/00210__plt00210__density.f32__c0009__dt-f32/chunk_0,500000,35,spratio,primary,0.27759999,-1,3.72604453,2.52894399,1
fields/00210__plt00210__density.f32__c0013__dt-f32/chunk_0,500000,29,ndzip,primary,0.0337920003,-1,25.4409938,0.36352,1
fields/00210__plt00210__density.f32__c0011__dt-f32/chunk_0,500000,29,ndzip,primary,0.0337920003,-1,25.4409938,0.36352,1
fields/00210__plt00210__density.f32__c0015__dt-f32/chunk_0,500000,29,ndzip,primary,0.0337920003,-1,25.4409938,0.36352,1
fields/00210__plt00210__density.f32__c0007__dt-f32/chunk_0,500000,35,spratio,primary,0.434399992,-1,4.41549839,2.33420999,1
fields/00211__plt00210__tracer0.f32__c0001__dt-f32/chunk_0,500000,30,ndzip shuffle=bit,primary,0.0798719972,-1,3.55247181,2.441216,1
fields/00211__plt00210__tracer0.f32__c0003__dt-f32/chunk_0,500000,30,ndzip shuffle=bit,primary,0.0778239965,-1,3.55247181,2.439168,1
fields/00211__plt00210__tracer0.f32__c0005__dt-f32/chunk_0,500000,29,ndzip,primary,0.0737280026,-1,1.63210365,5.21348,1
fields/00211__plt00210__tracer0.f32__c0007__dt-f32/chunk_0,500000,29,ndzip,primary,0.0675840005,-1,1.639681,5.183584,1
fields/00211__plt00210__tracer0.f32__c0011__dt-f32/chunk_0,500000,30,ndzip shuffle=bit,primary,0.088064,-1,3.55247181,2.449408,1
fields/00211__plt00210__tracer0.f32__c0009__dt-f32/chunk_0,500000,30,ndzip shuffle=bit,primary,0.0808959976,-1,3.55247181,2.44224,1
fields/00211__plt00210__tracer0.f32__c0015__dt-f32/chunk_0,500000,35,spratio,primary,0.0726080015,-1,1.77308671,4.803684,1
fields/00211__plt00210__tracer0.f32__c0013__dt-f32/chunk_0,500000,29,ndzip,primary,0.0706560016,-1,1.636352,5.197064,1
fields/00212__plt00210__tracer1.f32__c0003__dt-f32/chunk_0,500000,29,ndzip,primary,0.0665600002,-1,1.61879488,5.248568,1
fields/00212__plt00210__tracer1.f32__c0001__dt-f32/chunk_0,500000,35,spratio,primary,0.0862720013,-1,1.77352831,4.81617,1
fields/00212__plt00210__tracer1.f32__c0007__dt-f32/chunk_0,500000,30,ndzip shuffle=bit,primary,0.0819199979,-1,3.55247181,2.443264,1
fields/00212__plt00210__tracer1.f32__c0013__dt-f32/chunk_0,500000,30,ndzip shuffle=bit,primary,0.0778239965,-1,3.55247181,2.439168,1
fields/00212__plt00210__tracer1.f32__c0005__dt-f32/chunk_0,500000,30,ndzip shuffle=bit,primary,0.0798719972,-1,3.55247181,2.441216,1
fields/00212__plt00210__tracer1.f32__c0011__dt-f32/chunk_0,500000,35,spratio,primary,0.229791999,-1,1.77053817,4.967678,1
fields/00213__plt00210__tracer2.f32__c0003__dt-f32/chunk_0,500000,2,ans shuffle=byte,primary,0.555808008,-1,6.62707772,1.82161601,1
fields/00212__plt00210__tracer1.f32__c0009__dt-f32/chunk_0,500000,35,spratio,primary,0.0878719985,-1,1.76718722,4.834742,1
fields/00212__plt00210__tracer1.f32__c0015__dt-f32/chunk_0,500000,30,ndzip shuffle=bit,primary,0.0829439983,-1,3.55247181,2.444288,1
fields/00213__plt00210__tracer2.f32__c0001__dt-f32/chunk_0,500000,39,spspeed shuffle=bit,primary,0.257856011,-1,3.9762014,2.36756001,1
fields/00213__plt00210__tracer2.f32__c0009__dt-f32/chunk_0,500000,2,ans shuffle=byte,primary,0.266687989,-1,6.62707772,1.53249599,1
fields/00213__plt00210__tracer2.f32__c0005__dt-f32/chunk_0,500000,35,spratio,primary,0.0853440017,-1,1.77573357,4.809368,1
fields/00213__plt00210__tracer2.f32__c0007__dt-f32/chunk_0,500000,29,ndzip,primary,0.0860159993,-1,1.639681,5.202016,1
fields/00214__plt00210__velz.f32__c0001__dt-f32/chunk_0,500000,35,spratio,primary,0.0709439963,-1,1.65532309,5.1386,1
fields/00213__plt00210__tracer2.f32__c0011__dt-f32/chunk_0,500000,30,ndzip shuffle=bit,primary,0.118784003,-1,3.55247181,2.480128,1
fields/00213__plt00210__tracer2.f32__c0013__dt-f32/chunk_0,500000,29,ndzip,primary,0.126975998,-1,1.636352,5.253384,1
fields/00214__plt00210__velz.f32__c0005__dt-f32/chunk_0,500000,29,ndzip,primary,0.0993279964,-1,1.47847519,5.773152,1
fields/00213__plt00210__tracer2.f32__c0015__dt-f32/chunk_0,500000,29,ndzip,primary,0.104447998,-1,1.62509202,5.266376,1
fields/00214__plt00210__velz.f32__c0003__dt-f32/chunk_0,500000,35,spratio,primary,0.332448006,-1,1.72839325,5.18586201,1
fields/00214__plt00210__velz.f32__c0007__dt-f32/chunk_0,500000,29,ndzip,primary,0.121855997,-1,1.405223,6.091448,1
fields/00214__plt00210__velz.f32__c0009__dt-f32/chunk_0,500000,29,ndzip,primary,0.084991999,-1,1.34176337,6.33692,1
fields/00214__plt00210__velz.f32__c0015__dt-f32/chunk_0,500000,29,ndzip,primary,0.103423998,-1,1.46976924,5.810856,1
fields/00215__plt00224__density.f32__c0001__dt-f32/chunk_0,500000,29,ndzip,primary,0.0931840017,-1,19.2745855,0.528400002,1
fields/00214__plt00210__velz.f32__c0011__dt-f32/chunk_0,500000,29,ndzip,primary,0.0911360011,-1,1.38861064,6.132144,1
fields/00215__plt00224__density.f32__c0005__dt-f32/chunk_0,500000,29,ndzip,primary,0.0778239965,-1,7.329419,1.222336,1
fields/00215__plt00224__density.f32__c0011__dt-f32/chunk_0,500000,29,ndzip,primary,0.0348160006,-1,25.4409938,0.364544001,1
fields/00215__plt00224__density.f32__c0003__dt-f32/chunk_0,500000,29,ndzip,primary,0.0522239991,-1,7.38225852,1.188544,1
fields/00214__plt00210__velz.f32__c0013__dt-f32/chunk_0,500000,29,ndzip,primary,0.0706560016,-1,1.44942649,5.858192,1
fields/00215__plt00224__density.f32__c0007__dt-f32/chunk_0,500000,35,spratio,primary,0.0583040006,-1,4.18840672,2.06112,1
fields/00215__plt00224__density.f32__c0013__dt-f32/chunk_0,500000,29,ndzip,primary,0.0624639988,-1,25.4409938,0.392191999,1
fields/00215__plt00224__density.f32__c0009__dt-f32/chunk_0,500000,35,spratio,primary,0.283648014,-1,3.85184777,2.46146201,1
fields/00216__plt00224__tracer0.f32__c0003__dt-f32/chunk_0,500000,30,ndzip shuffle=bit,primary,0.0808959976,-1,3.55247181,2.44224,1
fields/00215__plt00224__density.f32__c0015__dt-f32/chunk_0,500000,29,ndzip,primary,0.0337920003,-1,25.4409938,0.36352,1
fields/00216__plt00224__tracer0.f32__c0001__dt-f32/chunk_0,500000,30,ndzip shuffle=bit,primary,0.0808959976,-1,3.55247181,2.44224,1
fields/00216__plt00224__tracer0.f32__c0007__dt-f32/chunk_0,500000,29,ndzip,primary,0.0808959976,-1,1.639681,5.196896,1
fields/00216__plt00224__tracer0.f32__c0005__dt-f32/chunk_0,500000,29,ndzip,primary,0.0839679986,-1,1.63210365,5.22372,1
fields/00216__plt00224__tracer0.f32__c0013__dt-f32/chunk_0,500000,29,ndzip,primary,0.156672001,-1,1.636352,5.28308,1
fields/00216__plt00224__tracer0.f32__c0009__dt-f32/chunk_0,500000,30,ndzip shuffle=bit,primary,0.0778239965,-1,3.55247181,2.439168,1
fields/00217__plt00224__tracer1.f32__c0003__dt-f32/chunk_0,500000,35,spratio,primary,0.204799995,-1,1.76687753,4.95250199,1
fields/00217__plt00224__tracer1.f32__c0001__dt-f32/chunk_0,500000,35,spratio,primary,0.0914560035,-1,1.77352831,4.821354,1
fields/00217__plt00224__tracer1.f32__c0007__dt-f32/chunk_0,500000,30,ndzip shuffle=bit,primary,0.0808959976,-1,3.55247181,2.44224,1
fields/00216__plt00224__tracer0.f32__c0011__dt-f32/chunk_0,500000,30,ndzip shuffle=bit,primary,0.129023999,-1,3.55247181,2.490368,1
fields/00217__plt00224__tracer1.f32__c0009__dt-f32/chunk_0,500000,29,ndzip,primary,0.0716800019,-1,1.62062879,5.247824,1
fields/00217__plt00224__tracer1.f32__c0005__dt-f32/chunk_0,500000,30,ndzip shuffle=bit,primary,0.0819199979,-1,3.55247181,2.443264,1
fields/00216__plt00224__tracer0.f32__c0015__dt-f32/chunk_0,500000,35,spratio,primary,0.162047997,-1,1.77308671,4.893124,1
fields/00217__plt00224__tracer1.f32__c0013__dt-f32/chunk_0,500000,30,ndzip shuffle=bit,primary,0.115712002,-1,3.55247181,2.477056,1
fields/00217__plt00224__tracer1.f32__c0015__dt-f32/chunk_0,500000,30,ndzip shuffle=bit,primary,0.0788479969,-1,3.55247181,2.440192,1
fields/00217__plt00224__tracer1.f32__c0011__dt-f32/chunk_0,500000,29,ndzip,primary,0.0737280026,-1,1.62773579,5.227272,1
fields/00218__plt00224__tracer2.f32__c0003__dt-f32/chunk_0,500000,2,ans shuffle=byte,primary,0.556415975,-1,6.62707772,1.82222398,1
fields/00218__plt00224__tracer2.f32__c0005__dt-f32/chunk_0,500000,35,spratio,primary,0.0827839971,-1,1.77573357,4.806808,1
fields/00218__plt00224__tracer2.f32__c0001__dt-f32/chunk_0,500000,2,ans shuffle=byte,primary,0.521408021,-1,6.62707772,1.78721602,1
fields/00218__plt00224__tracer2.f32__c0009__dt-f32/chunk_0,500000,2,ans shuffle=byte,primary,0.397024006,-1,6.62707772,1.66283201,1
fields/00218__plt00224__tracer2.f32__c0011__dt-f32/chunk_0,500000,30,ndzip shuffle=bit,primary,0.0839679986,-1,3.55247181,2.445312,1
fields/00218__plt00224__tracer2.f32__c0007__dt-f32/chunk_0,500000,29,ndzip,primary,0.0768000036,-1,1.639681,5.1928,1
fields/00218__plt00224__tracer2.f32__c0013__dt-f32/chunk_0,500000,29,ndzip,primary,0.0819199979,-1,1.636352,5.208328,1
fields/00218__plt00224__tracer2.f32__c0015__dt-f32/chunk_0,500000,35,spratio,primary,0.281823993,-1,1.77308671,5.01289999,1
fields/00219__plt00224__velz.f32__c0005__dt-f32/chunk_0,500000,29,ndzip,primary,0.0911360011,-1,1.46771403,5.80656,1
fields/00219__plt00224__velz.f32__c0001__dt-f32/chunk_0,500000,29,ndzip,primary,0.0829439983,-1,1.54917937,5.497816,1
fields/00219__plt00224__velz.f32__c0007__dt-f32/chunk_0,500000,35,spratio,primary,0.27916801,-1,1.51057306,5.83243001,1
fields/00219__plt00224__velz.f32__c0003__dt-f32/chunk_0,500000,29,ndzip,primary,0.0757760033,-1,1.56046687,5.45148,1
fields/00219__plt00224__velz.f32__c0009__dt-f32/chunk_0,500000,29,ndzip,primary,0.110592,-1,1.34572569,6.344112,1
fields/00219__plt00224__velz.f32__c0011__dt-f32/chunk_0,500000,29,ndzip,primary,0.0768000036,-1,1.38507425,6.133232,1
fields/00220__plt00239__density.f32__c0001__dt-f32/chunk_0,500000,29,ndzip,primary,0.074752003,-1,12.6224961,0.739328003,1
fields/00219__plt00224__velz.f32__c0013__dt-f32/chunk_0,500000,29,ndzip,primary,0.0716800019,-1,1.44397149,5.88108,1
fields/00219__plt00224__velz.f32__c0015__dt-f32/chunk_0,500000,29,ndzip,primary,0.0778239965,-1,1.46804692,5.791952,1
fields/00220__plt00239__density.f32__c0003__dt-f32/chunk_0,500000,29,ndzip,primary,0.0727040023,-1,7.32644876,1.21768,1
fields/00220__plt00239__density.f32__c0005__dt-f32/chunk_0,500000,29,ndzip,primary,0.0706560016,-1,7.36421609,1.20976,1
fields/00220__plt00239__density.f32__c0009__dt-f32/chunk_0,500000,35,spratio,primary,0.140000001,-1,3.98575344,2.244648,1
fields/00220__plt00239__density.f32__c0013__dt-f32/chunk_0,500000,29,ndzip,primary,0.0378880017,-1,25.4409938,0.367616002,1
fields/00220__plt00239__density.f32__c0007__dt-f32/chunk_0,500000,35,spratio,primary,0.0709120035,-1,3.99867674,2.168758,1
fields/00220__plt00239__density.f32__c0011__dt-f32/chunk_0,500000,29,ndzip,primary,0.0419839993,-1,25.4409938,0.371711999,1
fields/00221__plt00239__tracer0.f32__c0001__dt-f32/chunk_0,500000,30,ndzip shuffle=bit,primary,0.084991999,-1,3.55247181,2.446336,1
fields/00220__plt00239__density.f32__c0015__dt-f32/chunk_0,500000,29,ndzip,primary,0.074752003,-1,25.4409938,0.404480003,1
fields/00221__plt00239__tracer0.f32__c0003__dt-f32/chunk_0,500000,30,ndzip shuffle=bit,primary,0.0768000036,-1,3.55247181,2.438144,1
fields/00221__plt00239__tracer0.f32__c0005__dt-f32/chunk_0,500000,35,spratio,primary,0.494367987,-1,1.77573357,5.21839199,1
fields/00221__plt00239__tracer0.f32__c0007__dt-f32/chunk_0,500000,29,ndzip,primary,0.074752003,-1,1.639681,5.190752,1
fields/00221__plt00239__tracer0.f32__c0009__dt-f32/chunk_0,500000,30,ndzip shuffle=bit,primary,0.0798719972,-1,3.55247181,2.441216,1
fields/00222__plt00239__tracer1.f32__c0005__dt-f32/chunk_0,500000,2,ans shuffle=byte,primary,0.945056021,-1,6.62707772,2.21086402,1
fields/00221__plt00239__tracer0.f32__c0015__dt-f32/chunk_0,500000,35,spratio,primary,0.0832640007,-1,1.77308671,4.81434,1
fields/00221__plt00239__tracer0.f32__c0011__dt-f32/chunk_0,500000,30,ndzip shuffle=bit,primary,0.0768000036,-1,3.55247181,2.438144,1
fields/00222__plt00239__tracer1.f32__c0003__dt-f32/chunk_0,500000,35,spratio,primary,0.26512,-1,1.76687753,5.012822,1
fields/00221__plt00239__tracer0.f32__c0013__dt-f32/chunk_0,500000,35,spratio,primary,0.335648,-1,1.78342445,5.0393,1
fields/00222__plt00239__tracer1.f32__c0001__dt-f32/chunk_0,500000,35,spratio,primary,0.371935993,-1,1.77352831,5.10183399,1
fields/00222__plt00239__tracer1.f32__c0009__dt-f32/chunk_0,500000,35,spratio,primary,0.113407999,-1,1.76718722,4.860278,1
fields/00222__plt00239__tracer1.f32__c0007__dt-f32/chunk_0,500000,2,ans shuffle=byte,primary,0.245536,-1,6.62707772,1.511344,1
fields/00222__plt00239__tracer1.f32__c0013__dt-f32/chunk_0,500000,30,ndzip shuffle=bit,primary,0.0819199979,-1,3.55247181,2.443264,1
fields/00223__plt00239__tracer2.f32__c0001__dt-f32/chunk_0,500000,30,ndzip shuffle=bit,primary,0.084991999,-1,3.55247181,2.446336,1
fields/00222__plt00239__tracer1.f32__c0011__dt-f32/chunk_0,500000,29,ndzip,primary,0.116736002,-1,1.62773579,5.27028,1
fields/00222__plt00239__tracer1.f32__c0015__dt-f32/chunk_0,500000,30,ndzip shuffle=bit,primary,0.0808959976,-1,3.55247181,2.44224,1
fields/00223__plt00239__tracer2.f32__c0009__dt-f32/chunk_0,500000,30,ndzip shuffle=bit,primary,0.0778239965,-1,3.55247181,2.439168,1
fields/00223__plt00239__tracer2.f32__c0005__dt-f32/chunk_0,500000,29,ndzip,primary,0.124927998,-1,1.63210365,5.26468,1
fields/00223__plt00239__tracer2.f32__c0003__dt-f32/chunk_0,500000,30,ndzip shuffle=bit,primary,0.116736002,-1,3.55247181,2.47808,1
fields/00223__plt00239__tracer2.f32__c0007__dt-f32/chunk_0,500000,35,spratio,primary,0.0901440009,-1,1.78184477,4.797966,1
fields/00223__plt00239__tracer2.f32__c0013__dt-f32/chunk_0,500000,29,ndzip,primary,0.0829439983,-1,1.636352,5.209352,1
fields/00223__plt00239__tracer2.f32__c0011__dt-f32/chunk_0,500000,2,ans shuffle=byte,primary,0.385087997,-1,6.62707772,1.650896,1
fields/00223__plt00239__tracer2.f32__c0015__dt-f32/chunk_0,500000,35,spratio,primary,0.282624006,-1,1.77308671,5.01370001,1
fields/00224__plt00239__velz.f32__c0003__dt-f32/chunk_0,500000,29,ndzip,primary,0.100351997,-1,1.53835636,5.55332,1
fields/00224__plt00239__velz.f32__c0001__dt-f32/chunk_0,500000,29,ndzip,primary,0.0860159993,-1,1.54638753,5.510664,1
fields/00224__plt00239__velz.f32__c0011__dt-f32/chunk_0,500000,29,ndzip,primary,0.0829439983,-1,1.38181617,6.153656,1
fields/00224__plt00239__velz.f32__c0009__dt-f32/chunk_0,500000,29,ndzip,primary,0.0860159993,-1,1.34939709,6.302576,1
fields/00224__plt00239__velz.f32__c0007__dt-f32/chunk_0,500000,29,ndzip,primary,0.175104007,-1,1.40317521,6.15340801,1
fields/00224__plt00239__velz.f32__c0015__dt-f32/chunk_0,500000,29,ndzip,primary,0.0768000036,-1,1.46487625,5.803296,1
fields/00225__plt00255__density.f32__c0005__dt-f32/chunk_0,500000,29,ndzip,primary,0.0829439983,-1,7.39976289,1.216576,1
fields/00224__plt00239__velz.f32__c0005__dt-f32/chunk_0,500000,29,ndzip,primary,0.0931840017,-1,1.45844802,5.84492,1
fields/00224__plt00239__velz.f32__c0013__dt-f32/chunk_0,500000,29,ndzip,primary,0.0768000036,-1,1.43664558,5.915824,1
fields/00225__plt00255__density.f32__c0003__dt-f32/chunk_0,500000,29,ndzip,primary,0.0563200004,-1,7.38818821,1.191728,1
fields/00225__plt00255__density.f32__c0009__dt-f32/chunk_0,500000,35,spratio,primary,0.301791996,-1,4.10706582,2.344274,1
fields/00225__plt00255__density.f32__c0001__dt-f32/chunk_0,500000,29,ndzip,primary,0.0511999987,-1,9.24784365,0.958287999,1
fields/00225__plt00255__density.f32__c0007__dt-f32/chunk_0,500000,35,spratio,primary,0.223008007,-1,3.83045309,2.41298601,1
fields/00225__plt00255__density.f32__c0013__dt-f32/chunk_0,500000,29,ndzip,primary,0.0389119983,-1,25.4409938,0.368639998,1
fields/00225__plt00255__density.f32__c0011__dt-f32/chunk_0,500000,29,ndzip,primary,0.0696320012,-1,24.4594355,0.412592001,1
fields/00225__plt00255__density.f32__c0015__dt-f32/chunk_0,500000,29,ndzip,primary,0.047104001,-1,25.4409938,0.376832001,1
fields/00226__plt00255__tracer0.f32__c0001__dt-f32/chunk_0,500000,30,ndzip shuffle=bit,primary,0.0808959976,-1,3.55247181,2.44224,1
fields/00226__plt00255__tracer0.f32__c0009__dt-f32/chunk_0,500000,30,ndzip shuffle=bit,primary,0.0798719972,-1,3.55247181,2.441216,1
fields/00226__plt00255__tracer0.f32__c0003__dt-f32/chunk_0,500000,2,ans shuffle=byte,primary,0.416256011,-1,6.62707772,1.68206401,1
fields/00226__plt00255__tracer0.f32__c0011__dt-f32/chunk_0,500000,30,ndzip shuffle=bit,primary,0.0798719972,-1,3.55247181,2.441216,1
fields/00226__plt00255__tracer0.f32__c0005__dt-f32/chunk_0,500000,29,ndzip,primary,0.0788479969,-1,1.63210365,5.2186,1
fields/00226__plt00255__tracer0.f32__c0015__dt-f32/chunk_0,500000,35,spratio,primary,0.0936639979,-1,1.77308671,4.82474,1
fields/00226__plt00255__tracer0.f32__c0007__dt-f32/chunk_0,500000,29,ndzip,primary,0.0706560016,-1,1.639681,5.186656,1
fields/00227__plt00255__tracer1.f32__c0001__dt-f32/chunk_0,500000,29,ndzip,primary,0.117760003,-1,1.6246086,5.281224,1
fields/00226__plt00255__tracer0.f32__c0013__dt-f32/chunk_0,500000,29,ndzip,primary,0.0737280026,-1,1.636352,5.200136,1
fields/00227__plt00255__tracer1.f32__c0007__dt-f32/chunk_0,500000,30,ndzip shuffle=bit,primary,0.101375997,-1,3.55247181,2.46272,1
fields/00227__plt00255__tracer1.f32__c0005__dt-f32/chunk_0,500000,30,ndzip shuffle=bit,primary,0.0808959976,-1,3.55247181,2.44224,1
fields/00227__plt00255__tracer1.f32__c0003__dt-f32/chunk_0,500000,35,spratio,primary,0.216703996,-1,1.76687753,4.964406,1
fields/00227__plt00255__tracer1.f32__c0009__dt-f32/chunk_0,500000,35,spratio,primary,0.256063998,-1,1.76718722,5.002934,1
fields/00228__plt00255__tracer2.f32__c0001__dt-f32/chunk_0,500000,30,ndzip shuffle=bit,primary,0.0911360011,-1,3.55247181,2.45248,1
fields/00227__plt00255__tracer1.f32__c0011__dt-f32/chunk_0,500000,35,spratio,primary,0.087935999,-1,1.77053817,4.825822,1
fields/00227__plt00255__tracer1.f32__c0015__dt-f32/chunk_0,500000,30,ndzip shuffle=bit,primary,0.0819199979,-1,3.55247181,2.443264,1
fields/00227__plt00255__tracer1.f32__c0013__dt-f32/chunk_0,500000,2,ans shuffle=byte,primary,1.00806403,-1,6.62707772,2.27387203,1
fields/00228__plt00255__tracer2.f32__c0003__dt-f32/chunk_0,500000,30,ndzip shuffle=bit,primary,0.108543999,-1,3.55247181,2.469888,1
fields/00228__plt00255__tracer2.f32__c0007__dt-f32/chunk_0,500000,38,spspeed,primary,0.0795840025,-1,1.65820257,5.13844,1
fields/00228__plt00255__tracer2.f32__c0005__dt-f32/chunk_0,500000,29,ndzip,primary,0.130048007,-1,1.63210365,5.26980001,1
fields/00228__plt00255__tracer2.f32__c0009__dt-f32/chunk_0,500000,39,spspeed shuffle=bit,primary,0.509760022,-1,3.9762014,2.61946402,1
fields/00228__plt00255__tracer2.f32__c0011__dt-f32/chunk_0,500000,2,ans shuffle=byte,primary,0.463551998,-1,6.62707772,1.72936,1
fields/00228__plt00255__tracer2.f32__c0013__dt-f32/chunk_0,500000,29,ndzip,primary,0.074752003,-1,1.636352,5.20116,1
fields/00228__plt00255__tracer2.f32__c0015__dt-f32/chunk_0,500000,29,ndzip,primary,0.0952320024,-1,1.62509202,5.25716,1
fields/00229__plt00255__velz.f32__c0001__dt-f32/chunk_0,500000,35,spratio,primary,0.0878079981,-1,1.67853267,5.085392,1
fields/00229__plt00255__velz.f32__c0009__dt-f32/chunk_0,500000,35,spratio,primary,0.0748160034,-1,1.44970453,5.861242,1
fields/00229__plt00255__velz.f32__c0003__dt-f32/chunk_0,500000,29,ndzip,primary,0.0962560028,-1,1.52941039,5.58112,1
fields/00229__plt00255__velz.f32__c0005__dt-f32/chunk_0,500000,29,ndzip,primary,0.137216002,-1,1.44967898,5.923744,1
fields/00229__plt00255__velz.f32__c0015__dt-f32/chunk_0,500000,29,ndzip,primary,0.0819199979,-1,1.46211466,5.819232,1
fields/00229__plt00255__velz.f32__c0011__dt-f32/chunk_0,500000,29,ndzip,primary,0.0901120007,-1,1.37879091,6.174144,1
fields/00229__plt00255__velz.f32__c0007__dt-f32/chunk_0,500000,29,ndzip,primary,0.132095993,-1,1.4014686,6.11767999,1
fields/00229__plt00255__velz.f32__c0013__dt-f32/chunk_0,500000,29,ndzip,primary,0.0829439983,-1,1.43000961,5.949064,1
fields/00230__plt00271__density.f32__c0001__dt-f32/chunk_0,500000,29,ndzip,primary,0.0583680011,-1,7.87396561,1.123728,1
fields/00230__plt00271__density.f32__c0011__dt-f32/chunk_0,500000,29,ndzip,primary,0.0501759984,-1,21.9303133,0.432687998,1
fields/00230__plt00271__density.f32__c0005__dt-f32/chunk_0,500000,29,ndzip,primary,0.156672001,-1,7.42775377,1.286032,1
fields/00230__plt00271__density.f32__c0007__dt-f32/chunk_0,500000,35,spratio,primary,0.522751987,-1,3.68158446,2.80128399,1
fields/00230__plt00271__density.f32__c0003__dt-f32/chunk_0,500000,29,ndzip,primary,0.0552960001,-1,7.47498539,1.17752,1
fields/00230__plt00271__density.f32__c0009__dt-f32/chunk_0,500000,35,spratio,primary,0.255872011,-1,4.19035668,2.25775601,1
fields/00230__plt00271__density.f32__c0013__dt-f32/chunk_0,500000,29,ndzip,primary,0.0389119983,-1,25.4409938,0.368639998,1
fields/00230__plt00271__density.f32__c0015__dt-f32/chunk_0,500000,29,ndzip,primary,0.0348160006,-1,25.4409938,0.364544001,1
fields/00231__plt00271__tracer0.f32__c0001__dt-f32/chunk_0,500000,30,ndzip shuffle=bit,primary,0.0819199979,-1,3.55247181,2.443264,1
fields/00231__plt00271__tracer0.f32__c0003__dt-f32/chunk_0,500000,30,ndzip shuffle=bit,primary,0.0788479969,-1,3.55247181,2.440192,1
fields/00231__plt00271__tracer0.f32__c0005__dt-f32/chunk_0,500000,29,ndzip,primary,0.074752003,-1,1.63210365,5.214504,1
fields/00231__plt00271__tracer0.f32__c0009__dt-f32/chunk_0,500000,30,ndzip shuffle=bit,primary,0.203776002,-1,3.55247181,2.56512,1
fields/00231__plt00271__tracer0.f32__c0007__dt-f32/chunk_0,500000,29,ndzip,primary,0.0716800019,-1,1.639681,5.18768,1
fields/00231__plt00271__tracer0.f32__c0015__dt-f32/chunk_0,500000,35,spratio,primary,0.171424001,-1,1.77308671,4.9025,1
fields/00231__plt00271__tracer0.f32__c0011__dt-f32/chunk_0,500000,30,ndzip shuffle=bit,primary,0.175104007,-1,3.55247181,2.53644801,1
fields/00232__plt00271__tracer1.f32__c0005__dt-f32/chunk_0,500000,30,ndzip shuffle=bit,primary,0.0778239965,-1,3.55247181,2.439168,1
fields/00232__plt00271__tracer1.f32__c0001__dt-f32/chunk_0,500000,35,spratio,primary,0.111040004,-1,1.77352831,4.840938,1
fields/00232__plt00271__tracer1.f32__c0009__dt-f32/chunk_0,500000,29,ndzip,primary,0.084991999,-1,1.62062879,5.261136,1
fields/00232__plt00271__tracer1.f32__c0011__dt-f32/chunk_0,500000,29,ndzip,primary,0.0655359998,-1,1.62773579,5.21908,1
fields/00232__plt00271__tracer1.f32__c0003__dt-f32/chunk_0,500000,29,ndzip,primary,0.0942080021,-1,1.61879488,5.276216,1
fields/00232__plt00271__tracer1.f32__c0013__dt-f32/chunk_0,500000,30,ndzip shuffle=bit,primary,0.0819199979,-1,3.55247181,2.443264,1
fields/00231__plt00271__tracer0.f32__c0013__dt-f32/chunk_0,500000,29,ndzip,primary,0.0768000036,-1,1.636352,5.203208,1
fields/00232__plt00271__tracer1.f32__c0007__dt-f32/chunk_0,500000,30,ndzip shuffle=bit,primary,0.0778239965,-1,3.55247181,2.439168,1
fields/00233__plt00271__tracer2.f32__c0003__dt-f32/chunk_0,500000,30,ndzip shuffle=bit,primary,0.0798719972,-1,3.55247181,2.441216,1
fields/00233__plt00271__tracer2.f32__c0005__dt-f32/chunk_0,500000,35,spratio,primary,0.100928001,-1,1.77573357,4.824952,1
fields/00233__plt00271__tracer2.f32__c0007__dt-f32/chunk_0,500000,35,spratio,primary,0.255584002,-1,1.78184477,4.963406,1
fields/00233__plt00271__tracer2.f32__c0009__dt-f32/chunk_0,500000,30,ndzip shuffle=bit,primary,0.0819199979,-1,3.55247181,2.443264,1
fields/00233__plt00271__tracer2.f32__c0011__dt-f32/chunk_0,500000,30,ndzip shuffle=bit,primary,0.102399997,-1,3.55247181,2.463744,1
fields/00233__plt00271__tracer2.f32__c0013__dt-f32/chunk_0,500000,35,spratio,primary,0.0878079981,-1,1.78342445,4.79146,1
fields/00232__plt00271__tracer1.f32__c0015__dt-f32/chunk_0,500000,30,ndzip shuffle=bit,primary,0.084991999,-1,3.55247181,2.446336,1
fields/00233__plt00271__tracer2.f32__c0001__dt-f32/chunk_0,500000,30,ndzip shuffle=bit,primary,0.0788479969,-1,3.55247181,2.440192,1
fields/00233__plt00271__tracer2.f32__c0015__dt-f32/chunk_0,500000,35,spratio,primary,0.0689919963,-1,1.77308671,4.800068,1
fields/00234__plt00271__velz.f32__c0001__dt-f32/chunk_0,500000,35,spratio,primary,0.235008001,-1,1.66068168,5.286312,1
fields/00234__plt00271__velz.f32__c0003__dt-f32/chunk_0,500000,29,ndzip,primary,0.105471998,-1,1.51924161,5.627048,1
fields/00234__plt00271__velz.f32__c0005__dt-f32/chunk_0,500000,29,ndzip,primary,0.0696320012,-1,1.44340103,5.881328,1
fields/00234__plt00271__velz.f32__c0009__dt-f32/chunk_0,500000,29,ndzip,primary,0.0921600014,-1,1.35659495,6.275736,1
fields/00234__plt00271__velz.f32__c0011__dt-f32/chunk_0,500000,29,ndzip,primary,0.0808959976,-1,1.37575901,6.178336,1
fields/00234__plt00271__velz.f32__c0013__dt-f32/chunk_0,500000,29,ndzip,primary,0.0716800019,-1,1.42557114,5.956064,1
fields/00234__plt00271__velz.f32__c0007__dt-f32/chunk_0,500000,29,ndzip,primary,0.0696320012,-1,1.39873729,6.066904,1
fields/00235__plt00289__density.f32__c0001__dt-f32/chunk_0,500000,29,ndzip,primary,0.0890880004,-1,7.38766768,1.224576,1
fields/00235__plt00289__density.f32__c0005__dt-f32/chunk_0,500000,29,ndzip,primary,0.0727040023,-1,7.43955841,1.200272,1
fields/00234__plt00271__velz.f32__c0015__dt-f32/chunk_0,500000,29,ndzip,primary,0.0645119995,-1,1.45867728,5.815344,1
fields/00235__plt00289__density.f32__c0007__dt-f32/chunk_0,500000,35,spratio,primary,0.127552003,-1,3.54751113,2.492198,1
fields/00235__plt00289__density.f32__c0003__dt-f32/chunk_0,500000,29,ndzip,primary,0.0583680011,-1,7.56493759,1.167248,1
fields/00235__plt00289__density.f32__c0013__dt-f32/chunk_0,500000,29,ndzip,primary,0.0778239965,-1,25.4409938,0.407551997,1
fields/00235__plt00289__density.f32__c0015__dt-f32/chunk_0,500000,29,ndzip,primary,0.0348160006,-1,25.4409938,0.364544001,1
fields/00235__plt00289__density.f32__c0011__dt-f32/chunk_0,500000,29,ndzip,primary,0.0675840005,-1,18.4728785,0.521688001,1
fields/00235__plt00289__density.f32__c0009__dt-f32/chunk_0,500000,35,spratio,primary,0.242752001,-1,4.24874745,2.217124,1
fields/00236__plt00289__tracer0.f32__c0003__dt-f32/chunk_0,500000,30,ndzip shuffle=bit,primary,0.104447998,-1,3.55247181,2.465792,1
fields/00236__plt00289__tracer0.f32__c0001__dt-f32/chunk_0,500000,30,ndzip shuffle=bit,primary,0.146431997,-1,3.55247181,2.507776,1
fields/00236__plt00289__tracer0.f32__c0011__dt-f32/chunk_0,500000,30,ndzip shuffle=bit,primary,0.111616001,-1,3.55247181,2.47296,1
fields/00236__plt00289__tracer0.f32__c0005__dt-f32/chunk_0,500000,29,ndzip,primary,0.0921600014,-1,1.63210365,5.231912,1
fields/00236__plt00289__tracer0.f32__c0015__dt-f32/chunk_0,500000,35,spratio,primary,0.0833600014,-1,1.77308671,4.814436,1
fields/00236__plt00289__tracer0.f32__c0013__dt-f32/chunk_0,500000,35,spratio,primary,0.0795520023,-1,1.78342445,4.783204,1
fields/00236__plt00289__tracer0.f32__c0007__dt-f32/chunk_0,500000,29,ndzip,primary,0.153600007,-1,1.639681,5.26960001,1
fields/00237__plt00289__tracer1.f32__c0003__dt-f32/chunk_0,500000,35,spratio,primary,0.195935994,-1,1.76687753,4.94363799,1
fields/00236__plt00289__tracer0.f32__c0009__dt-f32/chunk_0,500000,30,ndzip shuffle=bit,primary,0.0819199979,-1,3.55247181,2.443264,1
fields/00237__plt00289__tracer1.f32__c0005__dt-f32/chunk_0,500000,30,ndzip shuffle=bit,primary,0.088064,-1,3.55247181,2.449408,1
fields/00237__plt00289__tracer1.f32__c0001__dt-f32/chunk_0,500000,35,spratio,primary,0.159904003,-1,1.77352831,4.889802,1
fields/00237__plt00289__tracer1.f32__c0007__dt-f32/chunk_0,500000,30,ndzip shuffle=bit,primary,0.0778239965,-1,3.55247181,2.439168,1
fields/00237__plt00289__tracer1.f32__c0015__dt-f32/chunk_0,500000,30,ndzip shuffle=bit,primary,0.084991999,-1,3.55247181,2.446336,1
fields/00237__plt00289__tracer1.f32__c0009__dt-f32/chunk_0,500000,29,ndzip,primary,0.074752003,-1,1.62062879,5.250896,1
fields/00237__plt00289__tracer1.f32__c0011__dt-f32/chunk_0,500000,29,ndzip,primary,0.0727040023,-1,1.62773579,5.226248,1
fields/00238__plt00289__tracer2.f32__c0001__dt-f32/chunk_0,500000,30,ndzip shuffle=bit,primary,0.0778239965,-1,3.55247181,2.439168,1
fields/00237__plt00289__tracer1.f32__c0013__dt-f32/chunk_0,500000,30,ndzip shuffle=bit,primary,0.0788479969,-1,3.55247181,2.440192,1
fields/00238__plt00289__tracer2.f32__c0007__dt-f32/chunk_0,500000,35,spratio,primary,0.149120003,-1,1.78184477,4.856942,1
fields/00238__plt00289__tracer2.f32__c0005__dt-f32/chunk_0,500000,29,ndzip,primary,0.0778239965,-1,1.63210365,5.217576,1
fields/00238__plt00289__tracer2.f32__c0003__dt-f32/chunk_0,500000,30,ndzip shuffle=bit,primary,0.13312,-1,3.55247181,2.494464,1
fields/00239__plt00289__velz.f32__c0001__dt-f32/chunk_0,500000,29,ndzip,primary,0.0727040023,-1,1.51538397,5.608336,1
fields/00238__plt00289__tracer2.f32__c0015__dt-f32/chunk_0,500000,29,ndzip,primary,0.0993279964,-1,1.62509202,5.261256,1
fields/00238__plt00289__tracer2.f32__c0009__dt-f32/chunk_0,500000,30,ndzip shuffle=bit,primary,0.0808959976,-1,3.55247181,2.44224,1
fields/00239__plt00289__velz.f32__c0003__dt-f32/chunk_0,500000,29,ndzip,primary,0.0686080009,-1,1.51548253,5.60388,1
fields/00238__plt00289__tracer2.f32__c0011__dt-f32/chunk_0,500000,30,ndzip shuffle=bit,primary,0.0778239965,-1,3.55247181,2.439168,1
fields/00239__plt00289__velz.f32__c0005__dt-f32/chunk_0,500000,29,ndzip,primary,0.0757760033,-1,1.43693892,5.913608,1
fields/00238__plt00289__tracer2.f32__c0013__dt-f32/chunk_0,500000,29,ndzip,primary,0.106495999,-1,1.636352,5.232904,1
fields/00239__plt00289__velz.f32__c0007__dt-f32/chunk_0,500000,29,ndzip,primary,0.0727040023,-1,1.3947094,6.087296,1
fields/00239__plt00289__velz.f32__c0013__dt-f32/chunk_0,500000,29,ndzip,primary,0.0757760033,-1,1.41957861,5.985,1
fields/00239__plt00289__velz.f32__c0009__dt-f32/chunk_0,500000,29,ndzip,primary,0.0706560016,-1,1.36138567,6.232472,1
fields/00239__plt00289__velz.f32__c0015__dt-f32/chunk_0,500000,29,ndzip,primary,0.074752003,-1,1.45478762,5.84096,1
fields/00239__plt00289__velz.f32__c0011__dt-f32/chunk_0,500000,29,ndzip,primary,0.0860159993,-1,1.37238647,6.19844,1
fields/00240__plt00315__density.f32__c0001__dt-f32/chunk_0,500000,29,ndzip,primary,0.0665600002,-1,7.18970955,1.233312,1
fields/00240__plt00315__density.f32__c0003__dt-f32/chunk_0,500000,29,ndzip,primary,0.0501759984,-1,7.66211674,1.144992,1
fields/00240__plt00315__density.f32__c0007__dt-f32/chunk_0,500000,35,spratio,primary,0.0823040009,-1,3.47997624,2.49284,1
fields/00240__plt00315__density.f32__c0005__dt-f32/chunk_0,500000,29,ndzip,primary,0.107519999,-1,7.4009119,1.240976,1
fields/00240__plt00315__density.f32__c0015__dt-f32/chunk_0,500000,29,ndzip,primary,0.173056006,-1,25.4409938,0.502784006,1
fields/00241__plt00315__tracer0.f32__c0003__dt-f32/chunk_0,500000,30,ndzip shuffle=bit,primary,0.102399997,-1,3.55247181,2.463744,1
fields/00240__plt00315__density.f32__c0009__dt-f32/chunk_0,500000,35,spratio,primary,0.266496003,-1,4.31011241,2.212758,1
fields/00240__plt00315__density.f32__c0011__dt-f32/chunk_0,500000,29,ndzip,primary,0.109568,-1,14.945709,0.67084,1
fields/00240__plt00315__density.f32__c0013__dt-f32/chunk_0,500000,29,ndzip,primary,0.0389119983,-1,25.4409938,0.368639998,1
fields/00241__plt00315__tracer0.f32__c0001__dt-f32/chunk_0,500000,30,ndzip shuffle=bit,primary,0.207872003,-1,3.55247181,2.569216,1
fields/00241__plt00315__tracer0.f32__c0007__dt-f32/chunk_0,500000,29,ndzip,primary,0.0931840017,-1,1.639681,5.209184,1
fields/00241__plt00315__tracer0.f32__c0005__dt-f32/chunk_0,500000,29,ndzip,primary,0.0931840017,-1,1.63210365,5.232936,1
fields/00241__plt00315__tracer0.f32__c0009__dt-f32/chunk_0,500000,30,ndzip shuffle=bit,primary,0.0993279964,-1,3.55247181,2.460672,1
fields/00241__plt00315__tracer0.f32__c0011__dt-f32/chunk_0,500000,30,ndzip shuffle=bit,primary,0.0768000036,-1,3.55247181,2.438144,1
fields/00242__plt00315__tracer1.f32__c0003__dt-f32/chunk_0,500000,29,ndzip,primary,0.0757760033,-1,1.61879488,5.257784,1
fields/00241__plt00315__tracer0.f32__c0015__dt-f32/chunk_0,500000,35,spratio,primary,0.0983999968,-1,1.77308671,4.829476,1
fields/00241__plt00315__tracer0.f32__c0013__dt-f32/chunk_0,500000,35,spratio,primary,0.0876159966,-1,1.78342445,4.791268,1
fields/00242__plt00315__tracer1.f32__c0001__dt-f32/chunk_0,500000,35,spratio,primary,0.272799999,-1,1.77352831,5.002698,1
fields/00242__plt00315__tracer1.f32__c0009__dt-f32/chunk_0,500000,29,ndzip,primary,0.0808959976,-1,1.62062879,5.25704,1
fields/00242__plt00315__tracer1.f32__c0005__dt-f32/chunk_0,500000,30,ndzip shuffle=bit,primary,0.100351997,-1,3.55247181,2.461696,1
fields/00242__plt00315__tracer1.f32__c0015__dt-f32/chunk_0,500000,30,ndzip shuffle=bit,primary,0.0952320024,-1,3.55247181,2.456576,1
fields/00242__plt00315__tracer1.f32__c0007__dt-f32/chunk_0,500000,30,ndzip shuffle=bit,primary,0.0829439983,-1,3.55247181,2.444288,1
fields/00242__plt00315__tracer1.f32__c0011__dt-f32/chunk_0,500000,35,spratio,primary,0.0637120008,-1,1.77053817,4.801598,1
fields/00243__plt00315__tracer2.f32__c0003__dt-f32/chunk_0,500000,30,ndzip shuffle=bit,primary,0.0819199979,-1,3.55247181,2.443264,1
fields/00242__plt00315__tracer1.f32__c0013__dt-f32/chunk_0,500000,30,ndzip shuffle=bit,primary,0.0788479969,-1,3.55247181,2.440192,1
fields/00243__plt00315__tracer2.f32__c0005__dt-f32/chunk_0,500000,29,ndzip,primary,0.0952320024,-1,1.63210365,5.234984,1
fields/00243__plt00315__tracer2.f32__c0001__dt-f32/chunk_0,500000,30,ndzip shuffle=bit,primary,0.0860159993,-1,3.55247181,2.44736,1
fields/00243__plt00315__tracer2.f32__c0007__dt-f32/chunk_0,500000,29,ndzip,primary,0.0931840017,-1,1.639681,5.209184,1
fields/00243__plt00315__tracer2.f32__c0009__dt-f32/chunk_0,500000,30,ndzip shuffle=bit,primary,0.105471998,-1,3.55247181,2.466816,1
fields/00243__plt00315__tracer2.f32__c0013__dt-f32/chunk_0,500000,35,spratio,primary,0.25177601,-1,1.78342445,4.95542801,1
fields/00243__plt00315__tracer2.f32__c0011__dt-f32/chunk_0,500000,30,ndzip shuffle=bit,primary,0.113664001,-1,3.55247181,2.475008,1
fields/00244__plt00315__velz.f32__c0001__dt-f32/chunk_0,500000,29,ndzip,primary,0.0942080021,-1,1.49556853,5.703184,1
fields/00244__plt00315__velz.f32__c0007__dt-f32/chunk_0,500000,29,ndzip,primary,0.0757760033,-1,1.39320839,6.096848,1
fields/00244__plt00315__velz.f32__c0003__dt-f32/chunk_0,500000,29,ndzip,primary,0.0665600002,-1,1.51231106,5.61344,1
fields/00243__plt00315__tracer2.f32__c0015__dt-f32/chunk_0,500000,29,ndzip,primary,0.0737280026,-1,1.62509202,5.235656,1
fields/00244__plt00315__velz.f32__c0009__dt-f32/chunk_0,500000,29,ndzip,primary,0.074752003,-1,1.36632071,6.214312,1
fields/00244__plt00315__velz.f32__c0005__dt-f32/chunk_0,500000,29,ndzip,primary,0.074752003,-1,1.42998036,5.940992,1
fields/00244__plt00315__velz.f32__c0011__dt-f32/chunk_0,500000,29,ndzip,primary,0.0870399997,-1,1.36931111,6.213192,1
fields/00245__plt00366__density.f32__c0005__dt-f32/chunk_0,500000,29,ndzip,primary,0.0593920015,-1,7.38329813,1.195552,1
fields/00244__plt00315__velz.f32__c0013__dt-f32/chunk_0,500000,29,ndzip,primary,0.104447998,-1,1.41537648,6.031216,1
fields/00244__plt00315__velz.f32__c0015__dt-f32/chunk_0,500000,29,ndzip,primary,0.402431995,-1,1.44710014,6.19927199,1
fields/00245__plt00366__density.f32__c0007__dt-f32/chunk_0,500000,35,spratio,primary,0.239391997,-1,3.46145225,2.662828,1
fields/00245__plt00366__density.f32__c0013__dt-f32/chunk_0,500000,29,ndzip,primary,0.0378880017,-1,25.4409938,0.367616002,1
fields/00245__plt00366__density.f32__c0003__dt-f32/chunk_0,500000,29,ndzip,primary,0.0645119995,-1,7.76320426,1.145072,1
fields/00245__plt00366__density.f32__c0001__dt-f32/chunk_0,500000,29,ndzip,primary,0.0655359998,-1,7.10966465,1.245424,1
fields/00245__plt00366__density.f32__c0015__dt-f32/chunk_0,500000,29,ndzip,primary,0.0327679999,-1,25.4409938,0.362496,1
fields/00245__plt00366__density.f32__c0011__dt-f32/chunk_0,500000,29,ndzip,primary,0.0798719972,-1,11.3417196,0.819495997,1
fields/00246__plt00366__tracer0.f32__c0001__dt-f32/chunk_0,500000,30,ndzip shuffle=bit,primary,0.084991999,-1,3.55247181,2.446336,1
fields/00245__plt00366__density.f32__c0009__dt-f32/chunk_0,500000,35,spratio,primary,0.0734080002,-1,4.35423505,1.999948,1
fields/00246__plt00366__tracer0.f32__c0003__dt-f32/chunk_0,500000,30,ndzip shuffle=bit,primary,0.109568,-1,3.55247181,2.470912,1
fields/00246__plt00366__tracer0.f32__c0009__dt-f32/chunk_0,500000,30,ndzip shuffle=bit,primary,0.0768000036,-1,3.55247181,2.438144,1
fields/00246__plt00366__tracer0.f32__c0013__dt-f32/chunk_0,500000,29,ndzip,primary,0.103423998,-1,1.636352,5.229832,1
fields/00246__plt00366__tracer0.f32__c0005__dt-f32/chunk_0,500000,35,spratio,primary,0.273952007,-1,1.77573357,4.99797601,1
fields/00246__plt00366__tracer0.f32__c0007__dt-f32/chunk_0,500000,29,ndzip,primary,0.113664001,-1,1.639681,5.229664,1
fields/00246__plt00366__tracer0.f32__c0011__dt-f32/chunk_0,500000,30,ndzip shuffle=bit,primary,0.0788479969,-1,3.55247181,2.440192,1
fields/00246__plt00366__tracer0.f32__c0015__dt-f32/chunk_0,500000,35,spratio,primary,0.253791988,-1,1.77308671,4.98486799,1
fields/00247__plt00366__tracer1.f32__c0001__dt-f32/chunk_0,500000,29,ndzip,primary,0.0819199979,-1,1.6246086,5.245384,1
fields/00247__plt00366__tracer1.f32__c0007__dt-f32/chunk_0,500000,30,ndzip shuffle=bit,primary,0.0778239965,-1,3.55247181,2.439168,1
fields/00247__plt00366__tracer1.f32__c0003__dt-f32/chunk_0,500000,35,spratio,primary,0.311008006,-1,1.76687753,5.05871001,1
fields/00247__plt00366__tracer1.f32__c0005__dt-f32/chunk_0,500000,30,ndzip shuffle=bit,primary,0.0808959976,-1,3.55247181,2.44224,1
fields/00247__plt00366__tracer1.f32__c0009__dt-f32/chunk_0,500000,35,spratio,primary,0.0827839971,-1,1.76718722,4.829654,1
fields/00247__plt00366__tracer1.f32__c0011__dt-f32/chunk_0,500000,29,ndzip,primary,0.0757760033,-1,1.62773579,5.22932,1
fields/00247__plt00366__tracer1.f32__c0015__dt-f32/chunk_0,500000,30,ndzip shuffle=bit,primary,0.136191994,-1,3.55247181,2.49753599,1
fields/00248__plt00366__tracer2.f32__c0001__dt-f32/chunk_0,500000,30,ndzip shuffle=bit,primary,0.105471998,-1,3.55247181,2.466816,1
fields/00248__plt00366__tracer2.f32__c0003__dt-f32/chunk_0,500000,30,ndzip shuffle=bit,primary,0.106495999,-1,3.55247181,2.46784,1
fields/00247__plt00366__tracer1.f32__c0013__dt-f32/chunk_0,500000,30,ndzip shuffle=bit,primary,0.138239995,-1,3.55247181,2.49958399,1
fields/00248__plt00366__tracer2.f32__c0007__dt-f32/chunk_0,500000,29,ndzip,primary,0.0757760033,-1,1.639681,5.191776,1
fields/00248__plt00366__tracer2.f32__c0005__dt-f32/chunk_0,500000,35,spratio,primary,0.342464,-1,1.77573357,5.066488,1
fields/00248__plt00366__tracer2.f32__c0013__dt-f32/chunk_0,500000,29,ndzip,primary,0.0716800019,-1,1.636352,5.198088,1
fields/00248__plt00366__tracer2.f32__c0009__dt-f32/chunk_0,500000,2,ans shuffle=byte,primary,0.582400024,-1,6.62707772,1.84820802,1
fields/00248__plt00366__tracer2.f32__c0011__dt-f32/chunk_0,500000,2,ans shuffle=byte,primary,1.01340795,-1,6.62707772,2.27921595,1
fields/00248__plt00366__tracer2.f32__c0015__dt-f32/chunk_0,500000,35,spratio,primary,0.256927997,-1,1.77308671,4.988004,1
fields/00249__plt00366__velz.f32__c0001__dt-f32/chunk_0,500000,29,ndzip,primary,0.0942080021,-1,1.47928238,5.764936,1
fields/00249__plt00366__velz.f32__c0003__dt-f32/chunk_0,500000,29,ndzip,primary,0.084991999,-1,1.5037983,5.663272,1
fields/00249__plt00366__velz.f32__c0005__dt-f32/chunk_0,500000,29,ndzip,primary,0.0890880004,-1,1.42243445,5.986448,1
fields/00249__plt00366__velz.f32__c0011__dt-f32/chunk_0,500000,29,ndzip,primary,0.0706560016,-1,1.36550224,6.213896,1
fields/00249__plt00366__velz.f32__c0007__dt-f32/chunk_0,500000,35,spratio,primary,0.228320003,-1,1.49615857,5.835084,1
fields/00249__plt00366__velz.f32__c0009__dt-f32/chunk_0,500000,29,ndzip,primary,0.0727040023,-1,1.37222842,6.185832,1
fields/00249__plt00366__velz.f32__c0015__dt-f32/chunk_0,500000,29,ndzip,primary,0.0706560016,-1,1.43945397,5.898288,1
fields/00250__plt00423__density.f32__c0001__dt-f32/chunk_0,500000,29,ndzip,primary,0.0624639988,-1,7.09917132,1.244096,1
fields/00250__plt00423__density.f32__c0011__dt-f32/chunk_0,500000,29,ndzip,primary,0.0583680011,-1,8.06014113,1.09912,1
fields/00249__plt00366__velz.f32__c0013__dt-f32/chunk_0,500000,29,ndzip,primary,0.0675840005,-1,1.41121244,6.01184,1
fields/00250__plt00423__density.f32__c0013__dt-f32/chunk_0,500000,29,ndzip,primary,0.0337920003,-1,25.4409938,0.36352,1
fields/00250__plt00423__density.f32__c0003__dt-f32/chunk_0,500000,29,ndzip,primary,0.0552960001,-1,7.8579158,1.122832,1
fields/00250__plt00423__density.f32__c0009__dt-f32/chunk_0,500000,35,spratio,primary,0.213599995,-1,4.35340348,2.14050799,1
fields/00250__plt00423__density.f32__c0007__dt-f32/chunk_0,500000,35,spratio,primary,0.0652799979,-1,3.45322471,2.49449,1
fields/00250__plt00423__density.f32__c0005__dt-f32/chunk_0,500000,29,ndzip,primary,0.0645119995,-1,7.36359551,1.203712,1
fields/00251__plt00423__tracer0.f32__c0001__dt-f32/chunk_0,500000,2,ans shuffle=byte,primary,0.520479977,-1,6.62707772,1.78628798,1
fields/00251__plt00423__tracer0.f32__c0011__dt-f32/chunk_0,500000,30,ndzip shuffle=bit,primary,0.100351997,-1,3.55247181,2.461696,1
fields/00251__plt00423__tracer0.f32__c0013__dt-f32/chunk_0,500000,29,ndzip,primary,0.0870399997,-1,1.636352,5.213448,1
fields/00251__plt00423__tracer0.f32__c0003__dt-f32/chunk_0,500000,30,ndzip shuffle=bit,primary,0.349184006,-1,3.55247181,2.71052801,1
fields/00250__plt00423__density.f32__c0015__dt-f32/chunk_0,500000,29,ndzip,primary,0.128000006,-1,25.4409938,0.457728006,1
fields/00251__plt00423__tracer0.f32__c0005__dt-f32/chunk_0,500000,29,ndzip,primary,0.353280008,-1,1.63210365,5.49303201,1
fields/00251__plt00423__tracer0.f32__c0007__dt-f32/chunk_0,500000,29,ndzip,primary,0.074752003,-1,1.639681,5.190752,1
fields/00251__plt00423__tracer0.f32__c0015__dt-f32/chunk_0,500000,35,spratio,primary,0.0880319998,-1,1.77308671,4.819108,1
fields/00251__plt00423__tracer0.f32__c0009__dt-f32/chunk_0,500000,2,ans shuffle=byte,primary,0.321119994,-1,6.62707772,1.58692799,1
fields/00252__plt00423__tracer1.f32__c0001__dt-f32/chunk_0,500000,35,spratio,primary,0.286527991,-1,1.77352831,5.01642599,1
fields/00252__plt00423__tracer1.f32__c0005__dt-f32/chunk_0,500000,30,ndzip shuffle=bit,primary,0.117760003,-1,3.55247181,2.479104,1
fields/00252__plt00423__tracer1.f32__c0003__dt-f32/chunk_0,500000,35,spratio,primary,0.240960002,-1,1.76687753,4.988662,1
fields/00252__plt00423__tracer1.f32__c0009__dt-f32/chunk_0,500000,29,ndzip,primary,0.107519999,-1,1.62062879,5.283664,1
fields/00252__plt00423__tracer1.f32__c0007__dt-f32/chunk_0,500000,39,spspeed shuffle=bit,primary,0.0947199985,-1,3.9762014,2.204424,1
fields/00252__plt00423__tracer1.f32__c0011__dt-f32/chunk_0,500000,29,ndzip,primary,0.0901120007,-1,1.62773579,5.243656,1
fields/00252__plt00423__tracer1.f32__c0013__dt-f32/chunk_0,500000,30,ndzip shuffle=bit,primary,0.0819199979,-1,3.55247181,2.443264,1
fields/00252__plt00423__tracer1.f32__c0015__dt-f32/chunk_0,500000,2,ans shuffle=byte,primary,0.373695999,-1,6.62707772,1.639504,1
fields/00253__plt00423__tracer2.f32__c0001__dt-f32/chunk_0,500000,30,ndzip shuffle=bit,primary,0.0778239965,-1,3.55247181,2.439168,1
fields/00253__plt00423__tracer2.f32__c0003__dt-f32/chunk_0,500000,30,ndzip shuffle=bit,primary,0.0901120007,-1,3.55247181,2.451456,1
fields/00253__plt00423__tracer2.f32__c0005__dt-f32/chunk_0,500000,35,spratio,primary,0.249439999,-1,1.77573357,4.973464,1
fields/00253__plt00423__tracer2.f32__c0009__dt-f32/chunk_0,500000,30,ndzip shuffle=bit,primary,0.0829439983,-1,3.55247181,2.444288,1
fields/00253__plt00423__tracer2.f32__c0013__dt-f32/chunk_0,500000,35,spratio,primary,0.141632006,-1,1.78342445,4.84528401,1
fields/00253__plt00423__tracer2.f32__c0007__dt-f32/chunk_0,500000,29,ndzip,primary,0.0757760033,-1,1.639681,5.191776,1
fields/00253__plt00423__tracer2.f32__c0011__dt-f32/chunk_0,500000,30,ndzip shuffle=bit,primary,0.106495999,-1,3.55247181,2.46784,1
fields/00254__plt00423__velz.f32__c0007__dt-f32/chunk_0,500000,35,spratio,primary,0.0739519969,-1,1.49637955,5.679888,1
fields/00253__plt00423__tracer2.f32__c0015__dt-f32/chunk_0,500000,29,ndzip,primary,0.0737280026,-1,1.62509202,5.235656,1
fields/00254__plt00423__velz.f32__c0005__dt-f32/chunk_0,500000,29,ndzip,primary,0.132095993,-1,1.41648543,6.05422399,1
fields/00254__plt00423__velz.f32__c0003__dt-f32/chunk_0,500000,29,ndzip,primary,0.0860159993,-1,1.49527635,5.696088,1
fields/00254__plt00423__velz.f32__c0001__dt-f32/chunk_0,500000,29,ndzip,primary,0.0757760033,-1,1.47094653,5.77864,1
fields/00254__plt00423__velz.f32__c0011__dt-f32/chunk_0,500000,29,ndzip,primary,0.106495999,-1,1.36081853,6.27088,1
fields/00254__plt00423__velz.f32__c0015__dt-f32/chunk_0,500000,29,ndzip,primary,0.0675840005,-1,1.43398931,5.917424,1
fields/00254__plt00423__velz.f32__c0009__dt-f32/chunk_0,500000,29,ndzip,primary,0.0921600014,-1,1.37661332,6.185816,1
fields/00255__plt00472__density.f32__c0009__dt-f32/chunk_0,500000,35,spratio,primary,0.113728002,-1,4.33751576,2.047694,1
fields/00254__plt00423__velz.f32__c0013__dt-f32/chunk_0,500000,35,spratio,primary,0.129631996,-1,1.48656482,5.77258,1
fields/00255__plt00472__density.f32__c0001__dt-f32/chunk_0,500000,29,ndzip,primary,0.0696320012,-1,7.15907912,1.241376,1
fields/00255__plt00472__density.f32__c0003__dt-f32/chunk_0,500000,29,ndzip,primary,0.152575999,-1,7.89316953,1.215344,1
fields/00255__plt00472__density.f32__c0005__dt-f32/chunk_0,500000,29,ndzip,primary,0.0870399997,-1,7.32988012,1.23148,1
fields/00255__plt00472__density.f32__c0013__dt-f32/chunk_0,500000,29,ndzip,primary,0.0368640013,-1,25.4409938,0.366592001,1
fields/00255__plt00472__density.f32__c0007__dt-f32/chunk_0,500000,35,spratio,primary,0.123264,-1,3.42460376,2.572776,1
fields/00255__plt00472__density.f32__c0015__dt-f32/chunk_0,500000,29,ndzip,primary,0.0368640013,-1,25.4409938,0.366592001,1
fields/00256__plt00472__tracer0.f32__c0009__dt-f32/chunk_0,500000,30,ndzip shuffle=bit,primary,0.0860159993,-1,3.55247181,2.44736,1
fields/00256__plt00472__tracer0.f32__c0001__dt-f32/chunk_0,500000,30,ndzip shuffle=bit,primary,0.187391996,-1,3.55247181,2.548736,1
fields/00255__plt00472__density.f32__c0011__dt-f32/chunk_0,500000,29,ndzip,primary,0.0655359998,-1,5.84715415,1.500184,1
fields/00256__plt00472__tracer0.f32__c0003__dt-f32/chunk_0,500000,30,ndzip shuffle=bit,primary,0.104447998,-1,3.55247181,2.465792,1
fields/00256__plt00472__tracer0.f32__c0005__dt-f32/chunk_0,500000,29,ndzip,primary,0.0768000036,-1,1.63210365,5.216552,1
fields/00256__plt00472__tracer0.f32__c0007__dt-f32/chunk_0,500000,29,ndzip,primary,0.0983040035,-1,1.639681,5.214304,1
fields/00256__plt00472__tracer0.f32__c0011__dt-f32/chunk_0,500000,30,ndzip shuffle=bit,primary,0.0972800031,-1,3.55247181,2.458624,1
fields/00256__plt00472__tracer0.f32__c0013__dt-f32/chunk_0,500000,29,ndzip,primary,0.084991999,-1,1.636352,5.2114,1
fields/00256__plt00472__tracer0.f32__c0015__dt-f32/chunk_0,500000,29,ndzip,primary,0.104447998,-1,1.62509202,5.266376,1
fields/00257__plt00472__tracer1.f32__c0005__dt-f32/chunk_0,500000,2,ans shuffle=byte,primary,0.655712008,-1,6.62707772,1.92152001,1
fields/00257__plt00472__tracer1.f32__c0001__dt-f32/chunk_0,500000,35,spratio,primary,0.410239995,-1,1.77352831,5.14013799,1
fields/00257__plt00472__tracer1.f32__c0003__dt-f32/chunk_0,500000,35,spratio,primary,0.273088008,-1,1.76687753,5.02079001,1
fields/00257__plt00472__tracer1.f32__c0007__dt-f32/chunk_0,500000,30,ndzip shuffle=bit,primary,0.0819199979,-1,3.55247181,2.443264,1
fields/00257__plt00472__tracer1.f32__c0011__dt-f32/chunk_0,500000,29,ndzip,primary,0.0727040023,-1,1.62773579,5.226248,1
fields/00257__plt00472__tracer1.f32__c0015__dt-f32/chunk_0,500000,30,ndzip shuffle=bit,primary,0.0768000036,-1,3.55247181,2.438144,1
fields/00257__plt00472__tracer1.f32__c0009__dt-f32/chunk_0,500000,35,spratio,primary,0.206783995,-1,1.76718722,4.953654,1
fields/00257__plt00472__tracer1.f32__c0013__dt-f32/chunk_0,500000,30,ndzip shuffle=bit,primary,0.0962560028,-1,3.55247181,2.4576,1
fields/00258__plt00472__tracer2.f32__c0001__dt-f32/chunk_0,500000,30,ndzip shuffle=bit,primary,0.0931840017,-1,3.55247181,2.454528,1
fields/00258__plt00472__tracer2.f32__c0005__dt-f32/chunk_0,500000,38,spspeed,primary,0.170624003,-1,1.64922043,5.257032,1
fields/00258__plt00472__tracer2.f32__c0003__dt-f32/chunk_0,500000,30,ndzip shuffle=bit,primary,0.101375997,-1,3.55247181,2.46272,1
fields/00258__plt00472__tracer2.f32__c0009__dt-f32/chunk_0,500000,30,ndzip shuffle=bit,primary,0.0788479969,-1,3.55247181,2.440192,1
fields/00259__plt00472__velz.f32__c0003__dt-f32/chunk_0,500000,29,ndzip,primary,0.0768000036,-1,1.49078863,5.70376,1
fields/00258__plt00472__tracer2.f32__c0007__dt-f32/chunk_0,500000,29,ndzip,primary,0.0921600014,-1,1.639681,5.20816,1
fields/00258__plt00472__tracer2.f32__c0013__dt-f32/chunk_0,500000,29,ndzip,primary,0.0778239965,-1,1.636352,5.204232,1
fields/00258__plt00472__tracer2.f32__c0011__dt-f32/chunk_0,500000,2,ans shuffle=byte,primary,0.658912003,-1,6.62707772,1.92472,1
fields/00258__plt00472__tracer2.f32__c0015__dt-f32/chunk_0,500000,29,ndzip,primary,0.0737280026,-1,1.62509202,5.235656,1
fields/00259__plt00472__velz.f32__c0001__dt-f32/chunk_0,500000,29,ndzip,primary,0.0839679986,-1,1.46405404,5.81368,1
fields/00259__plt00472__velz.f32__c0005__dt-f32/chunk_0,500000,29,ndzip,primary,0.0931840017,-1,1.41343236,6.028104,1
fields/00259__plt00472__velz.f32__c0009__dt-f32/chunk_0,500000,29,ndzip,primary,0.0757760033,-1,1.38105179,6.149848,1
fields/00259__plt00472__velz.f32__c0011__dt-f32/chunk_0,500000,29,ndzip,primary,0.0890880004,-1,1.35396741,6.284664,1
fields/00259__plt00472__velz.f32__c0007__dt-f32/chunk_0,500000,35,spratio,primary,0.601823986,-1,1.49340284,6.21893399,1
fields/00259__plt00472__velz.f32__c0013__dt-f32/chunk_0,500000,29,ndzip,primary,0.0716800019,-1,1.40381016,6.04728,1
fields/00260__plt00515__density.f32__c0003__dt-f32/chunk_0,500000,29,ndzip,primary,0.0552960001,-1,7.82355926,1.12752,1
fields/00260__plt00515__density.f32__c0005__dt-f32/chunk_0,500000,29,ndzip,primary,0.0696320012,-1,7.21936039,1.231592,1
fields/00259__plt00472__velz.f32__c0015__dt-f32/chunk_0,500000,29,ndzip,primary,0.084991999,-1,1.42869055,5.956528,1
fields/00260__plt00515__density.f32__c0001__dt-f32/chunk_0,500000,29,ndzip,primary,0.0634879991,-1,7.14512722,1.23752,1
fields/00260__plt00515__density.f32__c0011__dt-f32/chunk_0,500000,35,spratio,primary,0.246560007,-1,7.11073738,1.42627001,1
fields/00260__plt00515__density.f32__c0009__dt-f32/chunk_0,500000,35,spratio,primary,0.244639993,-1,4.33626463,2.17916399,1
fields/00260__plt00515__density.f32__c0015__dt-f32/chunk_0,500000,29,ndzip,primary,0.0327679999,-1,25.4409938,0.362496,1
fields/00260__plt00515__density.f32__c0013__dt-f32/chunk_0,500000,29,ndzip,primary,0.0348160006,-1,25.4409938,0.364544001,1
fields/00260__plt00515__density.f32__c0007__dt-f32/chunk_0,500000,35,spratio,primary,0.082911998,-1,3.37290947,2.569966,1
fields/00261__plt00515__tracer0.f32__c0001__dt-f32/chunk_0,500000,2,ans shuffle=byte,primary,0.502592027,-1,6.62707772,1.76840003,1
fields/00261__plt00515__tracer0.f32__c0003__dt-f32/chunk_0,500000,30,ndzip shuffle=bit,primary,0.107519999,-1,3.55247181,2.468864,1
fields/00261__plt00515__tracer0.f32__c0005__dt-f32/chunk_0,500000,29,ndzip,primary,0.0778239965,-1,1.63210365,5.217576,1
fields/00261__plt00515__tracer0.f32__c0007__dt-f32/chunk_0,500000,29,ndzip,primary,0.0829439983,-1,1.639681,5.198944,1
fields/00261__plt00515__tracer0.f32__c0009__dt-f32/chunk_0,500000,2,ans shuffle=byte,primary,0.711296022,-1,6.62707772,1.97710402,1
fields/00261__plt00515__tracer0.f32__c0011__dt-f32/chunk_0,500000,30,ndzip shuffle=bit,primary,0.124927998,-1,3.55247181,2.486272,1
fields/00261__plt00515__tracer0.f32__c0015__dt-f32/chunk_0,500000,35,spratio,primary,0.26879999,-1,1.77308671,4.99987599,1
fields/00262__plt00515__tracer1.f32__c0003__dt-f32/chunk_0,500000,35,spratio,primary,0.0924160033,-1,1.76687753,4.840118,1
fields/00262__plt00515__tracer1.f32__c0001__dt-f32/chunk_0,500000,35,spratio,primary,0.147679999,-1,1.77352831,4.877578,1
fields/00262__plt00515__tracer1.f32__c0005__dt-f32/chunk_0,500000,30,ndzip shuffle=bit,primary,0.0798719972,-1,3.55247181,2.441216,1
fields/00261__plt00515__tracer0.f32__c0013__dt-f32/chunk_0,500000,29,ndzip,primary,0.0737280026,-1,1.636352,5.200136,1
fields/00262__plt00515__tracer1.f32__c0011__dt-f32/chunk_0,500000,35,spratio,primary,0.626079977,-1,1.77053817,5.36396598,1
fields/00262__plt00515__tracer1.f32__c0009__dt-f32/chunk_0,500000,35,spratio,primary,0.241375998,-1,1.76718722,4.988246,1
fields/00262__plt00515__tracer1.f32__c0013__dt-f32/chunk_0,500000,30,ndzip shuffle=bit,primary,0.0808959976,-1,3.55247181,2.44224,1
fields/00262__plt00515__tracer1.f32__c0007__dt-f32/chunk_0,500000,30,ndzip shuffle=bit,primary,0.0819199979,-1,3.55247181,2.443264,1
fields/00262__plt00515__tracer1.f32__c0015__dt-f32/chunk_0,500000,2,ans shuffle=byte,primary,1.15942395,-1,6.62707772,2.42523195,1
fields/00263__plt00515__tracer2.f32__c0005__dt-f32/chunk_0,500000,35,spratio,primary,0.247007996,-1,1.77573357,4.971032,1
fields/00263__plt00515__tracer2.f32__c0001__dt-f32/chunk_0,500000,39,spspeed shuffle=bit,primary,0.276255995,-1,3.9762014,2.38596,1
fields/00263__plt00515__tracer2.f32__c0003__dt-f32/chunk_0,500000,30,ndzip shuffle=bit,primary,0.121855997,-1,3.55247181,2.4832,1
fields/00263__plt00515__tracer2.f32__c0013__dt-f32/chunk_0,500000,29,ndzip,primary,0.0921600014,-1,1.636352,5.218568,1
fields/00263__plt00515__tracer2.f32__c0009__dt-f32/chunk_0,500000,30,ndzip shuffle=bit,primary,0.108543999,-1,3.55247181,2.469888,1
fields/00263__plt00515__tracer2.f32__c0007__dt-f32/chunk_0,500000,29,ndzip,primary,0.0716800019,-1,1.639681,5.18768,1
fields/00263__plt00515__tracer2.f32__c0011__dt-f32/chunk_0,500000,30,ndzip shuffle=bit,primary,0.107519999,-1,3.55247181,2.468864,1
fields/00264__plt00515__velz.f32__c0001__dt-f32/chunk_0,500000,29,ndzip,primary,0.0839679986,-1,1.46118966,5.824912,1
fields/00263__plt00515__tracer2.f32__c0015__dt-f32/chunk_0,500000,35,spratio,primary,0.0803520009,-1,1.77308671,4.811428,1
fields/00264__plt00515__velz.f32__c0003__dt-f32/chunk_0,500000,35,spratio,primary,0.216159999,-1,1.61397911,5.41363,1
fields/00264__plt00515__velz.f32__c0005__dt-f32/chunk_0,500000,29,ndzip,primary,0.074752003,-1,1.41099975,6.019904,1
fields/00264__plt00515__velz.f32__c0009__dt-f32/chunk_0,500000,29,ndzip,primary,0.151552007,-1,1.38669714,6.20089601,1
fields/00264__plt00515__velz.f32__c0007__dt-f32/chunk_0,500000,29,ndzip,primary,0.0675840005,-1,1.38749532,6.113448,1
fields/00264__plt00515__velz.f32__c0011__dt-f32/chunk_0,500000,29,ndzip,primary,0.138239995,-1,1.34864907,6.35824799,1
fields/00265__plt00557__density.f32__c0003__dt-f32/chunk_0,500000,29,ndzip,primary,0.0921600014,-1,7.75964242,1.173216,1
fields/00264__plt00515__velz.f32__c0013__dt-f32/chunk_0,500000,29,ndzip,primary,0.0778239965,-1,1.40084325,6.06608,1
fields/00265__plt00557__density.f32__c0009__dt-f32/chunk_0,500000,35,spratio,primary,0.369856,-1,4.32589335,2.309018,1
fields/00265__plt00557__density.f32__c0011__dt-f32/chunk_0,500000,35,spratio,primary,0.369760007,-1,5.86135559,1.80093201,1
fields/00264__plt00515__velz.f32__c0015__dt-f32/chunk_0,500000,29,ndzip,primary,0.0686080009,-1,1.42174399,5.968832,1
fields/00265__plt00557__density.f32__c0013__dt-f32/chunk_0,500000,29,ndzip,primary,0.035840001,-1,25.4409938,0.365568001,1
fields/00265__plt00557__density.f32__c0001__dt-f32/chunk_0,500000,35,spratio,primary,0.0872320011,-1,10.9750267,0.851568001,1
fields/00265__plt00557__density.f32__c0015__dt-f32/chunk_0,500000,29,ndzip,primary,0.0624639988,-1,25.4409938,0.392191999,1
fields/00265__plt00557__density.f32__c0005__dt-f32/chunk_0,500000,29,ndzip,primary,0.0522239991,-1,7.0139332,1.248216,1
fields/00265__plt00557__density.f32__c0007__dt-f32/chunk_0,500000,35,spratio,primary,0.0754240006,-1,3.29214448,2.623492,1
fields/00266__plt00557__tracer0.f32__c0007__dt-f32/chunk_0,500000,29,ndzip,primary,0.0757760033,-1,1.639681,5.191776,1
fields/00266__plt00557__tracer0.f32__c0001__dt-f32/chunk_0,500000,39,spspeed shuffle=bit,primary,0.318495989,-1,3.9762014,2.42819999,1
fields/00266__plt00557__tracer0.f32__c0005__dt-f32/chunk_0,500000,35,spratio,primary,0.388832003,-1,1.77573357,5.112856,1
fields/00266__plt00557__tracer0.f32__c0003__dt-f32/chunk_0,500000,30,ndzip shuffle=bit,primary,0.0819199979,-1,3.55247181,2.443264,1
fields/00266__plt00557__tracer0.f32__c0011__dt-f32/chunk_0,500000,30,ndzip shuffle=bit,primary,0.0993279964,-1,3.55247181,2.460672,1
fields/00266__plt00557__tracer0.f32__c0013__dt-f32/chunk_0,500000,29,ndzip,primary,0.074752003,-1,1.636352,5.20116,1
fields/00266__plt00557__tracer0.f32__c0009__dt-f32/chunk_0,500000,30,ndzip shuffle=bit,primary,0.0829439983,-1,3.55247181,2.444288,1
fields/00267__plt00557__tracer1.f32__c0001__dt-f32/chunk_0,500000,29,ndzip,primary,0.084991999,-1,1.6246086,5.248456,1
fields/00266__plt00557__tracer0.f32__c0015__dt-f32/chunk_0,500000,35,spratio,primary,0.118720002,-1,1.77308671,4.849796,1
fields/00267__plt00557__tracer1.f32__c0003__dt-f32/chunk_0,500000,29,ndzip,primary,0.0798719972,-1,1.61879488,5.26188,1
fields/00267__plt00557__tracer1.f32__c0005__dt-f32/chunk_0,500000,30,ndzip shuffle=bit,primary,0.0972800031,-1,3.55247181,2.458624,1
fields/00267__plt00557__tracer1.f32__c0007__dt-f32/chunk_0,500000,30,ndzip shuffle=bit,primary,0.109568,-1,3.55247181,2.470912,1
fields/00267__plt00557__tracer1.f32__c0009__dt-f32/chunk_0,500000,35,spratio,primary,0.0889599994,-1,1.76718722,4.83583,1
fields/00267__plt00557__tracer1.f32__c0015__dt-f32/chunk_0,500000,30,ndzip shuffle=bit,primary,0.0829439983,-1,3.55247181,2.444288,1
fields/00267__plt00557__tracer1.f32__c0013__dt-f32/chunk_0,500000,30,ndzip shuffle=bit,primary,0.123903997,-1,3.55247181,2.485248,1
fields/00268__plt00557__tracer2.f32__c0003__dt-f32/chunk_0,500000,30,ndzip shuffle=bit,primary,0.0808959976,-1,3.55247181,2.44224,1
fields/00267__plt00557__tracer1.f32__c0011__dt-f32/chunk_0,500000,35,spratio,primary,0.290912002,-1,1.77053817,5.028798,1
fields/00268__plt00557__tracer2.f32__c0005__dt-f32/chunk_0,500000,35,spratio,primary,0.230015993,-1,1.77573357,4.95403999,1
fields/00268__plt00557__tracer2.f32__c0007__dt-f32/chunk_0,500000,29,ndzip,primary,0.0757760033,-1,1.639681,5.191776,1
fields/00268__plt00557__tracer2.f32__c0001__dt-f32/chunk_0,500000,30,ndzip shuffle=bit,primary,0.0819199979,-1,3.55247181,2.443264,1
fields/00268__plt00557__tracer2.f32__c0009__dt-f32/chunk_0,500000,30,ndzip shuffle=bit,primary,0.136191994,-1,3.55247181,2.49753599,1
fields/00268__plt00557__tracer2.f32__c0011__dt-f32/chunk_0,500000,30,ndzip shuffle=bit,primary,0.118784003,-1,3.55247181,2.480128,1
fields/00269__plt00557__velz.f32__c0001__dt-f32/chunk_0,500000,35,spratio,primary,0.0739519969,-1,1.57576222,5.397476,1
fields/00268__plt00557__tracer2.f32__c0013__dt-f32/chunk_0,500000,29,ndzip,primary,0.074752003,-1,1.636352,5.20116,1
fields/00268__plt00557__tracer2.f32__c0015__dt-f32/chunk_0,500000,29,ndzip,primary,0.0686080009,-1,1.62509202,5.230536,1
fields/00269__plt00557__velz.f32__c0003__dt-f32/chunk_0,500000,29,ndzip,primary,0.084991999,-1,1.50778788,5.648512,1
fields/00269__plt00557__velz.f32__c0005__dt-f32/chunk_0,500000,29,ndzip,primary,0.111616001,-1,1.40987662,6.061504,1
fields/00269__plt00557__velz.f32__c0007__dt-f32/chunk_0,500000,29,ndzip,primary,0.0737280026,-1,1.38356833,6.136752,1
fields/00269__plt00557__velz.f32__c0009__dt-f32/chunk_0,500000,35,spratio,primary,0.0783680007,-1,1.49064081,5.705886,1
fields/00269__plt00557__velz.f32__c0011__dt-f32/chunk_0,500000,29,ndzip,primary,0.074752003,-1,1.34252268,6.323144,1
fields/00269__plt00557__velz.f32__c0013__dt-f32/chunk_0,500000,29,ndzip,primary,0.0768000036,-1,1.39810693,6.076776,1
fields/00269__plt00557__velz.f32__c0015__dt-f32/chunk_0,500000,29,ndzip,primary,0.0839679986,-1,1.41701183,6.003896,1
fields/00270__plt00596__density.f32__c0007__dt-f32/chunk_0,500000,35,spratio,primary,0.368256003,-1,3.19804563,2.991298,1
fields/00270__plt00596__density.f32__c0001__dt-f32/chunk_0,500000,29,ndzip,primary,0.0583680011,-1,6.88367208,1.276992,1
fields/00270__plt00596__density.f32__c0009__dt-f32/chunk_0,500000,35,spratio,primary,0.238271996,-1,4.27571359,2.200192,1
fields/00270__plt00596__density.f32__c0003__dt-f32/chunk_0,500000,29,ndzip,primary,0.0511999987,-1,7.74302551,1.134576,1
fields/00270__plt00596__density.f32__c0015__dt-f32/chunk_0,500000,29,ndzip,primary,0.0419839993,-1,25.4409938,0.371711999,1
fields/00270__plt00596__density.f32__c0005__dt-f32/chunk_0,500000,29,ndzip,primary,0.0645119995,-1,6.67207096,1.321784,1
fields/00270__plt00596__density.f32__c0011__dt-f32/chunk_0,500000,35,spratio,primary,0.0830719993,-1,5.07646706,1.735522,1
fields/00270__plt00596__density.f32__c0013__dt-f32/chunk_0,500000,29,ndzip,primary,0.0419839993,-1,25.4409938,0.371711999,1
fields/00271__plt00596__tracer0.f32__c0005__dt-f32/chunk_0,500000,35,spratio,primary,0.228159994,-1,1.77573357,4.95218399,1
fields/00271__plt00596__tracer0.f32__c0001__dt-f32/chunk_0,500000,30,ndzip shuffle=bit,primary,0.0942080021,-1,3.55247181,2.455552,1
fields/00271__plt00596__tracer0.f32__c0003__dt-f32/chunk_0,500000,30,ndzip shuffle=bit,primary,0.0860159993,-1,3.55247181,2.44736,1
fields/00271__plt00596__tracer0.f32__c0009__dt-f32/chunk_0,500000,30,ndzip shuffle=bit,primary,0.0778239965,-1,3.55247181,2.439168,1
fields/00271__plt00596__tracer0.f32__c0007__dt-f32/chunk_0,500000,29,ndzip,primary,0.0890880004,-1,1.639681,5.205088,1
fields/00271__plt00596__tracer0.f32__c0011__dt-f32/chunk_0,500000,30,ndzip shuffle=bit,primary,0.0983040035,-1,3.55247181,2.459648,1
fields/00271__plt00596__tracer0.f32__c0013__dt-f32/chunk_0,500000,29,ndzip,primary,0.0655359998,-1,1.636352,5.191944,1
fields/00271__plt00596__tracer0.f32__c0015__dt-f32/chunk_0,500000,35,spratio,primary,0.106303997,-1,1.77308671,4.83738,1
fields/00272__plt00596__tracer1.f32__c0001__dt-f32/chunk_0,500000,35,spratio,primary,0.0872000009,-1,1.77352831,4.817098,1
fields/00272__plt00596__tracer1.f32__c0003__dt-f32/chunk_0,500000,29,ndzip,primary,0.0757760033,-1,1.61879488,5.257784,1
fields/00272__plt00596__tracer1.f32__c0009__dt-f32/chunk_0,500000,29,ndzip,primary,0.100351997,-1,1.62062879,5.276496,1
fields/00272__plt00596__tracer1.f32__c0007__dt-f32/chunk_0,500000,30,ndzip shuffle=bit,primary,0.467967987,-1,3.55247181,2.82931199,1
fields/00272__plt00596__tracer1.f32__c0005__dt-f32/chunk_0,500000,30,ndzip shuffle=bit,primary,0.113664001,-1,3.55247181,2.475008,1
fields/00272__plt00596__tracer1.f32__c0011__dt-f32/chunk_0,500000,29,ndzip,primary,0.0686080009,-1,1.62773579,5.222152,1
fields/00273__plt00596__tracer2.f32__c0003__dt-f32/chunk_0,500000,30,ndzip shuffle=bit,primary,0.0819199979,-1,3.55247181,2.443264,1
fields/00272__plt00596__tracer1.f32__c0013__dt-f32/chunk_0,500000,30,ndzip shuffle=bit,primary,0.0983040035,-1,3.55247181,2.459648,1
fields/00273__plt00596__tracer2.f32__c0009__dt-f32/chunk_0,500000,30,ndzip shuffle=bit,primary,0.0829439983,-1,3.55247181,2.444288,1
fields/00272__plt00596__tracer1.f32__c0015__dt-f32/chunk_0,500000,30,ndzip shuffle=bit,primary,0.205824003,-1,3.55247181,2.567168,1
fields/00273__plt00596__tracer2.f32__c0001__dt-f32/chunk_0,500000,30,ndzip shuffle=bit,primary,0.0808959976,-1,3.55247181,2.44224,1
fields/00274__plt00596__velz.f32__c0003__dt-f32/chunk_0,500000,35,spratio,primary,0.172992006,-1,1.62522992,5.33448201,1
fields/00273__plt00596__tracer2.f32__c0005__dt-f32/chunk_0,500000,29,ndzip,primary,0.0768000036,-1,1.63210365,5.216552,1
fields/00273__plt00596__tracer2.f32__c0011__dt-f32/chunk_0,500000,30,ndzip shuffle=bit,primary,0.0931840017,-1,3.55247181,2.454528,1
fields/00273__plt00596__tracer2.f32__c0007__dt-f32/chunk_0,500000,35,spratio,primary,0.484896004,-1,1.78184477,5.192718,1
fields/00273__plt00596__tracer2.f32__c0013__dt-f32/chunk_0,500000,29,ndzip,primary,0.111616001,-1,1.636352,5.238024,1
fields/00273__plt00596__tracer2.f32__c0015__dt-f32/chunk_0,500000,35,spratio,primary,0.421344012,-1,1.77308671,5.15242001,1
fields/00274__plt00596__velz.f32__c0001__dt-f32/chunk_0,500000,35,spratio,primary,0.232864007,-1,1.56028285,5.60920201,1
fields/00274__plt00596__velz.f32__c0007__dt-f32/chunk_0,500000,35,spratio,primary,0.226175994,-1,1.47591554,5.90983999,1
fields/00274__plt00596__velz.f32__c0005__dt-f32/chunk_0,500000,29,ndzip,primary,0.0952320024,-1,1.40969656,6.04588,1
fields/00274__plt00596__velz.f32__c0009__dt-f32/chunk_0,500000,29,ndzip,primary,0.0768000036,-1,1.38840104,6.11872,1
fields/00274__plt00596__velz.f32__c0015__dt-f32/chunk_0,500000,29,ndzip,primary,0.0706560016,-1,1.40368801,6.046776,1
fields/00274__plt00596__velz.f32__c0013__dt-f32/chunk_0,500000,29,ndzip,primary,0.0798719972,-1,1.3940215,6.097432,1
fields/00274__plt00596__velz.f32__c0011__dt-f32/chunk_0,500000,29,ndzip,primary,0.119808003,-1,1.33823922,6.3882,1
fields/00275__plt00637__density.f32__c0007__dt-f32/chunk_0,500000,35,spratio,primary,0.423776001,-1,3.11502784,3.116724,1
fields/00275__plt00637__density.f32__c0001__dt-f32/chunk_0,500000,29,ndzip,primary,0.104447998,-1,6.78172011,1.341392,1
fields/00275__plt00637__density.f32__c0003__dt-f32/chunk_0,500000,29,ndzip,primary,0.0563200004,-1,7.76423896,1.136736,1
fields/00275__plt00637__density.f32__c0005__dt-f32/chunk_0,500000,35,spratio,primary,0.38390401,-1,9.81222439,1.23881801,1
fields/00275__plt00637__density.f32__c0009__dt-f32/chunk_0,500000,35,spratio,primary,0.0758399963,-1,4.18454981,2.080502,1
fields/00275__plt00637__density.f32__c0013__dt-f32/chunk_0,500000,29,ndzip,primary,0.0399359986,-1,25.4409938,0.369663999,1
fields/00275__plt00637__density.f32__c0011__dt-f32/chunk_0,500000,35,spratio,primary,0.249280006,-1,4.54479397,2.09504201,1
fields/00275__plt00637__density.f32__c0015__dt-f32/chunk_0,500000,29,ndzip,primary,0.0399359986,-1,25.4409938,0.369663999,1
fields/00276__plt00637__tracer0.f32__c0001__dt-f32/chunk_0,500000,39,spspeed shuffle=bit,primary,0.408832014,-1,3.9762014,2.51853601,1
fields/00276__plt00637__tracer0.f32__c0005__dt-f32/chunk_0,500000,29,ndzip,primary,0.0983040035,-1,1.63210365,5.238056,1
fields/00276__plt00637__tracer0.f32__c0003__dt-f32/chunk_0,500000,30,ndzip shuffle=bit,primary,0.0860159993,-1,3.55247181,2.44736,1
fields/00276__plt00637__tracer0.f32__c0009__dt-f32/chunk_0,500000,30,ndzip shuffle=bit,primary,0.0798719972,-1,3.55247181,2.441216,1
fields/00276__plt00637__tracer0.f32__c0013__dt-f32/chunk_0,500000,35,spratio,primary,0.185215995,-1,1.78342445,4.88886799,1
fields/00276__plt00637__tracer0.f32__c0007__dt-f32/chunk_0,500000,29,ndzip,primary,0.0665600002,-1,1.639681,5.18256,1
fields/00276__plt00637__tracer0.f32__c0011__dt-f32/chunk_0,500000,30,ndzip shuffle=bit,primary,0.130048007,-1,3.55247181,2.49139201,1
fields/00276__plt00637__tracer0.f32__c0015__dt-f32/chunk_0,500000,29,ndzip,primary,0.0993279964,-1,1.62509202,5.261256,1
fields/00277__plt00637__tracer1.f32__c0005__dt-f32/chunk_0,500000,30,ndzip shuffle=bit,primary,0.112640001,-1,3.55247181,2.473984,1
fields/00277__plt00637__tracer1.f32__c0001__dt-f32/chunk_0,500000,29,ndzip,primary,0.0819199979,-1,1.6246086,5.245384,1
fields/00277__plt00637__tracer1.f32__c0007__dt-f32/chunk_0,500000,30,ndzip shuffle=bit,primary,0.108543999,-1,3.55247181,2.469888,1
fields/00277__plt00637__tracer1.f32__c0003__dt-f32/chunk_0,500000,29,ndzip,primary,0.0675840005,-1,1.61879488,5.249592,1
fields/00277__plt00637__tracer1.f32__c0013__dt-f32/chunk_0,500000,30,ndzip shuffle=bit,primary,0.137216002,-1,3.55247181,2.49856,1
fields/00277__plt00637__tracer1.f32__c0011__dt-f32/chunk_0,500000,35,spratio,primary,0.37113601,-1,1.77053817,5.10902201,1
fields/00277__plt00637__tracer1.f32__c0009__dt-f32/chunk_0,500000,35,spratio,primary,0.29222399,-1,1.76718722,5.03909399,1
fields/00278__plt00637__tracer2.f32__c0001__dt-f32/chunk_0,500000,30,ndzip shuffle=bit,primary,0.108543999,-1,3.55247181,2.469888,1
fields/00278__plt00637__tracer2.f32__c0005__dt-f32/chunk_0,500000,29,ndzip,primary,0.0757760033,-1,1.63210365,5.215528,1
fields/00277__plt00637__tracer1.f32__c0015__dt-f32/chunk_0,500000,30,ndzip shuffle=bit,primary,0.108543999,-1,3.55247181,2.469888,1
fields/00278__plt00637__tracer2.f32__c0003__dt-f32/chunk_0,500000,30,ndzip shuffle=bit,primary,0.0819199979,-1,3.55247181,2.443264,1
fields/00278__plt00637__tracer2.f32__c0007__dt-f32/chunk_0,500000,35,spratio,primary,0.370047987,-1,1.78184477,5.07786999,1
fields/00278__plt00637__tracer2.f32__c0009__dt-f32/chunk_0,500000,2,ans shuffle=byte,primary,0.259712011,-1,6.62707772,1.52552001,1
fields/00278__plt00637__tracer2.f32__c0011__dt-f32/chunk_0,500000,30,ndzip shuffle=bit,primary,0.153600007,-1,3.55247181,2.51494401,1
fields/00278__plt00637__tracer2.f32__c0013__dt-f32/chunk_0,500000,29,ndzip,primary,0.106495999,-1,1.636352,5.232904,1
fields/00279__plt00637__velz.f32__c0003__dt-f32/chunk_0,500000,29,ndzip,primary,0.0819199979,-1,1.50755376,5.646304,1
fields/00279__plt00637__velz.f32__c0007__dt-f32/chunk_0,500000,29,ndzip,primary,0.0675840005,-1,1.37427687,6.1716,1
fields/00279__plt00637__velz.f32__c0005__dt-f32/chunk_0,500000,29,ndzip,primary,0.0665600002,-1,1.40894268,6.020392,1
fields/00278__plt00637__tracer2.f32__c0015__dt-f32/chunk_0,500000,35,spratio,primary,0.251711994,-1,1.77308671,4.98278799,1
fields/00279__plt00637__velz.f32__c0001__dt-f32/chunk_0,500000,35,spratio,primary,0.248096004,-1,1.55159263,5.654546,1
fields/00279__plt00637__velz.f32__c0009__dt-f32/chunk_0,500000,29,ndzip,primary,0.0798719972,-1,1.38653761,6.129912,1
fields/00279__plt00637__velz.f32__c0011__dt-f32/chunk_0,500000,29,ndzip,primary,0.0901120007,-1,1.3363938,6.36716,1
fields/00279__plt00637__velz.f32__c0013__dt-f32/chunk_0,500000,29,ndzip,primary,0.0860159993,-1,1.39069726,6.11796,1
fields/00280__plt00678__density.f32__c0001__dt-f32/chunk_0,500000,35,spratio,primary,0.288352013,-1,8.9618242,1.22439001,1
fields/00279__plt00637__velz.f32__c0015__dt-f32/chunk_0,500000,29,ndzip,primary,0.074752003,-1,1.40002403,6.066512,1
fields/00280__plt00678__density.f32__c0009__dt-f32/chunk_0,500000,35,spratio,primary,0.177504003,-1,4.09382516,2.226592,1
fields/00280__plt00678__density.f32__c0007__dt-f32/chunk_0,500000,35,spratio,primary,0.264319986,-1,3.06076499,3.00500999,1
fields/00280__plt00678__density.f32__c0003__dt-f32/chunk_0,500000,29,ndzip,primary,0.13312,-1,7.79877133,1.208752,1
fields/00280__plt00678__density.f32__c0011__dt-f32/chunk_0,500000,35,spratio,primary,0.44095999,-1,4.1430094,2.46572199,1
fields/00280__plt00678__density.f32__c0013__dt-f32/chunk_0,500000,29,ndzip,primary,0.0419839993,-1,25.3511919,0.372879999,1
fields/00280__plt00678__density.f32__c0015__dt-f32/chunk_0,500000,29,ndzip,primary,0.0368640013,-1,25.4409938,0.366592001,1
fields/00280__plt00678__density.f32__c0005__dt-f32/chunk_0,500000,29,ndzip,primary,0.0686080009,-1,5.20718475,1.679576,1
fields/00281__plt00678__tracer0.f32__c0001__dt-f32/chunk_0,500000,30,ndzip shuffle=bit,primary,0.0829439983,-1,3.55247181,2.444288,1
fields/00281__plt00678__tracer0.f32__c0003__dt-f32/chunk_0,500000,30,ndzip shuffle=bit,primary,0.0778239965,-1,3.55247181,2.439168,1
fields/00281__plt00678__tracer0.f32__c0009__dt-f32/chunk_0,500000,2,ans shuffle=byte,primary,0.509631991,-1,6.62707772,1.77543999,1
fields/00281__plt00678__tracer0.f32__c0005__dt-f32/chunk_0,500000,35,spratio,primary,0.0833920017,-1,1.77573357,4.807416,1
fields/00282__plt00678__tracer1.f32__c0001__dt-f32/chunk_0,500000,29,ndzip,primary,0.0931840017,-1,1.6246086,5.256648,1
fields/00281__plt00678__tracer0.f32__c0011__dt-f32/chunk_0,500000,30,ndzip shuffle=bit,primary,0.084991999,-1,3.55247181,2.446336,1
fields/00281__plt00678__tracer0.f32__c0015__dt-f32/chunk_0,500000,29,ndzip,primary,0.0798719972,-1,1.62509202,5.2418,1
fields/00281__plt00678__tracer0.f32__c0013__dt-f32/chunk_0,500000,35,spratio,primary,0.0835200027,-1,1.78342445,4.787172,1
fields/00282__plt00678__tracer1.f32__c0003__dt-f32/chunk_0,500000,29,ndzip,primary,0.0972800031,-1,1.61879488,5.279288,1
fields/00281__plt00678__tracer0.f32__c0007__dt-f32/chunk_0,500000,29,ndzip,primary,0.084991999,-1,1.639681,5.200992,1
fields/00282__plt00678__tracer1.f32__c0005__dt-f32/chunk_0,500000,30,ndzip shuffle=bit,primary,0.0819199979,-1,3.55247181,2.443264,1
fields/00282__plt00678__tracer1.f32__c0007__dt-f32/chunk_0,500000,30,ndzip shuffle=bit,primary,0.0798719972,-1,3.55247181,2.441216,1
fields/00282__plt00678__tracer1.f32__c0009__dt-f32/chunk_0,500000,29,ndzip,primary,0.074752003,-1,1.62062879,5.250896,1
fields/00282__plt00678__tracer1.f32__c0013__dt-f32/chunk_0,500000,30,ndzip shuffle=bit,primary,0.135168001,-1,3.55247181,2.496512,1
fields/00283__plt00678__tracer2.f32__c0005__dt-f32/chunk_0,500000,38,spspeed,primary,0.107712001,-1,1.64922043,5.19412,1
fields/00282__plt00678__tracer1.f32__c0015__dt-f32/chunk_0,500000,30,ndzip shuffle=bit,primary,0.212991998,-1,3.55247181,2.574336,1
fields/00283__plt00678__tracer2.f32__c0001__dt-f32/chunk_0,500000,30,ndzip shuffle=bit,primary,0.0798719972,-1,3.55247181,2.441216,1
fields/00282__plt00678__tracer1.f32__c0011__dt-f32/chunk_0,500000,29,ndzip,primary,0.0808959976,-1,1.62773579,5.23444,1
fields/00283__plt00678__tracer2.f32__c0003__dt-f32/chunk_0,500000,30,ndzip shuffle=bit,primary,0.0808959976,-1,3.55247181,2.44224,1
fields/00283__plt00678__tracer2.f32__c0011__dt-f32/chunk_0,500000,30,ndzip shuffle=bit,primary,0.131072,-1,3.55247181,2.492416,1
fields/00283__plt00678__tracer2.f32__c0009__dt-f32/chunk_0,500000,30,ndzip shuffle=bit,primary,0.134143993,-1,3.55247181,2.49548799,1
fields/00284__plt00678__velz.f32__c0001__dt-f32/chunk_0,500000,35,spratio,primary,0.105664,-1,1.53248606,5.57952,1
fields/00283__plt00678__tracer2.f32__c0013__dt-f32/chunk_0,500000,29,ndzip,primary,0.0768000036,-1,1.636352,5.203208,1
fields/00283__plt00678__tracer2.f32__c0007__dt-f32/chunk_0,500000,29,ndzip,primary,0.137216002,-1,1.639681,5.253216,1
fields/00284__plt00678__velz.f32__c0003__dt-f32/chunk_0,500000,29,ndzip,primary,0.0696320012,-1,1.50075712,5.659216,1
fields/00283__plt00678__tracer2.f32__c0015__dt-f32/chunk_0,500000,29,ndzip,primary,0.0655359998,-1,1.62509202,5.227464,1
fields/00284__plt00678__velz.f32__c0005__dt-f32/chunk_0,500000,29,ndzip,primary,0.0686080009,-1,1.40971361,6.019184,1
fields/00284__plt00678__velz.f32__c0011__dt-f32/chunk_0,500000,29,ndzip,primary,0.0737280026,-1,1.33497652,6.35744,1
fields/00284__plt00678__velz.f32__c0007__dt-f32/chunk_0,500000,29,ndzip,primary,0.0686080009,-1,1.37118587,6.186384,1
fields/00284__plt00678__velz.f32__c0015__dt-f32/chunk_0,500000,29,ndzip,primary,0.0788479969,-1,1.39542584,6.090352,1
fields/00284__plt00678__velz.f32__c0009__dt-f32/chunk_0,500000,29,ndzip,primary,0.0727040023,-1,1.38625349,6.123984,1
fields/00285__plt00717__density.f32__c0005__dt-f32/chunk_0,500000,29,ndzip,primary,0.0675840005,-1,4.47925637,1.940352,1
fields/00285__plt00717__density.f32__c0001__dt-f32/chunk_0,500000,35,spratio,primary,0.402016014,-1,6.31583829,1.73020201,1
fields/00284__plt00678__velz.f32__c0013__dt-f32/chunk_0,500000,29,ndzip,primary,0.0839679986,-1,1.38627365,6.13516,1
fields/00285__plt00717__density.f32__c0007__dt-f32/chunk_0,500000,35,spratio,primary,0.462879986,-1,3.03726206,3.22477799,1
fields/00285__plt00717__density.f32__c0011__dt-f32/chunk_0,500000,35,spratio,primary,0.135616004,-1,3.89940016,2.286872,1
fields/00285__plt00717__density.f32__c0003__dt-f32/chunk_0,500000,29,ndzip,primary,0.0593920015,-1,7.81411432,1.132912,1
fields/00285__plt00717__density.f32__c0009__dt-f32/chunk_0,500000,35,spratio,primary,0.193920001,-1,4.0129085,2.284326,1
fields/00285__plt00717__density.f32__c0013__dt-f32/chunk_0,500000,29,ndzip,primary,0.0696320012,-1,22.9277124,0.435504001,1
fields/00285__plt00717__density.f32__c0015__dt-f32/chunk_0,500000,29,ndzip,primary,0.0696320012,-1,25.4409938,0.399360001,1
fields/00286__plt00717__tracer0.f32__c0001__dt-f32/chunk_0,500000,30,ndzip shuffle=bit,primary,0.084991999,-1,3.55247181,2.446336,1
fields/00286__plt00717__tracer0.f32__c0005__dt-f32/chunk_0,500000,35,spratio,primary,0.0732799992,-1,1.77573357,4.797304,1
fields/00286__plt00717__tracer0.f32__c0003__dt-f32/chunk_0,500000,30,ndzip shuffle=bit,primary,0.0901120007,-1,3.55247181,2.451456,1
fields/00286__plt00717__tracer0.f32__c0007__dt-f32/chunk_0,500000,35,spratio,primary,0.0834560022,-1,1.78184477,4.791278,1
fields/00286__plt00717__tracer0.f32__c0011__dt-f32/chunk_0,500000,30,ndzip shuffle=bit,primary,0.0819199979,-1,3.55247181,2.443264,1
fields/00286__plt00717__tracer0.f32__c0013__dt-f32/chunk_0,500000,38,spspeed,primary,0.153696001,-1,1.65345418,5.22708,1
fields/00286__plt00717__tracer0.f32__c0009__dt-f32/chunk_0,500000,30,ndzip shuffle=bit,primary,0.0778239965,-1,3.55247181,2.439168,1
fields/00287__plt00717__tracer1.f32__c0001__dt-f32/chunk_0,500000,35,spratio,primary,0.226464003,-1,1.77352831,4.956362,1
fields/00286__plt00717__tracer0.f32__c0015__dt-f32/chunk_0,500000,35,spratio,primary,0.0914879963,-1,1.77308671,4.822564,1
fields/00287__plt00717__tracer1.f32__c0003__dt-f32/chunk_0,500000,35,spratio,primary,0.217792004,-1,1.76687753,4.965494,1
fields/00287__plt00717__tracer1.f32__c0005__dt-f32/chunk_0,500000,2,ans shuffle=byte,primary,0.535135984,-1,6.62707772,1.80094398,1
fields/00287__plt00717__tracer1.f32__c0007__dt-f32/chunk_0,500000,30,ndzip shuffle=bit,primary,0.102399997,-1,3.55247181,2.463744,1
fields/00288__plt00717__tracer2.f32__c0001__dt-f32/chunk_0,500000,30,ndzip shuffle=bit,primary,0.0839679986,-1,3.55247181,2.445312,1
fields/00287__plt00717__tracer1.f32__c0013__dt-f32/chunk_0,500000,39,spspeed shuffle=bit,primary,0.104864001,-1,3.9762014,2.214568,1
fields/00287__plt00717__tracer1.f32__c0015__dt-f32/chunk_0,500000,2,ans shuffle=byte,primary,0.182016,-1,6.62707772,1.447824,1
fields/00287__plt00717__tracer1.f32__c0009__dt-f32/chunk_0,500000,35,spratio,primary,0.0801919997,-1,1.76718722,4.827062,1
fields/00287__plt00717__tracer1.f32__c0011__dt-f32/chunk_0,500000,29,ndzip,primary,0.0757760033,-1,1.62773579,5.22932,1
fields/00288__plt00717__tracer2.f32__c0009__dt-f32/chunk_0,500000,30,ndzip shuffle=bit,primary,0.0778239965,-1,3.55247181,2.439168,1
fields/00288__plt00717__tracer2.f32__c0005__dt-f32/chunk_0,500000,35,spratio,primary,0.314720005,-1,1.77573357,5.038744,1
fields/00288__plt00717__tracer2.f32__c0003__dt-f32/chunk_0,500000,2,ans shuffle=byte,primary,0.752575994,-1,6.62707772,2.01838399,1
fields/00288__plt00717__tracer2.f32__c0011__dt-f32/chunk_0,500000,30,ndzip shuffle=bit,primary,0.0808959976,-1,3.55247181,2.44224,1
fields/00288__plt00717__tracer2.f32__c0007__dt-f32/chunk_0,500000,29,ndzip,primary,0.0706560016,-1,1.639681,5.186656,1
fields/00288__plt00717__tracer2.f32__c0013__dt-f32/chunk_0,500000,29,ndzip,primary,0.0839679986,-1,1.636352,5.210376,1
fields/00288__plt00717__tracer2.f32__c0015__dt-f32/chunk_0,500000,29,ndzip,primary,0.0788479969,-1,1.62509202,5.240776,1
fields/00289__plt00717__velz.f32__c0003__dt-f32/chunk_0,500000,29,ndzip,primary,0.0696320012,-1,1.49044747,5.69788,1
fields/00289__plt00717__velz.f32__c0007__dt-f32/chunk_0,500000,29,ndzip,primary,0.0972800031,-1,1.36974398,6.221496,1
fields/00289__plt00717__velz.f32__c0001__dt-f32/chunk_0,500000,29,ndzip,primary,0.0716800019,-1,1.37399955,6.176928,1
fields/00289__plt00717__velz.f32__c0013__dt-f32/chunk_0,500000,29,ndzip,primary,0.0737280026,-1,1.37981238,6.153256,1
fields/00289__plt00717__velz.f32__c0011__dt-f32/chunk_0,500000,29,ndzip,primary,0.0716800019,-1,1.33600047,6.350576,1
fields/00290__plt00755__density.f32__c0003__dt-f32/chunk_0,500000,29,ndzip,primary,0.0563200004,-1,7.8425178,1.125952,1
fields/00289__plt00717__velz.f32__c0005__dt-f32/chunk_0,500000,29,ndzip,primary,0.0798719972,-1,1.41069793,6.026296,1
fields/00290__plt00755__density.f32__c0005__dt-f32/chunk_0,500000,35,spratio,primary,0.0722559988,-1,5.49583976,1.598612,1
fields/00289__plt00717__velz.f32__c0009__dt-f32/chunk_0,500000,29,ndzip,primary,0.0665600002,-1,1.386787,6.115512,1
fields/00290__plt00755__density.f32__c0007__dt-f32/chunk_0,500000,35,spratio,primary,0.300927997,-1,3.02841988,3.07089,1
fields/00290__plt00755__density.f32__c0001__dt-f32/chunk_0,500000,35,spratio,primary,0.257600009,-1,5.01794437,1.92932201,1
fields/00289__plt00717__velz.f32__c0015__dt-f32/chunk_0,500000,29,ndzip,primary,0.0808959976,-1,1.38965777,6.117352,1
fields/00290__plt00755__density.f32__c0009__dt-f32/chunk_0,500000,35,spratio,primary,0.218048006,-1,3.88447084,2.37757201,1
fields/00290__plt00755__density.f32__c0013__dt-f32/chunk_0,500000,29,ndzip,primary,0.151552007,-1,18.5355748,0.604120007,1
fields/00290__plt00755__density.f32__c0015__dt-f32/chunk_0,500000,29,ndzip,primary,0.179199994,-1,25.4409938,0.508927994,1
fields/00290__plt00755__density.f32__c0011__dt-f32/chunk_0,500000,35,spratio,primary,0.238527998,-1,3.75578931,2.472042,1
fields/00291__plt00755__tracer0.f32__c0001__dt-f32/chunk_0,500000,30,ndzip shuffle=bit,primary,0.101375997,-1,3.55247181,2.46272,1
fields/00291__plt00755__tracer0.f32__c0003__dt-f32/chunk_0,500000,30,ndzip shuffle=bit,primary,0.114688002,-1,3.55247181,2.476032,1
fields/00291__plt00755__tracer0.f32__c0007__dt-f32/chunk_0,500000,35,spratio,primary,0.109247997,-1,1.78184477,4.81707,1
fields/00291__plt00755__tracer0.f32__c0005__dt-f32/chunk_0,500000,38,spspeed,primary,0.0876159966,-1,1.64922043,5.174024,1
fields/00292__plt00755__tracer1.f32__c0001__dt-f32/chunk_0,500000,35,spratio,primary,0.634271979,-1,1.77352831,5.36416998,1
fields/00291__plt00755__tracer0.f32__c0009__dt-f32/chunk_0,500000,30,ndzip shuffle=bit,primary,0.125952005,-1,3.55247181,2.48729601,1
fields/00291__plt00755__tracer0.f32__c0011__dt-f32/chunk_0,500000,30,ndzip shuffle=bit,primary,0.131072,-1,3.55247181,2.492416,1
fields/00291__plt00755__tracer0.f32__c0015__dt-f32/chunk_0,500000,35,spratio,primary,0.390240014,-1,1.77308671,5.12131601,1
fields/00291__plt00755__tracer0.f32__c0013__dt-f32/chunk_0,500000,29,ndzip,primary,0.0890880004,-1,1.636352,5.215496,1
fields/00292__plt00755__tracer1.f32__c0003__dt-f32/chunk_0,500000,29,ndzip,primary,0.084991999,-1,1.61879488,5.267,1
fields/00292__plt00755__tracer1.f32__c0009__dt-f32/chunk_0,500000,35,spratio,primary,0.339872003,-1,1.76718722,5.086742,1
fields/00292__plt00755__tracer1.f32__c0011__dt-f32/chunk_0,500000,29,ndzip,primary,0.0757760033,-1,1.62773579,5.22932,1
fields/00292__plt00755__tracer1.f32__c0005__dt-f32/chunk_0,500000,2,ans shuffle=byte,primary,0.219904006,-1,6.62707772,1.48571201,1
fields/00292__plt00755__tracer1.f32__c0007__dt-f32/chunk_0,500000,30,ndzip shuffle=bit,primary,0.0798719972,-1,3.55247181,2.441216,1
fields/00292__plt00755__tracer1.f32__c0015__dt-f32/chunk_0,500000,30,ndzip shuffle=bit,primary,0.116736002,-1,3.55247181,2.47808,1
fields/00292__plt00755__tracer1.f32__c0013__dt-f32/chunk_0,500000,30,ndzip shuffle=bit,primary,0.116736002,-1,3.55247181,2.47808,1
fields/00293__plt00755__tracer2.f32__c0001__dt-f32/chunk_0,500000,2,ans shuffle=byte,primary,0.555552006,-1,6.62707772,1.82136001,1
fields/00293__plt00755__tracer2.f32__c0003__dt-f32/chunk_0,500000,30,ndzip shuffle=bit,primary,0.0819199979,-1,3.55247181,2.443264,1
fields/00293__plt00755__tracer2.f32__c0005__dt-f32/chunk_0,500000,29,ndzip,primary,0.0962560028,-1,1.63210365,5.236008,1
fields/00293__plt00755__tracer2.f32__c0013__dt-f32/chunk_0,500000,29,ndzip,primary,0.118784003,-1,1.636352,5.245192,1
fields/00293__plt00755__tracer2.f32__c0011__dt-f32/chunk_0,500000,30,ndzip shuffle=bit,primary,0.125952005,-1,3.55247181,2.48729601,1
fields/00293__plt00755__tracer2.f32__c0007__dt-f32/chunk_0,500000,35,spratio,primary,0.236512005,-1,1.78184477,4.94433401,1
fields/00293__plt00755__tracer2.f32__c0009__dt-f32/chunk_0,500000,2,ans shuffle=byte,primary,1.11033595,-1,6.62707772,2.37614395,1
fields/00293__plt00755__tracer2.f32__c0015__dt-f32/chunk_0,500000,29,ndzip,primary,0.0706560016,-1,1.62509202,5.232584,1
fields/00294__plt00755__velz.f32__c0001__dt-f32/chunk_0,500000,35,spratio,primary,0.348863989,-1,1.43010469,6.21459399,1
fields/00294__plt00755__velz.f32__c0007__dt-f32/chunk_0,500000,29,ndzip,primary,0.0675840005,-1,1.37023442,6.189608,1
fields/00294__plt00755__velz.f32__c0003__dt-f32/chunk_0,500000,29,ndzip,primary,0.0972800031,-1,1.47640389,5.779064,1
fields/00294__plt00755__velz.f32__c0009__dt-f32/chunk_0,500000,29,ndzip,primary,0.0706560016,-1,1.38157948,6.142408,1
fields/00294__plt00755__velz.f32__c0005__dt-f32/chunk_0,500000,29,ndzip,primary,0.0686080009,-1,1.41436464,5.999616,1
fields/00295__plt00789__density.f32__c0003__dt-f32/chunk_0,500000,29,ndzip,primary,0.0829439983,-1,7.04655023,1.2734,1
fields/00294__plt00755__velz.f32__c0013__dt-f32/chunk_0,500000,29,ndzip,primary,0.101375997,-1,1.37350821,6.208808,1
fields/00294__plt00755__velz.f32__c0011__dt-f32/chunk_0,500000,29,ndzip,primary,0.0727040023,-1,1.33796088,6.3424,1
fields/00294__plt00755__velz.f32__c0015__dt-f32/chunk_0,500000,29,ndzip,primary,0.0716800019,-1,1.3839646,6.132968,1
fields/00295__plt00789__density.f32__c0001__dt-f32/chunk_0,500000,35,spratio,primary,0.314815998,-1,4.39431107,2.223786,1
fields/00295__plt00789__density.f32__c0007__dt-f32/chunk_0,500000,35,spratio,primary,0.256864011,-1,3.02494279,3.03001001,1
fields/00295__plt00789__density.f32__c0013__dt-f32/chunk_0,500000,29,ndzip,primary,0.0532479994,-1,14.4635162,0.633231999,1
fields/00295__plt00789__density.f32__c0011__dt-f32/chunk_0,500000,35,spratio,primary,0.30201599,-1,3.67885583,2.58223799,1
fields/00295__plt00789__density.f32__c0005__dt-f32/chunk_0,500000,35,spratio,primary,0.144832,-1,4.81032367,1.888708,1
fields/00295__plt00789__density.f32__c0009__dt-f32/chunk_0,500000,35,spratio,primary,0.33692801,-1,3.71414656,2.59548401,1
fields/00295__plt00789__density.f32__c0015__dt-f32/chunk_0,500000,29,ndzip,primary,0.0368640013,-1,25.4409938,0.366592001,1
fields/00296__plt00789__tracer0.f32__c0001__dt-f32/chunk_0,500000,30,ndzip shuffle=bit,primary,0.202751994,-1,3.55247181,2.56409599,1
fields/00296__plt00789__tracer0.f32__c0005__dt-f32/chunk_0,500000,35,spratio,primary,0.469152004,-1,1.77573357,5.193176,1
fields/00296__plt00789__tracer0.f32__c0003__dt-f32/chunk_0,500000,30,ndzip shuffle=bit,primary,0.0757760033,-1,3.55247181,2.43712,1
fields/00296__plt00789__tracer0.f32__c0015__dt-f32/chunk_0,500000,35,spratio,primary,0.0969280005,-1,1.77308671,4.828004,1
fields/00296__plt00789__tracer0.f32__c0007__dt-f32/chunk_0,500000,35,spratio,primary,0.0872320011,-1,1.78184477,4.795054,1
fields/00296__plt00789__tracer0.f32__c0011__dt-f32/chunk_0,500000,30,ndzip shuffle=bit,primary,0.118784003,-1,3.55247181,2.480128,1
fields/00297__plt00789__tracer1.f32__c0001__dt-f32/chunk_0,500000,29,ndzip,primary,0.0737280026,-1,1.6246086,5.237192,1
fields/00296__plt00789__tracer0.f32__c0013__dt-f32/chunk_0,500000,29,ndzip,primary,0.0890880004,-1,1.636352,5.215496,1
fields/00296__plt00789__tracer0.f32__c0009__dt-f32/chunk_0,500000,2,ans shuffle=byte,primary,0.383040011,-1,6.62707772,1.64884801,1
fields/00297__plt00789__tracer1.f32__c0003__dt-f32/chunk_0,500000,29,ndzip,primary,0.102399997,-1,1.61879488,5.284408,1
fields/00297__plt00789__tracer1.f32__c0005__dt-f32/chunk_0,500000,30,ndzip shuffle=bit,primary,0.0808959976,-1,3.55247181,2.44224,1
fields/00298__plt00789__tracer2.f32__c0003__dt-f32/chunk_0,500000,30,ndzip shuffle=bit,primary,0.157695994,-1,3.55247181,2.51903999,1
fields/00297__plt00789__tracer1.f32__c0007__dt-f32/chunk_0,500000,2,ans shuffle=byte,primary,0.419072002,-1,6.62707772,1.68488,1
fields/00297__plt00789__tracer1.f32__c0015__dt-f32/chunk_0,500000,30,ndzip shuffle=bit,primary,0.117760003,-1,3.55247181,2.479104,1
fields/00297__plt00789__tracer1.f32__c0009__dt-f32/chunk_0,500000,29,ndzip,primary,0.219136,-1,1.62062879,5.39528,1
fields/00297__plt00789__tracer1.f32__c0011__dt-f32/chunk_0,500000,29,ndzip,primary,0.0819199979,-1,1.62773579,5.235464,1
fields/00297__plt00789__tracer1.f32__c0013__dt-f32/chunk_0,500000,39,spspeed shuffle=bit,primary,0.339872003,-1,3.9762014,2.449576,1
fields/00298__plt00789__tracer2.f32__c0001__dt-f32/chunk_0,500000,39,spspeed shuffle=bit,primary,0.10176,-1,3.9762014,2.211464,1
fields/00298__plt00789__tracer2.f32__c0007__dt-f32/chunk_0,500000,29,ndzip,primary,0.074752003,-1,1.639681,5.190752,1
fields/00298__plt00789__tracer2.f32__c0005__dt-f32/chunk_0,500000,29,ndzip,primary,0.0716800019,-1,1.63210365,5.211432,1
fields/00298__plt00789__tracer2.f32__c0009__dt-f32/chunk_0,500000,30,ndzip shuffle=bit,primary,0.159743994,-1,3.55247181,2.52108799,1
fields/00299__plt00789__velz.f32__c0005__dt-f32/chunk_0,500000,29,ndzip,primary,0.0890880004,-1,1.41724165,6.008056,1
fields/00298__plt00789__tracer2.f32__c0013__dt-f32/chunk_0,500000,29,ndzip,primary,0.0788479969,-1,1.636352,5.205256,1
fields/00298__plt00789__tracer2.f32__c0015__dt-f32/chunk_0,500000,29,ndzip,primary,0.155647993,-1,1.62509202,5.31757599,1
fields/00298__plt00789__tracer2.f32__c0011__dt-f32/chunk_0,500000,30,ndzip shuffle=bit,primary,0.105471998,-1,3.55247181,2.466816,1
fields/00299__plt00789__velz.f32__c0001__dt-f32/chunk_0,500000,29,ndzip,primary,0.0972800031,-1,1.33444476,6.383496,1
fields/00299__plt00789__velz.f32__c0007__dt-f32/chunk_0,500000,35,spratio,primary,0.238112003,-1,1.47509438,5.92494,1
fields/00299__plt00789__velz.f32__c0003__dt-f32/chunk_0,500000,29,ndzip,primary,0.074752003,-1,1.45973322,5.821424,1
fields/00299__plt00789__velz.f32__c0013__dt-f32/chunk_0,500000,29,ndzip,primary,0.0737280026,-1,1.36832655,6.204288,1
fields/00299__plt00789__velz.f32__c0009__dt-f32/chunk_0,500000,35,spratio,primary,0.294463992,-1,1.48254408,5.95271599,1
fields/00300__plt00820__density.f32__c0001__dt-f32/chunk_0,500000,35,spratio,primary,0.283104002,-1,4.03441606,2.362366,1
fields/00300__plt00820__density.f32__c0009__dt-f32/chunk_0,500000,35,spratio,primary,0.304351985,-1,3.55779945,2.66215999,1
fields/00299__plt00789__velz.f32__c0011__dt-f32/chunk_0,500000,29,ndzip,primary,0.0696320012,-1,1.34004693,6.329568,1
fields/00300__plt00820__density.f32__c0011__dt-f32/chunk_0,500000,29,ndzip,primary,0.0665600002,-1,2.38651178,3.581568,1
fields/00299__plt00789__velz.f32__c0015__dt-f32/chunk_0,500000,29,ndzip,primary,0.0911360011,-1,1.38461884,6.14956,1
fields/00300__plt00820__density.f32__c0013__dt-f32/chunk_0,500000,29,ndzip,primary,0.0481280014,-1,11.2093217,0.796488001,1
fields/00300__plt00820__density.f32__c0003__dt-f32/chunk_0,500000,35,spratio,primary,0.359072,-1,8.6883023,1.324578,1
fields/00300__plt00820__density.f32__c0015__dt-f32/chunk_0,500000,29,ndzip,primary,0.0614399984,-1,25.4409938,0.391167998,1
fields/00300__plt00820__density.f32__c0007__dt-f32/chunk_0,500000,35,spratio,primary,0.106592,-1,3.01776496,2.886334,1
fields/00300__plt00820__density.f32__c0005__dt-f32/chunk_0,500000,35,spratio,primary,0.667680025,-1,4.3805565,2.58264403,1
fields/00301__plt00820__tracer0.f32__c0001__dt-f32/chunk_0,500000,30,ndzip shuffle=bit,primary,0.0798719972,-1,3.55247181,2.441216,1
fields/00301__plt00820__tracer0.f32__c0003__dt-f32/chunk_0,500000,30,ndzip shuffle=bit,primary,0.0829439983,-1,3.55247181,2.444288,1
fields/00301__plt00820__tracer0.f32__c0005__dt-f32/chunk_0,500000,29,ndzip,primary,0.0737280026,-1,1.63210365,5.21348,1
fields/00301__plt00820__tracer0.f32__c0015__dt-f32/chunk_0,500000,35,spratio,primary,0.0807359964,-1,1.77308671,4.811812,1
fields/00301__plt00820__tracer0.f32__c0007__dt-f32/chunk_0,500000,29,ndzip,primary,0.102399997,-1,1.639681,5.2184,1
fields/00301__plt00820__tracer0.f32__c0011__dt-f32/chunk_0,500000,2,ans shuffle=byte,primary,0.938751996,-1,6.62707772,2.20456,1
fields/00301__plt00820__tracer0.f32__c0009__dt-f32/chunk_0,500000,30,ndzip shuffle=bit,primary,0.128000006,-1,3.55247181,2.48934401,1
fields/00301__plt00820__tracer0.f32__c0013__dt-f32/chunk_0,500000,35,spratio,primary,0.326976001,-1,1.78342445,5.030628,1
fields/00302__plt00820__tracer1.f32__c0003__dt-f32/chunk_0,500000,29,ndzip,primary,0.110592,-1,1.61879488,5.2926,1
fields/00302__plt00820__tracer1.f32__c0005__dt-f32/chunk_0,500000,30,ndzip shuffle=bit,primary,0.126975998,-1,3.55247181,2.48832,1
fields/00302__plt00820__tracer1.f32__c0001__dt-f32/chunk_0,500000,35,spratio,primary,0.120512001,-1,1.77352831,4.85041,1
fields/00302__plt00820__tracer1.f32__c0007__dt-f32/chunk_0,500000,30,ndzip shuffle=bit,primary,0.128000006,-1,3.55247181,2.48934401,1
fields/00302__plt00820__tracer1.f32__c0011__dt-f32/chunk_0,500000,29,ndzip,primary,0.246784002,-1,1.62773579,5.400328,1
fields/00303__plt00820__tracer2.f32__c0001__dt-f32/chunk_0,500000,30,ndzip shuffle=bit,primary,0.0788479969,-1,3.55247181,2.440192,1
fields/00302__plt00820__tracer1.f32__c0009__dt-f32/chunk_0,500000,29,ndzip,primary,0.0788479969,-1,1.62062879,5.254992,1
fields/00302__plt00820__tracer1.f32__c0013__dt-f32/chunk_0,500000,30,ndzip shuffle=bit,primary,0.249855995,-1,3.55247181,2.6112,1
fields/00303__plt00820__tracer2.f32__c0005__dt-f32/chunk_0,500000,35,spratio,primary,0.265855998,-1,1.77573357,4.98988,1
fields/00303__plt00820__tracer2.f32__c0009__dt-f32/chunk_0,500000,39,spspeed shuffle=bit,primary,0.430528015,-1,3.9762014,2.54023201,1
fields/00302__plt00820__tracer1.f32__c0015__dt-f32/chunk_0,500000,30,ndzip shuffle=bit,primary,0.0819199979,-1,3.55247181,2.443264,1
fields/00303__plt00820__tracer2.f32__c0003__dt-f32/chunk_0,500000,39,spspeed shuffle=bit,primary,0.251616001,-1,3.9762014,2.36132,1
fields/00303__plt00820__tracer2.f32__c0007__dt-f32/chunk_0,500000,29,ndzip,primary,0.0921600014,-1,1.639681,5.20816,1
fields/00303__plt00820__tracer2.f32__c0015__dt-f32/chunk_0,500000,29,ndzip,primary,0.0870399997,-1,1.62509202,5.248968,1
fields/00303__plt00820__tracer2.f32__c0011__dt-f32/chunk_0,500000,30,ndzip shuffle=bit,primary,0.0972800031,-1,3.55247181,2.458624,1
fields/00303__plt00820__tracer2.f32__c0013__dt-f32/chunk_0,500000,29,ndzip,primary,0.0808959976,-1,1.636352,5.207304,1
fields/00304__plt00820__velz.f32__c0003__dt-f32/chunk_0,500000,35,spratio,primary,0.380032003,-1,1.53907439,5.830456,1
fields/00304__plt00820__velz.f32__c0005__dt-f32/chunk_0,500000,29,ndzip,primary,0.106495999,-1,1.42108887,6.00944,1
fields/00304__plt00820__velz.f32__c0011__dt-f32/chunk_0,500000,29,ndzip,primary,0.0727040023,-1,1.34012228,6.332288,1
fields/00304__plt00820__velz.f32__c0001__dt-f32/chunk_0,500000,29,ndzip,primary,0.117760003,-1,1.33019235,6.424072,1
fields/00304__plt00820__velz.f32__c0009__dt-f32/chunk_0,500000,35,spratio,primary,0.156479999,-1,1.47863155,5.829704,1
fields/00305__plt00855__density.f32__c0001__dt-f32/chunk_0,500000,35,spratio,primary,0.219648004,-1,3.8734971,2.38529,1
fields/00304__plt00820__velz.f32__c0007__dt-f32/chunk_0,500000,29,ndzip,primary,0.106495999,-1,1.37624473,6.201784,1
fields/00304__plt00820__velz.f32__c0013__dt-f32/chunk_0,500000,29,ndzip,primary,0.0768000036,-1,1.36846762,6.206728,1
fields/00305__plt00855__density.f32__c0003__dt-f32/chunk_0,500000,35,spratio,primary,0.081472002,-1,6.33432353,1.405782,1
fields/00304__plt00820__velz.f32__c0015__dt-f32/chunk_0,500000,35,spratio,primary,0.0755520016,-1,1.44923668,5.863846,1
fields/00305__plt00855__density.f32__c0011__dt-f32/chunk_0,500000,35,spratio,primary,0.291871995,-1,3.68898661,2.56583199,1
fields/00305__plt00855__density.f32__c0013__dt-f32/chunk_0,500000,29,ndzip,primary,0.0542719997,-1,9.07614407,0.97852,1
fields/00305__plt00855__density.f32__c0005__dt-f32/chunk_0,500000,35,spratio,primary,0.0852800012,-1,4.28799234,2.041582,1
fields/00305__plt00855__density.f32__c0007__dt-f32/chunk_0,500000,35,spratio,primary,0.0862720013,-1,3.00174409,2.88085,1
fields/00306__plt00855__tracer0.f32__c0001__dt-f32/chunk_0,500000,30,ndzip shuffle=bit,primary,0.0972800031,-1,3.55247181,2.458624,1
fields/00305__plt00855__density.f32__c0015__dt-f32/chunk_0,500000,29,ndzip,primary,0.035840001,-1,25.4409938,0.365568001,1
fields/00305__plt00855__density.f32__c0009__dt-f32/chunk_0,500000,35,spratio,primary,0.252416015,-1,3.45397545,2.68109801,1
fields/00306__plt00855__tracer0.f32__c0005__dt-f32/chunk_0,500000,35,spratio,primary,0.0850239992,-1,1.77573357,4.809048,1
fields/00306__plt00855__tracer0.f32__c0009__dt-f32/chunk_0,500000,39,spspeed shuffle=bit,primary,0.471648008,-1,3.9762014,2.58135201,1
fields/00306__plt00855__tracer0.f32__c0003__dt-f32/chunk_0,500000,30,ndzip shuffle=bit,primary,0.0778239965,-1,3.55247181,2.439168,1
fields/00306__plt00855__tracer0.f32__c0011__dt-f32/chunk_0,500000,30,ndzip shuffle=bit,primary,0.0819199979,-1,3.55247181,2.443264,1
fields/00306__plt00855__tracer0.f32__c0007__dt-f32/chunk_0,500000,38,spspeed,primary,0.470847994,-1,1.65820257,5.52970399,1
fields/00306__plt00855__tracer0.f32__c0013__dt-f32/chunk_0,500000,35,spratio,primary,0.0839039981,-1,1.78342445,4.787556,1
fields/00306__plt00855__tracer0.f32__c0015__dt-f32/chunk_0,500000,29,ndzip,primary,0.0962560028,-1,1.62509202,5.258184,1
fields/00307__plt00855__tracer1.f32__c0001__dt-f32/chunk_0,500000,29,ndzip,primary,0.118784003,-1,1.6246086,5.282248,1
fields/00307__plt00855__tracer1.f32__c0007__dt-f32/chunk_0,500000,30,ndzip shuffle=bit,primary,0.212991998,-1,3.55247181,2.574336,1
fields/00307__plt00855__tracer1.f32__c0003__dt-f32/chunk_0,500000,35,spratio,primary,0.443360001,-1,1.76687753,5.191062,1
fields/00307__plt00855__tracer1.f32__c0005__dt-f32/chunk_0,500000,30,ndzip shuffle=bit,primary,0.167935997,-1,3.55247181,2.52928,1
fields/00307__plt00855__tracer1.f32__c0011__dt-f32/chunk_0,500000,35,spratio,primary,0.0876479968,-1,1.77053817,4.825534,1
fields/00307__plt00855__tracer1.f32__c0013__dt-f32/chunk_0,500000,30,ndzip shuffle=bit,primary,0.180224001,-1,3.55247181,2.541568,1
fields/00308__plt00855__tracer2.f32__c0001__dt-f32/chunk_0,500000,2,ans shuffle=byte,primary,1.15379202,-1,6.62707772,2.41960002,1
fields/00307__plt00855__tracer1.f32__c0009__dt-f32/chunk_0,500000,29,ndzip,primary,0.117760003,-1,1.62062879,5.293904,1
fields/00307__plt00855__tracer1.f32__c0015__dt-f32/chunk_0,500000,30,ndzip shuffle=bit,primary,0.134143993,-1,3.55247181,2.49548799,1
fields/00308__plt00855__tracer2.f32__c0007__dt-f32/chunk_0,500000,29,ndzip,primary,0.0706560016,-1,1.639681,5.186656,1
fields/00308__plt00855__tracer2.f32__c0003__dt-f32/chunk_0,500000,30,ndzip shuffle=bit,primary,0.0778239965,-1,3.55247181,2.439168,1
fields/00308__plt00855__tracer2.f32__c0005__dt-f32/chunk_0,500000,29,ndzip,primary,0.0993279964,-1,1.63210365,5.23908,1
fields/00308__plt00855__tracer2.f32__c0009__dt-f32/chunk_0,500000,30,ndzip shuffle=bit,primary,0.0983040035,-1,3.55247181,2.459648,1
fields/00308__plt00855__tracer2.f32__c0015__dt-f32/chunk_0,500000,29,ndzip,primary,0.0696320012,-1,1.62509202,5.23156,1
fields/00308__plt00855__tracer2.f32__c0013__dt-f32/chunk_0,500000,35,spratio,primary,0.0918079987,-1,1.78342445,4.79546,1
fields/00308__plt00855__tracer2.f32__c0011__dt-f32/chunk_0,500000,2,ans shuffle=byte,primary,0.472831994,-1,6.62707772,1.73863999,1
fields/00309__plt00855__velz.f32__c0001__dt-f32/chunk_0,500000,29,ndzip,primary,0.0696320012,-1,1.32497508,6.400776,1
fields/00309__plt00855__velz.f32__c0009__dt-f32/chunk_0,500000,35,spratio,primary,0.373311996,-1,1.47698566,6.052858,1
fields/00309__plt00855__velz.f32__c0005__dt-f32/chunk_0,500000,29,ndzip,primary,0.106495999,-1,1.4241848,5.996608,1
fields/00309__plt00855__velz.f32__c0003__dt-f32/chunk_0,500000,29,ndzip,primary,0.074752003,-1,1.37224099,6.187824,1
fields/00310__plt00896__density.f32__c0001__dt-f32/chunk_0,500000,35,spratio,primary,0.102784,-1,3.84689125,2.283404,1
fields/00309__plt00855__velz.f32__c0007__dt-f32/chunk_0,500000,29,ndzip,primary,0.0921600014,-1,1.37546846,6.190888,1
fields/00309__plt00855__velz.f32__c0011__dt-f32/chunk_0,500000,29,ndzip,primary,0.0665600002,-1,1.34095347,6.322264,1
fields/00310__plt00896__density.f32__c0005__dt-f32/chunk_0,500000,35,spratio,primary,0.22608,-1,4.18930616,2.228466,1
fields/00309__plt00855__velz.f32__c0013__dt-f32/chunk_0,500000,29,ndzip,primary,0.0962560028,-1,1.36758772,6.230128,1
fields/00309__plt00855__velz.f32__c0015__dt-f32/chunk_0,500000,29,ndzip,primary,0.0808959976,-1,1.3841217,6.141496,1
fields/00310__plt00896__density.f32__c0003__dt-f32/chunk_0,500000,35,spratio,primary,0.0769599974,-1,5.211973,1.686448,1
fields/00310__plt00896__density.f32__c0007__dt-f32/chunk_0,500000,35,spratio,primary,0.269216001,-1,2.97584026,3.08812,1
fields/00310__plt00896__density.f32__c0009__dt-f32/chunk_0,500000,35,spratio,primary,0.0790719986,-1,3.3616286,2.574472,1
fields/00310__plt00896__density.f32__c0013__dt-f32/chunk_0,500000,29,ndzip,primary,0.0737280026,-1,7.59309466,1.178496,1
fields/00310__plt00896__density.f32__c0015__dt-f32/chunk_0,500000,29,ndzip,primary,0.0368640013,-1,25.4409938,0.366592001,1
fields/00310__plt00896__density.f32__c0011__dt-f32/chunk_0,500000,35,spratio,primary,0.287039995,-1,3.738922,2.53063,1
fields/00311__plt00896__tracer0.f32__c0003__dt-f32/chunk_0,500000,30,ndzip shuffle=bit,primary,0.0798719972,-1,3.55247181,2.441216,1
fields/00311__plt00896__tracer0.f32__c0005__dt-f32/chunk_0,500000,29,ndzip,primary,0.117760003,-1,1.63210365,5.257512,1
fields/00311__plt00896__tracer0.f32__c0011__dt-f32/chunk_0,500000,30,ndzip shuffle=bit,primary,0.0860159993,-1,3.55247181,2.44736,1
fields/00311__plt00896__tracer0.f32__c0007__dt-f32/chunk_0,500000,35,spratio,primary,0.181920007,-1,1.78184477,4.88974201,1
fields/00311__plt00896__tracer0.f32__c0001__dt-f32/chunk_0,500000,30,ndzip shuffle=bit,primary,0.135168001,-1,3.55247181,2.496512,1
fields/00311__plt00896__tracer0.f32__c0009__dt-f32/chunk_0,500000,30,ndzip shuffle=bit,primary,0.104447998,-1,3.55247181,2.465792,1
fields/00311__plt00896__tracer0.f32__c0013__dt-f32/chunk_0,500000,35,spratio,primary,0.0864320025,-1,1.78342445,4.790084,1
fields/00312__plt00896__tracer1.f32__c0001__dt-f32/chunk_0,500000,35,spratio,primary,0.0751679987,-1,1.77352831,4.805066,1
fields/00312__plt00896__tracer1.f32__c0007__dt-f32/chunk_0,500000,30,ndzip shuffle=bit,primary,0.0819199979,-1,3.55247181,2.443264,1
fields/00311__plt00896__tracer0.f32__c0015__dt-f32/chunk_0,500000,35,spratio,primary,0.148095995,-1,1.77308671,4.879172,1
fields/00312__plt00896__tracer1.f32__c0005__dt-f32/chunk_0,500000,30,ndzip shuffle=bit,primary,0.103423998,-1,3.55247181,2.464768,1
fields/00312__plt00896__tracer1.f32__c0003__dt-f32/chunk_0,500000,29,ndzip,primary,0.0911360011,-1,1.61879488,5.273144,1
fields/00312__plt00896__tracer1.f32__c0009__dt-f32/chunk_0,500000,35,spratio,primary,0.257984012,-1,1.76718722,5.00485401,1
fields/00312__plt00896__tracer1.f32__c0015__dt-f32/chunk_0,500000,30,ndzip shuffle=bit,primary,0.0768000036,-1,3.55247181,2.438144,1
fields/00312__plt00896__tracer1.f32__c0011__dt-f32/chunk_0,500000,35,spratio,primary,0.0914240032,-1,1.77053817,4.82931,1
fields/00312__plt00896__tracer1.f32__c0013__dt-f32/chunk_0,500000,30,ndzip shuffle=bit,primary,0.100351997,-1,3.55247181,2.461696,1
fields/00313__plt00896__tracer2.f32__c0001__dt-f32/chunk_0,500000,30,ndzip shuffle=bit,primary,0.0829439983,-1,3.55247181,2.444288,1
fields/00313__plt00896__tracer2.f32__c0007__dt-f32/chunk_0,500000,29,ndzip,primary,0.0952320024,-1,1.639681,5.211232,1
fields/00313__plt00896__tracer2.f32__c0005__dt-f32/chunk_0,500000,29,ndzip,primary,0.0829439983,-1,1.63210365,5.222696,1
fields/00313__plt00896__tracer2.f32__c0003__dt-f32/chunk_0,500000,30,ndzip shuffle=bit,primary,0.0870399997,-1,3.55247181,2.448384,1
fields/00313__plt00896__tracer2.f32__c0011__dt-f32/chunk_0,500000,30,ndzip shuffle=bit,primary,0.0819199979,-1,3.55247181,2.443264,1
fields/00313__plt00896__tracer2.f32__c0009__dt-f32/chunk_0,500000,30,ndzip shuffle=bit,primary,0.113664001,-1,3.55247181,2.475008,1
fields/00314__plt00896__velz.f32__c0001__dt-f32/chunk_0,500000,29,ndzip,primary,0.0788479969,-1,1.32072948,6.430344,1
fields/00313__plt00896__tracer2.f32__c0013__dt-f32/chunk_0,500000,38,spspeed,primary,0.261792004,-1,1.65345418,5.335176,1
fields/00314__plt00896__velz.f32__c0003__dt-f32/chunk_0,500000,29,ndzip,primary,0.0686080009,-1,1.32538036,6.397816,1
fields/00313__plt00896__tracer2.f32__c0015__dt-f32/chunk_0,500000,29,ndzip,primary,0.0860159993,-1,1.62509202,5.247944,1
fields/00314__plt00896__velz.f32__c0005__dt-f32/chunk_0,500000,29,ndzip,primary,0.0921600014,-1,1.42187894,5.991824,1
fields/00314__plt00896__velz.f32__c0011__dt-f32/chunk_0,500000,35,spratio,primary,0.289696008,-1,1.42445131,6.17870601,1
fields/00314__plt00896__velz.f32__c0007__dt-f32/chunk_0,500000,29,ndzip,primary,0.0798719972,-1,1.37250144,6.191784,1
fields/00314__plt00896__velz.f32__c0009__dt-f32/chunk_0,500000,35,spratio,primary,0.230943993,-1,1.47573898,5.91528799,1
fields/00314__plt00896__velz.f32__c0013__dt-f32/chunk_0,500000,29,ndzip,primary,0.131072,-1,1.36058369,6.29652,1
fields/00315__plt00934__density.f32__c0007__dt-f32/chunk_0,500000,35,spratio,primary,0.0685760006,-1,2.93602396,2.925708,1
fields/00315__plt00934__density.f32__c0003__dt-f32/chunk_0,500000,35,spratio,primary,0.230943993,-1,4.56821217,2.06724399,1
fields/00314__plt00896__velz.f32__c0015__dt-f32/chunk_0,500000,29,ndzip,primary,0.0870399997,-1,1.38374909,6.149272,1
fields/00315__plt00934__density.f32__c0009__dt-f32/chunk_0,500000,35,spratio,primary,0.295040011,-1,3.25689225,2.87068801,1
fields/00315__plt00934__density.f32__c0005__dt-f32/chunk_0,500000,35,spratio,primary,0.121951997,-1,3.88591038,2.280676,1
fields/00315__plt00934__density.f32__c0001__dt-f32/chunk_0,500000,35,spratio,primary,0.224319994,-1,3.81927419,2.42070799,1
fields/00315__plt00934__density.f32__c0011__dt-f32/chunk_0,500000,35,spratio,primary,0.211392,-1,3.77984069,2.430694,1
fields/00315__plt00934__density.f32__c0015__dt-f32/chunk_0,500000,29,ndzip,primary,0.0419839993,-1,25.4409938,0.371711999,1
fields/00315__plt00934__density.f32__c0013__dt-f32/chunk_0,500000,29,ndzip,primary,0.0542719997,-1,6.63189784,1.31916,1
fields/00316__plt00934__tracer0.f32__c0001__dt-f32/chunk_0,500000,30,ndzip shuffle=bit,primary,0.0778239965,-1,3.55247181,2.439168,1
fields/00316__plt00934__tracer0.f32__c0003__dt-f32/chunk_0,500000,30,ndzip shuffle=bit,primary,0.0942080021,-1,3.55247181,2.455552,1
fields/00316__plt00934__tracer0.f32__c0007__dt-f32/chunk_0,500000,35,spratio,primary,0.171008006,-1,1.78184477,4.87883001,1
fields/00316__plt00934__tracer0.f32__c0011__dt-f32/chunk_0,500000,30,ndzip shuffle=bit,primary,0.111616001,-1,3.55247181,2.47296,1
fields/00316__plt00934__tracer0.f32__c0013__dt-f32/chunk_0,500000,35,spratio,primary,0.0824640021,-1,1.78342445,4.786116,1
fields/00317__plt00934__tracer1.f32__c0001__dt-f32/chunk_0,500000,29,ndzip,primary,0.0778239965,-1,1.6246086,5.241288,1
fields/00316__plt00934__tracer0.f32__c0015__dt-f32/chunk_0,500000,35,spratio,primary,0.323392004,-1,1.77308671,5.054468,1
fields/00316__plt00934__tracer0.f32__c0005__dt-f32/chunk_0,500000,29,ndzip,primary,0.103423998,-1,1.63210365,5.243176,1
fields/00317__plt00934__tracer1.f32__c0005__dt-f32/chunk_0,500000,30,ndzip shuffle=bit,primary,0.266240001,-1,3.55247181,2.627584,1
fields/00316__plt00934__tracer0.f32__c0009__dt-f32/chunk_0,500000,30,ndzip shuffle=bit,primary,0.0993279964,-1,3.55247181,2.460672,1
fields/00317__plt00934__tracer1.f32__c0003__dt-f32/chunk_0,500000,29,ndzip,primary,0.0665600002,-1,1.61879488,5.248568,1
fields/00317__plt00934__tracer1.f32__c0007__dt-f32/chunk_0,500000,30,ndzip shuffle=bit,primary,0.084991999,-1,3.55247181,2.446336,1
fields/00317__plt00934__tracer1.f32__c0009__dt-f32/chunk_0,500000,35,spratio,primary,0.0748160034,-1,1.76718722,4.821686,1
fields/00317__plt00934__tracer1.f32__c0013__dt-f32/chunk_0,500000,30,ndzip shuffle=bit,primary,0.0798719972,-1,3.55247181,2.441216,1
fields/00317__plt00934__tracer1.f32__c0011__dt-f32/chunk_0,500000,29,ndzip,primary,0.074752003,-1,1.62773579,5.228296,1
fields/00317__plt00934__tracer1.f32__c0015__dt-f32/chunk_0,500000,30,ndzip shuffle=bit,primary,0.0829439983,-1,3.55247181,2.444288,1
fields/00318__plt00934__tracer2.f32__c0005__dt-f32/chunk_0,500000,35,spratio,primary,0.242783993,-1,1.77573357,4.96680799,1
fields/00318__plt00934__tracer2.f32__c0001__dt-f32/chunk_0,500000,30,ndzip shuffle=bit,primary,0.131072,-1,3.55247181,2.492416,1
fields/00318__plt00934__tracer2.f32__c0003__dt-f32/chunk_0,500000,30,ndzip shuffle=bit,primary,0.118784003,-1,3.55247181,2.480128,1
fields/00318__plt00934__tracer2.f32__c0011__dt-f32/chunk_0,500000,30,ndzip shuffle=bit,primary,0.0778239965,-1,3.55247181,2.439168,1
fields/00318__plt00934__tracer2.f32__c0013__dt-f32/chunk_0,500000,29,ndzip,primary,0.0727040023,-1,1.636352,5.199112,1
fields/00318__plt00934__tracer2.f32__c0007__dt-f32/chunk_0,500000,29,ndzip,primary,0.074752003,-1,1.639681,5.190752,1
fields/00318__plt00934__tracer2.f32__c0009__dt-f32/chunk_0,500000,30,ndzip shuffle=bit,primary,0.0829439983,-1,3.55247181,2.444288,1
fields/00318__plt00934__tracer2.f32__c0015__dt-f32/chunk_0,500000,35,spratio,primary,0.0855040029,-1,1.77308671,4.81658,1
fields/00319__plt00934__velz.f32__c0005__dt-f32/chunk_0,500000,35,spratio,primary,0.193823993,-1,1.50863066,5.75423599,1
fields/00319__plt00934__velz.f32__c0001__dt-f32/chunk_0,500000,29,ndzip,primary,0.0829439983,-1,1.31235388,6.474976,1
fields/00319__plt00934__velz.f32__c0003__dt-f32/chunk_0,500000,29,ndzip,primary,0.0716800019,-1,1.31829194,6.43492,1
fields/00319__plt00934__velz.f32__c0015__dt-f32/chunk_0,500000,29,ndzip,primary,0.0860159993,-1,1.38517854,6.141992,1
fields/00319__plt00934__velz.f32__c0007__dt-f32/chunk_0,500000,35,spratio,primary,0.392607987,-1,1.47419433,6.08290799,1
fields/00319__plt00934__velz.f32__c0009__dt-f32/chunk_0,500000,35,spratio,primary,0.247135997,-1,1.47320793,5.941246,1
fields/00320__plt00966__density.f32__c0005__dt-f32/chunk_0,500000,35,spratio,primary,0.0846719965,-1,3.37510521,2.570108,1
fields/00319__plt00934__velz.f32__c0013__dt-f32/chunk_0,500000,29,ndzip,primary,0.0737280026,-1,1.35403035,6.269016,1
fields/00319__plt00934__velz.f32__c0011__dt-f32/chunk_0,500000,29,ndzip,primary,0.0819199979,-1,1.34876877,6.301376,1
fields/00320__plt00966__density.f32__c0007__dt-f32/chunk_0,500000,35,spratio,primary,0.21728,-1,2.87794987,3.132066,1
fields/00320__plt00966__density.f32__c0001__dt-f32/chunk_0,500000,35,spratio,primary,0.207711995,-1,3.76257825,2.43719599,1
fields/00320__plt00966__density.f32__c0003__dt-f32/chunk_0,500000,35,spratio,primary,0.0759999976,-1,4.12028716,2.111928,1
fields/00320__plt00966__density.f32__c0009__dt-f32/chunk_0,500000,35,spratio,primary,0.0680639967,-1,3.151766,2.729622,1
fields/00321__plt00966__tracer0.f32__c0001__dt-f32/chunk_0,500000,30,ndzip shuffle=bit,primary,0.181247994,-1,3.55247181,2.54259199,1
fields/00320__plt00966__density.f32__c0011__dt-f32/chunk_0,500000,35,spratio,primary,0.224703997,-1,3.81119851,2.425746,1
fields/00320__plt00966__density.f32__c0015__dt-f32/chunk_0,500000,29,ndzip,primary,0.168960005,-1,25.4409938,0.498688005,1
fields/00320__plt00966__density.f32__c0013__dt-f32/chunk_0,500000,29,ndzip,primary,0.0921600014,-1,6.01454629,1.48688,1
fields/00321__plt00966__tracer0.f32__c0003__dt-f32/chunk_0,500000,30,ndzip shuffle=bit,primary,0.0819199979,-1,3.55247181,2.443264,1
fields/00321__plt00966__tracer0.f32__c0007__dt-f32/chunk_0,500000,29,ndzip,primary,0.105471998,-1,1.639681,5.221472,1
fields/00321__plt00966__tracer0.f32__c0009__dt-f32/chunk_0,500000,30,ndzip shuffle=bit,primary,0.136191994,-1,3.55247181,2.49753599,1
fields/00321__plt00966__tracer0.f32__c0005__dt-f32/chunk_0,500000,29,ndzip,primary,0.0727040023,-1,1.63210365,5.212456,1
fields/00321__plt00966__tracer0.f32__c0011__dt-f32/chunk_0,500000,30,ndzip shuffle=bit,primary,0.142335996,-1,3.55247181,2.50368,1
fields/00321__plt00966__tracer0.f32__c0015__dt-f32/chunk_0,500000,35,spratio,primary,0.082592003,-1,1.77308671,4.813668,1
fields/00322__plt00966__tracer1.f32__c0005__dt-f32/chunk_0,500000,30,ndzip shuffle=bit,primary,0.0819199979,-1,3.55247181,2.443264,1
fields/00322__plt00966__tracer1.f32__c0003__dt-f32/chunk_0,500000,29,ndzip,primary,0.0696320012,-1,1.61879488,5.25164,1
fields/00321__plt00966__tracer0.f32__c0013__dt-f32/chunk_0,500000,29,ndzip,primary,0.156672001,-1,1.636352,5.28308,1
fields/00322__plt00966__tracer1.f32__c0007__dt-f32/chunk_0,500000,30,ndzip shuffle=bit,primary,0.118784003,-1,3.55247181,2.480128,1
fields/00322__plt00966__tracer1.f32__c0011__dt-f32/chunk_0,500000,35,spratio,primary,0.268224001,-1,1.77053817,5.00611,1
fields/00322__plt00966__tracer1.f32__c0001__dt-f32/chunk_0,500000,35,spratio,primary,0.0841279998,-1,1.77352831,4.814026,1
fields/00322__plt00966__tracer1.f32__c0013__dt-f32/chunk_0,500000,30,ndzip shuffle=bit,primary,0.0798719972,-1,3.55247181,2.441216,1
fields/00322__plt00966__tracer1.f32__c0009__dt-f32/chunk_0,500000,29,ndzip,primary,0.0757760033,-1,1.62062879,5.25192,1
fields/00323__plt00966__tracer2.f32__c0005__dt-f32/chunk_0,500000,29,ndzip,primary,0.0737280026,-1,1.63210365,5.21348,1
fields/00323__plt00966__tracer2.f32__c0001__dt-f32/chunk_0,500000,30,ndzip shuffle=bit,primary,0.0768000036,-1,3.55247181,2.438144,1
fields/00322__plt00966__tracer1.f32__c0015__dt-f32/chunk_0,500000,30,ndzip shuffle=bit,primary,0.141312003,-1,3.55247181,2.502656,1
fields/00323__plt00966__tracer2.f32__c0009__dt-f32/chunk_0,500000,30,ndzip shuffle=bit,primary,0.0839679986,-1,3.55247181,2.445312,1
fields/00323__plt00966__tracer2.f32__c0003__dt-f32/chunk_0,500000,30,ndzip shuffle=bit,primary,0.0972800031,-1,3.55247181,2.458624,1
fields/00323__plt00966__tracer2.f32__c0015__dt-f32/chunk_0,500000,35,spratio,primary,0.0995199978,-1,1.77308671,4.830596,1
fields/00323__plt00966__tracer2.f32__c0007__dt-f32/chunk_0,500000,35,spratio,primary,0.0859839991,-1,1.78184477,4.793806,1
fields/00323__plt00966__tracer2.f32__c0013__dt-f32/chunk_0,500000,35,spratio,primary,0.502175987,-1,1.78342445,5.20582799,1
fields/00323__plt00966__tracer2.f32__c0011__dt-f32/chunk_0,500000,30,ndzip shuffle=bit,primary,0.084991999,-1,3.55247181,2.446336,1
fields/00324__plt00966__velz.f32__c0007__dt-f32/chunk_0,500000,35,spratio,primary,0.241183996,-1,1.46754919,5.95725,1
fields/00324__plt00966__velz.f32__c0005__dt-f32/chunk_0,500000,35,spratio,primary,0.0799999982,-1,1.48909708,5.713352,1
fields/00324__plt00966__velz.f32__c0001__dt-f32/chunk_0,500000,29,ndzip,primary,0.0921600014,-1,1.30401411,6.525072,1
fields/00324__plt00966__velz.f32__c0003__dt-f32/chunk_0,500000,35,spratio,primary,0.247296005,-1,1.41293813,6.18429201,1
fields/00324__plt00966__velz.f32__c0009__dt-f32/chunk_0,500000,35,spratio,primary,0.267744005,-1,1.46857276,5.979826,1
fields/00325__plt00996__density.f32__c0001__dt-f32/chunk_0,500000,35,spratio,primary,0.223967999,-1,3.65322805,2.520186,1
fields/00324__plt00966__velz.f32__c0015__dt-f32/chunk_0,500000,29,ndzip,primary,0.0911360011,-1,1.38749348,6.137008,1
fields/00324__plt00966__velz.f32__c0011__dt-f32/chunk_0,500000,29,ndzip,primary,0.0757760033,-1,1.34987828,6.29012,1
fields/00325__plt00996__density.f32__c0005__dt-f32/chunk_0,500000,35,spratio,primary,0.0968960002,-1,2.94527274,2.945056,1
fields/00324__plt00966__velz.f32__c0013__dt-f32/chunk_0,500000,29,ndzip,primary,0.0757760033,-1,1.3489579,6.29436,1
fields/00325__plt00996__density.f32__c0009__dt-f32/chunk_0,500000,35,spratio,primary,0.0834560022,-1,3.06468546,2.82064,1
fields/00325__plt00996__density.f32__c0003__dt-f32/chunk_0,500000,35,spratio,primary,0.227871999,-1,3.7680711,2.454106,1
fields/00325__plt00996__density.f32__c0007__dt-f32/chunk_0,500000,35,spratio,primary,0.151904002,-1,2.79683289,3.151228,1
fields/00325__plt00996__density.f32__c0011__dt-f32/chunk_0,500000,35,spratio,primary,0.234656006,-1,3.83966487,2.41938001,1
fields/00325__plt00996__density.f32__c0013__dt-f32/chunk_0,500000,29,ndzip,primary,0.0552960001,-1,5.43602186,1.598448,1
fields/00326__plt00996__tracer0.f32__c0001__dt-f32/chunk_0,500000,30,ndzip shuffle=bit,primary,0.088064,-1,3.55247181,2.449408,1
fields/00326__plt00996__tracer0.f32__c0007__dt-f32/chunk_0,500000,29,ndzip,primary,0.108543999,-1,1.639681,5.224544,1
fields/00326__plt00996__tracer0.f32__c0003__dt-f32/chunk_0,500000,30,ndzip shuffle=bit,primary,0.0798719972,-1,3.55247181,2.441216,1
fields/00326__plt00996__tracer0.f32__c0011__dt-f32/chunk_0,500000,2,ans shuffle=byte,primary,1.18755198,-1,6.62707772,2.45335998,1
fields/00325__plt00996__density.f32__c0015__dt-f32/chunk_0,500000,29,ndzip,primary,0.0368640013,-1,25.4409938,0.366592001,1
fields/00326__plt00996__tracer0.f32__c0005__dt-f32/chunk_0,500000,35,spratio,primary,0.144255996,-1,1.77573357,4.86828,1
fields/00326__plt00996__tracer0.f32__c0009__dt-f32/chunk_0,500000,30,ndzip shuffle=bit,primary,0.0788479969,-1,3.55247181,2.440192,1
fields/00326__plt00996__tracer0.f32__c0013__dt-f32/chunk_0,500000,29,ndzip,primary,0.0778239965,-1,1.636352,5.204232,1
fields/00327__plt00996__tracer1.f32__c0007__dt-f32/chunk_0,500000,2,ans shuffle=byte,primary,0.269535989,-1,6.62707772,1.53534399,1
fields/00326__plt00996__tracer0.f32__c0015__dt-f32/chunk_0,500000,29,ndzip,primary,0.109568,-1,1.62509202,5.271496,1
fields/00327__plt00996__tracer1.f32__c0001__dt-f32/chunk_0,500000,29,ndzip,primary,0.074752003,-1,1.6246086,5.238216,1
fields/00327__plt00996__tracer1.f32__c0003__dt-f32/chunk_0,500000,29,ndzip,primary,0.0675840005,-1,1.61879488,5.249592,1
fields/00327__plt00996__tracer1.f32__c0005__dt-f32/chunk_0,500000,2,ans shuffle=byte,primary,0.844672024,-1,6.62707772,2.11048002,1
fields/00327__plt00996__tracer1.f32__c0009__dt-f32/chunk_0,500000,35,spratio,primary,0.114271998,-1,1.76718722,4.861142,1
fields/00327__plt00996__tracer1.f32__c0015__dt-f32/chunk_0,500000,30,ndzip shuffle=bit,primary,0.0972800031,-1,3.55247181,2.458624,1
fields/00327__plt00996__tracer1.f32__c0011__dt-f32/chunk_0,500000,29,ndzip,primary,0.0962560028,-1,1.62773579,5.2498,1
fields/00328__plt00996__tracer2.f32__c0001__dt-f32/chunk_0,500000,30,ndzip shuffle=bit,primary,0.0808959976,-1,3.55247181,2.44224,1
fields/00327__plt00996__tracer1.f32__c0013__dt-f32/chunk_0,500000,30,ndzip shuffle=bit,primary,0.0798719972,-1,3.55247181,2.441216,1
fields/00328__plt00996__tracer2.f32__c0003__dt-f32/chunk_0,500000,2,ans shuffle=byte,primary,0.990336001,-1,6.62707772,2.256144,1
fields/00328__plt00996__tracer2.f32__c0007__dt-f32/chunk_0,500000,29,ndzip,primary,0.0665600002,-1,1.639681,5.18256,1
fields/00328__plt00996__tracer2.f32__c0011__dt-f32/chunk_0,500000,30,ndzip shuffle=bit,primary,0.0860159993,-1,3.55247181,2.44736,1
fields/00328__plt00996__tracer2.f32__c0005__dt-f32/chunk_0,500000,29,ndzip,primary,0.074752003,-1,1.63210365,5.214504,1
fields/00328__plt00996__tracer2.f32__c0009__dt-f32/chunk_0,500000,2,ans shuffle=byte,primary,0.819840014,-1,6.62707772,2.08564801,1
fields/00328__plt00996__tracer2.f32__c0015__dt-f32/chunk_0,500000,35,spratio,primary,0.0854400024,-1,1.77308671,4.816516,1
fields/00329__plt00996__velz.f32__c0005__dt-f32/chunk_0,500000,35,spratio,primary,0.29094401,-1,1.46610618,6.01263601,1
fields/00328__plt00996__tracer2.f32__c0013__dt-f32/chunk_0,500000,38,spspeed,primary,0.0757120028,-1,1.65345418,5.149096,1
fields/00329__plt00996__velz.f32__c0001__dt-f32/chunk_0,500000,29,ndzip,primary,0.0778239965,-1,1.29879383,6.536592,1
fields/00329__plt00996__velz.f32__c0007__dt-f32/chunk_0,500000,35,spratio,primary,0.428288013,-1,1.45920151,6.17705401,1
fields/00329__plt00996__velz.f32__c0003__dt-f32/chunk_0,500000,29,ndzip,primary,0.074752003,-1,1.3237724,6.411648,1
fields/00329__plt00996__velz.f32__c0013__dt-f32/chunk_0,500000,29,ndzip,primary,0.0716800019,-1,1.3464722,6.301744,1
fields/00329__plt00996__velz.f32__c0011__dt-f32/chunk_0,500000,35,spratio,primary,0.245856002,-1,1.44210575,6.062772,1
fields/00330__plt01022__density.f32__c0003__dt-f32/chunk_0,500000,35,spratio,primary,0.267295986,-1,3.45584518,2.69466399,1
fields/00329__plt00996__velz.f32__c0015__dt-f32/chunk_0,500000,29,ndzip,primary,0.0911360011,-1,1.3947799,6.105424,1
fields/00329__plt00996__velz.f32__c0009__dt-f32/chunk_0,500000,35,spratio,primary,0.456319988,-1,1.46382206,6.18693999,1
fields/00330__plt01022__density.f32__c0007__dt-f32/chunk_0,500000,35,spratio,primary,0.293375999,-1,2.70282371,3.397022,1
fields/00330__plt01022__density.f32__c0001__dt-f32/chunk_0,500000,35,spratio,primary,0.115071997,-1,3.54697413,2.480076,1
fields/00330__plt01022__density.f32__c0009__dt-f32/chunk_0,500000,35,spratio,primary,0.0683519989,-1,2.99582443,2.868452,1
fields/00330__plt01022__density.f32__c0011__dt-f32/chunk_0,500000,35,spratio,primary,0.224639997,-1,3.86006129,2.39782,1
fields/00330__plt01022__density.f32__c0005__dt-f32/chunk_0,500000,35,spratio,primary,0.216703996,-1,2.73730677,3.281252,1
fields/00330__plt01022__density.f32__c0015__dt-f32/chunk_0,500000,29,ndzip,primary,0.0552960001,-1,25.4409938,0.385024,1
fields/00330__plt01022__density.f32__c0013__dt-f32/chunk_0,500000,29,ndzip,primary,0.0614399984,-1,4.87084487,1.783648,1
fields/00331__plt01022__tracer0.f32__c0001__dt-f32/chunk_0,500000,30,ndzip shuffle=bit,primary,0.0860159993,-1,3.55247181,2.44736,1
fields/00331__plt01022__tracer0.f32__c0003__dt-f32/chunk_0,500000,2,ans shuffle=byte,primary,0.383296013,-1,6.62707772,1.64910401,1
fields/00331__plt01022__tracer0.f32__c0005__dt-f32/chunk_0,500000,29,ndzip,primary,0.104447998,-1,1.63210365,5.2442,1
fields/00331__plt01022__tracer0.f32__c0007__dt-f32/chunk_0,500000,38,spspeed,primary,0.483776003,-1,1.65820257,5.542632,1
fields/00331__plt01022__tracer0.f32__c0009__dt-f32/chunk_0,500000,30,ndzip shuffle=bit,primary,0.105471998,-1,3.55247181,2.466816,1
fields/00331__plt01022__tracer0.f32__c0011__dt-f32/chunk_0,500000,2,ans shuffle=byte,primary,1.00528002,-1,6.62707772,2.27108802,1
fields/00331__plt01022__tracer0.f32__c0013__dt-f32/chunk_0,500000,29,ndzip,primary,0.119808003,-1,1.636352,5.246216,1
fields/00331__plt01022__tracer0.f32__c0015__dt-f32/chunk_0,500000,29,ndzip,primary,0.128000006,-1,1.62509202,5.28992801,1
fields/00332__plt01022__tracer1.f32__c0003__dt-f32/chunk_0,500000,35,spratio,primary,0.0779199973,-1,1.76687753,4.825622,1
fields/00332__plt01022__tracer1.f32__c0001__dt-f32/chunk_0,500000,29,ndzip,primary,0.088064,-1,1.6246086,5.251528,1
fields/00332__plt01022__tracer1.f32__c0005__dt-f32/chunk_0,500000,30,ndzip shuffle=bit,primary,0.104447998,-1,3.55247181,2.465792,1
fields/00332__plt01022__tracer1.f32__c0009__dt-f32/chunk_0,500000,35,spratio,primary,0.209759995,-1,1.76718722,4.95663,1
fields/00332__plt01022__tracer1.f32__c0007__dt-f32/chunk_0,500000,30,ndzip shuffle=bit,primary,0.0860159993,-1,3.55247181,2.44736,1
fields/00332__plt01022__tracer1.f32__c0011__dt-f32/chunk_0,500000,29,ndzip,primary,0.0737280026,-1,1.62773579,5.227272,1
fields/00333__plt01022__tracer2.f32__c0003__dt-f32/chunk_0,500000,2,ans shuffle=byte,primary,0.600928009,-1,6.62707772,1.86673601,1
fields/00332__plt01022__tracer1.f32__c0013__dt-f32/chunk_0,500000,2,ans shuffle=byte,primary,0.845055997,-1,6.62707772,2.110864,1
fields/00332__plt01022__tracer1.f32__c0015__dt-f32/chunk_0,500000,30,ndzip shuffle=bit,primary,0.0798719972,-1,3.55247181,2.441216,1
fields/00333__plt01022__tracer2.f32__c0005__dt-f32/chunk_0,500000,38,spspeed,primary,0.176159993,-1,1.64922043,5.26256799,1
fields/00333__plt01022__tracer2.f32__c0009__dt-f32/chunk_0,500000,30,ndzip shuffle=bit,primary,0.0808959976,-1,3.55247181,2.44224,1
fields/00333__plt01022__tracer2.f32__c0001__dt-f32/chunk_0,500000,30,ndzip shuffle=bit,primary,0.106495999,-1,3.55247181,2.46784,1
fields/00333__plt01022__tracer2.f32__c0007__dt-f32/chunk_0,500000,29,ndzip,primary,0.0706560016,-1,1.639681,5.186656,1
fields/00333__plt01022__tracer2.f32__c0013__dt-f32/chunk_0,500000,35,spratio,primary,0.252128005,-1,1.78342445,4.95578001,1
fields/00333__plt01022__tracer2.f32__c0011__dt-f32/chunk_0,500000,30,ndzip shuffle=bit,primary,0.0819199979,-1,3.55247181,2.443264,1
fields/00333__plt01022__tracer2.f32__c0015__dt-f32/chunk_0,500000,29,ndzip,primary,0.0798719972,-1,1.62509202,5.2418,1
fields/00334__plt01022__velz.f32__c0003__dt-f32/chunk_0,500000,35,spratio,primary,0.237471998,-1,1.41435796,6.168508,1
fields/00334__plt01022__velz.f32__c0009__dt-f32/chunk_0,500000,35,spratio,primary,0.256671995,-1,1.46007317,6.00200599,1
fields/00334__plt01022__velz.f32__c0001__dt-f32/chunk_0,500000,29,ndzip,primary,0.0686080009,-1,1.30130021,6.514936,1
fields/00334__plt01022__velz.f32__c0005__dt-f32/chunk_0,500000,35,spratio,primary,0.363840014,-1,1.44635861,6.16365201,1
fields/00334__plt01022__velz.f32__c0007__dt-f32/chunk_0,500000,35,spratio,primary,0.0832000002,-1,1.44900638,5.872414,1
fields/00334__plt01022__velz.f32__c0013__dt-f32/chunk_0,500000,29,ndzip,primary,0.0706560016,-1,1.34780312,6.294568,1
fields/00334__plt01022__velz.f32__c0011__dt-f32/chunk_0,500000,29,ndzip,primary,0.088064,-1,1.34582414,6.321128,1
fields/00334__plt01022__velz.f32__c0015__dt-f32/chunk_0,500000,29,ndzip,primary,0.0727040023,-1,1.39986703,6.065136,1
fields/00335__plt01047__density.f32__c0001__dt-f32/chunk_0,500000,35,spratio,primary,0.367103994,-1,3.4483075,2.79977799,1
fields/00335__plt01047__density.f32__c0003__dt-f32/chunk_0,500000,35,spratio,primary,0.29903999,-1,3.16499172,2.94947599,1
fields/00335__plt01047__density.f32__c0015__dt-f32/chunk_0,500000,29,ndzip,primary,0.0501759984,-1,24.4189935,0.393703998,1
fields/00335__plt01047__density.f32__c0005__dt-f32/chunk_0,500000,35,spratio,primary,0.0876159966,-1,2.62564596,3.28249,1
fields/00335__plt01047__density.f32__c0011__dt-f32/chunk_0,500000,35,spratio,primary,0.0840639994,-1,3.87585951,2.248386,1
fields/00335__plt01047__density.f32__c0007__dt-f32/chunk_0,500000,35,spratio,primary,0.229440004,-1,2.58826651,3.470454,1
fields/00336__plt01047__tracer0.f32__c0001__dt-f32/chunk_0,500000,30,ndzip shuffle=bit,primary,0.0808959976,-1,3.55247181,2.44224,1
fields/00336__plt01047__tracer0.f32__c0003__dt-f32/chunk_0,500000,30,ndzip shuffle=bit,primary,0.0819199979,-1,3.55247181,2.443264,1
fields/00335__plt01047__density.f32__c0009__dt-f32/chunk_0,500000,35,spratio,primary,0.238655999,-1,2.93092969,3.100754,1
fields/00335__plt01047__density.f32__c0013__dt-f32/chunk_0,500000,29,ndzip,primary,0.0624639988,-1,4.34536631,1.992936,1
fields/00336__plt01047__tracer0.f32__c0009__dt-f32/chunk_0,500000,30,ndzip shuffle=bit,primary,0.0808959976,-1,3.55247181,2.44224,1
fields/00336__plt01047__tracer0.f32__c0005__dt-f32/chunk_0,500000,35,spratio,primary,0.0886079967,-1,1.77573357,4.812632,1
fields/00336__plt01047__tracer0.f32__c0007__dt-f32/chunk_0,500000,29,ndzip,primary,0.0983040035,-1,1.639681,5.214304,1
fields/00336__plt01047__tracer0.f32__c0011__dt-f32/chunk_0,500000,2,ans shuffle=byte,primary,0.962176025,-1,6.62707772,2.22798402,1
fields/00336__plt01047__tracer0.f32__c0015__dt-f32/chunk_0,500000,35,spratio,primary,0.235167995,-1,1.77308671,4.966244,1
fields/00337__plt01047__tracer1.f32__c0001__dt-f32/chunk_0,500000,29,ndzip,primary,0.0757760033,-1,1.6246086,5.23924,1
fields/00337__plt01047__tracer1.f32__c0005__dt-f32/chunk_0,500000,30,ndzip shuffle=bit,primary,0.121855997,-1,3.55247181,2.4832,1
fields/00336__plt01047__tracer0.f32__c0013__dt-f32/chunk_0,500000,29,ndzip,primary,0.0727040023,-1,1.636352,5.199112,1
fields/00337__plt01047__tracer1.f32__c0009__dt-f32/chunk_0,500000,29,ndzip,primary,0.0727040023,-1,1.62062879,5.248848,1
fields/00337__plt01047__tracer1.f32__c0003__dt-f32/chunk_0,500000,29,ndzip,primary,0.154624,-1,1.61879488,5.336632,1
fields/00337__plt01047__tracer1.f32__c0007__dt-f32/chunk_0,500000,30,ndzip shuffle=bit,primary,0.0778239965,-1,3.55247181,2.439168,1
fields/00337__plt01047__tracer1.f32__c0011__dt-f32/chunk_0,500000,29,ndzip,primary,0.0819199979,-1,1.62773579,5.235464,1
fields/00337__plt01047__tracer1.f32__c0015__dt-f32/chunk_0,500000,30,ndzip shuffle=bit,primary,0.0808959976,-1,3.55247181,2.44224,1
fields/00337__plt01047__tracer1.f32__c0013__dt-f32/chunk_0,500000,2,ans shuffle=byte,primary,0.33523199,-1,6.62707772,1.60103999,1
fields/00338__plt01047__tracer2.f32__c0003__dt-f32/chunk_0,500000,30,ndzip shuffle=bit,primary,0.0778239965,-1,3.55247181,2.439168,1
fields/00338__plt01047__tracer2.f32__c0007__dt-f32/chunk_0,500000,29,ndzip,primary,0.0993279964,-1,1.639681,5.215328,1
fields/00338__plt01047__tracer2.f32__c0001__dt-f32/chunk_0,500000,30,ndzip shuffle=bit,primary,0.0808959976,-1,3.55247181,2.44224,1
fields/00338__plt01047__tracer2.f32__c0009__dt-f32/chunk_0,500000,30,ndzip shuffle=bit,primary,0.115712002,-1,3.55247181,2.477056,1
fields/00338__plt01047__tracer2.f32__c0005__dt-f32/chunk_0,500000,35,spratio,primary,0.491423994,-1,1.77573357,5.21544799,1
fields/00338__plt01047__tracer2.f32__c0011__dt-f32/chunk_0,500000,30,ndzip shuffle=bit,primary,0.106495999,-1,3.55247181,2.46784,1
fields/00339__plt01047__velz.f32__c0001__dt-f32/chunk_0,500000,29,ndzip,primary,0.0983040035,-1,1.32090084,6.448976,1
fields/00338__plt01047__tracer2.f32__c0013__dt-f32/chunk_0,500000,35,spratio,primary,0.257248014,-1,1.78342445,4.96090001,1
fields/00338__plt01047__tracer2.f32__c0015__dt-f32/chunk_0,500000,35,spratio,primary,0.0852800012,-1,1.77308671,4.816356,1
fields/00339__plt01047__velz.f32__c0005__dt-f32/chunk_0,500000,29,ndzip,primary,0.0696320012,-1,1.3330367,6.362488,1
fields/00339__plt01047__velz.f32__c0007__dt-f32/chunk_0,500000,29,ndzip,primary,0.0665600002,-1,1.33278763,6.360592,1
fields/00339__plt01047__velz.f32__c0003__dt-f32/chunk_0,500000,29,ndzip,primary,0.074752003,-1,1.32483446,6.406568,1
fields/00340__plt01072__density.f32__c0001__dt-f32/chunk_0,500000,35,spratio,primary,0.110143997,-1,3.37496942,2.59568,1
fields/00339__plt01047__velz.f32__c0015__dt-f32/chunk_0,500000,29,ndzip,primary,0.109568,-1,1.40740333,6.069912,1
fields/00339__plt01047__velz.f32__c0011__dt-f32/chunk_0,500000,29,ndzip,primary,0.0983040035,-1,1.34264474,6.346128,1
fields/00340__plt01072__density.f32__c0003__dt-f32/chunk_0,500000,35,spratio,primary,0.0706880018,-1,2.95074914,2.913562,1
fields/00339__plt01047__velz.f32__c0009__dt-f32/chunk_0,500000,29,ndzip,primary,0.0819199979,-1,1.33559206,6.362736,1
fields/00340__plt01072__density.f32__c0005__dt-f32/chunk_0,500000,35,spratio,primary,0.236000001,-1,2.55037538,3.525166,1
fields/00339__plt01047__velz.f32__c0013__dt-f32/chunk_0,500000,29,ndzip,primary,0.0706560016,-1,1.35429092,6.264752,1
fields/00340__plt01072__density.f32__c0011__dt-f32/chunk_0,500000,2,ans shuffle=byte,primary,0.448383987,-1,3.37762202,2.93196799,1
fields/00340__plt01072__density.f32__c0007__dt-f32/chunk_0,500000,35,spratio,primary,0.349599987,-1,2.45444996,3.76731399,1
fields/00340__plt01072__density.f32__c0009__dt-f32/chunk_0,500000,35,spratio,primary,0.0591679998,-1,2.85667855,2.995658,1
fields/00340__plt01072__density.f32__c0013__dt-f32/chunk_0,500000,35,spratio,primary,0.215616003,-1,4.95459679,1.908712,1
fields/00340__plt01072__density.f32__c0015__dt-f32/chunk_0,500000,29,ndzip,primary,0.0522239991,-1,20.2819342,0.465823999,1
fields/00341__plt01072__tracer0.f32__c0005__dt-f32/chunk_0,500000,35,spratio,primary,0.0800959989,-1,1.77573357,4.80412,1
fields/00341__plt01072__tracer0.f32__c0003__dt-f32/chunk_0,500000,30,ndzip shuffle=bit,primary,0.105471998,-1,3.55247181,2.466816,1
fields/00341__plt01072__tracer0.f32__c0001__dt-f32/chunk_0,500000,30,ndzip shuffle=bit,primary,0.0870399997,-1,3.55247181,2.448384,1
fields/00341__plt01072__tracer0.f32__c0007__dt-f32/chunk_0,500000,35,spratio,primary,0.13008,-1,1.78184477,4.837902,1
fields/00341__plt01072__tracer0.f32__c0011__dt-f32/chunk_0,500000,30,ndzip shuffle=bit,primary,0.0952320024,-1,3.55247181,2.456576,1
fields/00341__plt01072__tracer0.f32__c0009__dt-f32/chunk_0,500000,2,ans shuffle=byte,primary,1.01977599,-1,6.62707772,2.28558399,1
fields/00341__plt01072__tracer0.f32__c0013__dt-f32/chunk_0,500000,35,spratio,primary,0.165056005,-1,1.78342445,4.86870801,1
fields/00341__plt01072__tracer0.f32__c0015__dt-f32/chunk_0,500000,29,ndzip,primary,0.074752003,-1,1.62509202,5.23668,1
fields/00342__plt01072__tracer1.f32__c0001__dt-f32/chunk_0,500000,29,ndzip,primary,0.084991999,-1,1.6246086,5.248456,1
fields/00342__plt01072__tracer1.f32__c0003__dt-f32/chunk_0,500000,29,ndzip,primary,0.0768000036,-1,1.61879488,5.258808,1
fields/00342__plt01072__tracer1.f32__c0005__dt-f32/chunk_0,500000,30,ndzip shuffle=bit,primary,0.0819199979,-1,3.55247181,2.443264,1
fields/00342__plt01072__tracer1.f32__c0009__dt-f32/chunk_0,500000,35,spratio,primary,0.0912320018,-1,1.76718722,4.838102,1
fields/00342__plt01072__tracer1.f32__c0007__dt-f32/chunk_0,500000,30,ndzip shuffle=bit,primary,0.111616001,-1,3.55247181,2.47296,1
fields/00342__plt01072__tracer1.f32__c0013__dt-f32/chunk_0,500000,30,ndzip shuffle=bit,primary,0.0972800031,-1,3.55247181,2.458624,1
fields/00342__plt01072__tracer1.f32__c0015__dt-f32/chunk_0,500000,2,ans shuffle=byte,primary,0.440127999,-1,6.62707772,1.705936,1
fields/00342__plt01072__tracer1.f32__c0011__dt-f32/chunk_0,500000,35,spratio,primary,0.238815993,-1,1.77053817,4.97670199,1
fields/00343__plt01072__tracer2.f32__c0001__dt-f32/chunk_0,500000,30,ndzip shuffle=bit,primary,0.0829439983,-1,3.55247181,2.444288,1
fields/00343__plt01072__tracer2.f32__c0005__dt-f32/chunk_0,500000,35,spratio,primary,0.147551998,-1,1.77573357,4.871576,1
fields/00343__plt01072__tracer2.f32__c0013__dt-f32/chunk_0,500000,35,spratio,primary,0.240191996,-1,1.78342445,4.943844,1
fields/00343__plt01072__tracer2.f32__c0007__dt-f32/chunk_0,500000,29,ndzip,primary,0.0788479969,-1,1.639681,5.194848,1
fields/00343__plt01072__tracer2.f32__c0003__dt-f32/chunk_0,500000,2,ans shuffle=byte,primary,0.616064012,-1,6.62707772,1.88187201,1
fields/00343__plt01072__tracer2.f32__c0011__dt-f32/chunk_0,500000,30,ndzip shuffle=bit,primary,0.0819199979,-1,3.55247181,2.443264,1
fields/00343__plt01072__tracer2.f32__c0009__dt-f32/chunk_0,500000,30,ndzip shuffle=bit,primary,0.0788479969,-1,3.55247181,2.440192,1
fields/00343__plt01072__tracer2.f32__c0015__dt-f32/chunk_0,500000,29,ndzip,primary,0.0757760033,-1,1.62509202,5.237704,1
fields/00344__plt01072__velz.f32__c0001__dt-f32/chunk_0,500000,29,ndzip,primary,0.0839679986,-1,1.34011886,6.343568,1
fields/00344__plt01072__velz.f32__c0013__dt-f32/chunk_0,500000,29,ndzip,primary,0.0768000036,-1,1.35635981,6.261448,1
fields/00344__plt01072__velz.f32__c0003__dt-f32/chunk_0,500000,29,ndzip,primary,0.0716800019,-1,1.31791748,6.436728,1
fields/00344__plt01072__velz.f32__c0015__dt-f32/chunk_0,500000,29,ndzip,primary,0.0737280026,-1,1.41636489,5.99636,1
fields/00344__plt01072__velz.f32__c0007__dt-f32/chunk_0,500000,29,ndzip,primary,0.109568,-1,1.32137191,6.457976,1
fields/00344__plt01072__velz.f32__c0005__dt-f32/chunk_0,500000,29,ndzip,primary,0.129023999,-1,1.32336308,6.46788,1
fields/00344__plt01072__velz.f32__c0011__dt-f32/chunk_0,500000,29,ndzip,primary,0.0716800019,-1,1.33873812,6.337736,1
fields/00345__plt01098__density.f32__c0001__dt-f32/chunk_0,500000,35,spratio,primary,0.262656003,-1,3.30100566,2.803884,1
fields/00345__plt01098__density.f32__c0003__dt-f32/chunk_0,500000,35,spratio,primary,0.0910080001,-1,2.79820245,3.088864,1
fields/00344__plt01072__velz.f32__c0009__dt-f32/chunk_0,500000,29,ndzip,primary,0.074752003,-1,1.33317907,6.366936,1
fields/00345__plt01098__density.f32__c0005__dt-f32/chunk_0,500000,35,spratio,primary,0.126335993,-1,2.47514793,3.51546999,1
fields/00345__plt01098__density.f32__c0007__dt-f32/chunk_0,500000,35,spratio,primary,0.298624009,-1,2.3125715,3.92601801,1
fields/00345__plt01098__density.f32__c0013__dt-f32/chunk_0,500000,35,spratio,primary,0.081087999,-1,4.47563814,1.95537,1
fields/00345__plt01098__density.f32__c0009__dt-f32/chunk_0,500000,35,spratio,primary,0.0724480003,-1,2.76899818,3.101922,1
fields/00346__plt01098__tracer0.f32__c0001__dt-f32/chunk_0,500000,30,ndzip shuffle=bit,primary,0.147456005,-1,3.55247181,2.50880001,1
fields/00345__plt01098__density.f32__c0015__dt-f32/chunk_0,500000,29,ndzip,primary,0.0696320012,-1,15.431582,0.613232001,1
fields/00345__plt01098__density.f32__c0011__dt-f32/chunk_0,500000,35,spratio,primary,0.211743996,-1,3.88224884,2.372504,1
fields/00346__plt01098__tracer0.f32__c0007__dt-f32/chunk_0,500000,35,spratio,primary,0.0779839978,-1,1.78184477,4.785806,1
fields/00346__plt01098__tracer0.f32__c0003__dt-f32/chunk_0,500000,2,ans shuffle=byte,primary,0.830272019,-1,6.62707772,2.09608002,1
fields/00346__plt01098__tracer0.f32__c0009__dt-f32/chunk_0,500000,39,spspeed shuffle=bit,primary,0.270016015,-1,3.9762014,2.37972001,1
fields/00346__plt01098__tracer0.f32__c0005__dt-f32/chunk_0,500000,29,ndzip,primary,0.0727040023,-1,1.63210365,5.212456,1
fields/00346__plt01098__tracer0.f32__c0013__dt-f32/chunk_0,500000,29,ndzip,primary,0.074752003,-1,1.636352,5.20116,1
fields/00346__plt01098__tracer0.f32__c0015__dt-f32/chunk_0,500000,35,spratio,primary,0.0689919963,-1,1.77308671,4.800068,1
fields/00346__plt01098__tracer0.f32__c0011__dt-f32/chunk_0,500000,30,ndzip shuffle=bit,primary,0.0829439983,-1,3.55247181,2.444288,1
fields/00347__plt01098__tracer1.f32__c0001__dt-f32/chunk_0,500000,35,spratio,primary,0.347871989,-1,1.77352831,5.07776999,1
fields/00347__plt01098__tracer1.f32__c0003__dt-f32/chunk_0,500000,29,ndzip,primary,0.0839679986,-1,1.61879488,5.265976,1
fields/00347__plt01098__tracer1.f32__c0011__dt-f32/chunk_0,500000,29,ndzip,primary,0.0819199979,-1,1.62773579,5.235464,1
fields/00347__plt01098__tracer1.f32__c0005__dt-f32/chunk_0,500000,30,ndzip shuffle=bit,primary,0.0778239965,-1,3.55247181,2.439168,1
fields/00347__plt01098__tracer1.f32__c0009__dt-f32/chunk_0,500000,35,spratio,primary,0.0680000037,-1,1.76718722,4.81487,1
fields/00348__plt01098__tracer2.f32__c0001__dt-f32/chunk_0,500000,30,ndzip shuffle=bit,primary,0.0901120007,-1,3.55247181,2.451456,1
fields/00348__plt01098__tracer2.f32__c0003__dt-f32/chunk_0,500000,2,ans shuffle=byte,primary,0.431327999,-1,6.62707772,1.697136,1
fields/00347__plt01098__tracer1.f32__c0007__dt-f32/chunk_0,500000,30,ndzip shuffle=bit,primary,0.106495999,-1,3.55247181,2.46784,1
fields/00347__plt01098__tracer1.f32__c0015__dt-f32/chunk_0,500000,2,ans shuffle=byte,primary,0.760352015,-1,6.62707772,2.02616002,1
fields/00347__plt01098__tracer1.f32__c0013__dt-f32/chunk_0,500000,30,ndzip shuffle=bit,primary,0.130048007,-1,3.55247181,2.49139201,1
fields/00348__plt01098__tracer2.f32__c0005__dt-f32/chunk_0,500000,29,ndzip,primary,0.0911360011,-1,1.63210365,5.230888,1
fields/00348__plt01098__tracer2.f32__c0009__dt-f32/chunk_0,500000,30,ndzip shuffle=bit,primary,0.0808959976,-1,3.55247181,2.44224,1
fields/00348__plt01098__tracer2.f32__c0007__dt-f32/chunk_0,500000,29,ndzip,primary,0.0727040023,-1,1.639681,5.188704,1
fields/00348__plt01098__tracer2.f32__c0011__dt-f32/chunk_0,500000,30,ndzip shuffle=bit,primary,0.0798719972,-1,3.55247181,2.441216,1
fields/00348__plt01098__tracer2.f32__c0015__dt-f32/chunk_0,500000,29,ndzip,primary,0.0870399997,-1,1.62509202,5.248968,1
fields/00349__plt01098__velz.f32__c0003__dt-f32/chunk_0,500000,29,ndzip,primary,0.0972800031,-1,1.30745789,6.513248,1
fields/00348__plt01098__tracer2.f32__c0013__dt-f32/chunk_0,500000,35,spratio,primary,0.233664006,-1,1.78342445,4.93731601,1
fields/00349__plt01098__velz.f32__c0007__dt-f32/chunk_0,500000,29,ndzip,primary,0.074752003,-1,1.30622333,6.496784,1
fields/00349__plt01098__velz.f32__c0001__dt-f32/chunk_0,500000,29,ndzip,primary,0.074752003,-1,1.34903426,6.292984,1
fields/00349__plt01098__velz.f32__c0011__dt-f32/chunk_0,500000,35,spratio,primary,0.107872002,-1,1.44389544,5.917578,1
fields/00349__plt01098__velz.f32__c0005__dt-f32/chunk_0,500000,29,ndzip,primary,0.0788479969,-1,1.31643663,6.451056,1
fields/00350__plt01124__density.f32__c0001__dt-f32/chunk_0,500000,35,spratio,primary,0.0793280005,-1,3.16791289,2.72732,1
fields/00350__plt01124__density.f32__c0003__dt-f32/chunk_0,500000,35,spratio,primary,0.548063993,-1,2.64938271,3.71431399,1
fields/00349__plt01098__velz.f32__c0009__dt-f32/chunk_0,500000,35,spratio,primary,0.250048012,-1,1.44408634,6.05898601,1
fields/00350__plt01124__density.f32__c0005__dt-f32/chunk_0,500000,35,spratio,primary,0.322176009,-1,2.40377102,3.81194601,1
fields/00350__plt01124__density.f32__c0007__dt-f32/chunk_0,500000,35,spratio,primary,0.238463998,-1,2.17750521,4.090858,1
fields/00350__plt01124__density.f32__c0009__dt-f32/chunk_0,500000,35,spratio,primary,0.291263998,-1,2.67084734,3.432068,1
fields/00349__plt01098__velz.f32__c0013__dt-f32/chunk_0,500000,29,ndzip,primary,0.0768000036,-1,1.35742562,6.256592,1
fields/00350__plt01124__density.f32__c0013__dt-f32/chunk_0,500000,35,spratio,primary,0.0684159994,-1,4.11556501,2.10668,1
fields/00350__plt01124__density.f32__c0011__dt-f32/chunk_0,500000,35,spratio,primary,0.105471998,-1,3.8756876,2.26989,1
fields/00349__plt01098__velz.f32__c0015__dt-f32/chunk_0,500000,29,ndzip,primary,0.0768000036,-1,1.42369752,5.968928,1
fields/00350__plt01124__density.f32__c0015__dt-f32/chunk_0,500000,29,ndzip,primary,0.0501759984,-1,11.773551,0.762671998,1
fields/00351__plt01124__tracer0.f32__c0003__dt-f32/chunk_0,500000,30,ndzip shuffle=bit,primary,0.0798719972,-1,3.55247181,2.441216,1
fields/00351__plt01124__tracer0.f32__c0001__dt-f32/chunk_0,500000,30,ndzip shuffle=bit,primary,0.0870399997,-1,3.55247181,2.448384,1
fields/00351__plt01124__tracer0.f32__c0007__dt-f32/chunk_0,500000,29,ndzip,primary,0.084991999,-1,1.639681,5.200992,1
fields/00351__plt01124__tracer0.f32__c0009__dt-f32/chunk_0,500000,30,ndzip shuffle=bit,primary,0.0829439983,-1,3.55247181,2.444288,1
fields/00351__plt01124__tracer0.f32__c0011__dt-f32/chunk_0,500000,30,ndzip shuffle=bit,primary,0.0788479969,-1,3.55247181,2.440192,1
fields/00351__plt01124__tracer0.f32__c0005__dt-f32/chunk_0,500000,35,spratio,primary,0.295392007,-1,1.77573357,5.01941601,1
fields/00352__plt01124__tracer1.f32__c0007__dt-f32/chunk_0,500000,2,ans shuffle=byte,primary,1.40249598,-1,6.62707772,2.66830398,1
fields/00351__plt01124__tracer0.f32__c0013__dt-f32/chunk_0,500000,29,ndzip,primary,0.0757760033,-1,1.636352,5.202184,1
fields/00352__plt01124__tracer1.f32__c0001__dt-f32/chunk_0,500000,35,spratio,primary,0.404320002,-1,1.77352831,5.134218,1
fields/00351__plt01124__tracer0.f32__c0015__dt-f32/chunk_0,500000,35,spratio,primary,0.35779199,-1,1.77308671,5.08886799,1
fields/00352__plt01124__tracer1.f32__c0003__dt-f32/chunk_0,500000,35,spratio,primary,0.229279995,-1,1.76687753,4.97698199,1
fields/00352__plt01124__tracer1.f32__c0013__dt-f32/chunk_0,500000,30,ndzip shuffle=bit,primary,0.231424004,-1,3.55247181,2.592768,1
fields/00352__plt01124__tracer1.f32__c0011__dt-f32/chunk_0,500000,35,spratio,primary,0.0983040035,-1,1.77053817,4.83619,1
fields/00352__plt01124__tracer1.f32__c0005__dt-f32/chunk_0,500000,30,ndzip shuffle=bit,primary,0.084991999,-1,3.55247181,2.446336,1
fields/00352__plt01124__tracer1.f32__c0009__dt-f32/chunk_0,500000,29,ndzip,primary,0.174079999,-1,1.62062879,5.350224,1
fields/00353__plt01124__tracer2.f32__c0001__dt-f32/chunk_0,500000,30,ndzip shuffle=bit,primary,0.148479998,-1,3.55247181,2.509824,1
fields/00353__plt01124__tracer2.f32__c0003__dt-f32/chunk_0,500000,39,spspeed shuffle=bit,primary,0.156831995,-1,3.9762014,2.26653599,1
fields/00352__plt01124__tracer1.f32__c0015__dt-f32/chunk_0,500000,30,ndzip shuffle=bit,primary,0.120832004,-1,3.55247181,2.482176,1
fields/00353__plt01124__tracer2.f32__c0005__dt-f32/chunk_0,500000,29,ndzip,primary,0.126975998,-1,1.63210365,5.266728,1
fields/00353__plt01124__tracer2.f32__c0007__dt-f32/chunk_0,500000,29,ndzip,primary,0.0706560016,-1,1.639681,5.186656,1
fields/00353__plt01124__tracer2.f32__c0009__dt-f32/chunk_0,500000,30,ndzip shuffle=bit,primary,0.0972800031,-1,3.55247181,2.458624,1
fields/00353__plt01124__tracer2.f32__c0011__dt-f32/chunk_0,500000,30,ndzip shuffle=bit,primary,0.110592,-1,3.55247181,2.471936,1
fields/00353__plt01124__tracer2.f32__c0015__dt-f32/chunk_0,500000,35,spratio,primary,0.472575992,-1,1.77308671,5.20365199,1
fields/00353__plt01124__tracer2.f32__c0013__dt-f32/chunk_0,500000,35,spratio,primary,0.0843200013,-1,1.78342445,4.787972,1
fields/00354__plt01124__velz.f32__c0005__dt-f32/chunk_0,500000,29,ndzip,primary,0.112640001,-1,1.30492938,6.54104,1
fields/00354__plt01124__velz.f32__c0001__dt-f32/chunk_0,500000,29,ndzip,primary,0.0737280026,-1,1.34824156,6.295616,1
fields/00354__plt01124__velz.f32__c0011__dt-f32/chunk_0,500000,35,spratio,primary,0.143488005,-1,1.44345667,5.95496,1
fields/00354__plt01124__velz.f32__c0007__dt-f32/chunk_0,500000,29,ndzip,primary,0.0788479969,-1,1.2968133,6.54748,1
fields/00354__plt01124__velz.f32__c0009__dt-f32/chunk_0,500000,29,ndzip,primary,0.0972800031,-1,1.32676389,6.419888,1
fields/00354__plt01124__velz.f32__c0003__dt-f32/chunk_0,500000,29,ndzip,primary,0.132095993,-1,1.29516507,6.60895999,1
fields/00355__plt01149__density.f32__c0003__dt-f32/chunk_0,500000,35,spratio,primary,0.0925759971,-1,2.50005901,3.44794,1
fields/00354__plt01124__velz.f32__c0013__dt-f32/chunk_0,500000,29,ndzip,primary,0.0778239965,-1,1.35695484,6.25976,1
fields/00354__plt01124__velz.f32__c0015__dt-f32/chunk_0,500000,29,ndzip,primary,0.0727040023,-1,1.43143468,5.932984,1
fields/00355__plt01149__density.f32__c0001__dt-f32/chunk_0,500000,35,spratio,primary,0.372159988,-1,2.92886052,3.23627999,1
fields/00355__plt01149__density.f32__c0013__dt-f32/chunk_0,500000,35,spratio,primary,0.0715200007,-1,3.86133705,2.243982,1
fields/00355__plt01149__density.f32__c0007__dt-f32/chunk_0,500000,35,spratio,primary,0.161919996,-1,2.07338377,4.207774,1
fields/00355__plt01149__density.f32__c0005__dt-f32/chunk_0,500000,35,spratio,primary,0.222527996,-1,2.34352961,3.802004,1
fields/00355__plt01149__density.f32__c0009__dt-f32/chunk_0,500000,35,spratio,primary,0.0809599981,-1,2.55568541,3.363292,1
fields/00356__plt01149__tracer0.f32__c0001__dt-f32/chunk_0,500000,2,ans shuffle=byte,primary,0.197024003,-1,6.62707772,1.462832,1
fields/00355__plt01149__density.f32__c0011__dt-f32/chunk_0,500000,35,spratio,primary,0.119456001,-1,3.84642558,2.30034,1
fields/00356__plt01149__tracer0.f32__c0005__dt-f32/chunk_0,500000,29,ndzip,primary,0.0839679986,-1,1.63210365,5.22372,1
fields/00355__plt01149__density.f32__c0015__dt-f32/chunk_0,500000,29,ndzip,primary,0.0778239965,-1,9.14852073,0.994759997,1
fields/00356__plt01149__tracer0.f32__c0009__dt-f32/chunk_0,500000,30,ndzip shuffle=bit,primary,0.113664001,-1,3.55247181,2.475008,1
fields/00356__plt01149__tracer0.f32__c0003__dt-f32/chunk_0,500000,2,ans shuffle=byte,primary,0.362271994,-1,6.62707772,1.62807999,1
fields/00356__plt01149__tracer0.f32__c0007__dt-f32/chunk_0,500000,29,ndzip,primary,0.113664001,-1,1.639681,5.229664,1
fields/00356__plt01149__tracer0.f32__c0011__dt-f32/chunk_0,500000,30,ndzip shuffle=bit,primary,0.0778239965,-1,3.55247181,2.439168,1
fields/00356__plt01149__tracer0.f32__c0015__dt-f32/chunk_0,500000,35,spratio,primary,0.224480003,-1,1.77308671,4.955556,1
fields/00356__plt01149__tracer0.f32__c0013__dt-f32/chunk_0,500000,29,ndzip,primary,0.074752003,-1,1.636352,5.20116,1
fields/00357__plt01149__tracer1.f32__c0003__dt-f32/chunk_0,500000,29,ndzip,primary,0.214016005,-1,1.61879488,5.39602401,1
fields/00357__plt01149__tracer1.f32__c0001__dt-f32/chunk_0,500000,35,spratio,primary,0.427648008,-1,1.77352831,5.15754601,1
fields/00357__plt01149__tracer1.f32__c0005__dt-f32/chunk_0,500000,30,ndzip shuffle=bit,primary,0.132095993,-1,3.55247181,2.49343999,1
fields/00357__plt01149__tracer1.f32__c0009__dt-f32/chunk_0,500000,35,spratio,primary,0.0784320012,-1,1.76718722,4.825302,1
fields/00358__plt01149__tracer2.f32__c0001__dt-f32/chunk_0,500000,30,ndzip shuffle=bit,primary,0.0808959976,-1,3.55247181,2.44224,1
fields/00357__plt01149__tracer1.f32__c0015__dt-f32/chunk_0,500000,30,ndzip shuffle=bit,primary,0.0808959976,-1,3.55247181,2.44224,1
fields/00357__plt01149__tracer1.f32__c0011__dt-f32/chunk_0,500000,35,spratio,primary,0.0806080028,-1,1.77053817,4.818494,1
fields/00358__plt01149__tracer2.f32__c0003__dt-f32/chunk_0,500000,30,ndzip shuffle=bit,primary,0.0839679986,-1,3.55247181,2.445312,1
fields/00358__plt01149__tracer2.f32__c0005__dt-f32/chunk_0,500000,29,ndzip,primary,0.0716800019,-1,1.63210365,5.211432,1
fields/00357__plt01149__tracer1.f32__c0007__dt-f32/chunk_0,500000,2,ans shuffle=byte,primary,0.491679996,-1,6.62707772,1.757488,1
fields/00358__plt01149__tracer2.f32__c0007__dt-f32/chunk_0,500000,38,spspeed,primary,0.209856004,-1,1.65820257,5.268712,1
fields/00357__plt01149__tracer1.f32__c0013__dt-f32/chunk_0,500000,30,ndzip shuffle=bit,primary,0.0808959976,-1,3.55247181,2.44224,1
fields/00358__plt01149__tracer2.f32__c0011__dt-f32/chunk_0,500000,2,ans shuffle=byte,primary,1.11244798,-1,6.62707772,2.37825598,1
fields/00358__plt01149__tracer2.f32__c0009__dt-f32/chunk_0,500000,39,spspeed shuffle=bit,primary,0.260639995,-1,3.9762014,2.370344,1
fields/00358__plt01149__tracer2.f32__c0013__dt-f32/chunk_0,500000,35,spratio,primary,0.450432003,-1,1.78342445,5.154084,1
fields/00359__plt01149__velz.f32__c0007__dt-f32/chunk_0,500000,29,ndzip,primary,0.110592,-1,1.28901144,6.618376,1
fields/00359__plt01149__velz.f32__c0001__dt-f32/chunk_0,500000,29,ndzip,primary,0.0737280026,-1,1.34380102,6.316176,1
fields/00358__plt01149__tracer2.f32__c0015__dt-f32/chunk_0,500000,29,ndzip,primary,0.113664001,-1,1.62509202,5.275592,1
fields/00359__plt01149__velz.f32__c0009__dt-f32/chunk_0,500000,35,spratio,primary,0.481599987,-1,1.42793713,6.35623399,1
fields/00359__plt01149__velz.f32__c0003__dt-f32/chunk_0,500000,29,ndzip,primary,0.0696320012,-1,1.28578068,6.593768,1
fields/00359__plt01149__velz.f32__c0013__dt-f32/chunk_0,500000,29,ndzip,primary,0.146431997,-1,1.35470035,6.338656,1
fields/00359__plt01149__velz.f32__c0005__dt-f32/chunk_0,500000,29,ndzip,primary,0.137216002,-1,1.29280017,6.625928,1
fields/00360__plt01172__density.f32__c0001__dt-f32/chunk_0,500000,35,spratio,primary,0.340512007,-1,2.67137127,3.48070001,1
fields/00359__plt01149__velz.f32__c0015__dt-f32/chunk_0,500000,29,ndzip,primary,0.0665600002,-1,1.43560705,5.909808,1
fields/00359__plt01149__velz.f32__c0011__dt-f32/chunk_0,500000,29,ndzip,primary,0.120832004,-1,1.33606345,6.399432,1
fields/00360__plt01172__density.f32__c0003__dt-f32/chunk_0,500000,35,spratio,primary,0.0854080021,-1,2.36198615,3.636914,1
fields/00360__plt01172__density.f32__c0011__dt-f32/chunk_0,500000,35,spratio,primary,0.0664319992,-1,3.80887966,2.268814,1
fields/00360__plt01172__density.f32__c0007__dt-f32/chunk_0,500000,35,spratio,primary,0.219904006,-1,2.00041207,4.41334401,1
fields/00360__plt01172__density.f32__c0005__dt-f32/chunk_0,500000,35,spratio,primary,0.22608,-1,2.28286538,3.900676,1
fields/00360__plt01172__density.f32__c0009__dt-f32/chunk_0,500000,35,spratio,primary,0.0766400024,-1,2.41071489,3.556358,1
fields/00360__plt01172__density.f32__c0013__dt-f32/chunk_0,500000,35,spratio,primary,0.452223986,-1,3.72967258,2.70137799,1
fields/00360__plt01172__density.f32__c0015__dt-f32/chunk_0,500000,29,ndzip,primary,0.134143993,-1,7.43460011,1.26246399,1
fields/00361__plt01172__tracer0.f32__c0005__dt-f32/chunk_0,500000,29,ndzip,primary,0.0952320024,-1,1.63210365,5.234984,1
fields/00361__plt01172__tracer0.f32__c0003__dt-f32/chunk_0,500000,2,ans shuffle=byte,primary,0.200831994,-1,6.62707772,1.46663999,1
fields/00361__plt01172__tracer0.f32__c0011__dt-f32/chunk_0,500000,30,ndzip shuffle=bit,primary,0.0890880004,-1,3.55247181,2.450432,1
fields/00361__plt01172__tracer0.f32__c0001__dt-f32/chunk_0,500000,30,ndzip shuffle=bit,primary,0.0890880004,-1,3.55247181,2.450432,1
fields/00361__plt01172__tracer0.f32__c0007__dt-f32/chunk_0,500000,29,ndzip,primary,0.0757760033,-1,1.639681,5.191776,1
fields/00361__plt01172__tracer0.f32__c0009__dt-f32/chunk_0,500000,30,ndzip shuffle=bit,primary,0.169983998,-1,3.55247181,2.531328,1
fields/00361__plt01172__tracer0.f32__c0013__dt-f32/chunk_0,500000,38,spspeed,primary,0.076063998,-1,1.65345418,5.149448,1
fields/00362__plt01172__tracer1.f32__c0005__dt-f32/chunk_0,500000,30,ndzip shuffle=bit,primary,0.0829439983,-1,3.55247181,2.444288,1
fields/00362__plt01172__tracer1.f32__c0007__dt-f32/chunk_0,500000,2,ans shuffle=byte,primary,0.1752,-1,6.62707772,1.441008,1
fields/00362__plt01172__tracer1.f32__c0013__dt-f32/chunk_0,500000,2,ans shuffle=byte,primary,0.174687997,-1,6.62707772,1.440496,1
fields/00361__plt01172__tracer0.f32__c0015__dt-f32/chunk_0,500000,35,spratio,primary,0.239071995,-1,1.77308671,4.970148,1
fields/00362__plt01172__tracer1.f32__c0001__dt-f32/chunk_0,500000,35,spratio,primary,0.226656005,-1,1.77352831,4.956554,1
fields/00362__plt01172__tracer1.f32__c0003__dt-f32/chunk_0,500000,35,spratio,primary,0.233728006,-1,1.76687753,4.98143001,1
fields/00362__plt01172__tracer1.f32__c0011__dt-f32/chunk_0,500000,29,ndzip,primary,0.0931840017,-1,1.62773579,5.246728,1
fields/00362__plt01172__tracer1.f32__c0009__dt-f32/chunk_0,500000,29,ndzip,primary,0.0655359998,-1,1.62062879,5.24168,1
fields/00362__plt01172__tracer1.f32__c0015__dt-f32/chunk_0,500000,30,ndzip shuffle=bit,primary,0.0798719972,-1,3.55247181,2.441216,1
fields/00363__plt01172__tracer2.f32__c0001__dt-f32/chunk_0,500000,30,ndzip shuffle=bit,primary,0.0808959976,-1,3.55247181,2.44224,1
fields/00363__plt01172__tracer2.f32__c0007__dt-f32/chunk_0,500000,29,ndzip,primary,0.131072,-1,1.639681,5.247072,1
fields/00363__plt01172__tracer2.f32__c0005__dt-f32/chunk_0,500000,29,ndzip,primary,0.154624,-1,1.63210365,5.294376,1
fields/00363__plt01172__tracer2.f32__c0009__dt-f32/chunk_0,500000,2,ans shuffle=byte,primary,1.07254398,-1,6.62707772,2.33835198,1
fields/00363__plt01172__tracer2.f32__c0003__dt-f32/chunk_0,500000,30,ndzip shuffle=bit,primary,0.0829439983,-1,3.55247181,2.444288,1
fields/00363__plt01172__tracer2.f32__c0011__dt-f32/chunk_0,500000,30,ndzip shuffle=bit,primary,0.0778239965,-1,3.55247181,2.439168,1
fields/00363__plt01172__tracer2.f32__c0013__dt-f32/chunk_0,500000,35,spratio,primary,0.278719991,-1,1.78342445,4.98237199,1
fields/00363__plt01172__tracer2.f32__c0015__dt-f32/chunk_0,500000,29,ndzip,primary,0.0716800019,-1,1.62509202,5.233608,1
fields/00364__plt01172__velz.f32__c0001__dt-f32/chunk_0,500000,29,ndzip,primary,0.0901120007,-1,1.33269785,6.384568,1
fields/00364__plt01172__velz.f32__c0003__dt-f32/chunk_0,500000,35,spratio,primary,0.0708160028,-1,1.36630647,6.21044,1
fields/00364__plt01172__velz.f32__c0005__dt-f32/chunk_0,500000,29,ndzip,primary,0.0757760033,-1,1.28167563,6.620808,1
fields/00364__plt01172__velz.f32__c0007__dt-f32/chunk_0,500000,29,ndzip,primary,0.0808959976,-1,1.28257235,6.621352,1
fields/00364__plt01172__velz.f32__c0011__dt-f32/chunk_0,500000,29,ndzip,primary,0.0798719972,-1,1.33631375,6.357296,1
fields/00365__plt01196__density.f32__c0003__dt-f32/chunk_0,500000,35,spratio,primary,0.223296002,-1,2.25462153,3.943924,1
fields/00364__plt01172__velz.f32__c0009__dt-f32/chunk_0,500000,29,ndzip,primary,0.0911360011,-1,1.31725192,6.4594,1
fields/00364__plt01172__velz.f32__c0013__dt-f32/chunk_0,500000,29,ndzip,primary,0.0686080009,-1,1.35274994,6.26976,1
fields/00364__plt01172__velz.f32__c0015__dt-f32/chunk_0,500000,29,ndzip,primary,0.0860159993,-1,1.44004109,5.911272,1
fields/00365__plt01196__density.f32__c0001__dt-f32/chunk_0,500000,35,spratio,primary,0.0813120008,-1,2.45663078,3.495992,1
fields/00365__plt01196__density.f32__c0013__dt-f32/chunk_0,500000,35,spratio,primary,0.281919986,-1,3.69099284,2.55464399,1
fields/00365__plt01196__density.f32__c0005__dt-f32/chunk_0,500000,35,spratio,primary,0.243136004,-1,2.21188817,4.035646,1
fields/00365__plt01196__density.f32__c0007__dt-f32/chunk_0,500000,35,spratio,primary,0.280512005,-1,1.95183314,4.57832201,1
fields/00365__plt01196__density.f32__c0009__dt-f32/chunk_0,500000,35,spratio,primary,0.0704960003,-1,2.26430406,3.775214,1
fields/00366__plt01196__tracer0.f32__c0001__dt-f32/chunk_0,500000,30,ndzip shuffle=bit,primary,0.107519999,-1,3.55247181,2.468864,1
fields/00366__plt01196__tracer0.f32__c0005__dt-f32/chunk_0,500000,29,ndzip,primary,0.0870399997,-1,1.63210365,5.226792,1
fields/00366__plt01196__tracer0.f32__c0007__dt-f32/chunk_0,500000,35,spratio,primary,0.218336001,-1,1.78184477,4.926158,1
fields/00365__plt01196__density.f32__c0011__dt-f32/chunk_0,500000,35,spratio,primary,0.1928,-1,3.75490838,2.426838,1
fields/00366__plt01196__tracer0.f32__c0011__dt-f32/chunk_0,500000,30,ndzip shuffle=bit,primary,0.0778239965,-1,3.55247181,2.439168,1
fields/00366__plt01196__tracer0.f32__c0009__dt-f32/chunk_0,500000,2,ans shuffle=byte,primary,0.760288,-1,6.62707772,2.026096,1
fields/00365__plt01196__density.f32__c0015__dt-f32/chunk_0,500000,29,ndzip,primary,0.0573440008,-1,6.08014659,1.437016,1
fields/00366__plt01196__tracer0.f32__c0003__dt-f32/chunk_0,500000,30,ndzip shuffle=bit,primary,0.106495999,-1,3.55247181,2.46784,1
fields/00366__plt01196__tracer0.f32__c0013__dt-f32/chunk_0,500000,29,ndzip,primary,0.0706560016,-1,1.636352,5.197064,1
fields/00366__plt01196__tracer0.f32__c0015__dt-f32/chunk_0,500000,38,spspeed,primary,0.0589120016,-1,1.63806983,5.179944,1
fields/00367__plt01196__tracer1.f32__c0005__dt-f32/chunk_0,500000,2,ans shuffle=byte,primary,0.508415997,-1,6.62707772,1.774224,1
fields/00367__plt01196__tracer1.f32__c0001__dt-f32/chunk_0,500000,35,spratio,primary,0.249088004,-1,1.77352831,4.978986,1
fields/00367__plt01196__tracer1.f32__c0009__dt-f32/chunk_0,500000,35,spratio,primary,0.126271993,-1,1.76718722,4.87314199,1
fields/00367__plt01196__tracer1.f32__c0003__dt-f32/chunk_0,500000,29,ndzip,primary,0.074752003,-1,1.61879488,5.25676,1
fields/00367__plt01196__tracer1.f32__c0011__dt-f32/chunk_0,500000,29,ndzip,primary,0.0829439983,-1,1.62773579,5.236488,1
fields/00367__plt01196__tracer1.f32__c0007__dt-f32/chunk_0,500000,2,ans shuffle=byte,primary,0.994431973,-1,6.62707772,2.26023997,1
fields/00367__plt01196__tracer1.f32__c0015__dt-f32/chunk_0,500000,30,ndzip shuffle=bit,primary,0.0819199979,-1,3.55247181,2.443264,1
fields/00367__plt01196__tracer1.f32__c0013__dt-f32/chunk_0,500000,2,ans shuffle=byte,primary,0.973504007,-1,6.62707772,2.23931201,1
fields/00368__plt01196__tracer2.f32__c0003__dt-f32/chunk_0,500000,2,ans shuffle=byte,primary,0.916191995,-1,6.62707772,2.182,1
fields/00368__plt01196__tracer2.f32__c0007__dt-f32/chunk_0,500000,29,ndzip,primary,0.0716800019,-1,1.639681,5.18768,1
fields/00368__plt01196__tracer2.f32__c0005__dt-f32/chunk_0,500000,35,spratio,primary,0.0678400025,-1,1.77573357,4.791864,1
fields/00368__plt01196__tracer2.f32__c0001__dt-f32/chunk_0,500000,30,ndzip shuffle=bit,primary,0.0798719972,-1,3.55247181,2.441216,1
fields/00368__plt01196__tracer2.f32__c0009__dt-f32/chunk_0,500000,30,ndzip shuffle=bit,primary,0.0829439983,-1,3.55247181,2.444288,1
fields/00368__plt01196__tracer2.f32__c0015__dt-f32/chunk_0,500000,35,spratio,primary,0.46153599,-1,1.77308671,5.19261199,1
fields/00368__plt01196__tracer2.f32__c0011__dt-f32/chunk_0,500000,30,ndzip shuffle=bit,primary,0.115712002,-1,3.55247181,2.477056,1
fields/00368__plt01196__tracer2.f32__c0013__dt-f32/chunk_0,500000,29,ndzip,primary,0.0788479969,-1,1.636352,5.205256,1
fields/00369__plt01196__velz.f32__c0001__dt-f32/chunk_0,500000,29,ndzip,primary,0.0727040023,-1,1.31667631,6.443752,1
fields/00369__plt01196__velz.f32__c0005__dt-f32/chunk_0,500000,29,ndzip,primary,0.0931840017,-1,1.27018829,6.697408,1
fields/00369__plt01196__velz.f32__c0003__dt-f32/chunk_0,500000,29,ndzip,primary,0.0778239965,-1,1.27050379,6.680408,1
fields/00369__plt01196__velz.f32__c0007__dt-f32/chunk_0,500000,35,spratio,primary,0.0791679993,-1,1.36216824,6.237444,1
fields/00369__plt01196__velz.f32__c0009__dt-f32/chunk_0,500000,29,ndzip,primary,0.0716800019,-1,1.31022866,6.47408,1
fields/00369__plt01196__velz.f32__c0013__dt-f32/chunk_0,500000,29,ndzip,primary,0.101375997,-1,1.35077382,6.3116,1
fields/00369__plt01196__velz.f32__c0015__dt-f32/chunk_0,500000,29,ndzip,primary,0.0819199979,-1,1.44586101,5.883728,1
fields/00369__plt01196__velz.f32__c0011__dt-f32/chunk_0,500000,29,ndzip,primary,0.0686080009,-1,1.33598855,6.34756,1
fields/00370__plt01220__density.f32__c0007__dt-f32/chunk_0,500000,35,spratio,primary,0.223552004,-1,1.9102459,4.614928,1
fields/00370__plt01220__density.f32__c0001__dt-f32/chunk_0,500000,35,spratio,primary,0.0814080015,-1,2.29779676,3.732126,1
fields/00370__plt01220__density.f32__c0003__dt-f32/chunk_0,500000,35,spratio,primary,0.0749759972,-1,2.16350787,3.952294,1
fields/00370__plt01220__density.f32__c0009__dt-f32/chunk_0,500000,35,spratio,primary,0.424703985,-1,2.12817332,4.36639799,1
fields/00370__plt01220__density.f32__c0015__dt-f32/chunk_0,500000,29,ndzip,primary,0.101375997,-1,5.03029954,1.768992,1
fields/00370__plt01220__density.f32__c0005__dt-f32/chunk_0,500000,35,spratio,primary,0.0789119974,-1,2.12494845,4.026588,1
fields/00370__plt01220__density.f32__c0011__dt-f32/chunk_0,500000,35,spratio,primary,0.0693759993,-1,3.68039887,2.348642,1
fields/00370__plt01220__density.f32__c0013__dt-f32/chunk_0,500000,35,spratio,primary,0.287167996,-1,3.6924648,2.558986,1
fields/00371__plt01220__tracer0.f32__c0005__dt-f32/chunk_0,500000,35,spratio,primary,0.344415992,-1,1.77573357,5.06843999,1
fields/00371__plt01220__tracer0.f32__c0001__dt-f32/chunk_0,500000,30,ndzip shuffle=bit,primary,0.0983040035,-1,3.55247181,2.459648,1
fields/00371__plt01220__tracer0.f32__c0003__dt-f32/chunk_0,500000,30,ndzip shuffle=bit,primary,0.0808959976,-1,3.55247181,2.44224,1
fields/00371__plt01220__tracer0.f32__c0009__dt-f32/chunk_0,500000,30,ndzip shuffle=bit,primary,0.0829439983,-1,3.55247181,2.444288,1
fields/00371__plt01220__tracer0.f32__c0007__dt-f32/chunk_0,500000,29,ndzip,primary,0.0727040023,-1,1.639681,5.188704,1
fields/00371__plt01220__tracer0.f32__c0013__dt-f32/chunk_0,500000,35,spratio,primary,0.0721919984,-1,1.78342445,4.775844,1
fields/00372__plt01220__tracer1.f32__c0001__dt-f32/chunk_0,500000,29,ndzip,primary,0.0716800019,-1,1.6246086,5.235144,1
fields/00371__plt01220__tracer0.f32__c0011__dt-f32/chunk_0,500000,30,ndzip shuffle=bit,primary,0.0983040035,-1,3.55247181,2.459648,1
fields/00371__plt01220__tracer0.f32__c0015__dt-f32/chunk_0,500000,35,spratio,primary,0.312384009,-1,1.77308671,5.04346001,1
fields/00372__plt01220__tracer1.f32__c0005__dt-f32/chunk_0,500000,30,ndzip shuffle=bit,primary,0.084991999,-1,3.55247181,2.446336,1
fields/00372__plt01220__tracer1.f32__c0011__dt-f32/chunk_0,500000,29,ndzip,primary,0.0890880004,-1,1.62773579,5.242632,1
fields/00372__plt01220__tracer1.f32__c0007__dt-f32/chunk_0,500000,2,ans shuffle=byte,primary,0.989376009,-1,6.62707772,2.25518401,1
fields/00372__plt01220__tracer1.f32__c0009__dt-f32/chunk_0,500000,29,ndzip,primary,0.0890880004,-1,1.62062879,5.265232,1
fields/00372__plt01220__tracer1.f32__c0003__dt-f32/chunk_0,500000,35,spratio,primary,0.133952007,-1,1.76687753,4.88165401,1
fields/00373__plt01220__tracer2.f32__c0001__dt-f32/chunk_0,500000,2,ans shuffle=byte,primary,0.274432003,-1,6.62707772,1.54024,1
fields/00372__plt01220__tracer1.f32__c0013__dt-f32/chunk_0,500000,2,ans shuffle=byte,primary,0.76880002,-1,6.62707772,2.03460802,1
fields/00372__plt01220__tracer1.f32__c0015__dt-f32/chunk_0,500000,30,ndzip shuffle=bit,primary,0.119808003,-1,3.55247181,2.481152,1
fields/00373__plt01220__tracer2.f32__c0003__dt-f32/chunk_0,500000,30,ndzip shuffle=bit,primary,0.106495999,-1,3.55247181,2.46784,1
fields/00373__plt01220__tracer2.f32__c0009__dt-f32/chunk_0,500000,30,ndzip shuffle=bit,primary,0.0839679986,-1,3.55247181,2.445312,1
fields/00373__plt01220__tracer2.f32__c0007__dt-f32/chunk_0,500000,29,ndzip,primary,0.0819199979,-1,1.639681,5.19792,1
fields/00373__plt01220__tracer2.f32__c0011__dt-f32/chunk_0,500000,30,ndzip shuffle=bit,primary,0.0993279964,-1,3.55247181,2.460672,1
fields/00373__plt01220__tracer2.f32__c0005__dt-f32/chunk_0,500000,29,ndzip,primary,0.0839679986,-1,1.63210365,5.22372,1
fields/00374__plt01220__velz.f32__c0003__dt-f32/chunk_0,500000,29,ndzip,primary,0.0808959976,-1,1.26444602,6.715112,1
fields/00373__plt01220__tracer2.f32__c0013__dt-f32/chunk_0,500000,29,ndzip,primary,0.0696320012,-1,1.636352,5.19604,1
fields/00373__plt01220__tracer2.f32__c0015__dt-f32/chunk_0,500000,35,spratio,primary,0.0931520015,-1,1.77308671,4.824228,1
fields/00374__plt01220__velz.f32__c0001__dt-f32/chunk_0,500000,29,ndzip,primary,0.0727040023,-1,1.2967283,6.54176,1
fields/00374__plt01220__velz.f32__c0011__dt-f32/chunk_0,500000,35,spratio,primary,0.138720006,-1,1.43896852,5.96831801,1
fields/00374__plt01220__velz.f32__c0007__dt-f32/chunk_0,500000,29,ndzip,primary,0.0890880004,-1,1.27377727,6.674704,1
fields/00374__plt01220__velz.f32__c0005__dt-f32/chunk_0,500000,29,ndzip,primary,0.0665600002,-1,1.2621539,6.712824,1
fields/00375__plt01245__density.f32__c0001__dt-f32/chunk_0,500000,35,spratio,primary,0.0673599988,-1,2.18140778,3.912862,1
fields/00374__plt01220__velz.f32__c0009__dt-f32/chunk_0,500000,29,ndzip,primary,0.0829439983,-1,1.30017558,6.534848,1
fields/00375__plt01245__density.f32__c0003__dt-f32/chunk_0,500000,35,spratio,primary,0.225887999,-1,2.08449391,4.250178,1
fields/00375__plt01245__density.f32__c0009__dt-f32/chunk_0,500000,35,spratio,primary,0.0708800033,-1,1.98713337,4.292342,1
fields/00374__plt01220__velz.f32__c0013__dt-f32/chunk_0,500000,29,ndzip,primary,0.0686080009,-1,1.34891451,6.287392,1
fields/00375__plt01245__density.f32__c0005__dt-f32/chunk_0,500000,35,spratio,primary,0.0748160034,-1,2.02705933,4.21313,1
fields/00374__plt01220__velz.f32__c0015__dt-f32/chunk_0,500000,29,ndzip,primary,0.0696320012,-1,1.44320436,5.88212,1
fields/00375__plt01245__density.f32__c0007__dt-f32/chunk_0,500000,35,spratio,primary,0.188224003,-1,1.87835131,4.654166,1
fields/00375__plt01245__density.f32__c0011__dt-f32/chunk_0,500000,35,spratio,primary,0.221184,-1,3.57588355,2.567068,1
fields/00375__plt01245__density.f32__c0013__dt-f32/chunk_0,500000,35,spratio,primary,0.0840959996,-1,3.68697285,2.359298,1
fields/00376__plt01245__tracer0.f32__c0005__dt-f32/chunk_0,500000,35,spratio,primary,0.205568001,-1,1.77573357,4.929592,1
fields/00375__plt01245__density.f32__c0015__dt-f32/chunk_0,500000,29,ndzip,primary,0.0614399984,-1,4.22123548,2.04868,1
fields/00376__plt01245__tracer0.f32__c0001__dt-f32/chunk_0,500000,2,ans shuffle=byte,primary,0.533568025,-1,6.62707772,1.79937602,1
fields/00376__plt01245__tracer0.f32__c0003__dt-f32/chunk_0,500000,2,ans shuffle=byte,primary,0.782751977,-1,6.62707772,2.04855998,1
fields/00376__plt01245__tracer0.f32__c0009__dt-f32/chunk_0,500000,2,ans shuffle=byte,primary,0.157184005,-1,6.62707772,1.422992,1
fields/00376__plt01245__tracer0.f32__c0011__dt-f32/chunk_0,500000,2,ans shuffle=byte,primary,0.825024009,-1,6.62707772,2.09083201,1
fields/00376__plt01245__tracer0.f32__c0007__dt-f32/chunk_0,500000,29,ndzip,primary,0.0757760033,-1,1.639681,5.191776,1
fields/00377__plt01245__tracer1.f32__c0003__dt-f32/chunk_0,500000,35,spratio,primary,0.0786240026,-1,1.76687753,4.826326,1
fields/00376__plt01245__tracer0.f32__c0013__dt-f32/chunk_0,500000,35,spratio,primary,0.302848011,-1,1.78342445,5.00650001,1
fields/00377__plt01245__tracer1.f32__c0005__dt-f32/chunk_0,500000,30,ndzip shuffle=bit,primary,0.0829439983,-1,3.55247181,2.444288,1
fields/00376__plt01245__tracer0.f32__c0015__dt-f32/chunk_0,500000,29,ndzip,primary,0.0808959976,-1,1.62509202,5.242824,1
fields/00377__plt01245__tracer1.f32__c0001__dt-f32/chunk_0,500000,29,ndzip,primary,0.0706560016,-1,1.6246086,5.23412,1
fields/00377__plt01245__tracer1.f32__c0007__dt-f32/chunk_0,500000,30,ndzip shuffle=bit,primary,0.111616001,-1,3.55247181,2.47296,1
fields/00377__plt01245__tracer1.f32__c0009__dt-f32/chunk_0,500000,29,ndzip,primary,0.0737280026,-1,1.62062879,5.249872,1
fields/00378__plt01245__tracer2.f32__c0001__dt-f32/chunk_0,500000,39,spspeed shuffle=bit,primary,0.258816004,-1,3.9762014,2.36852,1
fields/00377__plt01245__tracer1.f32__c0011__dt-f32/chunk_0,500000,29,ndzip,primary,0.074752003,-1,1.62773579,5.228296,1
fields/00377__plt01245__tracer1.f32__c0015__dt-f32/chunk_0,500000,30,ndzip shuffle=bit,primary,0.0819199979,-1,3.55247181,2.443264,1
fields/00377__plt01245__tracer1.f32__c0013__dt-f32/chunk_0,500000,30,ndzip shuffle=bit,primary,0.0829439983,-1,3.55247181,2.444288,1
fields/00378__plt01245__tracer2.f32__c0003__dt-f32/chunk_0,500000,30,ndzip shuffle=bit,primary,0.0911360011,-1,3.55247181,2.45248,1
fields/00378__plt01245__tracer2.f32__c0007__dt-f32/chunk_0,500000,35,spratio,primary,0.0818239972,-1,1.78184477,4.789646,1
fields/00378__plt01245__tracer2.f32__c0009__dt-f32/chunk_0,500000,30,ndzip shuffle=bit,primary,0.0829439983,-1,3.55247181,2.444288,1
fields/00378__plt01245__tracer2.f32__c0005__dt-f32/chunk_0,500000,38,spspeed,primary,0.0688000023,-1,1.64922043,5.155208,1
fields/00378__plt01245__tracer2.f32__c0011__dt-f32/chunk_0,500000,30,ndzip shuffle=bit,primary,0.0993279964,-1,3.55247181,2.460672,1
fields/00378__plt01245__tracer2.f32__c0013__dt-f32/chunk_0,500000,35,spratio,primary,0.0762559995,-1,1.78342445,4.779908,1
fields/00379__plt01245__velz.f32__c0005__dt-f32/chunk_0,500000,29,ndzip,primary,0.0645119995,-1,1.25641914,6.741112,1
fields/00378__plt01245__tracer2.f32__c0015__dt-f32/chunk_0,500000,29,ndzip,primary,0.0737280026,-1,1.62509202,5.235656,1
fields/00379__plt01245__velz.f32__c0003__dt-f32/chunk_0,500000,29,ndzip,primary,0.0686080009,-1,1.26056678,6.72324,1
fields/00379__plt01245__velz.f32__c0001__dt-f32/chunk_0,500000,29,ndzip,primary,0.0727040023,-1,1.29097295,6.5706,1
fields/00379__plt01245__velz.f32__c0007__dt-f32/chunk_0,500000,29,ndzip,primary,0.0921600014,-1,1.26864231,6.704432,1
fields/00379__plt01245__velz.f32__c0011__dt-f32/chunk_0,500000,29,ndzip,primary,0.0686080009,-1,1.33524001,6.35108,1
fields/00379__plt01245__velz.f32__c0013__dt-f32/chunk_0,500000,29,ndzip,primary,0.0675840005,-1,1.34714858,6.29452,1
fields/00379__plt01245__velz.f32__c0009__dt-f32/chunk_0,500000,29,ndzip,primary,0.0757760033,-1,1.29067263,6.575184,1
fields/00380__plt01269__density.f32__c0003__dt-f32/chunk_0,500000,35,spratio,primary,0.253695995,-1,2.01621895,4.41425999,1
fields/00380__plt01269__density.f32__c0007__dt-f32/chunk_0,500000,35,spratio,primary,0.0708160028,-1,1.86367955,4.571916,1
fields/00379__plt01245__velz.f32__c0015__dt-f32/chunk_0,500000,29,ndzip,primary,0.0655359998,-1,1.43492731,5.911552,1
fields/00380__plt01269__density.f32__c0013__dt-f32/chunk_0,500000,35,spratio,primary,0.0680000037,-1,3.67341391,2.3516,1
fields/00380__plt01269__density.f32__c0001__dt-f32/chunk_0,500000,35,spratio,primary,0.228896007,-1,2.0869136,4.24852001,1
fields/00380__plt01269__density.f32__c0011__dt-f32/chunk_0,500000,35,spratio,primary,0.228768006,-1,3.45801911,2.65461001,1
fields/00380__plt01269__density.f32__c0005__dt-f32/chunk_0,500000,35,spratio,primary,0.0872960016,-1,1.94367009,4.403156,1
fields/00380__plt01269__density.f32__c0015__dt-f32/chunk_0,500000,29,ndzip,primary,0.0645119995,-1,3.62658403,2.3776,1
fields/00380__plt01269__density.f32__c0009__dt-f32/chunk_0,500000,35,spratio,primary,0.0818559974,-1,1.85960017,4.59283,1
fields/00381__plt01269__tracer0.f32__c0001__dt-f32/chunk_0,500000,2,ans shuffle=byte,primary,0.74780798,-1,6.62707772,2.01361598,1
fields/00381__plt01269__tracer0.f32__c0003__dt-f32/chunk_0,500000,2,ans shuffle=byte,primary,1.01299202,-1,6.62707772,2.27880002,1
fields/00381__plt01269__tracer0.f32__c0005__dt-f32/chunk_0,500000,35,spratio,primary,0.346751988,-1,1.77573357,5.07077599,1
fields/00381__plt01269__tracer0.f32__c0009__dt-f32/chunk_0,500000,2,ans shuffle=byte,primary,1.01603198,-1,6.62707772,2.28183998,1
fields/00381__plt01269__tracer0.f32__c0007__dt-f32/chunk_0,500000,35,spratio,primary,0.0749759972,-1,1.78184477,4.782798,1
fields/00381__plt01269__tracer0.f32__c0015__dt-f32/chunk_0,500000,29,ndzip,primary,0.0768000036,-1,1.62509202,5.238728,1
fields/00382__plt01269__tracer1.f32__c0005__dt-f32/chunk_0,500000,30,ndzip shuffle=bit,primary,0.0808959976,-1,3.55247181,2.44224,1
fields/00382__plt01269__tracer1.f32__c0003__dt-f32/chunk_0,500000,29,ndzip,primary,0.106495999,-1,1.61879488,5.288504,1
fields/00381__plt01269__tracer0.f32__c0011__dt-f32/chunk_0,500000,30,ndzip shuffle=bit,primary,0.0819199979,-1,3.55247181,2.443264,1
fields/00382__plt01269__tracer1.f32__c0001__dt-f32/chunk_0,500000,35,spratio,primary,0.320896,-1,1.77352831,5.050794,1
fields/00381__plt01269__tracer0.f32__c0013__dt-f32/chunk_0,500000,35,spratio,primary,0.228128001,-1,1.78342445,4.93178,1
fields/00382__plt01269__tracer1.f32__c0007__dt-f32/chunk_0,500000,30,ndzip shuffle=bit,primary,0.134143993,-1,3.55247181,2.49548799,1
fields/00382__plt01269__tracer1.f32__c0015__dt-f32/chunk_0,500000,2,ans shuffle=byte,primary,0.410688013,-1,6.62707772,1.67649601,1
fields/00382__plt01269__tracer1.f32__c0011__dt-f32/chunk_0,500000,35,spratio,primary,0.0862080008,-1,1.77053817,4.824094,1
fields/00382__plt01269__tracer1.f32__c0009__dt-f32/chunk_0,500000,29,ndzip,primary,0.112640001,-1,1.62062879,5.288784,1
fields/00382__plt01269__tracer1.f32__c0013__dt-f32/chunk_0,500000,30,ndzip shuffle=bit,primary,0.0808959976,-1,3.55247181,2.44224,1
fields/00383__plt01269__tracer2.f32__c0003__dt-f32/chunk_0,500000,30,ndzip shuffle=bit,primary,0.0829439983,-1,3.55247181,2.444288,1
fields/00383__plt01269__tracer2.f32__c0007__dt-f32/chunk_0,500000,35,spratio,primary,0.0992320031,-1,1.78184477,4.807054,1
fields/00383__plt01269__tracer2.f32__c0005__dt-f32/chunk_0,500000,35,spratio,primary,0.189183995,-1,1.77573357,4.913208,1
fields/00383__plt01269__tracer2.f32__c0001__dt-f32/chunk_0,500000,30,ndzip shuffle=bit,primary,0.0911360011,-1,3.55247181,2.45248,1
fields/00383__plt01269__tracer2.f32__c0011__dt-f32/chunk_0,500000,30,ndzip shuffle=bit,primary,0.106495999,-1,3.55247181,2.46784,1
fields/00383__plt01269__tracer2.f32__c0009__dt-f32/chunk_0,500000,30,ndzip shuffle=bit,primary,0.0839679986,-1,3.55247181,2.445312,1
fields/00383__plt01269__tracer2.f32__c0015__dt-f32/chunk_0,500000,29,ndzip,primary,0.0727040023,-1,1.62509202,5.234632,1
fields/00383__plt01269__tracer2.f32__c0013__dt-f32/chunk_0,500000,35,spratio,primary,0.0975039974,-1,1.78342445,4.801156,1
fields/00384__plt01269__velz.f32__c0003__dt-f32/chunk_0,500000,29,ndzip,primary,0.0778239965,-1,1.25618282,6.75568,1
fields/00384__plt01269__velz.f32__c0001__dt-f32/chunk_0,500000,29,ndzip,primary,0.0839679986,-1,1.28779088,6.59792,1
fields/00384__plt01269__velz.f32__c0009__dt-f32/chunk_0,500000,29,ndzip,primary,0.102399997,-1,1.27830225,6.664704,1
fields/00384__plt01269__velz.f32__c0007__dt-f32/chunk_0,500000,29,ndzip,primary,0.0921600014,-1,1.26628755,6.716728,1
fields/00384__plt01269__velz.f32__c0011__dt-f32/chunk_0,500000,35,spratio,primary,0.229696006,-1,1.43126518,6.09067001,1
fields/00384__plt01269__velz.f32__c0005__dt-f32/chunk_0,500000,29,ndzip,primary,0.100351997,-1,1.25150056,6.803192,1
fields/00385__plt01297__density.f32__c0003__dt-f32/chunk_0,500000,35,spratio,primary,0.397376001,-1,1.9437953,4.712958,1
fields/00384__plt01269__velz.f32__c0015__dt-f32/chunk_0,500000,29,ndzip,primary,0.074752003,-1,1.42362407,5.967184,1
fields/00385__plt01297__density.f32__c0007__dt-f32/chunk_0,500000,35,spratio,primary,0.173344001,-1,1.85580379,4.693546,1
fields/00384__plt01269__velz.f32__c0013__dt-f32/chunk_0,500000,29,ndzip,primary,0.0706560016,-1,1.34520259,6.3066,1
fields/00385__plt01297__density.f32__c0009__dt-f32/chunk_0,500000,35,spratio,primary,0.178176001,-1,1.75890122,4.947408,1
fields/00385__plt01297__density.f32__c0011__dt-f32/chunk_0,500000,35,spratio,primary,0.0997119993,-1,3.30772203,2.63578,1
fields/00385__plt01297__density.f32__c0001__dt-f32/chunk_0,500000,35,spratio,primary,0.219999999,-1,1.9871908,4.44134,1
fields/00385__plt01297__density.f32__c0015__dt-f32/chunk_0,500000,35,spratio,primary,0.300191998,-1,3.99850139,2.39813,1
fields/00385__plt01297__density.f32__c0005__dt-f32/chunk_0,500000,35,spratio,primary,0.210495993,-1,1.88243151,4.66675799,1
fields/00385__plt01297__density.f32__c0013__dt-f32/chunk_0,500000,35,spratio,primary,0.309632003,-1,3.67800094,2.590384,1
fields/00386__plt01297__tracer0.f32__c0007__dt-f32/chunk_0,500000,35,spratio,primary,0.313535988,-1,1.78184477,5.02135799,1
fields/00386__plt01297__tracer0.f32__c0005__dt-f32/chunk_0,500000,29,ndzip,primary,0.074752003,-1,1.63210365,5.214504,1
fields/00386__plt01297__tracer0.f32__c0001__dt-f32/chunk_0,500000,2,ans shuffle=byte,primary,0.174272001,-1,6.62707772,1.44008,1
fields/00386__plt01297__tracer0.f32__c0003__dt-f32/chunk_0,500000,30,ndzip shuffle=bit,primary,0.0829439983,-1,3.55247181,2.444288,1
fields/00386__plt01297__tracer0.f32__c0011__dt-f32/chunk_0,500000,30,ndzip shuffle=bit,primary,0.105471998,-1,3.55247181,2.466816,1
fields/00386__plt01297__tracer0.f32__c0009__dt-f32/chunk_0,500000,30,ndzip shuffle=bit,primary,0.105471998,-1,3.55247181,2.466816,1
fields/00387__plt01297__tracer1.f32__c0001__dt-f32/chunk_0,500000,35,spratio,primary,0.379711986,-1,1.77352831,5.10960999,1
fields/00386__plt01297__tracer0.f32__c0013__dt-f32/chunk_0,500000,35,spratio,primary,0.076063998,-1,1.78342445,4.779716,1
fields/00386__plt01297__tracer0.f32__c0015__dt-f32/chunk_0,500000,35,spratio,primary,0.124640003,-1,1.77308671,4.855716,1
fields/00387__plt01297__tracer1.f32__c0003__dt-f32/chunk_0,500000,35,spratio,primary,0.345791996,-1,1.76687753,5.093494,1
fields/00387__plt01297__tracer1.f32__c0005__dt-f32/chunk_0,500000,30,ndzip shuffle=bit,primary,0.141312003,-1,3.55247181,2.502656,1
fields/00387__plt01297__tracer1.f32__c0007__dt-f32/chunk_0,500000,2,ans shuffle=byte,primary,0.477728009,-1,6.62707772,1.74353601,1
fields/00387__plt01297__tracer1.f32__c0011__dt-f32/chunk_0,500000,35,spratio,primary,0.23184,-1,1.77053817,4.969726,1
fields/00387__plt01297__tracer1.f32__c0009__dt-f32/chunk_0,500000,29,ndzip,primary,0.0757760033,-1,1.62062879,5.25192,1
fields/00388__plt01297__tracer2.f32__c0001__dt-f32/chunk_0,500000,30,ndzip shuffle=bit,primary,0.0819199979,-1,3.55247181,2.443264,1
fields/00387__plt01297__tracer1.f32__c0013__dt-f32/chunk_0,500000,30,ndzip shuffle=bit,primary,0.0798719972,-1,3.55247181,2.441216,1
fields/00387__plt01297__tracer1.f32__c0015__dt-f32/chunk_0,500000,30,ndzip shuffle=bit,primary,0.100351997,-1,3.55247181,2.461696,1
fields/00388__plt01297__tracer2.f32__c0005__dt-f32/chunk_0,500000,29,ndzip,primary,0.0829439983,-1,1.63210365,5.222696,1
fields/00388__plt01297__tracer2.f32__c0007__dt-f32/chunk_0,500000,29,ndzip,primary,0.074752003,-1,1.639681,5.190752,1
fields/00388__plt01297__tracer2.f32__c0003__dt-f32/chunk_0,500000,30,ndzip shuffle=bit,primary,0.140287995,-1,3.55247181,2.501632,1
fields/00389__plt01297__velz.f32__c0001__dt-f32/chunk_0,500000,29,ndzip,primary,0.0798719972,-1,1.28707483,6.597448,1
fields/00389__plt01297__velz.f32__c0003__dt-f32/chunk_0,500000,29,ndzip,primary,0.0675840005,-1,1.25529256,6.750176,1
fields/00388__plt01297__tracer2.f32__c0009__dt-f32/chunk_0,500000,30,ndzip shuffle=bit,primary,0.0788479969,-1,3.55247181,2.440192,1
fields/00388__plt01297__tracer2.f32__c0015__dt-f32/chunk_0,500000,29,ndzip,primary,0.0655359998,-1,1.62509202,5.227464,1
fields/00389__plt01297__velz.f32__c0005__dt-f32/chunk_0,500000,29,ndzip,primary,0.0665600002,-1,1.25066017,6.773904,1
fields/00388__plt01297__tracer2.f32__c0011__dt-f32/chunk_0,500000,2,ans shuffle=byte,primary,0.533343971,-1,6.62707772,1.79915197,1
fields/00389__plt01297__velz.f32__c0007__dt-f32/chunk_0,500000,35,spratio,primary,0.0841920003,-1,1.34614809,6.315756,1
fields/00388__plt01297__tracer2.f32__c0013__dt-f32/chunk_0,500000,29,ndzip,primary,0.0727040023,-1,1.636352,5.199112,1
fields/00389__plt01297__velz.f32__c0013__dt-f32/chunk_0,500000,29,ndzip,primary,0.0645119995,-1,1.34217213,6.314536,1
fields/00389__plt01297__velz.f32__c0009__dt-f32/chunk_0,500000,29,ndzip,primary,0.0870399997,-1,1.26834614,6.700856,1
fields/00389__plt01297__velz.f32__c0011__dt-f32/chunk_0,500000,35,spratio,primary,0.0741119981,-1,1.42181339,5.974048,1
fields/00389__plt01297__velz.f32__c0015__dt-f32/chunk_0,500000,29,ndzip,primary,0.0675840005,-1,1.41044555,6.015072,1
fields/00390__plt01328__density.f32__c0001__dt-f32/chunk_0,500000,35,spratio,primary,0.0887999982,-1,1.88860386,4.530498,1
fields/00390__plt01328__density.f32__c0003__dt-f32/chunk_0,500000,35,spratio,primary,0.0927359983,-1,1.87354028,4.570146,1
fields/00390__plt01328__density.f32__c0011__dt-f32/chunk_0,500000,35,spratio,primary,0.0670080036,-1,3.1298347,2.747216,1
fields/00390__plt01328__density.f32__c0007__dt-f32/chunk_0,500000,35,spratio,primary,0.129920006,-1,1.83939081,4.69045601,1
fields/00391__plt01328__tracer0.f32__c0001__dt-f32/chunk_0,500000,30,ndzip shuffle=bit,primary,0.0819199979,-1,3.55247181,2.443264,1
fields/00390__plt01328__density.f32__c0009__dt-f32/chunk_0,500000,35,spratio,primary,0.0702399984,-1,1.68756551,5.041074,1
fields/00391__plt01328__tracer0.f32__c0005__dt-f32/chunk_0,500000,29,ndzip,primary,0.0706560016,-1,1.63210365,5.210408,1
fields/00390__plt01328__density.f32__c0005__dt-f32/chunk_0,500000,35,spratio,primary,0.119007997,-1,1.82581173,4.713462,1
fields/00390__plt01328__density.f32__c0013__dt-f32/chunk_0,500000,35,spratio,primary,0.0779519975,-1,3.69354759,2.349104,1
fields/00390__plt01328__density.f32__c0015__dt-f32/chunk_0,500000,35,spratio,primary,0.0666560009,-1,3.56661233,2.418638,1
fields/00391__plt01328__tracer0.f32__c0009__dt-f32/chunk_0,500000,30,ndzip shuffle=bit,primary,0.0788479969,-1,3.55247181,2.440192,1
fields/00391__plt01328__tracer0.f32__c0007__dt-f32/chunk_0,500000,29,ndzip,primary,0.0727040023,-1,1.639681,5.188704,1
fields/00391__plt01328__tracer0.f32__c0011__dt-f32/chunk_0,500000,30,ndzip shuffle=bit,primary,0.118784003,-1,3.55247181,2.480128,1
fields/00391__plt01328__tracer0.f32__c0003__dt-f32/chunk_0,500000,30,ndzip shuffle=bit,primary,0.0788479969,-1,3.55247181,2.440192,1
fields/00391__plt01328__tracer0.f32__c0013__dt-f32/chunk_0,500000,35,spratio,primary,0.0900480002,-1,1.78342445,4.7937,1
fields/00392__plt01328__tracer1.f32__c0005__dt-f32/chunk_0,500000,30,ndzip shuffle=bit,primary,0.114688002,-1,3.55247181,2.476032,1
fields/00392__plt01328__tracer1.f32__c0003__dt-f32/chunk_0,500000,29,ndzip,primary,0.0839679986,-1,1.61879488,5.265976,1
fields/00392__plt01328__tracer1.f32__c0007__dt-f32/chunk_0,500000,30,ndzip shuffle=bit,primary,0.186368003,-1,3.55247181,2.547712,1
fields/00391__plt01328__tracer0.f32__c0015__dt-f32/chunk_0,500000,29,ndzip,primary,0.0808959976,-1,1.62509202,5.242824,1
fields/00392__plt01328__tracer1.f32__c0015__dt-f32/chunk_0,500000,30,ndzip shuffle=bit,primary,0.0788479969,-1,3.55247181,2.440192,1
fields/00392__plt01328__tracer1.f32__c0013__dt-f32/chunk_0,500000,2,ans shuffle=byte,primary,0.464511991,-1,6.62707772,1.73031999,1
fields/00392__plt01328__tracer1.f32__c0001__dt-f32/chunk_0,500000,29,ndzip,primary,0.0737280026,-1,1.6246086,5.237192,1
fields/00392__plt01328__tracer1.f32__c0009__dt-f32/chunk_0,500000,29,ndzip,primary,0.0706560016,-1,1.62062879,5.2468,1
fields/00392__plt01328__tracer1.f32__c0011__dt-f32/chunk_0,500000,29,ndzip,primary,0.0634879991,-1,1.62773579,5.217032,1
fields/00393__plt01328__tracer2.f32__c0001__dt-f32/chunk_0,500000,30,ndzip shuffle=bit,primary,0.0952320024,-1,3.55247181,2.456576,1
fields/00393__plt01328__tracer2.f32__c0003__dt-f32/chunk_0,500000,2,ans shuffle=byte,primary,0.191776007,-1,6.62707772,1.45758401,1
fields/00393__plt01328__tracer2.f32__c0007__dt-f32/chunk_0,500000,38,spspeed,primary,0.0983999968,-1,1.65820257,5.157256,1
fields/00393__plt01328__tracer2.f32__c0009__dt-f32/chunk_0,500000,30,ndzip shuffle=bit,primary,0.107519999,-1,3.55247181,2.468864,1
fields/00393__plt01328__tracer2.f32__c0005__dt-f32/chunk_0,500000,35,spratio,primary,0.0648320019,-1,1.77573357,4.788856,1
fields/00393__plt01328__tracer2.f32__c0011__dt-f32/chunk_0,500000,30,ndzip shuffle=bit,primary,0.0819199979,-1,3.55247181,2.443264,1
fields/00393__plt01328__tracer2.f32__c0013__dt-f32/chunk_0,500000,29,ndzip,primary,0.0839679986,-1,1.636352,5.210376,1
fields/00394__plt01328__velz.f32__c0001__dt-f32/chunk_0,500000,29,ndzip,primary,0.0870399997,-1,1.28218341,6.62948,1
fields/00393__plt01328__tracer2.f32__c0015__dt-f32/chunk_0,500000,29,ndzip,primary,0.101375997,-1,1.62509202,5.263304,1
fields/00394__plt01328__velz.f32__c0003__dt-f32/chunk_0,500000,29,ndzip,primary,0.0727040023,-1,1.26091997,6.725472,1
fields/00394__plt01328__velz.f32__c0005__dt-f32/chunk_0,500000,29,ndzip,primary,0.0645119995,-1,1.24874926,6.78212,1
fields/00394__plt01328__velz.f32__c0015__dt-f32/chunk_0,500000,29,ndzip,primary,0.0778239965,-1,1.39509351,6.09076,1
fields/00394__plt01328__velz.f32__c0011__dt-f32/chunk_0,500000,29,ndzip,primary,0.0798719972,-1,1.32085093,6.430784,1
fields/00394__plt01328__velz.f32__c0013__dt-f32/chunk_0,500000,35,spratio,primary,0.0821439996,-1,1.44665842,5.880754,1
fields/00394__plt01328__velz.f32__c0007__dt-f32/chunk_0,500000,29,ndzip,primary,0.0696320012,-1,1.26405275,6.705912,1
fields/00394__plt01328__velz.f32__c0009__dt-f32/chunk_0,500000,29,ndzip,primary,0.0737280026,-1,1.26405428,6.71,1
