blob,tier_bw,setting,spec,role,comp_ms,decomp_ms,ratio,cost,adopted
fields/00000__plt00000__fab0000_comp00_density.f32__c0000__dt-f32/chunk_0,1000000,2,ans shuffle=byte,primary,5.16403198,-1,6.21627021,5.83876198,1
fields/00001__plt00000__fab0000_comp01_rho_E.f32__c0000__dt-f32/chunk_0,1000000,39,spspeed shuffle=bit,primary,3.31110406,-1,461.318082,3.32019606,1
fields/00002__plt00000__fab0000_comp02_logden.f32__c0008__dt-f32/chunk_0,1000000,2,ans shuffle=byte,primary,4.52095985,-1,3.42052624,5.74717585,1
fields/00001__plt00000__fab0000_comp01_rho_E.f32__c0008__dt-f32/chunk_0,1000000,35,spratio,primary,2.77097607,-1,271.265296,2.78643807,1
fields/00004__plt00001__fab0000_comp01_rho_E.f32__c0000__dt-f32/chunk_0,1000000,39,spspeed shuffle=bit,primary,3.13385606,-1,461.318082,3.14294806,1
fields/00000__plt00000__fab0000_comp00_density.f32__c0008__dt-f32/chunk_0,1000000,2,ans shuffle=byte,primary,8.59606361,-1,6.21529379,9.27089961,1
fields/00003__plt00001__fab0000_comp00_density.f32__c0000__dt-f32/chunk_0,1000000,2,ans shuffle=byte,primary,4.53529596,-1,6.21627021,5.21002596,1
fields/00002__plt00000__fab0000_comp02_logden.f32__c0000__dt-f32/chunk_0,1000000,2,ans shuffle=byte,primary,5.81638384,-1,3.4216759,7.04218784,1
fields/00003__plt00001__fab0000_comp00_density.f32__c0008__dt-f32/chunk_0,1000000,2,ans shuffle=byte,primary,7.99740791,-1,6.09399827,8.68567591,1
fields/00004__plt00001__fab0000_comp01_rho_E.f32__c0008__dt-f32/chunk_0,1000000,35,spratio,primary,2.80569601,-1,216.815921,2.82504101,1
fields/00007__plt00002__fab0000_comp01_rho_E.f32__c0008__dt-f32/chunk_0,1000000,35,spratio,primary,3.32022405,-1,207.679937,3.34042005,1
fields/00005__plt00001__fab0000_comp02_logden.f32__c0000__dt-f32/chunk_0,1000000,2,ans shuffle=byte,primary,2.57990408,-1,3.4216759,3.80570808,1
fields/00007__plt00002__fab0000_comp01_rho_E.f32__c0000__dt-f32/chunk_0,1000000,39,spspeed shuffle=bit,primary,0.139231995,-1,461.318082,0.148323995,1
fields/00005__plt00001__fab0000_comp02_logden.f32__c0008__dt-f32/chunk_0,1000000,2,ans shuffle=byte,primary,0.864895999,-1,3.39070655,2.101896,1
fields/00008__plt00002__fab0000_comp02_logden.f32__c0000__dt-f32/chunk_0,1000000,2,ans shuffle=byte,primary,7.53430414,-1,3.4216759,8.76010814,1
fields/00006__plt00002__fab0000_comp00_density.f32__c0008__dt-f32/chunk_0,1000000,2,ans shuffle=byte,primary,1.07020795,-1,6.06256974,1.76204395,1
fields/00006__plt00002__fab0000_comp00_density.f32__c0000__dt-f32/chunk_0,1000000,2,ans shuffle=byte,primary,2.9461441,-1,6.21627021,3.6208741,1
fields/00008__plt00002__fab0000_comp02_logden.f32__c0008__dt-f32/chunk_0,1000000,2,ans shuffle=byte,primary,12.1035843,-1,3.38372573,13.3431363,1
fields/00009__plt00003__fab0000_comp00_density.f32__c0000__dt-f32/chunk_0,1000000,2,ans shuffle=byte,primary,7.76150417,-1,6.21627021,8.43623417,1
fields/00009__plt00003__fab0000_comp00_density.f32__c0008__dt-f32/chunk_0,1000000,2,ans shuffle=byte,primary,12.2880001,-1,6.05668671,12.9805081,1
fields/00010__plt00003__fab0000_comp01_rho_E.f32__c0000__dt-f32/chunk_0,1000000,39,spspeed shuffle=bit,primary,1.29465604,-1,461.318082,1.30374804,1
fields/00012__plt00004__fab0000_comp00_density.f32__c0008__dt-f32/chunk_0,1000000,2,ans shuffle=byte,primary,14.3664961,-1,6.02335641,15.0628361,1
fields/00010__plt00003__fab0000_comp01_rho_E.f32__c0008__dt-f32/chunk_0,1000000,35,spratio,primary,1.19350398,-1,196.197212,1.21488198,1
fields/00012__plt00004__fab0000_comp00_density.f32__c0000__dt-f32/chunk_0,1000000,2,ans shuffle=byte,primary,2.02809596,-1,6.21627021,2.70282596,1
fields/00013__plt00004__fab0000_comp01_rho_E.f32__c0000__dt-f32/chunk_0,1000000,39,spspeed shuffle=bit,primary,4.68364811,-1,461.318082,4.69274011,1
fields/00011__plt00003__fab0000_comp02_logden.f32__c0008__dt-f32/chunk_0,1000000,2,ans shuffle=byte,primary,12.3250875,-1,3.37360127,13.5683595,1
fields/00011__plt00003__fab0000_comp02_logden.f32__c0000__dt-f32/chunk_0,1000000,2,ans shuffle=byte,primary,15.7788477,-1,3.4216759,17.0046517,1
fields/00014__plt00004__fab0000_comp02_logden.f32__c0008__dt-f32/chunk_0,1000000,2,ans shuffle=byte,primary,2.05273604,-1,3.36006665,3.30101604,1
fields/00014__plt00004__fab0000_comp02_logden.f32__c0000__dt-f32/chunk_0,1000000,2,ans shuffle=byte,primary,3.16582394,-1,3.4216759,4.39162794,1
fields/00013__plt00004__fab0000_comp01_rho_E.f32__c0008__dt-f32/chunk_0,1000000,35,spratio,primary,1.39606404,-1,182.036544,1.41910504,1
fields/00015__plt00005__fab0000_comp00_density.f32__c0000__dt-f32/chunk_0,1000000,2,ans shuffle=byte,primary,13.3888636,-1,6.21627021,14.0635936,1
fields/00017__plt00005__fab0000_comp02_logden.f32__c0000__dt-f32/chunk_0,1000000,2,ans shuffle=byte,primary,9.26534367,-1,3.4216759,10.4911477,1
fields/00016__plt00005__fab0000_comp01_rho_E.f32__c0000__dt-f32/chunk_0,1000000,39,spspeed shuffle=bit,primary,0.774399996,-1,461.318082,0.783491996,1
fields/00015__plt00005__fab0000_comp00_density.f32__c0008__dt-f32/chunk_0,1000000,2,ans shuffle=byte,primary,12.5134716,-1,5.97455372,13.2154996,1
fields/00018__plt00006__fab0000_comp00_density.f32__c0008__dt-f32/chunk_0,1000000,2,ans shuffle=byte,primary,9.26480007,-1,5.8595705,9.98060407,1
fields/00016__plt00005__fab0000_comp01_rho_E.f32__c0008__dt-f32/chunk_0,1000000,37,spratio shuffle=byte,primary,0.112063996,-1,106.476036,0.151455996,1
fields/00019__plt00006__fab0000_comp01_rho_E.f32__c0000__dt-f32/chunk_0,1000000,35,spratio,primary,0.36175999,-1,321.156508,0.37481999,1
fields/00017__plt00005__fab0000_comp02_logden.f32__c0008__dt-f32/chunk_0,1000000,2,ans shuffle=byte,primary,2.362432,-1,3.33584445,3.619776,1
fields/00018__plt00006__fab0000_comp00_density.f32__c0000__dt-f32/chunk_0,1000000,2,ans shuffle=byte,primary,3.4887681,-1,6.21627021,4.1634981,1
fields/00019__plt00006__fab0000_comp01_rho_E.f32__c0008__dt-f32/chunk_0,1000000,35,spratio,primary,5.39043188,-1,130.98195,5.42245388,1
fields/00020__plt00006__fab0000_comp02_logden.f32__c0000__dt-f32/chunk_0,1000000,2,ans shuffle=byte,primary,4.93478394,-1,3.4216759,6.16058794,1
fields/00022__plt00007__fab0000_comp01_rho_E.f32__c0000__dt-f32/chunk_0,1000000,35,spratio,primary,2.78588796,-1,321.156508,2.79894796,1
fields/00022__plt00007__fab0000_comp01_rho_E.f32__c0008__dt-f32/chunk_0,1000000,35,spratio,primary,2.68457603,-1,94.9066389,2.72877003,1
fields/00020__plt00006__fab0000_comp02_logden.f32__c0008__dt-f32/chunk_0,1000000,2,ans shuffle=byte,primary,4.33292818,-1,3.29150893,5.60720818,1
fields/00023__plt00007__fab0000_comp02_logden.f32__c0000__dt-f32/chunk_0,1000000,2,ans shuffle=byte,primary,9.31350422,-1,3.4216759,10.5393082,1
fields/00021__plt00007__fab0000_comp00_density.f32__c0000__dt-f32/chunk_0,1000000,2,ans shuffle=byte,primary,5.954144,-1,6.21627021,6.628874,1
fields/00021__plt00007__fab0000_comp00_density.f32__c0008__dt-f32/chunk_0,1000000,2,ans shuffle=byte,primary,7.92499208,-1,5.60361256,8.67349208,1
fields/00023__plt00007__fab0000_comp02_logden.f32__c0008__dt-f32/chunk_0,1000000,2,ans shuffle=byte,primary,9.31753635,-1,3.22069944,10.6198324,1
fields/00024__plt00008__fab0000_comp00_density.f32__c0000__dt-f32/chunk_0,1000000,2,ans shuffle=byte,primary,7.36809587,-1,6.21627021,8.04282587,1
fields/00024__plt00008__fab0000_comp00_density.f32__c0008__dt-f32/chunk_0,1000000,2,ans shuffle=byte,primary,5.55801582,-1,5.35597133,6.34112382,1
fields/00026__plt00008__fab0000_comp02_logden.f32__c0000__dt-f32/chunk_0,1000000,2,ans shuffle=byte,primary,5.33888006,-1,3.4216759,6.56468406,1
fields/00025__plt00008__fab0000_comp01_rho_E.f32__c0008__dt-f32/chunk_0,1000000,35,spratio,primary,4.61199999,-1,70.8832556,4.67117199,1
fields/00025__plt00008__fab0000_comp01_rho_E.f32__c0000__dt-f32/chunk_0,1000000,36,spratio shuffle=bit,primary,5.66368008,-1,2641.24937,5.66526808,1
fields/00026__plt00008__fab0000_comp02_logden.f32__c0008__dt-f32/chunk_0,1000000,2,ans shuffle=byte,primary,4.31321621,-1,3.14085967,5.64861621,1
fields/00028__plt00009__fab0000_comp01_rho_E.f32__c0000__dt-f32/chunk_0,1000000,35,spratio,primary,5.29507208,-1,321.156508,5.30813208,1
fields/00027__plt00009__fab0000_comp00_density.f32__c0008__dt-f32/chunk_0,1000000,2,ans shuffle=byte,primary,6.59520006,-1,5.1493422,7.40973206,1
fields/00028__plt00009__fab0000_comp01_rho_E.f32__c0008__dt-f32/chunk_0,1000000,35,spratio,primary,0.792255998,-1,57.0319949,0.865798998,1
fields/00027__plt00009__fab0000_comp00_density.f32__c0000__dt-f32/chunk_0,1000000,2,ans shuffle=byte,primary,5.86499214,-1,6.21627021,6.53972214,1
fields/00029__plt00009__fab0000_comp02_logden.f32__c0000__dt-f32/chunk_0,1000000,2,ans shuffle=byte,primary,1.05875194,-1,3.4216759,2.28455594,1
fields/00030__plt00010__fab0000_comp00_density.f32__c0000__dt-f32/chunk_0,1000000,2,ans shuffle=byte,primary,7.76051188,-1,6.21627021,8.43524188,1
fields/00031__plt00010__fab0000_comp01_rho_E.f32__c0000__dt-f32/chunk_0,1000000,39,spspeed shuffle=bit,primary,3.63484812,-1,461.318082,3.64394012,1
fields/00029__plt00009__fab0000_comp02_logden.f32__c0008__dt-f32/chunk_0,1000000,2,ans shuffle=byte,primary,6.73600006,-1,3.07400681,8.10044206,1
fields/00030__plt00010__fab0000_comp00_density.f32__c0008__dt-f32/chunk_0,1000000,2,ans shuffle=byte,primary,10.5347204,-1,5.00795675,11.3722484,1
fields/00031__plt00010__fab0000_comp01_rho_E.f32__c0008__dt-f32/chunk_0,1000000,35,spratio,primary,0.458016008,-1,47.6468437,0.546045008,1
fields/00032__plt00010__fab0000_comp02_logden.f32__c0008__dt-f32/chunk_0,1000000,2,ans shuffle=byte,primary,4.41094398,-1,3.0161439,5.80156198,1
fields/00034__plt00011__fab0000_comp01_rho_E.f32__c0008__dt-f32/chunk_0,1000000,35,spratio,primary,0.300608009,-1,41.1609814,0.402508009,1
fields/00033__plt00011__fab0000_comp00_density.f32__c0000__dt-f32/chunk_0,1000000,2,ans shuffle=byte,primary,15.2835197,-1,6.21627021,15.9582497,1
fields/00032__plt00010__fab0000_comp02_logden.f32__c0000__dt-f32/chunk_0,1000000,2,ans shuffle=byte,primary,15.2952957,-1,3.4216759,16.5210997,1
fields/00033__plt00011__fab0000_comp00_density.f32__c0008__dt-f32/chunk_0,1000000,2,ans shuffle=byte,primary,4.24678421,-1,4.87481898,5.10718621,1
fields/00034__plt00011__fab0000_comp01_rho_E.f32__c0000__dt-f32/chunk_0,1000000,39,spspeed shuffle=bit,primary,3.50848007,-1,461.318082,3.51757207,1
fields/00037__plt00012__fab0000_comp01_rho_E.f32__c0008__dt-f32/chunk_0,1000000,35,spratio,primary,3.04067206,-1,36.5297033,3.15549106,1
fields/00035__plt00011__fab0000_comp02_logden.f32__c0008__dt-f32/chunk_0,1000000,2,ans shuffle=byte,primary,14.2315836,-1,2.97244487,15.6426456,1
fields/00035__plt00011__fab0000_comp02_logden.f32__c0000__dt-f32/chunk_0,1000000,2,ans shuffle=byte,primary,14.171936,-1,3.4216759,15.39774,1
fields/00036__plt00012__fab0000_comp00_density.f32__c0000__dt-f32/chunk_0,1000000,26,lz4 bitshuffle=msb type=int,primary,9.04358387,-1,5.90580681,9.75378387,1
fields/00036__plt00012__fab0000_comp00_density.f32__c0008__dt-f32/chunk_0,1000000,2,ans shuffle=byte,primary,13.7685118,-1,4.79674659,14.6429178,1
fields/00037__plt00012__fab0000_comp01_rho_E.f32__c0000__dt-f32/chunk_0,1000000,39,spspeed shuffle=bit,primary,7.3747201,-1,461.318082,7.3838121,1
fields/00038__plt00012__fab0000_comp02_logden.f32__c0000__dt-f32/chunk_0,1000000,2,ans shuffle=byte,primary,3.09615993,-1,3.4216759,4.32196393,1
fields/00038__plt00012__fab0000_comp02_logden.f32__c0008__dt-f32/chunk_0,1000000,2,ans shuffle=byte,primary,1.77190399,-1,2.93948904,3.19878599,1
fields/00040__plt00013__fab0000_comp01_rho_E.f32__c0008__dt-f32/chunk_0,1000000,35,spratio,primary,0.703872025,-1,32.9218066,0.831274025,1
fields/00039__plt00013__fab0000_comp00_density.f32__c0000__dt-f32/chunk_0,1000000,2,ans shuffle=byte,primary,6.3255682,-1,6.21627021,7.0002982,1
fields/00039__plt00013__fab0000_comp00_density.f32__c0008__dt-f32/chunk_0,1000000,2,ans shuffle=byte,primary,4.08406401,-1,4.72460288,4.97182201,1
fields/00041__plt00013__fab0000_comp02_logden.f32__c0000__dt-f32/chunk_0,1000000,2,ans shuffle=byte,primary,13.4921284,-1,3.4216759,14.7179324,1
fields/00040__plt00013__fab0000_comp01_rho_E.f32__c0000__dt-f32/chunk_0,1000000,39,spspeed shuffle=bit,primary,4.7216959,-1,461.318082,4.7307879,1
fields/00042__plt00014__fab0000_comp00_density.f32__c0000__dt-f32/chunk_0,1000000,2,ans shuffle=byte,primary,12.9104319,-1,6.21627021,13.5851619,1
fields/00041__plt00013__fab0000_comp02_logden.f32__c0008__dt-f32/chunk_0,1000000,2,ans shuffle=byte,primary,7.33279991,-1,2.91060497,8.77384191,1
fields/00042__plt00014__fab0000_comp00_density.f32__c0008__dt-f32/chunk_0,1000000,2,ans shuffle=byte,primary,4.1361599,-1,4.6738504,5.0335579,1
fields/00043__plt00014__fab0000_comp01_rho_E.f32__c0000__dt-f32/chunk_0,1000000,39,spspeed shuffle=bit,primary,3.62291193,-1,461.318082,3.63200393,1
fields/00043__plt00014__fab0000_comp01_rho_E.f32__c0008__dt-f32/chunk_0,1000000,35,spratio,primary,1.61929595,-1,29.9794433,1.75920195,1
fields/00046__plt00015__fab0000_comp01_rho_E.f32__c0000__dt-f32/chunk_0,1000000,39,spspeed shuffle=bit,primary,0.322111994,-1,461.318082,0.331203994,1
fields/00047__plt00015__fab0000_comp02_logden.f32__c0008__dt-f32/chunk_0,1000000,2,ans shuffle=byte,primary,0.498335987,-1,2.86643021,1.96158599,1
fields/00044__plt00014__fab0000_comp02_logden.f32__c0000__dt-f32/chunk_0,1000000,2,ans shuffle=byte,primary,7.02947187,-1,3.4216759,8.25527587,1
fields/00046__plt00015__fab0000_comp01_rho_E.f32__c0008__dt-f32/chunk_0,1000000,35,spratio,primary,0.640352011,-1,27.5737877,0.792464011,1
fields/00044__plt00014__fab0000_comp02_logden.f32__c0008__dt-f32/chunk_0,1000000,2,ans shuffle=byte,primary,12.5525436,-1,2.88714782,14.0052936,1
fields/00045__plt00015__fab0000_comp00_density.f32__c0000__dt-f32/chunk_0,1000000,2,ans shuffle=byte,primary,12.571104,-1,6.21627021,13.245834,1
fields/00047__plt00015__fab0000_comp02_logden.f32__c0000__dt-f32/chunk_0,1000000,2,ans shuffle=byte,primary,1.55097604,-1,3.4216759,2.77678004,1
fields/00045__plt00015__fab0000_comp00_density.f32__c0008__dt-f32/chunk_0,1000000,2,ans shuffle=byte,primary,6.63875198,-1,4.6234427,7.54593398,1
fields/00048__plt00016__fab0000_comp00_density.f32__c0008__dt-f32/chunk_0,1000000,2,ans shuffle=byte,primary,5.67353582,-1,4.57387128,6.59054982,1
fields/00049__plt00016__fab0000_comp01_rho_E.f32__c0000__dt-f32/chunk_0,1000000,39,spspeed shuffle=bit,primary,5.2259202,-1,461.318082,5.2350122,1
fields/00048__plt00016__fab0000_comp00_density.f32__c0000__dt-f32/chunk_0,1000000,2,ans shuffle=byte,primary,6.33993578,-1,6.21627021,7.01466578,1
fields/00049__plt00016__fab0000_comp01_rho_E.f32__c0008__dt-f32/chunk_0,1000000,35,spratio,primary,5.51315212,-1,25.615791,5.67689112,1
fields/00051__plt00017__fab0000_comp00_density.f32__c0000__dt-f32/chunk_0,1000000,2,ans shuffle=byte,primary,1.65497601,-1,6.21627021,2.32970601,1
fields/00051__plt00017__fab0000_comp00_density.f32__c0008__dt-f32/chunk_0,1000000,2,ans shuffle=byte,primary,1.61132801,-1,4.52628921,2.53798201,1
fields/00053__plt00017__fab0000_comp02_logden.f32__c0000__dt-f32/chunk_0,1000000,2,ans shuffle=byte,primary,10.9234238,-1,3.4216759,12.1492278,1
fields/00050__plt00016__fab0000_comp02_logden.f32__c0008__dt-f32/chunk_0,1000000,2,ans shuffle=byte,primary,8.38598442,-1,2.84683457,9.85930642,1
fields/00050__plt00016__fab0000_comp02_logden.f32__c0000__dt-f32/chunk_0,1000000,2,ans shuffle=byte,primary,8.40905571,-1,3.4216759,9.63485971,1
fields/00052__plt00017__fab0000_comp01_rho_E.f32__c0000__dt-f32/chunk_0,1000000,39,spspeed shuffle=bit,primary,3.22387195,-1,461.318082,3.23296395,1
fields/00052__plt00017__fab0000_comp01_rho_E.f32__c0008__dt-f32/chunk_0,1000000,35,spratio,primary,2.53401589,-1,23.9941878,2.70882089,1
fields/00054__plt00018__fab0000_comp00_density.f32__c0000__dt-f32/chunk_0,1000000,2,ans shuffle=byte,primary,3.11599994,-1,6.21627021,3.79072994,1
fields/00053__plt00017__fab0000_comp02_logden.f32__c0008__dt-f32/chunk_0,1000000,2,ans shuffle=byte,primary,7.86710405,-1,2.82893915,9.34974605,1
fields/00054__plt00018__fab0000_comp00_density.f32__c0008__dt-f32/chunk_0,1000000,2,ans shuffle=byte,primary,13.8749123,-1,4.48039515,14.8110583,1
fields/00055__plt00018__fab0000_comp01_rho_E.f32__c0008__dt-f32/chunk_0,1000000,35,spratio,primary,0.0798719972,-1,22.5961858,0.265491997,1
fields/00055__plt00018__fab0000_comp01_rho_E.f32__c0000__dt-f32/chunk_0,1000000,39,spspeed shuffle=bit,primary,1.20982397,-1,461.318082,1.21891597,1
fields/00056__plt00018__fab0000_comp02_logden.f32__c0000__dt-f32/chunk_0,1000000,2,ans shuffle=byte,primary,13.144352,-1,3.4216759,14.370156,1
fields/00057__plt00019__fab0000_comp00_density.f32__c0008__dt-f32/chunk_0,1000000,2,ans shuffle=byte,primary,8.93103981,-1,4.43418451,9.87694181,1
fields/00056__plt00018__fab0000_comp02_logden.f32__c0008__dt-f32/chunk_0,1000000,2,ans shuffle=byte,primary,11.4409924,-1,2.81319059,12.9319344,1
fields/00057__plt00019__fab0000_comp00_density.f32__c0000__dt-f32/chunk_0,1000000,2,ans shuffle=byte,primary,6.94572783,-1,6.21627021,7.62045783,1
fields/00058__plt00019__fab0000_comp01_rho_E.f32__c0008__dt-f32/chunk_0,1000000,35,spratio,primary,1.52940798,-1,21.3375659,1.72597698,1
fields/00058__plt00019__fab0000_comp01_rho_E.f32__c0000__dt-f32/chunk_0,1000000,35,spratio,primary,0.888512015,-1,321.156508,0.901572015,1
fields/00059__plt00019__fab0000_comp02_logden.f32__c0008__dt-f32/chunk_0,1000000,2,ans shuffle=byte,primary,8.36742401,-1,2.79810164,9.86640601,1
fields/00060__plt00020__fab0000_comp00_density.f32__c0000__dt-f32/chunk_0,1000000,2,ans shuffle=byte,primary,7.98863983,-1,6.21627021,8.66336983,1
fields/00060__plt00020__fab0000_comp00_density.f32__c0008__dt-f32/chunk_0,1000000,2,ans shuffle=byte,primary,11.1378555,-1,4.38911946,12.0934695,1
fields/00061__plt00020__fab0000_comp01_rho_E.f32__c0000__dt-f32/chunk_0,1000000,39,spspeed shuffle=bit,primary,5.60220814,-1,461.318082,5.61130014,1
fields/00061__plt00020__fab0000_comp01_rho_E.f32__c0008__dt-f32/chunk_0,1000000,35,spratio,primary,2.03404808,-1,20.27811,2.24088708,1
fields/00059__plt00019__fab0000_comp02_logden.f32__c0000__dt-f32/chunk_0,1000000,2,ans shuffle=byte,primary,6.52771187,-1,3.4216759,7.75351587,1
fields/00063__plt00021__fab0000_comp00_density.f32__c0008__dt-f32/chunk_0,1000000,2,ans shuffle=byte,primary,9.95014381,-1,4.34442113,10.9155898,1
fields/00062__plt00020__fab0000_comp02_logden.f32__c0000__dt-f32/chunk_0,1000000,2,ans shuffle=byte,primary,4.19312,-1,3.4216759,5.418924,1
fields/00064__plt00021__fab0000_comp01_rho_E.f32__c0000__dt-f32/chunk_0,1000000,39,spspeed shuffle=bit,primary,1.61929595,-1,461.318082,1.62838795,1
fields/00063__plt00021__fab0000_comp00_density.f32__c0000__dt-f32/chunk_0,1000000,2,ans shuffle=byte,primary,3.82294393,-1,6.21627021,4.49767393,1
fields/00062__plt00020__fab0000_comp02_logden.f32__c0008__dt-f32/chunk_0,1000000,2,ans shuffle=byte,primary,3.84822392,-1,2.78247209,5.35562592,1
fields/00064__plt00021__fab0000_comp01_rho_E.f32__c0008__dt-f32/chunk_0,1000000,35,spratio,primary,2.78383994,-1,19.2934704,3.00123494,1
fields/00065__plt00021__fab0000_comp02_logden.f32__c0008__dt-f32/chunk_0,1000000,2,ans shuffle=byte,primary,11.1518078,-1,2.76770271,12.6672538,1
fields/00065__plt00021__fab0000_comp02_logden.f32__c0000__dt-f32/chunk_0,1000000,2,ans shuffle=byte,primary,11.869792,-1,3.4216759,13.095596,1
fields/00066__plt00022__fab0000_comp00_density.f32__c0000__dt-f32/chunk_0,1000000,2,ans shuffle=byte,primary,11.1527681,-1,6.21627021,11.8274981,1
fields/00066__plt00022__fab0000_comp00_density.f32__c0008__dt-f32/chunk_0,1000000,2,ans shuffle=byte,primary,5.6198082,-1,4.30076514,6.5950542,1
fields/00067__plt00022__fab0000_comp01_rho_E.f32__c0000__dt-f32/chunk_0,1000000,39,spspeed shuffle=bit,primary,1.59276795,-1,461.318082,1.60185995,1
fields/00068__plt00022__fab0000_comp02_logden.f32__c0000__dt-f32/chunk_0,1000000,2,ans shuffle=byte,primary,3.59859204,-1,3.4216759,4.82439604,1
fields/00067__plt00022__fab0000_comp01_rho_E.f32__c0008__dt-f32/chunk_0,1000000,35,spratio,primary,0.761376023,-1,18.4095544,0.989209023,1
fields/00069__plt00023__fab0000_comp00_density.f32__c0000__dt-f32/chunk_0,1000000,2,ans shuffle=byte,primary,19.6748161,-1,6.21627021,20.3495461,1
fields/00069__plt00023__fab0000_comp00_density.f32__c0008__dt-f32/chunk_0,1000000,2,ans shuffle=byte,primary,8.25529575,-1,4.25709617,9.24054575,1
fields/00070__plt00023__fab0000_comp01_rho_E.f32__c0008__dt-f32/chunk_0,1000000,35,spratio,primary,2.38479996,-1,17.5544571,2.62373096,1
fields/00068__plt00022__fab0000_comp02_logden.f32__c0008__dt-f32/chunk_0,1000000,2,ans shuffle=byte,primary,13.0464315,-1,2.75177435,14.5706495,1
fields/00070__plt00023__fab0000_comp01_rho_E.f32__c0000__dt-f32/chunk_0,1000000,39,spspeed shuffle=bit,primary,1.27123201,-1,461.318082,1.28032401,1
fields/00071__plt00023__fab0000_comp02_logden.f32__c0008__dt-f32/chunk_0,1000000,2,ans shuffle=byte,primary,10.6168003,-1,2.73692096,12.1492903,1
fields/00071__plt00023__fab0000_comp02_logden.f32__c0000__dt-f32/chunk_0,1000000,2,ans shuffle=byte,primary,10.038784,-1,3.4216759,11.264588,1
fields/00072__plt00024__fab0000_comp00_density.f32__c0000__dt-f32/chunk_0,1000000,2,ans shuffle=byte,primary,8.67865562,-1,6.21627021,9.35338562,1
fields/00073__plt00024__fab0000_comp01_rho_E.f32__c0008__dt-f32/chunk_0,1000000,35,spratio,primary,1.84755194,-1,16.8309404,2.09675394,1
fields/00072__plt00024__fab0000_comp00_density.f32__c0008__dt-f32/chunk_0,1000000,2,ans shuffle=byte,primary,10.5950718,-1,4.21299284,11.5906358,1
fields/00075__plt00025__fab0000_comp00_density.f32__c0008__dt-f32/chunk_0,1000000,2,ans shuffle=byte,primary,2.88083196,-1,4.17274759,3.88599796,1
fields/00074__plt00024__fab0000_comp02_logden.f32__c0008__dt-f32/chunk_0,1000000,2,ans shuffle=byte,primary,10.0180798,-1,2.72166179,11.5591618,1
fields/00074__plt00024__fab0000_comp02_logden.f32__c0000__dt-f32/chunk_0,1000000,2,ans shuffle=byte,primary,7.08688021,-1,3.4216759,8.31268421,1
fields/00075__plt00025__fab0000_comp00_density.f32__c0000__dt-f32/chunk_0,1000000,2,ans shuffle=byte,primary,9.97043228,-1,6.21627021,10.6451623,1
fields/00073__plt00024__fab0000_comp01_rho_E.f32__c0000__dt-f32/chunk_0,1000000,35,spratio,primary,3.58934402,-1,321.156508,3.60240402,1
fields/00076__plt00025__fab0000_comp01_rho_E.f32__c0008__dt-f32/chunk_0,1000000,35,spratio,primary,1.12444794,-1,16.1753631,1.38374994,1
fields/00076__plt00025__fab0000_comp01_rho_E.f32__c0000__dt-f32/chunk_0,1000000,39,spspeed shuffle=bit,primary,0.526624024,-1,461.318082,0.535716024,1
fields/00077__plt00025__fab0000_comp02_logden.f32__c0000__dt-f32/chunk_0,1000000,2,ans shuffle=byte,primary,10.8263683,-1,3.4216759,12.0521723,1
fields/00077__plt00025__fab0000_comp02_logden.f32__c0008__dt-f32/chunk_0,1000000,2,ans shuffle=byte,primary,14.693408,-1,2.70712385,16.242766,1
fields/00079__plt00026__fab0000_comp01_rho_E.f32__c0000__dt-f32/chunk_0,1000000,39,spspeed shuffle=bit,primary,2.47603202,-1,461.318082,2.48512402,1
fields/00078__plt00026__fab0000_comp00_density.f32__c0000__dt-f32/chunk_0,1000000,2,ans shuffle=byte,primary,6.51359987,-1,6.21627021,7.18832987,1
fields/00080__plt00026__fab0000_comp02_logden.f32__c0008__dt-f32/chunk_0,1000000,2,ans shuffle=byte,primary,1.37942398,-1,2.69271966,2.93706998,1
fields/00078__plt00026__fab0000_comp00_density.f32__c0008__dt-f32/chunk_0,1000000,2,ans shuffle=byte,primary,8.43616009,-1,4.13232735,9.45115809,1
fields/00079__plt00026__fab0000_comp01_rho_E.f32__c0008__dt-f32/chunk_0,1000000,35,spratio,primary,4.26259184,-1,15.6008495,4.53144284,1
fields/00080__plt00026__fab0000_comp02_logden.f32__c0000__dt-f32/chunk_0,1000000,2,ans shuffle=byte,primary,3.07888007,-1,3.4216759,4.30468407,1
fields/00081__plt00027__fab0000_comp00_density.f32__c0000__dt-f32/chunk_0,1000000,2,ans shuffle=byte,primary,2.67183995,-1,6.21627021,3.34656995,1
fields/00081__plt00027__fab0000_comp00_density.f32__c0008__dt-f32/chunk_0,1000000,2,ans shuffle=byte,primary,1.511168,-1,4.09258685,2.536022,1
fields/00082__plt00027__fab0000_comp01_rho_E.f32__c0000__dt-f32/chunk_0,1000000,35,spratio,primary,2.45308805,-1,321.156508,2.46614805,1
fields/00082__plt00027__fab0000_comp01_rho_E.f32__c0008__dt-f32/chunk_0,1000000,35,spratio,primary,1.29484797,-1,15.071648,1.57313897,1
fields/00085__plt00028__fab0000_comp01_rho_E.f32__c0000__dt-f32/chunk_0,1000000,35,spratio,primary,0.342655987,-1,321.156508,0.355715987,1
fields/00083__plt00027__fab0000_comp02_logden.f32__c0008__dt-f32/chunk_0,1000000,2,ans shuffle=byte,primary,19.0407677,-1,2.67820797,20.6068537,1
fields/00085__plt00028__fab0000_comp01_rho_E.f32__c0008__dt-f32/chunk_0,1000000,35,spratio,primary,0.749984026,-1,14.5540045,1.03817303,1
fields/00083__plt00027__fab0000_comp02_logden.f32__c0000__dt-f32/chunk_0,1000000,2,ans shuffle=byte,primary,19.4038086,-1,3.4216759,20.6296126,1
fields/00084__plt00028__fab0000_comp00_density.f32__c0008__dt-f32/chunk_0,1000000,2,ans shuffle=byte,primary,2.05798411,-1,4.05528086,3.09226611,1
fields/00084__plt00028__fab0000_comp00_density.f32__c0000__dt-f32/chunk_0,1000000,2,ans shuffle=byte,primary,2.09974408,-1,6.21627021,2.77447408,1
fields/00086__plt00028__fab0000_comp02_logden.f32__c0000__dt-f32/chunk_0,1000000,2,ans shuffle=byte,primary,1.76713598,-1,3.4216759,2.99293998,1
fields/00087__plt00029__fab0000_comp00_density.f32__c0008__dt-f32/chunk_0,1000000,2,ans shuffle=byte,primary,5.30694389,-1,4.01778657,6.35087789,1
fields/00088__plt00029__fab0000_comp01_rho_E.f32__c0008__dt-f32/chunk_0,1000000,35,spratio,primary,1.52009594,-1,14.0749401,1.81809394,1
fields/00089__plt00029__fab0000_comp02_logden.f32__c0008__dt-f32/chunk_0,1000000,2,ans shuffle=byte,primary,13.1686077,-1,2.65106231,14.7507297,1
fields/00087__plt00029__fab0000_comp00_density.f32__c0000__dt-f32/chunk_0,1000000,2,ans shuffle=byte,primary,8.8362236,-1,6.21627021,9.5109536,1
fields/00086__plt00028__fab0000_comp02_logden.f32__c0008__dt-f32/chunk_0,1000000,2,ans shuffle=byte,primary,7.97763205,-1,2.66440689,9.55183005,1
fields/00088__plt00029__fab0000_comp01_rho_E.f32__c0000__dt-f32/chunk_0,1000000,39,spspeed shuffle=bit,primary,2.24015999,-1,461.318082,2.24925199,1
fields/00089__plt00029__fab0000_comp02_logden.f32__c0000__dt-f32/chunk_0,1000000,2,ans shuffle=byte,primary,6.7296958,-1,3.4216759,7.9554998,1
fields/00090__plt00030__fab0000_comp00_density.f32__c0008__dt-f32/chunk_0,1000000,2,ans shuffle=byte,primary,4.88255978,-1,3.9814176,5.93602978,1
fields/00090__plt00030__fab0000_comp00_density.f32__c0000__dt-f32/chunk_0,1000000,2,ans shuffle=byte,primary,3.9064641,-1,6.21627021,4.5811941,1
fields/00091__plt00030__fab0000_comp01_rho_E.f32__c0000__dt-f32/chunk_0,1000000,36,spratio shuffle=bit,primary,1.09708798,-1,2641.24937,1.09867598,1
fields/00091__plt00030__fab0000_comp01_rho_E.f32__c0008__dt-f32/chunk_0,1000000,35,spratio,primary,2.44720006,-1,13.6226469,2.75509206,1
fields/00092__plt00030__fab0000_comp02_logden.f32__c0000__dt-f32/chunk_0,1000000,2,ans shuffle=byte,primary,3.05273604,-1,3.4216759,4.27854004,1
fields/00093__plt00031__fab0000_comp00_density.f32__c0000__dt-f32/chunk_0,1000000,2,ans shuffle=byte,primary,8.6235199,-1,6.21627021,9.2982499,1
fields/00095__plt00031__fab0000_comp02_logden.f32__c0008__dt-f32/chunk_0,1000000,2,ans shuffle=byte,primary,3.40092802,-1,2.62436288,4.99914602,1
fields/00094__plt00031__fab0000_comp01_rho_E.f32__c0008__dt-f32/chunk_0,1000000,35,spratio,primary,1.09926403,-1,13.2138606,1.41668103,1
fields/00092__plt00030__fab0000_comp02_logden.f32__c0008__dt-f32/chunk_0,1000000,2,ans shuffle=byte,primary,8.66499233,-1,2.63820912,10.2548223,1
fields/00093__plt00031__fab0000_comp00_density.f32__c0008__dt-f32/chunk_0,1000000,2,ans shuffle=byte,primary,3.05344009,-1,3.94619118,4.11631409,1
fields/00096__plt00032__fab0000_comp00_density.f32__c0000__dt-f32/chunk_0,1000000,2,ans shuffle=byte,primary,3.03532791,-1,6.21627021,3.71005791,1
fields/00094__plt00031__fab0000_comp01_rho_E.f32__c0000__dt-f32/chunk_0,1000000,39,spspeed shuffle=bit,primary,6.05280018,-1,461.318082,6.06189218,1
fields/00095__plt00031__fab0000_comp02_logden.f32__c0000__dt-f32/chunk_0,1000000,2,ans shuffle=byte,primary,3.49715209,-1,3.4216759,4.72295609,1
fields/00096__plt00032__fab0000_comp00_density.f32__c0008__dt-f32/chunk_0,1000000,2,ans shuffle=byte,primary,3.38732791,-1,3.91014588,4.45999991,1
fields/00097__plt00032__fab0000_comp01_rho_E.f32__c0000__dt-f32/chunk_0,1000000,36,spratio shuffle=bit,primary,0.604640007,-1,2641.24937,0.606228007,1
fields/00097__plt00032__fab0000_comp01_rho_E.f32__c0008__dt-f32/chunk_0,1000000,35,spratio,primary,0.569375992,-1,12.830463,0.896277992,1
fields/00098__plt00032__fab0000_comp02_logden.f32__c0000__dt-f32/chunk_0,1000000,2,ans shuffle=byte,primary,5.73695993,-1,3.4216759,6.96276393,1
fields/00100__plt00033__fab0000_comp01_rho_E.f32__c0008__dt-f32/chunk_0,1000000,35,spratio,primary,1.22912002,-1,12.4593156,1.56576002,1
fields/00099__plt00033__fab0000_comp00_density.f32__c0000__dt-f32/chunk_0,1000000,2,ans shuffle=byte,primary,1.51724803,-1,6.21627021,2.19197803,1
fields/00098__plt00032__fab0000_comp02_logden.f32__c0008__dt-f32/chunk_0,1000000,2,ans shuffle=byte,primary,2.32627201,-1,2.61083674,3.93277001,1
fields/00102__plt00034__fab0000_comp00_density.f32__c0000__dt-f32/chunk_0,1000000,2,ans shuffle=byte,primary,2.4656961,-1,6.21627021,3.1404261,1
fields/00101__plt00033__fab0000_comp02_logden.f32__c0008__dt-f32/chunk_0,1000000,2,ans shuffle=byte,primary,6.08281612,-1,2.59734637,7.69765812,1
fields/00099__plt00033__fab0000_comp00_density.f32__c0008__dt-f32/chunk_0,1000000,2,ans shuffle=byte,primary,3.30774403,-1,3.87431646,4.39033603,1
fields/00100__plt00033__fab0000_comp01_rho_E.f32__c0000__dt-f32/chunk_0,1000000,35,spratio,primary,0.0795520023,-1,321.156508,0.0926120023,1
fields/00101__plt00033__fab0000_comp02_logden.f32__c0000__dt-f32/chunk_0,1000000,2,ans shuffle=byte,primary,6.10230398,-1,3.4216759,7.32810798,1
fields/00102__plt00034__fab0000_comp00_density.f32__c0008__dt-f32/chunk_0,1000000,2,ans shuffle=byte,primary,6.82223988,-1,3.83887064,7.91482788,1
fields/00104__plt00034__fab0000_comp02_logden.f32__c0000__dt-f32/chunk_0,1000000,2,ans shuffle=byte,primary,1.95331204,-1,3.4216759,3.17911604,1
fields/00103__plt00034__fab0000_comp01_rho_E.f32__c0008__dt-f32/chunk_0,1000000,35,spratio,primary,0.31279999,-1,12.1010715,0.65940599,1
fields/00106__plt00035__fab0000_comp01_rho_E.f32__c0000__dt-f32/chunk_0,1000000,39,spspeed shuffle=bit,primary,2.91759992,-1,461.318082,2.92669192,1
fields/00105__plt00035__fab0000_comp00_density.f32__c0008__dt-f32/chunk_0,1000000,2,ans shuffle=byte,primary,5.78089619,-1,3.80504763,6.88319619,1
fields/00106__plt00035__fab0000_comp01_rho_E.f32__c0008__dt-f32/chunk_0,1000000,35,spratio,primary,1.00160003,-1,11.7707425,1.35793303,1
fields/00103__plt00034__fab0000_comp01_rho_E.f32__c0000__dt-f32/chunk_0,1000000,35,spratio,primary,1.50201595,-1,321.156508,1.51507595,1
fields/00105__plt00035__fab0000_comp00_density.f32__c0000__dt-f32/chunk_0,1000000,2,ans shuffle=byte,primary,1.90873599,-1,6.21627021,2.58346599,1
fields/00104__plt00034__fab0000_comp02_logden.f32__c0008__dt-f32/chunk_0,1000000,2,ans shuffle=byte,primary,1.40662396,-1,2.58403289,3.02978596,1
fields/00107__plt00035__fab0000_comp02_logden.f32__c0000__dt-f32/chunk_0,1000000,2,ans shuffle=byte,primary,1.95491195,-1,3.4216759,3.18071595,1
fields/00108__plt00036__fab0000_comp00_density.f32__c0000__dt-f32/chunk_0,1000000,2,ans shuffle=byte,primary,1.56710398,-1,6.21627021,2.24183398,1
fields/00109__plt00036__fab0000_comp01_rho_E.f32__c0008__dt-f32/chunk_0,1000000,35,spratio,primary,4.46844816,-1,11.4617573,4.83438716,1
fields/00110__plt00036__fab0000_comp02_logden.f32__c0008__dt-f32/chunk_0,1000000,2,ans shuffle=byte,primary,1.165856,-1,2.55740576,2.805918,1
fields/00109__plt00036__fab0000_comp01_rho_E.f32__c0000__dt-f32/chunk_0,1000000,39,spspeed shuffle=bit,primary,2.66950393,-1,461.318082,2.67859593,1
fields/00107__plt00035__fab0000_comp02_logden.f32__c0008__dt-f32/chunk_0,1000000,2,ans shuffle=byte,primary,4.97788811,-1,2.57078588,6.60941411,1
fields/00108__plt00036__fab0000_comp00_density.f32__c0008__dt-f32/chunk_0,1000000,2,ans shuffle=byte,primary,3.62793589,-1,3.77012023,4.74044789,1
fields/00110__plt00036__fab0000_comp02_logden.f32__c0000__dt-f32/chunk_0,1000000,2,ans shuffle=byte,primary,2.02905607,-1,3.4216759,3.25486007,1
fields/00111__plt00037__fab0000_comp00_density.f32__c0000__dt-f32/chunk_0,1000000,2,ans shuffle=byte,primary,3.189888,-1,6.21627021,3.864618,1
fields/00111__plt00037__fab0000_comp00_density.f32__c0008__dt-f32/chunk_0,1000000,2,ans shuffle=byte,primary,2.25119996,-1,3.73621424,3.37380796,1
fields/00113__plt00037__fab0000_comp02_logden.f32__c0000__dt-f32/chunk_0,1000000,2,ans shuffle=byte,primary,2.35510397,-1,3.4216759,3.58090797,1
fields/00112__plt00037__fab0000_comp01_rho_E.f32__c0008__dt-f32/chunk_0,1000000,35,spratio,primary,4.87766409,-1,11.1662003,5.25328909,1
fields/00115__plt00038__fab0000_comp01_rho_E.f32__c0000__dt-f32/chunk_0,1000000,35,spratio,primary,1.03631997,-1,321.156508,1.04937997,1
fields/00114__plt00038__fab0000_comp00_density.f32__c0008__dt-f32/chunk_0,1000000,2,ans shuffle=byte,primary,2.31420803,-1,3.70255965,3.44702003,1
fields/00112__plt00037__fab0000_comp01_rho_E.f32__c0000__dt-f32/chunk_0,1000000,39,spspeed shuffle=bit,primary,2.26428795,-1,461.318082,2.27337995,1
fields/00113__plt00037__fab0000_comp02_logden.f32__c0008__dt-f32/chunk_0,1000000,2,ans shuffle=byte,primary,4.99321604,-1,2.5439173,6.64197404,1
fields/00114__plt00038__fab0000_comp00_density.f32__c0000__dt-f32/chunk_0,1000000,2,ans shuffle=byte,primary,3.44396806,-1,6.21627021,4.11869806,1
fields/00115__plt00038__fab0000_comp01_rho_E.f32__c0008__dt-f32/chunk_0,1000000,35,spratio,primary,0.603551984,-1,10.9020266,0.988278984,1
fields/00116__plt00038__fab0000_comp02_logden.f32__c0000__dt-f32/chunk_0,1000000,2,ans shuffle=byte,primary,8.99779224,-1,3.4216759,10.2235962,1
fields/00116__plt00038__fab0000_comp02_logden.f32__c0008__dt-f32/chunk_0,1000000,2,ans shuffle=byte,primary,6.12054396,-1,2.53047267,7.77806196,1
fields/00117__plt00039__fab0000_comp00_density.f32__c0000__dt-f32/chunk_0,1000000,2,ans shuffle=byte,primary,3.68966389,-1,6.21627021,4.36439389,1
fields/00119__plt00039__fab0000_comp02_logden.f32__c0008__dt-f32/chunk_0,1000000,2,ans shuffle=byte,primary,2.73513603,-1,2.5178524,4.40096203,1
fields/00118__plt00039__fab0000_comp01_rho_E.f32__c0008__dt-f32/chunk_0,1000000,35,spratio,primary,0.807936013,-1,10.6399326,1.20214001,1
fields/00117__plt00039__fab0000_comp00_density.f32__c0008__dt-f32/chunk_0,1000000,2,ans shuffle=byte,primary,6.89385605,-1,3.67004536,8.03670405,1
fields/00118__plt00039__fab0000_comp01_rho_E.f32__c0000__dt-f32/chunk_0,1000000,39,spspeed shuffle=bit,primary,5.71900797,-1,461.318082,5.72809997,1
fields/00119__plt00039__fab0000_comp02_logden.f32__c0000__dt-f32/chunk_0,1000000,2,ans shuffle=byte,primary,3.7740159,-1,3.4216759,4.9998199,1
fields/00120__plt00040__fab0000_comp00_density.f32__c0000__dt-f32/chunk_0,1000000,2,ans shuffle=byte,primary,8.37887955,-1,6.21627021,9.05360955,1
fields/00120__plt00040__fab0000_comp00_density.f32__c0008__dt-f32/chunk_0,1000000,2,ans shuffle=byte,primary,8.35545635,-1,3.63759232,9.50850035,1
fields/00122__plt00040__fab0000_comp02_logden.f32__c0008__dt-f32/chunk_0,1000000,2,ans shuffle=byte,primary,6.39824009,-1,2.50477689,8.07276209,1
fields/00124__plt00041__fab0000_comp01_rho_E.f32__c0008__dt-f32/chunk_0,1000000,35,spratio,primary,9.69056034,-1,10.1407465,10.1041693,1
fields/00121__plt00040__fab0000_comp01_rho_E.f32__c0000__dt-f32/chunk_0,1000000,35,spratio,primary,3.12339211,-1,321.156508,3.13645211,1
fields/00123__plt00041__fab0000_comp00_density.f32__c0008__dt-f32/chunk_0,1000000,2,ans shuffle=byte,primary,4.73747206,-1,3.60543544,5.90080006,1
fields/00121__plt00040__fab0000_comp01_rho_E.f32__c0008__dt-f32/chunk_0,1000000,35,spratio,primary,2.05731201,-1,10.3746219,2.46159701,1
fields/00122__plt00040__fab0000_comp02_logden.f32__c0000__dt-f32/chunk_0,1000000,2,ans shuffle=byte,primary,3.69759989,-1,3.4216759,4.92340389,1
fields/00123__plt00041__fab0000_comp00_density.f32__c0000__dt-f32/chunk_0,1000000,2,ans shuffle=byte,primary,4.73695993,-1,6.21627021,5.41168993,1
fields/00124__plt00041__fab0000_comp01_rho_E.f32__c0000__dt-f32/chunk_0,1000000,39,spspeed shuffle=bit,primary,6.23443222,-1,461.318082,6.24352422,1
fields/00125__plt00041__fab0000_comp02_logden.f32__c0000__dt-f32/chunk_0,1000000,2,ans shuffle=byte,primary,1.75996804,-1,3.4216759,2.98577204,1
fields/00125__plt00041__fab0000_comp02_logden.f32__c0008__dt-f32/chunk_0,1000000,2,ans shuffle=byte,primary,2.21232009,-1,2.49164699,3.89566609,1
fields/00126__plt00042__fab0000_comp00_density.f32__c0000__dt-f32/chunk_0,1000000,2,ans shuffle=byte,primary,10.9369917,-1,6.21627021,11.6117217,1
fields/00129__plt00043__fab0000_comp00_density.f32__c0000__dt-f32/chunk_0,1000000,2,ans shuffle=byte,primary,9.83535957,-1,6.21627021,10.5100896,1
fields/00127__plt00042__fab0000_comp01_rho_E.f32__c0000__dt-f32/chunk_0,1000000,39,spspeed shuffle=bit,primary,1.16684794,-1,461.318082,1.17593994,1
fields/00126__plt00042__fab0000_comp00_density.f32__c0008__dt-f32/chunk_0,1000000,2,ans shuffle=byte,primary,6.64540815,-1,3.57473153,7.81872815,1
fields/00129__plt00043__fab0000_comp00_density.f32__c0008__dt-f32/chunk_0,1000000,2,ans shuffle=byte,primary,5.20342398,-1,3.5428695,6.38729598,1
fields/00128__plt00042__fab0000_comp02_logden.f32__c0008__dt-f32/chunk_0,1000000,2,ans shuffle=byte,primary,3.246176,-1,2.47833768,4.938562,1
fields/00130__plt00043__fab0000_comp01_rho_E.f32__c0008__dt-f32/chunk_0,1000000,35,spratio,primary,2.14185596,-1,9.69299423,2.57457096,1
fields/00127__plt00042__fab0000_comp01_rho_E.f32__c0008__dt-f32/chunk_0,1000000,35,spratio,primary,1.76176,-1,9.90514515,2.185207,1
fields/00130__plt00043__fab0000_comp01_rho_E.f32__c0000__dt-f32/chunk_0,1000000,39,spspeed shuffle=bit,primary,1.50336003,-1,461.318082,1.51245203,1
fields/00128__plt00042__fab0000_comp02_logden.f32__c0000__dt-f32/chunk_0,1000000,2,ans shuffle=byte,primary,8.63510418,-1,3.4216759,9.86090818,1
fields/00131__plt00043__fab0000_comp02_logden.f32__c0008__dt-f32/chunk_0,1000000,2,ans shuffle=byte,primary,6.92713594,-1,2.46554657,8.62830194,1
fields/00135__plt00045__fab0000_comp00_density.f32__c0000__dt-f32/chunk_0,1000000,2,ans shuffle=byte,primary,2.66572809,-1,6.21627021,3.34045809,1
fields/00132__plt00044__fab0000_comp00_density.f32__c0008__dt-f32/chunk_0,1000000,2,ans shuffle=byte,primary,9.12284756,-1,3.51348834,10.3166196,1
fields/00133__plt00044__fab0000_comp01_rho_E.f32__c0008__dt-f32/chunk_0,1000000,35,spratio,primary,0.922976017,-1,9.49059947,1.36491902,1
fields/00131__plt00043__fab0000_comp02_logden.f32__c0000__dt-f32/chunk_0,1000000,2,ans shuffle=byte,primary,8.53526402,-1,3.4216759,9.76106802,1
fields/00133__plt00044__fab0000_comp01_rho_E.f32__c0000__dt-f32/chunk_0,1000000,39,spspeed shuffle=bit,primary,2.18339205,-1,461.318082,2.19248405,1
fields/00134__plt00044__fab0000_comp02_logden.f32__c0008__dt-f32/chunk_0,1000000,2,ans shuffle=byte,primary,1.83763194,-1,2.45328854,3.54729794,1
fields/00132__plt00044__fab0000_comp00_density.f32__c0000__dt-f32/chunk_0,1000000,2,ans shuffle=byte,primary,10.0546885,-1,6.21627021,10.7294185,1
fields/00134__plt00044__fab0000_comp02_logden.f32__c0000__dt-f32/chunk_0,1000000,2,ans shuffle=byte,primary,2.46848011,-1,3.4216759,3.69428411,1
fields/00139__plt00046__fab0000_comp01_rho_E.f32__c0000__dt-f32/chunk_0,1000000,35,spratio,primary,0.699519992,-1,321.156508,0.712579992,1
fields/00138__plt00046__fab0000_comp00_density.f32__c0000__dt-f32/chunk_0,1000000,2,ans shuffle=byte,primary,16.7138557,-1,6.21627021,17.3885857,1
fields/00136__plt00045__fab0000_comp01_rho_E.f32__c0000__dt-f32/chunk_0,1000000,39,spspeed shuffle=bit,primary,5.9751358,-1,461.318082,5.9842278,1
fields/00135__plt00045__fab0000_comp00_density.f32__c0008__dt-f32/chunk_0,1000000,2,ans shuffle=byte,primary,14.1976643,-1,3.48417366,15.4014803,1
fields/00137__plt00045__fab0000_comp02_logden.f32__c0008__dt-f32/chunk_0,1000000,2,ans shuffle=byte,primary,3.29052806,-1,2.44073131,5.00899006,1
fields/00137__plt00045__fab0000_comp02_logden.f32__c0000__dt-f32/chunk_0,1000000,2,ans shuffle=byte,primary,16.3822079,-1,3.4216759,17.6080119,1
fields/00139__plt00046__fab0000_comp01_rho_E.f32__c0008__dt-f32/chunk_0,1000000,35,spratio,primary,0.655423999,-1,9.10307168,1.116181,1
fields/00138__plt00046__fab0000_comp00_density.f32__c0008__dt-f32/chunk_0,1000000,2,ans shuffle=byte,primary,1.790272,-1,3.4543424,3.004484,1
fields/00136__plt00045__fab0000_comp01_rho_E.f32__c0008__dt-f32/chunk_0,1000000,35,spratio,primary,0.72963202,-1,9.30126691,1.18057102,1
fields/00140__plt00046__fab0000_comp02_logden.f32__c0000__dt-f32/chunk_0,1000000,2,ans shuffle=byte,primary,8.94953632,-1,3.4216759,10.1753403,1
fields/00141__plt00047__fab0000_comp00_density.f32__c0008__dt-f32/chunk_0,1000000,2,ans shuffle=byte,primary,7.46739197,-1,3.42647261,8.69147997,1
fields/00140__plt00046__fab0000_comp02_logden.f32__c0008__dt-f32/chunk_0,1000000,2,ans shuffle=byte,primary,10.6998396,-1,2.42880819,12.4267376,1
fields/00142__plt00047__fab0000_comp01_rho_E.f32__c0000__dt-f32/chunk_0,1000000,35,spratio,primary,3.11462402,-1,321.156508,3.12768402,1
fields/00142__plt00047__fab0000_comp01_rho_E.f32__c0008__dt-f32/chunk_0,1000000,35,spratio,primary,1.51984,-1,8.92705207,1.989682,1
fields/00144__plt00048__fab0000_comp00_density.f32__c0000__dt-f32/chunk_0,1000000,2,ans shuffle=byte,primary,7.49001598,-1,6.21627021,8.16474598,1
fields/00141__plt00047__fab0000_comp00_density.f32__c0000__dt-f32/chunk_0,1000000,2,ans shuffle=byte,primary,7.6627202,-1,6.21627021,8.3374502,1
fields/00145__plt00048__fab0000_comp01_rho_E.f32__c0008__dt-f32/chunk_0,1000000,35,spratio,primary,1.07603204,-1,8.75317786,1.55520704,1
fields/00143__plt00047__fab0000_comp02_logden.f32__c0008__dt-f32/chunk_0,1000000,2,ans shuffle=byte,primary,12.7190084,-1,2.41628808,14.4548544,1
fields/00143__plt00047__fab0000_comp02_logden.f32__c0000__dt-f32/chunk_0,1000000,2,ans shuffle=byte,primary,12.3248959,-1,3.4216759,13.5506999,1
fields/00147__plt00049__fab0000_comp00_density.f32__c0000__dt-f32/chunk_0,1000000,2,ans shuffle=byte,primary,2.2140801,-1,6.21627021,2.8888101,1
fields/00144__plt00048__fab0000_comp00_density.f32__c0008__dt-f32/chunk_0,1000000,2,ans shuffle=byte,primary,6.8137598,-1,3.39803554,8.0480918,1
fields/00145__plt00048__fab0000_comp01_rho_E.f32__c0000__dt-f32/chunk_0,1000000,35,spratio,primary,1.56400001,-1,321.156508,1.57706001,1
fields/00146__plt00048__fab0000_comp02_logden.f32__c0000__dt-f32/chunk_0,1000000,2,ans shuffle=byte,primary,5.88067198,-1,3.4216759,7.10647598,1
fields/00146__plt00048__fab0000_comp02_logden.f32__c0008__dt-f32/chunk_0,1000000,2,ans shuffle=byte,primary,7.97609615,-1,2.40455789,9.72041015,1
fields/00150__plt00050__fab0000_comp00_density.f32__c0000__dt-f32/chunk_0,1000000,2,ans shuffle=byte,primary,9.76511955,-1,6.21627021,10.4398496,1
fields/00148__plt00049__fab0000_comp01_rho_E.f32__c0008__dt-f32/chunk_0,1000000,35,spratio,primary,1.075104,-1,8.58935849,1.563418,1
fields/00148__plt00049__fab0000_comp01_rho_E.f32__c0000__dt-f32/chunk_0,1000000,35,spratio,primary,0.809311986,-1,321.156508,0.822371986,1
fields/00149__plt00049__fab0000_comp02_logden.f32__c0000__dt-f32/chunk_0,1000000,2,ans shuffle=byte,primary,5.01840019,-1,3.4216759,6.24420419,1
fields/00150__plt00050__fab0000_comp00_density.f32__c0008__dt-f32/chunk_0,1000000,2,ans shuffle=byte,primary,4.02585602,-1,3.34305517,5.28048802,1
fields/00149__plt00049__fab0000_comp02_logden.f32__c0008__dt-f32/chunk_0,1000000,2,ans shuffle=byte,primary,12.3909435,-1,2.39263528,14.1439495,1
fields/00147__plt00049__fab0000_comp00_density.f32__c0008__dt-f32/chunk_0,1000000,2,ans shuffle=byte,primary,10.6332483,-1,3.36977418,11.8779323,1
fields/00151__plt00050__fab0000_comp01_rho_E.f32__c0000__dt-f32/chunk_0,1000000,39,spspeed shuffle=bit,primary,2.61817598,-1,461.318082,2.62726798,1
fields/00151__plt00050__fab0000_comp01_rho_E.f32__c0008__dt-f32/chunk_0,1000000,35,spratio,primary,0.87894398,-1,8.42419179,1.37683198,1
fields/00153__plt00051__fab0000_comp00_density.f32__c0008__dt-f32/chunk_0,1000000,2,ans shuffle=byte,primary,8.20908833,-1,3.31613768,9.47390433,1
fields/00152__plt00050__fab0000_comp02_logden.f32__c0000__dt-f32/chunk_0,1000000,2,ans shuffle=byte,primary,11.5783682,-1,3.4216759,12.8041722,1
fields/00155__plt00051__fab0000_comp02_logden.f32__c0008__dt-f32/chunk_0,1000000,2,ans shuffle=byte,primary,8.60192013,-1,2.36841885,10.3728501,1
fields/00154__plt00051__fab0000_comp01_rho_E.f32__c0000__dt-f32/chunk_0,1000000,35,spratio,primary,0.91584003,-1,321.156508,0.92890003,1
fields/00155__plt00051__fab0000_comp02_logden.f32__c0000__dt-f32/chunk_0,1000000,2,ans shuffle=byte,primary,8.61187172,-1,3.4216759,9.83767572,1
fields/00154__plt00051__fab0000_comp01_rho_E.f32__c0008__dt-f32/chunk_0,1000000,35,spratio,primary,1.05071998,-1,8.26840197,1.55798898,1
fields/00156__plt00052__fab0000_comp00_density.f32__c0000__dt-f32/chunk_0,1000000,2,ans shuffle=byte,primary,5.07401609,-1,6.21627021,5.74874609,1
fields/00152__plt00050__fab0000_comp02_logden.f32__c0008__dt-f32/chunk_0,1000000,2,ans shuffle=byte,primary,3.88547206,-1,2.38084653,5.64715806,1
fields/00153__plt00051__fab0000_comp00_density.f32__c0000__dt-f32/chunk_0,1000000,2,ans shuffle=byte,primary,11.5644798,-1,6.21627021,12.2392098,1
fields/00159__plt00053__fab0000_comp00_density.f32__c0008__dt-f32/chunk_0,1000000,2,ans shuffle=byte,primary,8.03580761,-1,3.26409045,9.32079161,1
fields/00157__plt00052__fab0000_comp01_rho_E.f32__c0000__dt-f32/chunk_0,1000000,39,spspeed shuffle=bit,primary,5.61350393,-1,461.318082,5.62259593,1
fields/00160__plt00053__fab0000_comp01_rho_E.f32__c0008__dt-f32/chunk_0,1000000,35,spratio,primary,2.220608,-1,7.9674638,2.747037,1
fields/00156__plt00052__fab0000_comp00_density.f32__c0008__dt-f32/chunk_0,1000000,2,ans shuffle=byte,primary,7.00022411,-1,3.29021792,8.27500411,1
fields/00158__plt00052__fab0000_comp02_logden.f32__c0000__dt-f32/chunk_0,1000000,2,ans shuffle=byte,primary,8.89344025,-1,3.4216759,10.1192442,1
fields/00159__plt00053__fab0000_comp00_density.f32__c0000__dt-f32/chunk_0,1000000,2,ans shuffle=byte,primary,7.10886383,-1,6.21627021,7.78359383,1
fields/00157__plt00052__fab0000_comp01_rho_E.f32__c0008__dt-f32/chunk_0,1000000,35,spratio,primary,1.902336,-1,8.11834819,2.418981,1
fields/00158__plt00052__fab0000_comp02_logden.f32__c0008__dt-f32/chunk_0,1000000,2,ans shuffle=byte,primary,6.87462378,-1,2.35738092,8.65384578,1
fields/00160__plt00053__fab0000_comp01_rho_E.f32__c0000__dt-f32/chunk_0,1000000,39,spspeed shuffle=bit,primary,3.49321604,-1,461.318082,3.50230804,1
fields/00162__plt00054__fab0000_comp00_density.f32__c0008__dt-f32/chunk_0,1000000,2,ans shuffle=byte,primary,9.51081562,-1,3.23848468,10.8059596,1
fields/00163__plt00054__fab0000_comp01_rho_E.f32__c0008__dt-f32/chunk_0,1000000,35,spratio,primary,1.83875203,-1,7.81702699,2.37531203,1
fields/00161__plt00053__fab0000_comp02_logden.f32__c0008__dt-f32/chunk_0,1000000,2,ans shuffle=byte,primary,4.14339209,-1,2.34588895,5.93133009,1
fields/00163__plt00054__fab0000_comp01_rho_E.f32__c0000__dt-f32/chunk_0,1000000,35,spratio,primary,1.62988806,-1,321.156508,1.64294806,1
fields/00162__plt00054__fab0000_comp00_density.f32__c0000__dt-f32/chunk_0,1000000,2,ans shuffle=byte,primary,10.9381762,-1,6.21627021,11.6129062,1
fields/00161__plt00053__fab0000_comp02_logden.f32__c0000__dt-f32/chunk_0,1000000,2,ans shuffle=byte,primary,8.41340828,-1,3.4216759,9.63921228,1
fields/00164__plt00054__fab0000_comp02_logden.f32__c0000__dt-f32/chunk_0,1000000,2,ans shuffle=byte,primary,9.09046364,-1,3.4216759,10.3162676,1
fields/00166__plt00055__fab0000_comp01_rho_E.f32__c0000__dt-f32/chunk_0,1000000,35,spratio,primary,0.873088002,-1,321.156508,0.886148002,1
fields/00165__plt00055__fab0000_comp00_density.f32__c0000__dt-f32/chunk_0,1000000,2,ans shuffle=byte,primary,7.13347197,-1,6.21627021,7.80820197,1
fields/00166__plt00055__fab0000_comp01_rho_E.f32__c0008__dt-f32/chunk_0,1000000,35,spratio,primary,4.70470381,-1,7.68096106,5.25076881,1
fields/00164__plt00054__fab0000_comp02_logden.f32__c0008__dt-f32/chunk_0,1000000,2,ans shuffle=byte,primary,8.28639984,-1,2.33386417,10.0835498,1
fields/00167__plt00055__fab0000_comp02_logden.f32__c0000__dt-f32/chunk_0,1000000,2,ans shuffle=byte,primary,12.2463684,-1,3.4216759,13.4721724,1
fields/00168__plt00056__fab0000_comp00_density.f32__c0000__dt-f32/chunk_0,1000000,2,ans shuffle=byte,primary,4.35180807,-1,6.21627021,5.02653807,1
fields/00167__plt00055__fab0000_comp02_logden.f32__c0008__dt-f32/chunk_0,1000000,2,ans shuffle=byte,primary,7.6047678,-1,2.32262037,9.4106178,1
fields/00165__plt00055__fab0000_comp00_density.f32__c0008__dt-f32/chunk_0,1000000,2,ans shuffle=byte,primary,9.81667233,-1,3.21370099,11.1218043,1
fields/00169__plt00056__fab0000_comp01_rho_E.f32__c0000__dt-f32/chunk_0,1000000,35,spratio,primary,0.279935986,-1,321.156508,0.292995986,1
fields/00168__plt00056__fab0000_comp00_density.f32__c0008__dt-f32/chunk_0,1000000,2,ans shuffle=byte,primary,18.0180798,-1,3.18891548,19.3333558,1
fields/00171__plt00057__fab0000_comp00_density.f32__c0000__dt-f32/chunk_0,1000000,2,ans shuffle=byte,primary,3.86259198,-1,6.21627021,4.53732198,1
fields/00169__plt00056__fab0000_comp01_rho_E.f32__c0008__dt-f32/chunk_0,1000000,35,spratio,primary,7.26028776,-1,7.54653539,7.81607976,1
fields/00172__plt00057__fab0000_comp01_rho_E.f32__c0000__dt-f32/chunk_0,1000000,39,spspeed shuffle=bit,primary,3.55894399,-1,461.318082,3.56803599,1
fields/00170__plt00056__fab0000_comp02_logden.f32__c0008__dt-f32/chunk_0,1000000,2,ans shuffle=byte,primary,9.7375679,-1,2.31107428,11.5524399,1
fields/00171__plt00057__fab0000_comp00_density.f32__c0008__dt-f32/chunk_0,1000000,2,ans shuffle=byte,primary,6.89638376,-1,3.16470038,8.22172376,1
fields/00170__plt00056__fab0000_comp02_logden.f32__c0000__dt-f32/chunk_0,1000000,2,ans shuffle=byte,primary,3.84019208,-1,3.4216759,5.06599608,1
fields/00172__plt00057__fab0000_comp01_rho_E.f32__c0008__dt-f32/chunk_0,1000000,35,spratio,primary,1.76825595,-1,7.41926605,2.33358195,1
fields/00173__plt00057__fab0000_comp02_logden.f32__c0000__dt-f32/chunk_0,1000000,2,ans shuffle=byte,primary,4.95593596,-1,3.4216759,6.18173996,1
fields/00175__plt00058__fab0000_comp01_rho_E.f32__c0000__dt-f32/chunk_0,1000000,36,spratio shuffle=bit,primary,0.664287984,-1,2641.24937,0.665875984,1
fields/00176__plt00058__fab0000_comp02_logden.f32__c0000__dt-f32/chunk_0,1000000,2,ans shuffle=byte,primary,10.6582403,-1,3.4216759,11.8840443,1
fields/00173__plt00057__fab0000_comp02_logden.f32__c0008__dt-f32/chunk_0,1000000,2,ans shuffle=byte,primary,4.21363211,-1,2.30044964,6.03688611,1
fields/00174__plt00058__fab0000_comp00_density.f32__c0000__dt-f32/chunk_0,1000000,2,ans shuffle=byte,primary,7.64681578,-1,6.21627021,8.32154578,1
fields/00174__plt00058__fab0000_comp00_density.f32__c0008__dt-f32/chunk_0,1000000,2,ans shuffle=byte,primary,7.83795214,-1,3.14020125,9.17363214,1
fields/00175__plt00058__fab0000_comp01_rho_E.f32__c0008__dt-f32/chunk_0,1000000,35,spratio,primary,5.4733119,-1,7.29219701,6.0484889,1
fields/00176__plt00058__fab0000_comp02_logden.f32__c0008__dt-f32/chunk_0,1000000,2,ans shuffle=byte,primary,1.77180803,-1,2.28941476,3.60385003,1
fields/00178__plt00059__fab0000_comp01_rho_E.f32__c0000__dt-f32/chunk_0,1000000,39,spspeed shuffle=bit,primary,1.48383999,-1,461.318082,1.49293199,1
fields/00178__plt00059__fab0000_comp01_rho_E.f32__c0008__dt-f32/chunk_0,1000000,35,spratio,primary,3.23776007,-1,7.17384626,3.82242607,1
fields/00177__plt00059__fab0000_comp00_density.f32__c0000__dt-f32/chunk_0,1000000,2,ans shuffle=byte,primary,2.25907207,-1,6.21627021,2.93380207,1
fields/00179__plt00059__fab0000_comp02_logden.f32__c0008__dt-f32/chunk_0,1000000,2,ans shuffle=byte,primary,8.64211178,-1,2.27795067,10.4833738,1
fields/00180__plt00060__fab0000_comp00_density.f32__c0000__dt-f32/chunk_0,1000000,2,ans shuffle=byte,primary,6.19980812,-1,6.21627021,6.87453812,1
fields/00177__plt00059__fab0000_comp00_density.f32__c0008__dt-f32/chunk_0,1000000,2,ans shuffle=byte,primary,5.5786562,-1,3.11687509,6.9243322,1
fields/00181__plt00060__fab0000_comp01_rho_E.f32__c0000__dt-f32/chunk_0,1000000,39,spspeed shuffle=bit,primary,9.90601635,-1,461.318082,9.91510835,1
fields/00179__plt00059__fab0000_comp02_logden.f32__c0000__dt-f32/chunk_0,1000000,2,ans shuffle=byte,primary,7.45036793,-1,3.4216759,8.67617193,1
fields/00181__plt00060__fab0000_comp01_rho_E.f32__c0008__dt-f32/chunk_0,1000000,35,spratio,primary,0.300415993,-1,7.05826602,0.894655993,1
fields/00180__plt00060__fab0000_comp00_density.f32__c0008__dt-f32/chunk_0,1000000,2,ans shuffle=byte,primary,3.34915209,-1,3.09418507,4.70469609,1
fields/00183__plt00061__fab0000_comp00_density.f32__c0008__dt-f32/chunk_0,1000000,2,ans shuffle=byte,primary,2.28089595,-1,3.07093237,3.64670395,1
fields/00182__plt00060__fab0000_comp02_logden.f32__c0000__dt-f32/chunk_0,1000000,2,ans shuffle=byte,primary,7.86956787,-1,3.4216759,9.09537187,1
fields/00184__plt00061__fab0000_comp01_rho_E.f32__c0008__dt-f32/chunk_0,1000000,35,spratio,primary,0.210528001,-1,6.94805406,0.814194001,1
fields/00183__plt00061__fab0000_comp00_density.f32__c0000__dt-f32/chunk_0,1000000,2,ans shuffle=byte,primary,2.27686405,-1,6.21627021,2.95159405,1
fields/00182__plt00060__fab0000_comp02_logden.f32__c0008__dt-f32/chunk_0,1000000,2,ans shuffle=byte,primary,7.82991982,-1,2.26720361,9.67990982,1
fields/00184__plt00061__fab0000_comp01_rho_E.f32__c0000__dt-f32/chunk_0,1000000,35,spratio,primary,0.408544004,-1,321.156508,0.421604004,1
fields/00185__plt00061__fab0000_comp02_logden.f32__c0000__dt-f32/chunk_0,1000000,2,ans shuffle=byte,primary,13.0838718,-1,3.4216759,14.3096758,1
fields/00186__plt00062__fab0000_comp00_density.f32__c0008__dt-f32/chunk_0,1000000,2,ans shuffle=byte,primary,5.82032013,-1,3.04900148,7.19595213,1
fields/00186__plt00062__fab0000_comp00_density.f32__c0000__dt-f32/chunk_0,1000000,2,ans shuffle=byte,primary,9.19110394,-1,6.21627021,9.86583394,1
fields/00187__plt00062__fab0000_comp01_rho_E.f32__c0000__dt-f32/chunk_0,1000000,39,spspeed shuffle=bit,primary,0.916288018,-1,461.318082,0.925380018,1
fields/00185__plt00061__fab0000_comp02_logden.f32__c0008__dt-f32/chunk_0,1000000,2,ans shuffle=byte,primary,13.0566721,-1,2.25596518,14.9158781,1
fields/00187__plt00062__fab0000_comp01_rho_E.f32__c0008__dt-f32/chunk_0,1000000,35,spratio,primary,0.303584009,-1,6.84459139,0.916375009,1
fields/00188__plt00062__fab0000_comp02_logden.f32__c0000__dt-f32/chunk_0,1000000,2,ans shuffle=byte,primary,3.01398396,-1,3.4216759,4.23978796,1
fields/00188__plt00062__fab0000_comp02_logden.f32__c0008__dt-f32/chunk_0,1000000,2,ans shuffle=byte,primary,3.60374403,-1,2.24527504,5.47180203,1
fields/00190__plt00063__fab0000_comp01_rho_E.f32__c0000__dt-f32/chunk_0,1000000,39,spspeed shuffle=bit,primary,0.920319974,-1,461.318082,0.929411974,1
fields/00190__plt00063__fab0000_comp01_rho_E.f32__c0008__dt-f32/chunk_0,1000000,35,spratio,primary,0.993791997,-1,6.74169324,1.615936,1
fields/00189__plt00063__fab0000_comp00_density.f32__c0008__dt-f32/chunk_0,1000000,2,ans shuffle=byte,primary,6.45020819,-1,3.02662137,7.83601219,1
fields/00192__plt00064__fab0000_comp00_density.f32__c0000__dt-f32/chunk_0,1000000,2,ans shuffle=byte,primary,5.01276779,-1,6.21627021,5.68749779,1
fields/00193__plt00064__fab0000_comp01_rho_E.f32__c0000__dt-f32/chunk_0,1000000,35,spratio,primary,1.47580802,-1,321.156508,1.48886802,1
fields/00191__plt00063__fab0000_comp02_logden.f32__c0008__dt-f32/chunk_0,1000000,2,ans shuffle=byte,primary,5.01667213,-1,2.23480956,6.89347813,1
fields/00189__plt00063__fab0000_comp00_density.f32__c0000__dt-f32/chunk_0,1000000,2,ans shuffle=byte,primary,11.7679996,-1,6.21627021,12.4427296,1
fields/00192__plt00064__fab0000_comp00_density.f32__c0008__dt-f32/chunk_0,1000000,2,ans shuffle=byte,primary,2.6520319,-1,3.00414562,4.0482039,1
fields/00191__plt00063__fab0000_comp02_logden.f32__c0000__dt-f32/chunk_0,1000000,2,ans shuffle=byte,primary,5.73750401,-1,3.4216759,6.96330801,1
fields/00195__plt00065__fab0000_comp00_density.f32__c0000__dt-f32/chunk_0,1000000,2,ans shuffle=byte,primary,10.6134081,-1,6.21627021,11.2881381,1
fields/00193__plt00064__fab0000_comp01_rho_E.f32__c0008__dt-f32/chunk_0,1000000,35,spratio,primary,4.03449583,-1,6.64888686,4.66532383,1
fields/00195__plt00065__fab0000_comp00_density.f32__c0008__dt-f32/chunk_0,1000000,2,ans shuffle=byte,primary,6.64710379,-1,2.98222173,8.05353979,1
fields/00197__plt00065__fab0000_comp02_logden.f32__c0008__dt-f32/chunk_0,1000000,2,ans shuffle=byte,primary,10.9298878,-1,2.21333668,12.8249018,1
fields/00194__plt00064__fab0000_comp02_logden.f32__c0008__dt-f32/chunk_0,1000000,2,ans shuffle=byte,primary,8.87708759,-1,2.22412036,10.7629136,1
fields/00194__plt00064__fab0000_comp02_logden.f32__c0000__dt-f32/chunk_0,1000000,2,ans shuffle=byte,primary,10.6438723,-1,3.4216759,11.8696763,1
fields/00196__plt00065__fab0000_comp01_rho_E.f32__c0000__dt-f32/chunk_0,1000000,39,spspeed shuffle=bit,primary,1.21622396,-1,461.318082,1.22531596,1
fields/00196__plt00065__fab0000_comp01_rho_E.f32__c0008__dt-f32/chunk_0,1000000,35,spratio,primary,5.16185617,-1,6.5527809,5.80193617,1
fields/00197__plt00065__fab0000_comp02_logden.f32__c0000__dt-f32/chunk_0,1000000,2,ans shuffle=byte,primary,3.17343998,-1,3.4216759,4.39924398,1
fields/00198__plt00066__fab0000_comp00_density.f32__c0000__dt-f32/chunk_0,1000000,2,ans shuffle=byte,primary,0.934207976,-1,6.21627021,1.60893798,1
fields/00200__plt00066__fab0000_comp02_logden.f32__c0008__dt-f32/chunk_0,1000000,2,ans shuffle=byte,primary,3.41955209,-1,2.20259692,5.32380609,1
fields/00199__plt00066__fab0000_comp01_rho_E.f32__c0000__dt-f32/chunk_0,1000000,39,spspeed shuffle=bit,primary,3.03523207,-1,461.318082,3.04432407,1
fields/00202__plt00067__fab0000_comp01_rho_E.f32__c0000__dt-f32/chunk_0,1000000,35,spratio,primary,1.11321604,-1,321.156508,1.12627604,1
fields/00198__plt00066__fab0000_comp00_density.f32__c0008__dt-f32/chunk_0,1000000,2,ans shuffle=byte,primary,9.08380795,-1,2.96077435,10.5004319,1
fields/00199__plt00066__fab0000_comp01_rho_E.f32__c0008__dt-f32/chunk_0,1000000,35,spratio,primary,5.90886402,-1,6.45649035,6.55849002,1
fields/00201__plt00067__fab0000_comp00_density.f32__c0008__dt-f32/chunk_0,1000000,2,ans shuffle=byte,primary,13.6010237,-1,2.93866936,15.0283037,1
fields/00201__plt00067__fab0000_comp00_density.f32__c0000__dt-f32/chunk_0,1000000,2,ans shuffle=byte,primary,3.35008001,-1,6.21627021,4.02481001,1
fields/00202__plt00067__fab0000_comp01_rho_E.f32__c0008__dt-f32/chunk_0,1000000,35,spratio,primary,4.12547207,-1,6.34793677,4.78620707,1
fields/00200__plt00066__fab0000_comp02_logden.f32__c0000__dt-f32/chunk_0,1000000,2,ans shuffle=byte,primary,7.25177622,-1,3.4216759,8.47758022,1
fields/00203__plt00067__fab0000_comp02_logden.f32__c0008__dt-f32/chunk_0,1000000,2,ans shuffle=byte,primary,3.87945604,-1,2.19220835,5.79273404,1
fields/00206__plt00068__fab0000_comp02_logden.f32__c0000__dt-f32/chunk_0,1000000,2,ans shuffle=byte,primary,9.02182388,-1,3.4216759,10.2476279,1
fields/00203__plt00067__fab0000_comp02_logden.f32__c0000__dt-f32/chunk_0,1000000,2,ans shuffle=byte,primary,2.65164804,-1,3.4216759,3.87745204,1
fields/00204__plt00068__fab0000_comp00_density.f32__c0008__dt-f32/chunk_0,1000000,2,ans shuffle=byte,primary,6.43663979,-1,2.91682708,7.87460779,1
fields/00205__plt00068__fab0000_comp01_rho_E.f32__c0008__dt-f32/chunk_0,1000000,35,spratio,primary,3.18368006,-1,6.24248062,3.85557706,1
fields/00205__plt00068__fab0000_comp01_rho_E.f32__c0000__dt-f32/chunk_0,1000000,39,spspeed shuffle=bit,primary,3.24534392,-1,461.318082,3.25443592,1
fields/00206__plt00068__fab0000_comp02_logden.f32__c0008__dt-f32/chunk_0,1000000,2,ans shuffle=byte,primary,4.83830404,-1,2.18152011,6.76095604,1
fields/00204__plt00068__fab0000_comp00_density.f32__c0000__dt-f32/chunk_0,1000000,2,ans shuffle=byte,primary,9.4026556,-1,6.21627021,10.0773856,1
fields/00207__plt00069__fab0000_comp00_density.f32__c0000__dt-f32/chunk_0,1000000,2,ans shuffle=byte,primary,3.68857598,-1,6.21627021,4.36330598,1
fields/00207__plt00069__fab0000_comp00_density.f32__c0008__dt-f32/chunk_0,1000000,2,ans shuffle=byte,primary,16.7435513,-1,2.89657878,18.1915713,1
fields/00208__plt00069__fab0000_comp01_rho_E.f32__c0000__dt-f32/chunk_0,1000000,39,spspeed shuffle=bit,primary,0.739679992,-1,461.318082,0.748771992,1
fields/00208__plt00069__fab0000_comp01_rho_E.f32__c0008__dt-f32/chunk_0,1000000,35,spratio,primary,2.46764803,-1,6.14219753,3.15051503,1
fields/00209__plt00069__fab0000_comp02_logden.f32__c0008__dt-f32/chunk_0,1000000,2,ans shuffle=byte,primary,7.09315205,-1,2.17118282,9.02495805,1
fields/00210__plt00070__fab0000_comp00_density.f32__c0000__dt-f32/chunk_0,1000000,2,ans shuffle=byte,primary,5.86790419,-1,6.21627021,6.54263419,1
fields/00212__plt00070__fab0000_comp02_logden.f32__c0008__dt-f32/chunk_0,1000000,2,ans shuffle=byte,primary,8.31795216,-1,2.16060686,10.2592142,1
fields/00210__plt00070__fab0000_comp00_density.f32__c0008__dt-f32/chunk_0,1000000,2,ans shuffle=byte,primary,4.82656002,-1,2.87531603,6.28528802,1
fields/00209__plt00069__fab0000_comp02_logden.f32__c0000__dt-f32/chunk_0,1000000,2,ans shuffle=byte,primary,6.58752012,-1,3.4216759,7.81332412,1
fields/00212__plt00070__fab0000_comp02_logden.f32__c0000__dt-f32/chunk_0,1000000,2,ans shuffle=byte,primary,7.92755222,-1,3.4216759,9.15335622,1
fields/00211__plt00070__fab0000_comp01_rho_E.f32__c0000__dt-f32/chunk_0,1000000,35,spratio,primary,1.22537601,-1,321.156508,1.23843601,1
fields/00211__plt00070__fab0000_comp01_rho_E.f32__c0008__dt-f32/chunk_0,1000000,35,spratio,primary,1.41148806,-1,6.05287585,2.10443206,1
fields/00213__plt00071__fab0000_comp00_density.f32__c0000__dt-f32/chunk_0,1000000,2,ans shuffle=byte,primary,9.99174404,-1,6.21627021,10.666474,1
fields/00214__plt00071__fab0000_comp01_rho_E.f32__c0000__dt-f32/chunk_0,1000000,35,spratio,primary,0.471455991,-1,321.156508,0.484515991,1
fields/00213__plt00071__fab0000_comp00_density.f32__c0008__dt-f32/chunk_0,1000000,2,ans shuffle=byte,primary,8.24902439,-1,2.85482167,9.71822439,1
fields/00214__plt00071__fab0000_comp01_rho_E.f32__c0008__dt-f32/chunk_0,1000000,35,spratio,primary,1.45769596,-1,5.96408725,2.16095596,1
fields/00215__plt00071__fab0000_comp02_logden.f32__c0000__dt-f32/chunk_0,1000000,2,ans shuffle=byte,primary,4.22166395,-1,3.4216759,5.44746795,1
fields/00216__plt00072__fab0000_comp00_density.f32__c0008__dt-f32/chunk_0,1000000,2,ans shuffle=byte,primary,4.75424004,-1,2.83489329,6.23376804,1
fields/00216__plt00072__fab0000_comp00_density.f32__c0000__dt-f32/chunk_0,1000000,2,ans shuffle=byte,primary,12.6220798,-1,6.21627021,13.2968098,1
fields/00218__plt00072__fab0000_comp02_logden.f32__c0000__dt-f32/chunk_0,1000000,2,ans shuffle=byte,primary,4.64182377,-1,3.4216759,5.86762777,1
fields/00215__plt00071__fab0000_comp02_logden.f32__c0008__dt-f32/chunk_0,1000000,2,ans shuffle=byte,primary,7.97696018,-1,2.15065381,9.92720618,1
fields/00217__plt00072__fab0000_comp01_rho_E.f32__c0000__dt-f32/chunk_0,1000000,35,spratio,primary,0.0726400018,-1,321.156508,0.0857000018,1
fields/00219__plt00073__fab0000_comp00_density.f32__c0000__dt-f32/chunk_0,1000000,2,ans shuffle=byte,primary,4.30384016,-1,6.21627021,4.97857016,1
fields/00218__plt00072__fab0000_comp02_logden.f32__c0008__dt-f32/chunk_0,1000000,2,ans shuffle=byte,primary,5.29251194,-1,2.14019343,7.25228994,1
fields/00217__plt00072__fab0000_comp01_rho_E.f32__c0008__dt-f32/chunk_0,1000000,35,spratio,primary,2.42364812,-1,5.87913465,3.13707012,1
fields/00219__plt00073__fab0000_comp00_density.f32__c0008__dt-f32/chunk_0,1000000,2,ans shuffle=byte,primary,8.24847984,-1,2.81465177,9.73864784,1
fields/00220__plt00073__fab0000_comp01_rho_E.f32__c0000__dt-f32/chunk_0,1000000,39,spspeed shuffle=bit,primary,0.204607993,-1,461.318082,0.213699993,1
fields/00222__plt00074__fab0000_comp00_density.f32__c0008__dt-f32/chunk_0,1000000,2,ans shuffle=byte,primary,13.875392,-1,2.79510698,15.37598,1
fields/00222__plt00074__fab0000_comp00_density.f32__c0000__dt-f32/chunk_0,1000000,2,ans shuffle=byte,primary,16.7283192,-1,6.21627021,17.4030492,1
fields/00224__plt00074__fab0000_comp02_logden.f32__c0000__dt-f32/chunk_0,1000000,2,ans shuffle=byte,primary,2.04566407,-1,3.4216759,3.27146807,1
fields/00221__plt00073__fab0000_comp02_logden.f32__c0008__dt-f32/chunk_0,1000000,2,ans shuffle=byte,primary,3.83683205,-1,2.13011554,5.80588205,1
fields/00223__plt00074__fab0000_comp01_rho_E.f32__c0008__dt-f32/chunk_0,1000000,35,spratio,primary,1.56758404,-1,5.71480113,2.30152104,1
fields/00223__plt00074__fab0000_comp01_rho_E.f32__c0000__dt-f32/chunk_0,1000000,39,spspeed shuffle=bit,primary,1.71404803,-1,461.318082,1.72314003,1
fields/00220__plt00073__fab0000_comp01_rho_E.f32__c0008__dt-f32/chunk_0,1000000,35,spratio,primary,4.0303998,-1,5.79654416,4.7539868,1
fields/00221__plt00073__fab0000_comp02_logden.f32__c0000__dt-f32/chunk_0,1000000,2,ans shuffle=byte,primary,15.1273279,-1,3.4216759,16.3531319,1
fields/00226__plt00075__fab0000_comp01_rho_E.f32__c0000__dt-f32/chunk_0,1000000,35,spratio,primary,4.13804817,-1,321.156508,4.15110817,1
fields/00224__plt00074__fab0000_comp02_logden.f32__c0008__dt-f32/chunk_0,1000000,2,ans shuffle=byte,primary,1.883232,-1,2.11988994,3.86178,1
fields/00225__plt00075__fab0000_comp00_density.f32__c0000__dt-f32/chunk_0,1000000,2,ans shuffle=byte,primary,9.12140846,-1,6.21627021,9.79613846,1
fields/00228__plt00076__fab0000_comp00_density.f32__c0000__dt-f32/chunk_0,1000000,2,ans shuffle=byte,primary,13.1591682,-1,6.21627021,13.8338982,1
fields/00226__plt00075__fab0000_comp01_rho_E.f32__c0008__dt-f32/chunk_0,1000000,35,spratio,primary,1.69824004,-1,5.63460477,2.44262304,1
fields/00227__plt00075__fab0000_comp02_logden.f32__c0000__dt-f32/chunk_0,1000000,2,ans shuffle=byte,primary,5.76771212,-1,3.4216759,6.99351612,1
fields/00225__plt00075__fab0000_comp00_density.f32__c0008__dt-f32/chunk_0,1000000,2,ans shuffle=byte,primary,6.32697582,-1,2.77459046,7.83865982,1
fields/00227__plt00075__fab0000_comp02_logden.f32__c0008__dt-f32/chunk_0,1000000,2,ans shuffle=byte,primary,3.18384004,-1,2.10981087,5.17184004,1
fields/00228__plt00076__fab0000_comp00_density.f32__c0008__dt-f32/chunk_0,1000000,2,ans shuffle=byte,primary,7.8844161,-1,2.75507491,9.4068081,1
fields/00229__plt00076__fab0000_comp01_rho_E.f32__c0000__dt-f32/chunk_0,1000000,39,spspeed shuffle=bit,primary,1.19324803,-1,461.318082,1.20234003,1
fields/00229__plt00076__fab0000_comp01_rho_E.f32__c0008__dt-f32/chunk_0,1000000,35,spratio,primary,3.51657605,-1,5.5573643,4.27130505,1
fields/00232__plt00077__fab0000_comp01_rho_E.f32__c0000__dt-f32/chunk_0,1000000,39,spspeed shuffle=bit,primary,0.195135996,-1,461.318082,0.204227996,1
fields/00233__plt00077__fab0000_comp02_logden.f32__c0008__dt-f32/chunk_0,1000000,2,ans shuffle=byte,primary,7.20131207,-1,2.08964807,9.20849407,1
fields/00231__plt00077__fab0000_comp00_density.f32__c0008__dt-f32/chunk_0,1000000,2,ans shuffle=byte,primary,3.43158388,-1,2.73520397,4.96503588,1
fields/00233__plt00077__fab0000_comp02_logden.f32__c0000__dt-f32/chunk_0,1000000,2,ans shuffle=byte,primary,1.14604795,-1,3.4216759,2.37185195,1
fields/00232__plt00077__fab0000_comp01_rho_E.f32__c0008__dt-f32/chunk_0,1000000,35,spratio,primary,3.62156796,-1,5.48515949,4.38623196,1
fields/00231__plt00077__fab0000_comp00_density.f32__c0000__dt-f32/chunk_0,1000000,2,ans shuffle=byte,primary,4.33247995,-1,6.21627021,5.00720995,1
fields/00230__plt00076__fab0000_comp02_logden.f32__c0008__dt-f32/chunk_0,1000000,2,ans shuffle=byte,primary,1.12259197,-1,2.09988395,3.11998997,1
fields/00230__plt00076__fab0000_comp02_logden.f32__c0000__dt-f32/chunk_0,1000000,2,ans shuffle=byte,primary,5.09385586,-1,3.4216759,6.31965986,1
fields/00234__plt00078__fab0000_comp00_density.f32__c0000__dt-f32/chunk_0,1000000,2,ans shuffle=byte,primary,8.57824039,-1,6.21627021,9.25297039,1
fields/00236__plt00078__fab0000_comp02_logden.f32__c0008__dt-f32/chunk_0,1000000,2,ans shuffle=byte,primary,4.41196823,-1,2.07970948,6.42874223,1
fields/00237__plt00079__fab0000_comp00_density.f32__c0000__dt-f32/chunk_0,1000000,2,ans shuffle=byte,primary,8.32198429,-1,6.21627021,8.99671429,1
fields/00238__plt00079__fab0000_comp01_rho_E.f32__c0008__dt-f32/chunk_0,1000000,35,spratio,primary,4.50422382,-1,5.34836309,5.28844582,1
fields/00235__plt00078__fab0000_comp01_rho_E.f32__c0000__dt-f32/chunk_0,1000000,35,spratio,primary,1.52553594,-1,321.156508,1.53859594,1
fields/00238__plt00079__fab0000_comp01_rho_E.f32__c0000__dt-f32/chunk_0,1000000,35,spratio,primary,6.4808321,-1,321.156508,6.4938921,1
fields/00237__plt00079__fab0000_comp00_density.f32__c0008__dt-f32/chunk_0,1000000,2,ans shuffle=byte,primary,4.37526417,-1,2.69682641,5.93053817,1
fields/00235__plt00078__fab0000_comp01_rho_E.f32__c0008__dt-f32/chunk_0,1000000,35,spratio,primary,0.65596801,-1,5.41662502,1.43030701,1
fields/00236__plt00078__fab0000_comp02_logden.f32__c0000__dt-f32/chunk_0,1000000,2,ans shuffle=byte,primary,3.97839999,-1,3.4216759,5.20420399,1
fields/00234__plt00078__fab0000_comp00_density.f32__c0008__dt-f32/chunk_0,1000000,2,ans shuffle=byte,primary,9.86812782,-1,2.71590952,11.4124738,1
fields/00241__plt00080__fab0000_comp01_rho_E.f32__c0008__dt-f32/chunk_0,1000000,35,spratio,primary,2.67036796,-1,5.28555424,3.46390896,1
fields/00239__plt00079__fab0000_comp02_logden.f32__c0000__dt-f32/chunk_0,1000000,2,ans shuffle=byte,primary,3.18255997,-1,3.4216759,4.40836397,1
fields/00239__plt00079__fab0000_comp02_logden.f32__c0008__dt-f32/chunk_0,1000000,2,ans shuffle=byte,primary,11.1424322,-1,2.0697996,13.1688622,1
fields/00243__plt00081__fab0000_comp00_density.f32__c0000__dt-f32/chunk_0,1000000,2,ans shuffle=byte,primary,6.59699202,-1,6.21627021,7.27172202,1
fields/00242__plt00080__fab0000_comp02_logden.f32__c0000__dt-f32/chunk_0,1000000,2,ans shuffle=byte,primary,4.86345577,-1,3.4216759,6.08925977,1
fields/00241__plt00080__fab0000_comp01_rho_E.f32__c0000__dt-f32/chunk_0,1000000,35,spratio,primary,3.13148808,-1,321.156508,3.14454808,1
fields/00240__plt00080__fab0000_comp00_density.f32__c0000__dt-f32/chunk_0,1000000,2,ans shuffle=byte,primary,5.22233582,-1,6.21627021,5.89706582,1
fields/00240__plt00080__fab0000_comp00_density.f32__c0008__dt-f32/chunk_0,1000000,2,ans shuffle=byte,primary,8.38886356,-1,2.67810878,9.95500756,1
fields/00242__plt00080__fab0000_comp02_logden.f32__c0008__dt-f32/chunk_0,1000000,2,ans shuffle=byte,primary,8.41808033,-1,2.0601537,10.4539983,1
fields/00244__plt00081__fab0000_comp01_rho_E.f32__c0000__dt-f32/chunk_0,1000000,35,spratio,primary,1.75686395,-1,321.156508,1.76992395,1
fields/00243__plt00081__fab0000_comp00_density.f32__c0008__dt-f32/chunk_0,1000000,2,ans shuffle=byte,primary,11.2910719,-1,2.65959185,12.8681199,1
fields/00246__plt00082__fab0000_comp00_density.f32__c0000__dt-f32/chunk_0,1000000,2,ans shuffle=byte,primary,7.31955194,-1,6.21627021,7.99428194,1
fields/00245__plt00081__fab0000_comp02_logden.f32__c0008__dt-f32/chunk_0,1000000,2,ans shuffle=byte,primary,3.56691194,-1,2.05019635,5.61271794,1
fields/00244__plt00081__fab0000_comp01_rho_E.f32__c0008__dt-f32/chunk_0,1000000,35,spratio,primary,0.427648008,-1,5.22614328,1.23021001,1
fields/00245__plt00081__fab0000_comp02_logden.f32__c0000__dt-f32/chunk_0,1000000,2,ans shuffle=byte,primary,3.93308806,-1,3.4216759,5.15889206,1
fields/00248__plt00082__fab0000_comp02_logden.f32__c0008__dt-f32/chunk_0,1000000,2,ans shuffle=byte,primary,7.23414421,-1,2.04069217,9.28947821,1
fields/00246__plt00082__fab0000_comp00_density.f32__c0008__dt-f32/chunk_0,1000000,2,ans shuffle=byte,primary,7.36899185,-1,2.64155544,8.95680785,1
fields/00249__plt00083__fab0000_comp00_density.f32__c0000__dt-f32/chunk_0,1000000,2,ans shuffle=byte,primary,10.0521917,-1,6.21627021,10.7269217,1
fields/00247__plt00082__fab0000_comp01_rho_E.f32__c0000__dt-f32/chunk_0,1000000,39,spspeed shuffle=bit,primary,0.725791991,-1,461.318082,0.734883991,1
fields/00247__plt00082__fab0000_comp01_rho_E.f32__c0008__dt-f32/chunk_0,1000000,35,spratio,primary,3.16700792,-1,5.16592706,3.97892492,1
fields/00250__plt00083__fab0000_comp01_rho_E.f32__c0000__dt-f32/chunk_0,1000000,39,spspeed shuffle=bit,primary,3.56256008,-1,461.318082,3.57165208,1
fields/00248__plt00082__fab0000_comp02_logden.f32__c0000__dt-f32/chunk_0,1000000,2,ans shuffle=byte,primary,8.63443184,-1,3.4216759,9.86023584,1
fields/00250__plt00083__fab0000_comp01_rho_E.f32__c0008__dt-f32/chunk_0,1000000,35,spratio,primary,2.62752008,-1,5.10751178,3.44872308,1
fields/00251__plt00083__fab0000_comp02_logden.f32__c0000__dt-f32/chunk_0,1000000,2,ans shuffle=byte,primary,10.146656,-1,3.4216759,11.37246,1
fields/00251__plt00083__fab0000_comp02_logden.f32__c0008__dt-f32/chunk_0,1000000,2,ans shuffle=byte,primary,7.6141758,-1,2.03118126,9.6791338,1
fields/00249__plt00083__fab0000_comp00_density.f32__c0008__dt-f32/chunk_0,1000000,2,ans shuffle=byte,primary,11.5092163,-1,2.62350601,13.1079563,1
fields/00253__plt00084__fab0000_comp01_rho_E.f32__c0000__dt-f32/chunk_0,1000000,35,spratio,primary,1.80585599,-1,321.156508,1.81891599,1
fields/00253__plt00084__fab0000_comp01_rho_E.f32__c0008__dt-f32/chunk_0,1000000,35,spratio,primary,2.17705607,-1,5.04565785,3.00832607,1
fields/00252__plt00084__fab0000_comp00_density.f32__c0000__dt-f32/chunk_0,1000000,2,ans shuffle=byte,primary,6.43094397,-1,6.21627021,7.10567397,1
fields/00254__plt00084__fab0000_comp02_logden.f32__c0008__dt-f32/chunk_0,1000000,2,ans shuffle=byte,primary,1.93353605,-1,2.02181512,4.00806005,1
fields/00252__plt00084__fab0000_comp00_density.f32__c0008__dt-f32/chunk_0,1000000,2,ans shuffle=byte,primary,4.75231981,-1,2.60490536,6.36247581,1
fields/00254__plt00084__fab0000_comp02_logden.f32__c0000__dt-f32/chunk_0,1000000,2,ans shuffle=byte,primary,1.98444796,-1,3.4216759,3.21025196,1
fields/00256__plt00085__fab0000_comp01_rho_E.f32__c0000__dt-f32/chunk_0,1000000,36,spratio shuffle=bit,primary,0.390816003,-1,2641.24937,0.392404003,1
fields/00255__plt00085__fab0000_comp00_density.f32__c0000__dt-f32/chunk_0,1000000,2,ans shuffle=byte,primary,3.92857599,-1,6.21627021,4.60330599,1
fields/00255__plt00085__fab0000_comp00_density.f32__c0008__dt-f32/chunk_0,1000000,2,ans shuffle=byte,primary,9.24838448,-1,2.58647091,10.8700165,1
fields/00258__plt00086__fab0000_comp00_density.f32__c0008__dt-f32/chunk_0,1000000,2,ans shuffle=byte,primary,1.34495997,-1,2.56827038,2.97808397,1
fields/00258__plt00086__fab0000_comp00_density.f32__c0000__dt-f32/chunk_0,1000000,2,ans shuffle=byte,primary,5.72537613,-1,6.21627021,6.40010613,1
fields/00256__plt00085__fab0000_comp01_rho_E.f32__c0008__dt-f32/chunk_0,1000000,35,spratio,primary,3.32543993,-1,4.98240604,4.16726293,1
fields/00259__plt00086__fab0000_comp01_rho_E.f32__c0000__dt-f32/chunk_0,1000000,39,spspeed shuffle=bit,primary,0.890784025,-1,461.318082,0.899876025,1
fields/00257__plt00085__fab0000_comp02_logden.f32__c0000__dt-f32/chunk_0,1000000,2,ans shuffle=byte,primary,2.51936007,-1,3.4216759,3.74516407,1
fields/00259__plt00086__fab0000_comp01_rho_E.f32__c0008__dt-f32/chunk_0,1000000,35,spratio,primary,0.243872002,-1,4.92097446,1.096204,1
fields/00260__plt00086__fab0000_comp02_logden.f32__c0000__dt-f32/chunk_0,1000000,2,ans shuffle=byte,primary,1.86857605,-1,3.4216759,3.09438005,1
fields/00257__plt00085__fab0000_comp02_logden.f32__c0008__dt-f32/chunk_0,1000000,2,ans shuffle=byte,primary,3.71478391,-1,2.01193257,5.79949791,1
fields/00263__plt00087__fab0000_comp02_logden.f32__c0008__dt-f32/chunk_0,1000000,2,ans shuffle=byte,primary,6.85036802,-1,1.99306422,8.95481802,1
fields/00261__plt00087__fab0000_comp00_density.f32__c0000__dt-f32/chunk_0,1000000,2,ans shuffle=byte,primary,7.17670393,-1,6.21627021,7.85143393,1
fields/00264__plt00088__fab0000_comp00_density.f32__c0008__dt-f32/chunk_0,1000000,2,ans shuffle=byte,primary,3.57638407,-1,2.53323895,5.23209207,1
fields/00260__plt00086__fab0000_comp02_logden.f32__c0008__dt-f32/chunk_0,1000000,2,ans shuffle=byte,primary,8.17702389,-1,2.00226659,10.2718019,1
fields/00262__plt00087__fab0000_comp01_rho_E.f32__c0008__dt-f32/chunk_0,1000000,35,spratio,primary,0.651808023,-1,4.86086465,1.51468002,1
fields/00262__plt00087__fab0000_comp01_rho_E.f32__c0000__dt-f32/chunk_0,1000000,39,spspeed shuffle=bit,primary,2.09132791,-1,461.318082,2.10041991,1
fields/00261__plt00087__fab0000_comp00_density.f32__c0008__dt-f32/chunk_0,1000000,2,ans shuffle=byte,primary,5.54102421,-1,2.55082053,7.18532021,1
fields/00264__plt00088__fab0000_comp00_density.f32__c0000__dt-f32/chunk_0,1000000,2,ans shuffle=byte,primary,12.7969923,-1,6.21627021,13.4717223,1
fields/00263__plt00087__fab0000_comp02_logden.f32__c0000__dt-f32/chunk_0,1000000,2,ans shuffle=byte,primary,3.15059209,-1,3.4216759,4.37639609,1
fields/00265__plt00088__fab0000_comp01_rho_E.f32__c0000__dt-f32/chunk_0,1000000,39,spspeed shuffle=bit,primary,0.418303996,-1,461.318082,0.427395996,1
fields/00265__plt00088__fab0000_comp01_rho_E.f32__c0008__dt-f32/chunk_0,1000000,35,spratio,primary,0.22992,-1,4.80018311,1.1037,1
fields/00268__plt00089__fab0000_comp01_rho_E.f32__c0000__dt-f32/chunk_0,1000000,39,spspeed shuffle=bit,primary,3.71059203,-1,461.318082,3.71968403,1
fields/00268__plt00089__fab0000_comp01_rho_E.f32__c0008__dt-f32/chunk_0,1000000,35,spratio,primary,1.78294396,-1,4.74112657,2.66760796,1
fields/00266__plt00088__fab0000_comp02_logden.f32__c0000__dt-f32/chunk_0,1000000,2,ans shuffle=byte,primary,5.62559986,-1,3.4216759,6.85140386,1
fields/00267__plt00089__fab0000_comp00_density.f32__c0008__dt-f32/chunk_0,1000000,2,ans shuffle=byte,primary,7.19561577,-1,2.51673743,8.86217977,1
fields/00267__plt00089__fab0000_comp00_density.f32__c0000__dt-f32/chunk_0,1000000,2,ans shuffle=byte,primary,9.00454426,-1,6.21627021,9.67927426,1
fields/00266__plt00088__fab0000_comp02_logden.f32__c0008__dt-f32/chunk_0,1000000,2,ans shuffle=byte,primary,7.99897623,-1,1.98398172,10.1130602,1
fields/00269__plt00089__fab0000_comp02_logden.f32__c0008__dt-f32/chunk_0,1000000,2,ans shuffle=byte,primary,10.5068159,-1,1.97487188,12.6306519,1
fields/00269__plt00089__fab0000_comp02_logden.f32__c0000__dt-f32/chunk_0,1000000,2,ans shuffle=byte,primary,10.5023041,-1,3.4216759,11.7281081,1
fields/00270__plt00090__fab0000_comp00_density.f32__c0000__dt-f32/chunk_0,1000000,2,ans shuffle=byte,primary,0.30982399,-1,6.21627021,0.98455399,1
fields/00272__plt00090__fab0000_comp02_logden.f32__c0008__dt-f32/chunk_0,1000000,2,ans shuffle=byte,primary,5.71843195,-1,1.96605174,7.85179595,1
fields/00271__plt00090__fab0000_comp01_rho_E.f32__c0008__dt-f32/chunk_0,1000000,35,spratio,primary,0.236576006,-1,4.68610615,1.13162701,1
fields/00271__plt00090__fab0000_comp01_rho_E.f32__c0000__dt-f32/chunk_0,1000000,39,spspeed shuffle=bit,primary,3.1486721,-1,461.318082,3.1577641,1
fields/00270__plt00090__fab0000_comp00_density.f32__c0008__dt-f32/chunk_0,1000000,2,ans shuffle=byte,primary,4.32521582,-1,2.49984742,6.00303982,1
fields/00272__plt00090__fab0000_comp02_logden.f32__c0000__dt-f32/chunk_0,1000000,2,ans shuffle=byte,primary,4.30624008,-1,3.4216759,5.53204408,1
fields/00275__plt00091__fab0000_comp02_logden.f32__c0000__dt-f32/chunk_0,1000000,2,ans shuffle=byte,primary,2.00300789,-1,3.4216759,3.22881189,1
fields/00273__plt00091__fab0000_comp00_density.f32__c0000__dt-f32/chunk_0,1000000,2,ans shuffle=byte,primary,6.57324791,-1,6.21627021,7.24797791,1
fields/00274__plt00091__fab0000_comp01_rho_E.f32__c0000__dt-f32/chunk_0,1000000,35,spratio,primary,0.933664024,-1,321.156508,0.946724024,1
fields/00274__plt00091__fab0000_comp01_rho_E.f32__c0008__dt-f32/chunk_0,1000000,35,spratio,primary,3.53692794,-1,4.63102851,4.44262394,1
fields/00273__plt00091__fab0000_comp00_density.f32__c0008__dt-f32/chunk_0,1000000,2,ans shuffle=byte,primary,7.91606379,-1,2.48325905,9.60509579,1
fields/00276__plt00092__fab0000_comp00_density.f32__c0000__dt-f32/chunk_0,1000000,2,ans shuffle=byte,primary,9.92768002,-1,6.21627021,10.60241,1
fields/00275__plt00091__fab0000_comp02_logden.f32__c0008__dt-f32/chunk_0,1000000,2,ans shuffle=byte,primary,5.92723179,-1,1.95698126,8.07048379,1
fields/00277__plt00092__fab0000_comp01_rho_E.f32__c0000__dt-f32/chunk_0,1000000,39,spspeed shuffle=bit,primary,0.857183993,-1,461.318082,0.866275993,1
fields/00277__plt00092__fab0000_comp01_rho_E.f32__c0008__dt-f32/chunk_0,1000000,35,spratio,primary,0.894944012,-1,4.57829973,1.81107101,1
fields/00276__plt00092__fab0000_comp00_density.f32__c0008__dt-f32/chunk_0,1000000,2,ans shuffle=byte,primary,3.78163195,-1,2.46702868,5.48177595,1
fields/00278__plt00092__fab0000_comp02_logden.f32__c0000__dt-f32/chunk_0,1000000,2,ans shuffle=byte,primary,6.2750721,-1,3.4216759,7.5008761,1
fields/00279__plt00093__fab0000_comp00_density.f32__c0008__dt-f32/chunk_0,1000000,2,ans shuffle=byte,primary,4.27814388,-1,2.44992675,5.99015588,1
fields/00280__plt00093__fab0000_comp01_rho_E.f32__c0000__dt-f32/chunk_0,1000000,35,spratio,primary,3.55929589,-1,321.156508,3.57235589,1
fields/00278__plt00092__fab0000_comp02_logden.f32__c0008__dt-f32/chunk_0,1000000,2,ans shuffle=byte,primary,6.74944019,-1,1.94796876,8.90260819,1
fields/00280__plt00093__fab0000_comp01_rho_E.f32__c0008__dt-f32/chunk_0,1000000,35,spratio,primary,5.07552004,-1,4.52604499,6.00222404,1
fields/00279__plt00093__fab0000_comp00_density.f32__c0000__dt-f32/chunk_0,1000000,2,ans shuffle=byte,primary,7.31107187,-1,6.21627021,7.98580187,1
fields/00282__plt00094__fab0000_comp00_density.f32__c0000__dt-f32/chunk_0,1000000,2,ans shuffle=byte,primary,2.59484792,-1,6.21627021,3.26957792,1
fields/00281__plt00093__fab0000_comp02_logden.f32__c0000__dt-f32/chunk_0,1000000,2,ans shuffle=byte,primary,2.59904003,-1,3.4216759,3.82484403,1
fields/00282__plt00094__fab0000_comp00_density.f32__c0008__dt-f32/chunk_0,1000000,2,ans shuffle=byte,primary,3.41228795,-1,2.43386224,5.13559995,1
fields/00281__plt00093__fab0000_comp02_logden.f32__c0008__dt-f32/chunk_0,1000000,2,ans shuffle=byte,primary,3.66380811,-1,1.93917874,5.82673611,1
fields/00283__plt00094__fab0000_comp01_rho_E.f32__c0008__dt-f32/chunk_0,1000000,35,spratio,primary,0.773407996,-1,4.47511763,1.710658,1
fields/00284__plt00094__fab0000_comp02_logden.f32__c0000__dt-f32/chunk_0,1000000,2,ans shuffle=byte,primary,8.48150444,-1,3.4216759,9.70730844,1
fields/00285__plt00095__fab0000_comp00_density.f32__c0008__dt-f32/chunk_0,1000000,2,ans shuffle=byte,primary,1.37273598,-1,2.41754989,3.10767598,1
fields/00284__plt00094__fab0000_comp02_logden.f32__c0008__dt-f32/chunk_0,1000000,2,ans shuffle=byte,primary,11.7099838,-1,1.93012301,13.8830598,1
fields/00283__plt00094__fab0000_comp01_rho_E.f32__c0000__dt-f32/chunk_0,1000000,39,spspeed shuffle=bit,primary,1.28620803,-1,461.318082,1.29530003,1
fields/00285__plt00095__fab0000_comp00_density.f32__c0000__dt-f32/chunk_0,1000000,2,ans shuffle=byte,primary,3.05868793,-1,6.21627021,3.73341793,1
fields/00286__plt00095__fab0000_comp01_rho_E.f32__c0000__dt-f32/chunk_0,1000000,39,spspeed shuffle=bit,primary,0.994431973,-1,461.318082,1.00352397,1
fields/00287__plt00095__fab0000_comp02_logden.f32__c0000__dt-f32/chunk_0,1000000,2,ans shuffle=byte,primary,4.54457617,-1,3.4216759,5.77038017,1
fields/00290__plt00096__fab0000_comp02_logden.f32__c0000__dt-f32/chunk_0,1000000,2,ans shuffle=byte,primary,1.81961596,-1,3.4216759,3.04541996,1
fields/00288__plt00096__fab0000_comp00_density.f32__c0000__dt-f32/chunk_0,1000000,2,ans shuffle=byte,primary,6.27740812,-1,6.21627021,6.95213812,1
fields/00287__plt00095__fab0000_comp02_logden.f32__c0008__dt-f32/chunk_0,1000000,2,ans shuffle=byte,primary,6.27529621,-1,1.9209579,8.45874021,1
fields/00289__plt00096__fab0000_comp01_rho_E.f32__c0000__dt-f32/chunk_0,1000000,35,spratio,primary,1.29183996,-1,321.156508,1.30489996,1
fields/00286__plt00095__fab0000_comp01_rho_E.f32__c0008__dt-f32/chunk_0,1000000,35,spratio,primary,5.51561594,-1,4.42492209,6.46349794,1
fields/00288__plt00096__fab0000_comp00_density.f32__c0008__dt-f32/chunk_0,1000000,2,ans shuffle=byte,primary,3.19228792,-1,2.40131725,4.93895592,1
fields/00289__plt00096__fab0000_comp01_rho_E.f32__c0008__dt-f32/chunk_0,1000000,35,spratio,primary,0.330303997,-1,4.37694517,1.288576,1
fields/00291__plt00097__fab0000_comp00_density.f32__c0008__dt-f32/chunk_0,1000000,2,ans shuffle=byte,primary,3.40697598,-1,2.38515465,5.16547998,1
fields/00290__plt00096__fab0000_comp02_logden.f32__c0008__dt-f32/chunk_0,1000000,2,ans shuffle=byte,primary,12.4805441,-1,1.91198574,14.6742341,1
fields/00291__plt00097__fab0000_comp00_density.f32__c0000__dt-f32/chunk_0,1000000,2,ans shuffle=byte,primary,3.42607999,-1,6.21627021,4.10080999,1
fields/00292__plt00097__fab0000_comp01_rho_E.f32__c0008__dt-f32/chunk_0,1000000,35,spratio,primary,0.938880026,-1,4.33214864,1.90706103,1
fields/00292__plt00097__fab0000_comp01_rho_E.f32__c0000__dt-f32/chunk_0,1000000,39,spspeed shuffle=bit,primary,3.12726402,-1,461.318082,3.13635602,1
fields/00293__plt00097__fab0000_comp02_logden.f32__c0000__dt-f32/chunk_0,1000000,2,ans shuffle=byte,primary,5.83923197,-1,3.4216759,7.06503597,1
fields/00295__plt00098__fab0000_comp01_rho_E.f32__c0000__dt-f32/chunk_0,1000000,35,spratio,primary,0.674816012,-1,321.156508,0.687876012,1
fields/00293__plt00097__fab0000_comp02_logden.f32__c0008__dt-f32/chunk_0,1000000,2,ans shuffle=byte,primary,5.85660791,-1,1.90334054,8.06026191,1
fields/00297__plt00099__fab0000_comp00_density.f32__c0000__dt-f32/chunk_0,1000000,2,ans shuffle=byte,primary,3.67603207,-1,6.21627021,4.35076207,1
fields/00294__plt00098__fab0000_comp00_density.f32__c0000__dt-f32/chunk_0,1000000,2,ans shuffle=byte,primary,10.8290882,-1,6.21627021,11.5038182,1
fields/00295__plt00098__fab0000_comp01_rho_E.f32__c0008__dt-f32/chunk_0,1000000,35,spratio,primary,0.405151993,-1,4.28681782,1.38357099,1
fields/00294__plt00098__fab0000_comp00_density.f32__c0008__dt-f32/chunk_0,1000000,2,ans shuffle=byte,primary,9.17568016,-1,2.36945444,10.9458362,1
fields/00296__plt00098__fab0000_comp02_logden.f32__c0008__dt-f32/chunk_0,1000000,2,ans shuffle=byte,primary,0.979488015,-1,1.89444796,3.19348602,1
fields/00296__plt00098__fab0000_comp02_logden.f32__c0000__dt-f32/chunk_0,1000000,2,ans shuffle=byte,primary,3.65094399,-1,3.4216759,4.87674799,1
fields/00298__plt00099__fab0000_comp01_rho_E.f32__c0000__dt-f32/chunk_0,1000000,39,spspeed shuffle=bit,primary,0.439520001,-1,461.318082,0.448612001,1
fields/00298__plt00099__fab0000_comp01_rho_E.f32__c0008__dt-f32/chunk_0,1000000,35,spratio,primary,1.53388798,-1,4.23750965,2.52369198,1
fields/00297__plt00099__fab0000_comp00_density.f32__c0008__dt-f32/chunk_0,1000000,2,ans shuffle=byte,primary,1.68713605,-1,2.35371123,3.46913205,1
fields/00299__plt00099__fab0000_comp02_logden.f32__c0000__dt-f32/chunk_0,1000000,2,ans shuffle=byte,primary,10.8972483,-1,3.4216759,12.1230523,1
fields/00300__plt00100__fab0000_comp00_density.f32__c0000__dt-f32/chunk_0,1000000,2,ans shuffle=byte,primary,6.63507223,-1,6.21627021,7.30980223,1
fields/00299__plt00099__fab0000_comp02_logden.f32__c0008__dt-f32/chunk_0,1000000,2,ans shuffle=byte,primary,11.9464321,-1,1.88610954,14.1702181,1
fields/00301__plt00100__fab0000_comp01_rho_E.f32__c0008__dt-f32/chunk_0,1000000,35,spratio,primary,3.54985595,-1,4.18947772,4.55100795,1
fields/00301__plt00100__fab0000_comp01_rho_E.f32__c0000__dt-f32/chunk_0,1000000,35,spratio,primary,3.50819206,-1,321.156508,3.52125206,1
fields/00302__plt00100__fab0000_comp02_logden.f32__c0000__dt-f32/chunk_0,1000000,2,ans shuffle=byte,primary,11.2118397,-1,3.4216759,12.4376437,1
fields/00300__plt00100__fab0000_comp00_density.f32__c0008__dt-f32/chunk_0,1000000,2,ans shuffle=byte,primary,6.12463999,-1,2.33814977,7.91849599,1
fields/00303__plt00101__fab0000_comp00_density.f32__c0000__dt-f32/chunk_0,1000000,2,ans shuffle=byte,primary,5.13817596,-1,6.21627021,5.81290596,1
fields/00302__plt00100__fab0000_comp02_logden.f32__c0008__dt-f32/chunk_0,1000000,2,ans shuffle=byte,primary,6.27299213,-1,1.87723235,8.50729413,1
fields/00303__plt00101__fab0000_comp00_density.f32__c0008__dt-f32/chunk_0,1000000,2,ans shuffle=byte,primary,2.5923841,-1,2.32291623,4.3980041,1
fields/00304__plt00101__fab0000_comp01_rho_E.f32__c0008__dt-f32/chunk_0,1000000,35,spratio,primary,0.0976639986,-1,4.14402455,1.109797,1
fields/00304__plt00101__fab0000_comp01_rho_E.f32__c0000__dt-f32/chunk_0,1000000,39,spspeed shuffle=bit,primary,0.744351983,-1,461.318082,0.753443983,1
fields/00307__plt00102__fab0000_comp01_rho_E.f32__c0000__dt-f32/chunk_0,1000000,39,spspeed shuffle=bit,primary,3.35215998,-1,461.318082,3.36125198,1
fields/00305__plt00101__fab0000_comp02_logden.f32__c0008__dt-f32/chunk_0,1000000,2,ans shuffle=byte,primary,4.36454391,-1,1.86842169,6.60938191,1
fields/00305__plt00101__fab0000_comp02_logden.f32__c0000__dt-f32/chunk_0,1000000,2,ans shuffle=byte,primary,10.9341116,-1,3.4216759,12.1599156,1
fields/00308__plt00102__fab0000_comp02_logden.f32__c0000__dt-f32/chunk_0,1000000,2,ans shuffle=byte,primary,1.923136,-1,3.4216759,3.14894,1
fields/00306__plt00102__fab0000_comp00_density.f32__c0000__dt-f32/chunk_0,1000000,2,ans shuffle=byte,primary,9.91142368,-1,6.21627021,10.5861537,1
fields/00307__plt00102__fab0000_comp01_rho_E.f32__c0008__dt-f32/chunk_0,1000000,35,spratio,primary,1.220608,-1,4.09940683,2.243757,1
fields/00309__plt00103__fab0000_comp00_density.f32__c0000__dt-f32/chunk_0,1000000,2,ans shuffle=byte,primary,9.18467236,-1,6.21627021,9.85940236,1
fields/00306__plt00102__fab0000_comp00_density.f32__c0008__dt-f32/chunk_0,1000000,2,ans shuffle=byte,primary,11.7412796,-1,2.30768181,13.5588196,1
fields/00308__plt00102__fab0000_comp02_logden.f32__c0008__dt-f32/chunk_0,1000000,2,ans shuffle=byte,primary,5.53001595,-1,1.85981868,7.78523795,1
fields/00309__plt00103__fab0000_comp00_density.f32__c0008__dt-f32/chunk_0,1000000,2,ans shuffle=byte,primary,10.1362562,-1,2.29253564,11.9658042,1
fields/00310__plt00103__fab0000_comp01_rho_E.f32__c0000__dt-f32/chunk_0,1000000,35,spratio,primary,1.44028795,-1,321.156508,1.45334795,1
fields/00310__plt00103__fab0000_comp01_rho_E.f32__c0008__dt-f32/chunk_0,1000000,35,spratio,primary,1.04467201,-1,4.05564946,2.07886001,1
fields/00312__plt00104__fab0000_comp00_density.f32__c0008__dt-f32/chunk_0,1000000,2,ans shuffle=byte,primary,7.26681614,-1,2.27739902,9.10852414,1
fields/00311__plt00103__fab0000_comp02_logden.f32__c0000__dt-f32/chunk_0,1000000,2,ans shuffle=byte,primary,8.8263998,-1,3.4216759,10.0522038,1
fields/00311__plt00103__fab0000_comp02_logden.f32__c0008__dt-f32/chunk_0,1000000,2,ans shuffle=byte,primary,7.17392015,-1,1.85108864,9.43977815,1
fields/00312__plt00104__fab0000_comp00_density.f32__c0000__dt-f32/chunk_0,1000000,2,ans shuffle=byte,primary,9.60627174,-1,6.21627021,10.2810017,1
fields/00313__plt00104__fab0000_comp01_rho_E.f32__c0008__dt-f32/chunk_0,1000000,35,spratio,primary,0.357024014,-1,4.01406448,1.40192601,1
fields/00315__plt00105__fab0000_comp00_density.f32__c0000__dt-f32/chunk_0,1000000,2,ans shuffle=byte,primary,4.10288,-1,6.21627021,4.77761,1
fields/00316__plt00105__fab0000_comp01_rho_E.f32__c0000__dt-f32/chunk_0,1000000,39,spspeed shuffle=bit,primary,0.31833601,-1,461.318082,0.32742801,1
fields/00313__plt00104__fab0000_comp01_rho_E.f32__c0000__dt-f32/chunk_0,1000000,39,spspeed shuffle=bit,primary,4.50332785,-1,461.318082,4.51241985,1
fields/00314__plt00104__fab0000_comp02_logden.f32__c0000__dt-f32/chunk_0,1000000,2,ans shuffle=byte,primary,8.78102398,-1,3.4216759,10.006828,1
fields/00314__plt00104__fab0000_comp02_logden.f32__c0008__dt-f32/chunk_0,1000000,2,ans shuffle=byte,primary,4.11401606,-1,1.8428093,6.39005406,1
fields/00316__plt00105__fab0000_comp01_rho_E.f32__c0008__dt-f32/chunk_0,1000000,35,spratio,primary,3.65919995,-1,3.97085223,4.71547295,1
fields/00317__plt00105__fab0000_comp02_logden.f32__c0000__dt-f32/chunk_0,1000000,2,ans shuffle=byte,primary,7.56892776,-1,3.4216759,8.79473176,1
fields/00315__plt00105__fab0000_comp00_density.f32__c0008__dt-f32/chunk_0,1000000,2,ans shuffle=byte,primary,2.01635194,-1,2.26193876,3.87064794,1
fields/00318__plt00106__fab0000_comp00_density.f32__c0000__dt-f32/chunk_0,1000000,2,ans shuffle=byte,primary,6.90320015,-1,6.21627021,7.57793015,1
fields/00317__plt00105__fab0000_comp02_logden.f32__c0008__dt-f32/chunk_0,1000000,2,ans shuffle=byte,primary,7.43276787,-1,1.83399403,9.71974587,1
fields/00318__plt00106__fab0000_comp00_density.f32__c0008__dt-f32/chunk_0,1000000,2,ans shuffle=byte,primary,5.77622414,-1,2.2467929,7.64302014,1
fields/00319__plt00106__fab0000_comp01_rho_E.f32__c0000__dt-f32/chunk_0,1000000,35,spratio,primary,1.45257604,-1,321.156508,1.46563604,1
fields/00323__plt00107__fab0000_comp02_logden.f32__c0008__dt-f32/chunk_0,1000000,2,ans shuffle=byte,primary,2.76172805,-1,1.81667862,5.07050405,1
fields/00319__plt00106__fab0000_comp01_rho_E.f32__c0008__dt-f32/chunk_0,1000000,35,spratio,primary,1.10502398,-1,3.92925603,2.17247898,1
fields/00320__plt00106__fab0000_comp02_logden.f32__c0000__dt-f32/chunk_0,1000000,2,ans shuffle=byte,primary,9.82419205,-1,3.4216759,11.049996,1
fields/00321__plt00107__fab0000_comp00_density.f32__c0008__dt-f32/chunk_0,1000000,2,ans shuffle=byte,primary,3.73945594,-1,2.23193878,5.61867594,1
fields/00322__plt00107__fab0000_comp01_rho_E.f32__c0000__dt-f32/chunk_0,1000000,35,spratio,primary,1.58588803,-1,321.156508,1.59894803,1
fields/00324__plt00108__fab0000_comp00_density.f32__c0000__dt-f32/chunk_0,1000000,2,ans shuffle=byte,primary,2.90483189,-1,6.21627021,3.57956189,1
fields/00323__plt00107__fab0000_comp02_logden.f32__c0000__dt-f32/chunk_0,1000000,2,ans shuffle=byte,primary,146.016068,-1,3.4216759,147.241872,1
fields/00320__plt00106__fab0000_comp02_logden.f32__c0008__dt-f32/chunk_0,1000000,2,ans shuffle=byte,primary,9.52003193,-1,1.8251372,11.8181079,1
fields/00321__plt00107__fab0000_comp00_density.f32__c0000__dt-f32/chunk_0,1000000,2,ans shuffle=byte,primary,3.94745588,-1,6.21627021,4.62218588,1
fields/00322__plt00107__fab0000_comp01_rho_E.f32__c0008__dt-f32/chunk_0,1000000,35,spratio,primary,0.0805760026,-1,3.89014161,1.158764,1
fields/00326__plt00108__fab0000_comp02_logden.f32__c0000__dt-f32/chunk_0,1000000,2,ans shuffle=byte,primary,4.6141758,-1,3.4216759,5.8399798,1
fields/00327__plt00109__fab0000_comp00_density.f32__c0000__dt-f32/chunk_0,1000000,2,ans shuffle=byte,primary,6.89628792,-1,6.21627021,7.57101792,1
fields/00326__plt00108__fab0000_comp02_logden.f32__c0008__dt-f32/chunk_0,1000000,2,ans shuffle=byte,primary,8.83996773,-1,1.80841659,11.1592917,1
fields/00324__plt00108__fab0000_comp00_density.f32__c0008__dt-f32/chunk_0,1000000,2,ans shuffle=byte,primary,5.35401583,-1,2.21626283,7.24652783,1
fields/00325__plt00108__fab0000_comp01_rho_E.f32__c0000__dt-f32/chunk_0,1000000,35,spratio,primary,0.805375993,-1,321.156508,0.818435993,1
fields/00325__plt00108__fab0000_comp01_rho_E.f32__c0008__dt-f32/chunk_0,1000000,35,spratio,primary,0.957408011,-1,3.85086464,2.04659301,1
fields/00327__plt00109__fab0000_comp00_density.f32__c0008__dt-f32/chunk_0,1000000,2,ans shuffle=byte,primary,4.26451206,-1,2.20178986,6.16946406,1
fields/00329__plt00109__fab0000_comp02_logden.f32__c0000__dt-f32/chunk_0,1000000,2,ans shuffle=byte,primary,8.51935959,-1,3.4216759,9.74516359,1
fields/00329__plt00109__fab0000_comp02_logden.f32__c0008__dt-f32/chunk_0,1000000,2,ans shuffle=byte,primary,1.59427202,-1,1.79968248,3.92485202,1
fields/00331__plt00110__fab0000_comp01_rho_E.f32__c0000__dt-f32/chunk_0,1000000,35,spratio,primary,0.73260802,-1,321.156508,0.74566802,1
fields/00328__plt00109__fab0000_comp01_rho_E.f32__c0000__dt-f32/chunk_0,1000000,35,spratio,primary,1.52342403,-1,321.156508,1.53648403,1
fields/00328__plt00109__fab0000_comp01_rho_E.f32__c0008__dt-f32/chunk_0,1000000,35,spratio,primary,1.00976002,-1,3.81143056,2.11021402,1
fields/00330__plt00110__fab0000_comp00_density.f32__c0000__dt-f32/chunk_0,1000000,2,ans shuffle=byte,primary,1.57241595,-1,6.21627021,2.24714595,1
fields/00331__plt00110__fab0000_comp01_rho_E.f32__c0008__dt-f32/chunk_0,1000000,35,spratio,primary,0.382880002,-1,3.77161191,1.494952,1
fields/00332__plt00110__fab0000_comp02_logden.f32__c0000__dt-f32/chunk_0,1000000,2,ans shuffle=byte,primary,1.18188798,-1,3.4216759,2.40769198,1
fields/00332__plt00110__fab0000_comp02_logden.f32__c0008__dt-f32/chunk_0,1000000,2,ans shuffle=byte,primary,10.9204483,-1,1.79136279,13.2618523,1
fields/00330__plt00110__fab0000_comp00_density.f32__c0008__dt-f32/chunk_0,1000000,2,ans shuffle=byte,primary,7.43187189,-1,2.18702107,9.34968789,1
fields/00334__plt00111__fab0000_comp01_rho_E.f32__c0008__dt-f32/chunk_0,1000000,35,spratio,primary,2.4462719,-1,3.73336087,3.5697379,1
fields/00333__plt00111__fab0000_comp00_density.f32__c0008__dt-f32/chunk_0,1000000,2,ans shuffle=byte,primary,7.11971188,-1,2.17209807,9.05070388,1
fields/00333__plt00111__fab0000_comp00_density.f32__c0000__dt-f32/chunk_0,1000000,2,ans shuffle=byte,primary,7.74905586,-1,6.21627021,8.42378586,1
fields/00334__plt00111__fab0000_comp01_rho_E.f32__c0000__dt-f32/chunk_0,1000000,35,spratio,primary,1.29529595,-1,321.156508,1.30835595,1
fields/00335__plt00111__fab0000_comp02_logden.f32__c0000__dt-f32/chunk_0,1000000,2,ans shuffle=byte,primary,13.4580479,-1,3.4216759,14.6838519,1
fields/00336__plt00112__fab0000_comp00_density.f32__c0000__dt-f32/chunk_0,1000000,2,ans shuffle=byte,primary,9.79827213,-1,6.21627021,10.4730021,1
fields/00337__plt00112__fab0000_comp01_rho_E.f32__c0000__dt-f32/chunk_0,1000000,39,spspeed shuffle=bit,primary,1.69740796,-1,461.318082,1.70649996,1
fields/00337__plt00112__fab0000_comp01_rho_E.f32__c0008__dt-f32/chunk_0,1000000,35,spratio,primary,0.601855993,-1,3.69301099,1.73759699,1
fields/00336__plt00112__fab0000_comp00_density.f32__c0008__dt-f32/chunk_0,1000000,2,ans shuffle=byte,primary,10.5606079,-1,2.1567428,12.5053479,1
fields/00338__plt00112__fab0000_comp02_logden.f32__c0000__dt-f32/chunk_0,1000000,2,ans shuffle=byte,primary,1.75331199,-1,3.4216759,2.97911599,1
fields/00335__plt00111__fab0000_comp02_logden.f32__c0008__dt-f32/chunk_0,1000000,2,ans shuffle=byte,primary,2.87791991,-1,1.78299535,5.23031191,1
fields/00339__plt00113__fab0000_comp00_density.f32__c0000__dt-f32/chunk_0,1000000,2,ans shuffle=byte,primary,5.15884781,-1,6.21627021,5.83357781,1
fields/00338__plt00112__fab0000_comp02_logden.f32__c0008__dt-f32/chunk_0,1000000,2,ans shuffle=byte,primary,6.5757761,-1,1.77463063,8.9392561,1
fields/00339__plt00113__fab0000_comp00_density.f32__c0008__dt-f32/chunk_0,1000000,2,ans shuffle=byte,primary,7.98121595,-1,2.14077238,9.94046395,1
fields/00340__plt00113__fab0000_comp01_rho_E.f32__c0008__dt-f32/chunk_0,1000000,35,spratio,primary,2.94428802,-1,3.6513898,4.09297502,1
fields/00343__plt00114__fab0000_comp01_rho_E.f32__c0000__dt-f32/chunk_0,1000000,39,spspeed shuffle=bit,primary,0.340768009,-1,461.318082,0.349860009,1
fields/00341__plt00113__fab0000_comp02_logden.f32__c0000__dt-f32/chunk_0,1000000,2,ans shuffle=byte,primary,3.68796802,-1,3.4216759,4.91377202,1
fields/00340__plt00113__fab0000_comp01_rho_E.f32__c0000__dt-f32/chunk_0,1000000,35,spratio,primary,3.70012808,-1,321.156508,3.71318808,1
fields/00342__plt00114__fab0000_comp00_density.f32__c0000__dt-f32/chunk_0,1000000,2,ans shuffle=byte,primary,3.1986239,-1,6.21627021,3.8733539,1
fields/00344__plt00114__fab0000_comp02_logden.f32__c0008__dt-f32/chunk_0,1000000,2,ans shuffle=byte,primary,4.13705587,-1,1.75778373,6.52318787,1
fields/00342__plt00114__fab0000_comp00_density.f32__c0008__dt-f32/chunk_0,1000000,2,ans shuffle=byte,primary,6.98444796,-1,2.12509272,8.95815196,1
fields/00344__plt00114__fab0000_comp02_logden.f32__c0000__dt-f32/chunk_0,1000000,2,ans shuffle=byte,primary,8.16035175,-1,3.4216759,9.38615575,1
fields/00341__plt00113__fab0000_comp02_logden.f32__c0008__dt-f32/chunk_0,1000000,2,ans shuffle=byte,primary,3.280128,-1,1.76609115,5.655036,1
fields/00343__plt00114__fab0000_comp01_rho_E.f32__c0008__dt-f32/chunk_0,1000000,35,spratio,primary,3.06406403,-1,3.61428063,4.22454503,1
fields/00345__plt00115__fab0000_comp00_density.f32__c0000__dt-f32/chunk_0,1000000,2,ans shuffle=byte,primary,3.26883197,-1,6.21627021,3.94356197,1
fields/00346__plt00115__fab0000_comp01_rho_E.f32__c0000__dt-f32/chunk_0,1000000,39,spspeed shuffle=bit,primary,2.26575994,-1,461.318082,2.27485194,1
fields/00347__plt00115__fab0000_comp02_logden.f32__c0000__dt-f32/chunk_0,1000000,2,ans shuffle=byte,primary,4.51344013,-1,3.4216759,5.73924413,1
fields/00345__plt00115__fab0000_comp00_density.f32__c0008__dt-f32/chunk_0,1000000,2,ans shuffle=byte,primary,2.40988803,-1,2.1096623,4.39802803,1
fields/00349__plt00116__fab0000_comp01_rho_E.f32__c0008__dt-f32/chunk_0,1000000,35,spratio,primary,1.41040003,-1,3.53998398,2.59523703,1
fields/00349__plt00116__fab0000_comp01_rho_E.f32__c0000__dt-f32/chunk_0,1000000,39,spspeed shuffle=bit,primary,3.59180808,-1,461.318082,3.60090008,1
fields/00347__plt00115__fab0000_comp02_logden.f32__c0008__dt-f32/chunk_0,1000000,2,ans shuffle=byte,primary,7.06054401,-1,1.74967087,9.45774001,1
fields/00346__plt00115__fab0000_comp01_rho_E.f32__c0008__dt-f32/chunk_0,1000000,35,spratio,primary,3.4317441,-1,3.57598416,4.6046531,1
fields/00348__plt00116__fab0000_comp00_density.f32__c0008__dt-f32/chunk_0,1000000,2,ans shuffle=byte,primary,8.59081554,-1,2.09500671,10.5928635,1
fields/00348__plt00116__fab0000_comp00_density.f32__c0000__dt-f32/chunk_0,1000000,2,ans shuffle=byte,primary,5.8231039,-1,6.21627021,6.4978339,1
fields/00350__plt00116__fab0000_comp02_logden.f32__c0008__dt-f32/chunk_0,1000000,2,ans shuffle=byte,primary,5.45910406,-1,1.74135778,7.86774406,1
fields/00352__plt00117__fab0000_comp01_rho_E.f32__c0000__dt-f32/chunk_0,1000000,35,spratio,primary,0.226303995,-1,321.156508,0.239363995,1
fields/00351__plt00117__fab0000_comp00_density.f32__c0000__dt-f32/chunk_0,1000000,2,ans shuffle=byte,primary,6.92700815,-1,6.21627021,7.60173815,1
fields/00352__plt00117__fab0000_comp01_rho_E.f32__c0008__dt-f32/chunk_0,1000000,35,spratio,primary,0.575487971,-1,3.50626886,1.77171797,1
fields/00350__plt00116__fab0000_comp02_logden.f32__c0000__dt-f32/chunk_0,1000000,2,ans shuffle=byte,primary,3.19824004,-1,3.4216759,4.42404404,1
fields/00353__plt00117__fab0000_comp02_logden.f32__c0000__dt-f32/chunk_0,1000000,2,ans shuffle=byte,primary,6.94774389,-1,3.4216759,8.17354789,1
fields/00351__plt00117__fab0000_comp00_density.f32__c0008__dt-f32/chunk_0,1000000,2,ans shuffle=byte,primary,6.3096962,-1,2.08080313,8.3254102,1
fields/00354__plt00118__fab0000_comp00_density.f32__c0008__dt-f32/chunk_0,1000000,2,ans shuffle=byte,primary,3.24633598,-1,2.06661772,5.27588598,1
fields/00355__plt00118__fab0000_comp01_rho_E.f32__c0000__dt-f32/chunk_0,1000000,35,spratio,primary,0.0675520003,-1,321.156508,0.0806120003,1
fields/00355__plt00118__fab0000_comp01_rho_E.f32__c0008__dt-f32/chunk_0,1000000,35,spratio,primary,0.189824,-1,3.47335959,1.397388,1
fields/00353__plt00117__fab0000_comp02_logden.f32__c0008__dt-f32/chunk_0,1000000,2,ans shuffle=byte,primary,5.73967981,-1,1.73343274,8.15933181,1
fields/00357__plt00119__fab0000_comp00_density.f32__c0000__dt-f32/chunk_0,1000000,2,ans shuffle=byte,primary,8.61126423,-1,6.21627021,9.28599423,1
fields/00354__plt00118__fab0000_comp00_density.f32__c0000__dt-f32/chunk_0,1000000,2,ans shuffle=byte,primary,7.17647982,-1,6.21627021,7.85120982,1
fields/00357__plt00119__fab0000_comp00_density.f32__c0008__dt-f32/chunk_0,1000000,2,ans shuffle=byte,primary,8.57875156,-1,2.05256013,10.6222016,1
fields/00358__plt00119__fab0000_comp01_rho_E.f32__c0008__dt-f32/chunk_0,1000000,35,spratio,primary,4.77929592,-1,3.44266378,5.99762692,1
fields/00356__plt00118__fab0000_comp02_logden.f32__c0008__dt-f32/chunk_0,1000000,2,ans shuffle=byte,primary,3.62208009,-1,1.72547871,6.05288609,1
fields/00359__plt00119__fab0000_comp02_logden.f32__c0000__dt-f32/chunk_0,1000000,2,ans shuffle=byte,primary,3.34444809,-1,3.4216759,4.57025209,1
fields/00356__plt00118__fab0000_comp02_logden.f32__c0000__dt-f32/chunk_0,1000000,2,ans shuffle=byte,primary,2.15145612,-1,3.4216759,3.37726012,1
fields/00360__plt00120__fab0000_comp00_density.f32__c0000__dt-f32/chunk_0,1000000,2,ans shuffle=byte,primary,1.38857603,-1,6.21627021,2.06330603,1
fields/00358__plt00119__fab0000_comp01_rho_E.f32__c0000__dt-f32/chunk_0,1000000,39,spspeed shuffle=bit,primary,3.02566409,-1,461.318082,3.03475609,1
fields/00359__plt00119__fab0000_comp02_logden.f32__c0008__dt-f32/chunk_0,1000000,2,ans shuffle=byte,primary,3.99264002,-1,1.7169041,6.43558602,1
fields/00361__plt00120__fab0000_comp01_rho_E.f32__c0008__dt-f32/chunk_0,1000000,35,spratio,primary,0.852223992,-1,3.41041361,2.08207599,1
fields/00360__plt00120__fab0000_comp00_density.f32__c0008__dt-f32/chunk_0,1000000,2,ans shuffle=byte,primary,9.66931152,-1,2.03976723,11.7255775,1
fields/00362__plt00120__fab0000_comp02_logden.f32__c0000__dt-f32/chunk_0,1000000,2,ans shuffle=byte,primary,8.36022377,-1,3.4216759,9.58602777,1
fields/00363__plt00121__fab0000_comp00_density.f32__c0000__dt-f32/chunk_0,1000000,2,ans shuffle=byte,primary,8.96841621,-1,6.21627021,9.64314621,1
fields/00361__plt00120__fab0000_comp01_rho_E.f32__c0000__dt-f32/chunk_0,1000000,35,spratio,primary,4.79631996,-1,321.156508,4.80937996,1
fields/00366__plt00122__fab0000_comp00_density.f32__c0000__dt-f32/chunk_0,1000000,2,ans shuffle=byte,primary,1.28041601,-1,6.21627021,1.95514601,1
fields/00364__plt00121__fab0000_comp01_rho_E.f32__c0000__dt-f32/chunk_0,1000000,35,spratio,primary,0.477279991,-1,321.156508,0.490339991,1
fields/00362__plt00120__fab0000_comp02_logden.f32__c0008__dt-f32/chunk_0,1000000,2,ans shuffle=byte,primary,9.47734356,-1,1.70952561,11.9308336,1
fields/00364__plt00121__fab0000_comp01_rho_E.f32__c0008__dt-f32/chunk_0,1000000,35,spratio,primary,0.51107198,-1,3.38039321,1.75184598,1
fields/00363__plt00121__fab0000_comp00_density.f32__c0008__dt-f32/chunk_0,1000000,2,ans shuffle=byte,primary,2.56764793,-1,2.02647073,4.63740593,1
fields/00365__plt00121__fab0000_comp02_logden.f32__c0000__dt-f32/chunk_0,1000000,2,ans shuffle=byte,primary,5.2955842,-1,3.4216759,6.5213882,1
fields/00365__plt00121__fab0000_comp02_logden.f32__c0008__dt-f32/chunk_0,1000000,2,ans shuffle=byte,primary,3.87875199,-1,1.70201411,6.34306999,1
fields/00366__plt00122__fab0000_comp00_density.f32__c0008__dt-f32/chunk_0,1000000,2,ans shuffle=byte,primary,0.555167973,-1,2.0140348,2.63770597,1
fields/00367__plt00122__fab0000_comp01_rho_E.f32__c0008__dt-f32/chunk_0,1000000,35,spratio,primary,3.68627191,-1,3.34848371,4.93886991,1
fields/00367__plt00122__fab0000_comp01_rho_E.f32__c0000__dt-f32/chunk_0,1000000,35,spratio,primary,1.33702397,-1,321.156508,1.35008397,1
fields/00369__plt00123__fab0000_comp00_density.f32__c0008__dt-f32/chunk_0,1000000,2,ans shuffle=byte,primary,1.44739199,-1,2.00200663,3.54244199,1
fields/00371__plt00123__fab0000_comp02_logden.f32__c0008__dt-f32/chunk_0,1000000,2,ans shuffle=byte,primary,6.59679985,-1,1.68699196,9.08306185,1
fields/00368__plt00122__fab0000_comp02_logden.f32__c0000__dt-f32/chunk_0,1000000,2,ans shuffle=byte,primary,2.920192,-1,3.4216759,4.145996,1
fields/00371__plt00123__fab0000_comp02_logden.f32__c0000__dt-f32/chunk_0,1000000,2,ans shuffle=byte,primary,3.89743996,-1,3.4216759,5.12324396,1
fields/00368__plt00122__fab0000_comp02_logden.f32__c0008__dt-f32/chunk_0,1000000,2,ans shuffle=byte,primary,10.6177597,-1,1.69422881,13.0934017,1
fields/00369__plt00123__fab0000_comp00_density.f32__c0000__dt-f32/chunk_0,1000000,2,ans shuffle=byte,primary,9.70115185,-1,6.21627021,10.3758818,1
fields/00370__plt00123__fab0000_comp01_rho_E.f32__c0000__dt-f32/chunk_0,1000000,39,spspeed shuffle=bit,primary,2.57964802,-1,461.318082,2.58874002,1
fields/00370__plt00123__fab0000_comp01_rho_E.f32__c0008__dt-f32/chunk_0,1000000,35,spratio,primary,1.39747202,-1,3.31811835,2.66153302,1
fields/00372__plt00124__fab0000_comp00_density.f32__c0008__dt-f32/chunk_0,1000000,2,ans shuffle=byte,primary,6.16060781,-1,1.98942277,8.26890981,1
fields/00372__plt00124__fab0000_comp00_density.f32__c0000__dt-f32/chunk_0,1000000,2,ans shuffle=byte,primary,9.40953636,-1,6.21627021,10.0842664,1
fields/00374__plt00124__fab0000_comp02_logden.f32__c0000__dt-f32/chunk_0,1000000,2,ans shuffle=byte,primary,12.2663679,-1,3.4216759,13.4921719,1
fields/00373__plt00124__fab0000_comp01_rho_E.f32__c0000__dt-f32/chunk_0,1000000,35,spratio,primary,1.75487995,-1,321.156508,1.76793995,1
fields/00373__plt00124__fab0000_comp01_rho_E.f32__c0008__dt-f32/chunk_0,1000000,35,spratio,primary,1.32006395,-1,3.28714423,2.59603595,1
fields/00377__plt00125__fab0000_comp02_logden.f32__c0000__dt-f32/chunk_0,1000000,2,ans shuffle=byte,primary,6.05993605,-1,3.4216759,7.28574005,1
fields/00374__plt00124__fab0000_comp02_logden.f32__c0008__dt-f32/chunk_0,1000000,2,ans shuffle=byte,primary,12.2490559,-1,1.67908233,14.7470299,1
fields/00375__plt00125__fab0000_comp00_density.f32__c0000__dt-f32/chunk_0,1000000,2,ans shuffle=byte,primary,7.69673586,-1,6.21627021,8.37146586,1
fields/00376__plt00125__fab0000_comp01_rho_E.f32__c0000__dt-f32/chunk_0,1000000,39,spspeed shuffle=bit,primary,0.393119991,-1,461.318082,0.402211991,1
fields/00375__plt00125__fab0000_comp00_density.f32__c0008__dt-f32/chunk_0,1000000,2,ans shuffle=byte,primary,5.10508823,-1,1.97565141,7.22808623,1
fields/00377__plt00125__fab0000_comp02_logden.f32__c0008__dt-f32/chunk_0,1000000,2,ans shuffle=byte,primary,9.74467182,-1,1.6715529,12.2538978,1
fields/00376__plt00125__fab0000_comp01_rho_E.f32__c0008__dt-f32/chunk_0,1000000,35,spratio,primary,4.316576,-1,3.25657615,5.604525,1
fields/00378__plt00126__fab0000_comp00_density.f32__c0008__dt-f32/chunk_0,1000000,2,ans shuffle=byte,primary,7.36076784,-1,1.96437406,9.49595384,1
fields/00379__plt00126__fab0000_comp01_rho_E.f32__c0000__dt-f32/chunk_0,1000000,35,spratio,primary,1.32531202,-1,321.156508,1.33837202,1
fields/00380__plt00126__fab0000_comp02_logden.f32__c0008__dt-f32/chunk_0,1000000,2,ans shuffle=byte,primary,4.95900822,-1,1.66437068,7.47906222,1
fields/00378__plt00126__fab0000_comp00_density.f32__c0000__dt-f32/chunk_0,1000000,2,ans shuffle=byte,primary,7.901824,-1,6.21627021,8.576554,1
fields/00379__plt00126__fab0000_comp01_rho_E.f32__c0008__dt-f32/chunk_0,1000000,35,spratio,primary,0.603519976,-1,3.22631324,1.90354998,1
fields/00382__plt00127__fab0000_comp01_rho_E.f32__c0000__dt-f32/chunk_0,1000000,39,spspeed shuffle=bit,primary,2.05228806,-1,461.318082,2.06138006,1
fields/00380__plt00126__fab0000_comp02_logden.f32__c0000__dt-f32/chunk_0,1000000,2,ans shuffle=byte,primary,8.29235172,-1,3.4216759,9.51815572,1
fields/00381__plt00127__fab0000_comp00_density.f32__c0000__dt-f32/chunk_0,1000000,2,ans shuffle=byte,primary,6.6347518,-1,6.21627021,7.3094818,1
fields/00381__plt00127__fab0000_comp00_density.f32__c0008__dt-f32/chunk_0,1000000,2,ans shuffle=byte,primary,8.22348785,-1,1.95185767,10.3723659,1
fields/00383__plt00127__fab0000_comp02_logden.f32__c0008__dt-f32/chunk_0,1000000,2,ans shuffle=byte,primary,7.15116787,-1,1.65775297,9.68128187,1
fields/00383__plt00127__fab0000_comp02_logden.f32__c0000__dt-f32/chunk_0,1000000,2,ans shuffle=byte,primary,2.30435205,-1,3.4216759,3.53015605,1
fields/00384__plt00128__fab0000_comp00_density.f32__c0008__dt-f32/chunk_0,1000000,2,ans shuffle=byte,primary,5.17779207,-1,1.94056221,7.33917807,1
fields/00382__plt00127__fab0000_comp01_rho_E.f32__c0008__dt-f32/chunk_0,1000000,35,spratio,primary,2.98112011,-1,3.19794809,4.29268111,1
fields/00385__plt00128__fab0000_comp01_rho_E.f32__c0000__dt-f32/chunk_0,1000000,39,spspeed shuffle=bit,primary,1.48915195,-1,461.318082,1.49824395,1
fields/00385__plt00128__fab0000_comp01_rho_E.f32__c0008__dt-f32/chunk_0,1000000,35,spratio,primary,0.390976012,-1,3.1697779,1.71419301,1
fields/00384__plt00128__fab0000_comp00_density.f32__c0000__dt-f32/chunk_0,1000000,2,ans shuffle=byte,primary,3.03600001,-1,6.21627021,3.71073001,1
fields/00386__plt00128__fab0000_comp02_logden.f32__c0000__dt-f32/chunk_0,1000000,2,ans shuffle=byte,primary,1.21795201,-1,3.4216759,2.44375601,1
fields/00386__plt00128__fab0000_comp02_logden.f32__c0008__dt-f32/chunk_0,1000000,2,ans shuffle=byte,primary,1.216416,-1,1.65082634,3.757146,1
fields/00389__plt00129__fab0000_comp02_logden.f32__c0008__dt-f32/chunk_0,1000000,2,ans shuffle=byte,primary,8.38886356,-1,1.64351931,10.9408896,1
fields/00390__plt00130__fab0000_comp00_density.f32__c0000__dt-f32/chunk_0,1000000,2,ans shuffle=byte,primary,3.82316804,-1,6.21627021,4.49789804,1
fields/00389__plt00129__fab0000_comp02_logden.f32__c0000__dt-f32/chunk_0,1000000,2,ans shuffle=byte,primary,8.38751984,-1,3.4216759,9.61332384,1
fields/00387__plt00129__fab0000_comp00_density.f32__c0008__dt-f32/chunk_0,1000000,2,ans shuffle=byte,primary,6.25340796,-1,1.92921215,8.42750996,1
fields/00388__plt00129__fab0000_comp01_rho_E.f32__c0000__dt-f32/chunk_0,1000000,39,spspeed shuffle=bit,primary,1.70358396,-1,461.318082,1.71267596,1
fields/00387__plt00129__fab0000_comp00_density.f32__c0000__dt-f32/chunk_0,1000000,2,ans shuffle=byte,primary,8.92646408,-1,6.21627021,9.60119408,1
fields/00390__plt00130__fab0000_comp00_density.f32__c0008__dt-f32/chunk_0,1000000,2,ans shuffle=byte,primary,2.90796804,-1,1.91758371,5.09525404,1
fields/00388__plt00129__fab0000_comp01_rho_E.f32__c0008__dt-f32/chunk_0,1000000,35,spratio,primary,0.545855999,-1,3.14374587,1.88003,1
fields/00392__plt00130__fab0000_comp02_logden.f32__c0000__dt-f32/chunk_0,1000000,2,ans shuffle=byte,primary,12.8504,-1,3.4216759,14.076204,1
fields/00394__plt00131__fab0000_comp01_rho_E.f32__c0000__dt-f32/chunk_0,1000000,39,spspeed shuffle=bit,primary,3.75590396,-1,461.318082,3.76499596,1
fields/00391__plt00130__fab0000_comp01_rho_E.f32__c0000__dt-f32/chunk_0,1000000,39,spspeed shuffle=bit,primary,1.00528002,-1,461.318082,1.01437202,1
fields/00391__plt00130__fab0000_comp01_rho_E.f32__c0008__dt-f32/chunk_0,1000000,35,spratio,primary,1.07660794,-1,3.11623363,2.42256094,1
fields/00392__plt00130__fab0000_comp02_logden.f32__c0008__dt-f32/chunk_0,1000000,2,ans shuffle=byte,primary,10.6878405,-1,1.63673386,13.2504465,1
fields/00393__plt00131__fab0000_comp00_density.f32__c0000__dt-f32/chunk_0,1000000,2,ans shuffle=byte,primary,2.87020802,-1,6.21627021,3.54493802,1
fields/00394__plt00131__fab0000_comp01_rho_E.f32__c0008__dt-f32/chunk_0,1000000,35,spratio,primary,2.21056008,-1,3.08916462,3.56830708,1
fields/00397__plt00132__fab0000_comp01_rho_E.f32__c0000__dt-f32/chunk_0,1000000,39,spspeed shuffle=bit,primary,2.76627207,-1,461.318082,2.77536407,1
fields/00395__plt00131__fab0000_comp02_logden.f32__c0008__dt-f32/chunk_0,1000000,2,ans shuffle=byte,primary,4.93721581,-1,1.63010556,7.51024181,1
fields/00393__plt00131__fab0000_comp00_density.f32__c0008__dt-f32/chunk_0,1000000,2,ans shuffle=byte,primary,5.56707191,-1,1.90498995,7.76881791,1
fields/00395__plt00131__fab0000_comp02_logden.f32__c0000__dt-f32/chunk_0,1000000,2,ans shuffle=byte,primary,9.08713627,-1,3.4216759,10.3129403,1
fields/00396__plt00132__fab0000_comp00_density.f32__c0000__dt-f32/chunk_0,1000000,2,ans shuffle=byte,primary,4.83951998,-1,6.21627021,5.51424998,1
fields/00396__plt00132__fab0000_comp00_density.f32__c0008__dt-f32/chunk_0,1000000,2,ans shuffle=byte,primary,8.78803158,-1,1.89373973,11.0028576,1
fields/00399__plt00133__fab0000_comp00_density.f32__c0000__dt-f32/chunk_0,1000000,2,ans shuffle=byte,primary,8.25475216,-1,6.21627021,8.92948216,1
fields/00400__plt00133__fab0000_comp01_rho_E.f32__c0008__dt-f32/chunk_0,1000000,35,spratio,primary,1.36038399,-1,3.03612979,2.74184799,1
fields/00398__plt00132__fab0000_comp02_logden.f32__c0008__dt-f32/chunk_0,1000000,2,ans shuffle=byte,primary,6.7115202,-1,1.62331208,9.2953142,1
fields/00397__plt00132__fab0000_comp01_rho_E.f32__c0008__dt-f32/chunk_0,1000000,35,spratio,primary,0.988864005,-1,3.06245003,2.358455,1
fields/00398__plt00132__fab0000_comp02_logden.f32__c0000__dt-f32/chunk_0,1000000,2,ans shuffle=byte,primary,6.72358418,-1,3.4216759,7.94938818,1
fields/00400__plt00133__fab0000_comp01_rho_E.f32__c0000__dt-f32/chunk_0,1000000,35,spratio,primary,0.391519994,-1,321.156508,0.404579994,1
fields/00401__plt00133__fab0000_comp02_logden.f32__c0008__dt-f32/chunk_0,1000000,2,ans shuffle=byte,primary,5.46848011,-1,1.61631831,8.06345411,1
fields/00399__plt00133__fab0000_comp00_density.f32__c0008__dt-f32/chunk_0,1000000,2,ans shuffle=byte,primary,7.98348808,-1,1.88241546,10.2116381,1
fields/00401__plt00133__fab0000_comp02_logden.f32__c0000__dt-f32/chunk_0,1000000,2,ans shuffle=byte,primary,4.37833595,-1,3.4216759,5.60413995,1
fields/00402__plt00134__fab0000_comp00_density.f32__c0000__dt-f32/chunk_0,1000000,2,ans shuffle=byte,primary,9.85795212,-1,6.21627021,10.5326821,1
fields/00403__plt00134__fab0000_comp01_rho_E.f32__c0000__dt-f32/chunk_0,1000000,35,spratio,primary,1.50627196,-1,321.156508,1.51933196,1
fields/00403__plt00134__fab0000_comp01_rho_E.f32__c0008__dt-f32/chunk_0,1000000,35,spratio,primary,3.06035209,-1,3.0104504,4.45360009,1
fields/00402__plt00134__fab0000_comp00_density.f32__c0008__dt-f32/chunk_0,1000000,2,ans shuffle=byte,primary,10.650528,-1,1.87199082,12.891086,1
fields/00404__plt00134__fab0000_comp02_logden.f32__c0008__dt-f32/chunk_0,1000000,2,ans shuffle=byte,primary,7.84134388,-1,1.60988615,10.4466859,1
fields/00405__plt00135__fab0000_comp00_density.f32__c0000__dt-f32/chunk_0,1000000,2,ans shuffle=byte,primary,2.69388795,-1,6.21627021,3.36861795,1
fields/00406__plt00135__fab0000_comp01_rho_E.f32__c0008__dt-f32/chunk_0,1000000,35,spratio,primary,1.30793595,-1,2.98550987,2.71282295,1
fields/00407__plt00135__fab0000_comp02_logden.f32__c0000__dt-f32/chunk_0,1000000,2,ans shuffle=byte,primary,2.61999989,-1,3.4216759,3.84580389,1
fields/00404__plt00134__fab0000_comp02_logden.f32__c0000__dt-f32/chunk_0,1000000,2,ans shuffle=byte,primary,5.33606386,-1,3.4216759,6.56186786,1
fields/00406__plt00135__fab0000_comp01_rho_E.f32__c0000__dt-f32/chunk_0,1000000,35,spratio,primary,4.23776007,-1,321.156508,4.25082007,1
fields/00405__plt00135__fab0000_comp00_density.f32__c0008__dt-f32/chunk_0,1000000,2,ans shuffle=byte,primary,3.61916804,-1,1.86043244,5.87364604,1
fields/00409__plt00136__fab0000_comp01_rho_E.f32__c0000__dt-f32/chunk_0,1000000,35,spratio,primary,1.62291205,-1,321.156508,1.63597205,1
fields/00407__plt00135__fab0000_comp02_logden.f32__c0008__dt-f32/chunk_0,1000000,2,ans shuffle=byte,primary,1.90841603,-1,1.60355892,4.52403803,1
fields/00408__plt00136__fab0000_comp00_density.f32__c0000__dt-f32/chunk_0,1000000,2,ans shuffle=byte,primary,6.07024002,-1,6.21627021,6.74497002,1
fields/00409__plt00136__fab0000_comp01_rho_E.f32__c0008__dt-f32/chunk_0,1000000,35,spratio,primary,0.781728029,-1,2.96062387,2.19842403,1
fields/00411__plt00137__fab0000_comp00_density.f32__c0000__dt-f32/chunk_0,1000000,2,ans shuffle=byte,primary,9.50713634,-1,6.21627021,10.1818663,1
fields/00410__plt00136__fab0000_comp02_logden.f32__c0008__dt-f32/chunk_0,1000000,2,ans shuffle=byte,primary,7.99174404,-1,1.59736397,10.61751,1
fields/00408__plt00136__fab0000_comp00_density.f32__c0008__dt-f32/chunk_0,1000000,2,ans shuffle=byte,primary,2.35225606,-1,1.85017411,4.61923406,1
fields/00411__plt00137__fab0000_comp00_density.f32__c0008__dt-f32/chunk_0,1000000,9,bitcomp type=int,primary,7.51961613,-1,1.82055191,9.82348013,1
fields/00410__plt00136__fab0000_comp02_logden.f32__c0000__dt-f32/chunk_0,1000000,2,ans shuffle=byte,primary,6.42700815,-1,3.4216759,7.65281215,1
fields/00412__plt00137__fab0000_comp01_rho_E.f32__c0000__dt-f32/chunk_0,1000000,39,spspeed shuffle=bit,primary,0.267648011,-1,461.318082,0.276740011,1
fields/00413__plt00137__fab0000_comp02_logden.f32__c0000__dt-f32/chunk_0,1000000,2,ans shuffle=byte,primary,4.25683212,-1,3.4216759,5.48263612,1
fields/00412__plt00137__fab0000_comp01_rho_E.f32__c0008__dt-f32/chunk_0,1000000,35,spratio,primary,0.244959995,-1,2.93720207,1.672953,1
fields/00414__plt00138__fab0000_comp00_density.f32__c0000__dt-f32/chunk_0,1000000,2,ans shuffle=byte,primary,4.54326391,-1,6.21627021,5.21799391,1
fields/00416__plt00138__fab0000_comp02_logden.f32__c0008__dt-f32/chunk_0,1000000,2,ans shuffle=byte,primary,5.39814377,-1,1.58455604,8.04513377,1
fields/00414__plt00138__fab0000_comp00_density.f32__c0008__dt-f32/chunk_0,1000000,2,ans shuffle=byte,primary,12.6503677,-1,1.83031576,14.9419417,1
fields/00415__plt00138__fab0000_comp01_rho_E.f32__c0000__dt-f32/chunk_0,1000000,35,spratio,primary,0.982976019,-1,321.156508,0.996036019,1
fields/00413__plt00137__fab0000_comp02_logden.f32__c0008__dt-f32/chunk_0,1000000,2,ans shuffle=byte,primary,4.57497597,-1,1.59063497,7.21184997,1
fields/00417__plt00139__fab0000_comp00_density.f32__c0000__dt-f32/chunk_0,1000000,2,ans shuffle=byte,primary,3.95315194,-1,6.21627021,4.62788194,1
fields/00415__plt00138__fab0000_comp01_rho_E.f32__c0008__dt-f32/chunk_0,1000000,35,spratio,primary,0.242656007,-1,2.91289519,1.68256501,1
fields/00418__plt00139__fab0000_comp01_rho_E.f32__c0008__dt-f32/chunk_0,1000000,35,spratio,primary,1.74140799,-1,2.88875849,3.19334799,1
fields/00418__plt00139__fab0000_comp01_rho_E.f32__c0000__dt-f32/chunk_0,1000000,35,spratio,primary,1.76972795,-1,321.156508,1.78278795,1
fields/00416__plt00138__fab0000_comp02_logden.f32__c0000__dt-f32/chunk_0,1000000,2,ans shuffle=byte,primary,8.7853117,-1,3.4216759,10.0111157,1
fields/00420__plt00140__fab0000_comp00_density.f32__c0000__dt-f32/chunk_0,1000000,2,ans shuffle=byte,primary,3.85609603,-1,6.21627021,4.53082603,1
fields/00417__plt00139__fab0000_comp00_density.f32__c0008__dt-f32/chunk_0,1000000,2,ans shuffle=byte,primary,5.57449579,-1,1.82075264,7.87810579,1
fields/00419__plt00139__fab0000_comp02_logden.f32__c0008__dt-f32/chunk_0,1000000,2,ans shuffle=byte,primary,4.08799982,-1,1.57854598,6.74506782,1
fields/00419__plt00139__fab0000_comp02_logden.f32__c0000__dt-f32/chunk_0,1000000,2,ans shuffle=byte,primary,3.89273596,-1,3.4216759,5.11853996,1
fields/00421__plt00140__fab0000_comp01_rho_E.f32__c0000__dt-f32/chunk_0,1000000,35,spratio,primary,4.05737591,-1,321.156508,4.07043591,1
fields/00421__plt00140__fab0000_comp01_rho_E.f32__c0008__dt-f32/chunk_0,1000000,35,spratio,primary,1.51625597,-1,2.86483651,2.98031997,1
fields/00422__plt00140__fab0000_comp02_logden.f32__c0000__dt-f32/chunk_0,1000000,2,ans shuffle=byte,primary,4.53417587,-1,3.4216759,5.75997987,1
fields/00423__plt00141__fab0000_comp00_density.f32__c0000__dt-f32/chunk_0,1000000,2,ans shuffle=byte,primary,5.57932806,-1,6.21627021,6.25405806,1
fields/00420__plt00140__fab0000_comp00_density.f32__c0008__dt-f32/chunk_0,1000000,9,bitcomp type=int,primary,4.81916809,-1,1.79628196,7.15416009,1
fields/00422__plt00140__fab0000_comp02_logden.f32__c0008__dt-f32/chunk_0,1000000,2,ans shuffle=byte,primary,4.22476816,-1,1.57239857,6.89222416,1
fields/00424__plt00141__fab0000_comp01_rho_E.f32__c0000__dt-f32/chunk_0,1000000,39,spspeed shuffle=bit,primary,0.392320007,-1,461.318082,0.401412007,1
fields/00424__plt00141__fab0000_comp01_rho_E.f32__c0008__dt-f32/chunk_0,1000000,35,spratio,primary,0.361535996,-1,2.83905345,1.838896,1
fields/00423__plt00141__fab0000_comp00_density.f32__c0008__dt-f32/chunk_0,1000000,2,ans shuffle=byte,primary,4.14537621,-1,1.80206557,6.47287421,1
fields/00427__plt00142__fab0000_comp01_rho_E.f32__c0000__dt-f32/chunk_0,1000000,39,spspeed shuffle=bit,primary,4.21718407,-1,461.318082,4.22627607,1
fields/00427__plt00142__fab0000_comp01_rho_E.f32__c0008__dt-f32/chunk_0,1000000,35,spratio,primary,2.9468801,-1,2.81431183,4.4372281,1
fields/00425__plt00141__fab0000_comp02_logden.f32__c0008__dt-f32/chunk_0,1000000,2,ans shuffle=byte,primary,7.09401608,-1,1.56632927,9.77180808,1
fields/00426__plt00142__fab0000_comp00_density.f32__c0000__dt-f32/chunk_0,1000000,2,ans shuffle=byte,primary,5.43232012,-1,6.21627021,6.10705012,1
fields/00428__plt00142__fab0000_comp02_logden.f32__c0000__dt-f32/chunk_0,1000000,2,ans shuffle=byte,primary,3.64988804,-1,3.4216759,4.87569204,1
fields/00425__plt00141__fab0000_comp02_logden.f32__c0000__dt-f32/chunk_0,1000000,2,ans shuffle=byte,primary,7.7393918,-1,3.4216759,8.9651958,1
fields/00426__plt00142__fab0000_comp00_density.f32__c0008__dt-f32/chunk_0,1000000,2,ans shuffle=byte,primary,5.74847984,-1,1.7928023,8.08800384,1
fields/00429__plt00143__fab0000_comp00_density.f32__c0000__dt-f32/chunk_0,1000000,2,ans shuffle=byte,primary,3.79561591,-1,6.21627021,4.47034591,1
fields/00431__plt00143__fab0000_comp02_logden.f32__c0000__dt-f32/chunk_0,1000000,2,ans shuffle=byte,primary,4.31788778,-1,3.4216759,5.54369178,1
fields/00432__plt00144__fab0000_comp00_density.f32__c0000__dt-f32/chunk_0,1000000,2,ans shuffle=byte,primary,8.65919971,-1,6.21627021,9.33392971,1
fields/00428__plt00142__fab0000_comp02_logden.f32__c0008__dt-f32/chunk_0,1000000,2,ans shuffle=byte,primary,3.67609596,-1,1.56018825,6.36442796,1
fields/00429__plt00143__fab0000_comp00_density.f32__c0008__dt-f32/chunk_0,1000000,2,ans shuffle=byte,primary,6.54643202,-1,1.7834654,8.89820402,1
fields/00430__plt00143__fab0000_comp01_rho_E.f32__c0000__dt-f32/chunk_0,1000000,35,spratio,primary,0.862240016,-1,321.156508,0.875300016,1
fields/00431__plt00143__fab0000_comp02_logden.f32__c0008__dt-f32/chunk_0,1000000,2,ans shuffle=byte,primary,7.98377609,-1,1.5543463,10.6822121,1
fields/00430__plt00143__fab0000_comp01_rho_E.f32__c0008__dt-f32/chunk_0,1000000,35,spratio,primary,2.8404479,-1,2.78947631,4.3440649,1
fields/00432__plt00144__fab0000_comp00_density.f32__c0008__dt-f32/chunk_0,1000000,2,ans shuffle=byte,primary,4.28985596,-1,1.77443843,6.65359196,1
fields/00436__plt00145__fab0000_comp01_rho_E.f32__c0000__dt-f32/chunk_0,1000000,39,spspeed shuffle=bit,primary,0.159712002,-1,461.318082,0.168804002,1
fields/00433__plt00144__fab0000_comp01_rho_E.f32__c0000__dt-f32/chunk_0,1000000,39,spspeed shuffle=bit,primary,0.38064,-1,461.318082,0.389732,1
fields/00434__plt00144__fab0000_comp02_logden.f32__c0000__dt-f32/chunk_0,1000000,2,ans shuffle=byte,primary,8.62428761,-1,3.4216759,9.85009161,1
fields/00433__plt00144__fab0000_comp01_rho_E.f32__c0008__dt-f32/chunk_0,1000000,35,spratio,primary,3.72262406,-1,2.7649076,5.23960206,1
fields/00436__plt00145__fab0000_comp01_rho_E.f32__c0008__dt-f32/chunk_0,1000000,35,spratio,primary,1.01584005,-1,2.74145938,2.54579305,1
fields/00435__plt00145__fab0000_comp00_density.f32__c0000__dt-f32/chunk_0,1000000,2,ans shuffle=byte,primary,3.66422391,-1,6.21627021,4.33895391,1
fields/00437__plt00145__fab0000_comp02_logden.f32__c0000__dt-f32/chunk_0,1000000,2,ans shuffle=byte,primary,1.14188802,-1,3.4216759,2.36769202,1
fields/00435__plt00145__fab0000_comp00_density.f32__c0008__dt-f32/chunk_0,1000000,2,ans shuffle=byte,primary,3.95849609,-1,1.76545779,6.33425609,1
fields/00434__plt00144__fab0000_comp02_logden.f32__c0008__dt-f32/chunk_0,1000000,2,ans shuffle=byte,primary,5.28726387,-1,1.54833985,7.99616787,1
fields/00437__plt00145__fab0000_comp02_logden.f32__c0008__dt-f32/chunk_0,1000000,2,ans shuffle=byte,primary,4.7676158,-1,1.54238871,7.4869718,1
fields/00438__plt00146__fab0000_comp00_density.f32__c0000__dt-f32/chunk_0,1000000,2,ans shuffle=byte,primary,2.09513593,-1,6.21627021,2.76986593,1
fields/00438__plt00146__fab0000_comp00_density.f32__c0008__dt-f32/chunk_0,1000000,9,bitcomp type=int,primary,11.430624,-1,1.74693081,13.83158,1
fields/00439__plt00146__fab0000_comp01_rho_E.f32__c0000__dt-f32/chunk_0,1000000,39,spspeed shuffle=bit,primary,1.29196799,-1,461.318082,1.30105999,1
fields/00439__plt00146__fab0000_comp01_rho_E.f32__c0008__dt-f32/chunk_0,1000000,35,spratio,primary,0.94848001,-1,2.71680319,2.49231801,1
fields/00441__plt00147__fab0000_comp00_density.f32__c0008__dt-f32/chunk_0,1000000,2,ans shuffle=byte,primary,3.59801602,-1,1.74785097,5.99770802,1
fields/00440__plt00146__fab0000_comp02_logden.f32__c0000__dt-f32/chunk_0,1000000,2,ans shuffle=byte,primary,3.78883195,-1,3.4216759,5.01463595,1
fields/00444__plt00148__fab0000_comp00_density.f32__c0000__dt-f32/chunk_0,1000000,2,ans shuffle=byte,primary,2.43580794,-1,6.21627021,3.11053794,1
fields/00441__plt00147__fab0000_comp00_density.f32__c0000__dt-f32/chunk_0,1000000,2,ans shuffle=byte,primary,12.3763523,-1,6.21627021,13.0510823,1
fields/00442__plt00147__fab0000_comp01_rho_E.f32__c0008__dt-f32/chunk_0,1000000,35,spratio,primary,0.300159991,-1,2.69405142,1.85703599,1
fields/00440__plt00146__fab0000_comp02_logden.f32__c0008__dt-f32/chunk_0,1000000,2,ans shuffle=byte,primary,10.1081924,-1,1.53646064,12.8380404,1
fields/00442__plt00147__fab0000_comp01_rho_E.f32__c0000__dt-f32/chunk_0,1000000,39,spspeed shuffle=bit,primary,5.10832024,-1,461.318082,5.11741224,1
fields/00446__plt00148__fab0000_comp02_logden.f32__c0000__dt-f32/chunk_0,1000000,2,ans shuffle=byte,primary,7.75750399,-1,3.4216759,8.98330799,1
fields/00445__plt00148__fab0000_comp01_rho_E.f32__c0008__dt-f32/chunk_0,1000000,35,spratio,primary,2.17062402,-1,2.67151419,3.74063402,1
fields/00443__plt00147__fab0000_comp02_logden.f32__c0000__dt-f32/chunk_0,1000000,2,ans shuffle=byte,primary,4.34870386,-1,3.4216759,5.57450786,1
fields/00443__plt00147__fab0000_comp02_logden.f32__c0008__dt-f32/chunk_0,1000000,2,ans shuffle=byte,primary,3.30985594,-1,1.53069191,6.04999194,1
fields/00446__plt00148__fab0000_comp02_logden.f32__c0008__dt-f32/chunk_0,1000000,2,ans shuffle=byte,primary,5.25439978,-1,1.52515709,8.00447978,1
fields/00444__plt00148__fab0000_comp00_density.f32__c0008__dt-f32/chunk_0,1000000,2,ans shuffle=byte,primary,1.46137595,-1,1.73885126,3.87348795,1
fields/00445__plt00148__fab0000_comp01_rho_E.f32__c0000__dt-f32/chunk_0,1000000,35,spratio,primary,0.467967987,-1,321.156508,0.481027987,1
fields/00449__plt00149__fab0000_comp02_logden.f32__c0000__dt-f32/chunk_0,1000000,2,ans shuffle=byte,primary,4.4545598,-1,3.4216759,5.6803638,1
fields/00447__plt00149__fab0000_comp00_density.f32__c0000__dt-f32/chunk_0,1000000,2,ans shuffle=byte,primary,4.73513603,-1,6.21627021,5.40986603,1
fields/00450__plt00150__fab0000_comp00_density.f32__c0008__dt-f32/chunk_0,1000000,2,ans shuffle=byte,primary,5.83260822,-1,1.72051988,8.27042022,1
fields/00449__plt00149__fab0000_comp02_logden.f32__c0008__dt-f32/chunk_0,1000000,2,ans shuffle=byte,primary,3.34217596,-1,1.5192262,6.10299196,1
fields/00451__plt00150__fab0000_comp01_rho_E.f32__c0000__dt-f32/chunk_0,1000000,35,spratio,primary,3.7477119,-1,321.156508,3.7607719,1
fields/00447__plt00149__fab0000_comp00_density.f32__c0008__dt-f32/chunk_0,1000000,2,ans shuffle=byte,primary,7.26950407,-1,1.73069756,9.69298007,1
fields/00448__plt00149__fab0000_comp01_rho_E.f32__c0000__dt-f32/chunk_0,1000000,39,spspeed shuffle=bit,primary,0.222880006,-1,461.318082,0.231972006,1
fields/00448__plt00149__fab0000_comp01_rho_E.f32__c0008__dt-f32/chunk_0,1000000,35,spratio,primary,0.797631979,-1,2.64950321,2.38068498,1
fields/00451__plt00150__fab0000_comp01_rho_E.f32__c0008__dt-f32/chunk_0,1000000,35,spratio,primary,0.268992007,-1,2.62751942,1.86529001,1
fields/00450__plt00150__fab0000_comp00_density.f32__c0000__dt-f32/chunk_0,1000000,2,ans shuffle=byte,primary,5.84371185,-1,6.21627021,6.51844185,1
fields/00452__plt00150__fab0000_comp02_logden.f32__c0000__dt-f32/chunk_0,1000000,2,ans shuffle=byte,primary,3.89068794,-1,3.4216759,5.11649194,1
fields/00453__plt00151__fab0000_comp00_density.f32__c0008__dt-f32/chunk_0,1000000,9,bitcomp type=int,primary,3.17523193,-1,1.70730857,5.63190793,1
fields/00453__plt00151__fab0000_comp00_density.f32__c0000__dt-f32/chunk_0,1000000,2,ans shuffle=byte,primary,3.13785601,-1,6.21627021,3.81258601,1
fields/00454__plt00151__fab0000_comp01_rho_E.f32__c0008__dt-f32/chunk_0,1000000,35,spratio,primary,0.682048023,-1,2.60556397,2.29179702,1
fields/00452__plt00150__fab0000_comp02_logden.f32__c0008__dt-f32/chunk_0,1000000,2,ans shuffle=byte,primary,3.34121609,-1,1.51335873,6.11273609,1
fields/00454__plt00151__fab0000_comp01_rho_E.f32__c0000__dt-f32/chunk_0,1000000,35,spratio,primary,3.79523206,-1,321.156508,3.80829206,1
fields/00455__plt00151__fab0000_comp02_logden.f32__c0008__dt-f32/chunk_0,1000000,2,ans shuffle=byte,primary,4.54809618,-1,1.50763396,7.33014018,1
fields/00456__plt00152__fab0000_comp00_density.f32__c0000__dt-f32/chunk_0,1000000,2,ans shuffle=byte,primary,3.56464005,-1,6.21627021,4.23937005,1
fields/00456__plt00152__fab0000_comp00_density.f32__c0008__dt-f32/chunk_0,1000000,9,bitcomp type=int,primary,3.56054401,-1,1.69895996,6.02929201,1
fields/00457__plt00152__fab0000_comp01_rho_E.f32__c0000__dt-f32/chunk_0,1000000,39,spspeed shuffle=bit,primary,0.286688,-1,461.318082,0.29578,1
fields/00455__plt00151__fab0000_comp02_logden.f32__c0000__dt-f32/chunk_0,1000000,2,ans shuffle=byte,primary,5.998528,-1,3.4216759,7.224332,1
fields/00457__plt00152__fab0000_comp01_rho_E.f32__c0008__dt-f32/chunk_0,1000000,35,spratio,primary,1.16768003,-1,2.58419369,2.79074103,1
fields/00459__plt00153__fab0000_comp00_density.f32__c0000__dt-f32/chunk_0,1000000,2,ans shuffle=byte,primary,6.75043201,-1,6.21627021,7.42516201,1
fields/00460__plt00153__fab0000_comp01_rho_E.f32__c0000__dt-f32/chunk_0,1000000,35,spratio,primary,1.82793605,-1,321.156508,1.84099605,1
fields/00461__plt00153__fab0000_comp02_logden.f32__c0000__dt-f32/chunk_0,1000000,2,ans shuffle=byte,primary,4.62124777,-1,3.4216759,5.84705177,1
fields/00458__plt00152__fab0000_comp02_logden.f32__c0008__dt-f32/chunk_0,1000000,2,ans shuffle=byte,primary,4.73318386,-1,1.5016813,7.52625586,1
fields/00461__plt00153__fab0000_comp02_logden.f32__c0008__dt-f32/chunk_0,1000000,2,ans shuffle=byte,primary,5.47484779,-1,1.49613829,8.27826779,1
fields/00458__plt00152__fab0000_comp02_logden.f32__c0000__dt-f32/chunk_0,1000000,2,ans shuffle=byte,primary,6.72044802,-1,3.4216759,7.94625202,1
fields/00459__plt00153__fab0000_comp00_density.f32__c0008__dt-f32/chunk_0,1000000,2,ans shuffle=byte,primary,4.58342409,-1,1.6934572,7.06019409,1
fields/00462__plt00154__fab0000_comp00_density.f32__c0000__dt-f32/chunk_0,1000000,2,ans shuffle=byte,primary,7.19942379,-1,6.21627021,7.87415379,1
fields/00460__plt00153__fab0000_comp01_rho_E.f32__c0008__dt-f32/chunk_0,1000000,35,spratio,primary,0.466751993,-1,2.56410501,2.10252899,1
fields/00463__plt00154__fab0000_comp01_rho_E.f32__c0008__dt-f32/chunk_0,1000000,35,spratio,primary,0.532480001,-1,2.54337893,2.181587,1
fields/00463__plt00154__fab0000_comp01_rho_E.f32__c0000__dt-f32/chunk_0,1000000,35,spratio,primary,0.457024008,-1,321.156508,0.470084008,1
fields/00464__plt00154__fab0000_comp02_logden.f32__c0000__dt-f32/chunk_0,1000000,2,ans shuffle=byte,primary,2.87769604,-1,3.4216759,4.10350004,1
fields/00466__plt00155__fab0000_comp01_rho_E.f32__c0000__dt-f32/chunk_0,1000000,39,spspeed shuffle=bit,primary,3.2224319,-1,461.318082,3.2315239,1
fields/00464__plt00154__fab0000_comp02_logden.f32__c0008__dt-f32/chunk_0,1000000,2,ans shuffle=byte,primary,1.34051204,-1,1.490564,4.15441604,1
fields/00465__plt00155__fab0000_comp00_density.f32__c0008__dt-f32/chunk_0,1000000,2,ans shuffle=byte,primary,8.78204823,-1,1.67543363,11.2854622,1
fields/00462__plt00154__fab0000_comp00_density.f32__c0008__dt-f32/chunk_0,1000000,2,ans shuffle=byte,primary,4.83564806,-1,1.68480181,7.32514206,1
fields/00465__plt00155__fab0000_comp00_density.f32__c0000__dt-f32/chunk_0,1000000,2,ans shuffle=byte,primary,10.4737921,-1,6.21627021,11.1485221,1
fields/00466__plt00155__fab0000_comp01_rho_E.f32__c0008__dt-f32/chunk_0,1000000,35,spratio,primary,5.87388802,-1,2.5240374,7.53563202,1
fields/00467__plt00155__fab0000_comp02_logden.f32__c0000__dt-f32/chunk_0,1000000,2,ans shuffle=byte,primary,11.0397758,-1,3.4216759,12.2655798,1
fields/00467__plt00155__fab0000_comp02_logden.f32__c0008__dt-f32/chunk_0,1000000,2,ans shuffle=byte,primary,6.80003214,-1,1.48479453,9.62487014,1
fields/00471__plt00157__fab0000_comp00_density.f32__c0000__dt-f32/chunk_0,1000000,2,ans shuffle=byte,primary,2.75206399,-1,6.21627021,3.42679399,1
fields/00468__plt00156__fab0000_comp00_density.f32__c0000__dt-f32/chunk_0,1000000,2,ans shuffle=byte,primary,3.84182405,-1,6.21627021,4.51655405,1
fields/00469__plt00156__fab0000_comp01_rho_E.f32__c0008__dt-f32/chunk_0,1000000,35,spratio,primary,1.66985595,-1,2.50420113,3.34476295,1
fields/00470__plt00156__fab0000_comp02_logden.f32__c0008__dt-f32/chunk_0,1000000,2,ans shuffle=byte,primary,3.54275203,-1,1.47947544,6.37774603,1
fields/00472__plt00157__fab0000_comp01_rho_E.f32__c0000__dt-f32/chunk_0,1000000,39,spspeed shuffle=bit,primary,3.168576,-1,461.318082,3.177668,1
fields/00470__plt00156__fab0000_comp02_logden.f32__c0000__dt-f32/chunk_0,1000000,2,ans shuffle=byte,primary,3.18473601,-1,3.4216759,4.41054001,1
fields/00471__plt00157__fab0000_comp00_density.f32__c0008__dt-f32/chunk_0,1000000,9,bitcomp type=int,primary,8.22966385,-1,1.6615369,10.7540158,1
fields/00468__plt00156__fab0000_comp00_density.f32__c0008__dt-f32/chunk_0,1000000,2,ans shuffle=byte,primary,4.0542078,-1,1.66696633,6.5703378,1
fields/00469__plt00156__fab0000_comp01_rho_E.f32__c0000__dt-f32/chunk_0,1000000,39,spspeed shuffle=bit,primary,2.58681607,-1,461.318082,2.59590807,1
fields/00473__plt00157__fab0000_comp02_logden.f32__c0000__dt-f32/chunk_0,1000000,2,ans shuffle=byte,primary,6.34284782,-1,3.4216759,7.56865182,1
fields/00472__plt00157__fab0000_comp01_rho_E.f32__c0008__dt-f32/chunk_0,1000000,35,spratio,primary,2.26377606,-1,2.4856107,3.95121006,1
fields/00474__plt00158__fab0000_comp00_density.f32__c0008__dt-f32/chunk_0,1000000,9,bitcomp type=int,primary,2.16736007,-1,1.65374103,4.70361207,1
fields/00476__plt00158__fab0000_comp02_logden.f32__c0008__dt-f32/chunk_0,1000000,2,ans shuffle=byte,primary,1.18271995,-1,1.46837173,4.03915195,1
fields/00475__plt00158__fab0000_comp01_rho_E.f32__c0008__dt-f32/chunk_0,1000000,35,spratio,primary,0.837279975,-1,2.46742343,2.53715198,1
fields/00476__plt00158__fab0000_comp02_logden.f32__c0000__dt-f32/chunk_0,1000000,2,ans shuffle=byte,primary,2.32569599,-1,3.4216759,3.55149999,1
fields/00473__plt00157__fab0000_comp02_logden.f32__c0008__dt-f32/chunk_0,1000000,2,ans shuffle=byte,primary,5.05728006,-1,1.47381722,7.90315806,1
fields/00475__plt00158__fab0000_comp01_rho_E.f32__c0000__dt-f32/chunk_0,1000000,35,spratio,primary,1.24278402,-1,321.156508,1.25584402,1
fields/00477__plt00159__fab0000_comp00_density.f32__c0000__dt-f32/chunk_0,1000000,2,ans shuffle=byte,primary,1.55158401,-1,6.21627021,2.22631401,1
fields/00474__plt00158__fab0000_comp00_density.f32__c0000__dt-f32/chunk_0,1000000,2,ans shuffle=byte,primary,6.08867216,-1,6.21627021,6.76340216,1
fields/00477__plt00159__fab0000_comp00_density.f32__c0008__dt-f32/chunk_0,1000000,2,ans shuffle=byte,primary,0.485792011,-1,1.64186973,3.04038201,1
fields/00480__plt00160__fab0000_comp00_density.f32__c0008__dt-f32/chunk_0,1000000,2,ans shuffle=byte,primary,1.76457596,-1,1.63437408,4.33088196,1
fields/00479__plt00159__fab0000_comp02_logden.f32__c0000__dt-f32/chunk_0,1000000,2,ans shuffle=byte,primary,4.29404783,-1,3.4216759,5.51985183,1
fields/00478__plt00159__fab0000_comp01_rho_E.f32__c0000__dt-f32/chunk_0,1000000,35,spratio,primary,1.966048,-1,321.156508,1.979108,1
fields/00478__plt00159__fab0000_comp01_rho_E.f32__c0008__dt-f32/chunk_0,1000000,35,spratio,primary,0.85097599,-1,2.44899122,2.56364199,1
fields/00481__plt00160__fab0000_comp01_rho_E.f32__c0008__dt-f32/chunk_0,1000000,35,spratio,primary,0.802464008,-1,2.43091548,2.52786501,1
fields/00482__plt00160__fab0000_comp02_logden.f32__c0008__dt-f32/chunk_0,1000000,2,ans shuffle=byte,primary,7.42108822,-1,1.45754082,10.2987462,1
fields/00481__plt00160__fab0000_comp01_rho_E.f32__c0000__dt-f32/chunk_0,1000000,39,spspeed shuffle=bit,primary,3.11635208,-1,461.318082,3.12544408,1
fields/00480__plt00160__fab0000_comp00_density.f32__c0000__dt-f32/chunk_0,1000000,2,ans shuffle=byte,primary,3.20028806,-1,6.21627021,3.87501806,1
fields/00479__plt00159__fab0000_comp02_logden.f32__c0008__dt-f32/chunk_0,1000000,2,ans shuffle=byte,primary,2.11609602,-1,1.4628398,4.98333002,1
fields/00482__plt00160__fab0000_comp02_logden.f32__c0000__dt-f32/chunk_0,1000000,2,ans shuffle=byte,primary,7.92796803,-1,3.4216759,9.15377203,1
fields/00483__plt00161__fab0000_comp00_density.f32__c0008__dt-f32/chunk_0,1000000,2,ans shuffle=byte,primary,4.56143999,-1,1.62586685,7.14117399,1
fields/00484__plt00161__fab0000_comp01_rho_E.f32__c0000__dt-f32/chunk_0,1000000,39,spspeed shuffle=bit,primary,0.533375978,-1,461.318082,0.542467978,1
fields/00483__plt00161__fab0000_comp00_density.f32__c0000__dt-f32/chunk_0,1000000,2,ans shuffle=byte,primary,5.09449577,-1,6.21627021,5.76922577,1
fields/00486__plt00162__fab0000_comp00_density.f32__c0000__dt-f32/chunk_0,1000000,2,ans shuffle=byte,primary,3.689888,-1,6.21627021,4.364618,1
fields/00485__plt00161__fab0000_comp02_logden.f32__c0008__dt-f32/chunk_0,1000000,2,ans shuffle=byte,primary,7.34393597,-1,1.45227305,10.232032,1
fields/00487__plt00162__fab0000_comp01_rho_E.f32__c0000__dt-f32/chunk_0,1000000,39,spspeed shuffle=bit,primary,1.67161596,-1,461.318082,1.68070796,1
fields/00485__plt00161__fab0000_comp02_logden.f32__c0000__dt-f32/chunk_0,1000000,2,ans shuffle=byte,primary,3.49193597,-1,3.4216759,4.71773997,1
fields/00486__plt00162__fab0000_comp00_density.f32__c0008__dt-f32/chunk_0,1000000,2,ans shuffle=byte,primary,5.43161583,-1,1.61747518,8.02473383,1
fields/00484__plt00161__fab0000_comp01_rho_E.f32__c0008__dt-f32/chunk_0,1000000,35,spratio,primary,3.04864001,-1,2.4133962,4.78656601,1
fields/00488__plt00162__fab0000_comp02_logden.f32__c0000__dt-f32/chunk_0,1000000,2,ans shuffle=byte,primary,2.33289599,-1,3.4216759,3.55869999,1
fields/00487__plt00162__fab0000_comp01_rho_E.f32__c0008__dt-f32/chunk_0,1000000,35,spratio,primary,0.368384004,-1,2.39648906,2.118571,1
fields/00489__plt00163__fab0000_comp00_density.f32__c0008__dt-f32/chunk_0,1000000,2,ans shuffle=byte,primary,7.39692783,-1,1.61041031,10.0014218,1
fields/00488__plt00162__fab0000_comp02_logden.f32__c0008__dt-f32/chunk_0,1000000,2,ans shuffle=byte,primary,2.30323195,-1,1.44681861,5.20221595,1
fields/00489__plt00163__fab0000_comp00_density.f32__c0000__dt-f32/chunk_0,1000000,2,ans shuffle=byte,primary,10.7592001,-1,6.21627021,11.4339301,1
fields/00491__plt00163__fab0000_comp02_logden.f32__c0008__dt-f32/chunk_0,1000000,2,ans shuffle=byte,primary,4.74892807,-1,1.44159324,7.65842007,1
fields/00490__plt00163__fab0000_comp01_rho_E.f32__c0008__dt-f32/chunk_0,1000000,35,spratio,primary,1.55948806,-1,2.37904235,3.32251006,1
fields/00490__plt00163__fab0000_comp01_rho_E.f32__c0000__dt-f32/chunk_0,1000000,39,spspeed shuffle=bit,primary,1.64262402,-1,461.318082,1.65171602,1
fields/00491__plt00163__fab0000_comp02_logden.f32__c0000__dt-f32/chunk_0,1000000,2,ans shuffle=byte,primary,6.25827217,-1,3.4216759,7.48407617,1
fields/00492__plt00164__fab0000_comp00_density.f32__c0008__dt-f32/chunk_0,1000000,2,ans shuffle=byte,primary,7.87728024,-1,1.60239739,10.4947982,1
fields/00494__plt00164__fab0000_comp02_logden.f32__c0008__dt-f32/chunk_0,1000000,2,ans shuffle=byte,primary,5.53743982,-1,1.43653339,8.45717982,1
fields/00493__plt00164__fab0000_comp01_rho_E.f32__c0008__dt-f32/chunk_0,1000000,35,spratio,primary,2.35168004,-1,2.36264475,4.12693804,1
fields/00494__plt00164__fab0000_comp02_logden.f32__c0000__dt-f32/chunk_0,1000000,2,ans shuffle=byte,primary,4.90560007,-1,3.4216759,6.13140407,1
fields/00495__plt00165__fab0000_comp00_density.f32__c0008__dt-f32/chunk_0,1000000,2,ans shuffle=byte,primary,2.557024,-1,1.59519392,5.186362,1
fields/00493__plt00164__fab0000_comp01_rho_E.f32__c0000__dt-f32/chunk_0,1000000,39,spspeed shuffle=bit,primary,4.04195213,-1,461.318082,4.05104413,1
fields/00495__plt00165__fab0000_comp00_density.f32__c0000__dt-f32/chunk_0,1000000,2,ans shuffle=byte,primary,4.33142424,-1,6.21619651,5.00616224,1
fields/00492__plt00164__fab0000_comp00_density.f32__c0000__dt-f32/chunk_0,1000000,2,ans shuffle=byte,primary,10.4751997,-1,6.21627021,11.1499297,1
fields/00496__plt00165__fab0000_comp01_rho_E.f32__c0000__dt-f32/chunk_0,1000000,39,spspeed shuffle=bit,primary,0.756543994,-1,461.318082,0.765635994,1
fields/00498__plt00166__fab0000_comp00_density.f32__c0000__dt-f32/chunk_0,1000000,2,ans shuffle=byte,primary,8.90908813,-1,6.20453665,9.58509413,1
fields/00500__plt00166__fab0000_comp02_logden.f32__c0000__dt-f32/chunk_0,1000000,2,ans shuffle=byte,primary,2.23952007,-1,3.42149726,3.46538807,1
fields/00499__plt00166__fab0000_comp01_rho_E.f32__c0008__dt-f32/chunk_0,1000000,35,spratio,primary,0.439711988,-1,2.32847169,2.24102399,1
fields/00500__plt00166__fab0000_comp02_logden.f32__c0008__dt-f32/chunk_0,1000000,2,ans shuffle=byte,primary,6.57215977,-1,1.42622458,9.51300377,1
fields/00497__plt00165__fab0000_comp02_logden.f32__c0000__dt-f32/chunk_0,1000000,2,ans shuffle=byte,primary,9.92713642,-1,3.42163123,11.1529564,1
fields/00497__plt00165__fab0000_comp02_logden.f32__c0008__dt-f32/chunk_0,1000000,2,ans shuffle=byte,primary,3.11324811,-1,1.43144445,6.04336811,1
fields/00499__plt00166__fab0000_comp01_rho_E.f32__c0000__dt-f32/chunk_0,1000000,39,spspeed shuffle=bit,primary,0.911487997,-1,461.318082,0.920579997,1
fields/00496__plt00165__fab0000_comp01_rho_E.f32__c0008__dt-f32/chunk_0,1000000,35,spratio,primary,0.60630399,-1,2.34534719,2.39465499,1
fields/00498__plt00166__fab0000_comp00_density.f32__c0008__dt-f32/chunk_0,1000000,2,ans shuffle=byte,primary,5.25897598,-1,1.58747071,7.90110598,1
fields/00501__plt00167__fab0000_comp00_density.f32__c0000__dt-f32/chunk_0,1000000,2,ans shuffle=byte,primary,8.34105587,-1,6.2046835,9.01704587,1
fields/00501__plt00167__fab0000_comp00_density.f32__c0008__dt-f32/chunk_0,1000000,2,ans shuffle=byte,primary,6.26656008,-1,1.58043627,8.92045008,1
fields/00503__plt00167__fab0000_comp02_logden.f32__c0000__dt-f32/chunk_0,1000000,2,ans shuffle=byte,primary,3.65315199,-1,3.42056529,4.87935399,1
fields/00502__plt00167__fab0000_comp01_rho_E.f32__c0008__dt-f32/chunk_0,1000000,35,spratio,primary,3.82118392,-1,2.31059049,5.63643592,1
fields/00502__plt00167__fab0000_comp01_rho_E.f32__c0000__dt-f32/chunk_0,1000000,35,spratio,primary,3.03475189,-1,320.298129,3.04784689,1
fields/00504__plt00168__fab0000_comp00_density.f32__c0000__dt-f32/chunk_0,1000000,2,ans shuffle=byte,primary,1.40697598,-1,6.20413283,2.08302598,1
fields/00503__plt00167__fab0000_comp02_logden.f32__c0008__dt-f32/chunk_0,1000000,2,ans shuffle=byte,primary,2.15167999,-1,1.42121599,5.10288799,1
fields/00504__plt00168__fab0000_comp00_density.f32__c0008__dt-f32/chunk_0,1000000,2,ans shuffle=byte,primary,1.35459197,-1,1.57237617,4.02208597,1
fields/00505__plt00168__fab0000_comp01_rho_E.f32__c0008__dt-f32/chunk_0,1000000,35,spratio,primary,0.405631989,-1,2.2929229,2.23487099,1
fields/00506__plt00168__fab0000_comp02_logden.f32__c0000__dt-f32/chunk_0,1000000,2,ans shuffle=byte,primary,3.30412793,-1,3.41942753,4.53073793,1
fields/00505__plt00168__fab0000_comp01_rho_E.f32__c0000__dt-f32/chunk_0,1000000,35,spratio,primary,0.575232029,-1,317.918896,0.588425029,1
fields/00506__plt00168__fab0000_comp02_logden.f32__c0008__dt-f32/chunk_0,1000000,2,ans shuffle=byte,primary,6.09625578,-1,1.41585999,9.05862778,1
fields/00509__plt00169__fab0000_comp02_logden.f32__c0000__dt-f32/chunk_0,1000000,2,ans shuffle=byte,primary,4.58732796,-1,3.41691487,5.81483996,1
fields/00508__plt00169__fab0000_comp01_rho_E.f32__c0000__dt-f32/chunk_0,1000000,35,spratio,primary,1.76243198,-1,316.264817,1.77569398,1
fields/00508__plt00169__fab0000_comp01_rho_E.f32__c0008__dt-f32/chunk_0,1000000,35,spratio,primary,2.20384002,-1,2.27531114,4.04723802,1
fields/00507__plt00169__fab0000_comp00_density.f32__c0000__dt-f32/chunk_0,1000000,2,ans shuffle=byte,primary,6.85907221,-1,6.19237186,7.53640621,1
fields/00510__plt00170__fab0000_comp00_density.f32__c0000__dt-f32/chunk_0,1000000,2,ans shuffle=byte,primary,8.78623962,-1,6.19178681,9.46363762,1
fields/00507__plt00169__fab0000_comp00_density.f32__c0008__dt-f32/chunk_0,1000000,2,ans shuffle=byte,primary,5.84953594,-1,1.56491151,8.52975394,1
fields/00509__plt00169__fab0000_comp02_logden.f32__c0008__dt-f32/chunk_0,1000000,2,ans shuffle=byte,primary,8.98832035,-1,1.41084408,11.9612244,1
fields/00510__plt00170__fab0000_comp00_density.f32__c0008__dt-f32/chunk_0,1000000,2,ans shuffle=byte,primary,7.66547203,-1,1.55714964,10.35905,1
fields/00511__plt00170__fab0000_comp01_rho_E.f32__c0000__dt-f32/chunk_0,1000000,35,spratio,primary,2.58092809,-1,313.31172,2.59431509,1
fields/00513__plt00171__fab0000_comp00_density.f32__c0000__dt-f32/chunk_0,1000000,2,ans shuffle=byte,primary,2.64380789,-1,6.17435928,3.32311789,1
fields/00514__plt00171__fab0000_comp01_rho_E.f32__c0000__dt-f32/chunk_0,1000000,35,spratio,primary,0.22992,-1,306.578759,0.243601,1
fields/00511__plt00170__fab0000_comp01_rho_E.f32__c0008__dt-f32/chunk_0,1000000,35,spratio,primary,0.380479991,-1,2.25889206,2.23727699,1
fields/00515__plt00171__fab0000_comp02_logden.f32__c0000__dt-f32/chunk_0,1000000,2,ans shuffle=byte,primary,1.83593595,-1,3.41063547,3.06570795,1
fields/00513__plt00171__fab0000_comp00_density.f32__c0008__dt-f32/chunk_0,1000000,2,ans shuffle=byte,primary,2.0671041,-1,1.54976437,4.7735181,1
fields/00512__plt00170__fab0000_comp02_logden.f32__c0000__dt-f32/chunk_0,1000000,2,ans shuffle=byte,primary,5.37206411,-1,3.41625806,6.59981211,1
fields/00512__plt00170__fab0000_comp02_logden.f32__c0008__dt-f32/chunk_0,1000000,2,ans shuffle=byte,primary,3.94812799,-1,1.40576934,6.93176399,1
fields/00515__plt00171__fab0000_comp02_logden.f32__c0008__dt-f32/chunk_0,1000000,2,ans shuffle=byte,primary,9.53600025,-1,1.40062432,12.5305963,1
fields/00514__plt00171__fab0000_comp01_rho_E.f32__c0008__dt-f32/chunk_0,1000000,35,spratio,primary,2.11945605,-1,2.24227903,3.99001005,1
fields/00517__plt00172__fab0000_comp01_rho_E.f32__c0008__dt-f32/chunk_0,1000000,35,spratio,primary,0.318399996,-1,2.22721111,2.201609,1
fields/00517__plt00172__fab0000_comp01_rho_E.f32__c0000__dt-f32/chunk_0,1000000,35,spratio,primary,0.181856006,-1,296.899837,0.195983006,1
fields/00516__plt00172__fab0000_comp00_density.f32__c0008__dt-f32/chunk_0,1000000,2,ans shuffle=byte,primary,8.62054443,-1,1.54187728,11.3408024,1
fields/00516__plt00172__fab0000_comp00_density.f32__c0000__dt-f32/chunk_0,1000000,2,ans shuffle=byte,primary,5.20137596,-1,6.15572835,5.88274196,1
fields/00518__plt00172__fab0000_comp02_logden.f32__c0008__dt-f32/chunk_0,1000000,2,ans shuffle=byte,primary,1.21555197,-1,1.39581127,4.22047397,1
fields/00518__plt00172__fab0000_comp02_logden.f32__c0000__dt-f32/chunk_0,1000000,2,ans shuffle=byte,primary,0.947935998,-1,3.40496501,2.179756,1
fields/00520__plt00173__fab0000_comp01_rho_E.f32__c0000__dt-f32/chunk_0,1000000,35,spratio,primary,4.34262419,-1,280.124491,4.35759719,1
fields/00522__plt00174__fab0000_comp00_density.f32__c0000__dt-f32/chunk_0,1000000,2,ans shuffle=byte,primary,2.0393281,-1,6.1212307,2.7245341,1
fields/00519__plt00173__fab0000_comp00_density.f32__c0000__dt-f32/chunk_0,1000000,2,ans shuffle=byte,primary,8.79248047,-1,6.13225649,9.47645447,1
fields/00523__plt00174__fab0000_comp01_rho_E.f32__c0000__dt-f32/chunk_0,1000000,35,spratio,primary,0.748960018,-1,256.720774,0.765298018,1
fields/00519__plt00173__fab0000_comp00_density.f32__c0008__dt-f32/chunk_0,1000000,2,ans shuffle=byte,primary,10.266016,-1,1.53443485,12.999468,1
fields/00521__plt00173__fab0000_comp02_logden.f32__c0000__dt-f32/chunk_0,1000000,2,ans shuffle=byte,primary,3.40416002,-1,3.39845403,4.63834002,1
fields/00520__plt00173__fab0000_comp01_rho_E.f32__c0008__dt-f32/chunk_0,1000000,35,spratio,primary,1.02377605,-1,2.21111625,2.92069305,1
fields/00521__plt00173__fab0000_comp02_logden.f32__c0008__dt-f32/chunk_0,1000000,2,ans shuffle=byte,primary,1.63984001,-1,1.39071017,4.65578401,1
fields/00522__plt00174__fab0000_comp00_density.f32__c0008__dt-f32/chunk_0,1000000,2,ans shuffle=byte,primary,9.21772766,-1,1.52709394,11.9643197,1
fields/00525__plt00175__fab0000_comp00_density.f32__c0008__dt-f32/chunk_0,1000000,2,ans shuffle=byte,primary,6.88496017,-1,1.51973924,9.64484417,1
fields/00527__plt00175__fab0000_comp02_logden.f32__c0000__dt-f32/chunk_0,1000000,2,ans shuffle=byte,primary,4.27945614,-1,3.3769041,5.52151214,1
fields/00523__plt00174__fab0000_comp01_rho_E.f32__c0008__dt-f32/chunk_0,1000000,35,spratio,primary,1.38611197,-1,2.19593619,3.29614197,1
fields/00524__plt00174__fab0000_comp02_logden.f32__c0000__dt-f32/chunk_0,1000000,2,ans shuffle=byte,primary,11.5795202,-1,3.38743686,12.8177142,1
fields/00524__plt00174__fab0000_comp02_logden.f32__c0008__dt-f32/chunk_0,1000000,2,ans shuffle=byte,primary,2.54780793,-1,1.3858495,5.57432993,1
fields/00525__plt00175__fab0000_comp00_density.f32__c0000__dt-f32/chunk_0,1000000,2,ans shuffle=byte,primary,6.19779205,-1,6.05072779,6.89098205,1
fields/00528__plt00176__fab0000_comp00_density.f32__c0000__dt-f32/chunk_0,1000000,2,ans shuffle=byte,primary,1.76307201,-1,6.0355082,2.45801001,1
fields/00527__plt00175__fab0000_comp02_logden.f32__c0008__dt-f32/chunk_0,1000000,2,ans shuffle=byte,primary,6.61711979,-1,1.38097994,9.65431379,1
fields/00526__plt00175__fab0000_comp01_rho_E.f32__c0000__dt-f32/chunk_0,1000000,35,spratio,primary,0.228768006,-1,232.95218,0.246773006,1
fields/00526__plt00175__fab0000_comp01_rho_E.f32__c0008__dt-f32/chunk_0,1000000,35,spratio,primary,1.52236795,-1,2.1804654,3.44594995,1
fields/00528__plt00176__fab0000_comp00_density.f32__c0008__dt-f32/chunk_0,1000000,9,bitcomp type=int,primary,10.4812803,-1,1.52251739,13.2361283,1
fields/00529__plt00176__fab0000_comp01_rho_E.f32__c0000__dt-f32/chunk_0,1000000,35,spratio,primary,1.15724802,-1,208.329807,1.17738102,1
fields/00532__plt00177__fab0000_comp01_rho_E.f32__c0000__dt-f32/chunk_0,1000000,35,spratio,primary,0.590528011,-1,183.037486,0.613443011,1
fields/00532__plt00177__fab0000_comp01_rho_E.f32__c0008__dt-f32/chunk_0,1000000,35,spratio,primary,0.33039999,-1,2.15190507,2.27951199,1
fields/00531__plt00177__fab0000_comp00_density.f32__c0008__dt-f32/chunk_0,1000000,9,bitcomp type=int,primary,4.19753599,-1,1.51618594,6.96388799,1
fields/00533__plt00177__fab0000_comp02_logden.f32__c0000__dt-f32/chunk_0,1000000,2,ans shuffle=byte,primary,4.71420813,-1,3.34983156,5.96630213,1
fields/00529__plt00176__fab0000_comp01_rho_E.f32__c0008__dt-f32/chunk_0,1000000,35,spratio,primary,0.346623987,-1,2.16587522,2.28316399,1
fields/00530__plt00176__fab0000_comp02_logden.f32__c0000__dt-f32/chunk_0,1000000,2,ans shuffle=byte,primary,4.44895983,-1,3.36339157,5.69600583,1
fields/00530__plt00176__fab0000_comp02_logden.f32__c0008__dt-f32/chunk_0,1000000,2,ans shuffle=byte,primary,5.08640003,-1,1.37628086,8.13396403,1
fields/00533__plt00177__fab0000_comp02_logden.f32__c0008__dt-f32/chunk_0,1000000,2,ans shuffle=byte,primary,6.96822405,-1,1.37146744,10.026484,1
fields/00531__plt00177__fab0000_comp00_density.f32__c0000__dt-f32/chunk_0,1000000,2,ans shuffle=byte,primary,11.8091841,-1,5.99092143,12.5092941,1
fields/00538__plt00179__fab0000_comp01_rho_E.f32__c0000__dt-f32/chunk_0,1000000,35,spratio,primary,0.523168027,-1,143.008763,0.552497027,1
fields/00534__plt00178__fab0000_comp00_density.f32__c0000__dt-f32/chunk_0,1000000,2,ans shuffle=byte,primary,7.55100822,-1,5.93988042,8.25713422,1
fields/00534__plt00178__fab0000_comp00_density.f32__c0008__dt-f32/chunk_0,1000000,9,bitcomp type=int,primary,5.54713583,-1,1.51008305,8.32466783,1
fields/00536__plt00178__fab0000_comp02_logden.f32__c0000__dt-f32/chunk_0,1000000,2,ans shuffle=byte,primary,0.237535998,-1,3.33502219,1.49519,1
fields/00535__plt00178__fab0000_comp01_rho_E.f32__c0008__dt-f32/chunk_0,1000000,35,spratio,primary,1.16271996,-1,2.1380584,3.12445496,1
fields/00536__plt00178__fab0000_comp02_logden.f32__c0008__dt-f32/chunk_0,1000000,2,ans shuffle=byte,primary,5.79622412,-1,1.36686305,8.86478612,1
fields/00535__plt00178__fab0000_comp01_rho_E.f32__c0000__dt-f32/chunk_0,1000000,35,spratio,primary,0.753376007,-1,162.180187,0.779238007,1
fields/00537__plt00179__fab0000_comp00_density.f32__c0000__dt-f32/chunk_0,1000000,2,ans shuffle=byte,primary,0.266144007,-1,5.89513216,0.977630007,1
fields/00538__plt00179__fab0000_comp01_rho_E.f32__c0008__dt-f32/chunk_0,1000000,35,spratio,primary,0.443904012,-1,2.12508949,2.41761101,1
fields/00539__plt00179__fab0000_comp02_logden.f32__c0008__dt-f32/chunk_0,1000000,2,ans shuffle=byte,primary,6.84064007,-1,1.3621647,9.91978607,1
fields/00537__plt00179__fab0000_comp00_density.f32__c0008__dt-f32/chunk_0,1000000,2,ans shuffle=byte,primary,0.286911994,-1,1.49208795,3.09794199,1
fields/00539__plt00179__fab0000_comp02_logden.f32__c0000__dt-f32/chunk_0,1000000,2,ans shuffle=byte,primary,7.91279984,-1,3.31947076,9.17634584,1
fields/00541__plt00180__fab0000_comp01_rho_E.f32__c0000__dt-f32/chunk_0,1000000,35,spratio,primary,0.377056003,-1,126.167248,0.410300003,1
fields/00540__plt00180__fab0000_comp00_density.f32__c0000__dt-f32/chunk_0,1000000,2,ans shuffle=byte,primary,3.60124803,-1,5.83782761,4.31971803,1
fields/00542__plt00180__fab0000_comp02_logden.f32__c0008__dt-f32/chunk_0,1000000,2,ans shuffle=byte,primary,10.3524485,-1,1.35757325,13.4420085,1
fields/00541__plt00180__fab0000_comp01_rho_E.f32__c0008__dt-f32/chunk_0,1000000,35,spratio,primary,0.314208001,-1,2.11251101,2.299667,1
fields/00540__plt00180__fab0000_comp00_density.f32__c0008__dt-f32/chunk_0,1000000,2,ans shuffle=byte,primary,4.51315212,-1,1.48538346,7.33687012,1
fields/00544__plt00181__fab0000_comp01_rho_E.f32__c0000__dt-f32/chunk_0,1000000,35,spratio,primary,0.603424013,-1,111.547672,0.641025013,1
fields/00544__plt00181__fab0000_comp01_rho_E.f32__c0008__dt-f32/chunk_0,1000000,35,spratio,primary,3.42908812,-1,2.09945405,5.42689512,1
fields/00543__plt00181__fab0000_comp00_density.f32__c0000__dt-f32/chunk_0,1000000,2,ans shuffle=byte,primary,6.74675179,-1,5.78756192,7.47146179,1
fields/00543__plt00181__fab0000_comp00_density.f32__c0008__dt-f32/chunk_0,1000000,2,ans shuffle=byte,primary,4.11948776,-1,1.4790226,6.95534976,1
fields/00545__plt00181__fab0000_comp02_logden.f32__c0000__dt-f32/chunk_0,1000000,2,ans shuffle=byte,primary,2.17564797,-1,3.28495593,3.45246997,1
fields/00542__plt00180__fab0000_comp02_logden.f32__c0000__dt-f32/chunk_0,1000000,2,ans shuffle=byte,primary,12.381856,-1,3.30438646,13.65117,1
fields/00546__plt00182__fab0000_comp00_density.f32__c0000__dt-f32/chunk_0,1000000,2,ans shuffle=byte,primary,2.60224009,-1,5.72777949,3.33451409,1
fields/00545__plt00181__fab0000_comp02_logden.f32__c0008__dt-f32/chunk_0,1000000,2,ans shuffle=byte,primary,3.04003191,-1,1.35318812,6.13960391,1
fields/00549__plt00183__fab0000_comp00_density.f32__c0000__dt-f32/chunk_0,1000000,2,ans shuffle=byte,primary,5.86265612,-1,5.65787067,6.60397812,1
fields/00549__plt00183__fab0000_comp00_density.f32__c0008__dt-f32/chunk_0,1000000,2,ans shuffle=byte,primary,4.76473618,-1,1.46615025,7.62549618,1
fields/00547__plt00182__fab0000_comp01_rho_E.f32__c0000__dt-f32/chunk_0,1000000,35,spratio,primary,1.616768,-1,99.5278819,1.65891,1
fields/00548__plt00182__fab0000_comp02_logden.f32__c0000__dt-f32/chunk_0,1000000,2,ans shuffle=byte,primary,6.57791996,-1,3.2671466,7.86170196,1
fields/00547__plt00182__fab0000_comp01_rho_E.f32__c0008__dt-f32/chunk_0,1000000,35,spratio,primary,3.47945595,-1,2.08700083,5.48918395,1
fields/00546__plt00182__fab0000_comp00_density.f32__c0008__dt-f32/chunk_0,1000000,2,ans shuffle=byte,primary,13.5003519,-1,1.47245129,16.3488699,1
fields/00550__plt00183__fab0000_comp01_rho_E.f32__c0000__dt-f32/chunk_0,1000000,35,spratio,primary,0.244767994,-1,88.4519707,0.292186994,1
fields/00548__plt00182__fab0000_comp02_logden.f32__c0008__dt-f32/chunk_0,1000000,2,ans shuffle=byte,primary,5.6837759,-1,1.34893621,8.7931179,1
fields/00550__plt00183__fab0000_comp01_rho_E.f32__c0008__dt-f32/chunk_0,1000000,35,spratio,primary,1.20544004,-1,2.07484123,3.22694604,1
fields/00553__plt00184__fab0000_comp01_rho_E.f32__c0000__dt-f32/chunk_0,1000000,35,spratio,primary,3.01436806,-1,79.4345669,3.06717006,1
fields/00551__plt00183__fab0000_comp02_logden.f32__c0008__dt-f32/chunk_0,1000000,2,ans shuffle=byte,primary,3.38915205,-1,1.34449885,6.50875605,1
fields/00552__plt00184__fab0000_comp00_density.f32__c0000__dt-f32/chunk_0,1000000,2,ans shuffle=byte,primary,3.63398409,-1,5.60956312,4.38169009,1
fields/00553__plt00184__fab0000_comp01_rho_E.f32__c0008__dt-f32/chunk_0,1000000,35,spratio,primary,3.80995202,-1,2.0624827,5.84357102,1
fields/00554__plt00184__fab0000_comp02_logden.f32__c0008__dt-f32/chunk_0,1000000,2,ans shuffle=byte,primary,5.63404799,-1,1.34011372,8.76385999,1
fields/00551__plt00183__fab0000_comp02_logden.f32__c0000__dt-f32/chunk_0,1000000,2,ans shuffle=byte,primary,3.64960003,-1,3.24515467,4.94208203,1
fields/00554__plt00184__fab0000_comp02_logden.f32__c0000__dt-f32/chunk_0,1000000,2,ans shuffle=byte,primary,8.33337593,-1,3.22815076,9.63266593,1
fields/00552__plt00184__fab0000_comp00_density.f32__c0008__dt-f32/chunk_0,1000000,2,ans shuffle=byte,primary,6.2249279,-1,1.45980638,9.0981199,1
fields/00555__plt00185__fab0000_comp00_density.f32__c0000__dt-f32/chunk_0,1000000,2,ans shuffle=byte,primary,1.21737599,-1,5.53485757,1.97517399,1
fields/00556__plt00185__fab0000_comp01_rho_E.f32__c0000__dt-f32/chunk_0,1000000,35,spratio,primary,0.261503994,-1,71.681575,0.320016994,1
fields/00556__plt00185__fab0000_comp01_rho_E.f32__c0008__dt-f32/chunk_0,1000000,35,spratio,primary,2.78486395,-1,2.05045995,4.83040695,1
fields/00555__plt00185__fab0000_comp00_density.f32__c0008__dt-f32/chunk_0,1000000,2,ans shuffle=byte,primary,5.27270412,-1,1.45360078,8.15816212,1
fields/00557__plt00185__fab0000_comp02_logden.f32__c0008__dt-f32/chunk_0,1000000,2,ans shuffle=byte,primary,4.41219187,-1,1.33614006,7.55131187,1
fields/00558__plt00186__fab0000_comp00_density.f32__c0000__dt-f32/chunk_0,1000000,2,ans shuffle=byte,primary,5.82099199,-1,5.48942374,6.58506199,1
fields/00557__plt00185__fab0000_comp02_logden.f32__c0000__dt-f32/chunk_0,1000000,2,ans shuffle=byte,primary,5.17315197,-1,3.20813096,6.48054997,1
fields/00559__plt00186__fab0000_comp01_rho_E.f32__c0000__dt-f32/chunk_0,1000000,35,spratio,primary,1.78585601,-1,64.4316021,1.85095301,1
fields/00561__plt00187__fab0000_comp00_density.f32__c0008__dt-f32/chunk_0,1000000,9,bitcomp type=int,primary,6.02755213,-1,1.45394242,8.91233213,1
fields/00560__plt00186__fab0000_comp02_logden.f32__c0008__dt-f32/chunk_0,1000000,2,ans shuffle=byte,primary,5.27196789,-1,1.33190309,8.42107389,1
fields/00558__plt00186__fab0000_comp00_density.f32__c0008__dt-f32/chunk_0,1000000,2,ans shuffle=byte,primary,5.88806391,-1,1.44760259,8.78547791,1
fields/00559__plt00186__fab0000_comp01_rho_E.f32__c0008__dt-f32/chunk_0,1000000,35,spratio,primary,1.50495994,-1,2.03813178,3.56287594,1
fields/00562__plt00187__fab0000_comp01_rho_E.f32__c0008__dt-f32/chunk_0,1000000,35,spratio,primary,1.28777599,-1,2.02645506,3.35754999,1
fields/00561__plt00187__fab0000_comp00_density.f32__c0000__dt-f32/chunk_0,1000000,2,ans shuffle=byte,primary,4.36604786,-1,5.42265456,5.13952586,1
fields/00562__plt00187__fab0000_comp01_rho_E.f32__c0000__dt-f32/chunk_0,1000000,35,spratio,primary,1.43263996,-1,58.2558404,1.50463796,1
fields/00560__plt00186__fab0000_comp02_logden.f32__c0000__dt-f32/chunk_0,1000000,2,ans shuffle=byte,primary,4.47699213,-1,3.18936166,5.79208413,1
fields/00563__plt00187__fab0000_comp02_logden.f32__c0008__dt-f32/chunk_0,1000000,2,ans shuffle=byte,primary,7.14294386,-1,1.32792997,10.3014719,1
fields/00564__plt00188__fab0000_comp00_density.f32__c0000__dt-f32/chunk_0,1000000,2,ans shuffle=byte,primary,6.2732482,-1,5.35054637,7.0571502,1
fields/00566__plt00188__fab0000_comp02_logden.f32__c0008__dt-f32/chunk_0,1000000,2,ans shuffle=byte,primary,1.63564801,-1,1.32401644,4.80351201,1
fields/00563__plt00187__fab0000_comp02_logden.f32__c0000__dt-f32/chunk_0,1000000,2,ans shuffle=byte,primary,7.87603188,-1,3.16592343,9.20085988,1
fields/00564__plt00188__fab0000_comp00_density.f32__c0008__dt-f32/chunk_0,1000000,2,ans shuffle=byte,primary,8.13715172,-1,1.43594519,11.0580877,1
fields/00566__plt00188__fab0000_comp02_logden.f32__c0000__dt-f32/chunk_0,1000000,2,ans shuffle=byte,primary,2.9927361,-1,3.1464391,4.3257681,1
fields/00565__plt00188__fab0000_comp01_rho_E.f32__c0008__dt-f32/chunk_0,1000000,35,spratio,primary,0.384640008,-1,2.014622,2.46657101,1
fields/00565__plt00188__fab0000_comp01_rho_E.f32__c0000__dt-f32/chunk_0,1000000,35,spratio,primary,0.22992,-1,52.9730986,0.309098,1
fields/00567__plt00189__fab0000_comp00_density.f32__c0008__dt-f32/chunk_0,1000000,2,ans shuffle=byte,primary,9.39984035,-1,1.43012273,12.3326684,1
fields/00567__plt00189__fab0000_comp00_density.f32__c0000__dt-f32/chunk_0,1000000,2,ans shuffle=byte,primary,2.13180804,-1,5.28928021,2.92479004,1
fields/00568__plt00189__fab0000_comp01_rho_E.f32__c0000__dt-f32/chunk_0,1000000,35,spratio,primary,0.373695999,-1,48.4879425,0.460197999,1
fields/00569__plt00189__fab0000_comp02_logden.f32__c0000__dt-f32/chunk_0,1000000,2,ans shuffle=byte,primary,4.00479984,-1,3.12704391,5.34609984,1
fields/00571__plt00190__fab0000_comp01_rho_E.f32__c0000__dt-f32/chunk_0,1000000,35,spratio,primary,3.458848,-1,44.6373505,3.552812,1
fields/00572__plt00190__fab0000_comp02_logden.f32__c0000__dt-f32/chunk_0,1000000,2,ans shuffle=byte,primary,6.17023993,-1,3.1050886,7.52102393,1
fields/00568__plt00189__fab0000_comp01_rho_E.f32__c0008__dt-f32/chunk_0,1000000,35,spratio,primary,3.88806391,-1,2.00296746,5.98210891,1
fields/00570__plt00190__fab0000_comp00_density.f32__c0008__dt-f32/chunk_0,1000000,2,ans shuffle=byte,primary,3.21299195,-1,1.42439084,6.15762195,1
fields/00569__plt00189__fab0000_comp02_logden.f32__c0008__dt-f32/chunk_0,1000000,2,ans shuffle=byte,primary,6.18876791,-1,1.32008601,9.36606391,1
fields/00572__plt00190__fab0000_comp02_logden.f32__c0008__dt-f32/chunk_0,1000000,2,ans shuffle=byte,primary,5.81667185,-1,1.31608799,9.00361985,1
fields/00570__plt00190__fab0000_comp00_density.f32__c0000__dt-f32/chunk_0,1000000,2,ans shuffle=byte,primary,4.53635216,-1,5.2184706,5.34009416,1
fields/00573__plt00191__fab0000_comp00_density.f32__c0008__dt-f32/chunk_0,1000000,2,ans shuffle=byte,primary,0.399872005,-1,1.41859051,3.356542,1
fields/00574__plt00191__fab0000_comp01_rho_E.f32__c0000__dt-f32/chunk_0,1000000,35,spratio,primary,4.7235198,-1,41.1395839,4.8254728,1
fields/00573__plt00191__fab0000_comp00_density.f32__c0000__dt-f32/chunk_0,1000000,2,ans shuffle=byte,primary,1.64287996,-1,5.17366924,2.45358196,1
fields/00571__plt00190__fab0000_comp01_rho_E.f32__c0008__dt-f32/chunk_0,1000000,35,spratio,primary,1.75030398,-1,1.99160018,3.85630098,1
fields/00574__plt00191__fab0000_comp01_rho_E.f32__c0008__dt-f32/chunk_0,1000000,35,spratio,primary,7.19055986,-1,1.98046685,9.30839586,1
fields/00576__plt00192__fab0000_comp00_density.f32__c0008__dt-f32/chunk_0,1000000,2,ans shuffle=byte,primary,11.671936,-1,1.41296383,14.64038,1
fields/00575__plt00191__fab0000_comp02_logden.f32__c0000__dt-f32/chunk_0,1000000,2,ans shuffle=byte,primary,4.18636799,-1,3.08317198,5.54675399,1
fields/00576__plt00192__fab0000_comp00_density.f32__c0000__dt-f32/chunk_0,1000000,2,ans shuffle=byte,primary,14.6849279,-1,5.10818981,15.5060219,1
fields/00575__plt00191__fab0000_comp02_logden.f32__c0008__dt-f32/chunk_0,1000000,2,ans shuffle=byte,primary,7.19504023,-1,1.31234895,10.3910682,1
fields/00577__plt00192__fab0000_comp01_rho_E.f32__c0000__dt-f32/chunk_0,1000000,35,spratio,primary,0.429504007,-1,38.0421935,0.539758007,1
fields/00578__plt00192__fab0000_comp02_logden.f32__c0008__dt-f32/chunk_0,1000000,2,ans shuffle=byte,primary,1.33385599,-1,1.30869153,4.53881599,1
fields/00578__plt00192__fab0000_comp02_logden.f32__c0000__dt-f32/chunk_0,1000000,2,ans shuffle=byte,primary,3.07791996,-1,3.0597312,4.44872796,1
fields/00579__plt00193__fab0000_comp00_density.f32__c0000__dt-f32/chunk_0,1000000,2,ans shuffle=byte,primary,2.04614401,-1,5.02462294,2.88089401,1
fields/00577__plt00192__fab0000_comp01_rho_E.f32__c0008__dt-f32/chunk_0,1000000,35,spratio,primary,1.69865596,-1,1.96914386,3.82866996,1
fields/00579__plt00193__fab0000_comp00_density.f32__c0008__dt-f32/chunk_0,1000000,2,ans shuffle=byte,primary,6.46297598,-1,1.40722579,9.44352398,1
fields/00581__plt00193__fab0000_comp02_logden.f32__c0000__dt-f32/chunk_0,1000000,2,ans shuffle=byte,primary,6.2848959,-1,3.03968553,7.6647439,1
fields/00580__plt00193__fab0000_comp01_rho_E.f32__c0008__dt-f32/chunk_0,1000000,35,spratio,primary,2.20697594,-1,1.95809495,4.34900894,1
fields/00581__plt00193__fab0000_comp02_logden.f32__c0008__dt-f32/chunk_0,1000000,2,ans shuffle=byte,primary,8.66016006,-1,1.30501708,11.8741441,1
fields/00580__plt00193__fab0000_comp01_rho_E.f32__c0000__dt-f32/chunk_0,1000000,35,spratio,primary,1.31091201,-1,35.2613641,1.42986101,1
fields/00582__plt00194__fab0000_comp00_density.f32__c0000__dt-f32/chunk_0,1000000,2,ans shuffle=byte,primary,5.56835222,-1,4.96711803,6.41276622,1
fields/00584__plt00194__fab0000_comp02_logden.f32__c0000__dt-f32/chunk_0,1000000,2,ans shuffle=byte,primary,3.99625611,-1,3.01570584,5.38707611,1
fields/00582__plt00194__fab0000_comp00_density.f32__c0008__dt-f32/chunk_0,1000000,2,ans shuffle=byte,primary,4.69046402,-1,1.40197171,7.68218202,1
fields/00583__plt00194__fab0000_comp01_rho_E.f32__c0008__dt-f32/chunk_0,1000000,35,spratio,primary,0.131776005,-1,1.94719917,2.28579501,1
fields/00585__plt00195__fab0000_comp00_density.f32__c0000__dt-f32/chunk_0,1000000,2,ans shuffle=byte,primary,2.671808,-1,4.90278599,3.527302,1
fields/00583__plt00194__fab0000_comp01_rho_E.f32__c0000__dt-f32/chunk_0,1000000,35,spratio,primary,3.68160009,-1,32.7112664,3.80982209,1
fields/00587__plt00195__fab0000_comp02_logden.f32__c0000__dt-f32/chunk_0,1000000,2,ans shuffle=byte,primary,1.40873599,-1,2.99240894,2.81038399,1
fields/00585__plt00195__fab0000_comp00_density.f32__c0008__dt-f32/chunk_0,1000000,2,ans shuffle=byte,primary,2.85974407,-1,1.39639122,5.86341807,1
fields/00586__plt00195__fab0000_comp01_rho_E.f32__c0000__dt-f32/chunk_0,1000000,35,spratio,primary,0.848128021,-1,30.4632637,0.985812021,1
fields/00586__plt00195__fab0000_comp01_rho_E.f32__c0008__dt-f32/chunk_0,1000000,35,spratio,primary,1.77875197,-1,1.93689701,3.94422797,1
fields/00584__plt00194__fab0000_comp02_logden.f32__c0008__dt-f32/chunk_0,1000000,2,ans shuffle=byte,primary,1.46182406,-1,1.30142134,4.68468806,1
fields/00587__plt00195__fab0000_comp02_logden.f32__c0008__dt-f32/chunk_0,1000000,2,ans shuffle=byte,primary,3.6892159,-1,1.29778433,6.9211119,1
fields/00588__plt00196__fab0000_comp00_density.f32__c0008__dt-f32/chunk_0,1000000,2,ans shuffle=byte,primary,7.89932823,-1,1.3914142,10.9137462,1
fields/00588__plt00196__fab0000_comp00_density.f32__c0000__dt-f32/chunk_0,1000000,2,ans shuffle=byte,primary,8.31900787,-1,4.83423042,9.18663387,1
fields/00590__plt00196__fab0000_comp02_logden.f32__c0008__dt-f32/chunk_0,1000000,2,ans shuffle=byte,primary,3.4902401,-1,1.29430018,6.7308361,1
fields/00591__plt00197__fab0000_comp00_density.f32__c0000__dt-f32/chunk_0,1000000,2,ans shuffle=byte,primary,3.06448007,-1,4.77750339,3.94240807,1
fields/00591__plt00197__fab0000_comp00_density.f32__c0008__dt-f32/chunk_0,1000000,2,ans shuffle=byte,primary,1.39919996,-1,1.38640195,4.42451596,1
fields/00589__plt00196__fab0000_comp01_rho_E.f32__c0008__dt-f32/chunk_0,1000000,35,spratio,primary,0.111776002,-1,1.92632723,2.289134,1
fields/00589__plt00196__fab0000_comp01_rho_E.f32__c0000__dt-f32/chunk_0,1000000,35,spratio,primary,0.247135997,-1,28.4910097,0.394350997,1
fields/00590__plt00196__fab0000_comp02_logden.f32__c0000__dt-f32/chunk_0,1000000,2,ans shuffle=byte,primary,1.25103998,-1,2.96916651,2.66365998,1
fields/00592__plt00197__fab0000_comp01_rho_E.f32__c0000__dt-f32/chunk_0,1000000,35,spratio,primary,0.165759996,-1,26.7018761,0.322838996,1
fields/00593__plt00197__fab0000_comp02_logden.f32__c0000__dt-f32/chunk_0,1000000,2,ans shuffle=byte,primary,9.40742397,-1,2.94817106,10.830104,1
fields/00592__plt00197__fab0000_comp01_rho_E.f32__c0008__dt-f32/chunk_0,1000000,35,spratio,primary,1.42361605,-1,1.91609098,3.61260605,1
fields/00595__plt00198__fab0000_comp01_rho_E.f32__c0008__dt-f32/chunk_0,1000000,35,spratio,primary,0.498944014,-1,1.90689013,2.69849601,1
fields/00594__plt00198__fab0000_comp00_density.f32__c0008__dt-f32/chunk_0,1000000,2,ans shuffle=byte,primary,2.99958396,-1,1.3812046,6.03628396,1
fields/00594__plt00198__fab0000_comp00_density.f32__c0000__dt-f32/chunk_0,1000000,2,ans shuffle=byte,primary,5.79308796,-1,4.69985836,6.68551996,1
fields/00596__plt00198__fab0000_comp02_logden.f32__c0000__dt-f32/chunk_0,1000000,2,ans shuffle=byte,primary,4.76160002,-1,2.92466976,6.19571202,1
fields/00595__plt00198__fab0000_comp01_rho_E.f32__c0000__dt-f32/chunk_0,1000000,35,spratio,primary,0.521632016,-1,25.0933544,0.688780016,1
fields/00596__plt00198__fab0000_comp02_logden.f32__c0008__dt-f32/chunk_0,1000000,2,ans shuffle=byte,primary,4.79712009,-1,1.28735531,8.05519809,1
fields/00593__plt00197__fab0000_comp02_logden.f32__c0008__dt-f32/chunk_0,1000000,2,ans shuffle=byte,primary,1.60976005,-1,1.29075604,4.85925405,1
fields/00597__plt00199__fab0000_comp00_density.f32__c0000__dt-f32/chunk_0,1000000,2,ans shuffle=byte,primary,4.37804794,-1,4.63532761,5.28290394,1
fields/00597__plt00199__fab0000_comp00_density.f32__c0008__dt-f32/chunk_0,1000000,2,ans shuffle=byte,primary,6.08345604,-1,1.37623931,9.13111204,1
fields/00601__plt00200__fab0000_comp01_rho_E.f32__c0000__dt-f32/chunk_0,1000000,35,spratio,primary,0.413311988,-1,22.217123,0.602098988,1
fields/00598__plt00199__fab0000_comp01_rho_E.f32__c0000__dt-f32/chunk_0,1000000,35,spratio,primary,0.561536014,-1,23.6066076,0.739211014,1
fields/00599__plt00199__fab0000_comp02_logden.f32__c0000__dt-f32/chunk_0,1000000,2,ans shuffle=byte,primary,2.82963204,-1,2.90188547,4.27500404,1
fields/00600__plt00200__fab0000_comp00_density.f32__c0000__dt-f32/chunk_0,1000000,2,ans shuffle=byte,primary,3.28774405,-1,4.57158802,4.20521605,1
fields/00599__plt00199__fab0000_comp02_logden.f32__c0008__dt-f32/chunk_0,1000000,2,ans shuffle=byte,primary,4.25663996,-1,1.2840259,7.52316596,1
fields/00598__plt00199__fab0000_comp01_rho_E.f32__c0008__dt-f32/chunk_0,1000000,35,spratio,primary,0.655296028,-1,1.89713257,2.86616103,1
fields/00601__plt00200__fab0000_comp01_rho_E.f32__c0008__dt-f32/chunk_0,1000000,35,spratio,primary,1.06832004,-1,1.88835728,3.28945904,1
fields/00602__plt00200__fab0000_comp02_logden.f32__c0000__dt-f32/chunk_0,1000000,2,ans shuffle=byte,primary,1.15107203,-1,2.87709902,2.60889603,1
fields/00602__plt00200__fab0000_comp02_logden.f32__c0008__dt-f32/chunk_0,1000000,2,ans shuffle=byte,primary,0.895936012,-1,1.28063469,4.17111201,1
fields/00600__plt00200__fab0000_comp00_density.f32__c0008__dt-f32/chunk_0,1000000,2,ans shuffle=byte,primary,4.82694387,-1,1.37165043,7.88479587,1
fields/00603__plt00201__fab0000_comp00_density.f32__c0000__dt-f32/chunk_0,1000000,2,ans shuffle=byte,primary,4.07840014,-1,4.51400381,5.00757614,1
fields/00603__plt00201__fab0000_comp00_density.f32__c0008__dt-f32/chunk_0,1000000,2,ans shuffle=byte,primary,7.41168022,-1,1.36672497,10.4805522,1
fields/00607__plt00202__fab0000_comp01_rho_E.f32__c0000__dt-f32/chunk_0,1000000,35,spratio,primary,0.258080006,-1,19.8213842,0.469685006,1
fields/00605__plt00201__fab0000_comp02_logden.f32__c0008__dt-f32/chunk_0,1000000,2,ans shuffle=byte,primary,12.8217602,-1,1.27737104,16.1053042,1
fields/00604__plt00201__fab0000_comp01_rho_E.f32__c0000__dt-f32/chunk_0,1000000,35,spratio,primary,0.100192003,-1,20.953814,0.300361003,1
fields/00605__plt00201__fab0000_comp02_logden.f32__c0000__dt-f32/chunk_0,1000000,2,ans shuffle=byte,primary,9.56416035,-1,2.85343108,11.0340763,1
fields/00604__plt00201__fab0000_comp01_rho_E.f32__c0008__dt-f32/chunk_0,1000000,35,spratio,primary,1.12931204,-1,1.87908427,3.36141204,1
fields/00606__plt00202__fab0000_comp00_density.f32__c0008__dt-f32/chunk_0,1000000,2,ans shuffle=byte,primary,4.74467182,-1,1.36228593,7.82354382,1
fields/00608__plt00202__fab0000_comp02_logden.f32__c0000__dt-f32/chunk_0,1000000,2,ans shuffle=byte,primary,8.20067215,-1,2.83087523,9.68230015,1
fields/00607__plt00202__fab0000_comp01_rho_E.f32__c0008__dt-f32/chunk_0,1000000,35,spratio,primary,0.481312007,-1,1.87027543,2.72392501,1
fields/00609__plt00203__fab0000_comp00_density.f32__c0000__dt-f32/chunk_0,1000000,2,ans shuffle=byte,primary,3.906528,-1,4.38063885,4.863992,1
fields/00606__plt00202__fab0000_comp00_density.f32__c0000__dt-f32/chunk_0,1000000,2,ans shuffle=byte,primary,9.57168007,-1,4.43963842,10.5164201,1
fields/00610__plt00203__fab0000_comp01_rho_E.f32__c0000__dt-f32/chunk_0,1000000,35,spratio,primary,2.09564805,-1,18.7571452,2.31925905,1
fields/00609__plt00203__fab0000_comp00_density.f32__c0008__dt-f32/chunk_0,1000000,2,ans shuffle=byte,primary,3.05241609,-1,1.3577631,6.14154409,1
fields/00611__plt00203__fab0000_comp02_logden.f32__c0008__dt-f32/chunk_0,1000000,2,ans shuffle=byte,primary,6.30614424,-1,1.27114836,9.60576224,1
fields/00608__plt00202__fab0000_comp02_logden.f32__c0008__dt-f32/chunk_0,1000000,2,ans shuffle=byte,primary,4.41983986,-1,1.27443291,7.71095386,1
fields/00610__plt00203__fab0000_comp01_rho_E.f32__c0008__dt-f32/chunk_0,1000000,35,spratio,primary,0.533375978,-1,1.86177603,2.78622698,1
fields/00611__plt00203__fab0000_comp02_logden.f32__c0000__dt-f32/chunk_0,1000000,2,ans shuffle=byte,primary,6.63158417,-1,2.80712425,8.12574817,1
fields/00612__plt00204__fab0000_comp00_density.f32__c0000__dt-f32/chunk_0,1000000,2,ans shuffle=byte,primary,4.90502405,-1,4.31319285,5.87746005,1
fields/00612__plt00204__fab0000_comp00_density.f32__c0008__dt-f32/chunk_0,1000000,9,bitcomp type=int,primary,8.04425621,-1,1.36893749,11.1081682,1
fields/00613__plt00204__fab0000_comp01_rho_E.f32__c0008__dt-f32/chunk_0,1000000,35,spratio,primary,0.232991993,-1,1.85302765,2.49647899,1
fields/00614__plt00204__fab0000_comp02_logden.f32__c0000__dt-f32/chunk_0,1000000,2,ans shuffle=byte,primary,6.64998388,-1,2.78109575,8.15813188,1
fields/00613__plt00204__fab0000_comp01_rho_E.f32__c0000__dt-f32/chunk_0,1000000,35,spratio,primary,0.30556801,-1,17.7411269,0.54198501,1
fields/00614__plt00204__fab0000_comp02_logden.f32__c0008__dt-f32/chunk_0,1000000,2,ans shuffle=byte,primary,8.09296036,-1,1.26808155,11.4005584,1
fields/00617__plt00205__fab0000_comp02_logden.f32__c0000__dt-f32/chunk_0,1000000,2,ans shuffle=byte,primary,0.876927972,-1,2.75592211,2.39885197,1
fields/00615__plt00205__fab0000_comp00_density.f32__c0008__dt-f32/chunk_0,1000000,35,spratio,primary,1.28054404,-1,1.28642703,4.54097304,1
fields/00616__plt00205__fab0000_comp01_rho_E.f32__c0000__dt-f32/chunk_0,1000000,35,spratio,primary,1.83139205,-1,16.8389814,2.08047505,1
fields/00616__plt00205__fab0000_comp01_rho_E.f32__c0008__dt-f32/chunk_0,1000000,35,spratio,primary,1.72099197,-1,1.8442427,3.99526097,1
fields/00615__plt00205__fab0000_comp00_density.f32__c0000__dt-f32/chunk_0,1000000,2,ans shuffle=byte,primary,5.99756813,-1,4.24663099,6.98524613,1
fields/00618__plt00206__fab0000_comp00_density.f32__c0008__dt-f32/chunk_0,1000000,35,spratio,primary,3.53043199,-1,1.28737427,6.78846199,1
fields/00617__plt00205__fab0000_comp02_logden.f32__c0008__dt-f32/chunk_0,1000000,2,ans shuffle=byte,primary,2.55209589,-1,1.26509819,5.86749389,1
fields/00619__plt00206__fab0000_comp01_rho_E.f32__c0000__dt-f32/chunk_0,1000000,35,spratio,primary,1.58288002,-1,16.0133779,1.84480502,1
fields/00618__plt00206__fab0000_comp00_density.f32__c0000__dt-f32/chunk_0,1000000,2,ans shuffle=byte,primary,5.89750385,-1,4.17950021,6.90104585,1
fields/00621__plt00207__fab0000_comp00_density.f32__c0008__dt-f32/chunk_0,1000000,2,ans shuffle=byte,primary,2.40985608,-1,1.33994418,5.54006408,1
fields/00619__plt00206__fab0000_comp01_rho_E.f32__c0008__dt-f32/chunk_0,1000000,35,spratio,primary,0.736800015,-1,1.8352202,3.02225001,1
fields/00620__plt00206__fab0000_comp02_logden.f32__c0000__dt-f32/chunk_0,1000000,2,ans shuffle=byte,primary,3.21206403,-1,2.73201133,4.74730803,1
fields/00621__plt00207__fab0000_comp00_density.f32__c0000__dt-f32/chunk_0,1000000,2,ans shuffle=byte,primary,2.45363212,-1,4.1216881,3.47125012,1
fields/00620__plt00206__fab0000_comp02_logden.f32__c0008__dt-f32/chunk_0,1000000,2,ans shuffle=byte,primary,5.11568022,-1,1.26179698,8.43975222,1
fields/00623__plt00207__fab0000_comp02_logden.f32__c0000__dt-f32/chunk_0,1000000,2,ans shuffle=byte,primary,1.73424006,-1,2.70800126,3.28309606,1
fields/00623__plt00207__fab0000_comp02_logden.f32__c0008__dt-f32/chunk_0,1000000,2,ans shuffle=byte,primary,3.16060805,-1,1.25882343,6.49253205,1
fields/00622__plt00207__fab0000_comp01_rho_E.f32__c0008__dt-f32/chunk_0,1000000,35,spratio,primary,1.65107203,-1,1.82475845,3.94962503,1
fields/00624__plt00208__fab0000_comp00_density.f32__c0008__dt-f32/chunk_0,1000000,35,spratio,primary,0.353855997,-1,1.28934072,3.606917,1
fields/00625__plt00208__fab0000_comp01_rho_E.f32__c0000__dt-f32/chunk_0,1000000,35,spratio,primary,0.483455986,-1,14.51482,0.772422986,1
fields/00625__plt00208__fab0000_comp01_rho_E.f32__c0008__dt-f32/chunk_0,1000000,35,spratio,primary,0.256767988,-1,1.81376249,2.56925599,1
fields/00622__plt00207__fab0000_comp01_rho_E.f32__c0000__dt-f32/chunk_0,1000000,35,spratio,primary,1.415712,-1,15.2255498,1.69119,1
fields/00626__plt00208__fab0000_comp02_logden.f32__c0000__dt-f32/chunk_0,1000000,2,ans shuffle=byte,primary,0.299903989,-1,2.68403162,1.86259199,1
fields/00624__plt00208__fab0000_comp00_density.f32__c0000__dt-f32/chunk_0,1000000,2,ans shuffle=byte,primary,3.29683208,-1,4.06269699,4.32922608,1
fields/00627__plt00209__fab0000_comp00_density.f32__c0008__dt-f32/chunk_0,1000000,35,spratio,primary,1.84755194,-1,1.29022954,5.09837194,1
fields/00626__plt00208__fab0000_comp02_logden.f32__c0008__dt-f32/chunk_0,1000000,2,ans shuffle=byte,primary,4.6188798,-1,1.2557819,7.9588738,1
fields/00628__plt00209__fab0000_comp01_rho_E.f32__c0008__dt-f32/chunk_0,1000000,35,spratio,primary,0.250591993,-1,1.80220494,2.57790999,1
fields/00628__plt00209__fab0000_comp01_rho_E.f32__c0000__dt-f32/chunk_0,1000000,35,spratio,primary,1.58137596,-1,13.8389336,1.88445596,1
fields/00627__plt00209__fab0000_comp00_density.f32__c0000__dt-f32/chunk_0,1000000,2,ans shuffle=byte,primary,4.21465588,-1,3.99733911,5.26392988,1
fields/00629__plt00209__fab0000_comp02_logden.f32__c0000__dt-f32/chunk_0,1000000,2,ans shuffle=byte,primary,1.369856,-1,2.66029359,2.946488,1
fields/00629__plt00209__fab0000_comp02_logden.f32__c0008__dt-f32/chunk_0,1000000,2,ans shuffle=byte,primary,2.27999997,-1,1.25285905,5.62778597,1
fields/00631__plt00210__fab0000_comp01_rho_E.f32__c0000__dt-f32/chunk_0,1000000,35,spratio,primary,0.509536028,-1,13.1882666,0.827569028,1
fields/00630__plt00210__fab0000_comp00_density.f32__c0000__dt-f32/chunk_0,1000000,2,ans shuffle=byte,primary,1.80691195,-1,3.94024489,2.87138995,1
fields/00630__plt00210__fab0000_comp00_density.f32__c0008__dt-f32/chunk_0,1000000,35,spratio,primary,1.16191995,-1,1.29121141,4.41026795,1
fields/00633__plt00211__fab0000_comp00_density.f32__c0000__dt-f32/chunk_0,1000000,2,ans shuffle=byte,primary,3.10601592,-1,3.87601352,4.18813392,1
fields/00631__plt00210__fab0000_comp01_rho_E.f32__c0008__dt-f32/chunk_0,1000000,35,spratio,primary,3.33279991,-1,1.79118454,5.67443691,1
fields/00632__plt00210__fab0000_comp02_logden.f32__c0000__dt-f32/chunk_0,1000000,2,ans shuffle=byte,primary,2.74799991,-1,2.63661371,4.33879191,1
fields/00632__plt00210__fab0000_comp02_logden.f32__c0008__dt-f32/chunk_0,1000000,2,ans shuffle=byte,primary,5.68752003,-1,1.25009284,9.04271403,1
fields/00634__plt00211__fab0000_comp01_rho_E.f32__c0000__dt-f32/chunk_0,1000000,35,spratio,primary,0.299519986,-1,12.612817,0.632062986,1
fields/00633__plt00211__fab0000_comp00_density.f32__c0008__dt-f32/chunk_0,1000000,35,spratio,primary,0.356480002,-1,1.29201247,3.602814,1
fields/00635__plt00211__fab0000_comp02_logden.f32__c0000__dt-f32/chunk_0,1000000,2,ans shuffle=byte,primary,3.55081606,-1,2.61162031,5.15683206,1
fields/00634__plt00211__fab0000_comp01_rho_E.f32__c0008__dt-f32/chunk_0,1000000,35,spratio,primary,0.251424015,-1,1.78088544,2.60660301,1
fields/00635__plt00211__fab0000_comp02_logden.f32__c0008__dt-f32/chunk_0,1000000,2,ans shuffle=byte,primary,0.44364801,-1,1.24702434,3.80709801,1
fields/00636__plt00212__fab0000_comp00_density.f32__c0008__dt-f32/chunk_0,1000000,2,ans shuffle=byte,primary,1.65248001,-1,1.31867076,4.83318601,1
fields/00637__plt00212__fab0000_comp01_rho_E.f32__c0008__dt-f32/chunk_0,1000000,35,spratio,primary,1.39740801,-1,1.77093363,3.76582201,1
fields/00636__plt00212__fab0000_comp00_density.f32__c0000__dt-f32/chunk_0,1000000,2,ans shuffle=byte,primary,0.548223972,-1,3.82116704,1.64587397,1
fields/00638__plt00212__fab0000_comp02_logden.f32__c0000__dt-f32/chunk_0,1000000,2,ans shuffle=byte,primary,3.79219198,-1,2.58874416,5.41239998,1
fields/00637__plt00212__fab0000_comp01_rho_E.f32__c0000__dt-f32/chunk_0,1000000,35,spratio,primary,2.93462396,-1,12.041767,3.28293696,1
fields/00638__plt00212__fab0000_comp02_logden.f32__c0008__dt-f32/chunk_0,1000000,2,ans shuffle=byte,primary,4.33225584,-1,1.24408967,7.70363984,1
fields/00639__plt00213__fab0000_comp00_density.f32__c0000__dt-f32/chunk_0,1000000,2,ans shuffle=byte,primary,5.87686396,-1,3.76930031,6.98961796,1
fields/00640__plt00213__fab0000_comp01_rho_E.f32__c0000__dt-f32/chunk_0,1000000,35,spratio,primary,0.234175995,-1,11.5419335,0.597572995,1
fields/00639__plt00213__fab0000_comp00_density.f32__c0008__dt-f32/chunk_0,1000000,2,ans shuffle=byte,primary,2.15152001,-1,1.31477279,5.34165601,1
fields/00642__plt00214__fab0000_comp00_density.f32__c0000__dt-f32/chunk_0,1000000,2,ans shuffle=byte,primary,2.71177602,-1,3.7088392,3.84267002,1
fields/00643__plt00214__fab0000_comp01_rho_E.f32__c0000__dt-f32/chunk_0,1000000,35,spratio,primary,1.743168,-1,11.0496804,2.122754,1
fields/00640__plt00213__fab0000_comp01_rho_E.f32__c0008__dt-f32/chunk_0,1000000,35,spratio,primary,2.94086409,-1,1.76229261,5.32089109,1
fields/00641__plt00213__fab0000_comp02_logden.f32__c0000__dt-f32/chunk_0,1000000,2,ans shuffle=byte,primary,4.09475183,-1,2.56435427,5.73036983,1
fields/00643__plt00214__fab0000_comp01_rho_E.f32__c0008__dt-f32/chunk_0,1000000,35,spratio,primary,1.49705601,-1,1.75444855,3.88772401,1
fields/00642__plt00214__fab0000_comp00_density.f32__c0008__dt-f32/chunk_0,1000000,35,spratio,primary,0.144896001,-1,1.29497233,3.38381,1
fields/00641__plt00213__fab0000_comp02_logden.f32__c0008__dt-f32/chunk_0,1000000,2,ans shuffle=byte,primary,4.18179178,-1,1.24141711,7.56043378,1
fields/00644__plt00214__fab0000_comp02_logden.f32__c0000__dt-f32/chunk_0,1000000,2,ans shuffle=byte,primary,2.777632,-1,2.54319541,4.426858,1
fields/00645__plt00215__fab0000_comp00_density.f32__c0000__dt-f32/chunk_0,1000000,2,ans shuffle=byte,primary,1.92723203,-1,3.66060915,3.07302603,1
fields/00644__plt00214__fab0000_comp02_logden.f32__c0008__dt-f32/chunk_0,1000000,2,ans shuffle=byte,primary,0.959904015,-1,1.23859433,4.34624602,1
fields/00645__plt00215__fab0000_comp00_density.f32__c0008__dt-f32/chunk_0,1000000,35,spratio,primary,0.718400002,-1,1.29597144,3.954817,1
fields/00646__plt00215__fab0000_comp01_rho_E.f32__c0008__dt-f32/chunk_0,1000000,35,spratio,primary,0.245664001,-1,1.74625731,2.647546,1
fields/00647__plt00215__fab0000_comp02_logden.f32__c0000__dt-f32/chunk_0,1000000,2,ans shuffle=byte,primary,3.42364812,-1,2.52153368,5.08704212,1
fields/00646__plt00215__fab0000_comp01_rho_E.f32__c0000__dt-f32/chunk_0,1000000,35,spratio,primary,0.677056015,-1,10.6102447,1.07236301,1
fields/00647__plt00215__fab0000_comp02_logden.f32__c0008__dt-f32/chunk_0,1000000,2,ans shuffle=byte,primary,6.56451178,-1,1.23606696,9.95777778,1
fields/00648__plt00216__fab0000_comp00_density.f32__c0000__dt-f32/chunk_0,1000000,2,ans shuffle=byte,primary,4.61967993,-1,3.60836971,5.78206193,1
fields/00649__plt00216__fab0000_comp01_rho_E.f32__c0000__dt-f32/chunk_0,1000000,35,spratio,primary,0.417824,-1,10.2059138,0.828792,1
fields/00648__plt00216__fab0000_comp00_density.f32__c0008__dt-f32/chunk_0,1000000,35,spratio,primary,0.559487998,-1,1.29682894,3.793765,1
fields/00650__plt00216__fab0000_comp02_logden.f32__c0008__dt-f32/chunk_0,1000000,2,ans shuffle=byte,primary,3.5632,-1,1.23326263,6.964182,1
fields/00649__plt00216__fab0000_comp01_rho_E.f32__c0008__dt-f32/chunk_0,1000000,35,spratio,primary,0.951680005,-1,1.73869557,3.364008,1
fields/00652__plt00217__fab0000_comp01_rho_E.f32__c0000__dt-f32/chunk_0,1000000,35,spratio,primary,5.42390394,-1,9.82332414,5.85087794,1
fields/00651__plt00217__fab0000_comp00_density.f32__c0008__dt-f32/chunk_0,1000000,35,spratio,primary,1.81190395,-1,1.29810445,5.04300295,1
fields/00650__plt00216__fab0000_comp02_logden.f32__c0000__dt-f32/chunk_0,1000000,2,ans shuffle=byte,primary,6.2534399,-1,2.50187239,7.9299059,1
fields/00653__plt00217__fab0000_comp02_logden.f32__c0000__dt-f32/chunk_0,1000000,2,ans shuffle=byte,primary,2.82713604,-1,2.482198,4.51689004,1
fields/00651__plt00217__fab0000_comp00_density.f32__c0000__dt-f32/chunk_0,1000000,2,ans shuffle=byte,primary,3.53171206,-1,3.56295542,4.70891006,1
fields/00652__plt00217__fab0000_comp01_rho_E.f32__c0008__dt-f32/chunk_0,1000000,35,spratio,primary,3.9076159,-1,1.73140556,6.3301009,1
fields/00653__plt00217__fab0000_comp02_logden.f32__c0008__dt-f32/chunk_0,1000000,2,ans shuffle=byte,primary,3.97238398,-1,1.23062334,7.38065998,1
fields/00654__plt00218__fab0000_comp00_density.f32__c0008__dt-f32/chunk_0,1000000,35,spratio,primary,0.776351988,-1,1.29909271,4.00499299,1
fields/00654__plt00218__fab0000_comp00_density.f32__c0000__dt-f32/chunk_0,1000000,2,ans shuffle=byte,primary,3.1931839,-1,3.5132941,4.3870219,1
fields/00655__plt00218__fab0000_comp01_rho_E.f32__c0000__dt-f32/chunk_0,1000000,35,spratio,primary,0.392960012,-1,9.47248796,0.835748012,1
fields/00655__plt00218__fab0000_comp01_rho_E.f32__c0008__dt-f32/chunk_0,1000000,35,spratio,primary,0.123103999,-1,1.72467058,2.555049,1
fields/00656__plt00218__fab0000_comp02_logden.f32__c0000__dt-f32/chunk_0,1000000,2,ans shuffle=byte,primary,10.3535995,-1,2.46274097,12.0567035,1
fields/00656__plt00218__fab0000_comp02_logden.f32__c0008__dt-f32/chunk_0,1000000,2,ans shuffle=byte,primary,2.02531195,-1,1.22811039,5.44056195,1
fields/00657__plt00219__fab0000_comp00_density.f32__c0000__dt-f32/chunk_0,1000000,2,ans shuffle=byte,primary,4.82873583,-1,3.46950957,6.03763983,1
fields/00658__plt00219__fab0000_comp01_rho_E.f32__c0000__dt-f32/chunk_0,1000000,35,spratio,primary,3.46156812,-1,9.15023714,3.91995012,1
fields/00657__plt00219__fab0000_comp00_density.f32__c0008__dt-f32/chunk_0,1000000,35,spratio,primary,0.693920016,-1,1.30022636,3.91974602,1
fields/00659__plt00219__fab0000_comp02_logden.f32__c0008__dt-f32/chunk_0,1000000,2,ans shuffle=byte,primary,6.62799978,-1,1.22556255,10.0503498,1
fields/00660__plt00220__fab0000_comp00_density.f32__c0008__dt-f32/chunk_0,1000000,35,spratio,primary,1.55875194,-1,1.30123522,4.78207694,1
fields/00659__plt00219__fab0000_comp02_logden.f32__c0000__dt-f32/chunk_0,1000000,2,ans shuffle=byte,primary,2.12608004,-1,2.4442388,3.84207604,1
fields/00660__plt00220__fab0000_comp00_density.f32__c0000__dt-f32/chunk_0,1000000,2,ans shuffle=byte,primary,3.66390395,-1,3.42732378,4.88768795,1
fields/00661__plt00220__fab0000_comp01_rho_E.f32__c0008__dt-f32/chunk_0,1000000,35,spratio,primary,5.42121601,-1,1.71218235,7.87089901,1
fields/00658__plt00219__fab0000_comp01_rho_E.f32__c0008__dt-f32/chunk_0,1000000,35,spratio,primary,1.14534402,-1,1.71811025,3.58657502,1
fields/00662__plt00220__fab0000_comp02_logden.f32__c0000__dt-f32/chunk_0,1000000,2,ans shuffle=byte,primary,7.37785578,-1,2.42534761,9.10721778,1
fields/00661__plt00220__fab0000_comp01_rho_E.f32__c0000__dt-f32/chunk_0,1000000,35,spratio,primary,1.623456,-1,8.84517842,2.097647,1
fields/00662__plt00220__fab0000_comp02_logden.f32__c0008__dt-f32/chunk_0,1000000,1,ans shuffle=bit,primary,2.48012805,-1,1.18398679,6.02265405,1
fields/00663__plt00221__fab0000_comp00_density.f32__c0000__dt-f32/chunk_0,1000000,2,ans shuffle=byte,primary,5.0169282,-1,3.38552289,6.2558222,1
fields/00663__plt00221__fab0000_comp00_density.f32__c0008__dt-f32/chunk_0,1000000,35,spratio,primary,0.785023987,-1,1.30205442,4.00632099,1
fields/00664__plt00221__fab0000_comp01_rho_E.f32__c0000__dt-f32/chunk_0,1000000,35,spratio,primary,1.46899199,-1,8.56146396,1.95889699,1
fields/00665__plt00221__fab0000_comp02_logden.f32__c0000__dt-f32/chunk_0,1000000,2,ans shuffle=byte,primary,2.80527997,-1,2.40726282,4.54763397,1
fields/00666__plt00222__fab0000_comp00_density.f32__c0008__dt-f32/chunk_0,1000000,35,spratio,primary,1.00031996,-1,1.30326775,4.21861796,1
fields/00665__plt00221__fab0000_comp02_logden.f32__c0008__dt-f32/chunk_0,1000000,2,ans shuffle=byte,primary,2.54169607,-1,1.22060502,5.97794607,1
fields/00667__plt00222__fab0000_comp01_rho_E.f32__c0000__dt-f32/chunk_0,1000000,29,ndzip,primary,0.0645119995,-1,6.30100833,0.730167999,1
fields/00664__plt00221__fab0000_comp01_rho_E.f32__c0008__dt-f32/chunk_0,1000000,35,spratio,primary,1.51635206,-1,1.70528029,3.97595006,1
fields/00666__plt00222__fab0000_comp00_density.f32__c0000__dt-f32/chunk_0,1000000,2,ans shuffle=byte,primary,2.19001603,-1,3.34478271,3.44400003,1
fields/00667__plt00222__fab0000_comp01_rho_E.f32__c0008__dt-f32/chunk_0,1000000,35,spratio,primary,2.16844797,-1,1.69898542,4.63715897,1
fields/00668__plt00222__fab0000_comp02_logden.f32__c0008__dt-f32/chunk_0,1000000,2,ans shuffle=byte,primary,4.2151041,-1,1.21812994,7.6583361,1
fields/00669__plt00223__fab0000_comp00_density.f32__c0000__dt-f32/chunk_0,1000000,2,ans shuffle=byte,primary,11.9083519,-1,3.30419904,13.1777379,1
fields/00668__plt00222__fab0000_comp02_logden.f32__c0000__dt-f32/chunk_0,1000000,2,ans shuffle=byte,primary,4.24348783,-1,2.38968533,5.99865783,1
fields/00671__plt00223__fab0000_comp02_logden.f32__c0008__dt-f32/chunk_0,1000000,2,ans shuffle=byte,primary,3.86064005,-1,1.21590523,7.31017205,1
fields/00672__plt00224__fab0000_comp00_density.f32__c0000__dt-f32/chunk_0,1000000,2,ans shuffle=byte,primary,6.70553589,-1,3.26427843,7.99044589,1
fields/00670__plt00223__fab0000_comp01_rho_E.f32__c0000__dt-f32/chunk_0,1000000,35,spratio,primary,0.95145601,-1,8.03794463,1.47326901,1
fields/00670__plt00223__fab0000_comp01_rho_E.f32__c0008__dt-f32/chunk_0,1000000,35,spratio,primary,0.240319997,-1,1.6932234,2.717432,1
fields/00669__plt00223__fab0000_comp00_density.f32__c0008__dt-f32/chunk_0,1000000,35,spratio,primary,1.89414406,-1,1.30417873,5.11019406,1
fields/00671__plt00223__fab0000_comp02_logden.f32__c0000__dt-f32/chunk_0,1000000,2,ans shuffle=byte,primary,2.52803206,-1,2.3720997,4.29621406,1
fields/00672__plt00224__fab0000_comp00_density.f32__c0008__dt-f32/chunk_0,1000000,35,spratio,primary,0.564191997,-1,1.30535174,3.777352,1
fields/00673__plt00224__fab0000_comp01_rho_E.f32__c0008__dt-f32/chunk_0,1000000,35,spratio,primary,0.236640006,-1,1.68751866,2.72212601,1
fields/00673__plt00224__fab0000_comp01_rho_E.f32__c0000__dt-f32/chunk_0,1000000,35,spratio,primary,0.619104028,-1,7.80864437,1.15624003,1
fields/00674__plt00224__fab0000_comp02_logden.f32__c0000__dt-f32/chunk_0,1000000,2,ans shuffle=byte,primary,2.11775994,-1,2.35468641,3.89901794,1
fields/00675__plt00225__fab0000_comp00_density.f32__c0000__dt-f32/chunk_0,1000000,2,ans shuffle=byte,primary,5.76038408,-1,3.22629339,7.06042208,1
fields/00676__plt00225__fab0000_comp01_rho_E.f32__c0008__dt-f32/chunk_0,1000000,35,spratio,primary,1.05071998,-1,1.68221041,3.54404898,1
fields/00674__plt00224__fab0000_comp02_logden.f32__c0008__dt-f32/chunk_0,1000000,2,ans shuffle=byte,primary,2.08086395,-1,1.21356221,5.53705595,1
fields/00675__plt00225__fab0000_comp00_density.f32__c0008__dt-f32/chunk_0,1000000,35,spratio,primary,0.952224016,-1,1.30626279,4.16314302,1
fields/00676__plt00225__fab0000_comp01_rho_E.f32__c0000__dt-f32/chunk_0,1000000,35,spratio,primary,1.89001596,-1,7.58419766,2.44304796,1
fields/00678__plt00226__fab0000_comp00_density.f32__c0000__dt-f32/chunk_0,1000000,2,ans shuffle=byte,primary,0.793760002,-1,3.18862941,2.109154,1
fields/00678__plt00226__fab0000_comp00_density.f32__c0008__dt-f32/chunk_0,1000000,35,spratio,primary,0.535552025,-1,1.30723907,3.74407302,1
fields/00680__plt00226__fab0000_comp02_logden.f32__c0008__dt-f32/chunk_0,1000000,2,ans shuffle=byte,primary,4.65683222,-1,1.20906346,8.12588422,1
fields/00679__plt00226__fab0000_comp01_rho_E.f32__c0000__dt-f32/chunk_0,1000000,35,spratio,primary,2.45532799,-1,7.37792131,3.02382199,1
fields/00677__plt00225__fab0000_comp02_logden.f32__c0000__dt-f32/chunk_0,1000000,2,ans shuffle=byte,primary,1.559744,-1,2.33832705,3.353464,1
fields/00677__plt00225__fab0000_comp02_logden.f32__c0008__dt-f32/chunk_0,1000000,35,spratio,primary,0.338144004,-1,1.16882631,3.926619,1
fields/00680__plt00226__fab0000_comp02_logden.f32__c0000__dt-f32/chunk_0,1000000,2,ans shuffle=byte,primary,5.18444777,-1,2.3214043,6.99124377,1
fields/00681__plt00227__fab0000_comp00_density.f32__c0000__dt-f32/chunk_0,1000000,2,ans shuffle=byte,primary,3.76326394,-1,3.1523274,5.09380594,1
fields/00681__plt00227__fab0000_comp00_density.f32__c0008__dt-f32/chunk_0,1000000,35,spratio,primary,0.360224009,-1,1.30832087,3.56609201,1
fields/00679__plt00226__fab0000_comp01_rho_E.f32__c0008__dt-f32/chunk_0,1000000,35,spratio,primary,2.37407994,-1,1.67706486,4.87505894,1
fields/00686__plt00228__fab0000_comp02_logden.f32__c0000__dt-f32/chunk_0,1000000,2,ans shuffle=byte,primary,2.91244793,-1,2.28838801,4.74531193,1
fields/00682__plt00227__fab0000_comp01_rho_E.f32__c0000__dt-f32/chunk_0,1000000,35,spratio,primary,0.237248003,-1,7.1839464,0.821092003,1
fields/00683__plt00227__fab0000_comp02_logden.f32__c0000__dt-f32/chunk_0,1000000,2,ans shuffle=byte,primary,11.5611525,-1,2.30502364,13.3807885,1
fields/00684__plt00228__fab0000_comp00_density.f32__c0008__dt-f32/chunk_0,1000000,35,spratio,primary,0.983583987,-1,1.30904973,4.18766699,1
fields/00683__plt00227__fab0000_comp02_logden.f32__c0008__dt-f32/chunk_0,1000000,35,spratio,primary,0.789888024,-1,1.17212599,4.36826102,1
fields/00682__plt00227__fab0000_comp01_rho_E.f32__c0008__dt-f32/chunk_0,1000000,35,spratio,primary,3.26880002,-1,1.67212933,5.77716102,1
fields/00685__plt00228__fab0000_comp01_rho_E.f32__c0000__dt-f32/chunk_0,1000000,35,spratio,primary,1.57644796,-1,7.00485494,2.17521896,1
fields/00684__plt00228__fab0000_comp00_density.f32__c0000__dt-f32/chunk_0,1000000,2,ans shuffle=byte,primary,2.93023992,-1,3.11497232,4.27673792,1
fields/00685__plt00228__fab0000_comp01_rho_E.f32__c0008__dt-f32/chunk_0,1000000,35,spratio,primary,1.009408,-1,1.6671777,3.525219,1
fields/00686__plt00228__fab0000_comp02_logden.f32__c0008__dt-f32/chunk_0,1000000,35,spratio,primary,0.250144005,-1,1.17339436,3.824649,1
fields/00688__plt00229__fab0000_comp01_rho_E.f32__c0000__dt-f32/chunk_0,1000000,35,spratio,primary,1.11753595,-1,6.82835597,1.73178395,1
fields/00688__plt00229__fab0000_comp01_rho_E.f32__c0008__dt-f32/chunk_0,1000000,35,spratio,primary,1.05718398,-1,1.66233042,3.58033098,1
fields/00689__plt00229__fab0000_comp02_logden.f32__c0008__dt-f32/chunk_0,1000000,35,spratio,primary,0.756608009,-1,1.17521414,4.32557801,1
fields/00687__plt00229__fab0000_comp00_density.f32__c0000__dt-f32/chunk_0,1000000,2,ans shuffle=byte,primary,3.20675206,-1,3.07953192,4.56874606,1
fields/00691__plt00230__fab0000_comp01_rho_E.f32__c0000__dt-f32/chunk_0,1000000,35,spratio,primary,0.374592006,-1,6.65995109,1.00437201,1
fields/00687__plt00229__fab0000_comp00_density.f32__c0008__dt-f32/chunk_0,1000000,35,spratio,primary,0.693184018,-1,1.31008174,3.89474302,1
fields/00690__plt00230__fab0000_comp00_density.f32__c0008__dt-f32/chunk_0,1000000,35,spratio,primary,0.314175993,-1,1.31094368,3.51362999,1
fields/00689__plt00229__fab0000_comp02_logden.f32__c0000__dt-f32/chunk_0,1000000,2,ans shuffle=byte,primary,2.64236808,-1,2.2721434,4.48833608,1
fields/00690__plt00230__fab0000_comp00_density.f32__c0000__dt-f32/chunk_0,1000000,2,ans shuffle=byte,primary,1.74992001,-1,3.04506574,3.12733001,1
fields/00691__plt00230__fab0000_comp01_rho_E.f32__c0008__dt-f32/chunk_0,1000000,35,spratio,primary,0.330240011,-1,1.65798626,2.85999801,1
fields/00692__plt00230__fab0000_comp02_logden.f32__c0000__dt-f32/chunk_0,1000000,2,ans shuffle=byte,primary,4.79996777,-1,2.2557201,6.65937577,1
fields/00692__plt00230__fab0000_comp02_logden.f32__c0008__dt-f32/chunk_0,1000000,35,spratio,primary,1.474944,-1,1.17660933,5.039682,1
fields/00693__plt00231__fab0000_comp00_density.f32__c0000__dt-f32/chunk_0,1000000,2,ans shuffle=byte,primary,3.5693121,-1,3.01083938,4.9623801,1
fields/00696__plt00232__fab0000_comp00_density.f32__c0000__dt-f32/chunk_0,1000000,2,ans shuffle=byte,primary,2.14844799,-1,2.97665123,3.55751599,1
fields/00693__plt00231__fab0000_comp00_density.f32__c0008__dt-f32/chunk_0,1000000,35,spratio,primary,0.295935988,-1,1.31179075,3.49332399,1
fields/00694__plt00231__fab0000_comp01_rho_E.f32__c0000__dt-f32/chunk_0,1000000,35,spratio,primary,0.512704015,-1,6.49770955,1.15820901,1
fields/00695__plt00231__fab0000_comp02_logden.f32__c0008__dt-f32/chunk_0,1000000,35,spratio,primary,0.125727996,-1,1.17814847,3.685809,1
fields/00697__plt00232__fab0000_comp01_rho_E.f32__c0000__dt-f32/chunk_0,1000000,35,spratio,primary,0.221824005,-1,6.34193783,0.883184005,1
fields/00694__plt00231__fab0000_comp01_rho_E.f32__c0008__dt-f32/chunk_0,1000000,35,spratio,primary,0.945088029,-1,1.65366801,3.48145203,1
fields/00695__plt00231__fab0000_comp02_logden.f32__c0000__dt-f32/chunk_0,1000000,2,ans shuffle=byte,primary,4.966784,-1,2.23998223,6.839256,1
fields/00697__plt00232__fab0000_comp01_rho_E.f32__c0008__dt-f32/chunk_0,1000000,35,spratio,primary,0.406015992,-1,1.64949673,2.94879399,1
fields/00696__plt00232__fab0000_comp00_density.f32__c0008__dt-f32/chunk_0,1000000,35,spratio,primary,0.559711993,-1,1.31297668,3.75421199,1
fields/00698__plt00232__fab0000_comp02_logden.f32__c0008__dt-f32/chunk_0,1000000,35,spratio,primary,0.322432011,-1,1.17970028,3.87783001,1
fields/00698__plt00232__fab0000_comp02_logden.f32__c0000__dt-f32/chunk_0,1000000,2,ans shuffle=byte,primary,2.36035204,-1,2.22438693,4.24595204,1
fields/00699__plt00233__fab0000_comp00_density.f32__c0008__dt-f32/chunk_0,1000000,35,spratio,primary,0.588992,-1,1.31367536,3.781793,1
fields/00700__plt00233__fab0000_comp01_rho_E.f32__c0008__dt-f32/chunk_0,1000000,35,spratio,primary,2.99008012,-1,1.6457422,5.53865912,1
fields/00700__plt00233__fab0000_comp01_rho_E.f32__c0000__dt-f32/chunk_0,1000000,35,spratio,primary,0.433824003,-1,6.19964851,1.110363,1
fields/00699__plt00233__fab0000_comp00_density.f32__c0000__dt-f32/chunk_0,1000000,2,ans shuffle=byte,primary,1.70460796,-1,2.94404061,3.12928396,1
fields/00702__plt00234__fab0000_comp00_density.f32__c0000__dt-f32/chunk_0,1000000,2,ans shuffle=byte,primary,1.95990396,-1,2.91088372,3.40080796,1
fields/00701__plt00233__fab0000_comp02_logden.f32__c0000__dt-f32/chunk_0,1000000,2,ans shuffle=byte,primary,3.73584008,-1,2.20849086,5.63501208,1
fields/00701__plt00233__fab0000_comp02_logden.f32__c0008__dt-f32/chunk_0,1000000,35,spratio,primary,1.07209599,-1,1.18138693,4.62241799,1
fields/00703__plt00234__fab0000_comp01_rho_E.f32__c0000__dt-f32/chunk_0,1000000,35,spratio,primary,0.989344001,-1,6.05770142,1.681736,1
fields/00702__plt00234__fab0000_comp00_density.f32__c0008__dt-f32/chunk_0,1000000,35,spratio,primary,1.06678402,-1,1.31470396,4.25708702,1
fields/00704__plt00234__fab0000_comp02_logden.f32__c0008__dt-f32/chunk_0,1000000,35,spratio,primary,0.32316801,-1,1.18308241,3.86840201,1
fields/00707__plt00235__fab0000_comp02_logden.f32__c0000__dt-f32/chunk_0,1000000,2,ans shuffle=byte,primary,4.22604799,-1,2.17770758,6.15206599,1
fields/00703__plt00234__fab0000_comp01_rho_E.f32__c0008__dt-f32/chunk_0,1000000,35,spratio,primary,0.253663987,-1,1.64163775,2.80861499,1
fields/00706__plt00235__fab0000_comp01_rho_E.f32__c0008__dt-f32/chunk_0,1000000,35,spratio,primary,0.100000001,-1,1.63783891,2.660877,1
fields/00705__plt00235__fab0000_comp00_density.f32__c0008__dt-f32/chunk_0,1000000,35,spratio,primary,3.13276792,-1,1.31581384,6.32037992,1
fields/00706__plt00235__fab0000_comp01_rho_E.f32__c0000__dt-f32/chunk_0,1000000,35,spratio,primary,1.039904,-1,5.9304069,1.747158,1
fields/00704__plt00234__fab0000_comp02_logden.f32__c0000__dt-f32/chunk_0,1000000,2,ans shuffle=byte,primary,10.9082241,-1,2.19306344,12.8207561,1
fields/00707__plt00235__fab0000_comp02_logden.f32__c0008__dt-f32/chunk_0,1000000,35,spratio,primary,0.902688026,-1,1.18466565,4.44318403,1
fields/00705__plt00235__fab0000_comp00_density.f32__c0000__dt-f32/chunk_0,1000000,2,ans shuffle=byte,primary,6.76697588,-1,2.88012964,8.22326588,1
fields/00708__plt00236__fab0000_comp00_density.f32__c0000__dt-f32/chunk_0,1000000,2,ans shuffle=byte,primary,0.38915199,-1,2.84944163,1.86112599,1
fields/00708__plt00236__fab0000_comp00_density.f32__c0008__dt-f32/chunk_0,1000000,35,spratio,primary,1.60601604,-1,1.31686027,4.79109504,1
fields/00709__plt00236__fab0000_comp01_rho_E.f32__c0008__dt-f32/chunk_0,1000000,35,spratio,primary,0.329088002,-1,1.63431676,2.895484,1
fields/00709__plt00236__fab0000_comp01_rho_E.f32__c0000__dt-f32/chunk_0,1000000,35,spratio,primary,2.28761601,-1,5.80065664,3.01069001,1
fields/00711__plt00237__fab0000_comp00_density.f32__c0000__dt-f32/chunk_0,1000000,2,ans shuffle=byte,primary,4.32387209,-1,2.81878679,5.81185409,1
fields/00711__plt00237__fab0000_comp00_density.f32__c0008__dt-f32/chunk_0,1000000,35,spratio,primary,0.652032018,-1,1.31755978,3.83542002,1
fields/00710__plt00236__fab0000_comp02_logden.f32__c0000__dt-f32/chunk_0,1000000,2,ans shuffle=byte,primary,9.36710358,-1,2.16246047,11.3067016,1
fields/00712__plt00237__fab0000_comp01_rho_E.f32__c0008__dt-f32/chunk_0,1000000,35,spratio,primary,1.35769606,-1,1.63065376,3.92985706,1
fields/00713__plt00237__fab0000_comp02_logden.f32__c0000__dt-f32/chunk_0,1000000,2,ans shuffle=byte,primary,2.54275203,-1,2.14780365,4.49558603,1
fields/00712__plt00237__fab0000_comp01_rho_E.f32__c0000__dt-f32/chunk_0,1000000,35,spratio,primary,0.172416002,-1,5.67910636,0.910966002,1
fields/00710__plt00236__fab0000_comp02_logden.f32__c0008__dt-f32/chunk_0,1000000,35,spratio,primary,0.434240013,-1,1.18623569,3.97005001,1
fields/00714__plt00238__fab0000_comp00_density.f32__c0000__dt-f32/chunk_0,1000000,2,ans shuffle=byte,primary,2.21123195,-1,2.78977131,3.71468995,1
fields/00713__plt00237__fab0000_comp02_logden.f32__c0008__dt-f32/chunk_0,1000000,35,spratio,primary,1.45750403,-1,1.18772613,4.98887703,1
fields/00715__plt00238__fab0000_comp01_rho_E.f32__c0008__dt-f32/chunk_0,1000000,35,spratio,primary,0.252223998,-1,1.62681971,2.830447,1
fields/00715__plt00238__fab0000_comp01_rho_E.f32__c0000__dt-f32/chunk_0,1000000,35,spratio,primary,0.349056005,-1,5.56296612,1.10302501,1
fields/00714__plt00238__fab0000_comp00_density.f32__c0008__dt-f32/chunk_0,1000000,35,spratio,primary,0.969887972,-1,1.31850785,4.15098697,1
fields/00716__plt00238__fab0000_comp02_logden.f32__c0000__dt-f32/chunk_0,1000000,2,ans shuffle=byte,primary,2.00883198,-1,2.13319228,3.97504198,1
fields/00717__plt00239__fab0000_comp00_density.f32__c0000__dt-f32/chunk_0,1000000,2,ans shuffle=byte,primary,5.80601597,-1,2.76041663,7.32546197,1
fields/00716__plt00238__fab0000_comp02_logden.f32__c0008__dt-f32/chunk_0,1000000,35,spratio,primary,0.335839987,-1,1.18924832,3.86269299,1
fields/00717__plt00239__fab0000_comp00_density.f32__c0008__dt-f32/chunk_0,1000000,35,spratio,primary,1.00911999,-1,1.31940498,4.18805599,1
fields/00718__plt00239__fab0000_comp01_rho_E.f32__c0000__dt-f32/chunk_0,1000000,35,spratio,primary,0.57664001,-1,5.44689339,1.34667601,1
fields/00718__plt00239__fab0000_comp01_rho_E.f32__c0008__dt-f32/chunk_0,1000000,35,spratio,primary,0.802208006,-1,1.62344654,3.38578801,1
fields/00719__plt00239__fab0000_comp02_logden.f32__c0000__dt-f32/chunk_0,1000000,2,ans shuffle=byte,primary,5.13801622,-1,2.11856219,7.11780422,1
fields/00720__plt00240__fab0000_comp00_density.f32__c0008__dt-f32/chunk_0,1000000,35,spratio,primary,0.552320004,-1,1.32026884,3.729176,1
fields/00721__plt00240__fab0000_comp01_rho_E.f32__c0008__dt-f32/chunk_0,1000000,35,spratio,primary,3.4848001,-1,1.62013801,6.0736561,1
fields/00719__plt00239__fab0000_comp02_logden.f32__c0008__dt-f32/chunk_0,1000000,35,spratio,primary,0.418143988,-1,1.1909695,3.93989999,1
fields/00720__plt00240__fab0000_comp00_density.f32__c0000__dt-f32/chunk_0,1000000,2,ans shuffle=byte,primary,5.0837121,-1,2.73247052,6.6186981,1
fields/00722__plt00240__fab0000_comp02_logden.f32__c0008__dt-f32/chunk_0,1000000,35,spratio,primary,0.402655989,-1,1.19246476,3.91999599,1
fields/00722__plt00240__fab0000_comp02_logden.f32__c0000__dt-f32/chunk_0,1000000,2,ans shuffle=byte,primary,3.08495998,-1,2.10414196,5.07831598,1
fields/00723__plt00241__fab0000_comp00_density.f32__c0008__dt-f32/chunk_0,1000000,35,spratio,primary,0.230240002,-1,1.3213153,3.40458,1
fields/00723__plt00241__fab0000_comp00_density.f32__c0000__dt-f32/chunk_0,1000000,2,ans shuffle=byte,primary,1.64086401,-1,2.70509855,3.19138201,1
fields/00721__plt00240__fab0000_comp01_rho_E.f32__c0000__dt-f32/chunk_0,1000000,35,spratio,primary,1.83462405,-1,5.33914478,2.62020005,1
fields/00724__plt00241__fab0000_comp01_rho_E.f32__c0008__dt-f32/chunk_0,1000000,35,spratio,primary,1.25926399,-1,1.61756937,3.85223099,1
fields/00725__plt00241__fab0000_comp02_logden.f32__c0000__dt-f32/chunk_0,1000000,2,ans shuffle=byte,primary,3.7071681,-1,2.09025416,5.7137681,1
fields/00725__plt00241__fab0000_comp02_logden.f32__c0008__dt-f32/chunk_0,1000000,35,spratio,primary,0.727551997,-1,1.19415686,4.239908,1
fields/00724__plt00241__fab0000_comp01_rho_E.f32__c0000__dt-f32/chunk_0,1000000,35,spratio,primary,1.34560001,-1,5.23993908,2.14604901,1
fields/00726__plt00242__fab0000_comp00_density.f32__c0000__dt-f32/chunk_0,1000000,2,ans shuffle=byte,primary,4.41228819,-1,2.67766767,5.97869019,1
fields/00728__plt00242__fab0000_comp02_logden.f32__c0000__dt-f32/chunk_0,1000000,2,ans shuffle=byte,primary,1.67667198,-1,2.07640251,3.69665798,1
fields/00727__plt00242__fab0000_comp01_rho_E.f32__c0008__dt-f32/chunk_0,1000000,35,spratio,primary,0.783039987,-1,1.61498835,3.38015099,1
fields/00727__plt00242__fab0000_comp01_rho_E.f32__c0000__dt-f32/chunk_0,1000000,35,spratio,primary,0.383583993,-1,5.14363359,1.19901999,1
fields/00726__plt00242__fab0000_comp00_density.f32__c0008__dt-f32/chunk_0,1000000,35,spratio,primary,0.084735997,-1,1.32219958,3.256953,1
fields/00730__plt00243__fab0000_comp01_rho_E.f32__c0000__dt-f32/chunk_0,1000000,35,spratio,primary,0.59977603,-1,5.04774066,1.43070303,1
fields/00728__plt00242__fab0000_comp02_logden.f32__c0008__dt-f32/chunk_0,1000000,35,spratio,primary,0.259936005,-1,1.19540626,3.768621,1
fields/00729__plt00243__fab0000_comp00_density.f32__c0000__dt-f32/chunk_0,1000000,2,ans shuffle=byte,primary,2.96070409,-1,2.65120977,4.54273809,1
fields/00730__plt00243__fab0000_comp01_rho_E.f32__c0008__dt-f32/chunk_0,1000000,35,spratio,primary,2.17375994,-1,1.61256061,4.77478094,1
fields/00729__plt00243__fab0000_comp00_density.f32__c0008__dt-f32/chunk_0,1000000,35,spratio,primary,0.236479998,-1,1.32321654,3.406259,1
fields/00731__plt00243__fab0000_comp02_logden.f32__c0008__dt-f32/chunk_0,1000000,35,spratio,primary,0.0902400017,-1,1.1968857,3.594588,1
fields/00732__plt00244__fab0000_comp00_density.f32__c0008__dt-f32/chunk_0,1000000,35,spratio,primary,0.293312013,-1,1.32424133,3.46063801,1
fields/00731__plt00243__fab0000_comp02_logden.f32__c0000__dt-f32/chunk_0,1000000,2,ans shuffle=byte,primary,2.58857608,-1,2.06276367,4.62191808,1
fields/00732__plt00244__fab0000_comp00_density.f32__c0000__dt-f32/chunk_0,1000000,2,ans shuffle=byte,primary,0.722944021,-1,2.62584814,2.32025802,1
fields/00733__plt00244__fab0000_comp01_rho_E.f32__c0008__dt-f32/chunk_0,1000000,35,spratio,primary,0.225472003,-1,1.60972056,2.831082,1
fields/00733__plt00244__fab0000_comp01_rho_E.f32__c0000__dt-f32/chunk_0,1000000,35,spratio,primary,0.566367984,-1,4.96024523,1.41195198,1
fields/00734__plt00244__fab0000_comp02_logden.f32__c0008__dt-f32/chunk_0,1000000,35,spratio,primary,2.28857589,-1,1.19847667,5.78827189,1
fields/00734__plt00244__fab0000_comp02_logden.f32__c0000__dt-f32/chunk_0,1000000,2,ans shuffle=byte,primary,2.94105601,-1,2.04877629,4.98828001,1
fields/00735__plt00245__fab0000_comp00_density.f32__c0000__dt-f32/chunk_0,1000000,2,ans shuffle=byte,primary,2.27072001,-1,2.59992884,3.88395801,1
fields/00736__plt00245__fab0000_comp01_rho_E.f32__c0008__dt-f32/chunk_0,1000000,35,spratio,primary,0.318688005,-1,1.60748603,2.92792001,1
fields/00736__plt00245__fab0000_comp01_rho_E.f32__c0000__dt-f32/chunk_0,1000000,35,spratio,primary,0.680288017,-1,4.8767461,1.54035002,1
fields/00735__plt00245__fab0000_comp00_density.f32__c0008__dt-f32/chunk_0,1000000,35,spratio,primary,0.235839993,-1,1.32487923,3.40164099,1
fields/00737__plt00245__fab0000_comp02_logden.f32__c0000__dt-f32/chunk_0,1000000,2,ans shuffle=byte,primary,4.07497597,-1,2.03605409,6.13499197,1
fields/00739__plt00246__fab0000_comp01_rho_E.f32__c0000__dt-f32/chunk_0,1000000,35,spratio,primary,0.308447987,-1,4.79249892,1.18362899,1
fields/00738__plt00246__fab0000_comp00_density.f32__c0000__dt-f32/chunk_0,1000000,2,ans shuffle=byte,primary,1.51836801,-1,2.57580953,3.14671201,1
fields/00739__plt00246__fab0000_comp01_rho_E.f32__c0008__dt-f32/chunk_0,1000000,35,spratio,primary,0.0924480036,-1,1.60559506,2.704753,1
fields/00737__plt00245__fab0000_comp02_logden.f32__c0008__dt-f32/chunk_0,1000000,35,spratio,primary,0.185568005,-1,1.20019241,3.680261,1
fields/00738__plt00246__fab0000_comp00_density.f32__c0008__dt-f32/chunk_0,1000000,35,spratio,primary,0.152416006,-1,1.32613717,3.31521401,1
fields/00741__plt00247__fab0000_comp00_density.f32__c0000__dt-f32/chunk_0,1000000,2,ans shuffle=byte,primary,3.20086408,-1,2.55137292,4.84480408,1
fields/00740__plt00246__fab0000_comp02_logden.f32__c0008__dt-f32/chunk_0,1000000,35,spratio,primary,1.44928002,-1,1.20175259,4.93943602,1
fields/00742__plt00247__fab0000_comp01_rho_E.f32__c0000__dt-f32/chunk_0,1000000,35,spratio,primary,0.243584007,-1,4.71359088,1.13341601,1
fields/00742__plt00247__fab0000_comp01_rho_E.f32__c0008__dt-f32/chunk_0,1000000,35,spratio,primary,0.621024013,-1,1.60353256,3.23668901,1
fields/00741__plt00247__fab0000_comp00_density.f32__c0008__dt-f32/chunk_0,1000000,35,spratio,primary,0.282752007,-1,1.32681636,3.44393101,1
fields/00740__plt00246__fab0000_comp02_logden.f32__c0000__dt-f32/chunk_0,1000000,2,ans shuffle=byte,primary,4.41398382,-1,2.02284482,6.48745182,1
fields/00743__plt00247__fab0000_comp02_logden.f32__c0000__dt-f32/chunk_0,1000000,2,ans shuffle=byte,primary,4.26131201,-1,2.00981162,6.34822601,1
fields/00744__plt00248__fab0000_comp00_density.f32__c0000__dt-f32/chunk_0,1000000,2,ans shuffle=byte,primary,5.74480009,-1,2.52709715,7.40453209,1
fields/00743__plt00247__fab0000_comp02_logden.f32__c0008__dt-f32/chunk_0,1000000,35,spratio,primary,0.277375996,-1,1.203186,3.763374,1
fields/00746__plt00248__fab0000_comp02_logden.f32__c0000__dt-f32/chunk_0,1000000,2,ans shuffle=byte,primary,3.79372811,-1,1.99680648,5.89423411,1
fields/00745__plt00248__fab0000_comp01_rho_E.f32__c0000__dt-f32/chunk_0,1000000,35,spratio,primary,0.847616017,-1,4.63592705,1.75235502,1
fields/00744__plt00248__fab0000_comp00_density.f32__c0008__dt-f32/chunk_0,1000000,35,spratio,primary,0.698848009,-1,1.32767398,3.85798501,1
fields/00745__plt00248__fab0000_comp01_rho_E.f32__c0008__dt-f32/chunk_0,1000000,35,spratio,primary,0.891135991,-1,1.60171265,3.50977299,1
fields/00746__plt00248__fab0000_comp02_logden.f32__c0008__dt-f32/chunk_0,1000000,35,spratio,primary,0.466847986,-1,1.2046481,3.94861499,1
fields/00748__plt00249__fab0000_comp01_rho_E.f32__c0000__dt-f32/chunk_0,1000000,35,spratio,primary,1.00115204,-1,4.55897158,1.92116304,1
fields/00747__plt00249__fab0000_comp00_density.f32__c0008__dt-f32/chunk_0,1000000,35,spratio,primary,0.0960320011,-1,1.3289865,3.252049,1
fields/00748__plt00249__fab0000_comp01_rho_E.f32__c0008__dt-f32/chunk_0,1000000,35,spratio,primary,1.49673605,-1,1.59975529,4.11857705,1
fields/00747__plt00249__fab0000_comp00_density.f32__c0000__dt-f32/chunk_0,1000000,2,ans shuffle=byte,primary,0.377279997,-1,2.50293838,2.053032,1
fields/00749__plt00249__fab0000_comp02_logden.f32__c0000__dt-f32/chunk_0,1000000,2,ans shuffle=byte,primary,2.88342404,-1,1.98396107,4.99753004,1
fields/00750__plt00250__fab0000_comp00_density.f32__c0000__dt-f32/chunk_0,1000000,2,ans shuffle=byte,primary,1.34156799,-1,2.47812976,3.03409599,1
fields/00749__plt00249__fab0000_comp02_logden.f32__c0008__dt-f32/chunk_0,1000000,35,spratio,primary,0.651903987,-1,1.20605722,4.12960299,1
fields/00750__plt00250__fab0000_comp00_density.f32__c0008__dt-f32/chunk_0,1000000,35,spratio,primary,0.373567998,-1,1.32969643,3.5279,1
fields/00751__plt00250__fab0000_comp01_rho_E.f32__c0000__dt-f32/chunk_0,1000000,35,spratio,primary,0.467743993,-1,4.48761448,1.40238399,1
fields/00751__plt00250__fab0000_comp01_rho_E.f32__c0008__dt-f32/chunk_0,1000000,35,spratio,primary,1.43868804,-1,1.59776436,4.06379604,1
fields/00753__plt00251__fab0000_comp00_density.f32__c0000__dt-f32/chunk_0,1000000,2,ans shuffle=byte,primary,2.74464011,-1,2.45515827,4.45300411,1
fields/00754__plt00251__fab0000_comp01_rho_E.f32__c0000__dt-f32/chunk_0,1000000,35,spratio,primary,0.226912007,-1,4.41382562,1.17717701,1
fields/00752__plt00250__fab0000_comp02_logden.f32__c0008__dt-f32/chunk_0,1000000,35,spratio,primary,1.48943996,-1,1.20742898,4.96318796,1
fields/00753__plt00251__fab0000_comp00_density.f32__c0008__dt-f32/chunk_0,1000000,35,spratio,primary,1.48927999,-1,1.33060464,4.64145899,1
fields/00754__plt00251__fab0000_comp01_rho_E.f32__c0008__dt-f32/chunk_0,1000000,35,spratio,primary,0.480832011,-1,1.59598969,3.10885901,1
fields/00752__plt00250__fab0000_comp02_logden.f32__c0000__dt-f32/chunk_0,1000000,2,ans shuffle=byte,primary,2.2436161,-1,1.97122243,4.3713841,1
fields/00755__plt00251__fab0000_comp02_logden.f32__c0008__dt-f32/chunk_0,1000000,35,spratio,primary,0.239424005,-1,1.20872025,3.70946101,1
fields/00756__plt00252__fab0000_comp00_density.f32__c0000__dt-f32/chunk_0,1000000,2,ans shuffle=byte,primary,4.94992018,-1,2.43166384,6.67479018,1
fields/00756__plt00252__fab0000_comp00_density.f32__c0008__dt-f32/chunk_0,1000000,35,spratio,primary,0.434303999,-1,1.33151198,3.584335,1
fields/00755__plt00251__fab0000_comp02_logden.f32__c0000__dt-f32/chunk_0,1000000,2,ans shuffle=byte,primary,4.96694422,-1,1.95808489,7.10898822,1
fields/00758__plt00252__fab0000_comp02_logden.f32__c0000__dt-f32/chunk_0,1000000,2,ans shuffle=byte,primary,1.19206405,-1,1.94530535,3.34818005,1
fields/00758__plt00252__fab0000_comp02_logden.f32__c0008__dt-f32/chunk_0,1000000,35,spratio,primary,0.473248005,-1,1.21015603,3.939168,1
fields/00757__plt00252__fab0000_comp01_rho_E.f32__c0008__dt-f32/chunk_0,1000000,35,spratio,primary,0.341343999,-1,1.59395845,2.97272,1
fields/00760__plt00253__fab0000_comp01_rho_E.f32__c0000__dt-f32/chunk_0,1000000,35,spratio,primary,0.353695989,-1,4.27492481,1.33483699,1
fields/00759__plt00253__fab0000_comp00_density.f32__c0000__dt-f32/chunk_0,1000000,2,ans shuffle=byte,primary,0.416864008,-1,2.40794829,2.15872201,1
fields/00757__plt00252__fab0000_comp01_rho_E.f32__c0000__dt-f32/chunk_0,1000000,35,spratio,primary,0.578303993,-1,4.34460113,1.54370999,1
fields/00761__plt00253__fab0000_comp02_logden.f32__c0000__dt-f32/chunk_0,1000000,2,ans shuffle=byte,primary,0.806400001,-1,1.93279308,2.976474,1
fields/00762__plt00254__fab0000_comp00_density.f32__c0008__dt-f32/chunk_0,1000000,35,spratio,primary,0.231616005,-1,1.33310534,3.37788201,1
fields/00760__plt00253__fab0000_comp01_rho_E.f32__c0008__dt-f32/chunk_0,1000000,35,spratio,primary,0.848864019,-1,1.59222425,3.48310602,1
fields/00759__plt00253__fab0000_comp00_density.f32__c0008__dt-f32/chunk_0,1000000,35,spratio,primary,0.598335981,-1,1.33221572,3.74670298,1
fields/00762__plt00254__fab0000_comp00_density.f32__c0000__dt-f32/chunk_0,1000000,2,ans shuffle=byte,primary,1.17587197,-1,2.38477494,2.93465597,1
fields/00763__plt00254__fab0000_comp01_rho_E.f32__c0008__dt-f32/chunk_0,1000000,35,spratio,primary,0.433311999,-1,1.59087087,3.069795,1
fields/00763__plt00254__fab0000_comp01_rho_E.f32__c0000__dt-f32/chunk_0,1000000,35,spratio,primary,0.226303995,-1,4.20937778,1.22272299,1
fields/00761__plt00253__fab0000_comp02_logden.f32__c0008__dt-f32/chunk_0,1000000,35,spratio,primary,0.320192009,-1,1.21157773,3.78204501,1
fields/00764__plt00254__fab0000_comp02_logden.f32__c0008__dt-f32/chunk_0,1000000,35,spratio,primary,0.369823992,-1,1.2128025,3.82818099,1
fields/00765__plt00255__fab0000_comp00_density.f32__c0000__dt-f32/chunk_0,1000000,2,ans shuffle=byte,primary,1.57024002,-1,2.36128007,3.34652402,1
fields/00765__plt00255__fab0000_comp00_density.f32__c0008__dt-f32/chunk_0,1000000,35,spratio,primary,0.193823993,-1,1.33394736,3.33810399,1
fields/00764__plt00254__fab0000_comp02_logden.f32__c0000__dt-f32/chunk_0,1000000,2,ans shuffle=byte,primary,5.82838392,-1,1.92003633,8.01287592,1
fields/00766__plt00255__fab0000_comp01_rho_E.f32__c0000__dt-f32/chunk_0,1000000,35,spratio,primary,0.319168001,-1,4.14426613,1.331242,1
fields/00768__plt00256__fab0000_comp00_density.f32__c0000__dt-f32/chunk_0,1000000,2,ans shuffle=byte,primary,0.847904027,-1,2.33796731,2.64190003,1
fields/00766__plt00255__fab0000_comp01_rho_E.f32__c0008__dt-f32/chunk_0,1000000,35,spratio,primary,0.786239982,-1,1.58966196,3.42472798,1
fields/00767__plt00255__fab0000_comp02_logden.f32__c0008__dt-f32/chunk_0,1000000,35,spratio,primary,1.00191998,-1,1.21445086,4.45558298,1
fields/00767__plt00255__fab0000_comp02_logden.f32__c0000__dt-f32/chunk_0,1000000,2,ans shuffle=byte,primary,2.0804801,-1,1.90751106,4.2793161,1
fields/00768__plt00256__fab0000_comp00_density.f32__c0008__dt-f32/chunk_0,1000000,35,spratio,primary,0.653312027,-1,1.33511251,3.79484803,1
fields/00771__plt00257__fab0000_comp00_density.f32__c0000__dt-f32/chunk_0,1000000,2,ans shuffle=byte,primary,1.54719996,-1,2.31578529,3.35837996,1
fields/00770__plt00256__fab0000_comp02_logden.f32__c0000__dt-f32/chunk_0,1000000,2,ans shuffle=byte,primary,0.945024014,-1,1.89449759,3.15896401,1
fields/00772__plt00257__fab0000_comp01_rho_E.f32__c0000__dt-f32/chunk_0,1000000,35,spratio,primary,0.227423996,-1,4.0171247,1.27153,1
fields/00769__plt00256__fab0000_comp01_rho_E.f32__c0000__dt-f32/chunk_0,1000000,35,spratio,primary,0.223872006,-1,4.07767039,1.25247501,1
fields/00769__plt00256__fab0000_comp01_rho_E.f32__c0008__dt-f32/chunk_0,1000000,35,spratio,primary,0.616288006,-1,1.58839413,3.25688201,1
fields/00770__plt00256__fab0000_comp02_logden.f32__c0008__dt-f32/chunk_0,1000000,35,spratio,primary,0.583904028,-1,1.21588796,4.03348503,1
fields/00772__plt00257__fab0000_comp01_rho_E.f32__c0008__dt-f32/chunk_0,1000000,35,spratio,primary,0.438816011,-1,1.58739982,3.08106401,1
fields/00773__plt00257__fab0000_comp02_logden.f32__c0000__dt-f32/chunk_0,1000000,2,ans shuffle=byte,primary,1.24655998,-1,1.88221948,3.47494198,1
fields/00771__plt00257__fab0000_comp00_density.f32__c0008__dt-f32/chunk_0,1000000,35,spratio,primary,0.261792004,-1,1.33611538,3.40097,1
fields/00774__plt00258__fab0000_comp00_density.f32__c0000__dt-f32/chunk_0,1000000,2,ans shuffle=byte,primary,0.940703988,-1,2.29289157,2.76996799,1
fields/00773__plt00257__fab0000_comp02_logden.f32__c0008__dt-f32/chunk_0,1000000,35,spratio,primary,0.266272008,-1,1.21753024,3.71120001,1
fields/00774__plt00258__fab0000_comp00_density.f32__c0008__dt-f32/chunk_0,1000000,35,spratio,primary,0.105215997,-1,1.33714235,3.241983,1
fields/00775__plt00258__fab0000_comp01_rho_E.f32__c0008__dt-f32/chunk_0,1000000,35,spratio,primary,0.272255987,-1,1.58639956,2.91616999,1
fields/00775__plt00258__fab0000_comp01_rho_E.f32__c0000__dt-f32/chunk_0,1000000,35,spratio,primary,0.385728002,-1,3.95571878,1.446042,1
fields/00777__plt00259__fab0000_comp00_density.f32__c0008__dt-f32/chunk_0,1000000,35,spratio,primary,0.397311985,-1,1.33813376,3.53175499,1
fields/00776__plt00258__fab0000_comp02_logden.f32__c0008__dt-f32/chunk_0,1000000,35,spratio,primary,0.453503996,-1,1.21890343,3.894551,1
fields/00776__plt00258__fab0000_comp02_logden.f32__c0000__dt-f32/chunk_0,1000000,2,ans shuffle=byte,primary,2.65964794,-1,1.86983937,4.90278394,1
fields/00780__plt00260__fab0000_comp00_density.f32__c0000__dt-f32/chunk_0,1000000,2,ans shuffle=byte,primary,1.08358395,-1,2.24861897,2.94886395,1
fields/00778__plt00259__fab0000_comp01_rho_E.f32__c0000__dt-f32/chunk_0,1000000,35,spratio,primary,0.240127996,-1,3.89428443,1.317169,1
fields/00777__plt00259__fab0000_comp00_density.f32__c0000__dt-f32/chunk_0,1000000,2,ans shuffle=byte,primary,2.21897602,-1,2.27051981,4.06626402,1
fields/00778__plt00259__fab0000_comp01_rho_E.f32__c0008__dt-f32/chunk_0,1000000,35,spratio,primary,0.331519991,-1,1.58531247,2.97724699,1
fields/00779__plt00259__fab0000_comp02_logden.f32__c0008__dt-f32/chunk_0,1000000,35,spratio,primary,0.235072002,-1,1.22053327,3.671524,1
fields/00781__plt00260__fab0000_comp01_rho_E.f32__c0008__dt-f32/chunk_0,1000000,35,spratio,primary,0.240863994,-1,1.58451354,2.88792499,1
fields/00782__plt00260__fab0000_comp02_logden.f32__c0000__dt-f32/chunk_0,1000000,2,ans shuffle=byte,primary,0.708576024,-1,1.84483567,2.98211402,1
fields/00779__plt00259__fab0000_comp02_logden.f32__c0000__dt-f32/chunk_0,1000000,2,ans shuffle=byte,primary,0.557824016,-1,1.8574812,2.81588402,1
fields/00782__plt00260__fab0000_comp02_logden.f32__c0008__dt-f32/chunk_0,1000000,35,spratio,primary,0.374431998,-1,1.22208165,3.80653,1
fields/00780__plt00260__fab0000_comp00_density.f32__c0008__dt-f32/chunk_0,1000000,35,spratio,primary,0.247327998,-1,1.33927673,3.379096,1
fields/00784__plt00261__fab0000_comp01_rho_E.f32__c0000__dt-f32/chunk_0,1000000,35,spratio,primary,0.402559996,-1,3.77808384,1.512727,1
fields/00783__plt00261__fab0000_comp00_density.f32__c0008__dt-f32/chunk_0,1000000,35,spratio,primary,0.321696013,-1,1.34034198,3.45097501,1
fields/00784__plt00261__fab0000_comp01_rho_E.f32__c0008__dt-f32/chunk_0,1000000,35,spratio,primary,0.0721279979,-1,1.58372319,2.72051,1
fields/00781__plt00260__fab0000_comp01_rho_E.f32__c0000__dt-f32/chunk_0,1000000,35,spratio,primary,0.0716480017,-1,3.83475366,1.165409,1
fields/00785__plt00261__fab0000_comp02_logden.f32__c0000__dt-f32/chunk_0,1000000,2,ans shuffle=byte,primary,0.38448,-1,1.83237877,2.673474,1
fields/00783__plt00261__fab0000_comp00_density.f32__c0000__dt-f32/chunk_0,1000000,2,ans shuffle=byte,primary,0.690432012,-1,2.22666367,2.57410401,1
fields/00785__plt00261__fab0000_comp02_logden.f32__c0008__dt-f32/chunk_0,1000000,35,spratio,primary,0.225920007,-1,1.22365896,3.65359401,1
fields/00786__plt00262__fab0000_comp00_density.f32__c0000__dt-f32/chunk_0,1000000,2,ans shuffle=byte,primary,0.942080021,-1,2.20662022,2.84286202,1
fields/00787__plt00262__fab0000_comp01_rho_E.f32__c0000__dt-f32/chunk_0,1000000,35,spratio,primary,0.595583975,-1,3.72210641,1.72244698,1
fields/00786__plt00262__fab0000_comp00_density.f32__c0008__dt-f32/chunk_0,1000000,35,spratio,primary,0.574240029,-1,1.34115929,3.70161203,1
fields/00788__plt00262__fab0000_comp02_logden.f32__c0008__dt-f32/chunk_0,1000000,35,spratio,primary,0.183648005,-1,1.22527077,3.60681301,1
fields/00788__plt00262__fab0000_comp02_logden.f32__c0000__dt-f32/chunk_0,1000000,2,ans shuffle=byte,primary,0.28214401,-1,1.82017742,2.58648201,1
fields/00789__plt00263__fab0000_comp00_density.f32__c0008__dt-f32/chunk_0,1000000,35,spratio,primary,0.121696003,-1,1.34231989,3.246364,1
fields/00789__plt00263__fab0000_comp00_density.f32__c0000__dt-f32/chunk_0,1000000,2,ans shuffle=byte,primary,0.304863989,-1,2.18481781,2.22461399,1
fields/00787__plt00262__fab0000_comp01_rho_E.f32__c0008__dt-f32/chunk_0,1000000,35,spratio,primary,0.237663999,-1,1.58325032,2.886837,1
fields/00790__plt00263__fab0000_comp01_rho_E.f32__c0000__dt-f32/chunk_0,1000000,35,spratio,primary,0.238207996,-1,3.66719913,1.381943,1
fields/00790__plt00263__fab0000_comp01_rho_E.f32__c0008__dt-f32/chunk_0,1000000,35,spratio,primary,0.217216,-1,1.58263977,2.867411,1
fields/00792__plt00264__fab0000_comp00_density.f32__c0000__dt-f32/chunk_0,1000000,2,ans shuffle=byte,primary,0.446016014,-1,2.16449596,2.38379001,1
fields/00791__plt00263__fab0000_comp02_logden.f32__c0000__dt-f32/chunk_0,1000000,2,ans shuffle=byte,primary,0.790495992,-1,1.80835889,3.10989399,1
fields/00793__plt00264__fab0000_comp01_rho_E.f32__c0000__dt-f32/chunk_0,1000000,35,spratio,primary,0.0765760019,-1,3.61416851,1.237093,1
fields/00792__plt00264__fab0000_comp00_density.f32__c0008__dt-f32/chunk_0,1000000,35,spratio,primary,0.0747200027,-1,1.3435449,3.196539,1
fields/00791__plt00263__fab0000_comp02_logden.f32__c0008__dt-f32/chunk_0,1000000,35,spratio,primary,0.120704003,-1,1.22683407,3.539507,1
fields/00794__plt00264__fab0000_comp02_logden.f32__c0008__dt-f32/chunk_0,1000000,35,spratio,primary,0.082911998,-1,1.22796944,3.498554,1
fields/00793__plt00264__fab0000_comp01_rho_E.f32__c0008__dt-f32/chunk_0,1000000,35,spratio,primary,0.181024,-1,1.58186978,2.832509,1
fields/00795__plt00265__fab0000_comp00_density.f32__c0000__dt-f32/chunk_0,1000000,2,ans shuffle=byte,primary,0.379040003,-1,2.14456183,2.334826,1
fields/00796__plt00265__fab0000_comp01_rho_E.f32__c0000__dt-f32/chunk_0,1000000,35,spratio,primary,0.240575999,-1,3.56238348,1.417963,1
fields/00794__plt00264__fab0000_comp02_logden.f32__c0000__dt-f32/chunk_0,1000000,2,ans shuffle=byte,primary,0.458335996,-1,1.7960189,2.79367,1
fields/00795__plt00265__fab0000_comp00_density.f32__c0008__dt-f32/chunk_0,1000000,35,spratio,primary,0.256639987,-1,1.34437216,3.37653799,1
fields/00797__plt00265__fab0000_comp02_logden.f32__c0000__dt-f32/chunk_0,1000000,2,ans shuffle=byte,primary,0.572351992,-1,1.783787,2.92369999,1
fields/00797__plt00265__fab0000_comp02_logden.f32__c0008__dt-f32/chunk_0,1000000,35,spratio,primary,0.140640005,-1,1.22942756,3.55223101,1
fields/00796__plt00265__fab0000_comp01_rho_E.f32__c0008__dt-f32/chunk_0,1000000,35,spratio,primary,0.308223993,-1,1.58117207,2.96087899,1
fields/00800__plt00266__fab0000_comp02_logden.f32__c0008__dt-f32/chunk_0,1000000,35,spratio,primary,0.0913280025,-1,1.23061612,3.499624,1
fields/00798__plt00266__fab0000_comp00_density.f32__c0000__dt-f32/chunk_0,1000000,2,ans shuffle=byte,primary,0.194591999,-1,2.12339289,2.169876,1
fields/00798__plt00266__fab0000_comp00_density.f32__c0008__dt-f32/chunk_0,1000000,35,spratio,primary,0.231296003,-1,1.34510595,3.349492,1
fields/00799__plt00266__fab0000_comp01_rho_E.f32__c0008__dt-f32/chunk_0,1000000,35,spratio,primary,0.071424,-1,1.58074897,2.724789,1
fields/00799__plt00266__fab0000_comp01_rho_E.f32__c0000__dt-f32/chunk_0,1000000,35,spratio,primary,0.0754240006,-1,3.51024794,1.270298,1
fields/00800__plt00266__fab0000_comp02_logden.f32__c0000__dt-f32/chunk_0,1000000,2,ans shuffle=byte,primary,0.963199973,-1,1.77178196,3.33047997,1
