blob,bytes,fnv1a64,lib,codec,ratio,stored,compress_ms,preproc_ms,h2d_ms,decompress_ms,rc,stored_ratio
fields/00000__plt00000__fab0000_comp02_ez.f32__c0000__dt-f32/chunk_0,4194304,f2ff196a1fbb64b1,24,np-setting,5.03162,833614,0.268288,0,0,-1,0,5.03147
fields/00000__plt00000__fab0000_comp02_ez.f32__c0004__dt-f32/chunk_0,4194304,8c17c5b82364fdf1,24,np-setting,5.03396,833226,0.367488,0,0,-1,0,5.03381
fields/00000__plt00000__fab0000_comp02_ez.f32__c0008__dt-f32/chunk_0,4194304,cbc659cc357d1402,24,np-setting,5.03274,833428,0.385312,0,0,-1,0,5.03259
fields/00000__plt00000__fab0000_comp02_ez.f32__c0012__dt-f32/chunk_0,4194304,4136c47670b3ad01,24,np-setting,5.03213,833528,0.398624,0,0,-1,0,5.03199
fields/00000__plt00000__fab0000_comp02_ez.f32__c0016__dt-f32/chunk_0,4194304,e7a96b3a63cb45e1,24,np-setting,5.03213,833528,0.91616,0,0,-1,0,5.03199
fields/00000__plt00000__fab0000_comp02_ez.f32__c0020__dt-f32/chunk_0,4194304,8c027244e86b7962,24,np-setting,5.03129,833668,0.952576,0,0,-1,0,5.03114
fields/00000__plt00000__fab0000_comp02_ez.f32__c0024__dt-f32/chunk_0,4194304,8de89dd4cc6f815e,24,np-setting,5.03058,833786,1.30669,0,0,-1,0,5.03043
fields/00000__plt00000__fab0000_comp02_ez.f32__c0028__dt-f32/chunk_0,4194304,63f357afdb727e61,24,np-setting,5.0323,833500,1.58736,0,0,-1,0,5.03216
fields/00000__plt00000__fab0000_comp02_ez.f32__c0032__dt-f32/chunk_0,4194304,3611c7157bc97fb8,24,np-setting,1.1386,3683776,2.25053,0,0,-1,0,1.13859
fields/00000__plt00000__fab0000_comp02_ez.f32__c0036__dt-f32/chunk_0,4194304,aa18e534db5e7c41,24,np-setting,5.0309,833732,1.24006,0,0,-1,0,5.03076
fields/00000__plt00000__fab0000_comp02_ez.f32__c0040__dt-f32/chunk_0,4194304,e0c9f4dbd4630935,24,np-setting,5.0313,833666,1.57683,0,0,-1,0,5.03116
fields/00000__plt00000__fab0000_comp02_ez.f32__c0044__dt-f32/chunk_0,4194304,79f75760932245f2,24,np-setting,5.03241,833482,1.34672,0,0,-1,0,5.03227
fields/00000__plt00000__fab0000_comp02_ez.f32__c0048__dt-f32/chunk_0,4194304,d546b979e7d7b2fe,24,np-setting,5.0321,833534,1.34458,0,0,-1,0,5.03195
fields/00000__plt00000__fab0000_comp02_ez.f32__c0052__dt-f32/chunk_0,4194304,cd1e14faeff6fede,24,np-setting,5.032,833550,1.06355,0,0,-1,0,5.03186
fields/00000__plt00000__fab0000_comp02_ez.f32__c0056__dt-f32/chunk_0,4194304,40ca607e977d907e,24,np-setting,5.03302,833382,1.37798,0,0,-1,0,5.03287
fields/00000__plt00000__fab0000_comp02_ez.f32__c0060__dt-f32/chunk_0,4194304,9f5e8b94d29a462,24,np-setting,5.03022,833846,1.3472,0,0,-1,0,5.03007
fields/00001__plt00001__fab0000_comp02_ez.f32__c0000__dt-f32/chunk_0,4194304,f2ff196a1fbb64b1,24,np-setting,5.03162,833614,1.37686,0,0,-1,0,5.03147
fields/00001__plt00001__fab0000_comp02_ez.f32__c0004__dt-f32/chunk_0,4194304,8c17c5b82364fdf1,24,np-setting,5.03396,833226,2.0655,0,0,-1,0,5.03381
fields/00001__plt00001__fab0000_comp02_ez.f32__c0008__dt-f32/chunk_0,4194304,cbc659cc357d1402,24,np-setting,5.03274,833428,2.06525,0,0,-1,0,5.03259
fields/00001__plt00001__fab0000_comp02_ez.f32__c0012__dt-f32/chunk_0,4194304,4136c47670b3ad01,24,np-setting,5.03213,833528,1.73584,0,0,-1,0,5.03199
fields/00001__plt00001__fab0000_comp02_ez.f32__c0016__dt-f32/chunk_0,4194304,e7a96b3a63cb45e1,24,np-setting,5.03213,833528,1.06854,0,0,-1,0,5.03199
fields/00001__plt00001__fab0000_comp02_ez.f32__c0020__dt-f32/chunk_0,4194304,8c027244e86b7962,24,np-setting,5.03129,833668,4.77363,0,0,-1,0,5.03114
fields/00001__plt00001__fab0000_comp02_ez.f32__c0024__dt-f32/chunk_0,4194304,8de89dd4cc6f815e,24,np-setting,5.03058,833786,0.870528,0,0,-1,0,5.03043
fields/00001__plt00001__fab0000_comp02_ez.f32__c0028__dt-f32/chunk_0,4194304,63f357afdb727e61,24,np-setting,5.0323,833500,0.886976,0,0,-1,0,5.03216
fields/00001__plt00001__fab0000_comp02_ez.f32__c0032__dt-f32/chunk_0,4194304,e7a233c1ecc15cef,24,np-setting,1.13308,3701712,1.53014,0,0,-1,0,1.13307
fields/00001__plt00001__fab0000_comp02_ez.f32__c0036__dt-f32/chunk_0,4194304,aa18e534db5e7c41,24,np-setting,5.0309,833732,1.65046,0,0,-1,0,5.03076
fields/00001__plt00001__fab0000_comp02_ez.f32__c0040__dt-f32/chunk_0,4194304,e0c9f4dbd4630935,24,np-setting,5.0313,833666,1.43139,0,0,-1,0,5.03116
fields/00001__plt00001__fab0000_comp02_ez.f32__c0044__dt-f32/chunk_0,4194304,79f75760932245f2,24,np-setting,5.03241,833482,1.76,0,0,-1,0,5.03227
fields/00001__plt00001__fab0000_comp02_ez.f32__c0048__dt-f32/chunk_0,4194304,d546b979e7d7b2fe,24,np-setting,5.0321,833534,2.06621,0,0,-1,0,5.03195
fields/00001__plt00001__fab0000_comp02_ez.f32__c0052__dt-f32/chunk_0,4194304,cd1e14faeff6fede,24,np-setting,5.032,833550,1.74144,0,0,-1,0,5.03186
fields/00001__plt00001__fab0000_comp02_ez.f32__c0056__dt-f32/chunk_0,4194304,40ca607e977d907e,24,np-setting,5.03302,833382,2.04912,0,0,-1,0,5.03287
fields/00001__plt00001__fab0000_comp02_ez.f32__c0060__dt-f32/chunk_0,4194304,9f5e8b94d29a462,24,np-setting,5.03022,833846,0.93744,0,0,-1,0,5.03007
fields/00002__plt00002__fab0000_comp02_ez.f32__c0000__dt-f32/chunk_0,4194304,f2ff196a1fbb64b1,24,np-setting,5.03162,833614,0.438336,0,0,-1,0,5.03147
fields/00002__plt00002__fab0000_comp02_ez.f32__c0004__dt-f32/chunk_0,4194304,8c17c5b82364fdf1,24,np-setting,5.03396,833226,1.49504,0,0,-1,0,5.03381
fields/00002__plt00002__fab0000_comp02_ez.f32__c0008__dt-f32/chunk_0,4194304,cbc659cc357d1402,24,np-setting,5.03274,833428,0.954688,0,0,-1,0,5.03259
fields/00002__plt00002__fab0000_comp02_ez.f32__c0012__dt-f32/chunk_0,4194304,4136c47670b3ad01,24,np-setting,5.03213,833528,0.775744,0,0,-1,0,5.03199
fields/00002__plt00002__fab0000_comp02_ez.f32__c0016__dt-f32/chunk_0,4194304,e7a96b3a63cb45e1,24,np-setting,5.03213,833528,1.91971,0,0,-1,0,5.03199
fields/00002__plt00002__fab0000_comp02_ez.f32__c0020__dt-f32/chunk_0,4194304,8c027244e86b7962,24,np-setting,5.03129,833668,0.399072,0,0,-1,0,5.03114
fields/00002__plt00002__fab0000_comp02_ez.f32__c0024__dt-f32/chunk_0,4194304,8de89dd4cc6f815e,24,np-setting,5.03058,833786,0.764736,0,0,-1,0,5.03043
fields/00002__plt00002__fab0000_comp02_ez.f32__c0028__dt-f32/chunk_0,4194304,63f357afdb727e61,24,np-setting,5.0323,833500,1.08531,0,0,-1,0,5.03216
fields/00002__plt00002__fab0000_comp02_ez.f32__c0032__dt-f32/chunk_0,4194304,6b202a2ec54c9fe3,24,np-setting,1.1348,3696082,2.07894,0,0,-1,0,1.1348
fields/00002__plt00002__fab0000_comp02_ez.f32__c0036__dt-f32/chunk_0,4194304,aa18e534db5e7c41,24,np-setting,5.0309,833732,2.06218,0,0,-1,0,5.03076
fields/00002__plt00002__fab0000_comp02_ez.f32__c0040__dt-f32/chunk_0,4194304,e0c9f4dbd4630935,24,np-setting,5.0313,833666,1.99402,0,0,-1,0,5.03116
fields/00002__plt00002__fab0000_comp02_ez.f32__c0044__dt-f32/chunk_0,4194304,79f75760932245f2,24,np-setting,5.03241,833482,1.9583,0,0,-1,0,5.03227
fields/00002__plt00002__fab0000_comp02_ez.f32__c0048__dt-f32/chunk_0,4194304,d546b979e7d7b2fe,24,np-setting,5.0321,833534,0.726432,0,0,-1,0,5.03195
fields/00002__plt00002__fab0000_comp02_ez.f32__c0052__dt-f32/chunk_0,4194304,cd1e14faeff6fede,24,np-setting,5.032,833550,2.18214,0,0,-1,0,5.03186
fields/00002__plt00002__fab0000_comp02_ez.f32__c0056__dt-f32/chunk_0,4194304,40ca607e977d907e,24,np-setting,5.03302,833382,1.16045,0,0,-1,0,5.03287
fields/00002__plt00002__fab0000_comp02_ez.f32__c0060__dt-f32/chunk_0,4194304,9f5e8b94d29a462,24,np-setting,5.03022,833846,2.10234,0,0,-1,0,5.03007
fields/00003__plt00003__fab0000_comp02_ez.f32__c0000__dt-f32/chunk_0,4194304,f2ff196a1fbb64b1,24,np-setting,5.03162,833614,1.90611,0,0,-1,0,5.03147
fields/00003__plt00003__fab0000_comp02_ez.f32__c0004__dt-f32/chunk_0,4194304,8c17c5b82364fdf1,24,np-setting,5.03396,833226,2.06138,0,0,-1,0,5.03381
fields/00003__plt00003__fab0000_comp02_ez.f32__c0008__dt-f32/chunk_0,4194304,cbc659cc357d1402,24,np-setting,5.03274,833428,1.51469,0,0,-1,0,5.03259
fields/00003__plt00003__fab0000_comp02_ez.f32__c0012__dt-f32/chunk_0,4194304,4136c47670b3ad01,24,np-setting,5.03213,833528,2.10346,0,0,-1,0,5.03199
fields/00003__plt00003__fab0000_comp02_ez.f32__c0016__dt-f32/chunk_0,4194304,e7a96b3a63cb45e1,24,np-setting,5.03213,833528,1.6159,0,0,-1,0,5.03199
fields/00003__plt00003__fab0000_comp02_ez.f32__c0020__dt-f32/chunk_0,4194304,8c027244e86b7962,24,np-setting,5.03129,833668,1.03584,0,0,-1,0,5.03114
fields/00003__plt00003__fab0000_comp02_ez.f32__c0024__dt-f32/chunk_0,4194304,8de89dd4cc6f815e,24,np-setting,5.03058,833786,1.26582,0,0,-1,0,5.03043
fields/00003__plt00003__fab0000_comp02_ez.f32__c0028__dt-f32/chunk_0,4194304,63f357afdb727e61,24,np-setting,5.0323,833500,1.51968,0,0,-1,0,5.03216
fields/00003__plt00003__fab0000_comp02_ez.f32__c0032__dt-f32/chunk_0,4194304,90ca70dbc5d724d7,24,np-setting,1.13417,3698138,1.04038,0,0,-1,0,1.13417
fields/00003__plt00003__fab0000_comp02_ez.f32__c0036__dt-f32/chunk_0,4194304,aa18e534db5e7c41,24,np-setting,5.0309,833732,1.14867,0,0,-1,0,5.03076
fields/00003__plt00003__fab0000_comp02_ez.f32__c0040__dt-f32/chunk_0,4194304,e0c9f4dbd4630935,24,np-setting,5.0313,833666,1.14435,0,0,-1,0,5.03116
fields/00003__plt00003__fab0000_comp02_ez.f32__c0044__dt-f32/chunk_0,4194304,79f75760932245f2,24,np-setting,5.03241,833482,1.73014,0,0,-1,0,5.03227
fields/00003__plt00003__fab0000_comp02_ez.f32__c0048__dt-f32/chunk_0,4194304,d546b979e7d7b2fe,24,np-setting,5.0321,833534,1.7351,0,0,-1,0,5.03195
fields/00003__plt00003__fab0000_comp02_ez.f32__c0052__dt-f32/chunk_0,4194304,cd1e14faeff6fede,24,np-setting,5.032,833550,0.761056,0,0,-1,0,5.03186
fields/00003__plt00003__fab0000_comp02_ez.f32__c0056__dt-f32/chunk_0,4194304,40ca607e977d907e,24,np-setting,5.03302,833382,1.74336,0,0,-1,0,5.03287
fields/00003__plt00003__fab0000_comp02_ez.f32__c0060__dt-f32/chunk_0,4194304,9f5e8b94d29a462,24,np-setting,5.03022,833846,1.75763,0,0,-1,0,5.03007
fields/00004__plt00004__fab0000_comp02_ez.f32__c0000__dt-f32/chunk_0,4194304,f2ff196a1fbb64b1,24,np-setting,5.03162,833614,1.42179,0,0,-1,0,5.03147
fields/00004__plt00004__fab0000_comp02_ez.f32__c0004__dt-f32/chunk_0,4194304,8c17c5b82364fdf1,24,np-setting,5.03396,833226,5.23123,0,0,-1,0,5.03381
fields/00004__plt00004__fab0000_comp02_ez.f32__c0008__dt-f32/chunk_0,4194304,cbc659cc357d1402,24,np-setting,5.03274,833428,2.03194,0,0,-1,0,5.03259
fields/00004__plt00004__fab0000_comp02_ez.f32__c0012__dt-f32/chunk_0,4194304,4136c47670b3ad01,24,np-setting,5.03213,833528,2.13456,0,0,-1,0,5.03199
fields/00004__plt00004__fab0000_comp02_ez.f32__c0016__dt-f32/chunk_0,4194304,e7a96b3a63cb45e1,24,np-setting,5.03213,833528,1.08746,0,0,-1,0,5.03199
fields/00004__plt00004__fab0000_comp02_ez.f32__c0020__dt-f32/chunk_0,4194304,8c027244e86b7962,24,np-setting,5.03129,833668,1.34224,0,0,-1,0,5.03114
fields/00004__plt00004__fab0000_comp02_ez.f32__c0024__dt-f32/chunk_0,4194304,8de89dd4cc6f815e,24,np-setting,5.03058,833786,1.53485,0,0,-1,0,5.03043
fields/00004__plt00004__fab0000_comp02_ez.f32__c0028__dt-f32/chunk_0,4194304,63f357afdb727e61,24,np-setting,5.0323,833500,1.48877,0,0,-1,0,5.03216
fields/00004__plt00004__fab0000_comp02_ez.f32__c0032__dt-f32/chunk_0,4194304,23a97a5c46849f41,24,np-setting,1.13247,3703698,0.658688,0,0,-1,0,1.13246
fields/00004__plt00004__fab0000_comp02_ez.f32__c0036__dt-f32/chunk_0,4194304,aa18e534db5e7c41,24,np-setting,5.0309,833732,1.48874,0,0,-1,0,5.03076
fields/00004__plt00004__fab0000_comp02_ez.f32__c0040__dt-f32/chunk_0,4194304,e0c9f4dbd4630935,24,np-setting,5.0313,833666,2.12224,0,0,-1,0,5.03116
fields/00004__plt00004__fab0000_comp02_ez.f32__c0044__dt-f32/chunk_0,4194304,79f75760932245f2,24,np-setting,5.03241,833482,1.87878,0,0,-1,0,5.03227
fields/00004__plt00004__fab0000_comp02_ez.f32__c0048__dt-f32/chunk_0,4194304,d546b979e7d7b2fe,24,np-setting,5.0321,833534,1.41878,0,0,-1,0,5.03195
fields/00004__plt00004__fab0000_comp02_ez.f32__c0052__dt-f32/chunk_0,4194304,cd1e14faeff6fede,24,np-setting,5.032,833550,1.10998,0,0,-1,0,5.03186
fields/00004__plt00004__fab0000_comp02_ez.f32__c0056__dt-f32/chunk_0,4194304,40ca607e977d907e,24,np-setting,5.03302,833382,1.01846,0,0,-1,0,5.03287
fields/00004__plt00004__fab0000_comp02_ez.f32__c0060__dt-f32/chunk_0,4194304,9f5e8b94d29a462,24,np-setting,5.03022,833846,1.02346,0,0,-1,0,5.03007
fields/00005__plt00005__fab0000_comp02_ez.f32__c0000__dt-f32/chunk_0,4194304,f2ff196a1fbb64b1,24,np-setting,5.03162,833614,1.04163,0,0,-1,0,5.03147
fields/00005__plt00005__fab0000_comp02_ez.f32__c0004__dt-f32/chunk_0,4194304,8c17c5b82364fdf1,24,np-setting,5.03396,833226,1.85542,0,0,-1,0,5.03381
fields/00005__plt00005__fab0000_comp02_ez.f32__c0008__dt-f32/chunk_0,4194304,cbc659cc357d1402,24,np-setting,5.03274,833428,1.4879,0,0,-1,0,5.03259
fields/00005__plt00005__fab0000_comp02_ez.f32__c0012__dt-f32/chunk_0,4194304,4136c47670b3ad01,24,np-setting,5.03213,833528,1.1511,0,0,-1,0,5.03199
fields/00005__plt00005__fab0000_comp02_ez.f32__c0016__dt-f32/chunk_0,4194304,e7a96b3a63cb45e1,24,np-setting,5.03213,833528,1.5904,0,0,-1,0,5.03199
fields/00005__plt00005__fab0000_comp02_ez.f32__c0020__dt-f32/chunk_0,4194304,8c027244e86b7962,24,np-setting,5.03129,833668,2.03338,0,0,-1,0,5.03114
fields/00005__plt00005__fab0000_comp02_ez.f32__c0024__dt-f32/chunk_0,4194304,8de89dd4cc6f815e,24,np-setting,5.03058,833786,1.21693,0,0,-1,0,5.03043
fields/00005__plt00005__fab0000_comp02_ez.f32__c0028__dt-f32/chunk_0,4194304,63f357afdb727e61,24,np-setting,5.0323,833500,1.39235,0,0,-1,0,5.03216
fields/00005__plt00005__fab0000_comp02_ez.f32__c0032__dt-f32/chunk_0,4194304,5e81c3e0ad8f3f53,24,np-setting,1.1309,3708842,0.46768,0,0,-1,0,1.13089
fields/00005__plt00005__fab0000_comp02_ez.f32__c0036__dt-f32/chunk_0,4194304,aa18e534db5e7c41,24,np-setting,5.0309,833732,1.08432,0,0,-1,0,5.03076
fields/00005__plt00005__fab0000_comp02_ez.f32__c0040__dt-f32/chunk_0,4194304,e0c9f4dbd4630935,24,np-setting,5.0313,833666,1.33117,0,0,-1,0,5.03116
fields/00005__plt00005__fab0000_comp02_ez.f32__c0044__dt-f32/chunk_0,4194304,79f75760932245f2,24,np-setting,5.03241,833482,3.64918,0,0,-1,0,5.03227
fields/00005__plt00005__fab0000_comp02_ez.f32__c0048__dt-f32/chunk_0,4194304,d546b979e7d7b2fe,24,np-setting,5.0321,833534,0.802048,0,0,-1,0,5.03195
fields/00005__plt00005__fab0000_comp02_ez.f32__c0052__dt-f32/chunk_0,4194304,cd1e14faeff6fede,24,np-setting,5.032,833550,1.52854,0,0,-1,0,5.03186
fields/00005__plt00005__fab0000_comp02_ez.f32__c0056__dt-f32/chunk_0,4194304,40ca607e977d907e,24,np-setting,5.03302,833382,1.95763,0,0,-1,0,5.03287
fields/00005__plt00005__fab0000_comp02_ez.f32__c0060__dt-f32/chunk_0,4194304,9f5e8b94d29a462,24,np-setting,5.03022,833846,1.55315,0,0,-1,0,5.03007
fields/00006__plt00006__fab0000_comp02_ez.f32__c0000__dt-f32/chunk_0,4194304,f2ff196a1fbb64b1,24,np-setting,5.03162,833614,1.96144,0,0,-1,0,5.03147
fields/00006__plt00006__fab0000_comp02_ez.f32__c0004__dt-f32/chunk_0,4194304,8c17c5b82364fdf1,24,np-setting,5.03396,833226,1.54198,0,0,-1,0,5.03381
fields/00006__plt00006__fab0000_comp02_ez.f32__c0008__dt-f32/chunk_0,4194304,cbc659cc357d1402,24,np-setting,5.03274,833428,0.945728,0,0,-1,0,5.03259
fields/00006__plt00006__fab0000_comp02_ez.f32__c0012__dt-f32/chunk_0,4194304,4136c47670b3ad01,24,np-setting,5.03213,833528,0.890144,0,0,-1,0,5.03199
fields/00006__plt00006__fab0000_comp02_ez.f32__c0016__dt-f32/chunk_0,4194304,e7a96b3a63cb45e1,24,np-setting,5.03213,833528,0.72128,0,0,-1,0,5.03199
fields/00006__plt00006__fab0000_comp02_ez.f32__c0020__dt-f32/chunk_0,4194304,8c027244e86b7962,24,np-setting,5.03129,833668,1.44029,0,0,-1,0,5.03114
fields/00006__plt00006__fab0000_comp02_ez.f32__c0024__dt-f32/chunk_0,4194304,8de89dd4cc6f815e,24,np-setting,5.03058,833786,1.80675,0,0,-1,0,5.03043
fields/00006__plt00006__fab0000_comp02_ez.f32__c0028__dt-f32/chunk_0,4194304,63f357afdb727e61,24,np-setting,5.0323,833500,1.60509,0,0,-1,0,5.03216
fields/00006__plt00006__fab0000_comp02_ez.f32__c0032__dt-f32/chunk_0,4194304,15ff2f2b8ea65295,24,np-setting,1.13006,3711598,0.379104,0,0,-1,0,1.13005
fields/00006__plt00006__fab0000_comp02_ez.f32__c0036__dt-f32/chunk_0,4194304,aa18e534db5e7c41,24,np-setting,5.0309,833732,0.38016,0,0,-1,0,5.03076
fields/00006__plt00006__fab0000_comp02_ez.f32__c0040__dt-f32/chunk_0,4194304,e0c9f4dbd4630935,24,np-setting,5.0313,833666,1.5049,0,0,-1,0,5.03116
fields/00006__plt00006__fab0000_comp02_ez.f32__c0044__dt-f32/chunk_0,4194304,79f75760932245f2,24,np-setting,5.03241,833482,1.94806,0,0,-1,0,5.03227
fields/00006__plt00006__fab0000_comp02_ez.f32__c0048__dt-f32/chunk_0,4194304,d546b979e7d7b2fe,24,np-setting,5.0321,833534,1.52352,0,0,-1,0,5.03195
fields/00006__plt00006__fab0000_comp02_ez.f32__c0052__dt-f32/chunk_0,4194304,cd1e14faeff6fede,24,np-setting,5.032,833550,1.16774,0,0,-1,0,5.03186
fields/00006__plt00006__fab0000_comp02_ez.f32__c0056__dt-f32/chunk_0,4194304,40ca607e977d907e,24,np-setting,5.03302,833382,1.74189,0,0,-1,0,5.03287
fields/00006__plt00006__fab0000_comp02_ez.f32__c0060__dt-f32/chunk_0,4194304,9f5e8b94d29a462,24,np-setting,5.03022,833846,2.08333,0,0,-1,0,5.03007
fields/00007__plt00007__fab0000_comp02_ez.f32__c0000__dt-f32/chunk_0,4194304,f2ff196a1fbb64b1,24,np-setting,5.03162,833614,1.9896,0,0,-1,0,5.03147
fields/00007__plt00007__fab0000_comp02_ez.f32__c0004__dt-f32/chunk_0,4194304,8c17c5b82364fdf1,24,np-setting,5.03396,833226,1.07728,0,0,-1,0,5.03381
fields/00007__plt00007__fab0000_comp02_ez.f32__c0008__dt-f32/chunk_0,4194304,cbc659cc357d1402,24,np-setting,5.03274,833428,1.32346,0,0,-1,0,5.03259
fields/00007__plt00007__fab0000_comp02_ez.f32__c0012__dt-f32/chunk_0,4194304,4136c47670b3ad01,24,np-setting,5.03213,833528,0.691872,0,0,-1,0,5.03199
fields/00007__plt00007__fab0000_comp02_ez.f32__c0016__dt-f32/chunk_0,4194304,e7a96b3a63cb45e1,24,np-setting,5.03213,833528,0.862976,0,0,-1,0,5.03199
fields/00007__plt00007__fab0000_comp02_ez.f32__c0020__dt-f32/chunk_0,4194304,8c027244e86b7962,24,np-setting,5.03129,833668,1.51424,0,0,-1,0,5.03114
fields/00007__plt00007__fab0000_comp02_ez.f32__c0024__dt-f32/chunk_0,4194304,8de89dd4cc6f815e,24,np-setting,5.03058,833786,0.476544,0,0,-1,0,5.03043
fields/00007__plt00007__fab0000_comp02_ez.f32__c0028__dt-f32/chunk_0,4194304,63f357afdb727e61,24,np-setting,5.0323,833500,1.53491,0,0,-1,0,5.03216
fields/00007__plt00007__fab0000_comp02_ez.f32__c0032__dt-f32/chunk_0,4194304,661ec2278e571cb7,24,np-setting,1.12963,3713010,0.479712,0,0,-1,0,1.12962
fields/00007__plt00007__fab0000_comp02_ez.f32__c0036__dt-f32/chunk_0,4194304,aa18e534db5e7c41,24,np-setting,5.0309,833732,1.58979,0,0,-1,0,5.03076
fields/00007__plt00007__fab0000_comp02_ez.f32__c0040__dt-f32/chunk_0,4194304,e0c9f4dbd4630935,24,np-setting,5.0313,833666,0.71664,0,0,-1,0,5.03116
fields/00007__plt00007__fab0000_comp02_ez.f32__c0044__dt-f32/chunk_0,4194304,79f75760932245f2,24,np-setting,5.03241,833482,0.620416,0,0,-1,0,5.03227
fields/00007__plt00007__fab0000_comp02_ez.f32__c0048__dt-f32/chunk_0,4194304,d546b979e7d7b2fe,24,np-setting,5.0321,833534,1.90342,0,0,-1,0,5.03195
fields/00007__plt00007__fab0000_comp02_ez.f32__c0052__dt-f32/chunk_0,4194304,cd1e14faeff6fede,24,np-setting,5.032,833550,1.57405,0,0,-1,0,5.03186
fields/00007__plt00007__fab0000_comp02_ez.f32__c0056__dt-f32/chunk_0,4194304,40ca607e977d907e,24,np-setting,5.03302,833382,2.01395,0,0,-1,0,5.03287
fields/00007__plt00007__fab0000_comp02_ez.f32__c0060__dt-f32/chunk_0,4194304,9f5e8b94d29a462,24,np-setting,5.03022,833846,1.90787,0,0,-1,0,5.03007
fields/00008__plt00008__fab0000_comp02_ez.f32__c0000__dt-f32/chunk_0,4194304,f2ff196a1fbb64b1,24,np-setting,5.03162,833614,1.87184,0,0,-1,0,5.03147
fields/00008__plt00008__fab0000_comp02_ez.f32__c0004__dt-f32/chunk_0,4194304,8c17c5b82364fdf1,24,np-setting,5.03396,833226,2.29235,0,0,-1,0,5.03381
fields/00008__plt00008__fab0000_comp02_ez.f32__c0008__dt-f32/chunk_0,4194304,cbc659cc357d1402,24,np-setting,5.03274,833428,1.61747,0,0,-1,0,5.03259
fields/00008__plt00008__fab0000_comp02_ez.f32__c0012__dt-f32/chunk_0,4194304,4136c47670b3ad01,24,np-setting,5.03213,833528,1.19434,0,0,-1,0,5.03199
fields/00008__plt00008__fab0000_comp02_ez.f32__c0016__dt-f32/chunk_0,4194304,e7a96b3a63cb45e1,24,np-setting,5.03213,833528,1.22042,0,0,-1,0,5.03199
fields/00008__plt00008__fab0000_comp02_ez.f32__c0020__dt-f32/chunk_0,4194304,8c027244e86b7962,24,np-setting,5.03129,833668,0.807392,0,0,-1,0,5.03114
fields/00008__plt00008__fab0000_comp02_ez.f32__c0024__dt-f32/chunk_0,4194304,8de89dd4cc6f815e,24,np-setting,5.03058,833786,1.70461,0,0,-1,0,5.03043
fields/00008__plt00008__fab0000_comp02_ez.f32__c0028__dt-f32/chunk_0,4194304,63f357afdb727e61,24,np-setting,5.0323,833500,2.01427,0,0,-1,0,5.03216
fields/00008__plt00008__fab0000_comp02_ez.f32__c0032__dt-f32/chunk_0,4194304,9127427a9290e1af,24,np-setting,1.12974,3712648,0.76736,0,0,-1,0,1.12973
fields/00008__plt00008__fab0000_comp02_ez.f32__c0036__dt-f32/chunk_0,4194304,aa18e534db5e7c41,24,np-setting,5.0309,833732,2.41843,0,0,-1,0,5.03076
fields/00008__plt00008__fab0000_comp02_ez.f32__c0040__dt-f32/chunk_0,4194304,e0c9f4dbd4630935,24,np-setting,5.0313,833666,1.2321,0,0,-1,0,5.03116
fields/00008__plt00008__fab0000_comp02_ez.f32__c0044__dt-f32/chunk_0,4194304,79f75760932245f2,24,np-setting,5.03241,833482,1.21162,0,0,-1,0,5.03227
fields/00008__plt00008__fab0000_comp02_ez.f32__c0048__dt-f32/chunk_0,4194304,d546b979e7d7b2fe,24,np-setting,5.0321,833534,1.7088,0,0,-1,0,5.03195
fields/00008__plt00008__fab0000_comp02_ez.f32__c0052__dt-f32/chunk_0,4194304,cd1e14faeff6fede,24,np-setting,5.032,833550,1.60109,0,0,-1,0,5.03186
fields/00008__plt00008__fab0000_comp02_ez.f32__c0056__dt-f32/chunk_0,4194304,40ca607e977d907e,24,np-setting,5.03302,833382,1.59389,0,0,-1,0,5.03287
fields/00008__plt00008__fab0000_comp02_ez.f32__c0060__dt-f32/chunk_0,4194304,9f5e8b94d29a462,24,np-setting,5.03022,833846,1.79818,0,0,-1,0,5.03007
fields/00009__plt00009__fab0000_comp02_ez.f32__c0000__dt-f32/chunk_0,4194304,f2ff196a1fbb64b1,24,np-setting,5.03162,833614,1.62813,0,0,-1,0,5.03147
fields/00009__plt00009__fab0000_comp02_ez.f32__c0004__dt-f32/chunk_0,4194304,8c17c5b82364fdf1,24,np-setting,5.03396,833226,1.17005,0,0,-1,0,5.03381
fields/00009__plt00009__fab0000_comp02_ez.f32__c0008__dt-f32/chunk_0,4194304,cbc659cc357d1402,24,np-setting,5.03274,833428,1.58829,0,0,-1,0,5.03259
fields/00009__plt00009__fab0000_comp02_ez.f32__c0012__dt-f32/chunk_0,4194304,4136c47670b3ad01,24,np-setting,5.03213,833528,2.05034,0,0,-1,0,5.03199
fields/00009__plt00009__fab0000_comp02_ez.f32__c0016__dt-f32/chunk_0,4194304,e7a96b3a63cb45e1,24,np-setting,5.03213,833528,2.04966,0,0,-1,0,5.03199
fields/00009__plt00009__fab0000_comp02_ez.f32__c0020__dt-f32/chunk_0,4194304,8c027244e86b7962,24,np-setting,5.03129,833668,1.39453,0,0,-1,0,5.03114
fields/00009__plt00009__fab0000_comp02_ez.f32__c0024__dt-f32/chunk_0,4194304,8de89dd4cc6f815e,24,np-setting,5.03058,833786,2.10381,0,0,-1,0,5.03043
fields/00009__plt00009__fab0000_comp02_ez.f32__c0028__dt-f32/chunk_0,4194304,63f357afdb727e61,24,np-setting,5.0323,833500,3.78851,0,0,-1,0,5.03216
fields/00009__plt00009__fab0000_comp02_ez.f32__c0032__dt-f32/chunk_0,4194304,cb2e3f4c5e6f5ca4,24,np-setting,1.1299,3712134,2.62947,0,0,-1,0,1.12989
fields/00009__plt00009__fab0000_comp02_ez.f32__c0036__dt-f32/chunk_0,4194304,aa18e534db5e7c41,24,np-setting,5.0309,833732,1.90202,0,0,-1,0,5.03076
fields/00009__plt00009__fab0000_comp02_ez.f32__c0040__dt-f32/chunk_0,4194304,e0c9f4dbd4630935,24,np-setting,5.0313,833666,1.27555,0,0,-1,0,5.03116
fields/00009__plt00009__fab0000_comp02_ez.f32__c0044__dt-f32/chunk_0,4194304,79f75760932245f2,24,np-setting,5.03241,833482,1.40714,0,0,-1,0,5.03227
fields/00009__plt00009__fab0000_comp02_ez.f32__c0048__dt-f32/chunk_0,4194304,d546b979e7d7b2fe,24,np-setting,5.0321,833534,1.48854,0,0,-1,0,5.03195
fields/00009__plt00009__fab0000_comp02_ez.f32__c0052__dt-f32/chunk_0,4194304,cd1e14faeff6fede,24,np-setting,5.032,833550,0.44752,0,0,-1,0,5.03186
fields/00009__plt00009__fab0000_comp02_ez.f32__c0056__dt-f32/chunk_0,4194304,40ca607e977d907e,24,np-setting,5.03302,833382,1.04096,0,0,-1,0,5.03287
fields/00009__plt00009__fab0000_comp02_ez.f32__c0060__dt-f32/chunk_0,4194304,9f5e8b94d29a462,24,np-setting,5.03022,833846,1.28986,0,0,-1,0,5.03007
fields/00010__plt00010__fab0000_comp02_ez.f32__c0000__dt-f32/chunk_0,4194304,f2ff196a1fbb64b1,24,np-setting,5.03162,833614,1.29955,0,0,-1,0,5.03147
fields/00010__plt00010__fab0000_comp02_ez.f32__c0004__dt-f32/chunk_0,4194304,8c17c5b82364fdf1,24,np-setting,5.03396,833226,1.62928,0,0,-1,0,5.03381
fields/00010__plt00010__fab0000_comp02_ez.f32__c0008__dt-f32/chunk_0,4194304,cbc659cc357d1402,24,np-setting,5.03274,833428,1.49424,0,0,-1,0,5.03259
fields/00010__plt00010__fab0000_comp02_ez.f32__c0012__dt-f32/chunk_0,4194304,4136c47670b3ad01,24,np-setting,5.03213,833528,1.51142,0,0,-1,0,5.03199
fields/00010__plt00010__fab0000_comp02_ez.f32__c0016__dt-f32/chunk_0,4194304,e7a96b3a63cb45e1,24,np-setting,5.03213,833528,0.281216,0,0,-1,0,5.03199
fields/00010__plt00010__fab0000_comp02_ez.f32__c0020__dt-f32/chunk_0,4194304,8c027244e86b7962,24,np-setting,5.03129,833668,1.51373,0,0,-1,0,5.03114
fields/00010__plt00010__fab0000_comp02_ez.f32__c0024__dt-f32/chunk_0,4194304,8de89dd4cc6f815e,24,np-setting,5.03058,833786,0.565152,0,0,-1,0,5.03043
fields/00010__plt00010__fab0000_comp02_ez.f32__c0028__dt-f32/chunk_0,4194304,63f357afdb727e61,24,np-setting,5.0323,833500,1.984,0,0,-1,0,5.03216
fields/00010__plt00010__fab0000_comp02_ez.f32__c0032__dt-f32/chunk_0,4194304,1595ee25e8011cd9,24,np-setting,1.13018,3711196,1.08259,0,0,-1,0,1.13018
fields/00010__plt00010__fab0000_comp02_ez.f32__c0036__dt-f32/chunk_0,4194304,aa18e534db5e7c41,24,np-setting,5.0309,833732,2.21901,0,0,-1,0,5.03076
fields/00010__plt00010__fab0000_comp02_ez.f32__c0040__dt-f32/chunk_0,4194304,e0c9f4dbd4630935,24,np-setting,5.0313,833666,1.86618,0,0,-1,0,5.03116
fields/00010__plt00010__fab0000_comp02_ez.f32__c0044__dt-f32/chunk_0,4194304,79f75760932245f2,24,np-setting,5.03241,833482,1.3279,0,0,-1,0,5.03227
fields/00010__plt00010__fab0000_comp02_ez.f32__c0048__dt-f32/chunk_0,4194304,d546b979e7d7b2fe,24,np-setting,5.0321,833534,1.87293,0,0,-1,0,5.03195
fields/00010__plt00010__fab0000_comp02_ez.f32__c0052__dt-f32/chunk_0,4194304,cd1e14faeff6fede,24,np-setting,5.032,833550,1.34445,0,0,-1,0,5.03186
fields/00010__plt00010__fab0000_comp02_ez.f32__c0056__dt-f32/chunk_0,4194304,40ca607e977d907e,24,np-setting,5.03302,833382,1.60637,0,0,-1,0,5.03287
fields/00010__plt00010__fab0000_comp02_ez.f32__c0060__dt-f32/chunk_0,4194304,9f5e8b94d29a462,24,np-setting,5.03022,833846,1.23962,0,0,-1,0,5.03007
fields/00011__plt00011__fab0000_comp02_ez.f32__c0000__dt-f32/chunk_0,4194304,f2ff196a1fbb64b1,24,np-setting,5.03162,833614,1.15571,0,0,-1,0,5.03147
fields/00011__plt00011__fab0000_comp02_ez.f32__c0004__dt-f32/chunk_0,4194304,8c17c5b82364fdf1,24,np-setting,5.03396,833226,1.16826,0,0,-1,0,5.03381
fields/00011__plt00011__fab0000_comp02_ez.f32__c0008__dt-f32/chunk_0,4194304,cbc659cc357d1402,24,np-setting,5.03274,833428,1.24118,0,0,-1,0,5.03259
fields/00011__plt00011__fab0000_comp02_ez.f32__c0012__dt-f32/chunk_0,4194304,4136c47670b3ad01,24,np-setting,5.03213,833528,0.519744,0,0,-1,0,5.03199
fields/00011__plt00011__fab0000_comp02_ez.f32__c0016__dt-f32/chunk_0,4194304,e7a96b3a63cb45e1,24,np-setting,5.03213,833528,1.43642,0,0,-1,0,5.03199
fields/00011__plt00011__fab0000_comp02_ez.f32__c0020__dt-f32/chunk_0,4194304,8c027244e86b7962,24,np-setting,5.03129,833668,1.66806,0,0,-1,0,5.03114
fields/00011__plt00011__fab0000_comp02_ez.f32__c0024__dt-f32/chunk_0,4194304,8de89dd4cc6f815e,24,np-setting,5.03058,833786,2.1328,0,0,-1,0,5.03043
fields/00011__plt00011__fab0000_comp02_ez.f32__c0028__dt-f32/chunk_0,4194304,63f357afdb727e61,24,np-setting,5.0323,833500,6.59987,0,0,-1,0,5.03216
fields/00011__plt00011__fab0000_comp02_ez.f32__c0032__dt-f32/chunk_0,4194304,d8f0a1520ac74b6c,24,np-setting,1.13072,3709442,1.26579,0,0,-1,0,1.13071
fields/00011__plt00011__fab0000_comp02_ez.f32__c0036__dt-f32/chunk_0,4194304,aa18e534db5e7c41,24,np-setting,5.0309,833732,1.10557,0,0,-1,0,5.03076
fields/00011__plt00011__fab0000_comp02_ez.f32__c0040__dt-f32/chunk_0,4194304,e0c9f4dbd4630935,24,np-setting,5.0313,833666,1.31018,0,0,-1,0,5.03116
fields/00011__plt00011__fab0000_comp02_ez.f32__c0044__dt-f32/chunk_0,4194304,79f75760932245f2,24,np-setting,5.03241,833482,1.22838,0,0,-1,0,5.03227
fields/00011__plt00011__fab0000_comp02_ez.f32__c0048__dt-f32/chunk_0,4194304,d546b979e7d7b2fe,24,np-setting,5.0321,833534,1.43008,0,0,-1,0,5.03195
fields/00011__plt00011__fab0000_comp02_ez.f32__c0052__dt-f32/chunk_0,4194304,cd1e14faeff6fede,24,np-setting,5.032,833550,1.16093,0,0,-1,0,5.03186
fields/00011__plt00011__fab0000_comp02_ez.f32__c0056__dt-f32/chunk_0,4194304,40ca607e977d907e,24,np-setting,5.03302,833382,1.48224,0,0,-1,0,5.03287
fields/00011__plt00011__fab0000_comp02_ez.f32__c0060__dt-f32/chunk_0,4194304,9f5e8b94d29a462,24,np-setting,5.03022,833846,1.61728,0,0,-1,0,5.03007
fields/00012__plt00012__fab0000_comp02_ez.f32__c0000__dt-f32/chunk_0,4194304,f2ff196a1fbb64b1,24,np-setting,5.03162,833614,2.75981,0,0,-1,0,5.03147
fields/00012__plt00012__fab0000_comp02_ez.f32__c0004__dt-f32/chunk_0,4194304,8c17c5b82364fdf1,24,np-setting,5.03396,833226,1.16611,0,0,-1,0,5.03381
fields/00012__plt00012__fab0000_comp02_ez.f32__c0008__dt-f32/chunk_0,4194304,cbc659cc357d1402,24,np-setting,5.03274,833428,1.3087,0,0,-1,0,5.03259
fields/00012__plt00012__fab0000_comp02_ez.f32__c0012__dt-f32/chunk_0,4194304,4136c47670b3ad01,24,np-setting,5.03213,833528,1.2655,0,0,-1,0,5.03199
fields/00012__plt00012__fab0000_comp02_ez.f32__c0016__dt-f32/chunk_0,4194304,e7a96b3a63cb45e1,24,np-setting,5.03213,833528,0.590336,0,0,-1,0,5.03199
fields/00012__plt00012__fab0000_comp02_ez.f32__c0020__dt-f32/chunk_0,4194304,8c027244e86b7962,24,np-setting,5.03129,833668,0.591776,0,0,-1,0,5.03114
fields/00012__plt00012__fab0000_comp02_ez.f32__c0024__dt-f32/chunk_0,4194304,8de89dd4cc6f815e,24,np-setting,5.03058,833786,1.44077,0,0,-1,0,5.03043
fields/00012__plt00012__fab0000_comp02_ez.f32__c0028__dt-f32/chunk_0,4194304,f70f4d4200d02690,24,np-setting,5.03119,833684,2.6465,0,0,-1,0,5.03105
fields/00012__plt00012__fab0000_comp02_ez.f32__c0032__dt-f32/chunk_0,4194304,66d5bd1829897d3f,24,np-setting,1.13133,3707428,2.63168,0,0,-1,0,1.13132
fields/00012__plt00012__fab0000_comp02_ez.f32__c0036__dt-f32/chunk_0,4194304,aa18e534db5e7c41,24,np-setting,5.0309,833732,0.722368,0,0,-1,0,5.03076
fields/00012__plt00012__fab0000_comp02_ez.f32__c0040__dt-f32/chunk_0,4194304,e0c9f4dbd4630935,24,np-setting,5.0313,833666,2.31344,0,0,-1,0,5.03116
fields/00012__plt00012__fab0000_comp02_ez.f32__c0044__dt-f32/chunk_0,4194304,79f75760932245f2,24,np-setting,5.03241,833482,1.08694,0,0,-1,0,5.03227
fields/00012__plt00012__fab0000_comp02_ez.f32__c0048__dt-f32/chunk_0,4194304,d546b979e7d7b2fe,24,np-setting,5.0321,833534,2.33098,0,0,-1,0,5.03195
fields/00012__plt00012__fab0000_comp02_ez.f32__c0052__dt-f32/chunk_0,4194304,cd1e14faeff6fede,24,np-setting,5.032,833550,1.06797,0,0,-1,0,5.03186
fields/00012__plt00012__fab0000_comp02_ez.f32__c0056__dt-f32/chunk_0,4194304,40ca607e977d907e,24,np-setting,5.03302,833382,1.41683,0,0,-1,0,5.03287
fields/00012__plt00012__fab0000_comp02_ez.f32__c0060__dt-f32/chunk_0,4194304,9f5e8b94d29a462,24,np-setting,5.03022,833846,1.29552,0,0,-1,0,5.03007
fields/00013__plt00013__fab0000_comp02_ez.f32__c0000__dt-f32/chunk_0,4194304,f2ff196a1fbb64b1,24,np-setting,5.03162,833614,1.24912,0,0,-1,0,5.03147
fields/00013__plt00013__fab0000_comp02_ez.f32__c0004__dt-f32/chunk_0,4194304,8c17c5b82364fdf1,24,np-setting,5.03396,833226,1.24851,0,0,-1,0,5.03381
fields/00013__plt00013__fab0000_comp02_ez.f32__c0008__dt-f32/chunk_0,4194304,cbc659cc357d1402,24,np-setting,5.03274,833428,1.64285,0,0,-1,0,5.03259
fields/00013__plt00013__fab0000_comp02_ez.f32__c0012__dt-f32/chunk_0,4194304,4136c47670b3ad01,24,np-setting,5.03213,833528,1.71491,0,0,-1,0,5.03199
fields/00013__plt00013__fab0000_comp02_ez.f32__c0016__dt-f32/chunk_0,4194304,e7a96b3a63cb45e1,24,np-setting,5.03213,833528,1.51312,0,0,-1,0,5.03199
fields/00013__plt00013__fab0000_comp02_ez.f32__c0020__dt-f32/chunk_0,4194304,8c027244e86b7962,24,np-setting,5.03129,833668,1.72365,0,0,-1,0,5.03114
fields/00013__plt00013__fab0000_comp02_ez.f32__c0024__dt-f32/chunk_0,4194304,8de89dd4cc6f815e,24,np-setting,5.03058,833786,2.14208,0,0,-1,0,5.03043
fields/00013__plt00013__fab0000_comp02_ez.f32__c0028__dt-f32/chunk_0,4194304,7ede9052dec1dfc0,24,np-setting,5.01483,836404,2.20982,0,0,-1,0,5.01469
fields/00013__plt00013__fab0000_comp02_ez.f32__c0032__dt-f32/chunk_0,4194304,8184f5031a6f5b33,24,np-setting,1.132,3705248,0.777472,0,0,-1,0,1.13199
fields/00013__plt00013__fab0000_comp02_ez.f32__c0036__dt-f32/chunk_0,4194304,aa18e534db5e7c41,24,np-setting,5.0309,833732,0.3232,0,0,-1,0,5.03076
fields/00013__plt00013__fab0000_comp02_ez.f32__c0040__dt-f32/chunk_0,4194304,e0c9f4dbd4630935,24,np-setting,5.0313,833666,0.996,0,0,-1,0,5.03116
fields/00013__plt00013__fab0000_comp02_ez.f32__c0044__dt-f32/chunk_0,4194304,79f75760932245f2,24,np-setting,5.03241,833482,1.27286,0,0,-1,0,5.03227
fields/00013__plt00013__fab0000_comp02_ez.f32__c0048__dt-f32/chunk_0,4194304,d546b979e7d7b2fe,24,np-setting,5.0321,833534,0.940192,0,0,-1,0,5.03195
fields/00013__plt00013__fab0000_comp02_ez.f32__c0052__dt-f32/chunk_0,4194304,cd1e14faeff6fede,24,np-setting,5.032,833550,1.80083,0,0,-1,0,5.03186
fields/00013__plt00013__fab0000_comp02_ez.f32__c0056__dt-f32/chunk_0,4194304,40ca607e977d907e,24,np-setting,5.03302,833382,1.65648,0,0,-1,0,5.03287
fields/00013__plt00013__fab0000_comp02_ez.f32__c0060__dt-f32/chunk_0,4194304,9f5e8b94d29a462,24,np-setting,5.03022,833846,0.709472,0,0,-1,0,5.03007
fields/00014__plt00014__fab0000_comp02_ez.f32__c0000__dt-f32/chunk_0,4194304,f2ff196a1fbb64b1,24,np-setting,5.03162,833614,1.66525,0,0,-1,0,5.03147
fields/00014__plt00014__fab0000_comp02_ez.f32__c0004__dt-f32/chunk_0,4194304,8c17c5b82364fdf1,24,np-setting,5.03396,833226,1.24448,0,0,-1,0,5.03381
fields/00014__plt00014__fab0000_comp02_ez.f32__c0008__dt-f32/chunk_0,4194304,cbc659cc357d1402,24,np-setting,5.03274,833428,1.24029,0,0,-1,0,5.03259
fields/00014__plt00014__fab0000_comp02_ez.f32__c0012__dt-f32/chunk_0,4194304,4136c47670b3ad01,24,np-setting,5.03213,833528,1.58048,0,0,-1,0,5.03199
fields/00014__plt00014__fab0000_comp02_ez.f32__c0016__dt-f32/chunk_0,4194304,e7a96b3a63cb45e1,24,np-setting,5.03213,833528,1.76134,0,0,-1,0,5.03199
fields/00014__plt00014__fab0000_comp02_ez.f32__c0020__dt-f32/chunk_0,4194304,8c027244e86b7962,24,np-setting,5.03129,833668,1.23318,0,0,-1,0,5.03114
fields/00014__plt00014__fab0000_comp02_ez.f32__c0024__dt-f32/chunk_0,4194304,8de89dd4cc6f815e,24,np-setting,5.03058,833786,1.06074,0,0,-1,0,5.03043
fields/00014__plt00014__fab0000_comp02_ez.f32__c0028__dt-f32/chunk_0,4194304,890635b61cf5db9f,24,np-setting,4.98562,841304,1.0617,0,0,-1,0,4.98548
fields/00014__plt00014__fab0000_comp02_ez.f32__c0032__dt-f32/chunk_0,4194304,57caa9865d606094,24,np-setting,1.13277,3702728,2.10883,0,0,-1,0,1.13276
fields/00014__plt00014__fab0000_comp02_ez.f32__c0036__dt-f32/chunk_0,4194304,aa18e534db5e7c41,24,np-setting,5.0309,833732,1.86378,0,0,-1,0,5.03076
fields/00014__plt00014__fab0000_comp02_ez.f32__c0040__dt-f32/chunk_0,4194304,e0c9f4dbd4630935,24,np-setting,5.0313,833666,0.92752,0,0,-1,0,5.03116
fields/00014__plt00014__fab0000_comp02_ez.f32__c0044__dt-f32/chunk_0,4194304,79f75760932245f2,24,np-setting,5.03241,833482,1.44704,0,0,-1,0,5.03227
fields/00014__plt00014__fab0000_comp02_ez.f32__c0048__dt-f32/chunk_0,4194304,d546b979e7d7b2fe,24,np-setting,5.0321,833534,1.1793,0,0,-1,0,5.03195
fields/00014__plt00014__fab0000_comp02_ez.f32__c0052__dt-f32/chunk_0,4194304,cd1e14faeff6fede,24,np-setting,5.032,833550,1.17978,0,0,-1,0,5.03186
fields/00014__plt00014__fab0000_comp02_ez.f32__c0056__dt-f32/chunk_0,4194304,40ca607e977d907e,24,np-setting,5.03302,833382,1.57395,0,0,-1,0,5.03287
fields/00014__plt00014__fab0000_comp02_ez.f32__c0060__dt-f32/chunk_0,4194304,9f5e8b94d29a462,24,np-setting,5.03022,833846,1.21181,0,0,-1,0,5.03007
fields/00015__plt00015__fab0000_comp02_ez.f32__c0000__dt-f32/chunk_0,4194304,f2ff196a1fbb64b1,24,np-setting,5.03162,833614,1.61978,0,0,-1,0,5.03147
fields/00015__plt00015__fab0000_comp02_ez.f32__c0004__dt-f32/chunk_0,4194304,8c17c5b82364fdf1,24,np-setting,5.03396,833226,1.3881,0,0,-1,0,5.03381
fields/00015__plt00015__fab0000_comp02_ez.f32__c0008__dt-f32/chunk_0,4194304,cbc659cc357d1402,24,np-setting,5.03274,833428,1.2271,0,0,-1,0,5.03259
fields/00015__plt00015__fab0000_comp02_ez.f32__c0012__dt-f32/chunk_0,4194304,4136c47670b3ad01,24,np-setting,5.03213,833528,1.94096,0,0,-1,0,5.03199
fields/00015__plt00015__fab0000_comp02_ez.f32__c0016__dt-f32/chunk_0,4194304,e7a96b3a63cb45e1,24,np-setting,5.03213,833528,1.94598,0,0,-1,0,5.03199
fields/00015__plt00015__fab0000_comp02_ez.f32__c0020__dt-f32/chunk_0,4194304,8c027244e86b7962,24,np-setting,5.03129,833668,1.11776,0,0,-1,0,5.03114
fields/00015__plt00015__fab0000_comp02_ez.f32__c0024__dt-f32/chunk_0,4194304,8de89dd4cc6f815e,24,np-setting,5.03058,833786,1.13379,0,0,-1,0,5.03043
fields/00015__plt00015__fab0000_comp02_ez.f32__c0028__dt-f32/chunk_0,4194304,e005ebebeffa0a76,24,np-setting,4.93938,849180,0.41264,0,0,-1,0,4.93924
fields/00015__plt00015__fab0000_comp02_ez.f32__c0032__dt-f32/chunk_0,4194304,4cfafeec42d1cae1,24,np-setting,1.13343,3700570,1.29594,0,0,-1,0,1.13342
fields/00015__plt00015__fab0000_comp02_ez.f32__c0036__dt-f32/chunk_0,4194304,aa18e534db5e7c41,24,np-setting,5.0309,833732,0.949408,0,0,-1,0,5.03076
fields/00015__plt00015__fab0000_comp02_ez.f32__c0040__dt-f32/chunk_0,4194304,e0c9f4dbd4630935,24,np-setting,5.0313,833666,0.948064,0,0,-1,0,5.03116
fields/00015__plt00015__fab0000_comp02_ez.f32__c0044__dt-f32/chunk_0,4194304,79f75760932245f2,24,np-setting,5.03241,833482,1.78499,0,0,-1,0,5.03227
fields/00015__plt00015__fab0000_comp02_ez.f32__c0048__dt-f32/chunk_0,4194304,d546b979e7d7b2fe,24,np-setting,5.0321,833534,1.91389,0,0,-1,0,5.03195
fields/00015__plt00015__fab0000_comp02_ez.f32__c0052__dt-f32/chunk_0,4194304,cd1e14faeff6fede,24,np-setting,5.032,833550,1.42614,0,0,-1,0,5.03186
fields/00015__plt00015__fab0000_comp02_ez.f32__c0056__dt-f32/chunk_0,4194304,40ca607e977d907e,24,np-setting,5.03302,833382,1.52378,0,0,-1,0,5.03287
fields/00015__plt00015__fab0000_comp02_ez.f32__c0060__dt-f32/chunk_0,4194304,9f5e8b94d29a462,24,np-setting,5.03022,833846,1.14874,0,0,-1,0,5.03007
fields/00016__plt00016__fab0000_comp02_ez.f32__c0000__dt-f32/chunk_0,4194304,f2ff196a1fbb64b1,24,np-setting,5.03162,833614,0.498272,0,0,-1,0,5.03147
fields/00016__plt00016__fab0000_comp02_ez.f32__c0004__dt-f32/chunk_0,4194304,8c17c5b82364fdf1,24,np-setting,5.03396,833226,0.49984,0,0,-1,0,5.03381
fields/00016__plt00016__fab0000_comp02_ez.f32__c0008__dt-f32/chunk_0,4194304,cbc659cc357d1402,24,np-setting,5.03274,833428,1.84077,0,0,-1,0,5.03259
fields/00016__plt00016__fab0000_comp02_ez.f32__c0012__dt-f32/chunk_0,4194304,4136c47670b3ad01,24,np-setting,5.03213,833528,0.598368,0,0,-1,0,5.03199
fields/00016__plt00016__fab0000_comp02_ez.f32__c0016__dt-f32/chunk_0,4194304,e7a96b3a63cb45e1,24,np-setting,5.03213,833528,0.770272,0,0,-1,0,5.03199
fields/00016__plt00016__fab0000_comp02_ez.f32__c0020__dt-f32/chunk_0,4194304,8c027244e86b7962,24,np-setting,5.03129,833668,0.49088,0,0,-1,0,5.03114
fields/00016__plt00016__fab0000_comp02_ez.f32__c0024__dt-f32/chunk_0,4194304,8de89dd4cc6f815e,24,np-setting,5.03058,833786,0.754848,0,0,-1,0,5.03043
fields/00016__plt00016__fab0000_comp02_ez.f32__c0028__dt-f32/chunk_0,4194304,e4fbd300290bd996,24,np-setting,4.91112,854066,2.12378,0,0,-1,0,4.91098
fields/00016__plt00016__fab0000_comp02_ez.f32__c0032__dt-f32/chunk_0,4194304,8867d620e60a9646,24,np-setting,1.13418,3698106,1.78163,0,0,-1,0,1.13418
fields/00016__plt00016__fab0000_comp02_ez.f32__c0036__dt-f32/chunk_0,4194304,aa18e534db5e7c41,24,np-setting,5.0309,833732,0.84496,0,0,-1,0,5.03076
fields/00016__plt00016__fab0000_comp02_ez.f32__c0040__dt-f32/chunk_0,4194304,e0c9f4dbd4630935,24,np-setting,5.0313,833666,0.841376,0,0,-1,0,5.03116
fields/00016__plt00016__fab0000_comp02_ez.f32__c0044__dt-f32/chunk_0,4194304,79f75760932245f2,24,np-setting,5.03241,833482,0.646368,0,0,-1,0,5.03227
fields/00016__plt00016__fab0000_comp02_ez.f32__c0048__dt-f32/chunk_0,4194304,d546b979e7d7b2fe,24,np-setting,5.0321,833534,0.412128,0,0,-1,0,5.03195
fields/00016__plt00016__fab0000_comp02_ez.f32__c0052__dt-f32/chunk_0,4194304,cd1e14faeff6fede,24,np-setting,5.032,833550,0.66304,0,0,-1,0,5.03186
fields/00016__plt00016__fab0000_comp02_ez.f32__c0056__dt-f32/chunk_0,4194304,40ca607e977d907e,24,np-setting,5.03302,833382,1.57811,0,0,-1,0,5.03287
fields/00016__plt00016__fab0000_comp02_ez.f32__c0060__dt-f32/chunk_0,4194304,9f5e8b94d29a462,24,np-setting,5.03022,833846,1.50384,0,0,-1,0,5.03007
fields/00017__plt00017__fab0000_comp02_ez.f32__c0000__dt-f32/chunk_0,4194304,f2ff196a1fbb64b1,24,np-setting,5.03162,833614,1.50208,0,0,-1,0,5.03147
fields/00017__plt00017__fab0000_comp02_ez.f32__c0004__dt-f32/chunk_0,4194304,8c17c5b82364fdf1,24,np-setting,5.03396,833226,1.72509,0,0,-1,0,5.03381
fields/00017__plt00017__fab0000_comp02_ez.f32__c0008__dt-f32/chunk_0,4194304,cbc659cc357d1402,24,np-setting,5.03274,833428,1.0169,0,0,-1,0,5.03259
fields/00017__plt00017__fab0000_comp02_ez.f32__c0012__dt-f32/chunk_0,4194304,4136c47670b3ad01,24,np-setting,5.03213,833528,2.07405,0,0,-1,0,5.03199
fields/00017__plt00017__fab0000_comp02_ez.f32__c0016__dt-f32/chunk_0,4194304,e7a96b3a63cb45e1,24,np-setting,5.03213,833528,1.26758,0,0,-1,0,5.03199
fields/00017__plt00017__fab0000_comp02_ez.f32__c0020__dt-f32/chunk_0,4194304,8c027244e86b7962,24,np-setting,5.03129,833668,0.65424,0,0,-1,0,5.03114
fields/00017__plt00017__fab0000_comp02_ez.f32__c0024__dt-f32/chunk_0,4194304,8de89dd4cc6f815e,24,np-setting,5.03058,833786,0.255808,0,0,-1,0,5.03043
fields/00017__plt00017__fab0000_comp02_ez.f32__c0028__dt-f32/chunk_0,4194304,8e72fa3dc01ff4d,24,np-setting,4.79145,875396,1.00605,0,0,-1,0,4.79132
fields/00017__plt00017__fab0000_comp02_ez.f32__c0032__dt-f32/chunk_0,4194304,21feb6a1c0f0b82a,24,np-setting,1.13483,3695986,0.971296,0,0,-1,0,1.13483
fields/00017__plt00017__fab0000_comp02_ez.f32__c0036__dt-f32/chunk_0,4194304,aa18e534db5e7c41,24,np-setting,5.0309,833732,2.34374,0,0,-1,0,5.03076
fields/00017__plt00017__fab0000_comp02_ez.f32__c0040__dt-f32/chunk_0,4194304,e0c9f4dbd4630935,24,np-setting,5.0313,833666,1.23827,0,0,-1,0,5.03116
fields/00017__plt00017__fab0000_comp02_ez.f32__c0044__dt-f32/chunk_0,4194304,79f75760932245f2,24,np-setting,5.03241,833482,1.24938,0,0,-1,0,5.03227
fields/00017__plt00017__fab0000_comp02_ez.f32__c0048__dt-f32/chunk_0,4194304,d546b979e7d7b2fe,24,np-setting,5.0321,833534,1.04451,0,0,-1,0,5.03195
fields/00017__plt00017__fab0000_comp02_ez.f32__c0052__dt-f32/chunk_0,4194304,cd1e14faeff6fede,24,np-setting,5.032,833550,0.44192,0,0,-1,0,5.03186
fields/00017__plt00017__fab0000_comp02_ez.f32__c0056__dt-f32/chunk_0,4194304,40ca607e977d907e,24,np-setting,5.03302,833382,1.26406,0,0,-1,0,5.03287
fields/00017__plt00017__fab0000_comp02_ez.f32__c0060__dt-f32/chunk_0,4194304,9f5e8b94d29a462,24,np-setting,5.03022,833846,1.98118,0,0,-1,0,5.03007
fields/00018__plt00018__fab0000_comp02_ez.f32__c0000__dt-f32/chunk_0,4194304,f2ff196a1fbb64b1,24,np-setting,5.03162,833614,1.87984,0,0,-1,0,5.03147
fields/00018__plt00018__fab0000_comp02_ez.f32__c0004__dt-f32/chunk_0,4194304,8c17c5b82364fdf1,24,np-setting,5.03396,833226,1.12269,0,0,-1,0,5.03381
fields/00018__plt00018__fab0000_comp02_ez.f32__c0008__dt-f32/chunk_0,4194304,cbc659cc357d1402,24,np-setting,5.03274,833428,0.660768,0,0,-1,0,5.03259
fields/00018__plt00018__fab0000_comp02_ez.f32__c0012__dt-f32/chunk_0,4194304,4136c47670b3ad01,24,np-setting,5.03213,833528,0.92688,0,0,-1,0,5.03199
fields/00018__plt00018__fab0000_comp02_ez.f32__c0016__dt-f32/chunk_0,4194304,e7a96b3a63cb45e1,24,np-setting,5.03213,833528,0.250016,0,0,-1,0,5.03199
fields/00018__plt00018__fab0000_comp02_ez.f32__c0020__dt-f32/chunk_0,4194304,8c027244e86b7962,24,np-setting,5.03129,833668,0.333376,0,0,-1,0,5.03114
fields/00018__plt00018__fab0000_comp02_ez.f32__c0024__dt-f32/chunk_0,4194304,8de89dd4cc6f815e,24,np-setting,5.03058,833786,1.56029,0,0,-1,0,5.03043
fields/00018__plt00018__fab0000_comp02_ez.f32__c0028__dt-f32/chunk_0,4194304,42cf4296d2f7d1e3,24,np-setting,4.3503,964166,1.55184,0,0,-1,0,4.35019
fields/00018__plt00018__fab0000_comp02_ez.f32__c0032__dt-f32/chunk_0,4194304,b0fa15b1498e189e,24,np-setting,1.13536,3694264,1.03152,0,0,-1,0,1.13536
fields/00018__plt00018__fab0000_comp02_ez.f32__c0036__dt-f32/chunk_0,4194304,aa18e534db5e7c41,24,np-setting,5.0309,833732,0.200672,0,0,-1,0,5.03076
fields/00018__plt00018__fab0000_comp02_ez.f32__c0040__dt-f32/chunk_0,4194304,e0c9f4dbd4630935,24,np-setting,5.0313,833666,0.403136,0,0,-1,0,5.03116
fields/00018__plt00018__fab0000_comp02_ez.f32__c0044__dt-f32/chunk_0,4194304,79f75760932245f2,24,np-setting,5.03241,833482,2.12464,0,0,-1,0,5.03227
fields/00018__plt00018__fab0000_comp02_ez.f32__c0048__dt-f32/chunk_0,4194304,d546b979e7d7b2fe,24,np-setting,5.0321,833534,1.92141,0,0,-1,0,5.03195
fields/00018__plt00018__fab0000_comp02_ez.f32__c0052__dt-f32/chunk_0,4194304,cd1e14faeff6fede,24,np-setting,5.032,833550,0.921536,0,0,-1,0,5.03186
fields/00018__plt00018__fab0000_comp02_ez.f32__c0056__dt-f32/chunk_0,4194304,40ca607e977d907e,24,np-setting,5.03302,833382,1.23322,0,0,-1,0,5.03287
fields/00018__plt00018__fab0000_comp02_ez.f32__c0060__dt-f32/chunk_0,4194304,9f5e8b94d29a462,24,np-setting,5.03022,833846,0.675712,0,0,-1,0,5.03007
fields/00019__plt00019__fab0000_comp02_ez.f32__c0000__dt-f32/chunk_0,4194304,f2ff196a1fbb64b1,24,np-setting,5.03162,833614,0.360672,0,0,-1,0,5.03147
fields/00019__plt00019__fab0000_comp02_ez.f32__c0004__dt-f32/chunk_0,4194304,8c17c5b82364fdf1,24,np-setting,5.03396,833226,1.18925,0,0,-1,0,5.03381
fields/00019__plt00019__fab0000_comp02_ez.f32__c0008__dt-f32/chunk_0,4194304,cbc659cc357d1402,24,np-setting,5.03274,833428,0.867552,0,0,-1,0,5.03259
fields/00019__plt00019__fab0000_comp02_ez.f32__c0012__dt-f32/chunk_0,4194304,4136c47670b3ad01,24,np-setting,5.03213,833528,1.35782,0,0,-1,0,5.03199
fields/00019__plt00019__fab0000_comp02_ez.f32__c0016__dt-f32/chunk_0,4194304,e7a96b3a63cb45e1,24,np-setting,5.03213,833528,5.05558,0,0,-1,0,5.03199
fields/00019__plt00019__fab0000_comp02_ez.f32__c0020__dt-f32/chunk_0,4194304,8c027244e86b7962,24,np-setting,5.03129,833668,1.45453,0,0,-1,0,5.03114
fields/00019__plt00019__fab0000_comp02_ez.f32__c0024__dt-f32/chunk_0,4194304,8de89dd4cc6f815e,24,np-setting,5.03058,833786,1.40854,0,0,-1,0,5.03043
fields/00019__plt00019__fab0000_comp02_ez.f32__c0028__dt-f32/chunk_0,4194304,f6dc41e6bcecba2f,24,np-setting,3.84113,1091970,1.42637,0,0,-1,0,3.84104
fields/00019__plt00019__fab0000_comp02_ez.f32__c0032__dt-f32/chunk_0,4194304,45005ed09cf0e6ac,24,np-setting,1.13581,3692814,0.90224,0,0,-1,0,1.1358
fields/00019__plt00019__fab0000_comp02_ez.f32__c0036__dt-f32/chunk_0,4194304,aa18e534db5e7c41,24,np-setting,5.0309,833732,0.90352,0,0,-1,0,5.03076
fields/00019__plt00019__fab0000_comp02_ez.f32__c0040__dt-f32/chunk_0,4194304,e0c9f4dbd4630935,24,np-setting,5.0313,833666,1.47507,0,0,-1,0,5.03116
fields/00019__plt00019__fab0000_comp02_ez.f32__c0044__dt-f32/chunk_0,4194304,79f75760932245f2,24,np-setting,5.03241,833482,1.86883,0,0,-1,0,5.03227
fields/00019__plt00019__fab0000_comp02_ez.f32__c0048__dt-f32/chunk_0,4194304,d546b979e7d7b2fe,24,np-setting,5.0321,833534,1.60602,0,0,-1,0,5.03195
fields/00019__plt00019__fab0000_comp02_ez.f32__c0052__dt-f32/chunk_0,4194304,cd1e14faeff6fede,24,np-setting,5.032,833550,1.4487,0,0,-1,0,5.03186
fields/00019__plt00019__fab0000_comp02_ez.f32__c0056__dt-f32/chunk_0,4194304,40ca607e977d907e,24,np-setting,5.03302,833382,1.60656,0,0,-1,0,5.03287
fields/00019__plt00019__fab0000_comp02_ez.f32__c0060__dt-f32/chunk_0,4194304,9f5e8b94d29a462,24,np-setting,5.03022,833846,1.56211,0,0,-1,0,5.03007
fields/00020__plt00020__fab0000_comp02_ez.f32__c0000__dt-f32/chunk_0,4194304,f2ff196a1fbb64b1,24,np-setting,5.03162,833614,1.01011,0,0,-1,0,5.03147
fields/00020__plt00020__fab0000_comp02_ez.f32__c0004__dt-f32/chunk_0,4194304,8c17c5b82364fdf1,24,np-setting,5.03396,833226,1.84333,0,0,-1,0,5.03381
fields/00020__plt00020__fab0000_comp02_ez.f32__c0008__dt-f32/chunk_0,4194304,cbc659cc357d1402,24,np-setting,5.03274,833428,1.0129,0,0,-1,0,5.03259
fields/00020__plt00020__fab0000_comp02_ez.f32__c0012__dt-f32/chunk_0,4194304,4136c47670b3ad01,24,np-setting,5.03213,833528,1.82922,0,0,-1,0,5.03199
fields/00020__plt00020__fab0000_comp02_ez.f32__c0016__dt-f32/chunk_0,4194304,e7a96b3a63cb45e1,24,np-setting,5.03213,833528,1.53875,0,0,-1,0,5.03199
fields/00020__plt00020__fab0000_comp02_ez.f32__c0020__dt-f32/chunk_0,4194304,8c027244e86b7962,24,np-setting,5.03129,833668,1.5128,0,0,-1,0,5.03114
fields/00020__plt00020__fab0000_comp02_ez.f32__c0024__dt-f32/chunk_0,4194304,8de89dd4cc6f815e,24,np-setting,5.03058,833786,1.52707,0,0,-1,0,5.03043
fields/00020__plt00020__fab0000_comp02_ez.f32__c0028__dt-f32/chunk_0,4194304,6f48f99861197b5d,24,np-setting,3.36004,1248314,1.2767,0,0,-1,0,3.35998
fields/00020__plt00020__fab0000_comp02_ez.f32__c0032__dt-f32/chunk_0,4194304,34d610baada5a1c5,24,np-setting,1.13604,3692058,2.26157,0,0,-1,0,1.13603
fields/00020__plt00020__fab0000_comp02_ez.f32__c0036__dt-f32/chunk_0,4194304,aa18e534db5e7c41,24,np-setting,5.0309,833732,1.34976,0,0,-1,0,5.03076
fields/00020__plt00020__fab0000_comp02_ez.f32__c0040__dt-f32/chunk_0,4194304,e0c9f4dbd4630935,24,np-setting,5.0313,833666,0.572896,0,0,-1,0,5.03116
fields/00020__plt00020__fab0000_comp02_ez.f32__c0044__dt-f32/chunk_0,4194304,79f75760932245f2,24,np-setting,5.03241,833482,0.557952,0,0,-1,0,5.03227
fields/00020__plt00020__fab0000_comp02_ez.f32__c0048__dt-f32/chunk_0,4194304,d546b979e7d7b2fe,24,np-setting,5.0321,833534,0.870784,0,0,-1,0,5.03195
fields/00020__plt00020__fab0000_comp02_ez.f32__c0052__dt-f32/chunk_0,4194304,cd1e14faeff6fede,24,np-setting,5.032,833550,1.62307,0,0,-1,0,5.03186
fields/00020__plt00020__fab0000_comp02_ez.f32__c0056__dt-f32/chunk_0,4194304,40ca607e977d907e,24,np-setting,5.03302,833382,1.08675,0,0,-1,0,5.03287
fields/00020__plt00020__fab0000_comp02_ez.f32__c0060__dt-f32/chunk_0,4194304,9f5e8b94d29a462,24,np-setting,5.03022,833846,2.10698,0,0,-1,0,5.03007
fields/00021__plt00021__fab0000_comp02_ez.f32__c0000__dt-f32/chunk_0,4194304,f2ff196a1fbb64b1,24,np-setting,5.03162,833614,1.66093,0,0,-1,0,5.03147
fields/00021__plt00021__fab0000_comp02_ez.f32__c0004__dt-f32/chunk_0,4194304,8c17c5b82364fdf1,24,np-setting,5.03396,833226,2.22374,0,0,-1,0,5.03381
fields/00021__plt00021__fab0000_comp02_ez.f32__c0008__dt-f32/chunk_0,4194304,cbc659cc357d1402,24,np-setting,5.03274,833428,1.14528,0,0,-1,0,5.03259
fields/00021__plt00021__fab0000_comp02_ez.f32__c0012__dt-f32/chunk_0,4194304,4136c47670b3ad01,24,np-setting,5.03213,833528,1.66618,0,0,-1,0,5.03199
fields/00021__plt00021__fab0000_comp02_ez.f32__c0016__dt-f32/chunk_0,4194304,e7a96b3a63cb45e1,24,np-setting,5.03213,833528,1.72637,0,0,-1,0,5.03199
fields/00021__plt00021__fab0000_comp02_ez.f32__c0020__dt-f32/chunk_0,4194304,8c027244e86b7962,24,np-setting,5.03129,833668,1.20752,0,0,-1,0,5.03114
fields/00021__plt00021__fab0000_comp02_ez.f32__c0024__dt-f32/chunk_0,4194304,8de89dd4cc6f815e,24,np-setting,5.03058,833786,1.86611,0,0,-1,0,5.03043
fields/00021__plt00021__fab0000_comp02_ez.f32__c0028__dt-f32/chunk_0,4194304,51c7a39a041fc051,24,np-setting,2.94663,1423446,0.632928,0,0,-1,0,2.94658
fields/00021__plt00021__fab0000_comp02_ez.f32__c0032__dt-f32/chunk_0,4194304,7829e88fd1e67785,24,np-setting,1.13622,3691478,1.53683,0,0,-1,0,1.13621
fields/00021__plt00021__fab0000_comp02_ez.f32__c0036__dt-f32/chunk_0,4194304,aa18e534db5e7c41,24,np-setting,5.0309,833732,1.53472,0,0,-1,0,5.03076
fields/00021__plt00021__fab0000_comp02_ez.f32__c0040__dt-f32/chunk_0,4194304,e0c9f4dbd4630935,24,np-setting,5.0313,833666,1.33827,0,0,-1,0,5.03116
fields/00021__plt00021__fab0000_comp02_ez.f32__c0044__dt-f32/chunk_0,4194304,79f75760932245f2,24,np-setting,5.03241,833482,0.637792,0,0,-1,0,5.03227
fields/00021__plt00021__fab0000_comp02_ez.f32__c0048__dt-f32/chunk_0,4194304,d546b979e7d7b2fe,24,np-setting,5.0321,833534,1.1777,0,0,-1,0,5.03195
fields/00021__plt00021__fab0000_comp02_ez.f32__c0052__dt-f32/chunk_0,4194304,cd1e14faeff6fede,24,np-setting,5.032,833550,1.14502,0,0,-1,0,5.03186
fields/00021__plt00021__fab0000_comp02_ez.f32__c0056__dt-f32/chunk_0,4194304,40ca607e977d907e,24,np-setting,5.03302,833382,1.36253,0,0,-1,0,5.03287
fields/00021__plt00021__fab0000_comp02_ez.f32__c0060__dt-f32/chunk_0,4194304,9f5e8b94d29a462,24,np-setting,5.03022,833846,0.48592,0,0,-1,0,5.03007
fields/00022__plt00022__fab0000_comp02_ez.f32__c0000__dt-f32/chunk_0,4194304,f2ff196a1fbb64b1,24,np-setting,5.03162,833614,1.1841,0,0,-1,0,5.03147
fields/00022__plt00022__fab0000_comp02_ez.f32__c0004__dt-f32/chunk_0,4194304,8c17c5b82364fdf1,24,np-setting,5.03396,833226,1.83994,0,0,-1,0,5.03381
fields/00022__plt00022__fab0000_comp02_ez.f32__c0008__dt-f32/chunk_0,4194304,cbc659cc357d1402,24,np-setting,5.03274,833428,1.99373,0,0,-1,0,5.03259
fields/00022__plt00022__fab0000_comp02_ez.f32__c0012__dt-f32/chunk_0,4194304,4136c47670b3ad01,24,np-setting,5.03213,833528,1.48525,0,0,-1,0,5.03199
fields/00022__plt00022__fab0000_comp02_ez.f32__c0016__dt-f32/chunk_0,4194304,e7a96b3a63cb45e1,24,np-setting,5.03213,833528,1.44397,0,0,-1,0,5.03199
fields/00022__plt00022__fab0000_comp02_ez.f32__c0020__dt-f32/chunk_0,4194304,8c027244e86b7962,24,np-setting,5.03129,833668,2.0303,0,0,-1,0,5.03114
fields/00022__plt00022__fab0000_comp02_ez.f32__c0024__dt-f32/chunk_0,4194304,8de89dd4cc6f815e,24,np-setting,5.03058,833786,1.49078,0,0,-1,0,5.03043
fields/00022__plt00022__fab0000_comp02_ez.f32__c0028__dt-f32/chunk_0,4194304,a25269c2c8256064,24,np-setting,2.59728,1614908,0.881984,0,0,-1,0,2.59724
fields/00022__plt00022__fab0000_comp02_ez.f32__c0032__dt-f32/chunk_0,4194304,7da6ef135f30d507,24,np-setting,1.13629,3691238,0.90064,0,0,-1,0,1.13629
fields/00022__plt00022__fab0000_comp02_ez.f32__c0036__dt-f32/chunk_0,4194304,539b9ca54bd4c801,24,np-setting,5.03052,833796,1.164,0,0,-1,0,5.03037
fields/00022__plt00022__fab0000_comp02_ez.f32__c0040__dt-f32/chunk_0,4194304,e0c9f4dbd4630935,24,np-setting,5.0313,833666,2.01725,0,0,-1,0,5.03116
fields/00022__plt00022__fab0000_comp02_ez.f32__c0044__dt-f32/chunk_0,4194304,79f75760932245f2,24,np-setting,5.03241,833482,2.06051,0,0,-1,0,5.03227
fields/00022__plt00022__fab0000_comp02_ez.f32__c0048__dt-f32/chunk_0,4194304,d546b979e7d7b2fe,24,np-setting,5.0321,833534,0.887712,0,0,-1,0,5.03195
fields/00022__plt00022__fab0000_comp02_ez.f32__c0052__dt-f32/chunk_0,4194304,cd1e14faeff6fede,24,np-setting,5.032,833550,1.92541,0,0,-1,0,5.03186
fields/00022__plt00022__fab0000_comp02_ez.f32__c0056__dt-f32/chunk_0,4194304,40ca607e977d907e,24,np-setting,5.03302,833382,0.88016,0,0,-1,0,5.03287
fields/00022__plt00022__fab0000_comp02_ez.f32__c0060__dt-f32/chunk_0,4194304,9f5e8b94d29a462,24,np-setting,5.03022,833846,1.92624,0,0,-1,0,5.03007
fields/00023__plt00023__fab0000_comp02_ez.f32__c0000__dt-f32/chunk_0,4194304,f2ff196a1fbb64b1,24,np-setting,5.03162,833614,1.2159,0,0,-1,0,5.03147
fields/00023__plt00023__fab0000_comp02_ez.f32__c0004__dt-f32/chunk_0,4194304,8c17c5b82364fdf1,24,np-setting,5.03396,833226,1.21888,0,0,-1,0,5.03381
fields/00023__plt00023__fab0000_comp02_ez.f32__c0008__dt-f32/chunk_0,4194304,cbc659cc357d1402,24,np-setting,5.03274,833428,0.466144,0,0,-1,0,5.03259
fields/00023__plt00023__fab0000_comp02_ez.f32__c0012__dt-f32/chunk_0,4194304,4136c47670b3ad01,24,np-setting,5.03213,833528,0.653472,0,0,-1,0,5.03199
fields/00023__plt00023__fab0000_comp02_ez.f32__c0016__dt-f32/chunk_0,4194304,e7a96b3a63cb45e1,24,np-setting,5.03213,833528,1.13706,0,0,-1,0,5.03199
fields/00023__plt00023__fab0000_comp02_ez.f32__c0020__dt-f32/chunk_0,4194304,8c027244e86b7962,24,np-setting,5.03129,833668,2.19254,0,0,-1,0,5.03114
fields/00023__plt00023__fab0000_comp02_ez.f32__c0024__dt-f32/chunk_0,4194304,8de89dd4cc6f815e,24,np-setting,5.03058,833786,1.39546,0,0,-1,0,5.03043
fields/00023__plt00023__fab0000_comp02_ez.f32__c0028__dt-f32/chunk_0,4194304,f4e4943de59cecf5,24,np-setting,2.31405,1812566,1.55446,0,0,-1,0,2.31401
fields/00023__plt00023__fab0000_comp02_ez.f32__c0032__dt-f32/chunk_0,4194304,5dc387c3e67c036e,24,np-setting,1.13654,3690440,1.57363,0,0,-1,0,1.13653
fields/00023__plt00023__fab0000_comp02_ez.f32__c0036__dt-f32/chunk_0,4194304,555cc0a5a3557175,24,np-setting,5.02565,834604,1.41162,0,0,-1,0,5.0255
fields/00023__plt00023__fab0000_comp02_ez.f32__c0040__dt-f32/chunk_0,4194304,e0c9f4dbd4630935,24,np-setting,5.0313,833666,2.09072,0,0,-1,0,5.03116
fields/00023__plt00023__fab0000_comp02_ez.f32__c0044__dt-f32/chunk_0,4194304,79f75760932245f2,24,np-setting,5.03241,833482,2.25898,0,0,-1,0,5.03227
fields/00023__plt00023__fab0000_comp02_ez.f32__c0048__dt-f32/chunk_0,4194304,d546b979e7d7b2fe,24,np-setting,5.0321,833534,1.04403,0,0,-1,0,5.03195
fields/00023__plt00023__fab0000_comp02_ez.f32__c0052__dt-f32/chunk_0,4194304,cd1e14faeff6fede,24,np-setting,5.032,833550,0.510112,0,0,-1,0,5.03186
fields/00023__plt00023__fab0000_comp02_ez.f32__c0056__dt-f32/chunk_0,4194304,40ca607e977d907e,24,np-setting,5.03302,833382,0.224576,0,0,-1,0,5.03287
fields/00023__plt00023__fab0000_comp02_ez.f32__c0060__dt-f32/chunk_0,4194304,9f5e8b94d29a462,24,np-setting,5.03022,833846,0.809984,0,0,-1,0,5.03007
fields/00024__plt00024__fab0000_comp02_ez.f32__c0000__dt-f32/chunk_0,4194304,f2ff196a1fbb64b1,24,np-setting,5.03162,833614,1.20448,0,0,-1,0,5.03147
fields/00024__plt00024__fab0000_comp02_ez.f32__c0004__dt-f32/chunk_0,4194304,8c17c5b82364fdf1,24,np-setting,5.03396,833226,1.43712,0,0,-1,0,5.03381
fields/00024__plt00024__fab0000_comp02_ez.f32__c0008__dt-f32/chunk_0,4194304,cbc659cc357d1402,24,np-setting,5.03274,833428,1.32432,0,0,-1,0,5.03259
fields/00024__plt00024__fab0000_comp02_ez.f32__c0012__dt-f32/chunk_0,4194304,4136c47670b3ad01,24,np-setting,5.03213,833528,3.33155,0,0,-1,0,5.03199
fields/00024__plt00024__fab0000_comp02_ez.f32__c0016__dt-f32/chunk_0,4194304,e7a96b3a63cb45e1,24,np-setting,5.03213,833528,1.43197,0,0,-1,0,5.03199
fields/00024__plt00024__fab0000_comp02_ez.f32__c0020__dt-f32/chunk_0,4194304,8c027244e86b7962,24,np-setting,5.03129,833668,1.73798,0,0,-1,0,5.03114
fields/00024__plt00024__fab0000_comp02_ez.f32__c0024__dt-f32/chunk_0,4194304,8de89dd4cc6f815e,24,np-setting,5.03058,833786,1.16477,0,0,-1,0,5.03043
fields/00024__plt00024__fab0000_comp02_ez.f32__c0028__dt-f32/chunk_0,4194304,988f8653f25e1fd4,24,np-setting,2.07724,2019196,7.76416,0,0,-1,0,2.07721
fields/00024__plt00024__fab0000_comp02_ez.f32__c0032__dt-f32/chunk_0,4194304,a26ba98d020bf4d1,24,np-setting,1.13657,3690328,2.71139,0,0,-1,0,1.13657
fields/00024__plt00024__fab0000_comp02_ez.f32__c0036__dt-f32/chunk_0,4194304,d284db3800896b20,24,np-setting,5.02541,834644,1.42643,0,0,-1,0,5.02526
fields/00024__plt00024__fab0000_comp02_ez.f32__c0040__dt-f32/chunk_0,4194304,e0c9f4dbd4630935,24,np-setting,5.0313,833666,2.3505,0,0,-1,0,5.03116
fields/00024__plt00024__fab0000_comp02_ez.f32__c0044__dt-f32/chunk_0,4194304,79f75760932245f2,24,np-setting,5.03241,833482,0.644896,0,0,-1,0,5.03227
fields/00024__plt00024__fab0000_comp02_ez.f32__c0048__dt-f32/chunk_0,4194304,d546b979e7d7b2fe,24,np-setting,5.0321,833534,1.84496,0,0,-1,0,5.03195
fields/00024__plt00024__fab0000_comp02_ez.f32__c0052__dt-f32/chunk_0,4194304,cd1e14faeff6fede,24,np-setting,5.032,833550,0.269472,0,0,-1,0,5.03186
fields/00024__plt00024__fab0000_comp02_ez.f32__c0056__dt-f32/chunk_0,4194304,40ca607e977d907e,24,np-setting,5.03302,833382,1.60259,0,0,-1,0,5.03287
fields/00024__plt00024__fab0000_comp02_ez.f32__c0060__dt-f32/chunk_0,4194304,9f5e8b94d29a462,24,np-setting,5.03022,833846,2.25213,0,0,-1,0,5.03007
fields/00025__plt00025__fab0000_comp02_ez.f32__c0000__dt-f32/chunk_0,4194304,f2ff196a1fbb64b1,24,np-setting,5.03162,833614,2.32221,0,0,-1,0,5.03147
fields/00025__plt00025__fab0000_comp02_ez.f32__c0004__dt-f32/chunk_0,4194304,8c17c5b82364fdf1,24,np-setting,5.03396,833226,1.97424,0,0,-1,0,5.03381
fields/00025__plt00025__fab0000_comp02_ez.f32__c0008__dt-f32/chunk_0,4194304,cbc659cc357d1402,24,np-setting,5.03274,833428,1.80454,0,0,-1,0,5.03259
fields/00025__plt00025__fab0000_comp02_ez.f32__c0012__dt-f32/chunk_0,4194304,4136c47670b3ad01,24,np-setting,5.03213,833528,1.32819,0,0,-1,0,5.03199
fields/00025__plt00025__fab0000_comp02_ez.f32__c0016__dt-f32/chunk_0,4194304,e7a96b3a63cb45e1,24,np-setting,5.03213,833528,1.75642,0,0,-1,0,5.03199
fields/00025__plt00025__fab0000_comp02_ez.f32__c0020__dt-f32/chunk_0,4194304,8c027244e86b7962,24,np-setting,5.03129,833668,1.9295,0,0,-1,0,5.03114
fields/00025__plt00025__fab0000_comp02_ez.f32__c0024__dt-f32/chunk_0,4194304,8de89dd4cc6f815e,24,np-setting,5.03058,833786,1.92432,0,0,-1,0,5.03043
fields/00025__plt00025__fab0000_comp02_ez.f32__c0028__dt-f32/chunk_0,4194304,ccbd6d2e6548debd,24,np-setting,1.88457,2225626,0.681088,0,0,-1,0,1.88455
fields/00025__plt00025__fab0000_comp02_ez.f32__c0032__dt-f32/chunk_0,4194304,6a752af8e85d9990,24,np-setting,1.13676,3689710,0.692256,0,0,-1,0,1.13676
fields/00025__plt00025__fab0000_comp02_ez.f32__c0036__dt-f32/chunk_0,4194304,7fcd98e79d804b47,24,np-setting,5.02252,835124,0.585568,0,0,-1,0,5.02237
fields/00025__plt00025__fab0000_comp02_ez.f32__c0040__dt-f32/chunk_0,4194304,e0c9f4dbd4630935,24,np-setting,5.0313,833666,1.2464,0,0,-1,0,5.03116
fields/00025__plt00025__fab0000_comp02_ez.f32__c0044__dt-f32/chunk_0,4194304,79f75760932245f2,24,np-setting,5.03241,833482,1.01245,0,0,-1,0,5.03227
fields/00025__plt00025__fab0000_comp02_ez.f32__c0048__dt-f32/chunk_0,4194304,d546b979e7d7b2fe,24,np-setting,5.0321,833534,1.02186,0,0,-1,0,5.03195
fields/00025__plt00025__fab0000_comp02_ez.f32__c0052__dt-f32/chunk_0,4194304,cd1e14faeff6fede,24,np-setting,5.032,833550,1.00131,0,0,-1,0,5.03186
fields/00025__plt00025__fab0000_comp02_ez.f32__c0056__dt-f32/chunk_0,4194304,40ca607e977d907e,24,np-setting,5.03302,833382,1.02064,0,0,-1,0,5.03287
fields/00025__plt00025__fab0000_comp02_ez.f32__c0060__dt-f32/chunk_0,4194304,9f5e8b94d29a462,24,np-setting,5.03022,833846,1.47718,0,0,-1,0,5.03007
fields/00026__plt00026__fab0000_comp02_ez.f32__c0000__dt-f32/chunk_0,4194304,f2ff196a1fbb64b1,24,np-setting,5.03162,833614,1.10278,0,0,-1,0,5.03147
fields/00026__plt00026__fab0000_comp02_ez.f32__c0004__dt-f32/chunk_0,4194304,8c17c5b82364fdf1,24,np-setting,5.03396,833226,1.26986,0,0,-1,0,5.03381
fields/00026__plt00026__fab0000_comp02_ez.f32__c0008__dt-f32/chunk_0,4194304,cbc659cc357d1402,24,np-setting,5.03274,833428,1.4847,0,0,-1,0,5.03259
fields/00026__plt00026__fab0000_comp02_ez.f32__c0012__dt-f32/chunk_0,4194304,4136c47670b3ad01,24,np-setting,5.03213,833528,1.18768,0,0,-1,0,5.03199
fields/00026__plt00026__fab0000_comp02_ez.f32__c0016__dt-f32/chunk_0,4194304,e7a96b3a63cb45e1,24,np-setting,5.03213,833528,2.32762,0,0,-1,0,5.03199
fields/00026__plt00026__fab0000_comp02_ez.f32__c0020__dt-f32/chunk_0,4194304,8c027244e86b7962,24,np-setting,5.03129,833668,0.97824,0,0,-1,0,5.03114
fields/00026__plt00026__fab0000_comp02_ez.f32__c0024__dt-f32/chunk_0,4194304,8de89dd4cc6f815e,24,np-setting,5.03058,833786,1.54374,0,0,-1,0,5.03043
fields/00026__plt00026__fab0000_comp02_ez.f32__c0028__dt-f32/chunk_0,4194304,7bff9ce9b66b5bd6,24,np-setting,1.72019,2438304,2.00109,0,0,-1,0,1.72017
fields/00026__plt00026__fab0000_comp02_ez.f32__c0032__dt-f32/chunk_0,4194304,72d7b449e3270521,24,np-setting,1.13704,3688822,2.34477,0,0,-1,0,1.13703
fields/00026__plt00026__fab0000_comp02_ez.f32__c0036__dt-f32/chunk_0,4194304,98cfd0f84e2ffc22,24,np-setting,5.01334,836652,0.404448,0,0,-1,0,5.0132
fields/00026__plt00026__fab0000_comp02_ez.f32__c0040__dt-f32/chunk_0,4194304,e0c9f4dbd4630935,24,np-setting,5.0313,833666,1.72829,0,0,-1,0,5.03116
fields/00026__plt00026__fab0000_comp02_ez.f32__c0044__dt-f32/chunk_0,4194304,79f75760932245f2,24,np-setting,5.03241,833482,0.412992,0,0,-1,0,5.03227
fields/00026__plt00026__fab0000_comp02_ez.f32__c0048__dt-f32/chunk_0,4194304,d546b979e7d7b2fe,24,np-setting,5.0321,833534,0.385024,0,0,-1,0,5.03195
fields/00026__plt00026__fab0000_comp02_ez.f32__c0052__dt-f32/chunk_0,4194304,cd1e14faeff6fede,24,np-setting,5.032,833550,1.07446,0,0,-1,0,5.03186
fields/00026__plt00026__fab0000_comp02_ez.f32__c0056__dt-f32/chunk_0,4194304,40ca607e977d907e,24,np-setting,5.03302,833382,2.32595,0,0,-1,0,5.03287
fields/00026__plt00026__fab0000_comp02_ez.f32__c0060__dt-f32/chunk_0,4194304,9f5e8b94d29a462,24,np-setting,5.03022,833846,2.34518,0,0,-1,0,5.03007
fields/00027__plt00027__fab0000_comp02_ez.f32__c0000__dt-f32/chunk_0,4194304,f2ff196a1fbb64b1,24,np-setting,5.03162,833614,1.44634,0,0,-1,0,5.03147
fields/00027__plt00027__fab0000_comp02_ez.f32__c0004__dt-f32/chunk_0,4194304,8c17c5b82364fdf1,24,np-setting,5.03396,833226,1.14816,0,0,-1,0,5.03381
fields/00027__plt00027__fab0000_comp02_ez.f32__c0008__dt-f32/chunk_0,4194304,cbc659cc357d1402,24,np-setting,5.03274,833428,1.1489,0,0,-1,0,5.03259
fields/00027__plt00027__fab0000_comp02_ez.f32__c0012__dt-f32/chunk_0,4194304,4136c47670b3ad01,24,np-setting,5.03213,833528,1.4407,0,0,-1,0,5.03199
fields/00027__plt00027__fab0000_comp02_ez.f32__c0016__dt-f32/chunk_0,4194304,e7a96b3a63cb45e1,24,np-setting,5.03213,833528,2.11533,0,0,-1,0,5.03199
fields/00027__plt00027__fab0000_comp02_ez.f32__c0020__dt-f32/chunk_0,4194304,8c027244e86b7962,24,np-setting,5.03129,833668,1.91123,0,0,-1,0,5.03114
fields/00027__plt00027__fab0000_comp02_ez.f32__c0024__dt-f32/chunk_0,4194304,8de89dd4cc6f815e,24,np-setting,5.03058,833786,1.95453,0,0,-1,0,5.03043
fields/00027__plt00027__fab0000_comp02_ez.f32__c0028__dt-f32/chunk_0,4194304,72610153b9bb7264,24,np-setting,1.58663,2643556,1.82224,0,0,-1,0,1.58661
fields/00027__plt00027__fab0000_comp02_ez.f32__c0032__dt-f32/chunk_0,4194304,12321430ce46ddba,24,np-setting,1.1376,3687002,1.55437,0,0,-1,0,1.13759
fields/00027__plt00027__fab0000_comp02_ez.f32__c0036__dt-f32/chunk_0,4194304,8d769a504f0f7cca,24,np-setting,4.94064,848964,1.5497,0,0,-1,0,4.9405
fields/00027__plt00027__fab0000_comp02_ez.f32__c0040__dt-f32/chunk_0,4194304,e0c9f4dbd4630935,24,np-setting,5.0313,833666,1.38656,0,0,-1,0,5.03116
fields/00027__plt00027__fab0000_comp02_ez.f32__c0044__dt-f32/chunk_0,4194304,79f75760932245f2,24,np-setting,5.03241,833482,1.21616,0,0,-1,0,5.03227
fields/00027__plt00027__fab0000_comp02_ez.f32__c0048__dt-f32/chunk_0,4194304,d546b979e7d7b2fe,24,np-setting,5.0321,833534,1.17344,0,0,-1,0,5.03195
fields/00027__plt00027__fab0000_comp02_ez.f32__c0052__dt-f32/chunk_0,4194304,cd1e14faeff6fede,24,np-setting,5.032,833550,0.40368,0,0,-1,0,5.03186
fields/00027__plt00027__fab0000_comp02_ez.f32__c0056__dt-f32/chunk_0,4194304,40ca607e977d907e,24,np-setting,5.03302,833382,0.654784,0,0,-1,0,5.03287
fields/00027__plt00027__fab0000_comp02_ez.f32__c0060__dt-f32/chunk_0,4194304,9f5e8b94d29a462,24,np-setting,5.03022,833846,0.65504,0,0,-1,0,5.03007
fields/00028__plt00028__fab0000_comp02_ez.f32__c0000__dt-f32/chunk_0,4194304,f2ff196a1fbb64b1,24,np-setting,5.03162,833614,2.15142,0,0,-1,0,5.03147
fields/00028__plt00028__fab0000_comp02_ez.f32__c0004__dt-f32/chunk_0,4194304,8c17c5b82364fdf1,24,np-setting,5.03396,833226,1.87878,0,0,-1,0,5.03381
fields/00028__plt00028__fab0000_comp02_ez.f32__c0008__dt-f32/chunk_0,4194304,cbc659cc357d1402,24,np-setting,5.03274,833428,1.36502,0,0,-1,0,5.03259
fields/00028__plt00028__fab0000_comp02_ez.f32__c0012__dt-f32/chunk_0,4194304,4136c47670b3ad01,24,np-setting,5.03213,833528,1.2935,0,0,-1,0,5.03199
fields/00028__plt00028__fab0000_comp02_ez.f32__c0016__dt-f32/chunk_0,4194304,e7a96b3a63cb45e1,24,np-setting,5.03213,833528,1.04874,0,0,-1,0,5.03199
fields/00028__plt00028__fab0000_comp02_ez.f32__c0020__dt-f32/chunk_0,4194304,8c027244e86b7962,24,np-setting,5.03129,833668,2.91731,0,0,-1,0,5.03114
fields/00028__plt00028__fab0000_comp02_ez.f32__c0024__dt-f32/chunk_0,4194304,8de89dd4cc6f815e,24,np-setting,5.03058,833786,1.8881,0,0,-1,0,5.03043
fields/00028__plt00028__fab0000_comp02_ez.f32__c0028__dt-f32/chunk_0,4194304,f0f4d602a138a1df,24,np-setting,1.4983,2799396,1.00278,0,0,-1,0,1.49829
fields/00028__plt00028__fab0000_comp02_ez.f32__c0032__dt-f32/chunk_0,4194304,6c5f8012b95ec59c,24,np-setting,1.13819,3685092,0.881376,0,0,-1,0,1.13818
fields/00028__plt00028__fab0000_comp02_ez.f32__c0036__dt-f32/chunk_0,4194304,ccb28fb1acbefa52,24,np-setting,4.59255,913308,1.49386,0,0,-1,0,4.59243
fields/00028__plt00028__fab0000_comp02_ez.f32__c0040__dt-f32/chunk_0,4194304,e0c9f4dbd4630935,24,np-setting,5.0313,833666,1.1593,0,0,-1,0,5.03116
fields/00028__plt00028__fab0000_comp02_ez.f32__c0044__dt-f32/chunk_0,4194304,79f75760932245f2,24,np-setting,5.03241,833482,1.66749,0,0,-1,0,5.03227
fields/00028__plt00028__fab0000_comp02_ez.f32__c0048__dt-f32/chunk_0,4194304,d546b979e7d7b2fe,24,np-setting,5.0321,833534,0.454752,0,0,-1,0,5.03195
fields/00028__plt00028__fab0000_comp02_ez.f32__c0052__dt-f32/chunk_0,4194304,cd1e14faeff6fede,24,np-setting,5.032,833550,2.85418,0,0,-1,0,5.03186
fields/00028__plt00028__fab0000_comp02_ez.f32__c0056__dt-f32/chunk_0,4194304,40ca607e977d907e,24,np-setting,5.03302,833382,1.17437,0,0,-1,0,5.03287
fields/00028__plt00028__fab0000_comp02_ez.f32__c0060__dt-f32/chunk_0,4194304,9f5e8b94d29a462,24,np-setting,5.03022,833846,2.16682,0,0,-1,0,5.03007
fields/00029__plt00029__fab0000_comp02_ez.f32__c0000__dt-f32/chunk_0,4194304,f2ff196a1fbb64b1,24,np-setting,5.03162,833614,1.62435,0,0,-1,0,5.03147
fields/00029__plt00029__fab0000_comp02_ez.f32__c0004__dt-f32/chunk_0,4194304,8c17c5b82364fdf1,24,np-setting,5.03396,833226,1.37856,0,0,-1,0,5.03381
fields/00029__plt00029__fab0000_comp02_ez.f32__c0008__dt-f32/chunk_0,4194304,cbc659cc357d1402,24,np-setting,5.03274,833428,1.41062,0,0,-1,0,5.03259
fields/00029__plt00029__fab0000_comp02_ez.f32__c0012__dt-f32/chunk_0,4194304,4136c47670b3ad01,24,np-setting,5.03213,833528,1.89616,0,0,-1,0,5.03199
fields/00029__plt00029__fab0000_comp02_ez.f32__c0016__dt-f32/chunk_0,4194304,e7a96b3a63cb45e1,24,np-setting,5.03213,833528,1.98851,0,0,-1,0,5.03199
fields/00029__plt00029__fab0000_comp02_ez.f32__c0020__dt-f32/chunk_0,4194304,8c027244e86b7962,24,np-setting,5.03129,833668,2.28115,0,0,-1,0,5.03114
fields/00029__plt00029__fab0000_comp02_ez.f32__c0024__dt-f32/chunk_0,4194304,8de89dd4cc6f815e,24,np-setting,5.03058,833786,1.03078,0,0,-1,0,5.03043
fields/00029__plt00029__fab0000_comp02_ez.f32__c0028__dt-f32/chunk_0,4194304,502da983dc3a42bf,24,np-setting,1.44629,2900062,3.71098,0,0,-1,0,1.44628
fields/00029__plt00029__fab0000_comp02_ez.f32__c0032__dt-f32/chunk_0,4194304,ccf7f99defeae4f7,24,np-setting,1.13871,3683394,2.1903,0,0,-1,0,1.13871
fields/00029__plt00029__fab0000_comp02_ez.f32__c0036__dt-f32/chunk_0,4194304,227905cd4c9d5975,24,np-setting,4.07846,1028428,1.57222,0,0,-1,0,4.07836
fields/00029__plt00029__fab0000_comp02_ez.f32__c0040__dt-f32/chunk_0,4194304,e0c9f4dbd4630935,24,np-setting,5.0313,833666,1.22912,0,0,-1,0,5.03116
fields/00029__plt00029__fab0000_comp02_ez.f32__c0044__dt-f32/chunk_0,4194304,79f75760932245f2,24,np-setting,5.03241,833482,0.707648,0,0,-1,0,5.03227
fields/00029__plt00029__fab0000_comp02_ez.f32__c0048__dt-f32/chunk_0,4194304,d546b979e7d7b2fe,24,np-setting,5.0321,833534,2.24022,0,0,-1,0,5.03195
fields/00029__plt00029__fab0000_comp02_ez.f32__c0052__dt-f32/chunk_0,4194304,cd1e14faeff6fede,24,np-setting,5.032,833550,1.58586,0,0,-1,0,5.03186
fields/00029__plt00029__fab0000_comp02_ez.f32__c0056__dt-f32/chunk_0,4194304,40ca607e977d907e,24,np-setting,5.03302,833382,2.09558,0,0,-1,0,5.03287
fields/00029__plt00029__fab0000_comp02_ez.f32__c0060__dt-f32/chunk_0,4194304,9f5e8b94d29a462,24,np-setting,5.03022,833846,1.34925,0,0,-1,0,5.03007
fields/00030__plt00030__fab0000_comp02_ez.f32__c0000__dt-f32/chunk_0,4194304,f2ff196a1fbb64b1,24,np-setting,5.03162,833614,1.37414,0,0,-1,0,5.03147
fields/00030__plt00030__fab0000_comp02_ez.f32__c0004__dt-f32/chunk_0,4194304,8c17c5b82364fdf1,24,np-setting,5.03396,833226,2.15485,0,0,-1,0,5.03381
fields/00030__plt00030__fab0000_comp02_ez.f32__c0008__dt-f32/chunk_0,4194304,cbc659cc357d1402,24,np-setting,5.03274,833428,1.84291,0,0,-1,0,5.03259
fields/00030__plt00030__fab0000_comp02_ez.f32__c0012__dt-f32/chunk_0,4194304,4136c47670b3ad01,24,np-setting,5.03213,833528,1.64442,0,0,-1,0,5.03199
fields/00030__plt00030__fab0000_comp02_ez.f32__c0016__dt-f32/chunk_0,4194304,e7a96b3a63cb45e1,24,np-setting,5.03213,833528,1.23146,0,0,-1,0,5.03199
fields/00030__plt00030__fab0000_comp02_ez.f32__c0020__dt-f32/chunk_0,4194304,8c027244e86b7962,24,np-setting,5.03129,833668,1.82947,0,0,-1,0,5.03114
fields/00030__plt00030__fab0000_comp02_ez.f32__c0024__dt-f32/chunk_0,4194304,8de89dd4cc6f815e,24,np-setting,5.03058,833786,1.20118,0,0,-1,0,5.03043
fields/00030__plt00030__fab0000_comp02_ez.f32__c0028__dt-f32/chunk_0,4194304,1fa2a70d5aa9f0c9,24,np-setting,1.41083,2972950,1.58557,0,0,-1,0,1.41082
fields/00030__plt00030__fab0000_comp02_ez.f32__c0032__dt-f32/chunk_0,4194304,33a09db6cda88bac,24,np-setting,1.13941,3681132,1.8257,0,0,-1,0,1.13941
fields/00030__plt00030__fab0000_comp02_ez.f32__c0036__dt-f32/chunk_0,4194304,7e697ea1c9bc1117,24,np-setting,3.57448,1173428,1.19962,0,0,-1,0,3.5744
fields/00030__plt00030__fab0000_comp02_ez.f32__c0040__dt-f32/chunk_0,4194304,e0c9f4dbd4630935,24,np-setting,5.0313,833666,1.42061,0,0,-1,0,5.03116
fields/00030__plt00030__fab0000_comp02_ez.f32__c0044__dt-f32/chunk_0,4194304,79f75760932245f2,24,np-setting,5.03241,833482,1.4033,0,0,-1,0,5.03227
fields/00030__plt00030__fab0000_comp02_ez.f32__c0048__dt-f32/chunk_0,4194304,d546b979e7d7b2fe,24,np-setting,5.0321,833534,1.024,0,0,-1,0,5.03195
fields/00030__plt00030__fab0000_comp02_ez.f32__c0052__dt-f32/chunk_0,4194304,cd1e14faeff6fede,24,np-setting,5.032,833550,0.975264,0,0,-1,0,5.03186
fields/00030__plt00030__fab0000_comp02_ez.f32__c0056__dt-f32/chunk_0,4194304,40ca607e977d907e,24,np-setting,5.03302,833382,7.75606,0,0,-1,0,5.03287
fields/00030__plt00030__fab0000_comp02_ez.f32__c0060__dt-f32/chunk_0,4194304,9f5e8b94d29a462,24,np-setting,5.03022,833846,1.59869,0,0,-1,0,5.03007
fields/00031__plt00031__fab0000_comp02_ez.f32__c0000__dt-f32/chunk_0,4194304,f2ff196a1fbb64b1,24,np-setting,5.03162,833614,2.09373,0,0,-1,0,5.03147
fields/00031__plt00031__fab0000_comp02_ez.f32__c0004__dt-f32/chunk_0,4194304,8c17c5b82364fdf1,24,np-setting,5.03396,833226,1.19971,0,0,-1,0,5.03381
fields/00031__plt00031__fab0000_comp02_ez.f32__c0008__dt-f32/chunk_0,4194304,cbc659cc357d1402,24,np-setting,5.03274,833428,1.87178,0,0,-1,0,5.03259
fields/00031__plt00031__fab0000_comp02_ez.f32__c0012__dt-f32/chunk_0,4194304,4136c47670b3ad01,24,np-setting,5.03213,833528,1.81389,0,0,-1,0,5.03199
fields/00031__plt00031__fab0000_comp02_ez.f32__c0016__dt-f32/chunk_0,4194304,e7a96b3a63cb45e1,24,np-setting,5.03213,833528,1.00029,0,0,-1,0,5.03199
fields/00031__plt00031__fab0000_comp02_ez.f32__c0020__dt-f32/chunk_0,4194304,8c027244e86b7962,24,np-setting,5.03129,833668,1.85978,0,0,-1,0,5.03114
fields/00031__plt00031__fab0000_comp02_ez.f32__c0024__dt-f32/chunk_0,4194304,8de89dd4cc6f815e,24,np-setting,5.03058,833786,1.44269,0,0,-1,0,5.03043
fields/00031__plt00031__fab0000_comp02_ez.f32__c0028__dt-f32/chunk_0,4194304,ff599b51ca47386b,24,np-setting,1.38468,3029112,1.38646,0,0,-1,0,1.38466
fields/00031__plt00031__fab0000_comp02_ez.f32__c0032__dt-f32/chunk_0,4194304,513b190d3d30a5d8,24,np-setting,1.1402,3678598,2.18333,0,0,-1,0,1.14019
fields/00031__plt00031__fab0000_comp02_ez.f32__c0036__dt-f32/chunk_0,4194304,84f15c5cdf773a79,24,np-setting,3.14106,1335340,0.79344,0,0,-1,0,3.141
fields/00031__plt00031__fab0000_comp02_ez.f32__c0040__dt-f32/chunk_0,4194304,e0c9f4dbd4630935,24,np-setting,5.0313,833666,0.996224,0,0,-1,0,5.03116
fields/00031__plt00031__fab0000_comp02_ez.f32__c0044__dt-f32/chunk_0,4194304,79f75760932245f2,24,np-setting,5.03241,833482,2.19286,0,0,-1,0,5.03227
fields/00031__plt00031__fab0000_comp02_ez.f32__c0048__dt-f32/chunk_0,4194304,d546b979e7d7b2fe,24,np-setting,5.0321,833534,0.793056,0,0,-1,0,5.03195
fields/00031__plt00031__fab0000_comp02_ez.f32__c0052__dt-f32/chunk_0,4194304,cd1e14faeff6fede,24,np-setting,5.032,833550,2.08339,0,0,-1,0,5.03186
fields/00031__plt00031__fab0000_comp02_ez.f32__c0056__dt-f32/chunk_0,4194304,40ca607e977d907e,24,np-setting,5.03302,833382,0.905888,0,0,-1,0,5.03287
fields/00031__plt00031__fab0000_comp02_ez.f32__c0060__dt-f32/chunk_0,4194304,9f5e8b94d29a462,24,np-setting,5.03022,833846,1.6824,0,0,-1,0,5.03007
fields/00032__plt00032__fab0000_comp02_ez.f32__c0000__dt-f32/chunk_0,4194304,f2ff196a1fbb64b1,24,np-setting,5.03162,833614,0.922752,0,0,-1,0,5.03147
fields/00032__plt00032__fab0000_comp02_ez.f32__c0004__dt-f32/chunk_0,4194304,8c17c5b82364fdf1,24,np-setting,5.03396,833226,1.16704,0,0,-1,0,5.03381
fields/00032__plt00032__fab0000_comp02_ez.f32__c0008__dt-f32/chunk_0,4194304,cbc659cc357d1402,24,np-setting,5.03274,833428,1.38438,0,0,-1,0,5.03259
fields/00032__plt00032__fab0000_comp02_ez.f32__c0012__dt-f32/chunk_0,4194304,4136c47670b3ad01,24,np-setting,5.03213,833528,0.631776,0,0,-1,0,5.03199
fields/00032__plt00032__fab0000_comp02_ez.f32__c0016__dt-f32/chunk_0,4194304,e7a96b3a63cb45e1,24,np-setting,5.03213,833528,0.676768,0,0,-1,0,5.03199
fields/00032__plt00032__fab0000_comp02_ez.f32__c0020__dt-f32/chunk_0,4194304,8c027244e86b7962,24,np-setting,5.03129,833668,0.865984,0,0,-1,0,5.03114
fields/00032__plt00032__fab0000_comp02_ez.f32__c0024__dt-f32/chunk_0,4194304,8de89dd4cc6f815e,24,np-setting,5.03058,833786,1.0056,0,0,-1,0,5.03043
fields/00032__plt00032__fab0000_comp02_ez.f32__c0028__dt-f32/chunk_0,4194304,3ead890cb664002f,24,np-setting,1.36558,3071462,1.71334,0,0,-1,0,1.36557
fields/00032__plt00032__fab0000_comp02_ez.f32__c0032__dt-f32/chunk_0,4194304,47fb57ffadfbe0fd,24,np-setting,1.14088,3676406,1.65056,0,0,-1,0,1.14087
fields/00032__plt00032__fab0000_comp02_ez.f32__c0036__dt-f32/chunk_0,4194304,4b03f5596371ead2,24,np-setting,2.77665,1510588,1.6169,0,0,-1,0,2.7766
fields/00032__plt00032__fab0000_comp02_ez.f32__c0040__dt-f32/chunk_0,4194304,e0c9f4dbd4630935,24,np-setting,5.0313,833666,1.1487,0,0,-1,0,5.03116
fields/00032__plt00032__fab0000_comp02_ez.f32__c0044__dt-f32/chunk_0,4194304,79f75760932245f2,24,np-setting,5.03241,833482,1.14883,0,0,-1,0,5.03227
fields/00032__plt00032__fab0000_comp02_ez.f32__c0048__dt-f32/chunk_0,4194304,d546b979e7d7b2fe,24,np-setting,5.0321,833534,1.76662,0,0,-1,0,5.03195
fields/00032__plt00032__fab0000_comp02_ez.f32__c0052__dt-f32/chunk_0,4194304,cd1e14faeff6fede,24,np-setting,5.032,833550,1.77376,0,0,-1,0,5.03186
fields/00032__plt00032__fab0000_comp02_ez.f32__c0056__dt-f32/chunk_0,4194304,40ca607e977d907e,24,np-setting,5.03302,833382,1.10506,0,0,-1,0,5.03287
fields/00032__plt00032__fab0000_comp02_ez.f32__c0060__dt-f32/chunk_0,4194304,9f5e8b94d29a462,24,np-setting,5.03022,833846,1.632,0,0,-1,0,5.03007
fields/00033__plt00033__fab0000_comp02_ez.f32__c0000__dt-f32/chunk_0,4194304,f2ff196a1fbb64b1,24,np-setting,5.03162,833614,0.984928,0,0,-1,0,5.03147
fields/00033__plt00033__fab0000_comp02_ez.f32__c0004__dt-f32/chunk_0,4194304,8c17c5b82364fdf1,24,np-setting,5.03396,833226,4.98733,0,0,-1,0,5.03381
fields/00033__plt00033__fab0000_comp02_ez.f32__c0008__dt-f32/chunk_0,4194304,cbc659cc357d1402,24,np-setting,5.03274,833428,0.5304,0,0,-1,0,5.03259
fields/00033__plt00033__fab0000_comp02_ez.f32__c0012__dt-f32/chunk_0,4194304,4136c47670b3ad01,24,np-setting,5.03213,833528,1.68678,0,0,-1,0,5.03199
fields/00033__plt00033__fab0000_comp02_ez.f32__c0016__dt-f32/chunk_0,4194304,e7a96b3a63cb45e1,24,np-setting,5.03213,833528,2.00211,0,0,-1,0,5.03199
fields/00033__plt00033__fab0000_comp02_ez.f32__c0020__dt-f32/chunk_0,4194304,8c027244e86b7962,24,np-setting,5.03129,833668,0.495232,0,0,-1,0,5.03114
fields/00033__plt00033__fab0000_comp02_ez.f32__c0024__dt-f32/chunk_0,4194304,8de89dd4cc6f815e,24,np-setting,5.03058,833786,2.38861,0,0,-1,0,5.03043
fields/00033__plt00033__fab0000_comp02_ez.f32__c0028__dt-f32/chunk_0,4194304,983baeab7f41fc66,24,np-setting,1.35168,3103052,1.9592,0,0,-1,0,1.35167
fields/00033__plt00033__fab0000_comp02_ez.f32__c0032__dt-f32/chunk_0,4194304,8c09e8ad7f7e6f62,24,np-setting,1.1417,3673754,4.47843,0,0,-1,0,1.14169
fields/00033__plt00033__fab0000_comp02_ez.f32__c0036__dt-f32/chunk_0,4194304,99ea5bd62e9c1bcd,24,np-setting,2.46993,1698172,0.543648,0,0,-1,0,2.46989
fields/00033__plt00033__fab0000_comp02_ez.f32__c0040__dt-f32/chunk_0,4194304,e0c9f4dbd4630935,24,np-setting,5.0313,833666,0.618432,0,0,-1,0,5.03116
fields/00033__plt00033__fab0000_comp02_ez.f32__c0044__dt-f32/chunk_0,4194304,79f75760932245f2,24,np-setting,5.03241,833482,0.948128,0,0,-1,0,5.03227
fields/00033__plt00033__fab0000_comp02_ez.f32__c0048__dt-f32/chunk_0,4194304,d546b979e7d7b2fe,24,np-setting,5.0321,833534,0.587136,0,0,-1,0,5.03195
fields/00033__plt00033__fab0000_comp02_ez.f32__c0052__dt-f32/chunk_0,4194304,cd1e14faeff6fede,24,np-setting,5.032,833550,1.9711,0,0,-1,0,5.03186
fields/00033__plt00033__fab0000_comp02_ez.f32__c0056__dt-f32/chunk_0,4194304,40ca607e977d907e,24,np-setting,5.03302,833382,0.616832,0,0,-1,0,5.03287
fields/00033__plt00033__fab0000_comp02_ez.f32__c0060__dt-f32/chunk_0,4194304,9f5e8b94d29a462,24,np-setting,5.03022,833846,1.36547,0,0,-1,0,5.03007
fields/00034__plt00034__fab0000_comp02_ez.f32__c0000__dt-f32/chunk_0,4194304,f2ff196a1fbb64b1,24,np-setting,5.03162,833614,1.10045,0,0,-1,0,5.03147
fields/00034__plt00034__fab0000_comp02_ez.f32__c0004__dt-f32/chunk_0,4194304,8c17c5b82364fdf1,24,np-setting,5.03396,833226,1.12061,0,0,-1,0,5.03381
fields/00034__plt00034__fab0000_comp02_ez.f32__c0008__dt-f32/chunk_0,4194304,cbc659cc357d1402,24,np-setting,5.03274,833428,2.42176,0,0,-1,0,5.03259
fields/00034__plt00034__fab0000_comp02_ez.f32__c0012__dt-f32/chunk_0,4194304,4136c47670b3ad01,24,np-setting,5.03213,833528,1.24163,0,0,-1,0,5.03199
fields/00034__plt00034__fab0000_comp02_ez.f32__c0016__dt-f32/chunk_0,4194304,e7a96b3a63cb45e1,24,np-setting,5.03213,833528,1.41219,0,0,-1,0,5.03199
fields/00034__plt00034__fab0000_comp02_ez.f32__c0020__dt-f32/chunk_0,4194304,8c027244e86b7962,24,np-setting,5.03129,833668,1.56621,0,0,-1,0,5.03114
fields/00034__plt00034__fab0000_comp02_ez.f32__c0024__dt-f32/chunk_0,4194304,8de89dd4cc6f815e,24,np-setting,5.03058,833786,1.34694,0,0,-1,0,5.03043
fields/00034__plt00034__fab0000_comp02_ez.f32__c0028__dt-f32/chunk_0,4194304,9b3b0a78eec41fc4,24,np-setting,1.34155,3126490,1.56717,0,0,-1,0,1.34154
fields/00034__plt00034__fab0000_comp02_ez.f32__c0032__dt-f32/chunk_0,4194304,7823574da1a2c7f3,24,np-setting,1.14235,3671666,1.85402,0,0,-1,0,1.14234
fields/00034__plt00034__fab0000_comp02_ez.f32__c0036__dt-f32/chunk_0,4194304,bd517a3fbf80bdf1,24,np-setting,2.21499,1893620,1.26605,0,0,-1,0,2.21497
fields/00034__plt00034__fab0000_comp02_ez.f32__c0040__dt-f32/chunk_0,4194304,e0c9f4dbd4630935,24,np-setting,5.0313,833666,1.36202,0,0,-1,0,5.03116
fields/00034__plt00034__fab0000_comp02_ez.f32__c0044__dt-f32/chunk_0,4194304,79f75760932245f2,24,np-setting,5.03241,833482,1.17136,0,0,-1,0,5.03227
fields/00034__plt00034__fab0000_comp02_ez.f32__c0048__dt-f32/chunk_0,4194304,d546b979e7d7b2fe,24,np-setting,5.0321,833534,2.10634,0,0,-1,0,5.03195
fields/00034__plt00034__fab0000_comp02_ez.f32__c0052__dt-f32/chunk_0,4194304,cd1e14faeff6fede,24,np-setting,5.032,833550,2.02038,0,0,-1,0,5.03186
fields/00034__plt00034__fab0000_comp02_ez.f32__c0056__dt-f32/chunk_0,4194304,40ca607e977d907e,24,np-setting,5.03302,833382,1.99574,0,0,-1,0,5.03287
fields/00034__plt00034__fab0000_comp02_ez.f32__c0060__dt-f32/chunk_0,4194304,9f5e8b94d29a462,24,np-setting,5.03022,833846,1.97008,0,0,-1,0,5.03007
fields/00035__plt00035__fab0000_comp02_ez.f32__c0000__dt-f32/chunk_0,4194304,f2ff196a1fbb64b1,24,np-setting,5.03162,833614,1.26134,0,0,-1,0,5.03147
fields/00035__plt00035__fab0000_comp02_ez.f32__c0004__dt-f32/chunk_0,4194304,8c17c5b82364fdf1,24,np-setting,5.03396,833226,1.96963,0,0,-1,0,5.03381
fields/00035__plt00035__fab0000_comp02_ez.f32__c0008__dt-f32/chunk_0,4194304,cbc659cc357d1402,24,np-setting,5.03274,833428,1.26554,0,0,-1,0,5.03259
fields/00035__plt00035__fab0000_comp02_ez.f32__c0012__dt-f32/chunk_0,4194304,4136c47670b3ad01,24,np-setting,5.03213,833528,0.980864,0,0,-1,0,5.03199
fields/00035__plt00035__fab0000_comp02_ez.f32__c0016__dt-f32/chunk_0,4194304,e7a96b3a63cb45e1,24,np-setting,5.03213,833528,2.35792,0,0,-1,0,5.03199
fields/00035__plt00035__fab0000_comp02_ez.f32__c0020__dt-f32/chunk_0,4194304,8c027244e86b7962,24,np-setting,5.03129,833668,1.88525,0,0,-1,0,5.03114
fields/00035__plt00035__fab0000_comp02_ez.f32__c0024__dt-f32/chunk_0,4194304,8de89dd4cc6f815e,24,np-setting,5.03058,833786,2.99926,0,0,-1,0,5.03043
fields/00035__plt00035__fab0000_comp02_ez.f32__c0028__dt-f32/chunk_0,4194304,83a46f4d74065ea1,24,np-setting,1.33344,3145504,1.51446,0,0,-1,0,1.33343
fields/00035__plt00035__fab0000_comp02_ez.f32__c0032__dt-f32/chunk_0,4194304,13a5efb0e659d305,24,np-setting,1.14286,3670016,0.915264,0,0,-1,0,1.14286
fields/00035__plt00035__fab0000_comp02_ez.f32__c0036__dt-f32/chunk_0,4194304,ebee979d779ad243,24,np-setting,2.0024,2094660,0.90608,0,0,-1,0,2.00238
fields/00035__plt00035__fab0000_comp02_ez.f32__c0040__dt-f32/chunk_0,4194304,e0c9f4dbd4630935,24,np-setting,5.0313,833666,1.7344,0,0,-1,0,5.03116
fields/00035__plt00035__fab0000_comp02_ez.f32__c0044__dt-f32/chunk_0,4194304,79f75760932245f2,24,np-setting,5.03241,833482,3.06352,0,0,-1,0,5.03227
fields/00035__plt00035__fab0000_comp02_ez.f32__c0048__dt-f32/chunk_0,4194304,d546b979e7d7b2fe,24,np-setting,5.0321,833534,1.9383,0,0,-1,0,5.03195
fields/00035__plt00035__fab0000_comp02_ez.f32__c0052__dt-f32/chunk_0,4194304,cd1e14faeff6fede,24,np-setting,5.032,833550,1.23098,0,0,-1,0,5.03186
fields/00035__plt00035__fab0000_comp02_ez.f32__c0056__dt-f32/chunk_0,4194304,40ca607e977d907e,24,np-setting,5.03302,833382,1.13894,0,0,-1,0,5.03287
fields/00035__plt00035__fab0000_comp02_ez.f32__c0060__dt-f32/chunk_0,4194304,9f5e8b94d29a462,24,np-setting,5.03022,833846,1.69494,0,0,-1,0,5.03007
fields/00036__plt00036__fab0000_comp02_ez.f32__c0000__dt-f32/chunk_0,4194304,f2ff196a1fbb64b1,24,np-setting,5.03162,833614,1.32781,0,0,-1,0,5.03147
fields/00036__plt00036__fab0000_comp02_ez.f32__c0004__dt-f32/chunk_0,4194304,8c17c5b82364fdf1,24,np-setting,5.03396,833226,0.939808,0,0,-1,0,5.03381
fields/00036__plt00036__fab0000_comp02_ez.f32__c0008__dt-f32/chunk_0,4194304,cbc659cc357d1402,24,np-setting,5.03274,833428,1.43936,0,0,-1,0,5.03259
fields/00036__plt00036__fab0000_comp02_ez.f32__c0012__dt-f32/chunk_0,4194304,4136c47670b3ad01,24,np-setting,5.03213,833528,0.408416,0,0,-1,0,5.03199
fields/00036__plt00036__fab0000_comp02_ez.f32__c0016__dt-f32/chunk_0,4194304,e7a96b3a63cb45e1,24,np-setting,5.03213,833528,2.11642,0,0,-1,0,5.03199
fields/00036__plt00036__fab0000_comp02_ez.f32__c0020__dt-f32/chunk_0,4194304,8c027244e86b7962,24,np-setting,5.03129,833668,0.963136,0,0,-1,0,5.03114
fields/00036__plt00036__fab0000_comp02_ez.f32__c0024__dt-f32/chunk_0,4194304,8de89dd4cc6f815e,24,np-setting,5.03058,833786,0.937056,0,0,-1,0,5.03043
fields/00036__plt00036__fab0000_comp02_ez.f32__c0028__dt-f32/chunk_0,4194304,8c37e39d27195990,24,np-setting,1.32639,3162224,1.96678,0,0,-1,0,1.32638
fields/00036__plt00036__fab0000_comp02_ez.f32__c0032__dt-f32/chunk_0,4194304,e4ebd25d2cd151b5,24,np-setting,1.14341,3668258,1.63165,0,0,-1,0,1.1434
fields/00036__plt00036__fab0000_comp02_ez.f32__c0036__dt-f32/chunk_0,4194304,ef11ee7e7d524b65,24,np-setting,1.82428,2299186,0.939616,0,0,-1,0,1.82426
fields/00036__plt00036__fab0000_comp02_ez.f32__c0040__dt-f32/chunk_0,4194304,e0c9f4dbd4630935,24,np-setting,5.0313,833666,1.84554,0,0,-1,0,5.03116
fields/00036__plt00036__fab0000_comp02_ez.f32__c0044__dt-f32/chunk_0,4194304,79f75760932245f2,24,np-setting,5.03241,833482,1.34563,0,0,-1,0,5.03227
fields/00036__plt00036__fab0000_comp02_ez.f32__c0048__dt-f32/chunk_0,4194304,d546b979e7d7b2fe,24,np-setting,5.0321,833534,1.71238,0,0,-1,0,5.03195
fields/00036__plt00036__fab0000_comp02_ez.f32__c0052__dt-f32/chunk_0,4194304,cd1e14faeff6fede,24,np-setting,5.032,833550,1.79405,0,0,-1,0,5.03186
fields/00036__plt00036__fab0000_comp02_ez.f32__c0056__dt-f32/chunk_0,4194304,40ca607e977d907e,24,np-setting,5.03302,833382,2.27587,0,0,-1,0,5.03287
fields/00036__plt00036__fab0000_comp02_ez.f32__c0060__dt-f32/chunk_0,4194304,9f5e8b94d29a462,24,np-setting,5.03022,833846,2.12032,0,0,-1,0,5.03007
fields/00037__plt00037__fab0000_comp02_ez.f32__c0000__dt-f32/chunk_0,4194304,f2ff196a1fbb64b1,24,np-setting,5.03162,833614,1.8081,0,0,-1,0,5.03147
fields/00037__plt00037__fab0000_comp02_ez.f32__c0004__dt-f32/chunk_0,4194304,8c17c5b82364fdf1,24,np-setting,5.03396,833226,0.973088,0,0,-1,0,5.03381
fields/00037__plt00037__fab0000_comp02_ez.f32__c0008__dt-f32/chunk_0,4194304,cbc659cc357d1402,24,np-setting,5.03274,833428,2.6273,0,0,-1,0,5.03259
fields/00037__plt00037__fab0000_comp02_ez.f32__c0012__dt-f32/chunk_0,4194304,4136c47670b3ad01,24,np-setting,5.03213,833528,1.32723,0,0,-1,0,5.03199
fields/00037__plt00037__fab0000_comp02_ez.f32__c0016__dt-f32/chunk_0,4194304,e7a96b3a63cb45e1,24,np-setting,5.03213,833528,2.08621,0,0,-1,0,5.03199
fields/00037__plt00037__fab0000_comp02_ez.f32__c0020__dt-f32/chunk_0,4194304,8c027244e86b7962,24,np-setting,5.03129,833668,4.22154,0,0,-1,0,5.03114
fields/00037__plt00037__fab0000_comp02_ez.f32__c0024__dt-f32/chunk_0,4194304,8de89dd4cc6f815e,24,np-setting,5.03058,833786,2.0032,0,0,-1,0,5.03043
fields/00037__plt00037__fab0000_comp02_ez.f32__c0028__dt-f32/chunk_0,4194304,b1addcdc21c04d03,24,np-setting,1.32082,3175550,1.50803,0,0,-1,0,1.32081
fields/00037__plt00037__fab0000_comp02_ez.f32__c0032__dt-f32/chunk_0,4194304,bc0fb774fdc90102,24,np-setting,1.14379,3667034,1.5296,0,0,-1,0,1.14379
fields/00037__plt00037__fab0000_comp02_ez.f32__c0036__dt-f32/chunk_0,4194304,5dc6a0fad1e85d2b,24,np-setting,1.67546,2503392,1.64397,0,0,-1,0,1.67545
fields/00037__plt00037__fab0000_comp02_ez.f32__c0040__dt-f32/chunk_0,4194304,e0c9f4dbd4630935,24,np-setting,5.0313,833666,3.48797,0,0,-1,0,5.03116
fields/00037__plt00037__fab0000_comp02_ez.f32__c0044__dt-f32/chunk_0,4194304,79f75760932245f2,24,np-setting,5.03241,833482,1.11952,0,0,-1,0,5.03227
fields/00037__plt00037__fab0000_comp02_ez.f32__c0048__dt-f32/chunk_0,4194304,d546b979e7d7b2fe,24,np-setting,5.0321,833534,1.55632,0,0,-1,0,5.03195
fields/00037__plt00037__fab0000_comp02_ez.f32__c0052__dt-f32/chunk_0,4194304,cd1e14faeff6fede,24,np-setting,5.032,833550,1.09584,0,0,-1,0,5.03186
fields/00037__plt00037__fab0000_comp02_ez.f32__c0056__dt-f32/chunk_0,4194304,40ca607e977d907e,24,np-setting,5.03302,833382,2.67021,0,0,-1,0,5.03287
fields/00037__plt00037__fab0000_comp02_ez.f32__c0060__dt-f32/chunk_0,4194304,9f5e8b94d29a462,24,np-setting,5.03022,833846,1.20227,0,0,-1,0,5.03007
fields/00038__plt00038__fab0000_comp02_ez.f32__c0000__dt-f32/chunk_0,4194304,f2ff196a1fbb64b1,24,np-setting,5.03162,833614,1.42317,0,0,-1,0,5.03147
fields/00038__plt00038__fab0000_comp02_ez.f32__c0004__dt-f32/chunk_0,4194304,8c17c5b82364fdf1,24,np-setting,5.03396,833226,1.08035,0,0,-1,0,5.03381
fields/00038__plt00038__fab0000_comp02_ez.f32__c0008__dt-f32/chunk_0,4194304,cbc659cc357d1402,24,np-setting,5.03274,833428,1.4048,0,0,-1,0,5.03259
fields/00038__plt00038__fab0000_comp02_ez.f32__c0012__dt-f32/chunk_0,4194304,4136c47670b3ad01,24,np-setting,5.03213,833528,1.09664,0,0,-1,0,5.03199
fields/00038__plt00038__fab0000_comp02_ez.f32__c0016__dt-f32/chunk_0,4194304,e7a96b3a63cb45e1,24,np-setting,5.03213,833528,1.54189,0,0,-1,0,5.03199
fields/00038__plt00038__fab0000_comp02_ez.f32__c0020__dt-f32/chunk_0,4194304,8c027244e86b7962,24,np-setting,5.03129,833668,1.4544,0,0,-1,0,5.03114
fields/00038__plt00038__fab0000_comp02_ez.f32__c0024__dt-f32/chunk_0,4194304,8de89dd4cc6f815e,24,np-setting,5.03058,833786,1.99322,0,0,-1,0,5.03043
fields/00038__plt00038__fab0000_comp02_ez.f32__c0028__dt-f32/chunk_0,4194304,d356724b3733906f,24,np-setting,1.31577,3187734,1.79181,0,0,-1,0,1.31576
fields/00038__plt00038__fab0000_comp02_ez.f32__c0032__dt-f32/chunk_0,4194304,e2de328bed4b9b8a,24,np-setting,1.14434,3665288,3.99613,0,0,-1,0,1.14433
fields/00038__plt00038__fab0000_comp02_ez.f32__c0036__dt-f32/chunk_0,4194304,56d26d94434d7d39,24,np-setting,1.56501,2680078,1.28944,0,0,-1,0,1.56499
fields/00038__plt00038__fab0000_comp02_ez.f32__c0040__dt-f32/chunk_0,4194304,e0c9f4dbd4630935,24,np-setting,5.0313,833666,2.38624,0,0,-1,0,5.03116
fields/00038__plt00038__fab0000_comp02_ez.f32__c0044__dt-f32/chunk_0,4194304,79f75760932245f2,24,np-setting,5.03241,833482,1.27139,0,0,-1,0,5.03227
fields/00038__plt00038__fab0000_comp02_ez.f32__c0048__dt-f32/chunk_0,4194304,d546b979e7d7b2fe,24,np-setting,5.0321,833534,1.12243,0,0,-1,0,5.03195
fields/00038__plt00038__fab0000_comp02_ez.f32__c0052__dt-f32/chunk_0,4194304,cd1e14faeff6fede,24,np-setting,5.032,833550,1.4473,0,0,-1,0,5.03186
fields/00038__plt00038__fab0000_comp02_ez.f32__c0056__dt-f32/chunk_0,4194304,40ca607e977d907e,24,np-setting,5.03302,833382,2.05834,0,0,-1,0,5.03287
fields/00038__plt00038__fab0000_comp02_ez.f32__c0060__dt-f32/chunk_0,4194304,9f5e8b94d29a462,24,np-setting,5.03022,833846,2.21347,0,0,-1,0,5.03007
fields/00039__plt00039__fab0000_comp02_ez.f32__c0000__dt-f32/chunk_0,4194304,f2ff196a1fbb64b1,24,np-setting,5.03162,833614,1.53456,0,0,-1,0,5.03147
fields/00039__plt00039__fab0000_comp02_ez.f32__c0004__dt-f32/chunk_0,4194304,8c17c5b82364fdf1,24,np-setting,5.03396,833226,1.20506,0,0,-1,0,5.03381
fields/00039__plt00039__fab0000_comp02_ez.f32__c0008__dt-f32/chunk_0,4194304,cbc659cc357d1402,24,np-setting,5.03274,833428,0.777088,0,0,-1,0,5.03259
fields/00039__plt00039__fab0000_comp02_ez.f32__c0012__dt-f32/chunk_0,4194304,4136c47670b3ad01,24,np-setting,5.03213,833528,2.7303,0,0,-1,0,5.03199
fields/00039__plt00039__fab0000_comp02_ez.f32__c0016__dt-f32/chunk_0,4194304,e7a96b3a63cb45e1,24,np-setting,5.03213,833528,1.86371,0,0,-1,0,5.03199
fields/00039__plt00039__fab0000_comp02_ez.f32__c0020__dt-f32/chunk_0,4194304,8c027244e86b7962,24,np-setting,5.03129,833668,1.40445,0,0,-1,0,5.03114
fields/00039__plt00039__fab0000_comp02_ez.f32__c0024__dt-f32/chunk_0,4194304,8de89dd4cc6f815e,24,np-setting,5.03058,833786,1.36246,0,0,-1,0,5.03043
fields/00039__plt00039__fab0000_comp02_ez.f32__c0028__dt-f32/chunk_0,4194304,5f1eb32496ad9ce8,24,np-setting,1.31151,3198102,1.78291,0,0,-1,0,1.3115
fields/00039__plt00039__fab0000_comp02_ez.f32__c0032__dt-f32/chunk_0,4194304,c74f4c83c98cc1ae,24,np-setting,1.14474,3663992,1.84186,0,0,-1,0,1.14474
fields/00039__plt00039__fab0000_comp02_ez.f32__c0036__dt-f32/chunk_0,4194304,41075361567669,24,np-setting,1.49947,2797210,1.83437,0,0,-1,0,1.49946
fields/00039__plt00039__fab0000_comp02_ez.f32__c0040__dt-f32/chunk_0,4194304,e0c9f4dbd4630935,24,np-setting,5.0313,833666,1.20733,0,0,-1,0,5.03116
fields/00039__plt00039__fab0000_comp02_ez.f32__c0044__dt-f32/chunk_0,4194304,79f75760932245f2,24,np-setting,5.03241,833482,1.20845,0,0,-1,0,5.03227
fields/00039__plt00039__fab0000_comp02_ez.f32__c0048__dt-f32/chunk_0,4194304,d546b979e7d7b2fe,24,np-setting,5.0321,833534,2.18083,0,0,-1,0,5.03195
fields/00039__plt00039__fab0000_comp02_ez.f32__c0052__dt-f32/chunk_0,4194304,cd1e14faeff6fede,24,np-setting,5.032,833550,2.16541,0,0,-1,0,5.03186
fields/00039__plt00039__fab0000_comp02_ez.f32__c0056__dt-f32/chunk_0,4194304,40ca607e977d907e,24,np-setting,5.03302,833382,1.25651,0,0,-1,0,5.03287
fields/00039__plt00039__fab0000_comp02_ez.f32__c0060__dt-f32/chunk_0,4194304,9f5e8b94d29a462,24,np-setting,5.03022,833846,1.36358,0,0,-1,0,5.03007
fields/00040__plt00040__fab0000_comp02_ez.f32__c0000__dt-f32/chunk_0,4194304,f2ff196a1fbb64b1,24,np-setting,5.03162,833614,1.01693,0,0,-1,0,5.03147
fields/00040__plt00040__fab0000_comp02_ez.f32__c0004__dt-f32/chunk_0,4194304,8c17c5b82364fdf1,24,np-setting,5.03396,833226,0.962592,0,0,-1,0,5.03381
fields/00040__plt00040__fab0000_comp02_ez.f32__c0008__dt-f32/chunk_0,4194304,cbc659cc357d1402,24,np-setting,5.03274,833428,1.72349,0,0,-1,0,5.03259
fields/00040__plt00040__fab0000_comp02_ez.f32__c0012__dt-f32/chunk_0,4194304,4136c47670b3ad01,24,np-setting,5.03213,833528,1.6817,0,0,-1,0,5.03199
fields/00040__plt00040__fab0000_comp02_ez.f32__c0016__dt-f32/chunk_0,4194304,e7a96b3a63cb45e1,24,np-setting,5.03213,833528,2.15357,0,0,-1,0,5.03199
fields/00040__plt00040__fab0000_comp02_ez.f32__c0020__dt-f32/chunk_0,4194304,8c027244e86b7962,24,np-setting,5.03129,833668,1.57421,0,0,-1,0,5.03114
fields/00040__plt00040__fab0000_comp02_ez.f32__c0024__dt-f32/chunk_0,4194304,8de89dd4cc6f815e,24,np-setting,5.03058,833786,3.68442,0,0,-1,0,5.03043
fields/00040__plt00040__fab0000_comp02_ez.f32__c0028__dt-f32/chunk_0,4194304,db175e34b83bb01d,24,np-setting,1.30724,3208546,1.03475,0,0,-1,0,1.30723
fields/00040__plt00040__fab0000_comp02_ez.f32__c0032__dt-f32/chunk_0,4194304,39b61102874c95a9,24,np-setting,1.14527,3662294,0.983584,0,0,-1,0,1.14527
fields/00040__plt00040__fab0000_comp02_ez.f32__c0036__dt-f32/chunk_0,4194304,8f9ffda8a99e807c,24,np-setting,1.45697,2878818,1.37693,0,0,-1,0,1.45695
fields/00040__plt00040__fab0000_comp02_ez.f32__c0040__dt-f32/chunk_0,4194304,e0c9f4dbd4630935,24,np-setting,5.0313,833666,1.80208,0,0,-1,0,5.03116
fields/00040__plt00040__fab0000_comp02_ez.f32__c0044__dt-f32/chunk_0,4194304,79f75760932245f2,24,np-setting,5.03241,833482,0.464992,0,0,-1,0,5.03227
fields/00040__plt00040__fab0000_comp02_ez.f32__c0048__dt-f32/chunk_0,4194304,d546b979e7d7b2fe,24,np-setting,5.0321,833534,1.40829,0,0,-1,0,5.03195
fields/00040__plt00040__fab0000_comp02_ez.f32__c0052__dt-f32/chunk_0,4194304,cd1e14faeff6fede,24,np-setting,5.032,833550,1.54118,0,0,-1,0,5.03186
fields/00040__plt00040__fab0000_comp02_ez.f32__c0056__dt-f32/chunk_0,4194304,40ca607e977d907e,24,np-setting,5.03302,833382,0.921984,0,0,-1,0,5.03287
fields/00040__plt00040__fab0000_comp02_ez.f32__c0060__dt-f32/chunk_0,4194304,9f5e8b94d29a462,24,np-setting,5.03022,833846,0.511616,0,0,-1,0,5.03007
fields/00041__plt00041__fab0000_comp02_ez.f32__c0000__dt-f32/chunk_0,4194304,f2ff196a1fbb64b1,24,np-setting,5.03162,833614,1.17994,0,0,-1,0,5.03147
fields/00041__plt00041__fab0000_comp02_ez.f32__c0004__dt-f32/chunk_0,4194304,8c17c5b82364fdf1,24,np-setting,5.03396,833226,0.764704,0,0,-1,0,5.03381
fields/00041__plt00041__fab0000_comp02_ez.f32__c0008__dt-f32/chunk_0,4194304,cbc659cc357d1402,24,np-setting,5.03274,833428,1.86442,0,0,-1,0,5.03259
fields/00041__plt00041__fab0000_comp02_ez.f32__c0012__dt-f32/chunk_0,4194304,4136c47670b3ad01,24,np-setting,5.03213,833528,2.35034,0,0,-1,0,5.03199
fields/00041__plt00041__fab0000_comp02_ez.f32__c0016__dt-f32/chunk_0,4194304,e7a96b3a63cb45e1,24,np-setting,5.03213,833528,1.46947,0,0,-1,0,5.03199
fields/00041__plt00041__fab0000_comp02_ez.f32__c0020__dt-f32/chunk_0,4194304,8c027244e86b7962,24,np-setting,5.03129,833668,1.16522,0,0,-1,0,5.03114
fields/00041__plt00041__fab0000_comp02_ez.f32__c0024__dt-f32/chunk_0,4194304,8de89dd4cc6f815e,24,np-setting,5.03058,833786,1.31469,0,0,-1,0,5.03043
fields/00041__plt00041__fab0000_comp02_ez.f32__c0028__dt-f32/chunk_0,4194304,8d70b30592f41306,24,np-setting,1.30376,3217110,0.59984,0,0,-1,0,1.30375
fields/00041__plt00041__fab0000_comp02_ez.f32__c0032__dt-f32/chunk_0,4194304,6f16537bc43684ea,24,np-setting,1.14565,3661098,0.928352,0,0,-1,0,1.14564
fields/00041__plt00041__fab0000_comp02_ez.f32__c0036__dt-f32/chunk_0,4194304,ac4a093a19ed9994,24,np-setting,1.42512,2943144,0.273952,0,0,-1,0,1.42511
fields/00041__plt00041__fab0000_comp02_ez.f32__c0040__dt-f32/chunk_0,4194304,e0c9f4dbd4630935,24,np-setting,5.0313,833666,0.588064,0,0,-1,0,5.03116
fields/00041__plt00041__fab0000_comp02_ez.f32__c0044__dt-f32/chunk_0,4194304,79f75760932245f2,24,np-setting,5.03241,833482,1.58342,0,0,-1,0,5.03227
fields/00041__plt00041__fab0000_comp02_ez.f32__c0048__dt-f32/chunk_0,4194304,d546b979e7d7b2fe,24,np-setting,5.0321,833534,2.13181,0,0,-1,0,5.03195
fields/00041__plt00041__fab0000_comp02_ez.f32__c0052__dt-f32/chunk_0,4194304,cd1e14faeff6fede,24,np-setting,5.032,833550,1.3679,0,0,-1,0,5.03186
fields/00041__plt00041__fab0000_comp02_ez.f32__c0056__dt-f32/chunk_0,4194304,40ca607e977d907e,24,np-setting,5.03302,833382,1.31638,0,0,-1,0,5.03287
fields/00041__plt00041__fab0000_comp02_ez.f32__c0060__dt-f32/chunk_0,4194304,9f5e8b94d29a462,24,np-setting,5.03022,833846,1.70704,0,0,-1,0,5.03007
fields/00042__plt00042__fab0000_comp02_ez.f32__c0000__dt-f32/chunk_0,4194304,f2ff196a1fbb64b1,24,np-setting,5.03162,833614,1.58621,0,0,-1,0,5.03147
fields/00042__plt00042__fab0000_comp02_ez.f32__c0004__dt-f32/chunk_0,4194304,8c17c5b82364fdf1,24,np-setting,5.03396,833226,0.671488,0,0,-1,0,5.03381
fields/00042__plt00042__fab0000_comp02_ez.f32__c0008__dt-f32/chunk_0,4194304,cbc659cc357d1402,24,np-setting,5.03274,833428,0.326784,0,0,-1,0,5.03259
fields/00042__plt00042__fab0000_comp02_ez.f32__c0012__dt-f32/chunk_0,4194304,4136c47670b3ad01,24,np-setting,5.03213,833528,0.382976,0,0,-1,0,5.03199
fields/00042__plt00042__fab0000_comp02_ez.f32__c0016__dt-f32/chunk_0,4194304,e7a96b3a63cb45e1,24,np-setting,5.03213,833528,1.00608,0,0,-1,0,5.03199
fields/00042__plt00042__fab0000_comp02_ez.f32__c0020__dt-f32/chunk_0,4194304,8c027244e86b7962,24,np-setting,5.03129,833668,1.23946,0,0,-1,0,5.03114
fields/00042__plt00042__fab0000_comp02_ez.f32__c0024__dt-f32/chunk_0,4194304,8de89dd4cc6f815e,24,np-setting,5.03058,833786,1.19853,0,0,-1,0,5.03043
fields/00042__plt00042__fab0000_comp02_ez.f32__c0028__dt-f32/chunk_0,4194304,32e30572019b9947,24,np-setting,1.30007,3226230,1.46045,0,0,-1,0,1.30006
fields/00042__plt00042__fab0000_comp02_ez.f32__c0032__dt-f32/chunk_0,4194304,85eac4242227abdb,24,np-setting,1.14622,3659286,1.44422,0,0,-1,0,1.14621
fields/00042__plt00042__fab0000_comp02_ez.f32__c0036__dt-f32/chunk_0,4194304,e5029d8579611b97,24,np-setting,1.40139,2992976,3.19232,0,0,-1,0,1.40138
fields/00042__plt00042__fab0000_comp02_ez.f32__c0040__dt-f32/chunk_0,4194304,e0c9f4dbd4630935,24,np-setting,5.0313,833666,3.64301,0,0,-1,0,5.03116
fields/00042__plt00042__fab0000_comp02_ez.f32__c0044__dt-f32/chunk_0,4194304,79f75760932245f2,24,np-setting,5.03241,833482,1.36672,0,0,-1,0,5.03227
fields/00042__plt00042__fab0000_comp02_ez.f32__c0048__dt-f32/chunk_0,4194304,d546b979e7d7b2fe,24,np-setting,5.0321,833534,1.16013,0,0,-1,0,5.03195
fields/00042__plt00042__fab0000_comp02_ez.f32__c0052__dt-f32/chunk_0,4194304,cd1e14faeff6fede,24,np-setting,5.032,833550,1.97587,0,0,-1,0,5.03186
fields/00042__plt00042__fab0000_comp02_ez.f32__c0056__dt-f32/chunk_0,4194304,40ca607e977d907e,24,np-setting,5.03302,833382,2.32349,0,0,-1,0,5.03287
fields/00042__plt00042__fab0000_comp02_ez.f32__c0060__dt-f32/chunk_0,4194304,9f5e8b94d29a462,24,np-setting,5.03022,833846,1.71776,0,0,-1,0,5.03007
fields/00043__plt00043__fab0000_comp02_ez.f32__c0000__dt-f32/chunk_0,4194304,f2ff196a1fbb64b1,24,np-setting,5.03162,833614,1.6824,0,0,-1,0,5.03147
fields/00043__plt00043__fab0000_comp02_ez.f32__c0004__dt-f32/chunk_0,4194304,8c17c5b82364fdf1,24,np-setting,5.03396,833226,1.8879,0,0,-1,0,5.03381
fields/00043__plt00043__fab0000_comp02_ez.f32__c0008__dt-f32/chunk_0,4194304,cbc659cc357d1402,24,np-setting,5.03274,833428,0.997344,0,0,-1,0,5.03259
fields/00043__plt00043__fab0000_comp02_ez.f32__c0012__dt-f32/chunk_0,4194304,4136c47670b3ad01,24,np-setting,5.03213,833528,0.905088,0,0,-1,0,5.03199
fields/00043__plt00043__fab0000_comp02_ez.f32__c0016__dt-f32/chunk_0,4194304,e7a96b3a63cb45e1,24,np-setting,5.03213,833528,1.1167,0,0,-1,0,5.03199
fields/00043__plt00043__fab0000_comp02_ez.f32__c0020__dt-f32/chunk_0,4194304,8c027244e86b7962,24,np-setting,5.03129,833668,1.19808,0,0,-1,0,5.03114
fields/00043__plt00043__fab0000_comp02_ez.f32__c0024__dt-f32/chunk_0,4194304,8de89dd4cc6f815e,24,np-setting,5.03058,833786,1.15706,0,0,-1,0,5.03043
fields/00043__plt00043__fab0000_comp02_ez.f32__c0028__dt-f32/chunk_0,4194304,6f53acaabba0cc32,24,np-setting,1.29707,3233696,1.45034,0,0,-1,0,1.29706
fields/00043__plt00043__fab0000_comp02_ez.f32__c0032__dt-f32/chunk_0,4194304,4c85b6b0370f670f,24,np-setting,1.14658,3658110,1.2016,0,0,-1,0,1.14658
fields/00043__plt00043__fab0000_comp02_ez.f32__c0036__dt-f32/chunk_0,4194304,b698f27030ba293a,24,np-setting,1.38348,3031734,1.75645,0,0,-1,0,1.38347
fields/00043__plt00043__fab0000_comp02_ez.f32__c0040__dt-f32/chunk_0,4194304,e0c9f4dbd4630935,24,np-setting,5.0313,833666,1.75558,0,0,-1,0,5.03116
fields/00043__plt00043__fab0000_comp02_ez.f32__c0044__dt-f32/chunk_0,4194304,79f75760932245f2,24,np-setting,5.03241,833482,0.488224,0,0,-1,0,5.03227
fields/00043__plt00043__fab0000_comp02_ez.f32__c0048__dt-f32/chunk_0,4194304,d546b979e7d7b2fe,24,np-setting,5.0321,833534,0.489344,0,0,-1,0,5.03195
fields/00043__plt00043__fab0000_comp02_ez.f32__c0052__dt-f32/chunk_0,4194304,cd1e14faeff6fede,24,np-setting,5.032,833550,1.69722,0,0,-1,0,5.03186
fields/00043__plt00043__fab0000_comp02_ez.f32__c0056__dt-f32/chunk_0,4194304,40ca607e977d907e,24,np-setting,5.03302,833382,1.68406,0,0,-1,0,5.03287
fields/00043__plt00043__fab0000_comp02_ez.f32__c0060__dt-f32/chunk_0,4194304,9f5e8b94d29a462,24,np-setting,5.03022,833846,1.88186,0,0,-1,0,5.03007
fields/00044__plt00044__fab0000_comp02_ez.f32__c0000__dt-f32/chunk_0,4194304,f2ff196a1fbb64b1,24,np-setting,5.03162,833614,1.35776,0,0,-1,0,5.03147
fields/00044__plt00044__fab0000_comp02_ez.f32__c0004__dt-f32/chunk_0,4194304,8c17c5b82364fdf1,24,np-setting,5.03396,833226,2.3016,0,0,-1,0,5.03381
fields/00044__plt00044__fab0000_comp02_ez.f32__c0008__dt-f32/chunk_0,4194304,cbc659cc357d1402,24,np-setting,5.03274,833428,1.18506,0,0,-1,0,5.03259
fields/00044__plt00044__fab0000_comp02_ez.f32__c0012__dt-f32/chunk_0,4194304,4136c47670b3ad01,24,np-setting,5.03213,833528,1.94557,0,0,-1,0,5.03199
fields/00044__plt00044__fab0000_comp02_ez.f32__c0016__dt-f32/chunk_0,4194304,e7a96b3a63cb45e1,24,np-setting,5.03213,833528,2.4791,0,0,-1,0,5.03199
fields/00044__plt00044__fab0000_comp02_ez.f32__c0020__dt-f32/chunk_0,4194304,8c027244e86b7962,24,np-setting,5.03129,833668,1.53494,0,0,-1,0,5.03114
fields/00044__plt00044__fab0000_comp02_ez.f32__c0024__dt-f32/chunk_0,4194304,8de89dd4cc6f815e,24,np-setting,5.03058,833786,0.906784,0,0,-1,0,5.03043
fields/00044__plt00044__fab0000_comp02_ez.f32__c0028__dt-f32/chunk_0,4194304,157e051bf6cd3ef,24,np-setting,1.29388,3241660,1.26016,0,0,-1,0,1.29388
fields/00044__plt00044__fab0000_comp02_ez.f32__c0032__dt-f32/chunk_0,4194304,1a15ca6779e2b46e,24,np-setting,1.14709,3656486,1.0481,0,0,-1,0,1.14709
fields/00044__plt00044__fab0000_comp02_ez.f32__c0036__dt-f32/chunk_0,4194304,30802e0a3f36f6b,24,np-setting,1.36957,3062530,0.591744,0,0,-1,0,1.36956
fields/00044__plt00044__fab0000_comp02_ez.f32__c0040__dt-f32/chunk_0,4194304,e0c9f4dbd4630935,24,np-setting,5.0313,833666,0.782272,0,0,-1,0,5.03116
fields/00044__plt00044__fab0000_comp02_ez.f32__c0044__dt-f32/chunk_0,4194304,79f75760932245f2,24,np-setting,5.03241,833482,0.958592,0,0,-1,0,5.03227
fields/00044__plt00044__fab0000_comp02_ez.f32__c0048__dt-f32/chunk_0,4194304,d546b979e7d7b2fe,24,np-setting,5.0321,833534,0.693024,0,0,-1,0,5.03195
fields/00044__plt00044__fab0000_comp02_ez.f32__c0052__dt-f32/chunk_0,4194304,cd1e14faeff6fede,24,np-setting,5.032,833550,1.91133,0,0,-1,0,5.03186
fields/00044__plt00044__fab0000_comp02_ez.f32__c0056__dt-f32/chunk_0,4194304,40ca607e977d907e,24,np-setting,5.03302,833382,1.90243,0,0,-1,0,5.03287
fields/00044__plt00044__fab0000_comp02_ez.f32__c0060__dt-f32/chunk_0,4194304,9f5e8b94d29a462,24,np-setting,5.03022,833846,2.0103,0,0,-1,0,5.03007
fields/00045__plt00045__fab0000_comp02_ez.f32__c0000__dt-f32/chunk_0,4194304,f2ff196a1fbb64b1,24,np-setting,5.03162,833614,0.785152,0,0,-1,0,5.03147
fields/00045__plt00045__fab0000_comp02_ez.f32__c0004__dt-f32/chunk_0,4194304,8c17c5b82364fdf1,24,np-setting,5.03396,833226,0.786464,0,0,-1,0,5.03381
fields/00045__plt00045__fab0000_comp02_ez.f32__c0008__dt-f32/chunk_0,4194304,cbc659cc357d1402,24,np-setting,5.03274,833428,0.698752,0,0,-1,0,5.03259
fields/00045__plt00045__fab0000_comp02_ez.f32__c0012__dt-f32/chunk_0,4194304,4136c47670b3ad01,24,np-setting,5.03213,833528,1.38326,0,0,-1,0,5.03199
fields/00045__plt00045__fab0000_comp02_ez.f32__c0016__dt-f32/chunk_0,4194304,e7a96b3a63cb45e1,24,np-setting,5.03213,833528,0.679712,0,0,-1,0,5.03199
fields/00045__plt00045__fab0000_comp02_ez.f32__c0020__dt-f32/chunk_0,4194304,8c027244e86b7962,24,np-setting,5.03129,833668,1.21107,0,0,-1,0,5.03114
fields/00045__plt00045__fab0000_comp02_ez.f32__c0024__dt-f32/chunk_0,4194304,8de89dd4cc6f815e,24,np-setting,5.03058,833786,1.54675,0,0,-1,0,5.03043
fields/00045__plt00045__fab0000_comp02_ez.f32__c0028__dt-f32/chunk_0,4194304,e932965b77c5c658,24,np-setting,1.29118,3248446,1.8768,0,0,-1,0,1.29117
fields/00045__plt00045__fab0000_comp02_ez.f32__c0032__dt-f32/chunk_0,4194304,55b439af0ff6d667,24,np-setting,1.14762,3654814,1.40758,0,0,-1,0,1.14761
fields/00045__plt00045__fab0000_comp02_ez.f32__c0036__dt-f32/chunk_0,4194304,8a7cd34547d0b990,24,np-setting,1.35924,3085790,1.42054,0,0,-1,0,1.35923
fields/00045__plt00045__fab0000_comp02_ez.f32__c0040__dt-f32/chunk_0,4194304,e0c9f4dbd4630935,24,np-setting,5.0313,833666,1.63312,0,0,-1,0,5.03116
fields/00045__plt00045__fab0000_comp02_ez.f32__c0044__dt-f32/chunk_0,4194304,79f75760932245f2,24,np-setting,5.03241,833482,0.258016,0,0,-1,0,5.03227
fields/00045__plt00045__fab0000_comp02_ez.f32__c0048__dt-f32/chunk_0,4194304,d546b979e7d7b2fe,24,np-setting,5.0321,833534,0.679712,0,0,-1,0,5.03195
fields/00045__plt00045__fab0000_comp02_ez.f32__c0052__dt-f32/chunk_0,4194304,cd1e14faeff6fede,24,np-setting,5.032,833550,0.21824,0,0,-1,0,5.03186
fields/00045__plt00045__fab0000_comp02_ez.f32__c0056__dt-f32/chunk_0,4194304,40ca607e977d907e,24,np-setting,5.03302,833382,1.51456,0,0,-1,0,5.03287
fields/00045__plt00045__fab0000_comp02_ez.f32__c0060__dt-f32/chunk_0,4194304,9f5e8b94d29a462,24,np-setting,5.03022,833846,1.50035,0,0,-1,0,5.03007
fields/00046__plt00046__fab0000_comp02_ez.f32__c0000__dt-f32/chunk_0,4194304,f2ff196a1fbb64b1,24,np-setting,5.03162,833614,1.57398,0,0,-1,0,5.03147
fields/00046__plt00046__fab0000_comp02_ez.f32__c0004__dt-f32/chunk_0,4194304,8c17c5b82364fdf1,24,np-setting,5.03396,833226,1.30454,0,0,-1,0,5.03381
fields/00046__plt00046__fab0000_comp02_ez.f32__c0008__dt-f32/chunk_0,4194304,cbc659cc357d1402,24,np-setting,5.03274,833428,0.801408,0,0,-1,0,5.03259
fields/00046__plt00046__fab0000_comp02_ez.f32__c0012__dt-f32/chunk_0,4194304,4136c47670b3ad01,24,np-setting,5.03213,833528,0.449056,0,0,-1,0,5.03199
fields/00046__plt00046__fab0000_comp02_ez.f32__c0016__dt-f32/chunk_0,4194304,e7a96b3a63cb45e1,24,np-setting,5.03213,833528,0.251328,0,0,-1,0,5.03199
fields/00046__plt00046__fab0000_comp02_ez.f32__c0020__dt-f32/chunk_0,4194304,8c027244e86b7962,24,np-setting,5.03129,833668,0.482944,0,0,-1,0,5.03114
fields/00046__plt00046__fab0000_comp02_ez.f32__c0024__dt-f32/chunk_0,4194304,8de89dd4cc6f815e,24,np-setting,5.03058,833786,0.205312,0,0,-1,0,5.03043
fields/00046__plt00046__fab0000_comp02_ez.f32__c0028__dt-f32/chunk_0,4194304,435b13f3e1470d10,24,np-setting,1.28872,3254664,0.283648,0,0,-1,0,1.28871
fields/00046__plt00046__fab0000_comp02_ez.f32__c0032__dt-f32/chunk_0,4194304,4ee9e78a4a33774f,24,np-setting,1.14812,3653230,1.65776,0,0,-1,0,1.14811
fields/00046__plt00046__fab0000_comp02_ez.f32__c0036__dt-f32/chunk_0,4194304,bfac8b3941ea5b7f,24,np-setting,1.3507,3105296,3.04832,0,0,-1,0,1.35069
fields/00046__plt00046__fab0000_comp02_ez.f32__c0040__dt-f32/chunk_0,4194304,e0c9f4dbd4630935,24,np-setting,5.0313,833666,1.25846,0,0,-1,0,5.03116
fields/00046__plt00046__fab0000_comp02_ez.f32__c0044__dt-f32/chunk_0,4194304,79f75760932245f2,24,np-setting,5.03241,833482,1.99104,0,0,-1,0,5.03227
fields/00046__plt00046__fab0000_comp02_ez.f32__c0048__dt-f32/chunk_0,4194304,d546b979e7d7b2fe,24,np-setting,5.0321,833534,1.31846,0,0,-1,0,5.03195
fields/00046__plt00046__fab0000_comp02_ez.f32__c0052__dt-f32/chunk_0,4194304,cd1e14faeff6fede,24,np-setting,5.032,833550,1.19562,0,0,-1,0,5.03186
fields/00046__plt00046__fab0000_comp02_ez.f32__c0056__dt-f32/chunk_0,4194304,40ca607e977d907e,24,np-setting,5.03302,833382,1.93232,0,0,-1,0,5.03287
fields/00046__plt00046__fab0000_comp02_ez.f32__c0060__dt-f32/chunk_0,4194304,9f5e8b94d29a462,24,np-setting,5.03022,833846,1.90304,0,0,-1,0,5.03007
fields/00047__plt00047__fab0000_comp02_ez.f32__c0000__dt-f32/chunk_0,4194304,f2ff196a1fbb64b1,24,np-setting,5.03162,833614,1.00877,0,0,-1,0,5.03147
fields/00047__plt00047__fab0000_comp02_ez.f32__c0004__dt-f32/chunk_0,4194304,8c17c5b82364fdf1,24,np-setting,5.03396,833226,1.00435,0,0,-1,0,5.03381
fields/00047__plt00047__fab0000_comp02_ez.f32__c0008__dt-f32/chunk_0,4194304,cbc659cc357d1402,24,np-setting,5.03274,833428,0.650848,0,0,-1,0,5.03259
fields/00047__plt00047__fab0000_comp02_ez.f32__c0012__dt-f32/chunk_0,4194304,4136c47670b3ad01,24,np-setting,5.03213,833528,0.667488,0,0,-1,0,5.03199
fields/00047__plt00047__fab0000_comp02_ez.f32__c0016__dt-f32/chunk_0,4194304,e7a96b3a63cb45e1,24,np-setting,5.03213,833528,2.13613,0,0,-1,0,5.03199
fields/00047__plt00047__fab0000_comp02_ez.f32__c0020__dt-f32/chunk_0,4194304,8c027244e86b7962,24,np-setting,5.03129,833668,2.26941,0,0,-1,0,5.03114
fields/00047__plt00047__fab0000_comp02_ez.f32__c0024__dt-f32/chunk_0,4194304,8de89dd4cc6f815e,24,np-setting,5.03058,833786,1.73821,0,0,-1,0,5.03043
fields/00047__plt00047__fab0000_comp02_ez.f32__c0028__dt-f32/chunk_0,4194304,e85b2421ce159d4a,24,np-setting,1.28617,3261100,1.81782,0,0,-1,0,1.28616
fields/00047__plt00047__fab0000_comp02_ez.f32__c0032__dt-f32/chunk_0,4194304,98cab5c809532710,24,np-setting,1.14868,3651446,1.80301,0,0,-1,0,1.14867
fields/00047__plt00047__fab0000_comp02_ez.f32__c0036__dt-f32/chunk_0,4194304,3d82274a7e6ac7c3,24,np-setting,1.34352,3121894,1.55126,0,0,-1,0,1.34351
fields/00047__plt00047__fab0000_comp02_ez.f32__c0040__dt-f32/chunk_0,4194304,e0c9f4dbd4630935,24,np-setting,5.0313,833666,1.45021,0,0,-1,0,5.03116
fields/00047__plt00047__fab0000_comp02_ez.f32__c0044__dt-f32/chunk_0,4194304,79f75760932245f2,24,np-setting,5.03241,833482,1.7616,0,0,-1,0,5.03227
fields/00047__plt00047__fab0000_comp02_ez.f32__c0048__dt-f32/chunk_0,4194304,d546b979e7d7b2fe,24,np-setting,5.0321,833534,2.74394,0,0,-1,0,5.03195
fields/00047__plt00047__fab0000_comp02_ez.f32__c0052__dt-f32/chunk_0,4194304,cd1e14faeff6fede,24,np-setting,5.032,833550,0.239008,0,0,-1,0,5.03186
fields/00047__plt00047__fab0000_comp02_ez.f32__c0056__dt-f32/chunk_0,4194304,40ca607e977d907e,24,np-setting,5.03302,833382,0.72192,0,0,-1,0,5.03287
fields/00047__plt00047__fab0000_comp02_ez.f32__c0060__dt-f32/chunk_0,4194304,9f5e8b94d29a462,24,np-setting,5.03022,833846,0.478816,0,0,-1,0,5.03007
fields/00048__plt00048__fab0000_comp02_ez.f32__c0000__dt-f32/chunk_0,4194304,f2ff196a1fbb64b1,24,np-setting,5.03162,833614,0.231008,0,0,-1,0,5.03147
fields/00048__plt00048__fab0000_comp02_ez.f32__c0004__dt-f32/chunk_0,4194304,8c17c5b82364fdf1,24,np-setting,5.03396,833226,1.49827,0,0,-1,0,5.03381
fields/00048__plt00048__fab0000_comp02_ez.f32__c0008__dt-f32/chunk_0,4194304,cbc659cc357d1402,24,np-setting,5.03274,833428,1.15706,0,0,-1,0,5.03259
fields/00048__plt00048__fab0000_comp02_ez.f32__c0012__dt-f32/chunk_0,4194304,4136c47670b3ad01,24,np-setting,5.03213,833528,1.68771,0,0,-1,0,5.03199
fields/00048__plt00048__fab0000_comp02_ez.f32__c0016__dt-f32/chunk_0,4194304,e7a96b3a63cb45e1,24,np-setting,5.03213,833528,1.18115,0,0,-1,0,5.03199
fields/00048__plt00048__fab0000_comp02_ez.f32__c0020__dt-f32/chunk_0,4194304,8c027244e86b7962,24,np-setting,5.03129,833668,0.558656,0,0,-1,0,5.03114
fields/00048__plt00048__fab0000_comp02_ez.f32__c0024__dt-f32/chunk_0,4194304,8de89dd4cc6f815e,24,np-setting,5.03058,833786,0.580416,0,0,-1,0,5.03043
fields/00048__plt00048__fab0000_comp02_ez.f32__c0028__dt-f32/chunk_0,4194304,49ba3bbbadd148be,24,np-setting,1.28383,3267046,1.05178,0,0,-1,0,1.28382
fields/00048__plt00048__fab0000_comp02_ez.f32__c0032__dt-f32/chunk_0,4194304,a970acc7367442a2,24,np-setting,1.14909,3650134,0.79536,0,0,-1,0,1.14908
fields/00048__plt00048__fab0000_comp02_ez.f32__c0036__dt-f32/chunk_0,4194304,454894b21526a20d,24,np-setting,1.33763,3135646,2.71798,0,0,-1,0,1.33762
fields/00048__plt00048__fab0000_comp02_ez.f32__c0040__dt-f32/chunk_0,4194304,e0c9f4dbd4630935,24,np-setting,5.0313,833666,1.61354,0,0,-1,0,5.03116
fields/00048__plt00048__fab0000_comp02_ez.f32__c0044__dt-f32/chunk_0,4194304,79f75760932245f2,24,np-setting,5.03241,833482,1.72896,0,0,-1,0,5.03227
fields/00048__plt00048__fab0000_comp02_ez.f32__c0048__dt-f32/chunk_0,4194304,d546b979e7d7b2fe,24,np-setting,5.0321,833534,0.873376,0,0,-1,0,5.03195
fields/00048__plt00048__fab0000_comp02_ez.f32__c0052__dt-f32/chunk_0,4194304,cd1e14faeff6fede,24,np-setting,5.032,833550,0.353632,0,0,-1,0,5.03186
fields/00048__plt00048__fab0000_comp02_ez.f32__c0056__dt-f32/chunk_0,4194304,40ca607e977d907e,24,np-setting,5.03302,833382,1.6311,0,0,-1,0,5.03287
fields/00048__plt00048__fab0000_comp02_ez.f32__c0060__dt-f32/chunk_0,4194304,9f5e8b94d29a462,24,np-setting,5.03022,833846,0.856512,0,0,-1,0,5.03007
fields/00049__plt00049__fab0000_comp02_ez.f32__c0000__dt-f32/chunk_0,4194304,f2ff196a1fbb64b1,24,np-setting,5.03162,833614,1.16688,0,0,-1,0,5.03147
fields/00049__plt00049__fab0000_comp02_ez.f32__c0004__dt-f32/chunk_0,4194304,8c17c5b82364fdf1,24,np-setting,5.03396,833226,1.20858,0,0,-1,0,5.03381
fields/00049__plt00049__fab0000_comp02_ez.f32__c0008__dt-f32/chunk_0,4194304,cbc659cc357d1402,24,np-setting,5.03274,833428,1.44704,0,0,-1,0,5.03259
fields/00049__plt00049__fab0000_comp02_ez.f32__c0012__dt-f32/chunk_0,4194304,4136c47670b3ad01,24,np-setting,5.03213,833528,0.251424,0,0,-1,0,5.03199
fields/00049__plt00049__fab0000_comp02_ez.f32__c0016__dt-f32/chunk_0,4194304,e7a96b3a63cb45e1,24,np-setting,5.03213,833528,0.25584,0,0,-1,0,5.03199
fields/00049__plt00049__fab0000_comp02_ez.f32__c0020__dt-f32/chunk_0,4194304,8c027244e86b7962,24,np-setting,5.03129,833668,0.376544,0,0,-1,0,5.03114
fields/00049__plt00049__fab0000_comp02_ez.f32__c0024__dt-f32/chunk_0,4194304,8de89dd4cc6f815e,24,np-setting,5.03058,833786,1.10285,0,0,-1,0,5.03043
fields/00049__plt00049__fab0000_comp02_ez.f32__c0028__dt-f32/chunk_0,4194304,3b6a87aa3aff6bb3,24,np-setting,1.28183,3272134,2.23702,0,0,-1,0,1.28183
fields/00049__plt00049__fab0000_comp02_ez.f32__c0032__dt-f32/chunk_0,4194304,abc6a94ff19ebea5,24,np-setting,1.14957,3648622,0.290944,0,0,-1,0,1.14956
fields/00049__plt00049__fab0000_comp02_ez.f32__c0036__dt-f32/chunk_0,4194304,95ad8785081c3745,24,np-setting,1.33202,3148842,1.98179,0,0,-1,0,1.33201
fields/00049__plt00049__fab0000_comp02_ez.f32__c0040__dt-f32/chunk_0,4194304,e0c9f4dbd4630935,24,np-setting,5.0313,833666,0.403392,0,0,-1,0,5.03116
fields/00049__plt00049__fab0000_comp02_ez.f32__c0044__dt-f32/chunk_0,4194304,79f75760932245f2,24,np-setting,5.03241,833482,1.35728,0,0,-1,0,5.03227
fields/00049__plt00049__fab0000_comp02_ez.f32__c0048__dt-f32/chunk_0,4194304,d546b979e7d7b2fe,24,np-setting,5.0321,833534,2.0048,0,0,-1,0,5.03195
fields/00049__plt00049__fab0000_comp02_ez.f32__c0052__dt-f32/chunk_0,4194304,cd1e14faeff6fede,24,np-setting,5.032,833550,1.18634,0,0,-1,0,5.03186
fields/00049__plt00049__fab0000_comp02_ez.f32__c0056__dt-f32/chunk_0,4194304,40ca607e977d907e,24,np-setting,5.03302,833382,1.8231,0,0,-1,0,5.03287
fields/00049__plt00049__fab0000_comp02_ez.f32__c0060__dt-f32/chunk_0,4194304,9f5e8b94d29a462,24,np-setting,5.03022,833846,1.59536,0,0,-1,0,5.03007
fields/00050__plt00050__fab0000_comp02_ez.f32__c0000__dt-f32/chunk_0,4194304,f2ff196a1fbb64b1,24,np-setting,5.03162,833614,0.895552,0,0,-1,0,5.03147
fields/00050__plt00050__fab0000_comp02_ez.f32__c0004__dt-f32/chunk_0,4194304,8c17c5b82364fdf1,24,np-setting,5.03396,833226,0.76,0,0,-1,0,5.03381
fields/00050__plt00050__fab0000_comp02_ez.f32__c0008__dt-f32/chunk_0,4194304,cbc659cc357d1402,24,np-setting,5.03274,833428,0.573696,0,0,-1,0,5.03259
fields/00050__plt00050__fab0000_comp02_ez.f32__c0012__dt-f32/chunk_0,4194304,4136c47670b3ad01,24,np-setting,5.03213,833528,1.25133,0,0,-1,0,5.03199
fields/00050__plt00050__fab0000_comp02_ez.f32__c0016__dt-f32/chunk_0,4194304,e7a96b3a63cb45e1,24,np-setting,5.03213,833528,0.580096,0,0,-1,0,5.03199
fields/00050__plt00050__fab0000_comp02_ez.f32__c0020__dt-f32/chunk_0,4194304,8c027244e86b7962,24,np-setting,5.03129,833668,0.464576,0,0,-1,0,5.03114
fields/00050__plt00050__fab0000_comp02_ez.f32__c0024__dt-f32/chunk_0,4194304,8de89dd4cc6f815e,24,np-setting,5.03058,833786,0.494144,0,0,-1,0,5.03043
fields/00050__plt00050__fab0000_comp02_ez.f32__c0028__dt-f32/chunk_0,4194304,7a4c79ceb880439b,24,np-setting,1.27985,3277218,0.51056,0,0,-1,0,1.27984
fields/00050__plt00050__fab0000_comp02_ez.f32__c0032__dt-f32/chunk_0,4194304,417310f918c01c50,24,np-setting,1.15018,3646678,2.2447,0,0,-1,0,1.15017
fields/00050__plt00050__fab0000_comp02_ez.f32__c0036__dt-f32/chunk_0,4194304,123ef7939c49e92b,24,np-setting,1.32736,3159900,0.912224,0,0,-1,0,1.32735
fields/00050__plt00050__fab0000_comp02_ez.f32__c0040__dt-f32/chunk_0,4194304,e0c9f4dbd4630935,24,np-setting,5.0313,833666,2.22358,0,0,-1,0,5.03116
fields/00050__plt00050__fab0000_comp02_ez.f32__c0044__dt-f32/chunk_0,4194304,79f75760932245f2,24,np-setting,5.03241,833482,1.7697,0,0,-1,0,5.03227
fields/00050__plt00050__fab0000_comp02_ez.f32__c0048__dt-f32/chunk_0,4194304,d546b979e7d7b2fe,24,np-setting,5.0321,833534,0.883168,0,0,-1,0,5.03195
fields/00050__plt00050__fab0000_comp02_ez.f32__c0052__dt-f32/chunk_0,4194304,cd1e14faeff6fede,24,np-setting,5.032,833550,1.92688,0,0,-1,0,5.03186
fields/00050__plt00050__fab0000_comp02_ez.f32__c0056__dt-f32/chunk_0,4194304,40ca607e977d907e,24,np-setting,5.03302,833382,0.437024,0,0,-1,0,5.03287
fields/00050__plt00050__fab0000_comp02_ez.f32__c0060__dt-f32/chunk_0,4194304,9f5e8b94d29a462,24,np-setting,5.03022,833846,0.423392,0,0,-1,0,5.03007
fields/00051__plt00051__fab0000_comp02_ez.f32__c0000__dt-f32/chunk_0,4194304,f2ff196a1fbb64b1,24,np-setting,5.03162,833614,0.273632,0,0,-1,0,5.03147
fields/00051__plt00051__fab0000_comp02_ez.f32__c0004__dt-f32/chunk_0,4194304,8c17c5b82364fdf1,24,np-setting,5.03396,833226,1.41219,0,0,-1,0,5.03381
fields/00051__plt00051__fab0000_comp02_ez.f32__c0008__dt-f32/chunk_0,4194304,cbc659cc357d1402,24,np-setting,5.03274,833428,1.35821,0,0,-1,0,5.03259
fields/00051__plt00051__fab0000_comp02_ez.f32__c0012__dt-f32/chunk_0,4194304,4136c47670b3ad01,24,np-setting,5.03213,833528,1.80096,0,0,-1,0,5.03199
fields/00051__plt00051__fab0000_comp02_ez.f32__c0016__dt-f32/chunk_0,4194304,e7a96b3a63cb45e1,24,np-setting,5.03213,833528,2.14707,0,0,-1,0,5.03199
fields/00051__plt00051__fab0000_comp02_ez.f32__c0020__dt-f32/chunk_0,4194304,8c027244e86b7962,24,np-setting,5.03129,833668,1.74285,0,0,-1,0,5.03114
fields/00051__plt00051__fab0000_comp02_ez.f32__c0024__dt-f32/chunk_0,4194304,8de89dd4cc6f815e,24,np-setting,5.03058,833786,1.93549,0,0,-1,0,5.03043
fields/00051__plt00051__fab0000_comp02_ez.f32__c0028__dt-f32/chunk_0,4194304,4366728ce9fae442,24,np-setting,1.27771,3282686,1.5775,0,0,-1,0,1.2777
fields/00051__plt00051__fab0000_comp02_ez.f32__c0032__dt-f32/chunk_0,4194304,1f3e32be58aafcbb,24,np-setting,1.15058,3645398,2.02093,0,0,-1,0,1.15058
fields/00051__plt00051__fab0000_comp02_ez.f32__c0036__dt-f32/chunk_0,4194304,1910e9ae584e1db2,24,np-setting,1.32327,3169666,0.442272,0,0,-1,0,1.32326
fields/00051__plt00051__fab0000_comp02_ez.f32__c0040__dt-f32/chunk_0,4194304,e0c9f4dbd4630935,24,np-setting,5.0313,833666,1.38003,0,0,-1,0,5.03116
fields/00051__plt00051__fab0000_comp02_ez.f32__c0044__dt-f32/chunk_0,4194304,79f75760932245f2,24,np-setting,5.03241,833482,1.98122,0,0,-1,0,5.03227
fields/00051__plt00051__fab0000_comp02_ez.f32__c0048__dt-f32/chunk_0,4194304,d546b979e7d7b2fe,24,np-setting,5.0321,833534,0.826432,0,0,-1,0,5.03195
fields/00051__plt00051__fab0000_comp02_ez.f32__c0052__dt-f32/chunk_0,4194304,cd1e14faeff6fede,24,np-setting,5.032,833550,1.58026,0,0,-1,0,5.03186
fields/00051__plt00051__fab0000_comp02_ez.f32__c0056__dt-f32/chunk_0,4194304,40ca607e977d907e,24,np-setting,5.03302,833382,1.96506,0,0,-1,0,5.03287
fields/00051__plt00051__fab0000_comp02_ez.f32__c0060__dt-f32/chunk_0,4194304,9f5e8b94d29a462,24,np-setting,5.03022,833846,1.04541,0,0,-1,0,5.03007
fields/00052__plt00052__fab0000_comp02_ez.f32__c0000__dt-f32/chunk_0,4194304,f2ff196a1fbb64b1,24,np-setting,5.03162,833614,1.89571,0,0,-1,0,5.03147
fields/00052__plt00052__fab0000_comp02_ez.f32__c0004__dt-f32/chunk_0,4194304,8c17c5b82364fdf1,24,np-setting,5.03396,833226,1.34112,0,0,-1,0,5.03381
fields/00052__plt00052__fab0000_comp02_ez.f32__c0008__dt-f32/chunk_0,4194304,cbc659cc357d1402,24,np-setting,5.03274,833428,1.5617,0,0,-1,0,5.03259
fields/00052__plt00052__fab0000_comp02_ez.f32__c0012__dt-f32/chunk_0,4194304,4136c47670b3ad01,24,np-setting,5.03213,833528,1.28294,0,0,-1,0,5.03199
fields/00052__plt00052__fab0000_comp02_ez.f32__c0016__dt-f32/chunk_0,4194304,e7a96b3a63cb45e1,24,np-setting,5.03213,833528,1.16035,0,0,-1,0,5.03199
fields/00052__plt00052__fab0000_comp02_ez.f32__c0020__dt-f32/chunk_0,4194304,8c027244e86b7962,24,np-setting,5.03129,833668,1.78381,0,0,-1,0,5.03114
fields/00052__plt00052__fab0000_comp02_ez.f32__c0024__dt-f32/chunk_0,4194304,8de89dd4cc6f815e,24,np-setting,5.03058,833786,1.71917,0,0,-1,0,5.03043
fields/00052__plt00052__fab0000_comp02_ez.f32__c0028__dt-f32/chunk_0,4194304,7a5c82d5b7161842,24,np-setting,1.27582,3287572,1.24694,0,0,-1,0,1.27581
fields/00052__plt00052__fab0000_comp02_ez.f32__c0032__dt-f32/chunk_0,4194304,99b4094448cf5f86,24,np-setting,1.15123,3643350,1.98816,0,0,-1,0,1.15122
fields/00052__plt00052__fab0000_comp02_ez.f32__c0036__dt-f32/chunk_0,4194304,2bc0b2ed7c608803,24,np-setting,1.31937,3179056,1.22822,0,0,-1,0,1.31936
fields/00052__plt00052__fab0000_comp02_ez.f32__c0040__dt-f32/chunk_0,4194304,e0c9f4dbd4630935,24,np-setting,5.0313,833666,0.778496,0,0,-1,0,5.03116
fields/00052__plt00052__fab0000_comp02_ez.f32__c0044__dt-f32/chunk_0,4194304,79f75760932245f2,24,np-setting,5.03241,833482,1.28893,0,0,-1,0,5.03227
fields/00052__plt00052__fab0000_comp02_ez.f32__c0048__dt-f32/chunk_0,4194304,d546b979e7d7b2fe,24,np-setting,5.0321,833534,1.22301,0,0,-1,0,5.03195
fields/00052__plt00052__fab0000_comp02_ez.f32__c0052__dt-f32/chunk_0,4194304,cd1e14faeff6fede,24,np-setting,5.032,833550,0.608768,0,0,-1,0,5.03186
fields/00052__plt00052__fab0000_comp02_ez.f32__c0056__dt-f32/chunk_0,4194304,40ca607e977d907e,24,np-setting,5.03302,833382,0.555488,0,0,-1,0,5.03287
fields/00052__plt00052__fab0000_comp02_ez.f32__c0060__dt-f32/chunk_0,4194304,9f5e8b94d29a462,24,np-setting,5.03022,833846,2.08659,0,0,-1,0,5.03007
fields/00053__plt00053__fab0000_comp02_ez.f32__c0000__dt-f32/chunk_0,4194304,f2ff196a1fbb64b1,24,np-setting,5.03162,833614,1.33555,0,0,-1,0,5.03147
fields/00053__plt00053__fab0000_comp02_ez.f32__c0004__dt-f32/chunk_0,4194304,8c17c5b82364fdf1,24,np-setting,5.03396,833226,1.75318,0,0,-1,0,5.03381
fields/00053__plt00053__fab0000_comp02_ez.f32__c0008__dt-f32/chunk_0,4194304,cbc659cc357d1402,24,np-setting,5.03274,833428,1.63808,0,0,-1,0,5.03259
fields/00053__plt00053__fab0000_comp02_ez.f32__c0012__dt-f32/chunk_0,4194304,4136c47670b3ad01,24,np-setting,5.03213,833528,1.67018,0,0,-1,0,5.03199
fields/00053__plt00053__fab0000_comp02_ez.f32__c0016__dt-f32/chunk_0,4194304,e7a96b3a63cb45e1,24,np-setting,5.03213,833528,1.16784,0,0,-1,0,5.03199
fields/00053__plt00053__fab0000_comp02_ez.f32__c0020__dt-f32/chunk_0,4194304,8c027244e86b7962,24,np-setting,5.03129,833668,1.55258,0,0,-1,0,5.03114
fields/00053__plt00053__fab0000_comp02_ez.f32__c0024__dt-f32/chunk_0,4194304,145801721de42d9b,24,np-setting,5.02918,834018,1.27952,0,0,-1,0,5.02903
fields/00053__plt00053__fab0000_comp02_ez.f32__c0028__dt-f32/chunk_0,4194304,2633d75f6ca033c9,24,np-setting,1.27396,3292360,1.11056,0,0,-1,0,1.27395
fields/00053__plt00053__fab0000_comp02_ez.f32__c0032__dt-f32/chunk_0,4194304,a6717b492f901c53,24,np-setting,1.15192,3641158,2.17267,0,0,-1,0,1.15191
fields/00053__plt00053__fab0000_comp02_ez.f32__c0036__dt-f32/chunk_0,4194304,3523e9169ead4955,24,np-setting,1.3158,3187670,1.91728,0,0,-1,0,1.31579
fields/00053__plt00053__fab0000_comp02_ez.f32__c0040__dt-f32/chunk_0,4194304,e0c9f4dbd4630935,24,np-setting,5.0313,833666,2.14899,0,0,-1,0,5.03116
fields/00053__plt00053__fab0000_comp02_ez.f32__c0044__dt-f32/chunk_0,4194304,79f75760932245f2,24,np-setting,5.03241,833482,0.927776,0,0,-1,0,5.03227
fields/00053__plt00053__fab0000_comp02_ez.f32__c0048__dt-f32/chunk_0,4194304,d546b979e7d7b2fe,24,np-setting,5.0321,833534,1.53072,0,0,-1,0,5.03195
fields/00053__plt00053__fab0000_comp02_ez.f32__c0052__dt-f32/chunk_0,4194304,cd1e14faeff6fede,24,np-setting,5.032,833550,1.89891,0,0,-1,0,5.03186
fields/00053__plt00053__fab0000_comp02_ez.f32__c0056__dt-f32/chunk_0,4194304,40ca607e977d907e,24,np-setting,5.03302,833382,1.82669,0,0,-1,0,5.03287
fields/00053__plt00053__fab0000_comp02_ez.f32__c0060__dt-f32/chunk_0,4194304,9f5e8b94d29a462,24,np-setting,5.03022,833846,1.12858,0,0,-1,0,5.03007
fields/00054__plt00054__fab0000_comp02_ez.f32__c0000__dt-f32/chunk_0,4194304,f2ff196a1fbb64b1,24,np-setting,5.03162,833614,1.22922,0,0,-1,0,5.03147
fields/00054__plt00054__fab0000_comp02_ez.f32__c0004__dt-f32/chunk_0,4194304,8c17c5b82364fdf1,24,np-setting,5.03396,833226,2.0376,0,0,-1,0,5.03381
fields/00054__plt00054__fab0000_comp02_ez.f32__c0008__dt-f32/chunk_0,4194304,cbc659cc357d1402,24,np-setting,5.03274,833428,0.791264,0,0,-1,0,5.03259
fields/00054__plt00054__fab0000_comp02_ez.f32__c0012__dt-f32/chunk_0,4194304,4136c47670b3ad01,24,np-setting,5.03213,833528,2.13318,0,0,-1,0,5.03199
fields/00054__plt00054__fab0000_comp02_ez.f32__c0016__dt-f32/chunk_0,4194304,e7a96b3a63cb45e1,24,np-setting,5.03213,833528,0.513408,0,0,-1,0,5.03199
fields/00054__plt00054__fab0000_comp02_ez.f32__c0020__dt-f32/chunk_0,4194304,8c027244e86b7962,24,np-setting,5.03129,833668,0.395552,0,0,-1,0,5.03114
fields/00054__plt00054__fab0000_comp02_ez.f32__c0024__dt-f32/chunk_0,4194304,64bba391f0ff95ba,24,np-setting,5.01682,836072,0.530432,0,0,-1,0,5.01668
fields/00054__plt00054__fab0000_comp02_ez.f32__c0028__dt-f32/chunk_0,4194304,f1d3711f319dfb7e,24,np-setting,1.27241,3296370,0.422912,0,0,-1,0,1.2724
fields/00054__plt00054__fab0000_comp02_ez.f32__c0032__dt-f32/chunk_0,4194304,b6fc042a4a3139b,24,np-setting,1.15244,3639526,1.07885,0,0,-1,0,1.15243
fields/00054__plt00054__fab0000_comp02_ez.f32__c0036__dt-f32/chunk_0,4194304,11a4067631fffe8c,24,np-setting,1.31266,3195300,1.19312,0,0,-1,0,1.31265
fields/00054__plt00054__fab0000_comp02_ez.f32__c0040__dt-f32/chunk_0,4194304,e0c9f4dbd4630935,24,np-setting,5.0313,833666,2.4329,0,0,-1,0,5.03116
fields/00054__plt00054__fab0000_comp02_ez.f32__c0044__dt-f32/chunk_0,4194304,79f75760932245f2,24,np-setting,5.03241,833482,1.60323,0,0,-1,0,5.03227
fields/00054__plt00054__fab0000_comp02_ez.f32__c0048__dt-f32/chunk_0,4194304,d546b979e7d7b2fe,24,np-setting,5.0321,833534,1.11478,0,0,-1,0,5.03195
fields/00054__plt00054__fab0000_comp02_ez.f32__c0052__dt-f32/chunk_0,4194304,cd1e14faeff6fede,24,np-setting,5.032,833550,0.953568,0,0,-1,0,5.03186
fields/00054__plt00054__fab0000_comp02_ez.f32__c0056__dt-f32/chunk_0,4194304,40ca607e977d907e,24,np-setting,5.03302,833382,0.622048,0,0,-1,0,5.03287
fields/00054__plt00054__fab0000_comp02_ez.f32__c0060__dt-f32/chunk_0,4194304,9f5e8b94d29a462,24,np-setting,5.03022,833846,0.584064,0,0,-1,0,5.03007
fields/00055__plt00055__fab0000_comp02_ez.f32__c0000__dt-f32/chunk_0,4194304,f2ff196a1fbb64b1,24,np-setting,5.03162,833614,0.61344,0,0,-1,0,5.03147
fields/00055__plt00055__fab0000_comp02_ez.f32__c0004__dt-f32/chunk_0,4194304,8c17c5b82364fdf1,24,np-setting,5.03396,833226,0.45936,0,0,-1,0,5.03381
fields/00055__plt00055__fab0000_comp02_ez.f32__c0008__dt-f32/chunk_0,4194304,cbc659cc357d1402,24,np-setting,5.03274,833428,0.453312,0,0,-1,0,5.03259
fields/00055__plt00055__fab0000_comp02_ez.f32__c0012__dt-f32/chunk_0,4194304,4136c47670b3ad01,24,np-setting,5.03213,833528,1.264,0,0,-1,0,5.03199
fields/00055__plt00055__fab0000_comp02_ez.f32__c0016__dt-f32/chunk_0,4194304,e7a96b3a63cb45e1,24,np-setting,5.03213,833528,1.23222,0,0,-1,0,5.03199
fields/00055__plt00055__fab0000_comp02_ez.f32__c0020__dt-f32/chunk_0,4194304,8c027244e86b7962,24,np-setting,5.03129,833668,2.43619,0,0,-1,0,5.03114
fields/00055__plt00055__fab0000_comp02_ez.f32__c0024__dt-f32/chunk_0,4194304,474b6898f6637d3a,24,np-setting,4.98638,841176,1.33075,0,0,-1,0,4.98624
fields/00055__plt00055__fab0000_comp02_ez.f32__c0028__dt-f32/chunk_0,4194304,c15ec3906597a35,24,np-setting,1.27067,3300884,1.13715,0,0,-1,0,1.27066
fields/00055__plt00055__fab0000_comp02_ez.f32__c0032__dt-f32/chunk_0,4194304,ad994e4f2f019389,24,np-setting,1.15288,3638134,0.952416,0,0,-1,0,1.15287
fields/00055__plt00055__fab0000_comp02_ez.f32__c0036__dt-f32/chunk_0,4194304,a16ebbb928ce7045,24,np-setting,1.30997,3201844,0.279744,0,0,-1,0,1.30997
fields/00055__plt00055__fab0000_comp02_ez.f32__c0040__dt-f32/chunk_0,4194304,e0c9f4dbd4630935,24,np-setting,5.0313,833666,1.78378,0,0,-1,0,5.03116
fields/00055__plt00055__fab0000_comp02_ez.f32__c0044__dt-f32/chunk_0,4194304,79f75760932245f2,24,np-setting,5.03241,833482,1.00451,0,0,-1,0,5.03227
fields/00055__plt00055__fab0000_comp02_ez.f32__c0048__dt-f32/chunk_0,4194304,d546b979e7d7b2fe,24,np-setting,5.0321,833534,1.88294,0,0,-1,0,5.03195
fields/00055__plt00055__fab0000_comp02_ez.f32__c0052__dt-f32/chunk_0,4194304,cd1e14faeff6fede,24,np-setting,5.032,833550,1.34038,0,0,-1,0,5.03186
fields/00055__plt00055__fab0000_comp02_ez.f32__c0056__dt-f32/chunk_0,4194304,40ca607e977d907e,24,np-setting,5.03302,833382,1.57283,0,0,-1,0,5.03287
fields/00055__plt00055__fab0000_comp02_ez.f32__c0060__dt-f32/chunk_0,4194304,9f5e8b94d29a462,24,np-setting,5.03022,833846,1.7105,0,0,-1,0,5.03007
fields/00056__plt00056__fab0000_comp02_ez.f32__c0000__dt-f32/chunk_0,4194304,f2ff196a1fbb64b1,24,np-setting,5.03162,833614,1.15616,0,0,-1,0,5.03147
fields/00056__plt00056__fab0000_comp02_ez.f32__c0004__dt-f32/chunk_0,4194304,8c17c5b82364fdf1,24,np-setting,5.03396,833226,0.328832,0,0,-1,0,5.03381
fields/00056__plt00056__fab0000_comp02_ez.f32__c0008__dt-f32/chunk_0,4194304,cbc659cc357d1402,24,np-setting,5.03274,833428,0.327712,0,0,-1,0,5.03259
fields/00056__plt00056__fab0000_comp02_ez.f32__c0012__dt-f32/chunk_0,4194304,4136c47670b3ad01,24,np-setting,5.03213,833528,1.52013,0,0,-1,0,5.03199
fields/00056__plt00056__fab0000_comp02_ez.f32__c0016__dt-f32/chunk_0,4194304,e7a96b3a63cb45e1,24,np-setting,5.03213,833528,1.53882,0,0,-1,0,5.03199
fields/00056__plt00056__fab0000_comp02_ez.f32__c0020__dt-f32/chunk_0,4194304,8c027244e86b7962,24,np-setting,5.03129,833668,1.572,0,0,-1,0,5.03114
fields/00056__plt00056__fab0000_comp02_ez.f32__c0024__dt-f32/chunk_0,4194304,cde8a46d5d42c0f1,24,np-setting,4.94844,847626,1.16509,0,0,-1,0,4.9483
fields/00056__plt00056__fab0000_comp02_ez.f32__c0028__dt-f32/chunk_0,4194304,fa83f9ad681c6d39,24,np-setting,1.26934,3304346,0.942112,0,0,-1,0,1.26933
fields/00056__plt00056__fab0000_comp02_ez.f32__c0032__dt-f32/chunk_0,4194304,6ad6eb2e06716df0,24,np-setting,1.15345,3636350,1.38518,0,0,-1,0,1.15344
fields/00056__plt00056__fab0000_comp02_ez.f32__c0036__dt-f32/chunk_0,4194304,3793160c04d52696,24,np-setting,1.30739,3208186,1.15091,0,0,-1,0,1.30738
fields/00056__plt00056__fab0000_comp02_ez.f32__c0040__dt-f32/chunk_0,4194304,e0c9f4dbd4630935,24,np-setting,5.0313,833666,1.38454,0,0,-1,0,5.03116
fields/00056__plt00056__fab0000_comp02_ez.f32__c0044__dt-f32/chunk_0,4194304,79f75760932245f2,24,np-setting,5.03241,833482,1.59869,0,0,-1,0,5.03227
fields/00056__plt00056__fab0000_comp02_ez.f32__c0048__dt-f32/chunk_0,4194304,d546b979e7d7b2fe,24,np-setting,5.0321,833534,1.84134,0,0,-1,0,5.03195
fields/00056__plt00056__fab0000_comp02_ez.f32__c0052__dt-f32/chunk_0,4194304,cd1e14faeff6fede,24,np-setting,5.032,833550,1.57811,0,0,-1,0,5.03186
fields/00056__plt00056__fab0000_comp02_ez.f32__c0056__dt-f32/chunk_0,4194304,40ca607e977d907e,24,np-setting,5.03302,833382,1.61674,0,0,-1,0,5.03287
fields/00056__plt00056__fab0000_comp02_ez.f32__c0060__dt-f32/chunk_0,4194304,9f5e8b94d29a462,24,np-setting,5.03022,833846,1.35296,0,0,-1,0,5.03007
fields/00057__plt00057__fab0000_comp02_ez.f32__c0000__dt-f32/chunk_0,4194304,f2ff196a1fbb64b1,24,np-setting,5.03162,833614,0.645664,0,0,-1,0,5.03147
fields/00057__plt00057__fab0000_comp02_ez.f32__c0004__dt-f32/chunk_0,4194304,8c17c5b82364fdf1,24,np-setting,5.03396,833226,1.30784,0,0,-1,0,5.03381
fields/00057__plt00057__fab0000_comp02_ez.f32__c0008__dt-f32/chunk_0,4194304,cbc659cc357d1402,24,np-setting,5.03274,833428,1.64074,0,0,-1,0,5.03259
fields/00057__plt00057__fab0000_comp02_ez.f32__c0012__dt-f32/chunk_0,4194304,4136c47670b3ad01,24,np-setting,5.03213,833528,0.325888,0,0,-1,0,5.03199
fields/00057__plt00057__fab0000_comp02_ez.f32__c0016__dt-f32/chunk_0,4194304,e7a96b3a63cb45e1,24,np-setting,5.03213,833528,1.22051,0,0,-1,0,5.03199
fields/00057__plt00057__fab0000_comp02_ez.f32__c0020__dt-f32/chunk_0,4194304,8c027244e86b7962,24,np-setting,5.03129,833668,1.08099,0,0,-1,0,5.03114
fields/00057__plt00057__fab0000_comp02_ez.f32__c0024__dt-f32/chunk_0,4194304,4f5e8464e65d811e,24,np-setting,4.91124,854046,1.96448,0,0,-1,0,4.9111
fields/00057__plt00057__fab0000_comp02_ez.f32__c0028__dt-f32/chunk_0,4194304,9804de60a67125fd,24,np-setting,1.26763,3308796,1.93574,0,0,-1,0,1.26762
fields/00057__plt00057__fab0000_comp02_ez.f32__c0032__dt-f32/chunk_0,4194304,59c2e22dedd8699d,24,np-setting,1.15396,3634742,1.86432,0,0,-1,0,1.15395
fields/00057__plt00057__fab0000_comp02_ez.f32__c0036__dt-f32/chunk_0,4194304,9344f3caabe40009,24,np-setting,1.30466,3214876,0.635584,0,0,-1,0,1.30465
fields/00057__plt00057__fab0000_comp02_ez.f32__c0040__dt-f32/chunk_0,4194304,e0c9f4dbd4630935,24,np-setting,5.0313,833666,0.581248,0,0,-1,0,5.03116
fields/00057__plt00057__fab0000_comp02_ez.f32__c0044__dt-f32/chunk_0,4194304,79f75760932245f2,24,np-setting,5.03241,833482,2.44266,0,0,-1,0,5.03227
fields/00057__plt00057__fab0000_comp02_ez.f32__c0048__dt-f32/chunk_0,4194304,d546b979e7d7b2fe,24,np-setting,5.0321,833534,0.562048,0,0,-1,0,5.03195
fields/00057__plt00057__fab0000_comp02_ez.f32__c0052__dt-f32/chunk_0,4194304,cd1e14faeff6fede,24,np-setting,5.032,833550,1.6177,0,0,-1,0,5.03186
fields/00057__plt00057__fab0000_comp02_ez.f32__c0056__dt-f32/chunk_0,4194304,40ca607e977d907e,24,np-setting,5.03302,833382,1.38749,0,0,-1,0,5.03287
fields/00057__plt00057__fab0000_comp02_ez.f32__c0060__dt-f32/chunk_0,4194304,9f5e8b94d29a462,24,np-setting,5.03022,833846,1.18502,0,0,-1,0,5.03007
fields/00058__plt00058__fab0000_comp02_ez.f32__c0000__dt-f32/chunk_0,4194304,f2ff196a1fbb64b1,24,np-setting,5.03162,833614,0.520128,0,0,-1,0,5.03147
fields/00058__plt00058__fab0000_comp02_ez.f32__c0004__dt-f32/chunk_0,4194304,8c17c5b82364fdf1,24,np-setting,5.03396,833226,0.933248,0,0,-1,0,5.03381
fields/00058__plt00058__fab0000_comp02_ez.f32__c0008__dt-f32/chunk_0,4194304,cbc659cc357d1402,24,np-setting,5.03274,833428,1.51878,0,0,-1,0,5.03259
fields/00058__plt00058__fab0000_comp02_ez.f32__c0012__dt-f32/chunk_0,4194304,4136c47670b3ad01,24,np-setting,5.03213,833528,1.32486,0,0,-1,0,5.03199
fields/00058__plt00058__fab0000_comp02_ez.f32__c0016__dt-f32/chunk_0,4194304,e7a96b3a63cb45e1,24,np-setting,5.03213,833528,1.82454,0,0,-1,0,5.03199
fields/00058__plt00058__fab0000_comp02_ez.f32__c0020__dt-f32/chunk_0,4194304,8c027244e86b7962,24,np-setting,5.03129,833668,1.84995,0,0,-1,0,5.03114
fields/00058__plt00058__fab0000_comp02_ez.f32__c0024__dt-f32/chunk_0,4194304,dafa06db61af3ec1,24,np-setting,4.88311,858966,1.64634,0,0,-1,0,4.88297
fields/00058__plt00058__fab0000_comp02_ez.f32__c0028__dt-f32/chunk_0,4194304,4e8be7512a9b4136,24,np-setting,1.26632,3312214,1.6576,0,0,-1,0,1.26631
fields/00058__plt00058__fab0000_comp02_ez.f32__c0032__dt-f32/chunk_0,4194304,79e970b8da73371,24,np-setting,1.15453,3632950,1.25616,0,0,-1,0,1.15452
fields/00058__plt00058__fab0000_comp02_ez.f32__c0036__dt-f32/chunk_0,4194304,7461fcc65ac84d7f,24,np-setting,1.30216,3221054,1.26112,0,0,-1,0,1.30215
fields/00058__plt00058__fab0000_comp02_ez.f32__c0040__dt-f32/chunk_0,4194304,e0c9f4dbd4630935,24,np-setting,5.0313,833666,1.00112,0,0,-1,0,5.03116
fields/00058__plt00058__fab0000_comp02_ez.f32__c0044__dt-f32/chunk_0,4194304,79f75760932245f2,24,np-setting,5.03241,833482,1.99005,0,0,-1,0,5.03227
fields/00058__plt00058__fab0000_comp02_ez.f32__c0048__dt-f32/chunk_0,4194304,d546b979e7d7b2fe,24,np-setting,5.0321,833534,2.17664,0,0,-1,0,5.03195
fields/00058__plt00058__fab0000_comp02_ez.f32__c0052__dt-f32/chunk_0,4194304,cd1e14faeff6fede,24,np-setting,5.032,833550,1.95699,0,0,-1,0,5.03186
fields/00058__plt00058__fab0000_comp02_ez.f32__c0056__dt-f32/chunk_0,4194304,40ca607e977d907e,24,np-setting,5.03302,833382,1.15709,0,0,-1,0,5.03287
fields/00058__plt00058__fab0000_comp02_ez.f32__c0060__dt-f32/chunk_0,4194304,9f5e8b94d29a462,24,np-setting,5.03022,833846,2.48659,0,0,-1,0,5.03007
fields/00059__plt00059__fab0000_comp02_ez.f32__c0000__dt-f32/chunk_0,4194304,f2ff196a1fbb64b1,24,np-setting,5.03162,833614,1.64726,0,0,-1,0,5.03147
fields/00059__plt00059__fab0000_comp02_ez.f32__c0004__dt-f32/chunk_0,4194304,8c17c5b82364fdf1,24,np-setting,5.03396,833226,1.05254,0,0,-1,0,5.03381
fields/00059__plt00059__fab0000_comp02_ez.f32__c0008__dt-f32/chunk_0,4194304,cbc659cc357d1402,24,np-setting,5.03274,833428,2.1415,0,0,-1,0,5.03259
fields/00059__plt00059__fab0000_comp02_ez.f32__c0012__dt-f32/chunk_0,4194304,4136c47670b3ad01,24,np-setting,5.03213,833528,1.82883,0,0,-1,0,5.03199
fields/00059__plt00059__fab0000_comp02_ez.f32__c0016__dt-f32/chunk_0,4194304,e7a96b3a63cb45e1,24,np-setting,5.03213,833528,1.32061,0,0,-1,0,5.03199
fields/00059__plt00059__fab0000_comp02_ez.f32__c0020__dt-f32/chunk_0,4194304,8c027244e86b7962,24,np-setting,5.03129,833668,1.30934,0,0,-1,0,5.03114
fields/00059__plt00059__fab0000_comp02_ez.f32__c0024__dt-f32/chunk_0,4194304,bdd4d3ec8841e20,24,np-setting,4.7353,885776,0.93824,0,0,-1,0,4.73517
fields/00059__plt00059__fab0000_comp02_ez.f32__c0028__dt-f32/chunk_0,4194304,4187ccdbb4a52202,24,np-setting,1.26498,3315738,3.02736,0,0,-1,0,1.26497
fields/00059__plt00059__fab0000_comp02_ez.f32__c0032__dt-f32/chunk_0,4194304,c85f8fb43adcbe34,24,np-setting,1.15496,3631582,1.78989,0,0,-1,0,1.15495
fields/00059__plt00059__fab0000_comp02_ez.f32__c0036__dt-f32/chunk_0,4194304,c365bf4b88899959,24,np-setting,1.29992,3226614,0.91392,0,0,-1,0,1.29991
fields/00059__plt00059__fab0000_comp02_ez.f32__c0040__dt-f32/chunk_0,4194304,e0c9f4dbd4630935,24,np-setting,5.0313,833666,1.71382,0,0,-1,0,5.03116
fields/00059__plt00059__fab0000_comp02_ez.f32__c0044__dt-f32/chunk_0,4194304,79f75760932245f2,24,np-setting,5.03241,833482,1.79885,0,0,-1,0,5.03227
fields/00059__plt00059__fab0000_comp02_ez.f32__c0048__dt-f32/chunk_0,4194304,d546b979e7d7b2fe,24,np-setting,5.0321,833534,0.77248,0,0,-1,0,5.03195
fields/00059__plt00059__fab0000_comp02_ez.f32__c0052__dt-f32/chunk_0,4194304,cd1e14faeff6fede,24,np-setting,5.032,833550,0.471744,0,0,-1,0,5.03186
fields/00059__plt00059__fab0000_comp02_ez.f32__c0056__dt-f32/chunk_0,4194304,40ca607e977d907e,24,np-setting,5.03302,833382,1.90579,0,0,-1,0,5.03287
fields/00059__plt00059__fab0000_comp02_ez.f32__c0060__dt-f32/chunk_0,4194304,9f5e8b94d29a462,24,np-setting,5.03022,833846,1.89373,0,0,-1,0,5.03007
fields/00060__plt00060__fab0000_comp02_ez.f32__c0000__dt-f32/chunk_0,4194304,f2ff196a1fbb64b1,24,np-setting,5.03162,833614,1.74672,0,0,-1,0,5.03147
fields/00060__plt00060__fab0000_comp02_ez.f32__c0004__dt-f32/chunk_0,4194304,8c17c5b82364fdf1,24,np-setting,5.03396,833226,1.70378,0,0,-1,0,5.03381
fields/00060__plt00060__fab0000_comp02_ez.f32__c0008__dt-f32/chunk_0,4194304,cbc659cc357d1402,24,np-setting,5.03274,833428,0.643584,0,0,-1,0,5.03259
fields/00060__plt00060__fab0000_comp02_ez.f32__c0012__dt-f32/chunk_0,4194304,4136c47670b3ad01,24,np-setting,5.03213,833528,1.53251,0,0,-1,0,5.03199
fields/00060__plt00060__fab0000_comp02_ez.f32__c0016__dt-f32/chunk_0,4194304,e7a96b3a63cb45e1,24,np-setting,5.03213,833528,0.776608,0,0,-1,0,5.03199
fields/00060__plt00060__fab0000_comp02_ez.f32__c0020__dt-f32/chunk_0,4194304,8c027244e86b7962,24,np-setting,5.03129,833668,1.34141,0,0,-1,0,5.03114
fields/00060__plt00060__fab0000_comp02_ez.f32__c0024__dt-f32/chunk_0,4194304,3b873b21839b362e,24,np-setting,4.35537,963042,1.35661,0,0,-1,0,4.35527
fields/00060__plt00060__fab0000_comp02_ez.f32__c0028__dt-f32/chunk_0,4194304,e4e0ebb7aa00b8e2,24,np-setting,1.26356,3319458,0.685536,0,0,-1,0,1.26355
fields/00060__plt00060__fab0000_comp02_ez.f32__c0032__dt-f32/chunk_0,4194304,243695e075dd0a9e,24,np-setting,1.15542,3630126,0.260416,0,0,-1,0,1.15542
fields/00060__plt00060__fab0000_comp02_ez.f32__c0036__dt-f32/chunk_0,4194304,79999bbd27fdea57,24,np-setting,1.29768,3232188,1.57821,0,0,-1,0,1.29767
fields/00060__plt00060__fab0000_comp02_ez.f32__c0040__dt-f32/chunk_0,4194304,e0c9f4dbd4630935,24,np-setting,5.0313,833666,0.877888,0,0,-1,0,5.03116
fields/00060__plt00060__fab0000_comp02_ez.f32__c0044__dt-f32/chunk_0,4194304,79f75760932245f2,24,np-setting,5.03241,833482,1.98077,0,0,-1,0,5.03227
fields/00060__plt00060__fab0000_comp02_ez.f32__c0048__dt-f32/chunk_0,4194304,d546b979e7d7b2fe,24,np-setting,5.0321,833534,1.4623,0,0,-1,0,5.03195
fields/00060__plt00060__fab0000_comp02_ez.f32__c0052__dt-f32/chunk_0,4194304,cd1e14faeff6fede,24,np-setting,5.032,833550,1.80397,0,0,-1,0,5.03186
fields/00060__plt00060__fab0000_comp02_ez.f32__c0056__dt-f32/chunk_0,4194304,40ca607e977d907e,24,np-setting,5.03302,833382,2.25702,0,0,-1,0,5.03287
fields/00060__plt00060__fab0000_comp02_ez.f32__c0060__dt-f32/chunk_0,4194304,9f5e8b94d29a462,24,np-setting,5.03022,833846,1.82726,0,0,-1,0,5.03007
fields/00061__plt00061__fab0000_comp02_ez.f32__c0000__dt-f32/chunk_0,4194304,f2ff196a1fbb64b1,24,np-setting,5.03162,833614,1.99475,0,0,-1,0,5.03147
fields/00061__plt00061__fab0000_comp02_ez.f32__c0004__dt-f32/chunk_0,4194304,8c17c5b82364fdf1,24,np-setting,5.03396,833226,2.11174,0,0,-1,0,5.03381
fields/00061__plt00061__fab0000_comp02_ez.f32__c0008__dt-f32/chunk_0,4194304,cbc659cc357d1402,24,np-setting,5.03274,833428,1.5551,0,0,-1,0,5.03259
fields/00061__plt00061__fab0000_comp02_ez.f32__c0012__dt-f32/chunk_0,4194304,4136c47670b3ad01,24,np-setting,5.03213,833528,1.0615,0,0,-1,0,5.03199
fields/00061__plt00061__fab0000_comp02_ez.f32__c0016__dt-f32/chunk_0,4194304,e7a96b3a63cb45e1,24,np-setting,5.03213,833528,1.15462,0,0,-1,0,5.03199
fields/00061__plt00061__fab0000_comp02_ez.f32__c0020__dt-f32/chunk_0,4194304,8c027244e86b7962,24,np-setting,5.03129,833668,1.67126,0,0,-1,0,5.03114
fields/00061__plt00061__fab0000_comp02_ez.f32__c0024__dt-f32/chunk_0,4194304,8ebb9539ddd62559,24,np-setting,3.89787,1076074,2.42333,0,0,-1,0,3.89778
fields/00061__plt00061__fab0000_comp02_ez.f32__c0028__dt-f32/chunk_0,4194304,5068b551d0dd2834,24,np-setting,1.26248,3322306,1.06515,0,0,-1,0,1.26247
fields/00061__plt00061__fab0000_comp02_ez.f32__c0032__dt-f32/chunk_0,4194304,999c17ce4431eccd,24,np-setting,1.15594,3628494,2.23699,0,0,-1,0,1.15594
fields/00061__plt00061__fab0000_comp02_ez.f32__c0036__dt-f32/chunk_0,4194304,1af34fc551dea314,24,np-setting,1.29569,3237134,1.25952,0,0,-1,0,1.29568
fields/00061__plt00061__fab0000_comp02_ez.f32__c0040__dt-f32/chunk_0,4194304,e0c9f4dbd4630935,24,np-setting,5.0313,833666,0.967328,0,0,-1,0,5.03116
fields/00061__plt00061__fab0000_comp02_ez.f32__c0044__dt-f32/chunk_0,4194304,79f75760932245f2,24,np-setting,5.03241,833482,2.06893,0,0,-1,0,5.03227
fields/00061__plt00061__fab0000_comp02_ez.f32__c0048__dt-f32/chunk_0,4194304,d546b979e7d7b2fe,24,np-setting,5.0321,833534,1.5999,0,0,-1,0,5.03195
fields/00061__plt00061__fab0000_comp02_ez.f32__c0052__dt-f32/chunk_0,4194304,cd1e14faeff6fede,24,np-setting,5.032,833550,1.11728,0,0,-1,0,5.03186
fields/00061__plt00061__fab0000_comp02_ez.f32__c0056__dt-f32/chunk_0,4194304,40ca607e977d907e,24,np-setting,5.03302,833382,1.15939,0,0,-1,0,5.03287
fields/00061__plt00061__fab0000_comp02_ez.f32__c0060__dt-f32/chunk_0,4194304,9f5e8b94d29a462,24,np-setting,5.03022,833846,1.03888,0,0,-1,0,5.03007
fields/00062__plt00062__fab0000_comp02_ez.f32__c0000__dt-f32/chunk_0,4194304,f2ff196a1fbb64b1,24,np-setting,5.03162,833614,1.06826,0,0,-1,0,5.03147
fields/00062__plt00062__fab0000_comp02_ez.f32__c0004__dt-f32/chunk_0,4194304,8c17c5b82364fdf1,24,np-setting,5.03396,833226,1.7033,0,0,-1,0,5.03381
fields/00062__plt00062__fab0000_comp02_ez.f32__c0008__dt-f32/chunk_0,4194304,cbc659cc357d1402,24,np-setting,5.03274,833428,2.16784,0,0,-1,0,5.03259
fields/00062__plt00062__fab0000_comp02_ez.f32__c0012__dt-f32/chunk_0,4194304,4136c47670b3ad01,24,np-setting,5.03213,833528,1.97651,0,0,-1,0,5.03199
fields/00062__plt00062__fab0000_comp02_ez.f32__c0016__dt-f32/chunk_0,4194304,e7a96b3a63cb45e1,24,np-setting,5.03213,833528,1.8384,0,0,-1,0,5.03199
fields/00062__plt00062__fab0000_comp02_ez.f32__c0020__dt-f32/chunk_0,4194304,8c027244e86b7962,24,np-setting,5.03129,833668,1.98243,0,0,-1,0,5.03114
fields/00062__plt00062__fab0000_comp02_ez.f32__c0024__dt-f32/chunk_0,4194304,a207859df69987ea,24,np-setting,3.45675,1213392,1.87741,0,0,-1,0,3.45668
fields/00062__plt00062__fab0000_comp02_ez.f32__c0028__dt-f32/chunk_0,4194304,4523623372c30093,24,np-setting,1.26137,3325228,0.9248,0,0,-1,0,1.26136
fields/00062__plt00062__fab0000_comp02_ez.f32__c0032__dt-f32/chunk_0,4194304,9e3e377cbbd6c75e,24,np-setting,1.1564,3627062,0.310048,0,0,-1,0,1.15639
fields/00062__plt00062__fab0000_comp02_ez.f32__c0036__dt-f32/chunk_0,4194304,d1ee8b28bc1a53a3,24,np-setting,1.29368,3242166,0.587072,0,0,-1,0,1.29367
fields/00062__plt00062__fab0000_comp02_ez.f32__c0040__dt-f32/chunk_0,4194304,e0c9f4dbd4630935,24,np-setting,5.0313,833666,3.02051,0,0,-1,0,5.03116
fields/00062__plt00062__fab0000_comp02_ez.f32__c0044__dt-f32/chunk_0,4194304,79f75760932245f2,24,np-setting,5.03241,833482,2.70509,0,0,-1,0,5.03227
fields/00062__plt00062__fab0000_comp02_ez.f32__c0048__dt-f32/chunk_0,4194304,d546b979e7d7b2fe,24,np-setting,5.0321,833534,1.01677,0,0,-1,0,5.03195
fields/00062__plt00062__fab0000_comp02_ez.f32__c0052__dt-f32/chunk_0,4194304,cd1e14faeff6fede,24,np-setting,5.032,833550,2.20544,0,0,-1,0,5.03186
fields/00062__plt00062__fab0000_comp02_ez.f32__c0056__dt-f32/chunk_0,4194304,40ca607e977d907e,24,np-setting,5.03302,833382,5.38445,0,0,-1,0,5.03287
fields/00062__plt00062__fab0000_comp02_ez.f32__c0060__dt-f32/chunk_0,4194304,9f5e8b94d29a462,24,np-setting,5.03022,833846,1.93715,0,0,-1,0,5.03007
fields/00063__plt00063__fab0000_comp02_ez.f32__c0000__dt-f32/chunk_0,4194304,f2ff196a1fbb64b1,24,np-setting,5.03162,833614,1.15683,0,0,-1,0,5.03147
fields/00063__plt00063__fab0000_comp02_ez.f32__c0004__dt-f32/chunk_0,4194304,8c17c5b82364fdf1,24,np-setting,5.03396,833226,1.02733,0,0,-1,0,5.03381
fields/00063__plt00063__fab0000_comp02_ez.f32__c0008__dt-f32/chunk_0,4194304,cbc659cc357d1402,24,np-setting,5.03274,833428,1.07251,0,0,-1,0,5.03259
fields/00063__plt00063__fab0000_comp02_ez.f32__c0012__dt-f32/chunk_0,4194304,4136c47670b3ad01,24,np-setting,5.03213,833528,0.336544,0,0,-1,0,5.03199
fields/00063__plt00063__fab0000_comp02_ez.f32__c0016__dt-f32/chunk_0,4194304,e7a96b3a63cb45e1,24,np-setting,5.03213,833528,2.25917,0,0,-1,0,5.03199
fields/00063__plt00063__fab0000_comp02_ez.f32__c0020__dt-f32/chunk_0,4194304,8c027244e86b7962,24,np-setting,5.03129,833668,2.01373,0,0,-1,0,5.03114
fields/00063__plt00063__fab0000_comp02_ez.f32__c0024__dt-f32/chunk_0,4194304,77fdca7f76594972,24,np-setting,3.06684,1367656,2.00438,0,0,-1,0,3.06678
fields/00063__plt00063__fab0000_comp02_ez.f32__c0028__dt-f32/chunk_0,4194304,efaebd871ae988d3,24,np-setting,1.26015,3328430,1.94928,0,0,-1,0,1.26014
fields/00063__plt00063__fab0000_comp02_ez.f32__c0032__dt-f32/chunk_0,4194304,c2304c4eb397d030,24,np-setting,1.15692,3625430,0.872,0,0,-1,0,1.15691
fields/00063__plt00063__fab0000_comp02_ez.f32__c0036__dt-f32/chunk_0,4194304,f00b4f7279b793a0,24,np-setting,1.2916,3247388,1.31245,0,0,-1,0,1.29159
fields/00063__plt00063__fab0000_comp02_ez.f32__c0040__dt-f32/chunk_0,4194304,e0c9f4dbd4630935,24,np-setting,5.0313,833666,0.813536,0,0,-1,0,5.03116
fields/00063__plt00063__fab0000_comp02_ez.f32__c0044__dt-f32/chunk_0,4194304,79f75760932245f2,24,np-setting,5.03241,833482,0.436384,0,0,-1,0,5.03227
fields/00063__plt00063__fab0000_comp02_ez.f32__c0048__dt-f32/chunk_0,4194304,d546b979e7d7b2fe,24,np-setting,5.0321,833534,1.1135,0,0,-1,0,5.03195
fields/00063__plt00063__fab0000_comp02_ez.f32__c0052__dt-f32/chunk_0,4194304,cd1e14faeff6fede,24,np-setting,5.032,833550,1.44042,0,0,-1,0,5.03186
fields/00063__plt00063__fab0000_comp02_ez.f32__c0056__dt-f32/chunk_0,4194304,40ca607e977d907e,24,np-setting,5.03302,833382,1.63117,0,0,-1,0,5.03287
fields/00063__plt00063__fab0000_comp02_ez.f32__c0060__dt-f32/chunk_0,4194304,9f5e8b94d29a462,24,np-setting,5.03022,833846,1.42768,0,0,-1,0,5.03007
fields/00064__plt00064__fab0000_comp02_ez.f32__c0000__dt-f32/chunk_0,4194304,f2ff196a1fbb64b1,24,np-setting,5.03162,833614,1.86861,0,0,-1,0,5.03147
fields/00064__plt00064__fab0000_comp02_ez.f32__c0004__dt-f32/chunk_0,4194304,8c17c5b82364fdf1,24,np-setting,5.03396,833226,1.04301,0,0,-1,0,5.03381
fields/00064__plt00064__fab0000_comp02_ez.f32__c0008__dt-f32/chunk_0,4194304,cbc659cc357d1402,24,np-setting,5.03274,833428,1.21469,0,0,-1,0,5.03259
fields/00064__plt00064__fab0000_comp02_ez.f32__c0012__dt-f32/chunk_0,4194304,4136c47670b3ad01,24,np-setting,5.03213,833528,1.21878,0,0,-1,0,5.03199
fields/00064__plt00064__fab0000_comp02_ez.f32__c0016__dt-f32/chunk_0,4194304,e7a96b3a63cb45e1,24,np-setting,5.03213,833528,0.630752,0,0,-1,0,5.03199
fields/00064__plt00064__fab0000_comp02_ez.f32__c0020__dt-f32/chunk_0,4194304,8c027244e86b7962,24,np-setting,5.03129,833668,0.965184,0,0,-1,0,5.03114
fields/00064__plt00064__fab0000_comp02_ez.f32__c0024__dt-f32/chunk_0,4194304,9718fbea7d0b9260,24,np-setting,2.73922,1531230,0.767648,0,0,-1,0,2.73917
fields/00064__plt00064__fab0000_comp02_ez.f32__c0028__dt-f32/chunk_0,4194304,fae81044dcb5bedc,24,np-setting,1.25909,3331254,1.53059,0,0,-1,0,1.25908
fields/00064__plt00064__fab0000_comp02_ez.f32__c0032__dt-f32/chunk_0,4194304,e49fd8bef29b9315,24,np-setting,1.1573,3624230,1.81635,0,0,-1,0,1.1573
fields/00064__plt00064__fab0000_comp02_ez.f32__c0036__dt-f32/chunk_0,4194304,9fc1a7faffcd5cb8,24,np-setting,1.28989,3251704,1.7208,0,0,-1,0,1.28988
fields/00064__plt00064__fab0000_comp02_ez.f32__c0040__dt-f32/chunk_0,4194304,da16e0e0bd068561,24,np-setting,5.03116,833690,1.45101,0,0,-1,0,5.03101
fields/00064__plt00064__fab0000_comp02_ez.f32__c0044__dt-f32/chunk_0,4194304,79f75760932245f2,24,np-setting,5.03241,833482,1.68285,0,0,-1,0,5.03227
fields/00064__plt00064__fab0000_comp02_ez.f32__c0048__dt-f32/chunk_0,4194304,d546b979e7d7b2fe,24,np-setting,5.0321,833534,0.99488,0,0,-1,0,5.03195
fields/00064__plt00064__fab0000_comp02_ez.f32__c0052__dt-f32/chunk_0,4194304,cd1e14faeff6fede,24,np-setting,5.032,833550,0.858016,0,0,-1,0,5.03186
fields/00064__plt00064__fab0000_comp02_ez.f32__c0056__dt-f32/chunk_0,4194304,40ca607e977d907e,24,np-setting,5.03302,833382,1.55296,0,0,-1,0,5.03287
fields/00064__plt00064__fab0000_comp02_ez.f32__c0060__dt-f32/chunk_0,4194304,9f5e8b94d29a462,24,np-setting,5.03022,833846,1.52426,0,0,-1,0,5.03007
fields/00065__plt00065__fab0000_comp02_ez.f32__c0000__dt-f32/chunk_0,4194304,f2ff196a1fbb64b1,24,np-setting,5.03162,833614,1.19939,0,0,-1,0,5.03147
fields/00065__plt00065__fab0000_comp02_ez.f32__c0004__dt-f32/chunk_0,4194304,8c17c5b82364fdf1,24,np-setting,5.03396,833226,2.46509,0,0,-1,0,5.03381
fields/00065__plt00065__fab0000_comp02_ez.f32__c0008__dt-f32/chunk_0,4194304,cbc659cc357d1402,24,np-setting,5.03274,833428,1.39245,0,0,-1,0,5.03259
fields/00065__plt00065__fab0000_comp02_ez.f32__c0012__dt-f32/chunk_0,4194304,4136c47670b3ad01,24,np-setting,5.03213,833528,2.0896,0,0,-1,0,5.03199
fields/00065__plt00065__fab0000_comp02_ez.f32__c0016__dt-f32/chunk_0,4194304,e7a96b3a63cb45e1,24,np-setting,5.03213,833528,1.48458,0,0,-1,0,5.03199
fields/00065__plt00065__fab0000_comp02_ez.f32__c0020__dt-f32/chunk_0,4194304,8c027244e86b7962,24,np-setting,5.03129,833668,2.10509,0,0,-1,0,5.03114
fields/00065__plt00065__fab0000_comp02_ez.f32__c0024__dt-f32/chunk_0,4194304,907120aeb17468a8,24,np-setting,2.46139,1704062,0.485152,0,0,-1,0,2.46136
fields/00065__plt00065__fab0000_comp02_ez.f32__c0028__dt-f32/chunk_0,4194304,22683eba66aa47f2,24,np-setting,1.25811,3333838,0.778016,0,0,-1,0,1.2581
fields/00065__plt00065__fab0000_comp02_ez.f32__c0032__dt-f32/chunk_0,4194304,dbc33cf2cfc93f69,24,np-setting,1.15783,3622574,1.89674,0,0,-1,0,1.15782
fields/00065__plt00065__fab0000_comp02_ez.f32__c0036__dt-f32/chunk_0,4194304,272c7a1d55e07439,24,np-setting,1.288,3256464,2.07651,0,0,-1,0,1.28799
fields/00065__plt00065__fab0000_comp02_ez.f32__c0040__dt-f32/chunk_0,4194304,1c1ca026f23c4291,24,np-setting,5.02706,834370,1.53715,0,0,-1,0,5.02691
fields/00065__plt00065__fab0000_comp02_ez.f32__c0044__dt-f32/chunk_0,4194304,79f75760932245f2,24,np-setting,5.03241,833482,2.15856,0,0,-1,0,5.03227
fields/00065__plt00065__fab0000_comp02_ez.f32__c0048__dt-f32/chunk_0,4194304,d546b979e7d7b2fe,24,np-setting,5.0321,833534,0.706272,0,0,-1,0,5.03195
fields/00065__plt00065__fab0000_comp02_ez.f32__c0052__dt-f32/chunk_0,4194304,cd1e14faeff6fede,24,np-setting,5.032,833550,1.44682,0,0,-1,0,5.03186
fields/00065__plt00065__fab0000_comp02_ez.f32__c0056__dt-f32/chunk_0,4194304,40ca607e977d907e,24,np-setting,5.03302,833382,0.809344,0,0,-1,0,5.03287
fields/00065__plt00065__fab0000_comp02_ez.f32__c0060__dt-f32/chunk_0,4194304,9f5e8b94d29a462,24,np-setting,5.03022,833846,1.70675,0,0,-1,0,5.03007
fields/00066__plt00066__fab0000_comp02_ez.f32__c0000__dt-f32/chunk_0,4194304,f2ff196a1fbb64b1,24,np-setting,5.03162,833614,2.4927,0,0,-1,0,5.03147
fields/00066__plt00066__fab0000_comp02_ez.f32__c0004__dt-f32/chunk_0,4194304,8c17c5b82364fdf1,24,np-setting,5.03396,833226,1.90371,0,0,-1,0,5.03381
fields/00066__plt00066__fab0000_comp02_ez.f32__c0008__dt-f32/chunk_0,4194304,cbc659cc357d1402,24,np-setting,5.03274,833428,1.13552,0,0,-1,0,5.03259
fields/00066__plt00066__fab0000_comp02_ez.f32__c0012__dt-f32/chunk_0,4194304,4136c47670b3ad01,24,np-setting,5.03213,833528,2.28806,0,0,-1,0,5.03199
fields/00066__plt00066__fab0000_comp02_ez.f32__c0016__dt-f32/chunk_0,4194304,e7a96b3a63cb45e1,24,np-setting,5.03213,833528,1.55091,0,0,-1,0,5.03199
fields/00066__plt00066__fab0000_comp02_ez.f32__c0020__dt-f32/chunk_0,4194304,8c027244e86b7962,24,np-setting,5.03129,833668,1.35075,0,0,-1,0,5.03114
fields/00066__plt00066__fab0000_comp02_ez.f32__c0024__dt-f32/chunk_0,4194304,b009cfc761147bd,24,np-setting,2.22553,1884654,1.37677,0,0,-1,0,2.2255
fields/00066__plt00066__fab0000_comp02_ez.f32__c0028__dt-f32/chunk_0,4194304,9f4e26b4069d9a02,24,np-setting,1.25717,3336326,1.15504,0,0,-1,0,1.25716
fields/00066__plt00066__fab0000_comp02_ez.f32__c0032__dt-f32/chunk_0,4194304,1279c7bc1645e644,24,np-setting,1.15827,3621198,1.8624,0,0,-1,0,1.15826
fields/00066__plt00066__fab0000_comp02_ez.f32__c0036__dt-f32/chunk_0,4194304,2b24bedcc3af383f,24,np-setting,1.28596,3261642,1.68838,0,0,-1,0,1.28595
fields/00066__plt00066__fab0000_comp02_ez.f32__c0040__dt-f32/chunk_0,4194304,e0ec0ed22944ee1d,24,np-setting,5.02614,834522,1.09875,0,0,-1,0,5.026
fields/00066__plt00066__fab0000_comp02_ez.f32__c0044__dt-f32/chunk_0,4194304,79f75760932245f2,24,np-setting,5.03241,833482,2.4839,0,0,-1,0,5.03227
fields/00066__plt00066__fab0000_comp02_ez.f32__c0048__dt-f32/chunk_0,4194304,d546b979e7d7b2fe,24,np-setting,5.0321,833534,2.91011,0,0,-1,0,5.03195
fields/00066__plt00066__fab0000_comp02_ez.f32__c0052__dt-f32/chunk_0,4194304,cd1e14faeff6fede,24,np-setting,5.032,833550,1.69981,0,0,-1,0,5.03186
fields/00066__plt00066__fab0000_comp02_ez.f32__c0056__dt-f32/chunk_0,4194304,40ca607e977d907e,24,np-setting,5.03302,833382,1.68189,0,0,-1,0,5.03287
fields/00066__plt00066__fab0000_comp02_ez.f32__c0060__dt-f32/chunk_0,4194304,9f5e8b94d29a462,24,np-setting,5.03022,833846,1.68877,0,0,-1,0,5.03007
fields/00067__plt00067__fab0000_comp02_ez.f32__c0000__dt-f32/chunk_0,4194304,f2ff196a1fbb64b1,24,np-setting,5.03162,833614,0.596352,0,0,-1,0,5.03147
fields/00067__plt00067__fab0000_comp02_ez.f32__c0004__dt-f32/chunk_0,4194304,8c17c5b82364fdf1,24,np-setting,5.03396,833226,1.43181,0,0,-1,0,5.03381
fields/00067__plt00067__fab0000_comp02_ez.f32__c0008__dt-f32/chunk_0,4194304,cbc659cc357d1402,24,np-setting,5.03274,833428,1.1753,0,0,-1,0,5.03259
fields/00067__plt00067__fab0000_comp02_ez.f32__c0012__dt-f32/chunk_0,4194304,4136c47670b3ad01,24,np-setting,5.03213,833528,1.16106,0,0,-1,0,5.03199
fields/00067__plt00067__fab0000_comp02_ez.f32__c0016__dt-f32/chunk_0,4194304,e7a96b3a63cb45e1,24,np-setting,5.03213,833528,1.48573,0,0,-1,0,5.03199
fields/00067__plt00067__fab0000_comp02_ez.f32__c0020__dt-f32/chunk_0,4194304,8c027244e86b7962,24,np-setting,5.03129,833668,1.66118,0,0,-1,0,5.03114
fields/00067__plt00067__fab0000_comp02_ez.f32__c0024__dt-f32/chunk_0,4194304,27d8f89b23c09734,24,np-setting,2.02563,2070642,1.98586,0,0,-1,0,2.02561
fields/00067__plt00067__fab0000_comp02_ez.f32__c0028__dt-f32/chunk_0,4194304,5ddcdb08f0f5fd00,24,np-setting,1.25635,3338498,1.42544,0,0,-1,0,1.25634
fields/00067__plt00067__fab0000_comp02_ez.f32__c0032__dt-f32/chunk_0,4194304,83c281507ea100f6,24,np-setting,1.15867,3619962,1.21437,0,0,-1,0,1.15866
fields/00067__plt00067__fab0000_comp02_ez.f32__c0036__dt-f32/chunk_0,4194304,e4866c391e22b9cf,24,np-setting,1.28431,3265824,1.26195,0,0,-1,0,1.2843
fields/00067__plt00067__fab0000_comp02_ez.f32__c0040__dt-f32/chunk_0,4194304,a1e8789912119725,24,np-setting,5.02865,834106,1.71818,0,0,-1,0,5.0285
fields/00067__plt00067__fab0000_comp02_ez.f32__c0044__dt-f32/chunk_0,4194304,79f75760932245f2,24,np-setting,5.03241,833482,1.66259,0,0,-1,0,5.03227
fields/00067__plt00067__fab0000_comp02_ez.f32__c0048__dt-f32/chunk_0,4194304,d546b979e7d7b2fe,24,np-setting,5.0321,833534,1.56563,0,0,-1,0,5.03195
fields/00067__plt00067__fab0000_comp02_ez.f32__c0052__dt-f32/chunk_0,4194304,cd1e14faeff6fede,24,np-setting,5.032,833550,1.47494,0,0,-1,0,5.03186
fields/00067__plt00067__fab0000_comp02_ez.f32__c0056__dt-f32/chunk_0,4194304,40ca607e977d907e,24,np-setting,5.03302,833382,2.14662,0,0,-1,0,5.03287
fields/00067__plt00067__fab0000_comp02_ez.f32__c0060__dt-f32/chunk_0,4194304,9f5e8b94d29a462,24,np-setting,5.03022,833846,1.61168,0,0,-1,0,5.03007
fields/00068__plt00068__fab0000_comp02_ez.f32__c0000__dt-f32/chunk_0,4194304,f2ff196a1fbb64b1,24,np-setting,5.03162,833614,1.61821,0,0,-1,0,5.03147
fields/00068__plt00068__fab0000_comp02_ez.f32__c0004__dt-f32/chunk_0,4194304,8c17c5b82364fdf1,24,np-setting,5.03396,833226,0.858944,0,0,-1,0,5.03381
fields/00068__plt00068__fab0000_comp02_ez.f32__c0008__dt-f32/chunk_0,4194304,cbc659cc357d1402,24,np-setting,5.03274,833428,0.861248,0,0,-1,0,5.03259
fields/00068__plt00068__fab0000_comp02_ez.f32__c0012__dt-f32/chunk_0,4194304,4136c47670b3ad01,24,np-setting,5.03213,833528,1.95994,0,0,-1,0,5.03199
fields/00068__plt00068__fab0000_comp02_ez.f32__c0016__dt-f32/chunk_0,4194304,e7a96b3a63cb45e1,24,np-setting,5.03213,833528,1.24032,0,0,-1,0,5.03199
fields/00068__plt00068__fab0000_comp02_ez.f32__c0020__dt-f32/chunk_0,4194304,8c027244e86b7962,24,np-setting,5.03129,833668,1.13635,0,0,-1,0,5.03114
fields/00068__plt00068__fab0000_comp02_ez.f32__c0024__dt-f32/chunk_0,4194304,758fc9251ff62077,24,np-setting,1.85568,2260274,0.962944,0,0,-1,0,1.85566
fields/00068__plt00068__fab0000_comp02_ez.f32__c0028__dt-f32/chunk_0,4194304,7d99b7807cb3ee8d,24,np-setting,1.25539,3341062,0.302784,0,0,-1,0,1.25538
fields/00068__plt00068__fab0000_comp02_ez.f32__c0032__dt-f32/chunk_0,4194304,9d97c6b7102481b7,24,np-setting,1.15908,3618686,4.43635,0,0,-1,0,1.15907
fields/00068__plt00068__fab0000_comp02_ez.f32__c0036__dt-f32/chunk_0,4194304,f648961a8bd2d0cb,24,np-setting,1.28266,3270032,2.95965,0,0,-1,0,1.28265
fields/00068__plt00068__fab0000_comp02_ez.f32__c0040__dt-f32/chunk_0,4194304,6176f68bf503e794,24,np-setting,5.01878,835746,1.90896,0,0,-1,0,5.01863
fields/00068__plt00068__fab0000_comp02_ez.f32__c0044__dt-f32/chunk_0,4194304,79f75760932245f2,24,np-setting,5.03241,833482,1.67226,0,0,-1,0,5.03227
fields/00068__plt00068__fab0000_comp02_ez.f32__c0048__dt-f32/chunk_0,4194304,d546b979e7d7b2fe,24,np-setting,5.0321,833534,2.33187,0,0,-1,0,5.03195
fields/00068__plt00068__fab0000_comp02_ez.f32__c0052__dt-f32/chunk_0,4194304,cd1e14faeff6fede,24,np-setting,5.032,833550,1.81629,0,0,-1,0,5.03186
fields/00068__plt00068__fab0000_comp02_ez.f32__c0056__dt-f32/chunk_0,4194304,40ca607e977d907e,24,np-setting,5.03302,833382,1.65421,0,0,-1,0,5.03287
fields/00068__plt00068__fab0000_comp02_ez.f32__c0060__dt-f32/chunk_0,4194304,9f5e8b94d29a462,24,np-setting,5.03022,833846,0.460224,0,0,-1,0,5.03007
fields/00069__plt00069__fab0000_comp02_ez.f32__c0000__dt-f32/chunk_0,4194304,f2ff196a1fbb64b1,24,np-setting,5.03162,833614,0.69104,0,0,-1,0,5.03147
fields/00069__plt00069__fab0000_comp02_ez.f32__c0004__dt-f32/chunk_0,4194304,8c17c5b82364fdf1,24,np-setting,5.03396,833226,1.45286,0,0,-1,0,5.03381
fields/00069__plt00069__fab0000_comp02_ez.f32__c0008__dt-f32/chunk_0,4194304,cbc659cc357d1402,24,np-setting,5.03274,833428,0.71968,0,0,-1,0,5.03259
fields/00069__plt00069__fab0000_comp02_ez.f32__c0012__dt-f32/chunk_0,4194304,4136c47670b3ad01,24,np-setting,5.03213,833528,1.10576,0,0,-1,0,5.03199
fields/00069__plt00069__fab0000_comp02_ez.f32__c0016__dt-f32/chunk_0,4194304,e7a96b3a63cb45e1,24,np-setting,5.03213,833528,0.27008,0,0,-1,0,5.03199
fields/00069__plt00069__fab0000_comp02_ez.f32__c0020__dt-f32/chunk_0,4194304,8c027244e86b7962,24,np-setting,5.03129,833668,0.350688,0,0,-1,0,5.03114
fields/00069__plt00069__fab0000_comp02_ez.f32__c0024__dt-f32/chunk_0,4194304,d7537c4c811b991,24,np-setting,1.71555,2444898,2.04899,0,0,-1,0,1.71553
fields/00069__plt00069__fab0000_comp02_ez.f32__c0028__dt-f32/chunk_0,4194304,5f3a43eb480d22c1,24,np-setting,1.25458,3343220,1.73546,0,0,-1,0,1.25457
fields/00069__plt00069__fab0000_comp02_ez.f32__c0032__dt-f32/chunk_0,4194304,b37c76d2300b39c4,24,np-setting,1.15943,3617590,2.37194,0,0,-1,0,1.15942
fields/00069__plt00069__fab0000_comp02_ez.f32__c0036__dt-f32/chunk_0,4194304,65e0becb205211ae,24,np-setting,1.28088,3274582,2.35104,0,0,-1,0,1.28087
fields/00069__plt00069__fab0000_comp02_ez.f32__c0040__dt-f32/chunk_0,4194304,aba616104c196527,24,np-setting,4.93488,849954,1.45626,0,0,-1,0,4.93474
fields/00069__plt00069__fab0000_comp02_ez.f32__c0044__dt-f32/chunk_0,4194304,79f75760932245f2,24,np-setting,5.03241,833482,2.32173,0,0,-1,0,5.03227
fields/00069__plt00069__fab0000_comp02_ez.f32__c0048__dt-f32/chunk_0,4194304,d546b979e7d7b2fe,24,np-setting,5.0321,833534,2.13149,0,0,-1,0,5.03195
fields/00069__plt00069__fab0000_comp02_ez.f32__c0052__dt-f32/chunk_0,4194304,cd1e14faeff6fede,24,np-setting,5.032,833550,1.15456,0,0,-1,0,5.03186
fields/00069__plt00069__fab0000_comp02_ez.f32__c0056__dt-f32/chunk_0,4194304,40ca607e977d907e,24,np-setting,5.03302,833382,1.18899,0,0,-1,0,5.03287
fields/00069__plt00069__fab0000_comp02_ez.f32__c0060__dt-f32/chunk_0,4194304,9f5e8b94d29a462,24,np-setting,5.03022,833846,0.754496,0,0,-1,0,5.03007
fields/00070__plt00070__fab0000_comp02_ez.f32__c0000__dt-f32/chunk_0,4194304,f2ff196a1fbb64b1,24,np-setting,5.03162,833614,1.30301,0,0,-1,0,5.03147
fields/00070__plt00070__fab0000_comp02_ez.f32__c0004__dt-f32/chunk_0,4194304,8c17c5b82364fdf1,24,np-setting,5.03396,833226,1.30234,0,0,-1,0,5.03381
fields/00070__plt00070__fab0000_comp02_ez.f32__c0008__dt-f32/chunk_0,4194304,cbc659cc357d1402,24,np-setting,5.03274,833428,0.920864,0,0,-1,0,5.03259
fields/00070__plt00070__fab0000_comp02_ez.f32__c0012__dt-f32/chunk_0,4194304,4136c47670b3ad01,24,np-setting,5.03213,833528,1.37766,0,0,-1,0,5.03199
fields/00070__plt00070__fab0000_comp02_ez.f32__c0016__dt-f32/chunk_0,4194304,e7a96b3a63cb45e1,24,np-setting,5.03213,833528,2.19114,0,0,-1,0,5.03199
fields/00070__plt00070__fab0000_comp02_ez.f32__c0020__dt-f32/chunk_0,4194304,8c027244e86b7962,24,np-setting,5.03129,833668,1.35021,0,0,-1,0,5.03114
fields/00070__plt00070__fab0000_comp02_ez.f32__c0024__dt-f32/chunk_0,4194304,7ca93fd1c37410e,24,np-setting,1.61935,2590136,1.40246,0,0,-1,0,1.61934
fields/00070__plt00070__fab0000_comp02_ez.f32__c0028__dt-f32/chunk_0,4194304,acc4e05ae5e44885,24,np-setting,1.25396,3344880,1.51293,0,0,-1,0,1.25395
fields/00070__plt00070__fab0000_comp02_ez.f32__c0032__dt-f32/chunk_0,4194304,315cbbee3acfd644,24,np-setting,1.15988,3616182,1.57565,0,0,-1,0,1.15987
fields/00070__plt00070__fab0000_comp02_ez.f32__c0036__dt-f32/chunk_0,4194304,1b73cbba867a8c61,24,np-setting,1.27912,3279088,1.05069,0,0,-1,0,1.27911
fields/00070__plt00070__fab0000_comp02_ez.f32__c0040__dt-f32/chunk_0,4194304,ba460b6ee1b02988,24,np-setting,4.60839,910170,0.960192,0,0,-1,0,4.60826
fields/00070__plt00070__fab0000_comp02_ez.f32__c0044__dt-f32/chunk_0,4194304,79f75760932245f2,24,np-setting,5.03241,833482,2.00749,0,0,-1,0,5.03227
fields/00070__plt00070__fab0000_comp02_ez.f32__c0048__dt-f32/chunk_0,4194304,d546b979e7d7b2fe,24,np-setting,5.0321,833534,1.08458,0,0,-1,0,5.03195
fields/00070__plt00070__fab0000_comp02_ez.f32__c0052__dt-f32/chunk_0,4194304,cd1e14faeff6fede,24,np-setting,5.032,833550,1.31603,0,0,-1,0,5.03186
fields/00070__plt00070__fab0000_comp02_ez.f32__c0056__dt-f32/chunk_0,4194304,40ca607e977d907e,24,np-setting,5.03302,833382,1.64691,0,0,-1,0,5.03287
fields/00070__plt00070__fab0000_comp02_ez.f32__c0060__dt-f32/chunk_0,4194304,9f5e8b94d29a462,24,np-setting,5.03022,833846,2.14422,0,0,-1,0,5.03007
fields/00071__plt00071__fab0000_comp02_ez.f32__c0000__dt-f32/chunk_0,4194304,f2ff196a1fbb64b1,24,np-setting,5.03162,833614,0.790912,0,0,-1,0,5.03147
fields/00071__plt00071__fab0000_comp02_ez.f32__c0004__dt-f32/chunk_0,4194304,8c17c5b82364fdf1,24,np-setting,5.03396,833226,1.14403,0,0,-1,0,5.03381
fields/00071__plt00071__fab0000_comp02_ez.f32__c0008__dt-f32/chunk_0,4194304,cbc659cc357d1402,24,np-setting,5.03274,833428,1.644,0,0,-1,0,5.03259
fields/00071__plt00071__fab0000_comp02_ez.f32__c0012__dt-f32/chunk_0,4194304,4136c47670b3ad01,24,np-setting,5.03213,833528,0.823232,0,0,-1,0,5.03199
fields/00071__plt00071__fab0000_comp02_ez.f32__c0016__dt-f32/chunk_0,4194304,e7a96b3a63cb45e1,24,np-setting,5.03213,833528,1.50547,0,0,-1,0,5.03199
fields/00071__plt00071__fab0000_comp02_ez.f32__c0020__dt-f32/chunk_0,4194304,8c027244e86b7962,24,np-setting,5.03129,833668,2.07949,0,0,-1,0,5.03114
fields/00071__plt00071__fab0000_comp02_ez.f32__c0024__dt-f32/chunk_0,4194304,c2bdbc7aed56f73d,24,np-setting,1.55959,2689382,0.502112,0,0,-1,0,1.55958
fields/00071__plt00071__fab0000_comp02_ez.f32__c0028__dt-f32/chunk_0,4194304,f14c4907efbc1944,24,np-setting,1.25291,3347668,0.479744,0,0,-1,0,1.2529
fields/00071__plt00071__fab0000_comp02_ez.f32__c0032__dt-f32/chunk_0,4194304,d9818f74b22cf0f7,24,np-setting,1.16018,3615232,1.47853,0,0,-1,0,1.16018
fields/00071__plt00071__fab0000_comp02_ez.f32__c0036__dt-f32/chunk_0,4194304,cafaa7485994a2a3,24,np-setting,1.27775,3282592,1.18285,0,0,-1,0,1.27774
fields/00071__plt00071__fab0000_comp02_ez.f32__c0040__dt-f32/chunk_0,4194304,4a0bc36e6996bba9,24,np-setting,4.14263,1012498,1.68211,0,0,-1,0,4.14253
fields/00071__plt00071__fab0000_comp02_ez.f32__c0044__dt-f32/chunk_0,4194304,79f75760932245f2,24,np-setting,5.03241,833482,1.63933,0,0,-1,0,5.03227
fields/00071__plt00071__fab0000_comp02_ez.f32__c0048__dt-f32/chunk_0,4194304,d546b979e7d7b2fe,24,np-setting,5.0321,833534,1.62909,0,0,-1,0,5.03195
fields/00071__plt00071__fab0000_comp02_ez.f32__c0052__dt-f32/chunk_0,4194304,cd1e14faeff6fede,24,np-setting,5.032,833550,1.54522,0,0,-1,0,5.03186
fields/00071__plt00071__fab0000_comp02_ez.f32__c0056__dt-f32/chunk_0,4194304,40ca607e977d907e,24,np-setting,5.03302,833382,1.51542,0,0,-1,0,5.03287
fields/00071__plt00071__fab0000_comp02_ez.f32__c0060__dt-f32/chunk_0,4194304,9f5e8b94d29a462,24,np-setting,5.03022,833846,1.20112,0,0,-1,0,5.03007
fields/00072__plt00072__fab0000_comp02_ez.f32__c0000__dt-f32/chunk_0,4194304,f2ff196a1fbb64b1,24,np-setting,5.03162,833614,1.57293,0,0,-1,0,5.03147
fields/00072__plt00072__fab0000_comp02_ez.f32__c0004__dt-f32/chunk_0,4194304,8c17c5b82364fdf1,24,np-setting,5.03396,833226,0.7552,0,0,-1,0,5.03381
fields/00072__plt00072__fab0000_comp02_ez.f32__c0008__dt-f32/chunk_0,4194304,cbc659cc357d1402,24,np-setting,5.03274,833428,0.867392,0,0,-1,0,5.03259
fields/00072__plt00072__fab0000_comp02_ez.f32__c0012__dt-f32/chunk_0,4194304,4136c47670b3ad01,24,np-setting,5.03213,833528,0.518784,0,0,-1,0,5.03199
fields/00072__plt00072__fab0000_comp02_ez.f32__c0016__dt-f32/chunk_0,4194304,e7a96b3a63cb45e1,24,np-setting,5.03213,833528,1.34381,0,0,-1,0,5.03199
fields/00072__plt00072__fab0000_comp02_ez.f32__c0020__dt-f32/chunk_0,4194304,8c027244e86b7962,24,np-setting,5.03129,833668,1.69875,0,0,-1,0,5.03114
fields/00072__plt00072__fab0000_comp02_ez.f32__c0024__dt-f32/chunk_0,4194304,4e7010fd4338d1bb,24,np-setting,1.51883,2761566,1.6935,0,0,-1,0,1.51881
fields/00072__plt00072__fab0000_comp02_ez.f32__c0028__dt-f32/chunk_0,4194304,aedef660c340eda5,24,np-setting,1.25233,3349214,2.3367,0,0,-1,0,1.25232
fields/00072__plt00072__fab0000_comp02_ez.f32__c0032__dt-f32/chunk_0,4194304,21d7cceab17d2a74,24,np-setting,1.16053,3614154,1.32192,0,0,-1,0,1.16052
fields/00072__plt00072__fab0000_comp02_ez.f32__c0036__dt-f32/chunk_0,4194304,767bd11ef21f5a5e,24,np-setting,1.27611,3286808,1.92842,0,0,-1,0,1.2761
fields/00072__plt00072__fab0000_comp02_ez.f32__c0040__dt-f32/chunk_0,4194304,8c53f3a14a48f1d6,24,np-setting,3.66637,1144018,1.11411,0,0,-1,0,3.66629
fields/00072__plt00072__fab0000_comp02_ez.f32__c0044__dt-f32/chunk_0,4194304,79f75760932245f2,24,np-setting,5.03241,833482,0.534656,0,0,-1,0,5.03227
fields/00072__plt00072__fab0000_comp02_ez.f32__c0048__dt-f32/chunk_0,4194304,d546b979e7d7b2fe,24,np-setting,5.0321,833534,0.875168,0,0,-1,0,5.03195
fields/00072__plt00072__fab0000_comp02_ez.f32__c0052__dt-f32/chunk_0,4194304,cd1e14faeff6fede,24,np-setting,5.032,833550,1.54042,0,0,-1,0,5.03186
fields/00072__plt00072__fab0000_comp02_ez.f32__c0056__dt-f32/chunk_0,4194304,40ca607e977d907e,24,np-setting,5.03302,833382,2.08317,0,0,-1,0,5.03287
fields/00072__plt00072__fab0000_comp02_ez.f32__c0060__dt-f32/chunk_0,4194304,9f5e8b94d29a462,24,np-setting,5.03022,833846,2.55075,0,0,-1,0,5.03007
fields/00073__plt00073__fab0000_comp02_ez.f32__c0000__dt-f32/chunk_0,4194304,f2ff196a1fbb64b1,24,np-setting,5.03162,833614,1.69744,0,0,-1,0,5.03147
fields/00073__plt00073__fab0000_comp02_ez.f32__c0004__dt-f32/chunk_0,4194304,8c17c5b82364fdf1,24,np-setting,5.03396,833226,1.58531,0,0,-1,0,5.03381
fields/00073__plt00073__fab0000_comp02_ez.f32__c0008__dt-f32/chunk_0,4194304,cbc659cc357d1402,24,np-setting,5.03274,833428,1.61757,0,0,-1,0,5.03259
fields/00073__plt00073__fab0000_comp02_ez.f32__c0012__dt-f32/chunk_0,4194304,4136c47670b3ad01,24,np-setting,5.03213,833528,2.18691,0,0,-1,0,5.03199
fields/00073__plt00073__fab0000_comp02_ez.f32__c0016__dt-f32/chunk_0,4194304,e7a96b3a63cb45e1,24,np-setting,5.03213,833528,1.8088,0,0,-1,0,5.03199
fields/00073__plt00073__fab0000_comp02_ez.f32__c0020__dt-f32/chunk_0,4194304,8c027244e86b7962,24,np-setting,5.03129,833668,2.11213,0,0,-1,0,5.03114
fields/00073__plt00073__fab0000_comp02_ez.f32__c0024__dt-f32/chunk_0,4194304,b0881bac7ada0ad0,24,np-setting,1.48767,2819400,1.60432,0,0,-1,0,1.48766
fields/00073__plt00073__fab0000_comp02_ez.f32__c0028__dt-f32/chunk_0,4194304,fcc2a124a2ad582f,24,np-setting,1.25162,3351116,1.12224,0,0,-1,0,1.25161
fields/00073__plt00073__fab0000_comp02_ez.f32__c0032__dt-f32/chunk_0,4194304,91f3386a1e7f84c,24,np-setting,1.16086,3613132,1.51402,0,0,-1,0,1.16085
fields/00073__plt00073__fab0000_comp02_ez.f32__c0036__dt-f32/chunk_0,4194304,94b1fab8c3d77ab7,24,np-setting,1.27485,3290066,1.08502,0,0,-1,0,1.27484
fields/00073__plt00073__fab0000_comp02_ez.f32__c0040__dt-f32/chunk_0,4194304,180883a0e13262db,24,np-setting,3.24763,1291522,1.18886,0,0,-1,0,3.24757
fields/00073__plt00073__fab0000_comp02_ez.f32__c0044__dt-f32/chunk_0,4194304,79f75760932245f2,24,np-setting,5.03241,833482,1.18192,0,0,-1,0,5.03227
fields/00073__plt00073__fab0000_comp02_ez.f32__c0048__dt-f32/chunk_0,4194304,d546b979e7d7b2fe,24,np-setting,5.0321,833534,1.94576,0,0,-1,0,5.03195
fields/00073__plt00073__fab0000_comp02_ez.f32__c0052__dt-f32/chunk_0,4194304,cd1e14faeff6fede,24,np-setting,5.032,833550,1.39107,0,0,-1,0,5.03186
fields/00073__plt00073__fab0000_comp02_ez.f32__c0056__dt-f32/chunk_0,4194304,40ca607e977d907e,24,np-setting,5.03302,833382,1.83546,0,0,-1,0,5.03287
fields/00073__plt00073__fab0000_comp02_ez.f32__c0060__dt-f32/chunk_0,4194304,9f5e8b94d29a462,24,np-setting,5.03022,833846,1.77069,0,0,-1,0,5.03007
fields/00074__plt00074__fab0000_comp02_ez.f32__c0000__dt-f32/chunk_0,4194304,f2ff196a1fbb64b1,24,np-setting,5.03162,833614,1.28986,0,0,-1,0,5.03147
fields/00074__plt00074__fab0000_comp02_ez.f32__c0004__dt-f32/chunk_0,4194304,8c17c5b82364fdf1,24,np-setting,5.03396,833226,0.915456,0,0,-1,0,5.03381
fields/00074__plt00074__fab0000_comp02_ez.f32__c0008__dt-f32/chunk_0,4194304,cbc659cc357d1402,24,np-setting,5.03274,833428,1.9249,0,0,-1,0,5.03259
fields/00074__plt00074__fab0000_comp02_ez.f32__c0012__dt-f32/chunk_0,4194304,4136c47670b3ad01,24,np-setting,5.03213,833528,4.36374,0,0,-1,0,5.03199
fields/00074__plt00074__fab0000_comp02_ez.f32__c0016__dt-f32/chunk_0,4194304,e7a96b3a63cb45e1,24,np-setting,5.03213,833528,1.15862,0,0,-1,0,5.03199
fields/00074__plt00074__fab0000_comp02_ez.f32__c0020__dt-f32/chunk_0,4194304,8c027244e86b7962,24,np-setting,5.03129,833668,1.98694,0,0,-1,0,5.03114
fields/00074__plt00074__fab0000_comp02_ez.f32__c0024__dt-f32/chunk_0,4194304,897783d0346f6c32,24,np-setting,1.46247,2867976,1.61888,0,0,-1,0,1.46246
fields/00074__plt00074__fab0000_comp02_ez.f32__c0028__dt-f32/chunk_0,4194304,37b72f34fdf2db09,24,np-setting,1.25095,3352928,1.14669,0,0,-1,0,1.25094
fields/00074__plt00074__fab0000_comp02_ez.f32__c0032__dt-f32/chunk_0,4194304,22f8f6dab5255d37,24,np-setting,1.16125,3611912,0.969856,0,0,-1,0,1.16124
fields/00074__plt00074__fab0000_comp02_ez.f32__c0036__dt-f32/chunk_0,4194304,9e3c44cbabfaae00,24,np-setting,1.27342,3293758,0.61168,0,0,-1,0,1.27341
fields/00074__plt00074__fab0000_comp02_ez.f32__c0040__dt-f32/chunk_0,4194304,7184f253bfc8376d,24,np-setting,2.89031,1451186,0.719488,0,0,-1,0,2.89026
fields/00074__plt00074__fab0000_comp02_ez.f32__c0044__dt-f32/chunk_0,4194304,79f75760932245f2,24,np-setting,5.03241,833482,0.985728,0,0,-1,0,5.03227
fields/00074__plt00074__fab0000_comp02_ez.f32__c0048__dt-f32/chunk_0,4194304,d546b979e7d7b2fe,24,np-setting,5.0321,833534,1.7503,0,0,-1,0,5.03195
fields/00074__plt00074__fab0000_comp02_ez.f32__c0052__dt-f32/chunk_0,4194304,cd1e14faeff6fede,24,np-setting,5.032,833550,1.26829,0,0,-1,0,5.03186
fields/00074__plt00074__fab0000_comp02_ez.f32__c0056__dt-f32/chunk_0,4194304,40ca607e977d907e,24,np-setting,5.03302,833382,0.826592,0,0,-1,0,5.03287
fields/00074__plt00074__fab0000_comp02_ez.f32__c0060__dt-f32/chunk_0,4194304,9f5e8b94d29a462,24,np-setting,5.03022,833846,0.515264,0,0,-1,0,5.03007
fields/00075__plt00075__fab0000_comp02_ez.f32__c0000__dt-f32/chunk_0,4194304,f2ff196a1fbb64b1,24,np-setting,5.03162,833614,2.77715,0,0,-1,0,5.03147
fields/00075__plt00075__fab0000_comp02_ez.f32__c0004__dt-f32/chunk_0,4194304,8c17c5b82364fdf1,24,np-setting,5.03396,833226,1.68886,0,0,-1,0,5.03381
fields/00075__plt00075__fab0000_comp02_ez.f32__c0008__dt-f32/chunk_0,4194304,cbc659cc357d1402,24,np-setting,5.03274,833428,2.32538,0,0,-1,0,5.03259
fields/00075__plt00075__fab0000_comp02_ez.f32__c0012__dt-f32/chunk_0,4194304,4136c47670b3ad01,24,np-setting,5.03213,833528,2.23424,0,0,-1,0,5.03199
fields/00075__plt00075__fab0000_comp02_ez.f32__c0016__dt-f32/chunk_0,4194304,e7a96b3a63cb45e1,24,np-setting,5.03213,833528,2.08218,0,0,-1,0,5.03199
fields/00075__plt00075__fab0000_comp02_ez.f32__c0020__dt-f32/chunk_0,4194304,8c027244e86b7962,24,np-setting,5.03129,833668,1.95014,0,0,-1,0,5.03114
fields/00075__plt00075__fab0000_comp02_ez.f32__c0024__dt-f32/chunk_0,4194304,b7094dc739155b5e,24,np-setting,1.44166,2909380,0.48256,0,0,-1,0,1.44165
fields/00075__plt00075__fab0000_comp02_ez.f32__c0028__dt-f32/chunk_0,4194304,41a41778674ca122,24,np-setting,1.25018,3354984,2.92902,0,0,-1,0,1.25017
fields/00075__plt00075__fab0000_comp02_ez.f32__c0032__dt-f32/chunk_0,4194304,cbd152d77f9a9fac,24,np-setting,1.16148,3611206,1.37744,0,0,-1,0,1.16147
fields/00075__plt00075__fab0000_comp02_ez.f32__c0036__dt-f32/chunk_0,4194304,f815818ebc13a880,24,np-setting,1.27194,3297586,0.931488,0,0,-1,0,1.27193
fields/00075__plt00075__fab0000_comp02_ez.f32__c0040__dt-f32/chunk_0,4194304,45141a4958e9e0b8,24,np-setting,2.59005,1619418,2.31568,0,0,-1,0,2.59001
fields/00075__plt00075__fab0000_comp02_ez.f32__c0044__dt-f32/chunk_0,4194304,79f75760932245f2,24,np-setting,5.03241,833482,0.908544,0,0,-1,0,5.03227
fields/00075__plt00075__fab0000_comp02_ez.f32__c0048__dt-f32/chunk_0,4194304,d546b979e7d7b2fe,24,np-setting,5.0321,833534,1.20355,0,0,-1,0,5.03195
fields/00075__plt00075__fab0000_comp02_ez.f32__c0052__dt-f32/chunk_0,4194304,cd1e14faeff6fede,24,np-setting,5.032,833550,1.40864,0,0,-1,0,5.03186
fields/00075__plt00075__fab0000_comp02_ez.f32__c0056__dt-f32/chunk_0,4194304,40ca607e977d907e,24,np-setting,5.03302,833382,1.34858,0,0,-1,0,5.03287
fields/00075__plt00075__fab0000_comp02_ez.f32__c0060__dt-f32/chunk_0,4194304,9f5e8b94d29a462,24,np-setting,5.03022,833846,1.28707,0,0,-1,0,5.03007
fields/00076__plt00076__fab0000_comp02_ez.f32__c0000__dt-f32/chunk_0,4194304,f2ff196a1fbb64b1,24,np-setting,5.03162,833614,0.448576,0,0,-1,0,5.03147
fields/00076__plt00076__fab0000_comp02_ez.f32__c0004__dt-f32/chunk_0,4194304,8c17c5b82364fdf1,24,np-setting,5.03396,833226,0.31232,0,0,-1,0,5.03381
fields/00076__plt00076__fab0000_comp02_ez.f32__c0008__dt-f32/chunk_0,4194304,cbc659cc357d1402,24,np-setting,5.03274,833428,1.29008,0,0,-1,0,5.03259
fields/00076__plt00076__fab0000_comp02_ez.f32__c0012__dt-f32/chunk_0,4194304,4136c47670b3ad01,24,np-setting,5.03213,833528,1.53562,0,0,-1,0,5.03199
fields/00076__plt00076__fab0000_comp02_ez.f32__c0016__dt-f32/chunk_0,4194304,e7a96b3a63cb45e1,24,np-setting,5.03213,833528,1.37318,0,0,-1,0,5.03199
fields/00076__plt00076__fab0000_comp02_ez.f32__c0020__dt-f32/chunk_0,4194304,8c027244e86b7962,24,np-setting,5.03129,833668,0.630624,0,0,-1,0,5.03114
fields/00076__plt00076__fab0000_comp02_ez.f32__c0024__dt-f32/chunk_0,4194304,5b7974fe4486ffd9,24,np-setting,1.42463,2944170,1.13744,0,0,-1,0,1.42461
fields/00076__plt00076__fab0000_comp02_ez.f32__c0028__dt-f32/chunk_0,4194304,6fbb09ec96c68e58,24,np-setting,1.24959,3356570,2.2031,0,0,-1,0,1.24958
fields/00076__plt00076__fab0000_comp02_ez.f32__c0032__dt-f32/chunk_0,4194304,9d1c61ad021debcd,24,np-setting,1.16169,3610534,1.4768,0,0,-1,0,1.16169
fields/00076__plt00076__fab0000_comp02_ez.f32__c0036__dt-f32/chunk_0,4194304,b032497e13f83e9f,24,np-setting,1.27056,3301166,2.38336,0,0,-1,0,1.27055
fields/00076__plt00076__fab0000_comp02_ez.f32__c0040__dt-f32/chunk_0,4194304,918bb4dd6617cf27,24,np-setting,2.33382,1797210,1.2551,0,0,-1,0,2.33379
fields/00076__plt00076__fab0000_comp02_ez.f32__c0044__dt-f32/chunk_0,4194304,79f75760932245f2,24,np-setting,5.03241,833482,1.52538,0,0,-1,0,5.03227
fields/00076__plt00076__fab0000_comp02_ez.f32__c0048__dt-f32/chunk_0,4194304,d546b979e7d7b2fe,24,np-setting,5.0321,833534,1.0968,0,0,-1,0,5.03195
fields/00076__plt00076__fab0000_comp02_ez.f32__c0052__dt-f32/chunk_0,4194304,cd1e14faeff6fede,24,np-setting,5.032,833550,1.40598,0,0,-1,0,5.03186
fields/00076__plt00076__fab0000_comp02_ez.f32__c0056__dt-f32/chunk_0,4194304,40ca607e977d907e,24,np-setting,5.03302,833382,0.380864,0,0,-1,0,5.03287
fields/00076__plt00076__fab0000_comp02_ez.f32__c0060__dt-f32/chunk_0,4194304,9f5e8b94d29a462,24,np-setting,5.03022,833846,0.453344,0,0,-1,0,5.03007
fields/00077__plt00077__fab0000_comp02_ez.f32__c0000__dt-f32/chunk_0,4194304,f2ff196a1fbb64b1,24,np-setting,5.03162,833614,0.851424,0,0,-1,0,5.03147
fields/00077__plt00077__fab0000_comp02_ez.f32__c0004__dt-f32/chunk_0,4194304,8c17c5b82364fdf1,24,np-setting,5.03396,833226,2.14554,0,0,-1,0,5.03381
fields/00077__plt00077__fab0000_comp02_ez.f32__c0008__dt-f32/chunk_0,4194304,cbc659cc357d1402,24,np-setting,5.03274,833428,2.10035,0,0,-1,0,5.03259
fields/00077__plt00077__fab0000_comp02_ez.f32__c0012__dt-f32/chunk_0,4194304,4136c47670b3ad01,24,np-setting,5.03213,833528,1.23635,0,0,-1,0,5.03199
fields/00077__plt00077__fab0000_comp02_ez.f32__c0016__dt-f32/chunk_0,4194304,e7a96b3a63cb45e1,24,np-setting,5.03213,833528,1.80147,0,0,-1,0,5.03199
fields/00077__plt00077__fab0000_comp02_ez.f32__c0020__dt-f32/chunk_0,4194304,8c027244e86b7962,24,np-setting,5.03129,833668,2.28282,0,0,-1,0,5.03114
fields/00077__plt00077__fab0000_comp02_ez.f32__c0024__dt-f32/chunk_0,4194304,6243ef6fc299c473,24,np-setting,1.41053,2973592,0.530688,0,0,-1,0,1.41052
fields/00077__plt00077__fab0000_comp02_ez.f32__c0028__dt-f32/chunk_0,4194304,3cacb4ca79eb8837,24,np-setting,1.24884,3358574,1.86659,0,0,-1,0,1.24883
fields/00077__plt00077__fab0000_comp02_ez.f32__c0032__dt-f32/chunk_0,4194304,f3a23c1ad1e5e524,24,np-setting,1.1619,3609888,1.27603,0,0,-1,0,1.16189
fields/00077__plt00077__fab0000_comp02_ez.f32__c0036__dt-f32/chunk_0,4194304,359be1b7352f853b,24,np-setting,1.26935,3304308,1.50333,0,0,-1,0,1.26934
fields/00077__plt00077__fab0000_comp02_ez.f32__c0040__dt-f32/chunk_0,4194304,c7ec6e7ae7df4ee6,24,np-setting,2.11783,1980498,1.76848,0,0,-1,0,2.1178
fields/00077__plt00077__fab0000_comp02_ez.f32__c0044__dt-f32/chunk_0,4194304,79f75760932245f2,24,np-setting,5.03241,833482,2.06598,0,0,-1,0,5.03227
fields/00077__plt00077__fab0000_comp02_ez.f32__c0048__dt-f32/chunk_0,4194304,d546b979e7d7b2fe,24,np-setting,5.0321,833534,2.37578,0,0,-1,0,5.03195
fields/00077__plt00077__fab0000_comp02_ez.f32__c0052__dt-f32/chunk_0,4194304,cd1e14faeff6fede,24,np-setting,5.032,833550,1.64675,0,0,-1,0,5.03186
fields/00077__plt00077__fab0000_comp02_ez.f32__c0056__dt-f32/chunk_0,4194304,40ca607e977d907e,24,np-setting,5.03302,833382,2.3607,0,0,-1,0,5.03287
fields/00077__plt00077__fab0000_comp02_ez.f32__c0060__dt-f32/chunk_0,4194304,9f5e8b94d29a462,24,np-setting,5.03022,833846,0.963328,0,0,-1,0,5.03007
fields/00078__plt00078__fab0000_comp02_ez.f32__c0000__dt-f32/chunk_0,4194304,f2ff196a1fbb64b1,24,np-setting,5.03162,833614,1.452,0,0,-1,0,5.03147
fields/00078__plt00078__fab0000_comp02_ez.f32__c0004__dt-f32/chunk_0,4194304,8c17c5b82364fdf1,24,np-setting,5.03396,833226,1.91674,0,0,-1,0,5.03381
fields/00078__plt00078__fab0000_comp02_ez.f32__c0008__dt-f32/chunk_0,4194304,cbc659cc357d1402,24,np-setting,5.03274,833428,0.946912,0,0,-1,0,5.03259
fields/00078__plt00078__fab0000_comp02_ez.f32__c0012__dt-f32/chunk_0,4194304,4136c47670b3ad01,24,np-setting,5.03213,833528,1.9209,0,0,-1,0,5.03199
fields/00078__plt00078__fab0000_comp02_ez.f32__c0016__dt-f32/chunk_0,4194304,e7a96b3a63cb45e1,24,np-setting,5.03213,833528,1.94234,0,0,-1,0,5.03199
fields/00078__plt00078__fab0000_comp02_ez.f32__c0020__dt-f32/chunk_0,4194304,8c027244e86b7962,24,np-setting,5.03129,833668,1.4321,0,0,-1,0,5.03114
fields/00078__plt00078__fab0000_comp02_ez.f32__c0024__dt-f32/chunk_0,4194304,904e0415cd826997,24,np-setting,1.39904,2998004,0.507104,0,0,-1,0,1.39903
fields/00078__plt00078__fab0000_comp02_ez.f32__c0028__dt-f32/chunk_0,4194304,2c527d171ea16fdf,24,np-setting,1.24844,3359660,1.01971,0,0,-1,0,1.24843
fields/00078__plt00078__fab0000_comp02_ez.f32__c0032__dt-f32/chunk_0,4194304,824de340d4a7afbf,24,np-setting,1.16221,3608928,0.797088,0,0,-1,0,1.1622
fields/00078__plt00078__fab0000_comp02_ez.f32__c0036__dt-f32/chunk_0,4194304,5dcf10c1133cdcc3,24,np-setting,1.26813,3307500,0.532448,0,0,-1,0,1.26812
fields/00078__plt00078__fab0000_comp02_ez.f32__c0040__dt-f32/chunk_0,4194304,b244d4dd40c01aed,24,np-setting,1.93287,2170008,0.974112,0,0,-1,0,1.93285
fields/00078__plt00078__fab0000_comp02_ez.f32__c0044__dt-f32/chunk_0,4194304,79f75760932245f2,24,np-setting,5.03241,833482,1.89392,0,0,-1,0,5.03227
fields/00078__plt00078__fab0000_comp02_ez.f32__c0048__dt-f32/chunk_0,4194304,d546b979e7d7b2fe,24,np-setting,5.0321,833534,0.673984,0,0,-1,0,5.03195
fields/00078__plt00078__fab0000_comp02_ez.f32__c0052__dt-f32/chunk_0,4194304,cd1e14faeff6fede,24,np-setting,5.032,833550,0.677312,0,0,-1,0,5.03186
fields/00078__plt00078__fab0000_comp02_ez.f32__c0056__dt-f32/chunk_0,4194304,40ca607e977d907e,24,np-setting,5.03302,833382,1.42464,0,0,-1,0,5.03287
fields/00078__plt00078__fab0000_comp02_ez.f32__c0060__dt-f32/chunk_0,4194304,9f5e8b94d29a462,24,np-setting,5.03022,833846,2.03798,0,0,-1,0,5.03007
fields/00079__plt00079__fab0000_comp02_ez.f32__c0000__dt-f32/chunk_0,4194304,f2ff196a1fbb64b1,24,np-setting,5.03162,833614,0.681856,0,0,-1,0,5.03147
fields/00079__plt00079__fab0000_comp02_ez.f32__c0004__dt-f32/chunk_0,4194304,8c17c5b82364fdf1,24,np-setting,5.03396,833226,3.24634,0,0,-1,0,5.03381
fields/00079__plt00079__fab0000_comp02_ez.f32__c0008__dt-f32/chunk_0,4194304,cbc659cc357d1402,24,np-setting,5.03274,833428,1.64867,0,0,-1,0,5.03259
fields/00079__plt00079__fab0000_comp02_ez.f32__c0012__dt-f32/chunk_0,4194304,4136c47670b3ad01,24,np-setting,5.03213,833528,0.426688,0,0,-1,0,5.03199
fields/00079__plt00079__fab0000_comp02_ez.f32__c0016__dt-f32/chunk_0,4194304,e7a96b3a63cb45e1,24,np-setting,5.03213,833528,1.11792,0,0,-1,0,5.03199
fields/00079__plt00079__fab0000_comp02_ez.f32__c0020__dt-f32/chunk_0,4194304,8c027244e86b7962,24,np-setting,5.03129,833668,0.932448,0,0,-1,0,5.03114
fields/00079__plt00079__fab0000_comp02_ez.f32__c0024__dt-f32/chunk_0,4194304,d9839dedd7b7fea3,24,np-setting,1.38925,3019138,1.71898,0,0,-1,0,1.38924
fields/00079__plt00079__fab0000_comp02_ez.f32__c0028__dt-f32/chunk_0,4194304,fd3c83684b498fbb,24,np-setting,1.24778,3361448,2.22342,0,0,-1,0,1.24777
fields/00079__plt00079__fab0000_comp02_ez.f32__c0032__dt-f32/chunk_0,4194304,aec566859297a546,24,np-setting,1.16229,3608694,1.78163,0,0,-1,0,1.16228
fields/00079__plt00079__fab0000_comp02_ez.f32__c0036__dt-f32/chunk_0,4194304,c4ab0b5987177133,24,np-setting,1.26688,3310770,1.76458,0,0,-1,0,1.26687
fields/00079__plt00079__fab0000_comp02_ez.f32__c0040__dt-f32/chunk_0,4194304,a2d6136539dea4ed,24,np-setting,1.77883,2357928,1.80525,0,0,-1,0,1.77881
fields/00079__plt00079__fab0000_comp02_ez.f32__c0044__dt-f32/chunk_0,4194304,79f75760932245f2,24,np-setting,5.03241,833482,0.841856,0,0,-1,0,5.03227
fields/00079__plt00079__fab0000_comp02_ez.f32__c0048__dt-f32/chunk_0,4194304,d546b979e7d7b2fe,24,np-setting,5.0321,833534,0.707648,0,0,-1,0,5.03195
fields/00079__plt00079__fab0000_comp02_ez.f32__c0052__dt-f32/chunk_0,4194304,cd1e14faeff6fede,24,np-setting,5.032,833550,0.39968,0,0,-1,0,5.03186
fields/00079__plt00079__fab0000_comp02_ez.f32__c0056__dt-f32/chunk_0,4194304,40ca607e977d907e,24,np-setting,5.03302,833382,1.15904,0,0,-1,0,5.03287
fields/00079__plt00079__fab0000_comp02_ez.f32__c0060__dt-f32/chunk_0,4194304,9f5e8b94d29a462,24,np-setting,5.03022,833846,1.78522,0,0,-1,0,5.03007
fields/00080__plt00080__fab0000_comp02_ez.f32__c0000__dt-f32/chunk_0,4194304,f2ff196a1fbb64b1,24,np-setting,5.03162,833614,1.41405,0,0,-1,0,5.03147
fields/00080__plt00080__fab0000_comp02_ez.f32__c0004__dt-f32/chunk_0,4194304,8c17c5b82364fdf1,24,np-setting,5.03396,833226,1.56358,0,0,-1,0,5.03381
fields/00080__plt00080__fab0000_comp02_ez.f32__c0008__dt-f32/chunk_0,4194304,cbc659cc357d1402,24,np-setting,5.03274,833428,1.27171,0,0,-1,0,5.03259
fields/00080__plt00080__fab0000_comp02_ez.f32__c0012__dt-f32/chunk_0,4194304,4136c47670b3ad01,24,np-setting,5.03213,833528,1.69491,0,0,-1,0,5.03199
fields/00080__plt00080__fab0000_comp02_ez.f32__c0016__dt-f32/chunk_0,4194304,e7a96b3a63cb45e1,24,np-setting,5.03213,833528,2.4681,0,0,-1,0,5.03199
fields/00080__plt00080__fab0000_comp02_ez.f32__c0020__dt-f32/chunk_0,4194304,8c027244e86b7962,24,np-setting,5.03129,833668,1.58186,0,0,-1,0,5.03114
fields/00080__plt00080__fab0000_comp02_ez.f32__c0024__dt-f32/chunk_0,4194304,f82fd1811e26a873,24,np-setting,1.38124,3036642,1.71146,0,0,-1,0,1.38123
fields/00080__plt00080__fab0000_comp02_ez.f32__c0028__dt-f32/chunk_0,4194304,a61f94c165b44950,24,np-setting,1.24728,3362798,2.9231,0,0,-1,0,1.24727
fields/00080__plt00080__fab0000_comp02_ez.f32__c0032__dt-f32/chunk_0,4194304,d88b59b6d07759f2,24,np-setting,1.16241,3608300,0.905184,0,0,-1,0,1.1624
fields/00080__plt00080__fab0000_comp02_ez.f32__c0036__dt-f32/chunk_0,4194304,e5424d219cdccfbc,24,np-setting,1.26556,3314200,0.205312,0,0,-1,0,1.26556
fields/00080__plt00080__fab0000_comp02_ez.f32__c0040__dt-f32/chunk_0,4194304,29e6df2a87f46843,24,np-setting,1.66266,2522668,0.244672,0,0,-1,0,1.66265
fields/00080__plt00080__fab0000_comp02_ez.f32__c0044__dt-f32/chunk_0,4194304,79f75760932245f2,24,np-setting,5.03241,833482,2.12246,0,0,-1,0,5.03227
fields/00080__plt00080__fab0000_comp02_ez.f32__c0048__dt-f32/chunk_0,4194304,d546b979e7d7b2fe,24,np-setting,5.0321,833534,3.83552,0,0,-1,0,5.03195
fields/00080__plt00080__fab0000_comp02_ez.f32__c0052__dt-f32/chunk_0,4194304,cd1e14faeff6fede,24,np-setting,5.032,833550,2.28496,0,0,-1,0,5.03186
fields/00080__plt00080__fab0000_comp02_ez.f32__c0056__dt-f32/chunk_0,4194304,40ca607e977d907e,24,np-setting,5.03302,833382,2.22877,0,0,-1,0,5.03287
fields/00080__plt00080__fab0000_comp02_ez.f32__c0060__dt-f32/chunk_0,4194304,9f5e8b94d29a462,24,np-setting,5.03022,833846,0.79168,0,0,-1,0,5.03007
fields/00081__plt00081__fab0000_comp02_ez.f32__c0000__dt-f32/chunk_0,4194304,f2ff196a1fbb64b1,24,np-setting,5.03162,833614,0.928128,0,0,-1,0,5.03147
fields/00081__plt00081__fab0000_comp02_ez.f32__c0004__dt-f32/chunk_0,4194304,8c17c5b82364fdf1,24,np-setting,5.03396,833226,1.42893,0,0,-1,0,5.03381
fields/00081__plt00081__fab0000_comp02_ez.f32__c0008__dt-f32/chunk_0,4194304,cbc659cc357d1402,24,np-setting,5.03274,833428,1.45037,0,0,-1,0,5.03259
fields/00081__plt00081__fab0000_comp02_ez.f32__c0012__dt-f32/chunk_0,4194304,4136c47670b3ad01,24,np-setting,5.03213,833528,1.29165,0,0,-1,0,5.03199
fields/00081__plt00081__fab0000_comp02_ez.f32__c0016__dt-f32/chunk_0,4194304,e7a96b3a63cb45e1,24,np-setting,5.03213,833528,1.85536,0,0,-1,0,5.03199
fields/00081__plt00081__fab0000_comp02_ez.f32__c0020__dt-f32/chunk_0,4194304,8c027244e86b7962,24,np-setting,5.03129,833668,2.32314,0,0,-1,0,5.03114
fields/00081__plt00081__fab0000_comp02_ez.f32__c0024__dt-f32/chunk_0,4194304,d3f40ad7490b5a5b,24,np-setting,1.37406,3052514,1.45754,0,0,-1,0,1.37405
fields/00081__plt00081__fab0000_comp02_ez.f32__c0028__dt-f32/chunk_0,4194304,e5a532d3d136a75b,24,np-setting,1.24668,3364398,2.00915,0,0,-1,0,1.24667
fields/00081__plt00081__fab0000_comp02_ez.f32__c0032__dt-f32/chunk_0,4194304,eb0a91d18f3c6f10,24,np-setting,1.16267,3607502,1.40947,0,0,-1,0,1.16266
fields/00081__plt00081__fab0000_comp02_ez.f32__c0036__dt-f32/chunk_0,4194304,a721d992f7b2a604,24,np-setting,1.26452,3316942,2.20509,0,0,-1,0,1.26451
fields/00081__plt00081__fab0000_comp02_ez.f32__c0040__dt-f32/chunk_0,4194304,ee233969c6498ac7,24,np-setting,1.58845,2640530,1.89661,0,0,-1,0,1.58843
fields/00081__plt00081__fab0000_comp02_ez.f32__c0044__dt-f32/chunk_0,4194304,79f75760932245f2,24,np-setting,5.03241,833482,1.21107,0,0,-1,0,5.03227
fields/00081__plt00081__fab0000_comp02_ez.f32__c0048__dt-f32/chunk_0,4194304,d546b979e7d7b2fe,24,np-setting,5.0321,833534,2.02355,0,0,-1,0,5.03195
fields/00081__plt00081__fab0000_comp02_ez.f32__c0052__dt-f32/chunk_0,4194304,cd1e14faeff6fede,24,np-setting,5.032,833550,2.20499,0,0,-1,0,5.03186
fields/00081__plt00081__fab0000_comp02_ez.f32__c0056__dt-f32/chunk_0,4194304,40ca607e977d907e,24,np-setting,5.03302,833382,1.72816,0,0,-1,0,5.03287
fields/00081__plt00081__fab0000_comp02_ez.f32__c0060__dt-f32/chunk_0,4194304,9f5e8b94d29a462,24,np-setting,5.03022,833846,1.51174,0,0,-1,0,5.03007
fields/00082__plt00082__fab0000_comp02_ez.f32__c0000__dt-f32/chunk_0,4194304,f2ff196a1fbb64b1,24,np-setting,5.03162,833614,2.49046,0,0,-1,0,5.03147
fields/00082__plt00082__fab0000_comp02_ez.f32__c0004__dt-f32/chunk_0,4194304,8c17c5b82364fdf1,24,np-setting,5.03396,833226,2.13235,0,0,-1,0,5.03381
fields/00082__plt00082__fab0000_comp02_ez.f32__c0008__dt-f32/chunk_0,4194304,cbc659cc357d1402,24,np-setting,5.03274,833428,0.42848,0,0,-1,0,5.03259
fields/00082__plt00082__fab0000_comp02_ez.f32__c0012__dt-f32/chunk_0,4194304,4136c47670b3ad01,24,np-setting,5.03213,833528,0.38592,0,0,-1,0,5.03199
fields/00082__plt00082__fab0000_comp02_ez.f32__c0016__dt-f32/chunk_0,4194304,e7a96b3a63cb45e1,24,np-setting,5.03213,833528,0.383616,0,0,-1,0,5.03199
fields/00082__plt00082__fab0000_comp02_ez.f32__c0020__dt-f32/chunk_0,4194304,8c027244e86b7962,24,np-setting,5.03129,833668,0.76128,0,0,-1,0,5.03114
fields/00082__plt00082__fab0000_comp02_ez.f32__c0024__dt-f32/chunk_0,4194304,64cf1a88fee69e7,24,np-setting,1.36807,3065878,0.410688,0,0,-1,0,1.36806
fields/00082__plt00082__fab0000_comp02_ez.f32__c0028__dt-f32/chunk_0,4194304,663c775984c94b8b,24,np-setting,1.24621,3365684,0.242656,0,0,-1,0,1.2462
fields/00082__plt00082__fab0000_comp02_ez.f32__c0032__dt-f32/chunk_0,4194304,38142413e31cbfed,24,np-setting,1.16284,3606968,1.41814,0,0,-1,0,1.16283
fields/00082__plt00082__fab0000_comp02_ez.f32__c0036__dt-f32/chunk_0,4194304,eab08c28802d5683,24,np-setting,1.26352,3319562,1.91187,0,0,-1,0,1.26351
fields/00082__plt00082__fab0000_comp02_ez.f32__c0040__dt-f32/chunk_0,4194304,d889ac665b8429bb,24,np-setting,1.54218,2719742,1.65997,0,0,-1,0,1.54217
fields/00082__plt00082__fab0000_comp02_ez.f32__c0044__dt-f32/chunk_0,4194304,79f75760932245f2,24,np-setting,5.03241,833482,0.62224,0,0,-1,0,5.03227
fields/00082__plt00082__fab0000_comp02_ez.f32__c0048__dt-f32/chunk_0,4194304,d546b979e7d7b2fe,24,np-setting,5.0321,833534,0.597248,0,0,-1,0,5.03195
fields/00082__plt00082__fab0000_comp02_ez.f32__c0052__dt-f32/chunk_0,4194304,cd1e14faeff6fede,24,np-setting,5.032,833550,0.278048,0,0,-1,0,5.03186
fields/00082__plt00082__fab0000_comp02_ez.f32__c0056__dt-f32/chunk_0,4194304,40ca607e977d907e,24,np-setting,5.03302,833382,1.71885,0,0,-1,0,5.03287
fields/00082__plt00082__fab0000_comp02_ez.f32__c0060__dt-f32/chunk_0,4194304,9f5e8b94d29a462,24,np-setting,5.03022,833846,3.2991,0,0,-1,0,5.03007
fields/00083__plt00083__fab0000_comp02_ez.f32__c0000__dt-f32/chunk_0,4194304,f2ff196a1fbb64b1,24,np-setting,5.03162,833614,1.50083,0,0,-1,0,5.03147
fields/00083__plt00083__fab0000_comp02_ez.f32__c0004__dt-f32/chunk_0,4194304,8c17c5b82364fdf1,24,np-setting,5.03396,833226,3.2584,0,0,-1,0,5.03381
fields/00083__plt00083__fab0000_comp02_ez.f32__c0008__dt-f32/chunk_0,4194304,cbc659cc357d1402,24,np-setting,5.03274,833428,1.89786,0,0,-1,0,5.03259
fields/00083__plt00083__fab0000_comp02_ez.f32__c0012__dt-f32/chunk_0,4194304,4136c47670b3ad01,24,np-setting,5.03213,833528,1.93808,0,0,-1,0,5.03199
fields/00083__plt00083__fab0000_comp02_ez.f32__c0016__dt-f32/chunk_0,4194304,e7a96b3a63cb45e1,24,np-setting,5.03213,833528,1.3823,0,0,-1,0,5.03199
fields/00083__plt00083__fab0000_comp02_ez.f32__c0020__dt-f32/chunk_0,4194304,8c027244e86b7962,24,np-setting,5.03129,833668,1.2519,0,0,-1,0,5.03114
fields/00083__plt00083__fab0000_comp02_ez.f32__c0024__dt-f32/chunk_0,4194304,dce19119feb80804,24,np-setting,1.36254,3078312,0.967328,0,0,-1,0,1.36253
fields/00083__plt00083__fab0000_comp02_ez.f32__c0028__dt-f32/chunk_0,4194304,7c3a55da6ad11d4d,24,np-setting,1.24587,3366600,0.222848,0,0,-1,0,1.24586
fields/00083__plt00083__fab0000_comp02_ez.f32__c0032__dt-f32/chunk_0,4194304,f676d8abda47ddd6,24,np-setting,1.16308,3606232,2.21757,0,0,-1,0,1.16307
fields/00083__plt00083__fab0000_comp02_ez.f32__c0036__dt-f32/chunk_0,4194304,42ae7c56caa15366,24,np-setting,1.26239,3322522,3.79968,0,0,-1,0,1.26239
fields/00083__plt00083__fab0000_comp02_ez.f32__c0040__dt-f32/chunk_0,4194304,d0e222a2dbe91eb0,24,np-setting,1.50793,2781516,3.77699,0,0,-1,0,1.50792
fields/00083__plt00083__fab0000_comp02_ez.f32__c0044__dt-f32/chunk_0,4194304,79f75760932245f2,24,np-setting,5.03241,833482,1.31472,0,0,-1,0,5.03227
fields/00083__plt00083__fab0000_comp02_ez.f32__c0048__dt-f32/chunk_0,4194304,d546b979e7d7b2fe,24,np-setting,5.0321,833534,2.73405,0,0,-1,0,5.03195
fields/00083__plt00083__fab0000_comp02_ez.f32__c0052__dt-f32/chunk_0,4194304,cd1e14faeff6fede,24,np-setting,5.032,833550,2.50058,0,0,-1,0,5.03186
fields/00083__plt00083__fab0000_comp02_ez.f32__c0056__dt-f32/chunk_0,4194304,40ca607e977d907e,24,np-setting,5.03302,833382,2.22454,0,0,-1,0,5.03287
fields/00083__plt00083__fab0000_comp02_ez.f32__c0060__dt-f32/chunk_0,4194304,9f5e8b94d29a462,24,np-setting,5.03022,833846,1.67091,0,0,-1,0,5.03007
fields/00084__plt00084__fab0000_comp02_ez.f32__c0000__dt-f32/chunk_0,4194304,f2ff196a1fbb64b1,24,np-setting,5.03162,833614,1.17552,0,0,-1,0,5.03147
fields/00084__plt00084__fab0000_comp02_ez.f32__c0004__dt-f32/chunk_0,4194304,8c17c5b82364fdf1,24,np-setting,5.03396,833226,1.52346,0,0,-1,0,5.03381
fields/00084__plt00084__fab0000_comp02_ez.f32__c0008__dt-f32/chunk_0,4194304,cbc659cc357d1402,24,np-setting,5.03274,833428,0.278368,0,0,-1,0,5.03259
fields/00084__plt00084__fab0000_comp02_ez.f32__c0012__dt-f32/chunk_0,4194304,4136c47670b3ad01,24,np-setting,5.03213,833528,1.25498,0,0,-1,0,5.03199
fields/00084__plt00084__fab0000_comp02_ez.f32__c0016__dt-f32/chunk_0,4194304,e7a96b3a63cb45e1,24,np-setting,5.03213,833528,1.07498,0,0,-1,0,5.03199
fields/00084__plt00084__fab0000_comp02_ez.f32__c0020__dt-f32/chunk_0,4194304,8c027244e86b7962,24,np-setting,5.03129,833668,0.55072,0,0,-1,0,5.03114
fields/00084__plt00084__fab0000_comp02_ez.f32__c0024__dt-f32/chunk_0,4194304,71ad03cb847cc9af,24,np-setting,1.35747,3089826,0.78128,0,0,-1,0,1.35746
fields/00084__plt00084__fab0000_comp02_ez.f32__c0028__dt-f32/chunk_0,4194304,ed6d36785ec0b4b9,24,np-setting,1.24522,3368352,1.7703,0,0,-1,0,1.24521
fields/00084__plt00084__fab0000_comp02_ez.f32__c0032__dt-f32/chunk_0,4194304,2fc7f9908cf30c48,24,np-setting,1.16339,3605254,2.23264,0,0,-1,0,1.16339
fields/00084__plt00084__fab0000_comp02_ez.f32__c0036__dt-f32/chunk_0,4194304,5327e1b3edbaba32,24,np-setting,1.26151,3324862,1.36083,0,0,-1,0,1.2615
fields/00084__plt00084__fab0000_comp02_ez.f32__c0040__dt-f32/chunk_0,4194304,7903862d68b9ceb5,24,np-setting,1.48117,2831774,2.20122,0,0,-1,0,1.48116
fields/00084__plt00084__fab0000_comp02_ez.f32__c0044__dt-f32/chunk_0,4194304,79f75760932245f2,24,np-setting,5.03241,833482,2.1808,0,0,-1,0,5.03227
fields/00084__plt00084__fab0000_comp02_ez.f32__c0048__dt-f32/chunk_0,4194304,d546b979e7d7b2fe,24,np-setting,5.0321,833534,1.89773,0,0,-1,0,5.03195
fields/00084__plt00084__fab0000_comp02_ez.f32__c0052__dt-f32/chunk_0,4194304,cd1e14faeff6fede,24,np-setting,5.032,833550,0.848128,0,0,-1,0,5.03186
fields/00084__plt00084__fab0000_comp02_ez.f32__c0056__dt-f32/chunk_0,4194304,40ca607e977d907e,24,np-setting,5.03302,833382,1.4367,0,0,-1,0,5.03287
fields/00084__plt00084__fab0000_comp02_ez.f32__c0060__dt-f32/chunk_0,4194304,9f5e8b94d29a462,24,np-setting,5.03022,833846,1.60202,0,0,-1,0,5.03007
fields/00085__plt00085__fab0000_comp02_ez.f32__c0000__dt-f32/chunk_0,4194304,f2ff196a1fbb64b1,24,np-setting,5.03162,833614,1.59885,0,0,-1,0,5.03147
fields/00085__plt00085__fab0000_comp02_ez.f32__c0004__dt-f32/chunk_0,4194304,8c17c5b82364fdf1,24,np-setting,5.03396,833226,1.61312,0,0,-1,0,5.03381
fields/00085__plt00085__fab0000_comp02_ez.f32__c0008__dt-f32/chunk_0,4194304,cbc659cc357d1402,24,np-setting,5.03274,833428,1.38714,0,0,-1,0,5.03259
fields/00085__plt00085__fab0000_comp02_ez.f32__c0012__dt-f32/chunk_0,4194304,4136c47670b3ad01,24,np-setting,5.03213,833528,1.70384,0,0,-1,0,5.03199
fields/00085__plt00085__fab0000_comp02_ez.f32__c0016__dt-f32/chunk_0,4194304,e7a96b3a63cb45e1,24,np-setting,5.03213,833528,0.985088,0,0,-1,0,5.03199
fields/00085__plt00085__fab0000_comp02_ez.f32__c0020__dt-f32/chunk_0,4194304,8c027244e86b7962,24,np-setting,5.03129,833668,2.20771,0,0,-1,0,5.03114
fields/00085__plt00085__fab0000_comp02_ez.f32__c0024__dt-f32/chunk_0,4194304,6e666c773899dd8c,24,np-setting,1.35286,3100344,2.27882,0,0,-1,0,1.35285
fields/00085__plt00085__fab0000_comp02_ez.f32__c0028__dt-f32/chunk_0,4194304,34151254ff900624,24,np-setting,1.24486,3369312,2.26221,0,0,-1,0,1.24485
fields/00085__plt00085__fab0000_comp02_ez.f32__c0032__dt-f32/chunk_0,4194304,58111ce0494beb7b,24,np-setting,1.16379,3604024,0.702912,0,0,-1,0,1.16378
fields/00085__plt00085__fab0000_comp02_ez.f32__c0036__dt-f32/chunk_0,4194304,c6928e6e59818e33,24,np-setting,1.2605,3327526,1.42326,0,0,-1,0,1.26049
fields/00085__plt00085__fab0000_comp02_ez.f32__c0040__dt-f32/chunk_0,4194304,545a26a07e4f76ed,24,np-setting,1.45989,2873046,1.5585,0,0,-1,0,1.45988
fields/00085__plt00085__fab0000_comp02_ez.f32__c0044__dt-f32/chunk_0,4194304,79f75760932245f2,24,np-setting,5.03241,833482,1.844,0,0,-1,0,5.03227
fields/00085__plt00085__fab0000_comp02_ez.f32__c0048__dt-f32/chunk_0,4194304,d546b979e7d7b2fe,24,np-setting,5.0321,833534,0.998272,0,0,-1,0,5.03195
fields/00085__plt00085__fab0000_comp02_ez.f32__c0052__dt-f32/chunk_0,4194304,cd1e14faeff6fede,24,np-setting,5.032,833550,1.93805,0,0,-1,0,5.03186
fields/00085__plt00085__fab0000_comp02_ez.f32__c0056__dt-f32/chunk_0,4194304,40ca607e977d907e,24,np-setting,5.03302,833382,2.0623,0,0,-1,0,5.03287
fields/00085__plt00085__fab0000_comp02_ez.f32__c0060__dt-f32/chunk_0,4194304,9f5e8b94d29a462,24,np-setting,5.03022,833846,1.13354,0,0,-1,0,5.03007
fields/00086__plt00086__fab0000_comp02_ez.f32__c0000__dt-f32/chunk_0,4194304,f2ff196a1fbb64b1,24,np-setting,5.03162,833614,2.33949,0,0,-1,0,5.03147
fields/00086__plt00086__fab0000_comp02_ez.f32__c0004__dt-f32/chunk_0,4194304,8c17c5b82364fdf1,24,np-setting,5.03396,833226,1.10339,0,0,-1,0,5.03381
fields/00086__plt00086__fab0000_comp02_ez.f32__c0008__dt-f32/chunk_0,4194304,cbc659cc357d1402,24,np-setting,5.03274,833428,0.477568,0,0,-1,0,5.03259
fields/00086__plt00086__fab0000_comp02_ez.f32__c0012__dt-f32/chunk_0,4194304,4136c47670b3ad01,24,np-setting,5.03213,833528,0.668448,0,0,-1,0,5.03199
fields/00086__plt00086__fab0000_comp02_ez.f32__c0016__dt-f32/chunk_0,4194304,e7a96b3a63cb45e1,24,np-setting,5.03213,833528,1.86374,0,0,-1,0,5.03199
fields/00086__plt00086__fab0000_comp02_ez.f32__c0020__dt-f32/chunk_0,4194304,8c027244e86b7962,24,np-setting,5.03129,833668,1.72646,0,0,-1,0,5.03114
fields/00086__plt00086__fab0000_comp02_ez.f32__c0024__dt-f32/chunk_0,4194304,39eeff4bda3d6743,24,np-setting,1.34888,3109498,1.23498,0,0,-1,0,1.34887
fields/00086__plt00086__fab0000_comp02_ez.f32__c0028__dt-f32/chunk_0,4194304,784d6ec4c950d151,24,np-setting,1.24445,3370438,1.0553,0,0,-1,0,1.24444
fields/00086__plt00086__fab0000_comp02_ez.f32__c0032__dt-f32/chunk_0,4194304,e68b17e9539af3df,24,np-setting,1.16442,3602082,1.21498,0,0,-1,0,1.16441
fields/00086__plt00086__fab0000_comp02_ez.f32__c0036__dt-f32/chunk_0,4194304,8d316e5d6ffbbd72,24,np-setting,1.25953,3330082,2.4007,0,0,-1,0,1.25952
fields/00086__plt00086__fab0000_comp02_ez.f32__c0040__dt-f32/chunk_0,4194304,5a8112ef3ed0fd11,24,np-setting,1.44244,2907818,0.90896,0,0,-1,0,1.44242
fields/00086__plt00086__fab0000_comp02_ez.f32__c0044__dt-f32/chunk_0,4194304,79f75760932245f2,24,np-setting,5.03241,833482,0.905024,0,0,-1,0,5.03227
fields/00086__plt00086__fab0000_comp02_ez.f32__c0048__dt-f32/chunk_0,4194304,d546b979e7d7b2fe,24,np-setting,5.0321,833534,0.578304,0,0,-1,0,5.03195
fields/00086__plt00086__fab0000_comp02_ez.f32__c0052__dt-f32/chunk_0,4194304,cd1e14faeff6fede,24,np-setting,5.032,833550,1.01139,0,0,-1,0,5.03186
fields/00086__plt00086__fab0000_comp02_ez.f32__c0056__dt-f32/chunk_0,4194304,40ca607e977d907e,24,np-setting,5.03302,833382,1.3295,0,0,-1,0,5.03287
fields/00086__plt00086__fab0000_comp02_ez.f32__c0060__dt-f32/chunk_0,4194304,9f5e8b94d29a462,24,np-setting,5.03022,833846,0.557344,0,0,-1,0,5.03007
fields/00087__plt00087__fab0000_comp02_ez.f32__c0000__dt-f32/chunk_0,4194304,f2ff196a1fbb64b1,24,np-setting,5.03162,833614,1.31123,0,0,-1,0,5.03147
fields/00087__plt00087__fab0000_comp02_ez.f32__c0004__dt-f32/chunk_0,4194304,8c17c5b82364fdf1,24,np-setting,5.03396,833226,1.63536,0,0,-1,0,5.03381
fields/00087__plt00087__fab0000_comp02_ez.f32__c0008__dt-f32/chunk_0,4194304,cbc659cc357d1402,24,np-setting,5.03274,833428,0.911424,0,0,-1,0,5.03259
fields/00087__plt00087__fab0000_comp02_ez.f32__c0012__dt-f32/chunk_0,4194304,4136c47670b3ad01,24,np-setting,5.03213,833528,0.958496,0,0,-1,0,5.03199
fields/00087__plt00087__fab0000_comp02_ez.f32__c0016__dt-f32/chunk_0,4194304,e7a96b3a63cb45e1,24,np-setting,5.03213,833528,2.59037,0,0,-1,0,5.03199
fields/00087__plt00087__fab0000_comp02_ez.f32__c0020__dt-f32/chunk_0,4194304,8c027244e86b7962,24,np-setting,5.03129,833668,1.07974,0,0,-1,0,5.03114
fields/00087__plt00087__fab0000_comp02_ez.f32__c0024__dt-f32/chunk_0,4194304,19906fe6e7b331f7,24,np-setting,1.34544,3117452,1.72573,0,0,-1,0,1.34543
fields/00087__plt00087__fab0000_comp02_ez.f32__c0028__dt-f32/chunk_0,4194304,d8b7450d94a7552c,24,np-setting,1.24412,3371316,1.17699,0,0,-1,0,1.24411
fields/00087__plt00087__fab0000_comp02_ez.f32__c0032__dt-f32/chunk_0,4194304,b984fe2e62adc469,24,np-setting,1.16495,3600434,2.72557,0,0,-1,0,1.16494
fields/00087__plt00087__fab0000_comp02_ez.f32__c0036__dt-f32/chunk_0,4194304,7c1064bf2e2d687e,24,np-setting,1.25879,3332036,1.94147,0,0,-1,0,1.25878
fields/00087__plt00087__fab0000_comp02_ez.f32__c0040__dt-f32/chunk_0,4194304,faa001543f04f303,24,np-setting,1.42852,2936148,0.788608,0,0,-1,0,1.42851
fields/00087__plt00087__fab0000_comp02_ez.f32__c0044__dt-f32/chunk_0,4194304,79f75760932245f2,24,np-setting,5.03241,833482,1.27946,0,0,-1,0,5.03227
fields/00087__plt00087__fab0000_comp02_ez.f32__c0048__dt-f32/chunk_0,4194304,d546b979e7d7b2fe,24,np-setting,5.0321,833534,2.27987,0,0,-1,0,5.03195
fields/00087__plt00087__fab0000_comp02_ez.f32__c0052__dt-f32/chunk_0,4194304,cd1e14faeff6fede,24,np-setting,5.032,833550,1.97229,0,0,-1,0,5.03186
fields/00087__plt00087__fab0000_comp02_ez.f32__c0056__dt-f32/chunk_0,4194304,40ca607e977d907e,24,np-setting,5.03302,833382,2.19926,0,0,-1,0,5.03287
fields/00087__plt00087__fab0000_comp02_ez.f32__c0060__dt-f32/chunk_0,4194304,9f5e8b94d29a462,24,np-setting,5.03022,833846,1.84458,0,0,-1,0,5.03007
fields/00088__plt00088__fab0000_comp02_ez.f32__c0000__dt-f32/chunk_0,4194304,f2ff196a1fbb64b1,24,np-setting,5.03162,833614,1.83181,0,0,-1,0,5.03147
fields/00088__plt00088__fab0000_comp02_ez.f32__c0004__dt-f32/chunk_0,4194304,8c17c5b82364fdf1,24,np-setting,5.03396,833226,1.79827,0,0,-1,0,5.03381
fields/00088__plt00088__fab0000_comp02_ez.f32__c0008__dt-f32/chunk_0,4194304,cbc659cc357d1402,24,np-setting,5.03274,833428,2.1368,0,0,-1,0,5.03259
fields/00088__plt00088__fab0000_comp02_ez.f32__c0012__dt-f32/chunk_0,4194304,4136c47670b3ad01,24,np-setting,5.03213,833528,0.955552,0,0,-1,0,5.03199
fields/00088__plt00088__fab0000_comp02_ez.f32__c0016__dt-f32/chunk_0,4194304,e7a96b3a63cb45e1,24,np-setting,5.03213,833528,0.32192,0,0,-1,0,5.03199
fields/00088__plt00088__fab0000_comp02_ez.f32__c0020__dt-f32/chunk_0,4194304,8c027244e86b7962,24,np-setting,5.03129,833668,4.16774,0,0,-1,0,5.03114
fields/00088__plt00088__fab0000_comp02_ez.f32__c0024__dt-f32/chunk_0,4194304,b4a44e24942c035c,24,np-setting,1.34232,3124698,1.95872,0,0,-1,0,1.34231
fields/00088__plt00088__fab0000_comp02_ez.f32__c0028__dt-f32/chunk_0,4194304,984a67d1e68250e,24,np-setting,1.24382,3372140,1.18579,0,0,-1,0,1.24381
fields/00088__plt00088__fab0000_comp02_ez.f32__c0032__dt-f32/chunk_0,4194304,9c385918569b4c78,24,np-setting,1.1656,3598444,1.81456,0,0,-1,0,1.16559
fields/00088__plt00088__fab0000_comp02_ez.f32__c0036__dt-f32/chunk_0,4194304,dfbce7deca25158e,24,np-setting,1.25785,3334520,1.84144,0,0,-1,0,1.25784
fields/00088__plt00088__fab0000_comp02_ez.f32__c0040__dt-f32/chunk_0,4194304,3092777645836e32,24,np-setting,1.4176,2958750,2.05158,0,0,-1,0,1.41759
fields/00088__plt00088__fab0000_comp02_ez.f32__c0044__dt-f32/chunk_0,4194304,79f75760932245f2,24,np-setting,5.03241,833482,1.30234,0,0,-1,0,5.03227
fields/00088__plt00088__fab0000_comp02_ez.f32__c0048__dt-f32/chunk_0,4194304,d546b979e7d7b2fe,24,np-setting,5.0321,833534,1.03485,0,0,-1,0,5.03195
fields/00088__plt00088__fab0000_comp02_ez.f32__c0052__dt-f32/chunk_0,4194304,cd1e14faeff6fede,24,np-setting,5.032,833550,1.0335,0,0,-1,0,5.03186
fields/00088__plt00088__fab0000_comp02_ez.f32__c0056__dt-f32/chunk_0,4194304,40ca607e977d907e,24,np-setting,5.03302,833382,3.09658,0,0,-1,0,5.03287
fields/00088__plt00088__fab0000_comp02_ez.f32__c0060__dt-f32/chunk_0,4194304,9f5e8b94d29a462,24,np-setting,5.03022,833846,1.69462,0,0,-1,0,5.03007
fields/00089__plt00089__fab0000_comp02_ez.f32__c0000__dt-f32/chunk_0,4194304,f2ff196a1fbb64b1,24,np-setting,5.03162,833614,1.34237,0,0,-1,0,5.03147
fields/00089__plt00089__fab0000_comp02_ez.f32__c0004__dt-f32/chunk_0,4194304,8c17c5b82364fdf1,24,np-setting,5.03396,833226,1.86218,0,0,-1,0,5.03381
fields/00089__plt00089__fab0000_comp02_ez.f32__c0008__dt-f32/chunk_0,4194304,cbc659cc357d1402,24,np-setting,5.03274,833428,2.22003,0,0,-1,0,5.03259
fields/00089__plt00089__fab0000_comp02_ez.f32__c0012__dt-f32/chunk_0,4194304,4136c47670b3ad01,24,np-setting,5.03213,833528,0.696576,0,0,-1,0,5.03199
fields/00089__plt00089__fab0000_comp02_ez.f32__c0016__dt-f32/chunk_0,4194304,e7a96b3a63cb45e1,24,np-setting,5.03213,833528,0.689792,0,0,-1,0,5.03199
fields/00089__plt00089__fab0000_comp02_ez.f32__c0020__dt-f32/chunk_0,4194304,8c027244e86b7962,24,np-setting,5.03129,833668,1.44918,0,0,-1,0,5.03114
fields/00089__plt00089__fab0000_comp02_ez.f32__c0024__dt-f32/chunk_0,4194304,6882fedac2e36863,24,np-setting,1.33919,3131996,1.29318,0,0,-1,0,1.33918
fields/00089__plt00089__fab0000_comp02_ez.f32__c0028__dt-f32/chunk_0,4194304,be9e2e22463d6306,24,np-setting,1.24357,3372812,0.407968,0,0,-1,0,1.24356
fields/00089__plt00089__fab0000_comp02_ez.f32__c0032__dt-f32/chunk_0,4194304,27a9b0fee014d9c7,24,np-setting,1.16631,3596256,0.408896,0,0,-1,0,1.1663
fields/00089__plt00089__fab0000_comp02_ez.f32__c0036__dt-f32/chunk_0,4194304,950f76b031a8f1aa,24,np-setting,1.25701,3336764,2.27238,0,0,-1,0,1.257
fields/00089__plt00089__fab0000_comp02_ez.f32__c0040__dt-f32/chunk_0,4194304,925fb482aee69a6b,24,np-setting,1.4086,2977668,1.44384,0,0,-1,0,1.40859
fields/00089__plt00089__fab0000_comp02_ez.f32__c0044__dt-f32/chunk_0,4194304,79f75760932245f2,24,np-setting,5.03241,833482,1.82211,0,0,-1,0,5.03227
fields/00089__plt00089__fab0000_comp02_ez.f32__c0048__dt-f32/chunk_0,4194304,d546b979e7d7b2fe,24,np-setting,5.0321,833534,2.27267,0,0,-1,0,5.03195
fields/00089__plt00089__fab0000_comp02_ez.f32__c0052__dt-f32/chunk_0,4194304,cd1e14faeff6fede,24,np-setting,5.032,833550,0.452064,0,0,-1,0,5.03186
fields/00089__plt00089__fab0000_comp02_ez.f32__c0056__dt-f32/chunk_0,4194304,40ca607e977d907e,24,np-setting,5.03302,833382,2.16608,0,0,-1,0,5.03287
fields/00089__plt00089__fab0000_comp02_ez.f32__c0060__dt-f32/chunk_0,4194304,9f5e8b94d29a462,24,np-setting,5.03022,833846,1.58368,0,0,-1,0,5.03007
fields/00090__plt00090__fab0000_comp02_ez.f32__c0000__dt-f32/chunk_0,4194304,f2ff196a1fbb64b1,24,np-setting,5.03162,833614,0.922912,0,0,-1,0,5.03147
fields/00090__plt00090__fab0000_comp02_ez.f32__c0004__dt-f32/chunk_0,4194304,8c17c5b82364fdf1,24,np-setting,5.03396,833226,0.923872,0,0,-1,0,5.03381
fields/00090__plt00090__fab0000_comp02_ez.f32__c0008__dt-f32/chunk_0,4194304,cbc659cc357d1402,24,np-setting,5.03274,833428,1.90733,0,0,-1,0,5.03259
fields/00090__plt00090__fab0000_comp02_ez.f32__c0012__dt-f32/chunk_0,4194304,4136c47670b3ad01,24,np-setting,5.03213,833528,0.734048,0,0,-1,0,5.03199
fields/00090__plt00090__fab0000_comp02_ez.f32__c0016__dt-f32/chunk_0,4194304,e7a96b3a63cb45e1,24,np-setting,5.03213,833528,1.46016,0,0,-1,0,5.03199
fields/00090__plt00090__fab0000_comp02_ez.f32__c0020__dt-f32/chunk_0,4194304,8c027244e86b7962,24,np-setting,5.03129,833668,1.99373,0,0,-1,0,5.03114
fields/00090__plt00090__fab0000_comp02_ez.f32__c0024__dt-f32/chunk_0,4194304,71c6a0f759f513a6,24,np-setting,1.33596,3139560,1.99389,0,0,-1,0,1.33595
fields/00090__plt00090__fab0000_comp02_ez.f32__c0028__dt-f32/chunk_0,4194304,b4b52863a05ef995,24,np-setting,1.243,3374374,1.79005,0,0,-1,0,1.24299
fields/00090__plt00090__fab0000_comp02_ez.f32__c0032__dt-f32/chunk_0,4194304,982b415f6147aa0,24,np-setting,1.1671,3593820,0.928352,0,0,-1,0,1.16709
fields/00090__plt00090__fab0000_comp02_ez.f32__c0036__dt-f32/chunk_0,4194304,78226b34f41b265d,24,np-setting,1.25623,3338818,1.29117,0,0,-1,0,1.25622
fields/00090__plt00090__fab0000_comp02_ez.f32__c0040__dt-f32/chunk_0,4194304,1ca298d8092e717,24,np-setting,1.40069,2994480,1.02547,0,0,-1,0,1.40068
fields/00090__plt00090__fab0000_comp02_ez.f32__c0044__dt-f32/chunk_0,4194304,79f75760932245f2,24,np-setting,5.03241,833482,1.43136,0,0,-1,0,5.03227
fields/00090__plt00090__fab0000_comp02_ez.f32__c0048__dt-f32/chunk_0,4194304,d546b979e7d7b2fe,24,np-setting,5.0321,833534,1.73546,0,0,-1,0,5.03195
fields/00090__plt00090__fab0000_comp02_ez.f32__c0052__dt-f32/chunk_0,4194304,cd1e14faeff6fede,24,np-setting,5.032,833550,1.67318,0,0,-1,0,5.03186
fields/00090__plt00090__fab0000_comp02_ez.f32__c0056__dt-f32/chunk_0,4194304,40ca607e977d907e,24,np-setting,5.03302,833382,1.51014,0,0,-1,0,5.03287
fields/00090__plt00090__fab0000_comp02_ez.f32__c0060__dt-f32/chunk_0,4194304,9f5e8b94d29a462,24,np-setting,5.03022,833846,1.92922,0,0,-1,0,5.03007
fields/00091__plt00091__fab0000_comp02_ez.f32__c0000__dt-f32/chunk_0,4194304,f2ff196a1fbb64b1,24,np-setting,5.03162,833614,2.19398,0,0,-1,0,5.03147
fields/00091__plt00091__fab0000_comp02_ez.f32__c0004__dt-f32/chunk_0,4194304,8c17c5b82364fdf1,24,np-setting,5.03396,833226,0.727776,0,0,-1,0,5.03381
fields/00091__plt00091__fab0000_comp02_ez.f32__c0008__dt-f32/chunk_0,4194304,cbc659cc357d1402,24,np-setting,5.03274,833428,1.48602,0,0,-1,0,5.03259
fields/00091__plt00091__fab0000_comp02_ez.f32__c0012__dt-f32/chunk_0,4194304,4136c47670b3ad01,24,np-setting,5.03213,833528,3.02896,0,0,-1,0,5.03199
fields/00091__plt00091__fab0000_comp02_ez.f32__c0016__dt-f32/chunk_0,4194304,e7a96b3a63cb45e1,24,np-setting,5.03213,833528,0.314912,0,0,-1,0,5.03199
fields/00091__plt00091__fab0000_comp02_ez.f32__c0020__dt-f32/chunk_0,4194304,8c027244e86b7962,24,np-setting,5.03129,833668,1.12019,0,0,-1,0,5.03114
fields/00091__plt00091__fab0000_comp02_ez.f32__c0024__dt-f32/chunk_0,4194304,f91ea721c9c0a3d3,24,np-setting,1.33356,3145218,0.631872,0,0,-1,0,1.33355
fields/00091__plt00091__fab0000_comp02_ez.f32__c0028__dt-f32/chunk_0,4194304,bef7f8129004442c,24,np-setting,1.24278,3374964,1.57843,0,0,-1,0,1.24277
fields/00091__plt00091__fab0000_comp02_ez.f32__c0032__dt-f32/chunk_0,4194304,6da4432c0959702,24,np-setting,1.16783,3591574,1.42509,0,0,-1,0,1.16782
fields/00091__plt00091__fab0000_comp02_ez.f32__c0036__dt-f32/chunk_0,4194304,f9c126be1222590d,24,np-setting,1.25559,3340534,1.61731,0,0,-1,0,1.25558
fields/00091__plt00091__fab0000_comp02_ez.f32__c0040__dt-f32/chunk_0,4194304,5088eabd21c27703,24,np-setting,1.39366,3009594,0.411776,0,0,-1,0,1.39364
fields/00091__plt00091__fab0000_comp02_ez.f32__c0044__dt-f32/chunk_0,4194304,79f75760932245f2,24,np-setting,5.03241,833482,0.766432,0,0,-1,0,5.03227
fields/00091__plt00091__fab0000_comp02_ez.f32__c0048__dt-f32/chunk_0,4194304,d546b979e7d7b2fe,24,np-setting,5.0321,833534,1.72512,0,0,-1,0,5.03195
fields/00091__plt00091__fab0000_comp02_ez.f32__c0052__dt-f32/chunk_0,4194304,cd1e14faeff6fede,24,np-setting,5.032,833550,1.72864,0,0,-1,0,5.03186
fields/00091__plt00091__fab0000_comp02_ez.f32__c0056__dt-f32/chunk_0,4194304,40ca607e977d907e,24,np-setting,5.03302,833382,1.58483,0,0,-1,0,5.03287
fields/00091__plt00091__fab0000_comp02_ez.f32__c0060__dt-f32/chunk_0,4194304,9f5e8b94d29a462,24,np-setting,5.03022,833846,1.58141,0,0,-1,0,5.03007
fields/00092__plt00092__fab0000_comp02_ez.f32__c0000__dt-f32/chunk_0,4194304,f2ff196a1fbb64b1,24,np-setting,5.03162,833614,1.41574,0,0,-1,0,5.03147
fields/00092__plt00092__fab0000_comp02_ez.f32__c0004__dt-f32/chunk_0,4194304,8c17c5b82364fdf1,24,np-setting,5.03396,833226,1.26877,0,0,-1,0,5.03381
fields/00092__plt00092__fab0000_comp02_ez.f32__c0008__dt-f32/chunk_0,4194304,cbc659cc357d1402,24,np-setting,5.03274,833428,2.32499,0,0,-1,0,5.03259
fields/00092__plt00092__fab0000_comp02_ez.f32__c0012__dt-f32/chunk_0,4194304,4136c47670b3ad01,24,np-setting,5.03213,833528,1.85418,0,0,-1,0,5.03199
fields/00092__plt00092__fab0000_comp02_ez.f32__c0016__dt-f32/chunk_0,4194304,e7a96b3a63cb45e1,24,np-setting,5.03213,833528,1.56992,0,0,-1,0,5.03199
fields/00092__plt00092__fab0000_comp02_ez.f32__c0020__dt-f32/chunk_0,4194304,8c027244e86b7962,24,np-setting,5.03129,833668,0.746432,0,0,-1,0,5.03114
fields/00092__plt00092__fab0000_comp02_ez.f32__c0024__dt-f32/chunk_0,4194304,2760a1f9914877f5,24,np-setting,1.33107,3151112,1.64006,0,0,-1,0,1.33106
fields/00092__plt00092__fab0000_comp02_ez.f32__c0028__dt-f32/chunk_0,4194304,bf829f9c18b9a1b6,24,np-setting,1.2424,3375982,0.720896,0,0,-1,0,1.2424
fields/00092__plt00092__fab0000_comp02_ez.f32__c0032__dt-f32/chunk_0,4194304,757f5021dd611e36,24,np-setting,1.16838,3589876,1.62477,0,0,-1,0,1.16837
fields/00092__plt00092__fab0000_comp02_ez.f32__c0036__dt-f32/chunk_0,4194304,8baae963d1472200,24,np-setting,1.25478,3342688,0.275776,0,0,-1,0,1.25477
fields/00092__plt00092__fab0000_comp02_ez.f32__c0040__dt-f32/chunk_0,4194304,61545110557cfffe,24,np-setting,1.38695,3024140,0.374048,0,0,-1,0,1.38694
fields/00092__plt00092__fab0000_comp02_ez.f32__c0044__dt-f32/chunk_0,4194304,79f75760932245f2,24,np-setting,5.03241,833482,0.389952,0,0,-1,0,5.03227
fields/00092__plt00092__fab0000_comp02_ez.f32__c0048__dt-f32/chunk_0,4194304,d546b979e7d7b2fe,24,np-setting,5.0321,833534,0.174112,0,0,-1,0,5.03195
fields/00092__plt00092__fab0000_comp02_ez.f32__c0052__dt-f32/chunk_0,4194304,cd1e14faeff6fede,24,np-setting,5.032,833550,2.14221,0,0,-1,0,5.03186
fields/00092__plt00092__fab0000_comp02_ez.f32__c0056__dt-f32/chunk_0,4194304,40ca607e977d907e,24,np-setting,5.03302,833382,2.1311,0,0,-1,0,5.03287
fields/00092__plt00092__fab0000_comp02_ez.f32__c0060__dt-f32/chunk_0,4194304,9f5e8b94d29a462,24,np-setting,5.03022,833846,1.7,0,0,-1,0,5.03007
fields/00093__plt00093__fab0000_comp02_ez.f32__c0000__dt-f32/chunk_0,4194304,f2ff196a1fbb64b1,24,np-setting,5.03162,833614,1.66432,0,0,-1,0,5.03147
fields/00093__plt00093__fab0000_comp02_ez.f32__c0004__dt-f32/chunk_0,4194304,8c17c5b82364fdf1,24,np-setting,5.03396,833226,2.19075,0,0,-1,0,5.03381
fields/00093__plt00093__fab0000_comp02_ez.f32__c0008__dt-f32/chunk_0,4194304,cbc659cc357d1402,24,np-setting,5.03274,833428,1.82083,0,0,-1,0,5.03259
fields/00093__plt00093__fab0000_comp02_ez.f32__c0012__dt-f32/chunk_0,4194304,4136c47670b3ad01,24,np-setting,5.03213,833528,2.06061,0,0,-1,0,5.03199
fields/00093__plt00093__fab0000_comp02_ez.f32__c0016__dt-f32/chunk_0,4194304,e7a96b3a63cb45e1,24,np-setting,5.03213,833528,1.87584,0,0,-1,0,5.03199
fields/00093__plt00093__fab0000_comp02_ez.f32__c0020__dt-f32/chunk_0,4194304,8c027244e86b7962,24,np-setting,5.03129,833668,1.86198,0,0,-1,0,5.03114
fields/00093__plt00093__fab0000_comp02_ez.f32__c0024__dt-f32/chunk_0,4194304,df91c503ff56ad3b,24,np-setting,1.32858,3157006,2.02627,0,0,-1,0,1.32857
fields/00093__plt00093__fab0000_comp02_ez.f32__c0028__dt-f32/chunk_0,4194304,4af9dfbc24ee15fa,24,np-setting,1.2422,3376526,2.05376,0,0,-1,0,1.2422
fields/00093__plt00093__fab0000_comp02_ez.f32__c0032__dt-f32/chunk_0,4194304,656e1314c784ca08,24,np-setting,1.16902,3587906,0.602336,0,0,-1,0,1.16901
fields/00093__plt00093__fab0000_comp02_ez.f32__c0036__dt-f32/chunk_0,4194304,613c3c1da722e6d6,24,np-setting,1.25412,3344448,1.47046,0,0,-1,0,1.25411
fields/00093__plt00093__fab0000_comp02_ez.f32__c0040__dt-f32/chunk_0,4194304,cfa630d11ca329ac,24,np-setting,1.38117,3036804,1.45446,0,0,-1,0,1.38116
fields/00093__plt00093__fab0000_comp02_ez.f32__c0044__dt-f32/chunk_0,4194304,79f75760932245f2,24,np-setting,5.03241,833482,1.73946,0,0,-1,0,5.03227
fields/00093__plt00093__fab0000_comp02_ez.f32__c0048__dt-f32/chunk_0,4194304,d546b979e7d7b2fe,24,np-setting,5.0321,833534,0.76544,0,0,-1,0,5.03195
fields/00093__plt00093__fab0000_comp02_ez.f32__c0052__dt-f32/chunk_0,4194304,cd1e14faeff6fede,24,np-setting,5.032,833550,1.35165,0,0,-1,0,5.03186
fields/00093__plt00093__fab0000_comp02_ez.f32__c0056__dt-f32/chunk_0,4194304,40ca607e977d907e,24,np-setting,5.03302,833382,0.385248,0,0,-1,0,5.03287
fields/00093__plt00093__fab0000_comp02_ez.f32__c0060__dt-f32/chunk_0,4194304,9f5e8b94d29a462,24,np-setting,5.03022,833846,1.42032,0,0,-1,0,5.03007
fields/00094__plt00094__fab0000_comp02_ez.f32__c0000__dt-f32/chunk_0,4194304,f2ff196a1fbb64b1,24,np-setting,5.03162,833614,1.05795,0,0,-1,0,5.03147
fields/00094__plt00094__fab0000_comp02_ez.f32__c0004__dt-f32/chunk_0,4194304,8c17c5b82364fdf1,24,np-setting,5.03396,833226,1.4105,0,0,-1,0,5.03381
fields/00094__plt00094__fab0000_comp02_ez.f32__c0008__dt-f32/chunk_0,4194304,cbc659cc357d1402,24,np-setting,5.03274,833428,2.3583,0,0,-1,0,5.03259
fields/00094__plt00094__fab0000_comp02_ez.f32__c0012__dt-f32/chunk_0,4194304,4136c47670b3ad01,24,np-setting,5.03213,833528,1.95501,0,0,-1,0,5.03199
fields/00094__plt00094__fab0000_comp02_ez.f32__c0016__dt-f32/chunk_0,4194304,e7a96b3a63cb45e1,24,np-setting,5.03213,833528,1.77619,0,0,-1,0,5.03199
fields/00094__plt00094__fab0000_comp02_ez.f32__c0020__dt-f32/chunk_0,4194304,8c027244e86b7962,24,np-setting,5.03129,833668,1.37293,0,0,-1,0,5.03114
fields/00094__plt00094__fab0000_comp02_ez.f32__c0024__dt-f32/chunk_0,4194304,6365a1e4a77ac9d5,24,np-setting,1.32623,3162594,2.2655,0,0,-1,0,1.32622
fields/00094__plt00094__fab0000_comp02_ez.f32__c0028__dt-f32/chunk_0,4194304,6106b026adad65ee,24,np-setting,1.24197,3377154,1.37123,0,0,-1,0,1.24196
fields/00094__plt00094__fab0000_comp02_ez.f32__c0032__dt-f32/chunk_0,4194304,6e85166ce927f9b2,24,np-setting,1.16975,3585680,2.24173,0,0,-1,0,1.16974
fields/00094__plt00094__fab0000_comp02_ez.f32__c0036__dt-f32/chunk_0,4194304,cfc5668b020b39b6,24,np-setting,1.25341,3346350,0.844384,0,0,-1,0,1.2534
fields/00094__plt00094__fab0000_comp02_ez.f32__c0040__dt-f32/chunk_0,4194304,4a3828f1737502be,24,np-setting,1.37558,3049148,2.52454,0,0,-1,0,1.37557
fields/00094__plt00094__fab0000_comp02_ez.f32__c0044__dt-f32/chunk_0,4194304,79f75760932245f2,24,np-setting,5.03241,833482,0.342656,0,0,-1,0,5.03227
fields/00094__plt00094__fab0000_comp02_ez.f32__c0048__dt-f32/chunk_0,4194304,d546b979e7d7b2fe,24,np-setting,5.0321,833534,0.598496,0,0,-1,0,5.03195
fields/00094__plt00094__fab0000_comp02_ez.f32__c0052__dt-f32/chunk_0,4194304,cd1e14faeff6fede,24,np-setting,5.032,833550,0.249632,0,0,-1,0,5.03186
fields/00094__plt00094__fab0000_comp02_ez.f32__c0056__dt-f32/chunk_0,4194304,40ca607e977d907e,24,np-setting,5.03302,833382,1.73405,0,0,-1,0,5.03287
fields/00094__plt00094__fab0000_comp02_ez.f32__c0060__dt-f32/chunk_0,4194304,9f5e8b94d29a462,24,np-setting,5.03022,833846,2.57104,0,0,-1,0,5.03007
fields/00095__plt00095__fab0000_comp02_ez.f32__c0000__dt-f32/chunk_0,4194304,f2ff196a1fbb64b1,24,np-setting,5.03162,833614,2.56826,0,0,-1,0,5.03147
fields/00095__plt00095__fab0000_comp02_ez.f32__c0004__dt-f32/chunk_0,4194304,8c17c5b82364fdf1,24,np-setting,5.03396,833226,1.74218,0,0,-1,0,5.03381
fields/00095__plt00095__fab0000_comp02_ez.f32__c0008__dt-f32/chunk_0,4194304,cbc659cc357d1402,24,np-setting,5.03274,833428,1.67872,0,0,-1,0,5.03259
fields/00095__plt00095__fab0000_comp02_ez.f32__c0012__dt-f32/chunk_0,4194304,4136c47670b3ad01,24,np-setting,5.03213,833528,3.14845,0,0,-1,0,5.03199
fields/00095__plt00095__fab0000_comp02_ez.f32__c0016__dt-f32/chunk_0,4194304,e7a96b3a63cb45e1,24,np-setting,5.03213,833528,2.14931,0,0,-1,0,5.03199
fields/00095__plt00095__fab0000_comp02_ez.f32__c0020__dt-f32/chunk_0,4194304,a3c6c13e475a62ab,24,np-setting,5.02987,833904,2.06336,0,0,-1,0,5.02972
fields/00095__plt00095__fab0000_comp02_ez.f32__c0024__dt-f32/chunk_0,4194304,5da6543bf7723828,24,np-setting,1.3242,3167444,2.00362,0,0,-1,0,1.32419
fields/00095__plt00095__fab0000_comp02_ez.f32__c0028__dt-f32/chunk_0,4194304,d00de5c3c0a95802,24,np-setting,1.24175,3377758,2.03136,0,0,-1,0,1.24174
fields/00095__plt00095__fab0000_comp02_ez.f32__c0032__dt-f32/chunk_0,4194304,4f7639293ac251df,24,np-setting,1.17023,3584190,2.032,0,0,-1,0,1.17022
fields/00095__plt00095__fab0000_comp02_ez.f32__c0036__dt-f32/chunk_0,4194304,df7055a89cc77416,24,np-setting,1.25268,3348280,1.52157,0,0,-1,0,1.25267
fields/00095__plt00095__fab0000_comp02_ez.f32__c0040__dt-f32/chunk_0,4194304,265cce8bccb89bc4,24,np-setting,1.37051,3060414,1.77869,0,0,-1,0,1.3705
fields/00095__plt00095__fab0000_comp02_ez.f32__c0044__dt-f32/chunk_0,4194304,79f75760932245f2,24,np-setting,5.03241,833482,1.69629,0,0,-1,0,5.03227
fields/00095__plt00095__fab0000_comp02_ez.f32__c0048__dt-f32/chunk_0,4194304,d546b979e7d7b2fe,24,np-setting,5.0321,833534,1.96592,0,0,-1,0,5.03195
fields/00095__plt00095__fab0000_comp02_ez.f32__c0052__dt-f32/chunk_0,4194304,cd1e14faeff6fede,24,np-setting,5.032,833550,1.24486,0,0,-1,0,5.03186
fields/00095__plt00095__fab0000_comp02_ez.f32__c0056__dt-f32/chunk_0,4194304,40ca607e977d907e,24,np-setting,5.03302,833382,1.45606,0,0,-1,0,5.03287
fields/00095__plt00095__fab0000_comp02_ez.f32__c0060__dt-f32/chunk_0,4194304,9f5e8b94d29a462,24,np-setting,5.03022,833846,1.64022,0,0,-1,0,5.03007
fields/00096__plt00096__fab0000_comp02_ez.f32__c0000__dt-f32/chunk_0,4194304,f2ff196a1fbb64b1,24,np-setting,5.03162,833614,1.54608,0,0,-1,0,5.03147
fields/00096__plt00096__fab0000_comp02_ez.f32__c0004__dt-f32/chunk_0,4194304,8c17c5b82364fdf1,24,np-setting,5.03396,833226,1.97968,0,0,-1,0,5.03381
fields/00096__plt00096__fab0000_comp02_ez.f32__c0008__dt-f32/chunk_0,4194304,cbc659cc357d1402,24,np-setting,5.03274,833428,1.77056,0,0,-1,0,5.03259
fields/00096__plt00096__fab0000_comp02_ez.f32__c0012__dt-f32/chunk_0,4194304,4136c47670b3ad01,24,np-setting,5.03213,833528,1.81693,0,0,-1,0,5.03199
fields/00096__plt00096__fab0000_comp02_ez.f32__c0016__dt-f32/chunk_0,4194304,e7a96b3a63cb45e1,24,np-setting,5.03213,833528,2.42278,0,0,-1,0,5.03199
fields/00096__plt00096__fab0000_comp02_ez.f32__c0020__dt-f32/chunk_0,4194304,b93344be27f6e1d3,24,np-setting,5.01651,836124,0.913088,0,0,-1,0,5.01637
fields/00096__plt00096__fab0000_comp02_ez.f32__c0024__dt-f32/chunk_0,4194304,5dc3541c3f4de13c,24,np-setting,1.32206,3172584,0.907232,0,0,-1,0,1.32205
fields/00096__plt00096__fab0000_comp02_ez.f32__c0028__dt-f32/chunk_0,4194304,c364958bd5443135,24,np-setting,1.24147,3378514,1.55731,0,0,-1,0,1.24146
fields/00096__plt00096__fab0000_comp02_ez.f32__c0032__dt-f32/chunk_0,4194304,c9b82c629848742f,24,np-setting,1.17083,3582356,1.00054,0,0,-1,0,1.17082
fields/00096__plt00096__fab0000_comp02_ez.f32__c0036__dt-f32/chunk_0,4194304,a0aa95e475da0931,24,np-setting,1.25191,3350352,1.54099,0,0,-1,0,1.2519
fields/00096__plt00096__fab0000_comp02_ez.f32__c0040__dt-f32/chunk_0,4194304,b192b0b7ffd01a4d,24,np-setting,1.36608,3070334,0.767936,0,0,-1,0,1.36607
fields/00096__plt00096__fab0000_comp02_ez.f32__c0044__dt-f32/chunk_0,4194304,79f75760932245f2,24,np-setting,5.03241,833482,1.47389,0,0,-1,0,5.03227
fields/00096__plt00096__fab0000_comp02_ez.f32__c0048__dt-f32/chunk_0,4194304,d546b979e7d7b2fe,24,np-setting,5.0321,833534,1.49258,0,0,-1,0,5.03195
fields/00096__plt00096__fab0000_comp02_ez.f32__c0052__dt-f32/chunk_0,4194304,cd1e14faeff6fede,24,np-setting,5.032,833550,0.807552,0,0,-1,0,5.03186
fields/00096__plt00096__fab0000_comp02_ez.f32__c0056__dt-f32/chunk_0,4194304,40ca607e977d907e,24,np-setting,5.03302,833382,2.23517,0,0,-1,0,5.03287
fields/00096__plt00096__fab0000_comp02_ez.f32__c0060__dt-f32/chunk_0,4194304,9f5e8b94d29a462,24,np-setting,5.03022,833846,1.72992,0,0,-1,0,5.03007
fields/00097__plt00097__fab0000_comp02_ez.f32__c0000__dt-f32/chunk_0,4194304,f2ff196a1fbb64b1,24,np-setting,5.03162,833614,0.465248,0,0,-1,0,5.03147
fields/00097__plt00097__fab0000_comp02_ez.f32__c0004__dt-f32/chunk_0,4194304,8c17c5b82364fdf1,24,np-setting,5.03396,833226,0.547648,0,0,-1,0,5.03381
fields/00097__plt00097__fab0000_comp02_ez.f32__c0008__dt-f32/chunk_0,4194304,cbc659cc357d1402,24,np-setting,5.03274,833428,0.19568,0,0,-1,0,5.03259
fields/00097__plt00097__fab0000_comp02_ez.f32__c0012__dt-f32/chunk_0,4194304,4136c47670b3ad01,24,np-setting,5.03213,833528,0.623264,0,0,-1,0,5.03199
fields/00097__plt00097__fab0000_comp02_ez.f32__c0016__dt-f32/chunk_0,4194304,e7a96b3a63cb45e1,24,np-setting,5.03213,833528,2.70054,0,0,-1,0,5.03199
fields/00097__plt00097__fab0000_comp02_ez.f32__c0020__dt-f32/chunk_0,4194304,deeaddd40a7f40b5,24,np-setting,4.99157,840302,1.44781,0,0,-1,0,4.99142
fields/00097__plt00097__fab0000_comp02_ez.f32__c0024__dt-f32/chunk_0,4194304,ea471b9143b2c330,24,np-setting,1.3201,3177282,2.2143,0,0,-1,0,1.32009
fields/00097__plt00097__fab0000_comp02_ez.f32__c0028__dt-f32/chunk_0,4194304,c0a7d5aaf5199c16,24,np-setting,1.2413,3378974,1.81798,0,0,-1,0,1.2413
fields/00097__plt00097__fab0000_comp02_ez.f32__c0032__dt-f32/chunk_0,4194304,e07b07a31ccad295,24,np-setting,1.1713,3580932,1.60698,0,0,-1,0,1.17129
fields/00097__plt00097__fab0000_comp02_ez.f32__c0036__dt-f32/chunk_0,4194304,3b3f32cbb4fb8bd0,24,np-setting,1.25144,3351608,1.43789,0,0,-1,0,1.25143
fields/00097__plt00097__fab0000_comp02_ez.f32__c0040__dt-f32/chunk_0,4194304,fd7fdf2b289f5e07,24,np-setting,1.36182,3079952,1.45162,0,0,-1,0,1.36181
fields/00097__plt00097__fab0000_comp02_ez.f32__c0044__dt-f32/chunk_0,4194304,79f75760932245f2,24,np-setting,5.03241,833482,2.04035,0,0,-1,0,5.03227
fields/00097__plt00097__fab0000_comp02_ez.f32__c0048__dt-f32/chunk_0,4194304,d546b979e7d7b2fe,24,np-setting,5.0321,833534,1.60246,0,0,-1,0,5.03195
fields/00097__plt00097__fab0000_comp02_ez.f32__c0052__dt-f32/chunk_0,4194304,cd1e14faeff6fede,24,np-setting,5.032,833550,1.1895,0,0,-1,0,5.03186
fields/00097__plt00097__fab0000_comp02_ez.f32__c0056__dt-f32/chunk_0,4194304,40ca607e977d907e,24,np-setting,5.03302,833382,0.980736,0,0,-1,0,5.03287
fields/00097__plt00097__fab0000_comp02_ez.f32__c0060__dt-f32/chunk_0,4194304,9f5e8b94d29a462,24,np-setting,5.03022,833846,1.37667,0,0,-1,0,5.03007
fields/00098__plt00098__fab0000_comp02_ez.f32__c0000__dt-f32/chunk_0,4194304,f2ff196a1fbb64b1,24,np-setting,5.03162,833614,1.6321,0,0,-1,0,5.03147
fields/00098__plt00098__fab0000_comp02_ez.f32__c0004__dt-f32/chunk_0,4194304,8c17c5b82364fdf1,24,np-setting,5.03396,833226,1.57123,0,0,-1,0,5.03381
fields/00098__plt00098__fab0000_comp02_ez.f32__c0008__dt-f32/chunk_0,4194304,cbc659cc357d1402,24,np-setting,5.03274,833428,0.997088,0,0,-1,0,5.03259
fields/00098__plt00098__fab0000_comp02_ez.f32__c0012__dt-f32/chunk_0,4194304,4136c47670b3ad01,24,np-setting,5.03213,833528,0.5848,0,0,-1,0,5.03199
fields/00098__plt00098__fab0000_comp02_ez.f32__c0016__dt-f32/chunk_0,4194304,e7a96b3a63cb45e1,24,np-setting,5.03213,833528,0.733024,0,0,-1,0,5.03199
fields/00098__plt00098__fab0000_comp02_ez.f32__c0020__dt-f32/chunk_0,4194304,9b6da840232e37cb,24,np-setting,4.95325,846802,1.18973,0,0,-1,0,4.95311
fields/00098__plt00098__fab0000_comp02_ez.f32__c0024__dt-f32/chunk_0,4194304,a31527409e98e998,24,np-setting,1.31803,3182272,1.12669,0,0,-1,0,1.31802
fields/00098__plt00098__fab0000_comp02_ez.f32__c0028__dt-f32/chunk_0,4194304,f6f87438f5a98d42,24,np-setting,1.24102,3379746,0.437184,0,0,-1,0,1.24101
fields/00098__plt00098__fab0000_comp02_ez.f32__c0032__dt-f32/chunk_0,4194304,35bb4f9265b0b6b,24,np-setting,1.17156,3580136,0.553216,0,0,-1,0,1.17155
fields/00098__plt00098__fab0000_comp02_ez.f32__c0036__dt-f32/chunk_0,4194304,58f4c1f6b16c5a19,24,np-setting,1.25064,3353760,1.38707,0,0,-1,0,1.25063
fields/00098__plt00098__fab0000_comp02_ez.f32__c0040__dt-f32/chunk_0,4194304,4200061ae9f0de4f,24,np-setting,1.35761,3089494,1.77421,0,0,-1,0,1.3576
fields/00098__plt00098__fab0000_comp02_ez.f32__c0044__dt-f32/chunk_0,4194304,79f75760932245f2,24,np-setting,5.03241,833482,1.3671,0,0,-1,0,5.03227
fields/00098__plt00098__fab0000_comp02_ez.f32__c0048__dt-f32/chunk_0,4194304,d546b979e7d7b2fe,24,np-setting,5.0321,833534,1.15258,0,0,-1,0,5.03195
fields/00098__plt00098__fab0000_comp02_ez.f32__c0052__dt-f32/chunk_0,4194304,cd1e14faeff6fede,24,np-setting,5.032,833550,1.97117,0,0,-1,0,5.03186
fields/00098__plt00098__fab0000_comp02_ez.f32__c0056__dt-f32/chunk_0,4194304,40ca607e977d907e,24,np-setting,5.03302,833382,1.14816,0,0,-1,0,5.03287
fields/00098__plt00098__fab0000_comp02_ez.f32__c0060__dt-f32/chunk_0,4194304,9f5e8b94d29a462,24,np-setting,5.03022,833846,1.10211,0,0,-1,0,5.03007
fields/00099__plt00099__fab0000_comp02_ez.f32__c0000__dt-f32/chunk_0,4194304,f2ff196a1fbb64b1,24,np-setting,5.03162,833614,1.04342,0,0,-1,0,5.03147
fields/00099__plt00099__fab0000_comp02_ez.f32__c0004__dt-f32/chunk_0,4194304,8c17c5b82364fdf1,24,np-setting,5.03396,833226,1.5577,0,0,-1,0,5.03381
fields/00099__plt00099__fab0000_comp02_ez.f32__c0008__dt-f32/chunk_0,4194304,cbc659cc357d1402,24,np-setting,5.03274,833428,1.71258,0,0,-1,0,5.03259
fields/00099__plt00099__fab0000_comp02_ez.f32__c0012__dt-f32/chunk_0,4194304,4136c47670b3ad01,24,np-setting,5.03213,833528,2.32966,0,0,-1,0,5.03199
fields/00099__plt00099__fab0000_comp02_ez.f32__c0016__dt-f32/chunk_0,4194304,e7a96b3a63cb45e1,24,np-setting,5.03213,833528,1.15997,0,0,-1,0,5.03199
fields/00099__plt00099__fab0000_comp02_ez.f32__c0020__dt-f32/chunk_0,4194304,90b58bf2649a29ee,24,np-setting,4.91523,853352,5.08509,0,0,-1,0,4.91509
fields/00099__plt00099__fab0000_comp02_ez.f32__c0024__dt-f32/chunk_0,4194304,5df222eca0a18fce,24,np-setting,1.31635,3186346,1.4711,0,0,-1,0,1.31634
fields/00099__plt00099__fab0000_comp02_ez.f32__c0028__dt-f32/chunk_0,4194304,4a52c2db66561c3f,24,np-setting,1.24102,3379744,0.979488,0,0,-1,0,1.24101
fields/00099__plt00099__fab0000_comp02_ez.f32__c0032__dt-f32/chunk_0,4194304,fcd72f7c580f73a5,24,np-setting,1.17182,3579318,2.19782,0,0,-1,0,1.17182
fields/00099__plt00099__fab0000_comp02_ez.f32__c0036__dt-f32/chunk_0,4194304,fa68818023c03c08,24,np-setting,1.25007,3355286,2.25434,0,0,-1,0,1.25006
fields/00099__plt00099__fab0000_comp02_ez.f32__c0040__dt-f32/chunk_0,4194304,e416932979405e9b,24,np-setting,1.35343,3099044,1.61194,0,0,-1,0,1.35342
fields/00099__plt00099__fab0000_comp02_ez.f32__c0044__dt-f32/chunk_0,4194304,79f75760932245f2,24,np-setting,5.03241,833482,2.62064,0,0,-1,0,5.03227
fields/00099__plt00099__fab0000_comp02_ez.f32__c0048__dt-f32/chunk_0,4194304,d546b979e7d7b2fe,24,np-setting,5.0321,833534,2.58461,0,0,-1,0,5.03195
fields/00099__plt00099__fab0000_comp02_ez.f32__c0052__dt-f32/chunk_0,4194304,cd1e14faeff6fede,24,np-setting,5.032,833550,1.68422,0,0,-1,0,5.03186
fields/00099__plt00099__fab0000_comp02_ez.f32__c0056__dt-f32/chunk_0,4194304,40ca607e977d907e,24,np-setting,5.03302,833382,1.68899,0,0,-1,0,5.03287
fields/00099__plt00099__fab0000_comp02_ez.f32__c0060__dt-f32/chunk_0,4194304,9f5e8b94d29a462,24,np-setting,5.03022,833846,0.403392,0,0,-1,0,5.03007
fields/00100__plt00100__fab0000_comp02_ez.f32__c0000__dt-f32/chunk_0,4194304,f2ff196a1fbb64b1,24,np-setting,5.03162,833614,1.04253,0,0,-1,0,5.03147
fields/00100__plt00100__fab0000_comp02_ez.f32__c0004__dt-f32/chunk_0,4194304,8c17c5b82364fdf1,24,np-setting,5.03396,833226,1.33418,0,0,-1,0,5.03381
fields/00100__plt00100__fab0000_comp02_ez.f32__c0008__dt-f32/chunk_0,4194304,cbc659cc357d1402,24,np-setting,5.03274,833428,4.43174,0,0,-1,0,5.03259
fields/00100__plt00100__fab0000_comp02_ez.f32__c0012__dt-f32/chunk_0,4194304,4136c47670b3ad01,24,np-setting,5.03213,833528,1.50589,0,0,-1,0,5.03199
fields/00100__plt00100__fab0000_comp02_ez.f32__c0016__dt-f32/chunk_0,4194304,e7a96b3a63cb45e1,24,np-setting,5.03213,833528,2.14819,0,0,-1,0,5.03199
fields/00100__plt00100__fab0000_comp02_ez.f32__c0020__dt-f32/chunk_0,4194304,68929ed869cfabe8,24,np-setting,4.87764,859928,1.9705,0,0,-1,0,4.87751
fields/00100__plt00100__fab0000_comp02_ez.f32__c0024__dt-f32/chunk_0,4194304,583d25906eecb87b,24,np-setting,1.31455,3190706,1.00314,0,0,-1,0,1.31454
fields/00100__plt00100__fab0000_comp02_ez.f32__c0028__dt-f32/chunk_0,4194304,90199fbbb4536a8e,24,np-setting,1.2408,3380356,0.342464,0,0,-1,0,1.24079
fields/00100__plt00100__fab0000_comp02_ez.f32__c0032__dt-f32/chunk_0,4194304,c0981873e0986769,24,np-setting,1.17219,3578194,2.44141,0,0,-1,0,1.17218
fields/00100__plt00100__fab0000_comp02_ez.f32__c0036__dt-f32/chunk_0,4194304,a714434549f8ae3e,24,np-setting,1.24969,3356298,1.73907,0,0,-1,0,1.24968
fields/00100__plt00100__fab0000_comp02_ez.f32__c0040__dt-f32/chunk_0,4194304,a8bc95aa0f39fb81,24,np-setting,1.35003,3106846,0.774144,0,0,-1,0,1.35002
fields/00100__plt00100__fab0000_comp02_ez.f32__c0044__dt-f32/chunk_0,4194304,79f75760932245f2,24,np-setting,5.03241,833482,0.447168,0,0,-1,0,5.03227
fields/00100__plt00100__fab0000_comp02_ez.f32__c0048__dt-f32/chunk_0,4194304,d546b979e7d7b2fe,24,np-setting,5.0321,833534,0.220992,0,0,-1,0,5.03195
fields/00100__plt00100__fab0000_comp02_ez.f32__c0052__dt-f32/chunk_0,4194304,cd1e14faeff6fede,24,np-setting,5.032,833550,1.61149,0,0,-1,0,5.03186
fields/00100__plt00100__fab0000_comp02_ez.f32__c0056__dt-f32/chunk_0,4194304,40ca607e977d907e,24,np-setting,5.03302,833382,1.58989,0,0,-1,0,5.03287
fields/00100__plt00100__fab0000_comp02_ez.f32__c0060__dt-f32/chunk_0,4194304,9f5e8b94d29a462,24,np-setting,5.03022,833846,1.96749,0,0,-1,0,5.03007
