seq,chunk_id,path,chunk_bytes,stats_ms,nn_ms,nn_batch_chunks,choice_ms,factory_ms,compress_ms,decompress_ms,io_ms,io_start_ns,preproc_ms,h2d_ms,h2d_start_ns,wall_ms,other_ms,lib,reused,explore_ms,sgd_ms,explored,sgd_updates,stored_bytes,convert_ms,label_ms,nn_gpu_ms,sgd_gpu_ms,label_gpu_ms,explore_gpu_ms
0,fields/00000__plt00000__fab0000_comp00_u.f32__c0000__dt-f32/chunk_0,write,4194304,,0.388670,1,,0.012432,0.054272,,1.234315,313830617807912.000000,0.000000,0.496786,313830576289085.000000,43.429560,1.736612,24,0,39.320414,0.002863,43,0,147064,0.000000,0.183196,0.223488,0.000000,0.027648,32.568704
1,fields/00000__plt00000__fab0000_comp00_u.f32__c0001__dt-f32/chunk_0,write,4194304,,0.279438,1,,0.004819,0.074496,,0.245215,313830656674982.000000,0.000000,0.515712,313830619950032.000000,36.974635,0.134680,24,0,35.587645,0.003283,43,0,18034,0.000000,0.129347,0.211616,0.000000,0.075168,32.042560
2,fields/00001__plt00000__fab0000_comp01_v.f32__c0000__dt-f32/chunk_0,write,4194304,,0.241024,1,,0.005867,0.254848,,0.000000,,0.000000,0.452366,313830657789099.000000,37.130242,0.341741,24,0,35.714967,0.001397,43,0,43932,0.000000,0.118032,0.202240,0.000000,0.073728,32.253952
3,fields/00001__plt00000__fab0000_comp01_v.f32__c0001__dt-f32/chunk_0,write,4194304,,0.243888,1,,0.002863,0.057248,,0.214205,313830732620961.000000,0.000000,0.414372,313830695654846.000000,37.183602,0.116449,24,0,36.013960,0.002305,43,0,7628,0.000000,0.118312,0.202336,0.000000,0.074528,32.738240
4,fields/00002__plt00001__fab0000_comp00_u.f32__c0000__dt-f32/chunk_0,write,4194304,,0.261907,1,,0.004679,0.064640,,0.263653,313830777140054.000000,0.000000,0.408785,313830733564873.000000,43.841627,0.113315,24,0,42.604938,0.002375,43,0,28275,0.000000,0.117335,0.206592,0.000000,0.074240,39.298912
5,fields/00002__plt00001__fab0000_comp00_u.f32__c0001__dt-f32/chunk_0,write,4194304,,0.243888,1,,0.003283,0.060768,,0.391603,313830830266179.000000,0.000000,0.440004,313830778255987.000000,52.405148,0.120892,24,0,51.020323,0.003282,43,0,28276,0.000000,0.121105,0.201536,0.000000,0.074720,47.726688
6,fields/00003__plt00001__fab0000_comp01_v.f32__c0000__dt-f32/chunk_0,write,4194304,,0.264421,1,,0.014877,0.081184,,0.961583,313830943243295.000000,0.000000,0.410182,313830831361160.000000,112.847000,0.211383,24,0,110.375855,0.002793,43,0,287518,0.000000,0.524722,0.208928,0.000000,0.076480,107.128192
7,fields/00003__plt00001__fab0000_comp01_v.f32__c0001__dt-f32/chunk_0,write,4194304,,0.259044,1,,0.006705,0.056896,,1.387129,313831044500456.000000,0.000000,0.447128,313830945024053.000000,100.866396,0.153466,24,0,98.068042,0.001886,43,0,287516,0.000000,0.486100,0.210592,0.000000,0.071328,92.892288
8,fields/00004__plt00002__fab0000_comp00_u.f32__c0000__dt-f32/chunk_0,write,4194304,,0.265330,1,,0.004889,0.097152,,0.000000,,0.000000,0.459699,313831046908604.000000,46.209197,0.408082,24,0,44.832964,0.002864,43,0,30899,0.000000,0.138217,0.206976,0.000000,0.103072,39.622624
9,fields/00004__plt00002__fab0000_comp00_u.f32__c0001__dt-f32/chunk_0,write,4194304,,1.682421,1,,0.004679,0.086752,,0.000000,,0.000000,0.424848,313831093753641.000000,52.364919,0.461995,24,0,49.572711,0.002445,43,0,30906,0.000000,0.129068,0.209152,0.000000,0.093664,46.276864
10,fields/00005__plt00002__fab0000_comp01_v.f32__c0000__dt-f32/chunk_0,write,4194304,,0.253526,1,,0.004750,0.055296,,1.716644,313831275744371.000000,0.000000,0.424359,313831146818795.000000,130.646969,0.132368,24,0,127.999473,0.001886,43,0,572872,0.000000,0.058667,0.210624,0.000000,0.036864,124.631359
11,fields/00005__plt00002__fab0000_comp01_v.f32__c0001__dt-f32/chunk_0,write,4194304,,0.284675,1,,0.004331,0.063232,,1.072562,313831408470602.000000,0.000000,0.481769,313831278487061.000000,131.068674,0.153558,24,0,128.888839,0.002444,43,0,401547,0.000000,0.117264,0.236192,0.000000,0.065056,125.546208
12,fields/00006__plt00003__fab0000_comp00_u.f32__c0000__dt-f32/chunk_0,write,4194304,,0.258066,1,,0.006705,0.057056,,0.346276,313831456039550.000000,0.000000,0.441680,313831410483864.000000,45.906362,0.116291,24,0,44.555341,0.003352,43,0,31410,0.000000,0.121595,0.204736,0.000000,0.076192,41.213184
13,fields/00006__plt00003__fab0000_comp00_u.f32__c0001__dt-f32/chunk_0,write,4194304,,0.264910,1,,0.005308,0.059296,,0.382105,313831503407353.000000,0.000000,0.413744,313831457191801.000000,46.601429,0.136331,24,0,45.217162,0.001397,43,0,31400,0.000000,0.121176,0.210176,0.000000,0.075680,41.956960
14,fields/00007__plt00003__fab0000_comp01_v.f32__c0000__dt-f32/chunk_0,write,4194304,,0.253875,1,,0.003911,0.059328,,1.241789,313831645810455.000000,0.000000,0.412277,313831504578811.000000,142.478182,0.126382,24,0,140.258537,0.002793,43,0,492888,0.000000,0.119290,0.220832,0.000000,0.075232,136.921920
15,fields/00007__plt00003__fab0000_comp01_v.f32__c0001__dt-f32/chunk_0,write,4194304,,0.246821,1,,0.005169,0.059904,,1.767627,313831794309634.000000,0.000000,0.461305,313831647863387.000000,148.217856,0.132092,24,0,145.419991,0.002864,43,0,492915,0.000000,0.122083,0.213632,0.000000,0.078080,142.147585
16,fields/00008__plt00004__fab0000_comp00_u.f32__c0000__dt-f32/chunk_0,write,4194304,,0.240815,1,,0.002374,0.058144,,0.000000,,0.000000,0.459839,313831796941276.000000,45.872978,0.709350,24,0,44.106817,0.001466,43,0,63897,0.000000,0.294173,0.207904,0.000000,0.245824,40.741344
17,fields/00008__plt00004__fab0000_comp00_u.f32__c0001__dt-f32/chunk_0,write,4194304,,0.266377,1,,0.011734,0.081152,,1.265744,313831897571187.000000,0.000000,0.415000,313831843467974.000000,55.372380,0.171117,24,0,52.650433,0.002863,43,0,31713,0.000000,0.507960,0.205120,0.000000,0.076416,49.307073
18,fields/00009__plt00004__fab0000_comp01_v.f32__c0000__dt-f32/chunk_0,write,4194304,,0.259253,1,,0.005308,0.061728,,1.498527,313832045813139.000000,0.000000,0.471991,313831899707580.000000,147.607927,0.127964,24,0,145.059607,0.002793,43,0,571167,0.000000,0.120756,0.212096,0.000000,0.077088,141.468000
19,fields/00009__plt00004__fab0000_comp01_v.f32__c0001__dt-f32/chunk_0,write,4194304,,0.373374,1,,0.009080,0.268864,,1.066625,313832203893924.000000,0.000000,0.511172,313832048146486.000000,156.828241,0.170511,24,0,154.293610,0.002934,43,0,571157,0.000000,0.132071,0.218368,0.000000,0.069792,151.017152
20,fields/00010__plt00005__fab0000_comp00_u.f32__c0000__dt-f32/chunk_0,write,4194304,,0.448315,1,,0.006146,0.040960,,0.847042,313832255226930.000000,0.000000,0.465776,313832205803121.000000,50.279441,0.174432,24,0,48.242503,0.002793,43,0,167664,0.000000,0.051474,0.389248,0.000000,0.028672,41.614656
21,fields/00010__plt00005__fab0000_comp00_u.f32__c0001__dt-f32/chunk_0,write,4194304,,0.251291,1,,0.007543,0.068928,,0.523674,313832310282228.000000,0.000000,0.424150,313832256771133.000000,54.042381,0.152260,24,0,52.485117,0.003842,43,0,31210,0.000000,0.125576,0.209088,0.000000,0.073536,49.235936
22,fields/00011__plt00005__fab0000_comp01_v.f32__c0000__dt-f32/chunk_0,write,4194304,,0.260230,1,,0.008032,0.076160,,0.000000,,0.000000,0.461794,313832311707072.000000,147.748798,1.868379,24,0,144.750766,0.002863,43,0,857424,0.000000,0.320574,0.221504,0.000000,0.263232,138.911966
23,fields/00011__plt00005__fab0000_comp01_v.f32__c0001__dt-f32/chunk_0,write,4194304,,0.356472,1,,0.007264,0.065728,,1.137095,313832612360395.000000,0.000000,0.452785,313832460364722.000000,153.136609,0.138839,24,0,150.854736,0.005308,43,0,642073,0.000000,0.118382,0.214272,0.000000,0.074240,146.836353
24,fields/00012__plt00006__fab0000_comp00_u.f32__c0000__dt-f32/chunk_0,write,4194304,,0.280904,1,,0.011803,0.071808,,0.537643,313832661315913.000000,0.000000,0.519134,313832614389441.000000,47.480737,0.369734,24,0,45.542765,0.003352,43,0,30358,0.000000,0.143594,0.224192,0.000000,0.078208,42.309568
25,fields/00012__plt00006__fab0000_comp00_u.f32__c0001__dt-f32/chunk_0,write,4194304,,0.274828,1,,0.005588,0.062752,,0.498671,313832734805414.000000,0.000000,0.439515,313832662683696.000000,72.622344,0.128823,24,0,71.087220,0.002863,43,0,30347,0.000000,0.122084,0.204128,0.000000,0.076768,67.829184
26,fields/00013__plt00006__fab0000_comp01_v.f32__c0000__dt-f32/chunk_0,write,4194304,,0.253665,1,,0.002933,0.061536,,1.577099,313832896197193.000000,0.000000,0.467661,313832736206372.000000,161.573158,0.123127,24,0,158.962958,0.001956,43,0,703852,0.000000,0.122223,0.209280,0.000000,0.076576,155.706113
27,fields/00013__plt00006__fab0000_comp01_v.f32__c0001__dt-f32/chunk_0,write,4194304,,0.262466,1,,0.006077,0.067360,,1.953617,313833061402337.000000,0.000000,0.468359,313832898561410.000000,164.799853,0.155854,24,0,161.759775,0.001886,43,0,703843,0.000000,0.124459,0.209760,0.000000,0.079712,157.591968
28,fields/00014__plt00007__fab0000_comp00_u.f32__c0000__dt-f32/chunk_0,write,4194304,,0.264910,1,,0.004400,0.061440,,3.281101,313833111333058.000000,0.000000,0.464099,313833064353855.000000,50.269943,0.332750,24,0,45.737624,0.002863,43,0,29384,0.000000,0.120756,0.216256,0.000000,0.076192,42.445600
29,fields/00014__plt00007__fab0000_comp00_u.f32__c0001__dt-f32/chunk_0,write,4194304,,0.261767,1,,0.004819,0.055712,,0.448944,313833163179192.000000,0.000000,0.420238,313833115407703.000000,48.224624,0.127345,24,0,46.782878,0.002793,43,0,29379,0.000000,0.120128,0.211616,0.000000,0.075616,43.062848
30,fields/00015__plt00007__fab0000_comp01_v.f32__c0000__dt-f32/chunk_0,write,4194304,,0.258624,1,,0.198560,0.060416,,2.687724,313833331626885.000000,0.000000,0.478766,313833164377120.000000,169.948874,0.158121,24,0,166.045063,0.001955,43,0,991700,0.000000,0.059645,0.218880,0.000000,0.037888,162.760737
31,fields/00015__plt00007__fab0000_comp01_v.f32__c0001__dt-f32/chunk_0,write,4194304,,0.316244,1,,0.006635,0.064640,,2.136254,313833498965420.000000,0.000000,0.437071,313833335307272.000000,165.799639,0.135245,24,0,162.574272,0.003283,43,0,757947,0.000000,0.125995,0.218048,0.000000,0.076128,159.331904
32,fields/00016__plt00008__fab0000_comp00_u.f32__c0000__dt-f32/chunk_0,write,4194304,,0.274060,1,,0.005797,0.248480,,0.000000,,0.000000,0.533662,313833502071497.000000,49.558393,0.662814,24,0,47.704861,0.003353,43,0,60981,0.000000,0.125366,0.222528,0.000000,0.078720,42.574976
33,fields/00016__plt00008__fab0000_comp00_u.f32__c0001__dt-f32/chunk_0,write,4194304,,0.287399,1,,0.004750,0.057600,,0.510335,313833602327964.000000,0.000000,0.437560,313833552504241.000000,50.347327,0.161351,24,0,48.761149,0.001956,43,0,28235,0.000000,0.125227,0.208992,0.000000,0.078880,44.522464
34,fields/00017__plt00008__fab0000_comp01_v.f32__c0000__dt-f32/chunk_0,write,4194304,,0.290054,1,,0.005797,0.066336,,1.656928,313833767056438.000000,0.000000,0.482468,313833603952905.000000,164.767934,0.158204,24,0,161.980266,0.001886,43,0,802274,0.000000,0.125995,0.216448,0.000000,0.079200,158.660801
35,fields/00017__plt00008__fab0000_comp01_v.f32__c0001__dt-f32/chunk_0,write,4194304,,0.312612,1,,0.003352,0.064608,,2.004672,313833953148702.000000,0.000000,0.443845,313833769809255.000000,185.345445,0.132835,24,0,182.259551,0.002794,43,0,802278,0.000000,0.121176,0.212128,0.000000,0.074656,178.291007
36,fields/00018__plt00009__fab0000_comp00_u.f32__c0000__dt-f32/chunk_0,write,4194304,,0.476322,1,,0.004819,0.059424,,0.586742,313834001210803.000000,0.000000,0.506354,313833956040085.000000,45.762348,0.164558,24,0,43.831500,0.002793,43,0,27200,0.000000,0.129836,0.205312,0.000000,0.083424,40.580640
37,fields/00018__plt00009__fab0000_comp00_u.f32__c0001__dt-f32/chunk_0,write,4194304,,0.243958,1,,0.004819,0.067616,,0.483864,313834055911025.000000,0.000000,0.440353,313834002515449.000000,53.883631,0.179066,24,0,52.333700,0.001397,43,0,27189,0.000000,0.128858,0.210464,0.000000,0.075264,49.058176
38,fields/00019__plt00009__fab0000_comp01_v.f32__c0000__dt-f32/chunk_0,write,4194304,,0.333564,1,,0.004749,0.063744,,3.384816,313834217696922.000000,0.000000,0.699675,313834057501325.000000,163.581810,0.137473,24,0,158.825229,0.002375,43,0,843172,0.000000,0.130185,0.218848,0.000000,0.083872,154.717471
39,fields/00019__plt00009__fab0000_comp01_v.f32__c0001__dt-f32/chunk_0,write,4194304,,0.299691,1,,0.004679,0.064096,,2.118932,313834391862359.000000,0.000000,0.430994,313834221843014.000000,172.141141,0.144803,24,0,168.951672,0.004679,43,0,843172,0.000000,0.121595,0.213856,0.000000,0.075168,164.923233
40,fields/00020__plt00010__fab0000_comp00_u.f32__c0000__dt-f32/chunk_0,write,4194304,,0.297876,1,,0.005657,0.040960,,0.653650,313834443054214.000000,0.000000,0.476600,313834394914170.000000,48.801238,0.164516,24,0,47.108760,0.002794,43,0,160024,0.000000,0.050425,0.208704,0.000000,0.027648,42.956832
41,fields/00020__plt00010__fab0000_comp00_u.f32__c0001__dt-f32/chunk_0,write,4194304,,0.242700,1,,0.006635,0.056256,,0.490569,313834497054900.000000,0.000000,0.410670,313834444403210.000000,53.146729,0.129244,24,0,51.686615,0.002864,43,0,26130,0.000000,0.121176,0.207136,0.000000,0.077024,48.344224
42,fields/00021__plt00010__fab0000_comp01_v.f32__c0000__dt-f32/chunk_0,write,4194304,,0.280555,1,,0.006635,0.067040,,1.584083,313834667258767.000000,0.000000,0.448874,313834498547281.000000,170.299341,0.154709,24,0,167.630264,0.003352,43,0,880780,0.000000,0.123829,0.208000,0.000000,0.076992,163.694656
43,fields/00021__plt00010__fab0000_comp01_v.f32__c0001__dt-f32/chunk_0,write,4194304,,0.301578,1,,0.006146,0.065088,,2.498942,313834861809161.000000,0.000000,0.470874,313834669813932.000000,194.502691,0.141643,24,0,190.888165,0.002864,43,0,880766,0.000000,0.127391,0.211296,0.000000,0.079968,186.958785
44,fields/00022__plt00011__fab0000_comp00_u.f32__c0000__dt-f32/chunk_0,write,4194304,,0.275247,1,,0.005308,0.059968,,0.412416,313834912081338.000000,0.000000,0.421287,313834865453509.000000,47.047788,0.166110,24,0,45.579711,0.002794,43,0,25066,0.000000,0.124947,0.207968,0.000000,0.077760,42.256992
45,fields/00022__plt00011__fab0000_comp00_u.f32__c0001__dt-f32/chunk_0,write,4194304,,0.297038,1,,0.006565,0.059488,,0.599523,313834966636359.000000,0.000000,0.429528,313834913338422.000000,53.912336,0.166869,24,0,52.229077,0.002933,43,0,25047,0.000000,0.121315,0.216960,0.000000,0.075040,48.951520
46,fields/00023__plt00011__fab0000_comp01_v.f32__c0000__dt-f32/chunk_0,write,4194304,,0.283489,1,,0.012362,0.075200,,1.842358,313835133648592.000000,0.000000,0.432042,313834967696768.000000,167.803262,0.177208,24,0,164.838056,0.003283,43,0,914676,0.000000,0.139264,0.218976,0.000000,0.079232,161.322400
47,fields/00023__plt00011__fab0000_comp01_v.f32__c0001__dt-f32/chunk_0,write,4194304,,0.285025,1,,0.010476,0.108416,,3.861347,313835313974222.000000,0.000000,0.642755,313835135949393.000000,181.890507,0.204196,24,0,176.644614,0.001956,43,0,914577,0.000000,0.131722,0.214784,0.000000,0.069504,173.410431
48,fields/00024__plt00012__fab0000_comp00_u.f32__c0000__dt-f32/chunk_0,write,4194304,,0.262745,1,,0.003772,0.063232,,0.496715,313835368622272.000000,0.000000,0.481629,313835318802461.000000,50.319949,0.138891,24,0,48.746132,0.001956,43,0,23928,0.000000,0.124877,0.205152,0.000000,0.079712,44.491616
49,fields/00024__plt00012__fab0000_comp00_u.f32__c0001__dt-f32/chunk_0,write,4194304,,0.338035,1,,0.004679,0.057632,,0.469338,313835423919293.000000,0.000000,0.493433,313835369898213.000000,54.506481,0.167538,24,0,52.854301,0.001956,43,0,23927,0.000000,0.119569,0.222624,0.000000,0.073728,49.207328
50,fields/00025__plt00012__fab0000_comp01_v.f32__c0000__dt-f32/chunk_0,write,4194304,,0.342016,1,,0.002794,0.063488,,2.300242,313835597456363.000000,0.000000,0.507261,313835425362785.000000,174.407858,0.151834,24,0,170.977715,0.002863,43,0,1210892,0.000000,0.059645,0.218304,0.000000,0.036864,167.750271
51,fields/00025__plt00012__fab0000_comp01_v.f32__c0001__dt-f32/chunk_0,write,4194304,,0.298923,1,,0.005727,0.065728,,2.430008,313835774412053.000000,0.000000,0.426385,313835600813103.000000,176.035524,0.149665,24,0,172.540636,0.002794,43,0,944283,0.000000,0.115658,0.218816,0.000000,0.070624,168.550174
52,fields/00026__plt00013__fab0000_comp00_u.f32__c0000__dt-f32/chunk_0,write,4194304,,0.240605,1,,0.005168,0.059296,,0.522068,313835824724739.000000,0.000000,0.474506,313835777833467.000000,47.421722,0.182218,24,0,45.805720,0.002863,43,0,22871,0.000000,0.129278,0.208576,0.000000,0.078560,42.575040
53,fields/00026__plt00013__fab0000_comp00_u.f32__c0001__dt-f32/chunk_0,write,4194304,,0.235507,1,,0.004819,0.065344,,0.414651,313835881454147.000000,0.000000,0.417025,313835826088402.000000,55.783678,0.121972,24,0,54.375527,0.001886,43,0,22883,0.000000,0.146947,0.200896,0.000000,0.080736,50.989568
54,fields/00027__plt00013__fab0000_comp01_v.f32__c0000__dt-f32/chunk_0,write,4194304,,0.263863,1,,0.010476,0.089344,,2.362261,313836068328709.000000,0.000000,0.524791,313835882883391.000000,187.813586,0.284801,24,0,184.104354,0.002863,43,0,967941,0.000000,0.170833,0.215872,0.000000,0.076832,180.092159
55,fields/00027__plt00013__fab0000_comp01_v.f32__c0001__dt-f32/chunk_0,write,4194304,,0.269241,1,,0.005727,0.065792,,1.712592,313836249858204.000000,0.000000,0.435464,313836071834771.000000,179.741473,0.144434,24,0,176.988096,0.003352,43,0,967975,0.000000,0.116775,0.215840,0.000000,0.073056,172.879905
56,fields/00028__plt00014__fab0000_comp00_u.f32__c0000__dt-f32/chunk_0,write,4194304,,0.250383,1,,0.009638,0.071424,,0.487077,313836300040844.000000,0.000000,0.445801,313836252611719.000000,47.925840,0.156052,24,0,46.365153,0.003771,43,0,21975,0.000000,0.136541,0.212896,0.000000,0.079648,43.040288
57,fields/00028__plt00014__fab0000_comp00_u.f32__c0001__dt-f32/chunk_0,write,4194304,,0.256949,1,,0.005727,0.057600,,2.789345,313836355514006.000000,0.000000,0.396841,313836301386138.000000,56.923149,0.122731,24,0,53.168241,0.001955,43,0,21970,0.000000,0.123760,0.203488,0.000000,0.076608,49.939552
58,fields/00029__plt00014__fab0000_comp01_v.f32__c0000__dt-f32/chunk_0,write,4194304,,0.273292,1,,0.005727,0.062240,,1.641703,313836534607067.000000,0.000000,0.455928,313836358584673.000000,177.669055,0.134086,24,0,174.963171,0.002863,43,0,985882,0.000000,0.130045,0.213792,0.000000,0.082848,171.322657
59,fields/00029__plt00014__fab0000_comp01_v.f32__c0001__dt-f32/chunk_0,write,4194304,,0.319596,1,,0.002933,0.063104,,2.402700,313836721064813.000000,0.000000,0.454880,313836537246391.000000,186.234671,0.156060,24,0,182.706330,0.002864,43,0,985863,0.000000,0.126204,0.225312,0.000000,0.078528,178.744865
60,fields/00030__plt00015__fab0000_comp00_u.f32__c0000__dt-f32/chunk_0,write,4194304,,0.260021,1,,0.005168,0.043008,,0.537084,313836770243895.000000,0.000000,0.454182,313836724396340.000000,46.392252,0.143121,24,0,44.896239,0.001955,43,0,153344,0.000000,0.051474,0.210144,0.000000,0.027648,41.578848
61,fields/00030__plt00015__fab0000_comp00_u.f32__c0001__dt-f32/chunk_0,write,4194304,,0.248707,1,,0.006146,0.058656,,0.538551,313836823556499.000000,0.000000,0.440632,313836771736067.000000,52.360868,0.126075,24,0,50.821204,0.001467,43,0,21127,0.000000,0.119430,0.207424,0.000000,0.074880,47.517824
62,fields/00031__plt00015__fab0000_comp01_v.f32__c0000__dt-f32/chunk_0,write,4194304,,0.313520,1,,0.004749,0.061920,,2.307925,313836997647695.000000,0.000000,0.444403,313836824968143.000000,174.990759,0.165346,24,0,171.571162,0.003771,43,0,998968,0.000000,0.117963,0.213024,0.000000,0.076256,167.542527
63,fields/00031__plt00015__fab0000_comp01_v.f32__c0001__dt-f32/chunk_0,write,4194304,,0.290053,1,,0.006216,0.065952,,2.363449,313837186230030.000000,0.000000,0.470595,313837000831925.000000,187.768259,0.141198,24,0,184.302915,0.002864,43,0,998945,0.000000,0.125017,0.215968,0.000000,0.079200,180.168738
64,fields/00032__plt00016__fab0000_comp00_u.f32__c0000__dt-f32/chunk_0,write,4194304,,0.263444,1,,0.006216,0.057536,,0.416537,313837235148323.000000,0.000000,0.438048,313837189701102.000000,45.868648,0.135785,24,0,44.423829,0.002375,43,0,20517,0.000000,0.124878,0.208320,0.000000,0.077888,41.139584
65,fields/00032__plt00016__fab0000_comp00_u.f32__c0001__dt-f32/chunk_0,write,4194304,,0.257158,1,,0.008451,0.076576,,0.494062,313837281855772.000000,0.000000,0.420588,313837236496411.000000,45.857683,0.217039,24,0,44.247478,0.003422,43,0,20515,0.000000,0.132909,0.205824,0.000000,0.072096,41.021568
66,fields/00033__plt00016__fab0000_comp01_v.f32__c0000__dt-f32/chunk_0,write,4194304,,0.291939,1,,0.005587,0.082240,,2.626474,313837460144324.000000,0.000000,0.430784,313837283231657.000000,179.542564,0.127216,24,0,175.850513,0.002794,43,0,1007958,0.000000,0.125017,0.219136,0.000000,0.077376,171.796192
67,fields/00033__plt00016__fab0000_comp01_v.f32__c0001__dt-f32/chunk_0,write,4194304,,0.321063,1,,0.005727,0.063968,,1.634649,313837648307050.000000,0.000000,0.439795,313837463689497.000000,186.257091,0.148002,24,0,183.514610,0.003771,43,0,1007960,0.000000,0.125506,0.209280,0.000000,0.075968,179.508063
68,fields/00034__plt00017__fab0000_comp00_u.f32__c0000__dt-f32/chunk_0,write,4194304,,0.426315,1,,0.004750,0.095008,,0.000000,,0.000000,0.504747,313837650785738.000000,46.429128,0.595518,24,0,44.660592,0.003213,43,0,19946,0.000000,0.138985,0.358816,0.000000,0.103680,41.095616
69,fields/00034__plt00017__fab0000_comp00_u.f32__c0001__dt-f32/chunk_0,write,4194304,,0.254294,1,,0.005238,0.096128,,0.000000,,0.000000,0.415070,313837698029083.000000,52.169990,0.511776,24,0,50.749267,0.001466,43,0,19922,0.000000,0.136751,0.212640,0.000000,0.097728,47.406624
70,fields/00035__plt00017__fab0000_comp01_v.f32__c0000__dt-f32/chunk_0,write,4194304,,0.270777,1,,0.005657,0.235520,,0.000000,,0.000000,0.408296,313837751211152.000000,180.773666,2.384529,24,0,177.407846,0.002863,43,0,1018404,0.000000,0.058178,0.208704,0.000000,0.037888,172.153343
71,fields/00035__plt00017__fab0000_comp01_v.f32__c0001__dt-f32/chunk_0,write,4194304,,0.353959,1,,0.013130,0.087328,,2.360097,313838109895945.000000,0.000000,0.416747,313837932365037.000000,179.894357,0.175137,24,0,176.346809,0.003422,43,0,1018466,0.000000,0.137728,0.205472,0.000000,0.074112,172.396513
72,fields/00036__plt00018__fab0000_comp00_u.f32__c0000__dt-f32/chunk_0,write,4194304,,0.273012,1,,0.005238,0.060416,,0.480861,313838159673712.000000,0.000000,0.504678,313838113325460.000000,46.842662,0.211058,24,0,45.195582,0.002933,43,0,19275,0.000000,0.108884,0.222528,0.000000,0.060896,40.994656
73,fields/00036__plt00018__fab0000_comp00_u.f32__c0001__dt-f32/chunk_0,write,4194304,,0.288587,1,,0.007194,0.093632,,0.514734,313838211952446.000000,0.000000,0.465915,313838161116785.000000,51.359476,0.153888,24,0,49.715258,0.002794,43,0,19254,0.000000,0.117474,0.213440,0.000000,0.065824,46.437248
74,fields/00037__plt00018__fab0000_comp01_v.f32__c0000__dt-f32/chunk_0,write,4194304,,0.286282,1,,0.005169,0.067968,,4.225922,313838388079113.000000,0.000000,0.422474,313838213245149.000000,179.065054,0.193378,24,0,173.732698,0.003772,43,0,1021602,0.000000,0.127391,0.225376,0.000000,0.081440,169.847520
75,fields/00037__plt00018__fab0000_comp01_v.f32__c0001__dt-f32/chunk_0,write,4194304,,0.266446,1,,0.009428,0.088000,,1.625918,313838575360016.000000,0.000000,0.417724,313838393150611.000000,183.838606,0.210926,24,0,181.078525,0.003772,43,0,1021609,0.000000,0.137867,0.211584,0.000000,0.077760,177.840000
76,fields/00038__plt00019__fab0000_comp00_u.f32__c0000__dt-f32/chunk_0,write,4194304,,0.344320,1,,0.005727,0.096992,,0.000000,,0.000000,0.491617,313838578269419.000000,46.384430,0.581660,24,0,44.731134,0.004820,43,0,18993,0.000000,0.128160,0.222112,0.000000,0.092544,40.404672
77,fields/00038__plt00019__fab0000_comp00_u.f32__c0001__dt-f32/chunk_0,write,4194304,,0.285514,1,,0.005308,0.092608,,0.000000,,0.000000,0.414721,313838625509272.000000,51.647154,0.527308,24,0,50.192976,0.003283,43,0,18971,0.000000,0.125436,0.212544,0.000000,0.090240,45.865248
78,fields/00039__plt00019__fab0000_comp01_v.f32__c0000__dt-f32/chunk_0,write,4194304,,0.304720,1,,0.006286,0.061600,,2.302826,313838863122905.000000,0.000000,0.450829,313838678300785.000000,187.130114,0.132560,24,0,183.748441,0.002375,43,0,1019188,0.000000,0.120477,0.223264,0.000000,0.075520,179.934305
79,fields/00039__plt00019__fab0000_comp01_v.f32__c0001__dt-f32/chunk_0,write,4194304,,0.266307,1,,0.005169,0.068512,,2.625775,313839054657037.000000,0.000000,0.469687,313838866424679.000000,190.867702,0.171813,24,0,187.128996,0.003283,43,0,1019172,0.000000,0.128160,0.221984,0.000000,0.079328,183.714688
80,fields/00040__plt00020__fab0000_comp00_u.f32__c0000__dt-f32/chunk_0,write,4194304,,0.238091,1,,0.008940,0.050176,,0.642895,313839102910785.000000,0.000000,0.427433,313839058462092.000000,45.095359,0.217527,24,0,43.448976,0.001886,43,0,152136,0.000000,0.059435,0.203488,0.000000,0.028672,40.215968
81,fields/00040__plt00020__fab0000_comp00_u.f32__c0001__dt-f32/chunk_0,write,4194304,,0.277691,1,,0.010407,0.084448,,0.437420,313839155420766.000000,0.000000,0.419121,313839104473567.000000,51.389438,0.247092,24,0,49.777487,0.002793,43,0,18971,0.000000,0.132979,0.209056,0.000000,0.073408,46.526368
82,fields/00041__plt00020__fab0000_comp01_v.f32__c0000__dt-f32/chunk_0,write,4194304,,0.284046,1,,0.010406,0.082048,,1.882587,313839325985366.000000,0.000000,0.435115,313839156700967.000000,171.168872,0.443164,24,0,167.857460,0.001886,43,0,1013289,0.000000,0.172160,0.218080,0.000000,0.111168,164.660447
83,fields/00041__plt00020__fab0000_comp01_v.f32__c0001__dt-f32/chunk_0,write,4194304,,0.307304,1,,0.005169,0.067232,,2.418205,313839532351118.000000,0.000000,0.708965,313839328949525.000000,205.835023,0.175746,24,0,202.031017,0.002864,43,0,1013312,0.000000,0.118521,0.223840,0.000000,0.070112,197.957792
84,fields/00042__plt00021__fab0000_comp00_u.f32__c0000__dt-f32/chunk_0,write,4194304,,0.353470,1,,0.007613,0.093088,,0.000000,,0.000000,0.425686,313839535600651.000000,46.199837,0.554344,24,0,44.633076,0.002375,43,0,18993,0.000000,0.130185,0.204096,0.000000,0.094720,40.258720
85,fields/00042__plt00021__fab0000_comp00_u.f32__c0001__dt-f32/chunk_0,write,4194304,,0.267565,1,,0.007613,0.097312,,0.000000,,0.000000,0.418352,313839582656471.000000,51.230198,0.564858,24,0,49.736770,0.003771,43,0,18971,0.000000,0.133957,0.209952,0.000000,0.093632,46.345216
86,fields/00043__plt00021__fab0000_comp01_v.f32__c0000__dt-f32/chunk_0,write,4194304,,0.251570,1,,0.005657,0.068032,,1.707634,313839808203245.000000,0.000000,0.497275,313839634992405.000000,174.927413,0.140236,24,0,172.111319,0.002933,43,0,1006103,0.000000,0.142757,0.213408,0.000000,0.079168,168.691170
87,fields/00043__plt00021__fab0000_comp01_v.f32__c0001__dt-f32/chunk_0,write,4194304,,0.290962,1,,0.008661,0.085056,,2.550346,313840002177936.000000,0.000000,0.431623,313839811197226.000000,193.534897,0.315066,24,0,189.712382,0.002933,43,0,1006095,0.000000,0.137868,0.220896,0.000000,0.074624,185.721088
88,fields/00044__plt00022__fab0000_comp00_u.f32__c0000__dt-f32/chunk_0,write,4194304,,0.285024,1,,0.006146,0.092576,,0.000000,,0.000000,0.488544,313840005712214.000000,45.608767,0.599070,24,0,43.992346,0.002863,43,0,18993,0.000000,0.142198,0.218368,0.000000,0.104832,39.677344
89,fields/00044__plt00022__fab0000_comp00_u.f32__c0001__dt-f32/chunk_0,write,4194304,,0.265888,1,,0.011454,0.106208,,0.000000,,0.000000,0.445172,313840052230532.000000,50.756113,0.647247,24,0,49.121813,0.002793,43,0,18971,0.000000,0.155538,0.204480,0.000000,0.105728,45.716352
90,fields/00045__plt00022__fab0000_comp01_v.f32__c0000__dt-f32/chunk_0,write,4194304,,0.345787,1,,0.004679,0.064512,,3.453121,313840278639229.000000,0.000000,0.436232,313840103802538.000000,178.293096,0.150883,24,0,173.774955,0.003352,43,0,1265000,0.000000,0.059575,0.243232,0.000000,0.037888,169.920862
91,fields/00045__plt00022__fab0000_comp01_v.f32__c0001__dt-f32/chunk_0,write,4194304,,0.287679,1,,0.009149,0.088672,,1.807577,313840457765259.000000,0.000000,0.465007,313840282926193.000000,176.650415,0.258861,24,0,173.563824,0.003352,43,0,994791,0.000000,0.166294,0.211360,0.000000,0.107072,170.251009
92,fields/00046__plt00023__fab0000_comp00_u.f32__c0000__dt-f32/chunk_0,write,4194304,,0.294104,1,,0.005308,0.068128,,0.510195,313840505665957.000000,0.000000,0.449014,313840460843609.000000,45.353565,0.172197,24,0,43.731487,0.002864,43,0,18993,0.000000,0.120268,0.223712,0.000000,0.072384,40.492896
93,fields/00046__plt00023__fab0000_comp00_u.f32__c0001__dt-f32/chunk_0,write,4194304,,0.260929,1,,0.004889,0.060704,,0.526118,313840557590105.000000,0.000000,0.439026,313840506678943.000000,51.441052,0.121166,24,0,49.906556,0.002444,43,0,18971,0.000000,0.119220,0.204128,0.000000,0.076224,46.464640
94,fields/00047__plt00023__fab0000_comp01_v.f32__c0000__dt-f32/chunk_0,write,4194304,,0.278320,1,,0.010127,0.071520,,1.569416,313840746035625.000000,0.000000,0.457045,313840558973254.000000,188.642264,0.157840,24,0,185.935822,0.003353,43,0,979838,0.000000,0.158821,0.220704,0.000000,0.074464,182.655905
95,fields/00047__plt00023__fab0000_comp01_v.f32__c0001__dt-f32/chunk_0,write,4194304,,0.396074,1,,0.004819,0.070560,,2.707001,313840929539413.000000,0.000000,0.459071,313840748088487.000000,184.159743,0.132261,24,0,180.267525,0.001396,43,0,979825,0.000000,0.121036,0.317856,0.000000,0.074656,176.172225
96,fields/00048__plt00024__fab0000_comp00_u.f32__c0000__dt-f32/chunk_0,write,4194304,,0.273641,1,,0.005796,0.098240,,0.000000,,0.000000,0.438328,313840933115736.000000,45.234345,0.503028,24,0,43.778771,0.003841,43,0,18993,0.000000,0.132700,0.208576,0.000000,0.095136,40.241152
97,fields/00048__plt00024__fab0000_comp00_u.f32__c0001__dt-f32/chunk_0,write,4194304,,0.279926,1,,0.005728,0.087488,,0.000000,,0.000000,0.417933,313840979200406.000000,50.761071,0.523208,24,0,49.306336,0.003911,43,0,18971,0.000000,0.136541,0.209184,0.000000,0.100512,45.937824
98,fields/00049__plt00024__fab0000_comp01_v.f32__c0000__dt-f32/chunk_0,write,4194304,,0.320574,1,,0.006775,0.060032,,1.685983,313841206927927.000000,0.000000,0.431763,313841030882901.000000,177.735409,0.163461,24,0,174.940058,0.003772,43,0,964123,0.000000,0.122991,0.211424,0.000000,0.072832,170.667679
99,fields/00049__plt00024__fab0000_comp01_v.f32__c0001__dt-f32/chunk_0,write,4194304,,0.287399,1,,0.009498,0.087392,,2.282991,313841388249925.000000,0.000000,0.395305,313841209800244.000000,180.735675,0.179822,24,0,177.359520,0.002934,43,0,964138,0.000000,0.130814,0.205568,0.000000,0.070304,173.349184
100,fields/00050__plt00025__fab0000_comp00_u.f32__c0000__dt-f32/chunk_0,write,4194304,,0.331749,1,,0.009917,0.046080,,3.471700,313841437092580.000000,0.000000,0.470245,313841391271634.000000,49.307662,0.204722,24,0,44.708366,0.002864,43,0,152136,0.000000,0.062019,0.221760,0.000000,0.029696,40.536128
101,fields/00050__plt00025__fab0000_comp00_u.f32__c0001__dt-f32/chunk_0,write,4194304,,0.265329,1,,0.007194,0.067072,,0.450410,313841492278763.000000,0.000000,0.402638,313841441355798.000000,51.378125,0.139103,24,0,49.922201,0.003352,43,0,18971,0.000000,0.120826,0.209728,0.000000,0.070816,46.616320
102,fields/00051__plt00025__fab0000_comp01_v.f32__c0000__dt-f32/chunk_0,write,4194304,,0.271126,1,,0.008171,0.068576,,1.540991,313841667770851.000000,0.000000,0.465496,313841493253127.000000,176.066816,0.188791,24,0,173.393200,0.001886,43,0,944731,0.000000,0.128579,0.214112,0.000000,0.072448,169.719072
103,fields/00051__plt00025__fab0000_comp01_v.f32__c0001__dt-f32/chunk_0,write,4194304,,0.253736,1,,0.006565,0.084064,,2.967651,313841847308179.000000,0.000000,0.646736,313841670310301.000000,179.967904,0.209061,24,0,175.657054,0.002934,43,0,944793,0.000000,0.140103,0.211104,0.000000,0.080384,172.382785
104,fields/00052__plt00026__fab0000_comp00_u.f32__c0000__dt-f32/chunk_0,write,4194304,,0.276784,1,,0.011384,0.127552,,0.000000,,0.000000,0.423381,313841851184194.000000,45.491153,0.692602,24,0,43.806008,0.002793,43,0,18993,0.000000,0.150649,0.203616,0.000000,0.096544,40.501856
105,fields/00052__plt00026__fab0000_comp00_u.f32__c0001__dt-f32/chunk_0,write,4194304,,0.262815,1,,0.011454,0.105216,,0.000000,,0.000000,0.424918,313841897573583.000000,51.503212,0.716754,24,0,49.829521,0.001955,43,0,18971,0.000000,0.150579,0.210400,0.000000,0.097056,46.543296
106,fields/00053__plt00026__fab0000_comp01_v.f32__c0000__dt-f32/chunk_0,write,4194304,,0.477509,1,,0.005727,0.064224,,1.591278,313842124108485.000000,0.000000,0.461376,313841950255376.000000,175.446761,0.140760,24,0,172.575212,0.003353,43,0,923042,0.000000,0.127322,0.385632,0.000000,0.082528,168.514400
107,fields/00053__plt00026__fab0000_comp01_v.f32__c0001__dt-f32/chunk_0,write,4194304,,0.284396,1,,0.010826,0.087840,,2.309042,313842302292138.000000,0.000000,0.518296,313842126770089.000000,177.838286,0.286791,24,0,174.163905,0.002375,43,0,923041,0.000000,0.174815,0.218368,0.000000,0.079040,170.092257
108,fields/00054__plt00027__fab0000_comp00_u.f32__c0000__dt-f32/chunk_0,write,4194304,,0.385597,1,,0.006565,0.089088,,0.000000,,0.000000,0.644152,313842305560668.000000,45.822972,0.560859,24,0,43.994792,0.002375,43,0,18993,0.000000,0.139544,0.203232,0.000000,0.106464,39.652320
109,fields/00054__plt00027__fab0000_comp00_u.f32__c0001__dt-f32/chunk_0,write,4194304,,0.304510,1,,0.005169,0.091776,,0.000000,,0.000000,0.416537,313842352336702.000000,50.840062,0.583594,24,0,49.298443,0.003283,43,0,18971,0.000000,0.136750,0.204384,0.000000,0.100704,45.649696
110,fields/00055__plt00027__fab0000_comp01_v.f32__c0000__dt-f32/chunk_0,write,4194304,,0.248847,1,,0.009847,0.076800,,3.157621,313842576287454.000000,0.000000,0.416048,313842403914086.000000,175.533364,0.197049,24,0,171.357380,0.003772,43,0,1165544,0.000000,0.066000,0.210592,0.000000,0.038912,167.982465
111,fields/00055__plt00027__fab0000_comp01_v.f32__c0001__dt-f32/chunk_0,write,4194304,,0.275596,1,,0.002375,0.064448,,2.101612,313842760577523.000000,0.000000,0.419750,313842580377883.000000,182.305512,0.135440,24,0,179.181414,0.002863,43,0,901581,0.000000,0.122014,0.212000,0.000000,0.074656,175.081246
112,fields/00056__plt00028__fab0000_comp00_u.f32__c0000__dt-f32/chunk_0,write,4194304,,0.288657,1,,0.005867,0.056352,,0.483236,313842809589125.000000,0.000000,0.492734,313842763769925.000000,46.307675,0.149961,24,0,44.701591,0.002863,43,0,18993,0.000000,0.126414,0.208992,0.000000,0.077568,40.351872
113,fields/00056__plt00028__fab0000_comp00_u.f32__c0001__dt-f32/chunk_0,write,4194304,,0.270498,1,,0.005727,0.059744,,0.374004,313842861930020.000000,0.000000,0.423382,313842810900825.000000,51.409484,0.133158,24,0,50.020608,0.003283,43,0,18971,0.000000,0.119080,0.208736,0.000000,0.075104,46.607968
114,fields/00057__plt00028__fab0000_comp01_v.f32__c0000__dt-f32/chunk_0,write,4194304,,0.266307,1,,0.002933,0.062048,,1.531353,313843033625224.000000,0.000000,0.412067,313842863208406.000000,171.951035,0.148525,24,0,169.398734,0.002794,43,0,875018,0.000000,0.126274,0.217984,0.000000,0.082816,165.172832
115,fields/00057__plt00028__fab0000_comp01_v.f32__c0001__dt-f32/chunk_0,write,4194304,,0.251012,1,,0.035689,0.088096,,2.100634,313843208370702.000000,0.000000,0.422334,313843036292625.000000,174.186534,0.177791,24,0,170.969128,0.001956,43,0,874992,0.000000,0.139894,0.213216,0.000000,0.078336,167.514880
116,fields/00058__plt00029__fab0000_comp00_u.f32__c0000__dt-f32/chunk_0,write,4194304,,0.286282,1,,0.012292,0.096224,,0.000000,,0.000000,0.522906,313843211509186.000000,45.452252,0.514405,24,0,43.867469,0.003771,43,0,18993,0.000000,0.148903,0.220192,0.000000,0.098176,40.531520
117,fields/00058__plt00029__fab0000_comp00_u.f32__c0001__dt-f32/chunk_0,write,4194304,,0.272104,1,,0.010336,0.107456,,0.000000,,0.000000,0.431273,313843257875738.000000,50.792430,0.672051,24,0,49.153172,0.002793,43,0,18971,0.000000,0.143245,0.203232,0.000000,0.096192,45.877280
118,fields/00059__plt00029__fab0000_comp01_v.f32__c0000__dt-f32/chunk_0,write,4194304,,0.244167,1,,0.009150,0.079072,,1.768536,313843476492527.000000,0.000000,0.427781,313843309606005.000000,168.659388,0.257356,24,0,165.732385,0.003282,43,0,846061,0.000000,0.137659,0.210176,0.000000,0.078880,162.263008
119,fields/00059__plt00029__fab0000_comp01_v.f32__c0001__dt-f32/chunk_0,write,4194304,,0.263304,1,,0.009499,0.090560,,3.552157,313843644526760.000000,0.000000,0.496995,313843479437060.000000,168.655127,0.246917,24,0,163.854406,0.001955,43,0,846028,0.000000,0.139334,0.223296,0.000000,0.079904,160.607905
120,fields/00060__plt00030__fab0000_comp00_u.f32__c0000__dt-f32/chunk_0,write,4194304,,0.260231,1,,0.005727,0.039936,,0.706311,313843694675807.000000,0.000000,0.427782,313843648909686.000000,46.475225,0.158974,24,0,44.823674,0.002863,43,0,152136,0.000000,0.049727,0.205920,0.000000,0.028672,40.522752
121,fields/00060__plt00030__fab0000_comp00_u.f32__c0001__dt-f32/chunk_0,write,4194304,,0.266726,1,,0.030102,0.062048,,0.636260,313843747185789.000000,0.000000,0.443146,313843696247878.000000,51.578990,0.146709,24,0,49.857248,0.003283,43,0,18971,0.000000,0.133468,0.207040,0.000000,0.079104,46.564064
122,fields/00061__plt00030__fab0000_comp01_v.f32__c0000__dt-f32/chunk_0,write,4194304,,0.253316,1,,0.007264,0.078432,,1.638211,313843916716803.000000,0.000000,0.483795,313843748952439.000000,169.405927,0.186617,24,0,166.618259,0.003352,43,0,815434,0.000000,0.136681,0.212640,0.000000,0.079648,163.298113
123,fields/00061__plt00030__fab0000_comp01_v.f32__c0001__dt-f32/chunk_0,write,4194304,,0.314568,1,,0.005657,0.066208,,2.120539,313844090125438.000000,0.000000,0.441750,313843919436515.000000,172.824477,0.165806,24,0,169.577529,0.004819,43,0,815409,0.000000,0.127601,0.231968,0.000000,0.084512,165.496097
124,fields/00062__plt00031__fab0000_comp00_u.f32__c0000__dt-f32/chunk_0,write,4194304,,0.270637,1,,0.005797,0.087712,,0.000000,,0.000000,0.480233,313844092691568.000000,45.692228,0.626422,24,0,44.090614,0.001955,43,0,18993,0.000000,0.128858,0.209312,0.000000,0.092704,40.138912
125,fields/00062__plt00031__fab0000_comp00_u.f32__c0001__dt-f32/chunk_0,write,4194304,,0.264701,1,,0.005238,0.086400,,0.000000,,0.000000,0.420099,313844139234330.000000,51.104694,0.565504,24,0,49.635151,0.001466,43,0,18971,0.000000,0.126135,0.208480,0.000000,0.094112,46.250528
126,fields/00063__plt00031__fab0000_comp01_v.f32__c0000__dt-f32/chunk_0,write,4194304,,0.256180,1,,0.020044,0.068032,,1.735221,313844356369075.000000,0.000000,0.420169,313844191289222.000000,166.818914,0.137234,24,0,164.059252,0.001886,43,0,782477,0.000000,0.120896,0.219040,0.000000,0.076000,160.294081
127,fields/00063__plt00031__fab0000_comp01_v.f32__c0001__dt-f32/chunk_0,write,4194304,,0.304231,1,,0.011873,0.108800,,1.474921,313844530754169.000000,0.000000,0.432531,313844359181327.000000,173.062010,0.168611,24,0,170.419962,0.002375,43,0,782436,0.000000,0.138706,0.228192,0.000000,0.077184,167.166688
128,fields/00064__plt00032__fab0000_comp00_u.f32__c0000__dt-f32/chunk_0,write,4194304,,0.265958,1,,0.010546,0.089728,,0.000000,,0.000000,0.566348,313844532851799.000000,44.781350,0.533469,24,0,43.148867,0.002305,43,0,18993,0.000000,0.164129,0.216768,0.000000,0.098208,39.655968
129,fields/00064__plt00032__fab0000_comp00_u.f32__c0001__dt-f32/chunk_0,write,4194304,,0.360663,1,,0.005098,0.087584,,0.000000,,0.000000,0.424849,313844578549265.000000,51.989800,0.570047,24,0,50.398662,0.003283,43,0,18971,0.000000,0.139614,0.208000,0.000000,0.102624,46.053248
130,fields/00065__plt00032__fab0000_comp01_v.f32__c0000__dt-f32/chunk_0,write,4194304,,0.280904,1,,0.009988,0.075776,,5.325443,313844813155093.000000,0.000000,0.417725,313844631357821.000000,187.126486,0.198700,24,0,180.746990,0.002864,43,0,990896,0.000000,0.068096,0.217408,0.000000,0.037888,177.353279
131,fields/00065__plt00032__fab0000_comp01_v.f32__c0001__dt-f32/chunk_0,write,4194304,,0.488684,1,,0.003352,0.066304,,1.781316,313844999152446.000000,0.000000,0.526818,313844819560361.000000,181.385484,0.168504,24,0,178.217806,0.003841,43,0,747180,0.000000,0.128859,0.223840,0.000000,0.082272,174.247360
132,fields/00066__plt00033__fab0000_comp00_u.f32__c0000__dt-f32/chunk_0,write,4194304,,0.304231,1,,0.009568,0.076640,,0.464588,313845047055798.000000,0.000000,0.432461,313845002063804.000000,45.470969,0.175140,24,0,43.847285,0.002794,43,0,18993,0.000000,0.158262,0.220736,0.000000,0.071488,40.411968
133,fields/00066__plt00033__fab0000_comp00_u.f32__c0001__dt-f32/chunk_0,write,4194304,,0.334752,1,,0.005867,0.061120,,0.377845,313845100172566.000000,0.000000,0.439445,313845047929450.000000,52.623266,0.164259,24,0,51.117894,0.001886,43,0,18971,0.000000,0.120198,0.205312,0.000000,0.073856,46.871968
134,fields/00067__plt00033__fab0000_comp01_v.f32__c0000__dt-f32/chunk_0,write,4194304,,0.254295,1,,0.007613,0.074752,,1.576191,313845262743070.000000,0.000000,0.412975,313845101324887.000000,162.998634,0.168927,24,0,160.376141,0.002793,43,0,709492,0.000000,0.124947,0.214592,0.000000,0.073024,157.028544
135,fields/00067__plt00033__fab0000_comp01_v.f32__c0001__dt-f32/chunk_0,write,4194304,,0.383362,1,,0.006216,0.061920,,1.723557,313845422243743.000000,0.000000,0.436162,313845265581653.000000,158.390467,0.130984,24,0,155.527160,0.002863,43,0,709537,0.000000,0.118243,0.212608,0.000000,0.074688,151.438463
136,fields/00068__plt00034__fab0000_comp00_u.f32__c0000__dt-f32/chunk_0,write,4194304,,0.270846,1,,0.005797,0.089408,,0.000000,,0.000000,0.407108,313845424877550.000000,45.152421,0.539730,24,0,43.702223,0.002933,43,0,18993,0.000000,0.134376,0.207296,0.000000,0.100672,40.120160
137,fields/00068__plt00034__fab0000_comp00_u.f32__c0001__dt-f32/chunk_0,write,4194304,,0.253386,1,,0.011245,0.111136,,0.000000,,0.000000,0.416956,313845470514463.000000,50.486523,0.588051,24,0,48.957056,0.001816,43,0,18971,0.000000,0.146877,0.204480,0.000000,0.097216,45.681280
138,fields/00069__plt00034__fab0000_comp01_v.f32__c0000__dt-f32/chunk_0,write,4194304,,0.271336,1,,0.009848,0.079040,,1.320710,313845673180207.000000,0.000000,0.428200,313845521821140.000000,152.682780,0.163311,24,0,150.267928,0.003282,43,0,669794,0.000000,0.139125,0.210528,0.000000,0.078528,146.936928
139,fields/00069__plt00034__fab0000_comp01_v.f32__c0001__dt-f32/chunk_0,write,4194304,,0.294034,1,,0.009917,0.083968,,4.518490,313845831751984.000000,0.000000,0.465705,313845675462151.000000,160.810209,0.257770,24,0,155.045740,0.003841,43,0,669802,0.000000,0.130744,0.242976,0.000000,0.072192,151.813664
140,fields/00070__plt00035__fab0000_comp00_u.f32__c0000__dt-f32/chunk_0,write,4194304,,0.285235,1,,0.010057,0.053248,,0.000000,,0.000000,0.473109,313845837212012.000000,45.232669,0.873482,24,0,43.293300,0.001886,43,0,190668,0.000000,0.242352,0.213120,0.000000,0.211968,40.021824
141,fields/00070__plt00035__fab0000_comp00_u.f32__c0001__dt-f32/chunk_0,write,4194304,,0.332727,1,,0.005797,0.058688,,0.479324,313845935707558.000000,0.000000,0.500975,313845883458296.000000,52.742276,0.152863,24,0,51.098897,0.002864,43,0,18971,0.000000,0.110141,0.257216,0.000000,0.064256,46.789504
142,fields/00071__plt00035__fab0000_comp01_v.f32__c0000__dt-f32/chunk_0,write,4194304,,0.277063,1,,0.005727,0.070112,,1.206938,313846096832195.000000,0.000000,0.444124,313845937137850.000000,160.906661,0.185019,24,0,158.596013,0.001886,43,0,626498,0.000000,0.119779,0.208160,0.000000,0.075584,154.619968
143,fields/00071__plt00035__fab0000_comp01_v.f32__c0001__dt-f32/chunk_0,write,4194304,,0.488334,1,,0.009428,0.075520,,1.201350,313846258841589.000000,0.000000,0.513548,313846099079287.000000,160.978388,0.193372,24,0,158.361832,0.002794,43,0,626481,0.000000,0.132210,0.359712,0.000000,0.069600,154.390432
144,fields/00072__plt00036__fab0000_comp00_u.f32__c0000__dt-f32/chunk_0,write,4194304,,0.565859,1,,0.009359,0.103936,,0.000000,,0.000000,0.453553,313846261084211.000000,46.679303,0.673960,24,0,44.718005,0.003772,43,0,18993,0.000000,0.150859,0.205600,0.000000,0.101728,40.284032
145,fields/00072__plt00036__fab0000_comp00_u.f32__c0001__dt-f32/chunk_0,write,4194304,,0.254294,1,,0.006215,0.089568,,0.000000,,0.000000,0.461934,313846308744653.000000,51.399706,0.588528,24,0,49.863394,0.002864,43,0,18971,0.000000,0.132909,0.207552,0.000000,0.093984,46.380192
146,fields/00073__plt00036__fab0000_comp01_v.f32__c0000__dt-f32/chunk_0,write,4194304,,0.252269,1,,0.010057,0.077984,,1.351929,313846518242259.000000,0.000000,0.441680,313846360994893.000000,158.601739,0.266477,24,0,156.024713,0.001886,43,0,581717,0.000000,0.174744,0.219840,0.000000,0.083776,152.334848
147,fields/00073__plt00036__fab0000_comp01_v.f32__c0001__dt-f32/chunk_0,write,4194304,,0.297037,1,,0.004191,0.062912,,1.480647,313846687143718.000000,0.000000,0.467522,313846520608082.000000,168.018937,0.139350,24,0,165.274780,0.002863,43,0,581720,0.000000,0.289635,0.219616,0.000000,0.243104,161.363743
148,fields/00074__plt00037__fab0000_comp00_u.f32__c0000__dt-f32/chunk_0,write,4194304,,0.249056,1,,0.006286,0.098816,,0.000000,,0.000000,0.472411,313846689599009.000000,45.042140,0.554343,24,0,43.527340,0.003353,43,0,18993,0.000000,0.130535,0.205536,0.000000,0.096448,39.820928
149,fields/00074__plt00037__fab0000_comp00_u.f32__c0001__dt-f32/chunk_0,write,4194304,,0.264421,1,,0.005797,0.087616,,0.000000,,0.000000,0.441750,313846735589951.000000,50.502377,0.530065,24,0,49.033184,0.002933,43,0,18971,0.000000,0.136611,0.217536,0.000000,0.102496,45.683136
150,fields/00075__plt00037__fab0000_comp01_v.f32__c0000__dt-f32/chunk_0,write,4194304,,0.268332,1,,0.010406,0.075776,,4.336342,313846942141976.000000,0.000000,0.419750,313846786556078.000000,159.928036,0.289428,24,0,154.457043,0.002863,43,0,759944,0.000000,0.068096,0.211616,0.000000,0.037888,151.078368
151,fields/00075__plt00037__fab0000_comp01_v.f32__c0001__dt-f32/chunk_0,write,4194304,,0.259532,1,,0.009498,0.274496,,0.000000,,0.000000,0.468918,313846947460504.000000,160.326903,1.916444,24,0,157.263221,0.002793,43,0,759944,0.000000,0.132001,0.207296,0.000000,0.070848,153.692478
152,fields/00076__plt00038__fab0000_comp00_u.f32__c0000__dt-f32/chunk_0,write,4194304,,0.276574,1,,0.005727,0.058464,,0.489172,313847154058624.000000,0.000000,0.434207,313847109164270.000000,45.391140,0.150924,24,0,43.844491,0.002933,43,0,18993,0.000000,0.128648,0.219264,0.000000,0.079392,40.558944
153,fields/00076__plt00038__fab0000_comp00_u.f32__c0001__dt-f32/chunk_0,write,4194304,,0.273221,1,,0.006705,0.067264,,0.438327,313847206132234.000000,0.000000,0.424010,313847155472364.000000,51.101411,0.131228,24,0,49.648979,0.002933,43,0,18971,0.000000,0.108744,0.205056,0.000000,0.060736,46.442912
154,fields/00077__plt00038__fab0000_comp01_v.f32__c0000__dt-f32/chunk_0,write,4194304,,0.371978,1,,0.006705,0.069152,,0.926382,313847352746105.000000,0.000000,0.424289,313847207475643.000000,146.199778,0.160976,24,0,144.115488,0.003283,43,0,488043,0.000000,0.121525,0.209344,0.000000,0.071104,140.062016
155,fields/00077__plt00038__fab0000_comp01_v.f32__c0001__dt-f32/chunk_0,write,4194304,,0.275945,1,,0.005308,0.060064,,1.336075,313847507401290.000000,0.000000,0.422823,313847354482234.000000,154.264140,0.176839,24,0,151.862558,0.002864,43,0,488032,0.000000,0.121664,0.222144,0.000000,0.076768,148.216640
156,fields/00078__plt00039__fab0000_comp00_u.f32__c0000__dt-f32/chunk_0,write,4194304,,0.268332,1,,0.008102,0.100608,,0.000000,,0.000000,0.482258,313847509824523.000000,45.451692,0.662902,24,0,43.782961,0.003353,43,0,18993,0.000000,0.143176,0.216320,0.000000,0.099680,40.289376
157,fields/00078__plt00039__fab0000_comp00_u.f32__c0001__dt-f32/chunk_0,write,4194304,,0.250453,1,,0.007753,0.099328,,0.000000,,0.000000,0.416048,313847556095182.000000,50.447621,0.508924,24,0,49.023824,0.001886,43,0,18971,0.000000,0.139405,0.205312,0.000000,0.097344,45.642112
158,fields/00079__plt00039__fab0000_comp01_v.f32__c0000__dt-f32/chunk_0,write,4194304,,0.309190,1,,0.007752,0.070496,,1.195204,313847754087527.000000,0.000000,0.428341,313847607478614.000000,147.816967,0.151531,24,0,145.524756,0.001886,43,0,440070,0.000000,0.127811,0.228832,0.000000,0.080736,142.187969
159,fields/00079__plt00039__fab0000_comp01_v.f32__c0001__dt-f32/chunk_0,write,4194304,,0.261209,1,,0.006704,0.064672,,1.386920,313847913561451.000000,0.000000,0.492944,313847755798652.000000,159.158798,0.140454,24,0,156.674872,0.002863,43,0,440089,0.000000,0.128160,0.224928,0.000000,0.078528,153.341055
160,fields/00080__plt00040__fab0000_comp00_u.f32__c0000__dt-f32/chunk_0,write,4194304,,0.270079,1,,0.010197,0.055296,,0.744654,313847961786774.000000,0.000000,0.491338,313847915984824.000000,46.549397,0.343780,24,0,44.567704,0.003841,43,0,152136,0.000000,0.062508,0.207904,0.000000,0.029696,40.101792
161,fields/00080__plt00040__fab0000_comp00_u.f32__c0001__dt-f32/chunk_0,write,4194304,,0.363178,1,,0.009638,0.070624,,0.456416,313848018341927.000000,0.000000,0.437000,313847965929235.000000,52.872391,0.176199,24,0,51.206313,0.002793,43,0,18971,0.000000,0.150230,0.210976,0.000000,0.093664,46.963616
162,fields/00081__plt00040__fab0000_comp01_v.f32__c0000__dt-f32/chunk_0,write,4194304,,0.282650,1,,0.006565,0.063904,,0.876515,313848154863368.000000,0.000000,0.515782,313848019819502.000000,135.927855,0.148766,24,0,133.904955,0.003771,43,0,392631,0.000000,0.124947,0.222528,0.000000,0.078144,130.009185
163,fields/00081__plt00040__fab0000_comp01_v.f32__c0001__dt-f32/chunk_0,write,4194304,,0.272942,1,,0.009080,0.080288,,1.091838,313848294048439.000000,0.000000,0.544347,313848156748680.000000,138.400607,0.257606,24,0,136.009431,0.002375,43,0,392618,0.000000,0.132700,0.215424,0.000000,0.071616,132.761024
164,fields/00082__plt00041__fab0000_comp00_u.f32__c0000__dt-f32/chunk_0,write,4194304,,0.484005,1,,0.011594,0.103584,,0.000000,,0.000000,0.467032,313848296268293.000000,45.518531,0.628287,24,0,43.668421,0.002864,43,0,18993,0.000000,0.152744,0.395808,0.000000,0.103648,40.397152
165,fields/00082__plt00041__fab0000_comp00_u.f32__c0001__dt-f32/chunk_0,write,4194304,,0.272313,1,,0.006705,0.089088,,0.000000,,0.000000,0.430925,313848342705873.000000,52.272031,0.513856,24,0,50.819390,0.001886,43,0,18971,0.000000,0.137868,0.210400,0.000000,0.103392,46.402848
166,fields/00083__plt00041__fab0000_comp01_v.f32__c0000__dt-f32/chunk_0,write,4194304,,0.290333,1,,0.004749,0.060480,,1.160981,313848546577158.000000,0.000000,0.430156,313848395881518.000000,151.860602,0.126976,24,0,149.664424,0.002375,43,0,345535,0.000000,0.120128,0.219168,0.000000,0.076704,146.125279
167,fields/00083__plt00041__fab0000_comp01_v.f32__c0001__dt-f32/chunk_0,write,4194304,,0.248777,1,,0.009149,0.083552,,1.217693,313848689645157.000000,0.000000,0.490709,313848548729824.000000,142.136379,0.268381,24,0,139.672916,0.002794,43,0,345520,0.000000,0.142408,0.215904,0.000000,0.080448,136.381728
168,fields/00084__plt00042__fab0000_comp00_u.f32__c0000__dt-f32/chunk_0,write,4194304,,0.269450,1,,0.007682,0.101248,,0.000000,,0.000000,0.494480,313848691894135.000000,44.583558,0.501629,24,0,43.068967,0.002933,43,0,18993,0.000000,0.137169,0.204640,0.000000,0.096576,39.765248
169,fields/00084__plt00042__fab0000_comp00_u.f32__c0001__dt-f32/chunk_0,write,4194304,,0.252758,1,,0.006705,0.091456,,0.000000,,0.000000,0.423451,313848737373066.000000,50.605883,0.565476,24,0,49.129077,0.002794,43,0,18971,0.000000,0.134166,0.201376,0.000000,0.094400,45.839808
170,fields/00085__plt00042__fab0000_comp01_v.f32__c0000__dt-f32/chunk_0,write,4194304,,0.254225,1,,0.007124,0.067584,,1.676763,313848936883912.000000,0.000000,0.441959,313848788838493.000000,149.725186,0.160171,24,0,147.053944,0.002863,43,0,519944,0.000000,0.060553,0.200864,0.000000,0.036864,143.508545
171,fields/00085__plt00042__fab0000_comp01_v.f32__c0001__dt-f32/chunk_0,write,4194304,,0.265399,1,,0.005168,0.066912,,0.742139,313849086561397.000000,0.000000,0.497902,313848939698610.000000,147.611981,0.147504,24,0,145.757400,0.002863,43,0,298263,0.000000,0.126694,0.217440,0.000000,0.078400,142.171362
172,fields/00086__plt00043__fab0000_comp00_u.f32__c0000__dt-f32/chunk_0,write,4194304,,0.252199,1,,0.004750,0.061920,,0.493154,313849133989056.000000,0.000000,0.461375,313849088425477.000000,46.062111,0.327587,24,0,44.335271,0.003352,43,0,18993,0.000000,0.122503,0.210592,0.000000,0.074528,41.081408
173,fields/00086__plt00043__fab0000_comp00_u.f32__c0001__dt-f32/chunk_0,write,4194304,,0.344949,1,,0.005657,0.062848,,0.477369,313849187158555.000000,0.000000,0.429458,313849135350763.000000,52.289491,0.130056,24,0,50.721331,0.002863,43,0,18971,0.000000,0.114960,0.208544,0.000000,0.067008,46.562496
174,fields/00087__plt00043__fab0000_comp01_v.f32__c0000__dt-f32/chunk_0,write,4194304,,0.262676,1,,0.009917,0.083296,,0.735923,313849312879998.000000,0.000000,0.430645,313849188479055.000000,125.140568,0.268708,24,0,123.011369,0.002863,43,0,252354,0.000000,0.335171,0.211264,0.000000,0.272160,119.748256
175,fields/00087__plt00043__fab0000_comp01_v.f32__c0001__dt-f32/chunk_0,write,4194304,,0.280555,1,,0.002933,0.062528,,0.965913,313849440296783.000000,0.000000,0.488823,313849314666134.000000,126.599007,0.128560,24,0,124.543770,0.003283,43,0,252352,0.000000,0.122642,0.214048,0.000000,0.075584,120.558112
176,fields/00088__plt00044__fab0000_comp00_u.f32__c0000__dt-f32/chunk_0,write,4194304,,0.404245,1,,0.006775,0.088896,,0.000000,,0.000000,0.470315,313849442225257.000000,46.896651,0.720013,24,0,45.073848,0.002863,43,0,18993,0.000000,0.129696,0.204640,0.000000,0.093600,40.677440
177,fields/00088__plt00044__fab0000_comp00_u.f32__c0001__dt-f32/chunk_0,write,4194304,,0.244167,1,,0.007124,0.092096,,0.000000,,0.000000,0.442169,313849489947928.000000,50.708830,0.527401,24,0,49.262126,0.003283,43,0,18971,0.000000,0.130464,0.207744,0.000000,0.093440,45.922528
178,fields/00089__plt00044__fab0000_comp01_v.f32__c0000__dt-f32/chunk_0,write,4194304,,0.288866,1,,0.007613,0.063392,,0.638284,313849664113299.000000,0.000000,0.418981,313849541561490.000000,123.198545,0.144667,24,0,121.507674,0.003353,43,0,210110,0.000000,0.125715,0.234720,0.000000,0.073568,118.074880
179,fields/00089__plt00044__fab0000_comp01_v.f32__c0001__dt-f32/chunk_0,write,4194304,,0.339082,1,,0.004749,0.060800,,0.750870,313849786595617.000000,0.000000,0.463959,313849665307386.000000,122.042872,0.149703,24,0,120.155536,0.001886,43,0,210113,0.000000,0.116287,0.208928,0.000000,0.073248,116.216705
180,fields/00090__plt00045__fab0000_comp00_u.f32__c0000__dt-f32/chunk_0,write,4194304,,0.332098,1,,0.005239,0.043008,,0.478976,313849832733296.000000,0.000000,0.510963,313849788356121.000000,44.869910,0.156110,24,0,43.293509,0.001886,43,0,152136,0.000000,0.048121,0.220896,0.000000,0.027648,40.043328
181,fields/00090__plt00045__fab0000_comp00_u.f32__c0001__dt-f32/chunk_0,write,4194304,,0.270707,1,,0.002794,0.073280,,0.426664,313849885193830.000000,0.000000,0.485751,313849834110787.000000,51.522418,0.176544,24,0,49.968157,0.002374,43,0,18971,0.000000,0.116147,0.215616,0.000000,0.069632,46.564576
182,fields/00091__plt00045__fab0000_comp01_v.f32__c0000__dt-f32/chunk_0,write,4194304,,0.263723,1,,0.004749,0.062464,,0.000000,,0.000000,0.414442,313849886497778.000000,129.150330,3.047315,24,0,125.297014,0.001467,43,0,173834,0.000000,0.059156,0.211232,0.000000,0.036864,121.658881
183,fields/00091__plt00045__fab0000_comp01_v.f32__c0001__dt-f32/chunk_0,write,4194304,,0.257437,1,,0.008102,0.062464,,0.000000,,0.000000,0.484772,313850016678765.000000,125.079597,0.766699,24,0,123.438173,0.003283,43,0,173837,0.000000,0.058667,0.214080,0.000000,0.029696,120.054848
184,fields/00092__plt00046__fab0000_comp00_u.f32__c0000__dt-f32/chunk_0,write,4194304,,0.381895,1,,0.007054,0.089632,,0.000000,,0.000000,0.515852,313850142903628.000000,47.060919,0.662635,24,0,45.247056,0.001956,43,0,49216,0.000000,0.154839,0.213696,0.000000,0.095776,40.796448
185,fields/00092__plt00046__fab0000_comp00_u.f32__c0001__dt-f32/chunk_0,write,4194304,,0.264142,1,,0.009149,0.108384,,0.000000,,0.000000,0.464798,313850190843647.000000,51.457744,0.650446,24,0,49.799629,0.002375,43,0,18971,0.000000,0.158821,0.211328,0.000000,0.097408,46.420224
186,fields/00093__plt00046__fab0000_comp01_v.f32__c0000__dt-f32/chunk_0,write,4194304,,0.277761,1,,0.004750,0.063872,,1.545601,313850361842598.000000,0.000000,0.457744,313850243228193.000000,120.162240,0.162343,24,0,117.526688,0.002445,43,0,143501,0.000000,0.121036,0.209984,0.000000,0.076128,113.544831
187,fields/00093__plt00046__fab0000_comp01_v.f32__c0001__dt-f32/chunk_0,write,4194304,,0.286212,1,,0.004400,0.064224,,0.756946,313850483730631.000000,0.000000,0.498392,313850364394410.000000,120.100290,0.128538,24,0,118.234745,0.001956,43,0,143501,0.000000,0.124877,0.215360,0.000000,0.077824,114.883264
188,fields/00094__plt00047__fab0000_comp00_u.f32__c0000__dt-f32/chunk_0,write,4194304,,0.276992,1,,0.008241,0.098752,,0.000000,,0.000000,0.485681,313850485512506.000000,44.628676,0.472766,24,0,43.146631,0.002863,43,0,18993,0.000000,0.136750,0.208384,0.000000,0.098432,39.627520
189,fields/00094__plt00047__fab0000_comp00_u.f32__c0001__dt-f32/chunk_0,write,4194304,,0.260231,1,,0.011035,0.140704,,0.000000,,0.000000,0.473808,313850530984313.000000,51.343274,0.584604,24,0,49.718263,0.003282,43,0,18971,0.000000,0.151347,0.202048,0.000000,0.098784,46.155648
190,fields/00095__plt00047__fab0000_comp01_v.f32__c0000__dt-f32/chunk_0,write,4194304,,0.275247,1,,0.004749,0.060416,,1.127946,313850700527829.000000,0.000000,0.422404,313850583257531.000000,118.401667,0.145829,24,0,116.304943,0.002444,43,0,340720,0.000000,0.057689,0.203296,0.000000,0.035840,112.822816
191,fields/00095__plt00047__fab0000_comp01_v.f32__c0001__dt-f32/chunk_0,write,4194304,,0.267145,1,,0.011035,0.072704,,0.000000,,0.000000,0.514037,313850702620850.000000,118.993576,1.147644,24,0,116.916967,0.002933,43,0,120095,0.000000,0.061111,0.205600,0.000000,0.030720,113.427616
192,fields/00096__plt00048__fab0000_comp00_u.f32__c0000__dt-f32/chunk_0,write,4194304,,0.241792,1,,0.009917,0.082336,,0.000000,,0.000000,0.521718,313850822646131.000000,45.771079,0.754023,24,0,43.854199,0.003282,43,0,49216,0.000000,0.303812,0.204544,0.000000,0.242048,40.566336
193,fields/00096__plt00048__fab0000_comp00_u.f32__c0001__dt-f32/chunk_0,write,4194304,,0.329374,1,,0.006146,0.063584,,0.416607,313850921709142.000000,0.000000,0.429388,313850869372018.000000,52.758061,0.148106,24,0,51.245356,0.002934,43,0,18971,0.000000,0.116566,0.217024,0.000000,0.072832,46.978688
194,fields/00097__plt00048__fab0000_comp01_v.f32__c0000__dt-f32/chunk_0,write,4194304,,0.243469,1,,0.011105,0.074944,,4.304285,313851033139681.000000,0.000000,0.445871,313850922877107.000000,114.569234,0.173971,24,0,108.981674,0.001956,43,0,103185,0.000000,0.331959,0.211072,0.000000,0.081536,105.722208
195,fields/00097__plt00048__fab0000_comp01_v.f32__c0001__dt-f32/chunk_0,write,4194304,,0.289564,1,,0.005657,0.061632,,0.625713,313851154173897.000000,0.000000,0.544837,313851038531753.000000,116.283153,0.159417,24,0,114.471246,0.001397,43,0,103185,0.000000,0.123690,0.224096,0.000000,0.075360,110.365408
196,fields/00098__plt00049__fab0000_comp00_u.f32__c0000__dt-f32/chunk_0,write,4194304,,0.320854,1,,0.004819,0.093216,,0.000000,,0.000000,0.502233,313851155966249.000000,46.821850,0.610230,24,0,45.157309,0.001956,43,0,49216,0.000000,0.131233,0.207392,0.000000,0.095040,40.862144
197,fields/00098__plt00049__fab0000_comp00_u.f32__c0001__dt-f32/chunk_0,write,4194304,,0.263932,1,,0.008940,0.094112,,0.000000,,0.000000,0.437629,313851203697371.000000,50.786355,0.515330,24,0,49.323935,0.002863,43,0,18971,0.000000,0.139614,0.206144,0.000000,0.098336,45.857344
198,fields/00099__plt00049__fab0000_comp01_v.f32__c0000__dt-f32/chunk_0,write,4194304,,0.245005,1,,0.005657,0.059680,,0.479255,313851359130664.000000,0.000000,0.443077,313851255356609.000000,104.255824,0.124075,24,0,102.770008,0.001885,43,0,93530,0.000000,0.127182,0.211936,0.000000,0.082240,99.288800
199,fields/00099__plt00049__fab0000_comp01_v.f32__c0001__dt-f32/chunk_0,write,4194304,,0.285304,1,,0.005657,0.068192,,0.621033,313851466285065.000000,0.000000,0.621593,313851360699312.000000,106.216285,0.354632,24,0,104.093511,0.003283,43,0,93530,0.000000,0.163080,0.215360,0.000000,0.104096,100.851712
200,fields/00100__plt00050__fab0000_comp00_u.f32__c0000__dt-f32/chunk_0,write,4194304,,0.238510,1,,0.010616,0.054272,,0.000000,,0.000000,0.504119,313851467950095.000000,45.535363,0.833138,24,0,43.620439,0.001886,43,0,190668,0.000000,0.272383,0.206880,0.000000,0.217088,40.283200
201,fields/00100__plt00050__fab0000_comp00_u.f32__c0001__dt-f32/chunk_0,write,4194304,,0.277062,1,,0.006356,0.060256,,0.421985,313851566609630.000000,0.000000,0.437769,313851514376920.000000,52.659444,0.140889,24,0,51.193044,0.001885,43,0,18971,0.000000,0.120198,0.209408,0.000000,0.075552,46.886240
202,fields/00101__plt00050__fab0000_comp01_v.f32__c0000__dt-f32/chunk_0,write,4194304,,0.238021,1,,0.009708,0.082528,,0.644431,313851671532793.000000,0.000000,0.469896,313851567964772.000000,104.218249,0.263328,24,0,102.338804,0.002864,43,0,89384,0.000000,0.168669,0.202944,0.000000,0.108288,98.725632
203,fields/00101__plt00050__fab0000_comp01_v.f32__c0001__dt-f32/chunk_0,write,4194304,,0.265120,1,,0.008032,0.082016,,0.000000,,0.000000,0.523884,313851673299932.000000,103.441258,0.694414,24,0,101.551058,0.002864,43,0,198384,0.000000,0.313870,0.204608,0.000000,0.254656,98.220320
204,fields/00000__plt00000__fab0000_comp00_u.f32__c0000__dt-f32/chunk_0,read,4194304,,,,,0.011315,,0.044448,0.429807,,,,,1.887057,1.401487,24,,0.000000,0.000000,0,0,147064,0.000000,0.000000,,0.000000,0.000000,0.000000
205,fields/00000__plt00000__fab0000_comp00_u.f32__c0001__dt-f32/chunk_0,read,4194304,,,,,0.008661,,0.089792,0.342435,,,,,1.679068,1.238180,24,,0.000000,0.000000,0,0,18034,0.000000,0.000000,,0.000000,0.000000,0.000000
206,fields/00001__plt00000__fab0000_comp01_v.f32__c0000__dt-f32/chunk_0,read,4194304,,,,,0.007962,,0.062656,0.441331,,,,,1.651201,1.139252,24,,0.000000,0.000000,0,0,43932,0.000000,0.000000,,0.000000,0.000000,0.000000
207,fields/00001__plt00000__fab0000_comp01_v.f32__c0001__dt-f32/chunk_0,read,4194304,,,,,0.005378,,0.073760,0.403406,,,,,1.203445,0.720901,24,,0.000000,0.000000,0,0,7628,0.000000,0.000000,,0.000000,0.000000,0.000000
208,fields/00002__plt00001__fab0000_comp00_u.f32__c0000__dt-f32/chunk_0,read,4194304,,,,,0.006146,,0.079360,0.128440,,,,,0.925335,0.711389,24,,0.000000,0.000000,0,0,28275,0.000000,0.000000,,0.000000,0.000000,0.000000
209,fields/00002__plt00001__fab0000_comp00_u.f32__c0001__dt-f32/chunk_0,read,4194304,,,,,0.006565,,0.070112,0.149042,,,,,0.936789,0.711070,24,,0.000000,0.000000,0,0,28276,0.000000,0.000000,,0.000000,0.000000,0.000000
210,fields/00003__plt00001__fab0000_comp01_v.f32__c0000__dt-f32/chunk_0,read,4194304,,,,,0.005238,,0.084576,0.170413,,,,,0.998390,0.738163,24,,0.000000,0.000000,0,0,287518,0.000000,0.000000,,0.000000,0.000000,0.000000
211,fields/00003__plt00001__fab0000_comp01_v.f32__c0001__dt-f32/chunk_0,read,4194304,,,,,0.009080,,0.091104,0.258974,,,,,1.514242,1.155084,24,,0.000000,0.000000,0,0,287516,0.000000,0.000000,,0.000000,0.000000,0.000000
212,fields/00004__plt00002__fab0000_comp00_u.f32__c0000__dt-f32/chunk_0,read,4194304,,,,,0.006705,,0.071712,0.201004,,,,,1.046441,0.767020,24,,0.000000,0.000000,0,0,30899,0.000000,0.000000,,0.000000,0.000000,0.000000
213,fields/00004__plt00002__fab0000_comp00_u.f32__c0001__dt-f32/chunk_0,read,4194304,,,,,0.012851,,0.084096,0.178865,,,,,1.433225,1.157413,24,,0.000000,0.000000,0,0,30906,0.000000,0.000000,,0.000000,0.000000,0.000000
214,fields/00005__plt00002__fab0000_comp01_v.f32__c0000__dt-f32/chunk_0,read,4194304,,,,,0.005797,,0.043072,0.273082,,,,,1.073050,0.751099,24,,0.000000,0.000000,0,0,572872,0.000000,0.000000,,0.000000,0.000000,0.000000
215,fields/00005__plt00002__fab0000_comp01_v.f32__c0001__dt-f32/chunk_0,read,4194304,,,,,0.004819,,0.073184,0.216021,,,,,1.040365,0.746341,24,,0.000000,0.000000,0,0,401547,0.000000,0.000000,,0.000000,0.000000,0.000000
216,fields/00006__plt00003__fab0000_comp00_u.f32__c0000__dt-f32/chunk_0,read,4194304,,,,,0.008451,,0.085664,0.203171,,,,,1.324901,1.027615,24,,0.000000,0.000000,0,0,31410,0.000000,0.000000,,0.000000,0.000000,0.000000
217,fields/00006__plt00003__fab0000_comp00_u.f32__c0001__dt-f32/chunk_0,read,4194304,,,,,0.008520,,0.084832,0.224192,,,,,1.354024,1.036480,24,,0.000000,0.000000,0,0,31400,0.000000,0.000000,,0.000000,0.000000,0.000000
218,fields/00007__plt00003__fab0000_comp01_v.f32__c0000__dt-f32/chunk_0,read,4194304,,,,,0.005657,,0.073312,0.639542,,,,,1.531423,0.812912,24,,0.000000,0.000000,0,0,492888,0.000000,0.000000,,0.000000,0.000000,0.000000
219,fields/00007__plt00003__fab0000_comp01_v.f32__c0001__dt-f32/chunk_0,read,4194304,,,,,0.004749,,0.071872,0.785861,,,,,1.605036,0.742554,24,,0.000000,0.000000,0,0,492915,0.000000,0.000000,,0.000000,0.000000,0.000000
220,fields/00008__plt00004__fab0000_comp00_u.f32__c0000__dt-f32/chunk_0,read,4194304,,,,,0.006216,,0.086816,0.222585,,,,,1.018853,0.703236,24,,0.000000,0.000000,0,0,63897,0.000000,0.000000,,0.000000,0.000000,0.000000
221,fields/00008__plt00004__fab0000_comp00_u.f32__c0001__dt-f32/chunk_0,read,4194304,,,,,0.006216,,0.072864,0.226289,,,,,1.048745,0.743376,24,,0.000000,0.000000,0,0,31713,0.000000,0.000000,,0.000000,0.000000,0.000000
222,fields/00009__plt00004__fab0000_comp01_v.f32__c0000__dt-f32/chunk_0,read,4194304,,,,,0.006705,,0.081088,0.838242,,,,,1.674250,0.748215,24,,0.000000,0.000000,0,0,571167,0.000000,0.000000,,0.000000,0.000000,0.000000
223,fields/00009__plt00004__fab0000_comp01_v.f32__c0001__dt-f32/chunk_0,read,4194304,,,,,0.005238,,0.073536,0.188503,,,,,0.998320,0.731043,24,,0.000000,0.000000,0,0,571157,0.000000,0.000000,,0.000000,0.000000,0.000000
224,fields/00010__plt00005__fab0000_comp00_u.f32__c0000__dt-f32/chunk_0,read,4194304,,,,,0.009010,,0.040928,0.202402,,,,,1.277198,1.024858,24,,0.000000,0.000000,0,0,167664,0.000000,0.000000,,0.000000,0.000000,0.000000
225,fields/00010__plt00005__fab0000_comp00_u.f32__c0001__dt-f32/chunk_0,read,4194304,,,,,0.008870,,0.083776,0.192135,,,,,1.297033,1.012252,24,,0.000000,0.000000,0,0,31210,0.000000,0.000000,,0.000000,0.000000,0.000000
226,fields/00011__plt00005__fab0000_comp01_v.f32__c0000__dt-f32/chunk_0,read,4194304,,,,,0.007542,,0.049312,1.128506,,,,,2.572975,1.387615,24,,0.000000,0.000000,0,0,857424,0.000000,0.000000,,0.000000,0.000000,0.000000
227,fields/00011__plt00005__fab0000_comp01_v.f32__c0001__dt-f32/chunk_0,read,4194304,,,,,0.007613,,0.080160,0.350746,,,,,1.506698,1.068179,24,,0.000000,0.000000,0,0,642073,0.000000,0.000000,,0.000000,0.000000,0.000000
228,fields/00012__plt00006__fab0000_comp00_u.f32__c0000__dt-f32/chunk_0,read,4194304,,,,,0.008172,,0.084192,0.211901,,,,,1.335725,1.031460,24,,0.000000,0.000000,0,0,30358,0.000000,0.000000,,0.000000,0.000000,0.000000
229,fields/00012__plt00006__fab0000_comp00_u.f32__c0001__dt-f32/chunk_0,read,4194304,,,,,0.004749,,0.072192,0.174953,,,,,1.027025,0.775131,24,,0.000000,0.000000,0,0,30347,0.000000,0.000000,,0.000000,0.000000,0.000000
230,fields/00013__plt00006__fab0000_comp01_v.f32__c0000__dt-f32/chunk_0,read,4194304,,,,,0.006775,,0.074752,1.424494,,,,,2.512142,1.006121,24,,0.000000,0.000000,0,0,703852,0.000000,0.000000,,0.000000,0.000000,0.000000
231,fields/00013__plt00006__fab0000_comp01_v.f32__c0001__dt-f32/chunk_0,read,4194304,,,,,0.006146,,0.071808,0.396283,,,,,1.440070,0.965833,24,,0.000000,0.000000,0,0,703843,0.000000,0.000000,,0.000000,0.000000,0.000000
232,fields/00014__plt00007__fab0000_comp00_u.f32__c0000__dt-f32/chunk_0,read,4194304,,,,,0.006076,,0.078368,0.242631,,,,,1.056009,0.728934,24,,0.000000,0.000000,0,0,29384,0.000000,0.000000,,0.000000,0.000000,0.000000
233,fields/00014__plt00007__fab0000_comp00_u.f32__c0001__dt-f32/chunk_0,read,4194304,,,,,0.004819,,0.069216,0.127323,,,,,0.887131,0.685773,24,,0.000000,0.000000,0,0,29379,0.000000,0.000000,,0.000000,0.000000,0.000000
234,fields/00015__plt00007__fab0000_comp01_v.f32__c0000__dt-f32/chunk_0,read,4194304,,,,,0.010476,,0.049408,1.224537,,,,,2.718106,1.433685,24,,0.000000,0.000000,0,0,991700,0.000000,0.000000,,0.000000,0.000000,0.000000
235,fields/00015__plt00007__fab0000_comp01_v.f32__c0001__dt-f32/chunk_0,read,4194304,,,,,0.005657,,0.086016,0.322041,,,,,1.321688,0.907974,24,,0.000000,0.000000,0,0,757947,0.000000,0.000000,,0.000000,0.000000,0.000000
236,fields/00016__plt00008__fab0000_comp00_u.f32__c0000__dt-f32/chunk_0,read,4194304,,,,,0.009080,,0.098048,0.181729,,,,,1.038409,0.749552,24,,0.000000,0.000000,0,0,60981,0.000000,0.000000,,0.000000,0.000000,0.000000
237,fields/00016__plt00008__fab0000_comp00_u.f32__c0001__dt-f32/chunk_0,read,4194304,,,,,0.021790,,0.068960,0.124527,,,,,0.908713,0.693436,24,,0.000000,0.000000,0,0,28235,0.000000,0.000000,,0.000000,0.000000,0.000000
238,fields/00017__plt00008__fab0000_comp01_v.f32__c0000__dt-f32/chunk_0,read,4194304,,,,,0.005727,,0.095392,0.842432,,,,,1.814422,0.870871,24,,0.000000,0.000000,0,0,802274,0.000000,0.000000,,0.000000,0.000000,0.000000
239,fields/00017__plt00008__fab0000_comp01_v.f32__c0001__dt-f32/chunk_0,read,4194304,,,,,0.007124,,0.086720,0.446360,,,,,1.946982,1.406778,24,,0.000000,0.000000,0,0,802278,0.000000,0.000000,,0.000000,0.000000,0.000000
240,fields/00018__plt00009__fab0000_comp00_u.f32__c0000__dt-f32/chunk_0,read,4194304,,,,,0.008032,,0.083360,0.212458,,,,,1.316030,1.012180,24,,0.000000,0.000000,0,0,27200,0.000000,0.000000,,0.000000,0.000000,0.000000
241,fields/00018__plt00009__fab0000_comp00_u.f32__c0001__dt-f32/chunk_0,read,4194304,,,,,0.006285,,0.076864,0.137659,,,,,0.938605,0.717797,24,,0.000000,0.000000,0,0,27189,0.000000,0.000000,,0.000000,0.000000,0.000000
242,fields/00019__plt00009__fab0000_comp01_v.f32__c0000__dt-f32/chunk_0,read,4194304,,,,,0.005727,,0.076576,0.829443,,,,,1.841031,0.929285,24,,0.000000,0.000000,0,0,843172,0.000000,0.000000,,0.000000,0.000000,0.000000
243,fields/00019__plt00009__fab0000_comp01_v.f32__c0001__dt-f32/chunk_0,read,4194304,,,,,0.006774,,0.068544,0.212458,,,,,1.156511,0.868735,24,,0.000000,0.000000,0,0,843172,0.000000,0.000000,,0.000000,0.000000,0.000000
244,fields/00020__plt00010__fab0000_comp00_u.f32__c0000__dt-f32/chunk_0,read,4194304,,,,,0.004820,,0.032512,0.221189,,,,,0.918141,0.659620,24,,0.000000,0.000000,0,0,160024,0.000000,0.000000,,0.000000,0.000000,0.000000
245,fields/00020__plt00010__fab0000_comp00_u.f32__c0001__dt-f32/chunk_0,read,4194304,,,,,0.005308,,0.070208,0.134375,,,,,0.894395,0.684504,24,,0.000000,0.000000,0,0,26130,0.000000,0.000000,,0.000000,0.000000,0.000000
246,fields/00021__plt00010__fab0000_comp01_v.f32__c0000__dt-f32/chunk_0,read,4194304,,,,,0.004750,,0.077568,0.859963,,,,,1.798568,0.856287,24,,0.000000,0.000000,0,0,880780,0.000000,0.000000,,0.000000,0.000000,0.000000
247,fields/00021__plt00010__fab0000_comp01_v.f32__c0001__dt-f32/chunk_0,read,4194304,,,,,0.007124,,0.085664,0.244796,,,,,1.783412,1.445828,24,,0.000000,0.000000,0,0,880766,0.000000,0.000000,,0.000000,0.000000,0.000000
248,fields/00022__plt00011__fab0000_comp00_u.f32__c0000__dt-f32/chunk_0,read,4194304,,,,,0.009918,,0.085248,0.198980,,,,,1.300385,1.006239,24,,0.000000,0.000000,0,0,25066,0.000000,0.000000,,0.000000,0.000000,0.000000
249,fields/00022__plt00011__fab0000_comp00_u.f32__c0001__dt-f32/chunk_0,read,4194304,,,,,0.008521,,0.084416,0.198002,,,,,1.278874,0.987935,24,,0.000000,0.000000,0,0,25047,0.000000,0.000000,,0.000000,0.000000,0.000000
250,fields/00023__plt00011__fab0000_comp01_v.f32__c0000__dt-f32/chunk_0,read,4194304,,,,,0.009010,,0.081760,0.910109,,,,,2.398789,1.397910,24,,0.000000,0.000000,0,0,914676,0.000000,0.000000,,0.000000,0.000000,0.000000
251,fields/00023__plt00011__fab0000_comp01_v.f32__c0001__dt-f32/chunk_0,read,4194304,,,,,0.008660,,0.084512,0.382384,,,,,1.871902,1.396346,24,,0.000000,0.000000,0,0,914577,0.000000,0.000000,,0.000000,0.000000,0.000000
252,fields/00024__plt00012__fab0000_comp00_u.f32__c0000__dt-f32/chunk_0,read,4194304,,,,,0.006146,,0.077600,0.159519,,,,,0.988402,0.745137,24,,0.000000,0.000000,0,0,23928,0.000000,0.000000,,0.000000,0.000000,0.000000
253,fields/00024__plt00012__fab0000_comp00_u.f32__c0001__dt-f32/chunk_0,read,4194304,,,,,0.005378,,0.077440,0.120757,,,,,0.878262,0.674687,24,,0.000000,0.000000,0,0,23927,0.000000,0.000000,,0.000000,0.000000,0.000000
254,fields/00025__plt00012__fab0000_comp01_v.f32__c0000__dt-f32/chunk_0,read,4194304,,,,,0.006495,,0.042560,1.730333,,,,,2.704905,0.925517,24,,0.000000,0.000000,0,0,1210892,0.000000,0.000000,,0.000000,0.000000,0.000000
255,fields/00025__plt00012__fab0000_comp01_v.f32__c0001__dt-f32/chunk_0,read,4194304,,,,,0.005168,,0.069824,0.397818,,,,,1.368482,0.895672,24,,0.000000,0.000000,0,0,944283,0.000000,0.000000,,0.000000,0.000000,0.000000
256,fields/00026__plt00013__fab0000_comp00_u.f32__c0000__dt-f32/chunk_0,read,4194304,,,,,0.006146,,0.075904,0.188364,,,,,0.960605,0.690191,24,,0.000000,0.000000,0,0,22871,0.000000,0.000000,,0.000000,0.000000,0.000000
257,fields/00026__plt00013__fab0000_comp00_u.f32__c0001__dt-f32/chunk_0,read,4194304,,,,,0.009079,,0.080320,0.112096,,,,,1.088905,0.887410,24,,0.000000,0.000000,0,0,22883,0.000000,0.000000,,0.000000,0.000000,0.000000
258,fields/00027__plt00013__fab0000_comp01_v.f32__c0000__dt-f32/chunk_0,read,4194304,,,,,0.004750,,0.078304,1.006561,,,,,2.022132,0.932517,24,,0.000000,0.000000,0,0,967941,0.000000,0.000000,,0.000000,0.000000,0.000000
259,fields/00027__plt00013__fab0000_comp01_v.f32__c0001__dt-f32/chunk_0,read,4194304,,,,,0.005308,,0.069856,0.914649,,,,,1.963115,0.973302,24,,0.000000,0.000000,0,0,967975,0.000000,0.000000,,0.000000,0.000000,0.000000
260,fields/00028__plt00014__fab0000_comp00_u.f32__c0000__dt-f32/chunk_0,read,4194304,,,,,0.005168,,0.069248,0.124877,,,,,0.930014,0.730721,24,,0.000000,0.000000,0,0,21975,0.000000,0.000000,,0.000000,0.000000,0.000000
261,fields/00028__plt00014__fab0000_comp00_u.f32__c0001__dt-f32/chunk_0,read,4194304,,,,,0.004679,,0.067872,0.168180,,,,,0.912205,0.671474,24,,0.000000,0.000000,0,0,21970,0.000000,0.000000,,0.000000,0.000000,0.000000
262,fields/00029__plt00014__fab0000_comp01_v.f32__c0000__dt-f32/chunk_0,read,4194304,,,,,0.007683,,0.079584,1.388037,,,,,2.661604,1.186300,24,,0.000000,0.000000,0,0,985882,0.000000,0.000000,,0.000000,0.000000,0.000000
263,fields/00029__plt00014__fab0000_comp01_v.f32__c0001__dt-f32/chunk_0,read,4194304,,,,,0.006146,,0.075040,0.420377,,,,,1.640167,1.138604,24,,0.000000,0.000000,0,0,985863,0.000000,0.000000,,0.000000,0.000000,0.000000
264,fields/00030__plt00015__fab0000_comp00_u.f32__c0000__dt-f32/chunk_0,read,4194304,,,,,0.006635,,0.031424,0.179774,,,,,0.914230,0.696397,24,,0.000000,0.000000,0,0,153344,0.000000,0.000000,,0.000000,0.000000,0.000000
265,fields/00030__plt00015__fab0000_comp00_u.f32__c0001__dt-f32/chunk_0,read,4194304,,,,,0.006216,,0.068672,0.194300,,,,,0.937697,0.668509,24,,0.000000,0.000000,0,0,21127,0.000000,0.000000,,0.000000,0.000000,0.000000
266,fields/00031__plt00015__fab0000_comp01_v.f32__c0000__dt-f32/chunk_0,read,4194304,,,,,0.004819,,0.075904,0.925265,,,,,1.913109,0.907121,24,,0.000000,0.000000,0,0,998968,0.000000,0.000000,,0.000000,0.000000,0.000000
267,fields/00031__plt00015__fab0000_comp01_v.f32__c0001__dt-f32/chunk_0,read,4194304,,,,,0.002864,,0.076256,0.432880,,,,,1.414368,0.902368,24,,0.000000,0.000000,0,0,998945,0.000000,0.000000,,0.000000,0.000000,0.000000
268,fields/00032__plt00016__fab0000_comp00_u.f32__c0000__dt-f32/chunk_0,read,4194304,,,,,0.005587,,0.068768,0.182707,,,,,0.930992,0.673930,24,,0.000000,0.000000,0,0,20517,0.000000,0.000000,,0.000000,0.000000,0.000000
269,fields/00032__plt00016__fab0000_comp00_u.f32__c0001__dt-f32/chunk_0,read,4194304,,,,,0.004749,,0.068384,0.104413,,,,,0.863804,0.686258,24,,0.000000,0.000000,0,0,20515,0.000000,0.000000,,0.000000,0.000000,0.000000
270,fields/00033__plt00016__fab0000_comp01_v.f32__c0000__dt-f32/chunk_0,read,4194304,,,,,0.007542,,0.078752,0.932039,,,,,2.170615,1.152282,24,,0.000000,0.000000,0,0,1007958,0.000000,0.000000,,0.000000,0.000000,0.000000
271,fields/00033__plt00016__fab0000_comp01_v.f32__c0001__dt-f32/chunk_0,read,4194304,,,,,0.007194,,0.083808,0.397260,,,,,1.619633,1.131371,24,,0.000000,0.000000,0,0,1007960,0.000000,0.000000,,0.000000,0.000000,0.000000
272,fields/00034__plt00017__fab0000_comp00_u.f32__c0000__dt-f32/chunk_0,read,4194304,,,,,0.006566,,0.077056,0.184173,,,,,1.305414,1.037619,24,,0.000000,0.000000,0,0,19946,0.000000,0.000000,,0.000000,0.000000,0.000000
273,fields/00034__plt00017__fab0000_comp00_u.f32__c0001__dt-f32/chunk_0,read,4194304,,,,,0.006635,,0.075328,0.199259,,,,,1.129902,0.848680,24,,0.000000,0.000000,0,0,19922,0.000000,0.000000,,0.000000,0.000000,0.000000
274,fields/00035__plt00017__fab0000_comp01_v.f32__c0000__dt-f32/chunk_0,read,4194304,,,,,0.005308,,0.076896,1.015640,,,,,2.000132,0.902288,24,,0.000000,0.000000,0,0,1018404,0.000000,0.000000,,0.000000,0.000000,0.000000
275,fields/00035__plt00017__fab0000_comp01_v.f32__c0001__dt-f32/chunk_0,read,4194304,,,,,0.006216,,0.079712,1.008655,,,,,2.034703,0.940120,24,,0.000000,0.000000,0,0,1018466,0.000000,0.000000,,0.000000,0.000000,0.000000
276,fields/00036__plt00018__fab0000_comp00_u.f32__c0000__dt-f32/chunk_0,read,4194304,,,,,0.004819,,0.071040,0.175442,,,,,0.931970,0.680669,24,,0.000000,0.000000,0,0,19275,0.000000,0.000000,,0.000000,0.000000,0.000000
277,fields/00036__plt00018__fab0000_comp00_u.f32__c0001__dt-f32/chunk_0,read,4194304,,,,,0.005797,,0.067392,0.110281,,,,,0.862477,0.679007,24,,0.000000,0.000000,0,0,19254,0.000000,0.000000,,0.000000,0.000000,0.000000
278,fields/00037__plt00018__fab0000_comp01_v.f32__c0000__dt-f32/chunk_0,read,4194304,,,,,0.006006,,0.077408,0.931341,,,,,1.918487,0.903732,24,,0.000000,0.000000,0,0,1021602,0.000000,0.000000,,0.000000,0.000000,0.000000
279,fields/00037__plt00018__fab0000_comp01_v.f32__c0001__dt-f32/chunk_0,read,4194304,,,,,0.005657,,0.069824,0.989450,,,,,1.967166,0.902235,24,,0.000000,0.000000,0,0,1021609,0.000000,0.000000,,0.000000,0.000000,0.000000
280,fields/00038__plt00019__fab0000_comp00_u.f32__c0000__dt-f32/chunk_0,read,4194304,,,,,0.004260,,0.091552,0.150719,,,,,0.959417,0.712886,24,,0.000000,0.000000,0,0,18993,0.000000,0.000000,,0.000000,0.000000,0.000000
281,fields/00038__plt00019__fab0000_comp00_u.f32__c0001__dt-f32/chunk_0,read,4194304,,,,,0.004680,,0.070432,0.111119,,,,,0.887341,0.701110,24,,0.000000,0.000000,0,0,18971,0.000000,0.000000,,0.000000,0.000000,0.000000
282,fields/00039__plt00019__fab0000_comp01_v.f32__c0000__dt-f32/chunk_0,read,4194304,,,,,0.005727,,0.080928,0.232084,,,,,1.303319,0.984580,24,,0.000000,0.000000,0,0,1019188,0.000000,0.000000,,0.000000,0.000000,0.000000
283,fields/00039__plt00019__fab0000_comp01_v.f32__c0001__dt-f32/chunk_0,read,4194304,,,,,0.004260,,0.076832,0.333494,,,,,1.340265,0.925679,24,,0.000000,0.000000,0,0,1019172,0.000000,0.000000,,0.000000,0.000000,0.000000
284,fields/00040__plt00020__fab0000_comp00_u.f32__c0000__dt-f32/chunk_0,read,4194304,,,,,0.005657,,0.032864,0.154979,,,,,0.843620,0.650120,24,,0.000000,0.000000,0,0,152136,0.000000,0.000000,,0.000000,0.000000,0.000000
285,fields/00040__plt00020__fab0000_comp00_u.f32__c0001__dt-f32/chunk_0,read,4194304,,,,,0.006216,,0.070976,0.174324,,,,,0.966821,0.715305,24,,0.000000,0.000000,0,0,18971,0.000000,0.000000,,0.000000,0.000000,0.000000
286,fields/00041__plt00020__fab0000_comp01_v.f32__c0000__dt-f32/chunk_0,read,4194304,,,,,0.006704,,0.076704,0.305418,,,,,1.308348,0.919522,24,,0.000000,0.000000,0,0,1013289,0.000000,0.000000,,0.000000,0.000000,0.000000
287,fields/00041__plt00020__fab0000_comp01_v.f32__c0001__dt-f32/chunk_0,read,4194304,,,,,0.005658,,0.077856,0.314567,,,,,1.371136,0.973055,24,,0.000000,0.000000,0,0,1013312,0.000000,0.000000,,0.000000,0.000000,0.000000
288,fields/00042__plt00021__fab0000_comp00_u.f32__c0000__dt-f32/chunk_0,read,4194304,,,,,0.005797,,0.068448,0.183335,,,,,0.927290,0.669710,24,,0.000000,0.000000,0,0,18993,0.000000,0.000000,,0.000000,0.000000,0.000000
289,fields/00042__plt00021__fab0000_comp00_u.f32__c0001__dt-f32/chunk_0,read,4194304,,,,,0.006215,,0.070048,0.113004,,,,,0.856122,0.666855,24,,0.000000,0.000000,0,0,18971,0.000000,0.000000,,0.000000,0.000000,0.000000
290,fields/00043__plt00021__fab0000_comp01_v.f32__c0000__dt-f32/chunk_0,read,4194304,,,,,0.004330,,0.077184,0.289495,,,,,1.273147,0.902138,24,,0.000000,0.000000,0,0,1006103,0.000000,0.000000,,0.000000,0.000000,0.000000
291,fields/00043__plt00021__fab0000_comp01_v.f32__c0001__dt-f32/chunk_0,read,4194304,,,,,0.006705,,0.067168,0.368835,,,,,1.351231,0.908523,24,,0.000000,0.000000,0,0,1006095,0.000000,0.000000,,0.000000,0.000000,0.000000
292,fields/00044__plt00022__fab0000_comp00_u.f32__c0000__dt-f32/chunk_0,read,4194304,,,,,0.003283,,0.066944,0.149812,,,,,0.914370,0.694331,24,,0.000000,0.000000,0,0,18993,0.000000,0.000000,,0.000000,0.000000,0.000000
293,fields/00044__plt00022__fab0000_comp00_u.f32__c0001__dt-f32/chunk_0,read,4194304,,,,,0.006216,,0.070240,0.111118,,,,,0.928059,0.740485,24,,0.000000,0.000000,0,0,18971,0.000000,0.000000,,0.000000,0.000000,0.000000
294,fields/00045__plt00022__fab0000_comp01_v.f32__c0000__dt-f32/chunk_0,read,4194304,,,,,0.005727,,0.042912,1.202398,,,,,2.175435,0.924398,24,,0.000000,0.000000,0,0,1265000,0.000000,0.000000,,0.000000,0.000000,0.000000
295,fields/00045__plt00022__fab0000_comp01_v.f32__c0001__dt-f32/chunk_0,read,4194304,,,,,0.005239,,0.070912,0.342783,,,,,1.330697,0.911763,24,,0.000000,0.000000,0,0,994791,0.000000,0.000000,,0.000000,0.000000,0.000000
296,fields/00046__plt00023__fab0000_comp00_u.f32__c0000__dt-f32/chunk_0,read,4194304,,,,,0.004749,,0.068992,0.183685,,,,,0.924008,0.666582,24,,0.000000,0.000000,0,0,18993,0.000000,0.000000,,0.000000,0.000000,0.000000
297,fields/00046__plt00023__fab0000_comp00_u.f32__c0001__dt-f32/chunk_0,read,4194304,,,,,0.006565,,0.067712,0.137030,,,,,0.883011,0.671704,24,,0.000000,0.000000,0,0,18971,0.000000,0.000000,,0.000000,0.000000,0.000000
298,fields/00047__plt00023__fab0000_comp01_v.f32__c0000__dt-f32/chunk_0,read,4194304,,,,,0.005797,,0.077664,0.224262,,,,,1.255897,0.948174,24,,0.000000,0.000000,0,0,979838,0.000000,0.000000,,0.000000,0.000000,0.000000
299,fields/00047__plt00023__fab0000_comp01_v.f32__c0001__dt-f32/chunk_0,read,4194304,,,,,0.006635,,0.093888,0.339990,,,,,1.337472,0.896959,24,,0.000000,0.000000,0,0,979825,0.000000,0.000000,,0.000000,0.000000,0.000000
300,fields/00048__plt00024__fab0000_comp00_u.f32__c0000__dt-f32/chunk_0,read,4194304,,,,,0.006146,,0.091264,0.157633,,,,,0.927709,0.672666,24,,0.000000,0.000000,0,0,18993,0.000000,0.000000,,0.000000,0.000000,0.000000
301,fields/00048__plt00024__fab0000_comp00_u.f32__c0001__dt-f32/chunk_0,read,4194304,,,,,0.004889,,0.081696,0.104135,,,,,0.859613,0.668893,24,,0.000000,0.000000,0,0,18971,0.000000,0.000000,,0.000000,0.000000,0.000000
302,fields/00049__plt00024__fab0000_comp01_v.f32__c0000__dt-f32/chunk_0,read,4194304,,,,,0.024724,,0.076256,0.307165,,,,,1.297941,0.889796,24,,0.000000,0.000000,0,0,964123,0.000000,0.000000,,0.000000,0.000000,0.000000
303,fields/00049__plt00024__fab0000_comp01_v.f32__c0001__dt-f32/chunk_0,read,4194304,,,,,0.005308,,0.076832,0.336498,,,,,1.353186,0.934548,24,,0.000000,0.000000,0,0,964138,0.000000,0.000000,,0.000000,0.000000,0.000000
304,fields/00050__plt00025__fab0000_comp00_u.f32__c0000__dt-f32/chunk_0,read,4194304,,,,,0.005657,,0.032416,0.151906,,,,,0.884547,0.694568,24,,0.000000,0.000000,0,0,152136,0.000000,0.000000,,0.000000,0.000000,0.000000
305,fields/00050__plt00025__fab0000_comp00_u.f32__c0001__dt-f32/chunk_0,read,4194304,,,,,0.005657,,0.069792,0.110350,,,,,0.906547,0.720748,24,,0.000000,0.000000,0,0,18971,0.000000,0.000000,,0.000000,0.000000,0.000000
306,fields/00051__plt00025__fab0000_comp01_v.f32__c0000__dt-f32/chunk_0,read,4194304,,,,,0.004749,,0.071488,0.288656,,,,,1.297452,0.932559,24,,0.000000,0.000000,0,0,944731,0.000000,0.000000,,0.000000,0.000000,0.000000
307,fields/00051__plt00025__fab0000_comp01_v.f32__c0001__dt-f32/chunk_0,read,4194304,,,,,0.005867,,0.077152,0.341108,,,,,1.320360,0.896233,24,,0.000000,0.000000,0,0,944793,0.000000,0.000000,,0.000000,0.000000,0.000000
308,fields/00052__plt00026__fab0000_comp00_u.f32__c0000__dt-f32/chunk_0,read,4194304,,,,,0.005658,,0.075808,0.140173,,,,,0.936789,0.715150,24,,0.000000,0.000000,0,0,18993,0.000000,0.000000,,0.000000,0.000000,0.000000
309,fields/00052__plt00026__fab0000_comp00_u.f32__c0001__dt-f32/chunk_0,read,4194304,,,,,0.005727,,0.069152,0.112864,,,,,0.855423,0.667680,24,,0.000000,0.000000,0,0,18971,0.000000,0.000000,,0.000000,0.000000,0.000000
310,fields/00053__plt00026__fab0000_comp01_v.f32__c0000__dt-f32/chunk_0,read,4194304,,,,,0.005587,,0.077152,0.273152,,,,,1.292005,0.936114,24,,0.000000,0.000000,0,0,923042,0.000000,0.000000,,0.000000,0.000000,0.000000
311,fields/00053__plt00026__fab0000_comp01_v.f32__c0001__dt-f32/chunk_0,read,4194304,,,,,0.004749,,0.078112,0.244656,,,,,1.214899,0.887382,24,,0.000000,0.000000,0,0,923041,0.000000,0.000000,,0.000000,0.000000,0.000000
312,fields/00054__plt00027__fab0000_comp00_u.f32__c0000__dt-f32/chunk_0,read,4194304,,,,,0.006146,,0.067520,0.133748,,,,,0.899633,0.692219,24,,0.000000,0.000000,0,0,18993,0.000000,0.000000,,0.000000,0.000000,0.000000
313,fields/00054__plt00027__fab0000_comp00_u.f32__c0001__dt-f32/chunk_0,read,4194304,,,,,0.005169,,0.069376,0.107069,,,,,0.862338,0.680724,24,,0.000000,0.000000,0,0,18971,0.000000,0.000000,,0.000000,0.000000,0.000000
314,fields/00055__plt00027__fab0000_comp01_v.f32__c0000__dt-f32/chunk_0,read,4194304,,,,,0.005588,,0.041440,0.429388,,,,,1.377910,0.901494,24,,0.000000,0.000000,0,0,1165544,0.000000,0.000000,,0.000000,0.000000,0.000000
315,fields/00055__plt00027__fab0000_comp01_v.f32__c0001__dt-f32/chunk_0,read,4194304,,,,,0.005797,,0.077792,0.279506,,,,,1.240252,0.877157,24,,0.000000,0.000000,0,0,901581,0.000000,0.000000,,0.000000,0.000000,0.000000
316,fields/00056__plt00028__fab0000_comp00_u.f32__c0000__dt-f32/chunk_0,read,4194304,,,,,0.004749,,0.070464,0.140941,,,,,0.944122,0.727968,24,,0.000000,0.000000,0,0,18993,0.000000,0.000000,,0.000000,0.000000,0.000000
317,fields/00056__plt00028__fab0000_comp00_u.f32__c0001__dt-f32/chunk_0,read,4194304,,,,,0.004749,,0.067328,0.107905,,,,,0.865201,0.685219,24,,0.000000,0.000000,0,0,18971,0.000000,0.000000,,0.000000,0.000000,0.000000
318,fields/00057__plt00028__fab0000_comp01_v.f32__c0000__dt-f32/chunk_0,read,4194304,,,,,0.005657,,0.076576,0.272103,,,,,1.264906,0.910570,24,,0.000000,0.000000,0,0,875018,0.000000,0.000000,,0.000000,0.000000,0.000000
319,fields/00057__plt00028__fab0000_comp01_v.f32__c0001__dt-f32/chunk_0,read,4194304,,,,,0.006147,,0.070368,0.326790,,,,,1.279712,0.876407,24,,0.000000,0.000000,0,0,874992,0.000000,0.000000,,0.000000,0.000000,0.000000
320,fields/00058__plt00029__fab0000_comp00_u.f32__c0000__dt-f32/chunk_0,read,4194304,,,,,0.005658,,0.068192,0.149252,,,,,0.892369,0.669267,24,,0.000000,0.000000,0,0,18993,0.000000,0.000000,,0.000000,0.000000,0.000000
321,fields/00058__plt00029__fab0000_comp00_u.f32__c0001__dt-f32/chunk_0,read,4194304,,,,,0.006286,,0.076928,0.109792,,,,,0.904383,0.711377,24,,0.000000,0.000000,0,0,18971,0.000000,0.000000,,0.000000,0.000000,0.000000
322,fields/00059__plt00029__fab0000_comp01_v.f32__c0000__dt-f32/chunk_0,read,4194304,,,,,0.005797,,0.071968,0.189900,,,,,1.182493,0.914828,24,,0.000000,0.000000,0,0,846061,0.000000,0.000000,,0.000000,0.000000,0.000000
323,fields/00059__plt00029__fab0000_comp01_v.f32__c0001__dt-f32/chunk_0,read,4194304,,,,,0.006076,,0.069728,0.325743,,,,,1.291236,0.889689,24,,0.000000,0.000000,0,0,846028,0.000000,0.000000,,0.000000,0.000000,0.000000
324,fields/00060__plt00030__fab0000_comp00_u.f32__c0000__dt-f32/chunk_0,read,4194304,,,,,0.004680,,0.032128,0.185709,,,,,0.901030,0.678513,24,,0.000000,0.000000,0,0,152136,0.000000,0.000000,,0.000000,0.000000,0.000000
325,fields/00060__plt00030__fab0000_comp00_u.f32__c0001__dt-f32/chunk_0,read,4194304,,,,,0.004819,,0.067104,0.108185,,,,,0.846204,0.666096,24,,0.000000,0.000000,0,0,18971,0.000000,0.000000,,0.000000,0.000000,0.000000
326,fields/00061__plt00030__fab0000_comp01_v.f32__c0000__dt-f32/chunk_0,read,4194304,,,,,0.006076,,0.078400,0.250104,,,,,1.258411,0.923831,24,,0.000000,0.000000,0,0,815434,0.000000,0.000000,,0.000000,0.000000,0.000000
327,fields/00061__plt00030__fab0000_comp01_v.f32__c0001__dt-f32/chunk_0,read,4194304,,,,,0.004400,,0.070464,0.303603,,,,,1.305693,0.927226,24,,0.000000,0.000000,0,0,815409,0.000000,0.000000,,0.000000,0.000000,0.000000
328,fields/00062__plt00031__fab0000_comp00_u.f32__c0000__dt-f32/chunk_0,read,4194304,,,,,0.005727,,0.077184,0.162801,,,,,0.979113,0.733401,24,,0.000000,0.000000,0,0,18993,0.000000,0.000000,,0.000000,0.000000,0.000000
329,fields/00062__plt00031__fab0000_comp00_u.f32__c0001__dt-f32/chunk_0,read,4194304,,,,,0.004819,,0.076192,0.152115,,,,,0.929596,0.696470,24,,0.000000,0.000000,0,0,18971,0.000000,0.000000,,0.000000,0.000000,0.000000
330,fields/00063__plt00031__fab0000_comp01_v.f32__c0000__dt-f32/chunk_0,read,4194304,,,,,0.006635,,0.068480,0.206661,,,,,1.189756,0.907980,24,,0.000000,0.000000,0,0,782477,0.000000,0.000000,,0.000000,0.000000,0.000000
331,fields/00063__plt00031__fab0000_comp01_v.f32__c0001__dt-f32/chunk_0,read,4194304,,,,,0.005588,,0.090336,0.325393,,,,,1.322317,0.901000,24,,0.000000,0.000000,0,0,782436,0.000000,0.000000,,0.000000,0.000000,0.000000
332,fields/00064__plt00032__fab0000_comp00_u.f32__c0000__dt-f32/chunk_0,read,4194304,,,,,0.003352,,0.068832,0.156934,,,,,0.917164,0.688046,24,,0.000000,0.000000,0,0,18993,0.000000,0.000000,,0.000000,0.000000,0.000000
333,fields/00064__plt00032__fab0000_comp00_u.f32__c0001__dt-f32/chunk_0,read,4194304,,,,,0.005797,,0.068192,0.128370,,,,,0.922053,0.719694,24,,0.000000,0.000000,0,0,18971,0.000000,0.000000,,0.000000,0.000000,0.000000
334,fields/00065__plt00032__fab0000_comp01_v.f32__c0000__dt-f32/chunk_0,read,4194304,,,,,0.005797,,0.041536,0.249406,,,,,1.172924,0.876185,24,,0.000000,0.000000,0,0,990896,0.000000,0.000000,,0.000000,0.000000,0.000000
335,fields/00065__plt00032__fab0000_comp01_v.f32__c0001__dt-f32/chunk_0,read,4194304,,,,,0.004819,,0.068064,0.228661,,,,,1.177674,0.876130,24,,0.000000,0.000000,0,0,747180,0.000000,0.000000,,0.000000,0.000000,0.000000
336,fields/00066__plt00033__fab0000_comp00_u.f32__c0000__dt-f32/chunk_0,read,4194304,,,,,0.005238,,0.068000,0.140592,,,,,0.894884,0.681054,24,,0.000000,0.000000,0,0,18993,0.000000,0.000000,,0.000000,0.000000,0.000000
337,fields/00066__plt00033__fab0000_comp00_u.f32__c0001__dt-f32/chunk_0,read,4194304,,,,,0.005238,,0.067776,0.104553,,,,,0.855982,0.678415,24,,0.000000,0.000000,0,0,18971,0.000000,0.000000,,0.000000,0.000000,0.000000
338,fields/00067__plt00033__fab0000_comp01_v.f32__c0000__dt-f32/chunk_0,read,4194304,,,,,0.003841,,0.076480,0.204916,,,,,1.150436,0.865199,24,,0.000000,0.000000,0,0,709492,0.000000,0.000000,,0.000000,0.000000,0.000000
339,fields/00067__plt00033__fab0000_comp01_v.f32__c0001__dt-f32/chunk_0,read,4194304,,,,,0.008451,,0.076960,0.293196,,,,,1.495035,1.116428,24,,0.000000,0.000000,0,0,709537,0.000000,0.000000,,0.000000,0.000000,0.000000
340,fields/00068__plt00034__fab0000_comp00_u.f32__c0000__dt-f32/chunk_0,read,4194304,,,,,0.005727,,0.067936,0.173836,,,,,0.953132,0.705633,24,,0.000000,0.000000,0,0,18993,0.000000,0.000000,,0.000000,0.000000,0.000000
341,fields/00068__plt00034__fab0000_comp00_u.f32__c0001__dt-f32/chunk_0,read,4194304,,,,,0.005657,,0.068928,0.104343,,,,,0.845087,0.666159,24,,0.000000,0.000000,0,0,18971,0.000000,0.000000,,0.000000,0.000000,0.000000
342,fields/00069__plt00034__fab0000_comp01_v.f32__c0000__dt-f32/chunk_0,read,4194304,,,,,0.005657,,0.077216,0.266308,,,,,1.223700,0.874519,24,,0.000000,0.000000,0,0,669794,0.000000,0.000000,,0.000000,0.000000,0.000000
343,fields/00069__plt00034__fab0000_comp01_v.f32__c0001__dt-f32/chunk_0,read,4194304,,,,,0.004819,,0.068320,0.361572,,,,,1.327414,0.892703,24,,0.000000,0.000000,0,0,669802,0.000000,0.000000,,0.000000,0.000000,0.000000
344,fields/00070__plt00035__fab0000_comp00_u.f32__c0000__dt-f32/chunk_0,read,4194304,,,,,0.005308,,0.047456,0.127392,,,,,0.894395,0.714239,24,,0.000000,0.000000,0,0,190668,0.000000,0.000000,,0.000000,0.000000,0.000000
345,fields/00070__plt00035__fab0000_comp00_u.f32__c0001__dt-f32/chunk_0,read,4194304,,,,,0.005587,,0.073536,0.114960,,,,,0.941747,0.747664,24,,0.000000,0.000000,0,0,18971,0.000000,0.000000,,0.000000,0.000000,0.000000
346,fields/00071__plt00035__fab0000_comp01_v.f32__c0000__dt-f32/chunk_0,read,4194304,,,,,0.004819,,0.078080,0.238929,,,,,1.053076,0.731248,24,,0.000000,0.000000,0,0,626498,0.000000,0.000000,,0.000000,0.000000,0.000000
347,fields/00071__plt00035__fab0000_comp01_v.f32__c0001__dt-f32/chunk_0,read,4194304,,,,,0.006146,,0.077152,0.261209,,,,,1.066625,0.722118,24,,0.000000,0.000000,0,0,626481,0.000000,0.000000,,0.000000,0.000000,0.000000
348,fields/00072__plt00036__fab0000_comp00_u.f32__c0000__dt-f32/chunk_0,read,4194304,,,,,0.006146,,0.069920,0.101550,,,,,0.909411,0.731795,24,,0.000000,0.000000,0,0,18993,0.000000,0.000000,,0.000000,0.000000,0.000000
349,fields/00072__plt00036__fab0000_comp00_u.f32__c0001__dt-f32/chunk_0,read,4194304,,,,,0.004749,,0.067936,0.159309,,,,,0.897258,0.665264,24,,0.000000,0.000000,0,0,18971,0.000000,0.000000,,0.000000,0.000000,0.000000
350,fields/00073__plt00036__fab0000_comp01_v.f32__c0000__dt-f32/chunk_0,read,4194304,,,,,0.006216,,0.093888,0.262396,,,,,1.105457,0.742957,24,,0.000000,0.000000,0,0,581717,0.000000,0.000000,,0.000000,0.000000,0.000000
351,fields/00073__plt00036__fab0000_comp01_v.f32__c0001__dt-f32/chunk_0,read,4194304,,,,,0.005727,,0.078720,0.237601,,,,,1.040155,0.718107,24,,0.000000,0.000000,0,0,581720,0.000000,0.000000,,0.000000,0.000000,0.000000
352,fields/00074__plt00037__fab0000_comp00_u.f32__c0000__dt-f32/chunk_0,read,4194304,,,,,0.005168,,0.071552,0.376867,,,,,1.133254,0.679667,24,,0.000000,0.000000,0,0,18993,0.000000,0.000000,,0.000000,0.000000,0.000000
353,fields/00074__plt00037__fab0000_comp00_u.f32__c0001__dt-f32/chunk_0,read,4194304,,,,,0.005797,,0.069600,0.174255,,,,,0.927849,0.678197,24,,0.000000,0.000000,0,0,18971,0.000000,0.000000,,0.000000,0.000000,0.000000
354,fields/00075__plt00037__fab0000_comp01_v.f32__c0000__dt-f32/chunk_0,read,4194304,,,,,0.006216,,0.042784,0.295570,,,,,1.193179,0.848609,24,,0.000000,0.000000,0,0,759944,0.000000,0.000000,,0.000000,0.000000,0.000000
355,fields/00075__plt00037__fab0000_comp01_v.f32__c0001__dt-f32/chunk_0,read,4194304,,,,,0.004819,,0.033952,0.262814,,,,,1.154696,0.853111,24,,0.000000,0.000000,0,0,759944,0.000000,0.000000,,0.000000,0.000000,0.000000
356,fields/00076__plt00038__fab0000_comp00_u.f32__c0000__dt-f32/chunk_0,read,4194304,,,,,0.025841,,0.071200,0.120197,,,,,0.923869,0.706631,24,,0.000000,0.000000,0,0,18993,0.000000,0.000000,,0.000000,0.000000,0.000000
357,fields/00076__plt00038__fab0000_comp00_u.f32__c0001__dt-f32/chunk_0,read,4194304,,,,,0.004749,,0.067808,0.207361,,,,,0.950408,0.670490,24,,0.000000,0.000000,0,0,18971,0.000000,0.000000,,0.000000,0.000000,0.000000
358,fields/00077__plt00038__fab0000_comp01_v.f32__c0000__dt-f32/chunk_0,read,4194304,,,,,0.005797,,0.078176,0.278040,,,,,1.085553,0.723540,24,,0.000000,0.000000,0,0,488043,0.000000,0.000000,,0.000000,0.000000,0.000000
359,fields/00077__plt00038__fab0000_comp01_v.f32__c0001__dt-f32/chunk_0,read,4194304,,,,,0.004330,,0.075136,0.216161,,,,,1.017456,0.721829,24,,0.000000,0.000000,0,0,488032,0.000000,0.000000,,0.000000,0.000000,0.000000
360,fields/00078__plt00039__fab0000_comp00_u.f32__c0000__dt-f32/chunk_0,read,4194304,,,,,0.006146,,0.067648,0.109792,,,,,0.862268,0.678682,24,,0.000000,0.000000,0,0,18993,0.000000,0.000000,,0.000000,0.000000,0.000000
361,fields/00078__plt00039__fab0000_comp00_u.f32__c0001__dt-f32/chunk_0,read,4194304,,,,,0.006216,,0.071136,0.112935,,,,,0.920027,0.729740,24,,0.000000,0.000000,0,0,18971,0.000000,0.000000,,0.000000,0.000000,0.000000
362,fields/00079__plt00039__fab0000_comp01_v.f32__c0000__dt-f32/chunk_0,read,4194304,,,,,0.006216,,0.069280,0.173278,,,,,0.963748,0.714974,24,,0.000000,0.000000,0,0,440070,0.000000,0.000000,,0.000000,0.000000,0.000000
363,fields/00079__plt00039__fab0000_comp01_v.f32__c0001__dt-f32/chunk_0,read,4194304,,,,,0.006146,,0.075680,0.162802,,,,,0.957532,0.712904,24,,0.000000,0.000000,0,0,440089,0.000000,0.000000,,0.000000,0.000000,0.000000
364,fields/00080__plt00040__fab0000_comp00_u.f32__c0000__dt-f32/chunk_0,read,4194304,,,,,0.006774,,0.031552,0.142896,,,,,0.844877,0.663655,24,,0.000000,0.000000,0,0,152136,0.000000,0.000000,,0.000000,0.000000,0.000000
365,fields/00080__plt00040__fab0000_comp00_u.f32__c0001__dt-f32/chunk_0,read,4194304,,,,,0.004750,,0.070336,0.109931,,,,,0.873932,0.688915,24,,0.000000,0.000000,0,0,18971,0.000000,0.000000,,0.000000,0.000000,0.000000
366,fields/00081__plt00040__fab0000_comp01_v.f32__c0000__dt-f32/chunk_0,read,4194304,,,,,0.004749,,0.077792,0.202960,,,,,1.022136,0.736635,24,,0.000000,0.000000,0,0,392631,0.000000,0.000000,,0.000000,0.000000,0.000000
367,fields/00081__plt00040__fab0000_comp01_v.f32__c0001__dt-f32/chunk_0,read,4194304,,,,,0.005658,,0.077632,0.211482,,,,,1.015500,0.720728,24,,0.000000,0.000000,0,0,392618,0.000000,0.000000,,0.000000,0.000000,0.000000
368,fields/00082__plt00041__fab0000_comp00_u.f32__c0000__dt-f32/chunk_0,read,4194304,,,,,0.003841,,0.076768,0.146877,,,,,0.960606,0.733120,24,,0.000000,0.000000,0,0,18993,0.000000,0.000000,,0.000000,0.000000,0.000000
369,fields/00082__plt00041__fab0000_comp00_u.f32__c0001__dt-f32/chunk_0,read,4194304,,,,,0.004680,,0.068224,0.115729,,,,,0.893418,0.704785,24,,0.000000,0.000000,0,0,18971,0.000000,0.000000,,0.000000,0.000000,0.000000
370,fields/00083__plt00041__fab0000_comp01_v.f32__c0000__dt-f32/chunk_0,read,4194304,,,,,0.004191,,0.069024,0.157982,,,,,0.922542,0.691345,24,,0.000000,0.000000,0,0,345535,0.000000,0.000000,,0.000000,0.000000,0.000000
371,fields/00083__plt00041__fab0000_comp01_v.f32__c0001__dt-f32/chunk_0,read,4194304,,,,,0.004330,,0.078880,0.209177,,,,,1.003208,0.710821,24,,0.000000,0.000000,0,0,345520,0.000000,0.000000,,0.000000,0.000000,0.000000
372,fields/00084__plt00042__fab0000_comp00_u.f32__c0000__dt-f32/chunk_0,read,4194304,,,,,0.006076,,0.076800,0.148903,,,,,0.908713,0.676934,24,,0.000000,0.000000,0,0,18993,0.000000,0.000000,,0.000000,0.000000,0.000000
373,fields/00084__plt00042__fab0000_comp00_u.f32__c0001__dt-f32/chunk_0,read,4194304,,,,,0.006077,,0.078240,0.117264,,,,,0.901030,0.699449,24,,0.000000,0.000000,0,0,18971,0.000000,0.000000,,0.000000,0.000000,0.000000
374,fields/00085__plt00042__fab0000_comp01_v.f32__c0000__dt-f32/chunk_0,read,4194304,,,,,0.004819,,0.040416,0.176280,,,,,0.890414,0.668899,24,,0.000000,0.000000,0,0,519944,0.000000,0.000000,,0.000000,0.000000,0.000000
375,fields/00085__plt00042__fab0000_comp01_v.f32__c0001__dt-f32/chunk_0,read,4194304,,,,,0.004749,,0.068224,0.153652,,,,,0.913182,0.686557,24,,0.000000,0.000000,0,0,298263,0.000000,0.000000,,0.000000,0.000000,0.000000
376,fields/00086__plt00043__fab0000_comp00_u.f32__c0000__dt-f32/chunk_0,read,4194304,,,,,0.004819,,0.076960,0.109373,,,,,0.862547,0.671395,24,,0.000000,0.000000,0,0,18993,0.000000,0.000000,,0.000000,0.000000,0.000000
377,fields/00086__plt00043__fab0000_comp00_u.f32__c0001__dt-f32/chunk_0,read,4194304,,,,,0.005238,,0.068288,0.119779,,,,,0.863106,0.669801,24,,0.000000,0.000000,0,0,18971,0.000000,0.000000,,0.000000,0.000000,0.000000
378,fields/00087__plt00043__fab0000_comp01_v.f32__c0000__dt-f32/chunk_0,read,4194304,,,,,0.005797,,0.066880,0.143665,,,,,0.887690,0.671348,24,,0.000000,0.000000,0,0,252354,0.000000,0.000000,,0.000000,0.000000,0.000000
379,fields/00087__plt00043__fab0000_comp01_v.f32__c0001__dt-f32/chunk_0,read,4194304,,,,,0.004749,,0.078464,0.136959,,,,,0.945869,0.725697,24,,0.000000,0.000000,0,0,252352,0.000000,0.000000,,0.000000,0.000000,0.000000
380,fields/00088__plt00044__fab0000_comp00_u.f32__c0000__dt-f32/chunk_0,read,4194304,,,,,0.005727,,0.068672,0.119219,,,,,0.859893,0.666275,24,,0.000000,0.000000,0,0,18993,0.000000,0.000000,,0.000000,0.000000,0.000000
381,fields/00088__plt00044__fab0000_comp00_u.f32__c0001__dt-f32/chunk_0,read,4194304,,,,,0.004750,,0.068832,0.107906,,,,,0.844458,0.662970,24,,0.000000,0.000000,0,0,18971,0.000000,0.000000,,0.000000,0.000000,0.000000
382,fields/00089__plt00044__fab0000_comp01_v.f32__c0000__dt-f32/chunk_0,read,4194304,,,,,0.004749,,0.075360,0.195767,,,,,0.958021,0.682145,24,,0.000000,0.000000,0,0,210110,0.000000,0.000000,,0.000000,0.000000,0.000000
383,fields/00089__plt00044__fab0000_comp01_v.f32__c0001__dt-f32/chunk_0,read,4194304,,,,,0.004889,,0.076672,0.128439,,,,,0.904033,0.694033,24,,0.000000,0.000000,0,0,210113,0.000000,0.000000,,0.000000,0.000000,0.000000
384,fields/00090__plt00045__fab0000_comp00_u.f32__c0000__dt-f32/chunk_0,read,4194304,,,,,0.005727,,0.031872,0.113423,,,,,0.853049,0.702027,24,,0.000000,0.000000,0,0,152136,0.000000,0.000000,,0.000000,0.000000,0.000000
385,fields/00090__plt00045__fab0000_comp00_u.f32__c0001__dt-f32/chunk_0,read,4194304,,,,,0.006285,,0.070720,0.109302,,,,,0.887411,0.701104,24,,0.000000,0.000000,0,0,18971,0.000000,0.000000,,0.000000,0.000000,0.000000
386,fields/00091__plt00045__fab0000_comp01_v.f32__c0000__dt-f32/chunk_0,read,4194304,,,,,0.005727,,0.075168,0.126274,,,,,0.878541,0.671372,24,,0.000000,0.000000,0,0,173834,0.000000,0.000000,,0.000000,0.000000,0.000000
387,fields/00091__plt00045__fab0000_comp01_v.f32__c0001__dt-f32/chunk_0,read,4194304,,,,,0.005727,,0.070432,0.153932,,,,,0.915348,0.685257,24,,0.000000,0.000000,0,0,173837,0.000000,0.000000,,0.000000,0.000000,0.000000
388,fields/00092__plt00046__fab0000_comp00_u.f32__c0000__dt-f32/chunk_0,read,4194304,,,,,0.006076,,0.097536,0.105880,,,,,0.866598,0.657106,24,,0.000000,0.000000,0,0,49216,0.000000,0.000000,,0.000000,0.000000,0.000000
389,fields/00092__plt00046__fab0000_comp00_u.f32__c0001__dt-f32/chunk_0,read,4194304,,,,,0.004819,,0.076416,0.117684,,,,,0.894744,0.695825,24,,0.000000,0.000000,0,0,18971,0.000000,0.000000,,0.000000,0.000000,0.000000
390,fields/00093__plt00046__fab0000_comp01_v.f32__c0000__dt-f32/chunk_0,read,4194304,,,,,0.006146,,0.079200,0.177677,,,,,0.966332,0.703309,24,,0.000000,0.000000,0,0,143501,0.000000,0.000000,,0.000000,0.000000,0.000000
391,fields/00093__plt00046__fab0000_comp01_v.f32__c0001__dt-f32/chunk_0,read,4194304,,,,,0.005588,,0.078528,0.143456,,,,,0.976390,0.748818,24,,0.000000,0.000000,0,0,143501,0.000000,0.000000,,0.000000,0.000000,0.000000
392,fields/00094__plt00047__fab0000_comp00_u.f32__c0000__dt-f32/chunk_0,read,4194304,,,,,0.006216,,0.070208,0.123830,,,,,0.919887,0.719633,24,,0.000000,0.000000,0,0,18993,0.000000,0.000000,,0.000000,0.000000,0.000000
393,fields/00094__plt00047__fab0000_comp00_u.f32__c0001__dt-f32/chunk_0,read,4194304,,,,,0.005657,,0.068256,0.121664,,,,,0.885734,0.690157,24,,0.000000,0.000000,0,0,18971,0.000000,0.000000,,0.000000,0.000000,0.000000
394,fields/00095__plt00047__fab0000_comp01_v.f32__c0000__dt-f32/chunk_0,read,4194304,,,,,0.005657,,0.040384,0.163220,,,,,0.928618,0.719357,24,,0.000000,0.000000,0,0,340720,0.000000,0.000000,,0.000000,0.000000,0.000000
395,fields/00095__plt00047__fab0000_comp01_v.f32__c0001__dt-f32/chunk_0,read,4194304,,,,,0.004679,,0.070240,0.120546,,,,,0.889785,0.694320,24,,0.000000,0.000000,0,0,120095,0.000000,0.000000,,0.000000,0.000000,0.000000
396,fields/00096__plt00048__fab0000_comp00_u.f32__c0000__dt-f32/chunk_0,read,4194304,,,,,0.005657,,0.090688,0.108535,,,,,0.924427,0.719547,24,,0.000000,0.000000,0,0,49216,0.000000,0.000000,,0.000000,0.000000,0.000000
397,fields/00096__plt00048__fab0000_comp00_u.f32__c0001__dt-f32/chunk_0,read,4194304,,,,,0.005308,,0.069728,0.139405,,,,,0.904662,0.690221,24,,0.000000,0.000000,0,0,18971,0.000000,0.000000,,0.000000,0.000000,0.000000
398,fields/00097__plt00048__fab0000_comp01_v.f32__c0000__dt-f32/chunk_0,read,4194304,,,,,0.005588,,0.076288,0.133678,,,,,0.908713,0.693159,24,,0.000000,0.000000,0,0,103185,0.000000,0.000000,,0.000000,0.000000,0.000000
399,fields/00097__plt00048__fab0000_comp01_v.f32__c0001__dt-f32/chunk_0,read,4194304,,,,,0.003283,,0.068064,0.135005,,,,,0.894255,0.687903,24,,0.000000,0.000000,0,0,103185,0.000000,0.000000,,0.000000,0.000000,0.000000
400,fields/00098__plt00049__fab0000_comp00_u.f32__c0000__dt-f32/chunk_0,read,4194304,,,,,0.004749,,0.088800,0.118941,,,,,0.888668,0.676178,24,,0.000000,0.000000,0,0,49216,0.000000,0.000000,,0.000000,0.000000,0.000000
401,fields/00098__plt00049__fab0000_comp00_u.f32__c0001__dt-f32/chunk_0,read,4194304,,,,,0.005797,,0.067232,0.103086,,,,,0.834331,0.658216,24,,0.000000,0.000000,0,0,18971,0.000000,0.000000,,0.000000,0.000000,0.000000
402,fields/00099__plt00049__fab0000_comp01_v.f32__c0000__dt-f32/chunk_0,read,4194304,,,,,0.005308,,0.076544,0.127740,,,,,0.914859,0.705267,24,,0.000000,0.000000,0,0,93530,0.000000,0.000000,,0.000000,0.000000,0.000000
403,fields/00099__plt00049__fab0000_comp01_v.f32__c0001__dt-f32/chunk_0,read,4194304,,,,,0.006146,,0.076032,0.155050,,,,,0.932738,0.695510,24,,0.000000,0.000000,0,0,93530,0.000000,0.000000,,0.000000,0.000000,0.000000
404,fields/00100__plt00050__fab0000_comp00_u.f32__c0000__dt-f32/chunk_0,read,4194304,,,,,0.005657,,0.045504,0.148345,,,,,0.890624,0.691118,24,,0.000000,0.000000,0,0,190668,0.000000,0.000000,,0.000000,0.000000,0.000000
405,fields/00100__plt00050__fab0000_comp00_u.f32__c0001__dt-f32/chunk_0,read,4194304,,,,,0.005099,,0.067424,0.113354,,,,,0.881544,0.695667,24,,0.000000,0.000000,0,0,18971,0.000000,0.000000,,0.000000,0.000000,0.000000
406,fields/00101__plt00050__fab0000_comp01_v.f32__c0000__dt-f32/chunk_0,read,4194304,,,,,0.005658,,0.074848,0.119569,,,,,0.896211,0.696136,24,,0.000000,0.000000,0,0,89384,0.000000,0.000000,,0.000000,0.000000,0.000000
407,fields/00101__plt00050__fab0000_comp01_v.f32__c0001__dt-f32/chunk_0,read,4194304,,,,,0.007613,,0.090656,0.134795,,,,,0.960535,0.727471,24,,0.000000,0.000000,0,0,198384,0.000000,0.000000,,0.000000,0.000000,0.000000
408,fields/00000__plt00000__fab0000_comp00_u.f32__c0000__dt-f32/chunk_0,read,4194304,,,,,0.006146,,0.030784,0.197932,,,,,0.894535,0.659673,24,,0.000000,0.000000,0,0,147064,0.000000,0.000000,,0.000000,0.000000,0.000000
409,fields/00000__plt00000__fab0000_comp00_u.f32__c0001__dt-f32/chunk_0,read,4194304,,,,,0.005797,,0.072896,0.219514,,,,,0.994967,0.696760,24,,0.000000,0.000000,0,0,18034,0.000000,0.000000,,0.000000,0.000000,0.000000
410,fields/00001__plt00000__fab0000_comp01_v.f32__c0000__dt-f32/chunk_0,read,4194304,,,,,0.005867,,0.057408,0.197513,,,,,0.986446,0.725658,24,,0.000000,0.000000,0,0,43932,0.000000,0.000000,,0.000000,0.000000,0.000000
411,fields/00001__plt00000__fab0000_comp01_v.f32__c0001__dt-f32/chunk_0,read,4194304,,,,,0.005797,,0.070336,0.211412,,,,,0.960605,0.673060,24,,0.000000,0.000000,0,0,7628,0.000000,0.000000,,0.000000,0.000000,0.000000
412,fields/00002__plt00001__fab0000_comp00_u.f32__c0000__dt-f32/chunk_0,read,4194304,,,,,0.008172,,0.079936,0.223425,,,,,1.151343,0.839810,24,,0.000000,0.000000,0,0,28275,0.000000,0.000000,,0.000000,0.000000,0.000000
413,fields/00002__plt00001__fab0000_comp00_u.f32__c0001__dt-f32/chunk_0,read,4194304,,,,,0.005727,,0.071584,0.220910,,,,,1.051120,0.752899,24,,0.000000,0.000000,0,0,28276,0.000000,0.000000,,0.000000,0.000000,0.000000
414,fields/00003__plt00001__fab0000_comp01_v.f32__c0000__dt-f32/chunk_0,read,4194304,,,,,0.005727,,0.071040,0.283347,,,,,1.120333,0.760219,24,,0.000000,0.000000,0,0,287518,0.000000,0.000000,,0.000000,0.000000,0.000000
415,fields/00003__plt00001__fab0000_comp01_v.f32__c0001__dt-f32/chunk_0,read,4194304,,,,,0.003771,,0.072864,0.236625,,,,,1.080872,0.767612,24,,0.000000,0.000000,0,0,287516,0.000000,0.000000,,0.000000,0.000000,0.000000
416,fields/00004__plt00002__fab0000_comp00_u.f32__c0000__dt-f32/chunk_0,read,4194304,,,,,0.006635,,0.071072,0.223913,,,,,1.023183,0.721563,24,,0.000000,0.000000,0,0,30899,0.000000,0.000000,,0.000000,0.000000,0.000000
417,fields/00004__plt00002__fab0000_comp00_u.f32__c0001__dt-f32/chunk_0,read,4194304,,,,,0.007613,,0.109824,0.179562,,,,,1.193318,0.896319,24,,0.000000,0.000000,0,0,30906,0.000000,0.000000,,0.000000,0.000000,0.000000
418,fields/00005__plt00002__fab0000_comp01_v.f32__c0000__dt-f32/chunk_0,read,4194304,,,,,0.008451,,0.040384,0.342504,,,,,1.174671,0.783332,24,,0.000000,0.000000,0,0,572872,0.000000,0.000000,,0.000000,0.000000,0.000000
419,fields/00005__plt00002__fab0000_comp01_v.f32__c0001__dt-f32/chunk_0,read,4194304,,,,,0.005308,,0.070784,0.290960,,,,,1.163426,0.796374,24,,0.000000,0.000000,0,0,401547,0.000000,0.000000,,0.000000,0.000000,0.000000
420,fields/00006__plt00003__fab0000_comp00_u.f32__c0000__dt-f32/chunk_0,read,4194304,,,,,0.008241,,0.077216,0.212598,,,,,1.052657,0.754602,24,,0.000000,0.000000,0,0,31410,0.000000,0.000000,,0.000000,0.000000,0.000000
421,fields/00006__plt00003__fab0000_comp00_u.f32__c0001__dt-f32/chunk_0,read,4194304,,,,,0.009010,,0.081312,0.199608,,,,,1.180258,0.890328,24,,0.000000,0.000000,0,0,31400,0.000000,0.000000,,0.000000,0.000000,0.000000
422,fields/00007__plt00003__fab0000_comp01_v.f32__c0000__dt-f32/chunk_0,read,4194304,,,,,0.008172,,0.077888,0.331330,,,,,1.328811,0.911421,24,,0.000000,0.000000,0,0,492888,0.000000,0.000000,,0.000000,0.000000,0.000000
423,fields/00007__plt00003__fab0000_comp01_v.f32__c0001__dt-f32/chunk_0,read,4194304,,,,,0.006635,,0.080608,0.296338,,,,,1.311002,0.927421,24,,0.000000,0.000000,0,0,492915,0.000000,0.000000,,0.000000,0.000000,0.000000
424,fields/00008__plt00004__fab0000_comp00_u.f32__c0000__dt-f32/chunk_0,read,4194304,,,,,0.008591,,0.093536,0.217977,,,,,1.067113,0.747009,24,,0.000000,0.000000,0,0,63897,0.000000,0.000000,,0.000000,0.000000,0.000000
425,fields/00008__plt00004__fab0000_comp00_u.f32__c0001__dt-f32/chunk_0,read,4194304,,,,,0.005727,,0.091648,0.205266,,,,,1.018364,0.715723,24,,0.000000,0.000000,0,0,31713,0.000000,0.000000,,0.000000,0.000000,0.000000
426,fields/00009__plt00004__fab0000_comp01_v.f32__c0000__dt-f32/chunk_0,read,4194304,,,,,0.006216,,0.074176,0.324833,,,,,1.174251,0.769026,24,,0.000000,0.000000,0,0,571167,0.000000,0.000000,,0.000000,0.000000,0.000000
427,fields/00009__plt00004__fab0000_comp01_v.f32__c0001__dt-f32/chunk_0,read,4194304,,,,,0.005657,,0.071200,0.385457,,,,,1.212385,0.750071,24,,0.000000,0.000000,0,0,571157,0.000000,0.000000,,0.000000,0.000000,0.000000
428,fields/00010__plt00005__fab0000_comp00_u.f32__c0000__dt-f32/chunk_0,read,4194304,,,,,0.004819,,0.034880,0.239487,,,,,0.979183,0.699997,24,,0.000000,0.000000,0,0,167664,0.000000,0.000000,,0.000000,0.000000,0.000000
429,fields/00010__plt00005__fab0000_comp00_u.f32__c0001__dt-f32/chunk_0,read,4194304,,,,,0.008521,,0.083104,0.235297,,,,,1.377561,1.050639,24,,0.000000,0.000000,0,0,31210,0.000000,0.000000,,0.000000,0.000000,0.000000
430,fields/00011__plt00005__fab0000_comp01_v.f32__c0000__dt-f32/chunk_0,read,4194304,,,,,0.004330,,0.041696,0.430923,,,,,1.423517,0.946568,24,,0.000000,0.000000,0,0,857424,0.000000,0.000000,,0.000000,0.000000,0.000000
431,fields/00011__plt00005__fab0000_comp01_v.f32__c0001__dt-f32/chunk_0,read,4194304,,,,,0.006775,,0.074880,0.303742,,,,,1.242347,0.856950,24,,0.000000,0.000000,0,0,642073,0.000000,0.000000,,0.000000,0.000000,0.000000
432,fields/00012__plt00006__fab0000_comp00_u.f32__c0000__dt-f32/chunk_0,read,4194304,,,,,0.005796,,0.073792,0.204846,,,,,1.053076,0.768642,24,,0.000000,0.000000,0,0,30358,0.000000,0.000000,,0.000000,0.000000,0.000000
433,fields/00012__plt00006__fab0000_comp00_u.f32__c0001__dt-f32/chunk_0,read,4194304,,,,,0.005308,,0.070304,0.236694,,,,,1.044904,0.732598,24,,0.000000,0.000000,0,0,30347,0.000000,0.000000,,0.000000,0.000000,0.000000
434,fields/00013__plt00006__fab0000_comp01_v.f32__c0000__dt-f32/chunk_0,read,4194304,,,,,0.008730,,0.088128,0.350606,,,,,1.874626,1.427162,24,,0.000000,0.000000,0,0,703852,0.000000,0.000000,,0.000000,0.000000,0.000000
435,fields/00013__plt00006__fab0000_comp01_v.f32__c0001__dt-f32/chunk_0,read,4194304,,,,,0.009498,,0.085216,0.367647,,,,,1.861076,1.398715,24,,0.000000,0.000000,0,0,703843,0.000000,0.000000,,0.000000,0.000000,0.000000
436,fields/00014__plt00007__fab0000_comp00_u.f32__c0000__dt-f32/chunk_0,read,4194304,,,,,0.005727,,0.072416,0.220980,,,,,1.050142,0.751019,24,,0.000000,0.000000,0,0,29384,0.000000,0.000000,,0.000000,0.000000,0.000000
437,fields/00014__plt00007__fab0000_comp00_u.f32__c0001__dt-f32/chunk_0,read,4194304,,,,,0.005238,,0.071040,0.153233,,,,,0.961234,0.731723,24,,0.000000,0.000000,0,0,29379,0.000000,0.000000,,0.000000,0.000000,0.000000
438,fields/00015__plt00007__fab0000_comp01_v.f32__c0000__dt-f32/chunk_0,read,4194304,,,,,0.005867,,0.044992,0.295780,,,,,1.296125,0.949486,24,,0.000000,0.000000,0,0,991700,0.000000,0.000000,,0.000000,0.000000,0.000000
439,fields/00015__plt00007__fab0000_comp01_v.f32__c0001__dt-f32/chunk_0,read,4194304,,,,,0.005588,,0.081088,0.401801,,,,,1.461650,0.973173,24,,0.000000,0.000000,0,0,757947,0.000000,0.000000,,0.000000,0.000000,0.000000
440,fields/00016__plt00008__fab0000_comp00_u.f32__c0000__dt-f32/chunk_0,read,4194304,,,,,0.006146,,0.091168,0.172509,,,,,0.987355,0.717532,24,,0.000000,0.000000,0,0,60981,0.000000,0.000000,,0.000000,0.000000,0.000000
441,fields/00016__plt00008__fab0000_comp00_u.f32__c0001__dt-f32/chunk_0,read,4194304,,,,,0.006146,,0.071072,0.243678,,,,,1.034358,0.713462,24,,0.000000,0.000000,0,0,28235,0.000000,0.000000,,0.000000,0.000000,0.000000
442,fields/00017__plt00008__fab0000_comp01_v.f32__c0000__dt-f32/chunk_0,read,4194304,,,,,0.006146,,0.078336,0.347883,,,,,1.405917,0.973552,24,,0.000000,0.000000,0,0,802274,0.000000,0.000000,,0.000000,0.000000,0.000000
443,fields/00017__plt00008__fab0000_comp01_v.f32__c0001__dt-f32/chunk_0,read,4194304,,,,,0.006775,,0.079072,0.380918,,,,,1.447053,0.980288,24,,0.000000,0.000000,0,0,802278,0.000000,0.000000,,0.000000,0.000000,0.000000
444,fields/00018__plt00009__fab0000_comp00_u.f32__c0000__dt-f32/chunk_0,read,4194304,,,,,0.004749,,0.072096,0.203519,,,,,1.012428,0.732064,24,,0.000000,0.000000,0,0,27200,0.000000,0.000000,,0.000000,0.000000,0.000000
445,fields/00018__plt00009__fab0000_comp00_u.f32__c0001__dt-f32/chunk_0,read,4194304,,,,,0.006077,,0.070624,0.200027,,,,,1.005583,0.728855,24,,0.000000,0.000000,0,0,27189,0.000000,0.000000,,0.000000,0.000000,0.000000
446,fields/00019__plt00009__fab0000_comp01_v.f32__c0000__dt-f32/chunk_0,read,4194304,,,,,0.008171,,0.083840,0.315825,,,,,1.857724,1.449888,24,,0.000000,0.000000,0,0,843172,0.000000,0.000000,,0.000000,0.000000,0.000000
447,fields/00019__plt00009__fab0000_comp01_v.f32__c0001__dt-f32/chunk_0,read,4194304,,,,,0.005727,,0.073280,0.375680,,,,,1.441047,0.986360,24,,0.000000,0.000000,0,0,843172,0.000000,0.000000,,0.000000,0.000000,0.000000
448,fields/00020__plt00010__fab0000_comp00_u.f32__c0000__dt-f32/chunk_0,read,4194304,,,,,0.005657,,0.040672,0.242280,,,,,1.052238,0.763629,24,,0.000000,0.000000,0,0,160024,0.000000,0.000000,,0.000000,0.000000,0.000000
449,fields/00020__plt00010__fab0000_comp00_u.f32__c0001__dt-f32/chunk_0,read,4194304,,,,,0.029333,,0.069792,0.165595,,,,,0.990218,0.725498,24,,0.000000,0.000000,0,0,26130,0.000000,0.000000,,0.000000,0.000000,0.000000
450,fields/00021__plt00010__fab0000_comp01_v.f32__c0000__dt-f32/chunk_0,read,4194304,,,,,0.005867,,0.077984,0.289075,,,,,1.303738,0.930812,24,,0.000000,0.000000,0,0,880780,0.000000,0.000000,,0.000000,0.000000,0.000000
451,fields/00021__plt00010__fab0000_comp01_v.f32__c0001__dt-f32/chunk_0,read,4194304,,,,,0.007542,,0.083168,0.490219,,,,,1.994684,1.413755,24,,0.000000,0.000000,0,0,880766,0.000000,0.000000,,0.000000,0.000000,0.000000
452,fields/00022__plt00011__fab0000_comp00_u.f32__c0000__dt-f32/chunk_0,read,4194304,,,,,0.009010,,0.083424,0.213228,,,,,1.319313,1.013651,24,,0.000000,0.000000,0,0,25066,0.000000,0.000000,,0.000000,0.000000,0.000000
453,fields/00022__plt00011__fab0000_comp00_u.f32__c0001__dt-f32/chunk_0,read,4194304,,,,,0.004749,,0.070496,0.191716,,,,,1.040644,0.773683,24,,0.000000,0.000000,0,0,25047,0.000000,0.000000,,0.000000,0.000000,0.000000
454,fields/00023__plt00011__fab0000_comp01_v.f32__c0000__dt-f32/chunk_0,read,4194304,,,,,0.004330,,0.080384,0.262746,,,,,1.307859,0.960399,24,,0.000000,0.000000,0,0,914676,0.000000,0.000000,,0.000000,0.000000,0.000000
455,fields/00023__plt00011__fab0000_comp01_v.f32__c0001__dt-f32/chunk_0,read,4194304,,,,,0.006076,,0.071392,0.286141,,,,,1.323574,0.959965,24,,0.000000,0.000000,0,0,914577,0.000000,0.000000,,0.000000,0.000000,0.000000
456,fields/00024__plt00012__fab0000_comp00_u.f32__c0000__dt-f32/chunk_0,read,4194304,,,,,0.006705,,0.077696,0.197093,,,,,0.979672,0.698178,24,,0.000000,0.000000,0,0,23928,0.000000,0.000000,,0.000000,0.000000,0.000000
457,fields/00024__plt00012__fab0000_comp00_u.f32__c0001__dt-f32/chunk_0,read,4194304,,,,,0.005168,,0.070496,0.229360,,,,,1.044555,0.739531,24,,0.000000,0.000000,0,0,23927,0.000000,0.000000,,0.000000,0.000000,0.000000
458,fields/00025__plt00012__fab0000_comp01_v.f32__c0000__dt-f32/chunk_0,read,4194304,,,,,0.006635,,0.044384,1.420304,,,,,2.418903,0.947580,24,,0.000000,0.000000,0,0,1210892,0.000000,0.000000,,0.000000,0.000000,0.000000
459,fields/00025__plt00012__fab0000_comp01_v.f32__c0001__dt-f32/chunk_0,read,4194304,,,,,0.009079,,0.083840,0.332587,,,,,1.880143,1.454637,24,,0.000000,0.000000,0,0,944283,0.000000,0.000000,,0.000000,0.000000,0.000000
460,fields/00026__plt00013__fab0000_comp00_u.f32__c0000__dt-f32/chunk_0,read,4194304,,,,,0.009429,,0.084288,0.199539,,,,,1.328463,1.035207,24,,0.000000,0.000000,0,0,22871,0.000000,0.000000,,0.000000,0.000000,0.000000
461,fields/00026__plt00013__fab0000_comp00_u.f32__c0001__dt-f32/chunk_0,read,4194304,,,,,0.009848,,0.083488,0.210434,,,,,1.321548,1.017778,24,,0.000000,0.000000,0,0,22883,0.000000,0.000000,,0.000000,0.000000,0.000000
462,fields/00027__plt00013__fab0000_comp01_v.f32__c0000__dt-f32/chunk_0,read,4194304,,,,,0.007612,,0.085280,1.089463,,,,,2.590505,1.408150,24,,0.000000,0.000000,0,0,967941,0.000000,0.000000,,0.000000,0.000000,0.000000
463,fields/00027__plt00013__fab0000_comp01_v.f32__c0001__dt-f32/chunk_0,read,4194304,,,,,0.009149,,0.083808,1.327974,,,,,2.832297,1.411366,24,,0.000000,0.000000,0,0,967975,0.000000,0.000000,,0.000000,0.000000,0.000000
464,fields/00028__plt00014__fab0000_comp00_u.f32__c0000__dt-f32/chunk_0,read,4194304,,,,,0.005797,,0.072160,0.242701,,,,,1.076892,0.756234,24,,0.000000,0.000000,0,0,21975,0.000000,0.000000,,0.000000,0.000000,0.000000
465,fields/00028__plt00014__fab0000_comp00_u.f32__c0001__dt-f32/chunk_0,read,4194304,,,,,0.005728,,0.069344,0.206663,,,,,1.019901,0.738166,24,,0.000000,0.000000,0,0,21970,0.000000,0.000000,,0.000000,0.000000,0.000000
466,fields/00029__plt00014__fab0000_comp01_v.f32__c0000__dt-f32/chunk_0,read,4194304,,,,,0.005238,,0.078016,1.896626,,,,,2.936152,0.956272,24,,0.000000,0.000000,0,0,985882,0.000000,0.000000,,0.000000,0.000000,0.000000
467,fields/00029__plt00014__fab0000_comp01_v.f32__c0001__dt-f32/chunk_0,read,4194304,,,,,0.005238,,0.078432,0.460957,,,,,1.537988,0.993361,24,,0.000000,0.000000,0,0,985863,0.000000,0.000000,,0.000000,0.000000,0.000000
468,fields/00030__plt00015__fab0000_comp00_u.f32__c0000__dt-f32/chunk_0,read,4194304,,,,,0.007193,,0.033184,0.252339,,,,,1.002719,0.710003,24,,0.000000,0.000000,0,0,153344,0.000000,0.000000,,0.000000,0.000000,0.000000
469,fields/00030__plt00015__fab0000_comp00_u.f32__c0001__dt-f32/chunk_0,read,4194304,,,,,0.034782,,0.085760,0.222655,,,,,1.406964,1.063767,24,,0.000000,0.000000,0,0,21127,0.000000,0.000000,,0.000000,0.000000,0.000000
470,fields/00031__plt00015__fab0000_comp01_v.f32__c0000__dt-f32/chunk_0,read,4194304,,,,,0.006146,,0.079520,1.101755,,,,,2.153644,0.966223,24,,0.000000,0.000000,0,0,998968,0.000000,0.000000,,0.000000,0.000000,0.000000
471,fields/00031__plt00015__fab0000_comp01_v.f32__c0001__dt-f32/chunk_0,read,4194304,,,,,0.005657,,0.084960,0.330911,,,,,1.440070,1.018542,24,,0.000000,0.000000,0,0,998945,0.000000,0.000000,,0.000000,0.000000,0.000000
472,fields/00032__plt00016__fab0000_comp00_u.f32__c0000__dt-f32/chunk_0,read,4194304,,,,,0.005238,,0.072736,0.160288,,,,,1.005234,0.766972,24,,0.000000,0.000000,0,0,20517,0.000000,0.000000,,0.000000,0.000000,0.000000
473,fields/00032__plt00016__fab0000_comp00_u.f32__c0001__dt-f32/chunk_0,read,4194304,,,,,0.006705,,0.071520,0.213716,,,,,1.007888,0.715947,24,,0.000000,0.000000,0,0,20515,0.000000,0.000000,,0.000000,0.000000,0.000000
474,fields/00033__plt00016__fab0000_comp01_v.f32__c0000__dt-f32/chunk_0,read,4194304,,,,,0.010407,,0.085024,1.959623,,,,,3.478055,1.423001,24,,0.000000,0.000000,0,0,1007958,0.000000,0.000000,,0.000000,0.000000,0.000000
475,fields/00033__plt00016__fab0000_comp01_v.f32__c0001__dt-f32/chunk_0,read,4194304,,,,,0.007194,,0.084288,0.416257,,,,,1.945585,1.437846,24,,0.000000,0.000000,0,0,1007960,0.000000,0.000000,,0.000000,0.000000,0.000000
476,fields/00034__plt00017__fab0000_comp00_u.f32__c0000__dt-f32/chunk_0,read,4194304,,,,,0.007264,,0.073792,0.154979,,,,,1.027933,0.791898,24,,0.000000,0.000000,0,0,19946,0.000000,0.000000,,0.000000,0.000000,0.000000
477,fields/00034__plt00017__fab0000_comp00_u.f32__c0001__dt-f32/chunk_0,read,4194304,,,,,0.004819,,0.070560,0.212390,,,,,0.986935,0.699166,24,,0.000000,0.000000,0,0,19922,0.000000,0.000000,,0.000000,0.000000,0.000000
478,fields/00035__plt00017__fab0000_comp01_v.f32__c0000__dt-f32/chunk_0,read,4194304,,,,,0.005727,,0.079552,1.257991,,,,,2.324477,0.981207,24,,0.000000,0.000000,0,0,1018404,0.000000,0.000000,,0.000000,0.000000,0.000000
479,fields/00035__plt00017__fab0000_comp01_v.f32__c0001__dt-f32/chunk_0,read,4194304,,,,,0.002863,,0.078272,1.938810,,,,,2.986438,0.966493,24,,0.000000,0.000000,0,0,1018466,0.000000,0.000000,,0.000000,0.000000,0.000000
480,fields/00036__plt00018__fab0000_comp00_u.f32__c0000__dt-f32/chunk_0,read,4194304,,,,,0.005308,,0.071520,0.205614,,,,,1.004465,0.722023,24,,0.000000,0.000000,0,0,19275,0.000000,0.000000,,0.000000,0.000000,0.000000
481,fields/00036__plt00018__fab0000_comp00_u.f32__c0001__dt-f32/chunk_0,read,4194304,,,,,0.004330,,0.072352,0.153582,,,,,0.943424,0.713160,24,,0.000000,0.000000,0,0,19254,0.000000,0.000000,,0.000000,0.000000,0.000000
482,fields/00037__plt00018__fab0000_comp01_v.f32__c0000__dt-f32/chunk_0,read,4194304,,,,,0.007962,,0.083392,1.191712,,,,,2.730189,1.447123,24,,0.000000,0.000000,0,0,1021602,0.000000,0.000000,,0.000000,0.000000,0.000000
483,fields/00037__plt00018__fab0000_comp01_v.f32__c0001__dt-f32/chunk_0,read,4194304,,,,,0.009359,,0.083424,1.313585,,,,,2.825662,1.419294,24,,0.000000,0.000000,0,0,1021609,0.000000,0.000000,,0.000000,0.000000,0.000000
484,fields/00038__plt00019__fab0000_comp00_u.f32__c0000__dt-f32/chunk_0,read,4194304,,,,,0.007753,,0.083360,0.198351,,,,,1.306532,1.017068,24,,0.000000,0.000000,0,0,18993,0.000000,0.000000,,0.000000,0.000000,0.000000
485,fields/00038__plt00019__fab0000_comp00_u.f32__c0001__dt-f32/chunk_0,read,4194304,,,,,0.008520,,0.083648,0.211202,,,,,1.316240,1.012870,24,,0.000000,0.000000,0,0,18971,0.000000,0.000000,,0.000000,0.000000,0.000000
486,fields/00039__plt00019__fab0000_comp01_v.f32__c0000__dt-f32/chunk_0,read,4194304,,,,,0.009079,,0.084512,0.427362,,,,,1.885382,1.364429,24,,0.000000,0.000000,0,0,1019188,0.000000,0.000000,,0.000000,0.000000,0.000000
487,fields/00039__plt00019__fab0000_comp01_v.f32__c0001__dt-f32/chunk_0,read,4194304,,,,,0.006984,,0.080992,0.377636,,,,,1.486793,1.021181,24,,0.000000,0.000000,0,0,1019172,0.000000,0.000000,,0.000000,0.000000,0.000000
488,fields/00040__plt00020__fab0000_comp00_u.f32__c0000__dt-f32/chunk_0,read,4194304,,,,,0.005727,,0.035328,0.272313,,,,,1.040853,0.727485,24,,0.000000,0.000000,0,0,152136,0.000000,0.000000,,0.000000,0.000000,0.000000
489,fields/00040__plt00020__fab0000_comp00_u.f32__c0001__dt-f32/chunk_0,read,4194304,,,,,0.006775,,0.072672,0.211691,,,,,1.005514,0.714376,24,,0.000000,0.000000,0,0,18971,0.000000,0.000000,,0.000000,0.000000,0.000000
490,fields/00041__plt00020__fab0000_comp01_v.f32__c0000__dt-f32/chunk_0,read,4194304,,,,,0.005308,,0.080064,0.424428,,,,,1.512356,1.002556,24,,0.000000,0.000000,0,0,1013289,0.000000,0.000000,,0.000000,0.000000,0.000000
491,fields/00041__plt00020__fab0000_comp01_v.f32__c0001__dt-f32/chunk_0,read,4194304,,,,,0.005308,,0.073088,0.366949,,,,,1.476736,1.031391,24,,0.000000,0.000000,0,0,1013312,0.000000,0.000000,,0.000000,0.000000,0.000000
492,fields/00042__plt00021__fab0000_comp00_u.f32__c0000__dt-f32/chunk_0,read,4194304,,,,,0.008451,,0.085280,0.211760,,,,,1.426450,1.120959,24,,0.000000,0.000000,0,0,18993,0.000000,0.000000,,0.000000,0.000000,0.000000
493,fields/00042__plt00021__fab0000_comp00_u.f32__c0001__dt-f32/chunk_0,read,4194304,,,,,0.006635,,0.071712,0.220352,,,,,1.046999,0.748300,24,,0.000000,0.000000,0,0,18971,0.000000,0.000000,,0.000000,0.000000,0.000000
494,fields/00043__plt00021__fab0000_comp01_v.f32__c0000__dt-f32/chunk_0,read,4194304,,,,,0.008102,,0.074560,0.348302,,,,,1.546648,1.115684,24,,0.000000,0.000000,0,0,1006103,0.000000,0.000000,,0.000000,0.000000,0.000000
495,fields/00043__plt00021__fab0000_comp01_v.f32__c0001__dt-f32/chunk_0,read,4194304,,,,,0.006775,,0.072736,0.427781,,,,,1.499575,0.992283,24,,0.000000,0.000000,0,0,1006095,0.000000,0.000000,,0.000000,0.000000,0.000000
496,fields/00044__plt00022__fab0000_comp00_u.f32__c0000__dt-f32/chunk_0,read,4194304,,,,,0.006146,,0.071360,0.214484,,,,,1.009285,0.717295,24,,0.000000,0.000000,0,0,18993,0.000000,0.000000,,0.000000,0.000000,0.000000
497,fields/00044__plt00022__fab0000_comp00_u.f32__c0001__dt-f32/chunk_0,read,4194304,,,,,0.008660,,0.082848,0.178586,,,,,1.321408,1.051314,24,,0.000000,0.000000,0,0,18971,0.000000,0.000000,,0.000000,0.000000,0.000000
498,fields/00045__plt00022__fab0000_comp01_v.f32__c0000__dt-f32/chunk_0,read,4194304,,,,,0.007612,,0.051360,1.423308,,,,,2.929378,1.447098,24,,0.000000,0.000000,0,0,1265000,0.000000,0.000000,,0.000000,0.000000,0.000000
499,fields/00045__plt00022__fab0000_comp01_v.f32__c0001__dt-f32/chunk_0,read,4194304,,,,,0.006565,,0.081376,0.396841,,,,,1.549302,1.064520,24,,0.000000,0.000000,0,0,994791,0.000000,0.000000,,0.000000,0.000000,0.000000
500,fields/00046__plt00023__fab0000_comp00_u.f32__c0000__dt-f32/chunk_0,read,4194304,,,,,0.005168,,0.070560,0.189132,,,,,0.971570,0.706710,24,,0.000000,0.000000,0,0,18993,0.000000,0.000000,,0.000000,0.000000,0.000000
501,fields/00046__plt00023__fab0000_comp00_u.f32__c0001__dt-f32/chunk_0,read,4194304,,,,,0.004749,,0.070176,0.187387,,,,,0.972548,0.710236,24,,0.000000,0.000000,0,0,18971,0.000000,0.000000,,0.000000,0.000000,0.000000
502,fields/00047__plt00023__fab0000_comp01_v.f32__c0000__dt-f32/chunk_0,read,4194304,,,,,0.005238,,0.078752,0.429807,,,,,1.493429,0.979632,24,,0.000000,0.000000,0,0,979838,0.000000,0.000000,,0.000000,0.000000,0.000000
503,fields/00047__plt00023__fab0000_comp01_v.f32__c0001__dt-f32/chunk_0,read,4194304,,,,,0.006286,,0.076704,0.398168,,,,,1.565296,1.084138,24,,0.000000,0.000000,0,0,979825,0.000000,0.000000,,0.000000,0.000000,0.000000
504,fields/00048__plt00024__fab0000_comp00_u.f32__c0000__dt-f32/chunk_0,read,4194304,,,,,0.004679,,0.071168,0.153093,,,,,0.925265,0.696325,24,,0.000000,0.000000,0,0,18993,0.000000,0.000000,,0.000000,0.000000,0.000000
505,fields/00048__plt00024__fab0000_comp00_u.f32__c0001__dt-f32/chunk_0,read,4194304,,,,,0.006146,,0.079744,0.191856,,,,,1.099031,0.821285,24,,0.000000,0.000000,0,0,18971,0.000000,0.000000,,0.000000,0.000000,0.000000
506,fields/00049__plt00024__fab0000_comp01_v.f32__c0000__dt-f32/chunk_0,read,4194304,,,,,0.006216,,0.081376,0.395375,,,,,1.438673,0.955706,24,,0.000000,0.000000,0,0,964123,0.000000,0.000000,,0.000000,0.000000,0.000000
507,fields/00049__plt00024__fab0000_comp01_v.f32__c0001__dt-f32/chunk_0,read,4194304,,,,,0.004750,,0.077312,0.405920,,,,,1.588344,1.100362,24,,0.000000,0.000000,0,0,964138,0.000000,0.000000,,0.000000,0.000000,0.000000
508,fields/00050__plt00025__fab0000_comp00_u.f32__c0000__dt-f32/chunk_0,read,4194304,,,,,0.004749,,0.034016,0.216371,,,,,0.953411,0.698275,24,,0.000000,0.000000,0,0,152136,0.000000,0.000000,,0.000000,0.000000,0.000000
509,fields/00050__plt00025__fab0000_comp00_u.f32__c0001__dt-f32/chunk_0,read,4194304,,,,,0.007263,,0.084608,0.214415,,,,,1.396768,1.090482,24,,0.000000,0.000000,0,0,18971,0.000000,0.000000,,0.000000,0.000000,0.000000
510,fields/00051__plt00025__fab0000_comp01_v.f32__c0000__dt-f32/chunk_0,read,4194304,,,,,0.005238,,0.085984,0.347813,,,,,1.674389,1.235354,24,,0.000000,0.000000,0,0,944731,0.000000,0.000000,,0.000000,0.000000,0.000000
511,fields/00051__plt00025__fab0000_comp01_v.f32__c0001__dt-f32/chunk_0,read,4194304,,,,,0.009569,,0.085920,0.489591,,,,,1.926309,1.341229,24,,0.000000,0.000000,0,0,944793,0.000000,0.000000,,0.000000,0.000000,0.000000
512,fields/00052__plt00026__fab0000_comp00_u.f32__c0000__dt-f32/chunk_0,read,4194304,,,,,0.008521,,0.081120,0.219373,,,,,1.275383,0.966369,24,,0.000000,0.000000,0,0,18993,0.000000,0.000000,,0.000000,0.000000,0.000000
513,fields/00052__plt00026__fab0000_comp00_u.f32__c0001__dt-f32/chunk_0,read,4194304,,,,,0.009149,,0.083712,0.244446,,,,,1.280691,0.943384,24,,0.000000,0.000000,0,0,18971,0.000000,0.000000,,0.000000,0.000000,0.000000
514,fields/00053__plt00026__fab0000_comp01_v.f32__c0000__dt-f32/chunk_0,read,4194304,,,,,0.009149,,0.082112,0.419120,,,,,1.861985,1.351604,24,,0.000000,0.000000,0,0,923042,0.000000,0.000000,,0.000000,0.000000,0.000000
515,fields/00053__plt00026__fab0000_comp01_v.f32__c0001__dt-f32/chunk_0,read,4194304,,,,,0.009428,,0.085664,0.448664,,,,,1.973033,1.429277,24,,0.000000,0.000000,0,0,923041,0.000000,0.000000,,0.000000,0.000000,0.000000
516,fields/00054__plt00027__fab0000_comp00_u.f32__c0000__dt-f32/chunk_0,read,4194304,,,,,0.008731,,0.082944,0.247660,,,,,1.316030,0.976695,24,,0.000000,0.000000,0,0,18993,0.000000,0.000000,,0.000000,0.000000,0.000000
517,fields/00054__plt00027__fab0000_comp00_u.f32__c0001__dt-f32/chunk_0,read,4194304,,,,,0.008520,,0.082720,0.240675,,,,,1.292494,0.960579,24,,0.000000,0.000000,0,0,18971,0.000000,0.000000,,0.000000,0.000000,0.000000
518,fields/00055__plt00027__fab0000_comp01_v.f32__c0000__dt-f32/chunk_0,read,4194304,,,,,0.008101,,0.048704,0.463749,,,,,1.828949,1.308395,24,,0.000000,0.000000,0,0,1165544,0.000000,0.000000,,0.000000,0.000000,0.000000
519,fields/00055__plt00027__fab0000_comp01_v.f32__c0001__dt-f32/chunk_0,read,4194304,,,,,0.008032,,0.082720,0.414791,,,,,1.856257,1.350714,24,,0.000000,0.000000,0,0,901581,0.000000,0.000000,,0.000000,0.000000,0.000000
520,fields/00056__plt00028__fab0000_comp00_u.f32__c0000__dt-f32/chunk_0,read,4194304,,,,,0.008660,,0.084928,0.215951,,,,,1.272869,0.963330,24,,0.000000,0.000000,0,0,18993,0.000000,0.000000,,0.000000,0.000000,0.000000
521,fields/00056__plt00028__fab0000_comp00_u.f32__c0001__dt-f32/chunk_0,read,4194304,,,,,0.007892,,0.086016,0.254643,,,,,1.613836,1.265285,24,,0.000000,0.000000,0,0,18971,0.000000,0.000000,,0.000000,0.000000,0.000000
522,fields/00057__plt00028__fab0000_comp01_v.f32__c0000__dt-f32/chunk_0,read,4194304,,,,,0.009219,,0.087328,0.408016,,,,,1.871622,1.367059,24,,0.000000,0.000000,0,0,875018,0.000000,0.000000,,0.000000,0.000000,0.000000
523,fields/00057__plt00028__fab0000_comp01_v.f32__c0001__dt-f32/chunk_0,read,4194304,,,,,0.037784,,0.083328,0.451597,,,,,1.871762,1.299053,24,,0.000000,0.000000,0,0,874992,0.000000,0.000000,,0.000000,0.000000,0.000000
524,fields/00058__plt00029__fab0000_comp00_u.f32__c0000__dt-f32/chunk_0,read,4194304,,,,,0.009219,,0.082592,0.234738,,,,,1.288233,0.961684,24,,0.000000,0.000000,0,0,18993,0.000000,0.000000,,0.000000,0.000000,0.000000
525,fields/00058__plt00029__fab0000_comp00_u.f32__c0001__dt-f32/chunk_0,read,4194304,,,,,0.009499,,0.082976,0.223145,,,,,1.265745,0.950125,24,,0.000000,0.000000,0,0,18971,0.000000,0.000000,,0.000000,0.000000,0.000000
526,fields/00059__plt00029__fab0000_comp01_v.f32__c0000__dt-f32/chunk_0,read,4194304,,,,,0.008590,,0.083584,0.422613,,,,,1.797660,1.282873,24,,0.000000,0.000000,0,0,846061,0.000000,0.000000,,0.000000,0.000000,0.000000
527,fields/00059__plt00029__fab0000_comp01_v.f32__c0001__dt-f32/chunk_0,read,4194304,,,,,0.009010,,0.101728,0.422125,,,,,1.924143,1.391280,24,,0.000000,0.000000,0,0,846028,0.000000,0.000000,,0.000000,0.000000,0.000000
528,fields/00060__plt00030__fab0000_comp00_u.f32__c0000__dt-f32/chunk_0,read,4194304,,,,,0.008172,,0.040416,0.279088,,,,,1.303808,0.976132,24,,0.000000,0.000000,0,0,152136,0.000000,0.000000,,0.000000,0.000000,0.000000
529,fields/00060__plt00030__fab0000_comp00_u.f32__c0001__dt-f32/chunk_0,read,4194304,,,,,0.007683,,0.083680,0.205405,,,,,1.247236,0.950468,24,,0.000000,0.000000,0,0,18971,0.000000,0.000000,,0.000000,0.000000,0.000000
530,fields/00061__plt00030__fab0000_comp01_v.f32__c0000__dt-f32/chunk_0,read,4194304,,,,,0.009987,,0.084544,0.346206,,,,,1.784879,1.344142,24,,0.000000,0.000000,0,0,815434,0.000000,0.000000,,0.000000,0.000000,0.000000
531,fields/00061__plt00030__fab0000_comp01_v.f32__c0001__dt-f32/chunk_0,read,4194304,,,,,0.009428,,0.082304,0.409552,,,,,1.834676,1.333392,24,,0.000000,0.000000,0,0,815409,0.000000,0.000000,,0.000000,0.000000,0.000000
532,fields/00062__plt00031__fab0000_comp00_u.f32__c0000__dt-f32/chunk_0,read,4194304,,,,,0.008381,,0.083936,0.223914,,,,,1.262391,0.946160,24,,0.000000,0.000000,0,0,18993,0.000000,0.000000,,0.000000,0.000000,0.000000
533,fields/00062__plt00031__fab0000_comp00_u.f32__c0001__dt-f32/chunk_0,read,4194304,,,,,0.008660,,0.084480,0.237811,,,,,1.357237,1.026286,24,,0.000000,0.000000,0,0,18971,0.000000,0.000000,,0.000000,0.000000,0.000000
534,fields/00063__plt00031__fab0000_comp01_v.f32__c0000__dt-f32/chunk_0,read,4194304,,,,,0.007682,,0.083648,0.409833,,,,,1.803247,1.302084,24,,0.000000,0.000000,0,0,782477,0.000000,0.000000,,0.000000,0.000000,0.000000
535,fields/00063__plt00031__fab0000_comp01_v.f32__c0001__dt-f32/chunk_0,read,4194304,,,,,0.009429,,0.082656,0.434486,,,,,1.841521,1.314950,24,,0.000000,0.000000,0,0,782436,0.000000,0.000000,,0.000000,0.000000,0.000000
536,fields/00064__plt00032__fab0000_comp00_u.f32__c0000__dt-f32/chunk_0,read,4194304,,,,,0.009568,,0.117056,0.226217,,,,,1.307719,0.954878,24,,0.000000,0.000000,0,0,18993,0.000000,0.000000,,0.000000,0.000000,0.000000
537,fields/00064__plt00032__fab0000_comp00_u.f32__c0001__dt-f32/chunk_0,read,4194304,,,,,0.007752,,0.081920,0.222308,,,,,1.258899,0.946919,24,,0.000000,0.000000,0,0,18971,0.000000,0.000000,,0.000000,0.000000,0.000000
538,fields/00065__plt00032__fab0000_comp01_v.f32__c0000__dt-f32/chunk_0,read,4194304,,,,,0.008940,,0.050400,0.458233,,,,,1.798149,1.280576,24,,0.000000,0.000000,0,0,990896,0.000000,0.000000,,0.000000,0.000000,0.000000
539,fields/00065__plt00032__fab0000_comp01_v.f32__c0001__dt-f32/chunk_0,read,4194304,,,,,0.009918,,0.084736,0.424639,,,,,1.914715,1.395422,24,,0.000000,0.000000,0,0,747180,0.000000,0.000000,,0.000000,0.000000,0.000000
540,fields/00066__plt00033__fab0000_comp00_u.f32__c0000__dt-f32/chunk_0,read,4194304,,,,,0.008242,,0.086176,0.262536,,,,,1.343897,0.986943,24,,0.000000,0.000000,0,0,18993,0.000000,0.000000,,0.000000,0.000000,0.000000
541,fields/00066__plt00033__fab0000_comp00_u.f32__c0001__dt-f32/chunk_0,read,4194304,,,,,0.009499,,0.084928,0.252757,,,,,1.305973,0.958789,24,,0.000000,0.000000,0,0,18971,0.000000,0.000000,,0.000000,0.000000,0.000000
542,fields/00067__plt00033__fab0000_comp01_v.f32__c0000__dt-f32/chunk_0,read,4194304,,,,,0.006635,,0.084960,0.377495,,,,,1.807089,1.337999,24,,0.000000,0.000000,0,0,709492,0.000000,0.000000,,0.000000,0.000000,0.000000
543,fields/00067__plt00033__fab0000_comp01_v.f32__c0001__dt-f32/chunk_0,read,4194304,,,,,0.008172,,0.083968,0.415977,,,,,1.795285,1.287168,24,,0.000000,0.000000,0,0,709537,0.000000,0.000000,,0.000000,0.000000,0.000000
544,fields/00068__plt00034__fab0000_comp00_u.f32__c0000__dt-f32/chunk_0,read,4194304,,,,,0.009010,,0.085568,3.232771,,,,,4.284798,0.957449,24,,0.000000,0.000000,0,0,18993,0.000000,0.000000,,0.000000,0.000000,0.000000
545,fields/00068__plt00034__fab0000_comp00_u.f32__c0001__dt-f32/chunk_0,read,4194304,,,,,0.008591,,0.086688,0.247171,,,,,1.424355,1.081905,24,,0.000000,0.000000,0,0,18971,0.000000,0.000000,,0.000000,0.000000,0.000000
546,fields/00069__plt00034__fab0000_comp01_v.f32__c0000__dt-f32/chunk_0,read,4194304,,,,,0.009149,,0.085600,0.295640,,,,,1.667964,1.277575,24,,0.000000,0.000000,0,0,669794,0.000000,0.000000,,0.000000,0.000000,0.000000
547,fields/00069__plt00034__fab0000_comp01_v.f32__c0001__dt-f32/chunk_0,read,4194304,,,,,0.007543,,0.077152,0.354657,,,,,1.538826,1.099474,24,,0.000000,0.000000,0,0,669802,0.000000,0.000000,,0.000000,0.000000,0.000000
548,fields/00070__plt00035__fab0000_comp00_u.f32__c0000__dt-f32/chunk_0,read,4194304,,,,,0.011385,,0.051040,0.295151,,,,,1.329649,0.972073,24,,0.000000,0.000000,0,0,190668,0.000000,0.000000,,0.000000,0.000000,0.000000
549,fields/00070__plt00035__fab0000_comp00_u.f32__c0001__dt-f32/chunk_0,read,4194304,,,,,0.008451,,0.086176,0.188573,,,,,1.237947,0.954747,24,,0.000000,0.000000,0,0,18971,0.000000,0.000000,,0.000000,0.000000,0.000000
550,fields/00071__plt00035__fab0000_comp01_v.f32__c0000__dt-f32/chunk_0,read,4194304,,,,,0.010336,,0.085024,0.387972,,,,,1.557543,1.074211,24,,0.000000,0.000000,0,0,626498,0.000000,0.000000,,0.000000,0.000000,0.000000
551,fields/00071__plt00035__fab0000_comp01_v.f32__c0001__dt-f32/chunk_0,read,4194304,,,,,0.009428,,0.086432,0.434974,,,,,1.616700,1.085866,24,,0.000000,0.000000,0,0,626481,0.000000,0.000000,,0.000000,0.000000,0.000000
552,fields/00072__plt00036__fab0000_comp00_u.f32__c0000__dt-f32/chunk_0,read,4194304,,,,,0.009848,,0.113280,0.240046,,,,,1.318545,0.955371,24,,0.000000,0.000000,0,0,18993,0.000000,0.000000,,0.000000,0.000000,0.000000
553,fields/00072__plt00036__fab0000_comp00_u.f32__c0001__dt-f32/chunk_0,read,4194304,,,,,0.004819,,0.073056,0.255691,,,,,1.104200,0.770634,24,,0.000000,0.000000,0,0,18971,0.000000,0.000000,,0.000000,0.000000,0.000000
554,fields/00073__plt00036__fab0000_comp01_v.f32__c0000__dt-f32/chunk_0,read,4194304,,,,,0.009009,,0.082656,0.421216,,,,,1.531074,1.018193,24,,0.000000,0.000000,0,0,581717,0.000000,0.000000,,0.000000,0.000000,0.000000
555,fields/00073__plt00036__fab0000_comp01_v.f32__c0001__dt-f32/chunk_0,read,4194304,,,,,0.007543,,0.084096,0.338943,,,,,1.401726,0.971144,24,,0.000000,0.000000,0,0,581720,0.000000,0.000000,,0.000000,0.000000,0.000000
556,fields/00074__plt00037__fab0000_comp00_u.f32__c0000__dt-f32/chunk_0,read,4194304,,,,,0.009010,,0.083712,0.262955,,,,,1.405917,1.050240,24,,0.000000,0.000000,0,0,18993,0.000000,0.000000,,0.000000,0.000000,0.000000
557,fields/00074__plt00037__fab0000_comp00_u.f32__c0001__dt-f32/chunk_0,read,4194304,,,,,0.009009,,0.082656,0.226986,,,,,1.325459,1.006808,24,,0.000000,0.000000,0,0,18971,0.000000,0.000000,,0.000000,0.000000,0.000000
558,fields/00075__plt00037__fab0000_comp01_v.f32__c0000__dt-f32/chunk_0,read,4194304,,,,,0.007613,,0.050368,0.410181,,,,,1.762530,1.294368,24,,0.000000,0.000000,0,0,759944,0.000000,0.000000,,0.000000,0.000000,0.000000
559,fields/00075__plt00037__fab0000_comp01_v.f32__c0001__dt-f32/chunk_0,read,4194304,,,,,0.005797,,0.038496,0.394397,,,,,1.402774,0.964084,24,,0.000000,0.000000,0,0,759944,0.000000,0.000000,,0.000000,0.000000,0.000000
560,fields/00076__plt00038__fab0000_comp00_u.f32__c0000__dt-f32/chunk_0,read,4194304,,,,,0.008102,,0.082976,0.245284,,,,,1.330348,0.993986,24,,0.000000,0.000000,0,0,18993,0.000000,0.000000,,0.000000,0.000000,0.000000
561,fields/00076__plt00038__fab0000_comp00_u.f32__c0001__dt-f32/chunk_0,read,4194304,,,,,0.007753,,0.085280,0.266308,,,,,1.316659,0.957318,24,,0.000000,0.000000,0,0,18971,0.000000,0.000000,,0.000000,0.000000,0.000000
562,fields/00077__plt00038__fab0000_comp01_v.f32__c0000__dt-f32/chunk_0,read,4194304,,,,,0.009009,,0.087488,0.314148,,,,,1.508724,1.098079,24,,0.000000,0.000000,0,0,488043,0.000000,0.000000,,0.000000,0.000000,0.000000
563,fields/00077__plt00038__fab0000_comp01_v.f32__c0001__dt-f32/chunk_0,read,4194304,,,,,0.008171,,0.084928,0.340130,,,,,1.452780,1.019551,24,,0.000000,0.000000,0,0,488032,0.000000,0.000000,,0.000000,0.000000,0.000000
564,fields/00078__plt00039__fab0000_comp00_u.f32__c0000__dt-f32/chunk_0,read,4194304,,,,,0.008242,,0.082656,0.268053,,,,,1.342291,0.983340,24,,0.000000,0.000000,0,0,18993,0.000000,0.000000,,0.000000,0.000000,0.000000
565,fields/00078__plt00039__fab0000_comp00_u.f32__c0001__dt-f32/chunk_0,read,4194304,,,,,0.006216,,0.073408,0.253317,,,,,1.101895,0.768954,24,,0.000000,0.000000,0,0,18971,0.000000,0.000000,,0.000000,0.000000,0.000000
566,fields/00079__plt00039__fab0000_comp01_v.f32__c0000__dt-f32/chunk_0,read,4194304,,,,,0.008241,,0.083008,0.335100,,,,,1.432108,1.005759,24,,0.000000,0.000000,0,0,440070,0.000000,0.000000,,0.000000,0.000000,0.000000
567,fields/00079__plt00039__fab0000_comp01_v.f32__c0001__dt-f32/chunk_0,read,4194304,,,,,0.009010,,0.117088,0.294104,,,,,1.378957,0.958755,24,,0.000000,0.000000,0,0,440089,0.000000,0.000000,,0.000000,0.000000,0.000000
568,fields/00080__plt00040__fab0000_comp00_u.f32__c0000__dt-f32/chunk_0,read,4194304,,,,,0.008102,,0.039968,0.257297,,,,,1.238436,0.933069,24,,0.000000,0.000000,0,0,152136,0.000000,0.000000,,0.000000,0.000000,0.000000
569,fields/00080__plt00040__fab0000_comp00_u.f32__c0001__dt-f32/chunk_0,read,4194304,,,,,0.009149,,0.083104,0.175233,,,,,1.203585,0.936099,24,,0.000000,0.000000,0,0,18971,0.000000,0.000000,,0.000000,0.000000,0.000000
570,fields/00081__plt00040__fab0000_comp01_v.f32__c0000__dt-f32/chunk_0,read,4194304,,,,,0.009429,,0.110528,0.338454,,,,,1.525137,1.066726,24,,0.000000,0.000000,0,0,392631,0.000000,0.000000,,0.000000,0.000000,0.000000
571,fields/00081__plt00040__fab0000_comp01_v.f32__c0001__dt-f32/chunk_0,read,4194304,,,,,0.008031,,0.083040,0.344460,,,,,1.458507,1.022976,24,,0.000000,0.000000,0,0,392618,0.000000,0.000000,,0.000000,0.000000,0.000000
572,fields/00082__plt00041__fab0000_comp00_u.f32__c0000__dt-f32/chunk_0,read,4194304,,,,,0.008102,,0.084704,0.252758,,,,,1.300176,0.954612,24,,0.000000,0.000000,0,0,18993,0.000000,0.000000,,0.000000,0.000000,0.000000
573,fields/00082__plt00041__fab0000_comp00_u.f32__c0001__dt-f32/chunk_0,read,4194304,,,,,0.009079,,0.082528,0.238579,,,,,1.278386,0.948200,24,,0.000000,0.000000,0,0,18971,0.000000,0.000000,,0.000000,0.000000,0.000000
574,fields/00083__plt00041__fab0000_comp01_v.f32__c0000__dt-f32/chunk_0,read,4194304,,,,,0.008590,,0.082848,0.334053,,,,,1.402355,0.976864,24,,0.000000,0.000000,0,0,345535,0.000000,0.000000,,0.000000,0.000000,0.000000
575,fields/00083__plt00041__fab0000_comp01_v.f32__c0001__dt-f32/chunk_0,read,4194304,,,,,0.009010,,0.085920,0.237881,,,,,1.307719,0.974908,24,,0.000000,0.000000,0,0,345520,0.000000,0.000000,,0.000000,0.000000,0.000000
576,fields/00084__plt00042__fab0000_comp00_u.f32__c0000__dt-f32/chunk_0,read,4194304,,,,,0.008940,,0.083712,0.234250,,,,,1.360380,1.033478,24,,0.000000,0.000000,0,0,18993,0.000000,0.000000,,0.000000,0.000000,0.000000
577,fields/00084__plt00042__fab0000_comp00_u.f32__c0001__dt-f32/chunk_0,read,4194304,,,,,0.009428,,0.082208,0.235786,,,,,1.310373,0.982951,24,,0.000000,0.000000,0,0,18971,0.000000,0.000000,,0.000000,0.000000,0.000000
578,fields/00085__plt00042__fab0000_comp01_v.f32__c0000__dt-f32/chunk_0,read,4194304,,,,,0.009429,,0.047904,0.368207,,,,,1.377282,0.951742,24,,0.000000,0.000000,0,0,519944,0.000000,0.000000,,0.000000,0.000000,0.000000
579,fields/00085__plt00042__fab0000_comp01_v.f32__c0001__dt-f32/chunk_0,read,4194304,,,,,0.009428,,0.084224,0.321831,,,,,1.394882,0.979399,24,,0.000000,0.000000,0,0,298263,0.000000,0.000000,,0.000000,0.000000,0.000000
580,fields/00086__plt00043__fab0000_comp00_u.f32__c0000__dt-f32/chunk_0,read,4194304,,,,,0.007613,,0.082272,0.244306,,,,,1.276360,0.942169,24,,0.000000,0.000000,0,0,18993,0.000000,0.000000,,0.000000,0.000000,0.000000
581,fields/00086__plt00043__fab0000_comp00_u.f32__c0001__dt-f32/chunk_0,read,4194304,,,,,0.008590,,0.082976,0.182706,,,,,1.223979,0.949707,24,,0.000000,0.000000,0,0,18971,0.000000,0.000000,,0.000000,0.000000,0.000000
582,fields/00087__plt00043__fab0000_comp01_v.f32__c0000__dt-f32/chunk_0,read,4194304,,,,,0.009917,,0.085536,0.321692,,,,,1.544693,1.127548,24,,0.000000,0.000000,0,0,252354,0.000000,0.000000,,0.000000,0.000000,0.000000
583,fields/00087__plt00043__fab0000_comp01_v.f32__c0001__dt-f32/chunk_0,read,4194304,,,,,0.008521,,0.084992,0.302695,,,,,1.389155,0.992947,24,,0.000000,0.000000,0,0,252352,0.000000,0.000000,,0.000000,0.000000,0.000000
584,fields/00088__plt00044__fab0000_comp00_u.f32__c0000__dt-f32/chunk_0,read,4194304,,,,,0.009079,,0.081984,0.223145,,,,,1.272100,0.957892,24,,0.000000,0.000000,0,0,18993,0.000000,0.000000,,0.000000,0.000000,0.000000
585,fields/00088__plt00044__fab0000_comp00_u.f32__c0001__dt-f32/chunk_0,read,4194304,,,,,0.010406,,0.080256,0.232922,,,,,1.297592,0.974008,24,,0.000000,0.000000,0,0,18971,0.000000,0.000000,,0.000000,0.000000,0.000000
586,fields/00089__plt00044__fab0000_comp01_v.f32__c0000__dt-f32/chunk_0,read,4194304,,,,,0.008731,,0.082688,0.299971,,,,,1.367015,0.975625,24,,0.000000,0.000000,0,0,210110,0.000000,0.000000,,0.000000,0.000000,0.000000
587,fields/00089__plt00044__fab0000_comp01_v.f32__c0001__dt-f32/chunk_0,read,4194304,,,,,0.008520,,0.082080,0.216998,,,,,1.272030,0.964432,24,,0.000000,0.000000,0,0,210113,0.000000,0.000000,,0.000000,0.000000,0.000000
588,fields/00090__plt00045__fab0000_comp00_u.f32__c0000__dt-f32/chunk_0,read,4194304,,,,,0.008032,,0.041376,0.282580,,,,,1.360380,1.028392,24,,0.000000,0.000000,0,0,152136,0.000000,0.000000,,0.000000,0.000000,0.000000
589,fields/00090__plt00045__fab0000_comp00_u.f32__c0001__dt-f32/chunk_0,read,4194304,,,,,0.009079,,0.082112,0.237741,,,,,1.302900,0.973968,24,,0.000000,0.000000,0,0,18971,0.000000,0.000000,,0.000000,0.000000,0.000000
590,fields/00091__plt00045__fab0000_comp01_v.f32__c0000__dt-f32/chunk_0,read,4194304,,,,,0.008101,,0.082912,0.269171,,,,,1.321269,0.961085,24,,0.000000,0.000000,0,0,173834,0.000000,0.000000,,0.000000,0.000000,0.000000
591,fields/00091__plt00045__fab0000_comp01_v.f32__c0001__dt-f32/chunk_0,read,4194304,,,,,0.009917,,0.083104,0.304650,,,,,1.361986,0.964315,24,,0.000000,0.000000,0,0,173837,0.000000,0.000000,,0.000000,0.000000,0.000000
592,fields/00092__plt00046__fab0000_comp00_u.f32__c0000__dt-f32/chunk_0,read,4194304,,,,,0.010546,,0.106624,0.235366,,,,,1.325808,0.973272,24,,0.000000,0.000000,0,0,49216,0.000000,0.000000,,0.000000,0.000000,0.000000
593,fields/00092__plt00046__fab0000_comp00_u.f32__c0001__dt-f32/chunk_0,read,4194304,,,,,0.008730,,0.083168,0.171181,,,,,1.179070,0.915991,24,,0.000000,0.000000,0,0,18971,0.000000,0.000000,,0.000000,0.000000,0.000000
594,fields/00093__plt00046__fab0000_comp01_v.f32__c0000__dt-f32/chunk_0,read,4194304,,,,,0.009428,,0.085088,0.306955,,,,,1.464025,1.062554,24,,0.000000,0.000000,0,0,143501,0.000000,0.000000,,0.000000,0.000000,0.000000
595,fields/00093__plt00046__fab0000_comp01_v.f32__c0001__dt-f32/chunk_0,read,4194304,,,,,0.007613,,0.084608,0.242211,,,,,1.317637,0.983205,24,,0.000000,0.000000,0,0,143501,0.000000,0.000000,,0.000000,0.000000,0.000000
596,fields/00094__plt00047__fab0000_comp00_u.f32__c0000__dt-f32/chunk_0,read,4194304,,,,,0.007752,,0.083936,0.230408,,,,,1.271681,0.949585,24,,0.000000,0.000000,0,0,18993,0.000000,0.000000,,0.000000,0.000000,0.000000
597,fields/00094__plt00047__fab0000_comp00_u.f32__c0001__dt-f32/chunk_0,read,4194304,,,,,0.008102,,0.081280,0.235786,,,,,1.274474,0.949306,24,,0.000000,0.000000,0,0,18971,0.000000,0.000000,,0.000000,0.000000,0.000000
598,fields/00095__plt00047__fab0000_comp01_v.f32__c0000__dt-f32/chunk_0,read,4194304,,,,,0.008241,,0.047744,0.372887,,,,,1.309046,0.880174,24,,0.000000,0.000000,0,0,340720,0.000000,0.000000,,0.000000,0.000000,0.000000
599,fields/00095__plt00047__fab0000_comp01_v.f32__c0001__dt-f32/chunk_0,read,4194304,,,,,0.005657,,0.069888,0.154001,,,,,0.938535,0.708989,24,,0.000000,0.000000,0,0,120095,0.000000,0.000000,,0.000000,0.000000,0.000000
600,fields/00096__plt00048__fab0000_comp00_u.f32__c0000__dt-f32/chunk_0,read,4194304,,,,,0.034292,,0.112320,0.218675,,,,,1.425333,1.060046,24,,0.000000,0.000000,0,0,49216,0.000000,0.000000,,0.000000,0.000000,0.000000
601,fields/00096__plt00048__fab0000_comp00_u.f32__c0001__dt-f32/chunk_0,read,4194304,,,,,0.005797,,0.070720,0.154281,,,,,0.955018,0.724220,24,,0.000000,0.000000,0,0,18971,0.000000,0.000000,,0.000000,0.000000,0.000000
602,fields/00097__plt00048__fab0000_comp01_v.f32__c0000__dt-f32/chunk_0,read,4194304,,,,,0.005727,,0.070752,0.152186,,,,,0.941049,0.712384,24,,0.000000,0.000000,0,0,103185,0.000000,0.000000,,0.000000,0.000000,0.000000
603,fields/00097__plt00048__fab0000_comp01_v.f32__c0001__dt-f32/chunk_0,read,4194304,,,,,0.006146,,0.072800,0.262326,,,,,1.052657,0.711385,24,,0.000000,0.000000,0,0,103185,0.000000,0.000000,,0.000000,0.000000,0.000000
604,fields/00098__plt00049__fab0000_comp00_u.f32__c0000__dt-f32/chunk_0,read,4194304,,,,,0.006565,,0.092704,0.235019,,,,,1.066904,0.732616,24,,0.000000,0.000000,0,0,49216,0.000000,0.000000,,0.000000,0.000000,0.000000
605,fields/00098__plt00049__fab0000_comp00_u.f32__c0001__dt-f32/chunk_0,read,4194304,,,,,0.005797,,0.070080,0.198631,,,,,0.991964,0.717456,24,,0.000000,0.000000,0,0,18971,0.000000,0.000000,,0.000000,0.000000,0.000000
606,fields/00099__plt00049__fab0000_comp01_v.f32__c0000__dt-f32/chunk_0,read,4194304,,,,,0.008591,,0.083968,0.252058,,,,,1.406615,1.061998,24,,0.000000,0.000000,0,0,93530,0.000000,0.000000,,0.000000,0.000000,0.000000
607,fields/00099__plt00049__fab0000_comp01_v.f32__c0001__dt-f32/chunk_0,read,4194304,,,,,0.006635,,0.074144,0.171462,,,,,1.010821,0.758580,24,,0.000000,0.000000,0,0,93530,0.000000,0.000000,,0.000000,0.000000,0.000000
608,fields/00100__plt00050__fab0000_comp00_u.f32__c0000__dt-f32/chunk_0,read,4194304,,,,,0.005308,,0.046240,0.185499,,,,,0.917234,0.680187,24,,0.000000,0.000000,0,0,190668,0.000000,0.000000,,0.000000,0.000000,0.000000
609,fields/00100__plt00050__fab0000_comp00_u.f32__c0001__dt-f32/chunk_0,read,4194304,,,,,0.007752,,0.076288,0.214624,,,,,1.079406,0.780742,24,,0.000000,0.000000,0,0,18971,0.000000,0.000000,,0.000000,0.000000,0.000000
610,fields/00101__plt00050__fab0000_comp01_v.f32__c0000__dt-f32/chunk_0,read,4194304,,,,,0.005378,,0.068896,0.231456,,,,,1.020808,0.715078,24,,0.000000,0.000000,0,0,89384,0.000000,0.000000,,0.000000,0.000000,0.000000
611,fields/00101__plt00050__fab0000_comp01_v.f32__c0001__dt-f32/chunk_0,read,4194304,,,,,0.005727,,0.092128,0.169646,,,,,0.989310,0.721809,24,,0.000000,0.000000,0,0,198384,0.000000,0.000000,,0.000000,0.000000,0.000000
