seq,chunk_id,path,chunk_bytes,stats_ms,nn_ms,nn_batch_chunks,choice_ms,factory_ms,compress_ms,decompress_ms,io_ms,io_start_ns,preproc_ms,h2d_ms,h2d_start_ns,wall_ms,other_ms,lib,reused,explore_ms,sgd_ms,explored,sgd_updates,stored_bytes,convert_ms,label_ms,nn_gpu_ms,sgd_gpu_ms,label_gpu_ms,explore_gpu_ms
0,fields/00000__plt00000__fab0000_comp00_density.f32__c0000__dt-f32/chunk_0,write,4194304,,0.342924,1,,0.011873,0.076800,,3.102033,284256914929369.000000,0.000000,0.903407,284256313683522.000000,604.676346,6.032907,24,0,593.953993,0.001885,43,0,1180696,0.000000,0.250524,0.279520,0.000000,0.055296,246.805729
1,fields/00003__plt00001__fab0000_comp00_density.f32__c0002__dt-f32/chunk_0,write,4194304,,0.269660,1,,0.006146,0.093248,,0.000000,,0.000000,0.835520,284256921387938.000000,261.366793,3.517792,24,0,256.412342,0.001397,43,0,674684,0.000000,0.230688,0.242560,0.000000,0.070720,249.817757
2,fields/00006__plt00002__fab0000_comp00_density.f32__c0004__dt-f32/chunk_0,write,4194304,,0.739278,1,,0.005168,0.094752,,4.774120,284257696159943.000000,0.000000,1.089326,284257186035141.000000,514.942852,0.450365,24,0,507.407389,0.001816,43,0,1868902,0.000000,0.380638,0.421216,0.000000,0.079264,238.433279
3,fields/00009__plt00003__fab0000_comp00_density.f32__c0006__dt-f32/chunk_0,write,4194304,,0.269520,1,,0.009848,0.120480,,5.757146,284257932738832.000000,0.000000,0.973039,284257704542729.000000,233.961280,0.311352,24,0,226.377906,0.002794,43,0,2262432,0.000000,0.139195,0.244352,0.000000,0.072800,222.879775
4,fields/00012__plt00004__fab0000_comp00_density.f32__c0008__dt-f32/chunk_0,write,4194304,,0.249475,1,,0.010476,0.295936,,4.492378,284258199315630.000000,0.000000,0.932600,284257942369695.000000,261.447182,0.700501,24,0,254.521509,0.002374,43,0,696364,0.000000,0.241933,0.224928,0.000000,0.190080,250.876160
5,fields/00015__plt00005__fab0000_comp00_density.f32__c0010__dt-f32/chunk_0,write,4194304,,0.260091,1,,0.015156,0.203776,,1.962071,284258507496540.000000,0.000000,0.976321,284258208472266.000000,300.993889,44.886781,24,0,251.992251,0.002375,43,0,674758,0.000000,0.695067,0.236416,0.000000,0.125792,248.250210
6,fields/00018__plt00006__fab0000_comp00_density.f32__c0012__dt-f32/chunk_0,write,4194304,,0.289076,1,,0.008451,0.075040,,5.479454,284258758311465.000000,0.000000,1.173066,284258512347207.000000,251.446924,0.454292,24,0,243.694253,0.001886,43,0,1868870,0.000000,0.271406,0.261696,0.000000,0.074592,240.174942
7,fields/00021__plt00007__fab0000_comp00_density.f32__c0014__dt-f32/chunk_0,write,4194304,,0.277203,1,,0.012362,0.106432,,4.897740,284258994422482.000000,0.000000,1.165035,284258766863408.000000,232.461563,0.290829,24,0,225.564596,0.001885,43,0,2262396,0.000000,0.145481,0.249248,0.000000,0.082880,222.051968
8,fields/00025__plt00008__fab0000_comp01_rho_E.f32__c0000__dt-f32/chunk_0,write,4194304,,0.284816,1,,0.011873,0.511648,,0.000000,,0.000000,0.939654,284259002199110.000000,37.794302,0.677482,24,0,34.826366,0.001467,43,0,13084,0.000000,0.540996,0.256544,0.000000,0.479008,30.535296
9,fields/00028__plt00009__fab0000_comp01_rho_E.f32__c0002__dt-f32/chunk_0,write,4194304,,0.276924,1,,0.009498,0.344832,,0.000000,,0.000000,0.948664,284259042820336.000000,36.304432,0.682754,24,0,33.593514,0.001886,43,0,1612,0.000000,0.446360,0.250112,0.000000,0.385952,29.729152
10,fields/00031__plt00010__fab0000_comp01_rho_E.f32__c0004__dt-f32/chunk_0,write,4194304,,0.268263,1,,0.010966,0.356416,,0.000000,,0.000000,0.905990,284259081823254.000000,37.453751,1.056627,24,0,34.408151,0.001397,43,0,139288,0.000000,0.445941,0.241504,0.000000,0.384320,30.808992
11,fields/00034__plt00011__fab0000_comp01_rho_E.f32__c0006__dt-f32/chunk_0,write,4194304,,0.274130,1,,0.008520,0.081408,,0.000000,,0.000000,1.148552,284259122254859.000000,44.454923,0.663597,24,0,42.115007,0.001955,43,0,33512,0.000000,0.161754,0.248864,0.000000,0.101184,38.685472
12,fields/00037__plt00012__fab0000_comp01_rho_E.f32__c0008__dt-f32/chunk_0,write,4194304,,0.283908,1,,0.009149,0.115936,,0.000000,,0.000000,0.943496,284259169515336.000000,73.758463,0.869745,24,0,71.378876,0.001885,43,0,114843,0.000000,0.155468,0.256032,0.000000,0.100672,67.830144
13,fields/00040__plt00013__fab0000_comp01_rho_E.f32__c0010__dt-f32/chunk_0,write,4194304,,0.264352,1,,0.010477,0.343968,,0.000000,,0.000000,1.130882,284259246439597.000000,36.370432,0.715395,24,0,33.476878,0.001955,43,0,13084,0.000000,0.426525,0.239360,0.000000,0.367232,30.020224
14,fields/00043__plt00014__fab0000_comp01_rho_E.f32__c0012__dt-f32/chunk_0,write,4194304,,0.265120,1,,0.010406,0.342880,,0.000000,,0.000000,0.904803,284259285158607.000000,36.211542,0.873698,24,0,33.371627,0.001886,43,0,13084,0.000000,0.441122,0.240544,0.000000,0.380320,29.947744
15,fields/00046__plt00015__fab0000_comp01_rho_E.f32__c0014__dt-f32/chunk_0,write,4194304,,0.292009,1,,0.012711,0.343456,,0.000000,,0.000000,0.941121,284259323786472.000000,36.204418,0.716677,24,0,33.457113,0.001466,43,0,13084,0.000000,0.439865,0.249088,0.000000,0.374176,29.978176
16,fields/00050__plt00016__fab0000_comp02_logden.f32__c0001__dt-f32/chunk_0,write,4194304,,0.266098,1,,0.010616,0.219136,,4.470516,284259659889448.000000,0.000000,1.167828,284259362697059.000000,301.667585,0.321302,24,0,295.035458,0.002375,43,0,1225762,0.000000,0.174256,0.241152,0.000000,0.123328,291.594366
17,fields/00053__plt00017__fab0000_comp02_logden.f32__c0003__dt-f32/chunk_0,write,4194304,,0.260162,1,,0.010406,0.289792,,3.311629,284259965171496.000000,0.000000,1.321690,284259666943909.000000,301.543127,0.339275,24,0,295.768869,0.001886,43,0,1225576,0.000000,0.239418,0.235168,0.000000,0.186528,292.313440
18,fields/00056__plt00018__fab0000_comp02_logden.f32__c0005__dt-f32/chunk_0,write,4194304,,0.276644,1,,0.007124,0.090080,,0.000000,,0.000000,1.178374,284259971109393.000000,211.167366,2.512165,24,0,206.959525,0.001396,43,0,2527256,0.000000,0.142058,0.250944,0.000000,0.081696,198.300640
19,fields/00059__plt00019__fab0000_comp02_logden.f32__c0007__dt-f32/chunk_0,write,4194304,,0.308073,1,,0.003842,0.078016,,0.000000,,0.000000,1.057966,284260185532025.000000,203.730868,4.320076,24,0,197.659433,0.001885,43,0,2579411,0.000000,0.301577,0.268352,0.000000,0.072864,188.353727
20,fields/00062__plt00020__fab0000_comp02_logden.f32__c0009__dt-f32/chunk_0,write,4194304,,0.272035,1,,0.009359,0.106496,,0.000000,,0.000000,1.038202,284260391945035.000000,304.744824,4.074734,24,0,299.150200,0.001397,43,0,1371860,0.000000,0.092401,0.248384,0.000000,0.060416,294.149823
21,fields/00065__plt00021__fab0000_comp02_logden.f32__c0011__dt-f32/chunk_0,write,4194304,,0.327210,1,,0.010547,0.353280,,3.085341,284260999339353.000000,0.000000,0.933927,284260700817312.000000,301.612969,0.444036,24,0,296.065418,0.002444,43,0,1225582,0.000000,0.390766,0.293504,0.000000,0.337248,292.379648
22,fields/00068__plt00022__fab0000_comp02_logden.f32__c0013__dt-f32/chunk_0,write,4194304,,0.280835,1,,0.007682,0.099552,,8.831241,284261211462436.000000,0.000000,1.064253,284261005125972.000000,215.172455,0.349952,24,0,204.383821,0.001886,43,0,2913701,0.000000,0.153233,0.254176,0.000000,0.087072,200.804001
23,fields/00071__plt00023__fab0000_comp02_logden.f32__c0015__dt-f32/chunk_0,write,4194304,,0.271615,1,,0.015156,0.127808,,7.987690,284261414906044.000000,0.000000,1.027026,284261222760568.000000,200.137916,0.310381,24,0,190.247520,0.001956,43,0,2909958,0.000000,0.148764,0.243200,0.000000,0.082624,186.766625
24,fields/00075__plt00025__fab0000_comp00_density.f32__c0001__dt-f32/chunk_0,write,4194304,,0.260720,1,,0.011454,0.320512,,1.916604,284261679856292.000000,0.000000,0.867856,284261425642856.000000,256.133812,0.330138,24,0,252.216513,0.002375,43,0,674736,0.000000,0.207640,0.235904,0.000000,0.155840,248.670463
25,fields/00078__plt00026__fab0000_comp00_density.f32__c0003__dt-f32/chunk_0,write,4194304,,0.335521,1,,0.010965,0.256000,,2.342780,284261938700812.000000,0.000000,1.056011,284261684836376.000000,256.212873,0.317055,24,0,251.720007,0.001885,43,0,674764,0.000000,0.172649,0.308320,0.000000,0.118592,248.179520
26,fields/00081__plt00027__fab0000_comp00_density.f32__c0005__dt-f32/chunk_0,write,4194304,,0.275108,1,,0.007683,0.089408,,5.095602,284262186121135.000000,0.000000,1.101338,284261943925622.000000,247.294957,0.283688,24,0,240.307754,0.001886,43,0,2113724,0.000000,0.132490,0.247488,0.000000,0.071488,236.793663
27,fields/00084__plt00028__fab0000_comp00_density.f32__c0007__dt-f32/chunk_0,write,4194304,,0.285374,1,,0.010616,0.103744,,5.805407,284262415478292.000000,0.000000,0.835380,284262194360047.000000,226.927004,0.314401,24,0,219.426531,0.001886,43,0,2395521,0.000000,0.143665,0.256224,0.000000,0.080960,215.931361
28,fields/00087__plt00029__fab0000_comp00_density.f32__c0009__dt-f32/chunk_0,write,4194304,,0.252828,1,,0.008032,0.281600,,2.403124,284262700573207.000000,0.000000,1.040506,284262424106293.000000,278.876953,3.076056,24,0,271.606609,0.001885,43,0,927272,0.000000,0.206313,0.226784,0.000000,0.153184,268.089600
29,fields/00090__plt00030__fab0000_comp00_density.f32__c0011__dt-f32/chunk_0,write,4194304,,0.258555,1,,0.010057,0.252928,,1.862966,284262960534361.000000,0.000000,1.037014,284262706053290.000000,256.349694,0.306017,24,0,252.396078,0.001816,43,0,674658,0.000000,0.224263,0.233696,0.000000,0.151264,248.949759
30,fields/00093__plt00031__fab0000_comp00_density.f32__c0013__dt-f32/chunk_0,write,4194304,,0.265609,1,,0.010966,0.091136,,0.000000,,0.000000,1.063694,284262965428609.000000,247.425701,4.063065,24,0,241.841414,0.001956,43,0,2312844,0.000000,0.087861,0.242048,0.000000,0.053248,236.527680
31,fields/00096__plt00032__fab0000_comp00_density.f32__c0015__dt-f32/chunk_0,write,4194304,,0.267705,1,,0.008031,0.087904,,5.864633,284263432629284.000000,0.000000,0.874143,284263215952851.000000,222.751080,0.482703,24,0,215.019851,0.001956,43,0,2327689,0.000000,0.144154,0.242080,0.000000,0.083104,211.509697
32,fields/00100__plt00033__fab0000_comp01_rho_E.f32__c0002__dt-f32/chunk_0,write,4194304,,0.339851,1,,0.011454,0.502848,,0.000000,,0.000000,0.839082,284263441470374.000000,37.203577,0.773165,24,0,34.200581,0.001467,43,0,13084,0.000000,0.535129,0.303008,0.000000,0.475392,30.667136
33,fields/00103__plt00034__fab0000_comp01_rho_E.f32__c0004__dt-f32/chunk_0,write,4194304,,0.267495,1,,0.010476,0.350080,,0.000000,,0.000000,0.837616,284263481246232.000000,35.882447,0.671707,24,0,33.314776,0.002375,43,0,13084,0.000000,0.427922,0.242976,0.000000,0.367200,29.881152
34,fields/00106__plt00035__fab0000_comp01_rho_E.f32__c0006__dt-f32/chunk_0,write,4194304,,0.284536,1,,0.010476,0.120000,,0.000000,,0.000000,0.864924,284263519802929.000000,89.420462,1.159785,24,0,86.829253,0.001467,43,0,315868,0.000000,0.150021,0.256576,0.000000,0.099968,82.883808
35,fields/00109__plt00036__fab0000_comp01_rho_E.f32__c0008__dt-f32/chunk_0,write,4194304,,0.403058,1,,0.010477,0.108288,,0.000000,,0.000000,0.859127,284263612098926.000000,112.149145,1.258589,24,0,109.365871,0.001886,43,0,365963,0.000000,0.141849,0.374656,0.000000,0.091360,105.672576
36,fields/00112__plt00037__fab0000_comp01_rho_E.f32__c0010__dt-f32/chunk_0,write,4194304,,0.286771,1,,0.010127,0.102400,,0.000000,,0.000000,1.063275,284263727137505.000000,72.332219,0.726904,24,0,69.992093,0.001816,43,0,65766,0.000000,0.148833,0.257856,0.000000,0.097440,66.469856
37,fields/00115__plt00038__fab0000_comp01_rho_E.f32__c0012__dt-f32/chunk_0,write,4194304,,0.277273,1,,0.011454,0.356864,,0.000000,,0.000000,0.884340,284263802142438.000000,36.434618,1.029292,24,0,33.429385,0.001885,43,0,1612,0.000000,0.444125,0.249600,0.000000,0.379232,29.942688
38,fields/00118__plt00039__fab0000_comp01_rho_E.f32__c0014__dt-f32/chunk_0,write,4194304,,0.279578,1,,0.010616,0.339936,,0.000000,,0.000000,1.085973,284263841368082.000000,35.897742,0.667743,24,0,33.081713,0.002375,43,0,1612,0.000000,0.429808,0.252480,0.000000,0.369120,29.644608
39,fields/00122__plt00040__fab0000_comp02_logden.f32__c0000__dt-f32/chunk_0,write,4194304,,0.268892,1,,0.010895,0.211968,,4.086037,284264177168222.000000,0.000000,0.868136,284263879919540.000000,301.338979,0.328049,24,0,295.386904,0.002375,43,0,1225828,0.000000,0.175723,0.245856,0.000000,0.122912,291.838240
40,fields/00125__plt00041__fab0000_comp02_logden.f32__c0002__dt-f32/chunk_0,write,4194304,,0.272803,1,,0.010896,0.113664,,0.000000,,0.000000,1.109441,284264184129793.000000,302.532997,2.754465,24,0,298.179606,0.001467,43,0,1226030,0.000000,0.090655,0.245120,0.000000,0.059392,293.836383
41,fields/00128__plt00042__fab0000_comp02_logden.f32__c0004__dt-f32/chunk_0,write,4194304,,0.290124,1,,0.009848,0.114656,,8.345700,284264695746280.000000,0.000000,0.839362,284264489695400.000000,214.400212,0.285887,24,0,204.365802,0.001955,43,0,2914543,0.000000,0.146878,0.260736,0.000000,0.082816,200.885408
42,fields/00131__plt00043__fab0000_comp02_logden.f32__c0006__dt-f32/chunk_0,write,4194304,,0.284327,1,,0.008940,0.094880,,10.686385,284264913610446.000000,0.000000,0.887273,284264706931477.000000,217.370593,0.296934,24,0,204.967211,0.001816,43,0,2954958,0.000000,0.142827,0.256320,0.000000,0.078496,201.493858
43,fields/00134__plt00044__fab0000_comp02_logden.f32__c0008__dt-f32/chunk_0,write,4194304,,0.452995,1,,0.010896,0.296960,,4.015706,284265224193014.000000,0.000000,0.877076,284264927141636.000000,301.071205,0.310736,24,0,294.869863,0.001396,43,0,1709690,0.000000,0.235577,0.233120,0.000000,0.159648,291.296189
44,fields/00137__plt00045__fab0000_comp02_logden.f32__c0010__dt-f32/chunk_0,write,4194304,,0.264701,1,,0.010616,0.507904,,3.682070,284265530157768.000000,0.000000,1.065160,284265231121550.000000,302.721221,0.314556,24,0,296.712434,0.001397,43,0,1422558,0.000000,0.162383,0.237856,0.000000,0.112128,293.233374
45,fields/00140__plt00046__fab0000_comp02_logden.f32__c0012__dt-f32/chunk_0,write,4194304,,0.281533,1,,0.008731,0.097696,,6.809874,284265742676716.000000,0.000000,1.064462,284265536710344.000000,212.780576,0.281686,24,0,204.100332,0.001886,43,0,2914614,0.000000,0.134376,0.256064,0.000000,0.072512,200.657375
46,fields/00143__plt00047__fab0000_comp02_logden.f32__c0014__dt-f32/chunk_0,write,4194304,,0.281463,1,,0.009010,0.093184,,0.000000,,0.000000,1.064183,284265752126059.000000,204.956247,4.632886,24,0,198.731438,0.001466,43,0,2476389,0.000000,0.142617,0.253984,0.000000,0.081376,191.917856
47,fields/00147__plt00049__fab0000_comp00_density.f32__c0000__dt-f32/chunk_0,write,4194304,,0.259044,1,,0.013340,0.290816,,1.879728,284266214451553.000000,0.000000,1.077942,284265959770105.000000,256.568788,0.323722,24,0,252.480866,0.001886,43,0,674754,0.000000,0.241444,0.233248,0.000000,0.190848,249.008701
48,fields/00150__plt00050__fab0000_comp00_density.f32__c0003__dt-f32/chunk_0,write,4194304,,0.259114,1,,0.010477,0.288768,,2.430222,284266473793278.000000,0.000000,1.068862,284266219151989.000000,257.079333,0.517558,24,0,252.260653,0.001886,43,0,674764,0.000000,0.241793,0.233216,0.000000,0.189440,248.806175
49,fields/00153__plt00051__fab0000_comp00_density.f32__c0005__dt-f32/chunk_0,write,4194304,,0.268613,1,,0.008032,0.090688,,4.949563,284266723436602.000000,0.000000,1.068862,284266479054685.000000,249.334763,0.280104,24,0,242.525098,0.001815,43,0,2184537,0.000000,0.141988,0.245056,0.000000,0.081376,239.000736
50,fields/00156__plt00052__fab0000_comp00_density.f32__c0007__dt-f32/chunk_0,write,4194304,,0.266517,1,,0.012502,0.063488,,6.196382,284266954295432.000000,0.000000,1.065579,284266731227129.000000,229.271390,1.261274,24,0,220.253531,0.002375,43,0,2675916,0.000000,0.149742,0.242272,0.000000,0.049152,216.808768
51,fields/00159__plt00053__fab0000_comp00_density.f32__c0009__dt-f32/chunk_0,write,4194304,,0.277343,1,,0.010966,0.114336,,0.000000,,0.000000,0.838803,284266963365463.000000,277.210243,2.544409,24,0,273.280163,0.001955,43,0,1131374,0.000000,0.142268,0.249120,0.000000,0.085184,268.963804
52,fields/00162__plt00054__fab0000_comp00_density.f32__c0011__dt-f32/chunk_0,write,4194304,,0.257647,1,,0.038482,0.103360,,0.000000,,0.000000,1.030310,284267243605312.000000,261.156290,1.854033,24,0,257.741015,0.002305,43,0,697514,0.000000,0.129138,0.233696,0.000000,0.078720,253.838207
53,fields/00165__plt00055__fab0000_comp00_density.f32__c0013__dt-f32/chunk_0,write,4194304,,0.286632,1,,0.009079,0.115104,,4.570391,284267748106645.000000,0.000000,1.075497,284267507405332.000000,245.274568,0.296265,24,0,238.581609,0.001467,43,0,2109635,0.000000,0.338524,0.259296,0.000000,0.086944,235.029025
54,fields/00168__plt00056__fab0000_comp00_density.f32__c0015__dt-f32/chunk_0,write,4194304,,0.267775,1,,0.009150,0.087808,,5.749603,284267972726768.000000,0.000000,0.882733,284267755525403.000000,222.955718,0.275929,24,0,215.539963,0.001816,43,0,2327689,0.000000,0.140941,0.242816,0.000000,0.081536,212.107617
55,fields/00172__plt00057__fab0000_comp01_rho_E.f32__c0001__dt-f32/chunk_0,write,4194304,,0.275317,1,,0.011384,0.419840,,0.000000,,0.000000,1.062716,284267981329417.000000,38.080654,1.573033,24,0,33.712315,0.002933,43,0,13084,0.000000,1.023116,0.249312,0.000000,0.448736,30.222432
56,fields/00175__plt00058__fab0000_comp01_rho_E.f32__c0003__dt-f32/chunk_0,write,4194304,,0.266378,1,,0.011385,0.342624,,0.000000,,0.000000,0.869603,284268021986961.000000,36.274539,1.106038,24,0,33.244584,0.001466,43,0,13084,0.000000,0.432461,0.240992,0.000000,0.373920,29.795968
57,fields/00178__plt00059__fab0000_comp01_rho_E.f32__c0005__dt-f32/chunk_0,write,4194304,,0.272314,1,,0.010057,0.117760,,0.000000,,0.000000,0.887133,284268060899712.000000,115.803209,2.128289,24,0,111.940317,0.001886,43,0,417748,0.000000,0.445453,0.248192,0.000000,0.177728,108.109633
58,fields/00181__plt00060__fab0000_comp01_rho_E.f32__c0007__dt-f32/chunk_0,write,4194304,,0.273501,1,,0.009988,0.201184,,0.000000,,0.000000,1.053218,284268179741607.000000,115.570984,2.207596,24,0,111.540123,0.001956,43,0,673421,0.000000,0.283418,0.246496,0.000000,0.224320,107.663425
59,fields/00184__plt00061__fab0000_comp01_rho_E.f32__c0009__dt-f32/chunk_0,write,4194304,,0.455440,1,,0.010127,0.212800,,0.000000,,0.000000,1.058875,284268298174088.000000,100.415479,1.495533,24,0,96.868554,0.002445,43,0,451880,0.000000,0.311705,0.430176,0.000000,0.250080,93.119008
60,fields/00187__plt00062__fab0000_comp01_rho_E.f32__c0011__dt-f32/chunk_0,write,4194304,,0.309889,1,,0.008381,0.090112,,0.000000,,0.000000,0.874981,284268401653536.000000,87.661841,1.103766,24,0,85.212133,0.001467,43,0,296724,0.000000,0.061112,0.285120,0.000000,0.031744,81.524864
61,fields/00190__plt00063__fab0000_comp01_rho_E.f32__c0013__dt-f32/chunk_0,write,4194304,,0.265539,1,,0.012362,0.410656,,0.000000,,0.000000,0.843063,284268491885283.000000,36.523456,0.786226,24,0,33.743745,0.001397,43,0,13084,0.000000,0.460468,0.239936,0.000000,0.400736,30.234560
62,fields/00193__plt00064__fab0000_comp01_rho_E.f32__c0015__dt-f32/chunk_0,write,4194304,,0.278460,1,,0.010337,0.364672,,0.000000,,0.000000,0.841386,284268531375628.000000,38.470861,3.242110,24,0,33.301714,0.002374,43,0,13084,0.000000,0.429808,0.250400,0.000000,0.369792,29.755648
63,fields/00197__plt00065__fab0000_comp02_logden.f32__c0001__dt-f32/chunk_0,write,4194304,,0.261767,1,,0.009988,0.238592,,3.888104,284268869683864.000000,0.000000,0.854726,284268572548187.000000,301.028041,0.323637,24,0,295.270825,0.001956,43,0,1225762,0.000000,0.178446,0.235168,0.000000,0.125600,291.736865
64,fields/00200__plt00066__fab0000_comp02_logden.f32__c0004__dt-f32/chunk_0,write,4194304,,0.267286,1,,0.009150,0.097024,,7.248692,284269090328161.000000,0.000000,0.872886,284268876795805.000000,220.789289,0.319582,24,0,211.840782,0.001885,43,0,2923554,0.000000,0.132002,0.242176,0.000000,0.071360,208.320638
65,fields/00203__plt00067__fab0000_comp02_logden.f32__c0006__dt-f32/chunk_0,write,4194304,,0.278600,1,,0.007752,0.095808,,8.684643,284269319403993.000000,0.000000,1.051262,284269100302786.000000,227.789203,0.294470,24,0,217.231677,0.001466,43,0,2983664,0.000000,0.143525,0.249856,0.000000,0.083040,213.788032
66,fields/00206__plt00068__fab0000_comp02_logden.f32__c0008__dt-f32/chunk_0,write,4194304,,0.252409,1,,0.030032,0.288768,,4.834253,284269627043838.000000,0.000000,0.838872,284269330799415.000000,301.083356,0.318299,24,0,294.266987,0.001886,43,0,1922676,0.000000,0.251850,0.227936,0.000000,0.198368,290.762271
67,fields/00209__plt00069__fab0000_comp02_logden.f32__c0010__dt-f32/chunk_0,write,4194304,,0.267006,1,,0.010127,0.304128,,3.813164,284269934736693.000000,0.000000,1.059433,284269634465459.000000,304.087331,0.329898,24,0,298.063737,0.002305,43,0,1610536,0.000000,0.237533,0.242432,0.000000,0.186208,294.657373
68,fields/00212__plt00070__fab0000_comp02_logden.f32__c0012__dt-f32/chunk_0,write,4194304,,0.279717,1,,0.007543,0.088768,,0.000000,,0.000000,1.070888,284269941114664.000000,214.546935,5.243314,24,0,207.717721,0.002304,43,0,2636388,0.000000,0.136680,0.252672,0.000000,0.074016,200.803711
69,fields/00215__plt00071__fab0000_comp02_logden.f32__c0014__dt-f32/chunk_0,write,4194304,,0.289355,1,,0.013340,0.114336,,0.000000,,0.000000,1.067324,284270158284861.000000,203.257032,4.875028,24,0,196.719412,0.002375,43,0,2476389,0.000000,0.175862,0.260544,0.000000,0.086112,191.719103
70,fields/00219__plt00073__fab0000_comp00_density.f32__c0000__dt-f32/chunk_0,write,4194304,,0.260929,1,,0.010127,0.091136,,2.807505,284270618987159.000000,0.000000,1.032124,284270364019744.000000,257.793148,0.325330,24,0,253.172897,0.001956,43,0,1180696,0.000000,0.091144,0.234880,0.000000,0.060416,249.696222
71,fields/00222__plt00074__fab0000_comp00_density.f32__c0002__dt-f32/chunk_0,write,4194304,,0.256669,1,,0.010546,0.103168,,0.000000,,0.000000,1.066975,284270624589736.000000,256.680008,1.804356,24,0,253.302523,0.001396,43,0,674684,0.000000,0.134375,0.232160,0.000000,0.083584,249.310081
72,fields/00225__plt00075__fab0000_comp00_density.f32__c0004__dt-f32/chunk_0,write,4194304,,0.275806,1,,0.007752,0.081920,,0.000000,,0.000000,0.875468,284270884051338.000000,253.246371,4.001108,24,0,247.921485,0.002304,43,0,1980769,0.000000,0.080528,0.247712,0.000000,0.051200,241.777698
73,fields/00228__plt00076__fab0000_comp00_density.f32__c0006__dt-f32/chunk_0,write,4194304,,0.268263,1,,0.008590,0.081920,,0.000000,,0.000000,1.080804,284271139950932.000000,239.710802,4.709513,24,0,233.479857,0.001816,43,0,2437008,0.000000,0.080039,0.243424,0.000000,0.050176,226.787712
74,fields/00231__plt00077__fab0000_comp00_density.f32__c0008__dt-f32/chunk_0,write,4194304,,0.312892,1,,0.009848,0.322560,,3.781868,284271652162817.000000,0.000000,0.858776,284271382235408.000000,273.712630,0.369922,24,0,267.604887,0.001467,43,0,1533476,0.000000,0.450410,0.286144,0.000000,0.397120,264.129825
75,fields/00234__plt00078__fab0000_comp00_density.f32__c0010__dt-f32/chunk_0,write,4194304,,0.257158,1,,0.009010,0.108800,,0.000000,,0.000000,1.057825,284271658529884.000000,282.559434,2.509293,24,0,278.479480,0.001886,43,0,1155746,0.000000,0.135982,0.232000,0.000000,0.083040,274.212895
76,fields/00237__plt00079__fab0000_comp00_density.f32__c0012__dt-f32/chunk_0,write,4194304,,0.287678,1,,0.008940,0.085536,,4.700360,284272188764261.000000,0.000000,0.858147,284271943730599.000000,249.737793,0.329464,24,0,243.136687,0.001467,43,0,1868870,0.000000,0.329514,0.258912,0.000000,0.268480,239.743682
77,fields/00240__plt00080__fab0000_comp00_density.f32__c0014__dt-f32/chunk_0,write,4194304,,0.267076,1,,0.008661,0.087008,,5.387324,284272424905793.000000,0.000000,1.082270,284272196549188.000000,233.751611,0.311090,24,0,226.464587,0.001886,43,0,2262396,0.000000,0.141709,0.242560,0.000000,0.080512,222.995229
78,fields/00244__plt00081__fab0000_comp01_rho_E.f32__c0000__dt-f32/chunk_0,write,4194304,,0.266587,1,,0.015226,0.445696,,0.000000,,0.000000,1.097007,284272432991808.000000,37.230410,0.760611,24,0,34.098001,0.001956,43,0,1612,0.000000,0.545326,0.241728,0.000000,0.481728,30.648416
79,fields/00247__plt00082__fab0000_comp01_rho_E.f32__c0002__dt-f32/chunk_0,write,4194304,,0.276434,1,,0.010407,0.344160,,0.000000,,0.000000,0.864503,284272472705587.000000,35.849567,0.715831,24,0,33.208704,0.001467,43,0,1612,0.000000,0.428061,0.248736,0.000000,0.367808,29.762144
80,fields/00250__plt00083__fab0000_comp01_rho_E.f32__c0005__dt-f32/chunk_0,write,4194304,,0.256180,1,,0.008032,0.072704,,2.490353,284272620120391.000000,0.000000,0.856890,284272511049138.000000,111.564888,0.305838,24,0,107.503792,0.002864,43,0,887388,0.000000,0.068235,0.233312,0.000000,0.038912,103.986432
81,fields/00253__plt00084__fab0000_comp01_rho_E.f32__c0007__dt-f32/chunk_0,write,4194304,,0.267215,1,,0.007613,0.112256,,2.852204,284272755374813.000000,0.000000,1.086112,284272625292323.000000,132.942166,0.471970,24,0,128.006159,0.001956,43,0,933925,0.000000,0.136681,0.241888,0.000000,0.075680,124.551424
82,fields/00256__plt00085__fab0000_comp01_rho_E.f32__c0009__dt-f32/chunk_0,write,4194304,,0.259532,1,,0.008730,0.084224,,1.850112,284272875673291.000000,0.000000,1.116562,284272760906082.000000,116.621721,0.284613,24,0,112.872607,0.001886,43,0,659168,0.000000,0.143455,0.234944,0.000000,0.082400,109.400992
83,fields/00259__plt00086__fab0000_comp01_rho_E.f32__c0011__dt-f32/chunk_0,write,4194304,,0.263932,1,,0.010965,0.096832,,0.000000,,0.000000,1.066416,284272880242697.000000,104.579301,1.758938,24,0,100.986425,0.001466,43,0,213210,0.000000,0.394327,0.240960,0.000000,0.107072,97.331520
84,fields/00262__plt00087__fab0000_comp01_rho_E.f32__c0013__dt-f32/chunk_0,write,4194304,,0.280415,1,,0.011105,0.630080,,0.000000,,0.000000,0.863036,284272987563293.000000,36.976884,0.832968,24,0,33.848596,0.002305,43,0,13084,0.000000,0.508379,0.250400,0.000000,0.448000,30.389248
85,fields/00265__plt00088__fab0000_comp01_rho_E.f32__c0015__dt-f32/chunk_0,write,4194304,,0.264980,1,,0.010406,0.339552,,0.000000,,0.000000,0.851513,284273027052809.000000,36.045334,0.735175,24,0,33.405868,0.002375,43,0,13084,0.000000,0.435465,0.240192,0.000000,0.375360,29.989728
86,fields/00269__plt00089__fab0000_comp02_logden.f32__c0001__dt-f32/chunk_0,write,4194304,,0.271266,1,,0.009918,0.217088,,3.220200,284273363053029.000000,0.000000,0.852630,284273065719309.000000,300.557272,0.348562,24,0,295.462026,0.001955,43,0,1225762,0.000000,0.173627,0.244256,0.000000,0.120800,292.001986
87,fields/00272__plt00090__fab0000_comp02_logden.f32__c0003__dt-f32/chunk_0,write,4194304,,0.257646,1,,0.009848,0.290816,,3.596998,284273671747161.000000,0.000000,1.076962,284273368646247.000000,306.701753,0.313036,24,0,300.903968,0.002864,43,0,1509028,0.000000,0.249615,0.233888,0.000000,0.198560,297.444928
88,fields/00275__plt00091__fab0000_comp02_logden.f32__c0005__dt-f32/chunk_0,write,4194304,,0.278739,1,,0.008939,0.096480,,10.844002,284273907091377.000000,0.000000,1.069908,284273678149009.000000,239.790142,0.296661,24,0,227.054053,0.002375,43,0,2990393,0.000000,0.138985,0.253280,0.000000,0.075008,223.562976
89,fields/00278__plt00092__fab0000_comp02_logden.f32__c0007__dt-f32/chunk_0,write,4194304,,0.266028,1,,0.008940,0.086048,,8.846454,284274140401239.000000,0.000000,1.069978,284273920578895.000000,228.673616,0.308836,24,0,217.950371,0.001956,43,0,3041511,0.000000,0.135005,0.241696,0.000000,0.072224,214.471391
90,fields/00281__plt00093__fab0000_comp02_logden.f32__c0009__dt-f32/chunk_0,write,4194304,,0.254294,1,,,,,,,,0.846414,284274152103598.000000,14.683072,-280.854383,0,0,294.436747,0.000000,44,0,4194304,0.000000,0.000000,0.232064,0.000000,0.000000,290.868157
91,fields/00284__plt00094__fab0000_comp02_logden.f32__c0011__dt-f32/chunk_0,write,4194304,,0.257368,1,,0.012991,0.299008,,3.894454,284274765576387.000000,0.000000,0.868275,284274464241215.000000,305.233047,0.321396,24,0,299.326658,0.001955,43,0,1570060,0.000000,0.250942,0.232928,0.000000,0.198752,295.803871
92,fields/00287__plt00095__fab0000_comp02_logden.f32__c0013__dt-f32/chunk_0,write,4194304,,0.278669,1,,0.009010,0.088224,,6.715787,284274977542424.000000,0.000000,1.065159,284274772237837.000000,212.024635,0.300236,24,0,203.423466,0.001397,43,0,2913701,0.000000,0.142687,0.250400,0.000000,0.081184,199.943329
93,fields/00290__plt00096__fab0000_comp02_logden.f32__c0015__dt-f32/chunk_0,write,4194304,,0.279578,1,,0.013828,0.111136,,6.359314,284275178779630.000000,0.000000,1.069210,284274986911645.000000,198.230581,0.303934,24,0,189.947611,0.001956,43,0,2909958,0.000000,0.144014,0.253760,0.000000,0.080992,186.494527
94,fields/00294__plt00098__fab0000_comp00_density.f32__c0001__dt-f32/chunk_0,write,4194304,,0.270079,1,,0.012082,0.291840,,1.879585,284275441913518.000000,0.000000,1.066485,284275187779806.000000,256.017418,0.321373,24,0,251.932226,0.002374,43,0,674736,0.000000,0.241374,0.243040,0.000000,0.191008,248.474145
95,fields/00297__plt00099__fab0000_comp00_density.f32__c0003__dt-f32/chunk_0,write,4194304,,0.278670,1,,0.011105,0.098560,,0.000000,,0.000000,1.056010,284275446368732.000000,272.265507,3.343666,24,0,267.178432,0.001956,43,0,1100890,0.000000,0.297108,0.249792,0.000000,0.082688,262.948702
96,fields/00300__plt00100__fab0000_comp00_density.f32__c0006__dt-f32/chunk_0,write,4194304,,0.288866,1,,0.007683,0.089088,,0.000000,,0.000000,1.049654,284275721726489.000000,239.777571,4.907820,24,0,233.350929,0.001885,43,0,2499827,0.000000,0.081646,0.259968,0.000000,0.052224,226.710462
97,fields/00303__plt00101__fab0000_comp00_density.f32__c0008__dt-f32/chunk_0,write,4194304,,0.258555,1,,0.011454,0.290816,,4.314623,284276231967645.000000,0.000000,1.066905,284275964103854.000000,272.183652,0.310941,24,0,265.651200,0.001885,43,0,1805644,0.000000,0.277273,0.233760,0.000000,0.226464,262.137951
98,fields/00306__plt00102__fab0000_comp00_density.f32__c0010__dt-f32/chunk_0,write,4194304,,0.272663,1,,0.011873,0.285696,,3.379998,284276506569783.000000,0.000000,1.074308,284276239099900.000000,270.857424,0.327516,24,0,265.256663,0.001956,43,0,1373166,0.000000,0.246751,0.246720,0.000000,0.192704,261.753025
99,fields/00309__plt00103__fab0000_comp00_density.f32__c0012__dt-f32/chunk_0,write,4194304,,0.275736,1,,0.012781,0.095520,,4.866932,284276757447535.000000,0.000000,0.856262,284276512773000.000000,249.548242,0.507146,24,0,242.797324,0.001397,43,0,1878396,0.000000,0.135144,0.251264,0.000000,0.071744,239.314081
100,fields/00312__plt00104__fab0000_comp00_density.f32__c0014__dt-f32/chunk_0,write,4194304,,0.265469,1,,0.008032,0.090112,,0.000000,,0.000000,1.087927,284276765075737.000000,233.161937,4.657181,24,0,226.970034,0.001397,43,0,2456092,0.000000,0.081785,0.241696,0.000000,0.052224,221.899487
101,fields/00316__plt00105__fab0000_comp01_rho_E.f32__c0000__dt-f32/chunk_0,write,4194304,,0.278669,1,,0.011385,0.438912,,0.000000,,0.000000,1.003209,284277000759315.000000,36.963196,0.696019,24,0,34.004693,0.001955,43,0,13084,0.000000,0.528354,0.252992,0.000000,0.465568,30.494048
102,fields/00319__plt00106__fab0000_comp01_rho_E.f32__c0002__dt-f32/chunk_0,write,4194304,,0.264841,1,,0.007543,0.094656,,0.462423,284277116370214.000000,0.000000,0.858357,284277040167047.000000,76.668594,0.279486,24,0,74.562791,0.001956,43,0,52856,0.000000,0.136541,0.241440,0.000000,0.075616,71.154400
103,fields/00322__plt00107__fab0000_comp01_rho_E.f32__c0004__dt-f32/chunk_0,write,4194304,,0.271755,1,,0.007263,0.082976,,2.302198,284277247642461.000000,0.000000,0.866459,284277119711590.000000,130.237399,0.316171,24,0,126.244607,0.002305,43,0,747300,0.000000,0.143665,0.245408,0.000000,0.082208,122.790977
104,fields/00325__plt00108__fab0000_comp01_rho_E.f32__c0006__dt-f32/chunk_0,write,4194304,,0.265190,1,,0.008520,0.092096,,2.757358,284277397044406.000000,0.000000,1.084086,284277252714519.000000,147.091087,0.282676,24,0,142.457426,0.002375,43,0,1118365,0.000000,0.141360,0.239808,0.000000,0.081376,139.002816
105,fields/00328__plt00109__fab0000_comp01_rho_E.f32__c0008__dt-f32/chunk_0,write,4194304,,0.267075,1,,0.011454,0.270080,,0.000000,,0.000000,1.076962,284277402388778.000000,145.055893,2.648124,24,0,140.449681,0.001956,43,0,1100478,0.000000,0.330561,0.241408,0.000000,0.271872,136.214433
106,fields/00331__plt00110__fab0000_comp01_rho_E.f32__c0010__dt-f32/chunk_0,write,4194304,,0.386226,1,,0.009569,0.201312,,0.000000,,0.000000,0.861080,284277550106347.000000,118.233951,1.828922,24,0,114.617887,0.001466,43,0,684955,0.000000,0.327489,0.360896,0.000000,0.267328,110.768768
107,fields/00334__plt00111__fab0000_comp01_rho_E.f32__c0012__dt-f32/chunk_0,write,4194304,,0.447337,1,,0.008521,0.113696,,0.000000,,0.000000,0.874281,284277670987306.000000,88.943936,0.769455,24,0,86.576435,0.002305,43,0,114329,0.000000,0.151906,0.421568,0.000000,0.099712,82.991040
108,fields/00337__plt00112__fab0000_comp01_rho_E.f32__c0014__dt-f32/chunk_0,write,4194304,,0.266656,1,,0.010057,0.364128,,0.000000,,0.000000,0.839081,284277762442616.000000,36.185856,0.678962,24,0,33.588226,0.001955,43,0,1612,0.000000,0.436791,0.240640,0.000000,0.375488,30.062528
109,fields/00341__plt00113__fab0000_comp02_logden.f32__c0000__dt-f32/chunk_0,write,4194304,,0.463751,1,,0.010406,0.229376,,3.399414,284278098578608.000000,0.000000,0.860592,284277801188247.000000,300.794036,0.309175,24,0,295.316755,0.001397,43,0,1225828,0.000000,0.203170,0.234400,0.000000,0.150496,291.853377
110,fields/00344__plt00114__fab0000_comp02_logden.f32__c0002__dt-f32/chunk_0,write,4194304,,0.273850,1,,0.035410,0.300032,,0.000000,,0.000000,1.084854,284278104525087.000000,305.717261,2.947476,24,0,300.976882,0.001956,43,0,1375126,0.000000,0.096801,0.248384,0.000000,0.064512,296.680386
111,fields/00347__plt00115__fab0000_comp02_logden.f32__c0004__dt-f32/chunk_0,write,4194304,,0.281462,1,,0.009080,0.093440,,8.119749,284278642141054.000000,0.000000,1.081362,284278412970722.000000,237.294342,0.289014,24,0,227.282995,0.001956,43,0,3000940,0.000000,0.135284,0.250304,0.000000,0.074048,223.748832
112,fields/00350__plt00116__fab0000_comp02_logden.f32__c0007__dt-f32/chunk_0,write,4194304,,0.263723,1,,0.011104,0.088576,,7.123804,284278874403078.000000,0.000000,1.066347,284278652601205.000000,228.929518,0.308057,24,0,219.915861,0.001956,43,0,3077709,0.000000,0.150090,0.240032,0.000000,0.087584,216.439008
113,fields/00353__plt00117__fab0000_comp02_logden.f32__c0009__dt-f32/chunk_0,write,4194304,,0.279018,1,,0.009639,0.302080,,5.146649,284279176107852.000000,0.000000,1.032263,284278883869658.000000,297.387707,0.333621,24,0,290.043063,0.001886,43,0,2195664,0.000000,0.239488,0.251328,0.000000,0.189056,286.622143
114,fields/00356__plt00118__fab0000_comp02_logden.f32__c0011__dt-f32/chunk_0,write,4194304,,0.274479,1,,0.010896,0.286720,,4.594620,284279484706371.000000,0.000000,1.023603,284279183753026.000000,305.551178,0.381735,24,0,298.735796,0.001816,43,0,1766852,0.000000,0.241513,0.249632,0.000000,0.188192,295.280159
115,fields/00359__plt00119__fab0000_comp02_logden.f32__c0013__dt-f32/chunk_0,write,4194304,,0.267425,1,,0.007613,0.096480,,0.000000,,0.000000,1.070607,284279491775768.000000,211.894869,4.727988,24,0,205.572990,0.001886,43,0,2527550,0.000000,0.149880,0.241888,0.000000,0.088896,198.760831
116,fields/00362__plt00120__fab0000_comp02_logden.f32__c0015__dt-f32/chunk_0,write,4194304,,0.267425,1,,0.014667,0.103776,,0.000000,,0.000000,1.068651,284279706213860.000000,198.338976,4.805968,24,0,191.941179,0.001467,43,0,2454591,0.000000,0.135843,0.242496,0.000000,0.073440,187.020255
117,fields/00366__plt00122__fab0000_comp00_density.f32__c0001__dt-f32/chunk_0,write,4194304,,0.271825,1,,0.011384,0.324608,,1.827414,284280160521923.000000,0.000000,1.029679,284279906860342.000000,255.492766,0.339100,24,0,251.477136,0.001955,43,0,674736,0.000000,0.209665,0.244032,0.000000,0.158560,248.025184
118,fields/00369__plt00123__fab0000_comp00_density.f32__c0003__dt-f32/chunk_0,write,4194304,,0.451318,1,,0.009080,0.286720,,3.536444,284280441118102.000000,0.000000,0.861849,284280164887112.000000,279.771206,0.324537,24,0,274.047942,0.001886,43,0,1437974,0.000000,0.251430,0.426176,0.000000,0.200736,270.503937
119,fields/00372__plt00124__fab0000_comp00_density.f32__c0005__dt-f32/chunk_0,write,4194304,,0.265958,1,,0.009988,0.120832,,0.000000,,0.000000,1.242906,284280447320202.000000,246.278455,4.582392,24,0,239.969216,0.002375,43,0,2418810,0.000000,0.084788,0.241696,0.000000,0.052224,234.986783
120,fields/00375__plt00125__fab0000_comp00_density.f32__c0007__dt-f32/chunk_0,write,4194304,,0.289146,1,,0.011803,0.091136,,0.000000,,0.000000,1.035406,284280696200197.000000,224.265335,5.548804,24,0,217.204740,0.001886,43,0,2999436,0.000000,0.082414,0.260288,0.000000,0.052224,209.992993
121,fields/00378__plt00126__fab0000_comp00_density.f32__c0009__dt-f32/chunk_0,write,4194304,,0.260580,1,,0.009988,0.295936,,4.101955,284281193551123.000000,0.000000,1.077870,284280923052407.000000,274.607446,0.326774,24,0,268.319370,0.001466,43,0,1845708,0.000000,0.213507,0.234848,0.000000,0.162304,264.878111
122,fields/00381__plt00127__fab0000_comp00_density.f32__c0011__dt-f32/chunk_0,write,4194304,,0.273152,1,,0.010965,0.348160,,3.618858,284281474547914.000000,0.000000,1.066486,284281200405686.000000,277.764858,0.327909,24,0,271.872437,0.001956,43,0,1353580,0.000000,0.244935,0.242880,0.000000,0.194592,268.401856
123,fields/00384__plt00128__fab0000_comp00_density.f32__c0013__dt-f32/chunk_0,write,4194304,,0.287260,1,,0.008241,0.092192,,7.247494,284281722589318.000000,0.000000,1.101896,284281480742681.000000,249.097553,0.293474,24,0,239.922702,0.001886,43,0,2110075,0.000000,0.142408,0.259904,0.000000,0.080544,236.434142
124,fields/00387__plt00129__fab0000_comp00_density.f32__c0015__dt-f32/chunk_0,write,4194304,,0.272523,1,,0.009149,0.092672,,5.460380,284281950281935.000000,0.000000,0.917862,284281732430530.000000,223.315067,0.290829,24,0,216.086990,0.001886,43,0,2327689,0.000000,0.182776,0.248256,0.000000,0.118784,212.449441
125,fields/00391__plt00130__fab0000_comp01_rho_E.f32__c0001__dt-f32/chunk_0,write,4194304,,0.263164,1,,0.009988,0.922624,,0.000000,,0.000000,1.052168,284281958454066.000000,37.883223,0.824542,24,0,34.516913,0.001466,43,0,13263,0.000000,0.292358,0.239936,0.000000,0.239840,31.045888
126,fields/00394__plt00131__fab0000_comp01_rho_E.f32__c0003__dt-f32/chunk_0,write,4194304,,0.284606,1,,0.008940,0.086720,,2.373996,284282131999098.000000,0.000000,0.838591,284281998784549.000000,135.592666,0.327861,24,0,131.528915,0.001886,43,0,793551,0.000000,0.141151,0.254272,0.000000,0.080128,128.039809
127,fields/00397__plt00132__fab0000_comp01_rho_E.f32__c0005__dt-f32/chunk_0,write,4194304,,0.281184,1,,0.009219,0.212352,,0.000000,,0.000000,1.070327,284282136879790.000000,165.634739,2.877384,24,0,160.858182,0.002374,43,0,1274910,0.000000,0.323717,0.254048,0.000000,0.261408,156.524768
128,fields/00400__plt00133__fab0000_comp01_rho_E.f32__c0008__dt-f32/chunk_0,write,4194304,,0.267564,1,,0.012013,0.694848,,0.000000,,0.000000,1.053565,284282305143657.000000,156.739605,2.918143,24,0,151.419259,0.001467,43,0,1381488,0.000000,0.372746,0.241472,0.000000,0.309632,147.124063
129,fields/00403__plt00134__fab0000_comp01_rho_E.f32__c0010__dt-f32/chunk_0,write,4194304,,0.266517,1,,0.011315,0.228768,,0.000000,,0.000000,1.067883,284282464449533.000000,132.144431,2.182590,24,0,128.060986,0.001956,43,0,935872,0.000000,0.324416,0.241632,0.000000,0.266592,124.002816
130,fields/00406__plt00135__fab0000_comp01_rho_E.f32__c0012__dt-f32/chunk_0,write,4194304,,0.273990,1,,0.008520,0.066560,,1.879166,284282693467680.000000,0.000000,0.874141,284282599257665.000000,96.096374,0.557827,24,0,92.366538,0.001467,43,0,501104,0.000000,0.068165,0.246368,0.000000,0.039936,88.885504
131,fields/00409__plt00136__fab0000_comp01_rho_E.f32__c0014__dt-f32/chunk_0,write,4194304,,0.264352,1,,0.010616,0.426880,,0.000000,,0.000000,0.836567,284282697758975.000000,36.846908,0.716151,24,0,34.057424,0.001396,43,0,13084,0.000000,0.533522,0.240672,0.000000,0.472128,30.562368
132,fields/00413__plt00137__fab0000_comp02_logden.f32__c0000__dt-f32/chunk_0,write,4194304,,0.269869,1,,0.008591,0.206848,,3.274956,284283034963409.000000,0.000000,0.855773,284282737050560.000000,301.193182,0.331352,24,0,296.069302,0.001886,43,0,1225828,0.000000,0.174605,0.242208,0.000000,0.124864,292.624867
133,fields/00416__plt00138__fab0000_comp02_logden.f32__c0002__dt-f32/chunk_0,write,4194304,,0.256390,1,,0.011384,0.299008,,4.326985,284283345290584.000000,0.000000,1.092188,284283040879506.000000,308.743231,0.509760,24,0,301.997342,0.002375,43,0,1683654,0.000000,0.247799,0.231232,0.000000,0.196736,298.543808
134,fields/00419__plt00139__fab0000_comp02_logden.f32__c0004__dt-f32/chunk_0,write,4194304,,0.279646,1,,0.008102,0.088768,,7.085181,284283587017721.000000,0.000000,1.054124,284283352170011.000000,241.936663,0.333288,24,0,232.935998,0.000977,43,0,3031511,0.000000,0.150579,0.250944,0.000000,0.088736,229.463647
135,fields/00422__plt00140__fab0000_comp02_logden.f32__c0006__dt-f32/chunk_0,write,4194304,,0.262466,1,,0.010546,0.096064,,7.660399,284283819284424.000000,0.000000,1.045883,284283597670147.000000,229.282359,0.295610,24,0,219.765911,0.000978,43,0,3068888,0.000000,0.144502,0.239072,0.000000,0.081024,216.409535
136,fields/00425__plt00141__fab0000_comp02_logden.f32__c0008__dt-f32/chunk_0,write,4194304,,0.257926,1,,0.010826,0.314368,,6.047400,284284112640787.000000,0.000000,1.139680,284283829674454.000000,289.021416,0.324056,24,0,280.684319,0.001816,43,0,2677816,0.000000,0.241025,0.233920,0.000000,0.190848,277.172384
137,fields/00428__plt00142__fab0000_comp02_logden.f32__c0010__dt-f32/chunk_0,write,4194304,,0.449153,1,,0.011384,0.293888,,5.629466,284284413291647.000000,0.000000,0.857379,284284121587185.000000,297.338538,0.339089,24,0,289.549910,0.001956,43,0,2252482,0.000000,0.206313,0.233152,0.000000,0.153600,286.049536
138,fields/00431__plt00143__fab0000_comp02_logden.f32__c0012__dt-f32/chunk_0,write,4194304,,0.266237,1,,0.012432,0.386048,,0.000000,,0.000000,1.131788,284284421624694.000000,225.487150,5.985978,24,0,217.702711,0.001956,44,0,2947329,0.000000,0.000000,0.232320,0.000000,0.000000,210.228065
139,fields/00434__plt00144__fab0000_comp02_logden.f32__c0014__dt-f32/chunk_0,write,4194304,,0.307444,1,,0.010965,0.094112,,0.000000,,0.000000,1.069838,284284649664286.000000,203.291883,4.825412,24,0,196.841147,0.001466,43,0,2476389,0.000000,0.141499,0.278368,0.000000,0.079616,191.900511
140,fields/00438__plt00146__fab0000_comp00_density.f32__c0000__dt-f32/chunk_0,write,4194304,,0.259184,1,,0.011035,0.090112,,3.215172,284285110140017.000000,0.000000,1.028562,284284855343086.000000,258.016503,0.309313,24,0,253.006813,0.002375,43,0,1180696,0.000000,0.093937,0.234752,0.000000,0.057344,249.530786
141,fields/00441__plt00147__fab0000_comp00_density.f32__c0002__dt-f32/chunk_0,write,4194304,,0.385737,1,,0.010616,0.104480,,0.000000,,0.000000,1.046651,284285116158852.000000,285.985389,2.868060,24,0,281.411862,0.001956,43,0,1293306,0.000000,0.156027,0.361024,0.000000,0.084672,276.960290
142,fields/00444__plt00148__fab0000_comp00_density.f32__c0004__dt-f32/chunk_0,write,4194304,,0.476182,1,,0.008172,0.133120,,0.000000,,0.000000,0.864154,284285404798163.000000,249.481613,4.678776,24,0,243.231811,0.001467,43,0,2296950,0.000000,0.087931,0.449024,0.000000,0.057344,238.275360
143,fields/00447__plt00149__fab0000_comp00_density.f32__c0006__dt-f32/chunk_0,write,4194304,,0.307025,1,,0.009499,0.093184,,0.000000,,0.000000,1.033521,284285656677029.000000,236.493605,5.237569,24,0,229.726483,0.002374,43,0,2651719,0.000000,0.083950,0.259872,0.000000,0.052224,222.876799
144,fields/00450__plt00150__fab0000_comp00_density.f32__c0009__dt-f32/chunk_0,write,4194304,,0.335800,1,,0.010337,0.339968,,0.000000,,0.000000,1.055521,284285895555385.000000,270.153977,4.564051,24,0,263.634445,0.002374,43,0,2175952,0.000000,0.211481,0.312032,0.000000,0.158592,258.833280
145,fields/00453__plt00151__fab0000_comp00_density.f32__c0011__dt-f32/chunk_0,write,4194304,,0.258554,1,,0.011105,0.363520,,3.703436,284286440035205.000000,0.000000,1.065997,284286168317887.000000,275.423268,0.331897,24,0,269.442008,0.001466,43,0,1608358,0.000000,0.245285,0.234528,0.000000,0.191232,265.961793
146,fields/00456__plt00152__fab0000_comp00_density.f32__c0013__dt-f32/chunk_0,write,4194304,,0.280416,1,,0.008451,0.099776,,4.904298,284286690144697.000000,0.000000,0.858497,284286446241076.000000,248.812179,0.305027,24,0,241.947139,0.002374,43,0,2141963,0.000000,0.406201,0.252160,0.000000,0.342144,238.440993
147,fields/00459__plt00153__fab0000_comp00_density.f32__c0015__dt-f32/chunk_0,write,4194304,,0.308072,1,,0.008521,0.098752,,5.451649,284286914858348.000000,0.000000,1.060829,284286697653259.000000,222.660509,0.297461,24,0,215.286811,0.001886,43,0,2327689,0.000000,0.146528,0.261248,0.000000,0.085984,211.825408
148,fields/00463__plt00154__fab0000_comp01_rho_E.f32__c0001__dt-f32/chunk_0,write,4194304,,0.389858,1,,0.010127,0.136672,,0.000000,,0.000000,0.838451,284286922593408.000000,124.522865,0.968855,24,0,122.026925,0.001397,43,0,128706,0.000000,0.150580,0.364256,0.000000,0.098688,118.431457
149,fields/00466__plt00155__fab0000_comp01_rho_E.f32__c0003__dt-f32/chunk_0,write,4194304,,0.281393,1,,0.009219,0.217984,,0.000000,,0.000000,1.037850,284287049694277.000000,145.532844,3.020586,24,0,140.630571,0.001886,43,0,1133302,0.000000,0.333355,0.240960,0.000000,0.274944,136.317249
150,fields/00469__plt00156__fab0000_comp01_rho_E.f32__c0005__dt-f32/chunk_0,write,4194304,,0.293336,1,,0.008521,0.082944,,0.000000,,0.000000,1.064181,284287197659365.000000,181.303349,3.646125,24,0,176.135886,0.001397,43,0,1597771,0.000000,0.070959,0.252192,0.000000,0.043008,171.652095
151,fields/00472__plt00157__fab0000_comp01_rho_E.f32__c0007__dt-f32/chunk_0,write,4194304,,0.381477,1,,0.009708,0.093920,,4.180177,284287563784909.000000,0.000000,0.859195,284287381467455.000000,186.500844,0.276033,24,0,180.537952,0.001885,43,0,1803752,0.000000,0.160497,0.356896,0.000000,0.075488,177.064607
152,fields/00475__plt00158__fab0000_comp01_rho_E.f32__c0009__dt-f32/chunk_0,write,4194304,,0.270638,1,,0.008591,0.092256,,3.425523,284287724449158.000000,0.000000,1.055032,284287570550842.000000,157.331241,0.491342,24,0,151.840633,0.001885,43,0,1399391,0.000000,0.145341,0.243360,0.000000,0.083296,148.341312
153,fields/00478__plt00159__fab0000_comp01_rho_E.f32__c0011__dt-f32/chunk_0,write,4194304,,0.267359,1,,0.010058,0.087456,,2.498356,284287867204818.000000,0.000000,1.062104,284287730393291.000000,139.313305,0.318332,24,0,134.919966,0.001956,43,0,927503,0.000000,0.147718,0.241984,0.000000,0.081568,131.452097
154,fields/00481__plt00160__fab0000_comp01_rho_E.f32__c0013__dt-f32/chunk_0,write,4194304,,0.270153,1,,0.008661,0.086304,,0.966907,284287961193187.000000,0.000000,0.859908,284287872194197.000000,89.969600,0.508269,24,0,87.132575,0.001956,43,0,235533,0.000000,0.134867,0.243712,0.000000,0.074016,83.717088
155,fields/00484__plt00161__fab0000_comp01_rho_E.f32__c0015__dt-f32/chunk_0,write,4194304,,0.267568,1,,0.010546,0.358496,,0.000000,,0.000000,0.839094,284287964585954.000000,38.871227,3.299604,24,0,33.655418,0.002375,43,0,13084,0.000000,0.438126,0.244064,0.000000,0.374144,30.071680
156,fields/00488__plt00162__fab0000_comp02_logden.f32__c0001__dt-f32/chunk_0,write,4194304,,0.393356,1,,0.028705,0.194560,,3.747430,284288312927116.000000,0.000000,0.888753,284288005844137.000000,310.834320,1.551029,24,0,303.758099,0.001956,43,0,1485690,0.000000,0.270432,0.368672,0.000000,0.085344,300.237856
157,fields/00491__plt00163__fab0000_comp02_logden.f32__c0003__dt-f32/chunk_0,write,4194304,,0.259467,1,,0.009708,0.477184,,5.738376,284288610541750.000000,0.000000,1.069368,284288319383967.000000,296.902933,0.362049,24,0,288.665503,0.001886,43,0,2484414,0.000000,0.319392,0.234464,0.000000,0.257632,285.176639
158,fields/00494__plt00164__fab0000_comp02_logden.f32__c0005__dt-f32/chunk_0,write,4194304,,0.352568,1,,0.008940,0.091680,,6.995621,284288843408721.000000,0.000000,1.086269,284288618655209.000000,231.753044,0.273040,24,0,222.797976,0.001886,43,0,3053161,0.000000,0.145064,0.326464,0.000000,0.082016,219.303552
159,fields/00497__plt00165__fab0000_comp02_logden.f32__c0007__dt-f32/chunk_0,write,4194304,,0.281817,1,,0.010616,0.095552,,7.957359,284289070688247.000000,0.000000,1.057005,284288852825941.000000,225.822599,0.285651,24,0,215.983947,0.002375,43,0,3145656,0.000000,0.148277,0.256000,0.000000,0.084128,212.511136
160,fields/00500__plt00166__fab0000_comp02_logden.f32__c0010__dt-f32/chunk_0,write,4194304,,0.278953,1,,,,,,,,1.046878,284289081044856.000000,11.655829,-272.635682,0,0,282.965680,0.000000,44,0,4194304,0.000000,0.000000,0.251136,0.000000,0.000000,279.426748
161,fields/00503__plt00167__fab0000_comp02_logden.f32__c0012__dt-f32/chunk_0,write,4194304,,0.267778,1,,0.021582,0.652896,,0.000000,,0.000000,0.901324,284289378348619.000000,236.780976,5.910118,24,0,229.025393,0.001885,44,0,2998264,0.000000,0.000000,0.243328,0.000000,0.000000,221.471265
162,fields/00506__plt00168__fab0000_comp02_logden.f32__c0014__dt-f32/chunk_0,write,4194304,,0.432678,1,,0.008521,0.104448,,6.249627,284289815258817.000000,0.000000,1.053233,284289617480373.000000,204.030936,0.279898,24,0,195.769968,0.001886,43,0,2915211,0.000000,0.130677,0.409312,0.000000,0.070944,192.312640
163,fields/00510__plt00170__fab0000_comp00_density.f32__c0000__dt-f32/chunk_0,write,4194304,,0.299487,1,,0.009498,0.111680,,0.000000,,0.000000,1.025995,284289824032293.000000,259.020195,2.510927,24,0,254.913772,0.001886,43,0,1064537,0.000000,0.146950,0.274848,0.000000,0.083136,250.653503
164,fields/00513__plt00171__fab0000_comp00_density.f32__c0002__dt-f32/chunk_0,write,4194304,,0.402576,1,,0.011035,0.454656,,4.008573,284290364660000.000000,0.000000,0.861375,284290085602738.000000,283.068280,0.354196,24,0,276.762149,0.000908,43,0,1655316,0.000000,0.212812,0.377600,0.000000,0.161344,273.289377
165,fields/00516__plt00172__fab0000_comp00_density.f32__c0004__dt-f32/chunk_0,write,4194304,,0.266242,1,,0.011245,0.103424,,0.000000,,0.000000,1.043944,284290371377786.000000,249.885700,4.608609,24,0,243.768844,0.001397,43,0,2408057,0.000000,0.081995,0.240576,0.000000,0.053248,237.162111
166,fields/00519__plt00173__fab0000_comp00_density.f32__c0006__dt-f32/chunk_0,write,4194304,,0.271619,1,,0.009918,0.098368,,6.110499,284290848119204.000000,0.000000,0.872689,284290623960546.000000,230.273488,0.498860,24,0,222.266051,0.002375,43,0,2732997,0.000000,0.143109,0.240704,0.000000,0.080224,218.811839
167,fields/00522__plt00174__fab0000_comp00_density.f32__c0008__dt-f32/chunk_0,write,4194304,,0.278953,1,,0.009080,0.260096,,0.000000,,0.000000,1.056028,284290856579364.000000,267.175281,5.968299,24,0,258.631518,0.001886,43,0,2746616,0.000000,0.969421,0.251872,0.000000,0.431104,251.455168
168,fields/00525__plt00175__fab0000_comp00_density.f32__c0010__dt-f32/chunk_0,write,4194304,,0.268268,1,,0.010057,0.644096,,0.000000,,0.000000,1.056935,284291126197127.000000,268.304504,4.381461,24,0,261.655933,0.001467,43,0,2237772,0.000000,0.286287,0.239840,0.000000,0.232128,256.811836
169,fields/00528__plt00176__fab0000_comp00_density.f32__c0012__dt-f32/chunk_0,write,4194304,,0.267429,1,,0.008101,0.094208,,0.000000,,0.000000,1.040522,284291396830897.000000,251.492580,4.663294,24,0,245.331303,0.001816,43,0,2146425,0.000000,0.085907,0.241536,0.000000,0.052224,240.511008
170,fields/00531__plt00177__fab0000_comp00_density.f32__c0014__dt-f32/chunk_0,write,4194304,,0.299068,1,,0.009708,0.111616,,0.000000,,0.000000,0.839444,284291650701283.000000,235.868756,4.722292,24,0,229.801280,0.002305,43,0,2475388,0.000000,0.083043,0.274784,0.000000,0.052224,223.277183
171,fields/00535__plt00178__fab0000_comp01_rho_E.f32__c0000__dt-f32/chunk_0,write,4194304,,0.476120,1,,0.009010,0.087040,,0.815628,284291963221405.000000,0.000000,0.861375,284291889176443.000000,74.863872,0.298980,24,0,72.172540,0.002794,43,0,25886,0.000000,0.140385,0.450272,0.000000,0.080480,68.733632
172,fields/00538__plt00179__fab0000_comp01_rho_E.f32__c0002__dt-f32/chunk_0,write,4194304,,0.264635,1,,0.008661,0.084096,,3.145592,284292110317532.000000,0.000000,0.832459,284291966267401.000000,147.198237,0.272941,24,0,142.454427,0.001397,43,0,1024905,0.000000,0.134029,0.240640,0.000000,0.072608,138.967840
173,fields/00541__plt00180__fab0000_comp01_rho_E.f32__c0004__dt-f32/chunk_0,write,4194304,,0.280490,1,,0.008451,0.084768,,4.219848,284292300506410.000000,0.000000,0.894341,284292115924952.000000,188.805078,0.294130,24,0,182.878195,0.001397,43,0,1772629,0.000000,0.143458,0.252512,0.000000,0.082272,179.336129
174,fields/00544__plt00181__fab0000_comp01_rho_E.f32__c0006__dt-f32/chunk_0,write,4194304,,0.280140,1,,0.015784,0.752640,,0.000000,,0.000000,1.061265,284292307264914.000000,205.982001,5.583874,24,0,197.552572,0.002374,43,0,2033586,0.000000,0.733352,0.251936,0.000000,0.315104,192.659296
175,fields/00547__plt00182__fab0000_comp01_rho_E.f32__c0008__dt-f32/chunk_0,write,4194304,,0.279163,1,,0.012502,0.499168,,0.000000,,0.000000,1.064688,284292515778098.000000,191.814545,4.045240,24,0,185.513374,0.001955,43,0,2009752,0.000000,0.398455,0.250848,0.000000,0.335936,180.775200
176,fields/00550__plt00183__fab0000_comp01_rho_E.f32__c0011__dt-f32/chunk_0,write,4194304,,0.271410,1,,0.011384,0.259424,,0.000000,,0.000000,1.027531,284292710319037.000000,146.153036,2.704785,24,0,141.544233,0.001886,43,0,1203399,0.000000,0.332383,0.246624,0.000000,0.275136,137.439776
177,fields/00553__plt00184__fab0000_comp01_rho_E.f32__c0013__dt-f32/chunk_0,write,4194304,,0.263798,1,,0.009010,0.202080,,0.000000,,0.000000,1.070136,284292859152510.000000,114.243696,1.783767,24,0,110.602706,0.001886,43,0,533357,0.000000,0.310313,0.240416,0.000000,0.253120,106.841151
178,fields/00556__plt00185__fab0000_comp01_rho_E.f32__c0015__dt-f32/chunk_0,write,4194304,,0.267848,1,,0.009568,0.405344,,0.000000,,0.000000,1.058821,284292976024401.000000,36.420364,0.817749,24,0,33.363962,0.001466,43,0,1612,0.000000,0.495606,0.243040,0.000000,0.409760,29.878432
179,fields/00560__plt00186__fab0000_comp02_logden.f32__c0001__dt-f32/chunk_0,write,4194304,,0.276299,1,,0.015366,0.269312,,4.319025,284293317774054.000000,0.000000,0.839863,284293014746303.000000,307.350058,0.261424,24,0,301.223914,0.001886,43,0,1809482,0.000000,0.142969,0.248320,0.000000,0.104224,297.703520
180,fields/00563__plt00187__fab0000_comp02_logden.f32__c0003__dt-f32/chunk_0,write,4194304,,0.267918,1,,0.010616,0.088064,,0.000000,,0.000000,1.063081,284293324573975.000000,293.493893,7.592088,24,0,284.389641,0.001956,43,0,4191708,0.000000,0.080529,0.242656,0.000000,0.052224,274.895776
181,fields/00566__plt00188__fab0000_comp02_logden.f32__c0005__dt-f32/chunk_0,write,4194304,,0.454538,1,,0.008381,0.103520,,6.460903,284293837322985.000000,0.000000,0.856206,284293620480806.000000,223.306015,0.276147,24,0,215.008938,0.001886,43,0,3051601,0.000000,0.135496,0.429824,0.000000,0.074464,211.375133
182,fields/00569__plt00189__fab0000_comp02_logden.f32__c0007__dt-f32/chunk_0,write,4194304,,0.287195,1,,0.008101,0.094400,,9.027076,284294066803615.000000,0.000000,1.058891,284293846305012.000000,229.529031,0.284849,24,0,218.623386,0.001955,43,0,3152638,0.000000,0.143178,0.259872,0.000000,0.082432,215.183230
183,fields/00572__plt00190__fab0000_comp02_logden.f32__c0009__dt-f32/chunk_0,write,4194304,,0.261213,1,,0.007124,0.111584,,0.000000,,0.000000,1.097933,284294078485705.000000,276.144737,5.548359,24,0,268.977232,0.001466,43,0,2921366,0.000000,0.139826,0.235296,0.000000,0.079744,263.611744
184,fields/00575__plt00191__fab0000_comp02_logden.f32__c0011__dt-f32/chunk_0,write,4194304,,0.267709,1,,0.011105,0.318464,,5.403269,284294645091819.000000,0.000000,0.836511,284294357224832.000000,293.274097,0.324999,24,0,285.731116,0.001397,43,0,2519284,0.000000,0.379527,0.241056,0.000000,0.325792,282.220673
185,fields/00578__plt00192__fab0000_comp02_logden.f32__c0013__dt-f32/chunk_0,write,4194304,,0.275112,1,,0.014807,0.303328,,6.835750,284294880366281.000000,0.000000,1.082707,284294652939665.000000,234.266277,0.342232,24,0,225.260712,0.001955,43,0,2961964,0.000000,0.149674,0.248256,0.000000,0.082080,221.760259
186,fields/00581__plt00193__fab0000_comp02_logden.f32__c0015__dt-f32/chunk_0,write,4194304,,0.342022,1,,0.008171,0.088480,,0.000000,,0.000000,1.071183,284294889675174.000000,198.584014,4.357241,24,0,192.575067,0.001396,43,0,2454591,0.000000,0.140454,0.317664,0.000000,0.078944,187.504065
187,fields/00585__plt00195__fab0000_comp00_density.f32__c0001__dt-f32/chunk_0,write,4194304,,0.277556,1,,0.011454,0.645120,,3.660195,284295367830984.000000,0.000000,1.068110,284295090746160.000000,280.747813,0.353846,24,0,274.457957,0.001466,43,0,1455496,0.000000,0.272109,0.250944,0.000000,0.221216,271.031006
188,fields/00588__plt00196__fab0000_comp00_density.f32__c0003__dt-f32/chunk_0,write,4194304,,0.278953,1,,0.012432,0.287744,,0.000000,,0.000000,1.064059,284295374169452.000000,278.475888,5.180826,24,0,271.270600,0.001956,43,0,2537500,0.000000,0.379318,0.250848,0.000000,0.327488,264.619394
189,fields/00591__plt00197__fab0000_comp00_density.f32__c0005__dt-f32/chunk_0,write,4194304,,0.312268,1,,0.008591,0.098304,,5.950699,284295890754243.000000,0.000000,1.036401,284295655166605.000000,241.541549,0.292329,24,0,233.705926,0.001955,43,0,2660158,0.000000,0.135076,0.287776,0.000000,0.074208,230.213246
190,fields/00594__plt00198__fab0000_comp00_density.f32__c0007__dt-f32/chunk_0,write,4194304,,0.289849,1,,0.009429,0.087040,,0.000000,,0.000000,1.030255,284295899085473.000000,222.175115,5.547827,24,0,215.126415,0.001886,43,0,2880196,0.000000,0.082414,0.260576,0.000000,0.052224,208.030048
191,fields/00597__plt00199__fab0000_comp00_density.f32__c0009__dt-f32/chunk_0,write,4194304,,0.273296,1,,0.008661,0.271840,,0.000000,,0.000000,1.057983,284296123806019.000000,263.180746,4.749595,24,0,256.683596,0.001467,43,0,2694108,0.000000,0.134308,0.246528,0.000000,0.073344,251.660063
192,fields/00600__plt00200__fab0000_comp00_density.f32__c0012__dt-f32/chunk_0,write,4194304,,0.306751,1,,0.008521,0.081920,,0.000000,,0.000000,1.047786,284296389549028.000000,245.380404,4.286902,24,0,239.565899,0.001467,43,0,2253155,0.000000,0.081158,0.281600,0.000000,0.050176,234.803745
193,fields/00603__plt00201__fab0000_comp00_density.f32__c0014__dt-f32/chunk_0,write,4194304,,0.283423,1,,0.015436,0.109536,,0.000000,,0.000000,1.050369,284296637525429.000000,239.535517,4.719483,24,0,233.021185,0.001886,43,0,2539360,0.000000,0.334199,0.254944,0.000000,0.267104,226.399295
194,fields/00607__plt00202__fab0000_comp01_rho_E.f32__c0000__dt-f32/chunk_0,write,4194304,,0.268965,1,,0.011524,0.334560,,0.000000,,0.000000,0.860397,284296879513624.000000,114.906018,0.975208,24,0,112.293328,0.001955,43,0,211629,0.000000,0.160081,0.244480,0.000000,0.108864,108.650400
195,fields/00610__plt00203__fab0000_comp01_rho_E.f32__c0002__dt-f32/chunk_0,write,4194304,,0.259118,1,,0.010896,0.226368,,0.000000,,0.000000,1.100727,284296996963606.000000,170.125551,2.944438,24,0,164.798410,0.002374,43,0,1375077,0.000000,0.783220,0.233440,0.000000,0.722368,160.542432
196,fields/00613__plt00204__fab0000_comp01_rho_E.f32__c0004__dt-f32/chunk_0,write,4194304,,0.258629,1,,0.008031,0.086880,,5.347395,284297373112295.000000,0.000000,0.836091,284297169364015.000000,209.099936,0.275746,24,0,202.153345,0.001815,43,0,2097754,0.000000,0.132004,0.233568,0.000000,0.071264,198.585535
197,fields/00616__plt00205__fab0000_comp01_rho_E.f32__c0006__dt-f32/chunk_0,write,4194304,,0.281538,1,,0.012921,0.675296,,0.000000,,0.000000,1.088923,284297380937023.000000,214.970175,4.747179,24,0,207.748053,0.001397,43,0,2294420,0.000000,0.414868,0.255616,0.000000,0.350240,202.811906
198,fields/00619__plt00206__fab0000_comp01_rho_E.f32__c0008__dt-f32/chunk_0,write,4194304,,0.283353,1,,0.014737,0.843712,,0.000000,,0.000000,1.038287,284297598415262.000000,210.877162,4.858626,24,0,203.422113,0.001886,43,0,2285474,0.000000,0.414448,0.254080,0.000000,0.349120,198.613762
199,fields/00622__plt00207__fab0000_comp01_rho_E.f32__c0010__dt-f32/chunk_0,write,4194304,,0.262959,1,,0.011384,0.452896,,0.000000,,0.000000,1.057913,284297811875221.000000,188.015781,3.708703,24,0,181.803939,0.001886,43,0,1749050,0.000000,0.716101,0.237216,0.000000,0.652640,177.292032
200,fields/00625__plt00208__fab0000_comp01_rho_E.f32__c0012__dt-f32/chunk_0,write,4194304,,0.278674,1,,0.008591,0.079872,,0.000000,,0.000000,1.038286,284298002224529.000000,148.351905,2.676554,24,0,144.199037,0.001955,43,0,1169191,0.000000,0.068936,0.247648,0.000000,0.039936,139.948928
201,fields/00628__plt00209__fab0000_comp01_rho_E.f32__c0014__dt-f32/chunk_0,write,4194304,,0.265683,1,,0.007264,0.086400,,2.414265,284298275145100.000000,0.000000,0.840003,284298153328879.000000,124.234816,0.276015,24,0,120.199703,0.001886,43,0,421768,0.000000,0.143597,0.241792,0.000000,0.082112,116.761888
202,fields/00632__plt00210__fab0000_comp02_logden.f32__c0000__dt-f32/chunk_0,write,4194304,,0.275671,1,,0.019067,0.274432,,3.637078,284298585179088.000000,0.000000,0.885261,284298280103259.000000,308.715281,0.463041,24,0,302.889880,0.001397,43,0,1590816,0.000000,0.269454,0.250080,0.000000,0.231392,299.426242
203,fields/00635__plt00211__fab0000_comp02_logden.f32__c0002__dt-f32/chunk_0,write,4194304,,0.281398,1,,0.009988,0.514048,,6.476757,284298875746836.000000,0.000000,1.062313,284298591247961.000000,290.977867,0.326094,24,0,282.073434,0.001886,43,0,2675934,0.000000,0.231949,0.251744,0.000000,0.181472,278.636736
204,fields/00638__plt00212__fab0000_comp02_logden.f32__c0004__dt-f32/chunk_0,write,4194304,,0.285519,1,,0.008451,0.091360,,9.112285,284299105376372.000000,0.000000,1.107850,284298884782224.000000,229.710764,0.291311,24,0,218.668505,0.001885,43,0,3047508,0.000000,0.143598,0.256960,0.000000,0.080160,215.199871
205,fields/00641__plt00213__fab0000_comp02_logden.f32__c0006__dt-f32/chunk_0,write,4194304,,0.439243,1,,0.011524,0.107680,,7.445480,284299333074397.000000,0.000000,1.023620,284299116837758.000000,223.685821,0.291682,24,0,214.218873,0.001886,43,0,3102363,0.000000,0.145833,0.415360,0.000000,0.083584,210.701280
206,fields/00644__plt00214__fab0000_comp02_logden.f32__c0008__dt-f32/chunk_0,write,4194304,,0.283633,1,,0.011524,0.133312,,0.000000,,0.000000,1.075164,284299342800882.000000,265.931865,5.972509,24,0,258.120546,0.001886,43,0,3386366,0.000000,0.333291,0.255680,0.000000,0.089664,250.228767
207,fields/00647__plt00215__fab0000_comp02_logden.f32__c0010__dt-f32/chunk_0,write,4194304,,0.283633,1,,0.010966,0.119808,,0.000000,,0.000000,0.849711,284299611285301.000000,271.067286,5.573937,24,0,264.124745,0.002375,43,0,2979876,0.000000,0.102111,0.252448,0.000000,0.069632,258.843231
208,fields/00650__plt00216__fab0000_comp02_logden.f32__c0013__dt-f32/chunk_0,write,4194304,,0.259816,1,,0.009009,0.085856,,9.308963,284300114291064.000000,0.000000,1.031372,284299884660970.000000,238.942340,0.276840,24,0,227.828633,0.001956,43,0,3025166,0.000000,0.139895,0.236992,0.000000,0.079552,224.399712
209,fields/00653__plt00217__fab0000_comp02_logden.f32__c0015__dt-f32/chunk_0,write,4194304,,0.280280,1,,0.009429,0.089248,,0.000000,,0.000000,0.854809,284300126135400.000000,198.942728,4.652257,24,0,192.912129,0.001886,43,0,2496418,0.000000,0.142690,0.255392,0.000000,0.081088,187.595326
210,fields/00657__plt00219__fab0000_comp00_density.f32__c0001__dt-f32/chunk_0,write,4194304,,0.279582,1,,,,,,,,1.040243,284300327565729.000000,10.577453,-263.269448,0,0,272.527076,0.000000,44,0,4194304,0.000000,0.000000,0.251936,0.000000,0.000000,268.956609
211,fields/00660__plt00220__fab0000_comp00_density.f32__c0003__dt-f32/chunk_0,write,4194304,,0.279861,1,,0.010966,0.099552,,0.000000,,0.000000,0.893921,284300613276451.000000,266.797918,5.382012,24,0,259.787700,0.001955,43,0,2842276,0.000000,0.341951,0.251840,0.000000,0.279008,252.806815
212,fields/00663__plt00221__fab0000_comp00_density.f32__c0005__dt-f32/chunk_0,write,4194304,,0.266870,1,,0.013060,0.097664,,5.980522,284301115100399.000000,0.000000,1.051696,284300882506585.000000,238.578598,0.327893,24,0,230.690242,0.002375,43,0,2719053,0.000000,0.148276,0.243104,0.000000,0.083424,227.199040
213,fields/00666__plt00222__fab0000_comp00_density.f32__c0007__dt-f32/chunk_0,write,4194304,,0.267569,1,,0.005727,0.091680,,6.715620,284301338555808.000000,0.000000,1.036052,284301123426112.000000,221.847692,2.981067,24,0,210.596463,0.002374,43,0,2925458,0.000000,0.151140,0.242240,0.000000,0.087776,207.043519
214,fields/00669__plt00223__fab0000_comp00_density.f32__c0009__dt-f32/chunk_0,write,4194304,,0.278115,1,,0.009080,0.282624,,0.000000,,0.000000,1.058472,284301347647210.000000,257.920167,5.513163,24,0,250.196571,0.001956,43,0,2994996,0.000000,0.580186,0.251040,0.000000,0.551936,242.717633
215,fields/00672__plt00224__fab0000_comp00_density.f32__c0011__dt-f32/chunk_0,write,4194304,,0.277207,1,,0.010546,0.916480,,0.000000,,0.000000,1.049742,284301608203603.000000,265.328701,4.694083,24,0,258.166783,0.001397,43,0,2500580,0.000000,0.212463,0.251200,0.000000,0.157920,253.175520
216,fields/00675__plt00225__fab0000_comp00_density.f32__c0013__dt-f32/chunk_0,write,4194304,,0.341812,1,,0.009569,0.089088,,0.000000,,0.000000,1.063710,284301875977090.000000,244.364327,3.378619,24,0,239.398555,0.001956,43,0,2399116,0.000000,0.081018,0.317856,0.000000,0.053248,234.443903
217,fields/00678__plt00226__fab0000_comp00_density.f32__c0015__dt-f32/chunk_0,write,4194304,,0.267918,1,,0.005168,0.071136,,5.119276,284302344485880.000000,0.000000,0.836371,284302122512069.000000,227.097277,0.232892,24,0,220.447669,0.001467,43,0,2348624,0.000000,0.115380,0.241792,0.000000,0.066176,217.031779
218,fields/00682__plt00227__fab0000_comp01_rho_E.f32__c0001__dt-f32/chunk_0,write,4194304,,0.268891,1,,0.005727,0.292256,,0.000000,,0.000000,1.030169,284302351565479.000000,162.829106,2.567633,24,0,158.319341,0.001467,43,0,1187326,0.000000,0.343622,0.243360,0.000000,0.297152,154.070432
219,fields/00685__plt00228__fab0000_comp01_rho_E.f32__c0003__dt-f32/chunk_0,write,4194304,,0.320086,1,,0.010406,0.091168,,5.088754,284302717731186.000000,0.000000,0.839011,284302516498016.000000,206.325277,0.288286,24,0,199.550118,0.001885,43,0,2238037,0.000000,0.135563,0.295808,0.000000,0.074176,196.105536
220,fields/00688__plt00229__fab0000_comp01_rho_E.f32__c0005__dt-f32/chunk_0,write,4194304,,0.263793,1,,0.004819,0.075776,,0.000000,,0.000000,1.061808,284302725048736.000000,226.755096,4.408427,24,0,220.867069,0.001816,43,0,2414679,0.000000,0.071588,0.240000,0.000000,0.049152,215.925601
221,fields/00691__plt00230__fab0000_comp01_rho_E.f32__c0007__dt-f32/chunk_0,write,4194304,,0.259463,1,,0.008171,0.095840,,5.891727,284303169600928.000000,0.000000,1.046512,284302953887636.000000,221.607883,0.473232,24,0,213.689971,0.001886,43,0,2527226,0.000000,0.141081,0.234272,0.000000,0.081216,210.161503
222,fields/00694__plt00231__fab0000_comp01_rho_E.f32__c0009__dt-f32/chunk_0,write,4194304,,0.398937,1,,0.003352,0.085312,,5.214680,284303375961266.000000,0.000000,1.039178,284303177511996.000000,203.667442,2.185810,24,0,194.624725,0.001955,43,0,2289245,0.000000,0.113493,0.374720,0.000000,0.065024,191.172289
223,fields/00697__plt00232__fab0000_comp01_rho_E.f32__c0011__dt-f32/chunk_0,write,4194304,,0.265330,1,,0.010616,0.087296,,4.388589,284303560372024.000000,0.000000,1.028911,284303383239496.000000,181.525028,0.293551,24,0,175.304835,0.001467,43,0,1783219,0.000000,0.144433,0.239808,0.000000,0.080416,171.852416
224,fields/00700__plt00233__fab0000_comp01_rho_E.f32__c0014__dt-f32/chunk_0,write,4194304,,0.267984,1,,0.024026,0.066368,,1.891879,284303702337524.000000,0.000000,1.072563,284303566951415.000000,137.283295,0.660826,24,0,133.018745,0.001956,43,0,749211,0.000000,0.278948,0.242272,0.000000,0.075168,129.604128
225,fields/00704__plt00234__fab0000_comp02_logden.f32__c0000__dt-f32/chunk_0,write,4194304,,0.261628,1,,0.004330,0.423936,,4.297585,284304007579747.000000,0.000000,0.860662,284303706430891.000000,305.450702,0.184040,24,0,299.158500,0.001885,43,0,1912556,0.000000,0.258136,0.237600,0.000000,0.219936,295.707616
226,fields/00707__plt00235__fab0000_comp02_logden.f32__c0002__dt-f32/chunk_0,write,4194304,,0.270847,1,,0.005169,0.074752,,0.000000,,0.000000,0.875259,284304014243228.000000,281.015586,5.372430,24,0,274.343864,0.001816,43,0,2977024,0.000000,0.071449,0.246592,0.000000,0.049152,266.909760
227,fields/00710__plt00236__fab0000_comp02_logden.f32__c0004__dt-f32/chunk_0,write,4194304,,0.457255,1,,0.010057,0.099520,,7.005636,284304515865374.000000,0.000000,1.065020,284304297458207.000000,225.416644,0.365559,24,0,216.260504,0.001467,43,0,3023780,0.000000,0.151626,0.433856,0.000000,0.087936,212.911808
228,fields/00713__plt00237__fab0000_comp02_logden.f32__c0006__dt-f32/chunk_0,write,4194304,,0.265678,1,,0.004819,0.069376,,6.779907,284304739803952.000000,0.000000,1.039807,284304524851309.000000,221.736462,0.387881,24,0,213.069984,0.001885,43,0,3089222,0.000000,0.117125,0.241696,0.000000,0.069760,209.651679
229,fields/00716__plt00238__fab0000_comp02_logden.f32__c0008__dt-f32/chunk_0,write,4194304,,0.265818,1,,0.011455,0.111776,,0.000000,,0.000000,1.056988,284304748903311.000000,255.255710,6.284558,24,0,247.378935,0.001956,43,0,3526877,0.000000,0.144224,0.241984,0.000000,0.090112,239.151327
230,fields/00719__plt00239__fab0000_comp02_logden.f32__c0010__dt-f32/chunk_0,write,4194304,,0.266447,1,,0.005308,0.093184,,0.000000,,0.000000,1.034499,284305006237238.000000,265.006135,6.973843,24,0,256.461950,0.001956,43,0,3790368,0.000000,0.168948,0.242304,0.000000,0.068608,248.356800
231,fields/00722__plt00240__fab0000_comp02_logden.f32__c0012__dt-f32/chunk_0,write,4194304,,0.458722,1,,0.011803,0.518816,,0.000000,,0.000000,1.042740,284305273365731.000000,243.874475,5.821995,24,0,236.019002,0.001397,44,0,3137660,0.000000,0.000000,0.433344,0.000000,0.000000,230.534013
232,fields/00725__plt00241__fab0000_comp02_logden.f32__c0014__dt-f32/chunk_0,write,4194304,,0.279647,1,,0.003353,0.068192,,6.969459,284305742329710.000000,0.000000,1.051331,284305519782313.000000,229.523491,0.202933,24,0,220.824816,0.001467,43,0,2991586,0.000000,0.122293,0.252256,0.000000,0.071680,217.395425
233,fields/00729__plt00243__fab0000_comp00_density.f32__c0000__dt-f32/chunk_0,write,4194304,,0.274200,1,,0.005308,0.223232,,3.722297,284306027598811.000000,0.000000,1.117052,284305751905251.000000,279.420257,0.265103,24,0,273.638531,0.001466,43,0,1582058,0.000000,0.173068,0.247360,0.000000,0.135392,270.213343
234,fields/00732__plt00244__fab0000_comp00_density.f32__c0002__dt-f32/chunk_0,write,4194304,,0.259393,1,,0.004749,0.266240,,0.000000,,0.000000,1.056988,284306033659766.000000,266.045523,6.841227,24,0,257.089340,0.001467,43,0,2772600,0.000000,0.526119,0.236000,0.000000,0.502784,251.772448
235,fields/00735__plt00245__fab0000_comp00_density.f32__c0004__dt-f32/chunk_0,write,4194304,,0.281533,1,,0.012013,0.288544,,5.787663,284306535888000.000000,0.000000,1.053147,284306302132925.000000,239.545741,0.295544,24,0,231.664216,0.002375,43,0,2659988,0.000000,0.160706,0.253728,0.000000,0.098752,228.205568
236,fields/00738__plt00246__fab0000_comp00_density.f32__c0006__dt-f32/chunk_0,write,4194304,,0.462563,1,,0.005169,0.069728,,6.905413,284306766632118.000000,0.000000,0.879939,284306544140036.000000,229.401267,0.222001,24,0,220.730878,0.001467,43,0,2902905,0.000000,0.124109,0.244320,0.000000,0.073152,217.301503
237,fields/00741__plt00247__fab0000_comp00_density.f32__c0008__dt-f32/chunk_0,write,4194304,,0.273221,1,,0.012431,0.604736,,0.000000,,0.000000,1.067883,284306776044229.000000,244.361832,5.639278,24,0,236.439589,0.001885,43,0,3161203,0.000000,0.322809,0.246880,0.000000,0.260608,230.840290
238,fields/00744__plt00248__fab0000_comp00_density.f32__c0010__dt-f32/chunk_0,write,4194304,,0.257089,1,,0.005238,0.266240,,0.000000,,0.000000,0.858288,284307022739341.000000,251.900502,5.297719,24,0,244.684292,0.001466,43,0,2984720,0.000000,0.530170,0.233760,0.000000,0.508928,239.385473
239,fields/00747__plt00249__fab0000_comp00_density.f32__c0012__dt-f32/chunk_0,write,4194304,,0.262326,1,,0.008032,0.089088,,0.000000,,0.000000,1.043159,284307276925771.000000,242.675987,5.101567,24,0,236.088284,0.001397,43,0,2469783,0.000000,0.082134,0.237760,0.000000,0.053248,231.102239
240,fields/00750__plt00250__fab0000_comp00_density.f32__c0015__dt-f32/chunk_0,write,4194304,,0.295850,1,,0.004749,0.076800,,0.000000,,0.000000,0.860662,284307521931057.000000,234.155967,4.840005,24,0,228.003450,0.001886,43,0,2712204,0.000000,0.072565,0.271744,0.000000,0.049152,222.979072
241,fields/00754__plt00251__fab0000_comp01_rho_E.f32__c0001__dt-f32/chunk_0,write,4194304,,0.259533,1,,0.007961,0.097120,,3.592391,284307929472881.000000,0.000000,1.034569,284307758502229.000000,174.566954,0.282750,24,0,169.149454,0.001397,43,0,1547960,0.000000,0.141779,0.234944,0.000000,0.077568,165.681951
242,fields/00757__plt00252__fab0000_comp01_rho_E.f32__c0003__dt-f32/chunk_0,write,4194304,,0.344670,1,,0.007264,0.089536,,5.448999,284308151626649.000000,0.000000,1.052239,284307935472794.000000,221.606556,0.299414,24,0,214.223843,0.001955,43,0,2500206,0.000000,0.138636,0.319456,0.000000,0.074560,210.721824
243,fields/00760__plt00253__fab0000_comp01_rho_E.f32__c0005__dt-f32/chunk_0,write,4194304,,0.280345,1,,0.006635,0.090496,,5.857505,284308385414829.000000,0.000000,1.068023,284308159504402.000000,231.770795,0.246772,24,0,224.097959,0.001885,43,0,2478520,0.000000,0.121175,0.251488,0.000000,0.072928,220.603359
244,fields/00763__plt00254__fab0000_comp01_rho_E.f32__c0007__dt-f32/chunk_0,write,4194304,,0.471503,1,,0.004260,0.073728,,0.000000,,0.000000,0.843132,284308393636274.000000,228.150607,4.844403,24,0,221.838222,0.001886,43,0,2586364,0.000000,0.073473,0.446368,0.000000,0.050176,216.479329
245,fields/00766__plt00255__fab0000_comp01_rho_E.f32__c0009__dt-f32/chunk_0,write,4194304,,0.261768,1,,0.004749,0.069536,,5.499215,284308823543377.000000,0.000000,1.042111,284308624163813.000000,204.882132,0.201032,24,0,197.677796,0.001397,43,0,2515954,0.000000,0.124528,0.236320,0.000000,0.075392,194.226142
246,fields/00769__plt00256__fab0000_comp01_rho_E.f32__c0011__dt-f32/chunk_0,write,4194304,,0.257158,1,,0.036667,0.423936,,0.000000,,0.000000,1.041902,284308831512693.000000,194.626960,4.643168,24,0,187.498122,0.001397,43,0,2074312,0.000000,0.724610,0.231520,0.000000,0.319680,182.666816
247,fields/00772__plt00257__fab0000_comp01_rho_E.f32__c0013__dt-f32/chunk_0,write,4194304,,0.384131,1,,0.008940,0.467264,,0.000000,,0.000000,0.866808,284309028712421.000000,166.509498,3.677088,24,0,160.691594,0.001885,43,0,1481846,0.000000,0.411788,0.361088,0.000000,0.368032,156.452704
248,fields/00775__plt00258__fab0000_comp01_rho_E.f32__c0015__dt-f32/chunk_0,write,4194304,,0.269450,1,,0.002864,0.096800,,1.603711,284309316031593.000000,0.000000,1.037223,284309197634190.000000,120.004955,0.162103,24,0,116.705691,0.001886,43,0,617536,0.000000,0.125227,0.245408,0.000000,0.075616,113.180193
249,fields/00779__plt00259__fab0000_comp02_logden.f32__c0001__dt-f32/chunk_0,write,4194304,,0.438956,1,,0.003771,0.312320,,6.001798,284309596294912.000000,0.000000,0.864853,284309320168890.000000,282.131661,0.189357,24,0,274.053950,0.001886,43,0,2810166,0.000000,0.264770,0.413568,0.000000,0.227104,270.544065
250,fields/00782__plt00260__fab0000_comp02_logden.f32__c0003__dt-f32/chunk_0,write,4194304,,0.481700,1,,0.003283,0.050912,,0.000000,,0.000000,1.022207,284309604787623.000000,245.784583,6.221802,24,0,237.803743,0.001397,43,0,3455768,0.000000,0.199539,0.258944,0.000000,0.057600,229.903104
251,fields/00785__plt00261__fab0000_comp02_logden.f32__c0005__dt-f32/chunk_0,write,4194304,,0.264771,1,,0.004330,0.072704,,6.498025,284310063945024.000000,0.000000,0.862548,284309853112497.000000,217.333765,0.351167,24,0,209.158206,0.001816,43,0,2966569,0.000000,0.120198,0.240192,0.000000,0.074848,205.574622
252,fields/00788__plt00262__fab0000_comp02_logden.f32__c0007__dt-f32/chunk_0,write,4194304,,0.302066,1,,0.003352,0.070112,,7.020932,284310294220154.000000,0.000000,0.843272,284310072789460.000000,228.454838,0.141090,24,0,219.951162,0.002305,43,0,3133001,0.000000,0.120547,0.277120,0.000000,0.076608,216.498973
253,fields/00791__plt00263__fab0000_comp02_logden.f32__c0009__dt-f32/chunk_0,write,4194304,,0.301019,1,,0.004749,0.059520,,0.000000,,0.000000,1.069350,284310303690304.000000,241.054257,5.913992,24,0,233.599188,0.001397,43,0,3455437,0.000000,0.105042,0.275296,0.000000,0.059968,227.972450
254,fields/00794__plt00264__fab0000_comp02_logden.f32__c0011__dt-f32/chunk_0,write,4194304,,0.282161,1,,0.009010,0.104448,,0.000000,,0.000000,1.067395,284310546956525.000000,260.786983,5.557219,24,0,253.671834,0.001397,43,0,3228702,0.000000,0.093519,0.254176,0.000000,0.069632,248.256898
255,fields/00797__plt00265__fab0000_comp02_logden.f32__c0013__dt-f32/chunk_0,write,4194304,,0.366321,1,,0.004260,0.071808,,7.017300,284311042622759.000000,0.000000,0.844598,284310810119322.000000,239.523601,0.197434,24,0,230.893231,0.001956,43,0,3130304,0.000000,0.126693,0.341024,0.000000,0.078592,227.442655
256,fields/00000__plt00000__fab0000_comp00_density.f32__c0000__dt-f32/chunk_0,read,4194304,,,,,0.010127,,0.087488,0.483865,,,,,3.776005,3.194525,24,,0.000000,0.000000,0,0,1180696,0.000000,0.000000,,0.000000,0.000000,0.000000
257,fields/00003__plt00001__fab0000_comp00_density.f32__c0002__dt-f32/chunk_0,read,4194304,,,,,0.008660,,0.239552,0.242142,,,,,3.402211,2.911857,24,,0.000000,0.000000,0,0,674684,0.000000,0.000000,,0.000000,0.000000,0.000000
258,fields/00006__plt00002__fab0000_comp00_density.f32__c0004__dt-f32/chunk_0,read,4194304,,,,,0.007264,,0.096544,0.590374,,,,,4.175291,3.481109,24,,0.000000,0.000000,0,0,1868902,0.000000,0.000000,,0.000000,0.000000,0.000000
259,fields/00009__plt00003__fab0000_comp00_density.f32__c0006__dt-f32/chunk_0,read,4194304,,,,,0.008172,,0.092672,0.625226,,,,,3.851085,3.125015,24,,0.000000,0.000000,0,0,2262432,0.000000,0.000000,,0.000000,0.000000,0.000000
260,fields/00012__plt00004__fab0000_comp00_density.f32__c0008__dt-f32/chunk_0,read,4194304,,,,,0.009149,,0.230944,0.309818,,,,,3.356674,2.806763,24,,0.000000,0.000000,0,0,696364,0.000000,0.000000,,0.000000,0.000000,0.000000
261,fields/00015__plt00005__fab0000_comp00_density.f32__c0010__dt-f32/chunk_0,read,4194304,,,,,0.008661,,0.215328,0.216231,,,,,3.261759,2.821539,24,,0.000000,0.000000,0,0,674758,0.000000,0.000000,,0.000000,0.000000,0.000000
262,fields/00018__plt00006__fab0000_comp00_density.f32__c0012__dt-f32/chunk_0,read,4194304,,,,,0.007124,,0.095808,0.446011,,,,,3.560263,3.011320,24,,0.000000,0.000000,0,0,1868870,0.000000,0.000000,,0.000000,0.000000,0.000000
263,fields/00021__plt00007__fab0000_comp00_density.f32__c0014__dt-f32/chunk_0,read,4194304,,,,,0.006985,,0.116384,0.623339,,,,,3.846475,3.099767,24,,0.000000,0.000000,0,0,2262396,0.000000,0.000000,,0.000000,0.000000,0.000000
264,fields/00025__plt00008__fab0000_comp01_rho_E.f32__c0000__dt-f32/chunk_0,read,4194304,,,,,0.007752,,0.087680,0.098756,,,,,2.654902,2.460714,24,,0.000000,0.000000,0,0,13084,0.000000,0.000000,,0.000000,0.000000,0.000000
265,fields/00028__plt00009__fab0000_comp01_rho_E.f32__c0002__dt-f32/chunk_0,read,4194304,,,,,0.008660,,0.105088,0.103367,,,,,2.657346,2.440231,24,,0.000000,0.000000,0,0,1612,0.000000,0.000000,,0.000000,0.000000,0.000000
266,fields/00031__plt00010__fab0000_comp01_rho_E.f32__c0004__dt-f32/chunk_0,read,4194304,,,,,0.007124,,0.040128,0.158961,,,,,2.617187,2.410974,24,,0.000000,0.000000,0,0,139288,0.000000,0.000000,,0.000000,0.000000,0.000000
267,fields/00034__plt00011__fab0000_comp01_rho_E.f32__c0006__dt-f32/chunk_0,read,4194304,,,,,0.009079,,0.111968,0.112446,,,,,2.684026,2.450533,24,,0.000000,0.000000,0,0,33512,0.000000,0.000000,,0.000000,0.000000,0.000000
268,fields/00037__plt00012__fab0000_comp01_rho_E.f32__c0008__dt-f32/chunk_0,read,4194304,,,,,0.007543,,0.090848,0.136192,,,,,2.719786,2.485203,24,,0.000000,0.000000,0,0,114843,0.000000,0.000000,,0.000000,0.000000,0.000000
269,fields/00040__plt00013__fab0000_comp01_rho_E.f32__c0010__dt-f32/chunk_0,read,4194304,,,,,0.007054,,0.086976,0.106160,,,,,2.626267,2.426077,24,,0.000000,0.000000,0,0,13084,0.000000,0.000000,,0.000000,0.000000,0.000000
270,fields/00043__plt00014__fab0000_comp01_rho_E.f32__c0012__dt-f32/chunk_0,read,4194304,,,,,0.007054,,0.087872,0.111468,,,,,2.652737,2.446343,24,,0.000000,0.000000,0,0,13084,0.000000,0.000000,,0.000000,0.000000,0.000000
271,fields/00046__plt00015__fab0000_comp01_rho_E.f32__c0014__dt-f32/chunk_0,read,4194304,,,,,0.007613,,0.086688,0.115659,,,,,2.872670,2.662710,24,,0.000000,0.000000,0,0,13084,0.000000,0.000000,,0.000000,0.000000,0.000000
272,fields/00050__plt00016__fab0000_comp02_logden.f32__c0001__dt-f32/chunk_0,read,4194304,,,,,0.009568,,0.218464,0.401382,,,,,3.548949,2.919535,24,,0.000000,0.000000,0,0,1225762,0.000000,0.000000,,0.000000,0.000000,0.000000
273,fields/00053__plt00017__fab0000_comp02_logden.f32__c0003__dt-f32/chunk_0,read,4194304,,,,,0.008661,,0.205280,0.381198,,,,,3.505368,2.910229,24,,0.000000,0.000000,0,0,1225576,0.000000,0.000000,,0.000000,0.000000,0.000000
274,fields/00056__plt00018__fab0000_comp02_logden.f32__c0005__dt-f32/chunk_0,read,4194304,,,,,0.010127,,0.756000,4.619765,,,,,8.502909,3.117017,24,,0.000000,0.000000,0,0,2527256,0.000000,0.000000,,0.000000,0.000000,0.000000
275,fields/00059__plt00019__fab0000_comp02_logden.f32__c0007__dt-f32/chunk_0,read,4194304,,,,,0.008870,,0.595904,4.654616,,,,,8.370767,3.111377,24,,0.000000,0.000000,0,0,2579411,0.000000,0.000000,,0.000000,0.000000,0.000000
276,fields/00062__plt00020__fab0000_comp02_logden.f32__c0009__dt-f32/chunk_0,read,4194304,,,,,0.009918,,0.244032,0.426036,,,,,3.590993,2.911007,24,,0.000000,0.000000,0,0,1371860,0.000000,0.000000,,0.000000,0.000000,0.000000
277,fields/00065__plt00021__fab0000_comp02_logden.f32__c0011__dt-f32/chunk_0,read,4194304,,,,,0.008171,,0.214816,0.373934,,,,,3.534492,2.937571,24,,0.000000,0.000000,0,0,1225582,0.000000,0.000000,,0.000000,0.000000,0.000000
278,fields/00068__plt00022__fab0000_comp02_logden.f32__c0013__dt-f32/chunk_0,read,4194304,,,,,0.007334,,0.098560,5.076881,,,,,8.382291,3.199516,24,,0.000000,0.000000,0,0,2913701,0.000000,0.000000,,0.000000,0.000000,0.000000
279,fields/00071__plt00023__fab0000_comp02_logden.f32__c0015__dt-f32/chunk_0,read,4194304,,,,,0.007194,,0.094720,0.757506,,,,,4.056630,3.197210,24,,0.000000,0.000000,0,0,2909958,0.000000,0.000000,,0.000000,0.000000,0.000000
280,fields/00075__plt00025__fab0000_comp00_density.f32__c0001__dt-f32/chunk_0,read,4194304,,,,,0.008591,,0.216160,0.246962,,,,,3.302826,2.831113,24,,0.000000,0.000000,0,0,674736,0.000000,0.000000,,0.000000,0.000000,0.000000
281,fields/00078__plt00026__fab0000_comp00_density.f32__c0003__dt-f32/chunk_0,read,4194304,,,,,0.008520,,0.215136,0.252898,,,,,3.706722,3.230168,24,,0.000000,0.000000,0,0,674764,0.000000,0.000000,,0.000000,0.000000,0.000000
282,fields/00081__plt00027__fab0000_comp00_density.f32__c0005__dt-f32/chunk_0,read,4194304,,,,,0.007054,,0.086944,0.582413,,,,,3.738919,3.062508,24,,0.000000,0.000000,0,0,2113724,0.000000,0.000000,,0.000000,0.000000,0.000000
283,fields/00084__plt00028__fab0000_comp00_density.f32__c0007__dt-f32/chunk_0,read,4194304,,,,,0.006984,,0.088352,0.661473,,,,,3.860305,3.103496,24,,0.000000,0.000000,0,0,2395521,0.000000,0.000000,,0.000000,0.000000,0.000000
284,fields/00087__plt00029__fab0000_comp00_density.f32__c0009__dt-f32/chunk_0,read,4194304,,,,,0.009219,,0.216416,0.312962,,,,,3.391875,2.853278,24,,0.000000,0.000000,0,0,927272,0.000000,0.000000,,0.000000,0.000000,0.000000
285,fields/00090__plt00030__fab0000_comp00_density.f32__c0011__dt-f32/chunk_0,read,4194304,,,,,0.008242,,0.224512,0.246054,,,,,3.298077,2.819269,24,,0.000000,0.000000,0,0,674658,0.000000,0.000000,,0.000000,0.000000,0.000000
286,fields/00093__plt00031__fab0000_comp00_density.f32__c0013__dt-f32/chunk_0,read,4194304,,,,,0.007962,,0.087200,0.675372,,,,,3.875739,3.105205,24,,0.000000,0.000000,0,0,2312844,0.000000,0.000000,,0.000000,0.000000,0.000000
287,fields/00096__plt00032__fab0000_comp00_density.f32__c0015__dt-f32/chunk_0,read,4194304,,,,,0.007194,,0.087616,0.634444,,,,,3.876508,3.147254,24,,0.000000,0.000000,0,0,2327689,0.000000,0.000000,,0.000000,0.000000,0.000000
288,fields/00100__plt00033__fab0000_comp01_rho_E.f32__c0002__dt-f32/chunk_0,read,4194304,,,,,0.008102,,0.086592,0.112027,,,,,2.645753,2.439032,24,,0.000000,0.000000,0,0,13084,0.000000,0.000000,,0.000000,0.000000,0.000000
289,fields/00103__plt00034__fab0000_comp01_rho_E.f32__c0004__dt-f32/chunk_0,read,4194304,,,,,0.007124,,0.087296,0.105950,,,,,2.652807,2.452437,24,,0.000000,0.000000,0,0,13084,0.000000,0.000000,,0.000000,0.000000,0.000000
290,fields/00106__plt00035__fab0000_comp01_rho_E.f32__c0006__dt-f32/chunk_0,read,4194304,,,,,0.007124,,0.087264,0.178935,,,,,3.063617,2.790294,24,,0.000000,0.000000,0,0,315868,0.000000,0.000000,,0.000000,0.000000,0.000000
291,fields/00109__plt00036__fab0000_comp01_rho_E.f32__c0008__dt-f32/chunk_0,read,4194304,,,,,0.007753,,0.086144,0.198771,,,,,3.069274,2.776606,24,,0.000000,0.000000,0,0,365963,0.000000,0.000000,,0.000000,0.000000,0.000000
292,fields/00112__plt00037__fab0000_comp01_rho_E.f32__c0010__dt-f32/chunk_0,read,4194304,,,,,0.007193,,0.086048,0.115030,,,,,2.646661,2.438390,24,,0.000000,0.000000,0,0,65766,0.000000,0.000000,,0.000000,0.000000,0.000000
293,fields/00115__plt00038__fab0000_comp01_rho_E.f32__c0012__dt-f32/chunk_0,read,4194304,,,,,0.009079,,0.108704,0.102597,,,,,2.854091,2.633711,24,,0.000000,0.000000,0,0,1612,0.000000,0.000000,,0.000000,0.000000,0.000000
294,fields/00118__plt00039__fab0000_comp01_rho_E.f32__c0014__dt-f32/chunk_0,read,4194304,,,,,0.009848,,0.110592,0.098267,,,,,2.662026,2.443319,24,,0.000000,0.000000,0,0,1612,0.000000,0.000000,,0.000000,0.000000,0.000000
295,fields/00122__plt00040__fab0000_comp02_logden.f32__c0000__dt-f32/chunk_0,read,4194304,,,,,0.008451,,0.217024,0.360106,,,,,3.521221,2.935640,24,,0.000000,0.000000,0,0,1225828,0.000000,0.000000,,0.000000,0.000000,0.000000
296,fields/00125__plt00041__fab0000_comp02_logden.f32__c0002__dt-f32/chunk_0,read,4194304,,,,,0.009428,,0.205504,0.375121,,,,,3.490701,2.900648,24,,0.000000,0.000000,0,0,1226030,0.000000,0.000000,,0.000000,0.000000,0.000000
297,fields/00128__plt00042__fab0000_comp02_logden.f32__c0004__dt-f32/chunk_0,read,4194304,,,,,0.008101,,0.097888,5.128075,,,,,8.492222,3.258158,24,,0.000000,0.000000,0,0,2914543,0.000000,0.000000,,0.000000,0.000000,0.000000
298,fields/00131__plt00043__fab0000_comp02_logden.f32__c0006__dt-f32/chunk_0,read,4194304,,,,,0.007683,,0.096352,5.179759,,,,,8.493480,3.209686,24,,0.000000,0.000000,0,0,2954958,0.000000,0.000000,,0.000000,0.000000,0.000000
299,fields/00134__plt00044__fab0000_comp02_logden.f32__c0008__dt-f32/chunk_0,read,4194304,,,,,0.008730,,0.243360,0.484982,,,,,3.713078,2.976006,24,,0.000000,0.000000,0,0,1709690,0.000000,0.000000,,0.000000,0.000000,0.000000
300,fields/00137__plt00045__fab0000_comp02_logden.f32__c0010__dt-f32/chunk_0,read,4194304,,,,,0.009498,,0.213760,0.389579,,,,,3.589527,2.976690,24,,0.000000,0.000000,0,0,1422558,0.000000,0.000000,,0.000000,0.000000,0.000000
301,fields/00140__plt00046__fab0000_comp02_logden.f32__c0012__dt-f32/chunk_0,read,4194304,,,,,0.008731,,0.099168,5.056487,,,,,8.373352,3.208966,24,,0.000000,0.000000,0,0,2914614,0.000000,0.000000,,0.000000,0.000000,0.000000
302,fields/00143__plt00047__fab0000_comp02_logden.f32__c0014__dt-f32/chunk_0,read,4194304,,,,,0.008521,,0.659200,0.628159,,,,,4.416107,3.120227,24,,0.000000,0.000000,0,0,2476389,0.000000,0.000000,,0.000000,0.000000,0.000000
303,fields/00147__plt00049__fab0000_comp00_density.f32__c0000__dt-f32/chunk_0,read,4194304,,,,,0.009917,,0.215648,0.254922,,,,,3.515146,3.034659,24,,0.000000,0.000000,0,0,674754,0.000000,0.000000,,0.000000,0.000000,0.000000
304,fields/00150__plt00050__fab0000_comp00_density.f32__c0003__dt-f32/chunk_0,read,4194304,,,,,0.008102,,0.215648,0.278599,,,,,3.352554,2.850205,24,,0.000000,0.000000,0,0,674764,0.000000,0.000000,,0.000000,0.000000,0.000000
305,fields/00153__plt00051__fab0000_comp00_density.f32__c0005__dt-f32/chunk_0,read,4194304,,,,,0.007612,,0.089920,0.556850,,,,,3.771395,3.117013,24,,0.000000,0.000000,0,0,2184537,0.000000,0.000000,,0.000000,0.000000,0.000000
306,fields/00156__plt00052__fab0000_comp00_density.f32__c0007__dt-f32/chunk_0,read,4194304,,,,,0.007543,,0.071776,0.677467,,,,,3.922464,3.165678,24,,0.000000,0.000000,0,0,2675916,0.000000,0.000000,,0.000000,0.000000,0.000000
307,fields/00159__plt00053__fab0000_comp00_density.f32__c0009__dt-f32/chunk_0,read,4194304,,,,,0.008172,,0.209120,0.342784,,,,,3.447958,2.887882,24,,0.000000,0.000000,0,0,1131374,0.000000,0.000000,,0.000000,0.000000,0.000000
308,fields/00162__plt00054__fab0000_comp00_density.f32__c0011__dt-f32/chunk_0,read,4194304,,,,,0.009568,,0.215680,0.265259,,,,,3.349969,2.859462,24,,0.000000,0.000000,0,0,697514,0.000000,0.000000,,0.000000,0.000000,0.000000
309,fields/00165__plt00055__fab0000_comp00_density.f32__c0013__dt-f32/chunk_0,read,4194304,,,,,0.007193,,0.088480,0.557687,,,,,3.730887,3.077527,24,,0.000000,0.000000,0,0,2109635,0.000000,0.000000,,0.000000,0.000000,0.000000
310,fields/00168__plt00056__fab0000_comp00_density.f32__c0015__dt-f32/chunk_0,read,4194304,,,,,0.007194,,0.095520,0.647575,,,,,3.845638,3.095349,24,,0.000000,0.000000,0,0,2327689,0.000000,0.000000,,0.000000,0.000000,0.000000
311,fields/00172__plt00057__fab0000_comp01_rho_E.f32__c0001__dt-f32/chunk_0,read,4194304,,,,,0.007194,,0.086464,0.126623,,,,,2.667194,2.446913,24,,0.000000,0.000000,0,0,13084,0.000000,0.000000,,0.000000,0.000000,0.000000
312,fields/00175__plt00058__fab0000_comp01_rho_E.f32__c0003__dt-f32/chunk_0,read,4194304,,,,,0.007263,,0.087712,0.102389,,,,,2.637093,2.439729,24,,0.000000,0.000000,0,0,13084,0.000000,0.000000,,0.000000,0.000000,0.000000
313,fields/00178__plt00059__fab0000_comp01_rho_E.f32__c0005__dt-f32/chunk_0,read,4194304,,,,,0.007054,,0.086432,0.195208,,,,,3.102170,2.813476,24,,0.000000,0.000000,0,0,417748,0.000000,0.000000,,0.000000,0.000000,0.000000
314,fields/00181__plt00060__fab0000_comp01_rho_E.f32__c0007__dt-f32/chunk_0,read,4194304,,,,,0.007123,,0.086592,0.249056,,,,,3.160837,2.818066,24,,0.000000,0.000000,0,0,673421,0.000000,0.000000,,0.000000,0.000000,0.000000
315,fields/00184__plt00061__fab0000_comp01_rho_E.f32__c0009__dt-f32/chunk_0,read,4194304,,,,,0.006775,,0.086912,0.227126,,,,,3.100424,2.779611,24,,0.000000,0.000000,0,0,451880,0.000000,0.000000,,0.000000,0.000000,0.000000
316,fields/00187__plt00062__fab0000_comp01_rho_E.f32__c0011__dt-f32/chunk_0,read,4194304,,,,,0.008032,,0.057376,0.172021,,,,,3.197085,2.959656,24,,0.000000,0.000000,0,0,296724,0.000000,0.000000,,0.000000,0.000000,0.000000
317,fields/00190__plt00063__fab0000_comp01_rho_E.f32__c0013__dt-f32/chunk_0,read,4194304,,,,,0.007613,,0.113568,0.169996,,,,,2.743880,2.452703,24,,0.000000,0.000000,0,0,13084,0.000000,0.000000,,0.000000,0.000000,0.000000
318,fields/00193__plt00064__fab0000_comp01_rho_E.f32__c0015__dt-f32/chunk_0,read,4194304,,,,,0.008521,,0.087008,0.111607,,,,,2.655880,2.448744,24,,0.000000,0.000000,0,0,13084,0.000000,0.000000,,0.000000,0.000000,0.000000
319,fields/00197__plt00065__fab0000_comp02_logden.f32__c0001__dt-f32/chunk_0,read,4194304,,,,,0.009708,,0.217152,0.367927,,,,,3.493215,2.898428,24,,0.000000,0.000000,0,0,1225762,0.000000,0.000000,,0.000000,0.000000,0.000000
320,fields/00200__plt00066__fab0000_comp02_logden.f32__c0004__dt-f32/chunk_0,read,4194304,,,,,0.007194,,0.092928,5.339697,,,,,8.687011,3.247192,24,,0.000000,0.000000,0,0,2923554,0.000000,0.000000,,0.000000,0.000000,0.000000
321,fields/00203__plt00067__fab0000_comp02_logden.f32__c0006__dt-f32/chunk_0,read,4194304,,,,,0.007612,,0.096128,5.200082,,,,,8.544883,3.241061,24,,0.000000,0.000000,0,0,2983664,0.000000,0.000000,,0.000000,0.000000,0.000000
322,fields/00206__plt00068__fab0000_comp02_logden.f32__c0008__dt-f32/chunk_0,read,4194304,,,,,0.008939,,0.331424,0.588348,,,,,4.004947,3.076236,24,,0.000000,0.000000,0,0,1922676,0.000000,0.000000,,0.000000,0.000000,0.000000
323,fields/00209__plt00069__fab0000_comp02_logden.f32__c0010__dt-f32/chunk_0,read,4194304,,,,,0.009987,,0.214560,0.451040,,,,,3.689820,3.014233,24,,0.000000,0.000000,0,0,1610536,0.000000,0.000000,,0.000000,0.000000,0.000000
324,fields/00212__plt00070__fab0000_comp02_logden.f32__c0012__dt-f32/chunk_0,read,4194304,,,,,0.009080,,0.614400,0.728941,,,,,4.470235,3.117814,24,,0.000000,0.000000,0,0,2636388,0.000000,0.000000,,0.000000,0.000000,0.000000
325,fields/00215__plt00071__fab0000_comp02_logden.f32__c0014__dt-f32/chunk_0,read,4194304,,,,,0.008939,,0.607616,0.583600,,,,,4.308061,3.107906,24,,0.000000,0.000000,0,0,2476389,0.000000,0.000000,,0.000000,0.000000,0.000000
326,fields/00219__plt00073__fab0000_comp00_density.f32__c0000__dt-f32/chunk_0,read,4194304,,,,,0.009428,,0.074816,0.306396,,,,,3.240527,2.849887,24,,0.000000,0.000000,0,0,1180696,0.000000,0.000000,,0.000000,0.000000,0.000000
327,fields/00222__plt00074__fab0000_comp00_density.f32__c0002__dt-f32/chunk_0,read,4194304,,,,,0.009918,,0.215040,0.248008,,,,,3.306598,2.833632,24,,0.000000,0.000000,0,0,674684,0.000000,0.000000,,0.000000,0.000000,0.000000
328,fields/00225__plt00075__fab0000_comp00_density.f32__c0004__dt-f32/chunk_0,read,4194304,,,,,0.008171,,0.091776,0.445521,,,,,3.590295,3.044827,24,,0.000000,0.000000,0,0,1980769,0.000000,0.000000,,0.000000,0.000000,0.000000
329,fields/00228__plt00076__fab0000_comp00_density.f32__c0006__dt-f32/chunk_0,read,4194304,,,,,0.008590,,0.090048,0.568164,,,,,3.780196,3.113394,24,,0.000000,0.000000,0,0,2437008,0.000000,0.000000,,0.000000,0.000000,0.000000
330,fields/00231__plt00077__fab0000_comp00_density.f32__c0008__dt-f32/chunk_0,read,4194304,,,,,0.009080,,0.214720,0.376658,,,,,3.562358,2.961900,24,,0.000000,0.000000,0,0,1533476,0.000000,0.000000,,0.000000,0.000000,0.000000
331,fields/00234__plt00078__fab0000_comp00_density.f32__c0010__dt-f32/chunk_0,read,4194304,,,,,0.008660,,0.206976,0.294035,,,,,3.416389,2.906718,24,,0.000000,0.000000,0,0,1155746,0.000000,0.000000,,0.000000,0.000000,0.000000
332,fields/00237__plt00079__fab0000_comp00_density.f32__c0012__dt-f32/chunk_0,read,4194304,,,,,0.007613,,0.097088,0.434905,,,,,3.557888,3.018282,24,,0.000000,0.000000,0,0,1868870,0.000000,0.000000,,0.000000,0.000000,0.000000
333,fields/00240__plt00080__fab0000_comp00_density.f32__c0014__dt-f32/chunk_0,read,4194304,,,,,0.007263,,0.094528,0.604342,,,,,3.811904,3.105771,24,,0.000000,0.000000,0,0,2262396,0.000000,0.000000,,0.000000,0.000000,0.000000
334,fields/00244__plt00081__fab0000_comp01_rho_E.f32__c0000__dt-f32/chunk_0,read,4194304,,,,,0.007054,,0.107392,0.097150,,,,,2.672153,2.460557,24,,0.000000,0.000000,0,0,1612,0.000000,0.000000,,0.000000,0.000000,0.000000
335,fields/00247__plt00082__fab0000_comp01_rho_E.f32__c0002__dt-f32/chunk_0,read,4194304,,,,,0.008731,,0.112032,0.107277,,,,,2.648896,2.420856,24,,0.000000,0.000000,0,0,1612,0.000000,0.000000,,0.000000,0.000000,0.000000
336,fields/00250__plt00083__fab0000_comp01_rho_E.f32__c0005__dt-f32/chunk_0,read,4194304,,,,,0.006984,,0.051712,0.255132,,,,,3.157973,2.844145,24,,0.000000,0.000000,0,0,887388,0.000000,0.000000,,0.000000,0.000000,0.000000
337,fields/00253__plt00084__fab0000_comp01_rho_E.f32__c0007__dt-f32/chunk_0,read,4194304,,,,,0.007054,,0.091040,0.255831,,,,,3.219435,2.865510,24,,0.000000,0.000000,0,0,933925,0.000000,0.000000,,0.000000,0.000000,0.000000
338,fields/00256__plt00085__fab0000_comp01_rho_E.f32__c0009__dt-f32/chunk_0,read,4194304,,,,,0.007613,,0.086944,0.252199,,,,,3.168520,2.821764,24,,0.000000,0.000000,0,0,659168,0.000000,0.000000,,0.000000,0.000000,0.000000
339,fields/00259__plt00086__fab0000_comp01_rho_E.f32__c0011__dt-f32/chunk_0,read,4194304,,,,,0.007473,,0.088096,0.167271,,,,,2.933781,2.670941,24,,0.000000,0.000000,0,0,213210,0.000000,0.000000,,0.000000,0.000000,0.000000
340,fields/00262__plt00087__fab0000_comp01_rho_E.f32__c0013__dt-f32/chunk_0,read,4194304,,,,,0.006774,,0.087872,0.106230,,,,,2.636883,2.436007,24,,0.000000,0.000000,0,0,13084,0.000000,0.000000,,0.000000,0.000000,0.000000
341,fields/00265__plt00088__fab0000_comp01_rho_E.f32__c0015__dt-f32/chunk_0,read,4194304,,,,,0.008101,,0.086848,0.100014,,,,,2.659442,2.464479,24,,0.000000,0.000000,0,0,13084,0.000000,0.000000,,0.000000,0.000000,0.000000
342,fields/00269__plt00089__fab0000_comp02_logden.f32__c0001__dt-f32/chunk_0,read,4194304,,,,,0.009079,,0.217792,0.313380,,,,,3.470586,2.930335,24,,0.000000,0.000000,0,0,1225762,0.000000,0.000000,,0.000000,0.000000,0.000000
343,fields/00272__plt00090__fab0000_comp02_logden.f32__c0003__dt-f32/chunk_0,read,4194304,,,,,0.008451,,0.214432,0.382595,,,,,3.573953,2.968475,24,,0.000000,0.000000,0,0,1509028,0.000000,0.000000,,0.000000,0.000000,0.000000
344,fields/00275__plt00091__fab0000_comp02_logden.f32__c0005__dt-f32/chunk_0,read,4194304,,,,,0.008031,,0.090592,5.176056,,,,,8.551239,3.276560,24,,0.000000,0.000000,0,0,2990393,0.000000,0.000000,,0.000000,0.000000,0.000000
345,fields/00278__plt00092__fab0000_comp02_logden.f32__c0007__dt-f32/chunk_0,read,4194304,,,,,0.007123,,0.094912,5.208463,,,,,238.098965,232.788467,24,,0.000000,0.000000,0,0,3041511,0.000000,0.000000,,0.000000,0.000000,0.000000
346,fields/00281__plt00093__fab0000_comp02_logden.f32__c0009__dt-f32/chunk_0,read,4194304,,,,,0.000000,,0.000000,7.192115,,,,,7.821461,0.629346,0,,0.000000,0.000000,0,0,4194304,0.000000,0.000000,,0.000000,0.000000,0.000000
347,fields/00284__plt00094__fab0000_comp02_logden.f32__c0011__dt-f32/chunk_0,read,4194304,,,,,0.010406,,0.224352,0.433159,,,,,3.734240,3.066323,24,,0.000000,0.000000,0,0,1570060,0.000000,0.000000,,0.000000,0.000000,0.000000
348,fields/00287__plt00095__fab0000_comp02_logden.f32__c0013__dt-f32/chunk_0,read,4194304,,,,,0.007543,,0.094752,0.670064,,,,,4.222575,3.450216,24,,0.000000,0.000000,0,0,2913701,0.000000,0.000000,,0.000000,0.000000,0.000000
349,fields/00290__plt00096__fab0000_comp02_logden.f32__c0015__dt-f32/chunk_0,read,4194304,,,,,0.007962,,0.097536,0.609231,,,,,3.915479,3.200750,24,,0.000000,0.000000,0,0,2909958,0.000000,0.000000,,0.000000,0.000000,0.000000
350,fields/00294__plt00098__fab0000_comp00_density.f32__c0001__dt-f32/chunk_0,read,4194304,,,,,0.008172,,0.217856,0.236904,,,,,3.309460,2.846528,24,,0.000000,0.000000,0,0,674736,0.000000,0.000000,,0.000000,0.000000,0.000000
351,fields/00297__plt00099__fab0000_comp00_density.f32__c0003__dt-f32/chunk_0,read,4194304,,,,,0.008520,,0.205280,0.285094,,,,,3.375252,2.876358,24,,0.000000,0.000000,0,0,1100890,0.000000,0.000000,,0.000000,0.000000,0.000000
352,fields/00300__plt00100__fab0000_comp00_density.f32__c0006__dt-f32/chunk_0,read,4194304,,,,,0.007054,,0.097440,0.537014,,,,,3.783059,3.141551,24,,0.000000,0.000000,0,0,2499827,0.000000,0.000000,,0.000000,0.000000,0.000000
353,fields/00303__plt00101__fab0000_comp00_density.f32__c0008__dt-f32/chunk_0,read,4194304,,,,,0.009150,,0.237376,0.467173,,,,,3.726277,3.012578,24,,0.000000,0.000000,0,0,1805644,0.000000,0.000000,,0.000000,0.000000,0.000000
354,fields/00306__plt00102__fab0000_comp00_density.f32__c0010__dt-f32/chunk_0,read,4194304,,,,,0.008032,,0.205536,0.334962,,,,,3.492376,2.943846,24,,0.000000,0.000000,0,0,1373166,0.000000,0.000000,,0.000000,0.000000,0.000000
355,fields/00309__plt00103__fab0000_comp00_density.f32__c0012__dt-f32/chunk_0,read,4194304,,,,,0.006635,,0.097088,0.516830,,,,,3.631432,3.010879,24,,0.000000,0.000000,0,0,1878396,0.000000,0.000000,,0.000000,0.000000,0.000000
356,fields/00312__plt00104__fab0000_comp00_density.f32__c0014__dt-f32/chunk_0,read,4194304,,,,,0.008520,,0.075296,4.201623,,,,,7.453184,3.167745,24,,0.000000,0.000000,0,0,2456092,0.000000,0.000000,,0.000000,0.000000,0.000000
357,fields/00316__plt00105__fab0000_comp01_rho_E.f32__c0000__dt-f32/chunk_0,read,4194304,,,,,0.007612,,0.087200,0.100154,,,,,2.635975,2.441009,24,,0.000000,0.000000,0,0,13084,0.000000,0.000000,,0.000000,0.000000,0.000000
358,fields/00319__plt00106__fab0000_comp01_rho_E.f32__c0002__dt-f32/chunk_0,read,4194304,,,,,0.006635,,0.085600,0.132769,,,,,2.668172,2.443168,24,,0.000000,0.000000,0,0,52856,0.000000,0.000000,,0.000000,0.000000,0.000000
359,fields/00322__plt00107__fab0000_comp01_rho_E.f32__c0004__dt-f32/chunk_0,read,4194304,,,,,0.008031,,0.087296,0.269520,,,,,3.191009,2.826162,24,,0.000000,0.000000,0,0,747300,0.000000,0.000000,,0.000000,0.000000,0.000000
360,fields/00325__plt00108__fab0000_comp01_rho_E.f32__c0006__dt-f32/chunk_0,read,4194304,,,,,0.007543,,0.087968,0.311146,,,,,3.528136,3.121479,24,,0.000000,0.000000,0,0,1118365,0.000000,0.000000,,0.000000,0.000000,0.000000
361,fields/00328__plt00109__fab0000_comp01_rho_E.f32__c0008__dt-f32/chunk_0,read,4194304,,,,,0.007194,,0.087616,0.290821,,,,,3.294305,2.908674,24,,0.000000,0.000000,0,0,1100478,0.000000,0.000000,,0.000000,0.000000,0.000000
362,fields/00331__plt00110__fab0000_comp01_rho_E.f32__c0010__dt-f32/chunk_0,read,4194304,,,,,0.008101,,0.087264,0.216022,,,,,3.138487,2.827100,24,,0.000000,0.000000,0,0,684955,0.000000,0.000000,,0.000000,0.000000,0.000000
363,fields/00334__plt00111__fab0000_comp01_rho_E.f32__c0012__dt-f32/chunk_0,read,4194304,,,,,0.006635,,0.086144,0.120967,,,,,2.683188,2.469442,24,,0.000000,0.000000,0,0,114329,0.000000,0.000000,,0.000000,0.000000,0.000000
364,fields/00337__plt00112__fab0000_comp01_rho_E.f32__c0014__dt-f32/chunk_0,read,4194304,,,,,0.009918,,0.123168,0.100153,,,,,2.672642,2.439403,24,,0.000000,0.000000,0,0,1612,0.000000,0.000000,,0.000000,0.000000,0.000000
365,fields/00341__plt00113__fab0000_comp02_logden.f32__c0000__dt-f32/chunk_0,read,4194304,,,,,0.007962,,0.218240,0.306117,,,,,3.437690,2.905371,24,,0.000000,0.000000,0,0,1225828,0.000000,0.000000,,0.000000,0.000000,0.000000
366,fields/00344__plt00114__fab0000_comp02_logden.f32__c0002__dt-f32/chunk_0,read,4194304,,,,,0.008241,,0.213792,0.365832,,,,,3.527158,2.939293,24,,0.000000,0.000000,0,0,1375126,0.000000,0.000000,,0.000000,0.000000,0.000000
367,fields/00347__plt00115__fab0000_comp02_logden.f32__c0004__dt-f32/chunk_0,read,4194304,,,,,0.006635,,0.096256,5.187930,,,,,8.527982,3.237161,24,,0.000000,0.000000,0,0,3000940,0.000000,0.000000,,0.000000,0.000000,0.000000
368,fields/00350__plt00116__fab0000_comp02_logden.f32__c0007__dt-f32/chunk_0,read,4194304,,,,,0.008521,,0.095840,5.248552,,,,,8.590909,3.237996,24,,0.000000,0.000000,0,0,3077709,0.000000,0.000000,,0.000000,0.000000,0.000000
369,fields/00353__plt00117__fab0000_comp02_logden.f32__c0009__dt-f32/chunk_0,read,4194304,,,,,0.008590,,0.218304,0.502652,,,,,3.784247,3.054701,24,,0.000000,0.000000,0,0,2195664,0.000000,0.000000,,0.000000,0.000000,0.000000
370,fields/00356__plt00118__fab0000_comp02_logden.f32__c0011__dt-f32/chunk_0,read,4194304,,,,,0.008172,,0.218528,0.504189,,,,,3.738291,3.007402,24,,0.000000,0.000000,0,0,1766852,0.000000,0.000000,,0.000000,0.000000,0.000000
371,fields/00359__plt00119__fab0000_comp02_logden.f32__c0013__dt-f32/chunk_0,read,4194304,,,,,0.009988,,0.732096,0.532474,,,,,5.002430,3.727872,24,,0.000000,0.000000,0,0,2527550,0.000000,0.000000,,0.000000,0.000000,0.000000
372,fields/00362__plt00120__fab0000_comp02_logden.f32__c0015__dt-f32/chunk_0,read,4194304,,,,,0.007962,,0.607424,0.647715,,,,,4.353807,3.090706,24,,0.000000,0.000000,0,0,2454591,0.000000,0.000000,,0.000000,0.000000,0.000000
373,fields/00366__plt00122__fab0000_comp00_density.f32__c0001__dt-f32/chunk_0,read,4194304,,,,,0.009010,,0.216160,0.234110,,,,,3.291511,2.832231,24,,0.000000,0.000000,0,0,674736,0.000000,0.000000,,0.000000,0.000000,0.000000
374,fields/00369__plt00123__fab0000_comp00_density.f32__c0003__dt-f32/chunk_0,read,4194304,,,,,0.009568,,0.315072,0.452017,,,,,3.748977,2.972320,24,,0.000000,0.000000,0,0,1437974,0.000000,0.000000,,0.000000,0.000000,0.000000
375,fields/00372__plt00124__fab0000_comp00_density.f32__c0005__dt-f32/chunk_0,read,4194304,,,,,0.007194,,0.092864,4.141349,,,,,7.368186,3.126779,24,,0.000000,0.000000,0,0,2418810,0.000000,0.000000,,0.000000,0.000000,0.000000
376,fields/00375__plt00125__fab0000_comp00_density.f32__c0007__dt-f32/chunk_0,read,4194304,,,,,0.006635,,0.074048,5.098393,,,,,8.423148,3.244072,24,,0.000000,0.000000,0,0,2999436,0.000000,0.000000,,0.000000,0.000000,0.000000
377,fields/00378__plt00126__fab0000_comp00_density.f32__c0009__dt-f32/chunk_0,read,4194304,,,,,0.007193,,0.198784,0.384619,,,,,3.434339,2.843743,24,,0.000000,0.000000,0,0,1845708,0.000000,0.000000,,0.000000,0.000000,0.000000
378,fields/00381__plt00127__fab0000_comp00_density.f32__c0011__dt-f32/chunk_0,read,4194304,,,,,0.008101,,0.204608,0.378543,,,,,3.369734,2.778482,24,,0.000000,0.000000,0,0,1353580,0.000000,0.000000,,0.000000,0.000000,0.000000
379,fields/00384__plt00128__fab0000_comp00_density.f32__c0013__dt-f32/chunk_0,read,4194304,,,,,0.006565,,0.082144,0.493783,,,,,3.480574,2.898082,24,,0.000000,0.000000,0,0,2110075,0.000000,0.000000,,0.000000,0.000000,0.000000
380,fields/00387__plt00129__fab0000_comp00_density.f32__c0015__dt-f32/chunk_0,read,4194304,,,,,0.005308,,0.084960,3.349201,,,,,6.595385,3.155916,24,,0.000000,0.000000,0,0,2327689,0.000000,0.000000,,0.000000,0.000000,0.000000
381,fields/00391__plt00130__fab0000_comp01_rho_E.f32__c0001__dt-f32/chunk_0,read,4194304,,,,,0.006635,,0.082880,0.120827,,,,,3.009001,2.798659,24,,0.000000,0.000000,0,0,13263,0.000000,0.000000,,0.000000,0.000000,0.000000
382,fields/00394__plt00131__fab0000_comp01_rho_E.f32__c0003__dt-f32/chunk_0,read,4194304,,,,,0.006704,,0.083296,0.242282,,,,,2.996499,2.664217,24,,0.000000,0.000000,0,0,793551,0.000000,0.000000,,0.000000,0.000000,0.000000
383,fields/00397__plt00132__fab0000_comp01_rho_E.f32__c0005__dt-f32/chunk_0,read,4194304,,,,,0.006705,,0.080192,0.375121,,,,,3.199948,2.737930,24,,0.000000,0.000000,0,0,1274910,0.000000,0.000000,,0.000000,0.000000,0.000000
384,fields/00400__plt00133__fab0000_comp01_rho_E.f32__c0008__dt-f32/chunk_0,read,4194304,,,,,0.007124,,0.079840,1.940139,,,,,4.782079,2.754976,24,,0.000000,0.000000,0,0,1381488,0.000000,0.000000,,0.000000,0.000000,0.000000
385,fields/00403__plt00134__fab0000_comp01_rho_E.f32__c0010__dt-f32/chunk_0,read,4194304,,,,,0.006635,,0.079072,0.259253,,,,,3.009769,2.664809,24,,0.000000,0.000000,0,0,935872,0.000000,0.000000,,0.000000,0.000000,0.000000
386,fields/00406__plt00135__fab0000_comp01_rho_E.f32__c0012__dt-f32/chunk_0,read,4194304,,,,,0.006566,,0.056768,0.194230,,,,,2.864917,2.607353,24,,0.000000,0.000000,0,0,501104,0.000000,0.000000,,0.000000,0.000000,0.000000
387,fields/00409__plt00136__fab0000_comp01_rho_E.f32__c0014__dt-f32/chunk_0,read,4194304,,,,,0.006565,,0.081792,0.090585,,,,,2.509492,2.330550,24,,0.000000,0.000000,0,0,13084,0.000000,0.000000,,0.000000,0.000000,0.000000
388,fields/00413__plt00137__fab0000_comp02_logden.f32__c0000__dt-f32/chunk_0,read,4194304,,,,,0.007613,,0.211008,0.344462,,,,,3.349689,2.786606,24,,0.000000,0.000000,0,0,1225828,0.000000,0.000000,,0.000000,0.000000,0.000000
389,fields/00416__plt00138__fab0000_comp02_logden.f32__c0002__dt-f32/chunk_0,read,4194304,,,,,0.007054,,0.201184,2.353535,,,,,5.347029,2.785256,24,,0.000000,0.000000,0,0,1683654,0.000000,0.000000,,0.000000,0.000000,0.000000
390,fields/00419__plt00139__fab0000_comp02_logden.f32__c0004__dt-f32/chunk_0,read,4194304,,,,,0.005727,,0.089568,4.039169,,,,,7.186178,3.051714,24,,0.000000,0.000000,0,0,3031511,0.000000,0.000000,,0.000000,0.000000,0.000000
391,fields/00422__plt00140__fab0000_comp02_logden.f32__c0006__dt-f32/chunk_0,read,4194304,,,,,0.006565,,0.088224,4.177316,,,,,7.310078,3.037973,24,,0.000000,0.000000,0,0,3068888,0.000000,0.000000,,0.000000,0.000000,0.000000
392,fields/00425__plt00141__fab0000_comp02_logden.f32__c0008__dt-f32/chunk_0,read,4194304,,,,,0.007473,,0.225024,0.533034,,,,,4.207768,3.442237,24,,0.000000,0.000000,0,0,2677816,0.000000,0.000000,,0.000000,0.000000,0.000000
393,fields/00428__plt00142__fab0000_comp02_logden.f32__c0010__dt-f32/chunk_0,read,4194304,,,,,0.007124,,0.198656,0.491617,,,,,3.611388,2.913991,24,,0.000000,0.000000,0,0,2252482,0.000000,0.000000,,0.000000,0.000000,0.000000
394,fields/00431__plt00143__fab0000_comp02_logden.f32__c0012__dt-f32/chunk_0,read,4194304,,,,,0.006635,,0.106496,0.586463,,,,,3.745973,3.046379,24,,0.000000,0.000000,0,0,2947329,0.000000,0.000000,,0.000000,0.000000,0.000000
395,fields/00434__plt00144__fab0000_comp02_logden.f32__c0014__dt-f32/chunk_0,read,4194304,,,,,0.008172,,0.606624,0.569980,,,,,4.140510,2.955734,24,,0.000000,0.000000,0,0,2476389,0.000000,0.000000,,0.000000,0.000000,0.000000
396,fields/00438__plt00146__fab0000_comp00_density.f32__c0000__dt-f32/chunk_0,read,4194304,,,,,0.008172,,0.074560,0.343344,,,,,3.138977,2.712901,24,,0.000000,0.000000,0,0,1180696,0.000000,0.000000,,0.000000,0.000000,0.000000
397,fields/00441__plt00147__fab0000_comp00_density.f32__c0002__dt-f32/chunk_0,read,4194304,,,,,0.007543,,0.201856,0.412347,,,,,3.383074,2.761328,24,,0.000000,0.000000,0,0,1293306,0.000000,0.000000,,0.000000,0.000000,0.000000
398,fields/00444__plt00148__fab0000_comp00_density.f32__c0004__dt-f32/chunk_0,read,4194304,,,,,0.005168,,0.093696,3.289555,,,,,6.310360,2.921941,24,,0.000000,0.000000,0,0,2296950,0.000000,0.000000,,0.000000,0.000000,0.000000
399,fields/00447__plt00149__fab0000_comp00_density.f32__c0006__dt-f32/chunk_0,read,4194304,,,,,0.006635,,0.088608,3.748487,,,,,6.830263,2.986533,24,,0.000000,0.000000,0,0,2651719,0.000000,0.000000,,0.000000,0.000000,0.000000
400,fields/00450__plt00150__fab0000_comp00_density.f32__c0009__dt-f32/chunk_0,read,4194304,,,,,0.008172,,0.292000,0.583739,,,,,3.822800,2.938889,24,,0.000000,0.000000,0,0,2175952,0.000000,0.000000,,0.000000,0.000000,0.000000
401,fields/00453__plt00151__fab0000_comp00_density.f32__c0011__dt-f32/chunk_0,read,4194304,,,,,0.008381,,0.200352,0.457674,,,,,3.496568,2.830161,24,,0.000000,0.000000,0,0,1608358,0.000000,0.000000,,0.000000,0.000000,0.000000
402,fields/00456__plt00152__fab0000_comp00_density.f32__c0013__dt-f32/chunk_0,read,4194304,,,,,0.006146,,0.088992,0.597358,,,,,3.575139,2.882643,24,,0.000000,0.000000,0,0,2141963,0.000000,0.000000,,0.000000,0.000000,0.000000
403,fields/00459__plt00153__fab0000_comp00_density.f32__c0015__dt-f32/chunk_0,read,4194304,,,,,0.005797,,0.088416,3.573672,,,,,6.830683,3.162798,24,,0.000000,0.000000,0,0,2327689,0.000000,0.000000,,0.000000,0.000000,0.000000
404,fields/00463__plt00154__fab0000_comp01_rho_E.f32__c0001__dt-f32/chunk_0,read,4194304,,,,,0.005727,,0.082048,0.122782,,,,,2.557123,2.346566,24,,0.000000,0.000000,0,0,128706,0.000000,0.000000,,0.000000,0.000000,0.000000
405,fields/00466__plt00155__fab0000_comp01_rho_E.f32__c0003__dt-f32/chunk_0,read,4194304,,,,,0.006216,,0.089216,0.290892,,,,,3.122145,2.735821,24,,0.000000,0.000000,0,0,1133302,0.000000,0.000000,,0.000000,0.000000,0.000000
406,fields/00469__plt00156__fab0000_comp01_rho_E.f32__c0005__dt-f32/chunk_0,read,4194304,,,,,0.005797,,0.082848,0.349629,,,,,3.236546,2.798272,24,,0.000000,0.000000,0,0,1597771,0.000000,0.000000,,0.000000,0.000000,0.000000
407,fields/00472__plt00157__fab0000_comp01_rho_E.f32__c0007__dt-f32/chunk_0,read,4194304,,,,,0.007543,,0.079712,0.520462,,,,,3.464301,2.856584,24,,0.000000,0.000000,0,0,1803752,0.000000,0.000000,,0.000000,0.000000,0.000000
408,fields/00475__plt00158__fab0000_comp01_rho_E.f32__c0009__dt-f32/chunk_0,read,4194304,,,,,0.005797,,0.081472,0.398798,,,,,3.247232,2.761165,24,,0.000000,0.000000,0,0,1399391,0.000000,0.000000,,0.000000,0.000000,0.000000
409,fields/00478__plt00159__fab0000_comp01_rho_E.f32__c0011__dt-f32/chunk_0,read,4194304,,,,,0.007054,,0.082368,0.305908,,,,,3.083313,2.687983,24,,0.000000,0.000000,0,0,927503,0.000000,0.000000,,0.000000,0.000000,0.000000
410,fields/00481__plt00160__fab0000_comp01_rho_E.f32__c0013__dt-f32/chunk_0,read,4194304,,,,,0.006286,,0.082144,0.149391,,,,,2.603987,2.366166,24,,0.000000,0.000000,0,0,235533,0.000000,0.000000,,0.000000,0.000000,0.000000
411,fields/00484__plt00161__fab0000_comp01_rho_E.f32__c0015__dt-f32/chunk_0,read,4194304,,,,,0.006565,,0.082752,0.099944,,,,,2.516754,2.327493,24,,0.000000,0.000000,0,0,13084,0.000000,0.000000,,0.000000,0.000000,0.000000
412,fields/00488__plt00162__fab0000_comp02_logden.f32__c0001__dt-f32/chunk_0,read,4194304,,,,,0.007124,,0.236544,0.439376,,,,,3.473450,2.790406,24,,0.000000,0.000000,0,0,1485690,0.000000,0.000000,,0.000000,0.000000,0.000000
413,fields/00491__plt00163__fab0000_comp02_logden.f32__c0003__dt-f32/chunk_0,read,4194304,,,,,0.007194,,0.201408,3.382306,,,,,6.541537,2.950629,24,,0.000000,0.000000,0,0,2484414,0.000000,0.000000,,0.000000,0.000000,0.000000
414,fields/00494__plt00164__fab0000_comp02_logden.f32__c0005__dt-f32/chunk_0,read,4194304,,,,,0.006146,,0.088928,4.242129,,,,,7.370072,3.032869,24,,0.000000,0.000000,0,0,3053161,0.000000,0.000000,,0.000000,0.000000,0.000000
415,fields/00497__plt00165__fab0000_comp02_logden.f32__c0007__dt-f32/chunk_0,read,4194304,,,,,0.005727,,0.088992,4.294302,,,,,7.664665,3.275644,24,,0.000000,0.000000,0,0,3145656,0.000000,0.000000,,0.000000,0.000000,0.000000
416,fields/00500__plt00166__fab0000_comp02_logden.f32__c0010__dt-f32/chunk_0,read,4194304,,,,,0.000000,,0.000000,5.582817,,,,,6.041190,0.458373,0,,0.000000,0.000000,0,0,4194304,0.000000,0.000000,,0.000000,0.000000,0.000000
417,fields/00503__plt00167__fab0000_comp02_logden.f32__c0012__dt-f32/chunk_0,read,4194304,,,,,0.006635,,0.089696,0.596380,,,,,3.741434,3.048723,24,,0.000000,0.000000,0,0,2998264,0.000000,0.000000,,0.000000,0.000000,0.000000
418,fields/00506__plt00168__fab0000_comp02_logden.f32__c0014__dt-f32/chunk_0,read,4194304,,,,,0.006635,,0.088160,0.582762,,,,,3.714963,3.037406,24,,0.000000,0.000000,0,0,2915211,0.000000,0.000000,,0.000000,0.000000,0.000000
419,fields/00510__plt00170__fab0000_comp00_density.f32__c0000__dt-f32/chunk_0,read,4194304,,,,,0.007124,,0.105536,0.267145,,,,,3.087014,2.707209,24,,0.000000,0.000000,0,0,1064537,0.000000,0.000000,,0.000000,0.000000,0.000000
420,fields/00513__plt00171__fab0000_comp00_density.f32__c0002__dt-f32/chunk_0,read,4194304,,,,,0.007264,,0.218688,0.378613,,,,,3.443348,2.838783,24,,0.000000,0.000000,0,0,1655316,0.000000,0.000000,,0.000000,0.000000,0.000000
421,fields/00516__plt00172__fab0000_comp00_density.f32__c0004__dt-f32/chunk_0,read,4194304,,,,,0.006146,,0.086496,0.484074,,,,,3.528346,2.951630,24,,0.000000,0.000000,0,0,2408057,0.000000,0.000000,,0.000000,0.000000,0.000000
422,fields/00519__plt00173__fab0000_comp00_density.f32__c0006__dt-f32/chunk_0,read,4194304,,,,,0.006775,,0.089632,0.567466,,,,,3.670684,3.006811,24,,0.000000,0.000000,0,0,2732997,0.000000,0.000000,,0.000000,0.000000,0.000000
423,fields/00522__plt00174__fab0000_comp00_density.f32__c0008__dt-f32/chunk_0,read,4194304,,,,,0.007124,,0.204352,3.814069,,,,,7.009757,2.984212,24,,0.000000,0.000000,0,0,2746616,0.000000,0.000000,,0.000000,0.000000,0.000000
424,fields/00525__plt00175__fab0000_comp00_density.f32__c0010__dt-f32/chunk_0,read,4194304,,,,,0.007194,,0.312224,0.476811,,,,,3.751071,2.954842,24,,0.000000,0.000000,0,0,2237772,0.000000,0.000000,,0.000000,0.000000,0.000000
425,fields/00528__plt00176__fab0000_comp00_density.f32__c0012__dt-f32/chunk_0,read,4194304,,,,,0.006146,,0.090592,0.449782,,,,,3.449913,2.903393,24,,0.000000,0.000000,0,0,2146425,0.000000,0.000000,,0.000000,0.000000,0.000000
426,fields/00531__plt00177__fab0000_comp00_density.f32__c0014__dt-f32/chunk_0,read,4194304,,,,,0.007194,,0.066592,0.513898,,,,,3.733890,3.146206,24,,0.000000,0.000000,0,0,2475388,0.000000,0.000000,,0.000000,0.000000,0.000000
427,fields/00535__plt00178__fab0000_comp01_rho_E.f32__c0000__dt-f32/chunk_0,read,4194304,,,,,0.025073,,0.081248,0.105252,,,,,2.544901,2.333328,24,,0.000000,0.000000,0,0,25886,0.000000,0.000000,,0.000000,0.000000,0.000000
428,fields/00538__plt00179__fab0000_comp01_rho_E.f32__c0002__dt-f32/chunk_0,read,4194304,,,,,0.005727,,0.079872,0.292079,,,,,3.079541,2.701863,24,,0.000000,0.000000,0,0,1024905,0.000000,0.000000,,0.000000,0.000000,0.000000
429,fields/00541__plt00180__fab0000_comp01_rho_E.f32__c0004__dt-f32/chunk_0,read,4194304,,,,,0.006635,,0.082560,0.384060,,,,,3.329785,2.856530,24,,0.000000,0.000000,0,0,1772629,0.000000,0.000000,,0.000000,0.000000,0.000000
430,fields/00544__plt00181__fab0000_comp01_rho_E.f32__c0006__dt-f32/chunk_0,read,4194304,,,,,0.006705,,0.088576,0.448036,,,,,3.444255,2.900938,24,,0.000000,0.000000,0,0,2033586,0.000000,0.000000,,0.000000,0.000000,0.000000
431,fields/00547__plt00182__fab0000_comp01_rho_E.f32__c0008__dt-f32/chunk_0,read,4194304,,,,,0.007752,,0.087904,0.454182,,,,,3.425189,2.875351,24,,0.000000,0.000000,0,0,2009752,0.000000,0.000000,,0.000000,0.000000,0.000000
432,fields/00550__plt00183__fab0000_comp01_rho_E.f32__c0011__dt-f32/chunk_0,read,4194304,,,,,0.006216,,0.081344,0.285025,,,,,3.123542,2.750957,24,,0.000000,0.000000,0,0,1203399,0.000000,0.000000,,0.000000,0.000000,0.000000
433,fields/00553__plt00184__fab0000_comp01_rho_E.f32__c0013__dt-f32/chunk_0,read,4194304,,,,,0.006286,,0.081856,0.183825,,,,,2.910174,2.638207,24,,0.000000,0.000000,0,0,533357,0.000000,0.000000,,0.000000,0.000000,0.000000
434,fields/00556__plt00185__fab0000_comp01_rho_E.f32__c0015__dt-f32/chunk_0,read,4194304,,,,,0.008521,,0.109056,0.090096,,,,,2.528069,2.320396,24,,0.000000,0.000000,0,0,1612,0.000000,0.000000,,0.000000,0.000000,0.000000
435,fields/00560__plt00186__fab0000_comp02_logden.f32__c0001__dt-f32/chunk_0,read,4194304,,,,,0.007683,,0.206624,0.414023,,,,,3.480504,2.852174,24,,0.000000,0.000000,0,0,1809482,0.000000,0.000000,,0.000000,0.000000,0.000000
436,fields/00563__plt00187__fab0000_comp02_logden.f32__c0003__dt-f32/chunk_0,read,4194304,,,,,0.006146,,0.069824,5.419945,,,,,8.775152,3.279237,24,,0.000000,0.000000,0,0,4191708,0.000000,0.000000,,0.000000,0.000000,0.000000
437,fields/00566__plt00188__fab0000_comp02_logden.f32__c0005__dt-f32/chunk_0,read,4194304,,,,,0.007054,,0.089248,0.499161,,,,,3.679972,3.084509,24,,0.000000,0.000000,0,0,3051601,0.000000,0.000000,,0.000000,0.000000,0.000000
438,fields/00569__plt00189__fab0000_comp02_logden.f32__c0007__dt-f32/chunk_0,read,4194304,,,,,0.005238,,0.088384,4.442786,,,,,7.833962,3.297554,24,,0.000000,0.000000,0,0,3152638,0.000000,0.000000,,0.000000,0.000000,0.000000
439,fields/00572__plt00190__fab0000_comp02_logden.f32__c0009__dt-f32/chunk_0,read,4194304,,,,,0.007613,,0.194368,0.660426,,,,,3.928540,3.066133,24,,0.000000,0.000000,0,0,2921366,0.000000,0.000000,,0.000000,0.000000,0.000000
440,fields/00575__plt00191__fab0000_comp02_logden.f32__c0011__dt-f32/chunk_0,read,4194304,,,,,0.007473,,0.199872,0.577943,,,,,3.766228,2.980940,24,,0.000000,0.000000,0,0,2519284,0.000000,0.000000,,0.000000,0.000000,0.000000
441,fields/00578__plt00192__fab0000_comp02_logden.f32__c0013__dt-f32/chunk_0,read,4194304,,,,,0.006775,,0.088672,0.478905,,,,,3.605172,3.030820,24,,0.000000,0.000000,0,0,2961964,0.000000,0.000000,,0.000000,0.000000,0.000000
442,fields/00581__plt00193__fab0000_comp02_logden.f32__c0015__dt-f32/chunk_0,read,4194304,,,,,0.009358,,0.763328,0.439376,,,,,4.138415,2.926353,24,,0.000000,0.000000,0,0,2454591,0.000000,0.000000,,0.000000,0.000000,0.000000
443,fields/00585__plt00195__fab0000_comp00_density.f32__c0001__dt-f32/chunk_0,read,4194304,,,,,0.007264,,0.227232,0.296130,,,,,3.321125,2.790499,24,,0.000000,0.000000,0,0,1455496,0.000000,0.000000,,0.000000,0.000000,0.000000
444,fields/00588__plt00196__fab0000_comp00_density.f32__c0003__dt-f32/chunk_0,read,4194304,,,,,0.006775,,0.295392,3.402980,,,,,6.723335,3.018188,24,,0.000000,0.000000,0,0,2537500,0.000000,0.000000,,0.000000,0.000000,0.000000
445,fields/00591__plt00197__fab0000_comp00_density.f32__c0005__dt-f32/chunk_0,read,4194304,,,,,0.005238,,0.091040,3.554116,,,,,6.619481,2.969087,24,,0.000000,0.000000,0,0,2660158,0.000000,0.000000,,0.000000,0.000000,0.000000
446,fields/00594__plt00198__fab0000_comp00_density.f32__c0007__dt-f32/chunk_0,read,4194304,,,,,0.006635,,0.089248,3.861771,,,,,6.983497,3.025843,24,,0.000000,0.000000,0,0,2880196,0.000000,0.000000,,0.000000,0.000000,0.000000
447,fields/00597__plt00199__fab0000_comp00_density.f32__c0009__dt-f32/chunk_0,read,4194304,,,,,0.007543,,0.294528,0.472202,,,,,3.748767,2.974494,24,,0.000000,0.000000,0,0,2694108,0.000000,0.000000,,0.000000,0.000000,0.000000
448,fields/00600__plt00200__fab0000_comp00_density.f32__c0012__dt-f32/chunk_0,read,4194304,,,,,0.006705,,0.080576,0.389509,,,,,3.405773,2.928983,24,,0.000000,0.000000,0,0,2253155,0.000000,0.000000,,0.000000,0.000000,0.000000
449,fields/00603__plt00201__fab0000_comp00_density.f32__c0014__dt-f32/chunk_0,read,4194304,,,,,0.006146,,0.067616,0.466265,,,,,3.705744,3.165717,24,,0.000000,0.000000,0,0,2539360,0.000000,0.000000,,0.000000,0.000000,0.000000
450,fields/00607__plt00202__fab0000_comp01_rho_E.f32__c0000__dt-f32/chunk_0,read,4194304,,,,,0.006286,,0.082400,0.130813,,,,,2.564317,2.344818,24,,0.000000,0.000000,0,0,211629,0.000000,0.000000,,0.000000,0.000000,0.000000
451,fields/00610__plt00203__fab0000_comp01_rho_E.f32__c0002__dt-f32/chunk_0,read,4194304,,,,,0.005797,,0.082688,0.299134,,,,,3.137440,2.749821,24,,0.000000,0.000000,0,0,1375077,0.000000,0.000000,,0.000000,0.000000,0.000000
452,fields/00613__plt00204__fab0000_comp01_rho_E.f32__c0004__dt-f32/chunk_0,read,4194304,,,,,0.005797,,0.087712,0.397960,,,,,3.396135,2.904666,24,,0.000000,0.000000,0,0,2097754,0.000000,0.000000,,0.000000,0.000000,0.000000
453,fields/00616__plt00205__fab0000_comp01_rho_E.f32__c0006__dt-f32/chunk_0,read,4194304,,,,,0.006146,,0.087040,0.402709,,,,,3.432942,2.937047,24,,0.000000,0.000000,0,0,2294420,0.000000,0.000000,,0.000000,0.000000,0.000000
454,fields/00619__plt00206__fab0000_comp01_rho_E.f32__c0008__dt-f32/chunk_0,read,4194304,,,,,0.007123,,0.084896,0.419332,,,,,3.419392,2.908041,24,,0.000000,0.000000,0,0,2285474,0.000000,0.000000,,0.000000,0.000000,0.000000
455,fields/00622__plt00207__fab0000_comp01_rho_E.f32__c0010__dt-f32/chunk_0,read,4194304,,,,,0.006705,,0.081568,0.321134,,,,,3.233822,2.824415,24,,0.000000,0.000000,0,0,1749050,0.000000,0.000000,,0.000000,0.000000,0.000000
456,fields/00625__plt00208__fab0000_comp01_rho_E.f32__c0012__dt-f32/chunk_0,read,4194304,,,,,0.006775,,0.079456,0.300948,,,,,3.135624,2.748445,24,,0.000000,0.000000,0,0,1169191,0.000000,0.000000,,0.000000,0.000000,0.000000
457,fields/00628__plt00209__fab0000_comp01_rho_E.f32__c0014__dt-f32/chunk_0,read,4194304,,,,,0.007473,,0.080448,0.152186,,,,,2.870015,2.629908,24,,0.000000,0.000000,0,0,421768,0.000000,0.000000,,0.000000,0.000000,0.000000
458,fields/00632__plt00210__fab0000_comp02_logden.f32__c0000__dt-f32/chunk_0,read,4194304,,,,,0.008102,,0.211424,0.319597,,,,,3.354439,2.815316,24,,0.000000,0.000000,0,0,1590816,0.000000,0.000000,,0.000000,0.000000,0.000000
459,fields/00635__plt00211__fab0000_comp02_logden.f32__c0002__dt-f32/chunk_0,read,4194304,,,,,0.007683,,0.193216,3.591832,,,,,6.759863,2.967132,24,,0.000000,0.000000,0,0,2675934,0.000000,0.000000,,0.000000,0.000000,0.000000
460,fields/00638__plt00212__fab0000_comp02_logden.f32__c0004__dt-f32/chunk_0,read,4194304,,,,,0.006705,,0.089888,4.075836,,,,,7.252947,3.080518,24,,0.000000,0.000000,0,0,3047508,0.000000,0.000000,,0.000000,0.000000,0.000000
461,fields/00641__plt00213__fab0000_comp02_logden.f32__c0006__dt-f32/chunk_0,read,4194304,,,,,0.006146,,0.087776,4.164605,,,,,7.299532,3.041005,24,,0.000000,0.000000,0,0,3102363,0.000000,0.000000,,0.000000,0.000000,0.000000
462,fields/00644__plt00214__fab0000_comp02_logden.f32__c0008__dt-f32/chunk_0,read,4194304,,,,,0.006775,,0.206048,4.431541,,,,,7.743167,3.098803,24,,0.000000,0.000000,0,0,3386366,0.000000,0.000000,,0.000000,0.000000,0.000000
463,fields/00647__plt00215__fab0000_comp02_logden.f32__c0010__dt-f32/chunk_0,read,4194304,,,,,0.007962,,0.191328,0.508939,,,,,3.772233,3.064004,24,,0.000000,0.000000,0,0,2979876,0.000000,0.000000,,0.000000,0.000000,0.000000
464,fields/00650__plt00216__fab0000_comp02_logden.f32__c0013__dt-f32/chunk_0,read,4194304,,,,,0.007543,,0.107168,0.525142,,,,,3.719224,3.079371,24,,0.000000,0.000000,0,0,3025166,0.000000,0.000000,,0.000000,0.000000,0.000000
465,fields/00653__plt00217__fab0000_comp02_logden.f32__c0015__dt-f32/chunk_0,read,4194304,,,,,0.007333,,0.605344,0.441681,,,,,4.015842,2.961484,24,,0.000000,0.000000,0,0,2496418,0.000000,0.000000,,0.000000,0.000000,0.000000
466,fields/00657__plt00219__fab0000_comp00_density.f32__c0001__dt-f32/chunk_0,read,4194304,,,,,0.000000,,0.000000,5.504105,,,,,5.950534,0.446429,0,,0.000000,0.000000,0,0,4194304,0.000000,0.000000,,0.000000,0.000000,0.000000
467,fields/00660__plt00220__fab0000_comp00_density.f32__c0003__dt-f32/chunk_0,read,4194304,,,,,0.007264,,0.298112,0.492386,,,,,3.897111,3.099349,24,,0.000000,0.000000,0,0,2842276,0.000000,0.000000,,0.000000,0.000000,0.000000
468,fields/00663__plt00221__fab0000_comp00_density.f32__c0005__dt-f32/chunk_0,read,4194304,,,,,0.006076,,0.090080,0.487217,,,,,3.624658,3.041285,24,,0.000000,0.000000,0,0,2719053,0.000000,0.000000,,0.000000,0.000000,0.000000
469,fields/00666__plt00222__fab0000_comp00_density.f32__c0007__dt-f32/chunk_0,read,4194304,,,,,0.007123,,0.089088,0.472621,,,,,3.575349,3.006517,24,,0.000000,0.000000,0,0,2925458,0.000000,0.000000,,0.000000,0.000000,0.000000
470,fields/00669__plt00223__fab0000_comp00_density.f32__c0009__dt-f32/chunk_0,read,4194304,,,,,0.007543,,0.206784,0.571586,,,,,3.828666,3.042753,24,,0.000000,0.000000,0,0,2994996,0.000000,0.000000,,0.000000,0.000000,0.000000
471,fields/00672__plt00224__fab0000_comp00_density.f32__c0011__dt-f32/chunk_0,read,4194304,,,,,0.007124,,0.291840,0.458443,,,,,3.717477,2.960070,24,,0.000000,0.000000,0,0,2500580,0.000000,0.000000,,0.000000,0.000000,0.000000
472,fields/00675__plt00225__fab0000_comp00_density.f32__c0013__dt-f32/chunk_0,read,4194304,,,,,0.007193,,0.082016,0.445172,,,,,3.511095,2.976714,24,,0.000000,0.000000,0,0,2399116,0.000000,0.000000,,0.000000,0.000000,0.000000
473,fields/00678__plt00226__fab0000_comp00_density.f32__c0015__dt-f32/chunk_0,read,4194304,,,,,0.006146,,0.092160,0.402709,,,,,3.455640,2.954625,24,,0.000000,0.000000,0,0,2348624,0.000000,0.000000,,0.000000,0.000000,0.000000
474,fields/00682__plt00227__fab0000_comp01_rho_E.f32__c0001__dt-f32/chunk_0,read,4194304,,,,,0.005727,,0.080160,0.271824,,,,,3.085128,2.727417,24,,0.000000,0.000000,0,0,1187326,0.000000,0.000000,,0.000000,0.000000,0.000000
475,fields/00685__plt00228__fab0000_comp01_rho_E.f32__c0003__dt-f32/chunk_0,read,4194304,,,,,0.007124,,0.080416,0.443706,,,,,3.434757,2.903511,24,,0.000000,0.000000,0,0,2238037,0.000000,0.000000,,0.000000,0.000000,0.000000
476,fields/00688__plt00229__fab0000_comp01_rho_E.f32__c0005__dt-f32/chunk_0,read,4194304,,,,,0.006565,,0.099552,0.506844,,,,,3.571997,2.959036,24,,0.000000,0.000000,0,0,2414679,0.000000,0.000000,,0.000000,0.000000,0.000000
477,fields/00691__plt00230__fab0000_comp01_rho_E.f32__c0007__dt-f32/chunk_0,read,4194304,,,,,0.005727,,0.088288,0.513549,,,,,3.564244,2.956680,24,,0.000000,0.000000,0,0,2527226,0.000000,0.000000,,0.000000,0.000000,0.000000
478,fields/00694__plt00231__fab0000_comp01_rho_E.f32__c0009__dt-f32/chunk_0,read,4194304,,,,,0.006635,,0.079648,0.408156,,,,,3.415551,2.921112,24,,0.000000,0.000000,0,0,2289245,0.000000,0.000000,,0.000000,0.000000,0.000000
479,fields/00697__plt00232__fab0000_comp01_rho_E.f32__c0011__dt-f32/chunk_0,read,4194304,,,,,0.006147,,0.089888,0.322460,,,,,3.267835,2.849340,24,,0.000000,0.000000,0,0,1783219,0.000000,0.000000,,0.000000,0.000000,0.000000
480,fields/00700__plt00233__fab0000_comp01_rho_E.f32__c0014__dt-f32/chunk_0,read,4194304,,,,,0.007263,,0.080736,0.206104,,,,,2.935178,2.641075,24,,0.000000,0.000000,0,0,749211,0.000000,0.000000,,0.000000,0.000000,0.000000
481,fields/00704__plt00234__fab0000_comp02_logden.f32__c0000__dt-f32/chunk_0,read,4194304,,,,,0.009010,,0.210816,0.459002,,,,,3.557889,2.879061,24,,0.000000,0.000000,0,0,1912556,0.000000,0.000000,,0.000000,0.000000,0.000000
482,fields/00707__plt00235__fab0000_comp02_logden.f32__c0002__dt-f32/chunk_0,read,4194304,,,,,0.007613,,0.193216,3.912615,,,,,7.554804,3.441360,24,,0.000000,0.000000,0,0,2977024,0.000000,0.000000,,0.000000,0.000000,0.000000
483,fields/00710__plt00236__fab0000_comp02_logden.f32__c0004__dt-f32/chunk_0,read,4194304,,,,,0.005587,,0.090368,4.034909,,,,,7.165714,3.034850,24,,0.000000,0.000000,0,0,3023780,0.000000,0.000000,,0.000000,0.000000,0.000000
484,fields/00713__plt00237__fab0000_comp02_logden.f32__c0006__dt-f32/chunk_0,read,4194304,,,,,0.005168,,0.088608,4.038052,,,,,7.175702,3.043874,24,,0.000000,0.000000,0,0,3089222,0.000000,0.000000,,0.000000,0.000000,0.000000
485,fields/00716__plt00238__fab0000_comp02_logden.f32__c0008__dt-f32/chunk_0,read,4194304,,,,,0.006775,,0.088576,4.625493,,,,,7.847442,3.126598,24,,0.000000,0.000000,0,0,3526877,0.000000,0.000000,,0.000000,0.000000,0.000000
486,fields/00719__plt00239__fab0000_comp02_logden.f32__c0010__dt-f32/chunk_0,read,4194304,,,,,0.006635,,0.066560,5.013465,,,,,8.222353,3.135693,24,,0.000000,0.000000,0,0,3790368,0.000000,0.000000,,0.000000,0.000000,0.000000
487,fields/00722__plt00240__fab0000_comp02_logden.f32__c0012__dt-f32/chunk_0,read,4194304,,,,,0.005796,,0.078976,0.525143,,,,,3.549647,2.939732,24,,0.000000,0.000000,0,0,3137660,0.000000,0.000000,,0.000000,0.000000,0.000000
488,fields/00725__plt00241__fab0000_comp02_logden.f32__c0014__dt-f32/chunk_0,read,4194304,,,,,0.006146,,0.080032,0.636121,,,,,3.555444,2.833145,24,,0.000000,0.000000,0,0,2991586,0.000000,0.000000,,0.000000,0.000000,0.000000
489,fields/00729__plt00243__fab0000_comp00_density.f32__c0000__dt-f32/chunk_0,read,4194304,,,,,0.009498,,0.247808,0.359197,,,,,3.315398,2.698895,24,,0.000000,0.000000,0,0,1582058,0.000000,0.000000,,0.000000,0.000000,0.000000
490,fields/00732__plt00244__fab0000_comp00_density.f32__c0002__dt-f32/chunk_0,read,4194304,,,,,0.007124,,0.184896,0.531987,,,,,3.613692,2.889685,24,,0.000000,0.000000,0,0,2772600,0.000000,0.000000,,0.000000,0.000000,0.000000
491,fields/00735__plt00245__fab0000_comp00_density.f32__c0004__dt-f32/chunk_0,read,4194304,,,,,0.007124,,0.079360,0.523116,,,,,3.476173,2.866573,24,,0.000000,0.000000,0,0,2659988,0.000000,0.000000,,0.000000,0.000000,0.000000
492,fields/00738__plt00246__fab0000_comp00_density.f32__c0006__dt-f32/chunk_0,read,4194304,,,,,0.003771,,0.079232,0.633116,,,,,3.899486,3.183367,24,,0.000000,0.000000,0,0,2902905,0.000000,0.000000,,0.000000,0.000000,0.000000
493,fields/00741__plt00247__fab0000_comp00_density.f32__c0008__dt-f32/chunk_0,read,4194304,,,,,0.004330,,0.079296,2.817703,,,,,5.771529,2.870200,24,,0.000000,0.000000,0,0,3161203,0.000000,0.000000,,0.000000,0.000000,0.000000
494,fields/00744__plt00248__fab0000_comp00_density.f32__c0010__dt-f32/chunk_0,read,4194304,,,,,0.007613,,0.303520,0.554614,,,,,3.835650,2.969903,24,,0.000000,0.000000,0,0,2984720,0.000000,0.000000,,0.000000,0.000000,0.000000
495,fields/00747__plt00249__fab0000_comp00_density.f32__c0012__dt-f32/chunk_0,read,4194304,,,,,0.005727,,0.079648,0.553776,,,,,3.476383,2.837232,24,,0.000000,0.000000,0,0,2469783,0.000000,0.000000,,0.000000,0.000000,0.000000
496,fields/00750__plt00250__fab0000_comp00_density.f32__c0015__dt-f32/chunk_0,read,4194304,,,,,0.004330,,0.061824,0.518785,,,,,3.360096,2.775157,24,,0.000000,0.000000,0,0,2712204,0.000000,0.000000,,0.000000,0.000000,0.000000
497,fields/00754__plt00251__fab0000_comp01_rho_E.f32__c0001__dt-f32/chunk_0,read,4194304,,,,,0.006705,,0.087168,0.295990,,,,,3.110691,2.720828,24,,0.000000,0.000000,0,0,1547960,0.000000,0.000000,,0.000000,0.000000,0.000000
498,fields/00757__plt00252__fab0000_comp01_rho_E.f32__c0003__dt-f32/chunk_0,read,4194304,,,,,0.006216,,0.078112,0.419541,,,,,3.364008,2.860139,24,,0.000000,0.000000,0,0,2500206,0.000000,0.000000,,0.000000,0.000000,0.000000
499,fields/00760__plt00253__fab0000_comp01_rho_E.f32__c0005__dt-f32/chunk_0,read,4194304,,,,,0.003771,,0.078048,0.549656,,,,,3.360306,2.728831,24,,0.000000,0.000000,0,0,2478520,0.000000,0.000000,,0.000000,0.000000,0.000000
500,fields/00763__plt00254__fab0000_comp01_rho_E.f32__c0007__dt-f32/chunk_0,read,4194304,,,,,0.007683,,0.080000,0.568933,,,,,3.506345,2.849729,24,,0.000000,0.000000,0,0,2586364,0.000000,0.000000,,0.000000,0.000000,0.000000
501,fields/00766__plt00255__fab0000_comp01_rho_E.f32__c0009__dt-f32/chunk_0,read,4194304,,,,,0.006774,,0.078976,0.489382,,,,,3.344242,2.769110,24,,0.000000,0.000000,0,0,2515954,0.000000,0.000000,,0.000000,0.000000,0.000000
502,fields/00769__plt00256__fab0000_comp01_rho_E.f32__c0011__dt-f32/chunk_0,read,4194304,,,,,0.006216,,0.082496,0.394957,,,,,3.263295,2.779626,24,,0.000000,0.000000,0,0,2074312,0.000000,0.000000,,0.000000,0.000000,0.000000
503,fields/00772__plt00257__fab0000_comp01_rho_E.f32__c0013__dt-f32/chunk_0,read,4194304,,,,,0.006635,,0.080960,0.308283,,,,,3.049788,2.653910,24,,0.000000,0.000000,0,0,1481846,0.000000,0.000000,,0.000000,0.000000,0.000000
504,fields/00775__plt00258__fab0000_comp01_rho_E.f32__c0015__dt-f32/chunk_0,read,4194304,,,,,0.007194,,0.072192,0.204706,,,,,2.806599,2.522507,24,,0.000000,0.000000,0,0,617536,0.000000,0.000000,,0.000000,0.000000,0.000000
505,fields/00779__plt00259__fab0000_comp02_logden.f32__c0001__dt-f32/chunk_0,read,4194304,,,,,0.005169,,0.191456,0.565509,,,,,3.552022,2.789888,24,,0.000000,0.000000,0,0,2810166,0.000000,0.000000,,0.000000,0.000000,0.000000
506,fields/00782__plt00260__fab0000_comp02_logden.f32__c0003__dt-f32/chunk_0,read,4194304,,,,,0.003422,,0.063072,3.245415,,,,,6.182968,2.871059,24,,0.000000,0.000000,0,0,3455768,0.000000,0.000000,,0.000000,0.000000,0.000000
507,fields/00785__plt00261__fab0000_comp02_logden.f32__c0005__dt-f32/chunk_0,read,4194304,,,,,0.004190,,0.079488,0.755131,,,,,3.700296,2.861487,24,,0.000000,0.000000,0,0,2966569,0.000000,0.000000,,0.000000,0.000000,0.000000
508,fields/00788__plt00262__fab0000_comp02_logden.f32__c0007__dt-f32/chunk_0,read,4194304,,,,,0.003352,,0.078464,3.081357,,,,,6.008643,2.845470,24,,0.000000,0.000000,0,0,3133001,0.000000,0.000000,,0.000000,0.000000,0.000000
509,fields/00791__plt00263__fab0000_comp02_logden.f32__c0009__dt-f32/chunk_0,read,4194304,,,,,0.003283,,0.078400,3.131434,,,,,6.113266,2.900149,24,,0.000000,0.000000,0,0,3455437,0.000000,0.000000,,0.000000,0.000000,0.000000
510,fields/00794__plt00264__fab0000_comp02_logden.f32__c0011__dt-f32/chunk_0,read,4194304,,,,,0.008521,,0.191136,0.551822,,,,,3.726976,2.975497,24,,0.000000,0.000000,0,0,3228702,0.000000,0.000000,,0.000000,0.000000,0.000000
511,fields/00797__plt00265__fab0000_comp02_logden.f32__c0013__dt-f32/chunk_0,read,4194304,,,,,0.005727,,0.079360,0.601689,,,,,3.651896,2.965120,24,,0.000000,0.000000,0,0,3130304,0.000000,0.000000,,0.000000,0.000000,0.000000
512,fields/00000__plt00000__fab0000_comp00_density.f32__c0000__dt-f32/chunk_0,read,4194304,,,,,0.007124,,0.074144,0.285025,,,,,2.981902,2.615609,24,,0.000000,0.000000,0,0,1180696,0.000000,0.000000,,0.000000,0.000000,0.000000
513,fields/00003__plt00001__fab0000_comp00_density.f32__c0002__dt-f32/chunk_0,read,4194304,,,,,0.008521,,0.205408,0.208198,,,,,2.971566,2.549439,24,,0.000000,0.000000,0,0,674684,0.000000,0.000000,,0.000000,0.000000,0.000000
514,fields/00006__plt00002__fab0000_comp00_density.f32__c0004__dt-f32/chunk_0,read,4194304,,,,,0.005727,,0.085600,0.447756,,,,,3.281454,2.742371,24,,0.000000,0.000000,0,0,1868902,0.000000,0.000000,,0.000000,0.000000,0.000000
515,fields/00009__plt00003__fab0000_comp00_density.f32__c0006__dt-f32/chunk_0,read,4194304,,,,,0.006635,,0.080416,0.522767,,,,,3.670195,3.060377,24,,0.000000,0.000000,0,0,2262432,0.000000,0.000000,,0.000000,0.000000,0.000000
516,fields/00012__plt00004__fab0000_comp00_density.f32__c0008__dt-f32/chunk_0,read,4194304,,,,,0.007333,,0.208096,0.207361,,,,,2.949146,2.526356,24,,0.000000,0.000000,0,0,696364,0.000000,0.000000,,0.000000,0.000000,0.000000
517,fields/00015__plt00005__fab0000_comp00_density.f32__c0010__dt-f32/chunk_0,read,4194304,,,,,0.007263,,0.216704,0.207850,,,,,2.975756,2.543939,24,,0.000000,0.000000,0,0,674758,0.000000,0.000000,,0.000000,0.000000,0.000000
518,fields/00018__plt00006__fab0000_comp00_density.f32__c0012__dt-f32/chunk_0,read,4194304,,,,,0.007124,,0.084512,0.377705,,,,,3.208539,2.739198,24,,0.000000,0.000000,0,0,1868870,0.000000,0.000000,,0.000000,0.000000,0.000000
519,fields/00021__plt00007__fab0000_comp00_density.f32__c0014__dt-f32/chunk_0,read,4194304,,,,,0.006286,,0.078368,0.548608,,,,,3.424211,2.790949,24,,0.000000,0.000000,0,0,2262396,0.000000,0.000000,,0.000000,0.000000,0.000000
520,fields/00025__plt00008__fab0000_comp01_rho_E.f32__c0000__dt-f32/chunk_0,read,4194304,,,,,0.005797,,0.081664,0.091144,,,,,2.459275,2.280670,24,,0.000000,0.000000,0,0,13084,0.000000,0.000000,,0.000000,0.000000,0.000000
521,fields/00028__plt00009__fab0000_comp01_rho_E.f32__c0002__dt-f32/chunk_0,read,4194304,,,,,0.007543,,0.102144,0.095195,,,,,2.442512,2.237630,24,,0.000000,0.000000,0,0,1612,0.000000,0.000000,,0.000000,0.000000,0.000000
522,fields/00031__plt00010__fab0000_comp01_rho_E.f32__c0004__dt-f32/chunk_0,read,4194304,,,,,0.007473,,0.038464,0.144642,,,,,2.420792,2.230213,24,,0.000000,0.000000,0,0,139288,0.000000,0.000000,,0.000000,0.000000,0.000000
523,fields/00034__plt00011__fab0000_comp01_rho_E.f32__c0006__dt-f32/chunk_0,read,4194304,,,,,0.008241,,0.108704,0.100991,,,,,2.481275,2.263339,24,,0.000000,0.000000,0,0,33512,0.000000,0.000000,,0.000000,0.000000,0.000000
524,fields/00037__plt00012__fab0000_comp01_rho_E.f32__c0008__dt-f32/chunk_0,read,4194304,,,,,0.006705,,0.087584,0.122573,,,,,2.494126,2.277264,24,,0.000000,0.000000,0,0,114843,0.000000,0.000000,,0.000000,0.000000,0.000000
525,fields/00040__plt00013__fab0000_comp01_rho_E.f32__c0010__dt-f32/chunk_0,read,4194304,,,,,0.003353,,0.070048,0.065791,,,,,2.281457,2.142265,24,,0.000000,0.000000,0,0,13084,0.000000,0.000000,,0.000000,0.000000,0.000000
526,fields/00043__plt00014__fab0000_comp01_rho_E.f32__c0012__dt-f32/chunk_0,read,4194304,,,,,0.007543,,0.081120,0.096592,,,,,2.452361,2.267106,24,,0.000000,0.000000,0,0,13084,0.000000,0.000000,,0.000000,0.000000,0.000000
527,fields/00046__plt00015__fab0000_comp01_rho_E.f32__c0014__dt-f32/chunk_0,read,4194304,,,,,0.007613,,0.081280,0.092122,,,,,2.421071,2.240056,24,,0.000000,0.000000,0,0,13084,0.000000,0.000000,,0.000000,0.000000,0.000000
528,fields/00050__plt00016__fab0000_comp02_logden.f32__c0001__dt-f32/chunk_0,read,4194304,,,,,0.007613,,0.366624,0.581714,,,,,3.775097,2.819146,24,,0.000000,0.000000,0,0,1225762,0.000000,0.000000,,0.000000,0.000000,0.000000
529,fields/00053__plt00017__fab0000_comp02_logden.f32__c0003__dt-f32/chunk_0,read,4194304,,,,,0.007124,,0.197312,0.335311,,,,,3.182418,2.642671,24,,0.000000,0.000000,0,0,1225576,0.000000,0.000000,,0.000000,0.000000,0.000000
530,fields/00056__plt00018__fab0000_comp02_logden.f32__c0005__dt-f32/chunk_0,read,4194304,,,,,0.008102,,0.721440,0.614191,,,,,4.163908,2.820175,24,,0.000000,0.000000,0,0,2527256,0.000000,0.000000,,0.000000,0.000000,0.000000
531,fields/00059__plt00019__fab0000_comp02_logden.f32__c0007__dt-f32/chunk_0,read,4194304,,,,,0.004749,,0.578112,2.471427,,,,,5.786755,2.732467,24,,0.000000,0.000000,0,0,2579411,0.000000,0.000000,,0.000000,0.000000,0.000000
532,fields/00062__plt00020__fab0000_comp02_logden.f32__c0009__dt-f32/chunk_0,read,4194304,,,,,0.008032,,0.200224,0.395167,,,,,3.250584,2.647161,24,,0.000000,0.000000,0,0,1371860,0.000000,0.000000,,0.000000,0.000000,0.000000
533,fields/00065__plt00021__fab0000_comp02_logden.f32__c0011__dt-f32/chunk_0,read,4194304,,,,,0.007124,,0.182848,0.355914,,,,,3.169427,2.623541,24,,0.000000,0.000000,0,0,1225582,0.000000,0.000000,,0.000000,0.000000,0.000000
534,fields/00068__plt00022__fab0000_comp02_logden.f32__c0013__dt-f32/chunk_0,read,4194304,,,,,0.003771,,0.083136,2.668452,,,,,5.576810,2.821451,24,,0.000000,0.000000,0,0,2913701,0.000000,0.000000,,0.000000,0.000000,0.000000
535,fields/00071__plt00023__fab0000_comp02_logden.f32__c0015__dt-f32/chunk_0,read,4194304,,,,,0.008171,,0.079136,0.687803,,,,,3.645121,2.870011,24,,0.000000,0.000000,0,0,2909958,0.000000,0.000000,,0.000000,0.000000,0.000000
536,fields/00075__plt00025__fab0000_comp00_density.f32__c0001__dt-f32/chunk_0,read,4194304,,,,,0.007612,,0.207360,0.232016,,,,,2.989724,2.542736,24,,0.000000,0.000000,0,0,674736,0.000000,0.000000,,0.000000,0.000000,0.000000
537,fields/00078__plt00026__fab0000_comp00_density.f32__c0003__dt-f32/chunk_0,read,4194304,,,,,0.007124,,0.204480,0.240536,,,,,2.996639,2.544499,24,,0.000000,0.000000,0,0,674764,0.000000,0.000000,,0.000000,0.000000,0.000000
538,fields/00081__plt00027__fab0000_comp00_density.f32__c0005__dt-f32/chunk_0,read,4194304,,,,,0.006146,,0.083616,0.526468,,,,,3.403119,2.786889,24,,0.000000,0.000000,0,0,2113724,0.000000,0.000000,,0.000000,0.000000,0.000000
539,fields/00084__plt00028__fab0000_comp00_density.f32__c0007__dt-f32/chunk_0,read,4194304,,,,,0.006285,,0.079776,0.590724,,,,,3.484065,2.807280,24,,0.000000,0.000000,0,0,2395521,0.000000,0.000000,,0.000000,0.000000,0.000000
540,fields/00087__plt00029__fab0000_comp00_density.f32__c0009__dt-f32/chunk_0,read,4194304,,,,,0.007194,,0.204672,0.298574,,,,,3.065084,2.554644,24,,0.000000,0.000000,0,0,927272,0.000000,0.000000,,0.000000,0.000000,0.000000
541,fields/00090__plt00030__fab0000_comp00_density.f32__c0011__dt-f32/chunk_0,read,4194304,,,,,0.008450,,0.204448,0.232644,,,,,2.954944,2.509402,24,,0.000000,0.000000,0,0,674658,0.000000,0.000000,,0.000000,0.000000,0.000000
542,fields/00093__plt00031__fab0000_comp00_density.f32__c0013__dt-f32/chunk_0,read,4194304,,,,,0.006565,,0.059552,0.559574,,,,,3.436294,2.810603,24,,0.000000,0.000000,0,0,2312844,0.000000,0.000000,,0.000000,0.000000,0.000000
543,fields/00096__plt00032__fab0000_comp00_density.f32__c0015__dt-f32/chunk_0,read,4194304,,,,,0.003283,,0.079424,0.527377,,,,,3.324617,2.714533,24,,0.000000,0.000000,0,0,2327689,0.000000,0.000000,,0.000000,0.000000,0.000000
544,fields/00100__plt00033__fab0000_comp01_rho_E.f32__c0002__dt-f32/chunk_0,read,4194304,,,,,0.006285,,0.080960,0.167411,,,,,2.537079,2.282423,24,,0.000000,0.000000,0,0,13084,0.000000,0.000000,,0.000000,0.000000,0.000000
545,fields/00103__plt00034__fab0000_comp01_rho_E.f32__c0004__dt-f32/chunk_0,read,4194304,,,,,0.006286,,0.081216,0.094706,,,,,2.434272,2.252064,24,,0.000000,0.000000,0,0,13084,0.000000,0.000000,,0.000000,0.000000,0.000000
546,fields/00106__plt00035__fab0000_comp01_rho_E.f32__c0006__dt-f32/chunk_0,read,4194304,,,,,0.006565,,0.081952,0.157423,,,,,2.756243,2.510303,24,,0.000000,0.000000,0,0,315868,0.000000,0.000000,,0.000000,0.000000,0.000000
547,fields/00109__plt00036__fab0000_comp01_rho_E.f32__c0008__dt-f32/chunk_0,read,4194304,,,,,0.004750,,0.078176,0.169646,,,,,2.706027,2.453455,24,,0.000000,0.000000,0,0,365963,0.000000,0.000000,,0.000000,0.000000,0.000000
548,fields/00112__plt00037__fab0000_comp01_rho_E.f32__c0010__dt-f32/chunk_0,read,4194304,,,,,0.006146,,0.082464,0.105811,,,,,2.452500,2.258079,24,,0.000000,0.000000,0,0,65766,0.000000,0.000000,,0.000000,0.000000,0.000000
549,fields/00115__plt00038__fab0000_comp01_rho_E.f32__c0012__dt-f32/chunk_0,read,4194304,,,,,0.007543,,0.101632,0.097429,,,,,2.461440,2.254836,24,,0.000000,0.000000,0,0,1612,0.000000,0.000000,,0.000000,0.000000,0.000000
550,fields/00118__plt00039__fab0000_comp01_rho_E.f32__c0014__dt-f32/chunk_0,read,4194304,,,,,0.007194,,0.108032,0.099944,,,,,2.446215,2.231045,24,,0.000000,0.000000,0,0,1612,0.000000,0.000000,,0.000000,0.000000,0.000000
551,fields/00122__plt00040__fab0000_comp02_logden.f32__c0000__dt-f32/chunk_0,read,4194304,,,,,0.007124,,0.206048,0.349210,,,,,3.222368,2.659986,24,,0.000000,0.000000,0,0,1225828,0.000000,0.000000,,0.000000,0.000000,0.000000
552,fields/00125__plt00041__fab0000_comp02_logden.f32__c0002__dt-f32/chunk_0,read,4194304,,,,,0.007473,,0.186368,0.328117,,,,,3.159860,2.637902,24,,0.000000,0.000000,0,0,1226030,0.000000,0.000000,,0.000000,0.000000,0.000000
553,fields/00128__plt00042__fab0000_comp02_logden.f32__c0004__dt-f32/chunk_0,read,4194304,,,,,0.003282,,0.085120,2.751564,,,,,5.921760,3.081794,24,,0.000000,0.000000,0,0,2914543,0.000000,0.000000,,0.000000,0.000000,0.000000
554,fields/00131__plt00043__fab0000_comp02_logden.f32__c0006__dt-f32/chunk_0,read,4194304,,,,,0.003772,,0.079616,3.076399,,,,,5.978610,2.818823,24,,0.000000,0.000000,0,0,2954958,0.000000,0.000000,,0.000000,0.000000,0.000000
555,fields/00134__plt00044__fab0000_comp02_logden.f32__c0008__dt-f32/chunk_0,read,4194304,,,,,0.004749,,0.182144,0.442657,,,,,3.206654,2.577104,24,,0.000000,0.000000,0,0,1709690,0.000000,0.000000,,0.000000,0.000000,0.000000
556,fields/00137__plt00045__fab0000_comp02_logden.f32__c0010__dt-f32/chunk_0,read,4194304,,,,,0.007683,,0.204256,0.382664,,,,,3.261410,2.666807,24,,0.000000,0.000000,0,0,1422558,0.000000,0.000000,,0.000000,0.000000,0.000000
557,fields/00140__plt00046__fab0000_comp02_logden.f32__c0012__dt-f32/chunk_0,read,4194304,,,,,0.003353,,0.080288,2.832790,,,,,5.732767,2.816336,24,,0.000000,0.000000,0,0,2914614,0.000000,0.000000,,0.000000,0.000000,0.000000
558,fields/00143__plt00047__fab0000_comp02_logden.f32__c0014__dt-f32/chunk_0,read,4194304,,,,,0.007124,,0.634976,0.595123,,,,,4.055303,2.818080,24,,0.000000,0.000000,0,0,2476389,0.000000,0.000000,,0.000000,0.000000,0.000000
559,fields/00147__plt00049__fab0000_comp00_density.f32__c0000__dt-f32/chunk_0,read,4194304,,,,,0.008590,,0.205504,0.224541,,,,,2.987629,2.548994,24,,0.000000,0.000000,0,0,674754,0.000000,0.000000,,0.000000,0.000000,0.000000
560,fields/00150__plt00050__fab0000_comp00_density.f32__c0003__dt-f32/chunk_0,read,4194304,,,,,0.007962,,0.204384,0.224472,,,,,2.955781,2.518963,24,,0.000000,0.000000,0,0,674764,0.000000,0.000000,,0.000000,0.000000,0.000000
561,fields/00153__plt00051__fab0000_comp00_density.f32__c0005__dt-f32/chunk_0,read,4194304,,,,,0.005657,,0.080736,0.504678,,,,,3.392782,2.801711,24,,0.000000,0.000000,0,0,2184537,0.000000,0.000000,,0.000000,0.000000,0.000000
562,fields/00156__plt00052__fab0000_comp00_density.f32__c0007__dt-f32/chunk_0,read,4194304,,,,,0.003353,,0.064864,0.613841,,,,,3.418554,2.736496,24,,0.000000,0.000000,0,0,2675916,0.000000,0.000000,,0.000000,0.000000,0.000000
563,fields/00159__plt00053__fab0000_comp00_density.f32__c0009__dt-f32/chunk_0,read,4194304,,,,,0.007752,,0.227904,0.312822,,,,,3.152317,2.603839,24,,0.000000,0.000000,0,0,1131374,0.000000,0.000000,,0.000000,0.000000,0.000000
564,fields/00162__plt00054__fab0000_comp00_density.f32__c0011__dt-f32/chunk_0,read,4194304,,,,,0.007054,,0.205056,0.230967,,,,,3.053560,2.610483,24,,0.000000,0.000000,0,0,697514,0.000000,0.000000,,0.000000,0.000000,0.000000
565,fields/00165__plt00055__fab0000_comp00_density.f32__c0013__dt-f32/chunk_0,read,4194304,,,,,0.003283,,0.082176,0.542183,,,,,3.692405,3.064763,24,,0.000000,0.000000,0,0,2109635,0.000000,0.000000,,0.000000,0.000000,0.000000
566,fields/00168__plt00056__fab0000_comp00_density.f32__c0015__dt-f32/chunk_0,read,4194304,,,,,0.003352,,0.099520,0.654559,,,,,3.554606,2.797175,24,,0.000000,0.000000,0,0,2327689,0.000000,0.000000,,0.000000,0.000000,0.000000
567,fields/00172__plt00057__fab0000_comp01_rho_E.f32__c0001__dt-f32/chunk_0,read,4194304,,,,,0.005796,,0.081760,0.090166,,,,,2.489865,2.312143,24,,0.000000,0.000000,0,0,13084,0.000000,0.000000,,0.000000,0.000000,0.000000
568,fields/00175__plt00058__fab0000_comp01_rho_E.f32__c0003__dt-f32/chunk_0,read,4194304,,,,,0.005727,,0.081696,0.119150,,,,,2.470589,2.264016,24,,0.000000,0.000000,0,0,13084,0.000000,0.000000,,0.000000,0.000000,0.000000
569,fields/00178__plt00059__fab0000_comp01_rho_E.f32__c0005__dt-f32/chunk_0,read,4194304,,,,,0.006705,,0.082208,0.174954,,,,,2.799056,2.535189,24,,0.000000,0.000000,0,0,417748,0.000000,0.000000,,0.000000,0.000000,0.000000
570,fields/00181__plt00060__fab0000_comp01_rho_E.f32__c0007__dt-f32/chunk_0,read,4194304,,,,,0.006635,,0.084352,0.223844,,,,,2.946632,2.631801,24,,0.000000,0.000000,0,0,673421,0.000000,0.000000,,0.000000,0.000000,0.000000
571,fields/00184__plt00061__fab0000_comp01_rho_E.f32__c0009__dt-f32/chunk_0,read,4194304,,,,,0.006705,,0.090720,0.183685,,,,,2.806459,2.525349,24,,0.000000,0.000000,0,0,451880,0.000000,0.000000,,0.000000,0.000000,0.000000
572,fields/00187__plt00062__fab0000_comp01_rho_E.f32__c0011__dt-f32/chunk_0,read,4194304,,,,,0.007054,,0.066592,0.155188,,,,,10.304900,10.076066,24,,0.000000,0.000000,0,0,296724,0.000000,0.000000,,0.000000,0.000000,0.000000
573,fields/00190__plt00063__fab0000_comp01_rho_E.f32__c0013__dt-f32/chunk_0,read,4194304,,,,,0.007124,,0.090848,0.093518,,,,,218.426582,218.235092,24,,0.000000,0.000000,0,0,13084,0.000000,0.000000,,0.000000,0.000000,0.000000
574,fields/00193__plt00064__fab0000_comp01_rho_E.f32__c0015__dt-f32/chunk_0,read,4194304,,,,,0.009010,,0.084352,0.112167,,,,,2.566902,2.361373,24,,0.000000,0.000000,0,0,13084,0.000000,0.000000,,0.000000,0.000000,0.000000
575,fields/00197__plt00065__fab0000_comp02_logden.f32__c0001__dt-f32/chunk_0,read,4194304,,,,,0.007612,,0.263520,0.352701,,,,,3.446700,2.822867,24,,0.000000,0.000000,0,0,1225762,0.000000,0.000000,,0.000000,0.000000,0.000000
576,fields/00200__plt00066__fab0000_comp02_logden.f32__c0004__dt-f32/chunk_0,read,4194304,,,,,0.006985,,0.093888,5.180039,,,,,8.517226,3.236314,24,,0.000000,0.000000,0,0,2923554,0.000000,0.000000,,0.000000,0.000000,0.000000
577,fields/00203__plt00067__fab0000_comp02_logden.f32__c0006__dt-f32/chunk_0,read,4194304,,,,,0.007543,,0.095200,5.217683,,,,,8.558432,3.238006,24,,0.000000,0.000000,0,0,2983664,0.000000,0.000000,,0.000000,0.000000,0.000000
578,fields/00206__plt00068__fab0000_comp02_logden.f32__c0008__dt-f32/chunk_0,read,4194304,,,,,0.009080,,0.217440,0.499790,,,,,3.788926,3.062616,24,,0.000000,0.000000,0,0,1922676,0.000000,0.000000,,0.000000,0.000000,0.000000
579,fields/00209__plt00069__fab0000_comp02_logden.f32__c0010__dt-f32/chunk_0,read,4194304,,,,,0.009149,,0.204672,0.440284,,,,,3.653922,2.999817,24,,0.000000,0.000000,0,0,1610536,0.000000,0.000000,,0.000000,0.000000,0.000000
580,fields/00212__plt00070__fab0000_comp02_logden.f32__c0012__dt-f32/chunk_0,read,4194304,,,,,0.008660,,0.633280,0.652045,,,,,4.445440,3.151455,24,,0.000000,0.000000,0,0,2636388,0.000000,0.000000,,0.000000,0.000000,0.000000
581,fields/00215__plt00071__fab0000_comp02_logden.f32__c0014__dt-f32/chunk_0,read,4194304,,,,,0.008521,,0.607008,0.550844,,,,,4.242549,3.076176,24,,0.000000,0.000000,0,0,2476389,0.000000,0.000000,,0.000000,0.000000,0.000000
582,fields/00219__plt00073__fab0000_comp00_density.f32__c0000__dt-f32/chunk_0,read,4194304,,,,,0.009499,,0.086368,0.323648,,,,,3.315118,2.895603,24,,0.000000,0.000000,0,0,1180696,0.000000,0.000000,,0.000000,0.000000,0.000000
583,fields/00222__plt00074__fab0000_comp00_density.f32__c0002__dt-f32/chunk_0,read,4194304,,,,,0.008591,,0.216352,0.219443,,,,,3.269162,2.824776,24,,0.000000,0.000000,0,0,674684,0.000000,0.000000,,0.000000,0.000000,0.000000
584,fields/00225__plt00075__fab0000_comp00_density.f32__c0004__dt-f32/chunk_0,read,4194304,,,,,0.007962,,0.094848,0.473319,,,,,3.607616,3.031487,24,,0.000000,0.000000,0,0,1980769,0.000000,0.000000,,0.000000,0.000000,0.000000
585,fields/00228__plt00076__fab0000_comp00_density.f32__c0006__dt-f32/chunk_0,read,4194304,,,,,0.007123,,0.094816,0.591283,,,,,3.792837,3.099615,24,,0.000000,0.000000,0,0,2437008,0.000000,0.000000,,0.000000,0.000000,0.000000
586,fields/00231__plt00077__fab0000_comp00_density.f32__c0008__dt-f32/chunk_0,read,4194304,,,,,0.008242,,0.216352,0.350537,,,,,3.576746,3.001615,24,,0.000000,0.000000,0,0,1533476,0.000000,0.000000,,0.000000,0.000000,0.000000
587,fields/00234__plt00078__fab0000_comp00_density.f32__c0010__dt-f32/chunk_0,read,4194304,,,,,0.009638,,0.222656,0.300809,,,,,3.405075,2.871972,24,,0.000000,0.000000,0,0,1155746,0.000000,0.000000,,0.000000,0.000000,0.000000
588,fields/00237__plt00079__fab0000_comp00_density.f32__c0012__dt-f32/chunk_0,read,4194304,,,,,0.007193,,0.090464,0.436163,,,,,3.563546,3.029726,24,,0.000000,0.000000,0,0,1868870,0.000000,0.000000,,0.000000,0.000000,0.000000
589,fields/00240__plt00080__fab0000_comp00_density.f32__c0014__dt-f32/chunk_0,read,4194304,,,,,0.006635,,0.096384,0.803532,,,,,4.016890,3.110339,24,,0.000000,0.000000,0,0,2262396,0.000000,0.000000,,0.000000,0.000000,0.000000
590,fields/00244__plt00081__fab0000_comp01_rho_E.f32__c0000__dt-f32/chunk_0,read,4194304,,,,,0.009149,,0.103936,0.097359,,,,,2.708820,2.498376,24,,0.000000,0.000000,0,0,1612,0.000000,0.000000,,0.000000,0.000000,0.000000
591,fields/00247__plt00082__fab0000_comp01_rho_E.f32__c0002__dt-f32/chunk_0,read,4194304,,,,,0.008521,,0.111264,0.100783,,,,,2.644076,2.423508,24,,0.000000,0.000000,0,0,1612,0.000000,0.000000,,0.000000,0.000000,0.000000
592,fields/00250__plt00083__fab0000_comp01_rho_E.f32__c0005__dt-f32/chunk_0,read,4194304,,,,,0.007962,,0.058592,0.275457,,,,,3.172781,2.830770,24,,0.000000,0.000000,0,0,887388,0.000000,0.000000,,0.000000,0.000000,0.000000
593,fields/00253__plt00084__fab0000_comp01_rho_E.f32__c0007__dt-f32/chunk_0,read,4194304,,,,,0.008102,,0.090816,0.334683,,,,,3.308343,2.874742,24,,0.000000,0.000000,0,0,933925,0.000000,0.000000,,0.000000,0.000000,0.000000
594,fields/00256__plt00085__fab0000_comp01_rho_E.f32__c0009__dt-f32/chunk_0,read,4194304,,,,,0.007683,,0.087200,0.286282,,,,,3.217688,2.836523,24,,0.000000,0.000000,0,0,659168,0.000000,0.000000,,0.000000,0.000000,0.000000
595,fields/00259__plt00086__fab0000_comp01_rho_E.f32__c0011__dt-f32/chunk_0,read,4194304,,,,,0.007263,,0.085472,0.142617,,,,,2.706934,2.471582,24,,0.000000,0.000000,0,0,213210,0.000000,0.000000,,0.000000,0.000000,0.000000
596,fields/00262__plt00087__fab0000_comp01_rho_E.f32__c0013__dt-f32/chunk_0,read,4194304,,,,,0.008172,,0.086912,0.106370,,,,,2.657557,2.456103,24,,0.000000,0.000000,0,0,13084,0.000000,0.000000,,0.000000,0.000000,0.000000
597,fields/00265__plt00088__fab0000_comp01_rho_E.f32__c0015__dt-f32/chunk_0,read,4194304,,,,,0.007055,,0.085952,0.099176,,,,,2.650502,2.458319,24,,0.000000,0.000000,0,0,13084,0.000000,0.000000,,0.000000,0.000000,0.000000
598,fields/00269__plt00089__fab0000_comp02_logden.f32__c0001__dt-f32/chunk_0,read,4194304,,,,,0.009918,,0.224480,0.312821,,,,,3.450821,2.903602,24,,0.000000,0.000000,0,0,1225762,0.000000,0.000000,,0.000000,0.000000,0.000000
599,fields/00272__plt00090__fab0000_comp02_logden.f32__c0003__dt-f32/chunk_0,read,4194304,,,,,0.008102,,0.214400,0.376239,,,,,3.555654,2.956913,24,,0.000000,0.000000,0,0,1509028,0.000000,0.000000,,0.000000,0.000000,0.000000
600,fields/00275__plt00091__fab0000_comp02_logden.f32__c0005__dt-f32/chunk_0,read,4194304,,,,,0.007683,,0.096608,0.880498,,,,,4.203647,3.218858,24,,0.000000,0.000000,0,0,2990393,0.000000,0.000000,,0.000000,0.000000,0.000000
601,fields/00278__plt00092__fab0000_comp02_logden.f32__c0007__dt-f32/chunk_0,read,4194304,,,,,0.008242,,0.094784,5.275722,,,,,8.869369,3.490621,24,,0.000000,0.000000,0,0,3041511,0.000000,0.000000,,0.000000,0.000000,0.000000
602,fields/00281__plt00093__fab0000_comp02_logden.f32__c0009__dt-f32/chunk_0,read,4194304,,,,,0.000000,,0.000000,7.040977,,,,,7.540138,0.499161,0,,0.000000,0.000000,0,0,4194304,0.000000,0.000000,,0.000000,0.000000,0.000000
603,fields/00284__plt00094__fab0000_comp02_logden.f32__c0011__dt-f32/chunk_0,read,4194304,,,,,0.009429,,0.223456,0.392233,,,,,3.596930,2.971812,24,,0.000000,0.000000,0,0,1570060,0.000000,0.000000,,0.000000,0.000000,0.000000
604,fields/00287__plt00095__fab0000_comp02_logden.f32__c0013__dt-f32/chunk_0,read,4194304,,,,,0.006286,,0.095424,0.614749,,,,,3.924000,3.207541,24,,0.000000,0.000000,0,0,2913701,0.000000,0.000000,,0.000000,0.000000,0.000000
605,fields/00290__plt00096__fab0000_comp02_logden.f32__c0015__dt-f32/chunk_0,read,4194304,,,,,0.007753,,0.094752,0.602736,,,,,3.910660,3.205419,24,,0.000000,0.000000,0,0,2909958,0.000000,0.000000,,0.000000,0.000000,0.000000
606,fields/00294__plt00098__fab0000_comp00_density.f32__c0001__dt-f32/chunk_0,read,4194304,,,,,0.009638,,0.239040,0.220142,,,,,3.485951,3.017131,24,,0.000000,0.000000,0,0,674736,0.000000,0.000000,,0.000000,0.000000,0.000000
607,fields/00297__plt00099__fab0000_comp00_density.f32__c0003__dt-f32/chunk_0,read,4194304,,,,,0.009639,,0.214624,0.281184,,,,,3.416878,2.911431,24,,0.000000,0.000000,0,0,1100890,0.000000,0.000000,,0.000000,0.000000,0.000000
608,fields/00300__plt00100__fab0000_comp00_density.f32__c0006__dt-f32/chunk_0,read,4194304,,,,,0.007124,,0.101728,0.553078,,,,,3.809949,3.148019,24,,0.000000,0.000000,0,0,2499827,0.000000,0.000000,,0.000000,0.000000,0.000000
609,fields/00303__plt00101__fab0000_comp00_density.f32__c0008__dt-f32/chunk_0,read,4194304,,,,,0.009010,,0.213760,0.472831,,,,,3.702391,3.006790,24,,0.000000,0.000000,0,0,1805644,0.000000,0.000000,,0.000000,0.000000,0.000000
610,fields/00306__plt00102__fab0000_comp00_density.f32__c0010__dt-f32/chunk_0,read,4194304,,,,,0.008940,,0.212992,0.351864,,,,,3.535609,2.961813,24,,0.000000,0.000000,0,0,1373166,0.000000,0.000000,,0.000000,0.000000,0.000000
611,fields/00309__plt00103__fab0000_comp00_density.f32__c0012__dt-f32/chunk_0,read,4194304,,,,,0.007123,,0.087264,3.304362,,,,,6.446691,3.047942,24,,0.000000,0.000000,0,0,1878396,0.000000,0.000000,,0.000000,0.000000,0.000000
612,fields/00312__plt00104__fab0000_comp00_density.f32__c0014__dt-f32/chunk_0,read,4194304,,,,,0.008032,,0.092448,4.197292,,,,,7.465057,3.167285,24,,0.000000,0.000000,0,0,2456092,0.000000,0.000000,,0.000000,0.000000,0.000000
613,fields/00316__plt00105__fab0000_comp01_rho_E.f32__c0000__dt-f32/chunk_0,read,4194304,,,,,0.006774,,0.086912,0.120338,,,,,2.683188,2.469164,24,,0.000000,0.000000,0,0,13084,0.000000,0.000000,,0.000000,0.000000,0.000000
614,fields/00319__plt00106__fab0000_comp01_rho_E.f32__c0002__dt-f32/chunk_0,read,4194304,,,,,0.008521,,0.087616,0.137101,,,,,2.671454,2.438216,24,,0.000000,0.000000,0,0,52856,0.000000,0.000000,,0.000000,0.000000,0.000000
615,fields/00322__plt00107__fab0000_comp01_rho_E.f32__c0004__dt-f32/chunk_0,read,4194304,,,,,0.007682,,0.086368,0.258625,,,,,3.198551,2.845876,24,,0.000000,0.000000,0,0,747300,0.000000,0.000000,,0.000000,0.000000,0.000000
616,fields/00325__plt00108__fab0000_comp01_rho_E.f32__c0006__dt-f32/chunk_0,read,4194304,,,,,0.006565,,0.087328,0.313521,,,,,3.305480,2.898066,24,,0.000000,0.000000,0,0,1118365,0.000000,0.000000,,0.000000,0.000000,0.000000
617,fields/00328__plt00109__fab0000_comp01_rho_E.f32__c0008__dt-f32/chunk_0,read,4194304,,,,,0.007753,,0.087136,0.283419,,,,,3.877485,3.499177,24,,0.000000,0.000000,0,0,1100478,0.000000,0.000000,,0.000000,0.000000,0.000000
618,fields/00331__plt00110__fab0000_comp01_rho_E.f32__c0010__dt-f32/chunk_0,read,4194304,,,,,0.007543,,0.104896,0.218676,,,,,3.164748,2.833633,24,,0.000000,0.000000,0,0,684955,0.000000,0.000000,,0.000000,0.000000,0.000000
619,fields/00334__plt00111__fab0000_comp01_rho_E.f32__c0012__dt-f32/chunk_0,read,4194304,,,,,0.007682,,0.111424,0.132980,,,,,2.754077,2.501991,24,,0.000000,0.000000,0,0,114329,0.000000,0.000000,,0.000000,0.000000,0.000000
620,fields/00337__plt00112__fab0000_comp01_rho_E.f32__c0014__dt-f32/chunk_0,read,4194304,,,,,0.009848,,0.116096,0.108884,,,,,2.663912,2.429084,24,,0.000000,0.000000,0,0,1612,0.000000,0.000000,,0.000000,0.000000,0.000000
621,fields/00341__plt00113__fab0000_comp02_logden.f32__c0000__dt-f32/chunk_0,read,4194304,,,,,0.009988,,0.217472,0.298854,,,,,3.447957,2.921643,24,,0.000000,0.000000,0,0,1225828,0.000000,0.000000,,0.000000,0.000000,0.000000
622,fields/00344__plt00114__fab0000_comp02_logden.f32__c0002__dt-f32/chunk_0,read,4194304,,,,,0.009149,,0.215264,0.340967,,,,,3.526390,2.961010,24,,0.000000,0.000000,0,0,1375126,0.000000,0.000000,,0.000000,0.000000,0.000000
623,fields/00347__plt00115__fab0000_comp02_logden.f32__c0004__dt-f32/chunk_0,read,4194304,,,,,0.007613,,0.095904,5.218451,,,,,8.572052,3.250084,24,,0.000000,0.000000,0,0,3000940,0.000000,0.000000,,0.000000,0.000000,0.000000
624,fields/00350__plt00116__fab0000_comp02_logden.f32__c0007__dt-f32/chunk_0,read,4194304,,,,,0.007194,,0.096736,5.254699,,,,,8.583786,3.225157,24,,0.000000,0.000000,0,0,3077709,0.000000,0.000000,,0.000000,0.000000,0.000000
625,fields/00353__plt00117__fab0000_comp02_logden.f32__c0009__dt-f32/chunk_0,read,4194304,,,,,0.008520,,0.240000,0.496437,,,,,3.832787,3.087830,24,,0.000000,0.000000,0,0,2195664,0.000000,0.000000,,0.000000,0.000000,0.000000
626,fields/00356__plt00118__fab0000_comp02_logden.f32__c0011__dt-f32/chunk_0,read,4194304,,,,,0.009708,,0.216160,0.485193,,,,,3.744926,3.033865,24,,0.000000,0.000000,0,0,1766852,0.000000,0.000000,,0.000000,0.000000,0.000000
627,fields/00359__plt00119__fab0000_comp02_logden.f32__c0013__dt-f32/chunk_0,read,4194304,,,,,0.008590,,0.729120,0.521371,,,,,4.375249,3.116168,24,,0.000000,0.000000,0,0,2527550,0.000000,0.000000,,0.000000,0.000000,0.000000
628,fields/00362__plt00120__fab0000_comp02_logden.f32__c0015__dt-f32/chunk_0,read,4194304,,,,,0.008590,,0.609056,0.898726,,,,,4.845844,3.329472,24,,0.000000,0.000000,0,0,2454591,0.000000,0.000000,,0.000000,0.000000,0.000000
629,fields/00366__plt00122__fab0000_comp00_density.f32__c0001__dt-f32/chunk_0,read,4194304,,,,,0.009498,,0.238816,0.222446,,,,,3.299613,2.828853,24,,0.000000,0.000000,0,0,674736,0.000000,0.000000,,0.000000,0.000000,0.000000
630,fields/00369__plt00123__fab0000_comp00_density.f32__c0003__dt-f32/chunk_0,read,4194304,,,,,0.009429,,0.214560,0.406899,,,,,3.599934,2.969046,24,,0.000000,0.000000,0,0,1437974,0.000000,0.000000,,0.000000,0.000000,0.000000
631,fields/00372__plt00124__fab0000_comp00_density.f32__c0005__dt-f32/chunk_0,read,4194304,,,,,0.007124,,0.091040,4.152942,,,,,7.374752,3.123646,24,,0.000000,0.000000,0,0,2418810,0.000000,0.000000,,0.000000,0.000000,0.000000
632,fields/00375__plt00125__fab0000_comp00_density.f32__c0007__dt-f32/chunk_0,read,4194304,,,,,0.007543,,0.076448,5.087078,,,,,8.388577,3.217508,24,,0.000000,0.000000,0,0,2999436,0.000000,0.000000,,0.000000,0.000000,0.000000
633,fields/00378__plt00126__fab0000_comp00_density.f32__c0009__dt-f32/chunk_0,read,4194304,,,,,0.008102,,0.216512,0.430575,,,,,3.671591,3.016402,24,,0.000000,0.000000,0,0,1845708,0.000000,0.000000,,0.000000,0.000000,0.000000
634,fields/00381__plt00127__fab0000_comp00_density.f32__c0011__dt-f32/chunk_0,read,4194304,,,,,0.007962,,0.221344,0.420378,,,,,3.578772,2.929088,24,,0.000000,0.000000,0,0,1353580,0.000000,0.000000,,0.000000,0.000000,0.000000
635,fields/00384__plt00128__fab0000_comp00_density.f32__c0013__dt-f32/chunk_0,read,4194304,,,,,0.006705,,0.096192,0.541903,,,,,3.741014,3.096214,24,,0.000000,0.000000,0,0,2110075,0.000000,0.000000,,0.000000,0.000000,0.000000
636,fields/00387__plt00129__fab0000_comp00_density.f32__c0015__dt-f32/chunk_0,read,4194304,,,,,0.007124,,0.087808,4.103005,,,,,7.359665,3.161728,24,,0.000000,0.000000,0,0,2327689,0.000000,0.000000,,0.000000,0.000000,0.000000
637,fields/00391__plt00130__fab0000_comp01_rho_E.f32__c0001__dt-f32/chunk_0,read,4194304,,,,,0.008242,,0.089632,0.104275,,,,,2.658884,2.456735,24,,0.000000,0.000000,0,0,13263,0.000000,0.000000,,0.000000,0.000000,0.000000
638,fields/00394__plt00131__fab0000_comp01_rho_E.f32__c0003__dt-f32/chunk_0,read,4194304,,,,,0.008521,,0.088352,0.248917,,,,,3.186120,2.840330,24,,0.000000,0.000000,0,0,793551,0.000000,0.000000,,0.000000,0.000000,0.000000
639,fields/00397__plt00132__fab0000_comp01_rho_E.f32__c0005__dt-f32/chunk_0,read,4194304,,,,,0.007682,,0.091136,0.422613,,,,,3.658881,3.137450,24,,0.000000,0.000000,0,0,1274910,0.000000,0.000000,,0.000000,0.000000,0.000000
640,fields/00400__plt00133__fab0000_comp01_rho_E.f32__c0008__dt-f32/chunk_0,read,4194304,,,,,0.007194,,0.088032,0.346276,,,,,3.380909,2.939407,24,,0.000000,0.000000,0,0,1381488,0.000000,0.000000,,0.000000,0.000000,0.000000
641,fields/00403__plt00134__fab0000_comp01_rho_E.f32__c0010__dt-f32/chunk_0,read,4194304,,,,,0.006635,,0.087232,0.260370,,,,,3.202882,2.848645,24,,0.000000,0.000000,0,0,935872,0.000000,0.000000,,0.000000,0.000000,0.000000
642,fields/00406__plt00135__fab0000_comp01_rho_E.f32__c0012__dt-f32/chunk_0,read,4194304,,,,,0.007543,,0.059744,0.214275,,,,,3.055865,2.774303,24,,0.000000,0.000000,0,0,501104,0.000000,0.000000,,0.000000,0.000000,0.000000
643,fields/00409__plt00136__fab0000_comp01_rho_E.f32__c0014__dt-f32/chunk_0,read,4194304,,,,,0.007543,,0.088320,0.104205,,,,,2.653296,2.453228,24,,0.000000,0.000000,0,0,13084,0.000000,0.000000,,0.000000,0.000000,0.000000
644,fields/00413__plt00137__fab0000_comp02_logden.f32__c0000__dt-f32/chunk_0,read,4194304,,,,,0.009639,,0.217856,0.349210,,,,,3.468771,2.892066,24,,0.000000,0.000000,0,0,1225828,0.000000,0.000000,,0.000000,0.000000,0.000000
645,fields/00416__plt00138__fab0000_comp02_logden.f32__c0002__dt-f32/chunk_0,read,4194304,,,,,0.008451,,0.214432,0.431554,,,,,3.647496,2.993059,24,,0.000000,0.000000,0,0,1683654,0.000000,0.000000,,0.000000,0.000000,0.000000
646,fields/00419__plt00139__fab0000_comp02_logden.f32__c0004__dt-f32/chunk_0,read,4194304,,,,,0.007054,,0.096000,5.176196,,,,,8.554661,3.275411,24,,0.000000,0.000000,0,0,3031511,0.000000,0.000000,,0.000000,0.000000,0.000000
647,fields/00422__plt00140__fab0000_comp02_logden.f32__c0006__dt-f32/chunk_0,read,4194304,,,,,0.008032,,0.096448,5.238566,,,,,8.575404,3.232358,24,,0.000000,0.000000,0,0,3068888,0.000000,0.000000,,0.000000,0.000000,0.000000
648,fields/00425__plt00141__fab0000_comp02_logden.f32__c0008__dt-f32/chunk_0,read,4194304,,,,,0.008661,,0.218144,0.555454,,,,,3.935314,3.153055,24,,0.000000,0.000000,0,0,2677816,0.000000,0.000000,,0.000000,0.000000,0.000000
649,fields/00428__plt00142__fab0000_comp02_logden.f32__c0010__dt-f32/chunk_0,read,4194304,,,,,0.009079,,0.215296,0.487568,,,,,3.794304,3.082361,24,,0.000000,0.000000,0,0,2252482,0.000000,0.000000,,0.000000,0.000000,0.000000
650,fields/00431__plt00143__fab0000_comp02_logden.f32__c0012__dt-f32/chunk_0,read,4194304,,,,,0.009010,,0.120768,0.831887,,,,,4.594763,3.633098,24,,0.000000,0.000000,0,0,2947329,0.000000,0.000000,,0.000000,0.000000,0.000000
651,fields/00434__plt00144__fab0000_comp02_logden.f32__c0014__dt-f32/chunk_0,read,4194304,,,,,0.009010,,0.608960,0.664616,,,,,4.388729,3.106143,24,,0.000000,0.000000,0,0,2476389,0.000000,0.000000,,0.000000,0.000000,0.000000
652,fields/00438__plt00146__fab0000_comp00_density.f32__c0000__dt-f32/chunk_0,read,4194304,,,,,0.008870,,0.075808,0.345019,,,,,3.307854,2.878157,24,,0.000000,0.000000,0,0,1180696,0.000000,0.000000,,0.000000,0.000000,0.000000
653,fields/00441__plt00147__fab0000_comp00_density.f32__c0002__dt-f32/chunk_0,read,4194304,,,,,0.008241,,0.214496,0.382455,,,,,3.546714,2.941522,24,,0.000000,0.000000,0,0,1293306,0.000000,0.000000,,0.000000,0.000000,0.000000
654,fields/00444__plt00148__fab0000_comp00_density.f32__c0004__dt-f32/chunk_0,read,4194304,,,,,0.007054,,0.090528,4.073321,,,,,7.309519,3.138616,24,,0.000000,0.000000,0,0,2296950,0.000000,0.000000,,0.000000,0.000000,0.000000
655,fields/00447__plt00149__fab0000_comp00_density.f32__c0006__dt-f32/chunk_0,read,4194304,,,,,0.007054,,0.095040,4.693518,,,,,7.950738,3.155126,24,,0.000000,0.000000,0,0,2651719,0.000000,0.000000,,0.000000,0.000000,0.000000
656,fields/00450__plt00150__fab0000_comp00_density.f32__c0009__dt-f32/chunk_0,read,4194304,,,,,0.007613,,0.309376,0.537433,,,,,3.795701,2.941279,24,,0.000000,0.000000,0,0,2175952,0.000000,0.000000,,0.000000,0.000000,0.000000
657,fields/00453__plt00151__fab0000_comp00_density.f32__c0011__dt-f32/chunk_0,read,4194304,,,,,0.008101,,0.214176,0.427852,,,,,3.613413,2.963284,24,,0.000000,0.000000,0,0,1608358,0.000000,0.000000,,0.000000,0.000000,0.000000
658,fields/00456__plt00152__fab0000_comp00_density.f32__c0013__dt-f32/chunk_0,read,4194304,,,,,0.008102,,0.090784,0.623408,,,,,3.815675,3.093381,24,,0.000000,0.000000,0,0,2141963,0.000000,0.000000,,0.000000,0.000000,0.000000
659,fields/00459__plt00153__fab0000_comp00_density.f32__c0015__dt-f32/chunk_0,read,4194304,,,,,0.007124,,0.115552,4.172987,,,,,7.429298,3.133635,24,,0.000000,0.000000,0,0,2327689,0.000000,0.000000,,0.000000,0.000000,0.000000
660,fields/00463__plt00154__fab0000_comp01_rho_E.f32__c0001__dt-f32/chunk_0,read,4194304,,,,,0.006705,,0.082176,0.132281,,,,,2.595536,2.374374,24,,0.000000,0.000000,0,0,128706,0.000000,0.000000,,0.000000,0.000000,0.000000
661,fields/00466__plt00155__fab0000_comp01_rho_E.f32__c0003__dt-f32/chunk_0,read,4194304,,,,,0.006635,,0.083264,0.268821,,,,,3.169917,2.811197,24,,0.000000,0.000000,0,0,1133302,0.000000,0.000000,,0.000000,0.000000,0.000000
662,fields/00469__plt00156__fab0000_comp01_rho_E.f32__c0005__dt-f32/chunk_0,read,4194304,,,,,0.008171,,0.086336,0.398657,,,,,3.463882,2.970718,24,,0.000000,0.000000,0,0,1597771,0.000000,0.000000,,0.000000,0.000000,0.000000
663,fields/00472__plt00157__fab0000_comp01_rho_E.f32__c0007__dt-f32/chunk_0,read,4194304,,,,,0.007263,,0.087136,0.494970,,,,,3.602169,3.012800,24,,0.000000,0.000000,0,0,1803752,0.000000,0.000000,,0.000000,0.000000,0.000000
664,fields/00475__plt00158__fab0000_comp01_rho_E.f32__c0009__dt-f32/chunk_0,read,4194304,,,,,0.006565,,0.087232,0.414302,,,,,3.446072,2.937973,24,,0.000000,0.000000,0,0,1399391,0.000000,0.000000,,0.000000,0.000000,0.000000
665,fields/00478__plt00159__fab0000_comp01_rho_E.f32__c0011__dt-f32/chunk_0,read,4194304,,,,,0.007892,,0.087232,0.305349,,,,,3.266019,2.865546,24,,0.000000,0.000000,0,0,927503,0.000000,0.000000,,0.000000,0.000000,0.000000
666,fields/00481__plt00160__fab0000_comp01_rho_E.f32__c0013__dt-f32/chunk_0,read,4194304,,,,,0.006705,,0.085664,0.155817,,,,,2.729494,2.481308,24,,0.000000,0.000000,0,0,235533,0.000000,0.000000,,0.000000,0.000000,0.000000
667,fields/00484__plt00161__fab0000_comp01_rho_E.f32__c0015__dt-f32/chunk_0,read,4194304,,,,,0.007543,,0.108032,0.107067,,,,,2.673340,2.450698,24,,0.000000,0.000000,0,0,13084,0.000000,0.000000,,0.000000,0.000000,0.000000
668,fields/00488__plt00162__fab0000_comp02_logden.f32__c0001__dt-f32/chunk_0,read,4194304,,,,,0.009149,,0.225280,0.429597,,,,,3.604752,2.940726,24,,0.000000,0.000000,0,0,1485690,0.000000,0.000000,,0.000000,0.000000,0.000000
669,fields/00491__plt00163__fab0000_comp02_logden.f32__c0003__dt-f32/chunk_0,read,4194304,,,,,0.008730,,0.216384,4.263642,,,,,7.624785,3.136029,24,,0.000000,0.000000,0,0,2484414,0.000000,0.000000,,0.000000,0.000000,0.000000
670,fields/00494__plt00164__fab0000_comp02_logden.f32__c0005__dt-f32/chunk_0,read,4194304,,,,,0.007124,,0.097216,5.351081,,,,,8.738066,3.282645,24,,0.000000,0.000000,0,0,3053161,0.000000,0.000000,,0.000000,0.000000,0.000000
671,fields/00497__plt00165__fab0000_comp02_logden.f32__c0007__dt-f32/chunk_0,read,4194304,,,,,0.005239,,0.092608,4.409333,,,,,7.867765,3.360585,24,,0.000000,0.000000,0,0,3145656,0.000000,0.000000,,0.000000,0.000000,0.000000
672,fields/00500__plt00166__fab0000_comp02_logden.f32__c0010__dt-f32/chunk_0,read,4194304,,,,,0.000000,,0.000000,5.652379,,,,,6.121507,0.469128,0,,0.000000,0.000000,0,0,4194304,0.000000,0.000000,,0.000000,0.000000,0.000000
673,fields/00503__plt00167__fab0000_comp02_logden.f32__c0012__dt-f32/chunk_0,read,4194304,,,,,0.007194,,0.090272,0.529472,,,,,3.749674,3.122736,24,,0.000000,0.000000,0,0,2998264,0.000000,0.000000,,0.000000,0.000000,0.000000
674,fields/00506__plt00168__fab0000_comp02_logden.f32__c0014__dt-f32/chunk_0,read,4194304,,,,,0.006285,,0.087744,0.521929,,,,,3.689890,3.073932,24,,0.000000,0.000000,0,0,2915211,0.000000,0.000000,,0.000000,0.000000,0.000000
675,fields/00510__plt00170__fab0000_comp00_density.f32__c0000__dt-f32/chunk_0,read,4194304,,,,,0.007613,,0.099168,0.277761,,,,,3.140863,2.756321,24,,0.000000,0.000000,0,0,1064537,0.000000,0.000000,,0.000000,0.000000,0.000000
676,fields/00513__plt00171__fab0000_comp00_density.f32__c0002__dt-f32/chunk_0,read,4194304,,,,,0.008242,,0.222688,0.351655,,,,,3.386497,2.803912,24,,0.000000,0.000000,0,0,1655316,0.000000,0.000000,,0.000000,0.000000,0.000000
677,fields/00516__plt00172__fab0000_comp00_density.f32__c0004__dt-f32/chunk_0,read,4194304,,,,,0.007613,,0.084832,0.484563,,,,,3.556771,2.979763,24,,0.000000,0.000000,0,0,2408057,0.000000,0.000000,,0.000000,0.000000,0.000000
678,fields/00519__plt00173__fab0000_comp00_density.f32__c0006__dt-f32/chunk_0,read,4194304,,,,,0.007613,,0.087328,0.516969,,,,,3.650080,3.038170,24,,0.000000,0.000000,0,0,2732997,0.000000,0.000000,,0.000000,0.000000,0.000000
679,fields/00522__plt00174__fab0000_comp00_density.f32__c0008__dt-f32/chunk_0,read,4194304,,,,,0.007543,,0.205600,3.652594,,,,,6.881947,3.016210,24,,0.000000,0.000000,0,0,2746616,0.000000,0.000000,,0.000000,0.000000,0.000000
680,fields/00525__plt00175__fab0000_comp00_density.f32__c0010__dt-f32/chunk_0,read,4194304,,,,,0.007473,,0.304320,0.427293,,,,,3.670474,2.931388,24,,0.000000,0.000000,0,0,2237772,0.000000,0.000000,,0.000000,0.000000,0.000000
681,fields/00528__plt00176__fab0000_comp00_density.f32__c0012__dt-f32/chunk_0,read,4194304,,,,,0.006566,,0.090176,0.463052,,,,,3.482390,2.922596,24,,0.000000,0.000000,0,0,2146425,0.000000,0.000000,,0.000000,0.000000,0.000000
682,fields/00531__plt00177__fab0000_comp00_density.f32__c0014__dt-f32/chunk_0,read,4194304,,,,,0.006635,,0.067680,0.462913,,,,,3.748278,3.211050,24,,0.000000,0.000000,0,0,2475388,0.000000,0.000000,,0.000000,0.000000,0.000000
683,fields/00535__plt00178__fab0000_comp01_rho_E.f32__c0000__dt-f32/chunk_0,read,4194304,,,,,0.006705,,0.081504,0.107557,,,,,2.535263,2.339497,24,,0.000000,0.000000,0,0,25886,0.000000,0.000000,,0.000000,0.000000,0.000000
684,fields/00538__plt00179__fab0000_comp01_rho_E.f32__c0002__dt-f32/chunk_0,read,4194304,,,,,0.006566,,0.081728,0.286772,,,,,3.088900,2.713834,24,,0.000000,0.000000,0,0,1024905,0.000000,0.000000,,0.000000,0.000000,0.000000
685,fields/00541__plt00180__fab0000_comp01_rho_E.f32__c0004__dt-f32/chunk_0,read,4194304,,,,,0.006705,,0.088544,0.363388,,,,,3.311067,2.852430,24,,0.000000,0.000000,0,0,1772629,0.000000,0.000000,,0.000000,0.000000,0.000000
686,fields/00544__plt00181__fab0000_comp01_rho_E.f32__c0006__dt-f32/chunk_0,read,4194304,,,,,0.005797,,0.083520,0.405432,,,,,3.603495,3.108746,24,,0.000000,0.000000,0,0,2033586,0.000000,0.000000,,0.000000,0.000000,0.000000
687,fields/00547__plt00182__fab0000_comp01_rho_E.f32__c0008__dt-f32/chunk_0,read,4194304,,,,,0.006635,,0.087296,0.371838,,,,,3.352344,2.886575,24,,0.000000,0.000000,0,0,2009752,0.000000,0.000000,,0.000000,0.000000,0.000000
688,fields/00550__plt00183__fab0000_comp01_rho_E.f32__c0011__dt-f32/chunk_0,read,4194304,,,,,0.006285,,0.084032,0.247032,,,,,3.106570,2.769221,24,,0.000000,0.000000,0,0,1203399,0.000000,0.000000,,0.000000,0.000000,0.000000
689,fields/00553__plt00184__fab0000_comp01_rho_E.f32__c0013__dt-f32/chunk_0,read,4194304,,,,,0.005308,,0.083360,0.177399,,,,,2.903958,2.637891,24,,0.000000,0.000000,0,0,533357,0.000000,0.000000,,0.000000,0.000000,0.000000
690,fields/00556__plt00185__fab0000_comp01_rho_E.f32__c0015__dt-f32/chunk_0,read,4194304,,,,,0.007194,,0.108320,0.095962,,,,,2.561663,2.350187,24,,0.000000,0.000000,0,0,1612,0.000000,0.000000,,0.000000,0.000000,0.000000
691,fields/00560__plt00186__fab0000_comp02_logden.f32__c0001__dt-f32/chunk_0,read,4194304,,,,,0.008102,,0.203168,0.348023,,,,,3.398230,2.838937,24,,0.000000,0.000000,0,0,1809482,0.000000,0.000000,,0.000000,0.000000,0.000000
692,fields/00563__plt00187__fab0000_comp02_logden.f32__c0003__dt-f32/chunk_0,read,4194304,,,,,0.005239,,0.070080,5.499216,,,,,8.905268,3.330733,24,,0.000000,0.000000,0,0,4191708,0.000000,0.000000,,0.000000,0.000000,0.000000
693,fields/00566__plt00188__fab0000_comp02_logden.f32__c0005__dt-f32/chunk_0,read,4194304,,,,,0.007194,,0.090016,0.498532,,,,,3.746183,3.150441,24,,0.000000,0.000000,0,0,3051601,0.000000,0.000000,,0.000000,0.000000,0.000000
694,fields/00569__plt00189__fab0000_comp02_logden.f32__c0007__dt-f32/chunk_0,read,4194304,,,,,0.005727,,0.087904,4.466463,,,,,7.864692,3.304598,24,,0.000000,0.000000,0,0,3152638,0.000000,0.000000,,0.000000,0.000000,0.000000
695,fields/00572__plt00190__fab0000_comp02_logden.f32__c0009__dt-f32/chunk_0,read,4194304,,,,,0.007613,,0.204192,0.476881,,,,,3.709865,3.021179,24,,0.000000,0.000000,0,0,2921366,0.000000,0.000000,,0.000000,0.000000,0.000000
696,fields/00575__plt00191__fab0000_comp02_logden.f32__c0011__dt-f32/chunk_0,read,4194304,,,,,0.007264,,0.296128,0.446570,,,,,3.717896,2.967934,24,,0.000000,0.000000,0,0,2519284,0.000000,0.000000,,0.000000,0.000000,0.000000
697,fields/00578__plt00192__fab0000_comp02_logden.f32__c0013__dt-f32/chunk_0,read,4194304,,,,,0.006146,,0.092480,0.474088,,,,,3.739268,3.166554,24,,0.000000,0.000000,0,0,2961964,0.000000,0.000000,,0.000000,0.000000,0.000000
698,fields/00581__plt00193__fab0000_comp02_logden.f32__c0015__dt-f32/chunk_0,read,4194304,,,,,0.006635,,0.744512,0.409413,,,,,4.194917,3.034357,24,,0.000000,0.000000,0,0,2454591,0.000000,0.000000,,0.000000,0.000000,0.000000
699,fields/00585__plt00195__fab0000_comp00_density.f32__c0001__dt-f32/chunk_0,read,4194304,,,,,0.007612,,0.196288,0.294803,,,,,3.382306,2.883603,24,,0.000000,0.000000,0,0,1455496,0.000000,0.000000,,0.000000,0.000000,0.000000
700,fields/00588__plt00196__fab0000_comp00_density.f32__c0003__dt-f32/chunk_0,read,4194304,,,,,0.007613,,0.299040,3.550206,,,,,6.841508,2.984649,24,,0.000000,0.000000,0,0,2537500,0.000000,0.000000,,0.000000,0.000000,0.000000
701,fields/00591__plt00197__fab0000_comp00_density.f32__c0005__dt-f32/chunk_0,read,4194304,,,,,0.005727,,0.091040,3.674035,,,,,6.757418,2.986616,24,,0.000000,0.000000,0,0,2660158,0.000000,0.000000,,0.000000,0.000000,0.000000
702,fields/00594__plt00198__fab0000_comp00_density.f32__c0007__dt-f32/chunk_0,read,4194304,,,,,0.005168,,0.088192,3.924628,,,,,7.040558,3.022570,24,,0.000000,0.000000,0,0,2880196,0.000000,0.000000,,0.000000,0.000000,0.000000
703,fields/00597__plt00199__fab0000_comp00_density.f32__c0009__dt-f32/chunk_0,read,4194304,,,,,0.007263,,0.299968,0.457814,,,,,3.802685,3.037640,24,,0.000000,0.000000,0,0,2694108,0.000000,0.000000,,0.000000,0.000000,0.000000
704,fields/00600__plt00200__fab0000_comp00_density.f32__c0012__dt-f32/chunk_0,read,4194304,,,,,0.006705,,0.088256,0.385108,,,,,3.402979,2.922910,24,,0.000000,0.000000,0,0,2253155,0.000000,0.000000,,0.000000,0.000000,0.000000
705,fields/00603__plt00201__fab0000_comp00_density.f32__c0014__dt-f32/chunk_0,read,4194304,,,,,0.007193,,0.067584,0.415070,,,,,3.445653,2.955806,24,,0.000000,0.000000,0,0,2539360,0.000000,0.000000,,0.000000,0.000000,0.000000
706,fields/00607__plt00202__fab0000_comp01_rho_E.f32__c0000__dt-f32/chunk_0,read,4194304,,,,,0.006635,,0.081696,0.123200,,,,,2.593441,2.381910,24,,0.000000,0.000000,0,0,211629,0.000000,0.000000,,0.000000,0.000000,0.000000
707,fields/00610__plt00203__fab0000_comp01_rho_E.f32__c0002__dt-f32/chunk_0,read,4194304,,,,,0.006565,,0.081280,0.267703,,,,,3.119980,2.764432,24,,0.000000,0.000000,0,0,1375077,0.000000,0.000000,,0.000000,0.000000,0.000000
708,fields/00613__plt00204__fab0000_comp01_rho_E.f32__c0004__dt-f32/chunk_0,read,4194304,,,,,0.006635,,0.093408,0.392161,,,,,3.425748,2.933544,24,,0.000000,0.000000,0,0,2097754,0.000000,0.000000,,0.000000,0.000000,0.000000
709,fields/00616__plt00205__fab0000_comp01_rho_E.f32__c0006__dt-f32/chunk_0,read,4194304,,,,,0.006146,,0.087296,0.405572,,,,,3.434618,2.935604,24,,0.000000,0.000000,0,0,2294420,0.000000,0.000000,,0.000000,0.000000,0.000000
710,fields/00619__plt00206__fab0000_comp01_rho_E.f32__c0008__dt-f32/chunk_0,read,4194304,,,,,0.007194,,0.087744,0.413045,,,,,3.442929,2.934946,24,,0.000000,0.000000,0,0,2285474,0.000000,0.000000,,0.000000,0.000000,0.000000
711,fields/00622__plt00207__fab0000_comp01_rho_E.f32__c0010__dt-f32/chunk_0,read,4194304,,,,,0.009079,,0.080064,0.316104,,,,,3.247092,2.841845,24,,0.000000,0.000000,0,0,1749050,0.000000,0.000000,,0.000000,0.000000,0.000000
712,fields/00625__plt00208__fab0000_comp01_rho_E.f32__c0012__dt-f32/chunk_0,read,4194304,,,,,0.006705,,0.078016,0.287191,,,,,3.118653,2.746741,24,,0.000000,0.000000,0,0,1169191,0.000000,0.000000,,0.000000,0.000000,0.000000
713,fields/00628__plt00209__fab0000_comp01_rho_E.f32__c0014__dt-f32/chunk_0,read,4194304,,,,,0.006635,,0.078720,0.160845,,,,,2.916391,2.670191,24,,0.000000,0.000000,0,0,421768,0.000000,0.000000,,0.000000,0.000000,0.000000
714,fields/00632__plt00210__fab0000_comp02_logden.f32__c0000__dt-f32/chunk_0,read,4194304,,,,,0.007054,,0.209632,0.301508,,,,,3.330064,2.811870,24,,0.000000,0.000000,0,0,1590816,0.000000,0.000000,,0.000000,0.000000,0.000000
715,fields/00635__plt00211__fab0000_comp02_logden.f32__c0002__dt-f32/chunk_0,read,4194304,,,,,0.007264,,0.191520,3.590086,,,,,6.773412,2.984542,24,,0.000000,0.000000,0,0,2675934,0.000000,0.000000,,0.000000,0.000000,0.000000
716,fields/00638__plt00212__fab0000_comp02_logden.f32__c0004__dt-f32/chunk_0,read,4194304,,,,,0.005727,,0.107808,4.000058,,,,,7.613052,3.499459,24,,0.000000,0.000000,0,0,3047508,0.000000,0.000000,,0.000000,0.000000,0.000000
717,fields/00641__plt00213__fab0000_comp02_logden.f32__c0006__dt-f32/chunk_0,read,4194304,,,,,0.005169,,0.088544,4.110269,,,,,7.266287,3.062305,24,,0.000000,0.000000,0,0,3102363,0.000000,0.000000,,0.000000,0.000000,0.000000
718,fields/00644__plt00214__fab0000_comp02_logden.f32__c0008__dt-f32/chunk_0,read,4194304,,,,,0.007124,,0.205792,4.422951,,,,,7.746869,3.111002,24,,0.000000,0.000000,0,0,3386366,0.000000,0.000000,,0.000000,0.000000,0.000000
719,fields/00647__plt00215__fab0000_comp02_logden.f32__c0010__dt-f32/chunk_0,read,4194304,,,,,0.003422,,0.185152,0.334194,,,,,3.347035,2.824267,24,,0.000000,0.000000,0,0,2979876,0.000000,0.000000,,0.000000,0.000000,0.000000
720,fields/00650__plt00216__fab0000_comp02_logden.f32__c0013__dt-f32/chunk_0,read,4194304,,,,,0.005168,,0.079200,0.355356,,,,,3.287111,2.847387,24,,0.000000,0.000000,0,0,3025166,0.000000,0.000000,,0.000000,0.000000,0.000000
721,fields/00653__plt00217__fab0000_comp02_logden.f32__c0015__dt-f32/chunk_0,read,4194304,,,,,0.004749,,0.599200,0.304023,,,,,3.610410,2.702438,24,,0.000000,0.000000,0,0,2496418,0.000000,0.000000,,0.000000,0.000000,0.000000
722,fields/00657__plt00219__fab0000_comp00_density.f32__c0001__dt-f32/chunk_0,read,4194304,,,,,0.000000,,0.000000,3.467233,,,,,3.894248,0.427015,0,,0.000000,0.000000,0,0,4194304,0.000000,0.000000,,0.000000,0.000000,0.000000
723,fields/00660__plt00220__fab0000_comp00_density.f32__c0003__dt-f32/chunk_0,read,4194304,,,,,0.008032,,0.311328,0.502234,,,,,3.664817,2.843223,24,,0.000000,0.000000,0,0,2842276,0.000000,0.000000,,0.000000,0.000000,0.000000
724,fields/00663__plt00221__fab0000_comp00_density.f32__c0005__dt-f32/chunk_0,read,4194304,,,,,0.006635,,0.078944,0.509986,,,,,3.511025,2.915460,24,,0.000000,0.000000,0,0,2719053,0.000000,0.000000,,0.000000,0.000000,0.000000
725,fields/00666__plt00222__fab0000_comp00_density.f32__c0007__dt-f32/chunk_0,read,4194304,,,,,0.006216,,0.088000,0.467033,,,,,3.491050,2.929801,24,,0.000000,0.000000,0,0,2925458,0.000000,0.000000,,0.000000,0.000000,0.000000
726,fields/00669__plt00223__fab0000_comp00_density.f32__c0009__dt-f32/chunk_0,read,4194304,,,,,0.007054,,0.178432,0.531008,,,,,3.635832,2.919338,24,,0.000000,0.000000,0,0,2994996,0.000000,0.000000,,0.000000,0.000000,0.000000
727,fields/00672__plt00224__fab0000_comp00_density.f32__c0011__dt-f32/chunk_0,read,4194304,,,,,0.008171,,0.357760,0.630742,,,,,4.067106,3.070433,24,,0.000000,0.000000,0,0,2500580,0.000000,0.000000,,0.000000,0.000000,0.000000
728,fields/00675__plt00225__fab0000_comp00_density.f32__c0013__dt-f32/chunk_0,read,4194304,,,,,0.006635,,0.079200,0.403827,,,,,3.327829,2.838167,24,,0.000000,0.000000,0,0,2399116,0.000000,0.000000,,0.000000,0.000000,0.000000
729,fields/00678__plt00226__fab0000_comp00_density.f32__c0015__dt-f32/chunk_0,read,4194304,,,,,0.006565,,0.078176,0.407318,,,,,3.327200,2.835141,24,,0.000000,0.000000,0,0,2348624,0.000000,0.000000,,0.000000,0.000000,0.000000
730,fields/00682__plt00227__fab0000_comp01_rho_E.f32__c0001__dt-f32/chunk_0,read,4194304,,,,,0.003911,,0.085376,0.501185,,,,,3.094068,2.503596,24,,0.000000,0.000000,0,0,1187326,0.000000,0.000000,,0.000000,0.000000,0.000000
731,fields/00685__plt00228__fab0000_comp01_rho_E.f32__c0003__dt-f32/chunk_0,read,4194304,,,,,0.007124,,0.079648,0.421426,,,,,3.341937,2.833739,24,,0.000000,0.000000,0,0,2238037,0.000000,0.000000,,0.000000,0.000000,0.000000
732,fields/00688__plt00229__fab0000_comp01_rho_E.f32__c0005__dt-f32/chunk_0,read,4194304,,,,,0.006285,,0.079232,0.487077,,,,,3.411500,2.838906,24,,0.000000,0.000000,0,0,2414679,0.000000,0.000000,,0.000000,0.000000,0.000000
733,fields/00691__plt00230__fab0000_comp01_rho_E.f32__c0007__dt-f32/chunk_0,read,4194304,,,,,0.003283,,0.078784,0.495809,,,,,3.306387,2.728511,24,,0.000000,0.000000,0,0,2527226,0.000000,0.000000,,0.000000,0.000000,0.000000
734,fields/00694__plt00231__fab0000_comp01_rho_E.f32__c0009__dt-f32/chunk_0,read,4194304,,,,,0.006774,,0.078816,0.385038,,,,,3.290604,2.819976,24,,0.000000,0.000000,0,0,2289245,0.000000,0.000000,,0.000000,0.000000,0.000000
735,fields/00697__plt00232__fab0000_comp01_rho_E.f32__c0011__dt-f32/chunk_0,read,4194304,,,,,0.006565,,0.078688,0.332238,,,,,3.141631,2.724140,24,,0.000000,0.000000,0,0,1783219,0.000000,0.000000,,0.000000,0.000000,0.000000
736,fields/00700__plt00233__fab0000_comp01_rho_E.f32__c0014__dt-f32/chunk_0,read,4194304,,,,,0.007124,,0.077792,0.221609,,,,,2.811348,2.504823,24,,0.000000,0.000000,0,0,749211,0.000000,0.000000,,0.000000,0.000000,0.000000
737,fields/00704__plt00234__fab0000_comp02_logden.f32__c0000__dt-f32/chunk_0,read,4194304,,,,,0.008660,,0.190432,0.364784,,,,,3.308763,2.744887,24,,0.000000,0.000000,0,0,1912556,0.000000,0.000000,,0.000000,0.000000,0.000000
738,fields/00707__plt00235__fab0000_comp02_logden.f32__c0002__dt-f32/chunk_0,read,4194304,,,,,0.004819,,0.185280,2.944676,,,,,5.953398,2.818623,24,,0.000000,0.000000,0,0,2977024,0.000000,0.000000,,0.000000,0.000000,0.000000
739,fields/00710__plt00236__fab0000_comp02_logden.f32__c0004__dt-f32/chunk_0,read,4194304,,,,,0.003353,,0.080832,3.086525,,,,,6.231229,3.060519,24,,0.000000,0.000000,0,0,3023780,0.000000,0.000000,,0.000000,0.000000,0.000000
740,fields/00713__plt00237__fab0000_comp02_logden.f32__c0006__dt-f32/chunk_0,read,4194304,,,,,0.003841,,0.077824,2.761411,,,,,5.685065,2.841989,24,,0.000000,0.000000,0,0,3089222,0.000000,0.000000,,0.000000,0.000000,0.000000
741,fields/00716__plt00238__fab0000_comp02_logden.f32__c0008__dt-f32/chunk_0,read,4194304,,,,,0.003283,,0.079584,3.170335,,,,,6.198124,2.944922,24,,0.000000,0.000000,0,0,3526877,0.000000,0.000000,,0.000000,0.000000,0.000000
742,fields/00719__plt00239__fab0000_comp02_logden.f32__c0010__dt-f32/chunk_0,read,4194304,,,,,0.003282,,0.063008,3.457246,,,,,6.458425,2.934889,24,,0.000000,0.000000,0,0,3790368,0.000000,0.000000,,0.000000,0.000000,0.000000
743,fields/00722__plt00240__fab0000_comp02_logden.f32__c0012__dt-f32/chunk_0,read,4194304,,,,,0.006635,,0.079584,0.507402,,,,,3.590295,2.996674,24,,0.000000,0.000000,0,0,3137660,0.000000,0.000000,,0.000000,0.000000,0.000000
744,fields/00725__plt00241__fab0000_comp02_logden.f32__c0014__dt-f32/chunk_0,read,4194304,,,,,0.006774,,0.078464,0.661403,,,,,3.589108,2.842467,24,,0.000000,0.000000,0,0,2991586,0.000000,0.000000,,0.000000,0.000000,0.000000
745,fields/00729__plt00243__fab0000_comp00_density.f32__c0000__dt-f32/chunk_0,read,4194304,,,,,0.008661,,0.224320,0.349770,,,,,3.302686,2.719935,24,,0.000000,0.000000,0,0,1582058,0.000000,0.000000,,0.000000,0.000000,0.000000
746,fields/00732__plt00244__fab0000_comp00_density.f32__c0002__dt-f32/chunk_0,read,4194304,,,,,0.008032,,0.182208,0.521928,,,,,3.584009,2.871841,24,,0.000000,0.000000,0,0,2772600,0.000000,0.000000,,0.000000,0.000000,0.000000
747,fields/00735__plt00245__fab0000_comp00_density.f32__c0004__dt-f32/chunk_0,read,4194304,,,,,0.006635,,0.081664,0.530519,,,,,3.486790,2.867972,24,,0.000000,0.000000,0,0,2659988,0.000000,0.000000,,0.000000,0.000000,0.000000
748,fields/00738__plt00246__fab0000_comp00_density.f32__c0006__dt-f32/chunk_0,read,4194304,,,,,0.004749,,0.078976,0.594425,,,,,3.494751,2.816601,24,,0.000000,0.000000,0,0,2902905,0.000000,0.000000,,0.000000,0.000000,0.000000
749,fields/00741__plt00247__fab0000_comp00_density.f32__c0008__dt-f32/chunk_0,read,4194304,,,,,0.003352,,0.079104,2.990074,,,,,5.930769,2.858239,24,,0.000000,0.000000,0,0,3161203,0.000000,0.000000,,0.000000,0.000000,0.000000
750,fields/00744__plt00248__fab0000_comp00_density.f32__c0010__dt-f32/chunk_0,read,4194304,,,,,0.008520,,0.323584,0.720909,,,,,4.161044,3.108031,24,,0.000000,0.000000,0,0,2984720,0.000000,0.000000,,0.000000,0.000000,0.000000
751,fields/00747__plt00249__fab0000_comp00_density.f32__c0012__dt-f32/chunk_0,read,4194304,,,,,0.006705,,0.078080,0.547001,,,,,3.402560,2.770774,24,,0.000000,0.000000,0,0,2469783,0.000000,0.000000,,0.000000,0.000000,0.000000
752,fields/00750__plt00250__fab0000_comp00_density.f32__c0015__dt-f32/chunk_0,read,4194304,,,,,0.005797,,0.082496,0.534919,,,,,3.505926,2.882714,24,,0.000000,0.000000,0,0,2712204,0.000000,0.000000,,0.000000,0.000000,0.000000
753,fields/00754__plt00251__fab0000_comp01_rho_E.f32__c0001__dt-f32/chunk_0,read,4194304,,,,,0.006076,,0.079296,0.293057,,,,,3.058798,2.680369,24,,0.000000,0.000000,0,0,1547960,0.000000,0.000000,,0.000000,0.000000,0.000000
754,fields/00757__plt00252__fab0000_comp01_rho_E.f32__c0003__dt-f32/chunk_0,read,4194304,,,,,0.006984,,0.077920,0.408436,,,,,3.314210,2.820870,24,,0.000000,0.000000,0,0,2500206,0.000000,0.000000,,0.000000,0.000000,0.000000
755,fields/00760__plt00253__fab0000_comp01_rho_E.f32__c0005__dt-f32/chunk_0,read,4194304,,,,,0.008172,,0.078208,0.540228,,,,,3.470586,2.843978,24,,0.000000,0.000000,0,0,2478520,0.000000,0.000000,,0.000000,0.000000,0.000000
756,fields/00763__plt00254__fab0000_comp01_rho_E.f32__c0007__dt-f32/chunk_0,read,4194304,,,,,0.005658,,0.078496,0.515015,,,,,3.434199,2.835030,24,,0.000000,0.000000,0,0,2586364,0.000000,0.000000,,0.000000,0.000000,0.000000
757,fields/00766__plt00255__fab0000_comp01_rho_E.f32__c0009__dt-f32/chunk_0,read,4194304,,,,,0.006704,,0.078432,0.449083,,,,,3.388941,2.854722,24,,0.000000,0.000000,0,0,2515954,0.000000,0.000000,,0.000000,0.000000,0.000000
758,fields/00769__plt00256__fab0000_comp01_rho_E.f32__c0011__dt-f32/chunk_0,read,4194304,,,,,0.006286,,0.077920,0.364716,,,,,3.210983,2.762061,24,,0.000000,0.000000,0,0,2074312,0.000000,0.000000,,0.000000,0.000000,0.000000
759,fields/00772__plt00257__fab0000_comp01_rho_E.f32__c0013__dt-f32/chunk_0,read,4194304,,,,,0.006705,,0.078080,0.275247,,,,,3.017102,2.657070,24,,0.000000,0.000000,0,0,1481846,0.000000,0.000000,,0.000000,0.000000,0.000000
760,fields/00775__plt00258__fab0000_comp01_rho_E.f32__c0015__dt-f32/chunk_0,read,4194304,,,,,0.006635,,0.071136,0.181310,,,,,2.742205,2.483124,24,,0.000000,0.000000,0,0,617536,0.000000,0.000000,,0.000000,0.000000,0.000000
761,fields/00779__plt00259__fab0000_comp02_logden.f32__c0001__dt-f32/chunk_0,read,4194304,,,,,0.007194,,0.189536,0.488684,,,,,3.566340,2.880926,24,,0.000000,0.000000,0,0,2810166,0.000000,0.000000,,0.000000,0.000000,0.000000
762,fields/00782__plt00260__fab0000_comp02_logden.f32__c0003__dt-f32/chunk_0,read,4194304,,,,,0.004819,,0.065024,3.539381,,,,,6.726967,3.117743,24,,0.000000,0.000000,0,0,3455768,0.000000,0.000000,,0.000000,0.000000,0.000000
763,fields/00785__plt00261__fab0000_comp02_logden.f32__c0005__dt-f32/chunk_0,read,4194304,,,,,0.006635,,0.079808,0.697442,,,,,3.728093,2.944208,24,,0.000000,0.000000,0,0,2966569,0.000000,0.000000,,0.000000,0.000000,0.000000
764,fields/00788__plt00262__fab0000_comp02_logden.f32__c0007__dt-f32/chunk_0,read,4194304,,,,,0.003841,,0.080064,3.198133,,,,,6.142809,2.860771,24,,0.000000,0.000000,0,0,3133001,0.000000,0.000000,,0.000000,0.000000,0.000000
765,fields/00791__plt00263__fab0000_comp02_logden.f32__c0009__dt-f32/chunk_0,read,4194304,,,,,0.003911,,0.079584,2.776986,,,,,5.761612,2.901131,24,,0.000000,0.000000,0,0,3455437,0.000000,0.000000,,0.000000,0.000000,0.000000
766,fields/00794__plt00264__fab0000_comp02_logden.f32__c0011__dt-f32/chunk_0,read,4194304,,,,,0.005169,,0.190080,0.500067,,,,,3.550835,2.855519,24,,0.000000,0.000000,0,0,3228702,0.000000,0.000000,,0.000000,0.000000,0.000000
767,fields/00797__plt00265__fab0000_comp02_logden.f32__c0013__dt-f32/chunk_0,read,4194304,,,,,0.006635,,0.077600,0.584926,,,,,3.588410,2.919249,24,,0.000000,0.000000,0,0,3130304,0.000000,0.000000,,0.000000,0.000000,0.000000
