blob,tier_bw,setting,spec,role,comp_ms,decomp_ms,ratio,cost,adopted
fields/00000__plt00000__fab0000_comp02_ez.f32__c0000__dt-f32/chunk_0,1000000,2,ans shuffle=byte,primary,1.65478396,-1,5.03161506,2.48837396,1
fields/00000__plt00000__fab0000_comp02_ez.f32__c0016__dt-f32/chunk_0,1000000,2,ans shuffle=byte,primary,1.34800005,-1,5.03213422,2.18150405,1
fields/00000__plt00000__fab0000_comp02_ez.f32__c0008__dt-f32/chunk_0,1000000,2,ans shuffle=byte,primary,1.41936004,-1,5.03273802,2.25276404,1
fields/00000__plt00000__fab0000_comp02_ez.f32__c0024__dt-f32/chunk_0,1000000,2,ans shuffle=byte,primary,2.06406403,-1,5.03057707,2.89782603,1
fields/00000__plt00000__fab0000_comp02_ez.f32__c0032__dt-f32/chunk_0,1000000,2,ans shuffle=byte,primary,1.94857597,-1,1.13859565,5.63232797,1
fields/00000__plt00000__fab0000_comp02_ez.f32__c0048__dt-f32/chunk_0,1000000,2,ans shuffle=byte,primary,2.22160006,-1,5.032098,3.05511006,1
fields/00000__plt00000__fab0000_comp02_ez.f32__c0040__dt-f32/chunk_0,1000000,2,ans shuffle=byte,primary,2.65308809,-1,5.03130121,3.48673009,1
fields/00000__plt00000__fab0000_comp02_ez.f32__c0056__dt-f32/chunk_0,1000000,2,ans shuffle=byte,primary,2.00812793,-1,5.03301582,2.84148593,1
fields/00001__plt00001__fab0000_comp02_ez.f32__c0016__dt-f32/chunk_0,1000000,2,ans shuffle=byte,primary,2.60297608,-1,5.03213422,3.43648008,1
fields/00001__plt00001__fab0000_comp02_ez.f32__c0000__dt-f32/chunk_0,1000000,2,ans shuffle=byte,primary,0.834559977,-1,5.03161506,1.66814998,1
fields/00001__plt00001__fab0000_comp02_ez.f32__c0008__dt-f32/chunk_0,1000000,2,ans shuffle=byte,primary,2.62755203,-1,5.03273802,3.46095603,1
fields/00001__plt00001__fab0000_comp02_ez.f32__c0056__dt-f32/chunk_0,1000000,2,ans shuffle=byte,primary,2.426368,-1,5.03301582,3.259726,1
fields/00001__plt00001__fab0000_comp02_ez.f32__c0032__dt-f32/chunk_0,1000000,2,ans shuffle=byte,primary,2.15974402,-1,1.13307875,5.86143202,1
fields/00001__plt00001__fab0000_comp02_ez.f32__c0040__dt-f32/chunk_0,1000000,2,ans shuffle=byte,primary,2.53161597,-1,5.03130121,3.36525797,1
fields/00001__plt00001__fab0000_comp02_ez.f32__c0024__dt-f32/chunk_0,1000000,2,ans shuffle=byte,primary,1.57382405,-1,5.03057707,2.40758605,1
fields/00001__plt00001__fab0000_comp02_ez.f32__c0048__dt-f32/chunk_0,1000000,2,ans shuffle=byte,primary,3.11023998,-1,5.032098,3.94374998,1
fields/00002__plt00002__fab0000_comp02_ez.f32__c0000__dt-f32/chunk_0,1000000,2,ans shuffle=byte,primary,3.33347201,-1,5.03161506,4.16706201,1
fields/00002__plt00002__fab0000_comp02_ez.f32__c0008__dt-f32/chunk_0,1000000,2,ans shuffle=byte,primary,1.90774405,-1,5.03273802,2.74114805,1
fields/00002__plt00002__fab0000_comp02_ez.f32__c0024__dt-f32/chunk_0,1000000,2,ans shuffle=byte,primary,3.76112008,-1,5.03057707,4.59488208,1
fields/00003__plt00003__fab0000_comp02_ez.f32__c0000__dt-f32/chunk_0,1000000,2,ans shuffle=byte,primary,3.75503993,-1,5.03161506,4.58862993,1
fields/00003__plt00003__fab0000_comp02_ez.f32__c0008__dt-f32/chunk_0,1000000,2,ans shuffle=byte,primary,2.8179841,-1,5.03273802,3.6513881,1
fields/00002__plt00002__fab0000_comp02_ez.f32__c0016__dt-f32/chunk_0,1000000,2,ans shuffle=byte,primary,1.91107202,-1,5.03213422,2.74457602,1
fields/00002__plt00002__fab0000_comp02_ez.f32__c0048__dt-f32/chunk_0,1000000,2,ans shuffle=byte,primary,3.93094397,-1,5.032098,4.76445397,1
fields/00002__plt00002__fab0000_comp02_ez.f32__c0032__dt-f32/chunk_0,1000000,2,ans shuffle=byte,primary,3.0822401,-1,1.1348047,6.7782981,1
fields/00003__plt00003__fab0000_comp02_ez.f32__c0016__dt-f32/chunk_0,1000000,2,ans shuffle=byte,primary,3.53427196,-1,5.03213422,4.36777596,1
fields/00002__plt00002__fab0000_comp02_ez.f32__c0040__dt-f32/chunk_0,1000000,2,ans shuffle=byte,primary,3.10934401,-1,5.03130121,3.94298601,1
fields/00002__plt00002__fab0000_comp02_ez.f32__c0056__dt-f32/chunk_0,1000000,2,ans shuffle=byte,primary,3.91107202,-1,5.03301582,4.74443002,1
fields/00003__plt00003__fab0000_comp02_ez.f32__c0048__dt-f32/chunk_0,1000000,2,ans shuffle=byte,primary,3.68556809,-1,5.032098,4.51907809,1
fields/00003__plt00003__fab0000_comp02_ez.f32__c0024__dt-f32/chunk_0,1000000,2,ans shuffle=byte,primary,1.616992,-1,5.03057707,2.450754,1
fields/00003__plt00003__fab0000_comp02_ez.f32__c0032__dt-f32/chunk_0,1000000,2,ans shuffle=byte,primary,1.63475204,-1,1.1341738,5.33286604,1
fields/00004__plt00004__fab0000_comp02_ez.f32__c0000__dt-f32/chunk_0,1000000,2,ans shuffle=byte,primary,3.4462719,-1,5.03161506,4.2798619,1
fields/00003__plt00003__fab0000_comp02_ez.f32__c0040__dt-f32/chunk_0,1000000,2,ans shuffle=byte,primary,3.81612802,-1,5.03130121,4.64977002,1
fields/00004__plt00004__fab0000_comp02_ez.f32__c0008__dt-f32/chunk_0,1000000,2,ans shuffle=byte,primary,2.09664011,-1,5.03273802,2.93004411,1
fields/00003__plt00003__fab0000_comp02_ez.f32__c0056__dt-f32/chunk_0,1000000,2,ans shuffle=byte,primary,2.09132791,-1,5.03301582,2.92468591,1
fields/00004__plt00004__fab0000_comp02_ez.f32__c0016__dt-f32/chunk_0,1000000,2,ans shuffle=byte,primary,3.34764791,-1,5.03213422,4.18115191,1
fields/00004__plt00004__fab0000_comp02_ez.f32__c0024__dt-f32/chunk_0,1000000,2,ans shuffle=byte,primary,3.17331195,-1,5.03057707,4.00707395,1
fields/00004__plt00004__fab0000_comp02_ez.f32__c0032__dt-f32/chunk_0,1000000,2,ans shuffle=byte,primary,2.41932797,-1,1.13247116,6.12300197,1
fields/00005__plt00005__fab0000_comp02_ez.f32__c0008__dt-f32/chunk_0,1000000,2,ans shuffle=byte,primary,3.46329594,-1,5.03273802,4.29669994,1
fields/00004__plt00004__fab0000_comp02_ez.f32__c0048__dt-f32/chunk_0,1000000,2,ans shuffle=byte,primary,1.22832,-1,5.032098,2.06183,1
fields/00004__plt00004__fab0000_comp02_ez.f32__c0040__dt-f32/chunk_0,1000000,2,ans shuffle=byte,primary,3.95772791,-1,5.03130121,4.79136991,1
fields/00005__plt00005__fab0000_comp02_ez.f32__c0032__dt-f32/chunk_0,1000000,2,ans shuffle=byte,primary,3.71679997,-1,1.13090046,7.42561797,1
fields/00005__plt00005__fab0000_comp02_ez.f32__c0016__dt-f32/chunk_0,1000000,2,ans shuffle=byte,primary,297.406708,-1,5.03213422,298.240212,1
fields/00004__plt00004__fab0000_comp02_ez.f32__c0056__dt-f32/chunk_0,1000000,2,ans shuffle=byte,primary,3.18137598,-1,5.03301582,4.01473398,1
fields/00005__plt00005__fab0000_comp02_ez.f32__c0000__dt-f32/chunk_0,1000000,2,ans shuffle=byte,primary,3.20192003,-1,5.03161506,4.03551003,1
fields/00005__plt00005__fab0000_comp02_ez.f32__c0040__dt-f32/chunk_0,1000000,2,ans shuffle=byte,primary,2.49062395,-1,5.03130121,3.32426595,1
fields/00005__plt00005__fab0000_comp02_ez.f32__c0056__dt-f32/chunk_0,1000000,2,ans shuffle=byte,primary,3.23695993,-1,5.03301582,4.07031793,1
fields/00005__plt00005__fab0000_comp02_ez.f32__c0024__dt-f32/chunk_0,1000000,2,ans shuffle=byte,primary,3.01568007,-1,5.03057707,3.84944207,1
fields/00006__plt00006__fab0000_comp02_ez.f32__c0008__dt-f32/chunk_0,1000000,2,ans shuffle=byte,primary,1.60540795,-1,5.03273802,2.43881195,1
fields/00005__plt00005__fab0000_comp02_ez.f32__c0048__dt-f32/chunk_0,1000000,2,ans shuffle=byte,primary,3.51052809,-1,5.032098,4.34403809,1
fields/00006__plt00006__fab0000_comp02_ez.f32__c0016__dt-f32/chunk_0,1000000,2,ans shuffle=byte,primary,1.77318394,-1,5.03213422,2.60668794,1
fields/00006__plt00006__fab0000_comp02_ez.f32__c0000__dt-f32/chunk_0,1000000,2,ans shuffle=byte,primary,2.45913601,-1,5.03161506,3.29272601,1
fields/00006__plt00006__fab0000_comp02_ez.f32__c0024__dt-f32/chunk_0,1000000,2,ans shuffle=byte,primary,3.87011194,-1,5.03057707,4.70387394,1
fields/00006__plt00006__fab0000_comp02_ez.f32__c0032__dt-f32/chunk_0,1000000,2,ans shuffle=byte,primary,3.06163192,-1,1.13006072,6.77320592,1
fields/00006__plt00006__fab0000_comp02_ez.f32__c0040__dt-f32/chunk_0,1000000,2,ans shuffle=byte,primary,3.59318399,-1,5.03130121,4.42682599,1
fields/00006__plt00006__fab0000_comp02_ez.f32__c0048__dt-f32/chunk_0,1000000,2,ans shuffle=byte,primary,3.3811841,-1,5.032098,4.2146941,1
fields/00006__plt00006__fab0000_comp02_ez.f32__c0056__dt-f32/chunk_0,1000000,2,ans shuffle=byte,primary,3.86403203,-1,5.03301582,4.69739003,1
fields/00007__plt00007__fab0000_comp02_ez.f32__c0024__dt-f32/chunk_0,1000000,2,ans shuffle=byte,primary,2.96441603,-1,5.03057707,3.79817803,1
fields/00007__plt00007__fab0000_comp02_ez.f32__c0000__dt-f32/chunk_0,1000000,2,ans shuffle=byte,primary,3.74591994,-1,5.03161506,4.57950994,1
fields/00007__plt00007__fab0000_comp02_ez.f32__c0032__dt-f32/chunk_0,1000000,2,ans shuffle=byte,primary,1.27238405,-1,1.12963098,4.98537005,1
fields/00007__plt00007__fab0000_comp02_ez.f32__c0016__dt-f32/chunk_0,1000000,2,ans shuffle=byte,primary,3.37062407,-1,5.03213422,4.20412807,1
fields/00007__plt00007__fab0000_comp02_ez.f32__c0008__dt-f32/chunk_0,1000000,2,ans shuffle=byte,primary,2.64489603,-1,5.03273802,3.47830003,1
fields/00007__plt00007__fab0000_comp02_ez.f32__c0040__dt-f32/chunk_0,1000000,2,ans shuffle=byte,primary,0.837535977,-1,5.03130121,1.67117798,1
fields/00007__plt00007__fab0000_comp02_ez.f32__c0048__dt-f32/chunk_0,1000000,2,ans shuffle=byte,primary,1.7744,-1,5.032098,2.60791,1
fields/00007__plt00007__fab0000_comp02_ez.f32__c0056__dt-f32/chunk_0,1000000,2,ans shuffle=byte,primary,1.51820803,-1,5.03301582,2.35156603,1
fields/00008__plt00008__fab0000_comp02_ez.f32__c0016__dt-f32/chunk_0,1000000,2,ans shuffle=byte,primary,2.8598721,-1,5.03213422,3.6933761,1
fields/00008__plt00008__fab0000_comp02_ez.f32__c0000__dt-f32/chunk_0,1000000,2,ans shuffle=byte,primary,2.10387206,-1,5.03161506,2.93746206,1
fields/00008__plt00008__fab0000_comp02_ez.f32__c0008__dt-f32/chunk_0,1000000,2,ans shuffle=byte,primary,4.34249592,-1,5.03273802,5.17589992,1
fields/00008__plt00008__fab0000_comp02_ez.f32__c0048__dt-f32/chunk_0,1000000,2,ans shuffle=byte,primary,4.20713615,-1,5.032098,5.04064615,1
fields/00008__plt00008__fab0000_comp02_ez.f32__c0024__dt-f32/chunk_0,1000000,2,ans shuffle=byte,primary,2.90412807,-1,5.03057707,3.73789007,1
fields/00008__plt00008__fab0000_comp02_ez.f32__c0032__dt-f32/chunk_0,1000000,2,ans shuffle=byte,primary,2.94441605,-1,1.12974112,6.65704005,1
fields/00009__plt00009__fab0000_comp02_ez.f32__c0000__dt-f32/chunk_0,1000000,2,ans shuffle=byte,primary,1.25097597,-1,5.03161506,2.08456597,1
fields/00008__plt00008__fab0000_comp02_ez.f32__c0056__dt-f32/chunk_0,1000000,2,ans shuffle=byte,primary,2.25711989,-1,5.03301582,3.09047789,1
fields/00009__plt00009__fab0000_comp02_ez.f32__c0016__dt-f32/chunk_0,1000000,2,ans shuffle=byte,primary,4.03987217,-1,5.03213422,4.87337617,1
fields/00008__plt00008__fab0000_comp02_ez.f32__c0040__dt-f32/chunk_0,1000000,2,ans shuffle=byte,primary,2.94550395,-1,5.03130121,3.77914595,1
fields/00009__plt00009__fab0000_comp02_ez.f32__c0008__dt-f32/chunk_0,1000000,2,ans shuffle=byte,primary,2.69430399,-1,5.03273802,3.52770799,1
fields/00009__plt00009__fab0000_comp02_ez.f32__c0024__dt-f32/chunk_0,1000000,2,ans shuffle=byte,primary,3.31030393,-1,5.03057707,4.14406593,1
fields/00009__plt00009__fab0000_comp02_ez.f32__c0040__dt-f32/chunk_0,1000000,2,ans shuffle=byte,primary,2.87391996,-1,5.03130121,3.70756196,1
fields/00009__plt00009__fab0000_comp02_ez.f32__c0032__dt-f32/chunk_0,1000000,2,ans shuffle=byte,primary,3.40281606,-1,1.12989755,7.11492606,1
fields/00009__plt00009__fab0000_comp02_ez.f32__c0048__dt-f32/chunk_0,1000000,2,ans shuffle=byte,primary,1.47503996,-1,5.032098,2.30854996,1
fields/00010__plt00010__fab0000_comp02_ez.f32__c0000__dt-f32/chunk_0,1000000,2,ans shuffle=byte,primary,4.46191978,-1,5.03161506,5.29550978,1
fields/00009__plt00009__fab0000_comp02_ez.f32__c0056__dt-f32/chunk_0,1000000,2,ans shuffle=byte,primary,2.6141119,-1,5.03301582,3.4474699,1
fields/00010__plt00010__fab0000_comp02_ez.f32__c0016__dt-f32/chunk_0,1000000,2,ans shuffle=byte,primary,0.843007982,-1,5.03213422,1.67651198,1
fields/00010__plt00010__fab0000_comp02_ez.f32__c0008__dt-f32/chunk_0,1000000,2,ans shuffle=byte,primary,1.10844803,-1,5.03273802,1.94185203,1
fields/00010__plt00010__fab0000_comp02_ez.f32__c0024__dt-f32/chunk_0,1000000,2,ans shuffle=byte,primary,1.11014402,-1,5.03057707,1.94390602,1
fields/00010__plt00010__fab0000_comp02_ez.f32__c0032__dt-f32/chunk_0,1000000,2,ans shuffle=byte,primary,3.62224007,-1,1.13018313,7.33341207,1
fields/00011__plt00011__fab0000_comp02_ez.f32__c0008__dt-f32/chunk_0,1000000,2,ans shuffle=byte,primary,2.83417606,-1,5.03273802,3.66758006,1
fields/00010__plt00010__fab0000_comp02_ez.f32__c0040__dt-f32/chunk_0,1000000,2,ans shuffle=byte,primary,3.53587198,-1,5.03130121,4.36951398,1
fields/00010__plt00010__fab0000_comp02_ez.f32__c0056__dt-f32/chunk_0,1000000,2,ans shuffle=byte,primary,3.63401604,-1,5.03301582,4.46737404,1
fields/00010__plt00010__fab0000_comp02_ez.f32__c0048__dt-f32/chunk_0,1000000,2,ans shuffle=byte,primary,2.863168,-1,5.032098,3.696678,1
fields/00011__plt00011__fab0000_comp02_ez.f32__c0000__dt-f32/chunk_0,1000000,2,ans shuffle=byte,primary,2.80140805,-1,5.03161506,3.63499805,1
fields/00011__plt00011__fab0000_comp02_ez.f32__c0032__dt-f32/chunk_0,1000000,2,ans shuffle=byte,primary,2.592448,-1,1.13071754,6.301866,1
fields/00011__plt00011__fab0000_comp02_ez.f32__c0048__dt-f32/chunk_0,1000000,2,ans shuffle=byte,primary,1.73567998,-1,5.032098,2.56918998,1
fields/00011__plt00011__fab0000_comp02_ez.f32__c0024__dt-f32/chunk_0,1000000,2,ans shuffle=byte,primary,2.81244802,-1,5.03057707,3.64621002,1
fields/00011__plt00011__fab0000_comp02_ez.f32__c0040__dt-f32/chunk_0,1000000,2,ans shuffle=byte,primary,1.73264003,-1,5.03130121,2.56628203,1
fields/00011__plt00011__fab0000_comp02_ez.f32__c0016__dt-f32/chunk_0,1000000,2,ans shuffle=byte,primary,2.80169606,-1,5.03213422,3.63520006,1
fields/00011__plt00011__fab0000_comp02_ez.f32__c0056__dt-f32/chunk_0,1000000,2,ans shuffle=byte,primary,2.18204808,-1,5.03301582,3.01540608,1
fields/00012__plt00012__fab0000_comp02_ez.f32__c0000__dt-f32/chunk_0,1000000,2,ans shuffle=byte,primary,2.18371201,-1,5.03161506,3.01730201,1
fields/00012__plt00012__fab0000_comp02_ez.f32__c0008__dt-f32/chunk_0,1000000,2,ans shuffle=byte,primary,2.44409609,-1,5.03273802,3.27750009,1
fields/00012__plt00012__fab0000_comp02_ez.f32__c0016__dt-f32/chunk_0,1000000,2,ans shuffle=byte,primary,3.68723202,-1,5.03213422,4.52073602,1
fields/00012__plt00012__fab0000_comp02_ez.f32__c0032__dt-f32/chunk_0,1000000,2,ans shuffle=byte,primary,3.27228808,-1,1.13133179,6.97969208,1
fields/00012__plt00012__fab0000_comp02_ez.f32__c0056__dt-f32/chunk_0,1000000,2,ans shuffle=byte,primary,1.92771196,-1,5.03301582,2.76106996,1
fields/00012__plt00012__fab0000_comp02_ez.f32__c0024__dt-f32/chunk_0,1000000,2,ans shuffle=byte,primary,2.74598408,-1,5.03057707,3.57974608,1
fields/00013__plt00013__fab0000_comp02_ez.f32__c0000__dt-f32/chunk_0,1000000,2,ans shuffle=byte,primary,3.63411188,-1,5.03161506,4.46770188,1
fields/00012__plt00012__fab0000_comp02_ez.f32__c0040__dt-f32/chunk_0,1000000,2,ans shuffle=byte,primary,1.91062403,-1,5.03130121,2.74426603,1
fields/00012__plt00012__fab0000_comp02_ez.f32__c0048__dt-f32/chunk_0,1000000,2,ans shuffle=byte,primary,2.35155201,-1,5.032098,3.18506201,1
fields/00013__plt00013__fab0000_comp02_ez.f32__c0008__dt-f32/chunk_0,1000000,2,ans shuffle=byte,primary,3.0108161,-1,5.03273802,3.8442201,1
fields/00013__plt00013__fab0000_comp02_ez.f32__c0024__dt-f32/chunk_0,1000000,2,ans shuffle=byte,primary,1.72611201,-1,5.03057707,2.55987401,1
fields/00013__plt00013__fab0000_comp02_ez.f32__c0016__dt-f32/chunk_0,1000000,2,ans shuffle=byte,primary,1.70230401,-1,5.03213422,2.53580801,1
fields/00013__plt00013__fab0000_comp02_ez.f32__c0040__dt-f32/chunk_0,1000000,2,ans shuffle=byte,primary,1.86025596,-1,5.03130121,2.69389796,1
fields/00014__plt00014__fab0000_comp02_ez.f32__c0000__dt-f32/chunk_0,1000000,2,ans shuffle=byte,primary,4.39193583,-1,5.03161506,5.22552583,1
fields/00013__plt00013__fab0000_comp02_ez.f32__c0032__dt-f32/chunk_0,1000000,2,ans shuffle=byte,primary,2.10003209,-1,1.13199742,5.80525609,1
fields/00013__plt00013__fab0000_comp02_ez.f32__c0048__dt-f32/chunk_0,1000000,2,ans shuffle=byte,primary,2.78659201,-1,5.032098,3.62010201,1
fields/00013__plt00013__fab0000_comp02_ez.f32__c0056__dt-f32/chunk_0,1000000,2,ans shuffle=byte,primary,4.38867188,-1,5.03301582,5.22202988,1
fields/00014__plt00014__fab0000_comp02_ez.f32__c0008__dt-f32/chunk_0,1000000,2,ans shuffle=byte,primary,4.5223999,-1,5.03273802,5.3558039,1
fields/00014__plt00014__fab0000_comp02_ez.f32__c0016__dt-f32/chunk_0,1000000,2,ans shuffle=byte,primary,4.39167976,-1,5.03213422,5.22518376,1
fields/00014__plt00014__fab0000_comp02_ez.f32__c0024__dt-f32/chunk_0,1000000,2,ans shuffle=byte,primary,2.0321281,-1,5.03057707,2.8658901,1
fields/00014__plt00014__fab0000_comp02_ez.f32__c0032__dt-f32/chunk_0,1000000,2,ans shuffle=byte,primary,4.56499195,-1,1.13276784,8.26769595,1
fields/00014__plt00014__fab0000_comp02_ez.f32__c0048__dt-f32/chunk_0,1000000,2,ans shuffle=byte,primary,4.33548784,-1,5.032098,5.16899784,1
fields/00014__plt00014__fab0000_comp02_ez.f32__c0040__dt-f32/chunk_0,1000000,2,ans shuffle=byte,primary,4.71167994,-1,5.03130121,5.54532194,1
fields/00014__plt00014__fab0000_comp02_ez.f32__c0056__dt-f32/chunk_0,1000000,2,ans shuffle=byte,primary,3.37731194,-1,5.03301582,4.21066994,1
fields/00015__plt00015__fab0000_comp02_ez.f32__c0008__dt-f32/chunk_0,1000000,2,ans shuffle=byte,primary,3.03948808,-1,5.03273802,3.87289208,1
fields/00015__plt00015__fab0000_comp02_ez.f32__c0000__dt-f32/chunk_0,1000000,2,ans shuffle=byte,primary,3.04614401,-1,5.03161506,3.87973401,1
fields/00015__plt00015__fab0000_comp02_ez.f32__c0024__dt-f32/chunk_0,1000000,2,ans shuffle=byte,primary,1.18438399,-1,5.03057707,2.01814599,1
fields/00015__plt00015__fab0000_comp02_ez.f32__c0016__dt-f32/chunk_0,1000000,2,ans shuffle=byte,primary,1.13616002,-1,5.03213422,1.96966402,1
fields/00015__plt00015__fab0000_comp02_ez.f32__c0032__dt-f32/chunk_0,1000000,2,ans shuffle=byte,primary,1.91584003,-1,1.13342842,5.61638603,1
fields/00016__plt00016__fab0000_comp02_ez.f32__c0016__dt-f32/chunk_0,1000000,2,ans shuffle=byte,primary,4.67750406,-1,5.03213422,5.51100806,1
fields/00015__plt00015__fab0000_comp02_ez.f32__c0040__dt-f32/chunk_0,1000000,2,ans shuffle=byte,primary,1.89507198,-1,5.03130121,2.72871398,1
fields/00015__plt00015__fab0000_comp02_ez.f32__c0048__dt-f32/chunk_0,1000000,2,ans shuffle=byte,primary,3.26086402,-1,5.032098,4.09437402,1
fields/00015__plt00015__fab0000_comp02_ez.f32__c0056__dt-f32/chunk_0,1000000,2,ans shuffle=byte,primary,4.12233591,-1,5.03301582,4.95569391,1
fields/00016__plt00016__fab0000_comp02_ez.f32__c0008__dt-f32/chunk_0,1000000,2,ans shuffle=byte,primary,4.16691208,-1,5.03273802,5.00031608,1
fields/00016__plt00016__fab0000_comp02_ez.f32__c0000__dt-f32/chunk_0,1000000,2,ans shuffle=byte,primary,4.48019218,-1,5.03161506,5.31378218,1
fields/00016__plt00016__fab0000_comp02_ez.f32__c0024__dt-f32/chunk_0,1000000,2,ans shuffle=byte,primary,3.48751998,-1,5.03057707,4.32128198,1
fields/00016__plt00016__fab0000_comp02_ez.f32__c0032__dt-f32/chunk_0,1000000,2,ans shuffle=byte,primary,3.89715195,-1,1.13418361,7.59523395,1
fields/00016__plt00016__fab0000_comp02_ez.f32__c0040__dt-f32/chunk_0,1000000,2,ans shuffle=byte,primary,3.19900799,-1,5.03130121,4.03264999,1
fields/00016__plt00016__fab0000_comp02_ez.f32__c0048__dt-f32/chunk_0,1000000,2,ans shuffle=byte,primary,2.25510406,-1,5.032098,3.08861406,1
fields/00017__plt00017__fab0000_comp02_ez.f32__c0000__dt-f32/chunk_0,1000000,2,ans shuffle=byte,primary,3.30288005,-1,5.03161506,4.13647005,1
fields/00017__plt00017__fab0000_comp02_ez.f32__c0016__dt-f32/chunk_0,1000000,2,ans shuffle=byte,primary,3.58787203,-1,5.03213422,4.42137603,1
fields/00017__plt00017__fab0000_comp02_ez.f32__c0024__dt-f32/chunk_0,1000000,2,ans shuffle=byte,primary,4.93654394,-1,5.03057707,5.77030594,1
fields/00017__plt00017__fab0000_comp02_ez.f32__c0040__dt-f32/chunk_0,1000000,2,ans shuffle=byte,primary,3.55107188,-1,5.03130121,4.38471388,1
fields/00016__plt00016__fab0000_comp02_ez.f32__c0056__dt-f32/chunk_0,1000000,2,ans shuffle=byte,primary,4.55689621,-1,5.03301582,5.39025421,1
fields/00017__plt00017__fab0000_comp02_ez.f32__c0032__dt-f32/chunk_0,1000000,2,ans shuffle=byte,primary,4.28281593,-1,1.13483418,7.97877793,1
fields/00017__plt00017__fab0000_comp02_ez.f32__c0008__dt-f32/chunk_0,1000000,2,ans shuffle=byte,primary,4.26457596,-1,5.03273802,5.09797996,1
fields/00017__plt00017__fab0000_comp02_ez.f32__c0048__dt-f32/chunk_0,1000000,2,ans shuffle=byte,primary,2.91388798,-1,5.032098,3.74739798,1
fields/00018__plt00018__fab0000_comp02_ez.f32__c0000__dt-f32/chunk_0,1000000,2,ans shuffle=byte,primary,4.26223993,-1,5.03161506,5.09582993,1
fields/00018__plt00018__fab0000_comp02_ez.f32__c0048__dt-f32/chunk_0,1000000,2,ans shuffle=byte,primary,4.62425613,-1,5.032098,5.45776613,1
fields/00017__plt00017__fab0000_comp02_ez.f32__c0056__dt-f32/chunk_0,1000000,2,ans shuffle=byte,primary,3.69590402,-1,5.03301582,4.52926202,1
fields/00018__plt00018__fab0000_comp02_ez.f32__c0008__dt-f32/chunk_0,1000000,2,ans shuffle=byte,primary,4.23516798,-1,5.03273802,5.06857198,1
fields/00018__plt00018__fab0000_comp02_ez.f32__c0016__dt-f32/chunk_0,1000000,2,ans shuffle=byte,primary,1.86249602,-1,5.03213422,2.69600002,1
fields/00018__plt00018__fab0000_comp02_ez.f32__c0024__dt-f32/chunk_0,1000000,2,ans shuffle=byte,primary,3.97385597,-1,5.03057707,4.80761797,1
fields/00018__plt00018__fab0000_comp02_ez.f32__c0040__dt-f32/chunk_0,1000000,2,ans shuffle=byte,primary,3.97919989,-1,5.03130121,4.81284189,1
fields/00018__plt00018__fab0000_comp02_ez.f32__c0056__dt-f32/chunk_0,1000000,2,ans shuffle=byte,primary,3.92761588,-1,5.03301582,4.76097388,1
fields/00018__plt00018__fab0000_comp02_ez.f32__c0032__dt-f32/chunk_0,1000000,2,ans shuffle=byte,primary,3.41347194,-1,1.13536316,7.10771194,1
fields/00019__plt00019__fab0000_comp02_ez.f32__c0016__dt-f32/chunk_0,1000000,2,ans shuffle=byte,primary,3.76700807,-1,5.03213422,4.60051207,1
fields/00019__plt00019__fab0000_comp02_ez.f32__c0000__dt-f32/chunk_0,1000000,2,ans shuffle=byte,primary,4.80838394,-1,5.03161506,5.64197394,1
fields/00019__plt00019__fab0000_comp02_ez.f32__c0048__dt-f32/chunk_0,1000000,2,ans shuffle=byte,primary,3.33823991,-1,5.032098,4.17174991,1
fields/00019__plt00019__fab0000_comp02_ez.f32__c0008__dt-f32/chunk_0,1000000,2,ans shuffle=byte,primary,2.1173439,-1,5.03273802,2.9507479,1
fields/00019__plt00019__fab0000_comp02_ez.f32__c0032__dt-f32/chunk_0,1000000,2,ans shuffle=byte,primary,4.38758421,-1,1.13580897,8.08037421,1
fields/00019__plt00019__fab0000_comp02_ez.f32__c0024__dt-f32/chunk_0,1000000,2,ans shuffle=byte,primary,4.63068819,-1,5.03057707,5.46445019,1
fields/00019__plt00019__fab0000_comp02_ez.f32__c0040__dt-f32/chunk_0,1000000,2,ans shuffle=byte,primary,1.89308798,-1,5.03130121,2.72672998,1
fields/00020__plt00020__fab0000_comp02_ez.f32__c0000__dt-f32/chunk_0,1000000,2,ans shuffle=byte,primary,4.56496,-1,5.03161506,5.39855,1
fields/00020__plt00020__fab0000_comp02_ez.f32__c0024__dt-f32/chunk_0,1000000,2,ans shuffle=byte,primary,4.02790403,-1,5.03057707,4.86166603,1
fields/00020__plt00020__fab0000_comp02_ez.f32__c0032__dt-f32/chunk_0,1000000,2,ans shuffle=byte,primary,2.98364806,-1,1.13604154,6.67568206,1
fields/00020__plt00020__fab0000_comp02_ez.f32__c0048__dt-f32/chunk_0,1000000,2,ans shuffle=byte,primary,3.06735992,-1,5.032098,3.90086992,1
fields/00020__plt00020__fab0000_comp02_ez.f32__c0008__dt-f32/chunk_0,1000000,2,ans shuffle=byte,primary,3.31967998,-1,5.03273802,4.15308398,1
fields/00019__plt00019__fab0000_comp02_ez.f32__c0056__dt-f32/chunk_0,1000000,2,ans shuffle=byte,primary,3.33449602,-1,5.03301582,4.16785402,1
fields/00020__plt00020__fab0000_comp02_ez.f32__c0016__dt-f32/chunk_0,1000000,2,ans shuffle=byte,primary,4.02771187,-1,5.03213422,4.86121587,1
fields/00020__plt00020__fab0000_comp02_ez.f32__c0040__dt-f32/chunk_0,1000000,2,ans shuffle=byte,primary,2.90419197,-1,5.03130121,3.73783397,1
fields/00020__plt00020__fab0000_comp02_ez.f32__c0056__dt-f32/chunk_0,1000000,2,ans shuffle=byte,primary,3.21711993,-1,5.03301582,4.05047793,1
fields/00021__plt00021__fab0000_comp02_ez.f32__c0008__dt-f32/chunk_0,1000000,2,ans shuffle=byte,primary,3.01360011,-1,5.03273802,3.84700411,1
fields/00021__plt00021__fab0000_comp02_ez.f32__c0024__dt-f32/chunk_0,1000000,2,ans shuffle=byte,primary,3.36707211,-1,5.03057707,4.20083411,1
fields/00021__plt00021__fab0000_comp02_ez.f32__c0016__dt-f32/chunk_0,1000000,2,ans shuffle=byte,primary,4.15113592,-1,5.03213422,4.98463992,1
fields/00021__plt00021__fab0000_comp02_ez.f32__c0000__dt-f32/chunk_0,1000000,2,ans shuffle=byte,primary,3.95868802,-1,5.03161506,4.79227802,1
fields/00021__plt00021__fab0000_comp02_ez.f32__c0040__dt-f32/chunk_0,1000000,2,ans shuffle=byte,primary,3.02118397,-1,5.03130121,3.85482597,1
fields/00021__plt00021__fab0000_comp02_ez.f32__c0032__dt-f32/chunk_0,1000000,2,ans shuffle=byte,primary,2.948704,-1,1.13622004,6.640158,1
fields/00021__plt00021__fab0000_comp02_ez.f32__c0056__dt-f32/chunk_0,1000000,2,ans shuffle=byte,primary,2.33033609,-1,5.03301582,3.16369409,1
fields/00022__plt00022__fab0000_comp02_ez.f32__c0000__dt-f32/chunk_0,1000000,2,ans shuffle=byte,primary,4.59344006,-1,5.03161506,5.42703006,1
fields/00022__plt00022__fab0000_comp02_ez.f32__c0008__dt-f32/chunk_0,1000000,2,ans shuffle=byte,primary,2.25753593,-1,5.03273802,3.09093993,1
fields/00021__plt00021__fab0000_comp02_ez.f32__c0048__dt-f32/chunk_0,1000000,2,ans shuffle=byte,primary,3.77839994,-1,5.032098,4.61190994,1
fields/00022__plt00022__fab0000_comp02_ez.f32__c0024__dt-f32/chunk_0,1000000,2,ans shuffle=byte,primary,1.80201602,-1,5.03057707,2.63577802,1
fields/00022__plt00022__fab0000_comp02_ez.f32__c0048__dt-f32/chunk_0,1000000,2,ans shuffle=byte,primary,3.151968,-1,5.032098,3.985478,1
fields/00022__plt00022__fab0000_comp02_ez.f32__c0016__dt-f32/chunk_0,1000000,2,ans shuffle=byte,primary,1.73231995,-1,5.03213422,2.56582395,1
fields/00022__plt00022__fab0000_comp02_ez.f32__c0056__dt-f32/chunk_0,1000000,2,ans shuffle=byte,primary,4.71817589,-1,5.03301582,5.55153389,1
fields/00022__plt00022__fab0000_comp02_ez.f32__c0032__dt-f32/chunk_0,1000000,2,ans shuffle=byte,primary,1.37318397,-1,1.13629391,5.06439797,1
fields/00022__plt00022__fab0000_comp02_ez.f32__c0040__dt-f32/chunk_0,1000000,2,ans shuffle=byte,primary,2.07862401,-1,5.03130121,2.91226601,1
fields/00023__plt00023__fab0000_comp02_ez.f32__c0016__dt-f32/chunk_0,1000000,2,ans shuffle=byte,primary,1.44233596,-1,5.03213422,2.27583996,1
fields/00023__plt00023__fab0000_comp02_ez.f32__c0000__dt-f32/chunk_0,1000000,2,ans shuffle=byte,primary,4.17727995,-1,5.03161506,5.01086995,1
fields/00023__plt00023__fab0000_comp02_ez.f32__c0008__dt-f32/chunk_0,1000000,2,ans shuffle=byte,primary,2.6726079,-1,5.03273802,3.5060119,1
fields/00023__plt00023__fab0000_comp02_ez.f32__c0024__dt-f32/chunk_0,1000000,2,ans shuffle=byte,primary,3.05728006,-1,5.03057707,3.89104206,1
fields/00023__plt00023__fab0000_comp02_ez.f32__c0040__dt-f32/chunk_0,1000000,2,ans shuffle=byte,primary,4.48992014,-1,5.03130121,5.32356214,1
fields/00023__plt00023__fab0000_comp02_ez.f32__c0032__dt-f32/chunk_0,1000000,2,ans shuffle=byte,primary,2.88473606,-1,1.13653962,6.57515206,1
fields/00023__plt00023__fab0000_comp02_ez.f32__c0048__dt-f32/chunk_0,1000000,2,ans shuffle=byte,primary,4.2923522,-1,5.032098,5.1258622,1
fields/00024__plt00024__fab0000_comp02_ez.f32__c0000__dt-f32/chunk_0,1000000,2,ans shuffle=byte,primary,4.11183977,-1,5.03161506,4.94542977,1
fields/00023__plt00023__fab0000_comp02_ez.f32__c0056__dt-f32/chunk_0,1000000,2,ans shuffle=byte,primary,2.90028811,-1,5.03301582,3.73364611,1
fields/00024__plt00024__fab0000_comp02_ez.f32__c0008__dt-f32/chunk_0,1000000,2,ans shuffle=byte,primary,4.5580802,-1,5.03273802,5.3914842,1
fields/00025__plt00025__fab0000_comp02_ez.f32__c0008__dt-f32/chunk_0,1000000,2,ans shuffle=byte,primary,2.70358396,-1,5.03273802,3.53698796,1
fields/00024__plt00024__fab0000_comp02_ez.f32__c0016__dt-f32/chunk_0,1000000,2,ans shuffle=byte,primary,2.96060801,-1,5.03213422,3.79411201,1
fields/00024__plt00024__fab0000_comp02_ez.f32__c0040__dt-f32/chunk_0,1000000,2,ans shuffle=byte,primary,2.02559996,-1,5.03130121,2.85924196,1
fields/00024__plt00024__fab0000_comp02_ez.f32__c0024__dt-f32/chunk_0,1000000,2,ans shuffle=byte,primary,2.02355194,-1,5.03057707,2.85731394,1
fields/00025__plt00025__fab0000_comp02_ez.f32__c0000__dt-f32/chunk_0,1000000,2,ans shuffle=byte,primary,4.21715212,-1,5.03161506,5.05074212,1
fields/00024__plt00024__fab0000_comp02_ez.f32__c0032__dt-f32/chunk_0,1000000,2,ans shuffle=byte,primary,4.23779202,-1,1.13657411,7.92809602,1
fields/00024__plt00024__fab0000_comp02_ez.f32__c0056__dt-f32/chunk_0,1000000,2,ans shuffle=byte,primary,4.20368004,-1,5.03301582,5.03703804,1
fields/00025__plt00025__fab0000_comp02_ez.f32__c0016__dt-f32/chunk_0,1000000,2,ans shuffle=byte,primary,3.08304,-1,5.03213422,3.916544,1
fields/00024__plt00024__fab0000_comp02_ez.f32__c0048__dt-f32/chunk_0,1000000,2,ans shuffle=byte,primary,2.69046402,-1,5.032098,3.52397402,1
fields/00025__plt00025__fab0000_comp02_ez.f32__c0024__dt-f32/chunk_0,1000000,2,ans shuffle=byte,primary,1.92003202,-1,5.03057707,2.75379402,1
fields/00025__plt00025__fab0000_comp02_ez.f32__c0040__dt-f32/chunk_0,1000000,2,ans shuffle=byte,primary,2.58172798,-1,5.03130121,3.41536998,1
fields/00025__plt00025__fab0000_comp02_ez.f32__c0048__dt-f32/chunk_0,1000000,2,ans shuffle=byte,primary,3.59024,-1,5.032098,4.42375,1
fields/00026__plt00026__fab0000_comp02_ez.f32__c0000__dt-f32/chunk_0,1000000,2,ans shuffle=byte,primary,2.93075204,-1,5.03161506,3.76434204,1
fields/00025__plt00025__fab0000_comp02_ez.f32__c0032__dt-f32/chunk_0,1000000,2,ans shuffle=byte,primary,3.57164788,-1,1.13676448,7.26133388,1
fields/00025__plt00025__fab0000_comp02_ez.f32__c0056__dt-f32/chunk_0,1000000,2,ans shuffle=byte,primary,3.83548808,-1,5.03301582,4.66884608,1
fields/00026__plt00026__fab0000_comp02_ez.f32__c0008__dt-f32/chunk_0,1000000,2,ans shuffle=byte,primary,2.46483207,-1,5.03273802,3.29823607,1
fields/00026__plt00026__fab0000_comp02_ez.f32__c0016__dt-f32/chunk_0,1000000,2,ans shuffle=byte,primary,2.64377594,-1,5.03213422,3.47727994,1
fields/00026__plt00026__fab0000_comp02_ez.f32__c0056__dt-f32/chunk_0,1000000,2,ans shuffle=byte,primary,4.13267183,-1,5.03301582,4.96602983,1
fields/00026__plt00026__fab0000_comp02_ez.f32__c0024__dt-f32/chunk_0,1000000,2,ans shuffle=byte,primary,2.6436801,-1,5.03057707,3.4774421,1
fields/00026__plt00026__fab0000_comp02_ez.f32__c0032__dt-f32/chunk_0,1000000,2,ans shuffle=byte,primary,4.03840017,-1,1.13703814,7.72719817,1
fields/00026__plt00026__fab0000_comp02_ez.f32__c0040__dt-f32/chunk_0,1000000,2,ans shuffle=byte,primary,4.12579203,-1,5.03130121,4.95943403,1
fields/00026__plt00026__fab0000_comp02_ez.f32__c0048__dt-f32/chunk_0,1000000,2,ans shuffle=byte,primary,4.14934397,-1,5.032098,4.98285397,1
fields/00027__plt00027__fab0000_comp02_ez.f32__c0008__dt-f32/chunk_0,1000000,2,ans shuffle=byte,primary,3.19670391,-1,5.03273802,4.03010791,1
fields/00027__plt00027__fab0000_comp02_ez.f32__c0016__dt-f32/chunk_0,1000000,2,ans shuffle=byte,primary,4.12876797,-1,5.03213422,4.96227197,1
fields/00027__plt00027__fab0000_comp02_ez.f32__c0000__dt-f32/chunk_0,1000000,2,ans shuffle=byte,primary,3.003232,-1,5.03161506,3.836822,1
fields/00027__plt00027__fab0000_comp02_ez.f32__c0048__dt-f32/chunk_0,1000000,2,ans shuffle=byte,primary,2.73798394,-1,5.032098,3.57149394,1
fields/00027__plt00027__fab0000_comp02_ez.f32__c0040__dt-f32/chunk_0,1000000,2,ans shuffle=byte,primary,3.00697589,-1,5.03130121,3.84061789,1
fields/00027__plt00027__fab0000_comp02_ez.f32__c0024__dt-f32/chunk_0,1000000,2,ans shuffle=byte,primary,3.44630408,-1,5.03057707,4.28006608,1
fields/00027__plt00027__fab0000_comp02_ez.f32__c0032__dt-f32/chunk_0,1000000,2,ans shuffle=byte,primary,2.71600008,-1,1.13759941,6.40297808,1
fields/00027__plt00027__fab0000_comp02_ez.f32__c0056__dt-f32/chunk_0,1000000,2,ans shuffle=byte,primary,2.7574079,-1,5.03301582,3.5907659,1
fields/00028__plt00028__fab0000_comp02_ez.f32__c0000__dt-f32/chunk_0,1000000,2,ans shuffle=byte,primary,2.83731198,-1,5.03161506,3.67090198,1
fields/00028__plt00028__fab0000_comp02_ez.f32__c0024__dt-f32/chunk_0,1000000,2,ans shuffle=byte,primary,3.53414392,-1,5.03057707,4.36790592,1
fields/00028__plt00028__fab0000_comp02_ez.f32__c0008__dt-f32/chunk_0,1000000,2,ans shuffle=byte,primary,4.04956818,-1,5.03273802,4.88297218,1
fields/00028__plt00028__fab0000_comp02_ez.f32__c0016__dt-f32/chunk_0,1000000,2,ans shuffle=byte,primary,4.75395203,-1,5.03213422,5.58745603,1
fields/00028__plt00028__fab0000_comp02_ez.f32__c0040__dt-f32/chunk_0,1000000,2,ans shuffle=byte,primary,1.98636794,-1,5.03130121,2.82000994,1
fields/00028__plt00028__fab0000_comp02_ez.f32__c0032__dt-f32/chunk_0,1000000,2,ans shuffle=byte,primary,3.68326402,-1,1.13818904,7.36833202,1
fields/00028__plt00028__fab0000_comp02_ez.f32__c0056__dt-f32/chunk_0,1000000,2,ans shuffle=byte,primary,2.05027199,-1,5.03301582,2.88362999,1
fields/00029__plt00029__fab0000_comp02_ez.f32__c0000__dt-f32/chunk_0,1000000,2,ans shuffle=byte,primary,1.881984,-1,5.03161506,2.715574,1
fields/00028__plt00028__fab0000_comp02_ez.f32__c0048__dt-f32/chunk_0,1000000,2,ans shuffle=byte,primary,4.5636158,-1,5.032098,5.3971258,1
fields/00029__plt00029__fab0000_comp02_ez.f32__c0008__dt-f32/chunk_0,1000000,2,ans shuffle=byte,primary,4.43862391,-1,5.03273802,5.27202791,1
fields/00029__plt00029__fab0000_comp02_ez.f32__c0016__dt-f32/chunk_0,1000000,2,ans shuffle=byte,primary,0.752864003,-1,5.03213422,1.586368,1
fields/00029__plt00029__fab0000_comp02_ez.f32__c0032__dt-f32/chunk_0,1000000,2,ans shuffle=byte,primary,1.51561606,-1,1.13871373,5.19898606,1
fields/00029__plt00029__fab0000_comp02_ez.f32__c0024__dt-f32/chunk_0,1000000,2,ans shuffle=byte,primary,2.00691199,-1,5.03057707,2.84067399,1
fields/00029__plt00029__fab0000_comp02_ez.f32__c0040__dt-f32/chunk_0,1000000,2,ans shuffle=byte,primary,3.75024009,-1,5.03130121,4.58388209,1
fields/00030__plt00030__fab0000_comp02_ez.f32__c0000__dt-f32/chunk_0,1000000,2,ans shuffle=byte,primary,3.56198406,-1,5.03161506,4.39557406,1
fields/00029__plt00029__fab0000_comp02_ez.f32__c0048__dt-f32/chunk_0,1000000,2,ans shuffle=byte,primary,4.18182421,-1,5.032098,5.01533421,1
fields/00030__plt00030__fab0000_comp02_ez.f32__c0024__dt-f32/chunk_0,1000000,2,ans shuffle=byte,primary,4.25583982,-1,5.03057707,5.08960182,1
fields/00029__plt00029__fab0000_comp02_ez.f32__c0056__dt-f32/chunk_0,1000000,2,ans shuffle=byte,primary,4.36086416,-1,5.03301582,5.19422216,1
fields/00030__plt00030__fab0000_comp02_ez.f32__c0008__dt-f32/chunk_0,1000000,2,ans shuffle=byte,primary,3.63692808,-1,5.03273802,4.47033208,1
fields/00030__plt00030__fab0000_comp02_ez.f32__c0016__dt-f32/chunk_0,1000000,2,ans shuffle=byte,primary,3.58143997,-1,5.03213422,4.41494397,1
fields/00030__plt00030__fab0000_comp02_ez.f32__c0048__dt-f32/chunk_0,1000000,2,ans shuffle=byte,primary,2.20627189,-1,5.032098,3.03978189,1
fields/00030__plt00030__fab0000_comp02_ez.f32__c0056__dt-f32/chunk_0,1000000,2,ans shuffle=byte,primary,2.49526405,-1,5.03301582,3.32862205,1
fields/00030__plt00030__fab0000_comp02_ez.f32__c0032__dt-f32/chunk_0,1000000,2,ans shuffle=byte,primary,3.93004799,-1,1.13941346,7.61115599,1
fields/00030__plt00030__fab0000_comp02_ez.f32__c0040__dt-f32/chunk_0,1000000,2,ans shuffle=byte,primary,2.4780159,-1,5.03130121,3.3116579,1
fields/00031__plt00031__fab0000_comp02_ez.f32__c0016__dt-f32/chunk_0,1000000,2,ans shuffle=byte,primary,4.07548809,-1,5.03213422,4.90899209,1
fields/00031__plt00031__fab0000_comp02_ez.f32__c0008__dt-f32/chunk_0,1000000,2,ans shuffle=byte,primary,2.52444792,-1,5.03273802,3.35785192,1
fields/00031__plt00031__fab0000_comp02_ez.f32__c0000__dt-f32/chunk_0,1000000,2,ans shuffle=byte,primary,3.58243203,-1,5.03161506,4.41602203,1
fields/00031__plt00031__fab0000_comp02_ez.f32__c0024__dt-f32/chunk_0,1000000,2,ans shuffle=byte,primary,3.03846407,-1,5.03057707,3.87222607,1
fields/00031__plt00031__fab0000_comp02_ez.f32__c0032__dt-f32/chunk_0,1000000,2,ans shuffle=byte,primary,2.74521589,-1,1.14019835,6.42378989,1
fields/00032__plt00032__fab0000_comp02_ez.f32__c0008__dt-f32/chunk_0,1000000,2,ans shuffle=byte,primary,4.09590387,-1,5.03273802,4.92930787,1
fields/00031__plt00031__fab0000_comp02_ez.f32__c0056__dt-f32/chunk_0,1000000,2,ans shuffle=byte,primary,1.79366398,-1,5.03301582,2.62702198,1
fields/00032__plt00032__fab0000_comp02_ez.f32__c0024__dt-f32/chunk_0,1000000,2,ans shuffle=byte,primary,4.74681616,-1,5.03057707,5.58057816,1
fields/00031__plt00031__fab0000_comp02_ez.f32__c0040__dt-f32/chunk_0,1000000,2,ans shuffle=byte,primary,1.81145597,-1,5.03130121,2.64509797,1
fields/00031__plt00031__fab0000_comp02_ez.f32__c0048__dt-f32/chunk_0,1000000,2,ans shuffle=byte,primary,3.25366402,-1,5.032098,4.08717402,1
fields/00032__plt00032__fab0000_comp02_ez.f32__c0000__dt-f32/chunk_0,1000000,2,ans shuffle=byte,primary,4.16678381,-1,5.03161506,5.00037381,1
fields/00032__plt00032__fab0000_comp02_ez.f32__c0016__dt-f32/chunk_0,1000000,2,ans shuffle=byte,primary,4.09187222,-1,5.03213422,4.92537622,1
fields/00032__plt00032__fab0000_comp02_ez.f32__c0040__dt-f32/chunk_0,1000000,2,ans shuffle=byte,primary,2.0722239,-1,5.03130121,2.9058659,1
fields/00032__plt00032__fab0000_comp02_ez.f32__c0048__dt-f32/chunk_0,1000000,2,ans shuffle=byte,primary,1.94595206,-1,5.032098,2.77946206,1
fields/00033__plt00033__fab0000_comp02_ez.f32__c0000__dt-f32/chunk_0,1000000,2,ans shuffle=byte,primary,2.563936,-1,5.03161506,3.397526,1
fields/00032__plt00032__fab0000_comp02_ez.f32__c0032__dt-f32/chunk_0,1000000,2,ans shuffle=byte,primary,2.07372808,-1,1.14087818,5.75011008,1
fields/00033__plt00033__fab0000_comp02_ez.f32__c0016__dt-f32/chunk_0,1000000,2,ans shuffle=byte,primary,4.20662403,-1,5.03213422,5.04012803,1
fields/00033__plt00033__fab0000_comp02_ez.f32__c0032__dt-f32/chunk_0,1000000,2,ans shuffle=byte,primary,4.144032,-1,1.14170176,7.817762,1
fields/00032__plt00032__fab0000_comp02_ez.f32__c0056__dt-f32/chunk_0,1000000,2,ans shuffle=byte,primary,1.82265604,-1,5.03301582,2.65601404,1
fields/00033__plt00033__fab0000_comp02_ez.f32__c0024__dt-f32/chunk_0,1000000,2,ans shuffle=byte,primary,4.75436783,-1,5.03057707,5.58812983,1
fields/00033__plt00033__fab0000_comp02_ez.f32__c0008__dt-f32/chunk_0,1000000,2,ans shuffle=byte,primary,4.92553616,-1,5.03273802,5.75894016,1
fields/00033__plt00033__fab0000_comp02_ez.f32__c0056__dt-f32/chunk_0,1000000,2,ans shuffle=byte,primary,2.70588803,-1,5.03301582,3.53924603,1
fields/00033__plt00033__fab0000_comp02_ez.f32__c0040__dt-f32/chunk_0,1000000,2,ans shuffle=byte,primary,3.68902397,-1,5.03130121,4.52266597,1
fields/00033__plt00033__fab0000_comp02_ez.f32__c0048__dt-f32/chunk_0,1000000,2,ans shuffle=byte,primary,2.68649602,-1,5.032098,3.52000602,1
fields/00034__plt00034__fab0000_comp02_ez.f32__c0040__dt-f32/chunk_0,1000000,2,ans shuffle=byte,primary,3.76406407,-1,5.03130121,4.59770607,1
fields/00034__plt00034__fab0000_comp02_ez.f32__c0000__dt-f32/chunk_0,1000000,2,ans shuffle=byte,primary,4.0542078,-1,5.03161506,4.8877978,1
fields/00034__plt00034__fab0000_comp02_ez.f32__c0016__dt-f32/chunk_0,1000000,2,ans shuffle=byte,primary,3.06201601,-1,5.03213422,3.89552001,1
fields/00034__plt00034__fab0000_comp02_ez.f32__c0008__dt-f32/chunk_0,1000000,2,ans shuffle=byte,primary,3.04953599,-1,5.03273802,3.88293999,1
fields/00034__plt00034__fab0000_comp02_ez.f32__c0048__dt-f32/chunk_0,1000000,2,ans shuffle=byte,primary,2.10454392,-1,5.032098,2.93805392,1
fields/00034__plt00034__fab0000_comp02_ez.f32__c0024__dt-f32/chunk_0,1000000,2,ans shuffle=byte,primary,2.21641588,-1,5.03057707,3.05017788,1
fields/00034__plt00034__fab0000_comp02_ez.f32__c0032__dt-f32/chunk_0,1000000,2,ans shuffle=byte,primary,2.22643209,-1,1.14235102,5.89807409,1
fields/00034__plt00034__fab0000_comp02_ez.f32__c0056__dt-f32/chunk_0,1000000,2,ans shuffle=byte,primary,0.732576013,-1,5.03301582,1.56593401,1
fields/00035__plt00035__fab0000_comp02_ez.f32__c0000__dt-f32/chunk_0,1000000,2,ans shuffle=byte,primary,4.95567989,-1,5.03161506,5.78926989,1
fields/00035__plt00035__fab0000_comp02_ez.f32__c0008__dt-f32/chunk_0,1000000,2,ans shuffle=byte,primary,4.55203199,-1,5.03273802,5.38543599,1
fields/00035__plt00035__fab0000_comp02_ez.f32__c0016__dt-f32/chunk_0,1000000,2,ans shuffle=byte,primary,4.0112958,-1,5.03213422,4.8447998,1
fields/00035__plt00035__fab0000_comp02_ez.f32__c0024__dt-f32/chunk_0,1000000,2,ans shuffle=byte,primary,4.03929615,-1,5.03057707,4.87305815,1
fields/00035__plt00035__fab0000_comp02_ez.f32__c0056__dt-f32/chunk_0,1000000,2,ans shuffle=byte,primary,4.33593607,-1,5.03301582,5.16929407,1
fields/00035__plt00035__fab0000_comp02_ez.f32__c0040__dt-f32/chunk_0,1000000,2,ans shuffle=byte,primary,4.15097618,-1,5.03130121,4.98461818,1
fields/00036__plt00036__fab0000_comp02_ez.f32__c0024__dt-f32/chunk_0,1000000,2,ans shuffle=byte,primary,4.6884799,-1,5.03057707,5.5222419,1
fields/00035__plt00035__fab0000_comp02_ez.f32__c0032__dt-f32/chunk_0,1000000,2,ans shuffle=byte,primary,4.13593578,-1,1.14286462,7.80592778,1
fields/00035__plt00035__fab0000_comp02_ez.f32__c0048__dt-f32/chunk_0,1000000,2,ans shuffle=byte,primary,3.41759992,-1,5.032098,4.25110992,1
fields/00036__plt00036__fab0000_comp02_ez.f32__c0008__dt-f32/chunk_0,1000000,2,ans shuffle=byte,primary,3.45478392,-1,5.03273802,4.28818792,1
fields/00036__plt00036__fab0000_comp02_ez.f32__c0000__dt-f32/chunk_0,1000000,2,ans shuffle=byte,primary,3.77097607,-1,5.03161506,4.60456607,1
fields/00036__plt00036__fab0000_comp02_ez.f32__c0016__dt-f32/chunk_0,1000000,2,ans shuffle=byte,primary,3.76556802,-1,5.03213422,4.59907202,1
fields/00037__plt00037__fab0000_comp02_ez.f32__c0000__dt-f32/chunk_0,1000000,2,ans shuffle=byte,primary,2.33372808,-1,5.03161506,3.16731808,1
fields/00036__plt00036__fab0000_comp02_ez.f32__c0032__dt-f32/chunk_0,1000000,2,ans shuffle=byte,primary,2.98022389,-1,1.14341233,6.64845789,1
fields/00036__plt00036__fab0000_comp02_ez.f32__c0040__dt-f32/chunk_0,1000000,2,ans shuffle=byte,primary,3.65247989,-1,5.03130121,4.48612189,1
fields/00036__plt00036__fab0000_comp02_ez.f32__c0048__dt-f32/chunk_0,1000000,2,ans shuffle=byte,primary,4.56175995,-1,5.032098,5.39526995,1
fields/00037__plt00037__fab0000_comp02_ez.f32__c0016__dt-f32/chunk_0,1000000,2,ans shuffle=byte,primary,2.7769599,-1,5.03213422,3.6104639,1
fields/00036__plt00036__fab0000_comp02_ez.f32__c0056__dt-f32/chunk_0,1000000,2,ans shuffle=byte,primary,3.52409601,-1,5.03301582,4.35745401,1
fields/00037__plt00037__fab0000_comp02_ez.f32__c0008__dt-f32/chunk_0,1000000,2,ans shuffle=byte,primary,1.27235198,-1,5.03273802,2.10575598,1
fields/00037__plt00037__fab0000_comp02_ez.f32__c0040__dt-f32/chunk_0,1000000,2,ans shuffle=byte,primary,4.5004158,-1,5.03130121,5.3340578,1
fields/00037__plt00037__fab0000_comp02_ez.f32__c0024__dt-f32/chunk_0,1000000,2,ans shuffle=byte,primary,1.77891195,-1,5.03057707,2.61267395,1
fields/00038__plt00038__fab0000_comp02_ez.f32__c0016__dt-f32/chunk_0,1000000,2,ans shuffle=byte,primary,4.10291195,-1,5.03213422,4.93641595,1
fields/00037__plt00037__fab0000_comp02_ez.f32__c0032__dt-f32/chunk_0,1000000,2,ans shuffle=byte,primary,3.62950397,-1,1.14379399,7.29651397,1
fields/00037__plt00037__fab0000_comp02_ez.f32__c0048__dt-f32/chunk_0,1000000,2,ans shuffle=byte,primary,4.3311038,-1,5.032098,5.1646138,1
fields/00037__plt00037__fab0000_comp02_ez.f32__c0056__dt-f32/chunk_0,1000000,2,ans shuffle=byte,primary,3.77715206,-1,5.03301582,4.61051006,1
fields/00038__plt00038__fab0000_comp02_ez.f32__c0000__dt-f32/chunk_0,1000000,2,ans shuffle=byte,primary,3.76406407,-1,5.03161506,4.59765407,1
fields/00038__plt00038__fab0000_comp02_ez.f32__c0008__dt-f32/chunk_0,1000000,2,ans shuffle=byte,primary,4.58105612,-1,5.03273802,5.41446012,1
fields/00038__plt00038__fab0000_comp02_ez.f32__c0024__dt-f32/chunk_0,1000000,2,ans shuffle=byte,primary,2.87558389,-1,5.03057707,3.70934589,1
fields/00038__plt00038__fab0000_comp02_ez.f32__c0048__dt-f32/chunk_0,1000000,2,ans shuffle=byte,primary,3.88636804,-1,5.032098,4.71987804,1
fields/00038__plt00038__fab0000_comp02_ez.f32__c0032__dt-f32/chunk_0,1000000,2,ans shuffle=byte,primary,3.7809279,-1,1.14433885,7.4461919,1
fields/00039__plt00039__fab0000_comp02_ez.f32__c0000__dt-f32/chunk_0,1000000,2,ans shuffle=byte,primary,3.55350399,-1,5.03161506,4.38709399,1
fields/00038__plt00038__fab0000_comp02_ez.f32__c0040__dt-f32/chunk_0,1000000,2,ans shuffle=byte,primary,3.51360011,-1,5.03130121,4.34724211,1
fields/00038__plt00038__fab0000_comp02_ez.f32__c0056__dt-f32/chunk_0,1000000,2,ans shuffle=byte,primary,3.59247994,-1,5.03301582,4.42583794,1
fields/00039__plt00039__fab0000_comp02_ez.f32__c0008__dt-f32/chunk_0,1000000,2,ans shuffle=byte,primary,3.15619206,-1,5.03273802,3.98959606,1
fields/00039__plt00039__fab0000_comp02_ez.f32__c0016__dt-f32/chunk_0,1000000,2,ans shuffle=byte,primary,3.10966396,-1,5.03213422,3.94316796,1
fields/00039__plt00039__fab0000_comp02_ez.f32__c0024__dt-f32/chunk_0,1000000,2,ans shuffle=byte,primary,3.92560005,-1,5.03057707,4.75936205,1
fields/00039__plt00039__fab0000_comp02_ez.f32__c0032__dt-f32/chunk_0,1000000,2,ans shuffle=byte,primary,2.84630394,-1,1.14474362,6.51027194,1
fields/00040__plt00040__fab0000_comp02_ez.f32__c0008__dt-f32/chunk_0,1000000,2,ans shuffle=byte,primary,3.41244793,-1,5.03273802,4.24585193,1
fields/00039__plt00039__fab0000_comp02_ez.f32__c0040__dt-f32/chunk_0,1000000,2,ans shuffle=byte,primary,3.26172805,-1,5.03130121,4.09537005,1
fields/00039__plt00039__fab0000_comp02_ez.f32__c0048__dt-f32/chunk_0,1000000,2,ans shuffle=byte,primary,4.33324814,-1,5.032098,5.16675814,1
fields/00039__plt00039__fab0000_comp02_ez.f32__c0056__dt-f32/chunk_0,1000000,2,ans shuffle=byte,primary,3.40172791,-1,5.03301582,4.23508591,1
fields/00040__plt00040__fab0000_comp02_ez.f32__c0000__dt-f32/chunk_0,1000000,2,ans shuffle=byte,primary,2.84470391,-1,5.03161506,3.67829391,1
fields/00040__plt00040__fab0000_comp02_ez.f32__c0024__dt-f32/chunk_0,1000000,2,ans shuffle=byte,primary,1.27919996,-1,5.03057707,2.11296196,1
fields/00040__plt00040__fab0000_comp02_ez.f32__c0032__dt-f32/chunk_0,1000000,2,ans shuffle=byte,primary,2.66271996,-1,1.14527438,6.32498996,1
fields/00040__plt00040__fab0000_comp02_ez.f32__c0016__dt-f32/chunk_0,1000000,2,ans shuffle=byte,primary,2.66182399,-1,5.03213422,3.49532799,1
fields/00040__plt00040__fab0000_comp02_ez.f32__c0040__dt-f32/chunk_0,1000000,2,ans shuffle=byte,primary,4.25382423,-1,5.03130121,5.08746623,1
fields/00041__plt00041__fab0000_comp02_ez.f32__c0000__dt-f32/chunk_0,1000000,2,ans shuffle=byte,primary,2.08044791,-1,5.03161506,2.91403791,1
fields/00040__plt00040__fab0000_comp02_ez.f32__c0048__dt-f32/chunk_0,1000000,2,ans shuffle=byte,primary,4.92630386,-1,5.032098,5.75981386,1
fields/00040__plt00040__fab0000_comp02_ez.f32__c0056__dt-f32/chunk_0,1000000,2,ans shuffle=byte,primary,2.2212801,-1,5.03301582,3.0546381,1
fields/00041__plt00041__fab0000_comp02_ez.f32__c0008__dt-f32/chunk_0,1000000,2,ans shuffle=byte,primary,1.53068805,-1,5.03273802,2.36409205,1
fields/00041__plt00041__fab0000_comp02_ez.f32__c0032__dt-f32/chunk_0,1000000,2,ans shuffle=byte,primary,4.81232023,-1,1.14564852,8.47339423,1
fields/00041__plt00041__fab0000_comp02_ez.f32__c0016__dt-f32/chunk_0,1000000,2,ans shuffle=byte,primary,1.50633597,-1,5.03213422,2.33983997,1
fields/00041__plt00041__fab0000_comp02_ez.f32__c0024__dt-f32/chunk_0,1000000,2,ans shuffle=byte,primary,2.61062407,-1,5.03057707,3.44438607,1
fields/00041__plt00041__fab0000_comp02_ez.f32__c0048__dt-f32/chunk_0,1000000,2,ans shuffle=byte,primary,4.50076818,-1,5.032098,5.33427818,1
fields/00041__plt00041__fab0000_comp02_ez.f32__c0040__dt-f32/chunk_0,1000000,2,ans shuffle=byte,primary,4.6800642,-1,5.03130121,5.5137062,1
fields/00042__plt00042__fab0000_comp02_ez.f32__c0000__dt-f32/chunk_0,1000000,2,ans shuffle=byte,primary,3.29212809,-1,5.03161506,4.12571809,1
fields/00042__plt00042__fab0000_comp02_ez.f32__c0008__dt-f32/chunk_0,1000000,2,ans shuffle=byte,primary,3.79676795,-1,5.03273802,4.63017195,1
fields/00042__plt00042__fab0000_comp02_ez.f32__c0016__dt-f32/chunk_0,1000000,2,ans shuffle=byte,primary,3.71622396,-1,5.03213422,4.54972796,1
fields/00041__plt00041__fab0000_comp02_ez.f32__c0056__dt-f32/chunk_0,1000000,2,ans shuffle=byte,primary,3.22220802,-1,5.03301582,4.05556602,1
fields/00042__plt00042__fab0000_comp02_ez.f32__c0024__dt-f32/chunk_0,1000000,2,ans shuffle=byte,primary,3.75891209,-1,5.03057707,4.59267409,1
fields/00042__plt00042__fab0000_comp02_ez.f32__c0032__dt-f32/chunk_0,1000000,2,ans shuffle=byte,primary,2.36662412,-1,1.14621582,6.02588612,1
fields/00042__plt00042__fab0000_comp02_ez.f32__c0040__dt-f32/chunk_0,1000000,2,ans shuffle=byte,primary,2.34947205,-1,5.03130121,3.18311405,1
fields/00042__plt00042__fab0000_comp02_ez.f32__c0048__dt-f32/chunk_0,1000000,2,ans shuffle=byte,primary,2.21769595,-1,5.032098,3.05120595,1
fields/00042__plt00042__fab0000_comp02_ez.f32__c0056__dt-f32/chunk_0,1000000,2,ans shuffle=byte,primary,3.16454411,-1,5.03301582,3.99790211,1
fields/00043__plt00043__fab0000_comp02_ez.f32__c0000__dt-f32/chunk_0,1000000,2,ans shuffle=byte,primary,3.94710398,-1,5.03161506,4.78069398,1
fields/00043__plt00043__fab0000_comp02_ez.f32__c0024__dt-f32/chunk_0,1000000,2,ans shuffle=byte,primary,0.884512007,-1,5.03057707,1.71827401,1
fields/00043__plt00043__fab0000_comp02_ez.f32__c0008__dt-f32/chunk_0,1000000,2,ans shuffle=byte,primary,3.95779204,-1,5.03273802,4.79119604,1
fields/00043__plt00043__fab0000_comp02_ez.f32__c0016__dt-f32/chunk_0,1000000,2,ans shuffle=byte,primary,0.743103981,-1,5.03213422,1.57660798,1
fields/00043__plt00043__fab0000_comp02_ez.f32__c0032__dt-f32/chunk_0,1000000,2,ans shuffle=byte,primary,0.864351988,-1,1.14658431,4.52243799,1
fields/00043__plt00043__fab0000_comp02_ez.f32__c0048__dt-f32/chunk_0,1000000,2,ans shuffle=byte,primary,3.79158401,-1,5.032098,4.62509401,1
fields/00044__plt00044__fab0000_comp02_ez.f32__c0000__dt-f32/chunk_0,1000000,2,ans shuffle=byte,primary,3.44022393,-1,5.03161506,4.27381393,1
fields/00043__plt00043__fab0000_comp02_ez.f32__c0056__dt-f32/chunk_0,1000000,2,ans shuffle=byte,primary,4.25190401,-1,5.03301582,5.08526201,1
fields/00043__plt00043__fab0000_comp02_ez.f32__c0040__dt-f32/chunk_0,1000000,2,ans shuffle=byte,primary,3.74668789,-1,5.03130121,4.58032989,1
fields/00044__plt00044__fab0000_comp02_ez.f32__c0008__dt-f32/chunk_0,1000000,2,ans shuffle=byte,primary,1.98668802,-1,5.03273802,2.82009202,1
fields/00044__plt00044__fab0000_comp02_ez.f32__c0048__dt-f32/chunk_0,1000000,2,ans shuffle=byte,primary,3.50083208,-1,5.032098,4.33434208,1
fields/00044__plt00044__fab0000_comp02_ez.f32__c0016__dt-f32/chunk_0,1000000,2,ans shuffle=byte,primary,3.4989121,-1,5.03213422,4.3324161,1
fields/00044__plt00044__fab0000_comp02_ez.f32__c0032__dt-f32/chunk_0,1000000,2,ans shuffle=byte,primary,2.29097605,-1,1.14709356,5.94743805,1
fields/00044__plt00044__fab0000_comp02_ez.f32__c0024__dt-f32/chunk_0,1000000,2,ans shuffle=byte,primary,3.45196795,-1,5.03057707,4.28572995,1
fields/00045__plt00045__fab0000_comp02_ez.f32__c0000__dt-f32/chunk_0,1000000,2,ans shuffle=byte,primary,2.90268803,-1,5.03161506,3.73627803,1
fields/00044__plt00044__fab0000_comp02_ez.f32__c0040__dt-f32/chunk_0,1000000,2,ans shuffle=byte,primary,2.32979202,-1,5.03130121,3.16343402,1
fields/00044__plt00044__fab0000_comp02_ez.f32__c0056__dt-f32/chunk_0,1000000,2,ans shuffle=byte,primary,3.3545599,-1,5.03301582,4.1879179,1
fields/00045__plt00045__fab0000_comp02_ez.f32__c0008__dt-f32/chunk_0,1000000,2,ans shuffle=byte,primary,4.41328001,-1,5.03273802,5.24668401,1
fields/00045__plt00045__fab0000_comp02_ez.f32__c0040__dt-f32/chunk_0,1000000,2,ans shuffle=byte,primary,3.9158721,-1,5.03130121,4.7495141,1
fields/00045__plt00045__fab0000_comp02_ez.f32__c0048__dt-f32/chunk_0,1000000,2,ans shuffle=byte,primary,1.94879997,-1,5.032098,2.78230997,1
fields/00045__plt00045__fab0000_comp02_ez.f32__c0016__dt-f32/chunk_0,1000000,2,ans shuffle=byte,primary,4.4087038,-1,5.03213422,5.2422078,1
fields/00046__plt00046__fab0000_comp02_ez.f32__c0000__dt-f32/chunk_0,1000000,2,ans shuffle=byte,primary,3.01292801,-1,5.03161506,3.84651801,1
fields/00045__plt00045__fab0000_comp02_ez.f32__c0056__dt-f32/chunk_0,1000000,2,ans shuffle=byte,primary,1.94700801,-1,5.03301582,2.78036601,1
fields/00045__plt00045__fab0000_comp02_ez.f32__c0024__dt-f32/chunk_0,1000000,2,ans shuffle=byte,primary,3.36019206,-1,5.03057707,4.19395406,1
fields/00045__plt00045__fab0000_comp02_ez.f32__c0032__dt-f32/chunk_0,1000000,2,ans shuffle=byte,primary,4.5509758,-1,1.14761833,8.2057658,1
fields/00046__plt00046__fab0000_comp02_ez.f32__c0008__dt-f32/chunk_0,1000000,2,ans shuffle=byte,primary,2.95679998,-1,5.03273802,3.79020398,1
fields/00046__plt00046__fab0000_comp02_ez.f32__c0016__dt-f32/chunk_0,1000000,2,ans shuffle=byte,primary,3.55615997,-1,5.03213422,4.38966397,1
fields/00046__plt00046__fab0000_comp02_ez.f32__c0024__dt-f32/chunk_0,1000000,2,ans shuffle=byte,primary,4.74617577,-1,5.03057707,5.57993777,1
fields/00046__plt00046__fab0000_comp02_ez.f32__c0056__dt-f32/chunk_0,1000000,2,ans shuffle=byte,primary,3.84297609,-1,5.03301582,4.67633409,1
fields/00046__plt00046__fab0000_comp02_ez.f32__c0032__dt-f32/chunk_0,1000000,2,ans shuffle=byte,primary,2.10566401,-1,1.14811593,5.75887001,1
fields/00046__plt00046__fab0000_comp02_ez.f32__c0048__dt-f32/chunk_0,1000000,2,ans shuffle=byte,primary,3.98451209,-1,5.032098,4.81802209,1
fields/00047__plt00047__fab0000_comp02_ez.f32__c0016__dt-f32/chunk_0,1000000,2,ans shuffle=byte,primary,4.56918383,-1,5.03213422,5.40268783,1
fields/00046__plt00046__fab0000_comp02_ez.f32__c0040__dt-f32/chunk_0,1000000,2,ans shuffle=byte,primary,3.72105598,-1,5.03130121,4.55469798,1
fields/00047__plt00047__fab0000_comp02_ez.f32__c0000__dt-f32/chunk_0,1000000,2,ans shuffle=byte,primary,4.02697611,-1,5.03161506,4.86056611,1
fields/00047__plt00047__fab0000_comp02_ez.f32__c0008__dt-f32/chunk_0,1000000,2,ans shuffle=byte,primary,2.82953596,-1,5.03273802,3.66293996,1
fields/00047__plt00047__fab0000_comp02_ez.f32__c0032__dt-f32/chunk_0,1000000,2,ans shuffle=byte,primary,1.90124798,-1,1.14867687,5.55266998,1
fields/00047__plt00047__fab0000_comp02_ez.f32__c0024__dt-f32/chunk_0,1000000,2,ans shuffle=byte,primary,3.988096,-1,5.03057707,4.821858,1
fields/00047__plt00047__fab0000_comp02_ez.f32__c0040__dt-f32/chunk_0,1000000,2,ans shuffle=byte,primary,4.36275196,-1,5.03130121,5.19639396,1
fields/00048__plt00048__fab0000_comp02_ez.f32__c0000__dt-f32/chunk_0,1000000,2,ans shuffle=byte,primary,3.7105279,-1,5.03161506,4.5441179,1
fields/00048__plt00048__fab0000_comp02_ez.f32__c0008__dt-f32/chunk_0,1000000,2,ans shuffle=byte,primary,4.52252817,-1,5.03273802,5.35593217,1
fields/00047__plt00047__fab0000_comp02_ez.f32__c0048__dt-f32/chunk_0,1000000,2,ans shuffle=byte,primary,5.06608009,-1,5.032098,5.89959009,1
fields/00048__plt00048__fab0000_comp02_ez.f32__c0024__dt-f32/chunk_0,1000000,2,ans shuffle=byte,primary,4.75827217,-1,5.03057707,5.59203417,1
fields/00047__plt00047__fab0000_comp02_ez.f32__c0056__dt-f32/chunk_0,1000000,2,ans shuffle=byte,primary,5.04169607,-1,5.03301582,5.87505407,1
fields/00048__plt00048__fab0000_comp02_ez.f32__c0040__dt-f32/chunk_0,1000000,2,ans shuffle=byte,primary,4.1664319,-1,5.03130121,5.0000739,1
fields/00048__plt00048__fab0000_comp02_ez.f32__c0048__dt-f32/chunk_0,1000000,2,ans shuffle=byte,primary,4.21366405,-1,5.032098,5.04717405,1
fields/00048__plt00048__fab0000_comp02_ez.f32__c0016__dt-f32/chunk_0,1000000,2,ans shuffle=byte,primary,2.85958409,-1,5.03213422,3.69308809,1
fields/00048__plt00048__fab0000_comp02_ez.f32__c0032__dt-f32/chunk_0,1000000,2,ans shuffle=byte,primary,4.01327991,-1,1.14908975,7.66338991,1
fields/00048__plt00048__fab0000_comp02_ez.f32__c0056__dt-f32/chunk_0,1000000,2,ans shuffle=byte,primary,2.16483212,-1,5.03301582,2.99819012,1
fields/00049__plt00049__fab0000_comp02_ez.f32__c0000__dt-f32/chunk_0,1000000,2,ans shuffle=byte,primary,2.14307189,-1,5.03161506,2.97666189,1
fields/00049__plt00049__fab0000_comp02_ez.f32__c0008__dt-f32/chunk_0,1000000,2,ans shuffle=byte,primary,4.28329611,-1,5.03273802,5.11670011,1
fields/00049__plt00049__fab0000_comp02_ez.f32__c0024__dt-f32/chunk_0,1000000,2,ans shuffle=byte,primary,3.91872001,-1,5.03057707,4.75248201,1
fields/00049__plt00049__fab0000_comp02_ez.f32__c0056__dt-f32/chunk_0,1000000,2,ans shuffle=byte,primary,3.68495989,-1,5.03301582,4.51831789,1
fields/00049__plt00049__fab0000_comp02_ez.f32__c0016__dt-f32/chunk_0,1000000,2,ans shuffle=byte,primary,4.29913616,-1,5.03213422,5.13264016,1
fields/00050__plt00050__fab0000_comp02_ez.f32__c0000__dt-f32/chunk_0,1000000,2,ans shuffle=byte,primary,2.46396804,-1,5.03161506,3.29755804,1
fields/00049__plt00049__fab0000_comp02_ez.f32__c0032__dt-f32/chunk_0,1000000,2,ans shuffle=byte,primary,3.26927996,-1,1.14956594,6.91787796,1
fields/00049__plt00049__fab0000_comp02_ez.f32__c0040__dt-f32/chunk_0,1000000,2,ans shuffle=byte,primary,1.91587198,-1,5.03130121,2.74951398,1
fields/00049__plt00049__fab0000_comp02_ez.f32__c0048__dt-f32/chunk_0,1000000,2,ans shuffle=byte,primary,2.52403212,-1,5.032098,3.35754212,1
fields/00050__plt00050__fab0000_comp02_ez.f32__c0008__dt-f32/chunk_0,1000000,2,ans shuffle=byte,primary,3.09520006,-1,5.03273802,3.92860406,1
fields/00050__plt00050__fab0000_comp02_ez.f32__c0016__dt-f32/chunk_0,1000000,2,ans shuffle=byte,primary,3.5325439,-1,5.03213422,4.3660479,1
fields/00050__plt00050__fab0000_comp02_ez.f32__c0024__dt-f32/chunk_0,1000000,2,ans shuffle=byte,primary,3.86534405,-1,5.03057707,4.69910605,1
fields/00050__plt00050__fab0000_comp02_ez.f32__c0040__dt-f32/chunk_0,1000000,2,ans shuffle=byte,primary,3.95590401,-1,5.03130121,4.78954601,1
fields/00050__plt00050__fab0000_comp02_ez.f32__c0056__dt-f32/chunk_0,1000000,2,ans shuffle=byte,primary,4.04415989,-1,5.03301582,4.87751789,1
fields/00051__plt00051__fab0000_comp02_ez.f32__c0016__dt-f32/chunk_0,1000000,2,ans shuffle=byte,primary,3.07471991,-1,5.03213422,3.90822391,1
fields/00050__plt00050__fab0000_comp02_ez.f32__c0048__dt-f32/chunk_0,1000000,2,ans shuffle=byte,primary,3.88847995,-1,5.032098,4.72198995,1
fields/00051__plt00051__fab0000_comp02_ez.f32__c0000__dt-f32/chunk_0,1000000,2,ans shuffle=byte,primary,2.84899211,-1,5.03161506,3.68258211,1
fields/00051__plt00051__fab0000_comp02_ez.f32__c0008__dt-f32/chunk_0,1000000,2,ans shuffle=byte,primary,1.89289606,-1,5.03273802,2.72630006,1
fields/00050__plt00050__fab0000_comp02_ez.f32__c0032__dt-f32/chunk_0,1000000,2,ans shuffle=byte,primary,2.99302411,-1,1.15017877,6.63967811,1
fields/00051__plt00051__fab0000_comp02_ez.f32__c0024__dt-f32/chunk_0,1000000,2,ans shuffle=byte,primary,2.33478403,-1,5.03057707,3.16854603,1
fields/00052__plt00052__fab0000_comp02_ez.f32__c0008__dt-f32/chunk_0,1000000,2,ans shuffle=byte,primary,2.8863039,-1,5.03273802,3.7197079,1
fields/00051__plt00051__fab0000_comp02_ez.f32__c0048__dt-f32/chunk_0,1000000,2,ans shuffle=byte,primary,4.26367998,-1,5.032098,5.09718998,1
fields/00051__plt00051__fab0000_comp02_ez.f32__c0032__dt-f32/chunk_0,1000000,2,ans shuffle=byte,primary,2.76652789,-1,1.15058263,6.41190189,1
fields/00052__plt00052__fab0000_comp02_ez.f32__c0016__dt-f32/chunk_0,1000000,2,ans shuffle=byte,primary,2.9736321,-1,5.03213422,3.8071361,1
fields/00052__plt00052__fab0000_comp02_ez.f32__c0000__dt-f32/chunk_0,1000000,2,ans shuffle=byte,primary,3.38659191,-1,5.03161506,4.22018191,1
fields/00051__plt00051__fab0000_comp02_ez.f32__c0040__dt-f32/chunk_0,1000000,2,ans shuffle=byte,primary,7.08454418,-1,5.03130121,7.91818618,1
fields/00052__plt00052__fab0000_comp02_ez.f32__c0032__dt-f32/chunk_0,1000000,2,ans shuffle=byte,primary,3.12940788,-1,1.1512294,6.77273388,1
fields/00052__plt00052__fab0000_comp02_ez.f32__c0024__dt-f32/chunk_0,1000000,2,ans shuffle=byte,primary,3.00102401,-1,5.03057707,3.83478601,1
fields/00051__plt00051__fab0000_comp02_ez.f32__c0056__dt-f32/chunk_0,1000000,2,ans shuffle=byte,primary,4.09382391,-1,5.03301582,4.92718191,1
fields/00052__plt00052__fab0000_comp02_ez.f32__c0040__dt-f32/chunk_0,1000000,2,ans shuffle=byte,primary,3.18886399,-1,5.03130121,4.02250599,1
fields/00053__plt00053__fab0000_comp02_ez.f32__c0000__dt-f32/chunk_0,1000000,2,ans shuffle=byte,primary,3.68643188,-1,5.03161506,4.52002188,1
fields/00052__plt00052__fab0000_comp02_ez.f32__c0048__dt-f32/chunk_0,1000000,2,ans shuffle=byte,primary,3.15449595,-1,5.032098,3.98800595,1
fields/00053__plt00053__fab0000_comp02_ez.f32__c0024__dt-f32/chunk_0,1000000,2,ans shuffle=byte,primary,2.74959993,-1,5.02917767,3.58359393,1
fields/00053__plt00053__fab0000_comp02_ez.f32__c0008__dt-f32/chunk_0,1000000,2,ans shuffle=byte,primary,4.2978878,-1,5.03273802,5.1312918,1
fields/00052__plt00052__fab0000_comp02_ez.f32__c0056__dt-f32/chunk_0,1000000,2,ans shuffle=byte,primary,2.19519997,-1,5.03301582,3.02855797,1
fields/00053__plt00053__fab0000_comp02_ez.f32__c0040__dt-f32/chunk_0,1000000,2,ans shuffle=byte,primary,2.01862407,-1,5.03130121,2.85226607,1
fields/00053__plt00053__fab0000_comp02_ez.f32__c0048__dt-f32/chunk_0,1000000,2,ans shuffle=byte,primary,4.92700815,-1,5.032098,5.76051815,1
fields/00053__plt00053__fab0000_comp02_ez.f32__c0016__dt-f32/chunk_0,1000000,2,ans shuffle=byte,primary,2.42697597,-1,5.03213422,3.26047997,1
fields/00053__plt00053__fab0000_comp02_ez.f32__c0032__dt-f32/chunk_0,1000000,2,ans shuffle=byte,primary,1.46819198,-1,1.15192245,5.10932598,1
fields/00053__plt00053__fab0000_comp02_ez.f32__c0056__dt-f32/chunk_0,1000000,2,ans shuffle=byte,primary,2.93772793,-1,5.03301582,3.77108593,1
fields/00054__plt00054__fab0000_comp02_ez.f32__c0000__dt-f32/chunk_0,1000000,2,ans shuffle=byte,primary,2.94281602,-1,5.03161506,3.77640602,1
fields/00054__plt00054__fab0000_comp02_ez.f32__c0008__dt-f32/chunk_0,1000000,2,ans shuffle=byte,primary,3.50486398,-1,5.03273802,4.33826798,1
fields/00054__plt00054__fab0000_comp02_ez.f32__c0016__dt-f32/chunk_0,1000000,2,ans shuffle=byte,primary,3.94790411,-1,5.03213422,4.78140811,1
fields/00054__plt00054__fab0000_comp02_ez.f32__c0032__dt-f32/chunk_0,1000000,2,ans shuffle=byte,primary,3.38486409,-1,1.15243899,7.02436609,1
fields/00055__plt00055__fab0000_comp02_ez.f32__c0000__dt-f32/chunk_0,1000000,2,ans shuffle=byte,primary,3.37071991,-1,5.03161506,4.20430991,1
fields/00054__plt00054__fab0000_comp02_ez.f32__c0024__dt-f32/chunk_0,1000000,2,ans shuffle=byte,primary,3.38803196,-1,5.016822,4.22407996,1
fields/00054__plt00054__fab0000_comp02_ez.f32__c0040__dt-f32/chunk_0,1000000,2,ans shuffle=byte,primary,1.83846402,-1,5.03130121,2.67210602,1
fields/00054__plt00054__fab0000_comp02_ez.f32__c0056__dt-f32/chunk_0,1000000,2,ans shuffle=byte,primary,3.36601591,-1,5.03301582,4.19937391,1
fields/00054__plt00054__fab0000_comp02_ez.f32__c0048__dt-f32/chunk_0,1000000,2,ans shuffle=byte,primary,2.62646389,-1,5.032098,3.45997389,1
fields/00055__plt00055__fab0000_comp02_ez.f32__c0008__dt-f32/chunk_0,1000000,2,ans shuffle=byte,primary,4.34409618,-1,5.03273802,5.17750018,1
fields/00055__plt00055__fab0000_comp02_ez.f32__c0016__dt-f32/chunk_0,1000000,2,ans shuffle=byte,primary,4.37347221,-1,5.03213422,5.20697621,1
fields/00055__plt00055__fab0000_comp02_ez.f32__c0040__dt-f32/chunk_0,1000000,2,ans shuffle=byte,primary,1.77152002,-1,5.03130121,2.60516202,1
fields/00055__plt00055__fab0000_comp02_ez.f32__c0024__dt-f32/chunk_0,1000000,2,ans shuffle=byte,primary,2.73315191,-1,4.98638058,3.57430391,1
fields/00055__plt00055__fab0000_comp02_ez.f32__c0032__dt-f32/chunk_0,1000000,2,ans shuffle=byte,primary,5.98297596,-1,1.15287993,9.62108596,1
fields/00055__plt00055__fab0000_comp02_ez.f32__c0056__dt-f32/chunk_0,1000000,2,ans shuffle=byte,primary,3.8905921,-1,5.03301582,4.7239501,1
fields/00056__plt00056__fab0000_comp02_ez.f32__c0000__dt-f32/chunk_0,1000000,2,ans shuffle=byte,primary,1.49712002,-1,5.03161506,2.33071002,1
fields/00056__plt00056__fab0000_comp02_ez.f32__c0016__dt-f32/chunk_0,1000000,2,ans shuffle=byte,primary,2.93670392,-1,5.03213422,3.77020792,1
fields/00056__plt00056__fab0000_comp02_ez.f32__c0008__dt-f32/chunk_0,1000000,2,ans shuffle=byte,primary,3.67206407,-1,5.03273802,4.50546807,1
fields/00055__plt00055__fab0000_comp02_ez.f32__c0048__dt-f32/chunk_0,1000000,2,ans shuffle=byte,primary,3.11299205,-1,5.032098,3.94650205,1
fields/00056__plt00056__fab0000_comp02_ez.f32__c0024__dt-f32/chunk_0,1000000,2,ans shuffle=byte,primary,2.25587201,-1,4.9484357,3.10347401,1
fields/00056__plt00056__fab0000_comp02_ez.f32__c0048__dt-f32/chunk_0,1000000,2,ans shuffle=byte,primary,4.47734404,-1,5.032098,5.31085404,1
fields/00056__plt00056__fab0000_comp02_ez.f32__c0040__dt-f32/chunk_0,1000000,2,ans shuffle=byte,primary,4.30956793,-1,5.03130121,5.14320993,1
fields/00056__plt00056__fab0000_comp02_ez.f32__c0032__dt-f32/chunk_0,1000000,2,ans shuffle=byte,primary,2.72585607,-1,1.15344554,6.36218207,1
fields/00056__plt00056__fab0000_comp02_ez.f32__c0056__dt-f32/chunk_0,1000000,2,ans shuffle=byte,primary,4.01430416,-1,5.03301582,4.84766216,1
fields/00057__plt00057__fab0000_comp02_ez.f32__c0016__dt-f32/chunk_0,1000000,2,ans shuffle=byte,primary,2.38764811,-1,5.03213422,3.22115211,1
fields/00057__plt00057__fab0000_comp02_ez.f32__c0000__dt-f32/chunk_0,1000000,2,ans shuffle=byte,primary,3.96384001,-1,5.03161506,4.79743001,1
fields/00057__plt00057__fab0000_comp02_ez.f32__c0008__dt-f32/chunk_0,1000000,2,ans shuffle=byte,primary,1.66271996,-1,5.03273802,2.49612396,1
fields/00057__plt00057__fab0000_comp02_ez.f32__c0056__dt-f32/chunk_0,1000000,2,ans shuffle=byte,primary,5.3293438,-1,5.03301582,6.1627018,1
fields/00057__plt00057__fab0000_comp02_ez.f32__c0032__dt-f32/chunk_0,1000000,2,ans shuffle=byte,primary,2.76438403,-1,1.15395582,6.39910203,1
fields/00057__plt00057__fab0000_comp02_ez.f32__c0024__dt-f32/chunk_0,1000000,2,ans shuffle=byte,primary,1.66064,-1,4.91123648,2.514662,1
fields/00057__plt00057__fab0000_comp02_ez.f32__c0040__dt-f32/chunk_0,1000000,2,ans shuffle=byte,primary,7.77990389,-1,5.03130121,8.61354589,1
fields/00058__plt00058__fab0000_comp02_ez.f32__c0000__dt-f32/chunk_0,1000000,2,ans shuffle=byte,primary,5.37724781,-1,5.03161506,6.21083781,1
fields/00058__plt00058__fab0000_comp02_ez.f32__c0008__dt-f32/chunk_0,1000000,2,ans shuffle=byte,primary,4.44124794,-1,5.03273802,5.27465194,1
fields/00057__plt00057__fab0000_comp02_ez.f32__c0048__dt-f32/chunk_0,1000000,2,ans shuffle=byte,primary,4.83475208,-1,5.032098,5.66826208,1
fields/00058__plt00058__fab0000_comp02_ez.f32__c0040__dt-f32/chunk_0,1000000,2,ans shuffle=byte,primary,2.25049591,-1,5.03130121,3.08413791,1
fields/00058__plt00058__fab0000_comp02_ez.f32__c0024__dt-f32/chunk_0,1000000,2,ans shuffle=byte,primary,1.26534402,-1,4.88310503,2.12428602,1
fields/00058__plt00058__fab0000_comp02_ez.f32__c0032__dt-f32/chunk_0,1000000,2,ans shuffle=byte,primary,1.28745604,-1,1.15452503,4.92038204,1
fields/00058__plt00058__fab0000_comp02_ez.f32__c0016__dt-f32/chunk_0,1000000,2,ans shuffle=byte,primary,4.46505594,-1,5.03213422,5.29855994,1
fields/00058__plt00058__fab0000_comp02_ez.f32__c0048__dt-f32/chunk_0,1000000,2,ans shuffle=byte,primary,3.30502391,-1,5.032098,4.13853391,1
fields/00058__plt00058__fab0000_comp02_ez.f32__c0056__dt-f32/chunk_0,1000000,2,ans shuffle=byte,primary,3.60771203,-1,5.03301582,4.44107003,1
fields/00059__plt00059__fab0000_comp02_ez.f32__c0016__dt-f32/chunk_0,1000000,2,ans shuffle=byte,primary,3.439744,-1,5.03213422,4.273248,1
fields/00059__plt00059__fab0000_comp02_ez.f32__c0000__dt-f32/chunk_0,1000000,2,ans shuffle=byte,primary,3.38569593,-1,5.03161506,4.21928593,1
fields/00059__plt00059__fab0000_comp02_ez.f32__c0048__dt-f32/chunk_0,1000000,2,ans shuffle=byte,primary,4.5995841,-1,5.032098,5.4330941,1
fields/00059__plt00059__fab0000_comp02_ez.f32__c0008__dt-f32/chunk_0,1000000,2,ans shuffle=byte,primary,3.46931195,-1,5.03273802,4.30271595,1
fields/00059__plt00059__fab0000_comp02_ez.f32__c0024__dt-f32/chunk_0,1000000,2,ans shuffle=byte,primary,4.9751358,-1,4.73530288,5.8608878,1
fields/00059__plt00059__fab0000_comp02_ez.f32__c0032__dt-f32/chunk_0,1000000,2,ans shuffle=byte,primary,3.76860809,-1,1.15495994,7.40016609,1
fields/00060__plt00060__fab0000_comp02_ez.f32__c0000__dt-f32/chunk_0,1000000,2,ans shuffle=byte,primary,3.49875212,-1,5.03161506,4.33234212,1
fields/00060__plt00060__fab0000_comp02_ez.f32__c0008__dt-f32/chunk_0,1000000,2,ans shuffle=byte,primary,4.54524803,-1,5.03273802,5.37865203,1
fields/00059__plt00059__fab0000_comp02_ez.f32__c0056__dt-f32/chunk_0,1000000,2,ans shuffle=byte,primary,4.571136,-1,5.03301582,5.404494,1
fields/00059__plt00059__fab0000_comp02_ez.f32__c0040__dt-f32/chunk_0,1000000,2,ans shuffle=byte,primary,4.03766394,-1,5.03130121,4.87130594,1
fields/00060__plt00060__fab0000_comp02_ez.f32__c0016__dt-f32/chunk_0,1000000,2,ans shuffle=byte,primary,3.88089609,-1,5.03213422,4.71440009,1
fields/00060__plt00060__fab0000_comp02_ez.f32__c0024__dt-f32/chunk_0,1000000,2,ans shuffle=byte,primary,4.67174387,-1,4.35537446,5.63476187,1
fields/00060__plt00060__fab0000_comp02_ez.f32__c0040__dt-f32/chunk_0,1000000,2,ans shuffle=byte,primary,5.9093442,-1,5.03130121,6.7429862,1
fields/00061__plt00061__fab0000_comp02_ez.f32__c0008__dt-f32/chunk_0,1000000,2,ans shuffle=byte,primary,3.17328,-1,5.03273802,4.006684,1
fields/00060__plt00060__fab0000_comp02_ez.f32__c0032__dt-f32/chunk_0,1000000,2,ans shuffle=byte,primary,3.12051201,-1,1.15542318,6.75061401,1
fields/00060__plt00060__fab0000_comp02_ez.f32__c0056__dt-f32/chunk_0,1000000,2,ans shuffle=byte,primary,3.22412801,-1,5.03301582,4.05748601,1
fields/00061__plt00061__fab0000_comp02_ez.f32__c0000__dt-f32/chunk_0,1000000,2,ans shuffle=byte,primary,4.23590422,-1,5.03161506,5.06949422,1
fields/00060__plt00060__fab0000_comp02_ez.f32__c0048__dt-f32/chunk_0,1000000,2,ans shuffle=byte,primary,2.80688,-1,5.032098,3.64039,1
fields/00061__plt00061__fab0000_comp02_ez.f32__c0024__dt-f32/chunk_0,1000000,2,ans shuffle=byte,primary,2.95593596,-1,3.89787092,4.03198596,1
fields/00061__plt00061__fab0000_comp02_ez.f32__c0032__dt-f32/chunk_0,1000000,2,ans shuffle=byte,primary,3.23792005,-1,1.15594286,6.86639005,1
fields/00061__plt00061__fab0000_comp02_ez.f32__c0016__dt-f32/chunk_0,1000000,2,ans shuffle=byte,primary,4.43043184,-1,5.03213422,5.26393584,1
fields/00061__plt00061__fab0000_comp02_ez.f32__c0056__dt-f32/chunk_0,1000000,2,ans shuffle=byte,primary,3.3873601,-1,5.03301582,4.2207181,1
fields/00061__plt00061__fab0000_comp02_ez.f32__c0048__dt-f32/chunk_0,1000000,2,ans shuffle=byte,primary,4.01622391,-1,5.032098,4.84973391,1
fields/00062__plt00062__fab0000_comp02_ez.f32__c0008__dt-f32/chunk_0,1000000,2,ans shuffle=byte,primary,3.60323191,-1,5.03273802,4.43663591,1
fields/00061__plt00061__fab0000_comp02_ez.f32__c0040__dt-f32/chunk_0,1000000,2,ans shuffle=byte,primary,4.04998398,-1,5.03130121,4.88362598,1
fields/00062__plt00062__fab0000_comp02_ez.f32__c0000__dt-f32/chunk_0,1000000,2,ans shuffle=byte,primary,3.3422401,-1,5.03161506,4.1758301,1
fields/00062__plt00062__fab0000_comp02_ez.f32__c0056__dt-f32/chunk_0,1000000,2,ans shuffle=byte,primary,3.62879992,-1,5.03301582,4.46215792,1
fields/00062__plt00062__fab0000_comp02_ez.f32__c0024__dt-f32/chunk_0,1000000,2,ans shuffle=byte,primary,2.40553594,-1,3.45674519,3.61890394,1
fields/00062__plt00062__fab0000_comp02_ez.f32__c0032__dt-f32/chunk_0,1000000,2,ans shuffle=byte,primary,3.14825606,-1,1.15639924,6.77529406,1
fields/00062__plt00062__fab0000_comp02_ez.f32__c0016__dt-f32/chunk_0,1000000,2,ans shuffle=byte,primary,3.01897597,-1,5.03213422,3.85247997,1
fields/00062__plt00062__fab0000_comp02_ez.f32__c0048__dt-f32/chunk_0,1000000,2,ans shuffle=byte,primary,3.90803194,-1,5.032098,4.74154194,1
fields/00062__plt00062__fab0000_comp02_ez.f32__c0040__dt-f32/chunk_0,1000000,2,ans shuffle=byte,primary,2.38467193,-1,5.03130121,3.21831393,1
fields/00063__plt00063__fab0000_comp02_ez.f32__c0008__dt-f32/chunk_0,1000000,2,ans shuffle=byte,primary,2.12108803,-1,5.03273802,2.95449203,1
fields/00063__plt00063__fab0000_comp02_ez.f32__c0000__dt-f32/chunk_0,1000000,2,ans shuffle=byte,primary,1.71561599,-1,5.03161506,2.54920599,1
fields/00063__plt00063__fab0000_comp02_ez.f32__c0048__dt-f32/chunk_0,1000000,2,ans shuffle=byte,primary,1.36937594,-1,5.032098,2.20288594,1
fields/00063__plt00063__fab0000_comp02_ez.f32__c0024__dt-f32/chunk_0,1000000,2,ans shuffle=byte,primary,1.53907204,-1,3.06683669,2.90670404,1
fields/00063__plt00063__fab0000_comp02_ez.f32__c0016__dt-f32/chunk_0,1000000,2,ans shuffle=byte,primary,4.50844812,-1,5.03213422,5.34195212,1
fields/00063__plt00063__fab0000_comp02_ez.f32__c0040__dt-f32/chunk_0,1000000,2,ans shuffle=byte,primary,1.99190402,-1,5.03130121,2.82554602,1
fields/00064__plt00064__fab0000_comp02_ez.f32__c0016__dt-f32/chunk_0,1000000,2,ans shuffle=byte,primary,4.03276777,-1,5.03213422,4.86627177,1
fields/00064__plt00064__fab0000_comp02_ez.f32__c0008__dt-f32/chunk_0,1000000,2,ans shuffle=byte,primary,5.11609602,-1,5.03273802,5.94950002,1
fields/00064__plt00064__fab0000_comp02_ez.f32__c0000__dt-f32/chunk_0,1000000,2,ans shuffle=byte,primary,1.343104,-1,5.03161506,2.176694,1
fields/00063__plt00063__fab0000_comp02_ez.f32__c0056__dt-f32/chunk_0,1000000,2,ans shuffle=byte,primary,2.95462394,-1,5.03301582,3.78798194,1
fields/00063__plt00063__fab0000_comp02_ez.f32__c0032__dt-f32/chunk_0,1000000,2,ans shuffle=byte,primary,1.52707195,-1,1.1569198,5.15247795,1
fields/00064__plt00064__fab0000_comp02_ez.f32__c0024__dt-f32/chunk_0,1000000,2,ans shuffle=byte,primary,1.72035205,-1,2.73921602,3.25155805,1
fields/00064__plt00064__fab0000_comp02_ez.f32__c0040__dt-f32/chunk_0,1000000,2,ans shuffle=byte,primary,6.151968,-1,5.03115636,6.985634,1
fields/00064__plt00064__fab0000_comp02_ez.f32__c0032__dt-f32/chunk_0,1000000,2,ans shuffle=byte,primary,4.42144012,-1,1.15730287,8.04564612,1
fields/00065__plt00065__fab0000_comp02_ez.f32__c0000__dt-f32/chunk_0,1000000,2,ans shuffle=byte,primary,4.32867193,-1,5.03161506,5.16226193,1
fields/00065__plt00065__fab0000_comp02_ez.f32__c0008__dt-f32/chunk_0,1000000,2,ans shuffle=byte,primary,0.838335991,-1,5.03273802,1.67173999,1
fields/00064__plt00064__fab0000_comp02_ez.f32__c0056__dt-f32/chunk_0,1000000,2,ans shuffle=byte,primary,1.11254394,-1,5.03301582,1.94590194,1
fields/00065__plt00065__fab0000_comp02_ez.f32__c0016__dt-f32/chunk_0,1000000,2,ans shuffle=byte,primary,4.50377607,-1,5.03213422,5.33728007,1
fields/00065__plt00065__fab0000_comp02_ez.f32__c0032__dt-f32/chunk_0,1000000,2,ans shuffle=byte,primary,2.47708797,-1,1.15783191,6.09963797,1
fields/00065__plt00065__fab0000_comp02_ez.f32__c0024__dt-f32/chunk_0,1000000,2,ans shuffle=byte,primary,4.33129597,-1,2.46139112,6.03533397,1
fields/00064__plt00064__fab0000_comp02_ez.f32__c0048__dt-f32/chunk_0,1000000,2,ans shuffle=byte,primary,0.821088016,-1,5.032098,1.65459802,1
fields/00065__plt00065__fab0000_comp02_ez.f32__c0040__dt-f32/chunk_0,1000000,2,ans shuffle=byte,primary,4.66054392,-1,5.02705592,5.49488992,1
fields/00066__plt00066__fab0000_comp02_ez.f32__c0024__dt-f32/chunk_0,1000000,2,ans shuffle=byte,primary,2.81209612,-1,2.2255318,4.69672612,1
fields/00065__plt00065__fab0000_comp02_ez.f32__c0048__dt-f32/chunk_0,1000000,2,ans shuffle=byte,primary,4.96534395,-1,5.032098,5.79885395,1
fields/00065__plt00065__fab0000_comp02_ez.f32__c0056__dt-f32/chunk_0,1000000,2,ans shuffle=byte,primary,3.12284803,-1,5.03301582,3.95620603,1
fields/00066__plt00066__fab0000_comp02_ez.f32__c0008__dt-f32/chunk_0,1000000,2,ans shuffle=byte,primary,4.6009922,-1,5.03273802,5.4343962,1
fields/00066__plt00066__fab0000_comp02_ez.f32__c0016__dt-f32/chunk_0,1000000,2,ans shuffle=byte,primary,4.05622387,-1,5.03213422,4.88972787,1
fields/00066__plt00066__fab0000_comp02_ez.f32__c0048__dt-f32/chunk_0,1000000,2,ans shuffle=byte,primary,2.06044793,-1,5.032098,2.89395793,1
fields/00066__plt00066__fab0000_comp02_ez.f32__c0000__dt-f32/chunk_0,1000000,2,ans shuffle=byte,primary,4.10467196,-1,5.03161506,4.93826196,1
fields/00066__plt00066__fab0000_comp02_ez.f32__c0032__dt-f32/chunk_0,1000000,2,ans shuffle=byte,primary,2.79779196,-1,1.15827188,6.41896596,1
fields/00066__plt00066__fab0000_comp02_ez.f32__c0040__dt-f32/chunk_0,1000000,2,ans shuffle=byte,primary,2.05443192,-1,5.02614027,2.88892992,1
fields/00066__plt00066__fab0000_comp02_ez.f32__c0056__dt-f32/chunk_0,1000000,2,ans shuffle=byte,primary,4.27852821,-1,5.03301582,5.11188621,1
fields/00067__plt00067__fab0000_comp02_ez.f32__c0000__dt-f32/chunk_0,1000000,2,ans shuffle=byte,primary,3.0790081,-1,5.03161506,3.9125981,1
fields/00067__plt00067__fab0000_comp02_ez.f32__c0040__dt-f32/chunk_0,1000000,2,ans shuffle=byte,primary,1.10467196,-1,5.02864706,1.93875396,1
fields/00067__plt00067__fab0000_comp02_ez.f32__c0016__dt-f32/chunk_0,1000000,2,ans shuffle=byte,primary,1.85068798,-1,5.03213422,2.68419198,1
fields/00067__plt00067__fab0000_comp02_ez.f32__c0008__dt-f32/chunk_0,1000000,2,ans shuffle=byte,primary,1.64777601,-1,5.03273802,2.48118001,1
fields/00067__plt00067__fab0000_comp02_ez.f32__c0024__dt-f32/chunk_0,1000000,2,ans shuffle=byte,primary,4.05136013,-1,2.02562906,6.12197813,1
fields/00067__plt00067__fab0000_comp02_ez.f32__c0048__dt-f32/chunk_0,1000000,2,ans shuffle=byte,primary,3.52860808,-1,5.032098,4.36211808,1
fields/00068__plt00068__fab0000_comp02_ez.f32__c0000__dt-f32/chunk_0,1000000,2,ans shuffle=byte,primary,3.2563839,-1,5.03161506,4.0899739,1
fields/00067__plt00067__fab0000_comp02_ez.f32__c0032__dt-f32/chunk_0,1000000,2,ans shuffle=byte,primary,1.98518395,-1,1.15866736,5.60512195,1
fields/00068__plt00068__fab0000_comp02_ez.f32__c0016__dt-f32/chunk_0,1000000,2,ans shuffle=byte,primary,4.12790394,-1,5.03213422,4.96140794,1
fields/00067__plt00067__fab0000_comp02_ez.f32__c0056__dt-f32/chunk_0,1000000,2,ans shuffle=byte,primary,3.78911996,-1,5.03301582,4.62247796,1
fields/00068__plt00068__fab0000_comp02_ez.f32__c0040__dt-f32/chunk_0,1000000,2,ans shuffle=byte,primary,2.87504005,-1,5.01877897,3.71076205,1
fields/00068__plt00068__fab0000_comp02_ez.f32__c0024__dt-f32/chunk_0,1000000,2,ans shuffle=byte,primary,1.26048005,-1,1.85568145,3.52073005,1
fields/00068__plt00068__fab0000_comp02_ez.f32__c0008__dt-f32/chunk_0,1000000,2,ans shuffle=byte,primary,4.1309762,-1,5.03273802,4.9643802,1
fields/00068__plt00068__fab0000_comp02_ez.f32__c0032__dt-f32/chunk_0,1000000,2,ans shuffle=byte,primary,1.62438405,-1,1.15907592,5.24304605,1
fields/00069__plt00069__fab0000_comp02_ez.f32__c0000__dt-f32/chunk_0,1000000,2,ans shuffle=byte,primary,3.11779189,-1,5.03161506,3.95138189,1
fields/00069__plt00069__fab0000_comp02_ez.f32__c0008__dt-f32/chunk_0,1000000,2,ans shuffle=byte,primary,2.80492806,-1,5.03273802,3.63833206,1
fields/00068__plt00068__fab0000_comp02_ez.f32__c0048__dt-f32/chunk_0,1000000,2,ans shuffle=byte,primary,2.87612796,-1,5.032098,3.70963796,1
fields/00068__plt00068__fab0000_comp02_ez.f32__c0056__dt-f32/chunk_0,1000000,2,ans shuffle=byte,primary,2.89641595,-1,5.03301582,3.72977395,1
fields/00069__plt00069__fab0000_comp02_ez.f32__c0048__dt-f32/chunk_0,1000000,2,ans shuffle=byte,primary,3.29699206,-1,5.032098,4.13050206,1
fields/00069__plt00069__fab0000_comp02_ez.f32__c0024__dt-f32/chunk_0,1000000,2,ans shuffle=byte,primary,1.59907198,-1,1.71555017,4.04394598,1
fields/00069__plt00069__fab0000_comp02_ez.f32__c0040__dt-f32/chunk_0,1000000,2,ans shuffle=byte,primary,1.56243205,-1,4.9348817,2.41236205,1
fields/00069__plt00069__fab0000_comp02_ez.f32__c0016__dt-f32/chunk_0,1000000,2,ans shuffle=byte,primary,2.29920006,-1,5.03213422,3.13270406,1
fields/00069__plt00069__fab0000_comp02_ez.f32__c0032__dt-f32/chunk_0,1000000,2,ans shuffle=byte,primary,3.448704,-1,1.15942708,7.06627,1
fields/00069__plt00069__fab0000_comp02_ez.f32__c0056__dt-f32/chunk_0,1000000,2,ans shuffle=byte,primary,2.9728961,-1,5.03301582,3.8062541,1
fields/00070__plt00070__fab0000_comp02_ez.f32__c0000__dt-f32/chunk_0,1000000,2,ans shuffle=byte,primary,3.14815998,-1,5.03161506,3.98174998,1
fields/00070__plt00070__fab0000_comp02_ez.f32__c0016__dt-f32/chunk_0,1000000,2,ans shuffle=byte,primary,3.10732794,-1,5.03213422,3.94083194,1
fields/00070__plt00070__fab0000_comp02_ez.f32__c0008__dt-f32/chunk_0,1000000,2,ans shuffle=byte,primary,4.08950377,-1,5.03273802,4.92290777,1
fields/00070__plt00070__fab0000_comp02_ez.f32__c0048__dt-f32/chunk_0,1000000,2,ans shuffle=byte,primary,3.90259194,-1,5.032098,4.73610194,1
fields/00071__plt00071__fab0000_comp02_ez.f32__c0008__dt-f32/chunk_0,1000000,2,ans shuffle=byte,primary,2.32832003,-1,5.03273802,3.16172403,1
fields/00070__plt00070__fab0000_comp02_ez.f32__c0024__dt-f32/chunk_0,1000000,2,ans shuffle=byte,primary,4.32694387,-1,1.61935237,6.91705587,1
fields/00070__plt00070__fab0000_comp02_ez.f32__c0032__dt-f32/chunk_0,1000000,2,ans shuffle=byte,primary,3.24857593,-1,1.15987852,6.86473393,1
fields/00071__plt00071__fab0000_comp02_ez.f32__c0000__dt-f32/chunk_0,1000000,2,ans shuffle=byte,primary,3.64847994,-1,5.03161506,4.48206994,1
fields/00070__plt00070__fab0000_comp02_ez.f32__c0040__dt-f32/chunk_0,1000000,2,ans shuffle=byte,primary,3.81087995,-1,4.60838591,4.72102595,1
fields/00071__plt00071__fab0000_comp02_ez.f32__c0024__dt-f32/chunk_0,1000000,2,ans shuffle=byte,primary,2.99369597,-1,1.55959303,5.68305397,1
fields/00070__plt00070__fab0000_comp02_ez.f32__c0056__dt-f32/chunk_0,1000000,2,ans shuffle=byte,primary,3.07392001,-1,5.03301582,3.90727801,1
fields/00071__plt00071__fab0000_comp02_ez.f32__c0016__dt-f32/chunk_0,1000000,2,ans shuffle=byte,primary,2.99167991,-1,5.03213422,3.82518391,1
fields/00071__plt00071__fab0000_comp02_ez.f32__c0032__dt-f32/chunk_0,1000000,2,ans shuffle=byte,primary,3.10060811,-1,1.16018331,6.71581611,1
fields/00072__plt00072__fab0000_comp02_ez.f32__c0000__dt-f32/chunk_0,1000000,2,ans shuffle=byte,primary,2.76876807,-1,5.03161506,3.60235807,1
fields/00071__plt00071__fab0000_comp02_ez.f32__c0056__dt-f32/chunk_0,1000000,2,ans shuffle=byte,primary,3.12627196,-1,5.03301582,3.95962996,1
fields/00072__plt00072__fab0000_comp02_ez.f32__c0008__dt-f32/chunk_0,1000000,2,ans shuffle=byte,primary,4.00371218,-1,5.03273802,4.83711618,1
fields/00072__plt00072__fab0000_comp02_ez.f32__c0024__dt-f32/chunk_0,1000000,2,ans shuffle=byte,primary,3.05855989,-1,1.5188268,5.82010189,1
fields/00071__plt00071__fab0000_comp02_ez.f32__c0040__dt-f32/chunk_0,1000000,2,ans shuffle=byte,primary,3.1574719,-1,4.14262885,4.1699459,1
fields/00072__plt00072__fab0000_comp02_ez.f32__c0032__dt-f32/chunk_0,1000000,2,ans shuffle=byte,primary,2.29424,-1,1.16052937,5.90837,1
fields/00072__plt00072__fab0000_comp02_ez.f32__c0040__dt-f32/chunk_0,1000000,2,ans shuffle=byte,primary,0.473919988,-1,3.66636888,1.61791399,1
fields/00071__plt00071__fab0000_comp02_ez.f32__c0048__dt-f32/chunk_0,1000000,2,ans shuffle=byte,primary,2.46444798,-1,5.032098,3.29795798,1
fields/00072__plt00072__fab0000_comp02_ez.f32__c0016__dt-f32/chunk_0,1000000,2,ans shuffle=byte,primary,4.00195217,-1,5.03213422,4.83545617,1
fields/00072__plt00072__fab0000_comp02_ez.f32__c0048__dt-f32/chunk_0,1000000,2,ans shuffle=byte,primary,2.50889611,-1,5.032098,3.34240611,1
fields/00073__plt00073__fab0000_comp02_ez.f32__c0008__dt-f32/chunk_0,1000000,2,ans shuffle=byte,primary,4.42560005,-1,5.03273802,5.25900405,1
fields/00072__plt00072__fab0000_comp02_ez.f32__c0056__dt-f32/chunk_0,1000000,2,ans shuffle=byte,primary,5.42809582,-1,5.03301582,6.26145382,1
fields/00073__plt00073__fab0000_comp02_ez.f32__c0048__dt-f32/chunk_0,1000000,2,ans shuffle=byte,primary,4.45270395,-1,5.032098,5.28621395,1
fields/00073__plt00073__fab0000_comp02_ez.f32__c0016__dt-f32/chunk_0,1000000,2,ans shuffle=byte,primary,3.17084789,-1,5.03213422,4.00435189,1
fields/00073__plt00073__fab0000_comp02_ez.f32__c0000__dt-f32/chunk_0,1000000,2,ans shuffle=byte,primary,5.01030397,-1,5.03161506,5.84389397,1
fields/00073__plt00073__fab0000_comp02_ez.f32__c0032__dt-f32/chunk_0,1000000,2,ans shuffle=byte,primary,4.38294411,-1,1.16085763,7.99605211,1
fields/00073__plt00073__fab0000_comp02_ez.f32__c0040__dt-f32/chunk_0,1000000,2,ans shuffle=byte,primary,3.71964788,-1,3.24762717,5.01114588,1
fields/00073__plt00073__fab0000_comp02_ez.f32__c0056__dt-f32/chunk_0,1000000,2,ans shuffle=byte,primary,3.35215998,-1,5.03301582,4.18551798,1
fields/00073__plt00073__fab0000_comp02_ez.f32__c0024__dt-f32/chunk_0,1000000,2,ans shuffle=byte,primary,3.72112012,-1,1.48767103,6.54049612,1
fields/00074__plt00074__fab0000_comp02_ez.f32__c0000__dt-f32/chunk_0,1000000,2,ans shuffle=byte,primary,2.367136,-1,5.03161506,3.200726,1
fields/00074__plt00074__fab0000_comp02_ez.f32__c0008__dt-f32/chunk_0,1000000,2,ans shuffle=byte,primary,2.38793612,-1,5.03273802,3.22134012,1
fields/00074__plt00074__fab0000_comp02_ez.f32__c0032__dt-f32/chunk_0,1000000,2,ans shuffle=byte,primary,2.17660809,-1,1.16124974,5.78849609,1
fields/00074__plt00074__fab0000_comp02_ez.f32__c0016__dt-f32/chunk_0,1000000,2,ans shuffle=byte,primary,2.2549119,-1,5.03213422,3.0884159,1
fields/00074__plt00074__fab0000_comp02_ez.f32__c0024__dt-f32/chunk_0,1000000,2,ans shuffle=byte,primary,1.91856003,-1,1.46247357,4.78651203,1
fields/00074__plt00074__fab0000_comp02_ez.f32__c0056__dt-f32/chunk_0,1000000,2,ans shuffle=byte,primary,2.32099199,-1,5.03301582,3.15434999,1
fields/00074__plt00074__fab0000_comp02_ez.f32__c0040__dt-f32/chunk_0,1000000,2,ans shuffle=byte,primary,1.40825605,-1,2.89030722,2.85941805,1
fields/00075__plt00075__fab0000_comp02_ez.f32__c0008__dt-f32/chunk_0,1000000,2,ans shuffle=byte,primary,2.16524792,-1,5.03273802,2.99865192,1
fields/00075__plt00075__fab0000_comp02_ez.f32__c0000__dt-f32/chunk_0,1000000,2,ans shuffle=byte,primary,2.12873602,-1,5.03161506,2.96232602,1
fields/00074__plt00074__fab0000_comp02_ez.f32__c0048__dt-f32/chunk_0,1000000,2,ans shuffle=byte,primary,1.40499198,-1,5.032098,2.23850198,1
fields/00075__plt00075__fab0000_comp02_ez.f32__c0016__dt-f32/chunk_0,1000000,2,ans shuffle=byte,primary,3.07779193,-1,5.03213422,3.91129593,1
fields/00075__plt00075__fab0000_comp02_ez.f32__c0032__dt-f32/chunk_0,1000000,2,ans shuffle=byte,primary,2.0115521,-1,1.16147677,5.6227341,1
fields/00075__plt00075__fab0000_comp02_ez.f32__c0024__dt-f32/chunk_0,1000000,2,ans shuffle=byte,primary,2.02236795,-1,1.44166063,4.93172395,1
fields/00076__plt00076__fab0000_comp02_ez.f32__c0000__dt-f32/chunk_0,1000000,2,ans shuffle=byte,primary,4.35715199,-1,5.03161506,5.19074199,1
fields/00075__plt00075__fab0000_comp02_ez.f32__c0040__dt-f32/chunk_0,1000000,2,ans shuffle=byte,primary,1.67312002,-1,2.59004541,3.29251402,1
fields/00075__plt00075__fab0000_comp02_ez.f32__c0048__dt-f32/chunk_0,1000000,2,ans shuffle=byte,primary,2.04396796,-1,5.032098,2.87747796,1
fields/00075__plt00075__fab0000_comp02_ez.f32__c0056__dt-f32/chunk_0,1000000,2,ans shuffle=byte,primary,4.65609598,-1,5.03301582,5.48945398,1
fields/00076__plt00076__fab0000_comp02_ez.f32__c0008__dt-f32/chunk_0,1000000,2,ans shuffle=byte,primary,3.46467209,-1,5.03273802,4.29807609,1
fields/00076__plt00076__fab0000_comp02_ez.f32__c0048__dt-f32/chunk_0,1000000,2,ans shuffle=byte,primary,3.61590409,-1,5.032098,4.44941409,1
fields/00076__plt00076__fab0000_comp02_ez.f32__c0024__dt-f32/chunk_0,1000000,2,ans shuffle=byte,primary,4.09372807,-1,1.424625,7.03787407,1
fields/00076__plt00076__fab0000_comp02_ez.f32__c0032__dt-f32/chunk_0,1000000,2,ans shuffle=byte,primary,2.77414393,-1,1.16169295,6.38465393,1
fields/00076__plt00076__fab0000_comp02_ez.f32__c0016__dt-f32/chunk_0,1000000,2,ans shuffle=byte,primary,1.74086404,-1,5.03213422,2.57436804,1
fields/00076__plt00076__fab0000_comp02_ez.f32__c0056__dt-f32/chunk_0,1000000,2,ans shuffle=byte,primary,2.42182398,-1,5.03301582,3.25518198,1
fields/00077__plt00077__fab0000_comp02_ez.f32__c0000__dt-f32/chunk_0,1000000,2,ans shuffle=byte,primary,4.28940821,-1,5.03161506,5.12299821,1
fields/00077__plt00077__fab0000_comp02_ez.f32__c0016__dt-f32/chunk_0,1000000,2,ans shuffle=byte,primary,3.58636808,-1,5.03213422,4.41987208,1
fields/00077__plt00077__fab0000_comp02_ez.f32__c0008__dt-f32/chunk_0,1000000,2,ans shuffle=byte,primary,2.81603193,-1,5.03273802,3.64943593,1
fields/00076__plt00076__fab0000_comp02_ez.f32__c0040__dt-f32/chunk_0,1000000,2,ans shuffle=byte,primary,2.26076794,-1,2.33381742,4.05795394,1
fields/00077__plt00077__fab0000_comp02_ez.f32__c0040__dt-f32/chunk_0,1000000,2,ans shuffle=byte,primary,1.59196806,-1,2.11782836,3.57244206,1
fields/00077__plt00077__fab0000_comp02_ez.f32__c0024__dt-f32/chunk_0,1000000,2,ans shuffle=byte,primary,1.637568,-1,1.41052903,4.611136,1
fields/00078__plt00078__fab0000_comp02_ez.f32__c0008__dt-f32/chunk_0,1000000,2,ans shuffle=byte,primary,4.18179178,-1,5.03273802,5.01519578,1
fields/00077__plt00077__fab0000_comp02_ez.f32__c0032__dt-f32/chunk_0,1000000,2,ans shuffle=byte,primary,2.30028796,-1,1.16190084,5.91015196,1
fields/00077__plt00077__fab0000_comp02_ez.f32__c0048__dt-f32/chunk_0,1000000,2,ans shuffle=byte,primary,6.39862394,-1,5.032098,7.23213394,1
fields/00078__plt00078__fab0000_comp02_ez.f32__c0000__dt-f32/chunk_0,1000000,2,ans shuffle=byte,primary,3.26003194,-1,5.03161506,4.09362194,1
fields/00077__plt00077__fab0000_comp02_ez.f32__c0056__dt-f32/chunk_0,1000000,2,ans shuffle=byte,primary,4.11817598,-1,5.03301582,4.95153398,1
fields/00078__plt00078__fab0000_comp02_ez.f32__c0016__dt-f32/chunk_0,1000000,2,ans shuffle=byte,primary,3.77737594,-1,5.03213422,4.61087994,1
fields/00078__plt00078__fab0000_comp02_ez.f32__c0040__dt-f32/chunk_0,1000000,2,ans shuffle=byte,primary,2.51017594,-1,1.93287324,4.68015994,1
fields/00078__plt00078__fab0000_comp02_ez.f32__c0024__dt-f32/chunk_0,1000000,2,ans shuffle=byte,primary,3.97977591,-1,1.39904336,6.97775591,1
fields/00079__plt00079__fab0000_comp02_ez.f32__c0008__dt-f32/chunk_0,1000000,2,ans shuffle=byte,primary,1.91443205,-1,5.03273802,2.74783605,1
fields/00079__plt00079__fab0000_comp02_ez.f32__c0016__dt-f32/chunk_0,1000000,2,ans shuffle=byte,primary,3.79388809,-1,5.03213422,4.62739209,1
fields/00078__plt00078__fab0000_comp02_ez.f32__c0048__dt-f32/chunk_0,1000000,2,ans shuffle=byte,primary,2.43667197,-1,5.032098,3.27018197,1
fields/00078__plt00078__fab0000_comp02_ez.f32__c0032__dt-f32/chunk_0,1000000,2,ans shuffle=byte,primary,3.0765121,-1,1.16220991,6.6854161,1
fields/00079__plt00079__fab0000_comp02_ez.f32__c0000__dt-f32/chunk_0,1000000,2,ans shuffle=byte,primary,2.66214395,-1,5.03161506,3.49573395,1
fields/00078__plt00078__fab0000_comp02_ez.f32__c0056__dt-f32/chunk_0,1000000,2,ans shuffle=byte,primary,3.22412801,-1,5.03301582,4.05748601,1
fields/00079__plt00079__fab0000_comp02_ez.f32__c0024__dt-f32/chunk_0,1000000,2,ans shuffle=byte,primary,3.79129601,-1,1.38924996,6.81041001,1
fields/00080__plt00080__fab0000_comp02_ez.f32__c0024__dt-f32/chunk_0,1000000,2,ans shuffle=byte,primary,2.87980795,-1,1.38124189,5.91642595,1
fields/00079__plt00079__fab0000_comp02_ez.f32__c0032__dt-f32/chunk_0,1000000,2,ans shuffle=byte,primary,3.59468794,-1,1.16228527,7.20335794,1
fields/00079__plt00079__fab0000_comp02_ez.f32__c0056__dt-f32/chunk_0,1000000,2,ans shuffle=byte,primary,1.97270405,-1,5.03301582,2.80606205,1
fields/00079__plt00079__fab0000_comp02_ez.f32__c0048__dt-f32/chunk_0,1000000,2,ans shuffle=byte,primary,1.84585595,-1,5.032098,2.67936595,1
fields/00080__plt00080__fab0000_comp02_ez.f32__c0016__dt-f32/chunk_0,1000000,2,ans shuffle=byte,primary,4.00918388,-1,5.03213422,4.84268788,1
fields/00080__plt00080__fab0000_comp02_ez.f32__c0000__dt-f32/chunk_0,1000000,2,ans shuffle=byte,primary,4.05510378,-1,5.03161506,4.88869378,1
fields/00079__plt00079__fab0000_comp02_ez.f32__c0040__dt-f32/chunk_0,1000000,2,ans shuffle=byte,primary,5.58175993,-1,1.7788273,7.93966393,1
fields/00080__plt00080__fab0000_comp02_ez.f32__c0008__dt-f32/chunk_0,1000000,2,ans shuffle=byte,primary,3.33590388,-1,5.03273802,4.16930788,1
fields/00081__plt00081__fab0000_comp02_ez.f32__c0008__dt-f32/chunk_0,1000000,2,ans shuffle=byte,primary,3.32620811,-1,5.03273802,4.15961211,1
fields/00080__plt00080__fab0000_comp02_ez.f32__c0048__dt-f32/chunk_0,1000000,2,ans shuffle=byte,primary,1.02236795,-1,5.032098,1.85587795,1
fields/00080__plt00080__fab0000_comp02_ez.f32__c0032__dt-f32/chunk_0,1000000,2,ans shuffle=byte,primary,2.433568,-1,1.16241219,6.041844,1
fields/00080__plt00080__fab0000_comp02_ez.f32__c0040__dt-f32/chunk_0,1000000,2,ans shuffle=byte,primary,3.41126394,-1,1.66266187,5.93390794,1
fields/00081__plt00081__fab0000_comp02_ez.f32__c0016__dt-f32/chunk_0,1000000,2,ans shuffle=byte,primary,3.28627205,-1,5.03213422,4.11977605,1
fields/00081__plt00081__fab0000_comp02_ez.f32__c0032__dt-f32/chunk_0,1000000,2,ans shuffle=byte,primary,3.73632002,-1,1.16266932,7.34379802,1
fields/00081__plt00081__fab0000_comp02_ez.f32__c0024__dt-f32/chunk_0,1000000,2,ans shuffle=byte,primary,3.67302394,-1,1.37405987,6.72551394,1
fields/00080__plt00080__fab0000_comp02_ez.f32__c0056__dt-f32/chunk_0,1000000,2,ans shuffle=byte,primary,3.94902396,-1,5.03301582,4.78238196,1
fields/00081__plt00081__fab0000_comp02_ez.f32__c0000__dt-f32/chunk_0,1000000,2,ans shuffle=byte,primary,4.0266881,-1,5.03161506,4.8602781,1
fields/00081__plt00081__fab0000_comp02_ez.f32__c0040__dt-f32/chunk_0,1000000,2,ans shuffle=byte,primary,4.19932795,-1,1.58844706,6.83983395,1
fields/00082__plt00082__fab0000_comp02_ez.f32__c0008__dt-f32/chunk_0,1000000,2,ans shuffle=byte,primary,1.16441596,-1,5.03273802,1.99781996,1
fields/00081__plt00081__fab0000_comp02_ez.f32__c0048__dt-f32/chunk_0,1000000,2,ans shuffle=byte,primary,2.81958389,-1,5.032098,3.65309389,1
fields/00081__plt00081__fab0000_comp02_ez.f32__c0056__dt-f32/chunk_0,1000000,2,ans shuffle=byte,primary,2.48470402,-1,5.03301582,3.31806202,1
fields/00082__plt00082__fab0000_comp02_ez.f32__c0000__dt-f32/chunk_0,1000000,2,ans shuffle=byte,primary,2.25510406,-1,5.03161506,3.08869406,1
fields/00082__plt00082__fab0000_comp02_ez.f32__c0016__dt-f32/chunk_0,1000000,2,ans shuffle=byte,primary,2.63273597,-1,5.03213422,3.46623997,1
fields/00082__plt00082__fab0000_comp02_ez.f32__c0032__dt-f32/chunk_0,1000000,2,ans shuffle=byte,primary,2.24268794,-1,1.16284145,5.84963194,1
fields/00082__plt00082__fab0000_comp02_ez.f32__c0040__dt-f32/chunk_0,1000000,2,ans shuffle=byte,primary,2.24265599,-1,1.54218342,4.96237399,1
fields/00082__plt00082__fab0000_comp02_ez.f32__c0024__dt-f32/chunk_0,1000000,2,ans shuffle=byte,primary,2.64064002,-1,1.36807036,5.70649402,1
fields/00082__plt00082__fab0000_comp02_ez.f32__c0048__dt-f32/chunk_0,1000000,2,ans shuffle=byte,primary,2.02294397,-1,5.032098,2.85645397,1
fields/00083__plt00083__fab0000_comp02_ez.f32__c0016__dt-f32/chunk_0,1000000,2,ans shuffle=byte,primary,0.286047995,-1,5.03213422,1.119552,1
fields/00083__plt00083__fab0000_comp02_ez.f32__c0008__dt-f32/chunk_0,1000000,2,ans shuffle=byte,primary,0.232991993,-1,5.03273802,1.06639599,1
fields/00082__plt00082__fab0000_comp02_ez.f32__c0056__dt-f32/chunk_0,1000000,2,ans shuffle=byte,primary,2.85552001,-1,5.03301582,3.68887801,1
fields/00083__plt00083__fab0000_comp02_ez.f32__c0000__dt-f32/chunk_0,1000000,2,ans shuffle=byte,primary,1.10985601,-1,5.03161506,1.94344601,1
fields/00083__plt00083__fab0000_comp02_ez.f32__c0040__dt-f32/chunk_0,1000000,2,ans shuffle=byte,primary,1.85792005,-1,1.50793315,4.63941205,1
fields/00084__plt00084__fab0000_comp02_ez.f32__c0016__dt-f32/chunk_0,1000000,2,ans shuffle=byte,primary,1.99379206,-1,5.03213422,2.82729606,1
fields/00083__plt00083__fab0000_comp02_ez.f32__c0032__dt-f32/chunk_0,1000000,2,ans shuffle=byte,primary,2.04432011,-1,1.16307878,5.65052811,1
fields/00084__plt00084__fab0000_comp02_ez.f32__c0000__dt-f32/chunk_0,1000000,2,ans shuffle=byte,primary,1.15846395,-1,5.03161506,1.99205395,1
fields/00083__plt00083__fab0000_comp02_ez.f32__c0048__dt-f32/chunk_0,1000000,2,ans shuffle=byte,primary,2.22166395,-1,5.032098,3.05517395,1
fields/00083__plt00083__fab0000_comp02_ez.f32__c0024__dt-f32/chunk_0,1000000,2,ans shuffle=byte,primary,1.619488,-1,1.36254438,4.697776,1
fields/00083__plt00083__fab0000_comp02_ez.f32__c0056__dt-f32/chunk_0,1000000,2,ans shuffle=byte,primary,1.76537597,-1,5.03301582,2.59873397,1
fields/00084__plt00084__fab0000_comp02_ez.f32__c0008__dt-f32/chunk_0,1000000,2,ans shuffle=byte,primary,1.19116795,-1,5.03273802,2.02457195,1
fields/00084__plt00084__fab0000_comp02_ez.f32__c0024__dt-f32/chunk_0,1000000,2,ans shuffle=byte,primary,3.02947211,-1,1.35746692,6.11927411,1
fields/00085__plt00085__fab0000_comp02_ez.f32__c0016__dt-f32/chunk_0,1000000,2,ans shuffle=byte,primary,0.712831974,-1,5.03213422,1.54633597,1
fields/00084__plt00084__fab0000_comp02_ez.f32__c0032__dt-f32/chunk_0,1000000,2,ans shuffle=byte,primary,2.38960004,-1,1.16339429,5.99483004,1
fields/00085__plt00085__fab0000_comp02_ez.f32__c0024__dt-f32/chunk_0,1000000,2,ans shuffle=byte,primary,2.07168007,-1,1.35286164,5.17200007,1
fields/00085__plt00085__fab0000_comp02_ez.f32__c0000__dt-f32/chunk_0,1000000,2,ans shuffle=byte,primary,1.05772805,-1,5.03161506,1.89131805,1
fields/00084__plt00084__fab0000_comp02_ez.f32__c0048__dt-f32/chunk_0,1000000,2,ans shuffle=byte,primary,1.81542397,-1,5.032098,2.64893397,1
fields/00084__plt00084__fab0000_comp02_ez.f32__c0040__dt-f32/chunk_0,1000000,2,ans shuffle=byte,primary,1.940256,-1,1.4811703,4.772006,1
fields/00085__plt00085__fab0000_comp02_ez.f32__c0032__dt-f32/chunk_0,1000000,2,ans shuffle=byte,primary,2.3949759,-1,1.16379134,5.9989759,1
fields/00085__plt00085__fab0000_comp02_ez.f32__c0008__dt-f32/chunk_0,1000000,2,ans shuffle=byte,primary,1.15647995,-1,5.03273802,1.98988395,1
fields/00084__plt00084__fab0000_comp02_ez.f32__c0056__dt-f32/chunk_0,1000000,2,ans shuffle=byte,primary,1.60671997,-1,5.03301582,2.44007797,1
fields/00085__plt00085__fab0000_comp02_ez.f32__c0040__dt-f32/chunk_0,1000000,2,ans shuffle=byte,primary,2.48489594,-1,1.45989275,5.35791794,1
fields/00085__plt00085__fab0000_comp02_ez.f32__c0056__dt-f32/chunk_0,1000000,2,ans shuffle=byte,primary,0.901408017,-1,5.03301582,1.73476602,1
fields/00086__plt00086__fab0000_comp02_ez.f32__c0008__dt-f32/chunk_0,1000000,2,ans shuffle=byte,primary,2.26201606,-1,5.03273802,3.09542006,1
fields/00085__plt00085__fab0000_comp02_ez.f32__c0048__dt-f32/chunk_0,1000000,2,ans shuffle=byte,primary,1.33759999,-1,5.032098,2.17110999,1
fields/00086__plt00086__fab0000_comp02_ez.f32__c0016__dt-f32/chunk_0,1000000,2,ans shuffle=byte,primary,2.60335994,-1,5.03213422,3.43686394,1
fields/00086__plt00086__fab0000_comp02_ez.f32__c0040__dt-f32/chunk_0,1000000,2,ans shuffle=byte,primary,2.86953592,-1,1.44243506,5.77732992,1
fields/00086__plt00086__fab0000_comp02_ez.f32__c0032__dt-f32/chunk_0,1000000,2,ans shuffle=byte,primary,2.7112639,-1,1.16441879,6.3133219,1
fields/00086__plt00086__fab0000_comp02_ez.f32__c0024__dt-f32/chunk_0,1000000,2,ans shuffle=byte,primary,2.43711996,-1,1.34887894,5.54659396,1
fields/00086__plt00086__fab0000_comp02_ez.f32__c0048__dt-f32/chunk_0,1000000,2,ans shuffle=byte,primary,1.89059198,-1,5.032098,2.72410198,1
fields/00086__plt00086__fab0000_comp02_ez.f32__c0000__dt-f32/chunk_0,1000000,2,ans shuffle=byte,primary,3.88739204,-1,5.03161506,4.72098204,1
fields/00086__plt00086__fab0000_comp02_ez.f32__c0056__dt-f32/chunk_0,1000000,2,ans shuffle=byte,primary,2.20607996,-1,5.03301582,3.03943796,1
fields/00087__plt00087__fab0000_comp02_ez.f32__c0000__dt-f32/chunk_0,1000000,2,ans shuffle=byte,primary,2.1986239,-1,5.03161506,3.0322139,1
fields/00087__plt00087__fab0000_comp02_ez.f32__c0040__dt-f32/chunk_0,1000000,2,ans shuffle=byte,primary,1.35859203,-1,1.42851732,4.29471603,1
fields/00087__plt00087__fab0000_comp02_ez.f32__c0048__dt-f32/chunk_0,1000000,2,ans shuffle=byte,primary,2.12099195,-1,5.032098,2.95450195,1
fields/00087__plt00087__fab0000_comp02_ez.f32__c0008__dt-f32/chunk_0,1000000,2,ans shuffle=byte,primary,3.79702401,-1,5.03273802,4.63042801,1
fields/00087__plt00087__fab0000_comp02_ez.f32__c0032__dt-f32/chunk_0,1000000,2,ans shuffle=byte,primary,1.49372804,-1,1.16495177,5.09413804,1
fields/00087__plt00087__fab0000_comp02_ez.f32__c0016__dt-f32/chunk_0,1000000,2,ans shuffle=byte,primary,1.26806402,-1,5.03213422,2.10156802,1
fields/00087__plt00087__fab0000_comp02_ez.f32__c0024__dt-f32/chunk_0,1000000,2,ans shuffle=byte,primary,1.35884798,-1,1.34543733,4.47627598,1
fields/00087__plt00087__fab0000_comp02_ez.f32__c0056__dt-f32/chunk_0,1000000,2,ans shuffle=byte,primary,1.82527995,-1,5.03301582,2.65863795,1
fields/00088__plt00088__fab0000_comp02_ez.f32__c0016__dt-f32/chunk_0,1000000,2,ans shuffle=byte,primary,1.02432001,-1,5.03213422,1.85782401,1
fields/00088__plt00088__fab0000_comp02_ez.f32__c0008__dt-f32/chunk_0,1000000,2,ans shuffle=byte,primary,2.10175991,-1,5.03273802,2.93516391,1
fields/00088__plt00088__fab0000_comp02_ez.f32__c0000__dt-f32/chunk_0,1000000,2,ans shuffle=byte,primary,2.42975998,-1,5.03161506,3.26334998,1
fields/00089__plt00089__fab0000_comp02_ez.f32__c0000__dt-f32/chunk_0,1000000,2,ans shuffle=byte,primary,1.85222399,-1,5.03161506,2.68581399,1
fields/00088__plt00088__fab0000_comp02_ez.f32__c0024__dt-f32/chunk_0,1000000,2,ans shuffle=byte,primary,1.99471998,-1,1.34231731,5.11939398,1
fields/00088__plt00088__fab0000_comp02_ez.f32__c0040__dt-f32/chunk_0,1000000,2,ans shuffle=byte,primary,1.17388797,-1,1.41760474,4.13261397,1
fields/00088__plt00088__fab0000_comp02_ez.f32__c0048__dt-f32/chunk_0,1000000,2,ans shuffle=byte,primary,1.02956796,-1,5.032098,1.86307796,1
fields/00088__plt00088__fab0000_comp02_ez.f32__c0032__dt-f32/chunk_0,1000000,2,ans shuffle=byte,primary,1.81081605,-1,1.16559601,5.40923605,1
fields/00088__plt00088__fab0000_comp02_ez.f32__c0056__dt-f32/chunk_0,1000000,2,ans shuffle=byte,primary,2.05823994,-1,5.03301582,2.89159794,1
fields/00089__plt00089__fab0000_comp02_ez.f32__c0016__dt-f32/chunk_0,1000000,2,ans shuffle=byte,primary,2.1371839,-1,5.03213422,2.9706879,1
fields/00089__plt00089__fab0000_comp02_ez.f32__c0008__dt-f32/chunk_0,1000000,2,ans shuffle=byte,primary,2.15696001,-1,5.03273802,2.99036401,1
fields/00089__plt00089__fab0000_comp02_ez.f32__c0032__dt-f32/chunk_0,1000000,2,ans shuffle=byte,primary,1.15094399,-1,1.16630518,4.74717599,1
fields/00090__plt00090__fab0000_comp02_ez.f32__c0000__dt-f32/chunk_0,1000000,2,ans shuffle=byte,primary,0.840031981,-1,5.03161506,1.67362198,1
fields/00090__plt00090__fab0000_comp02_ez.f32__c0008__dt-f32/chunk_0,1000000,2,ans shuffle=byte,primary,1.61510396,-1,5.03273802,2.44850796,1
fields/00089__plt00089__fab0000_comp02_ez.f32__c0024__dt-f32/chunk_0,1000000,2,ans shuffle=byte,primary,1.27087998,-1,1.33918949,4.40285198,1
fields/00089__plt00089__fab0000_comp02_ez.f32__c0048__dt-f32/chunk_0,1000000,2,ans shuffle=byte,primary,0.859296024,-1,5.032098,1.69280602,1
fields/00089__plt00089__fab0000_comp02_ez.f32__c0056__dt-f32/chunk_0,1000000,2,ans shuffle=byte,primary,1.64655995,-1,5.03301582,2.47991795,1
fields/00090__plt00090__fab0000_comp02_ez.f32__c0024__dt-f32/chunk_0,1000000,2,ans shuffle=byte,primary,2.19142389,-1,1.33596302,5.33095989,1
fields/00089__plt00089__fab0000_comp02_ez.f32__c0040__dt-f32/chunk_0,1000000,2,ans shuffle=byte,primary,1.98223996,-1,1.40859821,4.95988396,1
fields/00090__plt00090__fab0000_comp02_ez.f32__c0048__dt-f32/chunk_0,1000000,2,ans shuffle=byte,primary,2.34300804,-1,5.032098,3.17651804,1
fields/00090__plt00090__fab0000_comp02_ez.f32__c0040__dt-f32/chunk_0,1000000,2,ans shuffle=byte,primary,1.11808002,-1,1.40068981,4.11253602,1
fields/00090__plt00090__fab0000_comp02_ez.f32__c0016__dt-f32/chunk_0,1000000,2,ans shuffle=byte,primary,1.15977597,-1,5.03213422,1.99327997,1
fields/00090__plt00090__fab0000_comp02_ez.f32__c0032__dt-f32/chunk_0,1000000,2,ans shuffle=byte,primary,1.11398399,-1,1.16709574,4.70777999,1
fields/00091__plt00091__fab0000_comp02_ez.f32__c0016__dt-f32/chunk_0,1000000,2,ans shuffle=byte,primary,2.53952003,-1,5.03213422,3.37302403,1
fields/00090__plt00090__fab0000_comp02_ez.f32__c0056__dt-f32/chunk_0,1000000,2,ans shuffle=byte,primary,2.3353281,-1,5.03301582,3.1686861,1
fields/00091__plt00091__fab0000_comp02_ez.f32__c0008__dt-f32/chunk_0,1000000,2,ans shuffle=byte,primary,1.79136002,-1,5.03273802,2.62476402,1
fields/00091__plt00091__fab0000_comp02_ez.f32__c0000__dt-f32/chunk_0,1000000,2,ans shuffle=byte,primary,1.75699198,-1,5.03161506,2.59058198,1
fields/00091__plt00091__fab0000_comp02_ez.f32__c0024__dt-f32/chunk_0,1000000,2,ans shuffle=byte,primary,1.07622397,-1,1.33355971,4.22141797,1
fields/00091__plt00091__fab0000_comp02_ez.f32__c0032__dt-f32/chunk_0,1000000,2,ans shuffle=byte,primary,0.393759996,-1,1.16782559,3.98531,1
fields/00091__plt00091__fab0000_comp02_ez.f32__c0048__dt-f32/chunk_0,1000000,2,ans shuffle=byte,primary,0.878112018,-1,5.032098,1.71162202,1
fields/00092__plt00092__fab0000_comp02_ez.f32__c0008__dt-f32/chunk_0,1000000,2,ans shuffle=byte,primary,1.53753603,-1,5.03273802,2.37094003,1
fields/00091__plt00091__fab0000_comp02_ez.f32__c0040__dt-f32/chunk_0,1000000,2,ans shuffle=byte,primary,1.39395201,-1,1.39365557,4.40352201,1
fields/00091__plt00091__fab0000_comp02_ez.f32__c0056__dt-f32/chunk_0,1000000,2,ans shuffle=byte,primary,1.42876804,-1,5.03301582,2.26212604,1
fields/00092__plt00092__fab0000_comp02_ez.f32__c0024__dt-f32/chunk_0,1000000,2,ans shuffle=byte,primary,1.52166402,-1,1.33106533,4.67275202,1
fields/00092__plt00092__fab0000_comp02_ez.f32__c0032__dt-f32/chunk_0,1000000,2,ans shuffle=byte,primary,0.676288009,-1,1.16837797,4.26614001,1
fields/00092__plt00092__fab0000_comp02_ez.f32__c0016__dt-f32/chunk_0,1000000,2,ans shuffle=byte,primary,0.985408008,-1,5.03213422,1.81891201,1
fields/00092__plt00092__fab0000_comp02_ez.f32__c0000__dt-f32/chunk_0,1000000,2,ans shuffle=byte,primary,2.05651212,-1,5.03161506,2.89010212,1
fields/00092__plt00092__fab0000_comp02_ez.f32__c0040__dt-f32/chunk_0,1000000,2,ans shuffle=byte,primary,0.251648009,-1,1.38695209,3.27576401,1
fields/00092__plt00092__fab0000_comp02_ez.f32__c0048__dt-f32/chunk_0,1000000,2,ans shuffle=byte,primary,0.975744009,-1,5.032098,1.80925401,1
fields/00092__plt00092__fab0000_comp02_ez.f32__c0056__dt-f32/chunk_0,1000000,2,ans shuffle=byte,primary,2.67248011,-1,5.03301582,3.50583811,1
fields/00093__plt00093__fab0000_comp02_ez.f32__c0000__dt-f32/chunk_0,1000000,2,ans shuffle=byte,primary,2.631392,-1,5.03161506,3.464982,1
fields/00093__plt00093__fab0000_comp02_ez.f32__c0008__dt-f32/chunk_0,1000000,2,ans shuffle=byte,primary,0.918944001,-1,5.03273802,1.752348,1
fields/00093__plt00093__fab0000_comp02_ez.f32__c0032__dt-f32/chunk_0,1000000,2,ans shuffle=byte,primary,1.21523201,-1,1.16901949,4.80311401,1
fields/00093__plt00093__fab0000_comp02_ez.f32__c0024__dt-f32/chunk_0,1000000,2,ans shuffle=byte,primary,3.6047039,-1,1.32858027,6.7616859,1
fields/00093__plt00093__fab0000_comp02_ez.f32__c0048__dt-f32/chunk_0,1000000,2,ans shuffle=byte,primary,1.01068795,-1,5.032098,1.84419795,1
fields/00093__plt00093__fab0000_comp02_ez.f32__c0056__dt-f32/chunk_0,1000000,2,ans shuffle=byte,primary,0.997407973,-1,5.03301582,1.83076597,1
fields/00093__plt00093__fab0000_comp02_ez.f32__c0016__dt-f32/chunk_0,1000000,2,ans shuffle=byte,primary,0.387584001,-1,5.03213422,1.221088,1
fields/00093__plt00093__fab0000_comp02_ez.f32__c0040__dt-f32/chunk_0,1000000,2,ans shuffle=byte,primary,2.25219202,-1,1.38116821,5.28897202,1
fields/00094__plt00094__fab0000_comp02_ez.f32__c0008__dt-f32/chunk_0,1000000,2,ans shuffle=byte,primary,1.12092805,-1,5.03273802,1.95433205,1
fields/00094__plt00094__fab0000_comp02_ez.f32__c0000__dt-f32/chunk_0,1000000,2,ans shuffle=byte,primary,0.315167993,-1,5.03161506,1.14875799,1
fields/00094__plt00094__fab0000_comp02_ez.f32__c0016__dt-f32/chunk_0,1000000,2,ans shuffle=byte,primary,0.575743973,-1,5.03213422,1.40924797,1
fields/00094__plt00094__fab0000_comp02_ez.f32__c0032__dt-f32/chunk_0,1000000,2,ans shuffle=byte,primary,1.92255998,-1,1.16974523,5.50821598,1
fields/00094__plt00094__fab0000_comp02_ez.f32__c0024__dt-f32/chunk_0,1000000,2,ans shuffle=byte,primary,2.12729597,-1,1.32623278,5.28986597,1
fields/00095__plt00095__fab0000_comp02_ez.f32__c0008__dt-f32/chunk_0,1000000,2,ans shuffle=byte,primary,1.45939195,-1,5.03273802,2.29279595,1
fields/00094__plt00094__fab0000_comp02_ez.f32__c0040__dt-f32/chunk_0,1000000,2,ans shuffle=byte,primary,1.88620806,-1,1.37557672,4.93533206,1
fields/00095__plt00095__fab0000_comp02_ez.f32__c0016__dt-f32/chunk_0,1000000,2,ans shuffle=byte,primary,0.838656008,-1,5.03213422,1.67216001,1
fields/00094__plt00094__fab0000_comp02_ez.f32__c0048__dt-f32/chunk_0,1000000,2,ans shuffle=byte,primary,0.216480002,-1,5.032098,1.04999,1
fields/00095__plt00095__fab0000_comp02_ez.f32__c0000__dt-f32/chunk_0,1000000,2,ans shuffle=byte,primary,0.217408001,-1,5.03161506,1.050998,1
fields/00094__plt00094__fab0000_comp02_ez.f32__c0056__dt-f32/chunk_0,1000000,2,ans shuffle=byte,primary,0.503903985,-1,5.03301582,1.33726199,1
fields/00095__plt00095__fab0000_comp02_ez.f32__c0024__dt-f32/chunk_0,1000000,2,ans shuffle=byte,primary,2.4302721,-1,1.32420203,5.5976921,1
fields/00095__plt00095__fab0000_comp02_ez.f32__c0032__dt-f32/chunk_0,1000000,2,ans shuffle=byte,primary,1.11065602,-1,1.17023151,4.69482202,1
fields/00096__plt00096__fab0000_comp02_ez.f32__c0008__dt-f32/chunk_0,1000000,2,ans shuffle=byte,primary,4.57590389,-1,5.03273802,5.40930789,1
fields/00095__plt00095__fab0000_comp02_ez.f32__c0056__dt-f32/chunk_0,1000000,2,ans shuffle=byte,primary,4.59327984,-1,5.03301582,5.42663784,1
fields/00095__plt00095__fab0000_comp02_ez.f32__c0040__dt-f32/chunk_0,1000000,2,ans shuffle=byte,primary,1.13888001,-1,1.37051291,4.19927001,1
fields/00096__plt00096__fab0000_comp02_ez.f32__c0016__dt-f32/chunk_0,1000000,2,ans shuffle=byte,primary,1.56460798,-1,5.03213422,2.39811198,1
fields/00096__plt00096__fab0000_comp02_ez.f32__c0000__dt-f32/chunk_0,1000000,2,ans shuffle=byte,primary,2.52902389,-1,5.03161506,3.36261389,1
fields/00095__plt00095__fab0000_comp02_ez.f32__c0048__dt-f32/chunk_0,1000000,2,ans shuffle=byte,primary,0.472351998,-1,5.032098,1.305862,1
fields/00096__plt00096__fab0000_comp02_ez.f32__c0024__dt-f32/chunk_0,1000000,2,ans shuffle=byte,primary,1.57443202,-1,1.32205664,4.74699202,1
fields/00096__plt00096__fab0000_comp02_ez.f32__c0056__dt-f32/chunk_0,1000000,2,ans shuffle=byte,primary,1.35088003,-1,5.03301582,2.18423803,1
fields/00097__plt00097__fab0000_comp02_ez.f32__c0016__dt-f32/chunk_0,1000000,2,ans shuffle=byte,primary,0.891807973,-1,5.03213422,1.72531197,1
fields/00096__plt00096__fab0000_comp02_ez.f32__c0032__dt-f32/chunk_0,1000000,2,ans shuffle=byte,primary,2.02403212,-1,1.17083062,5.60636412,1
fields/00096__plt00096__fab0000_comp02_ez.f32__c0048__dt-f32/chunk_0,1000000,2,ans shuffle=byte,primary,2.35500789,-1,5.032098,3.18851789,1
fields/00097__plt00097__fab0000_comp02_ez.f32__c0008__dt-f32/chunk_0,1000000,2,ans shuffle=byte,primary,1.38911998,-1,5.03273802,2.22252398,1
fields/00097__plt00097__fab0000_comp02_ez.f32__c0024__dt-f32/chunk_0,1000000,2,ans shuffle=byte,primary,0.486303985,-1,1.3201018,3.66356199,1
fields/00096__plt00096__fab0000_comp02_ez.f32__c0040__dt-f32/chunk_0,1000000,2,ans shuffle=byte,primary,2.32899189,-1,1.36608486,5.39930189,1
fields/00097__plt00097__fab0000_comp02_ez.f32__c0000__dt-f32/chunk_0,1000000,2,ans shuffle=byte,primary,0.486912012,-1,5.03161506,1.32050201,1
fields/00097__plt00097__fab0000_comp02_ez.f32__c0032__dt-f32/chunk_0,1000000,2,ans shuffle=byte,primary,0.409056008,-1,1.17129622,3.98996401,1
fields/00097__plt00097__fab0000_comp02_ez.f32__c0040__dt-f32/chunk_0,1000000,2,ans shuffle=byte,primary,1.87385595,-1,1.36181885,4.95378395,1
fields/00097__plt00097__fab0000_comp02_ez.f32__c0056__dt-f32/chunk_0,1000000,2,ans shuffle=byte,primary,1.58921599,-1,5.03301582,2.42257399,1
fields/00097__plt00097__fab0000_comp02_ez.f32__c0048__dt-f32/chunk_0,1000000,2,ans shuffle=byte,primary,1.57033598,-1,5.032098,2.40384598,1
fields/00098__plt00098__fab0000_comp02_ez.f32__c0000__dt-f32/chunk_0,1000000,2,ans shuffle=byte,primary,0.369760007,-1,5.03161506,1.20335001,1
fields/00098__plt00098__fab0000_comp02_ez.f32__c0008__dt-f32/chunk_0,1000000,2,ans shuffle=byte,primary,0.959743977,-1,5.03273802,1.79314798,1
fields/00098__plt00098__fab0000_comp02_ez.f32__c0048__dt-f32/chunk_0,1000000,2,ans shuffle=byte,primary,2.26528001,-1,5.032098,3.09879001,1
fields/00098__plt00098__fab0000_comp02_ez.f32__c0024__dt-f32/chunk_0,1000000,2,ans shuffle=byte,primary,1.07526398,-1,1.31803178,4.25751198,1
fields/00098__plt00098__fab0000_comp02_ez.f32__c0032__dt-f32/chunk_0,1000000,2,ans shuffle=byte,primary,1.80057597,-1,1.17155664,5.38068797,1
fields/00098__plt00098__fab0000_comp02_ez.f32__c0040__dt-f32/chunk_0,1000000,2,ans shuffle=byte,primary,1.92016006,-1,1.35761279,5.00963006,1
fields/00098__plt00098__fab0000_comp02_ez.f32__c0016__dt-f32/chunk_0,1000000,2,ans shuffle=byte,primary,1.06060803,-1,5.03213422,1.89411203,1
fields/00099__plt00099__fab0000_comp02_ez.f32__c0016__dt-f32/chunk_0,1000000,2,ans shuffle=byte,primary,0.880608022,-1,5.03213422,1.71411202,1
fields/00099__plt00099__fab0000_comp02_ez.f32__c0000__dt-f32/chunk_0,1000000,2,ans shuffle=byte,primary,1.778368,-1,5.03161506,2.611958,1
fields/00099__plt00099__fab0000_comp02_ez.f32__c0008__dt-f32/chunk_0,1000000,2,ans shuffle=byte,primary,1.50659204,-1,5.03273802,2.33999604,1
fields/00098__plt00098__fab0000_comp02_ez.f32__c0056__dt-f32/chunk_0,1000000,2,ans shuffle=byte,primary,1.53926396,-1,5.03301582,2.37262196,1
fields/00099__plt00099__fab0000_comp02_ez.f32__c0040__dt-f32/chunk_0,1000000,2,ans shuffle=byte,primary,1.21062398,-1,1.35342915,4.30964398,1
fields/00100__plt00100__fab0000_comp02_ez.f32__c0008__dt-f32/chunk_0,1000000,2,ans shuffle=byte,primary,1.95519996,-1,5.03273802,2.78860396,1
fields/00099__plt00099__fab0000_comp02_ez.f32__c0032__dt-f32/chunk_0,1000000,2,ans shuffle=byte,primary,0.734879971,-1,1.17182439,4.31417397,1
fields/00099__plt00099__fab0000_comp02_ez.f32__c0048__dt-f32/chunk_0,1000000,2,ans shuffle=byte,primary,2.1512959,-1,5.032098,2.9848059,1
fields/00099__plt00099__fab0000_comp02_ez.f32__c0024__dt-f32/chunk_0,1000000,2,ans shuffle=byte,primary,0.815168023,-1,1.31634656,4.00149002,1
fields/00099__plt00099__fab0000_comp02_ez.f32__c0056__dt-f32/chunk_0,1000000,2,ans shuffle=byte,primary,2.13305593,-1,5.03301582,2.96641393,1
fields/00100__plt00100__fab0000_comp02_ez.f32__c0000__dt-f32/chunk_0,1000000,2,ans shuffle=byte,primary,0.517503977,-1,5.03161506,1.35109398,1
fields/00100__plt00100__fab0000_comp02_ez.f32__c0024__dt-f32/chunk_0,1000000,2,ans shuffle=byte,primary,1.91673601,-1,1.3145478,5.10741801,1
fields/00100__plt00100__fab0000_comp02_ez.f32__c0016__dt-f32/chunk_0,1000000,2,ans shuffle=byte,primary,1.25436795,-1,5.03213422,2.08787195,1
fields/00100__plt00100__fab0000_comp02_ez.f32__c0040__dt-f32/chunk_0,1000000,2,ans shuffle=byte,primary,0.808384001,-1,1.35003035,3.915206,1
fields/00100__plt00100__fab0000_comp02_ez.f32__c0056__dt-f32/chunk_0,1000000,2,ans shuffle=byte,primary,1.77404797,-1,5.03301582,2.60740597,1
fields/00100__plt00100__fab0000_comp02_ez.f32__c0032__dt-f32/chunk_0,1000000,2,ans shuffle=byte,primary,1.45955205,-1,1.17219249,5.03772205,1
fields/00100__plt00100__fab0000_comp02_ez.f32__c0048__dt-f32/chunk_0,1000000,2,ans shuffle=byte,primary,1.78739202,-1,5.032098,2.62090202,1
