blob,bytes,fnv1a64,lib,codec,ratio,stored,compress_ms,preproc_ms,h2d_ms,decompress_ms,rc,stored_ratio
fields/00000__plt00000__density.f32__c0005__dt-f32/chunk_0,4194304,9904c9a6d6a22325,24,np-setting,31.7059,132312,0.074752,0,0,-1,0,31.7001
fields/00000__plt00000__density.f32__c0013__dt-f32/chunk_0,4194304,e5abd8e9222325,24,np-setting,31.7442,132152,0.069632,0,0,-1,0,31.7385
fields/00001__plt00000__tracer0.f32__c0005__dt-f32/chunk_0,4194304,107c877b1052bff5,24,np-setting,1.1062,3791672,0.103424,0,0,-1,0,1.10619
fields/00001__plt00000__tracer0.f32__c0013__dt-f32/chunk_0,4194304,4bbaf0a2c091895,24,np-setting,1.27207,3297240,0.090112,0,0,-1,0,1.27207
fields/00002__plt00000__tracer1.f32__c0005__dt-f32/chunk_0,4194304,c9af806b034d7e32,24,np-setting,3.55247,1180696,0.086016,0,0,-1,0,3.5524
fields/00002__plt00000__tracer1.f32__c0013__dt-f32/chunk_0,4194304,59c3845528e37668,24,np-setting,3.55247,1180696,0.082944,0,0,-1,0,3.5524
fields/00003__plt00000__tracer2.f32__c0005__dt-f32/chunk_0,4194304,91028081bda77175,24,np-setting,1.10618,3791724,0.103424,0,0,-1,0,1.10617
fields/00003__plt00000__tracer2.f32__c0013__dt-f32/chunk_0,4194304,fc5501e188755a55,24,np-setting,1.27208,3297228,0.094208,0,0,-1,0,1.27207
fields/00004__plt00000__velz.f32__c0005__dt-f32/chunk_0,4194304,f8e3e56ce9222325,24,np-setting,31.7519,132120,0.068608,0,0,-1,0,31.7462
fields/00004__plt00000__velz.f32__c0013__dt-f32/chunk_0,4194304,f8e3e56ce9222325,24,np-setting,31.7519,132120,0.765952,0,0,-1,0,31.7462
fields/00005__plt00001__density.f32__c0005__dt-f32/chunk_0,4194304,9904c9a6d6a22325,24,np-setting,31.7059,132312,0.637952,0,0,-1,0,31.7001
fields/00005__plt00001__density.f32__c0013__dt-f32/chunk_0,4194304,e5abd8e9222325,24,np-setting,31.7442,132152,0.090112,0,0,-1,0,31.7385
fields/00006__plt00001__tracer0.f32__c0005__dt-f32/chunk_0,4194304,107c877b1052bff5,24,np-setting,1.1062,3791672,0.160768,0,0,-1,0,1.10619
fields/00006__plt00001__tracer0.f32__c0013__dt-f32/chunk_0,4194304,4bbaf0a2c091895,24,np-setting,1.27207,3297240,0.093184,0,0,-1,0,1.27207
fields/00007__plt00001__tracer1.f32__c0005__dt-f32/chunk_0,4194304,c9af806b034d7e32,24,np-setting,3.55247,1180696,0.115712,0,0,-1,0,3.5524
fields/00007__plt00001__tracer1.f32__c0013__dt-f32/chunk_0,4194304,59c3845528e37668,24,np-setting,3.55247,1180696,0.078848,0,0,-1,0,3.5524
fields/00008__plt00001__tracer2.f32__c0005__dt-f32/chunk_0,4194304,91028081bda77175,24,np-setting,1.10618,3791724,0.104448,0,0,-1,0,1.10617
fields/00008__plt00001__tracer2.f32__c0013__dt-f32/chunk_0,4194304,fc5501e188755a55,24,np-setting,1.27208,3297228,0.09216,0,0,-1,0,1.27207
fields/00009__plt00001__velz.f32__c0005__dt-f32/chunk_0,4194304,fba080a2a540e0ef,24,np-setting,1.14651,3658332,0.164864,0,0,-1,0,1.14651
fields/00009__plt00001__velz.f32__c0013__dt-f32/chunk_0,4194304,8710972c1b499c62,24,np-setting,1.11613,3757916,0.13312,0,0,-1,0,1.11613
fields/00010__plt00002__density.f32__c0005__dt-f32/chunk_0,4194304,9904c9a6d6a22325,24,np-setting,31.7059,132312,0.074752,0,0,-1,0,31.7001
fields/00010__plt00002__density.f32__c0013__dt-f32/chunk_0,4194304,e5abd8e9222325,24,np-setting,31.7442,132152,0.104448,0,0,-1,0,31.7385
fields/00011__plt00002__tracer0.f32__c0005__dt-f32/chunk_0,4194304,107c877b1052bff5,24,np-setting,1.1062,3791672,0.128,0,0,-1,0,1.10619
fields/00011__plt00002__tracer0.f32__c0013__dt-f32/chunk_0,4194304,4bbaf0a2c091895,24,np-setting,1.27207,3297240,0.094208,0,0,-1,0,1.27207
fields/00012__plt00002__tracer1.f32__c0005__dt-f32/chunk_0,4194304,c9af806b034d7e32,24,np-setting,3.55247,1180696,0.15872,0,0,-1,0,3.5524
fields/00012__plt00002__tracer1.f32__c0013__dt-f32/chunk_0,4194304,59c3845528e37668,24,np-setting,3.55247,1180696,0.08192,0,0,-1,0,3.5524
fields/00013__plt00002__tracer2.f32__c0005__dt-f32/chunk_0,4194304,91028081bda77175,24,np-setting,1.10618,3791724,0.10752,0,0,-1,0,1.10617
fields/00013__plt00002__tracer2.f32__c0013__dt-f32/chunk_0,4194304,fc5501e188755a55,24,np-setting,1.27208,3297228,0.130048,0,0,-1,0,1.27207
fields/00014__plt00002__velz.f32__c0005__dt-f32/chunk_0,4194304,ff3327e0116cbf70,24,np-setting,1.14725,3655972,0.160768,0,0,-1,0,1.14725
fields/00014__plt00002__velz.f32__c0013__dt-f32/chunk_0,4194304,6c50c32633ef89ca,24,np-setting,1.11667,3756092,0.104448,0,0,-1,0,1.11667
fields/00015__plt00003__density.f32__c0005__dt-f32/chunk_0,4194304,9904c9a6d6a22325,24,np-setting,31.7059,132312,0.13312,0,0,-1,0,31.7001
fields/00015__plt00003__density.f32__c0013__dt-f32/chunk_0,4194304,e5abd8e9222325,24,np-setting,31.7442,132152,0.089088,0,0,-1,0,31.7385
fields/00016__plt00003__tracer0.f32__c0005__dt-f32/chunk_0,4194304,107c877b1052bff5,24,np-setting,1.1062,3791672,0.105472,0,0,-1,0,1.10619
fields/00016__plt00003__tracer0.f32__c0013__dt-f32/chunk_0,4194304,4bbaf0a2c091895,24,np-setting,1.27207,3297240,0.094208,0,0,-1,0,1.27207
fields/00017__plt00003__tracer1.f32__c0005__dt-f32/chunk_0,4194304,c9af806b034d7e32,24,np-setting,3.55247,1180696,0.08192,0,0,-1,0,3.5524
fields/00017__plt00003__tracer1.f32__c0013__dt-f32/chunk_0,4194304,59c3845528e37668,24,np-setting,3.55247,1180696,0.1536,0,0,-1,0,3.5524
fields/00018__plt00003__tracer2.f32__c0005__dt-f32/chunk_0,4194304,91028081bda77175,24,np-setting,1.10618,3791724,0.14848,0,0,-1,0,1.10617
fields/00018__plt00003__tracer2.f32__c0013__dt-f32/chunk_0,4194304,fc5501e188755a55,24,np-setting,1.27208,3297228,0.096256,0,0,-1,0,1.27207
fields/00019__plt00003__velz.f32__c0005__dt-f32/chunk_0,4194304,bf70075dd9a91ae2,24,np-setting,1.14148,3674456,0.113664,0,0,-1,0,1.14148
fields/00019__plt00003__velz.f32__c0013__dt-f32/chunk_0,4194304,637a2ee6e751a0d6,24,np-setting,1.11786,3752108,0.098304,0,0,-1,0,1.11785
fields/00020__plt00004__density.f32__c0005__dt-f32/chunk_0,4194304,9904c9a6d6a22325,24,np-setting,31.7059,132312,0.069632,0,0,-1,0,31.7001
fields/00020__plt00004__density.f32__c0013__dt-f32/chunk_0,4194304,e5abd8e9222325,24,np-setting,31.7442,132152,0.094208,0,0,-1,0,31.7385
fields/00021__plt00004__tracer0.f32__c0005__dt-f32/chunk_0,4194304,107c877b1052bff5,24,np-setting,1.1062,3791672,0.161792,0,0,-1,0,1.10619
fields/00021__plt00004__tracer0.f32__c0013__dt-f32/chunk_0,4194304,4bbaf0a2c091895,24,np-setting,1.27207,3297240,0.13312,0,0,-1,0,1.27207
fields/00022__plt00004__tracer1.f32__c0005__dt-f32/chunk_0,4194304,c9af806b034d7e32,24,np-setting,3.55247,1180696,0.083968,0,0,-1,0,3.5524
fields/00022__plt00004__tracer1.f32__c0013__dt-f32/chunk_0,4194304,59c3845528e37668,24,np-setting,3.55247,1180696,0.08192,0,0,-1,0,3.5524
fields/00023__plt00004__tracer2.f32__c0005__dt-f32/chunk_0,4194304,91028081bda77175,24,np-setting,1.10618,3791724,0.098304,0,0,-1,0,1.10617
fields/00023__plt00004__tracer2.f32__c0013__dt-f32/chunk_0,4194304,fc5501e188755a55,24,np-setting,1.27208,3297228,0.094208,0,0,-1,0,1.27207
fields/00024__plt00004__velz.f32__c0005__dt-f32/chunk_0,4194304,3404da4b8cf17fab,24,np-setting,1.14755,3655044,0.098304,0,0,-1,0,1.14754
fields/00024__plt00004__velz.f32__c0013__dt-f32/chunk_0,4194304,95bd527a2f48dec3,24,np-setting,1.12016,3744412,1.22778,0,0,-1,0,1.12015
fields/00025__plt00005__density.f32__c0005__dt-f32/chunk_0,4194304,9904c9a6d6a22325,24,np-setting,31.7059,132312,0.069632,0,0,-1,0,31.7001
fields/00025__plt00005__density.f32__c0013__dt-f32/chunk_0,4194304,e5abd8e9222325,24,np-setting,31.7442,132152,0.082944,0,0,-1,0,31.7385
fields/00026__plt00005__tracer0.f32__c0005__dt-f32/chunk_0,4194304,107c877b1052bff5,24,np-setting,1.1062,3791672,0.129024,0,0,-1,0,1.10619
fields/00026__plt00005__tracer0.f32__c0013__dt-f32/chunk_0,4194304,4bbaf0a2c091895,24,np-setting,1.27207,3297240,0.162816,0,0,-1,0,1.27207
fields/00027__plt00005__tracer1.f32__c0005__dt-f32/chunk_0,4194304,c9af806b034d7e32,24,np-setting,3.55247,1180696,0.105472,0,0,-1,0,3.5524
fields/00027__plt00005__tracer1.f32__c0013__dt-f32/chunk_0,4194304,59c3845528e37668,24,np-setting,3.55247,1180696,0.08704,0,0,-1,0,3.5524
fields/00028__plt00005__tracer2.f32__c0005__dt-f32/chunk_0,4194304,91028081bda77175,24,np-setting,1.10618,3791724,0.116736,0,0,-1,0,1.10617
fields/00028__plt00005__tracer2.f32__c0013__dt-f32/chunk_0,4194304,fc5501e188755a55,24,np-setting,1.27208,3297228,0.108544,0,0,-1,0,1.27207
fields/00029__plt00005__velz.f32__c0005__dt-f32/chunk_0,4194304,17b555e71c65048,24,np-setting,1.14777,3654320,0.141312,0,0,-1,0,1.14777
fields/00029__plt00005__velz.f32__c0013__dt-f32/chunk_0,4194304,99419253254c3bc4,24,np-setting,1.12201,3738236,0.126976,0,0,-1,0,1.122
fields/00030__plt00006__density.f32__c0005__dt-f32/chunk_0,4194304,9904c9a6d6a22325,24,np-setting,31.7059,132312,0.070656,0,0,-1,0,31.7001
fields/00030__plt00006__density.f32__c0013__dt-f32/chunk_0,4194304,e5abd8e9222325,24,np-setting,31.7442,132152,0.103424,0,0,-1,0,31.7385
fields/00031__plt00006__tracer0.f32__c0005__dt-f32/chunk_0,4194304,107c877b1052bff5,24,np-setting,1.1062,3791672,0.099328,0,0,-1,0,1.10619
fields/00031__plt00006__tracer0.f32__c0013__dt-f32/chunk_0,4194304,4bbaf0a2c091895,24,np-setting,1.27207,3297240,0.09216,0,0,-1,0,1.27207
fields/00032__plt00006__tracer1.f32__c0005__dt-f32/chunk_0,4194304,c9af806b034d7e32,24,np-setting,3.55247,1180696,0.115712,0,0,-1,0,3.5524
fields/00032__plt00006__tracer1.f32__c0013__dt-f32/chunk_0,4194304,59c3845528e37668,24,np-setting,3.55247,1180696,0.082944,0,0,-1,0,3.5524
fields/00033__plt00006__tracer2.f32__c0005__dt-f32/chunk_0,4194304,91028081bda77175,24,np-setting,1.10618,3791724,0.129024,0,0,-1,0,1.10617
fields/00033__plt00006__tracer2.f32__c0013__dt-f32/chunk_0,4194304,fc5501e188755a55,24,np-setting,1.27208,3297228,0.094208,0,0,-1,0,1.27207
fields/00034__plt00006__velz.f32__c0005__dt-f32/chunk_0,4194304,8cb2008b0574b78a,24,np-setting,1.15131,3643088,0.175104,0,0,-1,0,1.1513
fields/00034__plt00006__velz.f32__c0013__dt-f32/chunk_0,4194304,4403119c18bf7cba,24,np-setting,1.12386,3732072,0.129024,0,0,-1,0,1.12385
fields/00035__plt00007__density.f32__c0005__dt-f32/chunk_0,4194304,9904c9a6d6a22325,24,np-setting,31.7059,132312,0.12288,0,0,-1,0,31.7001
fields/00035__plt00007__density.f32__c0013__dt-f32/chunk_0,4194304,e5abd8e9222325,24,np-setting,31.7442,132152,0.068608,0,0,-1,0,31.7385
fields/00036__plt00007__tracer0.f32__c0005__dt-f32/chunk_0,4194304,107c877b1052bff5,24,np-setting,1.1062,3791672,0.108544,0,0,-1,0,1.10619
fields/00036__plt00007__tracer0.f32__c0013__dt-f32/chunk_0,4194304,4bbaf0a2c091895,24,np-setting,1.27207,3297240,0.101376,0,0,-1,0,1.27207
fields/00037__plt00007__tracer1.f32__c0005__dt-f32/chunk_0,4194304,c9af806b034d7e32,24,np-setting,3.55247,1180696,1.12333,0,0,-1,0,3.5524
fields/00037__plt00007__tracer1.f32__c0013__dt-f32/chunk_0,4194304,59c3845528e37668,24,np-setting,3.55247,1180696,0.080896,0,0,-1,0,3.5524
fields/00038__plt00007__tracer2.f32__c0005__dt-f32/chunk_0,4194304,91028081bda77175,24,np-setting,1.10618,3791724,0.106496,0,0,-1,0,1.10617
fields/00038__plt00007__tracer2.f32__c0013__dt-f32/chunk_0,4194304,fc5501e188755a55,24,np-setting,1.27208,3297228,0.15872,0,0,-1,0,1.27207
fields/00039__plt00007__velz.f32__c0005__dt-f32/chunk_0,4194304,3f1669c6ee095c03,24,np-setting,1.15223,3640200,0.131072,0,0,-1,0,1.15222
fields/00039__plt00007__velz.f32__c0013__dt-f32/chunk_0,4194304,2b1f1a29da896e10,24,np-setting,1.12497,3728408,0.187392,0,0,-1,0,1.12496
fields/00040__plt00008__density.f32__c0005__dt-f32/chunk_0,4194304,9904c9a6d6a22325,24,np-setting,31.7059,132312,0.141312,0,0,-1,0,31.7001
fields/00040__plt00008__density.f32__c0013__dt-f32/chunk_0,4194304,e5abd8e9222325,24,np-setting,31.7442,132152,0.146432,0,0,-1,0,31.7385
fields/00041__plt00008__tracer0.f32__c0005__dt-f32/chunk_0,4194304,107c877b1052bff5,24,np-setting,1.1062,3791672,0.1024,0,0,-1,0,1.10619
fields/00041__plt00008__tracer0.f32__c0013__dt-f32/chunk_0,4194304,4bbaf0a2c091895,24,np-setting,1.27207,3297240,0.159744,0,0,-1,0,1.27207
fields/00042__plt00008__tracer1.f32__c0005__dt-f32/chunk_0,4194304,c9af806b034d7e32,24,np-setting,3.55247,1180696,0.095232,0,0,-1,0,3.5524
fields/00042__plt00008__tracer1.f32__c0013__dt-f32/chunk_0,4194304,59c3845528e37668,24,np-setting,3.55247,1180696,0.096256,0,0,-1,0,3.5524
fields/00043__plt00008__tracer2.f32__c0005__dt-f32/chunk_0,4194304,91028081bda77175,24,np-setting,1.10618,3791724,0.212992,0,0,-1,0,1.10617
fields/00043__plt00008__tracer2.f32__c0013__dt-f32/chunk_0,4194304,fc5501e188755a55,24,np-setting,1.27208,3297228,0.144384,0,0,-1,0,1.27207
fields/00044__plt00008__velz.f32__c0005__dt-f32/chunk_0,4194304,c9dcd73ebc848e7f,24,np-setting,1.15544,3630060,0.13312,0,0,-1,0,1.15544
fields/00044__plt00008__velz.f32__c0013__dt-f32/chunk_0,4194304,c1722344a34dbcd0,24,np-setting,1.12236,3737072,0.156672,0,0,-1,0,1.12235
fields/00045__plt00009__density.f32__c0005__dt-f32/chunk_0,4194304,9904c9a6d6a22325,24,np-setting,31.7059,132312,0.105472,0,0,-1,0,31.7001
fields/00045__plt00009__density.f32__c0013__dt-f32/chunk_0,4194304,e5abd8e9222325,24,np-setting,31.7442,132152,0.068608,0,0,-1,0,31.7385
fields/00046__plt00009__tracer0.f32__c0005__dt-f32/chunk_0,4194304,107c877b1052bff5,24,np-setting,1.1062,3791672,0.118784,0,0,-1,0,1.10619
fields/00046__plt00009__tracer0.f32__c0013__dt-f32/chunk_0,4194304,4bbaf0a2c091895,24,np-setting,1.27207,3297240,0.190464,0,0,-1,0,1.27207
fields/00047__plt00009__tracer1.f32__c0005__dt-f32/chunk_0,4194304,c9af806b034d7e32,24,np-setting,3.55247,1180696,0.104448,0,0,-1,0,3.5524
fields/00047__plt00009__tracer1.f32__c0013__dt-f32/chunk_0,4194304,59c3845528e37668,24,np-setting,3.55247,1180696,0.171008,0,0,-1,0,3.5524
fields/00048__plt00009__tracer2.f32__c0005__dt-f32/chunk_0,4194304,91028081bda77175,24,np-setting,1.10618,3791724,0.124928,0,0,-1,0,1.10617
fields/00048__plt00009__tracer2.f32__c0013__dt-f32/chunk_0,4194304,fc5501e188755a55,24,np-setting,1.27208,3297228,0.088064,0,0,-1,0,1.27207
fields/00049__plt00009__velz.f32__c0005__dt-f32/chunk_0,4194304,a2ed9d150e6dcca4,24,np-setting,1.1574,3623920,0.136192,0,0,-1,0,1.15739
fields/00049__plt00009__velz.f32__c0013__dt-f32/chunk_0,4194304,7a53a852023da3d4,24,np-setting,1.12053,3743164,0.155648,0,0,-1,0,1.12052
fields/00050__plt00010__density.f32__c0005__dt-f32/chunk_0,4194304,9904c9a6d6a22325,24,np-setting,31.7059,132312,0.09728,0,0,-1,0,31.7001
fields/00050__plt00010__density.f32__c0013__dt-f32/chunk_0,4194304,e5abd8e9222325,24,np-setting,31.7442,132152,0.070656,0,0,-1,0,31.7385
fields/00051__plt00010__tracer0.f32__c0005__dt-f32/chunk_0,4194304,107c877b1052bff5,24,np-setting,1.1062,3791672,0.145408,0,0,-1,0,1.10619
fields/00051__plt00010__tracer0.f32__c0013__dt-f32/chunk_0,4194304,4bbaf0a2c091895,24,np-setting,1.27207,3297240,0.120832,0,0,-1,0,1.27207
fields/00052__plt00010__tracer1.f32__c0005__dt-f32/chunk_0,4194304,c9af806b034d7e32,24,np-setting,3.55247,1180696,0.080896,0,0,-1,0,3.5524
fields/00052__plt00010__tracer1.f32__c0013__dt-f32/chunk_0,4194304,59c3845528e37668,24,np-setting,3.55247,1180696,0.08192,0,0,-1,0,3.5524
fields/00053__plt00010__tracer2.f32__c0005__dt-f32/chunk_0,4194304,91028081bda77175,24,np-setting,1.10618,3791724,0.150528,0,0,-1,0,1.10617
fields/00053__plt00010__tracer2.f32__c0013__dt-f32/chunk_0,4194304,fc5501e188755a55,24,np-setting,1.27208,3297228,0.11776,0,0,-1,0,1.27207
fields/00054__plt00010__velz.f32__c0005__dt-f32/chunk_0,4194304,4c3bb6e95ce44f5d,24,np-setting,1.1577,3622984,0.136192,0,0,-1,0,1.15769
fields/00054__plt00010__velz.f32__c0013__dt-f32/chunk_0,4194304,200ac57a5ecb4aff,24,np-setting,1.11856,3749744,0.101376,0,0,-1,0,1.11856
fields/00055__plt00012__density.f32__c0005__dt-f32/chunk_0,4194304,9904c9a6d6a22325,24,np-setting,31.7059,132312,0.068608,0,0,-1,0,31.7001
fields/00055__plt00012__density.f32__c0013__dt-f32/chunk_0,4194304,e5abd8e9222325,24,np-setting,31.7442,132152,0.1792,0,0,-1,0,31.7385
fields/00056__plt00012__tracer0.f32__c0005__dt-f32/chunk_0,4194304,107c877b1052bff5,24,np-setting,1.1062,3791672,0.1024,0,0,-1,0,1.10619
fields/00056__plt00012__tracer0.f32__c0013__dt-f32/chunk_0,4194304,4bbaf0a2c091895,24,np-setting,1.27207,3297240,0.149504,0,0,-1,0,1.27207
fields/00057__plt00012__tracer1.f32__c0005__dt-f32/chunk_0,4194304,c9af806b034d7e32,24,np-setting,3.55247,1180696,0.094208,0,0,-1,0,3.5524
fields/00057__plt00012__tracer1.f32__c0013__dt-f32/chunk_0,4194304,59c3845528e37668,24,np-setting,3.55247,1180696,0.114688,0,0,-1,0,3.5524
fields/00058__plt00012__tracer2.f32__c0005__dt-f32/chunk_0,4194304,91028081bda77175,24,np-setting,1.10618,3791724,0.188416,0,0,-1,0,1.10617
fields/00058__plt00012__tracer2.f32__c0013__dt-f32/chunk_0,4194304,fc5501e188755a55,24,np-setting,1.27208,3297228,0.124928,0,0,-1,0,1.27207
fields/00059__plt00012__velz.f32__c0005__dt-f32/chunk_0,4194304,39eb321619ff1552,24,np-setting,1.15718,3624624,0.099328,0,0,-1,0,1.15717
fields/00059__plt00012__velz.f32__c0013__dt-f32/chunk_0,4194304,b230d1408afcc130,24,np-setting,1.11738,3753708,0.100352,0,0,-1,0,1.11738
fields/00060__plt00013__density.f32__c0005__dt-f32/chunk_0,4194304,9904c9a6d6a22325,24,np-setting,31.7059,132312,0.111616,0,0,-1,0,31.7001
fields/00060__plt00013__density.f32__c0013__dt-f32/chunk_0,4194304,e5abd8e9222325,24,np-setting,31.7442,132152,0.100352,0,0,-1,0,31.7385
fields/00061__plt00013__tracer0.f32__c0005__dt-f32/chunk_0,4194304,107c877b1052bff5,24,np-setting,1.1062,3791672,0.139264,0,0,-1,0,1.10619
fields/00061__plt00013__tracer0.f32__c0013__dt-f32/chunk_0,4194304,4bbaf0a2c091895,24,np-setting,1.27207,3297240,0.094208,0,0,-1,0,1.27207
fields/00062__plt00013__tracer1.f32__c0005__dt-f32/chunk_0,4194304,c9af806b034d7e32,24,np-setting,3.55247,1180696,0.151552,0,0,-1,0,3.5524
fields/00062__plt00013__tracer1.f32__c0013__dt-f32/chunk_0,4194304,59c3845528e37668,24,np-setting,3.55247,1180696,0.086016,0,0,-1,0,3.5524
fields/00063__plt00013__tracer2.f32__c0005__dt-f32/chunk_0,4194304,91028081bda77175,24,np-setting,1.10618,3791724,0.242688,0,0,-1,0,1.10617
fields/00063__plt00013__tracer2.f32__c0013__dt-f32/chunk_0,4194304,fc5501e188755a55,24,np-setting,1.27208,3297228,0.203776,0,0,-1,0,1.27207
fields/00064__plt00013__velz.f32__c0005__dt-f32/chunk_0,4194304,5206edbc917a8085,24,np-setting,1.15614,3627880,0.18944,0,0,-1,0,1.15613
fields/00064__plt00013__velz.f32__c0013__dt-f32/chunk_0,4194304,95f188548555145e,24,np-setting,1.11619,3757712,0.165888,0,0,-1,0,1.11619
fields/00065__plt00015__density.f32__c0005__dt-f32/chunk_0,4194304,9904c9a6d6a22325,24,np-setting,31.7059,132312,0.069632,0,0,-1,0,31.7001
fields/00065__plt00015__density.f32__c0013__dt-f32/chunk_0,4194304,e5abd8e9222325,24,np-setting,31.7442,132152,0.162816,0,0,-1,0,31.7385
fields/00066__plt00015__tracer0.f32__c0005__dt-f32/chunk_0,4194304,107c877b1052bff5,24,np-setting,1.1062,3791672,0.103424,0,0,-1,0,1.10619
fields/00066__plt00015__tracer0.f32__c0013__dt-f32/chunk_0,4194304,4bbaf0a2c091895,24,np-setting,1.27207,3297240,0.258048,0,0,-1,0,1.27207
fields/00067__plt00015__tracer1.f32__c0005__dt-f32/chunk_0,4194304,c9af806b034d7e32,24,np-setting,3.55247,1180696,0.08192,0,0,-1,0,3.5524
fields/00067__plt00015__tracer1.f32__c0013__dt-f32/chunk_0,4194304,59c3845528e37668,24,np-setting,3.55247,1180696,0.297984,0,0,-1,0,3.5524
fields/00068__plt00015__tracer2.f32__c0005__dt-f32/chunk_0,4194304,91028081bda77175,24,np-setting,1.10618,3791724,0.123904,0,0,-1,0,1.10617
fields/00068__plt00015__tracer2.f32__c0013__dt-f32/chunk_0,4194304,fc5501e188755a55,24,np-setting,1.27208,3297228,0.11264,0,0,-1,0,1.27207
fields/00069__plt00015__velz.f32__c0005__dt-f32/chunk_0,4194304,ac3f1a68f0ee5950,24,np-setting,1.15078,3644780,0.27648,0,0,-1,0,1.15077
fields/00069__plt00015__velz.f32__c0013__dt-f32/chunk_0,4194304,91659938b6f58cb1,24,np-setting,1.11705,3754828,0.267264,0,0,-1,0,1.11704
fields/00070__plt00017__density.f32__c0005__dt-f32/chunk_0,4194304,9904c9a6d6a22325,24,np-setting,31.7059,132312,0.070656,0,0,-1,0,31.7001
fields/00070__plt00017__density.f32__c0013__dt-f32/chunk_0,4194304,e5abd8e9222325,24,np-setting,31.7442,132152,0.132096,0,0,-1,0,31.7385
fields/00071__plt00017__tracer0.f32__c0005__dt-f32/chunk_0,4194304,107c877b1052bff5,24,np-setting,1.1062,3791672,0.1024,0,0,-1,0,1.10619
fields/00071__plt00017__tracer0.f32__c0013__dt-f32/chunk_0,4194304,4bbaf0a2c091895,24,np-setting,1.27207,3297240,0.125952,0,0,-1,0,1.27207
fields/00072__plt00017__tracer1.f32__c0005__dt-f32/chunk_0,4194304,c9af806b034d7e32,24,np-setting,3.55247,1180696,0.22016,0,0,-1,0,3.5524
fields/00072__plt00017__tracer1.f32__c0013__dt-f32/chunk_0,4194304,59c3845528e37668,24,np-setting,3.55247,1180696,0.212992,0,0,-1,0,3.5524
fields/00073__plt00017__tracer2.f32__c0005__dt-f32/chunk_0,4194304,91028081bda77175,24,np-setting,1.10618,3791724,0.248832,0,0,-1,0,1.10617
fields/00073__plt00017__tracer2.f32__c0013__dt-f32/chunk_0,4194304,fc5501e188755a55,24,np-setting,1.27208,3297228,0.098304,0,0,-1,0,1.27207
fields/00074__plt00017__velz.f32__c0005__dt-f32/chunk_0,4194304,728ff6198d40d204,24,np-setting,1.15328,3636884,0.124928,0,0,-1,0,1.15327
fields/00074__plt00017__velz.f32__c0013__dt-f32/chunk_0,4194304,ceb2bfa429d182e5,24,np-setting,1.11855,3749800,0.100352,0,0,-1,0,1.11854
fields/00075__plt00019__density.f32__c0005__dt-f32/chunk_0,4194304,9904c9a6d6a22325,24,np-setting,31.7059,132312,0.200704,0,0,-1,0,31.7001
fields/00075__plt00019__density.f32__c0013__dt-f32/chunk_0,4194304,e5abd8e9222325,24,np-setting,31.7442,132152,0.262144,0,0,-1,0,31.7385
fields/00076__plt00019__tracer0.f32__c0005__dt-f32/chunk_0,4194304,107c877b1052bff5,24,np-setting,1.1062,3791672,0.118784,0,0,-1,0,1.10619
fields/00076__plt00019__tracer0.f32__c0013__dt-f32/chunk_0,4194304,4bbaf0a2c091895,24,np-setting,1.27207,3297240,0.09728,0,0,-1,0,1.27207
fields/00077__plt00019__tracer1.f32__c0005__dt-f32/chunk_0,4194304,c9af806b034d7e32,24,np-setting,3.55247,1180696,0.309248,0,0,-1,0,3.5524
fields/00077__plt00019__tracer1.f32__c0013__dt-f32/chunk_0,4194304,59c3845528e37668,24,np-setting,3.55247,1180696,0.126976,0,0,-1,0,3.5524
fields/00078__plt00019__tracer2.f32__c0005__dt-f32/chunk_0,4194304,91028081bda77175,24,np-setting,1.10618,3791724,0.320512,0,0,-1,0,1.10617
fields/00078__plt00019__tracer2.f32__c0013__dt-f32/chunk_0,4194304,fc5501e188755a55,24,np-setting,1.27208,3297228,0.095232,0,0,-1,0,1.27207
fields/00079__plt00019__velz.f32__c0005__dt-f32/chunk_0,4194304,9e065169523b7a9f,24,np-setting,1.15888,3619304,0.098304,0,0,-1,0,1.15887
fields/00079__plt00019__velz.f32__c0013__dt-f32/chunk_0,4194304,134c0aeb0cd0eff0,24,np-setting,1.12024,3744128,0.118784,0,0,-1,0,1.12024
fields/00080__plt00021__density.f32__c0005__dt-f32/chunk_0,4194304,9904c9a6d6a22325,24,np-setting,31.7059,132312,0.268288,0,0,-1,0,31.7001
fields/00080__plt00021__density.f32__c0013__dt-f32/chunk_0,4194304,e5abd8e9222325,24,np-setting,31.7442,132152,0.070656,0,0,-1,0,31.7385
fields/00081__plt00021__tracer0.f32__c0005__dt-f32/chunk_0,4194304,107c877b1052bff5,24,np-setting,1.1062,3791672,0.156672,0,0,-1,0,1.10619
fields/00081__plt00021__tracer0.f32__c0013__dt-f32/chunk_0,4194304,4bbaf0a2c091895,24,np-setting,1.27207,3297240,0.185344,0,0,-1,0,1.27207
fields/00082__plt00021__tracer1.f32__c0005__dt-f32/chunk_0,4194304,c9af806b034d7e32,24,np-setting,3.55247,1180696,0.105472,0,0,-1,0,3.5524
fields/00082__plt00021__tracer1.f32__c0013__dt-f32/chunk_0,4194304,59c3845528e37668,24,np-setting,3.55247,1180696,0.099328,0,0,-1,0,3.5524
fields/00083__plt00021__tracer2.f32__c0005__dt-f32/chunk_0,4194304,91028081bda77175,24,np-setting,1.10618,3791724,0.154624,0,0,-1,0,1.10617
fields/00083__plt00021__tracer2.f32__c0013__dt-f32/chunk_0,4194304,fc5501e188755a55,24,np-setting,1.27208,3297228,0.144384,0,0,-1,0,1.27207
fields/00084__plt00021__velz.f32__c0005__dt-f32/chunk_0,4194304,dd312dedadb27348,24,np-setting,1.161,3612692,0.239616,0,0,-1,0,1.16099
fields/00084__plt00021__velz.f32__c0013__dt-f32/chunk_0,4194304,dd83d41c6ad39a3c,24,np-setting,1.12209,3737948,0.182272,0,0,-1,0,1.12209
fields/00085__plt00023__density.f32__c0005__dt-f32/chunk_0,4194304,9904c9a6d6a22325,24,np-setting,31.7059,132312,0.207872,0,0,-1,0,31.7001
fields/00085__plt00023__density.f32__c0013__dt-f32/chunk_0,4194304,e5abd8e9222325,24,np-setting,31.7442,132152,0.106496,0,0,-1,0,31.7385
fields/00086__plt00023__tracer0.f32__c0005__dt-f32/chunk_0,4194304,107c877b1052bff5,24,np-setting,1.1062,3791672,0.100352,0,0,-1,0,1.10619
fields/00086__plt00023__tracer0.f32__c0013__dt-f32/chunk_0,4194304,4bbaf0a2c091895,24,np-setting,1.27207,3297240,0.300032,0,0,-1,0,1.27207
fields/00087__plt00023__tracer1.f32__c0005__dt-f32/chunk_0,4194304,c9af806b034d7e32,24,np-setting,3.55247,1180696,0.309248,0,0,-1,0,3.5524
fields/00087__plt00023__tracer1.f32__c0013__dt-f32/chunk_0,4194304,59c3845528e37668,24,np-setting,3.55247,1180696,0.100352,0,0,-1,0,3.5524
fields/00088__plt00023__tracer2.f32__c0005__dt-f32/chunk_0,4194304,91028081bda77175,24,np-setting,1.10618,3791724,0.113664,0,0,-1,0,1.10617
fields/00088__plt00023__tracer2.f32__c0013__dt-f32/chunk_0,4194304,fc5501e188755a55,24,np-setting,1.27208,3297228,0.2304,0,0,-1,0,1.27207
fields/00089__plt00023__velz.f32__c0005__dt-f32/chunk_0,4194304,6750f73e37d1e4d7,24,np-setting,1.16062,3613884,0.272384,0,0,-1,0,1.16061
fields/00089__plt00023__velz.f32__c0013__dt-f32/chunk_0,4194304,37edded5622de789,24,np-setting,1.1236,3732932,0.099328,0,0,-1,0,1.1236
fields/00090__plt00026__density.f32__c0005__dt-f32/chunk_0,4194304,9904c9a6d6a22325,24,np-setting,31.7059,132312,0.084992,0,0,-1,0,31.7001
fields/00090__plt00026__density.f32__c0013__dt-f32/chunk_0,4194304,e5abd8e9222325,24,np-setting,31.7442,132152,0.068608,0,0,-1,0,31.7385
fields/00091__plt00026__tracer0.f32__c0005__dt-f32/chunk_0,4194304,107c877b1052bff5,24,np-setting,1.1062,3791672,0.103424,0,0,-1,0,1.10619
fields/00091__plt00026__tracer0.f32__c0013__dt-f32/chunk_0,4194304,4bbaf0a2c091895,24,np-setting,1.27207,3297240,0.094208,0,0,-1,0,1.27207
fields/00092__plt00026__tracer1.f32__c0005__dt-f32/chunk_0,4194304,c9af806b034d7e32,24,np-setting,3.55247,1180696,0.290816,0,0,-1,0,3.5524
fields/00092__plt00026__tracer1.f32__c0013__dt-f32/chunk_0,4194304,59c3845528e37668,24,np-setting,3.55247,1180696,0.238592,0,0,-1,0,3.5524
fields/00093__plt00026__tracer2.f32__c0005__dt-f32/chunk_0,4194304,91028081bda77175,24,np-setting,1.10618,3791724,0.203776,0,0,-1,0,1.10617
fields/00093__plt00026__tracer2.f32__c0013__dt-f32/chunk_0,4194304,fc5501e188755a55,24,np-setting,1.27208,3297228,0.328704,0,0,-1,0,1.27207
fields/00094__plt00026__velz.f32__c0005__dt-f32/chunk_0,4194304,30eab46389be6eb5,24,np-setting,1.16011,3615476,0.128,0,0,-1,0,1.1601
fields/00094__plt00026__velz.f32__c0013__dt-f32/chunk_0,4194304,8d6684a60d2aae73,24,np-setting,1.12606,3724796,0.13824,0,0,-1,0,1.12605
fields/00095__plt00028__density.f32__c0005__dt-f32/chunk_0,4194304,9904c9a6d6a22325,24,np-setting,31.7059,132312,0.128,0,0,-1,0,31.7001
fields/00095__plt00028__density.f32__c0013__dt-f32/chunk_0,4194304,e5abd8e9222325,24,np-setting,31.7442,132152,0.106496,0,0,-1,0,31.7385
fields/00096__plt00028__tracer0.f32__c0005__dt-f32/chunk_0,4194304,107c877b1052bff5,24,np-setting,1.1062,3791672,0.115712,0,0,-1,0,1.10619
fields/00096__plt00028__tracer0.f32__c0013__dt-f32/chunk_0,4194304,4bbaf0a2c091895,24,np-setting,1.27207,3297240,0.095232,0,0,-1,0,1.27207
fields/00097__plt00028__tracer1.f32__c0005__dt-f32/chunk_0,4194304,c9af806b034d7e32,24,np-setting,3.55247,1180696,0.324608,0,0,-1,0,3.5524
fields/00097__plt00028__tracer1.f32__c0013__dt-f32/chunk_0,4194304,59c3845528e37668,24,np-setting,3.55247,1180696,0.078848,0,0,-1,0,3.5524
fields/00098__plt00028__tracer2.f32__c0005__dt-f32/chunk_0,4194304,91028081bda77175,24,np-setting,1.10618,3791724,0.24064,0,0,-1,0,1.10617
fields/00098__plt00028__tracer2.f32__c0013__dt-f32/chunk_0,4194304,fc5501e188755a55,24,np-setting,1.27208,3297228,0.096256,0,0,-1,0,1.27207
fields/00099__plt00028__velz.f32__c0005__dt-f32/chunk_0,4194304,256788b1b1b0f6a2,24,np-setting,1.16099,3612724,0.120832,0,0,-1,0,1.16098
fields/00099__plt00028__velz.f32__c0013__dt-f32/chunk_0,4194304,603646a44a723672,24,np-setting,1.12771,3719344,0.136192,0,0,-1,0,1.1277
fields/00100__plt00031__density.f32__c0005__dt-f32/chunk_0,4194304,9904c9a6d6a22325,24,np-setting,31.7059,132312,0.070656,0,0,-1,0,31.7001
fields/00100__plt00031__density.f32__c0013__dt-f32/chunk_0,4194304,e5abd8e9222325,24,np-setting,31.7442,132152,0.13312,0,0,-1,0,31.7385
fields/00101__plt00031__tracer0.f32__c0005__dt-f32/chunk_0,4194304,107c877b1052bff5,24,np-setting,1.1062,3791672,0.146432,0,0,-1,0,1.10619
fields/00101__plt00031__tracer0.f32__c0013__dt-f32/chunk_0,4194304,4bbaf0a2c091895,24,np-setting,1.27207,3297240,0.128,0,0,-1,0,1.27207
fields/00102__plt00031__tracer1.f32__c0005__dt-f32/chunk_0,4194304,c9af806b034d7e32,24,np-setting,3.55247,1180696,0.115712,0,0,-1,0,3.5524
fields/00102__plt00031__tracer1.f32__c0013__dt-f32/chunk_0,4194304,59c3845528e37668,24,np-setting,3.55247,1180696,0.118784,0,0,-1,0,3.5524
fields/00103__plt00031__tracer2.f32__c0005__dt-f32/chunk_0,4194304,91028081bda77175,24,np-setting,1.10618,3791724,0.104448,0,0,-1,0,1.10617
fields/00103__plt00031__tracer2.f32__c0013__dt-f32/chunk_0,4194304,fc5501e188755a55,24,np-setting,1.27208,3297228,0.155648,0,0,-1,0,1.27207
fields/00104__plt00031__velz.f32__c0005__dt-f32/chunk_0,4194304,2b45959d705f85a0,24,np-setting,1.16233,3608544,0.098304,0,0,-1,0,1.16233
fields/00104__plt00031__velz.f32__c0013__dt-f32/chunk_0,4194304,845bfac2b1921f31,24,np-setting,1.12944,3713644,0.18432,0,0,-1,0,1.12943
fields/00105__plt00035__density.f32__c0005__dt-f32/chunk_0,4194304,9904c9a6d6a22325,24,np-setting,31.7059,132312,0.069632,0,0,-1,0,31.7001
fields/00105__plt00035__density.f32__c0013__dt-f32/chunk_0,4194304,e5abd8e9222325,24,np-setting,31.7442,132152,0.095232,0,0,-1,0,31.7385
fields/00106__plt00035__tracer0.f32__c0005__dt-f32/chunk_0,4194304,107c877b1052bff5,24,np-setting,1.1062,3791672,0.188416,0,0,-1,0,1.10619
fields/00106__plt00035__tracer0.f32__c0013__dt-f32/chunk_0,4194304,4bbaf0a2c091895,24,np-setting,1.27207,3297240,0.16384,0,0,-1,0,1.27207
fields/00107__plt00035__tracer1.f32__c0005__dt-f32/chunk_0,4194304,c9af806b034d7e32,24,np-setting,3.55247,1180696,0.08192,0,0,-1,0,3.5524
fields/00107__plt00035__tracer1.f32__c0013__dt-f32/chunk_0,4194304,59c3845528e37668,24,np-setting,3.55247,1180696,0.080896,0,0,-1,0,3.5524
fields/00108__plt00035__tracer2.f32__c0005__dt-f32/chunk_0,4194304,91028081bda77175,24,np-setting,1.10618,3791724,0.124928,0,0,-1,0,1.10617
fields/00108__plt00035__tracer2.f32__c0013__dt-f32/chunk_0,4194304,fc5501e188755a55,24,np-setting,1.27208,3297228,0.09728,0,0,-1,0,1.27207
fields/00109__plt00035__velz.f32__c0005__dt-f32/chunk_0,4194304,dbee2db651c69e66,24,np-setting,1.16405,3603208,0.141312,0,0,-1,0,1.16405
fields/00109__plt00035__velz.f32__c0013__dt-f32/chunk_0,4194304,edf3b284eb9e81cb,24,np-setting,1.13212,3704852,0.128,0,0,-1,0,1.13211
fields/00110__plt00038__density.f32__c0005__dt-f32/chunk_0,4194304,9904c9a6d6a22325,24,np-setting,31.7059,132312,0.130048,0,0,-1,0,31.7001
fields/00110__plt00038__density.f32__c0013__dt-f32/chunk_0,4194304,e5abd8e9222325,24,np-setting,31.7442,132152,0.067584,0,0,-1,0,31.7385
fields/00111__plt00038__tracer0.f32__c0005__dt-f32/chunk_0,4194304,107c877b1052bff5,24,np-setting,1.1062,3791672,0.132096,0,0,-1,0,1.10619
fields/00111__plt00038__tracer0.f32__c0013__dt-f32/chunk_0,4194304,4bbaf0a2c091895,24,np-setting,1.27207,3297240,0.185344,0,0,-1,0,1.27207
fields/00112__plt00038__tracer1.f32__c0005__dt-f32/chunk_0,4194304,c9af806b034d7e32,24,np-setting,3.55247,1180696,0.221184,0,0,-1,0,3.5524
fields/00112__plt00038__tracer1.f32__c0013__dt-f32/chunk_0,4194304,59c3845528e37668,24,np-setting,3.55247,1180696,0.08192,0,0,-1,0,3.5524
fields/00113__plt00038__tracer2.f32__c0005__dt-f32/chunk_0,4194304,91028081bda77175,24,np-setting,1.10618,3791724,0.1024,0,0,-1,0,1.10617
fields/00113__plt00038__tracer2.f32__c0013__dt-f32/chunk_0,4194304,fc5501e188755a55,24,np-setting,1.27208,3297228,0.095232,0,0,-1,0,1.27207
fields/00114__plt00038__velz.f32__c0005__dt-f32/chunk_0,4194304,e4ef7a4b9ff846a6,24,np-setting,1.16396,3603488,0.101376,0,0,-1,0,1.16396
fields/00114__plt00038__velz.f32__c0013__dt-f32/chunk_0,4194304,f498e9ebfb2c0f6d,24,np-setting,1.13379,3699376,0.13824,0,0,-1,0,1.13379
fields/00115__plt00042__density.f32__c0005__dt-f32/chunk_0,4194304,9904c9a6d6a22325,24,np-setting,31.7059,132312,0.070656,0,0,-1,0,31.7001
fields/00115__plt00042__density.f32__c0013__dt-f32/chunk_0,4194304,e5abd8e9222325,24,np-setting,31.7442,132152,0.069632,0,0,-1,0,31.7385
fields/00116__plt00042__tracer0.f32__c0005__dt-f32/chunk_0,4194304,107c877b1052bff5,24,np-setting,1.1062,3791672,0.142336,0,0,-1,0,1.10619
fields/00116__plt00042__tracer0.f32__c0013__dt-f32/chunk_0,4194304,4bbaf0a2c091895,24,np-setting,1.27207,3297240,0.100352,0,0,-1,0,1.27207
fields/00117__plt00042__tracer1.f32__c0005__dt-f32/chunk_0,4194304,c9af806b034d7e32,24,np-setting,3.55247,1180696,0.080896,0,0,-1,0,3.5524
fields/00117__plt00042__tracer1.f32__c0013__dt-f32/chunk_0,4194304,59c3845528e37668,24,np-setting,3.55247,1180696,0.121856,0,0,-1,0,3.5524
fields/00118__plt00042__tracer2.f32__c0005__dt-f32/chunk_0,4194304,91028081bda77175,24,np-setting,1.10618,3791724,0.185344,0,0,-1,0,1.10617
fields/00118__plt00042__tracer2.f32__c0013__dt-f32/chunk_0,4194304,fc5501e188755a55,24,np-setting,1.27208,3297228,0.121856,0,0,-1,0,1.27207
fields/00119__plt00042__velz.f32__c0005__dt-f32/chunk_0,4194304,3ac062b1da9b897f,24,np-setting,1.16434,3602324,0.157696,0,0,-1,0,1.16433
fields/00119__plt00042__velz.f32__c0013__dt-f32/chunk_0,4194304,1a2bf954627aa0df,24,np-setting,1.13661,3690220,0.135168,0,0,-1,0,1.1366
fields/00120__plt00047__density.f32__c0005__dt-f32/chunk_0,4194304,9904c9a6d6a22325,24,np-setting,31.7059,132312,0.069632,0,0,-1,0,31.7001
fields/00120__plt00047__density.f32__c0013__dt-f32/chunk_0,4194304,e5abd8e9222325,24,np-setting,31.7442,132152,0.099328,0,0,-1,0,31.7385
fields/00121__plt00047__tracer0.f32__c0005__dt-f32/chunk_0,4194304,107c877b1052bff5,24,np-setting,1.1062,3791672,0.10752,0,0,-1,0,1.10619
fields/00121__plt00047__tracer0.f32__c0013__dt-f32/chunk_0,4194304,4bbaf0a2c091895,24,np-setting,1.27207,3297240,0.13312,0,0,-1,0,1.27207
fields/00122__plt00047__tracer1.f32__c0005__dt-f32/chunk_0,4194304,c9af806b034d7e32,24,np-setting,3.55247,1180696,0.08192,0,0,-1,0,3.5524
fields/00122__plt00047__tracer1.f32__c0013__dt-f32/chunk_0,4194304,59c3845528e37668,24,np-setting,3.55247,1180696,0.115712,0,0,-1,0,3.5524
fields/00123__plt00047__tracer2.f32__c0005__dt-f32/chunk_0,4194304,91028081bda77175,24,np-setting,1.10618,3791724,0.16896,0,0,-1,0,1.10617
fields/00123__plt00047__tracer2.f32__c0013__dt-f32/chunk_0,4194304,fc5501e188755a55,24,np-setting,1.27208,3297228,0.221184,0,0,-1,0,1.27207
fields/00124__plt00047__velz.f32__c0005__dt-f32/chunk_0,4194304,be1cf16f8ac82734,24,np-setting,1.16243,3608236,0.099328,0,0,-1,0,1.16243
fields/00124__plt00047__velz.f32__c0013__dt-f32/chunk_0,4194304,ab54ee3d409151f0,24,np-setting,1.13971,3680184,0.100352,0,0,-1,0,1.1397
fields/00125__plt00051__density.f32__c0005__dt-f32/chunk_0,4194304,9904c9a6d6a22325,24,np-setting,31.7059,132312,0.07168,0,0,-1,0,31.7001
fields/00125__plt00051__density.f32__c0013__dt-f32/chunk_0,4194304,e5abd8e9222325,24,np-setting,31.7442,132152,0.115712,0,0,-1,0,31.7385
fields/00126__plt00051__tracer0.f32__c0005__dt-f32/chunk_0,4194304,107c877b1052bff5,24,np-setting,1.1062,3791672,0.121856,0,0,-1,0,1.10619
fields/00126__plt00051__tracer0.f32__c0013__dt-f32/chunk_0,4194304,4bbaf0a2c091895,24,np-setting,1.27207,3297240,0.135168,0,0,-1,0,1.27207
fields/00127__plt00051__tracer1.f32__c0005__dt-f32/chunk_0,4194304,c9af806b034d7e32,24,np-setting,3.55247,1180696,0.129024,0,0,-1,0,3.5524
fields/00127__plt00051__tracer1.f32__c0013__dt-f32/chunk_0,4194304,59c3845528e37668,24,np-setting,3.55247,1180696,0.10752,0,0,-1,0,3.5524
fields/00128__plt00051__tracer2.f32__c0005__dt-f32/chunk_0,4194304,91028081bda77175,24,np-setting,1.10618,3791724,0.208896,0,0,-1,0,1.10617
fields/00128__plt00051__tracer2.f32__c0013__dt-f32/chunk_0,4194304,fc5501e188755a55,24,np-setting,1.27208,3297228,0.186368,0,0,-1,0,1.27207
fields/00129__plt00051__velz.f32__c0005__dt-f32/chunk_0,4194304,a5fbf574b4ef753d,24,np-setting,1.16166,3610628,0.104448,0,0,-1,0,1.16165
fields/00129__plt00051__velz.f32__c0013__dt-f32/chunk_0,4194304,6aa150051b7f0e5e,24,np-setting,1.14205,3672620,0.124928,0,0,-1,0,1.14205
fields/00130__plt00056__density.f32__c0005__dt-f32/chunk_0,4194304,8e0fa7e0ad8aab6d,24,np-setting,29.8723,140432,0.149504,0,0,-1,0,29.8672
fields/00130__plt00056__density.f32__c0013__dt-f32/chunk_0,4194304,e5abd8e9222325,24,np-setting,31.7442,132152,0.068608,0,0,-1,0,31.7385
fields/00131__plt00056__tracer0.f32__c0005__dt-f32/chunk_0,4194304,107c877b1052bff5,24,np-setting,1.1062,3791672,0.214016,0,0,-1,0,1.10619
fields/00131__plt00056__tracer0.f32__c0013__dt-f32/chunk_0,4194304,4bbaf0a2c091895,24,np-setting,1.27207,3297240,0.177152,0,0,-1,0,1.27207
fields/00132__plt00056__tracer1.f32__c0005__dt-f32/chunk_0,4194304,c9af806b034d7e32,24,np-setting,3.55247,1180696,0.09216,0,0,-1,0,3.5524
fields/00132__plt00056__tracer1.f32__c0013__dt-f32/chunk_0,4194304,59c3845528e37668,24,np-setting,3.55247,1180696,0.080896,0,0,-1,0,3.5524
fields/00133__plt00056__tracer2.f32__c0005__dt-f32/chunk_0,4194304,91028081bda77175,24,np-setting,1.10618,3791724,0.128,0,0,-1,0,1.10617
fields/00133__plt00056__tracer2.f32__c0013__dt-f32/chunk_0,4194304,fc5501e188755a55,24,np-setting,1.27208,3297228,0.156672,0,0,-1,0,1.27207
fields/00134__plt00056__velz.f32__c0005__dt-f32/chunk_0,4194304,b2b580cdd2c6d891,24,np-setting,1.15945,3617516,0.129024,0,0,-1,0,1.15944
fields/00134__plt00056__velz.f32__c0013__dt-f32/chunk_0,4194304,71ac425d937853de,24,np-setting,1.14495,3663344,0.120832,0,0,-1,0,1.14494
fields/00135__plt00062__density.f32__c0005__dt-f32/chunk_0,4194304,6e2c62c037ba16d,24,np-setting,22.5403,186104,0.073728,0,0,-1,0,22.5374
fields/00135__plt00062__density.f32__c0013__dt-f32/chunk_0,4194304,e5abd8e9222325,24,np-setting,31.7442,132152,0.091136,0,0,-1,0,31.7385
fields/00136__plt00062__tracer0.f32__c0005__dt-f32/chunk_0,4194304,107c877b1052bff5,24,np-setting,1.1062,3791672,0.128,0,0,-1,0,1.10619
fields/00136__plt00062__tracer0.f32__c0013__dt-f32/chunk_0,4194304,4bbaf0a2c091895,24,np-setting,1.27207,3297240,0.152576,0,0,-1,0,1.27207
fields/00137__plt00062__tracer1.f32__c0005__dt-f32/chunk_0,4194304,c9af806b034d7e32,24,np-setting,3.55247,1180696,0.08192,0,0,-1,0,3.5524
fields/00137__plt00062__tracer1.f32__c0013__dt-f32/chunk_0,4194304,59c3845528e37668,24,np-setting,3.55247,1180696,0.126976,0,0,-1,0,3.5524
fields/00138__plt00062__tracer2.f32__c0005__dt-f32/chunk_0,4194304,91028081bda77175,24,np-setting,1.10618,3791724,0.105472,0,0,-1,0,1.10617
fields/00138__plt00062__tracer2.f32__c0013__dt-f32/chunk_0,4194304,fc5501e188755a55,24,np-setting,1.27208,3297228,0.131072,0,0,-1,0,1.27207
fields/00139__plt00062__velz.f32__c0005__dt-f32/chunk_0,4194304,ed8ea640065f69df,24,np-setting,1.14984,3647756,0.129024,0,0,-1,0,1.14983
fields/00139__plt00062__velz.f32__c0013__dt-f32/chunk_0,4194304,6afa2fc1ddc86b8a,24,np-setting,1.14664,3657948,0.100352,0,0,-1,0,1.14663
fields/00140__plt00068__density.f32__c0005__dt-f32/chunk_0,4194304,56b7cc9490606bbd,24,np-setting,15.0299,279088,0.074752,0,0,-1,0,15.0286
fields/00140__plt00068__density.f32__c0013__dt-f32/chunk_0,4194304,e5abd8e9222325,24,np-setting,31.7442,132152,0.108544,0,0,-1,0,31.7385
fields/00141__plt00068__tracer0.f32__c0005__dt-f32/chunk_0,4194304,107c877b1052bff5,24,np-setting,1.1062,3791672,0.104448,0,0,-1,0,1.10619
fields/00141__plt00068__tracer0.f32__c0013__dt-f32/chunk_0,4194304,4bbaf0a2c091895,24,np-setting,1.27207,3297240,0.093184,0,0,-1,0,1.27207
fields/00142__plt00068__tracer1.f32__c0005__dt-f32/chunk_0,4194304,c9af806b034d7e32,24,np-setting,3.55247,1180696,0.475136,0,0,-1,0,3.5524
fields/00142__plt00068__tracer1.f32__c0013__dt-f32/chunk_0,4194304,59c3845528e37668,24,np-setting,3.55247,1180696,0.079872,0,0,-1,0,3.5524
fields/00143__plt00068__tracer2.f32__c0005__dt-f32/chunk_0,4194304,91028081bda77175,24,np-setting,1.10618,3791724,0.140288,0,0,-1,0,1.10617
fields/00143__plt00068__tracer2.f32__c0013__dt-f32/chunk_0,4194304,fc5501e188755a55,24,np-setting,1.27208,3297228,0.152576,0,0,-1,0,1.27207
fields/00144__plt00068__velz.f32__c0005__dt-f32/chunk_0,4194304,5240636a700f2e5a,24,np-setting,1.14173,3673672,0.100352,0,0,-1,0,1.14172
fields/00144__plt00068__velz.f32__c0013__dt-f32/chunk_0,4194304,c38bdcd203fd40ee,24,np-setting,1.1461,3659656,0.099328,0,0,-1,0,1.14609
fields/00145__plt00074__density.f32__c0005__dt-f32/chunk_0,4194304,58a97bfc2363b3cd,24,np-setting,10.4017,403256,0.099328,0,0,-1,0,10.4011
fields/00145__plt00074__density.f32__c0013__dt-f32/chunk_0,4194304,e5abd8e9222325,24,np-setting,31.7442,132152,0.098304,0,0,-1,0,31.7385
fields/00146__plt00074__tracer0.f32__c0005__dt-f32/chunk_0,4194304,107c877b1052bff5,24,np-setting,1.1062,3791672,0.129024,0,0,-1,0,1.10619
fields/00146__plt00074__tracer0.f32__c0013__dt-f32/chunk_0,4194304,4bbaf0a2c091895,24,np-setting,1.27207,3297240,0.155648,0,0,-1,0,1.27207
fields/00147__plt00074__tracer1.f32__c0005__dt-f32/chunk_0,4194304,c9af806b034d7e32,24,np-setting,3.55247,1180696,0.08192,0,0,-1,0,3.5524
fields/00147__plt00074__tracer1.f32__c0013__dt-f32/chunk_0,4194304,59c3845528e37668,24,np-setting,3.55247,1180696,0.109568,0,0,-1,0,3.5524
fields/00148__plt00074__tracer2.f32__c0005__dt-f32/chunk_0,4194304,91028081bda77175,24,np-setting,1.10618,3791724,0.1024,0,0,-1,0,1.10617
fields/00148__plt00074__tracer2.f32__c0013__dt-f32/chunk_0,4194304,fc5501e188755a55,24,np-setting,1.27208,3297228,0.13312,0,0,-1,0,1.27207
fields/00149__plt00074__velz.f32__c0005__dt-f32/chunk_0,4194304,119a4fe8787921ad,24,np-setting,1.13465,3696584,0.09728,0,0,-1,0,1.13464
fields/00149__plt00074__velz.f32__c0013__dt-f32/chunk_0,4194304,e0263a78a79c5f78,24,np-setting,1.1472,3656156,0.101376,0,0,-1,0,1.14719
fields/00150__plt00082__density.f32__c0005__dt-f32/chunk_0,4194304,3e43859dde2e26f5,24,np-setting,6.99293,599816,0.077824,0,0,-1,0,6.99265
fields/00150__plt00082__density.f32__c0013__dt-f32/chunk_0,4194304,e5abd8e9222325,24,np-setting,31.7442,132152,0.108544,0,0,-1,0,31.7385
fields/00151__plt00082__tracer0.f32__c0005__dt-f32/chunk_0,4194304,107c877b1052bff5,24,np-setting,1.1062,3791672,0.1024,0,0,-1,0,1.10619
fields/00151__plt00082__tracer0.f32__c0013__dt-f32/chunk_0,4194304,4bbaf0a2c091895,24,np-setting,1.27207,3297240,0.14848,0,0,-1,0,1.27207
fields/00152__plt00082__tracer1.f32__c0005__dt-f32/chunk_0,4194304,c9af806b034d7e32,24,np-setting,3.55247,1180696,0.146432,0,0,-1,0,3.5524
fields/00152__plt00082__tracer1.f32__c0013__dt-f32/chunk_0,4194304,59c3845528e37668,24,np-setting,3.55247,1180696,0.079872,0,0,-1,0,3.5524
fields/00153__plt00082__tracer2.f32__c0005__dt-f32/chunk_0,4194304,91028081bda77175,24,np-setting,1.10618,3791724,0.188416,0,0,-1,0,1.10617
fields/00153__plt00082__tracer2.f32__c0013__dt-f32/chunk_0,4194304,fc5501e188755a55,24,np-setting,1.27208,3297228,0.134144,0,0,-1,0,1.27207
fields/00154__plt00082__velz.f32__c0005__dt-f32/chunk_0,4194304,2680f7114b8fcc95,24,np-setting,1.13194,3705440,0.249856,0,0,-1,0,1.13193
fields/00154__plt00082__velz.f32__c0013__dt-f32/chunk_0,4194304,2c2f9c7da6afe88,24,np-setting,1.14867,3651472,0.13824,0,0,-1,0,1.14866
fields/00155__plt00089__density.f32__c0005__dt-f32/chunk_0,4194304,2d22647e77895745,24,np-setting,5.32521,787656,0.19456,0,0,-1,0,5.32505
fields/00155__plt00089__density.f32__c0013__dt-f32/chunk_0,4194304,e5abd8e9222325,24,np-setting,31.7442,132152,0.089088,0,0,-1,0,31.7385
fields/00156__plt00089__tracer0.f32__c0005__dt-f32/chunk_0,4194304,107c877b1052bff5,24,np-setting,1.1062,3791672,0.1024,0,0,-1,0,1.10619
fields/00156__plt00089__tracer0.f32__c0013__dt-f32/chunk_0,4194304,4bbaf0a2c091895,24,np-setting,1.27207,3297240,0.11776,0,0,-1,0,1.27207
fields/00157__plt00089__tracer1.f32__c0005__dt-f32/chunk_0,4194304,c9af806b034d7e32,24,np-setting,3.55247,1180696,0.115712,0,0,-1,0,3.5524
fields/00157__plt00089__tracer1.f32__c0013__dt-f32/chunk_0,4194304,59c3845528e37668,24,np-setting,3.55247,1180696,0.197632,0,0,-1,0,3.5524
fields/00158__plt00089__tracer2.f32__c0005__dt-f32/chunk_0,4194304,91028081bda77175,24,np-setting,1.10618,3791724,0.12288,0,0,-1,0,1.10617
fields/00158__plt00089__tracer2.f32__c0013__dt-f32/chunk_0,4194304,fc5501e188755a55,24,np-setting,1.27208,3297228,0.095232,0,0,-1,0,1.27207
fields/00159__plt00089__velz.f32__c0005__dt-f32/chunk_0,4194304,ad1804605d5b8a2,24,np-setting,1.13308,3701696,0.157696,0,0,-1,0,1.13308
fields/00159__plt00089__velz.f32__c0013__dt-f32/chunk_0,4194304,d45fec195639d9b0,24,np-setting,1.14685,3657268,0.154624,0,0,-1,0,1.14684
fields/00160__plt00097__density.f32__c0005__dt-f32/chunk_0,4194304,a84b409ae4d2d905,24,np-setting,4.31161,972816,0.146432,0,0,-1,0,4.31151
fields/00160__plt00097__density.f32__c0013__dt-f32/chunk_0,4194304,e5abd8e9222325,24,np-setting,31.7442,132152,0.11776,0,0,-1,0,31.7385
fields/00161__plt00097__tracer0.f32__c0005__dt-f32/chunk_0,4194304,107c877b1052bff5,24,np-setting,1.1062,3791672,0.164864,0,0,-1,0,1.10619
fields/00161__plt00097__tracer0.f32__c0013__dt-f32/chunk_0,4194304,4bbaf0a2c091895,24,np-setting,1.27207,3297240,0.094208,0,0,-1,0,1.27207
fields/00162__plt00097__tracer1.f32__c0005__dt-f32/chunk_0,4194304,c9af806b034d7e32,24,np-setting,3.55247,1180696,0.103424,0,0,-1,0,3.5524
fields/00162__plt00097__tracer1.f32__c0013__dt-f32/chunk_0,4194304,59c3845528e37668,24,np-setting,3.55247,1180696,0.084992,0,0,-1,0,3.5524
fields/00163__plt00097__tracer2.f32__c0005__dt-f32/chunk_0,4194304,91028081bda77175,24,np-setting,1.10618,3791724,0.18944,0,0,-1,0,1.10617
fields/00163__plt00097__tracer2.f32__c0013__dt-f32/chunk_0,4194304,fc5501e188755a55,24,np-setting,1.27208,3297228,0.159744,0,0,-1,0,1.27207
fields/00164__plt00097__velz.f32__c0005__dt-f32/chunk_0,4194304,6085bcd8457bdcb4,24,np-setting,1.13537,3694248,0.344064,0,0,-1,0,1.13536
fields/00164__plt00097__velz.f32__c0013__dt-f32/chunk_0,4194304,df320c63d51b6962,24,np-setting,1.14547,3661660,0.301056,0,0,-1,0,1.14547
fields/00165__plt00106__density.f32__c0005__dt-f32/chunk_0,4194304,4aa65972dc30bd25,24,np-setting,3.781,1109336,0.083968,0,0,-1,0,3.78091
fields/00165__plt00106__density.f32__c0013__dt-f32/chunk_0,4194304,e5abd8e9222325,24,np-setting,31.7442,132152,0.068608,0,0,-1,0,31.7385
fields/00166__plt00106__tracer0.f32__c0005__dt-f32/chunk_0,4194304,107c877b1052bff5,24,np-setting,1.1062,3791672,0.104448,0,0,-1,0,1.10619
fields/00166__plt00106__tracer0.f32__c0013__dt-f32/chunk_0,4194304,4bbaf0a2c091895,24,np-setting,1.27207,3297240,0.098304,0,0,-1,0,1.27207
fields/00167__plt00106__tracer1.f32__c0005__dt-f32/chunk_0,4194304,c9af806b034d7e32,24,np-setting,3.55247,1180696,0.08192,0,0,-1,0,3.5524
fields/00167__plt00106__tracer1.f32__c0013__dt-f32/chunk_0,4194304,59c3845528e37668,24,np-setting,3.55247,1180696,0.08192,0,0,-1,0,3.5524
fields/00168__plt00106__tracer2.f32__c0005__dt-f32/chunk_0,4194304,91028081bda77175,24,np-setting,1.10618,3791724,0.103424,0,0,-1,0,1.10617
fields/00168__plt00106__tracer2.f32__c0013__dt-f32/chunk_0,4194304,fc5501e188755a55,24,np-setting,1.27208,3297228,0.088064,0,0,-1,0,1.27207
fields/00169__plt00106__velz.f32__c0005__dt-f32/chunk_0,4194304,4757a368325df251,24,np-setting,1.13938,3681236,0.171008,0,0,-1,0,1.13937
fields/00169__plt00106__velz.f32__c0013__dt-f32/chunk_0,4194304,7b0600be92f5688a,24,np-setting,1.14375,3667164,0.195584,0,0,-1,0,1.14375
fields/00170__plt00116__density.f32__c0005__dt-f32/chunk_0,4194304,24e05e3f370ec67d,24,np-setting,3.42936,1223080,0.36352,0,0,-1,0,3.4293
fields/00170__plt00116__density.f32__c0013__dt-f32/chunk_0,4194304,e5abd8e9222325,24,np-setting,31.7442,132152,0.072704,0,0,-1,0,31.7385
fields/00171__plt00116__tracer0.f32__c0005__dt-f32/chunk_0,4194304,107c877b1052bff5,24,np-setting,1.1062,3791672,0.364544,0,0,-1,0,1.10619
fields/00171__plt00116__tracer0.f32__c0013__dt-f32/chunk_0,4194304,4bbaf0a2c091895,24,np-setting,1.27207,3297240,0.145408,0,0,-1,0,1.27207
fields/00172__plt00116__tracer1.f32__c0005__dt-f32/chunk_0,4194304,c9af806b034d7e32,24,np-setting,3.55247,1180696,0.167936,0,0,-1,0,3.5524
fields/00172__plt00116__tracer1.f32__c0013__dt-f32/chunk_0,4194304,59c3845528e37668,24,np-setting,3.55247,1180696,0.15872,0,0,-1,0,3.5524
fields/00173__plt00116__tracer2.f32__c0005__dt-f32/chunk_0,4194304,91028081bda77175,24,np-setting,1.10618,3791724,0.1024,0,0,-1,0,1.10617
fields/00173__plt00116__tracer2.f32__c0013__dt-f32/chunk_0,4194304,fc5501e188755a55,24,np-setting,1.27208,3297228,0.098304,0,0,-1,0,1.27207
fields/00174__plt00116__velz.f32__c0005__dt-f32/chunk_0,4194304,cfbcc3aa8defaf03,24,np-setting,1.14451,3664736,0.249856,0,0,-1,0,1.1445
fields/00174__plt00116__velz.f32__c0013__dt-f32/chunk_0,4194304,2d01f7ae9a28c6a3,24,np-setting,1.14299,3669612,0.242688,0,0,-1,0,1.14298
fields/00175__plt00126__density.f32__c0005__dt-f32/chunk_0,4194304,56033c8970df562d,24,np-setting,3.16505,1325216,0.088064,0,0,-1,0,3.165
fields/00175__plt00126__density.f32__c0013__dt-f32/chunk_0,4194304,e5abd8e9222325,24,np-setting,31.7442,132152,0.280576,0,0,-1,0,31.7385
fields/00176__plt00126__tracer0.f32__c0005__dt-f32/chunk_0,4194304,107c877b1052bff5,24,np-setting,1.1062,3791672,0.2816,0,0,-1,0,1.10619
fields/00176__plt00126__tracer0.f32__c0013__dt-f32/chunk_0,4194304,4bbaf0a2c091895,24,np-setting,1.27207,3297240,0.09728,0,0,-1,0,1.27207
fields/00177__plt00126__tracer1.f32__c0005__dt-f32/chunk_0,4194304,c9af806b034d7e32,24,np-setting,3.55247,1180696,0.080896,0,0,-1,0,3.5524
fields/00177__plt00126__tracer1.f32__c0013__dt-f32/chunk_0,4194304,59c3845528e37668,24,np-setting,3.55247,1180696,0.09728,0,0,-1,0,3.5524
fields/00178__plt00126__tracer2.f32__c0005__dt-f32/chunk_0,4194304,91028081bda77175,24,np-setting,1.10618,3791724,0.118784,0,0,-1,0,1.10617
fields/00178__plt00126__tracer2.f32__c0013__dt-f32/chunk_0,4194304,fc5501e188755a55,24,np-setting,1.27208,3297228,0.351232,0,0,-1,0,1.27207
fields/00179__plt00126__velz.f32__c0005__dt-f32/chunk_0,4194304,5876c69faf940c00,24,np-setting,1.15312,3637372,0.098304,0,0,-1,0,1.15311
fields/00179__plt00126__velz.f32__c0013__dt-f32/chunk_0,4194304,611b2a188ae1e3cb,24,np-setting,1.1433,3668616,0.111616,0,0,-1,0,1.14329
fields/00180__plt00136__density.f32__c0005__dt-f32/chunk_0,4194304,51faec03e264a898,24,np-setting,2.95678,1418560,0.265216,0,0,-1,0,2.95673
fields/00180__plt00136__density.f32__c0013__dt-f32/chunk_0,4194304,e5abd8e9222325,24,np-setting,31.7442,132152,0.093184,0,0,-1,0,31.7385
fields/00181__plt00136__tracer0.f32__c0005__dt-f32/chunk_0,4194304,107c877b1052bff5,24,np-setting,1.1062,3791672,0.265216,0,0,-1,0,1.10619
fields/00181__plt00136__tracer0.f32__c0013__dt-f32/chunk_0,4194304,4bbaf0a2c091895,24,np-setting,1.27207,3297240,0.237568,0,0,-1,0,1.27207
fields/00182__plt00136__tracer1.f32__c0005__dt-f32/chunk_0,4194304,c9af806b034d7e32,24,np-setting,3.55247,1180696,0.084992,0,0,-1,0,3.5524
fields/00182__plt00136__tracer1.f32__c0013__dt-f32/chunk_0,4194304,59c3845528e37668,24,np-setting,3.55247,1180696,0.10752,0,0,-1,0,3.5524
fields/00183__plt00136__tracer2.f32__c0005__dt-f32/chunk_0,4194304,91028081bda77175,24,np-setting,1.10618,3791724,0.151552,0,0,-1,0,1.10617
fields/00183__plt00136__tracer2.f32__c0013__dt-f32/chunk_0,4194304,fc5501e188755a55,24,np-setting,1.27208,3297228,0.195584,0,0,-1,0,1.27207
fields/00184__plt00136__velz.f32__c0005__dt-f32/chunk_0,4194304,fe0fdf89dd66f76b,24,np-setting,1.15881,3619532,0.16896,0,0,-1,0,1.1588
fields/00184__plt00136__velz.f32__c0013__dt-f32/chunk_0,4194304,cddb58a0ad20bdcc,24,np-setting,1.14124,3675248,0.098304,0,0,-1,0,1.14123
fields/00185__plt00147__density.f32__c0005__dt-f32/chunk_0,4194304,ba64362190b41dfd,24,np-setting,2.72783,1537624,0.084992,0,0,-1,0,2.72778
fields/00185__plt00147__density.f32__c0013__dt-f32/chunk_0,4194304,e5abd8e9222325,24,np-setting,31.7442,132152,0.069632,0,0,-1,0,31.7385
fields/00186__plt00147__tracer0.f32__c0005__dt-f32/chunk_0,4194304,107c877b1052bff5,24,np-setting,1.1062,3791672,0.12288,0,0,-1,0,1.10619
fields/00186__plt00147__tracer0.f32__c0013__dt-f32/chunk_0,4194304,4bbaf0a2c091895,24,np-setting,1.27207,3297240,0.096256,0,0,-1,0,1.27207
fields/00187__plt00147__tracer1.f32__c0005__dt-f32/chunk_0,4194304,c9af806b034d7e32,24,np-setting,3.55247,1180696,0.285696,0,0,-1,0,3.5524
fields/00187__plt00147__tracer1.f32__c0013__dt-f32/chunk_0,4194304,59c3845528e37668,24,np-setting,3.55247,1180696,0.08192,0,0,-1,0,3.5524
fields/00188__plt00147__tracer2.f32__c0005__dt-f32/chunk_0,4194304,91028081bda77175,24,np-setting,1.10618,3791724,0.3072,0,0,-1,0,1.10617
fields/00188__plt00147__tracer2.f32__c0013__dt-f32/chunk_0,4194304,fc5501e188755a55,24,np-setting,1.27208,3297228,0.093184,0,0,-1,0,1.27207
fields/00189__plt00147__velz.f32__c0005__dt-f32/chunk_0,4194304,dbc292e27ff8edae,24,np-setting,1.16167,3610620,0.315392,0,0,-1,0,1.16166
fields/00189__plt00147__velz.f32__c0013__dt-f32/chunk_0,4194304,92962c8ff4c9d09,24,np-setting,1.13943,3681072,0.26112,0,0,-1,0,1.13942
fields/00190__plt00159__density.f32__c0005__dt-f32/chunk_0,4194304,4e9c22198ec5c5,24,np-setting,2.47411,1695304,0.13824,0,0,-1,0,2.47407
fields/00190__plt00159__density.f32__c0013__dt-f32/chunk_0,4194304,e5abd8e9222325,24,np-setting,31.7442,132152,0.124928,0,0,-1,0,31.7385
fields/00191__plt00159__tracer0.f32__c0005__dt-f32/chunk_0,4194304,107c877b1052bff5,24,np-setting,1.1062,3791672,0.103424,0,0,-1,0,1.10619
fields/00191__plt00159__tracer0.f32__c0013__dt-f32/chunk_0,4194304,4bbaf0a2c091895,24,np-setting,1.27207,3297240,0.135168,0,0,-1,0,1.27207
fields/00192__plt00159__tracer1.f32__c0005__dt-f32/chunk_0,4194304,c9af806b034d7e32,24,np-setting,3.55247,1180696,0.14848,0,0,-1,0,3.5524
fields/00192__plt00159__tracer1.f32__c0013__dt-f32/chunk_0,4194304,59c3845528e37668,24,np-setting,3.55247,1180696,0.098304,0,0,-1,0,3.5524
fields/00193__plt00159__tracer2.f32__c0005__dt-f32/chunk_0,4194304,91028081bda77175,24,np-setting,1.10618,3791724,0.128,0,0,-1,0,1.10617
fields/00193__plt00159__tracer2.f32__c0013__dt-f32/chunk_0,4194304,fc5501e188755a55,24,np-setting,1.27208,3297228,0.126976,0,0,-1,0,1.27207
fields/00194__plt00159__velz.f32__c0005__dt-f32/chunk_0,4194304,1835375aea72043e,24,np-setting,1.15995,3615972,0.165888,0,0,-1,0,1.15994
fields/00194__plt00159__velz.f32__c0013__dt-f32/chunk_0,4194304,d7eeaf4957e569c1,24,np-setting,1.14063,3677208,0.101376,0,0,-1,0,1.14062
fields/00195__plt00171__density.f32__c0005__dt-f32/chunk_0,4194304,18876ab56f27ef86,24,np-setting,2.32121,1806968,0.086016,0,0,-1,0,2.32118
fields/00195__plt00171__density.f32__c0013__dt-f32/chunk_0,4194304,e5abd8e9222325,24,np-setting,31.7442,132152,0.09728,0,0,-1,0,31.7385
fields/00196__plt00171__tracer0.f32__c0005__dt-f32/chunk_0,4194304,107c877b1052bff5,24,np-setting,1.1062,3791672,0.131072,0,0,-1,0,1.10619
fields/00196__plt00171__tracer0.f32__c0013__dt-f32/chunk_0,4194304,4bbaf0a2c091895,24,np-setting,1.27207,3297240,0.095232,0,0,-1,0,1.27207
fields/00197__plt00171__tracer1.f32__c0005__dt-f32/chunk_0,4194304,c9af806b034d7e32,24,np-setting,3.55247,1180696,0.08192,0,0,-1,0,3.5524
fields/00197__plt00171__tracer1.f32__c0013__dt-f32/chunk_0,4194304,59c3845528e37668,24,np-setting,3.55247,1180696,0.177152,0,0,-1,0,3.5524
fields/00198__plt00171__tracer2.f32__c0005__dt-f32/chunk_0,4194304,91028081bda77175,24,np-setting,1.10618,3791724,0.119808,0,0,-1,0,1.10617
fields/00198__plt00171__tracer2.f32__c0013__dt-f32/chunk_0,4194304,fc5501e188755a55,24,np-setting,1.27208,3297228,0.094208,0,0,-1,0,1.27207
fields/00199__plt00171__velz.f32__c0005__dt-f32/chunk_0,4194304,9ca58f16e23d6c83,24,np-setting,1.15672,3626060,0.110592,0,0,-1,0,1.15671
fields/00199__plt00171__velz.f32__c0013__dt-f32/chunk_0,4194304,44e87d64d2edab90,24,np-setting,1.14056,3677424,0.13824,0,0,-1,0,1.14055
fields/00200__plt00184__density.f32__c0005__dt-f32/chunk_0,4194304,ccc60b59fe8df1f5,24,np-setting,2.27421,1844312,0.124928,0,0,-1,0,2.27418
fields/00200__plt00184__density.f32__c0013__dt-f32/chunk_0,4194304,e5abd8e9222325,24,np-setting,31.7442,132152,0.069632,0,0,-1,0,31.7385
fields/00201__plt00184__tracer0.f32__c0005__dt-f32/chunk_0,4194304,107c877b1052bff5,24,np-setting,1.1062,3791672,0.125952,0,0,-1,0,1.10619
fields/00201__plt00184__tracer0.f32__c0013__dt-f32/chunk_0,4194304,4bbaf0a2c091895,24,np-setting,1.27207,3297240,0.1536,0,0,-1,0,1.27207
fields/00202__plt00184__tracer1.f32__c0005__dt-f32/chunk_0,4194304,c9af806b034d7e32,24,np-setting,3.55247,1180696,0.08192,0,0,-1,0,3.5524
fields/00202__plt00184__tracer1.f32__c0013__dt-f32/chunk_0,4194304,59c3845528e37668,24,np-setting,3.55247,1180696,0.082944,0,0,-1,0,3.5524
fields/00203__plt00184__tracer2.f32__c0005__dt-f32/chunk_0,4194304,91028081bda77175,24,np-setting,1.10618,3791724,0.1792,0,0,-1,0,1.10617
fields/00203__plt00184__tracer2.f32__c0013__dt-f32/chunk_0,4194304,fc5501e188755a55,24,np-setting,1.27208,3297228,1.15302,0,0,-1,0,1.27207
fields/00204__plt00184__velz.f32__c0005__dt-f32/chunk_0,4194304,a840618bf57ba3eb,24,np-setting,1.14608,3659724,0.13824,0,0,-1,0,1.14607
fields/00204__plt00184__velz.f32__c0013__dt-f32/chunk_0,4194304,cd02b443983fb870,24,np-setting,1.13986,3679696,0.104448,0,0,-1,0,1.13985
fields/00205__plt00197__density.f32__c0005__dt-f32/chunk_0,4194304,48060e38820a833d,24,np-setting,2.25504,1859992,0.11264,0,0,-1,0,2.25501
fields/00205__plt00197__density.f32__c0013__dt-f32/chunk_0,4194304,e5abd8e9222325,24,np-setting,31.7442,132152,0.096256,0,0,-1,0,31.7385
fields/00206__plt00197__tracer0.f32__c0005__dt-f32/chunk_0,4194304,107c877b1052bff5,24,np-setting,1.1062,3791672,0.160768,0,0,-1,0,1.10619
fields/00206__plt00197__tracer0.f32__c0013__dt-f32/chunk_0,4194304,4bbaf0a2c091895,24,np-setting,1.27207,3297240,0.131072,0,0,-1,0,1.27207
fields/00207__plt00197__tracer1.f32__c0005__dt-f32/chunk_0,4194304,c9af806b034d7e32,24,np-setting,3.55247,1180696,0.094208,0,0,-1,0,3.5524
fields/00207__plt00197__tracer1.f32__c0013__dt-f32/chunk_0,4194304,59c3845528e37668,24,np-setting,3.55247,1180696,0.106496,0,0,-1,0,3.5524
fields/00208__plt00197__tracer2.f32__c0005__dt-f32/chunk_0,4194304,91028081bda77175,24,np-setting,1.10618,3791724,0.134144,0,0,-1,0,1.10617
fields/00208__plt00197__tracer2.f32__c0013__dt-f32/chunk_0,4194304,fc5501e188755a55,24,np-setting,1.27208,3297228,0.137216,0,0,-1,0,1.27207
fields/00209__plt00197__velz.f32__c0005__dt-f32/chunk_0,4194304,29c06831e8956ec9,24,np-setting,1.13886,3682908,0.147456,0,0,-1,0,1.13886
fields/00209__plt00197__velz.f32__c0013__dt-f32/chunk_0,4194304,af4b698c2aee2af9,24,np-setting,1.1356,3693496,0.09728,0,0,-1,0,1.13559
fields/00210__plt00210__density.f32__c0005__dt-f32/chunk_0,4194304,9e5bb8b114d145d5,24,np-setting,2.24171,1871056,0.104448,0,0,-1,0,2.24168
fields/00210__plt00210__density.f32__c0013__dt-f32/chunk_0,4194304,e5abd8e9222325,24,np-setting,31.7442,132152,0.173056,0,0,-1,0,31.7385
fields/00211__plt00210__tracer0.f32__c0005__dt-f32/chunk_0,4194304,107c877b1052bff5,24,np-setting,1.1062,3791672,0.180224,0,0,-1,0,1.10619
fields/00211__plt00210__tracer0.f32__c0013__dt-f32/chunk_0,4194304,4bbaf0a2c091895,24,np-setting,1.27207,3297240,0.181248,0,0,-1,0,1.27207
fields/00212__plt00210__tracer1.f32__c0005__dt-f32/chunk_0,4194304,c9af806b034d7e32,24,np-setting,3.55247,1180696,0.120832,0,0,-1,0,3.5524
fields/00212__plt00210__tracer1.f32__c0013__dt-f32/chunk_0,4194304,59c3845528e37668,24,np-setting,3.55247,1180696,0.08192,0,0,-1,0,3.5524
fields/00213__plt00210__tracer2.f32__c0005__dt-f32/chunk_0,4194304,91028081bda77175,24,np-setting,1.10618,3791724,0.103424,0,0,-1,0,1.10617
fields/00213__plt00210__tracer2.f32__c0013__dt-f32/chunk_0,4194304,fc5501e188755a55,24,np-setting,1.27208,3297228,0.094208,0,0,-1,0,1.27207
fields/00214__plt00210__velz.f32__c0005__dt-f32/chunk_0,4194304,d3218b74b928765c,24,np-setting,1.13426,3697864,0.200704,0,0,-1,0,1.13425
fields/00214__plt00210__velz.f32__c0013__dt-f32/chunk_0,4194304,754e00fba0da067d,24,np-setting,1.13392,3698972,0.175104,0,0,-1,0,1.13391
fields/00215__plt00224__density.f32__c0005__dt-f32/chunk_0,4194304,216dc7f7073fbb3e,24,np-setting,2.24331,1869720,0.124928,0,0,-1,0,2.24328
fields/00215__plt00224__density.f32__c0013__dt-f32/chunk_0,4194304,e5abd8e9222325,24,np-setting,31.7442,132152,0.09216,0,0,-1,0,31.7385
fields/00216__plt00224__tracer0.f32__c0005__dt-f32/chunk_0,4194304,107c877b1052bff5,24,np-setting,1.1062,3791672,0.1024,0,0,-1,0,1.10619
fields/00216__plt00224__tracer0.f32__c0013__dt-f32/chunk_0,4194304,4bbaf0a2c091895,24,np-setting,1.27207,3297240,0.131072,0,0,-1,0,1.27207
fields/00217__plt00224__tracer1.f32__c0005__dt-f32/chunk_0,4194304,c9af806b034d7e32,24,np-setting,3.55247,1180696,0.11264,0,0,-1,0,3.5524
fields/00217__plt00224__tracer1.f32__c0013__dt-f32/chunk_0,4194304,59c3845528e37668,24,np-setting,3.55247,1180696,0.180224,0,0,-1,0,3.5524
fields/00218__plt00224__tracer2.f32__c0005__dt-f32/chunk_0,4194304,91028081bda77175,24,np-setting,1.10618,3791724,0.103424,0,0,-1,0,1.10617
fields/00218__plt00224__tracer2.f32__c0013__dt-f32/chunk_0,4194304,fc5501e188755a55,24,np-setting,1.27208,3297228,0.09216,0,0,-1,0,1.27207
fields/00219__plt00224__velz.f32__c0005__dt-f32/chunk_0,4194304,fc54c24ccdd360f7,24,np-setting,1.13229,3704304,0.144384,0,0,-1,0,1.13228
fields/00219__plt00224__velz.f32__c0013__dt-f32/chunk_0,4194304,7580cc43f226ba59,24,np-setting,1.13211,3704868,0.252928,0,0,-1,0,1.13211
fields/00220__plt00239__density.f32__c0005__dt-f32/chunk_0,4194304,1ed67003872c47ed,24,np-setting,2.2407,1871896,0.098304,0,0,-1,0,2.24067
fields/00220__plt00239__density.f32__c0013__dt-f32/chunk_0,4194304,e5abd8e9222325,24,np-setting,31.7442,132152,0.796672,0,0,-1,0,31.7385
fields/00221__plt00239__tracer0.f32__c0005__dt-f32/chunk_0,4194304,107c877b1052bff5,24,np-setting,1.1062,3791672,0.12288,0,0,-1,0,1.10619
fields/00221__plt00239__tracer0.f32__c0013__dt-f32/chunk_0,4194304,4bbaf0a2c091895,24,np-setting,1.27207,3297240,0.090112,0,0,-1,0,1.27207
fields/00222__plt00239__tracer1.f32__c0005__dt-f32/chunk_0,4194304,c9af806b034d7e32,24,np-setting,3.55247,1180696,0.171008,0,0,-1,0,3.5524
fields/00222__plt00239__tracer1.f32__c0013__dt-f32/chunk_0,4194304,59c3845528e37668,24,np-setting,3.55247,1180696,0.13312,0,0,-1,0,3.5524
fields/00223__plt00239__tracer2.f32__c0005__dt-f32/chunk_0,4194304,91028081bda77175,24,np-setting,1.10618,3791724,0.11264,0,0,-1,0,1.10617
fields/00223__plt00239__tracer2.f32__c0013__dt-f32/chunk_0,4194304,fc5501e188755a55,24,np-setting,1.27208,3297228,0.104448,0,0,-1,0,1.27207
fields/00224__plt00239__velz.f32__c0005__dt-f32/chunk_0,4194304,8667d2d27052c738,24,np-setting,1.12836,3717180,0.137216,0,0,-1,0,1.12836
fields/00224__plt00239__velz.f32__c0013__dt-f32/chunk_0,4194304,919413de83647c5d,24,np-setting,1.12368,3732680,0.295936,0,0,-1,0,1.12367
fields/00225__plt00255__density.f32__c0005__dt-f32/chunk_0,4194304,e28b529b744e2071,24,np-setting,2.2524,1862176,0.265216,0,0,-1,0,2.25237
fields/00225__plt00255__density.f32__c0013__dt-f32/chunk_0,4194304,e5abd8e9222325,24,np-setting,31.7442,132152,0.27136,0,0,-1,0,31.7385
fields/00226__plt00255__tracer0.f32__c0005__dt-f32/chunk_0,4194304,107c877b1052bff5,24,np-setting,1.1062,3791672,0.249856,0,0,-1,0,1.10619
fields/00226__plt00255__tracer0.f32__c0013__dt-f32/chunk_0,4194304,4bbaf0a2c091895,24,np-setting,1.27207,3297240,0.098304,0,0,-1,0,1.27207
fields/00227__plt00255__tracer1.f32__c0005__dt-f32/chunk_0,4194304,c9af806b034d7e32,24,np-setting,3.55247,1180696,0.098304,0,0,-1,0,3.5524
fields/00227__plt00255__tracer1.f32__c0013__dt-f32/chunk_0,4194304,59c3845528e37668,24,np-setting,3.55247,1180696,0.12288,0,0,-1,0,3.5524
fields/00228__plt00255__tracer2.f32__c0005__dt-f32/chunk_0,4194304,91028081bda77175,24,np-setting,1.10618,3791724,0.124928,0,0,-1,0,1.10617
fields/00228__plt00255__tracer2.f32__c0013__dt-f32/chunk_0,4194304,fc5501e188755a55,24,np-setting,1.27208,3297228,0.105472,0,0,-1,0,1.27207
fields/00229__plt00255__velz.f32__c0005__dt-f32/chunk_0,4194304,690821a1fa99ff28,24,np-setting,1.12541,3726932,0.1792,0,0,-1,0,1.1254
fields/00229__plt00255__velz.f32__c0013__dt-f32/chunk_0,4194304,abe300f7dcbbcdb2,24,np-setting,1.12181,3738908,0.103424,0,0,-1,0,1.1218
fields/00230__plt00271__density.f32__c0005__dt-f32/chunk_0,4194304,a1f2caa7d40baafd,24,np-setting,2.26224,1854072,0.116736,0,0,-1,0,2.26221
fields/00230__plt00271__density.f32__c0013__dt-f32/chunk_0,4194304,e5abd8e9222325,24,np-setting,31.7442,132152,0.070656,0,0,-1,0,31.7385
fields/00231__plt00271__tracer0.f32__c0005__dt-f32/chunk_0,4194304,107c877b1052bff5,24,np-setting,1.1062,3791672,0.183296,0,0,-1,0,1.10619
fields/00231__plt00271__tracer0.f32__c0013__dt-f32/chunk_0,4194304,4bbaf0a2c091895,24,np-setting,1.27207,3297240,0.141312,0,0,-1,0,1.27207
fields/00232__plt00271__tracer1.f32__c0005__dt-f32/chunk_0,4194304,c9af806b034d7e32,24,np-setting,3.55247,1180696,0.09728,0,0,-1,0,3.5524
fields/00232__plt00271__tracer1.f32__c0013__dt-f32/chunk_0,4194304,59c3845528e37668,24,np-setting,3.55247,1180696,0.084992,0,0,-1,0,3.5524
fields/00233__plt00271__tracer2.f32__c0005__dt-f32/chunk_0,4194304,91028081bda77175,24,np-setting,1.10618,3791724,0.157696,0,0,-1,0,1.10617
fields/00233__plt00271__tracer2.f32__c0013__dt-f32/chunk_0,4194304,fc5501e188755a55,24,np-setting,1.27208,3297228,0.09216,0,0,-1,0,1.27207
fields/00234__plt00271__velz.f32__c0005__dt-f32/chunk_0,4194304,4130537fcb8de51f,24,np-setting,1.12217,3737708,0.155648,0,0,-1,0,1.12216
fields/00234__plt00271__velz.f32__c0013__dt-f32/chunk_0,4194304,59be2c4fabed9951,24,np-setting,1.11581,3759004,0.130048,0,0,-1,0,1.1158
fields/00235__plt00289__density.f32__c0005__dt-f32/chunk_0,4194304,a01c08fb12530e6a,24,np-setting,2.26701,1850168,0.08704,0,0,-1,0,2.26699
fields/00235__plt00289__density.f32__c0013__dt-f32/chunk_0,4194304,e5abd8e9222325,24,np-setting,31.7442,132152,0.11264,0,0,-1,0,31.7385
fields/00236__plt00289__tracer0.f32__c0005__dt-f32/chunk_0,4194304,107c877b1052bff5,24,np-setting,1.1062,3791672,0.134144,0,0,-1,0,1.10619
fields/00236__plt00289__tracer0.f32__c0013__dt-f32/chunk_0,4194304,4bbaf0a2c091895,24,np-setting,1.27207,3297240,0.094208,0,0,-1,0,1.27207
fields/00237__plt00289__tracer1.f32__c0005__dt-f32/chunk_0,4194304,c9af806b034d7e32,24,np-setting,3.55247,1180696,0.104448,0,0,-1,0,3.5524
fields/00237__plt00289__tracer1.f32__c0013__dt-f32/chunk_0,4194304,59c3845528e37668,24,np-setting,3.55247,1180696,0.130048,0,0,-1,0,3.5524
fields/00238__plt00289__tracer2.f32__c0005__dt-f32/chunk_0,4194304,91028081bda77175,24,np-setting,1.10618,3791724,0.103424,0,0,-1,0,1.10617
fields/00238__plt00289__tracer2.f32__c0013__dt-f32/chunk_0,4194304,fc5501e188755a55,24,np-setting,1.27208,3297228,0.095232,0,0,-1,0,1.27207
fields/00239__plt00289__velz.f32__c0005__dt-f32/chunk_0,4194304,1d524e0e73274590,24,np-setting,1.12064,3742804,0.269312,0,0,-1,0,1.12063
fields/00239__plt00289__velz.f32__c0013__dt-f32/chunk_0,4194304,55007210a0499d7e,24,np-setting,1.11252,3770120,0.135168,0,0,-1,0,1.11251
fields/00240__plt00315__density.f32__c0005__dt-f32/chunk_0,4194304,cb9622e297f7c205,24,np-setting,2.27403,1844460,0.274432,0,0,-1,0,2.274
fields/00240__plt00315__density.f32__c0013__dt-f32/chunk_0,4194304,e5abd8e9222325,24,np-setting,31.7442,132152,0.279552,0,0,-1,0,31.7385
fields/00241__plt00315__tracer0.f32__c0005__dt-f32/chunk_0,4194304,107c877b1052bff5,24,np-setting,1.1062,3791672,0.278528,0,0,-1,0,1.10619
fields/00241__plt00315__tracer0.f32__c0013__dt-f32/chunk_0,4194304,4bbaf0a2c091895,24,np-setting,1.27207,3297240,0.287744,0,0,-1,0,1.27207
fields/00242__plt00315__tracer1.f32__c0005__dt-f32/chunk_0,4194304,c9af806b034d7e32,24,np-setting,3.55247,1180696,0.319488,0,0,-1,0,3.5524
fields/00242__plt00315__tracer1.f32__c0013__dt-f32/chunk_0,4194304,59c3845528e37668,24,np-setting,3.55247,1180696,0.095232,0,0,-1,0,3.5524
fields/00243__plt00315__tracer2.f32__c0005__dt-f32/chunk_0,4194304,91028081bda77175,24,np-setting,1.10618,3791724,0.103424,0,0,-1,0,1.10617
fields/00243__plt00315__tracer2.f32__c0013__dt-f32/chunk_0,4194304,fc5501e188755a55,24,np-setting,1.27208,3297228,0.155648,0,0,-1,0,1.27207
fields/00244__plt00315__velz.f32__c0005__dt-f32/chunk_0,4194304,4463a85063deadff,24,np-setting,1.1189,3748612,0.101376,0,0,-1,0,1.1189
fields/00244__plt00315__velz.f32__c0013__dt-f32/chunk_0,4194304,6346a2b841fe4afa,24,np-setting,1.11219,3771248,0.131072,0,0,-1,0,1.11218
fields/00245__plt00366__density.f32__c0005__dt-f32/chunk_0,4194304,a532f4f6c20a2cfd,24,np-setting,2.27608,1842800,0.162816,0,0,-1,0,2.27605
fields/00245__plt00366__density.f32__c0013__dt-f32/chunk_0,4194304,e5abd8e9222325,24,np-setting,31.7442,132152,0.073728,0,0,-1,0,31.7385
fields/00246__plt00366__tracer0.f32__c0005__dt-f32/chunk_0,4194304,107c877b1052bff5,24,np-setting,1.1062,3791672,0.171008,0,0,-1,0,1.10619
fields/00246__plt00366__tracer0.f32__c0013__dt-f32/chunk_0,4194304,4bbaf0a2c091895,24,np-setting,1.27207,3297240,0.195584,0,0,-1,0,1.27207
fields/00247__plt00366__tracer1.f32__c0005__dt-f32/chunk_0,4194304,c9af806b034d7e32,24,np-setting,3.55247,1180696,0.084992,0,0,-1,0,3.5524
fields/00247__plt00366__tracer1.f32__c0013__dt-f32/chunk_0,4194304,59c3845528e37668,24,np-setting,3.55247,1180696,0.08192,0,0,-1,0,3.5524
fields/00248__plt00366__tracer2.f32__c0005__dt-f32/chunk_0,4194304,91028081bda77175,24,np-setting,1.10618,3791724,0.1024,0,0,-1,0,1.10617
fields/00248__plt00366__tracer2.f32__c0013__dt-f32/chunk_0,4194304,fc5501e188755a55,24,np-setting,1.27208,3297228,0.106496,0,0,-1,0,1.27207
fields/00249__plt00366__velz.f32__c0005__dt-f32/chunk_0,4194304,5d60026a47baad5,24,np-setting,1.11686,3755480,0.101376,0,0,-1,0,1.11685
fields/00249__plt00366__velz.f32__c0013__dt-f32/chunk_0,4194304,e439e55a5cc96a2d,24,np-setting,1.11021,3777952,0.159744,0,0,-1,0,1.11021
fields/00250__plt00423__density.f32__c0005__dt-f32/chunk_0,4194304,3564fe59b9de697d,24,np-setting,2.27169,1846360,0.114688,0,0,-1,0,2.27166
fields/00250__plt00423__density.f32__c0013__dt-f32/chunk_0,4194304,e5abd8e9222325,24,np-setting,31.7442,132152,0.500736,0,0,-1,0,31.7385
fields/00251__plt00423__tracer0.f32__c0005__dt-f32/chunk_0,4194304,107c877b1052bff5,24,np-setting,1.1062,3791672,0.105472,0,0,-1,0,1.10619
fields/00251__plt00423__tracer0.f32__c0013__dt-f32/chunk_0,4194304,4bbaf0a2c091895,24,np-setting,1.27207,3297240,0.109568,0,0,-1,0,1.27207
fields/00252__plt00423__tracer1.f32__c0005__dt-f32/chunk_0,4194304,c9af806b034d7e32,24,np-setting,3.55247,1180696,0.120832,0,0,-1,0,3.5524
fields/00252__plt00423__tracer1.f32__c0013__dt-f32/chunk_0,4194304,59c3845528e37668,24,np-setting,3.55247,1180696,0.08192,0,0,-1,0,3.5524
fields/00253__plt00423__tracer2.f32__c0005__dt-f32/chunk_0,4194304,91028081bda77175,24,np-setting,1.10618,3791724,0.103424,0,0,-1,0,1.10617
fields/00253__plt00423__tracer2.f32__c0013__dt-f32/chunk_0,4194304,fc5501e188755a55,24,np-setting,1.27208,3297228,0.130048,0,0,-1,0,1.27207
fields/00254__plt00423__velz.f32__c0005__dt-f32/chunk_0,4194304,93cc1f57b2df22c7,24,np-setting,1.11549,3760084,0.147456,0,0,-1,0,1.11548
fields/00254__plt00423__velz.f32__c0013__dt-f32/chunk_0,4194304,b5a202344dd0767f,24,np-setting,1.11009,3778372,0.157696,0,0,-1,0,1.11008
fields/00255__plt00472__density.f32__c0005__dt-f32/chunk_0,4194304,e0c9cec320d9389,24,np-setting,2.25412,1860748,0.08704,0,0,-1,0,2.2541
fields/00255__plt00472__density.f32__c0013__dt-f32/chunk_0,4194304,e5abd8e9222325,24,np-setting,31.7442,132152,0.070656,0,0,-1,0,31.7385
fields/00256__plt00472__tracer0.f32__c0005__dt-f32/chunk_0,4194304,107c877b1052bff5,24,np-setting,1.1062,3791672,0.1024,0,0,-1,0,1.10619
fields/00256__plt00472__tracer0.f32__c0013__dt-f32/chunk_0,4194304,4bbaf0a2c091895,24,np-setting,1.27207,3297240,0.135168,0,0,-1,0,1.27207
fields/00257__plt00472__tracer1.f32__c0005__dt-f32/chunk_0,4194304,c9af806b034d7e32,24,np-setting,3.55247,1180696,0.202752,0,0,-1,0,3.5524
fields/00257__plt00472__tracer1.f32__c0013__dt-f32/chunk_0,4194304,59c3845528e37668,24,np-setting,3.55247,1180696,0.115712,0,0,-1,0,3.5524
fields/00258__plt00472__tracer2.f32__c0005__dt-f32/chunk_0,4194304,91028081bda77175,24,np-setting,1.10618,3791724,0.103424,0,0,-1,0,1.10617
fields/00258__plt00472__tracer2.f32__c0013__dt-f32/chunk_0,4194304,fc5501e188755a55,24,np-setting,1.27208,3297228,0.105472,0,0,-1,0,1.27207
fields/00259__plt00472__velz.f32__c0005__dt-f32/chunk_0,4194304,1a3f4da3e7bbdeb6,24,np-setting,1.11676,3755816,0.104448,0,0,-1,0,1.11675
fields/00259__plt00472__velz.f32__c0013__dt-f32/chunk_0,4194304,b09dadec5a13567f,24,np-setting,1.11049,3777000,0.132096,0,0,-1,0,1.11049
fields/00260__plt00515__density.f32__c0005__dt-f32/chunk_0,4194304,e064aa3bbad0a1cc,24,np-setting,2.21918,1890044,0.200704,0,0,-1,0,2.21916
fields/00260__plt00515__density.f32__c0013__dt-f32/chunk_0,4194304,e5abd8e9222325,24,np-setting,31.7442,132152,0.070656,0,0,-1,0,31.7385
fields/00261__plt00515__tracer0.f32__c0005__dt-f32/chunk_0,4194304,107c877b1052bff5,24,np-setting,1.1062,3791672,0.103424,0,0,-1,0,1.10619
fields/00261__plt00515__tracer0.f32__c0013__dt-f32/chunk_0,4194304,4bbaf0a2c091895,24,np-setting,1.27207,3297240,0.187392,0,0,-1,0,1.27207
fields/00262__plt00515__tracer1.f32__c0005__dt-f32/chunk_0,4194304,c9af806b034d7e32,24,np-setting,3.55247,1180696,0.080896,0,0,-1,0,3.5524
fields/00262__plt00515__tracer1.f32__c0013__dt-f32/chunk_0,4194304,59c3845528e37668,24,np-setting,3.55247,1180696,0.241664,0,0,-1,0,3.5524
fields/00263__plt00515__tracer2.f32__c0005__dt-f32/chunk_0,4194304,91028081bda77175,24,np-setting,1.10618,3791724,0.183296,0,0,-1,0,1.10617
fields/00263__plt00515__tracer2.f32__c0013__dt-f32/chunk_0,4194304,fc5501e188755a55,24,np-setting,1.27208,3297228,0.110592,0,0,-1,0,1.27207
fields/00264__plt00515__velz.f32__c0005__dt-f32/chunk_0,4194304,ef83593d7fcad325,24,np-setting,1.11607,3758120,0.100352,0,0,-1,0,1.11606
fields/00264__plt00515__velz.f32__c0013__dt-f32/chunk_0,4194304,926c9a6063e1f55a,24,np-setting,1.11021,3777952,0.157696,0,0,-1,0,1.11021
fields/00265__plt00557__density.f32__c0005__dt-f32/chunk_0,4194304,358289cd4ce2910d,24,np-setting,2.17112,1931884,0.120832,0,0,-1,0,2.1711
fields/00265__plt00557__density.f32__c0013__dt-f32/chunk_0,4194304,e5abd8e9222325,24,np-setting,31.7442,132152,0.077824,0,0,-1,0,31.7385
fields/00266__plt00557__tracer0.f32__c0005__dt-f32/chunk_0,4194304,107c877b1052bff5,24,np-setting,1.1062,3791672,0.15872,0,0,-1,0,1.10619
fields/00266__plt00557__tracer0.f32__c0013__dt-f32/chunk_0,4194304,4bbaf0a2c091895,24,np-setting,1.27207,3297240,0.208896,0,0,-1,0,1.27207
fields/00267__plt00557__tracer1.f32__c0005__dt-f32/chunk_0,4194304,c9af806b034d7e32,24,np-setting,3.55247,1180696,0.273408,0,0,-1,0,3.5524
fields/00267__plt00557__tracer1.f32__c0013__dt-f32/chunk_0,4194304,59c3845528e37668,24,np-setting,3.55247,1180696,0.26112,0,0,-1,0,3.5524
fields/00268__plt00557__tracer2.f32__c0005__dt-f32/chunk_0,4194304,91028081bda77175,24,np-setting,1.10618,3791724,0.32256,0,0,-1,0,1.10617
fields/00268__plt00557__tracer2.f32__c0013__dt-f32/chunk_0,4194304,fc5501e188755a55,24,np-setting,1.27208,3297228,0.125952,0,0,-1,0,1.27207
fields/00269__plt00557__velz.f32__c0005__dt-f32/chunk_0,4194304,845d2c1889fd7f47,24,np-setting,1.11641,3756988,0.239616,0,0,-1,0,1.1164
fields/00269__plt00557__velz.f32__c0013__dt-f32/chunk_0,4194304,48d1027c393712c7,24,np-setting,1.10847,3783880,0.103424,0,0,-1,0,1.10847
fields/00270__plt00596__density.f32__c0005__dt-f32/chunk_0,4194304,d12c7e11d1934574,24,np-setting,2.10651,1991136,0.141312,0,0,-1,0,2.10649
fields/00270__plt00596__density.f32__c0013__dt-f32/chunk_0,4194304,e5abd8e9222325,24,np-setting,31.7442,132152,0.069632,0,0,-1,0,31.7385
fields/00271__plt00596__tracer0.f32__c0005__dt-f32/chunk_0,4194304,107c877b1052bff5,24,np-setting,1.1062,3791672,0.103424,0,0,-1,0,1.10619
fields/00271__plt00596__tracer0.f32__c0013__dt-f32/chunk_0,4194304,4bbaf0a2c091895,24,np-setting,1.27207,3297240,0.093184,0,0,-1,0,1.27207
fields/00272__plt00596__tracer1.f32__c0005__dt-f32/chunk_0,4194304,c9af806b034d7e32,24,np-setting,3.55247,1180696,0.082944,0,0,-1,0,3.5524
fields/00272__plt00596__tracer1.f32__c0013__dt-f32/chunk_0,4194304,59c3845528e37668,24,np-setting,3.55247,1180696,0.167936,0,0,-1,0,3.5524
fields/00273__plt00596__tracer2.f32__c0005__dt-f32/chunk_0,4194304,91028081bda77175,24,np-setting,1.10618,3791724,0.169984,0,0,-1,0,1.10617
fields/00273__plt00596__tracer2.f32__c0013__dt-f32/chunk_0,4194304,fc5501e188755a55,24,np-setting,1.27208,3297228,0.118784,0,0,-1,0,1.27207
fields/00274__plt00596__velz.f32__c0005__dt-f32/chunk_0,4194304,c58269d63e0ca12e,24,np-setting,1.11688,3755396,0.1024,0,0,-1,0,1.11687
fields/00274__plt00596__velz.f32__c0013__dt-f32/chunk_0,4194304,b0bc5ea17bb6efd7,24,np-setting,1.10674,3789804,0.119808,0,0,-1,0,1.10673
fields/00275__plt00637__density.f32__c0005__dt-f32/chunk_0,4194304,c907e516042adcf0,24,np-setting,1.95227,2148444,0.095232,0,0,-1,0,1.95225
fields/00275__plt00637__density.f32__c0013__dt-f32/chunk_0,4194304,e5abd8e9222325,24,np-setting,31.7442,132152,0.277504,0,0,-1,0,31.7385
fields/00276__plt00637__tracer0.f32__c0005__dt-f32/chunk_0,4194304,107c877b1052bff5,24,np-setting,1.1062,3791672,0.108544,0,0,-1,0,1.10619
fields/00276__plt00637__tracer0.f32__c0013__dt-f32/chunk_0,4194304,4bbaf0a2c091895,24,np-setting,1.27207,3297240,0.37888,0,0,-1,0,1.27207
fields/00277__plt00637__tracer1.f32__c0005__dt-f32/chunk_0,4194304,c9af806b034d7e32,24,np-setting,3.55247,1180696,0.084992,0,0,-1,0,3.5524
fields/00277__plt00637__tracer1.f32__c0013__dt-f32/chunk_0,4194304,59c3845528e37668,24,np-setting,3.55247,1180696,0.082944,0,0,-1,0,3.5524
fields/00278__plt00637__tracer2.f32__c0005__dt-f32/chunk_0,4194304,91028081bda77175,24,np-setting,1.10618,3791724,0.115712,0,0,-1,0,1.10617
fields/00278__plt00637__tracer2.f32__c0013__dt-f32/chunk_0,4194304,fc5501e188755a55,24,np-setting,1.27208,3297228,0.098304,0,0,-1,0,1.27207
fields/00279__plt00637__velz.f32__c0005__dt-f32/chunk_0,4194304,1050af660b5e09d3,24,np-setting,1.11681,3755648,0.113664,0,0,-1,0,1.1168
fields/00279__plt00637__velz.f32__c0013__dt-f32/chunk_0,4194304,69026513fe8bfa0f,24,np-setting,1.10834,3784328,0.110592,0,0,-1,0,1.10834
fields/00280__plt00678__density.f32__c0005__dt-f32/chunk_0,4194304,c856436972c05a43,24,np-setting,1.74962,2397292,0.169984,0,0,-1,0,1.7496
fields/00280__plt00678__density.f32__c0013__dt-f32/chunk_0,4194304,32b6c1bdba35b25,24,np-setting,23.8042,176224,0.069632,0,0,-1,0,23.801
fields/00281__plt00678__tracer0.f32__c0005__dt-f32/chunk_0,4194304,107c877b1052bff5,24,np-setting,1.1062,3791672,0.173056,0,0,-1,0,1.10619
fields/00281__plt00678__tracer0.f32__c0013__dt-f32/chunk_0,4194304,4bbaf0a2c091895,24,np-setting,1.27207,3297240,0.09728,0,0,-1,0,1.27207
fields/00282__plt00678__tracer1.f32__c0005__dt-f32/chunk_0,4194304,c9af806b034d7e32,24,np-setting,3.55247,1180696,0.080896,0,0,-1,0,3.5524
fields/00282__plt00678__tracer1.f32__c0013__dt-f32/chunk_0,4194304,59c3845528e37668,24,np-setting,3.55247,1180696,0.371712,0,0,-1,0,3.5524
fields/00283__plt00678__tracer2.f32__c0005__dt-f32/chunk_0,4194304,91028081bda77175,24,np-setting,1.10618,3791724,0.109568,0,0,-1,0,1.10617
fields/00283__plt00678__tracer2.f32__c0013__dt-f32/chunk_0,4194304,fc5501e188755a55,24,np-setting,1.27208,3297228,0.30208,0,0,-1,0,1.27207
fields/00284__plt00678__velz.f32__c0005__dt-f32/chunk_0,4194304,efeecb17b465e192,24,np-setting,1.11806,3751448,0.103424,0,0,-1,0,1.11805
fields/00284__plt00678__velz.f32__c0013__dt-f32/chunk_0,4194304,71a815d9a5afc7fc,24,np-setting,1.11146,3773728,0.105472,0,0,-1,0,1.11145
fields/00285__plt00717__density.f32__c0005__dt-f32/chunk_0,4194304,e07e9a87704a7c2b,24,np-setting,1.57388,2664964,0.098304,0,0,-1,0,1.57387
fields/00285__plt00717__density.f32__c0013__dt-f32/chunk_0,4194304,db1dcbe296d8f715,24,np-setting,11.2421,373112,0.108544,0,0,-1,0,11.2414
fields/00286__plt00717__tracer0.f32__c0005__dt-f32/chunk_0,4194304,107c877b1052bff5,24,np-setting,1.1062,3791672,0.974848,0,0,-1,0,1.10619
fields/00286__plt00717__tracer0.f32__c0013__dt-f32/chunk_0,4194304,4bbaf0a2c091895,24,np-setting,1.27207,3297240,0.166912,0,0,-1,0,1.27207
fields/00287__plt00717__tracer1.f32__c0005__dt-f32/chunk_0,4194304,c9af806b034d7e32,24,np-setting,3.55247,1180696,0.121856,0,0,-1,0,3.5524
fields/00287__plt00717__tracer1.f32__c0013__dt-f32/chunk_0,4194304,59c3845528e37668,24,np-setting,3.55247,1180696,0.121856,0,0,-1,0,3.5524
fields/00288__plt00717__tracer2.f32__c0005__dt-f32/chunk_0,4194304,91028081bda77175,24,np-setting,1.10618,3791724,0.103424,0,0,-1,0,1.10617
fields/00288__plt00717__tracer2.f32__c0013__dt-f32/chunk_0,4194304,fc5501e188755a55,24,np-setting,1.27208,3297228,0.132096,0,0,-1,0,1.27207
fields/00289__plt00717__velz.f32__c0005__dt-f32/chunk_0,4194304,a5844838700798a,24,np-setting,1.11931,3747240,0.103424,0,0,-1,0,1.1193
fields/00289__plt00717__velz.f32__c0013__dt-f32/chunk_0,4194304,e695f5d2666c5740,24,np-setting,1.11276,3769316,1.12538,0,0,-1,0,1.11275
fields/00290__plt00755__density.f32__c0005__dt-f32/chunk_0,4194304,c15cfee6adfdc6fd,24,np-setting,1.41003,2974644,0.128,0,0,-1,0,1.41002
fields/00290__plt00755__density.f32__c0013__dt-f32/chunk_0,4194304,f8d0809da9085f25,24,np-setting,6.38445,656980,0.180224,0,0,-1,0,6.38422
fields/00291__plt00755__tracer0.f32__c0005__dt-f32/chunk_0,4194304,107c877b1052bff5,24,np-setting,1.1062,3791672,0.161792,0,0,-1,0,1.10619
fields/00291__plt00755__tracer0.f32__c0013__dt-f32/chunk_0,4194304,4bbaf0a2c091895,24,np-setting,1.27207,3297240,0.142336,0,0,-1,0,1.27207
fields/00292__plt00755__tracer1.f32__c0005__dt-f32/chunk_0,4194304,c9af806b034d7e32,24,np-setting,3.55247,1180696,0.292864,0,0,-1,0,3.5524
fields/00292__plt00755__tracer1.f32__c0013__dt-f32/chunk_0,4194304,59c3845528e37668,24,np-setting,3.55247,1180696,0.16384,0,0,-1,0,3.5524
fields/00293__plt00755__tracer2.f32__c0005__dt-f32/chunk_0,4194304,91028081bda77175,24,np-setting,1.10618,3791724,0.15872,0,0,-1,0,1.10617
fields/00293__plt00755__tracer2.f32__c0013__dt-f32/chunk_0,4194304,fc5501e188755a55,24,np-setting,1.27208,3297228,0.093184,0,0,-1,0,1.27207
fields/00294__plt00755__velz.f32__c0005__dt-f32/chunk_0,4194304,91ce1f4c00c16402,24,np-setting,1.12067,3742688,0.104448,0,0,-1,0,1.12067
fields/00294__plt00755__velz.f32__c0013__dt-f32/chunk_0,4194304,5b4a13d1a7f901a2,24,np-setting,1.11395,3765272,0.151552,0,0,-1,0,1.11394
fields/00295__plt00789__density.f32__c0005__dt-f32/chunk_0,4194304,2d822df94b9e84fc,24,np-setting,1.2623,3322784,0.167936,0,0,-1,0,1.26229
fields/00295__plt00789__density.f32__c0013__dt-f32/chunk_0,4194304,f656110cb91614a9,24,np-setting,4.20907,996516,0.10752,0,0,-1,0,4.20897
fields/00296__plt00789__tracer0.f32__c0005__dt-f32/chunk_0,4194304,107c877b1052bff5,24,np-setting,1.1062,3791672,0.103424,0,0,-1,0,1.10619
fields/00296__plt00789__tracer0.f32__c0013__dt-f32/chunk_0,4194304,4bbaf0a2c091895,24,np-setting,1.27207,3297240,0.111616,0,0,-1,0,1.27207
fields/00297__plt00789__tracer1.f32__c0005__dt-f32/chunk_0,4194304,c9af806b034d7e32,24,np-setting,3.55247,1180696,0.08192,0,0,-1,0,3.5524
fields/00297__plt00789__tracer1.f32__c0013__dt-f32/chunk_0,4194304,59c3845528e37668,24,np-setting,3.55247,1180696,0.103424,0,0,-1,0,3.5524
fields/00298__plt00789__tracer2.f32__c0005__dt-f32/chunk_0,4194304,91028081bda77175,24,np-setting,1.10618,3791724,0.1024,0,0,-1,0,1.10617
fields/00298__plt00789__tracer2.f32__c0013__dt-f32/chunk_0,4194304,fc5501e188755a55,24,np-setting,1.27208,3297228,0.135168,0,0,-1,0,1.27207
fields/00299__plt00789__velz.f32__c0005__dt-f32/chunk_0,4194304,498b6999d4be6b72,24,np-setting,1.1225,3736608,0.176128,0,0,-1,0,1.12249
fields/00299__plt00789__velz.f32__c0013__dt-f32/chunk_0,4194304,564441cecb810171,24,np-setting,1.11119,3774628,0.197632,0,0,-1,0,1.11118
fields/00300__plt00820__density.f32__c0005__dt-f32/chunk_0,4194304,9706265725f0a4f6,24,np-setting,1.16931,3587024,0.098304,0,0,-1,0,1.1693
fields/00300__plt00820__density.f32__c0013__dt-f32/chunk_0,4194304,f7253cace77bccc6,24,np-setting,3.01844,1389584,0.08704,0,0,-1,0,3.01839
fields/00301__plt00820__tracer0.f32__c0005__dt-f32/chunk_0,4194304,107c877b1052bff5,24,np-setting,1.1062,3791672,0.150528,0,0,-1,0,1.10619
fields/00301__plt00820__tracer0.f32__c0013__dt-f32/chunk_0,4194304,4bbaf0a2c091895,24,np-setting,1.27207,3297240,0.156672,0,0,-1,0,1.27207
fields/00302__plt00820__tracer1.f32__c0005__dt-f32/chunk_0,4194304,c9af806b034d7e32,24,np-setting,3.55247,1180696,0.086016,0,0,-1,0,3.5524
fields/00302__plt00820__tracer1.f32__c0013__dt-f32/chunk_0,4194304,59c3845528e37668,24,np-setting,3.55247,1180696,0.106496,0,0,-1,0,3.5524
fields/00303__plt00820__tracer2.f32__c0005__dt-f32/chunk_0,4194304,91028081bda77175,24,np-setting,1.10618,3791724,0.105472,0,0,-1,0,1.10617
fields/00303__plt00820__tracer2.f32__c0013__dt-f32/chunk_0,4194304,fc5501e188755a55,24,np-setting,1.27208,3297228,0.314368,0,0,-1,0,1.27207
fields/00304__plt00820__velz.f32__c0005__dt-f32/chunk_0,4194304,c5f2338afacdd6e9,24,np-setting,1.12313,3734492,0.36864,0,0,-1,0,1.12313
fields/00304__plt00820__velz.f32__c0013__dt-f32/chunk_0,4194304,860de456e7999c45,24,np-setting,1.10693,3789148,0.125952,0,0,-1,0,1.10693
fields/00305__plt00855__density.f32__c0005__dt-f32/chunk_0,4194304,8c956431730c6c9,24,np-setting,1.14083,3676568,0.110592,0,0,-1,0,1.14082
fields/00305__plt00855__density.f32__c0013__dt-f32/chunk_0,4194304,74d5ce16f3534ddc,24,np-setting,2.36792,1771324,0.141312,0,0,-1,0,2.36789
fields/00306__plt00855__tracer0.f32__c0005__dt-f32/chunk_0,4194304,107c877b1052bff5,24,np-setting,1.1062,3791672,0.115712,0,0,-1,0,1.10619
fields/00306__plt00855__tracer0.f32__c0013__dt-f32/chunk_0,4194304,4bbaf0a2c091895,24,np-setting,1.27207,3297240,0.351232,0,0,-1,0,1.27207
fields/00307__plt00855__tracer1.f32__c0005__dt-f32/chunk_0,4194304,c9af806b034d7e32,24,np-setting,3.55247,1180696,0.257024,0,0,-1,0,3.5524
fields/00307__plt00855__tracer1.f32__c0013__dt-f32/chunk_0,4194304,59c3845528e37668,24,np-setting,3.55247,1180696,0.084992,0,0,-1,0,3.5524
fields/00308__plt00855__tracer2.f32__c0005__dt-f32/chunk_0,4194304,91028081bda77175,24,np-setting,1.10618,3791724,0.126976,0,0,-1,0,1.10617
fields/00308__plt00855__tracer2.f32__c0013__dt-f32/chunk_0,4194304,fc5501e188755a55,24,np-setting,1.27208,3297228,0.108544,0,0,-1,0,1.27207
fields/00309__plt00855__velz.f32__c0005__dt-f32/chunk_0,4194304,ca66accdad041aee,24,np-setting,1.12423,3730840,0.253952,0,0,-1,0,1.12423
fields/00309__plt00855__velz.f32__c0013__dt-f32/chunk_0,4194304,73550eea4c521b93,24,np-setting,1.1058,3793032,0.346112,0,0,-1,0,1.10579
fields/00310__plt00896__density.f32__c0005__dt-f32/chunk_0,4194304,b7019377168f3325,24,np-setting,1.1195,3746600,0.19456,0,0,-1,0,1.1195
fields/00310__plt00896__density.f32__c0013__dt-f32/chunk_0,4194304,c06ab55102c11d88,24,np-setting,2.05944,2036648,0.29696,0,0,-1,0,2.05942
fields/00311__plt00896__tracer0.f32__c0005__dt-f32/chunk_0,4194304,107c877b1052bff5,24,np-setting,1.1062,3791672,0.12288,0,0,-1,0,1.10619
fields/00311__plt00896__tracer0.f32__c0013__dt-f32/chunk_0,4194304,4bbaf0a2c091895,24,np-setting,1.27207,3297240,0.172032,0,0,-1,0,1.27207
fields/00312__plt00896__tracer1.f32__c0005__dt-f32/chunk_0,4194304,c9af806b034d7e32,24,np-setting,3.55247,1180696,0.135168,0,0,-1,0,3.5524
fields/00312__plt00896__tracer1.f32__c0013__dt-f32/chunk_0,4194304,59c3845528e37668,24,np-setting,3.55247,1180696,0.08192,0,0,-1,0,3.5524
fields/00313__plt00896__tracer2.f32__c0005__dt-f32/chunk_0,4194304,91028081bda77175,24,np-setting,1.10618,3791724,0.103424,0,0,-1,0,1.10617
fields/00313__plt00896__tracer2.f32__c0013__dt-f32/chunk_0,4194304,fc5501e188755a55,24,np-setting,1.27208,3297228,0.131072,0,0,-1,0,1.27207
fields/00314__plt00896__velz.f32__c0005__dt-f32/chunk_0,4194304,3f10f41cba31c0c4,24,np-setting,1.12462,3729548,0.173056,0,0,-1,0,1.12461
fields/00314__plt00896__velz.f32__c0013__dt-f32/chunk_0,4194304,9b5d11ad626b9f02,24,np-setting,1.10394,3799416,0.135168,0,0,-1,0,1.10393
fields/00315__plt00934__density.f32__c0005__dt-f32/chunk_0,4194304,897760971ae592dd,24,np-setting,1.09223,3840148,0.103424,0,0,-1,0,1.09222
fields/00315__plt00934__density.f32__c0013__dt-f32/chunk_0,4194304,26aa8524d14bf41c,24,np-setting,1.83686,2283432,0.147456,0,0,-1,0,1.83684
fields/00316__plt00934__tracer0.f32__c0005__dt-f32/chunk_0,4194304,107c877b1052bff5,24,np-setting,1.1062,3791672,0.1536,0,0,-1,0,1.10619
fields/00316__plt00934__tracer0.f32__c0013__dt-f32/chunk_0,4194304,4bbaf0a2c091895,24,np-setting,1.27207,3297240,0.1792,0,0,-1,0,1.27207
fields/00317__plt00934__tracer1.f32__c0005__dt-f32/chunk_0,4194304,c9af806b034d7e32,24,np-setting,3.55247,1180696,0.080896,0,0,-1,0,3.5524
fields/00317__plt00934__tracer1.f32__c0013__dt-f32/chunk_0,4194304,59c3845528e37668,24,np-setting,3.55247,1180696,0.08192,0,0,-1,0,3.5524
fields/00318__plt00934__tracer2.f32__c0005__dt-f32/chunk_0,4194304,91028081bda77175,24,np-setting,1.10618,3791724,0.206848,0,0,-1,0,1.10617
fields/00318__plt00934__tracer2.f32__c0013__dt-f32/chunk_0,4194304,fc5501e188755a55,24,np-setting,1.27208,3297228,0.157696,0,0,-1,0,1.27207
fields/00319__plt00934__velz.f32__c0005__dt-f32/chunk_0,4194304,bdf467bd0f59e6c2,24,np-setting,1.12262,3736204,0.136192,0,0,-1,0,1.12261
fields/00319__plt00934__velz.f32__c0013__dt-f32/chunk_0,4194304,a3b2961a53fe5b09,24,np-setting,1.10671,3789920,0.185344,0,0,-1,0,1.1067
fields/00320__plt00966__density.f32__c0005__dt-f32/chunk_0,4194304,98b70e1be7041,24,np-setting,1.07185,3913168,0.239616,0,0,-1,0,1.07184
fields/00320__plt00966__density.f32__c0013__dt-f32/chunk_0,4194304,244a8aa8045975d4,24,np-setting,1.65449,2535124,0.152576,0,0,-1,0,1.65448
fields/00321__plt00966__tracer0.f32__c0005__dt-f32/chunk_0,4194304,107c877b1052bff5,24,np-setting,1.1062,3791672,0.263168,0,0,-1,0,1.10619
fields/00321__plt00966__tracer0.f32__c0013__dt-f32/chunk_0,4194304,4bbaf0a2c091895,24,np-setting,1.27207,3297240,0.175104,0,0,-1,0,1.27207
fields/00322__plt00966__tracer1.f32__c0005__dt-f32/chunk_0,4194304,c9af806b034d7e32,24,np-setting,3.55247,1180696,0.12288,0,0,-1,0,3.5524
fields/00322__plt00966__tracer1.f32__c0013__dt-f32/chunk_0,4194304,59c3845528e37668,24,np-setting,3.55247,1180696,0.079872,0,0,-1,0,3.5524
fields/00323__plt00966__tracer2.f32__c0005__dt-f32/chunk_0,4194304,91028081bda77175,24,np-setting,1.10618,3791724,0.104448,0,0,-1,0,1.10617
fields/00323__plt00966__tracer2.f32__c0013__dt-f32/chunk_0,4194304,fc5501e188755a55,24,np-setting,1.27208,3297228,0.141312,0,0,-1,0,1.27207
fields/00324__plt00966__velz.f32__c0005__dt-f32/chunk_0,4194304,738fe03c902e5605,24,np-setting,1.11923,3747528,0.103424,0,0,-1,0,1.11922
fields/00324__plt00966__velz.f32__c0013__dt-f32/chunk_0,4194304,41c6e2ba633d5714,24,np-setting,1.10767,3786616,0.101376,0,0,-1,0,1.10767
fields/00325__plt00996__density.f32__c0005__dt-f32/chunk_0,4194304,f9c35958db29e0fd,24,np-setting,1.0575,3966252,0.106496,0,0,-1,0,1.0575
fields/00325__plt00996__density.f32__c0013__dt-f32/chunk_0,4194304,74463574ec92d2c,24,np-setting,1.52618,2748268,0.098304,0,0,-1,0,1.52616
fields/00326__plt00996__tracer0.f32__c0005__dt-f32/chunk_0,4194304,107c877b1052bff5,24,np-setting,1.1062,3791672,0.137216,0,0,-1,0,1.10619
fields/00326__plt00996__tracer0.f32__c0013__dt-f32/chunk_0,4194304,4bbaf0a2c091895,24,np-setting,1.27207,3297240,0.100352,0,0,-1,0,1.27207
fields/00327__plt00996__tracer1.f32__c0005__dt-f32/chunk_0,4194304,c9af806b034d7e32,24,np-setting,3.55247,1180696,0.083968,0,0,-1,0,3.5524
fields/00327__plt00996__tracer1.f32__c0013__dt-f32/chunk_0,4194304,59c3845528e37668,24,np-setting,3.55247,1180696,0.08192,0,0,-1,0,3.5524
fields/00328__plt00996__tracer2.f32__c0005__dt-f32/chunk_0,4194304,91028081bda77175,24,np-setting,1.10618,3791724,0.120832,0,0,-1,0,1.10617
fields/00328__plt00996__tracer2.f32__c0013__dt-f32/chunk_0,4194304,fc5501e188755a55,24,np-setting,1.27208,3297228,0.095232,0,0,-1,0,1.27207
fields/00329__plt00996__velz.f32__c0005__dt-f32/chunk_0,4194304,9174282eccc7b492,24,np-setting,1.11819,3751012,0.186368,0,0,-1,0,1.11818
fields/00329__plt00996__velz.f32__c0013__dt-f32/chunk_0,4194304,b09a87951a2d5cbd,24,np-setting,1.10528,3794808,0.140288,0,0,-1,0,1.10527
fields/00330__plt01022__density.f32__c0005__dt-f32/chunk_0,4194304,750fdb7b85f2e6df,24,np-setting,1.05466,3976940,0.144384,0,0,-1,0,1.05466
fields/00330__plt01022__density.f32__c0013__dt-f32/chunk_0,4194304,2f20d92c70b9d2f6,24,np-setting,1.40995,2974808,0.12288,0,0,-1,0,1.40994
fields/00331__plt01022__tracer0.f32__c0005__dt-f32/chunk_0,4194304,107c877b1052bff5,24,np-setting,1.1062,3791672,0.1024,0,0,-1,0,1.10619
fields/00331__plt01022__tracer0.f32__c0013__dt-f32/chunk_0,4194304,4bbaf0a2c091895,24,np-setting,1.27207,3297240,0.16384,0,0,-1,0,1.27207
fields/00332__plt01022__tracer1.f32__c0005__dt-f32/chunk_0,4194304,c9af806b034d7e32,24,np-setting,3.55247,1180696,0.094208,0,0,-1,0,3.5524
fields/00332__plt01022__tracer1.f32__c0013__dt-f32/chunk_0,4194304,59c3845528e37668,24,np-setting,3.55247,1180696,0.080896,0,0,-1,0,3.5524
fields/00333__plt01022__tracer2.f32__c0005__dt-f32/chunk_0,4194304,91028081bda77175,24,np-setting,1.10618,3791724,0.110592,0,0,-1,0,1.10617
fields/00333__plt01022__tracer2.f32__c0013__dt-f32/chunk_0,4194304,fc5501e188755a55,24,np-setting,1.27208,3297228,0.098304,0,0,-1,0,1.27207
fields/00334__plt01022__velz.f32__c0005__dt-f32/chunk_0,4194304,4a2514aae8f88ae4,24,np-setting,1.11855,3749796,0.09728,0,0,-1,0,1.11854
fields/00334__plt01022__velz.f32__c0013__dt-f32/chunk_0,4194304,a9e578df7ae267b2,24,np-setting,1.10533,3794648,0.1024,0,0,-1,0,1.10532
fields/00335__plt01047__density.f32__c0005__dt-f32/chunk_0,4194304,649756412b957941,24,np-setting,1.05228,3985948,0.101376,0,0,-1,0,1.05227
fields/00335__plt01047__density.f32__c0013__dt-f32/chunk_0,4194304,9eafa96613ae90af,24,np-setting,1.32784,3158776,0.13824,0,0,-1,0,1.32783
fields/00336__plt01047__tracer0.f32__c0005__dt-f32/chunk_0,4194304,107c877b1052bff5,24,np-setting,1.1062,3791672,0.145408,0,0,-1,0,1.10619
fields/00336__plt01047__tracer0.f32__c0013__dt-f32/chunk_0,4194304,4bbaf0a2c091895,24,np-setting,1.27207,3297240,0.09728,0,0,-1,0,1.27207
fields/00337__plt01047__tracer1.f32__c0005__dt-f32/chunk_0,4194304,c9af806b034d7e32,24,np-setting,3.55247,1180696,0.083968,0,0,-1,0,3.5524
fields/00337__plt01047__tracer1.f32__c0013__dt-f32/chunk_0,4194304,59c3845528e37668,24,np-setting,3.55247,1180696,0.08192,0,0,-1,0,3.5524
fields/00338__plt01047__tracer2.f32__c0005__dt-f32/chunk_0,4194304,91028081bda77175,24,np-setting,1.10618,3791724,0.1024,0,0,-1,0,1.10617
fields/00338__plt01047__tracer2.f32__c0013__dt-f32/chunk_0,4194304,fc5501e188755a55,24,np-setting,1.27208,3297228,0.272384,0,0,-1,0,1.27207
fields/00339__plt01047__velz.f32__c0005__dt-f32/chunk_0,4194304,9cd73f11946eea6b,24,np-setting,1.1169,3755328,0.265216,0,0,-1,0,1.11689
fields/00339__plt01047__velz.f32__c0013__dt-f32/chunk_0,4194304,da8aa29e7f77a671,24,np-setting,1.10865,3783292,0.21504,0,0,-1,0,1.10864
fields/00340__plt01072__density.f32__c0005__dt-f32/chunk_0,4194304,750efadf9de21c6f,24,np-setting,1.04983,3995236,0.10752,0,0,-1,0,1.04983
fields/00340__plt01072__density.f32__c0013__dt-f32/chunk_0,4194304,d926028c9e8bf8c7,24,np-setting,1.23438,3397936,0.285696,0,0,-1,0,1.23437
fields/00341__plt01072__tracer0.f32__c0005__dt-f32/chunk_0,4194304,107c877b1052bff5,24,np-setting,1.1062,3791672,0.268288,0,0,-1,0,1.10619
fields/00341__plt01072__tracer0.f32__c0013__dt-f32/chunk_0,4194304,4bbaf0a2c091895,24,np-setting,1.27207,3297240,0.186368,0,0,-1,0,1.27207
fields/00342__plt01072__tracer1.f32__c0005__dt-f32/chunk_0,4194304,c9af806b034d7e32,24,np-setting,3.55247,1180696,0.267264,0,0,-1,0,3.5524
fields/00342__plt01072__tracer1.f32__c0013__dt-f32/chunk_0,4194304,59c3845528e37668,24,np-setting,3.55247,1180696,0.121856,0,0,-1,0,3.5524
fields/00343__plt01072__tracer2.f32__c0005__dt-f32/chunk_0,4194304,91028081bda77175,24,np-setting,1.10618,3791724,0.217088,0,0,-1,0,1.10617
fields/00343__plt01072__tracer2.f32__c0013__dt-f32/chunk_0,4194304,fc5501e188755a55,24,np-setting,1.27208,3297228,0.09728,0,0,-1,0,1.27207
fields/00344__plt01072__velz.f32__c0005__dt-f32/chunk_0,4194304,38f0d1e4b90c0506,24,np-setting,1.11587,3758796,0.125952,0,0,-1,0,1.11586
fields/00344__plt01072__velz.f32__c0013__dt-f32/chunk_0,4194304,520184a97448d263,24,np-setting,1.10769,3786544,0.1024,0,0,-1,0,1.10769
fields/00345__plt01098__density.f32__c0005__dt-f32/chunk_0,4194304,2c42e4fb67ff270b,24,np-setting,1.04144,4027448,0.146432,0,0,-1,0,1.04143
fields/00345__plt01098__density.f32__c0013__dt-f32/chunk_0,4194304,eebbe3097b387214,24,np-setting,1.17586,3567036,0.161792,0,0,-1,0,1.17585
fields/00346__plt01098__tracer0.f32__c0005__dt-f32/chunk_0,4194304,107c877b1052bff5,24,np-setting,1.1062,3791672,0.166912,0,0,-1,0,1.10619
fields/00346__plt01098__tracer0.f32__c0013__dt-f32/chunk_0,4194304,4bbaf0a2c091895,24,np-setting,1.27207,3297240,0.14336,0,0,-1,0,1.27207
fields/00347__plt01098__tracer1.f32__c0005__dt-f32/chunk_0,4194304,c9af806b034d7e32,24,np-setting,3.55247,1180696,0.08192,0,0,-1,0,3.5524
fields/00347__plt01098__tracer1.f32__c0013__dt-f32/chunk_0,4194304,59c3845528e37668,24,np-setting,3.55247,1180696,0.08192,0,0,-1,0,3.5524
fields/00348__plt01098__tracer2.f32__c0005__dt-f32/chunk_0,4194304,91028081bda77175,24,np-setting,1.10618,3791724,0.22016,0,0,-1,0,1.10617
fields/00348__plt01098__tracer2.f32__c0013__dt-f32/chunk_0,4194304,fc5501e188755a55,24,np-setting,1.27208,3297228,0.249856,0,0,-1,0,1.27207
fields/00349__plt01098__velz.f32__c0005__dt-f32/chunk_0,4194304,10c38453ff572f5f,24,np-setting,1.11347,3766916,0.1024,0,0,-1,0,1.11346
fields/00349__plt01098__velz.f32__c0013__dt-f32/chunk_0,4194304,d028eb4142b5b6fb,24,np-setting,1.10995,3778832,0.162816,0,0,-1,0,1.10995
fields/00350__plt01124__density.f32__c0005__dt-f32/chunk_0,4194304,661b330cfc79fa6c,24,np-setting,1.03081,4068976,0.192512,0,0,-1,0,1.0308
fields/00350__plt01124__density.f32__c0013__dt-f32/chunk_0,4194304,a7bd8e81bd17d5dc,24,np-setting,1.12847,3716820,0.16896,0,0,-1,0,1.12847
fields/00351__plt01124__tracer0.f32__c0005__dt-f32/chunk_0,4194304,107c877b1052bff5,24,np-setting,1.1062,3791672,0.173056,0,0,-1,0,1.10619
fields/00351__plt01124__tracer0.f32__c0013__dt-f32/chunk_0,4194304,4bbaf0a2c091895,24,np-setting,1.27207,3297240,0.197632,0,0,-1,0,1.27207
fields/00352__plt01124__tracer1.f32__c0005__dt-f32/chunk_0,4194304,c9af806b034d7e32,24,np-setting,3.55247,1180696,0.111616,0,0,-1,0,3.5524
fields/00352__plt01124__tracer1.f32__c0013__dt-f32/chunk_0,4194304,59c3845528e37668,24,np-setting,3.55247,1180696,0.082944,0,0,-1,0,3.5524
fields/00353__plt01124__tracer2.f32__c0005__dt-f32/chunk_0,4194304,91028081bda77175,24,np-setting,1.10618,3791724,0.183296,0,0,-1,0,1.10617
fields/00353__plt01124__tracer2.f32__c0013__dt-f32/chunk_0,4194304,fc5501e188755a55,24,np-setting,1.27208,3297228,0.155648,0,0,-1,0,1.27207
fields/00354__plt01124__velz.f32__c0005__dt-f32/chunk_0,4194304,13b1e1ad442f1ddb,24,np-setting,1.11313,3768064,0.101376,0,0,-1,0,1.11312
fields/00354__plt01124__velz.f32__c0013__dt-f32/chunk_0,4194304,b02572eea9ed6b9a,24,np-setting,1.11194,3772088,0.106496,0,0,-1,0,1.11193
fields/00355__plt01149__density.f32__c0005__dt-f32/chunk_0,4194304,f3368ef6f7db45f2,24,np-setting,1.02659,4085676,0.103424,0,0,-1,0,1.02659
fields/00355__plt01149__density.f32__c0013__dt-f32/chunk_0,4194304,dc416c5720d2f98d,24,np-setting,1.09435,3832704,0.115712,0,0,-1,0,1.09435
fields/00356__plt01149__tracer0.f32__c0005__dt-f32/chunk_0,4194304,107c877b1052bff5,24,np-setting,1.1062,3791672,0.103424,0,0,-1,0,1.10619
fields/00356__plt01149__tracer0.f32__c0013__dt-f32/chunk_0,4194304,4bbaf0a2c091895,24,np-setting,1.27207,3297240,0.094208,0,0,-1,0,1.27207
fields/00357__plt01149__tracer1.f32__c0005__dt-f32/chunk_0,4194304,c9af806b034d7e32,24,np-setting,3.55247,1180696,0.132096,0,0,-1,0,3.5524
fields/00357__plt01149__tracer1.f32__c0013__dt-f32/chunk_0,4194304,59c3845528e37668,24,np-setting,3.55247,1180696,0.104448,0,0,-1,0,3.5524
fields/00358__plt01149__tracer2.f32__c0005__dt-f32/chunk_0,4194304,91028081bda77175,24,np-setting,1.10618,3791724,0.1024,0,0,-1,0,1.10617
fields/00358__plt01149__tracer2.f32__c0013__dt-f32/chunk_0,4194304,fc5501e188755a55,24,np-setting,1.27208,3297228,0.13312,0,0,-1,0,1.27207
fields/00359__plt01149__velz.f32__c0005__dt-f32/chunk_0,4194304,7e824bb15d36fa4b,24,np-setting,1.11173,3772780,0.177152,0,0,-1,0,1.11173
fields/00359__plt01149__velz.f32__c0013__dt-f32/chunk_0,4194304,188d85df97f7a497,24,np-setting,1.11121,3774556,0.125952,0,0,-1,0,1.1112
fields/00360__plt01172__density.f32__c0005__dt-f32/chunk_0,4194304,4b1d91233ab53427,24,np-setting,1.02385,4096644,0.129024,0,0,-1,0,1.02384
fields/00360__plt01172__density.f32__c0013__dt-f32/chunk_0,4194304,9a454d4660ab08c9,24,np-setting,1.06602,3934584,0.105472,0,0,-1,0,1.06601
fields/00361__plt01172__tracer0.f32__c0005__dt-f32/chunk_0,4194304,107c877b1052bff5,24,np-setting,1.1062,3791672,0.116736,0,0,-1,0,1.10619
fields/00361__plt01172__tracer0.f32__c0013__dt-f32/chunk_0,4194304,4bbaf0a2c091895,24,np-setting,1.27207,3297240,0.145408,0,0,-1,0,1.27207
fields/00362__plt01172__tracer1.f32__c0005__dt-f32/chunk_0,4194304,c9af806b034d7e32,24,np-setting,3.55247,1180696,0.08192,0,0,-1,0,3.5524
fields/00362__plt01172__tracer1.f32__c0013__dt-f32/chunk_0,4194304,59c3845528e37668,24,np-setting,3.55247,1180696,0.190464,0,0,-1,0,3.5524
fields/00363__plt01172__tracer2.f32__c0005__dt-f32/chunk_0,4194304,91028081bda77175,24,np-setting,1.10618,3791724,0.188416,0,0,-1,0,1.10617
fields/00363__plt01172__tracer2.f32__c0013__dt-f32/chunk_0,4194304,fc5501e188755a55,24,np-setting,1.27208,3297228,0.160768,0,0,-1,0,1.27207
fields/00364__plt01172__velz.f32__c0005__dt-f32/chunk_0,4194304,91d0885ea12c31b6,24,np-setting,1.10984,3779204,0.164864,0,0,-1,0,1.10984
fields/00364__plt01172__velz.f32__c0013__dt-f32/chunk_0,4194304,234111548d32dc6c,24,np-setting,1.11463,3762984,0.103424,0,0,-1,0,1.11462
fields/00365__plt01196__density.f32__c0005__dt-f32/chunk_0,4194304,77a08b5e88e2a6b5,24,np-setting,1.02471,4093196,0.106496,0,0,-1,0,1.0247
fields/00365__plt01196__density.f32__c0013__dt-f32/chunk_0,4194304,3bd65f89947418e6,24,np-setting,1.04525,4012752,0.130048,0,0,-1,0,1.04524
fields/00366__plt01196__tracer0.f32__c0005__dt-f32/chunk_0,4194304,107c877b1052bff5,24,np-setting,1.1062,3791672,0.347136,0,0,-1,0,1.10619
fields/00366__plt01196__tracer0.f32__c0013__dt-f32/chunk_0,4194304,4bbaf0a2c091895,24,np-setting,1.27207,3297240,0.34304,0,0,-1,0,1.27207
fields/00367__plt01196__tracer1.f32__c0005__dt-f32/chunk_0,4194304,c9af806b034d7e32,24,np-setting,3.55247,1180696,0.08192,0,0,-1,0,3.5524
fields/00367__plt01196__tracer1.f32__c0013__dt-f32/chunk_0,4194304,59c3845528e37668,24,np-setting,3.55247,1180696,0.082944,0,0,-1,0,3.5524
fields/00368__plt01196__tracer2.f32__c0005__dt-f32/chunk_0,4194304,91028081bda77175,24,np-setting,1.10618,3791724,0.131072,0,0,-1,0,1.10617
fields/00368__plt01196__tracer2.f32__c0013__dt-f32/chunk_0,4194304,fc5501e188755a55,24,np-setting,1.27208,3297228,0.098304,0,0,-1,0,1.27207
fields/00369__plt01196__velz.f32__c0005__dt-f32/chunk_0,4194304,b44bc5cd8a2abf3,24,np-setting,1.11032,3777596,0.1024,0,0,-1,0,1.11031
fields/00369__plt01196__velz.f32__c0013__dt-f32/chunk_0,4194304,99f62400bbed98b4,24,np-setting,1.11692,3755252,0.146432,0,0,-1,0,1.11692
fields/00370__plt01220__density.f32__c0005__dt-f32/chunk_0,4194304,5d6b68398e9b1693,24,np-setting,1.02634,4086684,0.16384,0,0,-1,0,1.02633
fields/00370__plt01220__density.f32__c0013__dt-f32/chunk_0,4194304,56a6b20536a3bb4b,24,np-setting,1.03212,4063796,0.129024,0,0,-1,0,1.03211
fields/00371__plt01220__tracer0.f32__c0005__dt-f32/chunk_0,4194304,107c877b1052bff5,24,np-setting,1.1062,3791672,0.135168,0,0,-1,0,1.10619
fields/00371__plt01220__tracer0.f32__c0013__dt-f32/chunk_0,4194304,4bbaf0a2c091895,24,np-setting,1.27207,3297240,0.132096,0,0,-1,0,1.27207
fields/00372__plt01220__tracer1.f32__c0005__dt-f32/chunk_0,4194304,c9af806b034d7e32,24,np-setting,3.55247,1180696,0.080896,0,0,-1,0,3.5524
fields/00372__plt01220__tracer1.f32__c0013__dt-f32/chunk_0,4194304,59c3845528e37668,24,np-setting,3.55247,1180696,0.260096,0,0,-1,0,3.5524
fields/00373__plt01220__tracer2.f32__c0005__dt-f32/chunk_0,4194304,91028081bda77175,24,np-setting,1.10618,3791724,0.211968,0,0,-1,0,1.10617
fields/00373__plt01220__tracer2.f32__c0013__dt-f32/chunk_0,4194304,fc5501e188755a55,24,np-setting,1.27208,3297228,0.115712,0,0,-1,0,1.27207
fields/00374__plt01220__velz.f32__c0005__dt-f32/chunk_0,4194304,2e347f8bc3e8fd3e,24,np-setting,1.11068,3776360,0.115712,0,0,-1,0,1.11067
fields/00374__plt01220__velz.f32__c0013__dt-f32/chunk_0,4194304,6310b5e1c719756b,24,np-setting,1.11634,3757204,0.326656,0,0,-1,0,1.11634
fields/00375__plt01245__density.f32__c0005__dt-f32/chunk_0,4194304,364a6f2e46a20249,24,np-setting,1.02896,4076284,0.13312,0,0,-1,0,1.02895
fields/00375__plt01245__density.f32__c0013__dt-f32/chunk_0,4194304,11501d949a2051f5,24,np-setting,1.03089,4068640,0.321536,0,0,-1,0,1.03089
fields/00376__plt01245__tracer0.f32__c0005__dt-f32/chunk_0,4194304,107c877b1052bff5,24,np-setting,1.1062,3791672,0.260096,0,0,-1,0,1.10619
fields/00376__plt01245__tracer0.f32__c0013__dt-f32/chunk_0,4194304,4bbaf0a2c091895,24,np-setting,1.27207,3297240,0.095232,0,0,-1,0,1.27207
fields/00377__plt01245__tracer1.f32__c0005__dt-f32/chunk_0,4194304,c9af806b034d7e32,24,np-setting,3.55247,1180696,0.110592,0,0,-1,0,3.5524
fields/00377__plt01245__tracer1.f32__c0013__dt-f32/chunk_0,4194304,59c3845528e37668,24,np-setting,3.55247,1180696,0.08192,0,0,-1,0,3.5524
fields/00378__plt01245__tracer2.f32__c0005__dt-f32/chunk_0,4194304,91028081bda77175,24,np-setting,1.10618,3791724,0.200704,0,0,-1,0,1.10617
fields/00378__plt01245__tracer2.f32__c0013__dt-f32/chunk_0,4194304,fc5501e188755a55,24,np-setting,1.27208,3297228,0.165888,0,0,-1,0,1.27207
fields/00379__plt01245__velz.f32__c0005__dt-f32/chunk_0,4194304,196bdbdb35c8aeec,24,np-setting,1.10978,3779440,0.191488,0,0,-1,0,1.10977
fields/00379__plt01245__velz.f32__c0013__dt-f32/chunk_0,4194304,61eed5e4f0760b0c,24,np-setting,1.11585,3758876,0.123904,0,0,-1,0,1.11584
fields/00380__plt01269__density.f32__c0005__dt-f32/chunk_0,4194304,c7948537dc70c2b6,24,np-setting,1.02652,4085956,0.131072,0,0,-1,0,1.02652
fields/00380__plt01269__density.f32__c0013__dt-f32/chunk_0,4194304,72a0408952c89df8,24,np-setting,1.03277,4061228,0.140288,0,0,-1,0,1.03277
fields/00381__plt01269__tracer0.f32__c0005__dt-f32/chunk_0,4194304,107c877b1052bff5,24,np-setting,1.1062,3791672,0.100352,0,0,-1,0,1.10619
fields/00381__plt01269__tracer0.f32__c0013__dt-f32/chunk_0,4194304,4bbaf0a2c091895,24,np-setting,1.27207,3297240,0.258048,0,0,-1,0,1.27207
fields/00382__plt01269__tracer1.f32__c0005__dt-f32/chunk_0,4194304,c9af806b034d7e32,24,np-setting,3.55247,1180696,0.132096,0,0,-1,0,3.5524
fields/00382__plt01269__tracer1.f32__c0013__dt-f32/chunk_0,4194304,59c3845528e37668,24,np-setting,3.55247,1180696,0.232448,0,0,-1,0,3.5524
fields/00383__plt01269__tracer2.f32__c0005__dt-f32/chunk_0,4194304,91028081bda77175,24,np-setting,1.10618,3791724,0.105472,0,0,-1,0,1.10617
fields/00383__plt01269__tracer2.f32__c0013__dt-f32/chunk_0,4194304,fc5501e188755a55,24,np-setting,1.27208,3297228,0.090112,0,0,-1,0,1.27207
fields/00384__plt01269__velz.f32__c0005__dt-f32/chunk_0,4194304,9368830becebdc72,24,np-setting,1.10799,3785548,0.104448,0,0,-1,0,1.10798
fields/00384__plt01269__velz.f32__c0013__dt-f32/chunk_0,4194304,b545f3aaba3b9842,24,np-setting,1.11286,3768980,0.1024,0,0,-1,0,1.11285
fields/00385__plt01297__density.f32__c0005__dt-f32/chunk_0,4194304,a2352a90c27d626c,24,np-setting,1.0251,4091624,0.190464,0,0,-1,0,1.0251
fields/00385__plt01297__density.f32__c0013__dt-f32/chunk_0,4194304,93829b78b1071026,24,np-setting,1.03343,4058648,0.103424,0,0,-1,0,1.03342
fields/00386__plt01297__tracer0.f32__c0005__dt-f32/chunk_0,4194304,107c877b1052bff5,24,np-setting,1.1062,3791672,0.165888,0,0,-1,0,1.10619
fields/00386__plt01297__tracer0.f32__c0013__dt-f32/chunk_0,4194304,4bbaf0a2c091895,24,np-setting,1.27207,3297240,0.126976,0,0,-1,0,1.27207
fields/00387__plt01297__tracer1.f32__c0005__dt-f32/chunk_0,4194304,c9af806b034d7e32,24,np-setting,3.55247,1180696,0.251904,0,0,-1,0,3.5524
fields/00387__plt01297__tracer1.f32__c0013__dt-f32/chunk_0,4194304,59c3845528e37668,24,np-setting,3.55247,1180696,0.192512,0,0,-1,0,3.5524
fields/00388__plt01297__tracer2.f32__c0005__dt-f32/chunk_0,4194304,91028081bda77175,24,np-setting,1.10618,3791724,0.105472,0,0,-1,0,1.10617
fields/00388__plt01297__tracer2.f32__c0013__dt-f32/chunk_0,4194304,fc5501e188755a55,24,np-setting,1.27208,3297228,0.13824,0,0,-1,0,1.27207
fields/00389__plt01297__velz.f32__c0005__dt-f32/chunk_0,4194304,ea89c8776ff991d7,24,np-setting,1.10672,3789892,0.18944,0,0,-1,0,1.10671
fields/00389__plt01297__velz.f32__c0013__dt-f32/chunk_0,4194304,bc0c907232197e6e,24,np-setting,1.11124,3774476,0.161792,0,0,-1,0,1.11123
fields/00390__plt01328__density.f32__c0005__dt-f32/chunk_0,4194304,7a0a3c3b96c82d2d,24,np-setting,1.02483,4092696,0.106496,0,0,-1,0,1.02483
fields/00390__plt01328__density.f32__c0013__dt-f32/chunk_0,4194304,a3faa6e9dbc2e9d3,24,np-setting,1.03612,4048096,0.10752,0,0,-1,0,1.03612
fields/00391__plt01328__tracer0.f32__c0005__dt-f32/chunk_0,4194304,107c877b1052bff5,24,np-setting,1.1062,3791672,0.1024,0,0,-1,0,1.10619
fields/00391__plt01328__tracer0.f32__c0013__dt-f32/chunk_0,4194304,4bbaf0a2c091895,24,np-setting,1.27207,3297240,0.113664,0,0,-1,0,1.27207
fields/00392__plt01328__tracer1.f32__c0005__dt-f32/chunk_0,4194304,c9af806b034d7e32,24,np-setting,3.55247,1180696,0.0768,0,0,-1,0,3.5524
fields/00392__plt01328__tracer1.f32__c0013__dt-f32/chunk_0,4194304,59c3845528e37668,24,np-setting,3.55247,1180696,0.091136,0,0,-1,0,3.5524
fields/00393__plt01328__tracer2.f32__c0005__dt-f32/chunk_0,4194304,91028081bda77175,24,np-setting,1.10618,3791724,0.103424,0,0,-1,0,1.10617
fields/00393__plt01328__tracer2.f32__c0013__dt-f32/chunk_0,4194304,fc5501e188755a55,24,np-setting,1.27208,3297228,0.14848,0,0,-1,0,1.27207
fields/00394__plt01328__velz.f32__c0005__dt-f32/chunk_0,4194304,c23691f472dd474,24,np-setting,1.1064,3790980,0.100352,0,0,-1,0,1.10639
fields/00394__plt01328__velz.f32__c0013__dt-f32/chunk_0,4194304,9be23bbdd04b3401,24,np-setting,1.11101,3775240,0.096256,0,0,-1,0,1.111
