blob,tier_bw,setting,spec,role,comp_ms,decomp_ms,ratio,cost,adopted
fields/00000__plt00000__fab0000_comp02_ez.f32__c0006__dt-f32/chunk_0,1000000,2,ans shuffle=byte,primary,2.36524796,-1,5.03334197,12.2860524,1
fields/00000__plt00000__fab0000_comp02_ez.f32__c0010__dt-f32/chunk_0,1000000,2,ans shuffle=byte,primary,2.06448007,-1,5.03107187,11.9873285,1
fields/00000__plt00000__fab0000_comp02_ez.f32__c0002__dt-f32/chunk_0,1000000,2,ans shuffle=byte,primary,2.04185605,-1,5.03264141,11.9636191,1
fields/00000__plt00000__fab0000_comp02_ez.f32__c0014__dt-f32/chunk_0,1000000,2,ans shuffle=byte,primary,2.79071999,-1,5.03137363,12.7127044,1
fields/00000__plt00000__fab0000_comp02_ez.f32__c0018__dt-f32/chunk_0,1000000,2,ans shuffle=byte,primary,0.920575976,-1,5.03165128,10.8437646,1
fields/00000__plt00000__fab0000_comp02_ez.f32__c0022__dt-f32/chunk_0,1000000,2,ans shuffle=byte,primary,1.026016,-1,5.03277426,10.9465404,1
fields/00000__plt00000__fab0000_comp02_ez.f32__c0026__dt-f32/chunk_0,1000000,2,ans shuffle=byte,primary,1.48902404,-1,5.03014269,11.4134486,1
fields/00000__plt00000__fab0000_comp02_ez.f32__c0030__dt-f32/chunk_0,1000000,2,ans shuffle=byte,primary,2.61977601,-1,3.63321876,15.5990905,1
fields/00000__plt00000__fab0000_comp02_ez.f32__c0034__dt-f32/chunk_0,1000000,2,ans shuffle=byte,primary,1.13673604,-1,5.03219459,11.0574466,1
fields/00000__plt00000__fab0000_comp02_ez.f32__c0038__dt-f32/chunk_0,1000000,2,ans shuffle=byte,primary,2.05126405,-1,5.03229119,11.9721363,1
fields/00000__plt00000__fab0000_comp02_ez.f32__c0058__dt-f32/chunk_0,1000000,2,ans shuffle=byte,primary,1.06159997,-1,5.03354735,10.9804073,1
fields/00000__plt00000__fab0000_comp02_ez.f32__c0062__dt-f32/chunk_0,1000000,2,ans shuffle=byte,primary,1.52377605,-1,5.00376269,11.5263029,1
fields/00000__plt00000__fab0000_comp02_ez.f32__c0042__dt-f32/chunk_0,1000000,2,ans shuffle=byte,primary,1.66463995,-1,5.03090291,11.5882747,1
fields/00000__plt00000__fab0000_comp02_ez.f32__c0046__dt-f32/chunk_0,1000000,2,ans shuffle=byte,primary,2.92115211,-1,5.03046847,12.8458917,1
fields/00000__plt00000__fab0000_comp02_ez.f32__c0050__dt-f32/chunk_0,1000000,2,ans shuffle=byte,primary,2.18668795,-1,5.03150642,12.1096977,1
fields/00000__plt00000__fab0000_comp02_ez.f32__c0054__dt-f32/chunk_0,1000000,2,ans shuffle=byte,primary,2.10809588,-1,5.03027541,12.0313731,1
fields/00001__plt00001__fab0000_comp02_ez.f32__c0002__dt-f32/chunk_0,1000000,2,ans shuffle=byte,primary,2.13097596,-1,5.03264141,12.052739,1
fields/00001__plt00001__fab0000_comp02_ez.f32__c0006__dt-f32/chunk_0,1000000,2,ans shuffle=byte,primary,2.193856,-1,5.03334197,12.1146605,1
fields/00001__plt00001__fab0000_comp02_ez.f32__c0010__dt-f32/chunk_0,1000000,2,ans shuffle=byte,primary,2.18099189,-1,5.03107187,12.1038403,1
fields/00001__plt00001__fab0000_comp02_ez.f32__c0014__dt-f32/chunk_0,1000000,2,ans shuffle=byte,primary,2.58582401,-1,5.03137363,12.5078084,1
fields/00001__plt00001__fab0000_comp02_ez.f32__c0018__dt-f32/chunk_0,1000000,39,spspeed shuffle=bit,primary,0.0921920016,-1,3.56047531,12.6355318,1
fields/00001__plt00001__fab0000_comp02_ez.f32__c0022__dt-f32/chunk_0,1000000,39,spspeed shuffle=bit,primary,0.625919998,-1,3.56062039,13.1690311,1
fields/00001__plt00001__fab0000_comp02_ez.f32__c0026__dt-f32/chunk_0,1000000,39,spspeed shuffle=bit,primary,0.379680008,-1,3.56052367,12.9230933,1
fields/00001__plt00001__fab0000_comp02_ez.f32__c0030__dt-f32/chunk_0,1000000,2,ans shuffle=byte,primary,2.26659203,-1,2.7431322,19.0504816,1
fields/00001__plt00001__fab0000_comp02_ez.f32__c0034__dt-f32/chunk_0,1000000,39,spspeed shuffle=bit,primary,0.667328,-1,3.56047531,13.210973,1
fields/00001__plt00001__fab0000_comp02_ez.f32__c0038__dt-f32/chunk_0,1000000,39,spspeed shuffle=bit,primary,0.574815989,-1,3.56066875,13.1178533,1
fields/00001__plt00001__fab0000_comp02_ez.f32__c0042__dt-f32/chunk_0,1000000,39,spspeed shuffle=bit,primary,0.330527991,-1,3.56047531,12.873967,1
fields/00001__plt00001__fab0000_comp02_ez.f32__c0046__dt-f32/chunk_0,1000000,39,spspeed shuffle=bit,primary,1.27958405,-1,3.56042695,13.8231996,1
fields/00001__plt00001__fab0000_comp02_ez.f32__c0050__dt-f32/chunk_0,1000000,39,spspeed shuffle=bit,primary,1.17580795,-1,3.56047531,13.7193171,1
fields/00001__plt00001__fab0000_comp02_ez.f32__c0054__dt-f32/chunk_0,1000000,39,spspeed shuffle=bit,primary,0.617376029,-1,3.56047531,13.1611099,1
fields/00001__plt00001__fab0000_comp02_ez.f32__c0058__dt-f32/chunk_0,1000000,39,spspeed shuffle=bit,primary,0.917631984,-1,3.56047531,13.461212,1
fields/00001__plt00001__fab0000_comp02_ez.f32__c0062__dt-f32/chunk_0,1000000,39,spspeed shuffle=bit,primary,0.62390399,-1,3.53745517,13.2371251,1
fields/00002__plt00002__fab0000_comp02_ez.f32__c0010__dt-f32/chunk_0,1000000,2,ans shuffle=byte,primary,2.58751988,-1,5.03107187,12.5103683,1
fields/00002__plt00002__fab0000_comp02_ez.f32__c0002__dt-f32/chunk_0,1000000,39,spspeed shuffle=bit,primary,0.125599995,-1,3.56047531,12.6689377,1
fields/00002__plt00002__fab0000_comp02_ez.f32__c0006__dt-f32/chunk_0,1000000,39,spspeed shuffle=bit,primary,1.17151999,-1,3.56047531,13.7147971,1
fields/00002__plt00002__fab0000_comp02_ez.f32__c0014__dt-f32/chunk_0,1000000,2,ans shuffle=byte,primary,1.96182406,-1,5.03137363,11.8838085,1
fields/00002__plt00002__fab0000_comp02_ez.f32__c0018__dt-f32/chunk_0,1000000,2,ans shuffle=byte,primary,2.53526402,-1,5.03165128,12.4584526,1
fields/00002__plt00002__fab0000_comp02_ez.f32__c0022__dt-f32/chunk_0,1000000,2,ans shuffle=byte,primary,1.58742404,-1,5.03277426,11.5079484,1
fields/00002__plt00002__fab0000_comp02_ez.f32__c0026__dt-f32/chunk_0,1000000,2,ans shuffle=byte,primary,2.11184001,-1,5.03014269,12.0362645,1
fields/00002__plt00002__fab0000_comp02_ez.f32__c0030__dt-f32/chunk_0,1000000,2,ans shuffle=byte,primary,2.16368008,-1,2.271661,22.0593021,1
fields/00002__plt00002__fab0000_comp02_ez.f32__c0034__dt-f32/chunk_0,1000000,2,ans shuffle=byte,primary,1.45564795,-1,5.03219459,11.3763585,1
fields/00002__plt00002__fab0000_comp02_ez.f32__c0038__dt-f32/chunk_0,1000000,2,ans shuffle=byte,primary,0.368479997,-1,5.03229119,10.2893523,1
fields/00002__plt00002__fab0000_comp02_ez.f32__c0042__dt-f32/chunk_0,1000000,2,ans shuffle=byte,primary,0.452928007,-1,5.03090291,10.3765628,1
fields/00002__plt00002__fab0000_comp02_ez.f32__c0046__dt-f32/chunk_0,1000000,2,ans shuffle=byte,primary,0.893567979,-1,5.03046847,10.8183075,1
fields/00002__plt00002__fab0000_comp02_ez.f32__c0050__dt-f32/chunk_0,1000000,2,ans shuffle=byte,primary,0.776736021,-1,5.03150642,10.6997457,1
fields/00002__plt00002__fab0000_comp02_ez.f32__c0054__dt-f32/chunk_0,1000000,2,ans shuffle=byte,primary,3.22595191,-1,5.03027541,13.1492291,1
fields/00002__plt00002__fab0000_comp02_ez.f32__c0058__dt-f32/chunk_0,1000000,2,ans shuffle=byte,primary,1.92963195,-1,5.03354735,11.8484393,1
fields/00002__plt00002__fab0000_comp02_ez.f32__c0062__dt-f32/chunk_0,1000000,4,bitcomp algo=1 shuffle=bit type=char,primary,0.862208009,-1,3.53861314,14.438135,1
fields/00003__plt00003__fab0000_comp02_ez.f32__c0002__dt-f32/chunk_0,1000000,2,ans shuffle=byte,primary,2.53187203,-1,5.03264141,12.453635,1
fields/00003__plt00003__fab0000_comp02_ez.f32__c0006__dt-f32/chunk_0,1000000,2,ans shuffle=byte,primary,2.77708793,-1,5.03334197,12.6978924,1
fields/00003__plt00003__fab0000_comp02_ez.f32__c0010__dt-f32/chunk_0,1000000,2,ans shuffle=byte,primary,2.18079996,-1,5.03107187,12.1036484,1
fields/00003__plt00003__fab0000_comp02_ez.f32__c0014__dt-f32/chunk_0,1000000,2,ans shuffle=byte,primary,2.96144009,-1,5.03137363,12.8834245,1
fields/00003__plt00003__fab0000_comp02_ez.f32__c0018__dt-f32/chunk_0,1000000,2,ans shuffle=byte,primary,2.64812803,-1,5.03165128,12.5713166,1
fields/00003__plt00003__fab0000_comp02_ez.f32__c0022__dt-f32/chunk_0,1000000,2,ans shuffle=byte,primary,1.18931198,-1,5.03277426,11.1098363,1
fields/00003__plt00003__fab0000_comp02_ez.f32__c0026__dt-f32/chunk_0,1000000,2,ans shuffle=byte,primary,0.506687999,-1,5.03014269,10.4311125,1
fields/00003__plt00003__fab0000_comp02_ez.f32__c0030__dt-f32/chunk_0,1000000,2,ans shuffle=byte,primary,0.268896013,-1,1.99835722,22.6720052,1
fields/00003__plt00003__fab0000_comp02_ez.f32__c0034__dt-f32/chunk_0,1000000,2,ans shuffle=byte,primary,1.79449606,-1,5.03219459,11.7152066,1
fields/00003__plt00003__fab0000_comp02_ez.f32__c0038__dt-f32/chunk_0,1000000,2,ans shuffle=byte,primary,2.67571211,-1,5.03229119,12.5965844,1
fields/00003__plt00003__fab0000_comp02_ez.f32__c0042__dt-f32/chunk_0,1000000,2,ans shuffle=byte,primary,1.76435196,-1,5.03090291,11.6879868,1
fields/00003__plt00003__fab0000_comp02_ez.f32__c0046__dt-f32/chunk_0,1000000,2,ans shuffle=byte,primary,2.6469121,-1,5.03046847,12.5716516,1
fields/00003__plt00003__fab0000_comp02_ez.f32__c0050__dt-f32/chunk_0,1000000,2,ans shuffle=byte,primary,2.47254395,-1,5.03150642,12.3955537,1
fields/00003__plt00003__fab0000_comp02_ez.f32__c0054__dt-f32/chunk_0,1000000,2,ans shuffle=byte,primary,2.27232003,-1,5.03027541,12.1955972,1
fields/00003__plt00003__fab0000_comp02_ez.f32__c0058__dt-f32/chunk_0,1000000,2,ans shuffle=byte,primary,2.42931199,-1,5.03354735,12.3481193,1
fields/00003__plt00003__fab0000_comp02_ez.f32__c0062__dt-f32/chunk_0,1000000,9,bitcomp type=int,primary,2.79326,-1,0.998276824,41.94304,1
fields/00004__plt00004__fab0000_comp02_ez.f32__c0002__dt-f32/chunk_0,1000000,2,ans shuffle=byte,primary,2.48217607,-1,5.03264141,12.4039391,1
fields/00004__plt00004__fab0000_comp02_ez.f32__c0006__dt-f32/chunk_0,1000000,2,ans shuffle=byte,primary,2.65391994,-1,5.03334197,12.5747244,1
fields/00004__plt00004__fab0000_comp02_ez.f32__c0010__dt-f32/chunk_0,1000000,2,ans shuffle=byte,primary,1.88163197,-1,5.03107187,11.8044804,1
fields/00004__plt00004__fab0000_comp02_ez.f32__c0014__dt-f32/chunk_0,1000000,2,ans shuffle=byte,primary,2.86649609,-1,5.03137363,12.7884805,1
fields/00004__plt00004__fab0000_comp02_ez.f32__c0018__dt-f32/chunk_0,1000000,2,ans shuffle=byte,primary,2.369344,-1,5.03165128,12.2925326,1
fields/00004__plt00004__fab0000_comp02_ez.f32__c0022__dt-f32/chunk_0,1000000,2,ans shuffle=byte,primary,1.62489605,-1,5.03277426,11.5454204,1
fields/00004__plt00004__fab0000_comp02_ez.f32__c0026__dt-f32/chunk_0,1000000,2,ans shuffle=byte,primary,1.96159995,-1,5.03014269,11.8860245,1
fields/00004__plt00004__fab0000_comp02_ez.f32__c0030__dt-f32/chunk_0,1000000,2,ans shuffle=byte,primary,2.65737605,-1,1.79192453,27.4579187,1
fields/00004__plt00004__fab0000_comp02_ez.f32__c0034__dt-f32/chunk_0,1000000,2,ans shuffle=byte,primary,1.94739199,-1,5.03219459,11.8681025,1
fields/00004__plt00004__fab0000_comp02_ez.f32__c0038__dt-f32/chunk_0,1000000,2,ans shuffle=byte,primary,2.6516161,-1,5.03229119,12.5724884,1
fields/00004__plt00004__fab0000_comp02_ez.f32__c0042__dt-f32/chunk_0,1000000,2,ans shuffle=byte,primary,2.7516799,-1,5.03090291,12.6753147,1
fields/00004__plt00004__fab0000_comp02_ez.f32__c0046__dt-f32/chunk_0,1000000,2,ans shuffle=byte,primary,2.32224011,-1,5.03046847,12.2469797,1
fields/00004__plt00004__fab0000_comp02_ez.f32__c0050__dt-f32/chunk_0,1000000,2,ans shuffle=byte,primary,2.41081595,-1,5.03150642,12.3338257,1
fields/00004__plt00004__fab0000_comp02_ez.f32__c0054__dt-f32/chunk_0,1000000,2,ans shuffle=byte,primary,2.17644811,-1,5.03027541,12.0997253,1
fields/00004__plt00004__fab0000_comp02_ez.f32__c0058__dt-f32/chunk_0,1000000,2,ans shuffle=byte,primary,2.09071994,-1,5.03354735,12.0095273,1
fields/00005__plt00005__fab0000_comp02_ez.f32__c0018__dt-f32/chunk_0,1000000,2,ans shuffle=byte,primary,1.70096004,-1,5.03165128,11.6241486,1
fields/00005__plt00005__fab0000_comp02_ez.f32__c0002__dt-f32/chunk_0,1000000,2,ans shuffle=byte,primary,3.34345603,-1,5.03264141,13.265219,1
fields/00005__plt00005__fab0000_comp02_ez.f32__c0006__dt-f32/chunk_0,1000000,2,ans shuffle=byte,primary,2.08540797,-1,5.03334197,12.0062124,1
fields/00004__plt00004__fab0000_comp02_ez.f32__c0062__dt-f32/chunk_0,1000000,2,ans shuffle=byte,primary,1.87846398,-1,5.00376269,11.8809908,1
fields/00005__plt00005__fab0000_comp02_ez.f32__c0026__dt-f32/chunk_0,1000000,2,ans shuffle=byte,primary,1.55836797,-1,5.03014269,11.4827925,1
fields/00005__plt00005__fab0000_comp02_ez.f32__c0014__dt-f32/chunk_0,1000000,2,ans shuffle=byte,primary,3.08256006,-1,5.03137363,13.0045445,1
fields/00005__plt00005__fab0000_comp02_ez.f32__c0030__dt-f32/chunk_0,1000000,2,ans shuffle=byte,primary,2.62713599,-1,1.62387897,29.8489255,1
fields/00005__plt00005__fab0000_comp02_ez.f32__c0010__dt-f32/chunk_0,1000000,2,ans shuffle=byte,primary,0.988160014,-1,5.03107187,10.9110085,1
fields/00005__plt00005__fab0000_comp02_ez.f32__c0022__dt-f32/chunk_0,1000000,2,ans shuffle=byte,primary,3.08179212,-1,5.03277426,13.0023165,1
fields/00005__plt00005__fab0000_comp02_ez.f32__c0038__dt-f32/chunk_0,1000000,2,ans shuffle=byte,primary,2.5531199,-1,5.03229119,12.4739922,1
fields/00005__plt00005__fab0000_comp02_ez.f32__c0034__dt-f32/chunk_0,1000000,2,ans shuffle=byte,primary,1.46857595,-1,5.02852649,11.3953288,1
fields/00005__plt00005__fab0000_comp02_ez.f32__c0042__dt-f32/chunk_0,1000000,2,ans shuffle=byte,primary,0.266719997,-1,5.03090291,10.1903548,1
fields/00005__plt00005__fab0000_comp02_ez.f32__c0054__dt-f32/chunk_0,1000000,2,ans shuffle=byte,primary,1.29887998,-1,5.03027541,11.2221572,1
fields/00005__plt00005__fab0000_comp02_ez.f32__c0050__dt-f32/chunk_0,1000000,2,ans shuffle=byte,primary,1.71055996,-1,5.03150642,11.6335697,1
fields/00005__plt00005__fab0000_comp02_ez.f32__c0058__dt-f32/chunk_0,1000000,2,ans shuffle=byte,primary,1.09945595,-1,5.03354735,11.0182633,1
fields/00005__plt00005__fab0000_comp02_ez.f32__c0062__dt-f32/chunk_0,1000000,2,ans shuffle=byte,primary,2.1516161,-1,5.00376269,12.1541429,1
fields/00005__plt00005__fab0000_comp02_ez.f32__c0046__dt-f32/chunk_0,1000000,2,ans shuffle=byte,primary,1.75574398,-1,5.03046847,11.6804835,1
fields/00006__plt00006__fab0000_comp02_ez.f32__c0002__dt-f32/chunk_0,1000000,2,ans shuffle=byte,primary,1.54288006,-1,5.03264141,11.4646431,1
fields/00006__plt00006__fab0000_comp02_ez.f32__c0006__dt-f32/chunk_0,1000000,2,ans shuffle=byte,primary,2.94566393,-1,5.03334197,12.8664684,1
fields/00006__plt00006__fab0000_comp02_ez.f32__c0014__dt-f32/chunk_0,1000000,2,ans shuffle=byte,primary,2.36272001,-1,5.03137363,12.2847044,1
fields/00006__plt00006__fab0000_comp02_ez.f32__c0010__dt-f32/chunk_0,1000000,2,ans shuffle=byte,primary,2.50966406,-1,5.03107187,12.4325125,1
fields/00006__plt00006__fab0000_comp02_ez.f32__c0026__dt-f32/chunk_0,1000000,2,ans shuffle=byte,primary,1.47910404,-1,5.03014269,11.4035286,1
fields/00006__plt00006__fab0000_comp02_ez.f32__c0018__dt-f32/chunk_0,1000000,2,ans shuffle=byte,primary,1.41190398,-1,5.03165128,11.3350926,1
fields/00006__plt00006__fab0000_comp02_ez.f32__c0022__dt-f32/chunk_0,1000000,2,ans shuffle=byte,primary,1.51808,-1,5.03277426,11.4386044,1
fields/00006__plt00006__fab0000_comp02_ez.f32__c0030__dt-f32/chunk_0,1000000,29,ndzip,primary,0.0757760033,-1,1.05499246,40.3429085,1
fields/00006__plt00006__fab0000_comp02_ez.f32__c0034__dt-f32/chunk_0,1000000,2,ans shuffle=byte,primary,1.68316805,-1,5.02351563,11.6180526,1
fields/00006__plt00006__fab0000_comp02_ez.f32__c0038__dt-f32/chunk_0,1000000,2,ans shuffle=byte,primary,2.31888008,-1,5.03229119,12.2397523,1
fields/00006__plt00006__fab0000_comp02_ez.f32__c0042__dt-f32/chunk_0,1000000,2,ans shuffle=byte,primary,3.73267198,-1,5.03090291,13.6563068,1
fields/00006__plt00006__fab0000_comp02_ez.f32__c0050__dt-f32/chunk_0,1000000,2,ans shuffle=byte,primary,2.61750388,-1,5.03150642,12.5405136,1
fields/00006__plt00006__fab0000_comp02_ez.f32__c0046__dt-f32/chunk_0,1000000,2,ans shuffle=byte,primary,2.6195519,-1,5.03046847,12.5442914,1
fields/00006__plt00006__fab0000_comp02_ez.f32__c0054__dt-f32/chunk_0,1000000,2,ans shuffle=byte,primary,1.32406402,-1,5.03027541,11.2473412,1
fields/00006__plt00006__fab0000_comp02_ez.f32__c0062__dt-f32/chunk_0,1000000,2,ans shuffle=byte,primary,1.92371202,-1,5.00376269,11.9262388,1
fields/00006__plt00006__fab0000_comp02_ez.f32__c0058__dt-f32/chunk_0,1000000,2,ans shuffle=byte,primary,3.33497596,-1,5.03354735,13.2537833,1
fields/00007__plt00007__fab0000_comp02_ez.f32__c0002__dt-f32/chunk_0,1000000,2,ans shuffle=byte,primary,1.20291197,-1,5.03264141,11.124675,1
fields/00007__plt00007__fab0000_comp02_ez.f32__c0006__dt-f32/chunk_0,1000000,2,ans shuffle=byte,primary,2.90451193,-1,5.03334197,12.8253164,1
fields/00007__plt00007__fab0000_comp02_ez.f32__c0030__dt-f32/chunk_0,1000000,35,spratio,primary,0.939808011,-1,1.00409725,43.4535201,1
fields/00007__plt00007__fab0000_comp02_ez.f32__c0010__dt-f32/chunk_0,1000000,2,ans shuffle=byte,primary,2.41001606,-1,5.03107187,12.3328645,1
fields/00007__plt00007__fab0000_comp02_ez.f32__c0014__dt-f32/chunk_0,1000000,2,ans shuffle=byte,primary,2.92163205,-1,5.03137363,12.8436165,1
fields/00007__plt00007__fab0000_comp02_ez.f32__c0018__dt-f32/chunk_0,1000000,2,ans shuffle=byte,primary,2.82972789,-1,5.03165128,12.7529165,1
fields/00007__plt00007__fab0000_comp02_ez.f32__c0026__dt-f32/chunk_0,1000000,2,ans shuffle=byte,primary,1.21126401,-1,5.03014269,11.1356885,1
fields/00007__plt00007__fab0000_comp02_ez.f32__c0022__dt-f32/chunk_0,1000000,2,ans shuffle=byte,primary,1.96703994,-1,5.03277426,11.8875643,1
fields/00007__plt00007__fab0000_comp02_ez.f32__c0034__dt-f32/chunk_0,1000000,30,ndzip shuffle=bit,primary,0.0952320024,-1,2.81810877,15.4409903,1
fields/00007__plt00007__fab0000_comp02_ez.f32__c0038__dt-f32/chunk_0,1000000,2,ans shuffle=byte,primary,2.90310407,-1,5.03229119,12.8239763,1
fields/00007__plt00007__fab0000_comp02_ez.f32__c0054__dt-f32/chunk_0,1000000,2,ans shuffle=byte,primary,1.21628797,-1,5.03027541,11.1395652,1
fields/00007__plt00007__fab0000_comp02_ez.f32__c0058__dt-f32/chunk_0,1000000,2,ans shuffle=byte,primary,2.16489601,-1,5.03354735,12.0837033,1
fields/00007__plt00007__fab0000_comp02_ez.f32__c0046__dt-f32/chunk_0,1000000,2,ans shuffle=byte,primary,2.16262388,-1,5.03046847,12.0873634,1
fields/00007__plt00007__fab0000_comp02_ez.f32__c0042__dt-f32/chunk_0,1000000,2,ans shuffle=byte,primary,1.73795199,-1,5.03090291,11.6615868,1
fields/00008__plt00008__fab0000_comp02_ez.f32__c0002__dt-f32/chunk_0,1000000,2,ans shuffle=byte,primary,2.99855995,-1,5.03264141,12.920323,1
fields/00007__plt00007__fab0000_comp02_ez.f32__c0050__dt-f32/chunk_0,1000000,2,ans shuffle=byte,primary,2.85241604,-1,5.03150642,12.7754257,1
fields/00007__plt00007__fab0000_comp02_ez.f32__c0062__dt-f32/chunk_0,1000000,2,ans shuffle=byte,primary,3.18918395,-1,5.00376269,13.1917108,1
fields/00008__plt00008__fab0000_comp02_ez.f32__c0006__dt-f32/chunk_0,1000000,2,ans shuffle=byte,primary,2.32131195,-1,5.03334197,12.2421164,1
fields/00008__plt00008__fab0000_comp02_ez.f32__c0022__dt-f32/chunk_0,1000000,2,ans shuffle=byte,primary,1.32886398,-1,5.03277426,11.2493883,1
fields/00008__plt00008__fab0000_comp02_ez.f32__c0010__dt-f32/chunk_0,1000000,2,ans shuffle=byte,primary,3.08784008,-1,5.03107187,13.0106885,1
fields/00008__plt00008__fab0000_comp02_ez.f32__c0030__dt-f32/chunk_0,1000000,38,spspeed,primary,0.53846401,-1,1.07933155,39.9418165,1
fields/00008__plt00008__fab0000_comp02_ez.f32__c0014__dt-f32/chunk_0,1000000,2,ans shuffle=byte,primary,1.62822402,-1,5.03137363,11.5502084,1
fields/00008__plt00008__fab0000_comp02_ez.f32__c0038__dt-f32/chunk_0,1000000,2,ans shuffle=byte,primary,1.84352005,-1,5.03229119,11.7643923,1
fields/00008__plt00008__fab0000_comp02_ez.f32__c0018__dt-f32/chunk_0,1000000,2,ans shuffle=byte,primary,0.781472027,-1,5.03165128,10.7046606,1
fields/00008__plt00008__fab0000_comp02_ez.f32__c0026__dt-f32/chunk_0,1000000,2,ans shuffle=byte,primary,3.30742407,-1,5.03014269,13.2318486,1
fields/00008__plt00008__fab0000_comp02_ez.f32__c0034__dt-f32/chunk_0,1000000,36,spratio shuffle=bit,primary,0.100192003,-1,2.50566871,17.7626604,1
fields/00008__plt00008__fab0000_comp02_ez.f32__c0046__dt-f32/chunk_0,1000000,2,ans shuffle=byte,primary,1.07475197,-1,5.03046847,10.9994915,1
fields/00008__plt00008__fab0000_comp02_ez.f32__c0042__dt-f32/chunk_0,1000000,2,ans shuffle=byte,primary,2.25593591,-1,5.03090291,12.1795707,1
fields/00008__plt00008__fab0000_comp02_ez.f32__c0062__dt-f32/chunk_0,1000000,2,ans shuffle=byte,primary,2.47884798,-1,5.00376269,12.4813748,1
fields/00008__plt00008__fab0000_comp02_ez.f32__c0054__dt-f32/chunk_0,1000000,2,ans shuffle=byte,primary,1.051808,-1,5.03027541,10.9750852,1
fields/00009__plt00009__fab0000_comp02_ez.f32__c0006__dt-f32/chunk_0,1000000,2,ans shuffle=byte,primary,1.01856005,-1,5.03334197,10.9393645,1
fields/00008__plt00008__fab0000_comp02_ez.f32__c0050__dt-f32/chunk_0,1000000,2,ans shuffle=byte,primary,0.515616,-1,5.03150642,10.4386257,1
fields/00008__plt00008__fab0000_comp02_ez.f32__c0058__dt-f32/chunk_0,1000000,2,ans shuffle=byte,primary,0.491456002,-1,5.03354735,10.4102633,1
fields/00009__plt00009__fab0000_comp02_ez.f32__c0002__dt-f32/chunk_0,1000000,2,ans shuffle=byte,primary,0.752735972,-1,5.03264141,10.674499,1
fields/00009__plt00009__fab0000_comp02_ez.f32__c0022__dt-f32/chunk_0,1000000,2,ans shuffle=byte,primary,2.89856005,-1,5.03277426,12.8190844,1
fields/00009__plt00009__fab0000_comp02_ez.f32__c0010__dt-f32/chunk_0,1000000,2,ans shuffle=byte,primary,3.46473598,-1,5.03107187,13.3875844,1
fields/00009__plt00009__fab0000_comp02_ez.f32__c0018__dt-f32/chunk_0,1000000,2,ans shuffle=byte,primary,1.69177604,-1,5.03165128,11.6149646,1
fields/00009__plt00009__fab0000_comp02_ez.f32__c0014__dt-f32/chunk_0,1000000,2,ans shuffle=byte,primary,1.07673597,-1,5.03137363,10.9987204,1
fields/00009__plt00009__fab0000_comp02_ez.f32__c0026__dt-f32/chunk_0,1000000,2,ans shuffle=byte,primary,0.774752021,-1,5.03014269,10.6991765,1
fields/00009__plt00009__fab0000_comp02_ez.f32__c0030__dt-f32/chunk_0,1000000,38,spspeed,primary,0.536415994,-1,1.08187057,39.8482124,1
fields/00009__plt00009__fab0000_comp02_ez.f32__c0034__dt-f32/chunk_0,1000000,2,ans shuffle=byte,primary,3.10275197,-1,3.7289663,15.7851359,1
fields/00009__plt00009__fab0000_comp02_ez.f32__c0038__dt-f32/chunk_0,1000000,2,ans shuffle=byte,primary,5.70287991,-1,5.03229119,15.6237522,1
fields/00009__plt00009__fab0000_comp02_ez.f32__c0042__dt-f32/chunk_0,1000000,2,ans shuffle=byte,primary,2.01625609,-1,5.03090291,11.9398909,1
fields/00010__plt00010__fab0000_comp02_ez.f32__c0002__dt-f32/chunk_0,1000000,2,ans shuffle=byte,primary,1.681952,-1,5.03264141,11.603715,1
fields/00009__plt00009__fab0000_comp02_ez.f32__c0050__dt-f32/chunk_0,1000000,2,ans shuffle=byte,primary,1.45555198,-1,5.03150642,11.3785617,1
fields/00009__plt00009__fab0000_comp02_ez.f32__c0062__dt-f32/chunk_0,1000000,2,ans shuffle=byte,primary,2.03299189,-1,5.00376269,12.0355187,1
fields/00009__plt00009__fab0000_comp02_ez.f32__c0046__dt-f32/chunk_0,1000000,2,ans shuffle=byte,primary,1.82083201,-1,5.03046847,11.7455716,1
fields/00009__plt00009__fab0000_comp02_ez.f32__c0054__dt-f32/chunk_0,1000000,2,ans shuffle=byte,primary,1.88015997,-1,5.03027541,11.8034372,1
fields/00009__plt00009__fab0000_comp02_ez.f32__c0058__dt-f32/chunk_0,1000000,2,ans shuffle=byte,primary,0.853375971,-1,5.03354735,10.7721833,1
fields/00010__plt00010__fab0000_comp02_ez.f32__c0006__dt-f32/chunk_0,1000000,7,bitcomp shuffle=bit type=int,primary,1.15097594,-1,3.55484437,14.859569,1
fields/00010__plt00010__fab0000_comp02_ez.f32__c0038__dt-f32/chunk_0,1000000,7,bitcomp shuffle=bit type=int,primary,1.54972804,-1,3.55537472,15.2587151,1
fields/00010__plt00010__fab0000_comp02_ez.f32__c0014__dt-f32/chunk_0,1000000,7,bitcomp shuffle=bit type=int,primary,0.845824003,-1,3.55484437,14.5569334,1
fields/00010__plt00010__fab0000_comp02_ez.f32__c0022__dt-f32/chunk_0,1000000,7,bitcomp shuffle=bit type=int,primary,1.31452799,-1,3.55547116,15.0225088,1
fields/00010__plt00010__fab0000_comp02_ez.f32__c0010__dt-f32/chunk_0,1000000,7,bitcomp shuffle=bit type=int,primary,2.00783992,-1,3.55520596,15.7174841,1
fields/00010__plt00010__fab0000_comp02_ez.f32__c0018__dt-f32/chunk_0,1000000,7,bitcomp shuffle=bit type=int,primary,1.83305597,-1,3.55503721,15.5417781,1
fields/00010__plt00010__fab0000_comp02_ez.f32__c0030__dt-f32/chunk_0,1000000,38,spspeed,primary,0.303584009,-1,1.08417937,39.5338184,1
fields/00010__plt00010__fab0000_comp02_ez.f32__c0026__dt-f32/chunk_0,1000000,7,bitcomp shuffle=bit type=int,primary,2.4408319,-1,3.55455516,16.1526325,1
fields/00010__plt00010__fab0000_comp02_ez.f32__c0034__dt-f32/chunk_0,1000000,2,ans shuffle=byte,primary,2.98364806,-1,3.21040973,17.5220491,1
fields/00010__plt00010__fab0000_comp02_ez.f32__c0042__dt-f32/chunk_0,1000000,1,ans shuffle=bit,primary,0.31436801,-1,3.74131995,13.1455816,1
fields/00010__plt00010__fab0000_comp02_ez.f32__c0054__dt-f32/chunk_0,1000000,1,ans shuffle=bit,primary,2.11078405,-1,3.7465601,14.9258419,1
fields/00010__plt00010__fab0000_comp02_ez.f32__c0046__dt-f32/chunk_0,1000000,1,ans shuffle=bit,primary,2.57680011,-1,3.73939867,15.4150014,1
fields/00010__plt00010__fab0000_comp02_ez.f32__c0058__dt-f32/chunk_0,1000000,1,ans shuffle=bit,primary,1.49094403,-1,3.74381788,14.3152267,1
fields/00010__plt00010__fab0000_comp02_ez.f32__c0050__dt-f32/chunk_0,1000000,1,ans shuffle=bit,primary,1.42224002,-1,3.73935867,14.2610787,1
fields/00011__plt00011__fab0000_comp02_ez.f32__c0002__dt-f32/chunk_0,1000000,1,ans shuffle=bit,primary,1.86863995,-1,3.74180057,14.6999768,1
fields/00010__plt00010__fab0000_comp02_ez.f32__c0062__dt-f32/chunk_0,1000000,8,bitcomp shuffle=byte type=int,primary,1.14995205,-1,1.99214977,24.496175,1
fields/00011__plt00011__fab0000_comp02_ez.f32__c0006__dt-f32/chunk_0,1000000,1,ans shuffle=bit,primary,0.448320001,-1,3.74241489,13.2781101,1
fields/00011__plt00011__fab0000_comp02_ez.f32__c0010__dt-f32/chunk_0,1000000,1,ans shuffle=bit,primary,1.04025602,-1,3.7426954,13.8677926,1
fields/00011__plt00011__fab0000_comp02_ez.f32__c0014__dt-f32/chunk_0,1000000,1,ans shuffle=bit,primary,3.00079989,-1,3.74107968,15.833372,1
fields/00011__plt00011__fab0000_comp02_ez.f32__c0022__dt-f32/chunk_0,1000000,1,ans shuffle=bit,primary,1.53171206,-1,3.74192075,14.362528,1
fields/00011__plt00011__fab0000_comp02_ez.f32__c0030__dt-f32/chunk_0,1000000,38,spspeed,primary,1.25792003,-1,1.08596243,40.4251498,1
fields/00011__plt00011__fab0000_comp02_ez.f32__c0018__dt-f32/chunk_0,1000000,1,ans shuffle=bit,primary,0.937919974,-1,3.74029235,13.7733101,1
fields/00011__plt00011__fab0000_comp02_ez.f32__c0026__dt-f32/chunk_0,1000000,1,ans shuffle=bit,primary,2.59631991,-1,3.73973209,15.4325987,1
fields/00011__plt00011__fab0000_comp02_ez.f32__c0050__dt-f32/chunk_0,1000000,1,ans shuffle=bit,primary,1.76224005,-1,3.73935867,14.6010787,1
fields/00011__plt00011__fab0000_comp02_ez.f32__c0046__dt-f32/chunk_0,1000000,1,ans shuffle=bit,primary,1.27468801,-1,3.73939867,14.1128893,1
fields/00011__plt00011__fab0000_comp02_ez.f32__c0034__dt-f32/chunk_0,1000000,2,ans shuffle=byte,primary,1.42335999,-1,2.7808708,17.9952543,1
fields/00011__plt00011__fab0000_comp02_ez.f32__c0038__dt-f32/chunk_0,1000000,1,ans shuffle=bit,primary,1.52512002,-1,3.74105298,14.3580205,1
fields/00011__plt00011__fab0000_comp02_ez.f32__c0042__dt-f32/chunk_0,1000000,1,ans shuffle=bit,primary,2.67654395,-1,3.74131995,15.5077575,1
fields/00011__plt00011__fab0000_comp02_ez.f32__c0054__dt-f32/chunk_0,1000000,1,ans shuffle=bit,primary,2.02489591,-1,3.7465601,14.8399537,1
fields/00011__plt00011__fab0000_comp02_ez.f32__c0062__dt-f32/chunk_0,1000000,39,spspeed shuffle=bit,primary,0.445055991,-1,3.53745517,13.0582771,1
fields/00011__plt00011__fab0000_comp02_ez.f32__c0058__dt-f32/chunk_0,1000000,1,ans shuffle=bit,primary,2.27731204,-1,3.74381788,15.1015947,1
fields/00012__plt00012__fab0000_comp02_ez.f32__c0002__dt-f32/chunk_0,1000000,1,ans shuffle=bit,primary,2.47334409,-1,3.74180057,15.304681,1
fields/00012__plt00012__fab0000_comp02_ez.f32__c0006__dt-f32/chunk_0,1000000,1,ans shuffle=bit,primary,1.46076798,-1,3.74241489,14.2905581,1
fields/00012__plt00012__fab0000_comp02_ez.f32__c0038__dt-f32/chunk_0,1000000,1,ans shuffle=bit,primary,2.89948797,-1,3.74105298,15.7323885,1
fields/00012__plt00012__fab0000_comp02_ez.f32__c0030__dt-f32/chunk_0,1000000,38,spspeed,primary,0.196832001,-1,1.0872551,39.3185285,1
fields/00012__plt00012__fab0000_comp02_ez.f32__c0010__dt-f32/chunk_0,1000000,1,ans shuffle=bit,primary,1.43455994,-1,3.7426954,14.2620965,1
fields/00012__plt00012__fab0000_comp02_ez.f32__c0014__dt-f32/chunk_0,1000000,1,ans shuffle=bit,primary,1.27209604,-1,3.74107968,14.1046681,1
fields/00012__plt00012__fab0000_comp02_ez.f32__c0022__dt-f32/chunk_0,1000000,1,ans shuffle=bit,primary,1.86918402,-1,3.74192075,14.7,1
fields/00012__plt00012__fab0000_comp02_ez.f32__c0018__dt-f32/chunk_0,1000000,1,ans shuffle=bit,primary,1.27721596,-1,3.74029235,14.1126061,1
fields/00012__plt00012__fab0000_comp02_ez.f32__c0042__dt-f32/chunk_0,1000000,1,ans shuffle=bit,primary,1.38784003,-1,3.74131995,14.2190536,1
fields/00012__plt00012__fab0000_comp02_ez.f32__c0034__dt-f32/chunk_0,1000000,2,ans shuffle=byte,primary,2.62662411,-1,2.43939128,21.268862,1
fields/00012__plt00012__fab0000_comp02_ez.f32__c0026__dt-f32/chunk_0,1000000,1,ans shuffle=bit,primary,2.91065598,-1,3.73973209,15.7469347,1
fields/00012__plt00012__fab0000_comp02_ez.f32__c0058__dt-f32/chunk_0,1000000,1,ans shuffle=bit,primary,2.58524799,-1,3.74381788,15.4095307,1
fields/00012__plt00012__fab0000_comp02_ez.f32__c0062__dt-f32/chunk_0,1000000,39,spspeed shuffle=bit,primary,0.296351999,-1,3.53745517,12.9095731,1
fields/00012__plt00012__fab0000_comp02_ez.f32__c0050__dt-f32/chunk_0,1000000,1,ans shuffle=bit,primary,2.60297608,-1,3.73935867,15.4418148,1
fields/00013__plt00013__fab0000_comp02_ez.f32__c0002__dt-f32/chunk_0,1000000,1,ans shuffle=bit,primary,1.62057602,-1,3.74180057,14.4519129,1
fields/00012__plt00012__fab0000_comp02_ez.f32__c0046__dt-f32/chunk_0,1000000,1,ans shuffle=bit,primary,2.53948808,-1,3.73939867,15.3776894,1
fields/00012__plt00012__fab0000_comp02_ez.f32__c0054__dt-f32/chunk_0,1000000,1,ans shuffle=bit,primary,1.67395198,-1,3.7465601,14.4890098,1
fields/00013__plt00013__fab0000_comp02_ez.f32__c0014__dt-f32/chunk_0,1000000,1,ans shuffle=bit,primary,2.36332798,-1,3.74107968,15.1959001,1
fields/00013__plt00013__fab0000_comp02_ez.f32__c0006__dt-f32/chunk_0,1000000,1,ans shuffle=bit,primary,3.13599992,-1,3.74241489,15.96579,1
fields/00013__plt00013__fab0000_comp02_ez.f32__c0010__dt-f32/chunk_0,1000000,1,ans shuffle=bit,primary,2.84374404,-1,3.7426954,15.6712806,1
fields/00013__plt00013__fab0000_comp02_ez.f32__c0022__dt-f32/chunk_0,1000000,1,ans shuffle=bit,primary,2.05827188,-1,3.74192075,14.8890878,1
fields/00013__plt00013__fab0000_comp02_ez.f32__c0038__dt-f32/chunk_0,1000000,1,ans shuffle=bit,primary,1.55558395,-1,3.74105298,14.3884845,1
fields/00013__plt00013__fab0000_comp02_ez.f32__c0018__dt-f32/chunk_0,1000000,1,ans shuffle=bit,primary,1.64652801,-1,3.74029235,14.4819182,1
fields/00013__plt00013__fab0000_comp02_ez.f32__c0026__dt-f32/chunk_0,1000000,1,ans shuffle=bit,primary,2.79702401,-1,3.73973209,15.6333028,1
fields/00013__plt00013__fab0000_comp02_ez.f32__c0034__dt-f32/chunk_0,1000000,2,ans shuffle=byte,primary,1.58223999,-1,2.16746679,22.3489039,1
fields/00013__plt00013__fab0000_comp02_ez.f32__c0046__dt-f32/chunk_0,1000000,1,ans shuffle=bit,primary,2.86598396,-1,3.73939867,15.7041853,1
fields/00013__plt00013__fab0000_comp02_ez.f32__c0042__dt-f32/chunk_0,1000000,1,ans shuffle=bit,primary,2.94239998,-1,3.74131995,15.7736136,1
fields/00013__plt00013__fab0000_comp02_ez.f32__c0030__dt-f32/chunk_0,1000000,38,spspeed,primary,0.441248,-1,1.08805837,39.5347334,1
fields/00013__plt00013__fab0000_comp02_ez.f32__c0058__dt-f32/chunk_0,1000000,1,ans shuffle=bit,primary,2.07404804,-1,3.74381788,14.8983307,1
fields/00013__plt00013__fab0000_comp02_ez.f32__c0062__dt-f32/chunk_0,1000000,39,spspeed shuffle=bit,primary,0.757632017,-1,3.53745517,13.3708531,1
fields/00013__plt00013__fab0000_comp02_ez.f32__c0050__dt-f32/chunk_0,1000000,1,ans shuffle=bit,primary,1.86115205,-1,3.73935867,14.6999907,1
fields/00013__plt00013__fab0000_comp02_ez.f32__c0054__dt-f32/chunk_0,1000000,1,ans shuffle=bit,primary,1.64111996,-1,3.7465601,14.4561778,1
fields/00014__plt00014__fab0000_comp02_ez.f32__c0006__dt-f32/chunk_0,1000000,1,ans shuffle=bit,primary,1.954656,-1,3.74241489,14.7844461,1
fields/00014__plt00014__fab0000_comp02_ez.f32__c0002__dt-f32/chunk_0,1000000,1,ans shuffle=bit,primary,1.08419204,-1,3.74180057,13.9155289,1
fields/00014__plt00014__fab0000_comp02_ez.f32__c0018__dt-f32/chunk_0,1000000,1,ans shuffle=bit,primary,1.96284795,-1,3.74029235,14.7982381,1
fields/00014__plt00014__fab0000_comp02_ez.f32__c0014__dt-f32/chunk_0,1000000,1,ans shuffle=bit,primary,2.424896,-1,3.74107968,15.2574681,1
fields/00014__plt00014__fab0000_comp02_ez.f32__c0022__dt-f32/chunk_0,1000000,1,ans shuffle=bit,primary,1.91395199,-1,3.74192075,14.7447679,1
fields/00014__plt00014__fab0000_comp02_ez.f32__c0026__dt-f32/chunk_0,1000000,1,ans shuffle=bit,primary,2.13356805,-1,3.73973209,14.9698468,1
fields/00014__plt00014__fab0000_comp02_ez.f32__c0010__dt-f32/chunk_0,1000000,1,ans shuffle=bit,primary,2.30153608,-1,3.7426954,15.1290727,1
fields/00014__plt00014__fab0000_comp02_ez.f32__c0034__dt-f32/chunk_0,1000000,2,ans shuffle=byte,primary,3.05062389,-1,1.94726878,25.9907547,1
fields/00014__plt00014__fab0000_comp02_ez.f32__c0038__dt-f32/chunk_0,1000000,1,ans shuffle=bit,primary,2.19199991,-1,3.74105298,15.0249004,1
fields/00014__plt00014__fab0000_comp02_ez.f32__c0030__dt-f32/chunk_0,1000000,38,spspeed,primary,0.616415977,-1,1.08864126,39.6894134,1
fields/00014__plt00014__fab0000_comp02_ez.f32__c0042__dt-f32/chunk_0,1000000,1,ans shuffle=bit,primary,1.44947195,-1,3.74131995,14.2806855,1
fields/00014__plt00014__fab0000_comp02_ez.f32__c0054__dt-f32/chunk_0,1000000,1,ans shuffle=bit,primary,1.98047996,-1,3.7465601,14.7955378,1
fields/00014__plt00014__fab0000_comp02_ez.f32__c0062__dt-f32/chunk_0,1000000,39,spspeed shuffle=bit,primary,0.832575977,-1,3.53745517,13.4457971,1
fields/00014__plt00014__fab0000_comp02_ez.f32__c0046__dt-f32/chunk_0,1000000,1,ans shuffle=bit,primary,1.12883198,-1,3.73939867,13.9670333,1
fields/00015__plt00015__fab0000_comp02_ez.f32__c0006__dt-f32/chunk_0,1000000,1,ans shuffle=bit,primary,2.72732806,-1,3.74241489,15.5571182,1
fields/00014__plt00014__fab0000_comp02_ez.f32__c0050__dt-f32/chunk_0,1000000,1,ans shuffle=bit,primary,2.7541759,-1,3.73935867,15.5930146,1
fields/00014__plt00014__fab0000_comp02_ez.f32__c0058__dt-f32/chunk_0,1000000,1,ans shuffle=bit,primary,2.30656004,-1,3.74381788,15.1308427,1
fields/00015__plt00015__fab0000_comp02_ez.f32__c0014__dt-f32/chunk_0,1000000,1,ans shuffle=bit,primary,2.49593592,-1,3.74107968,15.328508,1
fields/00015__plt00015__fab0000_comp02_ez.f32__c0002__dt-f32/chunk_0,1000000,1,ans shuffle=bit,primary,1.81203198,-1,3.74180057,14.6433689,1
fields/00015__plt00015__fab0000_comp02_ez.f32__c0010__dt-f32/chunk_0,1000000,1,ans shuffle=bit,primary,2.2703681,-1,3.7426954,15.0979047,1
fields/00015__plt00015__fab0000_comp02_ez.f32__c0022__dt-f32/chunk_0,1000000,1,ans shuffle=bit,primary,0.820479989,-1,3.74192075,13.6512959,1
fields/00015__plt00015__fab0000_comp02_ez.f32__c0034__dt-f32/chunk_0,1000000,2,ans shuffle=byte,primary,2.40121603,-1,1.76622055,27.5252487,1
fields/00015__plt00015__fab0000_comp02_ez.f32__c0018__dt-f32/chunk_0,1000000,1,ans shuffle=bit,primary,0.820959985,-1,3.74029235,13.6563502,1
fields/00015__plt00015__fab0000_comp02_ez.f32__c0026__dt-f32/chunk_0,1000000,1,ans shuffle=bit,primary,1.53548801,-1,3.73973209,14.3717668,1
fields/00015__plt00015__fab0000_comp02_ez.f32__c0038__dt-f32/chunk_0,1000000,1,ans shuffle=bit,primary,1.97683203,-1,3.74105298,14.8097325,1
fields/00015__plt00015__fab0000_comp02_ez.f32__c0030__dt-f32/chunk_0,1000000,38,spspeed,primary,0.0778559968,-1,1.08898044,39.1390359,1
fields/00015__plt00015__fab0000_comp02_ez.f32__c0042__dt-f32/chunk_0,1000000,1,ans shuffle=bit,primary,2.01830411,-1,3.74131995,14.8495177,1
fields/00015__plt00015__fab0000_comp02_ez.f32__c0046__dt-f32/chunk_0,1000000,1,ans shuffle=bit,primary,2.91180801,-1,3.73939867,15.7500093,1
fields/00015__plt00015__fab0000_comp02_ez.f32__c0050__dt-f32/chunk_0,1000000,1,ans shuffle=bit,primary,1.70281601,-1,3.73935867,14.5416547,1
fields/00015__plt00015__fab0000_comp02_ez.f32__c0058__dt-f32/chunk_0,1000000,1,ans shuffle=bit,primary,1.91328001,-1,3.74381788,14.7375627,1
fields/00015__plt00015__fab0000_comp02_ez.f32__c0054__dt-f32/chunk_0,1000000,1,ans shuffle=bit,primary,1.36688006,-1,3.7465601,14.1819379,1
fields/00015__plt00015__fab0000_comp02_ez.f32__c0062__dt-f32/chunk_0,1000000,39,spspeed shuffle=bit,primary,0.408416003,-1,3.53745517,13.0216371,1
fields/00016__plt00016__fab0000_comp02_ez.f32__c0002__dt-f32/chunk_0,1000000,1,ans shuffle=bit,primary,1.91379201,-1,3.74180057,14.7451289,1
fields/00016__plt00016__fab0000_comp02_ez.f32__c0010__dt-f32/chunk_0,1000000,1,ans shuffle=bit,primary,2.38710403,-1,3.7426954,15.2146406,1
fields/00016__plt00016__fab0000_comp02_ez.f32__c0018__dt-f32/chunk_0,1000000,1,ans shuffle=bit,primary,1.87839997,-1,3.74029235,14.7137901,1
fields/00016__plt00016__fab0000_comp02_ez.f32__c0006__dt-f32/chunk_0,1000000,1,ans shuffle=bit,primary,3.09811211,-1,3.74241489,15.9279022,1
fields/00016__plt00016__fab0000_comp02_ez.f32__c0014__dt-f32/chunk_0,1000000,1,ans shuffle=bit,primary,1.60985601,-1,3.74107968,14.4424281,1
fields/00016__plt00016__fab0000_comp02_ez.f32__c0034__dt-f32/chunk_0,1000000,2,ans shuffle=byte,primary,1.52582395,-1,1.61503623,28.8824647,1
fields/00016__plt00016__fab0000_comp02_ez.f32__c0026__dt-f32/chunk_0,1000000,1,ans shuffle=bit,primary,2.96476793,-1,3.73973209,15.8010467,1
fields/00016__plt00016__fab0000_comp02_ez.f32__c0022__dt-f32/chunk_0,1000000,1,ans shuffle=bit,primary,3.24534392,-1,3.74192075,16.0761599,1
fields/00016__plt00016__fab0000_comp02_ez.f32__c0038__dt-f32/chunk_0,1000000,1,ans shuffle=bit,primary,1.03017604,-1,3.74105298,13.8630766,1
fields/00016__plt00016__fab0000_comp02_ez.f32__c0046__dt-f32/chunk_0,1000000,1,ans shuffle=bit,primary,1.91475201,-1,3.73939867,14.7529533,1
fields/00016__plt00016__fab0000_comp02_ez.f32__c0042__dt-f32/chunk_0,1000000,1,ans shuffle=bit,primary,1.09145606,-1,3.74131995,13.9226697,1
fields/00016__plt00016__fab0000_comp02_ez.f32__c0030__dt-f32/chunk_0,1000000,38,spspeed,primary,0.73843199,-1,1.08953262,39.7802879,1
fields/00016__plt00016__fab0000_comp02_ez.f32__c0054__dt-f32/chunk_0,1000000,1,ans shuffle=bit,primary,1.40198398,-1,3.7465601,14.2170418,1
fields/00016__plt00016__fab0000_comp02_ez.f32__c0050__dt-f32/chunk_0,1000000,1,ans shuffle=bit,primary,2.35312009,-1,3.73935867,15.1919588,1
fields/00016__plt00016__fab0000_comp02_ez.f32__c0058__dt-f32/chunk_0,1000000,1,ans shuffle=bit,primary,3.0100801,-1,3.74381788,15.8343628,1
fields/00017__plt00017__fab0000_comp02_ez.f32__c0002__dt-f32/chunk_0,1000000,1,ans shuffle=bit,primary,1.82569599,-1,3.74180057,14.6570329,1
fields/00017__plt00017__fab0000_comp02_ez.f32__c0010__dt-f32/chunk_0,1000000,1,ans shuffle=bit,primary,2.37615991,-1,3.7426954,15.2036965,1
fields/00017__plt00017__fab0000_comp02_ez.f32__c0018__dt-f32/chunk_0,1000000,1,ans shuffle=bit,primary,2.38617611,-1,3.74029235,15.2215663,1
fields/00017__plt00017__fab0000_comp02_ez.f32__c0022__dt-f32/chunk_0,1000000,1,ans shuffle=bit,primary,1.75116801,-1,3.74192075,14.581984,1
fields/00016__plt00016__fab0000_comp02_ez.f32__c0062__dt-f32/chunk_0,1000000,39,spspeed shuffle=bit,primary,1.16652799,-1,3.53745517,13.7797491,1
fields/00017__plt00017__fab0000_comp02_ez.f32__c0006__dt-f32/chunk_0,1000000,1,ans shuffle=bit,primary,2.04499197,-1,3.74241489,14.8747821,1
fields/00017__plt00017__fab0000_comp02_ez.f32__c0030__dt-f32/chunk_0,1000000,38,spspeed,primary,0.335456014,-1,1.08947376,39.3795757,1
fields/00017__plt00017__fab0000_comp02_ez.f32__c0014__dt-f32/chunk_0,1000000,1,ans shuffle=bit,primary,1.80531204,-1,3.74107968,14.6378841,1
fields/00017__plt00017__fab0000_comp02_ez.f32__c0034__dt-f32/chunk_0,1000000,29,ndzip,primary,0.0890880004,-1,1.05729338,40.2609603,1
fields/00017__plt00017__fab0000_comp02_ez.f32__c0026__dt-f32/chunk_0,1000000,1,ans shuffle=bit,primary,1.44236803,-1,3.73973209,14.2786468,1
fields/00017__plt00017__fab0000_comp02_ez.f32__c0046__dt-f32/chunk_0,1000000,1,ans shuffle=bit,primary,1.44067204,-1,3.73939867,14.2788733,1
fields/00017__plt00017__fab0000_comp02_ez.f32__c0038__dt-f32/chunk_0,1000000,1,ans shuffle=bit,primary,1.637568,-1,3.74105298,14.4704685,1
fields/00017__plt00017__fab0000_comp02_ez.f32__c0042__dt-f32/chunk_0,1000000,1,ans shuffle=bit,primary,1.80806398,-1,3.74131995,14.6392776,1
fields/00017__plt00017__fab0000_comp02_ez.f32__c0062__dt-f32/chunk_0,1000000,39,spspeed shuffle=bit,primary,0.504512012,-1,3.53745517,13.1177331,1
fields/00017__plt00017__fab0000_comp02_ez.f32__c0058__dt-f32/chunk_0,1000000,1,ans shuffle=bit,primary,0.308672011,-1,3.74381788,13.1329547,1
fields/00017__plt00017__fab0000_comp02_ez.f32__c0054__dt-f32/chunk_0,1000000,1,ans shuffle=bit,primary,1.90336001,-1,3.7465601,14.7184178,1
fields/00017__plt00017__fab0000_comp02_ez.f32__c0050__dt-f32/chunk_0,1000000,1,ans shuffle=bit,primary,1.94697595,-1,3.73935867,14.7858146,1
fields/00018__plt00018__fab0000_comp02_ez.f32__c0002__dt-f32/chunk_0,1000000,1,ans shuffle=bit,primary,1.22278404,-1,3.74180057,14.0541209,1
fields/00018__plt00018__fab0000_comp02_ez.f32__c0010__dt-f32/chunk_0,1000000,1,ans shuffle=bit,primary,2.64499211,-1,3.7426954,15.4725287,1
fields/00018__plt00018__fab0000_comp02_ez.f32__c0006__dt-f32/chunk_0,1000000,1,ans shuffle=bit,primary,2.73462391,-1,3.74241489,15.564414,1
fields/00018__plt00018__fab0000_comp02_ez.f32__c0014__dt-f32/chunk_0,1000000,1,ans shuffle=bit,primary,2.0331521,-1,3.74107968,14.8657242,1
fields/00018__plt00018__fab0000_comp02_ez.f32__c0018__dt-f32/chunk_0,1000000,1,ans shuffle=bit,primary,2.11401606,-1,3.74029235,14.9494062,1
fields/00018__plt00018__fab0000_comp02_ez.f32__c0026__dt-f32/chunk_0,1000000,1,ans shuffle=bit,primary,2.47804809,-1,3.73973209,15.3143269,1
fields/00018__plt00018__fab0000_comp02_ez.f32__c0022__dt-f32/chunk_0,1000000,1,ans shuffle=bit,primary,2.34953594,-1,3.74192075,15.1803519,1
fields/00018__plt00018__fab0000_comp02_ez.f32__c0034__dt-f32/chunk_0,1000000,29,ndzip,primary,0.105471998,-1,1.06053244,40.1868729,1
fields/00018__plt00018__fab0000_comp02_ez.f32__c0030__dt-f32/chunk_0,1000000,38,spspeed,primary,1.09203196,-1,1.0899086,40.1209756,1
fields/00018__plt00018__fab0000_comp02_ez.f32__c0050__dt-f32/chunk_0,1000000,1,ans shuffle=bit,primary,2.1367681,-1,3.73935867,14.9756068,1
fields/00018__plt00018__fab0000_comp02_ez.f32__c0042__dt-f32/chunk_0,1000000,1,ans shuffle=bit,primary,2.58803201,-1,3.74131995,15.4192456,1
fields/00018__plt00018__fab0000_comp02_ez.f32__c0058__dt-f32/chunk_0,1000000,1,ans shuffle=bit,primary,2.50777602,-1,3.74381788,15.3320587,1
fields/00018__plt00018__fab0000_comp02_ez.f32__c0054__dt-f32/chunk_0,1000000,1,ans shuffle=bit,primary,3.3166399,-1,3.7465601,16.1316977,1
fields/00018__plt00018__fab0000_comp02_ez.f32__c0046__dt-f32/chunk_0,1000000,1,ans shuffle=bit,primary,1.993536,-1,3.73939867,14.8317373,1
fields/00018__plt00018__fab0000_comp02_ez.f32__c0062__dt-f32/chunk_0,1000000,39,spspeed shuffle=bit,primary,1.04326403,-1,3.53745517,13.6564851,1
fields/00018__plt00018__fab0000_comp02_ez.f32__c0038__dt-f32/chunk_0,1000000,1,ans shuffle=bit,primary,1.70758402,-1,3.74105298,14.5404845,1
fields/00019__plt00019__fab0000_comp02_ez.f32__c0006__dt-f32/chunk_0,1000000,1,ans shuffle=bit,primary,1.750368,-1,3.74241489,14.5801581,1
fields/00019__plt00019__fab0000_comp02_ez.f32__c0002__dt-f32/chunk_0,1000000,1,ans shuffle=bit,primary,1.61888003,-1,3.74180057,14.4502169,1
fields/00019__plt00019__fab0000_comp02_ez.f32__c0022__dt-f32/chunk_0,1000000,39,spspeed shuffle=bit,primary,0.099936001,-1,3.56062039,12.6430472,1
fields/00019__plt00019__fab0000_comp02_ez.f32__c0014__dt-f32/chunk_0,1000000,39,spspeed shuffle=bit,primary,0.373183995,-1,3.56071712,12.9160962,1
fields/00019__plt00019__fab0000_comp02_ez.f32__c0030__dt-f32/chunk_0,1000000,38,spspeed,primary,0.624127984,-1,1.09004003,39.6485722,1
fields/00019__plt00019__fab0000_comp02_ez.f32__c0010__dt-f32/chunk_0,1000000,39,spspeed shuffle=bit,primary,0.105439998,-1,3.56057203,12.6487237,1
fields/00019__plt00019__fab0000_comp02_ez.f32__c0018__dt-f32/chunk_0,1000000,39,spspeed shuffle=bit,primary,1.04672003,-1,3.56047531,13.5900599,1
fields/00019__plt00019__fab0000_comp02_ez.f32__c0026__dt-f32/chunk_0,1000000,39,spspeed shuffle=bit,primary,0.261727989,-1,3.56052367,12.8051413,1
fields/00019__plt00019__fab0000_comp02_ez.f32__c0034__dt-f32/chunk_0,1000000,29,ndzip,primary,0.0768000036,-1,1.06148257,40.1328768,1
fields/00019__plt00019__fab0000_comp02_ez.f32__c0038__dt-f32/chunk_0,1000000,39,spspeed shuffle=bit,primary,0.761023998,-1,3.56066875,13.3040613,1
fields/00019__plt00019__fab0000_comp02_ez.f32__c0042__dt-f32/chunk_0,1000000,39,spspeed shuffle=bit,primary,0.655296028,-1,3.56047531,13.198735,1
fields/00019__plt00019__fab0000_comp02_ez.f32__c0046__dt-f32/chunk_0,1000000,39,spspeed shuffle=bit,primary,0.697888017,-1,3.56042695,13.2415036,1
fields/00019__plt00019__fab0000_comp02_ez.f32__c0054__dt-f32/chunk_0,1000000,39,spspeed shuffle=bit,primary,0.896640003,-1,3.56047531,13.4403738,1
fields/00019__plt00019__fab0000_comp02_ez.f32__c0062__dt-f32/chunk_0,1000000,39,spspeed shuffle=bit,primary,0.485632002,-1,3.53745517,13.0988531,1
fields/00019__plt00019__fab0000_comp02_ez.f32__c0050__dt-f32/chunk_0,1000000,39,spspeed shuffle=bit,primary,0.733727992,-1,3.56047531,13.2772371,1
fields/00019__plt00019__fab0000_comp02_ez.f32__c0058__dt-f32/chunk_0,1000000,39,spspeed shuffle=bit,primary,0.101056002,-1,3.56047531,12.6446361,1
fields/00020__plt00020__fab0000_comp02_ez.f32__c0002__dt-f32/chunk_0,1000000,39,spspeed shuffle=bit,primary,0.169760004,-1,3.56047531,12.7130977,1
fields/00020__plt00020__fab0000_comp02_ez.f32__c0022__dt-f32/chunk_0,1000000,39,spspeed shuffle=bit,primary,0.794399977,-1,3.56062039,13.3375111,1
fields/00020__plt00020__fab0000_comp02_ez.f32__c0006__dt-f32/chunk_0,1000000,39,spspeed shuffle=bit,primary,0.747008026,-1,3.56047531,13.2902851,1
fields/00020__plt00020__fab0000_comp02_ez.f32__c0014__dt-f32/chunk_0,1000000,39,spspeed shuffle=bit,primary,0.473728001,-1,3.56071712,13.0166402,1
fields/00020__plt00020__fab0000_comp02_ez.f32__c0018__dt-f32/chunk_0,1000000,39,spspeed shuffle=bit,primary,0.756799996,-1,3.56047531,13.3001398,1
fields/00020__plt00020__fab0000_comp02_ez.f32__c0026__dt-f32/chunk_0,1000000,39,spspeed shuffle=bit,primary,1.40931201,-1,3.56052367,13.9527253,1
fields/00020__plt00020__fab0000_comp02_ez.f32__c0010__dt-f32/chunk_0,1000000,39,spspeed shuffle=bit,primary,2.09043193,-1,3.56057203,14.6337157,1
fields/00020__plt00020__fab0000_comp02_ez.f32__c0034__dt-f32/chunk_0,1000000,29,ndzip,primary,0.0829439983,-1,1.06260774,40.123331,1
fields/00020__plt00020__fab0000_comp02_ez.f32__c0038__dt-f32/chunk_0,1000000,39,spspeed shuffle=bit,primary,1.08547199,-1,3.56066875,13.6285093,1
fields/00020__plt00020__fab0000_comp02_ez.f32__c0030__dt-f32/chunk_0,1000000,38,spspeed,primary,0.667904019,-1,1.09038915,39.6801764,1
fields/00020__plt00020__fab0000_comp02_ez.f32__c0042__dt-f32/chunk_0,1000000,39,spspeed shuffle=bit,primary,1.13712001,-1,3.56047531,13.680559,1
fields/00020__plt00020__fab0000_comp02_ez.f32__c0050__dt-f32/chunk_0,1000000,39,spspeed shuffle=bit,primary,0.229407996,-1,3.56047531,12.7729171,1
fields/00020__plt00020__fab0000_comp02_ez.f32__c0046__dt-f32/chunk_0,1000000,39,spspeed shuffle=bit,primary,0.112287998,-1,3.56042695,12.6559035,1
fields/00020__plt00020__fab0000_comp02_ez.f32__c0062__dt-f32/chunk_0,1000000,39,spspeed shuffle=bit,primary,0.658047974,-1,3.53745517,13.2712691,1
fields/00020__plt00020__fab0000_comp02_ez.f32__c0054__dt-f32/chunk_0,1000000,39,spspeed shuffle=bit,primary,0.522527993,-1,3.56047531,13.0662618,1
fields/00020__plt00020__fab0000_comp02_ez.f32__c0058__dt-f32/chunk_0,1000000,39,spspeed shuffle=bit,primary,0.954559982,-1,3.56047531,13.49814,1
fields/00021__plt00021__fab0000_comp02_ez.f32__c0002__dt-f32/chunk_0,1000000,39,spspeed shuffle=bit,primary,0.224127993,-1,3.56047531,12.7674657,1
fields/00021__plt00021__fab0000_comp02_ez.f32__c0006__dt-f32/chunk_0,1000000,39,spspeed shuffle=bit,primary,1.25206399,-1,3.56047531,13.7953411,1
fields/00021__plt00021__fab0000_comp02_ez.f32__c0010__dt-f32/chunk_0,1000000,39,spspeed shuffle=bit,primary,1.13164794,-1,3.56057203,13.6749317,1
fields/00021__plt00021__fab0000_comp02_ez.f32__c0014__dt-f32/chunk_0,1000000,39,spspeed shuffle=bit,primary,0.802655995,-1,3.56071712,13.3455682,1
fields/00021__plt00021__fab0000_comp02_ez.f32__c0022__dt-f32/chunk_0,1000000,39,spspeed shuffle=bit,primary,1.03542399,-1,3.56062039,13.5785351,1
fields/00021__plt00021__fab0000_comp02_ez.f32__c0018__dt-f32/chunk_0,1000000,39,spspeed shuffle=bit,primary,0.229120001,-1,3.56047531,12.7724598,1
fields/00021__plt00021__fab0000_comp02_ez.f32__c0030__dt-f32/chunk_0,1000000,38,spspeed,primary,0.0736320019,-1,1.0906432,39.077096,1
fields/00021__plt00021__fab0000_comp02_ez.f32__c0026__dt-f32/chunk_0,1000000,39,spspeed shuffle=bit,primary,0.903328001,-1,3.56052367,13.4467413,1
fields/00021__plt00021__fab0000_comp02_ez.f32__c0034__dt-f32/chunk_0,1000000,38,spspeed,primary,0.205472007,-1,1.07666733,39.7063211,1
fields/00021__plt00021__fab0000_comp02_ez.f32__c0038__dt-f32/chunk_0,1000000,39,spspeed shuffle=bit,primary,0.123392001,-1,3.56066875,12.6664293,1
fields/00021__plt00021__fab0000_comp02_ez.f32__c0054__dt-f32/chunk_0,1000000,39,spspeed shuffle=bit,primary,0.672031999,-1,3.56047531,13.2157658,1
fields/00022__plt00022__fab0000_comp02_ez.f32__c0006__dt-f32/chunk_0,1000000,39,spspeed shuffle=bit,primary,0.907455981,-1,3.56047531,13.4507331,1
fields/00021__plt00021__fab0000_comp02_ez.f32__c0058__dt-f32/chunk_0,1000000,39,spspeed shuffle=bit,primary,0.431456,-1,3.56047531,12.975036,1
fields/00021__plt00021__fab0000_comp02_ez.f32__c0042__dt-f32/chunk_0,1000000,39,spspeed shuffle=bit,primary,0.121055998,-1,3.56047531,12.664495,1
fields/00021__plt00021__fab0000_comp02_ez.f32__c0046__dt-f32/chunk_0,1000000,39,spspeed shuffle=bit,primary,1.085536,-1,3.56042695,13.6291516,1
fields/00022__plt00022__fab0000_comp02_ez.f32__c0002__dt-f32/chunk_0,1000000,39,spspeed shuffle=bit,primary,0.321824014,-1,3.56047531,12.8651617,1
fields/00021__plt00021__fab0000_comp02_ez.f32__c0050__dt-f32/chunk_0,1000000,39,spspeed shuffle=bit,primary,0.638559997,-1,3.56047531,13.1820691,1
fields/00021__plt00021__fab0000_comp02_ez.f32__c0062__dt-f32/chunk_0,1000000,39,spspeed shuffle=bit,primary,0.444896013,-1,3.53745517,13.0581171,1
fields/00022__plt00022__fab0000_comp02_ez.f32__c0010__dt-f32/chunk_0,1000000,39,spspeed shuffle=bit,primary,0.579104006,-1,3.56057203,13.1223877,1
fields/00022__plt00022__fab0000_comp02_ez.f32__c0022__dt-f32/chunk_0,1000000,39,spspeed shuffle=bit,primary,0.730175972,-1,3.56062039,13.2732871,1
fields/00022__plt00022__fab0000_comp02_ez.f32__c0018__dt-f32/chunk_0,1000000,39,spspeed shuffle=bit,primary,0.818975985,-1,3.56047531,13.3623158,1
fields/00022__plt00022__fab0000_comp02_ez.f32__c0030__dt-f32/chunk_0,1000000,38,spspeed,primary,0.495903999,-1,1.09100633,39.4867185,1
fields/00022__plt00022__fab0000_comp02_ez.f32__c0026__dt-f32/chunk_0,1000000,39,spspeed shuffle=bit,primary,0.474240005,-1,3.56052367,13.0176533,1
fields/00022__plt00022__fab0000_comp02_ez.f32__c0014__dt-f32/chunk_0,1000000,39,spspeed shuffle=bit,primary,1.00630403,-1,3.56071712,13.5492162,1
fields/00022__plt00022__fab0000_comp02_ez.f32__c0038__dt-f32/chunk_0,1000000,39,spspeed shuffle=bit,primary,0.693856001,-1,3.56066875,13.2368933,1
fields/00022__plt00022__fab0000_comp02_ez.f32__c0046__dt-f32/chunk_0,1000000,39,spspeed shuffle=bit,primary,1.75119996,-1,3.56042695,14.2948155,1
fields/00022__plt00022__fab0000_comp02_ez.f32__c0034__dt-f32/chunk_0,1000000,38,spspeed,primary,1.02688003,-1,1.07880742,40.4493678,1
fields/00022__plt00022__fab0000_comp02_ez.f32__c0042__dt-f32/chunk_0,1000000,39,spspeed shuffle=bit,primary,0.672255993,-1,3.56047531,13.215695,1
fields/00022__plt00022__fab0000_comp02_ez.f32__c0050__dt-f32/chunk_0,1000000,39,spspeed shuffle=bit,primary,0.689855993,-1,3.56047531,13.2333651,1
fields/00022__plt00022__fab0000_comp02_ez.f32__c0054__dt-f32/chunk_0,1000000,39,spspeed shuffle=bit,primary,0.331840008,-1,3.56047531,12.8755738,1
fields/00022__plt00022__fab0000_comp02_ez.f32__c0062__dt-f32/chunk_0,1000000,39,spspeed shuffle=bit,primary,0.377855986,-1,3.53745517,12.9910771,1
fields/00022__plt00022__fab0000_comp02_ez.f32__c0058__dt-f32/chunk_0,1000000,39,spspeed shuffle=bit,primary,0.352703989,-1,3.56047531,12.896284,1
fields/00023__plt00023__fab0000_comp02_ez.f32__c0002__dt-f32/chunk_0,1000000,39,spspeed shuffle=bit,primary,1.06646395,-1,3.56047531,13.6098016,1
fields/00023__plt00023__fab0000_comp02_ez.f32__c0006__dt-f32/chunk_0,1000000,39,spspeed shuffle=bit,primary,0.252992004,-1,3.56047531,12.7962691,1
fields/00023__plt00023__fab0000_comp02_ez.f32__c0010__dt-f32/chunk_0,1000000,39,spspeed shuffle=bit,primary,0.325120002,-1,3.56057203,12.8684037,1
fields/00023__plt00023__fab0000_comp02_ez.f32__c0014__dt-f32/chunk_0,1000000,39,spspeed shuffle=bit,primary,1.12985599,-1,3.56071712,13.6727682,1
fields/00023__plt00023__fab0000_comp02_ez.f32__c0018__dt-f32/chunk_0,1000000,39,spspeed shuffle=bit,primary,1.63404799,-1,3.56047531,14.1773878,1
fields/00023__plt00023__fab0000_comp02_ez.f32__c0034__dt-f32/chunk_0,1000000,38,spspeed,primary,0.886528015,-1,1.08049713,40.2475284,1
fields/00023__plt00023__fab0000_comp02_ez.f32__c0022__dt-f32/chunk_0,1000000,39,spspeed shuffle=bit,primary,0.984799981,-1,3.56062039,13.5279111,1
fields/00023__plt00023__fab0000_comp02_ez.f32__c0026__dt-f32/chunk_0,1000000,39,spspeed shuffle=bit,primary,1.68390405,-1,3.56052367,14.2273173,1
fields/00023__plt00023__fab0000_comp02_ez.f32__c0046__dt-f32/chunk_0,1000000,39,spspeed shuffle=bit,primary,0.538879991,-1,3.56042695,13.0824955,1
fields/00023__plt00023__fab0000_comp02_ez.f32__c0030__dt-f32/chunk_0,1000000,38,spspeed,primary,1.28032005,-1,1.09122886,40.2634124,1
fields/00023__plt00023__fab0000_comp02_ez.f32__c0054__dt-f32/chunk_0,1000000,39,spspeed shuffle=bit,primary,0.47190401,-1,3.56047531,13.0156378,1
fields/00023__plt00023__fab0000_comp02_ez.f32__c0038__dt-f32/chunk_0,1000000,39,spspeed shuffle=bit,primary,1.13785601,-1,3.56066875,13.6808933,1
fields/00023__plt00023__fab0000_comp02_ez.f32__c0042__dt-f32/chunk_0,1000000,39,spspeed shuffle=bit,primary,0.931551993,-1,3.56047531,13.474991,1
fields/00023__plt00023__fab0000_comp02_ez.f32__c0050__dt-f32/chunk_0,1000000,39,spspeed shuffle=bit,primary,1.18425596,-1,3.56047531,13.7277651,1
fields/00023__plt00023__fab0000_comp02_ez.f32__c0062__dt-f32/chunk_0,1000000,39,spspeed shuffle=bit,primary,0.636352003,-1,3.53745517,13.2495731,1
fields/00023__plt00023__fab0000_comp02_ez.f32__c0058__dt-f32/chunk_0,1000000,39,spspeed shuffle=bit,primary,0.402208,-1,3.56047531,12.945788,1
fields/00024__plt00024__fab0000_comp02_ez.f32__c0006__dt-f32/chunk_0,1000000,39,spspeed shuffle=bit,primary,1.20860803,-1,3.56047531,13.7518851,1
fields/00024__plt00024__fab0000_comp02_ez.f32__c0026__dt-f32/chunk_0,1000000,39,spspeed shuffle=bit,primary,0.744863987,-1,3.56052367,13.2882773,1
fields/00024__plt00024__fab0000_comp02_ez.f32__c0002__dt-f32/chunk_0,1000000,39,spspeed shuffle=bit,primary,0.610144019,-1,3.56047531,13.1534817,1
fields/00024__plt00024__fab0000_comp02_ez.f32__c0018__dt-f32/chunk_0,1000000,39,spspeed shuffle=bit,primary,0.746559978,-1,3.56047531,13.2898998,1
fields/00024__plt00024__fab0000_comp02_ez.f32__c0010__dt-f32/chunk_0,1000000,39,spspeed shuffle=bit,primary,0.388704002,-1,3.56057203,12.9319877,1
fields/00024__plt00024__fab0000_comp02_ez.f32__c0014__dt-f32/chunk_0,1000000,39,spspeed shuffle=bit,primary,0.290751994,-1,3.56071712,12.8336642,1
fields/00024__plt00024__fab0000_comp02_ez.f32__c0030__dt-f32/chunk_0,1000000,38,spspeed,primary,0.144703999,-1,1.09142422,39.1210367,1
fields/00024__plt00024__fab0000_comp02_ez.f32__c0022__dt-f32/chunk_0,1000000,39,spspeed shuffle=bit,primary,0.916159987,-1,3.56062039,13.4592711,1
fields/00024__plt00024__fab0000_comp02_ez.f32__c0034__dt-f32/chunk_0,1000000,38,spspeed,primary,0.36688,-1,1.08138411,39.6954894,1
fields/00024__plt00024__fab0000_comp02_ez.f32__c0038__dt-f32/chunk_0,1000000,39,spspeed shuffle=bit,primary,0.267232001,-1,3.56066875,12.8102693,1
fields/00024__plt00024__fab0000_comp02_ez.f32__c0042__dt-f32/chunk_0,1000000,39,spspeed shuffle=bit,primary,1.25244796,-1,3.56047531,13.795887,1
fields/00024__plt00024__fab0000_comp02_ez.f32__c0054__dt-f32/chunk_0,1000000,39,spspeed shuffle=bit,primary,1.72028804,-1,3.56047531,14.2640219,1
fields/00024__plt00024__fab0000_comp02_ez.f32__c0046__dt-f32/chunk_0,1000000,39,spspeed shuffle=bit,primary,0.44265601,-1,3.56042695,12.9862716,1
fields/00024__plt00024__fab0000_comp02_ez.f32__c0058__dt-f32/chunk_0,1000000,39,spspeed shuffle=bit,primary,0.676383972,-1,3.56047531,13.219964,1
fields/00024__plt00024__fab0000_comp02_ez.f32__c0050__dt-f32/chunk_0,1000000,39,spspeed shuffle=bit,primary,0.405503988,-1,3.56047531,12.9490131,1
fields/00024__plt00024__fab0000_comp02_ez.f32__c0062__dt-f32/chunk_0,1000000,39,spspeed shuffle=bit,primary,1.48336005,-1,3.53745517,14.0965811,1
fields/00025__plt00025__fab0000_comp02_ez.f32__c0006__dt-f32/chunk_0,1000000,39,spspeed shuffle=bit,primary,0.891424,-1,3.56047531,13.4347011,1
fields/00025__plt00025__fab0000_comp02_ez.f32__c0010__dt-f32/chunk_0,1000000,39,spspeed shuffle=bit,primary,2.01046395,-1,3.56057203,14.5537477,1
fields/00025__plt00025__fab0000_comp02_ez.f32__c0014__dt-f32/chunk_0,1000000,39,spspeed shuffle=bit,primary,0.750688016,-1,3.56071712,13.2936002,1
fields/00025__plt00025__fab0000_comp02_ez.f32__c0018__dt-f32/chunk_0,1000000,39,spspeed shuffle=bit,primary,0.473536015,-1,3.56047531,13.0168759,1
fields/00025__plt00025__fab0000_comp02_ez.f32__c0002__dt-f32/chunk_0,1000000,39,spspeed shuffle=bit,primary,1.12841594,-1,3.56047531,13.6717536,1
fields/00025__plt00025__fab0000_comp02_ez.f32__c0022__dt-f32/chunk_0,1000000,39,spspeed shuffle=bit,primary,0.218079999,-1,3.56062039,12.7611911,1
fields/00025__plt00025__fab0000_comp02_ez.f32__c0030__dt-f32/chunk_0,1000000,38,spspeed,primary,0.635456026,-1,1.09168784,39.6026344,1
fields/00025__plt00025__fab0000_comp02_ez.f32__c0026__dt-f32/chunk_0,1000000,39,spspeed shuffle=bit,primary,0.23488,-1,3.56052367,12.7782933,1
fields/00025__plt00025__fab0000_comp02_ez.f32__c0042__dt-f32/chunk_0,1000000,39,spspeed shuffle=bit,primary,1.07062399,-1,3.56047531,13.614063,1
fields/00025__plt00025__fab0000_comp02_ez.f32__c0034__dt-f32/chunk_0,1000000,38,spspeed,primary,0.629952013,-1,1.08237533,39.9225087,1
fields/00025__plt00025__fab0000_comp02_ez.f32__c0050__dt-f32/chunk_0,1000000,39,spspeed shuffle=bit,primary,0.917216003,-1,3.56047531,13.4607251,1
fields/00025__plt00025__fab0000_comp02_ez.f32__c0038__dt-f32/chunk_0,1000000,39,spspeed shuffle=bit,primary,1.17833602,-1,3.56066875,13.7213733,1
fields/00025__plt00025__fab0000_comp02_ez.f32__c0054__dt-f32/chunk_0,1000000,39,spspeed shuffle=bit,primary,1.32857597,-1,3.56047531,13.8723098,1
fields/00025__plt00025__fab0000_comp02_ez.f32__c0046__dt-f32/chunk_0,1000000,39,spspeed shuffle=bit,primary,2.04537606,-1,3.56042695,14.5889916,1
fields/00025__plt00025__fab0000_comp02_ez.f32__c0058__dt-f32/chunk_0,1000000,39,spspeed shuffle=bit,primary,1.184448,-1,3.56047531,13.7280281,1
fields/00025__plt00025__fab0000_comp02_ez.f32__c0062__dt-f32/chunk_0,1000000,39,spspeed shuffle=bit,primary,0.857984006,-1,3.53745517,13.4712051,1
fields/00026__plt00026__fab0000_comp02_ez.f32__c0006__dt-f32/chunk_0,1000000,39,spspeed shuffle=bit,primary,0.235328004,-1,3.56047531,12.7786051,1
fields/00026__plt00026__fab0000_comp02_ez.f32__c0002__dt-f32/chunk_0,1000000,39,spspeed shuffle=bit,primary,1.93497598,-1,3.56047531,14.4783137,1
fields/00026__plt00026__fab0000_comp02_ez.f32__c0010__dt-f32/chunk_0,1000000,39,spspeed shuffle=bit,primary,0.111648001,-1,3.56057203,12.6549317,1
fields/00026__plt00026__fab0000_comp02_ez.f32__c0014__dt-f32/chunk_0,1000000,39,spspeed shuffle=bit,primary,1.12476802,-1,3.56071712,13.6676802,1
fields/00026__plt00026__fab0000_comp02_ez.f32__c0030__dt-f32/chunk_0,1000000,38,spspeed,primary,1.181216,-1,1.09175604,40.1461146,1
fields/00026__plt00026__fab0000_comp02_ez.f32__c0022__dt-f32/chunk_0,1000000,39,spspeed shuffle=bit,primary,0.539615989,-1,3.56062039,13.0827271,1
fields/00026__plt00026__fab0000_comp02_ez.f32__c0018__dt-f32/chunk_0,1000000,39,spspeed shuffle=bit,primary,1.84934402,-1,3.56047531,14.3926839,1
fields/00026__plt00026__fab0000_comp02_ez.f32__c0026__dt-f32/chunk_0,1000000,39,spspeed shuffle=bit,primary,0.495999992,-1,3.56052367,13.0394133,1
fields/00026__plt00026__fab0000_comp02_ez.f32__c0054__dt-f32/chunk_0,1000000,39,spspeed shuffle=bit,primary,0.647871971,-1,3.56047531,13.1916058,1
fields/00026__plt00026__fab0000_comp02_ez.f32__c0046__dt-f32/chunk_0,1000000,39,spspeed shuffle=bit,primary,0.102848001,-1,3.56042695,12.6464635,1
fields/00026__plt00026__fab0000_comp02_ez.f32__c0034__dt-f32/chunk_0,1000000,38,spspeed,primary,0.29648,-1,1.08352958,39.5473517,1
fields/00026__plt00026__fab0000_comp02_ez.f32__c0038__dt-f32/chunk_0,1000000,39,spspeed shuffle=bit,primary,0.474783987,-1,3.56066875,13.0178213,1
fields/00026__plt00026__fab0000_comp02_ez.f32__c0050__dt-f32/chunk_0,1000000,39,spspeed shuffle=bit,primary,0.737215996,-1,3.56047531,13.2807251,1
fields/00026__plt00026__fab0000_comp02_ez.f32__c0058__dt-f32/chunk_0,1000000,39,spspeed shuffle=bit,primary,0.551808,-1,3.56047531,13.095388,1
fields/00026__plt00026__fab0000_comp02_ez.f32__c0042__dt-f32/chunk_0,1000000,39,spspeed shuffle=bit,primary,1.19926405,-1,3.56047531,13.7427031,1
fields/00027__plt00027__fab0000_comp02_ez.f32__c0030__dt-f32/chunk_0,1000000,38,spspeed,primary,1.00796795,-1,1.09189701,39.9680089,1
fields/00026__plt00026__fab0000_comp02_ez.f32__c0062__dt-f32/chunk_0,1000000,39,spspeed shuffle=bit,primary,0.346848011,-1,3.53745517,12.9600691,1
fields/00027__plt00027__fab0000_comp02_ez.f32__c0002__dt-f32/chunk_0,1000000,39,spspeed shuffle=bit,primary,0.498335987,-1,3.56047531,13.0416737,1
fields/00027__plt00027__fab0000_comp02_ez.f32__c0006__dt-f32/chunk_0,1000000,39,spspeed shuffle=bit,primary,0.934463978,-1,3.56047531,13.4777411,1
fields/00027__plt00027__fab0000_comp02_ez.f32__c0022__dt-f32/chunk_0,1000000,39,spspeed shuffle=bit,primary,0.946720004,-1,3.56062039,13.4898312,1
fields/00027__plt00027__fab0000_comp02_ez.f32__c0010__dt-f32/chunk_0,1000000,39,spspeed shuffle=bit,primary,1.06524801,-1,3.56057203,13.6085318,1
fields/00027__plt00027__fab0000_comp02_ez.f32__c0014__dt-f32/chunk_0,1000000,39,spspeed shuffle=bit,primary,0.693503976,-1,3.56071712,13.2364162,1
fields/00027__plt00027__fab0000_comp02_ez.f32__c0018__dt-f32/chunk_0,1000000,39,spspeed shuffle=bit,primary,0.745887995,-1,3.56047531,13.2892278,1
fields/00027__plt00027__fab0000_comp02_ez.f32__c0026__dt-f32/chunk_0,1000000,39,spspeed shuffle=bit,primary,1.12537599,-1,3.56052367,13.6687893,1
fields/00027__plt00027__fab0000_comp02_ez.f32__c0038__dt-f32/chunk_0,1000000,39,spspeed shuffle=bit,primary,0.360127985,-1,3.56066875,12.9031653,1
fields/00027__plt00027__fab0000_comp02_ez.f32__c0034__dt-f32/chunk_0,1000000,38,spspeed,primary,0.879263997,-1,1.08417937,40.1070935,1
fields/00027__plt00027__fab0000_comp02_ez.f32__c0042__dt-f32/chunk_0,1000000,39,spspeed shuffle=bit,primary,0.209631994,-1,3.56047531,12.753071,1
fields/00027__plt00027__fab0000_comp02_ez.f32__c0046__dt-f32/chunk_0,1000000,39,spspeed shuffle=bit,primary,0.413760006,-1,3.56042695,12.9573756,1
fields/00027__plt00027__fab0000_comp02_ez.f32__c0062__dt-f32/chunk_0,1000000,39,spspeed shuffle=bit,primary,1.15753603,-1,3.53745517,13.7707571,1
fields/00027__plt00027__fab0000_comp02_ez.f32__c0050__dt-f32/chunk_0,1000000,39,spspeed shuffle=bit,primary,0.370400012,-1,3.56047531,12.9139091,1
fields/00028__plt00028__fab0000_comp02_ez.f32__c0002__dt-f32/chunk_0,1000000,39,spspeed shuffle=bit,primary,0.923871994,-1,3.56047531,13.4672097,1
fields/00027__plt00027__fab0000_comp02_ez.f32__c0058__dt-f32/chunk_0,1000000,39,spspeed shuffle=bit,primary,0.388960004,-1,3.56047531,12.9325401,1
fields/00027__plt00027__fab0000_comp02_ez.f32__c0054__dt-f32/chunk_0,1000000,39,spspeed shuffle=bit,primary,0.518432021,-1,3.56047531,13.0621658,1
fields/00028__plt00028__fab0000_comp02_ez.f32__c0018__dt-f32/chunk_0,1000000,39,spspeed shuffle=bit,primary,1.05203199,-1,3.56047531,13.5953718,1
fields/00028__plt00028__fab0000_comp02_ez.f32__c0014__dt-f32/chunk_0,1000000,39,spspeed shuffle=bit,primary,0.439424008,-1,3.56071712,12.9823362,1
fields/00028__plt00028__fab0000_comp02_ez.f32__c0006__dt-f32/chunk_0,1000000,39,spspeed shuffle=bit,primary,0.252640009,-1,3.56047531,12.7959171,1
fields/00028__plt00028__fab0000_comp02_ez.f32__c0010__dt-f32/chunk_0,1000000,39,spspeed shuffle=bit,primary,0.760447979,-1,3.56057203,13.3037317,1
fields/00028__plt00028__fab0000_comp02_ez.f32__c0022__dt-f32/chunk_0,1000000,39,spspeed shuffle=bit,primary,0.677344024,-1,3.56062039,13.2204552,1
fields/00028__plt00028__fab0000_comp02_ez.f32__c0034__dt-f32/chunk_0,1000000,38,spspeed,primary,0.647423983,-1,1.08456512,39.8617437,1
fields/00028__plt00028__fab0000_comp02_ez.f32__c0038__dt-f32/chunk_0,1000000,39,spspeed shuffle=bit,primary,1.05635202,-1,3.56066875,13.5993893,1
fields/00028__plt00028__fab0000_comp02_ez.f32__c0030__dt-f32/chunk_0,1000000,38,spspeed,primary,0.157631993,-1,1.09247037,39.0976302,1
fields/00028__plt00028__fab0000_comp02_ez.f32__c0026__dt-f32/chunk_0,1000000,39,spspeed shuffle=bit,primary,0.860448003,-1,3.56052367,13.4038613,1
fields/00028__plt00028__fab0000_comp02_ez.f32__c0042__dt-f32/chunk_0,1000000,39,spspeed shuffle=bit,primary,1.10947204,-1,3.56047531,13.652911,1
fields/00028__plt00028__fab0000_comp02_ez.f32__c0050__dt-f32/chunk_0,1000000,39,spspeed shuffle=bit,primary,0.328256011,-1,3.56047531,12.8717651,1
fields/00028__plt00028__fab0000_comp02_ez.f32__c0046__dt-f32/chunk_0,1000000,39,spspeed shuffle=bit,primary,0.749279976,-1,3.56042695,13.2928955,1
fields/00028__plt00028__fab0000_comp02_ez.f32__c0054__dt-f32/chunk_0,1000000,39,spspeed shuffle=bit,primary,0.845568001,-1,3.56047531,13.3893018,1
fields/00028__plt00028__fab0000_comp02_ez.f32__c0058__dt-f32/chunk_0,1000000,39,spspeed shuffle=bit,primary,1.20454395,-1,3.56047531,13.748124,1
fields/00029__plt00029__fab0000_comp02_ez.f32__c0014__dt-f32/chunk_0,1000000,39,spspeed shuffle=bit,primary,1.14739203,-1,3.56071712,13.6903043,1
fields/00029__plt00029__fab0000_comp02_ez.f32__c0018__dt-f32/chunk_0,1000000,39,spspeed shuffle=bit,primary,0.790655971,-1,3.56047531,13.3339958,1
fields/00028__plt00028__fab0000_comp02_ez.f32__c0062__dt-f32/chunk_0,1000000,39,spspeed shuffle=bit,primary,0.283744007,-1,3.53745517,12.8969651,1
fields/00029__plt00029__fab0000_comp02_ez.f32__c0002__dt-f32/chunk_0,1000000,39,spspeed shuffle=bit,primary,0.106399998,-1,3.56047531,12.6497377,1
fields/00029__plt00029__fab0000_comp02_ez.f32__c0026__dt-f32/chunk_0,1000000,39,spspeed shuffle=bit,primary,1.22201598,-1,3.56052367,13.7654292,1
fields/00029__plt00029__fab0000_comp02_ez.f32__c0010__dt-f32/chunk_0,1000000,39,spspeed shuffle=bit,primary,0.112319998,-1,3.56057203,12.6556037,1
fields/00029__plt00029__fab0000_comp02_ez.f32__c0030__dt-f32/chunk_0,1000000,38,spspeed,primary,0.935263991,-1,1.09285294,39.8619237,1
fields/00029__plt00029__fab0000_comp02_ez.f32__c0006__dt-f32/chunk_0,1000000,39,spspeed shuffle=bit,primary,1.04508805,-1,3.56047531,13.5883652,1
fields/00029__plt00029__fab0000_comp02_ez.f32__c0022__dt-f32/chunk_0,1000000,39,spspeed shuffle=bit,primary,0.947839975,-1,3.56062039,13.4909511,1
fields/00029__plt00029__fab0000_comp02_ez.f32__c0038__dt-f32/chunk_0,1000000,39,spspeed shuffle=bit,primary,0.294528008,-1,3.56066875,12.8375653,1
fields/00029__plt00029__fab0000_comp02_ez.f32__c0034__dt-f32/chunk_0,1000000,38,spspeed,primary,0.682464004,-1,1.08506343,39.8793256,1
fields/00029__plt00029__fab0000_comp02_ez.f32__c0042__dt-f32/chunk_0,1000000,39,spspeed shuffle=bit,primary,0.352575988,-1,3.56047531,12.896015,1
fields/00029__plt00029__fab0000_comp02_ez.f32__c0054__dt-f32/chunk_0,1000000,39,spspeed shuffle=bit,primary,0.471935987,-1,3.56047531,13.0156698,1
fields/00029__plt00029__fab0000_comp02_ez.f32__c0050__dt-f32/chunk_0,1000000,39,spspeed shuffle=bit,primary,0.145024002,-1,3.56047531,12.6885331,1
fields/00029__plt00029__fab0000_comp02_ez.f32__c0046__dt-f32/chunk_0,1000000,39,spspeed shuffle=bit,primary,1.17238402,-1,3.56042695,13.7159996,1
fields/00030__plt00030__fab0000_comp02_ez.f32__c0006__dt-f32/chunk_0,1000000,39,spspeed shuffle=bit,primary,0.361952007,-1,3.56047531,12.9052291,1
fields/00029__plt00029__fab0000_comp02_ez.f32__c0062__dt-f32/chunk_0,1000000,39,spspeed shuffle=bit,primary,2.00246406,-1,3.53745517,14.6156851,1
fields/00030__plt00030__fab0000_comp02_ez.f32__c0010__dt-f32/chunk_0,1000000,39,spspeed shuffle=bit,primary,0.948319972,-1,3.56057203,13.4916037,1
fields/00029__plt00029__fab0000_comp02_ez.f32__c0058__dt-f32/chunk_0,1000000,39,spspeed shuffle=bit,primary,0.334176004,-1,3.56047531,12.8777561,1
fields/00030__plt00030__fab0000_comp02_ez.f32__c0002__dt-f32/chunk_0,1000000,39,spspeed shuffle=bit,primary,0.867136002,-1,3.56047531,13.4104737,1
fields/00030__plt00030__fab0000_comp02_ez.f32__c0014__dt-f32/chunk_0,1000000,39,spspeed shuffle=bit,primary,0.303456008,-1,3.56071712,12.8463682,1
fields/00030__plt00030__fab0000_comp02_ez.f32__c0018__dt-f32/chunk_0,1000000,39,spspeed shuffle=bit,primary,0.638592005,-1,3.56047531,13.1819318,1
fields/00030__plt00030__fab0000_comp02_ez.f32__c0022__dt-f32/chunk_0,1000000,39,spspeed shuffle=bit,primary,0.703903973,-1,3.56062039,13.2470151,1
fields/00030__plt00030__fab0000_comp02_ez.f32__c0026__dt-f32/chunk_0,1000000,39,spspeed shuffle=bit,primary,0.811936021,-1,3.56052367,13.3553493,1
fields/00030__plt00030__fab0000_comp02_ez.f32__c0030__dt-f32/chunk_0,1000000,38,spspeed,primary,0.91328001,-1,1.09304432,39.833333,1
fields/00030__plt00030__fab0000_comp02_ez.f32__c0034__dt-f32/chunk_0,1000000,38,spspeed,primary,0.555648029,-1,1.0853824,39.7413334,1
fields/00030__plt00030__fab0000_comp02_ez.f32__c0050__dt-f32/chunk_0,1000000,39,spspeed shuffle=bit,primary,1.17423999,-1,3.56047531,13.7177491,1
fields/00030__plt00030__fab0000_comp02_ez.f32__c0042__dt-f32/chunk_0,1000000,39,spspeed shuffle=bit,primary,0.785567999,-1,3.56047531,13.329007,1
fields/00030__plt00030__fab0000_comp02_ez.f32__c0038__dt-f32/chunk_0,1000000,39,spspeed shuffle=bit,primary,1.16838396,-1,3.56066875,13.7114212,1
fields/00030__plt00030__fab0000_comp02_ez.f32__c0046__dt-f32/chunk_0,1000000,39,spspeed shuffle=bit,primary,0.572928011,-1,3.56042695,13.1165436,1
fields/00030__plt00030__fab0000_comp02_ez.f32__c0054__dt-f32/chunk_0,1000000,39,spspeed shuffle=bit,primary,0.811583996,-1,3.56047531,13.3553178,1
fields/00030__plt00030__fab0000_comp02_ez.f32__c0058__dt-f32/chunk_0,1000000,39,spspeed shuffle=bit,primary,0.807232022,-1,3.56047531,13.3508121,1
fields/00030__plt00030__fab0000_comp02_ez.f32__c0062__dt-f32/chunk_0,1000000,39,spspeed shuffle=bit,primary,0.742911994,-1,3.53745517,13.3561331,1
fields/00031__plt00031__fab0000_comp02_ez.f32__c0002__dt-f32/chunk_0,1000000,39,spspeed shuffle=bit,primary,0.927743971,-1,3.56047531,13.4710817,1
fields/00031__plt00031__fab0000_comp02_ez.f32__c0022__dt-f32/chunk_0,1000000,39,spspeed shuffle=bit,primary,1.03424001,-1,3.56062039,13.5773512,1
fields/00031__plt00031__fab0000_comp02_ez.f32__c0006__dt-f32/chunk_0,1000000,39,spspeed shuffle=bit,primary,0.341087997,-1,3.56047531,12.8843651,1
fields/00031__plt00031__fab0000_comp02_ez.f32__c0010__dt-f32/chunk_0,1000000,39,spspeed shuffle=bit,primary,0.306048006,-1,3.56057203,12.8493317,1
fields/00031__plt00031__fab0000_comp02_ez.f32__c0014__dt-f32/chunk_0,1000000,39,spspeed shuffle=bit,primary,1.72601604,-1,3.56071712,14.2689283,1
fields/00031__plt00031__fab0000_comp02_ez.f32__c0018__dt-f32/chunk_0,1000000,39,spspeed shuffle=bit,primary,0.184735999,-1,3.56047531,12.7280758,1
fields/00031__plt00031__fab0000_comp02_ez.f32__c0026__dt-f32/chunk_0,1000000,39,spspeed shuffle=bit,primary,1.37603199,-1,3.56052367,13.9194453,1
fields/00031__plt00031__fab0000_comp02_ez.f32__c0038__dt-f32/chunk_0,1000000,39,spspeed shuffle=bit,primary,0.539135993,-1,3.56066875,13.0821733,1
fields/00031__plt00031__fab0000_comp02_ez.f32__c0050__dt-f32/chunk_0,1000000,39,spspeed shuffle=bit,primary,0.696384013,-1,3.56047531,13.2398931,1
fields/00031__plt00031__fab0000_comp02_ez.f32__c0030__dt-f32/chunk_0,1000000,38,spspeed,primary,0.687135994,-1,1.09312181,39.6045527,1
fields/00031__plt00031__fab0000_comp02_ez.f32__c0034__dt-f32/chunk_0,1000000,38,spspeed,primary,0.811999977,-1,1.08586796,39.9805182,1
fields/00031__plt00031__fab0000_comp02_ez.f32__c0042__dt-f32/chunk_0,1000000,39,spspeed shuffle=bit,primary,0.451135993,-1,3.56047531,12.994575,1
fields/00031__plt00031__fab0000_comp02_ez.f32__c0054__dt-f32/chunk_0,1000000,39,spspeed shuffle=bit,primary,0.76710403,-1,3.56047531,13.3108379,1
fields/00031__plt00031__fab0000_comp02_ez.f32__c0058__dt-f32/chunk_0,1000000,39,spspeed shuffle=bit,primary,0.865055978,-1,3.56047531,13.408636,1
fields/00031__plt00031__fab0000_comp02_ez.f32__c0046__dt-f32/chunk_0,1000000,39,spspeed shuffle=bit,primary,0.310335994,-1,3.56042695,12.8539515,1
fields/00031__plt00031__fab0000_comp02_ez.f32__c0062__dt-f32/chunk_0,1000000,39,spspeed shuffle=bit,primary,0.289407998,-1,3.53745517,12.9026291,1
fields/00032__plt00032__fab0000_comp02_ez.f32__c0006__dt-f32/chunk_0,1000000,39,spspeed shuffle=bit,primary,1.06108797,-1,3.56047531,13.6043651,1
fields/00032__plt00032__fab0000_comp02_ez.f32__c0010__dt-f32/chunk_0,1000000,39,spspeed shuffle=bit,primary,0.931104004,-1,3.56057203,13.4743877,1
fields/00032__plt00032__fab0000_comp02_ez.f32__c0002__dt-f32/chunk_0,1000000,39,spspeed shuffle=bit,primary,1.09363198,-1,3.56047531,13.6369697,1
fields/00032__plt00032__fab0000_comp02_ez.f32__c0014__dt-f32/chunk_0,1000000,39,spspeed shuffle=bit,primary,1.78156805,-1,3.56071712,14.3244803,1
fields/00032__plt00032__fab0000_comp02_ez.f32__c0034__dt-f32/chunk_0,1000000,38,spspeed,primary,0.704384029,-1,1.08607941,39.8654676,1
fields/00032__plt00032__fab0000_comp02_ez.f32__c0018__dt-f32/chunk_0,1000000,39,spspeed shuffle=bit,primary,1.16348803,-1,3.56047531,13.7068279,1
fields/00032__plt00032__fab0000_comp02_ez.f32__c0030__dt-f32/chunk_0,1000000,38,spspeed,primary,0.656192005,-1,1.0934501,39.5621702,1
fields/00032__plt00032__fab0000_comp02_ez.f32__c0022__dt-f32/chunk_0,1000000,39,spspeed shuffle=bit,primary,0.398111999,-1,3.56062039,12.9412231,1
fields/00032__plt00032__fab0000_comp02_ez.f32__c0046__dt-f32/chunk_0,1000000,39,spspeed shuffle=bit,primary,0.730880022,-1,3.56042695,13.2744956,1
fields/00032__plt00032__fab0000_comp02_ez.f32__c0026__dt-f32/chunk_0,1000000,39,spspeed shuffle=bit,primary,0.722495973,-1,3.56052367,13.2659092,1
fields/00032__plt00032__fab0000_comp02_ez.f32__c0038__dt-f32/chunk_0,1000000,39,spspeed shuffle=bit,primary,1.80627203,-1,3.56066875,14.3493093,1
fields/00032__plt00032__fab0000_comp02_ez.f32__c0042__dt-f32/chunk_0,1000000,39,spspeed shuffle=bit,primary,0.955263972,-1,3.56047531,13.498703,1
fields/00032__plt00032__fab0000_comp02_ez.f32__c0050__dt-f32/chunk_0,1000000,39,spspeed shuffle=bit,primary,0.896704018,-1,3.56047531,13.4402131,1
fields/00033__plt00033__fab0000_comp02_ez.f32__c0002__dt-f32/chunk_0,1000000,39,spspeed shuffle=bit,primary,1.31932795,-1,3.56047531,13.8626656,1
fields/00032__plt00032__fab0000_comp02_ez.f32__c0054__dt-f32/chunk_0,1000000,39,spspeed shuffle=bit,primary,0.430559993,-1,3.56047531,12.9742938,1
fields/00033__plt00033__fab0000_comp02_ez.f32__c0010__dt-f32/chunk_0,1000000,39,spspeed shuffle=bit,primary,0.946048021,-1,3.56057203,13.4893318,1
fields/00032__plt00032__fab0000_comp02_ez.f32__c0058__dt-f32/chunk_0,1000000,39,spspeed shuffle=bit,primary,0.624512017,-1,3.56047531,13.1680921,1
fields/00032__plt00032__fab0000_comp02_ez.f32__c0062__dt-f32/chunk_0,1000000,39,spspeed shuffle=bit,primary,0.380768001,-1,3.53745517,12.9939891,1
fields/00033__plt00033__fab0000_comp02_ez.f32__c0006__dt-f32/chunk_0,1000000,39,spspeed shuffle=bit,primary,0.731967986,-1,3.56047531,13.2752451,1
fields/00033__plt00033__fab0000_comp02_ez.f32__c0018__dt-f32/chunk_0,1000000,39,spspeed shuffle=bit,primary,0.385152012,-1,3.56047531,12.9284919,1
fields/00033__plt00033__fab0000_comp02_ez.f32__c0014__dt-f32/chunk_0,1000000,39,spspeed shuffle=bit,primary,0.825312018,-1,3.56071712,13.3682242,1
fields/00033__plt00033__fab0000_comp02_ez.f32__c0022__dt-f32/chunk_0,1000000,39,spspeed shuffle=bit,primary,0.85651201,-1,3.56062039,13.3996232,1
fields/00033__plt00033__fab0000_comp02_ez.f32__c0038__dt-f32/chunk_0,1000000,39,spspeed shuffle=bit,primary,1.00252795,-1,3.56066875,13.5455652,1
fields/00033__plt00033__fab0000_comp02_ez.f32__c0030__dt-f32/chunk_0,1000000,38,spspeed,primary,0.393824011,-1,1.09385618,39.2856681,1
fields/00033__plt00033__fab0000_comp02_ez.f32__c0046__dt-f32/chunk_0,1000000,39,spspeed shuffle=bit,primary,1.82403195,-1,3.56042695,14.3676475,1
fields/00033__plt00033__fab0000_comp02_ez.f32__c0026__dt-f32/chunk_0,1000000,39,spspeed shuffle=bit,primary,0.309184015,-1,3.46091529,13.1917534,1
fields/00033__plt00033__fab0000_comp02_ez.f32__c0034__dt-f32/chunk_0,1000000,38,spspeed,primary,0.242272004,-1,1.08629093,39.3959472,1
fields/00033__plt00033__fab0000_comp02_ez.f32__c0042__dt-f32/chunk_0,1000000,39,spspeed shuffle=bit,primary,0.685855985,-1,3.56047531,13.229295,1
fields/00033__plt00033__fab0000_comp02_ez.f32__c0054__dt-f32/chunk_0,1000000,39,spspeed shuffle=bit,primary,1.26025605,-1,3.56047531,13.8039899,1
fields/00033__plt00033__fab0000_comp02_ez.f32__c0050__dt-f32/chunk_0,1000000,39,spspeed shuffle=bit,primary,0.534655988,-1,3.56047531,13.0781651,1
fields/00033__plt00033__fab0000_comp02_ez.f32__c0058__dt-f32/chunk_0,1000000,39,spspeed shuffle=bit,primary,0.467168003,-1,3.56047531,13.0107481,1
fields/00034__plt00034__fab0000_comp02_ez.f32__c0002__dt-f32/chunk_0,1000000,39,spspeed shuffle=bit,primary,0.766975999,-1,3.56047531,13.3103137,1
fields/00033__plt00033__fab0000_comp02_ez.f32__c0062__dt-f32/chunk_0,1000000,39,spspeed shuffle=bit,primary,0.465023994,-1,3.53745517,13.0782451,1
fields/00034__plt00034__fab0000_comp02_ez.f32__c0018__dt-f32/chunk_0,1000000,39,spspeed shuffle=bit,primary,0.710784018,-1,3.56047531,13.2541239,1
fields/00034__plt00034__fab0000_comp02_ez.f32__c0010__dt-f32/chunk_0,1000000,39,spspeed shuffle=bit,primary,0.671743989,-1,3.56057203,13.2150277,1
fields/00034__plt00034__fab0000_comp02_ez.f32__c0014__dt-f32/chunk_0,1000000,39,spspeed shuffle=bit,primary,0.713375986,-1,3.56071712,13.2562882,1
fields/00034__plt00034__fab0000_comp02_ez.f32__c0006__dt-f32/chunk_0,1000000,39,spspeed shuffle=bit,primary,0.662335992,-1,3.56047531,13.2056131,1
fields/00034__plt00034__fab0000_comp02_ez.f32__c0026__dt-f32/chunk_0,1000000,39,spspeed shuffle=bit,primary,1.310848,-1,3.12324377,15.5040618,1
fields/00034__plt00034__fab0000_comp02_ez.f32__c0030__dt-f32/chunk_0,1000000,38,spspeed,primary,0.0672319978,-1,1.09400682,38.9538649,1
fields/00034__plt00034__fab0000_comp02_ez.f32__c0034__dt-f32/chunk_0,1000000,38,spspeed,primary,0.893280029,-1,1.08659262,40.036357,1
fields/00034__plt00034__fab0000_comp02_ez.f32__c0038__dt-f32/chunk_0,1000000,39,spspeed shuffle=bit,primary,0.577184021,-1,3.56066875,13.1202213,1
fields/00034__plt00034__fab0000_comp02_ez.f32__c0022__dt-f32/chunk_0,1000000,39,spspeed shuffle=bit,primary,0.335776001,-1,3.56062039,12.8788872,1
fields/00034__plt00034__fab0000_comp02_ez.f32__c0042__dt-f32/chunk_0,1000000,39,spspeed shuffle=bit,primary,0.156512007,-1,3.56047531,12.699951,1
fields/00034__plt00034__fab0000_comp02_ez.f32__c0050__dt-f32/chunk_0,1000000,39,spspeed shuffle=bit,primary,1.01308799,-1,3.56047531,13.5565971,1
fields/00034__plt00034__fab0000_comp02_ez.f32__c0054__dt-f32/chunk_0,1000000,39,spspeed shuffle=bit,primary,1.85494399,-1,3.56047531,14.3986778,1
fields/00034__plt00034__fab0000_comp02_ez.f32__c0046__dt-f32/chunk_0,1000000,39,spspeed shuffle=bit,primary,0.103583999,-1,3.56042695,12.6471995,1
fields/00035__plt00035__fab0000_comp02_ez.f32__c0002__dt-f32/chunk_0,1000000,39,spspeed shuffle=bit,primary,0.775135994,-1,3.56047531,13.3184737,1
fields/00034__plt00034__fab0000_comp02_ez.f32__c0058__dt-f32/chunk_0,1000000,39,spspeed shuffle=bit,primary,0.952863991,-1,3.56047531,13.496444,1
fields/00035__plt00035__fab0000_comp02_ez.f32__c0014__dt-f32/chunk_0,1000000,39,spspeed shuffle=bit,primary,0.569728017,-1,3.56071712,13.1126402,1
fields/00035__plt00035__fab0000_comp02_ez.f32__c0010__dt-f32/chunk_0,1000000,39,spspeed shuffle=bit,primary,1.07695997,-1,3.56057203,13.6202437,1
fields/00034__plt00034__fab0000_comp02_ez.f32__c0062__dt-f32/chunk_0,1000000,39,spspeed shuffle=bit,primary,1.12272,-1,3.53745517,13.7359411,1
fields/00035__plt00035__fab0000_comp02_ez.f32__c0006__dt-f32/chunk_0,1000000,39,spspeed shuffle=bit,primary,1.11731195,-1,3.56047531,13.6605891,1
fields/00035__plt00035__fab0000_comp02_ez.f32__c0018__dt-f32/chunk_0,1000000,39,spspeed shuffle=bit,primary,0.572511971,-1,3.56047531,13.1158518,1
fields/00035__plt00035__fab0000_comp02_ez.f32__c0022__dt-f32/chunk_0,1000000,39,spspeed shuffle=bit,primary,0.104896002,-1,3.56062039,12.6480072,1
fields/00035__plt00035__fab0000_comp02_ez.f32__c0026__dt-f32/chunk_0,1000000,39,spspeed shuffle=bit,primary,0.791616023,-1,2.85528032,16.2456547,1
fields/00035__plt00035__fab0000_comp02_ez.f32__c0030__dt-f32/chunk_0,1000000,38,spspeed,primary,0.231808007,-1,1.09447728,39.1020537,1
fields/00035__plt00035__fab0000_comp02_ez.f32__c0058__dt-f32/chunk_0,1000000,2,ans shuffle=byte,primary,1.61062396,-1,5.03354735,11.5294313,1
fields/00035__plt00035__fab0000_comp02_ez.f32__c0046__dt-f32/chunk_0,1000000,2,ans shuffle=byte,primary,1.06204796,-1,5.03046847,10.9867875,1
fields/00035__plt00035__fab0000_comp02_ez.f32__c0054__dt-f32/chunk_0,1000000,2,ans shuffle=byte,primary,0.991328001,-1,5.03027541,10.9146052,1
fields/00035__plt00035__fab0000_comp02_ez.f32__c0062__dt-f32/chunk_0,1000000,13,cascaded bp=1 delta=0 rle=1 shuffle=bit type=int,primary,1.31686401,-1,3.489786,15.9333727,1
fields/00035__plt00035__fab0000_comp02_ez.f32__c0038__dt-f32/chunk_0,1000000,2,ans shuffle=byte,primary,2.85177588,-1,5.03229119,12.7726481,1
fields/00035__plt00035__fab0000_comp02_ez.f32__c0050__dt-f32/chunk_0,1000000,2,ans shuffle=byte,primary,3.14083195,-1,5.03150642,13.0638417,1
fields/00035__plt00035__fab0000_comp02_ez.f32__c0042__dt-f32/chunk_0,1000000,2,ans shuffle=byte,primary,1.91711998,-1,5.03090291,11.8407548,1
fields/00035__plt00035__fab0000_comp02_ez.f32__c0034__dt-f32/chunk_0,1000000,38,spspeed,primary,1.08563197,-1,1.08668721,40.2254568,1
fields/00036__plt00036__fab0000_comp02_ez.f32__c0002__dt-f32/chunk_0,1000000,2,ans shuffle=byte,primary,1.79612803,-1,5.03264141,11.717891,1
fields/00036__plt00036__fab0000_comp02_ez.f32__c0006__dt-f32/chunk_0,1000000,2,ans shuffle=byte,primary,1.43580794,-1,5.03334197,11.3566124,1
fields/00036__plt00036__fab0000_comp02_ez.f32__c0026__dt-f32/chunk_0,1000000,2,ans shuffle=byte,primary,3.22105598,-1,4.90842024,13.3420176,1
fields/00036__plt00036__fab0000_comp02_ez.f32__c0018__dt-f32/chunk_0,1000000,2,ans shuffle=byte,primary,1.68764806,-1,5.03165128,11.6108366,1
fields/00036__plt00036__fab0000_comp02_ez.f32__c0014__dt-f32/chunk_0,1000000,2,ans shuffle=byte,primary,1.71871996,-1,5.03137363,11.6407044,1
fields/00036__plt00036__fab0000_comp02_ez.f32__c0022__dt-f32/chunk_0,1000000,2,ans shuffle=byte,primary,3.04031992,-1,5.03277426,12.9608443,1
fields/00036__plt00036__fab0000_comp02_ez.f32__c0010__dt-f32/chunk_0,1000000,2,ans shuffle=byte,primary,1.70476794,-1,5.03107187,11.6276164,1
fields/00036__plt00036__fab0000_comp02_ez.f32__c0030__dt-f32/chunk_0,1000000,38,spspeed,primary,1.10524797,-1,1.09470124,39.9677236,1
fields/00036__plt00036__fab0000_comp02_ez.f32__c0034__dt-f32/chunk_0,1000000,38,spspeed,primary,0.727840006,-1,1.08690348,39.8600757,1
fields/00036__plt00036__fab0000_comp02_ez.f32__c0042__dt-f32/chunk_0,1000000,2,ans shuffle=byte,primary,2.17264009,-1,5.03090291,12.0962749,1
fields/00036__plt00036__fab0000_comp02_ez.f32__c0038__dt-f32/chunk_0,1000000,2,ans shuffle=byte,primary,0.45046401,-1,5.03229119,10.3713363,1
fields/00036__plt00036__fab0000_comp02_ez.f32__c0046__dt-f32/chunk_0,1000000,2,ans shuffle=byte,primary,1.86371195,-1,5.03046847,11.7884515,1
fields/00036__plt00036__fab0000_comp02_ez.f32__c0054__dt-f32/chunk_0,1000000,2,ans shuffle=byte,primary,2.01481605,-1,5.03027541,11.9380933,1
fields/00036__plt00036__fab0000_comp02_ez.f32__c0050__dt-f32/chunk_0,1000000,2,ans shuffle=byte,primary,2.43558407,-1,5.03150642,12.3585938,1
fields/00037__plt00037__fab0000_comp02_ez.f32__c0002__dt-f32/chunk_0,1000000,2,ans shuffle=byte,primary,2.28396797,-1,5.03264141,12.205731,1
fields/00036__plt00036__fab0000_comp02_ez.f32__c0062__dt-f32/chunk_0,1000000,13,cascaded bp=1 delta=0 rle=1 shuffle=bit type=int,primary,2.52428794,-1,3.489786,17.1407966,1
fields/00037__plt00037__fab0000_comp02_ez.f32__c0006__dt-f32/chunk_0,1000000,2,ans shuffle=byte,primary,1.06544006,-1,5.03334197,10.9862445,1
fields/00036__plt00036__fab0000_comp02_ez.f32__c0058__dt-f32/chunk_0,1000000,2,ans shuffle=byte,primary,2.89113593,-1,5.03354735,12.8099432,1
fields/00037__plt00037__fab0000_comp02_ez.f32__c0018__dt-f32/chunk_0,1000000,2,ans shuffle=byte,primary,2.247648,-1,5.03165128,12.1708366,1
fields/00037__plt00037__fab0000_comp02_ez.f32__c0010__dt-f32/chunk_0,1000000,2,ans shuffle=byte,primary,3.03222394,-1,5.03107187,12.9550724,1
fields/00037__plt00037__fab0000_comp02_ez.f32__c0022__dt-f32/chunk_0,1000000,2,ans shuffle=byte,primary,1.53257596,-1,5.03277426,11.4531003,1
fields/00037__plt00037__fab0000_comp02_ez.f32__c0014__dt-f32/chunk_0,1000000,2,ans shuffle=byte,primary,3.57635188,-1,5.03137363,13.4983363,1
fields/00037__plt00037__fab0000_comp02_ez.f32__c0026__dt-f32/chunk_0,1000000,2,ans shuffle=byte,primary,2.42835212,-1,4.87679146,12.5979571,1
fields/00037__plt00037__fab0000_comp02_ez.f32__c0030__dt-f32/chunk_0,1000000,38,spspeed,primary,0.830367982,-1,1.09513569,39.6777127,1
fields/00037__plt00037__fab0000_comp02_ez.f32__c0038__dt-f32/chunk_0,1000000,2,ans shuffle=byte,primary,1.54191995,-1,5.03229119,11.4627922,1
fields/00037__plt00037__fab0000_comp02_ez.f32__c0046__dt-f32/chunk_0,1000000,2,ans shuffle=byte,primary,2.3253119,-1,5.03046847,12.2500514,1
fields/00037__plt00037__fab0000_comp02_ez.f32__c0034__dt-f32/chunk_0,1000000,38,spspeed,primary,0.195871994,-1,1.08721001,39.3173315,1
fields/00037__plt00037__fab0000_comp02_ez.f32__c0054__dt-f32/chunk_0,1000000,2,ans shuffle=byte,primary,2.24803209,-1,5.03027541,12.1713093,1
fields/00037__plt00037__fab0000_comp02_ez.f32__c0042__dt-f32/chunk_0,1000000,2,ans shuffle=byte,primary,2.25100803,-1,5.03090291,12.1746428,1
fields/00037__plt00037__fab0000_comp02_ez.f32__c0062__dt-f32/chunk_0,1000000,2,ans shuffle=byte,primary,0.29676801,-1,5.00376269,10.2992948,1
fields/00037__plt00037__fab0000_comp02_ez.f32__c0050__dt-f32/chunk_0,1000000,2,ans shuffle=byte,primary,1.24921596,-1,5.03150642,11.1722257,1
fields/00037__plt00037__fab0000_comp02_ez.f32__c0058__dt-f32/chunk_0,1000000,2,ans shuffle=byte,primary,2.45135999,-1,5.03354735,12.3701673,1
fields/00038__plt00038__fab0000_comp02_ez.f32__c0030__dt-f32/chunk_0,1000000,38,spspeed,primary,0.753920019,-1,1.09539653,39.592238,1
fields/00038__plt00038__fab0000_comp02_ez.f32__c0010__dt-f32/chunk_0,1000000,2,ans shuffle=byte,primary,2.28076792,-1,5.03107187,12.2036164,1
fields/00038__plt00038__fab0000_comp02_ez.f32__c0002__dt-f32/chunk_0,1000000,2,ans shuffle=byte,primary,2.31408,-1,5.03264141,12.235843,1
fields/00038__plt00038__fab0000_comp02_ez.f32__c0006__dt-f32/chunk_0,1000000,2,ans shuffle=byte,primary,1.84790397,-1,5.03334197,11.7687084,1
fields/00038__plt00038__fab0000_comp02_ez.f32__c0022__dt-f32/chunk_0,1000000,2,ans shuffle=byte,primary,2.46544003,-1,5.03277426,12.3859644,1
fields/00038__plt00038__fab0000_comp02_ez.f32__c0026__dt-f32/chunk_0,1000000,2,ans shuffle=byte,primary,1.86716795,-1,4.70494061,12.3078066,1
fields/00038__plt00038__fab0000_comp02_ez.f32__c0014__dt-f32/chunk_0,1000000,2,ans shuffle=byte,primary,1.33657598,-1,5.03137363,11.2585604,1
fields/00038__plt00038__fab0000_comp02_ez.f32__c0018__dt-f32/chunk_0,1000000,2,ans shuffle=byte,primary,1.485376,-1,5.03165128,11.4085646,1
fields/00038__plt00038__fab0000_comp02_ez.f32__c0034__dt-f32/chunk_0,1000000,38,spspeed,primary,0.125824004,-1,1.08745806,39.2385632,1
fields/00038__plt00038__fab0000_comp02_ez.f32__c0042__dt-f32/chunk_0,1000000,2,ans shuffle=byte,primary,2.50982404,-1,5.03090291,12.4334588,1
fields/00038__plt00038__fab0000_comp02_ez.f32__c0038__dt-f32/chunk_0,1000000,2,ans shuffle=byte,primary,1.40668797,-1,5.03229119,11.3275602,1
fields/00038__plt00038__fab0000_comp02_ez.f32__c0046__dt-f32/chunk_0,1000000,2,ans shuffle=byte,primary,2.43129611,-1,5.03046847,12.3560357,1
fields/00038__plt00038__fab0000_comp02_ez.f32__c0054__dt-f32/chunk_0,1000000,2,ans shuffle=byte,primary,1.83481598,-1,5.03027541,11.7580932,1
fields/00039__plt00039__fab0000_comp02_ez.f32__c0006__dt-f32/chunk_0,1000000,2,ans shuffle=byte,primary,2.16726398,-1,5.03334197,12.0880685,1
fields/00038__plt00038__fab0000_comp02_ez.f32__c0062__dt-f32/chunk_0,1000000,2,ans shuffle=byte,primary,2.08924794,-1,5.00376269,12.0917747,1
fields/00039__plt00039__fab0000_comp02_ez.f32__c0002__dt-f32/chunk_0,1000000,2,ans shuffle=byte,primary,3.20035195,-1,5.03264141,13.122115,1
fields/00038__plt00038__fab0000_comp02_ez.f32__c0050__dt-f32/chunk_0,1000000,2,ans shuffle=byte,primary,2.08758402,-1,5.03150642,12.0105937,1
fields/00038__plt00038__fab0000_comp02_ez.f32__c0058__dt-f32/chunk_0,1000000,2,ans shuffle=byte,primary,3.16592002,-1,5.03354735,13.0847273,1
fields/00039__plt00039__fab0000_comp02_ez.f32__c0014__dt-f32/chunk_0,1000000,2,ans shuffle=byte,primary,2.77584004,-1,5.03137363,12.6978245,1
fields/00039__plt00039__fab0000_comp02_ez.f32__c0018__dt-f32/chunk_0,1000000,2,ans shuffle=byte,primary,2.27295995,-1,5.03165128,12.1961485,1
fields/00039__plt00039__fab0000_comp02_ez.f32__c0010__dt-f32/chunk_0,1000000,2,ans shuffle=byte,primary,2.49324799,-1,5.03107187,12.4160964,1
fields/00039__plt00039__fab0000_comp02_ez.f32__c0026__dt-f32/chunk_0,1000000,10,cascaded bp=1 delta=0 rle=0 shuffle=bit type=int,primary,1.80428803,-1,2.1842876,22.7862692,1
fields/00039__plt00039__fab0000_comp02_ez.f32__c0022__dt-f32/chunk_0,1000000,2,ans shuffle=byte,primary,3.31599998,-1,5.03277426,13.2365243,1
fields/00039__plt00039__fab0000_comp02_ez.f32__c0030__dt-f32/chunk_0,1000000,38,spspeed,primary,0.428640008,-1,1.09530042,39.2703708,1
fields/00039__plt00039__fab0000_comp02_ez.f32__c0042__dt-f32/chunk_0,1000000,2,ans shuffle=byte,primary,2.23408008,-1,5.03090291,12.1577149,1
fields/00039__plt00039__fab0000_comp02_ez.f32__c0038__dt-f32/chunk_0,1000000,2,ans shuffle=byte,primary,1.69846404,-1,5.03229119,11.6193363,1
fields/00039__plt00039__fab0000_comp02_ez.f32__c0034__dt-f32/chunk_0,1000000,38,spspeed,primary,0.450143993,-1,1.0873002,39.5685684,1
fields/00039__plt00039__fab0000_comp02_ez.f32__c0046__dt-f32/chunk_0,1000000,2,ans shuffle=byte,primary,1.33852804,-1,5.03046847,11.2632676,1
fields/00040__plt00040__fab0000_comp02_ez.f32__c0002__dt-f32/chunk_0,1000000,2,ans shuffle=byte,primary,1.41974401,-1,5.03264141,11.341507,1
fields/00039__plt00039__fab0000_comp02_ez.f32__c0054__dt-f32/chunk_0,1000000,2,ans shuffle=byte,primary,1.26031995,-1,5.03027541,11.1835972,1
fields/00039__plt00039__fab0000_comp02_ez.f32__c0062__dt-f32/chunk_0,1000000,2,ans shuffle=byte,primary,2.91212797,-1,5.00376269,12.9146548,1
fields/00039__plt00039__fab0000_comp02_ez.f32__c0050__dt-f32/chunk_0,1000000,2,ans shuffle=byte,primary,2.53059196,-1,5.03150642,12.4536017,1
fields/00039__plt00039__fab0000_comp02_ez.f32__c0058__dt-f32/chunk_0,1000000,2,ans shuffle=byte,primary,2.90585589,-1,5.03354735,12.8246632,1
fields/00040__plt00040__fab0000_comp02_ez.f32__c0014__dt-f32/chunk_0,1000000,2,ans shuffle=byte,primary,2.27552009,-1,5.03137363,12.1975045,1
fields/00040__plt00040__fab0000_comp02_ez.f32__c0006__dt-f32/chunk_0,1000000,2,ans shuffle=byte,primary,1.95462406,-1,5.03334197,11.8754285,1
fields/00040__plt00040__fab0000_comp02_ez.f32__c0018__dt-f32/chunk_0,1000000,2,ans shuffle=byte,primary,1.885728,-1,5.03165128,11.8089166,1
fields/00040__plt00040__fab0000_comp02_ez.f32__c0010__dt-f32/chunk_0,1000000,2,ans shuffle=byte,primary,2.631392,-1,5.03107187,12.5542405,1
fields/00040__plt00040__fab0000_comp02_ez.f32__c0026__dt-f32/chunk_0,1000000,2,ans shuffle=byte,primary,2.11849594,-1,3.823717,14.5297336,1
fields/00040__plt00040__fab0000_comp02_ez.f32__c0034__dt-f32/chunk_0,1000000,38,spspeed,primary,0.915296018,-1,1.087431,40.0291611,1
fields/00040__plt00040__fab0000_comp02_ez.f32__c0022__dt-f32/chunk_0,1000000,2,ans shuffle=byte,primary,1.00950396,-1,5.03277426,10.9300283,1
fields/00040__plt00040__fab0000_comp02_ez.f32__c0042__dt-f32/chunk_0,1000000,2,ans shuffle=byte,primary,2.27001595,-1,5.03090291,12.1936508,1
fields/00040__plt00040__fab0000_comp02_ez.f32__c0038__dt-f32/chunk_0,1000000,2,ans shuffle=byte,primary,2.3779521,-1,5.03229119,12.2988244,1
fields/00040__plt00040__fab0000_comp02_ez.f32__c0030__dt-f32/chunk_0,1000000,38,spspeed,primary,0.342720002,-1,1.09580406,39.1669404,1
fields/00040__plt00040__fab0000_comp02_ez.f32__c0058__dt-f32/chunk_0,1000000,2,ans shuffle=byte,primary,2.30409598,-1,5.03354735,12.2229033,1
fields/00040__plt00040__fab0000_comp02_ez.f32__c0046__dt-f32/chunk_0,1000000,2,ans shuffle=byte,primary,1.26812804,-1,5.03046847,11.1928676,1
fields/00040__plt00040__fab0000_comp02_ez.f32__c0050__dt-f32/chunk_0,1000000,2,ans shuffle=byte,primary,1.23628795,-1,5.03150642,11.1592977,1
fields/00040__plt00040__fab0000_comp02_ez.f32__c0054__dt-f32/chunk_0,1000000,2,ans shuffle=byte,primary,1.05519998,-1,5.03027541,10.9784772,1
fields/00041__plt00041__fab0000_comp02_ez.f32__c0006__dt-f32/chunk_0,1000000,2,ans shuffle=byte,primary,1.93539202,-1,5.03334197,11.8561965,1
fields/00040__plt00040__fab0000_comp02_ez.f32__c0062__dt-f32/chunk_0,1000000,2,ans shuffle=byte,primary,1.76204801,-1,5.00376269,11.7645748,1
fields/00041__plt00041__fab0000_comp02_ez.f32__c0002__dt-f32/chunk_0,1000000,2,ans shuffle=byte,primary,2.60822392,-1,5.03264141,12.5299869,1
fields/00041__plt00041__fab0000_comp02_ez.f32__c0010__dt-f32/chunk_0,1000000,2,ans shuffle=byte,primary,2.29465604,-1,5.03107187,12.2175045,1
fields/00041__plt00041__fab0000_comp02_ez.f32__c0014__dt-f32/chunk_0,1000000,2,ans shuffle=byte,primary,2.65407991,-1,5.03137363,12.5760643,1
fields/00041__plt00041__fab0000_comp02_ez.f32__c0022__dt-f32/chunk_0,1000000,2,ans shuffle=byte,primary,1.12355196,-1,5.03277426,11.0440763,1
fields/00041__plt00041__fab0000_comp02_ez.f32__c0026__dt-f32/chunk_0,1000000,2,ans shuffle=byte,primary,1.54032004,-1,3.37271691,15.4244284,1
fields/00041__plt00041__fab0000_comp02_ez.f32__c0018__dt-f32/chunk_0,1000000,2,ans shuffle=byte,primary,1.13257599,-1,5.03165128,11.0557646,1
fields/00041__plt00041__fab0000_comp02_ez.f32__c0034__dt-f32/chunk_0,1000000,38,spspeed,primary,0.640608013,-1,1.08771074,39.7446314,1
fields/00041__plt00041__fab0000_comp02_ez.f32__c0042__dt-f32/chunk_0,1000000,2,ans shuffle=byte,primary,0.471103996,-1,5.03090291,10.3947388,1
fields/00041__plt00041__fab0000_comp02_ez.f32__c0030__dt-f32/chunk_0,1000000,38,spspeed,primary,0.870751977,-1,1.09587735,39.6924819,1
fields/00041__plt00041__fab0000_comp02_ez.f32__c0038__dt-f32/chunk_0,1000000,2,ans shuffle=byte,primary,0.487744004,-1,5.03229119,10.4086163,1
fields/00041__plt00041__fab0000_comp02_ez.f32__c0046__dt-f32/chunk_0,1000000,2,ans shuffle=byte,primary,2.23849607,-1,5.03046847,12.1632356,1
fields/00041__plt00041__fab0000_comp02_ez.f32__c0054__dt-f32/chunk_0,1000000,2,ans shuffle=byte,primary,1.56796801,-1,5.03027541,11.4912452,1
fields/00041__plt00041__fab0000_comp02_ez.f32__c0050__dt-f32/chunk_0,1000000,2,ans shuffle=byte,primary,1.59871995,-1,5.03150642,11.5217297,1
fields/00041__plt00041__fab0000_comp02_ez.f32__c0062__dt-f32/chunk_0,1000000,2,ans shuffle=byte,primary,2.24150395,-1,5.00376269,12.2440308,1
fields/00041__plt00041__fab0000_comp02_ez.f32__c0058__dt-f32/chunk_0,1000000,2,ans shuffle=byte,primary,2.0199039,-1,5.03354735,11.9387112,1
fields/00042__plt00042__fab0000_comp02_ez.f32__c0002__dt-f32/chunk_0,1000000,2,ans shuffle=byte,primary,2.24755192,-1,5.03264141,12.1693149,1
fields/00042__plt00042__fab0000_comp02_ez.f32__c0010__dt-f32/chunk_0,1000000,2,ans shuffle=byte,primary,1.53167999,-1,5.03107187,11.4545284,1
fields/00042__plt00042__fab0000_comp02_ez.f32__c0018__dt-f32/chunk_0,1000000,2,ans shuffle=byte,primary,2.10646391,-1,5.03165128,12.0296525,1
fields/00042__plt00042__fab0000_comp02_ez.f32__c0006__dt-f32/chunk_0,1000000,2,ans shuffle=byte,primary,1.80787206,-1,5.03334197,11.7286765,1
fields/00042__plt00042__fab0000_comp02_ez.f32__c0014__dt-f32/chunk_0,1000000,2,ans shuffle=byte,primary,1.96992004,-1,5.03137363,11.8919045,1
fields/00042__plt00042__fab0000_comp02_ez.f32__c0022__dt-f32/chunk_0,1000000,2,ans shuffle=byte,primary,2.11184001,-1,5.03277426,12.0323644,1
fields/00042__plt00042__fab0000_comp02_ez.f32__c0026__dt-f32/chunk_0,1000000,2,ans shuffle=byte,primary,2.03459191,-1,2.9835879,17.592526,1
fields/00042__plt00042__fab0000_comp02_ez.f32__c0030__dt-f32/chunk_0,1000000,38,spspeed,primary,0.0720639974,-1,1.09613855,38.8847383,1
fields/00042__plt00042__fab0000_comp02_ez.f32__c0038__dt-f32/chunk_0,1000000,2,ans shuffle=byte,primary,2.5664959,-1,5.03229119,12.4873682,1
fields/00042__plt00042__fab0000_comp02_ez.f32__c0042__dt-f32/chunk_0,1000000,2,ans shuffle=byte,primary,1.80627203,-1,5.03090291,11.7299068,1
fields/00042__plt00042__fab0000_comp02_ez.f32__c0034__dt-f32/chunk_0,1000000,38,spspeed,primary,0.948736012,-1,1.08761598,40.0561924,1
fields/00042__plt00042__fab0000_comp02_ez.f32__c0050__dt-f32/chunk_0,1000000,2,ans shuffle=byte,primary,1.71603203,-1,5.03150642,11.6390417,1
fields/00042__plt00042__fab0000_comp02_ez.f32__c0054__dt-f32/chunk_0,1000000,2,ans shuffle=byte,primary,2.307616,-1,5.03027541,12.2308932,1
fields/00042__plt00042__fab0000_comp02_ez.f32__c0062__dt-f32/chunk_0,1000000,2,ans shuffle=byte,primary,1.52630401,-1,5.00376269,11.5288308,1
fields/00042__plt00042__fab0000_comp02_ez.f32__c0058__dt-f32/chunk_0,1000000,2,ans shuffle=byte,primary,2.55203199,-1,5.03354735,12.4708393,1
fields/00042__plt00042__fab0000_comp02_ez.f32__c0046__dt-f32/chunk_0,1000000,2,ans shuffle=byte,primary,1.78883195,-1,5.03046847,11.7135715,1
fields/00043__plt00043__fab0000_comp02_ez.f32__c0006__dt-f32/chunk_0,1000000,2,ans shuffle=byte,primary,3.416224,-1,5.03334197,13.3370285,1
fields/00043__plt00043__fab0000_comp02_ez.f32__c0030__dt-f32/chunk_0,1000000,38,spspeed,primary,0.63667202,-1,1.09650535,39.4366267,1
fields/00043__plt00043__fab0000_comp02_ez.f32__c0010__dt-f32/chunk_0,1000000,2,ans shuffle=byte,primary,2.39606404,-1,5.03107187,12.3189125,1
fields/00043__plt00043__fab0000_comp02_ez.f32__c0002__dt-f32/chunk_0,1000000,2,ans shuffle=byte,primary,2.14995193,-1,5.03264141,12.0717149,1
fields/00043__plt00043__fab0000_comp02_ez.f32__c0014__dt-f32/chunk_0,1000000,2,ans shuffle=byte,primary,2.37414408,-1,5.03137363,12.2961285,1
fields/00043__plt00043__fab0000_comp02_ez.f32__c0026__dt-f32/chunk_0,1000000,2,ans shuffle=byte,primary,2.73299193,-1,2.65493533,20.0161791,1
fields/00043__plt00043__fab0000_comp02_ez.f32__c0022__dt-f32/chunk_0,1000000,2,ans shuffle=byte,primary,2.29798388,-1,5.03277426,12.2185082,1
fields/00043__plt00043__fab0000_comp02_ez.f32__c0018__dt-f32/chunk_0,1000000,2,ans shuffle=byte,primary,1.52268803,-1,5.03165128,11.4458766,1
fields/00043__plt00043__fab0000_comp02_ez.f32__c0034__dt-f32/chunk_0,1000000,38,spspeed,primary,0.466176003,-1,1.08784616,39.5655427,1
fields/00043__plt00043__fab0000_comp02_ez.f32__c0038__dt-f32/chunk_0,1000000,2,ans shuffle=byte,primary,1.51523197,-1,5.0314702,11.437438,1
fields/00043__plt00043__fab0000_comp02_ez.f32__c0042__dt-f32/chunk_0,1000000,2,ans shuffle=byte,primary,3.7809279,-1,5.03090291,13.7045627,1
fields/00043__plt00043__fab0000_comp02_ez.f32__c0046__dt-f32/chunk_0,1000000,2,ans shuffle=byte,primary,3.40534401,-1,5.03046847,13.3300836,1
fields/00043__plt00043__fab0000_comp02_ez.f32__c0050__dt-f32/chunk_0,1000000,2,ans shuffle=byte,primary,3.22931194,-1,5.03150642,13.1523217,1
fields/00043__plt00043__fab0000_comp02_ez.f32__c0062__dt-f32/chunk_0,1000000,2,ans shuffle=byte,primary,0.263007998,-1,5.00376269,10.2655348,1
fields/00044__plt00044__fab0000_comp02_ez.f32__c0002__dt-f32/chunk_0,1000000,2,ans shuffle=byte,primary,0.95529598,-1,5.03264141,10.877059,1
fields/00043__plt00043__fab0000_comp02_ez.f32__c0054__dt-f32/chunk_0,1000000,2,ans shuffle=byte,primary,1.06863999,-1,5.03027541,10.9919172,1
fields/00043__plt00043__fab0000_comp02_ez.f32__c0058__dt-f32/chunk_0,1000000,2,ans shuffle=byte,primary,2.4289279,-1,5.03354735,12.3477352,1
fields/00044__plt00044__fab0000_comp02_ez.f32__c0010__dt-f32/chunk_0,1000000,2,ans shuffle=byte,primary,0.412607998,-1,5.03107187,10.3354565,1
fields/00044__plt00044__fab0000_comp02_ez.f32__c0006__dt-f32/chunk_0,1000000,2,ans shuffle=byte,primary,0.298175991,-1,5.03334197,10.2189805,1
fields/00044__plt00044__fab0000_comp02_ez.f32__c0022__dt-f32/chunk_0,1000000,2,ans shuffle=byte,primary,2.02358389,-1,5.03277426,11.9441083,1
fields/00044__plt00044__fab0000_comp02_ez.f32__c0014__dt-f32/chunk_0,1000000,2,ans shuffle=byte,primary,1.23100805,-1,5.03137363,11.1529925,1
fields/00044__plt00044__fab0000_comp02_ez.f32__c0018__dt-f32/chunk_0,1000000,2,ans shuffle=byte,primary,1.87667203,-1,5.03165128,11.7998606,1
fields/00044__plt00044__fab0000_comp02_ez.f32__c0030__dt-f32/chunk_0,1000000,38,spspeed,primary,0.791040003,-1,1.09668425,39.5848378,1
fields/00044__plt00044__fab0000_comp02_ez.f32__c0034__dt-f32/chunk_0,1000000,38,spspeed,primary,0.654815972,-1,1.08777845,39.7566109,1
fields/00044__plt00044__fab0000_comp02_ez.f32__c0046__dt-f32/chunk_0,1000000,2,ans shuffle=byte,primary,2.64166403,-1,5.03046847,12.5664036,1
fields/00044__plt00044__fab0000_comp02_ez.f32__c0026__dt-f32/chunk_0,1000000,2,ans shuffle=byte,primary,2.92592001,-1,2.37767753,22.0096291,1
fields/00044__plt00044__fab0000_comp02_ez.f32__c0042__dt-f32/chunk_0,1000000,2,ans shuffle=byte,primary,1.765504,-1,5.03090291,11.6891388,1
fields/00044__plt00044__fab0000_comp02_ez.f32__c0058__dt-f32/chunk_0,1000000,2,ans shuffle=byte,primary,2.0155201,-1,5.03354735,11.9343274,1
fields/00044__plt00044__fab0000_comp02_ez.f32__c0050__dt-f32/chunk_0,1000000,2,ans shuffle=byte,primary,1.71664,-1,5.03150642,11.6396497,1
fields/00044__plt00044__fab0000_comp02_ez.f32__c0038__dt-f32/chunk_0,1000000,2,ans shuffle=byte,primary,2.34822392,-1,5.0240933,12.2825189,1
fields/00044__plt00044__fab0000_comp02_ez.f32__c0054__dt-f32/chunk_0,1000000,2,ans shuffle=byte,primary,2.05548811,-1,5.03027541,11.9787653,1
fields/00044__plt00044__fab0000_comp02_ez.f32__c0062__dt-f32/chunk_0,1000000,2,ans shuffle=byte,primary,2.92662406,-1,5.00376269,12.9291509,1
fields/00045__plt00045__fab0000_comp02_ez.f32__c0018__dt-f32/chunk_0,1000000,2,ans shuffle=byte,primary,1.79670405,-1,5.03165128,11.7198926,1
fields/00045__plt00045__fab0000_comp02_ez.f32__c0002__dt-f32/chunk_0,1000000,2,ans shuffle=byte,primary,1.85308802,-1,5.03264141,11.774851,1
fields/00045__plt00045__fab0000_comp02_ez.f32__c0010__dt-f32/chunk_0,1000000,2,ans shuffle=byte,primary,1.60767996,-1,5.03107187,11.5305284,1
fields/00045__plt00045__fab0000_comp02_ez.f32__c0022__dt-f32/chunk_0,1000000,2,ans shuffle=byte,primary,2.44019198,-1,5.03277426,12.3607163,1
fields/00045__plt00045__fab0000_comp02_ez.f32__c0006__dt-f32/chunk_0,1000000,2,ans shuffle=byte,primary,1.32099199,-1,5.03334197,11.2417965,1
fields/00045__plt00045__fab0000_comp02_ez.f32__c0034__dt-f32/chunk_0,1000000,38,spspeed,primary,0.646495998,-1,1.08795451,39.7421316,1
fields/00045__plt00045__fab0000_comp02_ez.f32__c0014__dt-f32/chunk_0,1000000,2,ans shuffle=byte,primary,1.61372805,-1,5.03137363,11.5357125,1
fields/00045__plt00045__fab0000_comp02_ez.f32__c0030__dt-f32/chunk_0,1000000,38,spspeed,primary,0.290656,-1,1.09701927,39.0728617,1
fields/00045__plt00045__fab0000_comp02_ez.f32__c0026__dt-f32/chunk_0,1000000,2,ans shuffle=byte,primary,1.58742404,-1,2.14616834,22.5472451,1
fields/00045__plt00045__fab0000_comp02_ez.f32__c0042__dt-f32/chunk_0,1000000,2,ans shuffle=byte,primary,2.22089601,-1,5.03090291,12.1445308,1
fields/00045__plt00045__fab0000_comp02_ez.f32__c0050__dt-f32/chunk_0,1000000,2,ans shuffle=byte,primary,2.14134407,-1,5.03150642,12.0643538,1
fields/00045__plt00045__fab0000_comp02_ez.f32__c0038__dt-f32/chunk_0,1000000,2,ans shuffle=byte,primary,2.58022404,-1,5.02337124,12.5156695,1
fields/00045__plt00045__fab0000_comp02_ez.f32__c0054__dt-f32/chunk_0,1000000,2,ans shuffle=byte,primary,1.42697597,-1,5.03027541,11.3502532,1
fields/00045__plt00045__fab0000_comp02_ez.f32__c0046__dt-f32/chunk_0,1000000,2,ans shuffle=byte,primary,2.88003206,-1,5.03046847,12.8047716,1
fields/00045__plt00045__fab0000_comp02_ez.f32__c0058__dt-f32/chunk_0,1000000,2,ans shuffle=byte,primary,1.827232,-1,5.03354735,11.7460393,1
fields/00046__plt00046__fab0000_comp02_ez.f32__c0002__dt-f32/chunk_0,1000000,2,ans shuffle=byte,primary,1.40537596,-1,5.03264141,11.327139,1
fields/00045__plt00045__fab0000_comp02_ez.f32__c0062__dt-f32/chunk_0,1000000,2,ans shuffle=byte,primary,1.99567997,-1,5.00376269,11.9982068,1
fields/00046__plt00046__fab0000_comp02_ez.f32__c0006__dt-f32/chunk_0,1000000,2,ans shuffle=byte,primary,1.25545597,-1,5.03334197,11.1762604,1
fields/00046__plt00046__fab0000_comp02_ez.f32__c0014__dt-f32/chunk_0,1000000,2,ans shuffle=byte,primary,2.43219209,-1,5.03137363,12.3541765,1
fields/00046__plt00046__fab0000_comp02_ez.f32__c0010__dt-f32/chunk_0,1000000,2,ans shuffle=byte,primary,4.89353609,-1,5.03107187,14.8163845,1
fields/00046__plt00046__fab0000_comp02_ez.f32__c0022__dt-f32/chunk_0,1000000,2,ans shuffle=byte,primary,1.275424,-1,5.03277426,11.1959484,1
fields/00046__plt00046__fab0000_comp02_ez.f32__c0026__dt-f32/chunk_0,1000000,2,ans shuffle=byte,primary,3.12662411,-1,1.95200664,26.0158568,1
fields/00046__plt00046__fab0000_comp02_ez.f32__c0042__dt-f32/chunk_0,1000000,2,ans shuffle=byte,primary,2.26304007,-1,5.03090291,12.1866749,1
fields/00046__plt00046__fab0000_comp02_ez.f32__c0030__dt-f32/chunk_0,1000000,38,spspeed,primary,0.858847976,-1,1.09701009,39.641448,1
fields/00046__plt00046__fab0000_comp02_ez.f32__c0034__dt-f32/chunk_0,1000000,38,spspeed,primary,0.93286401,-1,1.08770172,40.0375101,1
fields/00046__plt00046__fab0000_comp02_ez.f32__c0018__dt-f32/chunk_0,1000000,2,ans shuffle=byte,primary,0.95628798,-1,5.03165128,10.8794766,1
fields/00046__plt00046__fab0000_comp02_ez.f32__c0038__dt-f32/chunk_0,1000000,2,ans shuffle=byte,primary,2.37244797,-1,5.02245692,12.309388,1
fields/00046__plt00046__fab0000_comp02_ez.f32__c0050__dt-f32/chunk_0,1000000,2,ans shuffle=byte,primary,2.3866241,-1,5.03150642,12.3096338,1
fields/00046__plt00046__fab0000_comp02_ez.f32__c0046__dt-f32/chunk_0,1000000,2,ans shuffle=byte,primary,2.61251211,-1,5.03046847,12.5372517,1
fields/00046__plt00046__fab0000_comp02_ez.f32__c0058__dt-f32/chunk_0,1000000,2,ans shuffle=byte,primary,2.00947189,-1,5.03354735,11.9282792,1
fields/00047__plt00047__fab0000_comp02_ez.f32__c0002__dt-f32/chunk_0,1000000,2,ans shuffle=byte,primary,2.81305599,-1,5.03264141,12.734819,1
fields/00047__plt00047__fab0000_comp02_ez.f32__c0006__dt-f32/chunk_0,1000000,2,ans shuffle=byte,primary,2.75452805,-1,5.03334197,12.6753325,1
fields/00046__plt00046__fab0000_comp02_ez.f32__c0054__dt-f32/chunk_0,1000000,2,ans shuffle=byte,primary,0.946048021,-1,5.03027541,10.8693252,1
fields/00047__plt00047__fab0000_comp02_ez.f32__c0010__dt-f32/chunk_0,1000000,2,ans shuffle=byte,primary,1.97468805,-1,5.03107187,11.8975365,1
fields/00046__plt00046__fab0000_comp02_ez.f32__c0062__dt-f32/chunk_0,1000000,2,ans shuffle=byte,primary,2.2075839,-1,5.00376269,12.2101107,1
fields/00047__plt00047__fab0000_comp02_ez.f32__c0014__dt-f32/chunk_0,1000000,2,ans shuffle=byte,primary,2.02604795,-1,5.03137363,11.9480324,1
fields/00047__plt00047__fab0000_comp02_ez.f32__c0018__dt-f32/chunk_0,1000000,2,ans shuffle=byte,primary,1.05235195,-1,5.03165128,10.9755405,1
fields/00047__plt00047__fab0000_comp02_ez.f32__c0022__dt-f32/chunk_0,1000000,2,ans shuffle=byte,primary,2.55232,-1,5.03277426,12.4728444,1
fields/00047__plt00047__fab0000_comp02_ez.f32__c0026__dt-f32/chunk_0,1000000,2,ans shuffle=byte,primary,1.92697597,-1,1.78704744,26.7833017,1
fields/00047__plt00047__fab0000_comp02_ez.f32__c0046__dt-f32/chunk_0,1000000,2,ans shuffle=byte,primary,2.35369611,-1,5.03046847,12.2784357,1
fields/00047__plt00047__fab0000_comp02_ez.f32__c0042__dt-f32/chunk_0,1000000,2,ans shuffle=byte,primary,2.43193603,-1,5.03090291,12.3555708,1
fields/00047__plt00047__fab0000_comp02_ez.f32__c0030__dt-f32/chunk_0,1000000,38,spspeed,primary,1.21027195,-1,1.09746476,39.9771197,1
fields/00047__plt00047__fab0000_comp02_ez.f32__c0050__dt-f32/chunk_0,1000000,2,ans shuffle=byte,primary,1.48767996,-1,5.03150642,11.4106897,1
fields/00047__plt00047__fab0000_comp02_ez.f32__c0038__dt-f32/chunk_0,1000000,2,ans shuffle=byte,primary,2.26176,-1,5.01817851,12.2051573,1
fields/00047__plt00047__fab0000_comp02_ez.f32__c0034__dt-f32/chunk_0,1000000,38,spspeed,primary,0.489024013,-1,1.08800418,39.5830174,1
fields/00047__plt00047__fab0000_comp02_ez.f32__c0058__dt-f32/chunk_0,1000000,2,ans shuffle=byte,primary,0.947135985,-1,5.03354735,10.8659433,1
fields/00047__plt00047__fab0000_comp02_ez.f32__c0062__dt-f32/chunk_0,1000000,2,ans shuffle=byte,primary,1.08803201,-1,5.00376269,11.0905588,1
fields/00047__plt00047__fab0000_comp02_ez.f32__c0054__dt-f32/chunk_0,1000000,2,ans shuffle=byte,primary,2.31766391,-1,5.03027541,12.2409411,1
fields/00048__plt00048__fab0000_comp02_ez.f32__c0002__dt-f32/chunk_0,1000000,2,ans shuffle=byte,primary,2.32822394,-1,5.03264141,12.249987,1
fields/00048__plt00048__fab0000_comp02_ez.f32__c0006__dt-f32/chunk_0,1000000,2,ans shuffle=byte,primary,2.20022392,-1,5.03334197,12.1210284,1
fields/00048__plt00048__fab0000_comp02_ez.f32__c0010__dt-f32/chunk_0,1000000,2,ans shuffle=byte,primary,2.8260479,-1,5.03107187,12.7488964,1
fields/00048__plt00048__fab0000_comp02_ez.f32__c0018__dt-f32/chunk_0,1000000,2,ans shuffle=byte,primary,2.1205759,-1,5.03165128,12.0437645,1
fields/00048__plt00048__fab0000_comp02_ez.f32__c0014__dt-f32/chunk_0,1000000,2,ans shuffle=byte,primary,2.07401609,-1,5.03137363,11.9960005,1
fields/00048__plt00048__fab0000_comp02_ez.f32__c0022__dt-f32/chunk_0,1000000,2,ans shuffle=byte,primary,2.82579207,-1,5.03277426,12.7463164,1
fields/00048__plt00048__fab0000_comp02_ez.f32__c0030__dt-f32/chunk_0,1000000,38,spspeed,primary,0.764927983,-1,1.09786463,39.5179322,1
fields/00048__plt00048__fab0000_comp02_ez.f32__c0038__dt-f32/chunk_0,1000000,2,ans shuffle=byte,primary,1.23654401,-1,4.9053548,11.3466189,1
fields/00048__plt00048__fab0000_comp02_ez.f32__c0034__dt-f32/chunk_0,1000000,38,spspeed,primary,0.440127999,-1,1.08801322,39.5338288,1
fields/00048__plt00048__fab0000_comp02_ez.f32__c0026__dt-f32/chunk_0,1000000,2,ans shuffle=byte,primary,2.29033589,-1,1.65282347,29.0326673,1
fields/00048__plt00048__fab0000_comp02_ez.f32__c0046__dt-f32/chunk_0,1000000,2,ans shuffle=byte,primary,2.19616008,-1,5.03046847,12.1208996,1
fields/00048__plt00048__fab0000_comp02_ez.f32__c0050__dt-f32/chunk_0,1000000,2,ans shuffle=byte,primary,1.002496,-1,5.03150642,10.9255057,1
fields/00048__plt00048__fab0000_comp02_ez.f32__c0042__dt-f32/chunk_0,1000000,2,ans shuffle=byte,primary,1.104352,-1,5.03090291,11.0279868,1
fields/00048__plt00048__fab0000_comp02_ez.f32__c0054__dt-f32/chunk_0,1000000,2,ans shuffle=byte,primary,1.00303996,-1,5.03027541,10.9263172,1
fields/00048__plt00048__fab0000_comp02_ez.f32__c0062__dt-f32/chunk_0,1000000,2,ans shuffle=byte,primary,2.26518393,-1,5.00376269,12.2677107,1
fields/00048__plt00048__fab0000_comp02_ez.f32__c0058__dt-f32/chunk_0,1000000,2,ans shuffle=byte,primary,1.85100806,-1,5.03354735,11.7698154,1
fields/00049__plt00049__fab0000_comp02_ez.f32__c0010__dt-f32/chunk_0,1000000,2,ans shuffle=byte,primary,1.17574406,-1,5.03107187,11.0985925,1
fields/00049__plt00049__fab0000_comp02_ez.f32__c0006__dt-f32/chunk_0,1000000,2,ans shuffle=byte,primary,2.73705602,-1,5.03334197,12.6578605,1
fields/00049__plt00049__fab0000_comp02_ez.f32__c0002__dt-f32/chunk_0,1000000,2,ans shuffle=byte,primary,2.22214389,-1,5.03264141,12.1439069,1
fields/00049__plt00049__fab0000_comp02_ez.f32__c0018__dt-f32/chunk_0,1000000,2,ans shuffle=byte,primary,2.00851202,-1,5.03165128,11.9317006,1
fields/00049__plt00049__fab0000_comp02_ez.f32__c0022__dt-f32/chunk_0,1000000,2,ans shuffle=byte,primary,3.41651201,-1,5.03277426,13.3370364,1
fields/00049__plt00049__fab0000_comp02_ez.f32__c0034__dt-f32/chunk_0,1000000,38,spspeed,primary,0.666559994,-1,1.0881216,39.7564859,1
fields/00049__plt00049__fab0000_comp02_ez.f32__c0014__dt-f32/chunk_0,1000000,2,ans shuffle=byte,primary,2.14003205,-1,5.03137363,12.0620165,1
fields/00049__plt00049__fab0000_comp02_ez.f32__c0026__dt-f32/chunk_0,1000000,2,ans shuffle=byte,primary,2.13737607,-1,1.56367817,30.3951887,1
fields/00049__plt00049__fab0000_comp02_ez.f32__c0030__dt-f32/chunk_0,1000000,38,spspeed,primary,0.607551992,-1,1.09800259,39.3558097,1
fields/00049__plt00049__fab0000_comp02_ez.f32__c0042__dt-f32/chunk_0,1000000,2,ans shuffle=byte,primary,1.47388804,-1,5.03090291,11.3975228,1
fields/00049__plt00049__fab0000_comp02_ez.f32__c0046__dt-f32/chunk_0,1000000,2,ans shuffle=byte,primary,0.665791988,-1,5.03046847,10.5905315,1
fields/00049__plt00049__fab0000_comp02_ez.f32__c0038__dt-f32/chunk_0,1000000,30,ndzip shuffle=bit,primary,0.0962560028,-1,2.28904243,18.8873754,1
fields/00050__plt00050__fab0000_comp02_ez.f32__c0006__dt-f32/chunk_0,1000000,2,ans shuffle=byte,primary,3.49887991,-1,5.03334197,13.4196844,1
fields/00049__plt00049__fab0000_comp02_ez.f32__c0058__dt-f32/chunk_0,1000000,2,ans shuffle=byte,primary,3.24886394,-1,5.03354735,13.1676712,1
fields/00049__plt00049__fab0000_comp02_ez.f32__c0050__dt-f32/chunk_0,1000000,2,ans shuffle=byte,primary,2.53955197,-1,5.03150642,12.4625617,1
fields/00049__plt00049__fab0000_comp02_ez.f32__c0054__dt-f32/chunk_0,1000000,2,ans shuffle=byte,primary,2.1552,-1,5.03027541,12.0784772,1
fields/00050__plt00050__fab0000_comp02_ez.f32__c0002__dt-f32/chunk_0,1000000,2,ans shuffle=byte,primary,2.97903991,-1,5.03264141,12.9008029,1
fields/00050__plt00050__fab0000_comp02_ez.f32__c0010__dt-f32/chunk_0,1000000,2,ans shuffle=byte,primary,2.80339193,-1,5.03107187,12.7262404,1
fields/00049__plt00049__fab0000_comp02_ez.f32__c0062__dt-f32/chunk_0,1000000,2,ans shuffle=byte,primary,1.15110397,-1,5.00376269,11.1536308,1
fields/00050__plt00050__fab0000_comp02_ez.f32__c0014__dt-f32/chunk_0,1000000,2,ans shuffle=byte,primary,2.86921597,-1,5.03137363,12.7912004,1
fields/00050__plt00050__fab0000_comp02_ez.f32__c0026__dt-f32/chunk_0,1000000,29,ndzip,primary,0.0757760033,-1,1.05348207,40.3767592,1
fields/00050__plt00050__fab0000_comp02_ez.f32__c0022__dt-f32/chunk_0,1000000,2,ans shuffle=byte,primary,3.16662407,-1,5.03277426,13.0871484,1
fields/00050__plt00050__fab0000_comp02_ez.f32__c0030__dt-f32/chunk_0,1000000,38,spspeed,primary,0.224895999,-1,1.09809917,38.9698675,1
fields/00050__plt00050__fab0000_comp02_ez.f32__c0018__dt-f32/chunk_0,1000000,2,ans shuffle=byte,primary,2.0086081,-1,5.03165128,11.9317967,1
fields/00050__plt00050__fab0000_comp02_ez.f32__c0038__dt-f32/chunk_0,1000000,39,spspeed shuffle=bit,primary,0.301407993,-1,2.06977713,21.3204566,1
fields/00050__plt00050__fab0000_comp02_ez.f32__c0046__dt-f32/chunk_0,1000000,2,ans shuffle=byte,primary,1.85683203,-1,5.03046847,11.7815716,1
fields/00050__plt00050__fab0000_comp02_ez.f32__c0034__dt-f32/chunk_0,1000000,38,spspeed,primary,0.356575996,-1,1.08823001,39.4426918,1
fields/00050__plt00050__fab0000_comp02_ez.f32__c0050__dt-f32/chunk_0,1000000,2,ans shuffle=byte,primary,0.646592021,-1,5.03150642,10.5696017,1
fields/00050__plt00050__fab0000_comp02_ez.f32__c0042__dt-f32/chunk_0,1000000,2,ans shuffle=byte,primary,2.00201607,-1,5.03090291,11.9256509,1
fields/00050__plt00050__fab0000_comp02_ez.f32__c0058__dt-f32/chunk_0,1000000,2,ans shuffle=byte,primary,2.7152319,-1,5.03354735,12.6340392,1
fields/00051__plt00051__fab0000_comp02_ez.f32__c0014__dt-f32/chunk_0,1000000,2,ans shuffle=byte,primary,1.76927996,-1,5.03137363,11.6912644,1
fields/00051__plt00051__fab0000_comp02_ez.f32__c0010__dt-f32/chunk_0,1000000,2,ans shuffle=byte,primary,2.02652788,-1,5.03107187,11.9493763,1
fields/00051__plt00051__fab0000_comp02_ez.f32__c0018__dt-f32/chunk_0,1000000,2,ans shuffle=byte,primary,2.07923198,-1,5.03165128,12.0024206,1
fields/00050__plt00050__fab0000_comp02_ez.f32__c0054__dt-f32/chunk_0,1000000,2,ans shuffle=byte,primary,1.90950406,-1,5.03027541,11.8327813,1
fields/00050__plt00050__fab0000_comp02_ez.f32__c0062__dt-f32/chunk_0,1000000,2,ans shuffle=byte,primary,2.10422397,-1,5.00376269,12.1067508,1
fields/00051__plt00051__fab0000_comp02_ez.f32__c0022__dt-f32/chunk_0,1000000,2,ans shuffle=byte,primary,2.83446407,-1,5.03277426,12.7549884,1
fields/00051__plt00051__fab0000_comp02_ez.f32__c0002__dt-f32/chunk_0,1000000,2,ans shuffle=byte,primary,1.49536002,-1,5.03264141,11.417123,1
fields/00051__plt00051__fab0000_comp02_ez.f32__c0006__dt-f32/chunk_0,1000000,2,ans shuffle=byte,primary,1.48124802,-1,5.03334197,11.4020525,1
fields/00051__plt00051__fab0000_comp02_ez.f32__c0046__dt-f32/chunk_0,1000000,2,ans shuffle=byte,primary,1.85017598,-1,5.03046847,11.7749155,1
fields/00051__plt00051__fab0000_comp02_ez.f32__c0026__dt-f32/chunk_0,1000000,29,ndzip,primary,0.0757760033,-1,1.05308848,40.4266975,1
fields/00051__plt00051__fab0000_comp02_ez.f32__c0034__dt-f32/chunk_0,1000000,38,spspeed,primary,0.112223998,-1,1.08804483,39.2049617,1
fields/00051__plt00051__fab0000_comp02_ez.f32__c0030__dt-f32/chunk_0,1000000,38,spspeed,primary,1.02118397,-1,1.09845348,39.7539083,1
fields/00051__plt00051__fab0000_comp02_ez.f32__c0038__dt-f32/chunk_0,1000000,2,ans shuffle=byte,primary,1.61772799,-1,3.59195474,14.7217752,1
fields/00051__plt00051__fab0000_comp02_ez.f32__c0050__dt-f32/chunk_0,1000000,2,ans shuffle=byte,primary,2.95679998,-1,5.03150642,12.8798097,1
fields/00051__plt00051__fab0000_comp02_ez.f32__c0042__dt-f32/chunk_0,1000000,2,ans shuffle=byte,primary,1.79555202,-1,5.03090291,11.7191868,1
fields/00051__plt00051__fab0000_comp02_ez.f32__c0058__dt-f32/chunk_0,1000000,2,ans shuffle=byte,primary,2.28201604,-1,5.03354735,12.2008234,1
fields/00051__plt00051__fab0000_comp02_ez.f32__c0054__dt-f32/chunk_0,1000000,2,ans shuffle=byte,primary,1.87526405,-1,5.03027541,11.7985413,1
fields/00052__plt00052__fab0000_comp02_ez.f32__c0014__dt-f32/chunk_0,1000000,2,ans shuffle=byte,primary,1.19503999,-1,5.03137363,11.1170244,1
fields/00052__plt00052__fab0000_comp02_ez.f32__c0006__dt-f32/chunk_0,1000000,2,ans shuffle=byte,primary,2.64912009,-1,5.03334197,12.5699246,1
fields/00052__plt00052__fab0000_comp02_ez.f32__c0018__dt-f32/chunk_0,1000000,2,ans shuffle=byte,primary,0.295711994,-1,5.03165128,10.2189006,1
fields/00052__plt00052__fab0000_comp02_ez.f32__c0030__dt-f32/chunk_0,1000000,38,spspeed,primary,0.597024024,-1,1.09859618,39.3248302,1
fields/00052__plt00052__fab0000_comp02_ez.f32__c0010__dt-f32/chunk_0,1000000,2,ans shuffle=byte,primary,1.91014397,-1,5.03107187,11.8329924,1
fields/00052__plt00052__fab0000_comp02_ez.f32__c0002__dt-f32/chunk_0,1000000,2,ans shuffle=byte,primary,2.61100793,-1,5.03264141,12.5327709,1
fields/00051__plt00051__fab0000_comp02_ez.f32__c0062__dt-f32/chunk_0,1000000,2,ans shuffle=byte,primary,2.45075202,-1,5.00376269,12.4532788,1
fields/00052__plt00052__fab0000_comp02_ez.f32__c0026__dt-f32/chunk_0,1000000,29,ndzip,primary,0.156672001,-1,1.05268991,40.5314488,1
fields/00052__plt00052__fab0000_comp02_ez.f32__c0022__dt-f32/chunk_0,1000000,2,ans shuffle=byte,primary,2.81116796,-1,5.03277426,12.7316923,1
fields/00052__plt00052__fab0000_comp02_ez.f32__c0034__dt-f32/chunk_0,1000000,38,spspeed,primary,0.82387203,-1,1.08813064,39.913615,1
fields/00052__plt00052__fab0000_comp02_ez.f32__c0050__dt-f32/chunk_0,1000000,2,ans shuffle=byte,primary,1.351776,-1,5.03150642,11.2747857,1
fields/00052__plt00052__fab0000_comp02_ez.f32__c0046__dt-f32/chunk_0,1000000,2,ans shuffle=byte,primary,2.14915204,-1,5.03046847,12.0738916,1
fields/00052__plt00052__fab0000_comp02_ez.f32__c0042__dt-f32/chunk_0,1000000,2,ans shuffle=byte,primary,2.32972789,-1,5.03090291,12.2533627,1
fields/00052__plt00052__fab0000_comp02_ez.f32__c0038__dt-f32/chunk_0,1000000,2,ans shuffle=byte,primary,2.12300801,-1,3.17277751,16.8181886,1
fields/00052__plt00052__fab0000_comp02_ez.f32__c0054__dt-f32/chunk_0,1000000,2,ans shuffle=byte,primary,2.69670391,-1,5.03027541,12.6199811,1
fields/00053__plt00053__fab0000_comp02_ez.f32__c0002__dt-f32/chunk_0,1000000,2,ans shuffle=byte,primary,1.45788801,-1,5.03264141,11.379651,1
fields/00052__plt00052__fab0000_comp02_ez.f32__c0058__dt-f32/chunk_0,1000000,2,ans shuffle=byte,primary,1.6336,-1,5.03354735,11.5524073,1
fields/00052__plt00052__fab0000_comp02_ez.f32__c0062__dt-f32/chunk_0,1000000,2,ans shuffle=byte,primary,3.73571205,-1,5.00376269,13.7382389,1
fields/00053__plt00053__fab0000_comp02_ez.f32__c0014__dt-f32/chunk_0,1000000,2,ans shuffle=byte,primary,1.91900802,-1,5.03137363,11.8409924,1
fields/00053__plt00053__fab0000_comp02_ez.f32__c0006__dt-f32/chunk_0,1000000,2,ans shuffle=byte,primary,1.19750404,-1,5.03334197,11.1183085,1
fields/00053__plt00053__fab0000_comp02_ez.f32__c0026__dt-f32/chunk_0,1000000,29,ndzip,primary,0.0727040023,-1,1.05388759,40.4046244,1
fields/00053__plt00053__fab0000_comp02_ez.f32__c0022__dt-f32/chunk_0,1000000,2,ans shuffle=byte,primary,1.594944,-1,5.03277426,11.5154684,1
fields/00053__plt00053__fab0000_comp02_ez.f32__c0010__dt-f32/chunk_0,1000000,2,ans shuffle=byte,primary,0.839807987,-1,5.03107187,10.7626564,1
fields/00053__plt00053__fab0000_comp02_ez.f32__c0018__dt-f32/chunk_0,1000000,2,ans shuffle=byte,primary,3.08531189,-1,5.03165128,13.0085005,1
fields/00053__plt00053__fab0000_comp02_ez.f32__c0034__dt-f32/chunk_0,1000000,38,spspeed,primary,0.0857599974,-1,1.08832941,39.168498,1
fields/00053__plt00053__fab0000_comp02_ez.f32__c0042__dt-f32/chunk_0,1000000,2,ans shuffle=byte,primary,1.95132804,-1,5.03090291,11.8749628,1
fields/00053__plt00053__fab0000_comp02_ez.f32__c0030__dt-f32/chunk_0,1000000,38,spspeed,primary,0.249183998,-1,1.09887249,38.9674437,1
fields/00053__plt00053__fab0000_comp02_ez.f32__c0046__dt-f32/chunk_0,1000000,2,ans shuffle=byte,primary,2.07164788,-1,5.03046847,11.9963874,1
fields/00053__plt00053__fab0000_comp02_ez.f32__c0038__dt-f32/chunk_0,1000000,2,ans shuffle=byte,primary,1.45955205,-1,2.8197722,17.827021,1
fields/00053__plt00053__fab0000_comp02_ez.f32__c0054__dt-f32/chunk_0,1000000,2,ans shuffle=byte,primary,2.1097281,-1,5.03027541,12.0330053,1
fields/00053__plt00053__fab0000_comp02_ez.f32__c0062__dt-f32/chunk_0,1000000,2,ans shuffle=byte,primary,1.59212804,-1,5.00376269,11.5946548,1
fields/00053__plt00053__fab0000_comp02_ez.f32__c0058__dt-f32/chunk_0,1000000,2,ans shuffle=byte,primary,1.86700797,-1,5.03354735,11.7858153,1
fields/00053__plt00053__fab0000_comp02_ez.f32__c0050__dt-f32/chunk_0,1000000,2,ans shuffle=byte,primary,1.95395195,-1,5.03150642,11.8769617,1
fields/00054__plt00054__fab0000_comp02_ez.f32__c0002__dt-f32/chunk_0,1000000,2,ans shuffle=byte,primary,2.16883206,-1,5.03264141,12.0905951,1
fields/00054__plt00054__fab0000_comp02_ez.f32__c0006__dt-f32/chunk_0,1000000,2,ans shuffle=byte,primary,2.11641598,-1,5.03334197,12.0372204,1
fields/00054__plt00054__fab0000_comp02_ez.f32__c0018__dt-f32/chunk_0,1000000,2,ans shuffle=byte,primary,1.65126395,-1,5.03165128,11.5744525,1
fields/00054__plt00054__fab0000_comp02_ez.f32__c0010__dt-f32/chunk_0,1000000,2,ans shuffle=byte,primary,2.37862396,-1,5.03107187,12.3014724,1
fields/00054__plt00054__fab0000_comp02_ez.f32__c0026__dt-f32/chunk_0,1000000,29,ndzip,primary,0.0952320024,-1,1.05571262,40.3600692,1
fields/00054__plt00054__fab0000_comp02_ez.f32__c0014__dt-f32/chunk_0,1000000,2,ans shuffle=byte,primary,2.38508797,-1,5.03137363,12.3070724,1
fields/00054__plt00054__fab0000_comp02_ez.f32__c0022__dt-f32/chunk_0,1000000,2,ans shuffle=byte,primary,1.24486399,-1,5.03277426,11.1653884,1
fields/00054__plt00054__fab0000_comp02_ez.f32__c0030__dt-f32/chunk_0,1000000,38,spspeed,primary,0.129056007,-1,1.09895541,38.8445053,1
fields/00054__plt00054__fab0000_comp02_ez.f32__c0034__dt-f32/chunk_0,1000000,38,spspeed,primary,0.101663999,-1,1.08806741,39.1937444,1
fields/00054__plt00054__fab0000_comp02_ez.f32__c0042__dt-f32/chunk_0,1000000,2,ans shuffle=byte,primary,1.75353599,-1,5.03090291,11.6771708,1
fields/00054__plt00054__fab0000_comp02_ez.f32__c0046__dt-f32/chunk_0,1000000,2,ans shuffle=byte,primary,1.70851195,-1,5.03046847,11.6332515,1
fields/00054__plt00054__fab0000_comp02_ez.f32__c0038__dt-f32/chunk_0,1000000,2,ans shuffle=byte,primary,1.95488,-1,2.52095777,20.063205,1
fields/00054__plt00054__fab0000_comp02_ez.f32__c0050__dt-f32/chunk_0,1000000,2,ans shuffle=byte,primary,2.50207996,-1,5.03150642,12.4250897,1
fields/00054__plt00054__fab0000_comp02_ez.f32__c0054__dt-f32/chunk_0,1000000,2,ans shuffle=byte,primary,2.16947198,-1,5.03027541,12.0927492,1
fields/00054__plt00054__fab0000_comp02_ez.f32__c0058__dt-f32/chunk_0,1000000,2,ans shuffle=byte,primary,1.37676799,-1,5.03354735,11.2955753,1
fields/00055__plt00055__fab0000_comp02_ez.f32__c0022__dt-f32/chunk_0,1000000,2,ans shuffle=byte,primary,2.38326406,-1,5.03277426,12.3037884,1
fields/00055__plt00055__fab0000_comp02_ez.f32__c0002__dt-f32/chunk_0,1000000,2,ans shuffle=byte,primary,0.412864,-1,5.03264141,10.334627,1
fields/00055__plt00055__fab0000_comp02_ez.f32__c0006__dt-f32/chunk_0,1000000,2,ans shuffle=byte,primary,2.98851204,-1,5.03334197,12.9093165,1
fields/00055__plt00055__fab0000_comp02_ez.f32__c0010__dt-f32/chunk_0,1000000,2,ans shuffle=byte,primary,3.04092789,-1,5.03107187,12.9637763,1
fields/00054__plt00054__fab0000_comp02_ez.f32__c0062__dt-f32/chunk_0,1000000,2,ans shuffle=byte,primary,1.79580796,-1,5.00376269,11.7983348,1
fields/00055__plt00055__fab0000_comp02_ez.f32__c0014__dt-f32/chunk_0,1000000,2,ans shuffle=byte,primary,2.79011202,-1,5.03137363,12.7120964,1
fields/00055__plt00055__fab0000_comp02_ez.f32__c0018__dt-f32/chunk_0,1000000,2,ans shuffle=byte,primary,3.0576961,-1,5.03165128,12.9808847,1
fields/00055__plt00055__fab0000_comp02_ez.f32__c0026__dt-f32/chunk_0,1000000,29,ndzip,primary,0.088064,-1,1.05753864,40.2903456,1
fields/00055__plt00055__fab0000_comp02_ez.f32__c0034__dt-f32/chunk_0,1000000,38,spspeed,primary,0.732864022,-1,1.0884469,39.8115508,1
fields/00055__plt00055__fab0000_comp02_ez.f32__c0030__dt-f32/chunk_0,1000000,38,spspeed,primary,1.35391998,-1,1.09915355,40.0625547,1
fields/00055__plt00055__fab0000_comp02_ez.f32__c0058__dt-f32/chunk_0,1000000,2,ans shuffle=byte,primary,2.08489609,-1,5.03354735,12.0037034,1
fields/00055__plt00055__fab0000_comp02_ez.f32__c0042__dt-f32/chunk_0,1000000,2,ans shuffle=byte,primary,3.34454393,-1,5.03090291,13.2681787,1
fields/00055__plt00055__fab0000_comp02_ez.f32__c0046__dt-f32/chunk_0,1000000,2,ans shuffle=byte,primary,1.61366403,-1,5.03046847,11.5384036,1
fields/00055__plt00055__fab0000_comp02_ez.f32__c0050__dt-f32/chunk_0,1000000,2,ans shuffle=byte,primary,1.00681603,-1,5.03150642,10.9298257,1
fields/00055__plt00055__fab0000_comp02_ez.f32__c0062__dt-f32/chunk_0,1000000,2,ans shuffle=byte,primary,0.938624024,-1,5.00376269,10.9411508,1
fields/00055__plt00055__fab0000_comp02_ez.f32__c0038__dt-f32/chunk_0,1000000,2,ans shuffle=byte,primary,2.0935359,-1,2.26846905,22.0139151,1
fields/00055__plt00055__fab0000_comp02_ez.f32__c0054__dt-f32/chunk_0,1000000,2,ans shuffle=byte,primary,2.11132789,-1,5.03027541,12.0346051,1
fields/00056__plt00056__fab0000_comp02_ez.f32__c0002__dt-f32/chunk_0,1000000,2,ans shuffle=byte,primary,1.82774401,-1,5.03264141,11.749507,1
fields/00056__plt00056__fab0000_comp02_ez.f32__c0022__dt-f32/chunk_0,1000000,2,ans shuffle=byte,primary,1.50857604,-1,5.03277426,11.4291004,1
fields/00056__plt00056__fab0000_comp02_ez.f32__c0010__dt-f32/chunk_0,1000000,2,ans shuffle=byte,primary,1.21785605,-1,5.03107187,11.1407045,1
fields/00056__plt00056__fab0000_comp02_ez.f32__c0018__dt-f32/chunk_0,1000000,2,ans shuffle=byte,primary,1.42918396,-1,5.03165128,11.3523725,1
fields/00056__plt00056__fab0000_comp02_ez.f32__c0026__dt-f32/chunk_0,1000000,29,ndzip,primary,0.0911360011,-1,1.0589976,40.2475677,1
fields/00056__plt00056__fab0000_comp02_ez.f32__c0006__dt-f32/chunk_0,1000000,2,ans shuffle=byte,primary,1.36528003,-1,5.03334197,11.2860845,1
fields/00056__plt00056__fab0000_comp02_ez.f32__c0014__dt-f32/chunk_0,1000000,2,ans shuffle=byte,primary,1.41398394,-1,5.03137363,11.3359684,1
fields/00056__plt00056__fab0000_comp02_ez.f32__c0030__dt-f32/chunk_0,1000000,38,spspeed,primary,0.156959996,-1,1.0992319,38.8629715,1
fields/00056__plt00056__fab0000_comp02_ez.f32__c0034__dt-f32/chunk_0,1000000,38,spspeed,primary,0.830752015,-1,1.08803128,39.9241798,1
fields/00056__plt00056__fab0000_comp02_ez.f32__c0038__dt-f32/chunk_0,1000000,2,ans shuffle=byte,primary,1.71209598,-1,2.05720317,23.5107837,1
fields/00056__plt00056__fab0000_comp02_ez.f32__c0054__dt-f32/chunk_0,1000000,2,ans shuffle=byte,primary,2.59702396,-1,5.03027541,12.5203012,1
fields/00056__plt00056__fab0000_comp02_ez.f32__c0046__dt-f32/chunk_0,1000000,2,ans shuffle=byte,primary,2.66988802,-1,5.03046847,12.5946276,1
fields/00056__plt00056__fab0000_comp02_ez.f32__c0050__dt-f32/chunk_0,1000000,2,ans shuffle=byte,primary,2.68835211,-1,5.03150642,12.6113618,1
fields/00056__plt00056__fab0000_comp02_ez.f32__c0042__dt-f32/chunk_0,1000000,2,ans shuffle=byte,primary,2.68140793,-1,5.03090291,12.6050427,1
fields/00056__plt00056__fab0000_comp02_ez.f32__c0062__dt-f32/chunk_0,1000000,2,ans shuffle=byte,primary,3.01839995,-1,5.00376269,13.0209268,1
fields/00056__plt00056__fab0000_comp02_ez.f32__c0058__dt-f32/chunk_0,1000000,2,ans shuffle=byte,primary,2.85046411,-1,5.03354735,12.7692714,1
fields/00057__plt00057__fab0000_comp02_ez.f32__c0006__dt-f32/chunk_0,1000000,2,ans shuffle=byte,primary,0.899200022,-1,5.03334197,10.8200045,1
fields/00057__plt00057__fab0000_comp02_ez.f32__c0002__dt-f32/chunk_0,1000000,2,ans shuffle=byte,primary,1.88067198,-1,5.03264141,11.802435,1
fields/00057__plt00057__fab0000_comp02_ez.f32__c0034__dt-f32/chunk_0,1000000,38,spspeed,primary,0.813727975,-1,1.08847402,39.8915291,1
fields/00057__plt00057__fab0000_comp02_ez.f32__c0022__dt-f32/chunk_0,1000000,2,ans shuffle=byte,primary,2.05974388,-1,5.03277426,11.9802682,1
fields/00057__plt00057__fab0000_comp02_ez.f32__c0014__dt-f32/chunk_0,1000000,2,ans shuffle=byte,primary,1.35433602,-1,5.03137363,11.2763204,1
fields/00057__plt00057__fab0000_comp02_ez.f32__c0010__dt-f32/chunk_0,1000000,2,ans shuffle=byte,primary,1.33231997,-1,5.03107187,11.2551684,1
fields/00057__plt00057__fab0000_comp02_ez.f32__c0018__dt-f32/chunk_0,1000000,2,ans shuffle=byte,primary,3.29465604,-1,5.03165128,13.2178446,1
fields/00057__plt00057__fab0000_comp02_ez.f32__c0030__dt-f32/chunk_0,1000000,38,spspeed,primary,0.716639996,-1,1.09934715,39.4186967,1
fields/00057__plt00057__fab0000_comp02_ez.f32__c0026__dt-f32/chunk_0,1000000,29,ndzip,primary,0.0727040023,-1,1.06034155,40.1862969,1
fields/00057__plt00057__fab0000_comp02_ez.f32__c0042__dt-f32/chunk_0,1000000,2,ans shuffle=byte,primary,1.05433595,-1,5.03090291,10.9779707,1
fields/00057__plt00057__fab0000_comp02_ez.f32__c0038__dt-f32/chunk_0,1000000,2,ans shuffle=byte,primary,2.43126392,-1,1.87717858,26.1739288,1
fields/00057__plt00057__fab0000_comp02_ez.f32__c0054__dt-f32/chunk_0,1000000,2,ans shuffle=byte,primary,2.64883208,-1,5.03027541,12.5721093,1
fields/00057__plt00057__fab0000_comp02_ez.f32__c0058__dt-f32/chunk_0,1000000,2,ans shuffle=byte,primary,0.767296016,-1,5.03354735,10.6861033,1
fields/00057__plt00057__fab0000_comp02_ez.f32__c0046__dt-f32/chunk_0,1000000,2,ans shuffle=byte,primary,3.85740805,-1,5.03046847,13.7821476,1
fields/00057__plt00057__fab0000_comp02_ez.f32__c0050__dt-f32/chunk_0,1000000,2,ans shuffle=byte,primary,1.98031998,-1,5.03150642,11.9033297,1
fields/00058__plt00058__fab0000_comp02_ez.f32__c0002__dt-f32/chunk_0,1000000,2,ans shuffle=byte,primary,1.909536,-1,5.03264141,11.831299,1
fields/00057__plt00057__fab0000_comp02_ez.f32__c0062__dt-f32/chunk_0,1000000,2,ans shuffle=byte,primary,0.748992026,-1,5.00376269,10.7515188,1
fields/00058__plt00058__fab0000_comp02_ez.f32__c0014__dt-f32/chunk_0,1000000,2,ans shuffle=byte,primary,2.4736321,-1,5.03137363,12.3956165,1
fields/00058__plt00058__fab0000_comp02_ez.f32__c0006__dt-f32/chunk_0,1000000,2,ans shuffle=byte,primary,2.99747205,-1,5.03334197,12.9182765,1
fields/00058__plt00058__fab0000_comp02_ez.f32__c0010__dt-f32/chunk_0,1000000,2,ans shuffle=byte,primary,1.20384002,-1,5.03107187,11.1266885,1
fields/00058__plt00058__fab0000_comp02_ez.f32__c0026__dt-f32/chunk_0,1000000,29,ndzip,primary,0.0768000036,-1,1.06150191,40.1552051,1
fields/00058__plt00058__fab0000_comp02_ez.f32__c0018__dt-f32/chunk_0,1000000,2,ans shuffle=byte,primary,2.74339199,-1,5.03165128,12.6665806,1
fields/00058__plt00058__fab0000_comp02_ez.f32__c0022__dt-f32/chunk_0,1000000,2,ans shuffle=byte,primary,3.48774409,-1,5.03277426,13.4082685,1
fields/00058__plt00058__fab0000_comp02_ez.f32__c0054__dt-f32/chunk_0,1000000,2,ans shuffle=byte,primary,2.57299209,-1,5.03027541,12.4962693,1
fields/00058__plt00058__fab0000_comp02_ez.f32__c0058__dt-f32/chunk_0,1000000,2,ans shuffle=byte,primary,2.1448319,-1,5.03354735,12.0636392,1
fields/00058__plt00058__fab0000_comp02_ez.f32__c0034__dt-f32/chunk_0,1000000,38,spspeed,primary,0.217984006,-1,1.08853729,39.2936107,1
fields/00058__plt00058__fab0000_comp02_ez.f32__c0030__dt-f32/chunk_0,1000000,38,spspeed,primary,0.356000006,-1,1.09975762,39.0438688,1
fields/00058__plt00058__fab0000_comp02_ez.f32__c0038__dt-f32/chunk_0,1000000,2,ans shuffle=byte,primary,1.48137605,-1,1.72736041,27.1394458,1
fields/00058__plt00058__fab0000_comp02_ez.f32__c0042__dt-f32/chunk_0,1000000,2,ans shuffle=byte,primary,2.06844807,-1,5.03090291,11.9920829,1
fields/00058__plt00058__fab0000_comp02_ez.f32__c0062__dt-f32/chunk_0,1000000,2,ans shuffle=byte,primary,2.63433599,-1,5.00376269,12.6368628,1
fields/00058__plt00058__fab0000_comp02_ez.f32__c0046__dt-f32/chunk_0,1000000,2,ans shuffle=byte,primary,0.974080026,-1,5.03046847,10.8988196,1
fields/00058__plt00058__fab0000_comp02_ez.f32__c0050__dt-f32/chunk_0,1000000,2,ans shuffle=byte,primary,2.44303989,-1,5.03150642,12.3660496,1
fields/00059__plt00059__fab0000_comp02_ez.f32__c0002__dt-f32/chunk_0,1000000,2,ans shuffle=byte,primary,2.59513593,-1,5.03264141,12.5168989,1
fields/00059__plt00059__fab0000_comp02_ez.f32__c0022__dt-f32/chunk_0,1000000,2,ans shuffle=byte,primary,2.60054398,-1,5.03277426,12.5210683,1
fields/00059__plt00059__fab0000_comp02_ez.f32__c0010__dt-f32/chunk_0,1000000,2,ans shuffle=byte,primary,2.42342401,-1,5.03107187,12.3462725,1
fields/00059__plt00059__fab0000_comp02_ez.f32__c0014__dt-f32/chunk_0,1000000,2,ans shuffle=byte,primary,1.76691198,-1,5.03137363,11.6888964,1
fields/00059__plt00059__fab0000_comp02_ez.f32__c0018__dt-f32/chunk_0,1000000,2,ans shuffle=byte,primary,2.169312,-1,5.03165128,12.0925006,1
fields/00059__plt00059__fab0000_comp02_ez.f32__c0034__dt-f32/chunk_0,1000000,38,spspeed,primary,0.525471985,-1,1.08831585,39.6089709,1
fields/00059__plt00059__fab0000_comp02_ez.f32__c0030__dt-f32/chunk_0,1000000,38,spspeed,primary,0.214944005,-1,1.09979915,38.9014161,1
fields/00059__plt00059__fab0000_comp02_ez.f32__c0006__dt-f32/chunk_0,1000000,2,ans shuffle=byte,primary,2.0147841,-1,5.03334197,11.9355886,1
fields/00059__plt00059__fab0000_comp02_ez.f32__c0026__dt-f32/chunk_0,1000000,29,ndzip,primary,0.0839679986,-1,1.06261635,40.1273275,1
fields/00059__plt00059__fab0000_comp02_ez.f32__c0038__dt-f32/chunk_0,1000000,2,ans shuffle=byte,primary,2.64883208,-1,1.61685042,29.9612898,1
fields/00059__plt00059__fab0000_comp02_ez.f32__c0058__dt-f32/chunk_0,1000000,2,ans shuffle=byte,primary,1.36812794,-1,5.03354735,11.2869353,1
fields/00059__plt00059__fab0000_comp02_ez.f32__c0050__dt-f32/chunk_0,1000000,2,ans shuffle=byte,primary,1.82115197,-1,5.03150642,11.7441617,1
fields/00059__plt00059__fab0000_comp02_ez.f32__c0054__dt-f32/chunk_0,1000000,2,ans shuffle=byte,primary,3.03452802,-1,5.03027541,12.9578052,1
fields/00059__plt00059__fab0000_comp02_ez.f32__c0046__dt-f32/chunk_0,1000000,2,ans shuffle=byte,primary,1.824,-1,5.03046847,11.7487395,1
fields/00059__plt00059__fab0000_comp02_ez.f32__c0042__dt-f32/chunk_0,1000000,2,ans shuffle=byte,primary,2.25980806,-1,5.03090291,12.1834429,1
fields/00060__plt00060__fab0000_comp02_ez.f32__c0022__dt-f32/chunk_0,1000000,2,ans shuffle=byte,primary,2.37231994,-1,5.03277426,12.2928443,1
fields/00060__plt00060__fab0000_comp02_ez.f32__c0014__dt-f32/chunk_0,1000000,2,ans shuffle=byte,primary,2.48953605,-1,5.03137363,12.4115205,1
fields/00060__plt00060__fab0000_comp02_ez.f32__c0002__dt-f32/chunk_0,1000000,2,ans shuffle=byte,primary,1.51705599,-1,5.03264141,11.438819,1
fields/00059__plt00059__fab0000_comp02_ez.f32__c0062__dt-f32/chunk_0,1000000,2,ans shuffle=byte,primary,1.45571196,-1,5.00376269,11.4582388,1
fields/00060__plt00060__fab0000_comp02_ez.f32__c0026__dt-f32/chunk_0,1000000,29,ndzip,primary,0.0768000036,-1,1.06355943,40.0771597,1
fields/00060__plt00060__fab0000_comp02_ez.f32__c0010__dt-f32/chunk_0,1000000,2,ans shuffle=byte,primary,1.52134395,-1,5.03107187,11.4441924,1
fields/00060__plt00060__fab0000_comp02_ez.f32__c0006__dt-f32/chunk_0,1000000,2,ans shuffle=byte,primary,2.70639992,-1,5.03334197,12.6272044,1
fields/00060__plt00060__fab0000_comp02_ez.f32__c0018__dt-f32/chunk_0,1000000,2,ans shuffle=byte,primary,2.90460801,-1,5.03165128,12.8277966,1
fields/00060__plt00060__fab0000_comp02_ez.f32__c0030__dt-f32/chunk_0,1000000,38,spspeed,primary,1.12803197,-1,1.09980837,39.8142323,1
fields/00060__plt00060__fab0000_comp02_ez.f32__c0034__dt-f32/chunk_0,1000000,38,spspeed,primary,0.323680013,-1,1.08844238,39.4027168,1
fields/00060__plt00060__fab0000_comp02_ez.f32__c0038__dt-f32/chunk_0,1000000,2,ans shuffle=byte,primary,2.15398407,-1,1.54888303,30.6919028,1
fields/00060__plt00060__fab0000_comp02_ez.f32__c0042__dt-f32/chunk_0,1000000,2,ans shuffle=byte,primary,2.75324798,-1,5.03090291,12.6768828,1
fields/00061__plt00061__fab0000_comp02_ez.f32__c0002__dt-f32/chunk_0,1000000,2,ans shuffle=byte,primary,1.30928004,-1,5.03264141,11.231043,1
fields/00061__plt00061__fab0000_comp02_ez.f32__c0010__dt-f32/chunk_0,1000000,2,ans shuffle=byte,primary,1.48720002,-1,5.03107187,11.4100485,1
fields/00060__plt00060__fab0000_comp02_ez.f32__c0046__dt-f32/chunk_0,1000000,2,ans shuffle=byte,primary,2.21782398,-1,5.03046847,12.1425635,1
fields/00060__plt00060__fab0000_comp02_ez.f32__c0062__dt-f32/chunk_0,1000000,2,ans shuffle=byte,primary,1.21254396,-1,5.00376269,11.2150708,1
fields/00060__plt00060__fab0000_comp02_ez.f32__c0050__dt-f32/chunk_0,1000000,2,ans shuffle=byte,primary,2.30521607,-1,5.03150642,12.2282258,1
fields/00060__plt00060__fab0000_comp02_ez.f32__c0054__dt-f32/chunk_0,1000000,2,ans shuffle=byte,primary,3.79001594,-1,5.03027541,13.7132932,1
fields/00060__plt00060__fab0000_comp02_ez.f32__c0058__dt-f32/chunk_0,1000000,2,ans shuffle=byte,primary,2.01286411,-1,5.03354735,11.9316714,1
fields/00061__plt00061__fab0000_comp02_ez.f32__c0006__dt-f32/chunk_0,1000000,2,ans shuffle=byte,primary,1.19577599,-1,5.03334197,11.1165805,1
fields/00061__plt00061__fab0000_comp02_ez.f32__c0018__dt-f32/chunk_0,1000000,2,ans shuffle=byte,primary,2.54716802,-1,5.03165128,12.4703566,1
fields/00061__plt00061__fab0000_comp02_ez.f32__c0014__dt-f32/chunk_0,1000000,2,ans shuffle=byte,primary,1.36627197,-1,5.03137363,11.2882564,1
fields/00061__plt00061__fab0000_comp02_ez.f32__c0038__dt-f32/chunk_0,1000000,29,ndzip,primary,0.0962560028,-1,1.05321647,40.4069148,1
fields/00061__plt00061__fab0000_comp02_ez.f32__c0022__dt-f32/chunk_0,1000000,2,ans shuffle=byte,primary,2.83039999,-1,5.03277426,12.7509244,1
fields/00061__plt00061__fab0000_comp02_ez.f32__c0026__dt-f32/chunk_0,1000000,29,ndzip,primary,0.0778239965,-1,1.06465441,40.0253379,1
fields/00061__plt00061__fab0000_comp02_ez.f32__c0030__dt-f32/chunk_0,1000000,38,spspeed,primary,0.636896014,-1,1.09992374,39.3191565,1
fields/00061__plt00061__fab0000_comp02_ez.f32__c0034__dt-f32/chunk_0,1000000,38,spspeed,primary,0.496863991,-1,1.08846498,39.5751514,1
fields/00061__plt00061__fab0000_comp02_ez.f32__c0042__dt-f32/chunk_0,1000000,2,ans shuffle=byte,primary,0.253343999,-1,5.03090291,10.1769788,1
fields/00061__plt00061__fab0000_comp02_ez.f32__c0046__dt-f32/chunk_0,1000000,2,ans shuffle=byte,primary,0.844703972,-1,5.03046847,10.7694435,1
fields/00061__plt00061__fab0000_comp02_ez.f32__c0054__dt-f32/chunk_0,1000000,2,ans shuffle=byte,primary,2.727808,-1,5.03027541,12.6510852,1
fields/00061__plt00061__fab0000_comp02_ez.f32__c0050__dt-f32/chunk_0,1000000,2,ans shuffle=byte,primary,2.38351989,-1,5.03150642,12.3065296,1
fields/00061__plt00061__fab0000_comp02_ez.f32__c0062__dt-f32/chunk_0,1000000,2,ans shuffle=byte,primary,1.89481604,-1,5.00376269,11.8973428,1
fields/00062__plt00062__fab0000_comp02_ez.f32__c0010__dt-f32/chunk_0,1000000,2,ans shuffle=byte,primary,2.217664,-1,5.03107187,12.1405125,1
fields/00062__plt00062__fab0000_comp02_ez.f32__c0014__dt-f32/chunk_0,1000000,2,ans shuffle=byte,primary,0.705312014,-1,5.03137363,10.6272964,1
fields/00061__plt00061__fab0000_comp02_ez.f32__c0058__dt-f32/chunk_0,1000000,2,ans shuffle=byte,primary,1.56838405,-1,5.03354735,11.4871914,1
fields/00062__plt00062__fab0000_comp02_ez.f32__c0006__dt-f32/chunk_0,1000000,2,ans shuffle=byte,primary,0.328608006,-1,5.03334197,10.2494125,1
fields/00062__plt00062__fab0000_comp02_ez.f32__c0018__dt-f32/chunk_0,1000000,2,ans shuffle=byte,primary,3.27955198,-1,5.03165128,13.2027406,1
fields/00062__plt00062__fab0000_comp02_ez.f32__c0002__dt-f32/chunk_0,1000000,2,ans shuffle=byte,primary,0.331167996,-1,5.03264141,10.252931,1
fields/00062__plt00062__fab0000_comp02_ez.f32__c0022__dt-f32/chunk_0,1000000,2,ans shuffle=byte,primary,1.70918405,-1,5.03277426,11.6297084,1
fields/00062__plt00062__fab0000_comp02_ez.f32__c0030__dt-f32/chunk_0,1000000,38,spspeed,primary,0.105279997,-1,1.10013146,38.780397,1
fields/00062__plt00062__fab0000_comp02_ez.f32__c0034__dt-f32/chunk_0,1000000,38,spspeed,primary,0.740480006,-1,1.08848305,39.8181693,1
fields/00062__plt00062__fab0000_comp02_ez.f32__c0026__dt-f32/chunk_0,1000000,38,spspeed,primary,0.115103997,-1,1.07658331,39.6192371,1
fields/00062__plt00062__fab0000_comp02_ez.f32__c0046__dt-f32/chunk_0,1000000,2,ans shuffle=byte,primary,3.43020797,-1,5.03046847,13.3549475,1
fields/00062__plt00062__fab0000_comp02_ez.f32__c0058__dt-f32/chunk_0,1000000,2,ans shuffle=byte,primary,1.72937596,-1,5.03354735,11.6481833,1
fields/00062__plt00062__fab0000_comp02_ez.f32__c0038__dt-f32/chunk_0,1000000,29,ndzip,primary,0.116736002,-1,1.05258001,40.4837343,1
fields/00062__plt00062__fab0000_comp02_ez.f32__c0042__dt-f32/chunk_0,1000000,2,ans shuffle=byte,primary,0.882784009,-1,5.03090291,10.8064188,1
fields/00062__plt00062__fab0000_comp02_ez.f32__c0050__dt-f32/chunk_0,1000000,2,ans shuffle=byte,primary,1.56508803,-1,5.03150642,11.4880977,1
fields/00062__plt00062__fab0000_comp02_ez.f32__c0054__dt-f32/chunk_0,1000000,2,ans shuffle=byte,primary,2.30300808,-1,5.03027541,12.2262853,1
fields/00062__plt00062__fab0000_comp02_ez.f32__c0062__dt-f32/chunk_0,1000000,2,ans shuffle=byte,primary,2.05484796,-1,5.00376269,12.0573748,1
fields/00063__plt00063__fab0000_comp02_ez.f32__c0002__dt-f32/chunk_0,1000000,2,ans shuffle=byte,primary,3.07049608,-1,5.03264141,12.9922591,1
fields/00063__plt00063__fab0000_comp02_ez.f32__c0010__dt-f32/chunk_0,1000000,2,ans shuffle=byte,primary,1.54380798,-1,5.03107187,11.4666564,1
fields/00063__plt00063__fab0000_comp02_ez.f32__c0014__dt-f32/chunk_0,1000000,2,ans shuffle=byte,primary,1.62883198,-1,5.03137363,11.5508164,1
fields/00063__plt00063__fab0000_comp02_ez.f32__c0018__dt-f32/chunk_0,1000000,2,ans shuffle=byte,primary,2.80668807,-1,5.03165128,12.7298767,1
fields/00063__plt00063__fab0000_comp02_ez.f32__c0006__dt-f32/chunk_0,1000000,2,ans shuffle=byte,primary,3.51100802,-1,5.03334197,13.4318125,1
fields/00063__plt00063__fab0000_comp02_ez.f32__c0022__dt-f32/chunk_0,1000000,2,ans shuffle=byte,primary,1.82316804,-1,5.03277426,11.7436924,1
fields/00063__plt00063__fab0000_comp02_ez.f32__c0034__dt-f32/chunk_0,1000000,38,spspeed,primary,0.106239997,-1,1.0884469,39.1852403,1
fields/00063__plt00063__fab0000_comp02_ez.f32__c0026__dt-f32/chunk_0,1000000,38,spspeed,primary,0.836287975,-1,1.07710971,40.3211741,1
fields/00063__plt00063__fab0000_comp02_ez.f32__c0030__dt-f32/chunk_0,1000000,38,spspeed,primary,0.864768028,-1,1.1002746,39.5349903,1
fields/00063__plt00063__fab0000_comp02_ez.f32__c0038__dt-f32/chunk_0,1000000,29,ndzip,primary,0.165887997,-1,1.05267829,40.5403758,1
fields/00063__plt00063__fab0000_comp02_ez.f32__c0042__dt-f32/chunk_0,1000000,2,ans shuffle=byte,primary,3.03110409,-1,5.03090291,12.9547389,1
fields/00063__plt00063__fab0000_comp02_ez.f32__c0050__dt-f32/chunk_0,1000000,2,ans shuffle=byte,primary,2.46060801,-1,5.03150642,12.3836177,1
fields/00063__plt00063__fab0000_comp02_ez.f32__c0046__dt-f32/chunk_0,1000000,2,ans shuffle=byte,primary,1.67910397,-1,5.03046847,11.6038435,1
fields/00063__plt00063__fab0000_comp02_ez.f32__c0054__dt-f32/chunk_0,1000000,2,ans shuffle=byte,primary,1.01430404,-1,5.03027541,10.9375813,1
fields/00063__plt00063__fab0000_comp02_ez.f32__c0058__dt-f32/chunk_0,1000000,2,ans shuffle=byte,primary,2.74982405,-1,5.03354735,12.6686314,1
fields/00063__plt00063__fab0000_comp02_ez.f32__c0062__dt-f32/chunk_0,1000000,2,ans shuffle=byte,primary,1.87731194,-1,5.00376269,11.8798387,1
fields/00064__plt00064__fab0000_comp02_ez.f32__c0022__dt-f32/chunk_0,1000000,2,ans shuffle=byte,primary,2.34614396,-1,5.03277426,12.2666683,1
fields/00064__plt00064__fab0000_comp02_ez.f32__c0002__dt-f32/chunk_0,1000000,2,ans shuffle=byte,primary,2.16505599,-1,5.03264141,12.086819,1
fields/00064__plt00064__fab0000_comp02_ez.f32__c0018__dt-f32/chunk_0,1000000,2,ans shuffle=byte,primary,1.96003199,-1,5.03165128,11.8832206,1
fields/00064__plt00064__fab0000_comp02_ez.f32__c0026__dt-f32/chunk_0,1000000,38,spspeed,primary,0.602432013,-1,1.07770751,40.0655368,1
fields/00064__plt00064__fab0000_comp02_ez.f32__c0006__dt-f32/chunk_0,1000000,2,ans shuffle=byte,primary,2.74134398,-1,5.03334197,12.6621484,1
fields/00064__plt00064__fab0000_comp02_ez.f32__c0010__dt-f32/chunk_0,1000000,2,ans shuffle=byte,primary,3.2075839,-1,5.03107187,13.1304324,1
fields/00064__plt00064__fab0000_comp02_ez.f32__c0014__dt-f32/chunk_0,1000000,2,ans shuffle=byte,primary,3.23673606,-1,5.03137363,13.1587205,1
fields/00064__plt00064__fab0000_comp02_ez.f32__c0034__dt-f32/chunk_0,1000000,38,spspeed,primary,1.01952004,-1,1.08853729,40.0953514,1
fields/00064__plt00064__fab0000_comp02_ez.f32__c0030__dt-f32/chunk_0,1000000,38,spspeed,primary,1.14054406,-1,1.10039931,39.8064735,1
fields/00064__plt00064__fab0000_comp02_ez.f32__c0038__dt-f32/chunk_0,1000000,29,ndzip,primary,0.104447998,-1,1.05376368,40.4392383,1
fields/00064__plt00064__fab0000_comp02_ez.f32__c0042__dt-f32/chunk_0,1000000,2,ans shuffle=byte,primary,1.07945597,-1,5.03090291,11.0030908,1
fields/00064__plt00064__fab0000_comp02_ez.f32__c0062__dt-f32/chunk_0,1000000,2,ans shuffle=byte,primary,1.305408,-1,5.00376269,11.3079348,1
fields/00064__plt00064__fab0000_comp02_ez.f32__c0054__dt-f32/chunk_0,1000000,2,ans shuffle=byte,primary,0.202720001,-1,5.03027541,10.1259972,1
fields/00064__plt00064__fab0000_comp02_ez.f32__c0050__dt-f32/chunk_0,1000000,2,ans shuffle=byte,primary,0.241183996,-1,5.03150642,10.1641937,1
fields/00064__plt00064__fab0000_comp02_ez.f32__c0046__dt-f32/chunk_0,1000000,2,ans shuffle=byte,primary,1.64358401,-1,5.03046847,11.5683236,1
fields/00064__plt00064__fab0000_comp02_ez.f32__c0058__dt-f32/chunk_0,1000000,2,ans shuffle=byte,primary,0.678272009,-1,5.03354735,10.5970793,1
fields/00065__plt00065__fab0000_comp02_ez.f32__c0006__dt-f32/chunk_0,1000000,2,ans shuffle=byte,primary,2.69327998,-1,5.03334197,12.6140845,1
fields/00065__plt00065__fab0000_comp02_ez.f32__c0002__dt-f32/chunk_0,1000000,2,ans shuffle=byte,primary,2.11833596,-1,5.03264141,12.040099,1
fields/00065__plt00065__fab0000_comp02_ez.f32__c0010__dt-f32/chunk_0,1000000,2,ans shuffle=byte,primary,2.2563839,-1,5.03107187,12.1792323,1
fields/00065__plt00065__fab0000_comp02_ez.f32__c0026__dt-f32/chunk_0,1000000,38,spspeed,primary,0.783936024,-1,1.07831928,40.2246819,1
fields/00065__plt00065__fab0000_comp02_ez.f32__c0022__dt-f32/chunk_0,1000000,2,ans shuffle=byte,primary,2.06640005,-1,5.03277426,11.9869244,1
fields/00065__plt00065__fab0000_comp02_ez.f32__c0014__dt-f32/chunk_0,1000000,2,ans shuffle=byte,primary,2.25295997,-1,5.03137363,12.1749444,1
fields/00065__plt00065__fab0000_comp02_ez.f32__c0018__dt-f32/chunk_0,1000000,2,ans shuffle=byte,primary,2.01993608,-1,5.03165128,11.9431247,1
fields/00065__plt00065__fab0000_comp02_ez.f32__c0030__dt-f32/chunk_0,1000000,38,spspeed,primary,0.572640002,-1,1.10056562,39.232877,1
fields/00065__plt00065__fab0000_comp02_ez.f32__c0038__dt-f32/chunk_0,1000000,29,ndzip,primary,0.102399997,-1,1.05530356,40.3814019,1
fields/00065__plt00065__fab0000_comp02_ez.f32__c0050__dt-f32/chunk_0,1000000,2,ans shuffle=byte,primary,1.02732801,-1,5.03150642,10.9503377,1
fields/00065__plt00065__fab0000_comp02_ez.f32__c0058__dt-f32/chunk_0,1000000,2,ans shuffle=byte,primary,1.90243196,-1,5.03354735,11.8212393,1
fields/00065__plt00065__fab0000_comp02_ez.f32__c0054__dt-f32/chunk_0,1000000,2,ans shuffle=byte,primary,0.503488004,-1,5.03027541,10.4267652,1
fields/00065__plt00065__fab0000_comp02_ez.f32__c0046__dt-f32/chunk_0,1000000,2,ans shuffle=byte,primary,2.09631991,-1,5.03046847,12.0210595,1
fields/00065__plt00065__fab0000_comp02_ez.f32__c0034__dt-f32/chunk_0,1000000,38,spspeed,primary,0.894944012,-1,1.08839719,39.9757848,1
fields/00065__plt00065__fab0000_comp02_ez.f32__c0062__dt-f32/chunk_0,1000000,2,ans shuffle=byte,primary,2.38972807,-1,5.00376269,12.3922549,1
fields/00065__plt00065__fab0000_comp02_ez.f32__c0042__dt-f32/chunk_0,1000000,2,ans shuffle=byte,primary,1.12665606,-1,5.03090291,11.0502909,1
fields/00066__plt00066__fab0000_comp02_ez.f32__c0002__dt-f32/chunk_0,1000000,2,ans shuffle=byte,primary,1.54643202,-1,5.03264141,11.468195,1
fields/00066__plt00066__fab0000_comp02_ez.f32__c0006__dt-f32/chunk_0,1000000,2,ans shuffle=byte,primary,1.77183998,-1,5.03334197,11.6926444,1
fields/00066__plt00066__fab0000_comp02_ez.f32__c0010__dt-f32/chunk_0,1000000,2,ans shuffle=byte,primary,2.86048007,-1,5.03107187,12.7833285,1
fields/00066__plt00066__fab0000_comp02_ez.f32__c0018__dt-f32/chunk_0,1000000,2,ans shuffle=byte,primary,2.82956791,-1,5.03165128,12.7527565,1
fields/00066__plt00066__fab0000_comp02_ez.f32__c0034__dt-f32/chunk_0,1000000,38,spspeed,primary,0.387136012,-1,1.08865031,39.4590435,1
fields/00066__plt00066__fab0000_comp02_ez.f32__c0022__dt-f32/chunk_0,1000000,2,ans shuffle=byte,primary,2.9400959,-1,5.03277426,12.8606203,1
fields/00066__plt00066__fab0000_comp02_ez.f32__c0038__dt-f32/chunk_0,1000000,29,ndzip,primary,0.0727040023,-1,1.0565072,40.3075938,1
fields/00066__plt00066__fab0000_comp02_ez.f32__c0026__dt-f32/chunk_0,1000000,38,spspeed,primary,0.838656008,-1,1.07932266,40.2430303,1
fields/00066__plt00066__fab0000_comp02_ez.f32__c0014__dt-f32/chunk_0,1000000,2,ans shuffle=byte,primary,1.96518397,-1,5.03137363,11.8871684,1
fields/00066__plt00066__fab0000_comp02_ez.f32__c0042__dt-f32/chunk_0,1000000,2,ans shuffle=byte,primary,2.170048,-1,5.03090291,12.0936828,1
fields/00066__plt00066__fab0000_comp02_ez.f32__c0030__dt-f32/chunk_0,1000000,38,spspeed,primary,1.09948802,-1,1.10066266,39.7564003,1
fields/00066__plt00066__fab0000_comp02_ez.f32__c0046__dt-f32/chunk_0,1000000,2,ans shuffle=byte,primary,2.33395195,-1,5.03046847,12.2586915,1
fields/00066__plt00066__fab0000_comp02_ez.f32__c0062__dt-f32/chunk_0,1000000,2,ans shuffle=byte,primary,1.87177598,-1,5.00376269,11.8743028,1
fields/00066__plt00066__fab0000_comp02_ez.f32__c0054__dt-f32/chunk_0,1000000,2,ans shuffle=byte,primary,2.32879996,-1,5.03027541,12.2520772,1
fields/00066__plt00066__fab0000_comp02_ez.f32__c0058__dt-f32/chunk_0,1000000,2,ans shuffle=byte,primary,1.32988799,-1,5.03354735,11.2486953,1
fields/00066__plt00066__fab0000_comp02_ez.f32__c0050__dt-f32/chunk_0,1000000,2,ans shuffle=byte,primary,2.32703996,-1,5.03150642,12.2500497,1
fields/00067__plt00067__fab0000_comp02_ez.f32__c0010__dt-f32/chunk_0,1000000,2,ans shuffle=byte,primary,1.26160002,-1,5.03107187,11.1844485,1
fields/00067__plt00067__fab0000_comp02_ez.f32__c0018__dt-f32/chunk_0,1000000,2,ans shuffle=byte,primary,1.83427203,-1,5.03165128,11.7574606,1
fields/00067__plt00067__fab0000_comp02_ez.f32__c0014__dt-f32/chunk_0,1000000,2,ans shuffle=byte,primary,1.29753602,-1,5.03137363,11.2195204,1
fields/00067__plt00067__fab0000_comp02_ez.f32__c0006__dt-f32/chunk_0,1000000,2,ans shuffle=byte,primary,3.28713608,-1,5.03334197,13.2079405,1
fields/00067__plt00067__fab0000_comp02_ez.f32__c0002__dt-f32/chunk_0,1000000,2,ans shuffle=byte,primary,2.99753594,-1,5.03264141,12.919299,1
fields/00067__plt00067__fab0000_comp02_ez.f32__c0022__dt-f32/chunk_0,1000000,2,ans shuffle=byte,primary,2.78361607,-1,5.03277426,12.7041404,1
fields/00067__plt00067__fab0000_comp02_ez.f32__c0034__dt-f32/chunk_0,1000000,38,spspeed,primary,0.921664,-1,1.08841526,40.0019104,1
fields/00067__plt00067__fab0000_comp02_ez.f32__c0042__dt-f32/chunk_0,1000000,2,ans shuffle=byte,primary,0.620032012,-1,5.03090291,10.5436668,1
fields/00067__plt00067__fab0000_comp02_ez.f32__c0030__dt-f32/chunk_0,1000000,38,spspeed,primary,0.576672018,-1,1.10075972,39.2302673,1
fields/00067__plt00067__fab0000_comp02_ez.f32__c0026__dt-f32/chunk_0,1000000,38,spspeed,primary,0.708512008,-1,1.07985175,40.0936259,1
fields/00067__plt00067__fab0000_comp02_ez.f32__c0050__dt-f32/chunk_0,1000000,2,ans shuffle=byte,primary,1.40668797,-1,5.03150642,11.3296977,1
fields/00067__plt00067__fab0000_comp02_ez.f32__c0046__dt-f32/chunk_0,1000000,2,ans shuffle=byte,primary,0.89596802,-1,5.03046847,10.8207076,1
fields/00067__plt00067__fab0000_comp02_ez.f32__c0058__dt-f32/chunk_0,1000000,2,ans shuffle=byte,primary,2.20636797,-1,5.03354735,12.1251753,1
fields/00067__plt00067__fab0000_comp02_ez.f32__c0054__dt-f32/chunk_0,1000000,2,ans shuffle=byte,primary,2.22352004,-1,5.03027541,12.1467973,1
fields/00067__plt00067__fab0000_comp02_ez.f32__c0038__dt-f32/chunk_0,1000000,29,ndzip,primary,0.180224001,-1,1.05774986,40.3740338,1
fields/00068__plt00068__fab0000_comp02_ez.f32__c0002__dt-f32/chunk_0,1000000,2,ans shuffle=byte,primary,2.18412805,-1,5.03264141,12.1058911,1
fields/00068__plt00068__fab0000_comp02_ez.f32__c0006__dt-f32/chunk_0,1000000,2,ans shuffle=byte,primary,1.86038399,-1,5.03334197,11.7811885,1
fields/00067__plt00067__fab0000_comp02_ez.f32__c0062__dt-f32/chunk_0,1000000,2,ans shuffle=byte,primary,0.502976,-1,5.00376269,10.5055028,1
fields/00068__plt00068__fab0000_comp02_ez.f32__c0022__dt-f32/chunk_0,1000000,2,ans shuffle=byte,primary,1.98121595,-1,5.03277426,11.9017403,1
fields/00068__plt00068__fab0000_comp02_ez.f32__c0010__dt-f32/chunk_0,1000000,2,ans shuffle=byte,primary,1.049088,-1,5.03107187,10.9719365,1
fields/00068__plt00068__fab0000_comp02_ez.f32__c0030__dt-f32/chunk_0,1000000,38,spspeed,primary,0.986912012,-1,1.10080594,39.6389512,1
fields/00068__plt00068__fab0000_comp02_ez.f32__c0018__dt-f32/chunk_0,1000000,2,ans shuffle=byte,primary,2.48774409,-1,5.03165128,12.4109327,1
fields/00068__plt00068__fab0000_comp02_ez.f32__c0014__dt-f32/chunk_0,1000000,2,ans shuffle=byte,primary,1.42035198,-1,5.03137363,11.3423364,1
fields/00068__plt00068__fab0000_comp02_ez.f32__c0026__dt-f32/chunk_0,1000000,38,spspeed,primary,0.0754240006,-1,1.0800831,39.4520678,1
fields/00068__plt00068__fab0000_comp02_ez.f32__c0042__dt-f32/chunk_0,1000000,2,ans shuffle=byte,primary,2.26569605,-1,5.03090291,12.1893308,1
fields/00068__plt00068__fab0000_comp02_ez.f32__c0038__dt-f32/chunk_0,1000000,29,ndzip,primary,0.0798719972,-1,1.05888958,40.2375382,1
fields/00068__plt00068__fab0000_comp02_ez.f32__c0046__dt-f32/chunk_0,1000000,2,ans shuffle=byte,primary,2.69824004,-1,5.03046847,12.6229796,1
fields/00068__plt00068__fab0000_comp02_ez.f32__c0034__dt-f32/chunk_0,1000000,38,spspeed,primary,0.379424006,-1,1.08834296,39.462249,1
fields/00068__plt00068__fab0000_comp02_ez.f32__c0054__dt-f32/chunk_0,1000000,2,ans shuffle=byte,primary,1.72976005,-1,5.03027541,11.6530373,1
fields/00068__plt00068__fab0000_comp02_ez.f32__c0050__dt-f32/chunk_0,1000000,2,ans shuffle=byte,primary,1.30032003,-1,5.03150642,11.2233297,1
fields/00068__plt00068__fab0000_comp02_ez.f32__c0058__dt-f32/chunk_0,1000000,2,ans shuffle=byte,primary,2.40748811,-1,5.03354735,12.3262954,1
fields/00069__plt00069__fab0000_comp02_ez.f32__c0002__dt-f32/chunk_0,1000000,2,ans shuffle=byte,primary,1.95571196,-1,5.03264141,11.877475,1
fields/00069__plt00069__fab0000_comp02_ez.f32__c0010__dt-f32/chunk_0,1000000,2,ans shuffle=byte,primary,1.49328005,-1,5.03107187,11.4161285,1
fields/00069__plt00069__fab0000_comp02_ez.f32__c0006__dt-f32/chunk_0,1000000,2,ans shuffle=byte,primary,1.448704,-1,5.03334197,11.3695085,1
fields/00068__plt00068__fab0000_comp02_ez.f32__c0062__dt-f32/chunk_0,1000000,2,ans shuffle=byte,primary,2.64342403,-1,5.00376269,12.6459508,1
fields/00069__plt00069__fab0000_comp02_ez.f32__c0014__dt-f32/chunk_0,1000000,2,ans shuffle=byte,primary,2.18310404,-1,5.03137363,12.1050885,1
fields/00069__plt00069__fab0000_comp02_ez.f32__c0018__dt-f32/chunk_0,1000000,2,ans shuffle=byte,primary,1.78019202,-1,5.03165128,11.7033806,1
fields/00069__plt00069__fab0000_comp02_ez.f32__c0034__dt-f32/chunk_0,1000000,38,spspeed,primary,0.478527993,-1,1.08863222,39.551158,1
fields/00069__plt00069__fab0000_comp02_ez.f32__c0026__dt-f32/chunk_0,1000000,38,spspeed,primary,0.948960006,-1,1.08035908,40.315469,1
fields/00069__plt00069__fab0000_comp02_ez.f32__c0022__dt-f32/chunk_0,1000000,2,ans shuffle=byte,primary,3.26806402,-1,5.03277426,13.1885884,1
fields/00069__plt00069__fab0000_comp02_ez.f32__c0046__dt-f32/chunk_0,1000000,2,ans shuffle=byte,primary,2.14681602,-1,5.03046847,12.0715556,1
fields/00069__plt00069__fab0000_comp02_ez.f32__c0042__dt-f32/chunk_0,1000000,2,ans shuffle=byte,primary,2.2985599,-1,5.03090291,12.2221947,1
fields/00069__plt00069__fab0000_comp02_ez.f32__c0030__dt-f32/chunk_0,1000000,38,spspeed,primary,1.34579206,-1,1.10088915,39.9949806,1
fields/00069__plt00069__fab0000_comp02_ez.f32__c0054__dt-f32/chunk_0,1000000,2,ans shuffle=byte,primary,1.89862394,-1,5.03027541,11.8219012,1
fields/00069__plt00069__fab0000_comp02_ez.f32__c0038__dt-f32/chunk_0,1000000,29,ndzip,primary,0.0737280026,-1,1.05987962,40.1996503,1
fields/00069__plt00069__fab0000_comp02_ez.f32__c0050__dt-f32/chunk_0,1000000,2,ans shuffle=byte,primary,2.27990389,-1,5.03150642,12.2029136,1
fields/00069__plt00069__fab0000_comp02_ez.f32__c0062__dt-f32/chunk_0,1000000,2,ans shuffle=byte,primary,3.29712009,-1,5.00376269,13.2996469,1
fields/00069__plt00069__fab0000_comp02_ez.f32__c0058__dt-f32/chunk_0,1000000,2,ans shuffle=byte,primary,1.89999998,-1,5.03354735,11.8188073,1
fields/00070__plt00070__fab0000_comp02_ez.f32__c0010__dt-f32/chunk_0,1000000,2,ans shuffle=byte,primary,1.45548797,-1,5.03107187,11.3783364,1
fields/00070__plt00070__fab0000_comp02_ez.f32__c0002__dt-f32/chunk_0,1000000,2,ans shuffle=byte,primary,1.40620804,-1,5.03264141,11.327971,1
fields/00070__plt00070__fab0000_comp02_ez.f32__c0018__dt-f32/chunk_0,1000000,2,ans shuffle=byte,primary,0.70352,-1,5.03165128,10.6267086,1
fields/00070__plt00070__fab0000_comp02_ez.f32__c0006__dt-f32/chunk_0,1000000,2,ans shuffle=byte,primary,1.73199999,-1,5.03334197,11.6528045,1
fields/00070__plt00070__fab0000_comp02_ez.f32__c0014__dt-f32/chunk_0,1000000,2,ans shuffle=byte,primary,0.321343988,-1,5.03137363,10.2433284,1
fields/00070__plt00070__fab0000_comp02_ez.f32__c0026__dt-f32/chunk_0,1000000,38,spspeed,primary,0.393344015,-1,1.08127706,39.7267387,1
fields/00070__plt00070__fab0000_comp02_ez.f32__c0022__dt-f32/chunk_0,1000000,2,ans shuffle=byte,primary,0.75276798,-1,5.03277426,10.6732923,1
fields/00070__plt00070__fab0000_comp02_ez.f32__c0038__dt-f32/chunk_0,1000000,29,ndzip,primary,0.0972800031,-1,1.06100568,40.1875691,1
fields/00070__plt00070__fab0000_comp02_ez.f32__c0030__dt-f32/chunk_0,1000000,38,spspeed,primary,0.346495986,-1,1.10111574,38.9878957,1
fields/00070__plt00070__fab0000_comp02_ez.f32__c0034__dt-f32/chunk_0,1000000,38,spspeed,primary,0.646399975,-1,1.08854181,39.7222333,1
fields/00070__plt00070__fab0000_comp02_ez.f32__c0042__dt-f32/chunk_0,1000000,2,ans shuffle=byte,primary,2.60860801,-1,5.03090291,12.5322428,1
fields/00070__plt00070__fab0000_comp02_ez.f32__c0054__dt-f32/chunk_0,1000000,2,ans shuffle=byte,primary,1.273664,-1,5.03027541,11.1969412,1
fields/00070__plt00070__fab0000_comp02_ez.f32__c0046__dt-f32/chunk_0,1000000,2,ans shuffle=byte,primary,1.92128003,-1,5.03046847,11.8460196,1
fields/00070__plt00070__fab0000_comp02_ez.f32__c0050__dt-f32/chunk_0,1000000,2,ans shuffle=byte,primary,0.605152011,-1,5.03150642,10.5281617,1
fields/00070__plt00070__fab0000_comp02_ez.f32__c0062__dt-f32/chunk_0,1000000,2,ans shuffle=byte,primary,0.282496005,-1,5.00376269,10.2850228,1
fields/00070__plt00070__fab0000_comp02_ez.f32__c0058__dt-f32/chunk_0,1000000,2,ans shuffle=byte,primary,0.924031973,-1,5.03354735,10.8428393,1
fields/00071__plt00071__fab0000_comp02_ez.f32__c0010__dt-f32/chunk_0,1000000,2,ans shuffle=byte,primary,1.06787205,-1,5.03107187,10.9907205,1
fields/00071__plt00071__fab0000_comp02_ez.f32__c0006__dt-f32/chunk_0,1000000,2,ans shuffle=byte,primary,1.157184,-1,5.03334197,11.0779885,1
fields/00071__plt00071__fab0000_comp02_ez.f32__c0002__dt-f32/chunk_0,1000000,2,ans shuffle=byte,primary,0.394400001,-1,5.03264141,10.316163,1
fields/00071__plt00071__fab0000_comp02_ez.f32__c0014__dt-f32/chunk_0,1000000,2,ans shuffle=byte,primary,1.79478395,-1,5.03137363,11.7167684,1
fields/00071__plt00071__fab0000_comp02_ez.f32__c0022__dt-f32/chunk_0,1000000,2,ans shuffle=byte,primary,1.22671998,-1,5.03277426,11.1472443,1
fields/00071__plt00071__fab0000_comp02_ez.f32__c0018__dt-f32/chunk_0,1000000,2,ans shuffle=byte,primary,1.16099203,-1,5.03165128,11.0841806,1
fields/00071__plt00071__fab0000_comp02_ez.f32__c0026__dt-f32/chunk_0,1000000,38,spspeed,primary,0.314047992,-1,1.08125922,39.6479213,1
fields/00071__plt00071__fab0000_comp02_ez.f32__c0030__dt-f32/chunk_0,1000000,38,spspeed,primary,0.437279999,-1,1.10127764,39.0731109,1
fields/00071__plt00071__fab0000_comp02_ez.f32__c0038__dt-f32/chunk_0,1000000,29,ndzip,primary,0.074752003,-1,1.06167387,40.1460375,1
fields/00071__plt00071__fab0000_comp02_ez.f32__c0034__dt-f32/chunk_0,1000000,38,spspeed,primary,0.570688009,-1,1.0886277,39.6435164,1
fields/00071__plt00071__fab0000_comp02_ez.f32__c0042__dt-f32/chunk_0,1000000,2,ans shuffle=byte,primary,0.529631972,-1,5.03090291,10.4532668,1
fields/00071__plt00071__fab0000_comp02_ez.f32__c0046__dt-f32/chunk_0,1000000,2,ans shuffle=byte,primary,0.540575981,-1,5.03046847,10.4653155,1
fields/00071__plt00071__fab0000_comp02_ez.f32__c0050__dt-f32/chunk_0,1000000,2,ans shuffle=byte,primary,2.17600012,-1,5.03150642,12.0990098,1
fields/00071__plt00071__fab0000_comp02_ez.f32__c0054__dt-f32/chunk_0,1000000,2,ans shuffle=byte,primary,1.20595205,-1,5.03027541,11.1292293,1
fields/00071__plt00071__fab0000_comp02_ez.f32__c0062__dt-f32/chunk_0,1000000,2,ans shuffle=byte,primary,1.76774395,-1,5.00376269,11.7702707,1
fields/00071__plt00071__fab0000_comp02_ez.f32__c0058__dt-f32/chunk_0,1000000,2,ans shuffle=byte,primary,2.04729605,-1,5.03354735,11.9661034,1
fields/00072__plt00072__fab0000_comp02_ez.f32__c0002__dt-f32/chunk_0,1000000,2,ans shuffle=byte,primary,2.1765759,-1,5.03264141,12.0983389,1
fields/00072__plt00072__fab0000_comp02_ez.f32__c0014__dt-f32/chunk_0,1000000,2,ans shuffle=byte,primary,1.92899203,-1,5.03137363,11.8509765,1
fields/00072__plt00072__fab0000_comp02_ez.f32__c0006__dt-f32/chunk_0,1000000,2,ans shuffle=byte,primary,1.14479995,-1,5.03334197,11.0656044,1
fields/00072__plt00072__fab0000_comp02_ez.f32__c0010__dt-f32/chunk_0,1000000,2,ans shuffle=byte,primary,1.04524803,-1,5.03107187,10.9680965,1
fields/00072__plt00072__fab0000_comp02_ez.f32__c0022__dt-f32/chunk_0,1000000,2,ans shuffle=byte,primary,1.97926402,-1,5.03277426,11.8997884,1
fields/00072__plt00072__fab0000_comp02_ez.f32__c0018__dt-f32/chunk_0,1000000,2,ans shuffle=byte,primary,2.37622404,-1,5.03165128,12.2994126,1
fields/00072__plt00072__fab0000_comp02_ez.f32__c0034__dt-f32/chunk_0,1000000,38,spspeed,primary,0.978016019,-1,1.08843334,40.0577442,1
fields/00072__plt00072__fab0000_comp02_ez.f32__c0030__dt-f32/chunk_0,1000000,38,spspeed,primary,0.614975989,-1,1.10133779,39.2487768,1
fields/00072__plt00072__fab0000_comp02_ez.f32__c0042__dt-f32/chunk_0,1000000,2,ans shuffle=byte,primary,0.877535999,-1,5.03090291,10.8011708,1
fields/00072__plt00072__fab0000_comp02_ez.f32__c0026__dt-f32/chunk_0,1000000,38,spspeed,primary,0.537663996,-1,1.08137073,39.8673885,1
fields/00072__plt00072__fab0000_comp02_ez.f32__c0038__dt-f32/chunk_0,1000000,29,ndzip,primary,0.0931840017,-1,1.0625259,40.1382093,1
fields/00072__plt00072__fab0000_comp02_ez.f32__c0054__dt-f32/chunk_0,1000000,2,ans shuffle=byte,primary,1.42460799,-1,5.03027541,11.3478852,1
fields/00072__plt00072__fab0000_comp02_ez.f32__c0058__dt-f32/chunk_0,1000000,2,ans shuffle=byte,primary,0.67257601,-1,5.03354735,10.5913833,1
fields/00072__plt00072__fab0000_comp02_ez.f32__c0046__dt-f32/chunk_0,1000000,2,ans shuffle=byte,primary,1.509184,-1,5.03046847,11.4339235,1
fields/00072__plt00072__fab0000_comp02_ez.f32__c0050__dt-f32/chunk_0,1000000,2,ans shuffle=byte,primary,1.61529601,-1,5.03150642,11.5383057,1
fields/00073__plt00073__fab0000_comp02_ez.f32__c0010__dt-f32/chunk_0,1000000,2,ans shuffle=byte,primary,0.220223993,-1,5.03107187,10.1430724,1
fields/00072__plt00072__fab0000_comp02_ez.f32__c0062__dt-f32/chunk_0,1000000,2,ans shuffle=byte,primary,1.83372796,-1,5.00376269,11.8362548,1
fields/00073__plt00073__fab0000_comp02_ez.f32__c0006__dt-f32/chunk_0,1000000,2,ans shuffle=byte,primary,1.32198405,-1,5.03334197,11.2427885,1
fields/00073__plt00073__fab0000_comp02_ez.f32__c0002__dt-f32/chunk_0,1000000,2,ans shuffle=byte,primary,0.597887993,-1,5.03264141,10.519651,1
fields/00073__plt00073__fab0000_comp02_ez.f32__c0014__dt-f32/chunk_0,1000000,2,ans shuffle=byte,primary,1.77427197,-1,5.03137363,11.6962564,1
fields/00073__plt00073__fab0000_comp02_ez.f32__c0018__dt-f32/chunk_0,1000000,2,ans shuffle=byte,primary,1.72326398,-1,5.03165128,11.6464526,1
fields/00073__plt00073__fab0000_comp02_ez.f32__c0022__dt-f32/chunk_0,1000000,2,ans shuffle=byte,primary,2.19884801,-1,5.03277426,12.1193724,1
fields/00073__plt00073__fab0000_comp02_ez.f32__c0030__dt-f32/chunk_0,1000000,38,spspeed,primary,0.416512012,-1,1.10123138,39.0540134,1
fields/00073__plt00073__fab0000_comp02_ez.f32__c0026__dt-f32/chunk_0,1000000,38,spspeed,primary,0.551967978,-1,1.08167415,39.8706942,1
fields/00073__plt00073__fab0000_comp02_ez.f32__c0034__dt-f32/chunk_0,1000000,38,spspeed,primary,0.500768006,-1,1.0885825,39.5752195,1
fields/00073__plt00073__fab0000_comp02_ez.f32__c0046__dt-f32/chunk_0,1000000,2,ans shuffle=byte,primary,0.82387203,-1,5.03046847,10.7486116,1
fields/00073__plt00073__fab0000_comp02_ez.f32__c0038__dt-f32/chunk_0,1000000,29,ndzip,primary,0.142335996,-1,1.06333725,40.1602349,1
fields/00073__plt00073__fab0000_comp02_ez.f32__c0050__dt-f32/chunk_0,1000000,2,ans shuffle=byte,primary,0.724928021,-1,5.03150642,10.6479377,1
fields/00073__plt00073__fab0000_comp02_ez.f32__c0058__dt-f32/chunk_0,1000000,2,ans shuffle=byte,primary,0.712895989,-1,5.03354735,10.6317033,1
fields/00073__plt00073__fab0000_comp02_ez.f32__c0042__dt-f32/chunk_0,1000000,2,ans shuffle=byte,primary,0.831647992,-1,5.03090291,10.7552828,1
fields/00073__plt00073__fab0000_comp02_ez.f32__c0062__dt-f32/chunk_0,1000000,2,ans shuffle=byte,primary,0.742143989,-1,5.00376269,10.7446708,1
fields/00073__plt00073__fab0000_comp02_ez.f32__c0054__dt-f32/chunk_0,1000000,2,ans shuffle=byte,primary,1.56633604,-1,5.03027541,11.4896133,1
fields/00074__plt00074__fab0000_comp02_ez.f32__c0002__dt-f32/chunk_0,1000000,2,ans shuffle=byte,primary,0.247424006,-1,5.03264141,10.169187,1
fields/00074__plt00074__fab0000_comp02_ez.f32__c0006__dt-f32/chunk_0,1000000,2,ans shuffle=byte,primary,1.48236799,-1,5.03334197,11.4031725,1
fields/00074__plt00074__fab0000_comp02_ez.f32__c0010__dt-f32/chunk_0,1000000,2,ans shuffle=byte,primary,1.5424,-1,5.03107187,11.4652485,1
fields/00074__plt00074__fab0000_comp02_ez.f32__c0030__dt-f32/chunk_0,1000000,38,spspeed,primary,0.613632023,-1,1.10158771,39.2388816,1
fields/00074__plt00074__fab0000_comp02_ez.f32__c0018__dt-f32/chunk_0,1000000,2,ans shuffle=byte,primary,1.51584005,-1,5.03165128,11.4390286,1
fields/00074__plt00074__fab0000_comp02_ez.f32__c0026__dt-f32/chunk_0,1000000,38,spspeed,primary,0.517727971,-1,1.08202239,39.8238581,1
fields/00074__plt00074__fab0000_comp02_ez.f32__c0014__dt-f32/chunk_0,1000000,2,ans shuffle=byte,primary,1.77193606,-1,5.03137363,11.6939205,1
fields/00074__plt00074__fab0000_comp02_ez.f32__c0022__dt-f32/chunk_0,1000000,2,ans shuffle=byte,primary,1.315552,-1,5.03080636,11.2393006,1
fields/00074__plt00074__fab0000_comp02_ez.f32__c0046__dt-f32/chunk_0,1000000,2,ans shuffle=byte,primary,0.321824014,-1,5.03046847,10.2465636,1
fields/00074__plt00074__fab0000_comp02_ez.f32__c0034__dt-f32/chunk_0,1000000,38,spspeed,primary,0.773119986,-1,1.08860962,39.846649,1
fields/00074__plt00074__fab0000_comp02_ez.f32__c0062__dt-f32/chunk_0,1000000,2,ans shuffle=byte,primary,1.85462403,-1,5.00376269,11.8571508,1
fields/00074__plt00074__fab0000_comp02_ez.f32__c0038__dt-f32/chunk_0,1000000,29,ndzip,primary,0.0757760033,-1,1.0640656,40.0550131,1
fields/00074__plt00074__fab0000_comp02_ez.f32__c0050__dt-f32/chunk_0,1000000,2,ans shuffle=byte,primary,1.50195205,-1,5.03150642,11.4249618,1
fields/00074__plt00074__fab0000_comp02_ez.f32__c0042__dt-f32/chunk_0,1000000,2,ans shuffle=byte,primary,1.94681597,-1,5.03090291,11.8704508,1
fields/00074__plt00074__fab0000_comp02_ez.f32__c0054__dt-f32/chunk_0,1000000,2,ans shuffle=byte,primary,2.0112319,-1,5.03027541,11.9345091,1
fields/00074__plt00074__fab0000_comp02_ez.f32__c0058__dt-f32/chunk_0,1000000,2,ans shuffle=byte,primary,1.85094404,-1,5.03354735,11.7697514,1
fields/00075__plt00075__fab0000_comp02_ez.f32__c0002__dt-f32/chunk_0,1000000,2,ans shuffle=byte,primary,1.38940799,-1,5.03264141,11.311171,1
fields/00075__plt00075__fab0000_comp02_ez.f32__c0006__dt-f32/chunk_0,1000000,2,ans shuffle=byte,primary,0.632448018,-1,5.03334197,10.5532525,1
fields/00075__plt00075__fab0000_comp02_ez.f32__c0014__dt-f32/chunk_0,1000000,2,ans shuffle=byte,primary,1.53692806,-1,5.03137363,11.4589125,1
fields/00075__plt00075__fab0000_comp02_ez.f32__c0018__dt-f32/chunk_0,1000000,2,ans shuffle=byte,primary,1.53872001,-1,5.03165128,11.4619086,1
fields/00075__plt00075__fab0000_comp02_ez.f32__c0022__dt-f32/chunk_0,1000000,2,ans shuffle=byte,primary,1.35897601,-1,5.01937958,11.3011199,1
fields/00075__plt00075__fab0000_comp02_ez.f32__c0010__dt-f32/chunk_0,1000000,2,ans shuffle=byte,primary,1.24124801,-1,5.03107187,11.1640965,1
fields/00075__plt00075__fab0000_comp02_ez.f32__c0038__dt-f32/chunk_0,1000000,29,ndzip,primary,0.0757760033,-1,1.06483821,40.0167563,1
fields/00075__plt00075__fab0000_comp02_ez.f32__c0042__dt-f32/chunk_0,1000000,2,ans shuffle=byte,primary,0.452095985,-1,5.03090291,10.3757308,1
fields/00075__plt00075__fab0000_comp02_ez.f32__c0026__dt-f32/chunk_0,1000000,38,spspeed,primary,0.516799986,-1,1.08266143,39.7999087,1
fields/00075__plt00075__fab0000_comp02_ez.f32__c0034__dt-f32/chunk_0,1000000,38,spspeed,primary,0.266496003,-1,1.08850113,39.3438787,1
fields/00075__plt00075__fab0000_comp02_ez.f32__c0030__dt-f32/chunk_0,1000000,38,spspeed,primary,0.334975988,-1,1.101634,38.9586561,1
fields/00075__plt00075__fab0000_comp02_ez.f32__c0050__dt-f32/chunk_0,1000000,2,ans shuffle=byte,primary,2.11289597,-1,5.03150642,12.0359057,1
fields/00075__plt00075__fab0000_comp02_ez.f32__c0058__dt-f32/chunk_0,1000000,2,ans shuffle=byte,primary,1.59491205,-1,5.03354735,11.5137194,1
fields/00075__plt00075__fab0000_comp02_ez.f32__c0054__dt-f32/chunk_0,1000000,2,ans shuffle=byte,primary,1.30224001,-1,5.03027541,11.2255172,1
fields/00075__plt00075__fab0000_comp02_ez.f32__c0046__dt-f32/chunk_0,1000000,2,ans shuffle=byte,primary,1.84697604,-1,5.03046847,11.7717156,1
fields/00076__plt00076__fab0000_comp02_ez.f32__c0006__dt-f32/chunk_0,1000000,2,ans shuffle=byte,primary,1.71174395,-1,5.03334197,11.6325484,1
fields/00076__plt00076__fab0000_comp02_ez.f32__c0002__dt-f32/chunk_0,1000000,2,ans shuffle=byte,primary,0.792479992,-1,5.03264141,10.714243,1
fields/00076__plt00076__fab0000_comp02_ez.f32__c0010__dt-f32/chunk_0,1000000,2,ans shuffle=byte,primary,1.48604798,-1,5.03107187,11.4088964,1
fields/00075__plt00075__fab0000_comp02_ez.f32__c0062__dt-f32/chunk_0,1000000,2,ans shuffle=byte,primary,1.63468802,-1,5.00376269,11.6372148,1
fields/00076__plt00076__fab0000_comp02_ez.f32__c0014__dt-f32/chunk_0,1000000,2,ans shuffle=byte,primary,1.85516798,-1,5.03137363,11.7771524,1
fields/00076__plt00076__fab0000_comp02_ez.f32__c0022__dt-f32/chunk_0,1000000,2,ans shuffle=byte,primary,2.292768,-1,4.99578831,12.2722984,1
fields/00076__plt00076__fab0000_comp02_ez.f32__c0030__dt-f32/chunk_0,1000000,38,spspeed,primary,0.398400009,-1,1.10210178,39.0059468,1
fields/00076__plt00076__fab0000_comp02_ez.f32__c0026__dt-f32/chunk_0,1000000,38,spspeed,primary,0.411711991,-1,1.08275981,39.6911481,1
fields/00076__plt00076__fab0000_comp02_ez.f32__c0018__dt-f32/chunk_0,1000000,2,ans shuffle=byte,primary,2.37401605,-1,5.03165128,12.2972046,1
fields/00076__plt00076__fab0000_comp02_ez.f32__c0034__dt-f32/chunk_0,1000000,38,spspeed,primary,0.351999998,-1,1.08854181,39.4279651,1
fields/00076__plt00076__fab0000_comp02_ez.f32__c0042__dt-f32/chunk_0,1000000,2,ans shuffle=byte,primary,1.08294404,-1,5.03090291,11.0065788,1
fields/00076__plt00076__fab0000_comp02_ez.f32__c0050__dt-f32/chunk_0,1000000,2,ans shuffle=byte,primary,0.324735999,-1,5.03150642,10.2477457,1
fields/00076__plt00076__fab0000_comp02_ez.f32__c0038__dt-f32/chunk_0,1000000,29,ndzip,primary,0.0921600014,-1,1.06534344,40.0063624,1
fields/00076__plt00076__fab0000_comp02_ez.f32__c0054__dt-f32/chunk_0,1000000,2,ans shuffle=byte,primary,1.51897597,-1,5.03027541,11.4422532,1
fields/00076__plt00076__fab0000_comp02_ez.f32__c0058__dt-f32/chunk_0,1000000,2,ans shuffle=byte,primary,2.12796807,-1,5.03354735,12.0467754,1
fields/00076__plt00076__fab0000_comp02_ez.f32__c0046__dt-f32/chunk_0,1000000,2,ans shuffle=byte,primary,1.52512002,-1,5.03046847,11.4498596,1
fields/00077__plt00077__fab0000_comp02_ez.f32__c0002__dt-f32/chunk_0,1000000,2,ans shuffle=byte,primary,1.32739198,-1,5.03264141,11.249155,1
fields/00076__plt00076__fab0000_comp02_ez.f32__c0062__dt-f32/chunk_0,1000000,2,ans shuffle=byte,primary,1.58159995,-1,5.00376269,11.5841268,1
fields/00077__plt00077__fab0000_comp02_ez.f32__c0006__dt-f32/chunk_0,1000000,2,ans shuffle=byte,primary,1.69603205,-1,5.03334197,11.6168365,1
fields/00077__plt00077__fab0000_comp02_ez.f32__c0030__dt-f32/chunk_0,1000000,38,spspeed,primary,0.624351978,-1,1.10199059,39.2358053,1
fields/00077__plt00077__fab0000_comp02_ez.f32__c0018__dt-f32/chunk_0,1000000,2,ans shuffle=byte,primary,1.09209597,-1,5.03165128,11.0152846,1
fields/00077__plt00077__fab0000_comp02_ez.f32__c0014__dt-f32/chunk_0,1000000,2,ans shuffle=byte,primary,1.23552001,-1,5.03137363,11.1575044,1
fields/00077__plt00077__fab0000_comp02_ez.f32__c0034__dt-f32/chunk_0,1000000,38,spspeed,primary,0.369727999,-1,1.0886277,39.4426865,1
fields/00077__plt00077__fab0000_comp02_ez.f32__c0010__dt-f32/chunk_0,1000000,2,ans shuffle=byte,primary,1.32335997,-1,5.03107187,11.2462084,1
fields/00077__plt00077__fab0000_comp02_ez.f32__c0022__dt-f32/chunk_0,1000000,2,ans shuffle=byte,primary,1.23376,-1,4.95368393,11.2815863,1
fields/00077__plt00077__fab0000_comp02_ez.f32__c0026__dt-f32/chunk_0,1000000,38,spspeed,primary,0.523424029,-1,1.08305058,39.7923866,1
fields/00077__plt00077__fab0000_comp02_ez.f32__c0042__dt-f32/chunk_0,1000000,2,ans shuffle=byte,primary,0.712159991,-1,5.03090291,10.6357948,1
fields/00077__plt00077__fab0000_comp02_ez.f32__c0038__dt-f32/chunk_0,1000000,38,spspeed,primary,0.876031995,-1,1.07672924,40.3747852,1
fields/00077__plt00077__fab0000_comp02_ez.f32__c0046__dt-f32/chunk_0,1000000,2,ans shuffle=byte,primary,1.13692796,-1,5.03046847,11.0616675,1
fields/00077__plt00077__fab0000_comp02_ez.f32__c0058__dt-f32/chunk_0,1000000,2,ans shuffle=byte,primary,1.494784,-1,5.03354735,11.4135913,1
fields/00077__plt00077__fab0000_comp02_ez.f32__c0054__dt-f32/chunk_0,1000000,2,ans shuffle=byte,primary,2.20889592,-1,5.03027541,12.1321731,1
fields/00077__plt00077__fab0000_comp02_ez.f32__c0050__dt-f32/chunk_0,1000000,2,ans shuffle=byte,primary,1.52371204,-1,5.03150642,11.4467217,1
fields/00078__plt00078__fab0000_comp02_ez.f32__c0006__dt-f32/chunk_0,1000000,2,ans shuffle=byte,primary,0.901600003,-1,5.03334197,10.8224045,1
fields/00078__plt00078__fab0000_comp02_ez.f32__c0002__dt-f32/chunk_0,1000000,2,ans shuffle=byte,primary,0.866496027,-1,5.03264141,10.788259,1
fields/00078__plt00078__fab0000_comp02_ez.f32__c0010__dt-f32/chunk_0,1000000,2,ans shuffle=byte,primary,1.234496,-1,5.03107187,11.1573445,1
fields/00077__plt00077__fab0000_comp02_ez.f32__c0062__dt-f32/chunk_0,1000000,2,ans shuffle=byte,primary,0.877279997,-1,5.00376269,10.8798068,1
fields/00078__plt00078__fab0000_comp02_ez.f32__c0022__dt-f32/chunk_0,1000000,2,ans shuffle=byte,primary,1.26512003,-1,4.91761655,11.3716001,1
fields/00078__plt00078__fab0000_comp02_ez.f32__c0018__dt-f32/chunk_0,1000000,2,ans shuffle=byte,primary,0.938207984,-1,5.03165128,10.8613966,1
fields/00078__plt00078__fab0000_comp02_ez.f32__c0014__dt-f32/chunk_0,1000000,2,ans shuffle=byte,primary,1.17593598,-1,5.03137363,11.0979204,1
fields/00078__plt00078__fab0000_comp02_ez.f32__c0026__dt-f32/chunk_0,1000000,38,spspeed,primary,0.857984006,-1,1.08309086,40.1253727,1
fields/00078__plt00078__fab0000_comp02_ez.f32__c0046__dt-f32/chunk_0,1000000,2,ans shuffle=byte,primary,1.25177598,-1,5.03046847,11.1765155,1
fields/00078__plt00078__fab0000_comp02_ez.f32__c0038__dt-f32/chunk_0,1000000,38,spspeed,primary,0.540416002,-1,1.07768536,40.0044655,1
fields/00078__plt00078__fab0000_comp02_ez.f32__c0030__dt-f32/chunk_0,1000000,38,spspeed,primary,1.21392,-1,1.10232886,39.8137086,1
fields/00078__plt00078__fab0000_comp02_ez.f32__c0034__dt-f32/chunk_0,1000000,38,spspeed,primary,0.976447999,-1,1.08862318,40.049575,1
fields/00078__plt00078__fab0000_comp02_ez.f32__c0050__dt-f32/chunk_0,1000000,2,ans shuffle=byte,primary,1.75772798,-1,5.03150642,11.6807377,1
fields/00078__plt00078__fab0000_comp02_ez.f32__c0058__dt-f32/chunk_0,1000000,2,ans shuffle=byte,primary,1.14367998,-1,5.03354735,11.0624873,1
fields/00078__plt00078__fab0000_comp02_ez.f32__c0042__dt-f32/chunk_0,1000000,2,ans shuffle=byte,primary,0.777375996,-1,5.03090291,10.7010108,1
fields/00079__plt00079__fab0000_comp02_ez.f32__c0002__dt-f32/chunk_0,1000000,2,ans shuffle=byte,primary,0.444224,-1,5.03264141,10.365987,1
fields/00078__plt00078__fab0000_comp02_ez.f32__c0062__dt-f32/chunk_0,1000000,2,ans shuffle=byte,primary,0.445951998,-1,5.00376269,10.4484788,1
fields/00079__plt00079__fab0000_comp02_ez.f32__c0006__dt-f32/chunk_0,1000000,2,ans shuffle=byte,primary,0.393471986,-1,5.03334197,10.3142765,1
fields/00078__plt00078__fab0000_comp02_ez.f32__c0054__dt-f32/chunk_0,1000000,2,ans shuffle=byte,primary,2.14963198,-1,5.03027541,12.0729092,1
fields/00079__plt00079__fab0000_comp02_ez.f32__c0010__dt-f32/chunk_0,1000000,2,ans shuffle=byte,primary,0.897472024,-1,5.03107187,10.8203205,1
fields/00079__plt00079__fab0000_comp02_ez.f32__c0018__dt-f32/chunk_0,1000000,2,ans shuffle=byte,primary,1.13795197,-1,5.03165128,11.0611406,1
fields/00079__plt00079__fab0000_comp02_ez.f32__c0034__dt-f32/chunk_0,1000000,38,spspeed,primary,0.192095995,-1,1.08873621,39.2612293,1
fields/00079__plt00079__fab0000_comp02_ez.f32__c0014__dt-f32/chunk_0,1000000,2,ans shuffle=byte,primary,0.911328018,-1,5.03137363,10.8333124,1
fields/00079__plt00079__fab0000_comp02_ez.f32__c0022__dt-f32/chunk_0,1000000,2,ans shuffle=byte,primary,1.76048005,-1,4.88924119,11.9108538,1
fields/00079__plt00079__fab0000_comp02_ez.f32__c0038__dt-f32/chunk_0,1000000,38,spspeed,primary,0.300704002,-1,1.07792909,39.7557932,1
fields/00079__plt00079__fab0000_comp02_ez.f32__c0030__dt-f32/chunk_0,1000000,38,spspeed,primary,0.670463979,-1,1.10217592,39.2755731,1
fields/00079__plt00079__fab0000_comp02_ez.f32__c0046__dt-f32/chunk_0,1000000,2,ans shuffle=byte,primary,1.11433601,-1,5.03046847,11.0390756,1
fields/00079__plt00079__fab0000_comp02_ez.f32__c0054__dt-f32/chunk_0,1000000,2,ans shuffle=byte,primary,1.71920002,-1,5.03027541,11.6424772,1
fields/00079__plt00079__fab0000_comp02_ez.f32__c0026__dt-f32/chunk_0,1000000,38,spspeed,primary,1.12819195,-1,1.08361468,40.3767483,1
fields/00079__plt00079__fab0000_comp02_ez.f32__c0042__dt-f32/chunk_0,1000000,2,ans shuffle=byte,primary,1.45065606,-1,5.03090291,11.3742909,1
fields/00079__plt00079__fab0000_comp02_ez.f32__c0050__dt-f32/chunk_0,1000000,2,ans shuffle=byte,primary,2.82908797,-1,5.03150642,12.7520977,1
fields/00079__plt00079__fab0000_comp02_ez.f32__c0058__dt-f32/chunk_0,1000000,2,ans shuffle=byte,primary,1.86086404,-1,5.03354735,11.7796714,1
fields/00080__plt00080__fab0000_comp02_ez.f32__c0002__dt-f32/chunk_0,1000000,2,ans shuffle=byte,primary,1.66742396,-1,5.03264141,11.589187,1
fields/00080__plt00080__fab0000_comp02_ez.f32__c0010__dt-f32/chunk_0,1000000,2,ans shuffle=byte,primary,0.771232009,-1,5.03107187,10.6940805,1
fields/00080__plt00080__fab0000_comp02_ez.f32__c0006__dt-f32/chunk_0,1000000,2,ans shuffle=byte,primary,1.69305599,-1,5.03334197,11.6138605,1
fields/00080__plt00080__fab0000_comp02_ez.f32__c0026__dt-f32/chunk_0,1000000,38,spspeed,primary,0.263936013,-1,1.08367291,39.5102349,1
fields/00079__plt00079__fab0000_comp02_ez.f32__c0062__dt-f32/chunk_0,1000000,2,ans shuffle=byte,primary,1.84857595,-1,5.00376269,11.8511028,1
fields/00080__plt00080__fab0000_comp02_ez.f32__c0014__dt-f32/chunk_0,1000000,2,ans shuffle=byte,primary,0.733376026,-1,5.03137363,10.6553604,1
fields/00080__plt00080__fab0000_comp02_ez.f32__c0030__dt-f32/chunk_0,1000000,38,spspeed,primary,0.292640001,-1,1.10236595,38.8912443,1
fields/00080__plt00080__fab0000_comp02_ez.f32__c0022__dt-f32/chunk_0,1000000,2,ans shuffle=byte,primary,0.700927973,-1,4.76669872,11.0423515,1
fields/00080__plt00080__fab0000_comp02_ez.f32__c0042__dt-f32/chunk_0,1000000,2,ans shuffle=byte,primary,1.20556796,-1,5.03090291,11.1292028,1
fields/00080__plt00080__fab0000_comp02_ez.f32__c0018__dt-f32/chunk_0,1000000,2,ans shuffle=byte,primary,0.456928015,-1,5.03165128,10.3801166,1
fields/00080__plt00080__fab0000_comp02_ez.f32__c0046__dt-f32/chunk_0,1000000,2,ans shuffle=byte,primary,0.284895986,-1,5.03046847,10.2096355,1
fields/00080__plt00080__fab0000_comp02_ez.f32__c0050__dt-f32/chunk_0,1000000,2,ans shuffle=byte,primary,0.777440012,-1,5.03150642,10.7004497,1
fields/00080__plt00080__fab0000_comp02_ez.f32__c0038__dt-f32/chunk_0,1000000,38,spspeed,primary,0.627391994,-1,1.07823501,40.0712494,1
fields/00080__plt00080__fab0000_comp02_ez.f32__c0034__dt-f32/chunk_0,1000000,38,spspeed,primary,0.335648,-1,1.08870456,39.4059545,1
fields/00080__plt00080__fab0000_comp02_ez.f32__c0054__dt-f32/chunk_0,1000000,2,ans shuffle=byte,primary,1.02864003,-1,5.03027541,10.9519172,1
fields/00080__plt00080__fab0000_comp02_ez.f32__c0062__dt-f32/chunk_0,1000000,2,ans shuffle=byte,primary,1.82441604,-1,5.00376269,11.8269428,1
fields/00081__plt00081__fab0000_comp02_ez.f32__c0002__dt-f32/chunk_0,1000000,2,ans shuffle=byte,primary,1.76371205,-1,5.03264141,11.6854751,1
fields/00081__plt00081__fab0000_comp02_ez.f32__c0006__dt-f32/chunk_0,1000000,2,ans shuffle=byte,primary,0.448671997,-1,5.03334197,10.3694765,1
fields/00081__plt00081__fab0000_comp02_ez.f32__c0010__dt-f32/chunk_0,1000000,2,ans shuffle=byte,primary,0.247871995,-1,5.03107187,10.1707204,1
fields/00081__plt00081__fab0000_comp02_ez.f32__c0014__dt-f32/chunk_0,1000000,2,ans shuffle=byte,primary,0.360927999,-1,5.03137363,10.2829124,1
fields/00080__plt00080__fab0000_comp02_ez.f32__c0058__dt-f32/chunk_0,1000000,2,ans shuffle=byte,primary,1.83487999,-1,5.03354735,11.7536873,1
fields/00081__plt00081__fab0000_comp02_ez.f32__c0022__dt-f32/chunk_0,1000000,1,ans shuffle=bit,primary,1.41177595,-1,2.80152182,17.9589409,1
fields/00081__plt00081__fab0000_comp02_ez.f32__c0026__dt-f32/chunk_0,1000000,38,spspeed,primary,0.446240008,-1,1.08422421,39.6727116,1
fields/00081__plt00081__fab0000_comp02_ez.f32__c0018__dt-f32/chunk_0,1000000,2,ans shuffle=byte,primary,0.341791987,-1,5.03165128,10.2649806,1
fields/00081__plt00081__fab0000_comp02_ez.f32__c0030__dt-f32/chunk_0,1000000,38,spspeed,primary,0.0975359976,-1,1.10261633,38.687545,1
fields/00081__plt00081__fab0000_comp02_ez.f32__c0038__dt-f32/chunk_0,1000000,38,spspeed,primary,0.074943997,-1,1.07868312,39.5024485,1
fields/00081__plt00081__fab0000_comp02_ez.f32__c0050__dt-f32/chunk_0,1000000,2,ans shuffle=byte,primary,2.409024,-1,5.03150642,12.3320337,1
fields/00081__plt00081__fab0000_comp02_ez.f32__c0034__dt-f32/chunk_0,1000000,38,spspeed,primary,0.0704319999,-1,1.08885379,39.1354343,1
fields/00081__plt00081__fab0000_comp02_ez.f32__c0042__dt-f32/chunk_0,1000000,2,ans shuffle=byte,primary,1.03929603,-1,5.03090291,10.9629308,1
fields/00081__plt00081__fab0000_comp02_ez.f32__c0046__dt-f32/chunk_0,1000000,2,ans shuffle=byte,primary,1.88732803,-1,5.03046847,11.8120676,1
fields/00081__plt00081__fab0000_comp02_ez.f32__c0054__dt-f32/chunk_0,1000000,2,ans shuffle=byte,primary,0.595008016,-1,5.03027541,10.5182852,1
fields/00081__plt00081__fab0000_comp02_ez.f32__c0062__dt-f32/chunk_0,1000000,2,ans shuffle=byte,primary,0.884288013,-1,5.00376269,10.8868148,1
fields/00081__plt00081__fab0000_comp02_ez.f32__c0058__dt-f32/chunk_0,1000000,2,ans shuffle=byte,primary,0.917792022,-1,5.03354735,10.8365993,1
fields/00082__plt00082__fab0000_comp02_ez.f32__c0014__dt-f32/chunk_0,1000000,2,ans shuffle=byte,primary,0.771232009,-1,5.03137363,10.6932164,1
fields/00082__plt00082__fab0000_comp02_ez.f32__c0018__dt-f32/chunk_0,1000000,2,ans shuffle=byte,primary,1.35203195,-1,5.03165128,11.2752205,1
fields/00082__plt00082__fab0000_comp02_ez.f32__c0002__dt-f32/chunk_0,1000000,2,ans shuffle=byte,primary,1.78470397,-1,5.03264141,11.706467,1
fields/00082__plt00082__fab0000_comp02_ez.f32__c0010__dt-f32/chunk_0,1000000,2,ans shuffle=byte,primary,1.19155204,-1,5.03107187,11.1144005,1
fields/00082__plt00082__fab0000_comp02_ez.f32__c0006__dt-f32/chunk_0,1000000,2,ans shuffle=byte,primary,0.332159996,-1,5.03334197,10.2529645,1
fields/00082__plt00082__fab0000_comp02_ez.f32__c0026__dt-f32/chunk_0,1000000,38,spspeed,primary,0.613759995,-1,1.0839328,39.8504103,1
fields/00082__plt00082__fab0000_comp02_ez.f32__c0022__dt-f32/chunk_0,1000000,2,ans shuffle=byte,primary,1.62217605,-1,3.99503181,13.5703649,1
fields/00082__plt00082__fab0000_comp02_ez.f32__c0030__dt-f32/chunk_0,1000000,38,spspeed,primary,0.326016009,-1,1.10292251,38.9055082,1
fields/00082__plt00082__fab0000_comp02_ez.f32__c0038__dt-f32/chunk_0,1000000,38,spspeed,primary,1.40083206,-1,1.07942933,40.8012682,1
fields/00082__plt00082__fab0000_comp02_ez.f32__c0058__dt-f32/chunk_0,1000000,2,ans shuffle=byte,primary,1.32979202,-1,5.03354735,11.2485993,1
fields/00082__plt00082__fab0000_comp02_ez.f32__c0034__dt-f32/chunk_0,1000000,38,spspeed,primary,0.467711985,-1,1.08879048,39.5349981,1
fields/00082__plt00082__fab0000_comp02_ez.f32__c0046__dt-f32/chunk_0,1000000,2,ans shuffle=byte,primary,1.03936005,-1,5.03046847,10.9640996,1
fields/00082__plt00082__fab0000_comp02_ez.f32__c0050__dt-f32/chunk_0,1000000,2,ans shuffle=byte,primary,2.04022408,-1,5.03150642,11.9632338,1
fields/00082__plt00082__fab0000_comp02_ez.f32__c0054__dt-f32/chunk_0,1000000,2,ans shuffle=byte,primary,0.625760019,-1,5.03027541,10.5490372,1
fields/00082__plt00082__fab0000_comp02_ez.f32__c0042__dt-f32/chunk_0,1000000,2,ans shuffle=byte,primary,2.23900795,-1,5.03090291,12.1626427,1
fields/00083__plt00083__fab0000_comp02_ez.f32__c0002__dt-f32/chunk_0,1000000,2,ans shuffle=byte,primary,2.00947189,-1,5.03264141,11.9312349,1
fields/00082__plt00082__fab0000_comp02_ez.f32__c0062__dt-f32/chunk_0,1000000,2,ans shuffle=byte,primary,1.68214405,-1,5.00376269,11.6846708,1
fields/00083__plt00083__fab0000_comp02_ez.f32__c0006__dt-f32/chunk_0,1000000,2,ans shuffle=byte,primary,1.04646397,-1,5.03334197,10.9672684,1
fields/00083__plt00083__fab0000_comp02_ez.f32__c0014__dt-f32/chunk_0,1000000,2,ans shuffle=byte,primary,0.887808025,-1,5.03137363,10.8097924,1
fields/00083__plt00083__fab0000_comp02_ez.f32__c0010__dt-f32/chunk_0,1000000,2,ans shuffle=byte,primary,1.90780795,-1,5.03107187,11.8306564,1
fields/00083__plt00083__fab0000_comp02_ez.f32__c0018__dt-f32/chunk_0,1000000,2,ans shuffle=byte,primary,1.08412802,-1,5.03165128,11.0073166,1
fields/00083__plt00083__fab0000_comp02_ez.f32__c0038__dt-f32/chunk_0,1000000,38,spspeed,primary,0.266112,-1,1.07998966,39.6462227,1
fields/00083__plt00083__fab0000_comp02_ez.f32__c0026__dt-f32/chunk_0,1000000,38,spspeed,primary,0.488287985,-1,1.08438118,39.7087886,1
fields/00083__plt00083__fab0000_comp02_ez.f32__c0034__dt-f32/chunk_0,1000000,38,spspeed,primary,0.292544007,-1,1.08864126,39.3651328,1
fields/00083__plt00083__fab0000_comp02_ez.f32__c0022__dt-f32/chunk_0,1000000,2,ans shuffle=byte,primary,0.896480024,-1,3.55858427,14.1102267,1
fields/00083__plt00083__fab0000_comp02_ez.f32__c0042__dt-f32/chunk_0,1000000,2,ans shuffle=byte,primary,1.93244803,-1,5.03090291,11.8560828,1
fields/00083__plt00083__fab0000_comp02_ez.f32__c0046__dt-f32/chunk_0,1000000,2,ans shuffle=byte,primary,2.08432007,-1,5.03046847,12.0090596,1
fields/00083__plt00083__fab0000_comp02_ez.f32__c0030__dt-f32/chunk_0,1000000,38,spspeed,primary,0.757376015,-1,1.10263952,39.3466629,1
fields/00083__plt00083__fab0000_comp02_ez.f32__c0050__dt-f32/chunk_0,1000000,2,ans shuffle=byte,primary,1.67657602,-1,5.03150642,11.5995857,1
fields/00083__plt00083__fab0000_comp02_ez.f32__c0058__dt-f32/chunk_0,1000000,2,ans shuffle=byte,primary,1.77820802,-1,5.03354735,11.6970153,1
fields/00083__plt00083__fab0000_comp02_ez.f32__c0054__dt-f32/chunk_0,1000000,2,ans shuffle=byte,primary,2.05740809,-1,5.03027541,11.9806853,1
fields/00083__plt00083__fab0000_comp02_ez.f32__c0062__dt-f32/chunk_0,1000000,2,ans shuffle=byte,primary,0.437631994,-1,5.00376269,10.4401588,1
fields/00084__plt00084__fab0000_comp02_ez.f32__c0002__dt-f32/chunk_0,1000000,2,ans shuffle=byte,primary,1.15475202,-1,5.03264141,11.076515,1
fields/00084__plt00084__fab0000_comp02_ez.f32__c0022__dt-f32/chunk_0,1000000,2,ans shuffle=byte,primary,0.906912029,-1,3.16131327,15.6510775,1
fields/00084__plt00084__fab0000_comp02_ez.f32__c0014__dt-f32/chunk_0,1000000,2,ans shuffle=byte,primary,2.0271039,-1,5.03137363,11.9490883,1
fields/00084__plt00084__fab0000_comp02_ez.f32__c0006__dt-f32/chunk_0,1000000,2,ans shuffle=byte,primary,1.45500803,-1,5.03334197,11.3758125,1
fields/00084__plt00084__fab0000_comp02_ez.f32__c0018__dt-f32/chunk_0,1000000,2,ans shuffle=byte,primary,1.29667199,-1,5.03165128,11.2198606,1
fields/00084__plt00084__fab0000_comp02_ez.f32__c0010__dt-f32/chunk_0,1000000,2,ans shuffle=byte,primary,1.83734405,-1,5.03107187,11.7601925,1
fields/00084__plt00084__fab0000_comp02_ez.f32__c0030__dt-f32/chunk_0,1000000,38,spspeed,primary,0.0609279983,-1,1.10319635,38.6310618,1
fields/00084__plt00084__fab0000_comp02_ez.f32__c0026__dt-f32/chunk_0,1000000,38,spspeed,primary,0.465920001,-1,1.08469527,39.6751879,1
fields/00084__plt00084__fab0000_comp02_ez.f32__c0038__dt-f32/chunk_0,1000000,38,spspeed,primary,0.715135992,-1,1.08016321,40.0888562,1
fields/00084__plt00084__fab0000_comp02_ez.f32__c0042__dt-f32/chunk_0,1000000,2,ans shuffle=byte,primary,2.07587194,-1,5.03090291,11.9995067,1
fields/00084__plt00084__fab0000_comp02_ez.f32__c0058__dt-f32/chunk_0,1000000,2,ans shuffle=byte,primary,0.788608015,-1,5.03354735,10.7074153,1
fields/00084__plt00084__fab0000_comp02_ez.f32__c0034__dt-f32/chunk_0,1000000,38,spspeed,primary,0.291967988,-1,1.08881309,39.3584743,1
fields/00084__plt00084__fab0000_comp02_ez.f32__c0046__dt-f32/chunk_0,1000000,2,ans shuffle=byte,primary,1.293504,-1,5.03046847,11.2182435,1
fields/00084__plt00084__fab0000_comp02_ez.f32__c0054__dt-f32/chunk_0,1000000,2,ans shuffle=byte,primary,0.817056,-1,5.03027541,10.7403332,1
fields/00084__plt00084__fab0000_comp02_ez.f32__c0050__dt-f32/chunk_0,1000000,2,ans shuffle=byte,primary,1.27692795,-1,5.03150642,11.1999377,1
fields/00085__plt00085__fab0000_comp02_ez.f32__c0002__dt-f32/chunk_0,1000000,2,ans shuffle=byte,primary,2.59295988,-1,5.03264141,12.5147229,1
fields/00084__plt00084__fab0000_comp02_ez.f32__c0062__dt-f32/chunk_0,1000000,2,ans shuffle=byte,primary,1.19612801,-1,5.00376269,11.1986548,1
fields/00085__plt00085__fab0000_comp02_ez.f32__c0018__dt-f32/chunk_0,1000000,2,ans shuffle=byte,primary,1.55296004,-1,5.03165128,11.4761486,1
fields/00085__plt00085__fab0000_comp02_ez.f32__c0010__dt-f32/chunk_0,1000000,2,ans shuffle=byte,primary,0.896992028,-1,5.03107187,10.8198405,1
fields/00085__plt00085__fab0000_comp02_ez.f32__c0014__dt-f32/chunk_0,1000000,2,ans shuffle=byte,primary,0.932192028,-1,5.03137363,10.8541764,1
fields/00085__plt00085__fab0000_comp02_ez.f32__c0006__dt-f32/chunk_0,1000000,2,ans shuffle=byte,primary,1.51100802,-1,5.03334197,11.4318125,1
fields/00085__plt00085__fab0000_comp02_ez.f32__c0022__dt-f32/chunk_0,1000000,2,ans shuffle=byte,primary,1.52588797,-1,2.82540606,17.8647776,1
fields/00085__plt00085__fab0000_comp02_ez.f32__c0026__dt-f32/chunk_0,1000000,38,spspeed,primary,0.827391982,-1,1.08467283,40.0374279,1
fields/00085__plt00085__fab0000_comp02_ez.f32__c0034__dt-f32/chunk_0,1000000,38,spspeed,primary,0.362399995,-1,1.08864126,39.434998,1
fields/00085__plt00085__fab0000_comp02_ez.f32__c0030__dt-f32/chunk_0,1000000,38,spspeed,primary,0.394143999,-1,1.10331708,38.9601571,1
fields/00085__plt00085__fab0000_comp02_ez.f32__c0038__dt-f32/chunk_0,1000000,38,spspeed,primary,1.45516801,-1,1.08045259,40.8183264,1
fields/00085__plt00085__fab0000_comp02_ez.f32__c0046__dt-f32/chunk_0,1000000,2,ans shuffle=byte,primary,0.633184016,-1,5.03046847,10.5579236,1
fields/00085__plt00085__fab0000_comp02_ez.f32__c0062__dt-f32/chunk_0,1000000,2,ans shuffle=byte,primary,0.500992,-1,5.00376269,10.5035188,1
fields/00085__plt00085__fab0000_comp02_ez.f32__c0042__dt-f32/chunk_0,1000000,2,ans shuffle=byte,primary,1.16233599,-1,5.02747772,11.0916034,1
fields/00085__plt00085__fab0000_comp02_ez.f32__c0054__dt-f32/chunk_0,1000000,2,ans shuffle=byte,primary,0.970207989,-1,5.03027541,10.8934852,1
fields/00085__plt00085__fab0000_comp02_ez.f32__c0050__dt-f32/chunk_0,1000000,2,ans shuffle=byte,primary,0.998624027,-1,5.03150642,10.9216337,1
fields/00085__plt00085__fab0000_comp02_ez.f32__c0058__dt-f32/chunk_0,1000000,2,ans shuffle=byte,primary,1.68089604,-1,5.03354735,11.5997034,1
fields/00086__plt00086__fab0000_comp02_ez.f32__c0002__dt-f32/chunk_0,1000000,2,ans shuffle=byte,primary,1.16739202,-1,5.03264141,11.089155,1
fields/00086__plt00086__fab0000_comp02_ez.f32__c0006__dt-f32/chunk_0,1000000,2,ans shuffle=byte,primary,1.14035201,-1,5.03334197,11.0611565,1
fields/00086__plt00086__fab0000_comp02_ez.f32__c0010__dt-f32/chunk_0,1000000,2,ans shuffle=byte,primary,1.06483197,-1,5.03107187,10.9876804,1
fields/00086__plt00086__fab0000_comp02_ez.f32__c0026__dt-f32/chunk_0,1000000,38,spspeed,primary,1.01948798,-1,1.08489279,40.2217553,1
fields/00086__plt00086__fab0000_comp02_ez.f32__c0038__dt-f32/chunk_0,1000000,38,spspeed,primary,0.622431993,-1,1.08127706,39.9558337,1
fields/00086__plt00086__fab0000_comp02_ez.f32__c0042__dt-f32/chunk_0,1000000,2,ans shuffle=byte,primary,1.33657598,-1,5.02497209,11.2700031,1
fields/00086__plt00086__fab0000_comp02_ez.f32__c0022__dt-f32/chunk_0,1000000,2,ans shuffle=byte,primary,1.68313599,-1,2.5421226,19.6594168,1
fields/00086__plt00086__fab0000_comp02_ez.f32__c0014__dt-f32/chunk_0,1000000,2,ans shuffle=byte,primary,2.06345606,-1,5.03137363,11.9854405,1
fields/00086__plt00086__fab0000_comp02_ez.f32__c0018__dt-f32/chunk_0,1000000,2,ans shuffle=byte,primary,1.14905596,-1,5.03165128,11.0722445,1
fields/00086__plt00086__fab0000_comp02_ez.f32__c0046__dt-f32/chunk_0,1000000,2,ans shuffle=byte,primary,1.728544,-1,5.03046847,11.6532835,1
fields/00086__plt00086__fab0000_comp02_ez.f32__c0030__dt-f32/chunk_0,1000000,38,spspeed,primary,0.151583999,-1,1.10321028,38.7213116,1
fields/00086__plt00086__fab0000_comp02_ez.f32__c0034__dt-f32/chunk_0,1000000,38,spspeed,primary,0.494592011,-1,1.08869552,39.5653043,1
fields/00086__plt00086__fab0000_comp02_ez.f32__c0050__dt-f32/chunk_0,1000000,2,ans shuffle=byte,primary,1.62790406,-1,5.03150642,11.5509138,1
fields/00086__plt00086__fab0000_comp02_ez.f32__c0058__dt-f32/chunk_0,1000000,2,ans shuffle=byte,primary,1.22352004,-1,5.03354735,11.1423274,1
fields/00087__plt00087__fab0000_comp02_ez.f32__c0002__dt-f32/chunk_0,1000000,2,ans shuffle=byte,primary,2.12947202,-1,5.03264141,12.051235,1
fields/00086__plt00086__fab0000_comp02_ez.f32__c0062__dt-f32/chunk_0,1000000,2,ans shuffle=byte,primary,2.11804795,-1,5.00376269,12.1205748,1
fields/00087__plt00087__fab0000_comp02_ez.f32__c0014__dt-f32/chunk_0,1000000,2,ans shuffle=byte,primary,1.56307197,-1,5.03137363,11.4850564,1
fields/00086__plt00086__fab0000_comp02_ez.f32__c0054__dt-f32/chunk_0,1000000,2,ans shuffle=byte,primary,0.681343973,-1,5.03027541,10.6046212,1
fields/00087__plt00087__fab0000_comp02_ez.f32__c0006__dt-f32/chunk_0,1000000,2,ans shuffle=byte,primary,1.67081594,-1,5.03334197,11.5916204,1
fields/00087__plt00087__fab0000_comp02_ez.f32__c0010__dt-f32/chunk_0,1000000,2,ans shuffle=byte,primary,1.66668797,-1,5.03107187,11.5895364,1
fields/00087__plt00087__fab0000_comp02_ez.f32__c0018__dt-f32/chunk_0,1000000,2,ans shuffle=byte,primary,1.138592,-1,5.03165128,11.0617806,1
fields/00087__plt00087__fab0000_comp02_ez.f32__c0038__dt-f32/chunk_0,1000000,38,spspeed,primary,0.983392,-1,1.08084462,40.3321971,1
fields/00087__plt00087__fab0000_comp02_ez.f32__c0046__dt-f32/chunk_0,1000000,2,ans shuffle=byte,primary,1.69695997,-1,5.03046847,11.6216995,1
fields/00087__plt00087__fab0000_comp02_ez.f32__c0022__dt-f32/chunk_0,1000000,2,ans shuffle=byte,primary,0.532768011,-1,2.30212643,20.189045,1
fields/00087__plt00087__fab0000_comp02_ez.f32__c0030__dt-f32/chunk_0,1000000,38,spspeed,primary,0.812575996,-1,1.10336816,39.3768953,1
fields/00087__plt00087__fab0000_comp02_ez.f32__c0026__dt-f32/chunk_0,1000000,38,spspeed,primary,0.28512001,-1,1.08524311,39.475036,1
fields/00087__plt00087__fab0000_comp02_ez.f32__c0054__dt-f32/chunk_0,1000000,2,ans shuffle=byte,primary,1.29292798,-1,5.03027541,11.2162052,1
fields/00087__plt00087__fab0000_comp02_ez.f32__c0042__dt-f32/chunk_0,1000000,2,ans shuffle=byte,primary,0.502528012,-1,5.02805629,10.4308308,1
fields/00087__plt00087__fab0000_comp02_ez.f32__c0034__dt-f32/chunk_0,1000000,38,spspeed,primary,0.912608027,-1,1.08871813,39.9825523,1
fields/00087__plt00087__fab0000_comp02_ez.f32__c0050__dt-f32/chunk_0,1000000,2,ans shuffle=byte,primary,0.64803201,-1,5.03150642,10.5710417,1
fields/00087__plt00087__fab0000_comp02_ez.f32__c0058__dt-f32/chunk_0,1000000,2,ans shuffle=byte,primary,0.679103971,-1,5.03354735,10.5979113,1
fields/00087__plt00087__fab0000_comp02_ez.f32__c0062__dt-f32/chunk_0,1000000,2,ans shuffle=byte,primary,0.231968001,-1,5.00376269,10.2344948,1
fields/00088__plt00088__fab0000_comp02_ez.f32__c0002__dt-f32/chunk_0,1000000,2,ans shuffle=byte,primary,0.40547201,-1,5.03264141,10.327235,1
fields/00088__plt00088__fab0000_comp02_ez.f32__c0010__dt-f32/chunk_0,1000000,2,ans shuffle=byte,primary,0.816479981,-1,5.03107187,10.7393284,1
fields/00088__plt00088__fab0000_comp02_ez.f32__c0006__dt-f32/chunk_0,1000000,2,ans shuffle=byte,primary,0.268896013,-1,5.03334197,10.1897005,1
fields/00088__plt00088__fab0000_comp02_ez.f32__c0018__dt-f32/chunk_0,1000000,2,ans shuffle=byte,primary,1.23481596,-1,5.03165128,11.1580045,1
fields/00088__plt00088__fab0000_comp02_ez.f32__c0026__dt-f32/chunk_0,1000000,38,spspeed,primary,0.402016014,-1,1.08535544,39.5880606,1
fields/00088__plt00088__fab0000_comp02_ez.f32__c0022__dt-f32/chunk_0,1000000,2,ans shuffle=byte,primary,1.13923204,-1,2.09601596,22.5653356,1
fields/00088__plt00088__fab0000_comp02_ez.f32__c0030__dt-f32/chunk_0,1000000,38,spspeed,primary,0.067776002,-1,1.10383741,38.6159615,1
fields/00088__plt00088__fab0000_comp02_ez.f32__c0014__dt-f32/chunk_0,1000000,2,ans shuffle=byte,primary,0.774559975,-1,5.03137363,10.6965444,1
fields/00088__plt00088__fab0000_comp02_ez.f32__c0038__dt-f32/chunk_0,1000000,38,spspeed,primary,0.363487989,-1,1.08126814,39.6969842,1
fields/00088__plt00088__fab0000_comp02_ez.f32__c0046__dt-f32/chunk_0,1000000,2,ans shuffle=byte,primary,0.737855971,-1,5.03046847,10.6625955,1
fields/00088__plt00088__fab0000_comp02_ez.f32__c0034__dt-f32/chunk_0,1000000,38,spspeed,primary,0.108928002,-1,1.08878595,39.1764741,1
fields/00088__plt00088__fab0000_comp02_ez.f32__c0058__dt-f32/chunk_0,1000000,2,ans shuffle=byte,primary,0.566944003,-1,5.03354735,10.4857513,1
fields/00088__plt00088__fab0000_comp02_ez.f32__c0050__dt-f32/chunk_0,1000000,2,ans shuffle=byte,primary,0.967679977,-1,5.03150642,10.8906897,1
fields/00088__plt00088__fab0000_comp02_ez.f32__c0042__dt-f32/chunk_0,1000000,2,ans shuffle=byte,primary,0.934239984,-1,5.02526107,10.8671631,1
fields/00088__plt00088__fab0000_comp02_ez.f32__c0054__dt-f32/chunk_0,1000000,2,ans shuffle=byte,primary,0.929120004,-1,5.03027541,10.8523972,1
fields/00089__plt00089__fab0000_comp02_ez.f32__c0002__dt-f32/chunk_0,1000000,2,ans shuffle=byte,primary,1.39161599,-1,5.03264141,11.313379,1
fields/00088__plt00088__fab0000_comp02_ez.f32__c0062__dt-f32/chunk_0,1000000,2,ans shuffle=byte,primary,1.13839996,-1,5.00376269,11.1409268,1
fields/00089__plt00089__fab0000_comp02_ez.f32__c0006__dt-f32/chunk_0,1000000,2,ans shuffle=byte,primary,0.822784007,-1,5.03334197,10.7435885,1
fields/00089__plt00089__fab0000_comp02_ez.f32__c0022__dt-f32/chunk_0,1000000,2,ans shuffle=byte,primary,0.92988801,-1,1.92153697,24.160315,1
fields/00089__plt00089__fab0000_comp02_ez.f32__c0010__dt-f32/chunk_0,1000000,2,ans shuffle=byte,primary,1.39948797,-1,5.03107187,11.3223364,1
fields/00089__plt00089__fab0000_comp02_ez.f32__c0014__dt-f32/chunk_0,1000000,2,ans shuffle=byte,primary,0.367487997,-1,5.03137363,10.2894724,1
fields/00089__plt00089__fab0000_comp02_ez.f32__c0030__dt-f32/chunk_0,1000000,38,spspeed,primary,0.138751999,-1,1.10374911,38.6899937,1
fields/00089__plt00089__fab0000_comp02_ez.f32__c0018__dt-f32/chunk_0,1000000,2,ans shuffle=byte,primary,0.37113601,-1,5.03165128,10.2943246,1
fields/00089__plt00089__fab0000_comp02_ez.f32__c0034__dt-f32/chunk_0,1000000,38,spspeed,primary,0.143999994,-1,1.08869552,39.2147797,1
fields/00089__plt00089__fab0000_comp02_ez.f32__c0038__dt-f32/chunk_0,1000000,38,spspeed,primary,0.0613120012,-1,1.0815358,39.3851094,1
fields/00089__plt00089__fab0000_comp02_ez.f32__c0042__dt-f32/chunk_0,1000000,2,ans shuffle=byte,primary,0.236928001,-1,5.01588608,10.1849947,1
fields/00089__plt00089__fab0000_comp02_ez.f32__c0026__dt-f32/chunk_0,1000000,38,spspeed,primary,0.413439989,-1,1.08527007,39.6026258,1
fields/00089__plt00089__fab0000_comp02_ez.f32__c0058__dt-f32/chunk_0,1000000,2,ans shuffle=byte,primary,0.386655986,-1,5.03354735,10.3054633,1
fields/00089__plt00089__fab0000_comp02_ez.f32__c0046__dt-f32/chunk_0,1000000,2,ans shuffle=byte,primary,0.260832012,-1,5.03046847,10.1855716,1
fields/00089__plt00089__fab0000_comp02_ez.f32__c0050__dt-f32/chunk_0,1000000,2,ans shuffle=byte,primary,0.246687993,-1,5.03150642,10.1696977,1
fields/00089__plt00089__fab0000_comp02_ez.f32__c0054__dt-f32/chunk_0,1000000,2,ans shuffle=byte,primary,1.037696,-1,5.03027541,10.9609732,1
fields/00090__plt00090__fab0000_comp02_ez.f32__c0002__dt-f32/chunk_0,1000000,2,ans shuffle=byte,primary,0.861119986,-1,5.03264141,10.782883,1
fields/00090__plt00090__fab0000_comp02_ez.f32__c0014__dt-f32/chunk_0,1000000,2,ans shuffle=byte,primary,1.19014394,-1,5.03137363,11.1121284,1
fields/00090__plt00090__fab0000_comp02_ez.f32__c0010__dt-f32/chunk_0,1000000,2,ans shuffle=byte,primary,0.898176014,-1,5.03107187,10.8210245,1
fields/00090__plt00090__fab0000_comp02_ez.f32__c0006__dt-f32/chunk_0,1000000,2,ans shuffle=byte,primary,0.543648005,-1,5.03334197,10.4644525,1
fields/00089__plt00089__fab0000_comp02_ez.f32__c0062__dt-f32/chunk_0,1000000,2,ans shuffle=byte,primary,0.842239976,-1,5.00376269,10.8447668,1
fields/00090__plt00090__fab0000_comp02_ez.f32__c0018__dt-f32/chunk_0,1000000,2,ans shuffle=byte,primary,0.28272,-1,5.03165128,10.2059086,1
fields/00090__plt00090__fab0000_comp02_ez.f32__c0022__dt-f32/chunk_0,1000000,2,ans shuffle=byte,primary,1.15830398,-1,1.77475077,26.1804357,1
fields/00090__plt00090__fab0000_comp02_ez.f32__c0026__dt-f32/chunk_0,1000000,38,spspeed,primary,0.295455992,-1,1.08561614,39.4724684,1
fields/00090__plt00090__fab0000_comp02_ez.f32__c0030__dt-f32/chunk_0,1000000,38,spspeed,primary,0.568512022,-1,1.10390714,39.1143668,1
fields/00090__plt00090__fab0000_comp02_ez.f32__c0038__dt-f32/chunk_0,1000000,38,spspeed,primary,0.0743039995,-1,1.08182592,39.3875967,1
fields/00090__plt00090__fab0000_comp02_ez.f32__c0046__dt-f32/chunk_0,1000000,2,ans shuffle=byte,primary,0.215136006,-1,5.03046847,10.1398755,1
fields/00090__plt00090__fab0000_comp02_ez.f32__c0042__dt-f32/chunk_0,1000000,2,ans shuffle=byte,primary,0.233375996,-1,4.94525012,10.2842491,1
fields/00090__plt00090__fab0000_comp02_ez.f32__c0034__dt-f32/chunk_0,1000000,38,spspeed,primary,0.0595199987,-1,1.08888093,39.1237682,1
fields/00090__plt00090__fab0000_comp02_ez.f32__c0050__dt-f32/chunk_0,1000000,2,ans shuffle=byte,primary,0.218239993,-1,5.03150642,10.1412497,1
fields/00090__plt00090__fab0000_comp02_ez.f32__c0062__dt-f32/chunk_0,1000000,2,ans shuffle=byte,primary,0.245951995,-1,5.00376269,10.2484788,1
fields/00090__plt00090__fab0000_comp02_ez.f32__c0054__dt-f32/chunk_0,1000000,2,ans shuffle=byte,primary,0.228863999,-1,5.03027541,10.1521412,1
fields/00090__plt00090__fab0000_comp02_ez.f32__c0058__dt-f32/chunk_0,1000000,2,ans shuffle=byte,primary,1.13715196,-1,5.03354735,11.0559593,1
fields/00091__plt00091__fab0000_comp02_ez.f32__c0002__dt-f32/chunk_0,1000000,2,ans shuffle=byte,primary,0.209472001,-1,5.03264141,10.131235,1
fields/00091__plt00091__fab0000_comp02_ez.f32__c0010__dt-f32/chunk_0,1000000,2,ans shuffle=byte,primary,0.237984002,-1,5.03107187,10.1608325,1
fields/00091__plt00091__fab0000_comp02_ez.f32__c0018__dt-f32/chunk_0,1000000,2,ans shuffle=byte,primary,0.208511993,-1,5.03165128,10.1317006,1
fields/00091__plt00091__fab0000_comp02_ez.f32__c0006__dt-f32/chunk_0,1000000,2,ans shuffle=byte,primary,1.51328003,-1,5.03334197,11.4340845,1
fields/00091__plt00091__fab0000_comp02_ez.f32__c0022__dt-f32/chunk_0,1000000,2,ans shuffle=byte,primary,0.253343999,-1,1.66928038,26.7520386,1
fields/00091__plt00091__fab0000_comp02_ez.f32__c0014__dt-f32/chunk_0,1000000,2,ans shuffle=byte,primary,0.231711999,-1,5.03137363,10.1536964,1
fields/00091__plt00091__fab0000_comp02_ez.f32__c0026__dt-f32/chunk_0,1000000,38,spspeed,primary,0.0626560003,-1,1.08569257,39.2370637,1
fields/00091__plt00091__fab0000_comp02_ez.f32__c0034__dt-f32/chunk_0,1000000,38,spspeed,primary,0.0599359982,-1,1.08879048,39.1273977,1
fields/00091__plt00091__fab0000_comp02_ez.f32__c0030__dt-f32/chunk_0,1000000,38,spspeed,primary,0.0759039968,-1,1.10432567,38.6073738,1
fields/00091__plt00091__fab0000_comp02_ez.f32__c0042__dt-f32/chunk_0,1000000,2,ans shuffle=byte,primary,1.45180798,-1,4.6556821,11.9715655,1
fields/00091__plt00091__fab0000_comp02_ez.f32__c0046__dt-f32/chunk_0,1000000,2,ans shuffle=byte,primary,0.929376006,-1,5.03046847,10.8541155,1
fields/00091__plt00091__fab0000_comp02_ez.f32__c0038__dt-f32/chunk_0,1000000,38,spspeed,primary,0.0507199988,-1,1.08207152,39.3551016,1
fields/00091__plt00091__fab0000_comp02_ez.f32__c0058__dt-f32/chunk_0,1000000,2,ans shuffle=byte,primary,0.241408005,-1,5.03354735,10.1602153,1
fields/00091__plt00091__fab0000_comp02_ez.f32__c0054__dt-f32/chunk_0,1000000,2,ans shuffle=byte,primary,0.228,-1,5.03027541,10.1512772,1
fields/00091__plt00091__fab0000_comp02_ez.f32__c0050__dt-f32/chunk_0,1000000,2,ans shuffle=byte,primary,0.411040008,-1,5.03150642,10.3340497,1
fields/00092__plt00092__fab0000_comp02_ez.f32__c0006__dt-f32/chunk_0,1000000,2,ans shuffle=byte,primary,1.22710395,-1,5.03334197,11.1479084,1
fields/00091__plt00091__fab0000_comp02_ez.f32__c0062__dt-f32/chunk_0,1000000,2,ans shuffle=byte,primary,0.211743996,-1,5.00376269,10.2142708,1
fields/00092__plt00092__fab0000_comp02_ez.f32__c0010__dt-f32/chunk_0,1000000,2,ans shuffle=byte,primary,0.233983994,-1,5.03107187,10.1568324,1
fields/00092__plt00092__fab0000_comp02_ez.f32__c0014__dt-f32/chunk_0,1000000,2,ans shuffle=byte,primary,0.25177601,-1,5.03137363,10.1737604,1
fields/00092__plt00092__fab0000_comp02_ez.f32__c0002__dt-f32/chunk_0,1000000,2,ans shuffle=byte,primary,0.495296001,-1,5.03264141,10.417059,1
fields/00092__plt00092__fab0000_comp02_ez.f32__c0018__dt-f32/chunk_0,1000000,2,ans shuffle=byte,primary,0.218623996,-1,5.03165128,10.1418126,1
fields/00092__plt00092__fab0000_comp02_ez.f32__c0022__dt-f32/chunk_0,1000000,2,ans shuffle=byte,primary,0.278912008,-1,1.60203383,27.8346941,1
fields/00092__plt00092__fab0000_comp02_ez.f32__c0030__dt-f32/chunk_0,1000000,38,spspeed,primary,0.0807679966,-1,1.10423264,38.6155054,1
fields/00092__plt00092__fab0000_comp02_ez.f32__c0026__dt-f32/chunk_0,1000000,38,spspeed,primary,0.0545599982,-1,1.08588146,39.2223783,1
fields/00092__plt00092__fab0000_comp02_ez.f32__c0034__dt-f32/chunk_0,1000000,38,spspeed,primary,0.0597120002,-1,1.08879952,39.1268488,1
fields/00092__plt00092__fab0000_comp02_ez.f32__c0038__dt-f32/chunk_0,1000000,38,spspeed,primary,0.0621440001,-1,1.08243344,39.3534485,1
fields/00092__plt00092__fab0000_comp02_ez.f32__c0058__dt-f32/chunk_0,1000000,2,ans shuffle=byte,primary,0.233280003,-1,5.03354735,10.1520873,1
fields/00092__plt00092__fab0000_comp02_ez.f32__c0042__dt-f32/chunk_0,1000000,4,bitcomp algo=1 shuffle=bit type=char,primary,0.203424007,-1,2.3725425,19.6424126,1
fields/00092__plt00092__fab0000_comp02_ez.f32__c0054__dt-f32/chunk_0,1000000,2,ans shuffle=byte,primary,0.202015996,-1,5.03027541,10.1252932,1
fields/00092__plt00092__fab0000_comp02_ez.f32__c0046__dt-f32/chunk_0,1000000,2,ans shuffle=byte,primary,0.174272001,-1,5.03046847,10.0990115,1
fields/00093__plt00093__fab0000_comp02_ez.f32__c0006__dt-f32/chunk_0,1000000,2,ans shuffle=byte,primary,0.216000006,-1,5.03334197,10.1368045,1
fields/00092__plt00092__fab0000_comp02_ez.f32__c0050__dt-f32/chunk_0,1000000,2,ans shuffle=byte,primary,0.172319993,-1,5.03150642,10.0953297,1
fields/00092__plt00092__fab0000_comp02_ez.f32__c0062__dt-f32/chunk_0,1000000,2,ans shuffle=byte,primary,0.235231996,-1,5.00376269,10.2377588,1
fields/00093__plt00093__fab0000_comp02_ez.f32__c0014__dt-f32/chunk_0,1000000,2,ans shuffle=byte,primary,0.211935997,-1,5.03137363,10.1339204,1
fields/00093__plt00093__fab0000_comp02_ez.f32__c0002__dt-f32/chunk_0,1000000,2,ans shuffle=byte,primary,0.223072007,-1,5.03264141,10.144835,1
fields/00093__plt00093__fab0000_comp02_ez.f32__c0018__dt-f32/chunk_0,1000000,2,ans shuffle=byte,primary,0.217151999,-1,5.03165128,10.1403406,1
fields/00093__plt00093__fab0000_comp02_ez.f32__c0010__dt-f32/chunk_0,1000000,2,ans shuffle=byte,primary,0.220640004,-1,5.03107187,10.1434885,1
fields/00093__plt00093__fab0000_comp02_ez.f32__c0022__dt-f32/chunk_0,1000000,2,ans shuffle=byte,primary,0.370431989,-1,1.55709645,28.7301375,1
fields/00093__plt00093__fab0000_comp02_ez.f32__c0030__dt-f32/chunk_0,1000000,38,spspeed,primary,0.0723519996,-1,1.10419078,38.6085213,1
fields/00093__plt00093__fab0000_comp02_ez.f32__c0034__dt-f32/chunk_0,1000000,38,spspeed,primary,0.0531839989,-1,1.08867291,39.1248323,1
fields/00093__plt00093__fab0000_comp02_ez.f32__c0026__dt-f32/chunk_0,1000000,38,spspeed,primary,0.0644799992,-1,1.08591294,39.2312319,1
fields/00093__plt00093__fab0000_comp02_ez.f32__c0046__dt-f32/chunk_0,1000000,2,ans shuffle=byte,primary,0.423487991,-1,5.03046847,10.3482275,1
fields/00093__plt00093__fab0000_comp02_ez.f32__c0038__dt-f32/chunk_0,1000000,38,spspeed,primary,0.0543360002,-1,1.08242897,39.3456783,1
fields/00093__plt00093__fab0000_comp02_ez.f32__c0042__dt-f32/chunk_0,1000000,2,ans shuffle=byte,primary,0.234208003,-1,3.75221771,12.8511016,1
fields/00093__plt00093__fab0000_comp02_ez.f32__c0050__dt-f32/chunk_0,1000000,2,ans shuffle=byte,primary,0.189600006,-1,5.03150642,10.1126097,1
fields/00093__plt00093__fab0000_comp02_ez.f32__c0062__dt-f32/chunk_0,1000000,2,ans shuffle=byte,primary,0.336735994,-1,5.00376269,10.3392628,1
fields/00094__plt00094__fab0000_comp02_ez.f32__c0002__dt-f32/chunk_0,1000000,2,ans shuffle=byte,primary,0.282303989,-1,5.03264141,10.204067,1
fields/00093__plt00093__fab0000_comp02_ez.f32__c0054__dt-f32/chunk_0,1000000,2,ans shuffle=byte,primary,0.199616,-1,5.03027541,10.1228932,1
fields/00094__plt00094__fab0000_comp02_ez.f32__c0006__dt-f32/chunk_0,1000000,2,ans shuffle=byte,primary,0.208928004,-1,5.03334197,10.1297325,1
fields/00094__plt00094__fab0000_comp02_ez.f32__c0010__dt-f32/chunk_0,1000000,2,ans shuffle=byte,primary,0.236895993,-1,5.03107187,10.1597444,1
fields/00093__plt00093__fab0000_comp02_ez.f32__c0058__dt-f32/chunk_0,1000000,2,ans shuffle=byte,primary,0.221088007,-1,5.03354735,10.1398953,1
fields/00094__plt00094__fab0000_comp02_ez.f32__c0014__dt-f32/chunk_0,1000000,2,ans shuffle=byte,primary,0.305375993,-1,5.03137363,10.2273604,1
fields/00094__plt00094__fab0000_comp02_ez.f32__c0018__dt-f32/chunk_0,1000000,2,ans shuffle=byte,primary,0.197791994,-1,5.03165128,10.1209806,1
fields/00094__plt00094__fab0000_comp02_ez.f32__c0022__dt-f32/chunk_0,1000000,2,ans shuffle=byte,primary,0.163680002,-1,1.52382945,29.2046436,1
fields/00094__plt00094__fab0000_comp02_ez.f32__c0026__dt-f32/chunk_0,1000000,38,spspeed,primary,0.0632639974,-1,1.08620091,39.21984,1
fields/00094__plt00094__fab0000_comp02_ez.f32__c0034__dt-f32/chunk_0,1000000,38,spspeed,primary,0.0851520002,-1,1.08875882,39.1537866,1
fields/00094__plt00094__fab0000_comp02_ez.f32__c0042__dt-f32/chunk_0,1000000,2,ans shuffle=byte,primary,0.259135991,-1,3.32666885,14.3200808,1
fields/00094__plt00094__fab0000_comp02_ez.f32__c0050__dt-f32/chunk_0,1000000,2,ans shuffle=byte,primary,0.235872,-1,5.03150642,10.1588817,1
fields/00094__plt00094__fab0000_comp02_ez.f32__c0030__dt-f32/chunk_0,1000000,38,spspeed,primary,0.0735680014,-1,1.10435824,38.6040116,1
fields/00094__plt00094__fab0000_comp02_ez.f32__c0046__dt-f32/chunk_0,1000000,2,ans shuffle=byte,primary,0.256576002,-1,5.03046847,10.1813155,1
fields/00094__plt00094__fab0000_comp02_ez.f32__c0054__dt-f32/chunk_0,1000000,2,ans shuffle=byte,primary,0.238912001,-1,5.03027541,10.1621892,1
fields/00094__plt00094__fab0000_comp02_ez.f32__c0062__dt-f32/chunk_0,1000000,2,ans shuffle=byte,primary,0.225375995,-1,5.00376269,10.2279028,1
fields/00094__plt00094__fab0000_comp02_ez.f32__c0038__dt-f32/chunk_0,1000000,38,spspeed,primary,0.0615359992,-1,1.08311771,39.3281442,1
fields/00094__plt00094__fab0000_comp02_ez.f32__c0058__dt-f32/chunk_0,1000000,2,ans shuffle=byte,primary,0.553279996,-1,5.03354735,10.4720873,1
fields/00095__plt00095__fab0000_comp02_ez.f32__c0006__dt-f32/chunk_0,1000000,2,ans shuffle=byte,primary,0.320288002,-1,5.03334197,10.2410925,1
fields/00095__plt00095__fab0000_comp02_ez.f32__c0002__dt-f32/chunk_0,1000000,2,ans shuffle=byte,primary,0.232288003,-1,5.03264141,10.154051,1
fields/00095__plt00095__fab0000_comp02_ez.f32__c0010__dt-f32/chunk_0,1000000,2,ans shuffle=byte,primary,0.386943996,-1,5.03107187,10.3097924,1
fields/00095__plt00095__fab0000_comp02_ez.f32__c0018__dt-f32/chunk_0,1000000,2,ans shuffle=byte,primary,0.218112007,-1,5.03165128,10.1413006,1
fields/00095__plt00095__fab0000_comp02_ez.f32__c0026__dt-f32/chunk_0,1000000,38,spspeed,primary,0.112608001,-1,1.08628643,39.2662003,1
fields/00095__plt00095__fab0000_comp02_ez.f32__c0030__dt-f32/chunk_0,1000000,38,spspeed,primary,0.0657600015,-1,1.10461418,38.5874374,1
fields/00095__plt00095__fab0000_comp02_ez.f32__c0014__dt-f32/chunk_0,1000000,2,ans shuffle=byte,primary,0.805343986,-1,5.03137363,10.7273284,1
fields/00095__plt00095__fab0000_comp02_ez.f32__c0022__dt-f32/chunk_0,1000000,29,ndzip,primary,0.084991999,-1,1.0500692,40.514914,1
fields/00095__plt00095__fab0000_comp02_ez.f32__c0042__dt-f32/chunk_0,1000000,2,ans shuffle=byte,primary,0.237343997,-1,2.9636949,15.8891143,1
fields/00095__plt00095__fab0000_comp02_ez.f32__c0038__dt-f32/chunk_0,1000000,38,spspeed,primary,0.054175999,-1,1.08326541,39.3154106,1
fields/00095__plt00095__fab0000_comp02_ez.f32__c0034__dt-f32/chunk_0,1000000,38,spspeed,primary,0.0521599986,-1,1.08872717,39.1219278,1
fields/00095__plt00095__fab0000_comp02_ez.f32__c0046__dt-f32/chunk_0,1000000,2,ans shuffle=byte,primary,0.226559997,-1,5.03046847,10.1512995,1
fields/00095__plt00095__fab0000_comp02_ez.f32__c0054__dt-f32/chunk_0,1000000,2,ans shuffle=byte,primary,0.214304,-1,5.03027541,10.1375812,1
fields/00096__plt00096__fab0000_comp02_ez.f32__c0002__dt-f32/chunk_0,1000000,2,ans shuffle=byte,primary,0.205472007,-1,5.03264141,10.127235,1
fields/00095__plt00095__fab0000_comp02_ez.f32__c0050__dt-f32/chunk_0,1000000,2,ans shuffle=byte,primary,0.221471995,-1,5.03150642,10.1444817,1
fields/00095__plt00095__fab0000_comp02_ez.f32__c0058__dt-f32/chunk_0,1000000,2,ans shuffle=byte,primary,0.275456011,-1,5.03354735,10.1942633,1
fields/00096__plt00096__fab0000_comp02_ez.f32__c0006__dt-f32/chunk_0,1000000,2,ans shuffle=byte,primary,0.404287994,-1,5.03334197,10.3250925,1
fields/00095__plt00095__fab0000_comp02_ez.f32__c0062__dt-f32/chunk_0,1000000,2,ans shuffle=byte,primary,0.261824012,-1,5.00376269,10.2643508,1
fields/00096__plt00096__fab0000_comp02_ez.f32__c0010__dt-f32/chunk_0,1000000,2,ans shuffle=byte,primary,0.30982399,-1,5.03107187,10.2326724,1
fields/00096__plt00096__fab0000_comp02_ez.f32__c0014__dt-f32/chunk_0,1000000,2,ans shuffle=byte,primary,0.216447994,-1,5.03137363,10.1384324,1
fields/00096__plt00096__fab0000_comp02_ez.f32__c0018__dt-f32/chunk_0,1000000,2,ans shuffle=byte,primary,0.264768004,-1,5.03165128,10.1879566,1
fields/00096__plt00096__fab0000_comp02_ez.f32__c0030__dt-f32/chunk_0,1000000,38,spspeed,primary,0.0701759979,-1,1.10501462,38.578094,1
fields/00096__plt00096__fab0000_comp02_ez.f32__c0026__dt-f32/chunk_0,1000000,38,spspeed,primary,0.0771199986,-1,1.08648453,39.223724,1
fields/00096__plt00096__fab0000_comp02_ez.f32__c0022__dt-f32/chunk_0,1000000,29,ndzip,primary,0.0808959976,-1,1.04995039,40.5382156,1
fields/00096__plt00096__fab0000_comp02_ez.f32__c0046__dt-f32/chunk_0,1000000,2,ans shuffle=byte,primary,0.233375996,-1,5.03046847,10.1581155,1
fields/00096__plt00096__fab0000_comp02_ez.f32__c0054__dt-f32/chunk_0,1000000,2,ans shuffle=byte,primary,0.229760006,-1,5.03027541,10.1530372,1
fields/00096__plt00096__fab0000_comp02_ez.f32__c0050__dt-f32/chunk_0,1000000,2,ans shuffle=byte,primary,0.191712007,-1,5.03150642,10.1147217,1
fields/00096__plt00096__fab0000_comp02_ez.f32__c0038__dt-f32/chunk_0,1000000,38,spspeed,primary,0.0667520016,-1,1.083655,39.3139595,1
fields/00096__plt00096__fab0000_comp02_ez.f32__c0034__dt-f32/chunk_0,1000000,38,spspeed,primary,0.155072004,-1,1.08873169,39.2247097,1
fields/00096__plt00096__fab0000_comp02_ez.f32__c0042__dt-f32/chunk_0,1000000,2,ans shuffle=byte,primary,0.266048014,-1,2.66025984,17.5182315,1
fields/00097__plt00097__fab0000_comp02_ez.f32__c0002__dt-f32/chunk_0,1000000,2,ans shuffle=byte,primary,0.214463994,-1,5.03264141,10.136227,1
fields/00096__plt00096__fab0000_comp02_ez.f32__c0058__dt-f32/chunk_0,1000000,2,ans shuffle=byte,primary,0.275967985,-1,5.03354735,10.1947753,1
fields/00097__plt00097__fab0000_comp02_ez.f32__c0006__dt-f32/chunk_0,1000000,2,ans shuffle=byte,primary,0.248960003,-1,5.03334197,10.1697645,1
fields/00096__plt00096__fab0000_comp02_ez.f32__c0062__dt-f32/chunk_0,1000000,2,ans shuffle=byte,primary,0.227487996,-1,5.00376269,10.2300148,1
fields/00097__plt00097__fab0000_comp02_ez.f32__c0018__dt-f32/chunk_0,1000000,2,ans shuffle=byte,primary,0.225503996,-1,5.03165128,10.1486926,1
fields/00097__plt00097__fab0000_comp02_ez.f32__c0010__dt-f32/chunk_0,1000000,2,ans shuffle=byte,primary,0.372287989,-1,5.03107187,10.2951364,1
fields/00097__plt00097__fab0000_comp02_ez.f32__c0014__dt-f32/chunk_0,1000000,2,ans shuffle=byte,primary,0.257312,-1,5.03137363,10.1792964,1
fields/00097__plt00097__fab0000_comp02_ez.f32__c0026__dt-f32/chunk_0,1000000,38,spspeed,primary,0.0574400015,-1,1.08629994,39.2106465,1
fields/00097__plt00097__fab0000_comp02_ez.f32__c0022__dt-f32/chunk_0,1000000,29,ndzip,primary,0.0808959976,-1,1.05103332,40.5162946,1
fields/00097__plt00097__fab0000_comp02_ez.f32__c0042__dt-f32/chunk_0,1000000,2,ans shuffle=byte,primary,0.261536002,-1,2.39890004,19.197089,1
fields/00097__plt00097__fab0000_comp02_ez.f32__c0030__dt-f32/chunk_0,1000000,38,spspeed,primary,0.0532479994,-1,1.10534078,38.5499243,1
fields/00097__plt00097__fab0000_comp02_ez.f32__c0034__dt-f32/chunk_0,1000000,38,spspeed,primary,0.181567997,-1,1.08880857,39.248517,1
fields/00097__plt00097__fab0000_comp02_ez.f32__c0046__dt-f32/chunk_0,1000000,2,ans shuffle=byte,primary,0.224224001,-1,5.03046847,10.1489635,1
fields/00097__plt00097__fab0000_comp02_ez.f32__c0050__dt-f32/chunk_0,1000000,2,ans shuffle=byte,primary,0.230752006,-1,5.03150642,10.1537617,1
fields/00097__plt00097__fab0000_comp02_ez.f32__c0038__dt-f32/chunk_0,1000000,38,spspeed,primary,0.0606079996,-1,1.08365052,39.3078466,1
fields/00097__plt00097__fab0000_comp02_ez.f32__c0054__dt-f32/chunk_0,1000000,2,ans shuffle=byte,primary,0.274560004,-1,5.03027541,10.1978372,1
fields/00097__plt00097__fab0000_comp02_ez.f32__c0058__dt-f32/chunk_0,1000000,2,ans shuffle=byte,primary,0.222112,-1,5.03354735,10.1409193,1
fields/00098__plt00098__fab0000_comp02_ez.f32__c0002__dt-f32/chunk_0,1000000,2,ans shuffle=byte,primary,0.245664001,-1,5.03264141,10.167427,1
fields/00097__plt00097__fab0000_comp02_ez.f32__c0062__dt-f32/chunk_0,1000000,2,ans shuffle=byte,primary,0.220896006,-1,5.00376269,10.2234228,1
fields/00098__plt00098__fab0000_comp02_ez.f32__c0014__dt-f32/chunk_0,1000000,2,ans shuffle=byte,primary,0.405600011,-1,5.03137363,10.3275844,1
fields/00098__plt00098__fab0000_comp02_ez.f32__c0018__dt-f32/chunk_0,1000000,2,ans shuffle=byte,primary,0.234272003,-1,5.03165128,10.1574606,1
fields/00098__plt00098__fab0000_comp02_ez.f32__c0006__dt-f32/chunk_0,1000000,2,ans shuffle=byte,primary,0.222016007,-1,5.03334197,10.1428205,1
fields/00098__plt00098__fab0000_comp02_ez.f32__c0010__dt-f32/chunk_0,1000000,2,ans shuffle=byte,primary,0.361728013,-1,5.03107187,10.2845765,1
fields/00098__plt00098__fab0000_comp02_ez.f32__c0026__dt-f32/chunk_0,1000000,38,spspeed,primary,0.117279999,-1,1.08654758,39.2617494,1
fields/00098__plt00098__fab0000_comp02_ez.f32__c0022__dt-f32/chunk_0,1000000,29,ndzip,primary,0.109568,-1,1.05239725,40.4949189,1
fields/00098__plt00098__fab0000_comp02_ez.f32__c0030__dt-f32/chunk_0,1000000,38,spspeed,primary,0.0666240007,-1,1.10529417,38.5648587,1
fields/00098__plt00098__fab0000_comp02_ez.f32__c0034__dt-f32/chunk_0,1000000,38,spspeed,primary,0.140768006,-1,1.08888093,39.205167,1
fields/00098__plt00098__fab0000_comp02_ez.f32__c0042__dt-f32/chunk_0,1000000,2,ans shuffle=byte,primary,0.311839998,-1,2.17899958,20.9808128,1
fields/00098__plt00098__fab0000_comp02_ez.f32__c0050__dt-f32/chunk_0,1000000,2,ans shuffle=byte,primary,0.228223994,-1,5.03150642,10.1512337,1
fields/00098__plt00098__fab0000_comp02_ez.f32__c0038__dt-f32/chunk_0,1000000,38,spspeed,primary,0.0562239997,-1,1.08360572,39.304958,1
fields/00098__plt00098__fab0000_comp02_ez.f32__c0058__dt-f32/chunk_0,1000000,2,ans shuffle=byte,primary,0.243072003,-1,5.03354735,10.1618793,1
fields/00098__plt00098__fab0000_comp02_ez.f32__c0062__dt-f32/chunk_0,1000000,2,ans shuffle=byte,primary,0.228448004,-1,5.00376269,10.2309748,1
fields/00098__plt00098__fab0000_comp02_ez.f32__c0046__dt-f32/chunk_0,1000000,2,ans shuffle=byte,primary,0.421631992,-1,5.03046847,10.3463715,1
fields/00099__plt00099__fab0000_comp02_ez.f32__c0002__dt-f32/chunk_0,1000000,2,ans shuffle=byte,primary,0.218464002,-1,5.03264141,10.140227,1
fields/00098__plt00098__fab0000_comp02_ez.f32__c0054__dt-f32/chunk_0,1000000,2,ans shuffle=byte,primary,0.252191991,-1,5.03027541,10.1754692,1
fields/00099__plt00099__fab0000_comp02_ez.f32__c0006__dt-f32/chunk_0,1000000,2,ans shuffle=byte,primary,0.234975994,-1,5.03334197,10.1557805,1
fields/00099__plt00099__fab0000_comp02_ez.f32__c0014__dt-f32/chunk_0,1000000,2,ans shuffle=byte,primary,0.221760005,-1,5.03137363,10.1437444,1
fields/00099__plt00099__fab0000_comp02_ez.f32__c0010__dt-f32/chunk_0,1000000,2,ans shuffle=byte,primary,0.232096002,-1,5.03107187,10.1549445,1
fields/00099__plt00099__fab0000_comp02_ez.f32__c0018__dt-f32/chunk_0,1000000,2,ans shuffle=byte,primary,0.244736001,-1,5.03165128,10.1679246,1
fields/00099__plt00099__fab0000_comp02_ez.f32__c0022__dt-f32/chunk_0,1000000,29,ndzip,primary,0.0757760033,-1,1.05356992,40.4174158,1
fields/00099__plt00099__fab0000_comp02_ez.f32__c0030__dt-f32/chunk_0,1000000,38,spspeed,primary,0.0566079989,-1,1.10559251,38.5446063,1
fields/00099__plt00099__fab0000_comp02_ez.f32__c0026__dt-f32/chunk_0,1000000,38,spspeed,primary,0.0664639995,-1,1.08651605,39.2120968,1
fields/00099__plt00099__fab0000_comp02_ez.f32__c0038__dt-f32/chunk_0,1000000,38,spspeed,primary,0.0858879983,-1,1.08403142,39.3193028,1
fields/00099__plt00099__fab0000_comp02_ez.f32__c0050__dt-f32/chunk_0,1000000,2,ans shuffle=byte,primary,0.235839993,-1,5.03150642,10.1588497,1
fields/00099__plt00099__fab0000_comp02_ez.f32__c0034__dt-f32/chunk_0,1000000,38,spspeed,primary,0.0662399977,-1,1.08892616,39.1290735,1
fields/00099__plt00099__fab0000_comp02_ez.f32__c0058__dt-f32/chunk_0,1000000,2,ans shuffle=byte,primary,0.216095999,-1,5.03354735,10.1349033,1
fields/00099__plt00099__fab0000_comp02_ez.f32__c0042__dt-f32/chunk_0,1000000,2,ans shuffle=byte,primary,0.246720001,-1,1.9888247,22.7413897,1
fields/00099__plt00099__fab0000_comp02_ez.f32__c0062__dt-f32/chunk_0,1000000,2,ans shuffle=byte,primary,0.232639998,-1,5.00376269,10.2351668,1
fields/00099__plt00099__fab0000_comp02_ez.f32__c0046__dt-f32/chunk_0,1000000,2,ans shuffle=byte,primary,0.238912001,-1,5.03046847,10.1636515,1
fields/00099__plt00099__fab0000_comp02_ez.f32__c0054__dt-f32/chunk_0,1000000,2,ans shuffle=byte,primary,0.226303995,-1,5.03027541,10.1495812,1
fields/00100__plt00100__fab0000_comp02_ez.f32__c0006__dt-f32/chunk_0,1000000,2,ans shuffle=byte,primary,0.223583996,-1,5.03334197,10.1443885,1
fields/00100__plt00100__fab0000_comp02_ez.f32__c0010__dt-f32/chunk_0,1000000,2,ans shuffle=byte,primary,0.223360002,-1,5.03107187,10.1462085,1
fields/00100__plt00100__fab0000_comp02_ez.f32__c0002__dt-f32/chunk_0,1000000,2,ans shuffle=byte,primary,0.208384007,-1,5.03264141,10.130147,1
fields/00100__plt00100__fab0000_comp02_ez.f32__c0014__dt-f32/chunk_0,1000000,2,ans shuffle=byte,primary,0.220032007,-1,5.03137363,10.1420164,1
fields/00100__plt00100__fab0000_comp02_ez.f32__c0018__dt-f32/chunk_0,1000000,2,ans shuffle=byte,primary,0.259680003,-1,5.03165128,10.1828686,1
fields/00100__plt00100__fab0000_comp02_ez.f32__c0022__dt-f32/chunk_0,1000000,29,ndzip,primary,0.0829439983,-1,1.05468367,40.3844959,1
fields/00100__plt00100__fab0000_comp02_ez.f32__c0026__dt-f32/chunk_0,1000000,38,spspeed,primary,0.0653759986,-1,1.08660162,39.20805,1
fields/00100__plt00100__fab0000_comp02_ez.f32__c0030__dt-f32/chunk_0,1000000,38,spspeed,primary,0.138464004,-1,1.10573708,38.6214717,1
fields/00100__plt00100__fab0000_comp02_ez.f32__c0042__dt-f32/chunk_0,1000000,2,ans shuffle=byte,primary,0.243072003,-1,1.82925887,24.5693767,1
fields/00100__plt00100__fab0000_comp02_ez.f32__c0038__dt-f32/chunk_0,1000000,38,spspeed,primary,0.0633279979,-1,1.08426008,39.2884171,1
fields/00100__plt00100__fab0000_comp02_ez.f32__c0062__dt-f32/chunk_0,1000000,2,ans shuffle=byte,primary,0.228799999,-1,5.00376269,10.2313268,1
fields/00100__plt00100__fab0000_comp02_ez.f32__c0054__dt-f32/chunk_0,1000000,2,ans shuffle=byte,primary,0.220320001,-1,5.03027541,10.1435972,1
fields/00100__plt00100__fab0000_comp02_ez.f32__c0046__dt-f32/chunk_0,1000000,2,ans shuffle=byte,primary,0.236000001,-1,5.03046847,10.1607395,1
fields/00100__plt00100__fab0000_comp02_ez.f32__c0034__dt-f32/chunk_0,1000000,38,spspeed,primary,0.0559680015,-1,1.08874978,39.1250896,1
fields/00100__plt00100__fab0000_comp02_ez.f32__c0050__dt-f32/chunk_0,1000000,2,ans shuffle=byte,primary,0.633535981,-1,5.03150642,10.5565457,1
fields/00100__plt00100__fab0000_comp02_ez.f32__c0058__dt-f32/chunk_0,1000000,2,ans shuffle=byte,primary,0.152032003,-1,5.03354735,10.0708393,1
