blob,bytes,fnv1a64,lib,codec,ratio,stored,compress_ms,preproc_ms,h2d_ms,decompress_ms,rc,stored_ratio
fields/00000__plt00000__fab0000_comp00_density.f32__c0005__dt-f32/chunk_0,4194304,25ae67bc6597e778,24,np-setting,1.3129,3194720,2.46067,0,0,-1,0,1.31289
fields/00000__plt00000__fab0000_comp00_density.f32__c0013__dt-f32/chunk_0,4194304,5d6db896c7eef68f,24,np-setting,1.3129,3194720,4.02253,0,0,-1,0,1.31289
fields/00001__plt00000__fab0000_comp01_rho_E.f32__c0005__dt-f32/chunk_0,4194304,e002ddbb27a22325,24,np-setting,13.8521,302816,2.04288,0,0,-1,0,13.851
fields/00001__plt00000__fab0000_comp01_rho_E.f32__c0013__dt-f32/chunk_0,4194304,e002ddbb27a22325,24,np-setting,13.8521,302816,3.17946,0,0,-1,0,13.851
fields/00002__plt00000__fab0000_comp02_logden.f32__c0005__dt-f32/chunk_0,4194304,3552e96903626bd2,24,np-setting,1.13113,3708086,2.77098,0,0,-1,0,1.13112
fields/00002__plt00000__fab0000_comp02_logden.f32__c0013__dt-f32/chunk_0,4194304,e23bd9a8fbbe4292,24,np-setting,1.13112,3708110,1.93946,0,0,-1,0,1.13112
fields/00003__plt00001__fab0000_comp00_density.f32__c0005__dt-f32/chunk_0,4194304,25ae67bc6597e778,24,np-setting,1.3129,3194720,2.12387,0,0,-1,0,1.31289
fields/00003__plt00001__fab0000_comp00_density.f32__c0013__dt-f32/chunk_0,4194304,5d6db896c7eef68f,24,np-setting,1.3129,3194720,1.8152,0,0,-1,0,1.31289
fields/00004__plt00001__fab0000_comp01_rho_E.f32__c0005__dt-f32/chunk_0,4194304,e002ddbb27a22325,24,np-setting,13.8521,302816,2.41587,0,0,-1,0,13.851
fields/00004__plt00001__fab0000_comp01_rho_E.f32__c0013__dt-f32/chunk_0,4194304,e002ddbb27a22325,24,np-setting,13.8521,302816,1.4231,0,0,-1,0,13.851
fields/00005__plt00001__fab0000_comp02_logden.f32__c0005__dt-f32/chunk_0,4194304,3552e96903626bd2,24,np-setting,1.13113,3708086,1.56704,0,0,-1,0,1.13112
fields/00005__plt00001__fab0000_comp02_logden.f32__c0013__dt-f32/chunk_0,4194304,e23bd9a8fbbe4292,24,np-setting,1.13112,3708110,2.12013,0,0,-1,0,1.13112
fields/00006__plt00002__fab0000_comp00_density.f32__c0005__dt-f32/chunk_0,4194304,25ae67bc6597e778,24,np-setting,1.3129,3194720,1.50867,0,0,-1,0,1.31289
fields/00006__plt00002__fab0000_comp00_density.f32__c0013__dt-f32/chunk_0,4194304,5d6db896c7eef68f,24,np-setting,1.3129,3194720,1.07616,0,0,-1,0,1.31289
fields/00007__plt00002__fab0000_comp01_rho_E.f32__c0005__dt-f32/chunk_0,4194304,e002ddbb27a22325,24,np-setting,13.8521,302816,2.1512,0,0,-1,0,13.851
fields/00007__plt00002__fab0000_comp01_rho_E.f32__c0013__dt-f32/chunk_0,4194304,e002ddbb27a22325,24,np-setting,13.8521,302816,6.0872,0,0,-1,0,13.851
fields/00008__plt00002__fab0000_comp02_logden.f32__c0005__dt-f32/chunk_0,4194304,3552e96903626bd2,24,np-setting,1.13113,3708086,3.00765,0,0,-1,0,1.13112
fields/00008__plt00002__fab0000_comp02_logden.f32__c0013__dt-f32/chunk_0,4194304,e23bd9a8fbbe4292,24,np-setting,1.13112,3708110,0.970656,0,0,-1,0,1.13112
fields/00009__plt00003__fab0000_comp00_density.f32__c0005__dt-f32/chunk_0,4194304,25ae67bc6597e778,24,np-setting,1.3129,3194720,2.0527,0,0,-1,0,1.31289
fields/00009__plt00003__fab0000_comp00_density.f32__c0013__dt-f32/chunk_0,4194304,5d6db896c7eef68f,24,np-setting,1.3129,3194720,1.64938,0,0,-1,0,1.31289
fields/00010__plt00003__fab0000_comp01_rho_E.f32__c0005__dt-f32/chunk_0,4194304,e002ddbb27a22325,24,np-setting,13.8521,302816,2.01523,0,0,-1,0,13.851
fields/00010__plt00003__fab0000_comp01_rho_E.f32__c0013__dt-f32/chunk_0,4194304,e002ddbb27a22325,24,np-setting,13.8521,302816,2.05078,0,0,-1,0,13.851
fields/00011__plt00003__fab0000_comp02_logden.f32__c0005__dt-f32/chunk_0,4194304,3552e96903626bd2,24,np-setting,1.13113,3708086,3.24982,0,0,-1,0,1.13112
fields/00011__plt00003__fab0000_comp02_logden.f32__c0013__dt-f32/chunk_0,4194304,e23bd9a8fbbe4292,24,np-setting,1.13112,3708110,2.90429,0,0,-1,0,1.13112
fields/00012__plt00004__fab0000_comp00_density.f32__c0005__dt-f32/chunk_0,4194304,25ae67bc6597e778,24,np-setting,1.3129,3194720,2.16931,0,0,-1,0,1.31289
fields/00012__plt00004__fab0000_comp00_density.f32__c0013__dt-f32/chunk_0,4194304,5d6db896c7eef68f,24,np-setting,1.3129,3194720,1.38163,0,0,-1,0,1.31289
fields/00013__plt00004__fab0000_comp01_rho_E.f32__c0005__dt-f32/chunk_0,4194304,e002ddbb27a22325,24,np-setting,13.8521,302816,2.74592,0,0,-1,0,13.851
fields/00013__plt00004__fab0000_comp01_rho_E.f32__c0013__dt-f32/chunk_0,4194304,e002ddbb27a22325,24,np-setting,13.8521,302816,1.37498,0,0,-1,0,13.851
fields/00014__plt00004__fab0000_comp02_logden.f32__c0005__dt-f32/chunk_0,4194304,3552e96903626bd2,24,np-setting,1.13113,3708086,2.75062,0,0,-1,0,1.13112
fields/00014__plt00004__fab0000_comp02_logden.f32__c0013__dt-f32/chunk_0,4194304,e23bd9a8fbbe4292,24,np-setting,1.13112,3708110,1.43434,0,0,-1,0,1.13112
fields/00015__plt00005__fab0000_comp00_density.f32__c0005__dt-f32/chunk_0,4194304,25ae67bc6597e778,24,np-setting,1.3129,3194720,3.09322,0,0,-1,0,1.31289
fields/00015__plt00005__fab0000_comp00_density.f32__c0013__dt-f32/chunk_0,4194304,5d6db896c7eef68f,24,np-setting,1.3129,3194720,1.68864,0,0,-1,0,1.31289
fields/00016__plt00005__fab0000_comp01_rho_E.f32__c0005__dt-f32/chunk_0,4194304,e002ddbb27a22325,24,np-setting,13.8521,302816,1.15523,0,0,-1,0,13.851
fields/00016__plt00005__fab0000_comp01_rho_E.f32__c0013__dt-f32/chunk_0,4194304,e002ddbb27a22325,24,np-setting,13.8521,302816,1.68787,0,0,-1,0,13.851
fields/00017__plt00005__fab0000_comp02_logden.f32__c0005__dt-f32/chunk_0,4194304,3552e96903626bd2,24,np-setting,1.13113,3708086,2.24368,0,0,-1,0,1.13112
fields/00017__plt00005__fab0000_comp02_logden.f32__c0013__dt-f32/chunk_0,4194304,e23bd9a8fbbe4292,24,np-setting,1.13112,3708110,0.806048,0,0,-1,0,1.13112
fields/00018__plt00006__fab0000_comp00_density.f32__c0005__dt-f32/chunk_0,4194304,25ae67bc6597e778,24,np-setting,1.3129,3194720,0.758432,0,0,-1,0,1.31289
fields/00018__plt00006__fab0000_comp00_density.f32__c0013__dt-f32/chunk_0,4194304,5d6db896c7eef68f,24,np-setting,1.3129,3194720,3.75814,0,0,-1,0,1.31289
fields/00019__plt00006__fab0000_comp01_rho_E.f32__c0005__dt-f32/chunk_0,4194304,e002ddbb27a22325,24,np-setting,13.8521,302816,2.3552,0,0,-1,0,13.851
fields/00019__plt00006__fab0000_comp01_rho_E.f32__c0013__dt-f32/chunk_0,4194304,e002ddbb27a22325,24,np-setting,13.8521,302816,2.37261,0,0,-1,0,13.851
fields/00020__plt00006__fab0000_comp02_logden.f32__c0005__dt-f32/chunk_0,4194304,3552e96903626bd2,24,np-setting,1.13113,3708086,3.74435,0,0,-1,0,1.13112
fields/00020__plt00006__fab0000_comp02_logden.f32__c0013__dt-f32/chunk_0,4194304,e23bd9a8fbbe4292,24,np-setting,1.13112,3708110,2.37277,0,0,-1,0,1.13112
fields/00021__plt00007__fab0000_comp00_density.f32__c0005__dt-f32/chunk_0,4194304,25ae67bc6597e778,24,np-setting,1.3129,3194720,2.63555,0,0,-1,0,1.31289
fields/00021__plt00007__fab0000_comp00_density.f32__c0013__dt-f32/chunk_0,4194304,5d6db896c7eef68f,24,np-setting,1.3129,3194720,5.8232,0,0,-1,0,1.31289
fields/00022__plt00007__fab0000_comp01_rho_E.f32__c0005__dt-f32/chunk_0,4194304,e002ddbb27a22325,24,np-setting,13.8521,302816,0.963456,0,0,-1,0,13.851
fields/00022__plt00007__fab0000_comp01_rho_E.f32__c0013__dt-f32/chunk_0,4194304,e002ddbb27a22325,24,np-setting,13.8521,302816,2.34042,0,0,-1,0,13.851
fields/00023__plt00007__fab0000_comp02_logden.f32__c0005__dt-f32/chunk_0,4194304,3552e96903626bd2,24,np-setting,1.13113,3708086,2.2736,0,0,-1,0,1.13112
fields/00023__plt00007__fab0000_comp02_logden.f32__c0013__dt-f32/chunk_0,4194304,e23bd9a8fbbe4292,24,np-setting,1.13112,3708110,3.38026,0,0,-1,0,1.13112
fields/00024__plt00008__fab0000_comp00_density.f32__c0005__dt-f32/chunk_0,4194304,25ae67bc6597e778,24,np-setting,1.3129,3194720,1.74115,0,0,-1,0,1.31289
fields/00024__plt00008__fab0000_comp00_density.f32__c0013__dt-f32/chunk_0,4194304,5d6db896c7eef68f,24,np-setting,1.3129,3194720,2.67651,0,0,-1,0,1.31289
fields/00025__plt00008__fab0000_comp01_rho_E.f32__c0005__dt-f32/chunk_0,4194304,e002ddbb27a22325,24,np-setting,13.8521,302816,2.7809,0,0,-1,0,13.851
fields/00025__plt00008__fab0000_comp01_rho_E.f32__c0013__dt-f32/chunk_0,4194304,e002ddbb27a22325,24,np-setting,13.8521,302816,3.0343,0,0,-1,0,13.851
fields/00026__plt00008__fab0000_comp02_logden.f32__c0005__dt-f32/chunk_0,4194304,3552e96903626bd2,24,np-setting,1.13113,3708086,2.92128,0,0,-1,0,1.13112
fields/00026__plt00008__fab0000_comp02_logden.f32__c0013__dt-f32/chunk_0,4194304,e23bd9a8fbbe4292,24,np-setting,1.13112,3708110,2.39622,0,0,-1,0,1.13112
fields/00027__plt00009__fab0000_comp00_density.f32__c0005__dt-f32/chunk_0,4194304,25ae67bc6597e778,24,np-setting,1.3129,3194720,2.38061,0,0,-1,0,1.31289
fields/00027__plt00009__fab0000_comp00_density.f32__c0013__dt-f32/chunk_0,4194304,5d6db896c7eef68f,24,np-setting,1.3129,3194720,0.632832,0,0,-1,0,1.31289
fields/00028__plt00009__fab0000_comp01_rho_E.f32__c0005__dt-f32/chunk_0,4194304,e002ddbb27a22325,24,np-setting,13.8521,302816,0.628544,0,0,-1,0,13.851
fields/00028__plt00009__fab0000_comp01_rho_E.f32__c0013__dt-f32/chunk_0,4194304,e002ddbb27a22325,24,np-setting,13.8521,302816,1.3561,0,0,-1,0,13.851
fields/00029__plt00009__fab0000_comp02_logden.f32__c0005__dt-f32/chunk_0,4194304,3552e96903626bd2,24,np-setting,1.13113,3708086,0.500224,0,0,-1,0,1.13112
fields/00029__plt00009__fab0000_comp02_logden.f32__c0013__dt-f32/chunk_0,4194304,e23bd9a8fbbe4292,24,np-setting,1.13112,3708110,2.71542,0,0,-1,0,1.13112
fields/00030__plt00010__fab0000_comp00_density.f32__c0005__dt-f32/chunk_0,4194304,25ae67bc6597e778,24,np-setting,1.3129,3194720,2.7456,0,0,-1,0,1.31289
fields/00030__plt00010__fab0000_comp00_density.f32__c0013__dt-f32/chunk_0,4194304,5d6db896c7eef68f,24,np-setting,1.3129,3194720,2.93635,0,0,-1,0,1.31289
fields/00031__plt00010__fab0000_comp01_rho_E.f32__c0005__dt-f32/chunk_0,4194304,e002ddbb27a22325,24,np-setting,13.8521,302816,1.34838,0,0,-1,0,13.851
fields/00031__plt00010__fab0000_comp01_rho_E.f32__c0013__dt-f32/chunk_0,4194304,e002ddbb27a22325,24,np-setting,13.8521,302816,3.03552,0,0,-1,0,13.851
fields/00032__plt00010__fab0000_comp02_logden.f32__c0005__dt-f32/chunk_0,4194304,3552e96903626bd2,24,np-setting,1.13113,3708086,1.43878,0,0,-1,0,1.13112
fields/00032__plt00010__fab0000_comp02_logden.f32__c0013__dt-f32/chunk_0,4194304,e23bd9a8fbbe4292,24,np-setting,1.13112,3708110,2.95107,0,0,-1,0,1.13112
fields/00033__plt00011__fab0000_comp00_density.f32__c0005__dt-f32/chunk_0,4194304,25ae67bc6597e778,24,np-setting,1.3129,3194720,3.3335,0,0,-1,0,1.31289
fields/00033__plt00011__fab0000_comp00_density.f32__c0013__dt-f32/chunk_0,4194304,5d6db896c7eef68f,24,np-setting,1.3129,3194720,1.58042,0,0,-1,0,1.31289
fields/00034__plt00011__fab0000_comp01_rho_E.f32__c0005__dt-f32/chunk_0,4194304,e002ddbb27a22325,24,np-setting,13.8521,302816,2.74285,0,0,-1,0,13.851
fields/00034__plt00011__fab0000_comp01_rho_E.f32__c0013__dt-f32/chunk_0,4194304,e002ddbb27a22325,24,np-setting,13.8521,302816,1.2609,0,0,-1,0,13.851
fields/00035__plt00011__fab0000_comp02_logden.f32__c0005__dt-f32/chunk_0,4194304,3552e96903626bd2,24,np-setting,1.13113,3708086,4.29517,0,0,-1,0,1.13112
fields/00035__plt00011__fab0000_comp02_logden.f32__c0013__dt-f32/chunk_0,4194304,e23bd9a8fbbe4292,24,np-setting,1.13112,3708110,2.0201,0,0,-1,0,1.13112
fields/00036__plt00012__fab0000_comp00_density.f32__c0005__dt-f32/chunk_0,4194304,25ae67bc6597e778,24,np-setting,1.3129,3194720,3.82758,0,0,-1,0,1.31289
fields/00036__plt00012__fab0000_comp00_density.f32__c0013__dt-f32/chunk_0,4194304,5d6db896c7eef68f,24,np-setting,1.3129,3194720,3.10688,0,0,-1,0,1.31289
fields/00037__plt00012__fab0000_comp01_rho_E.f32__c0005__dt-f32/chunk_0,4194304,e002ddbb27a22325,24,np-setting,13.8521,302816,3.90275,0,0,-1,0,13.851
fields/00037__plt00012__fab0000_comp01_rho_E.f32__c0013__dt-f32/chunk_0,4194304,e002ddbb27a22325,24,np-setting,13.8521,302816,3.34355,0,0,-1,0,13.851
fields/00038__plt00012__fab0000_comp02_logden.f32__c0005__dt-f32/chunk_0,4194304,3552e96903626bd2,24,np-setting,1.13113,3708086,2.93942,0,0,-1,0,1.13112
fields/00038__plt00012__fab0000_comp02_logden.f32__c0013__dt-f32/chunk_0,4194304,e23bd9a8fbbe4292,24,np-setting,1.13112,3708110,3.91926,0,0,-1,0,1.13112
fields/00039__plt00013__fab0000_comp00_density.f32__c0005__dt-f32/chunk_0,4194304,25ae67bc6597e778,24,np-setting,1.3129,3194720,2.93485,0,0,-1,0,1.31289
fields/00039__plt00013__fab0000_comp00_density.f32__c0013__dt-f32/chunk_0,4194304,5d6db896c7eef68f,24,np-setting,1.3129,3194720,3.47392,0,0,-1,0,1.31289
fields/00040__plt00013__fab0000_comp01_rho_E.f32__c0005__dt-f32/chunk_0,4194304,e002ddbb27a22325,24,np-setting,13.8521,302816,3.87408,0,0,-1,0,13.851
fields/00040__plt00013__fab0000_comp01_rho_E.f32__c0013__dt-f32/chunk_0,4194304,e002ddbb27a22325,24,np-setting,13.8521,302816,3.70822,0,0,-1,0,13.851
fields/00041__plt00013__fab0000_comp02_logden.f32__c0005__dt-f32/chunk_0,4194304,3552e96903626bd2,24,np-setting,1.13113,3708086,3.48947,0,0,-1,0,1.13112
fields/00041__plt00013__fab0000_comp02_logden.f32__c0013__dt-f32/chunk_0,4194304,e23bd9a8fbbe4292,24,np-setting,1.13112,3708110,0.924192,0,0,-1,0,1.13112
fields/00042__plt00014__fab0000_comp00_density.f32__c0005__dt-f32/chunk_0,4194304,25ae67bc6597e778,24,np-setting,1.3129,3194720,6.47837,0,0,-1,0,1.31289
fields/00042__plt00014__fab0000_comp00_density.f32__c0013__dt-f32/chunk_0,4194304,5d6db896c7eef68f,24,np-setting,1.3129,3194720,2.16528,0,0,-1,0,1.31289
fields/00043__plt00014__fab0000_comp01_rho_E.f32__c0005__dt-f32/chunk_0,4194304,e002ddbb27a22325,24,np-setting,13.8521,302816,1.32422,0,0,-1,0,13.851
fields/00043__plt00014__fab0000_comp01_rho_E.f32__c0013__dt-f32/chunk_0,4194304,e002ddbb27a22325,24,np-setting,13.8521,302816,2.10448,0,0,-1,0,13.851
fields/00044__plt00014__fab0000_comp02_logden.f32__c0005__dt-f32/chunk_0,4194304,3552e96903626bd2,24,np-setting,1.13113,3708086,3.4009,0,0,-1,0,1.13112
fields/00044__plt00014__fab0000_comp02_logden.f32__c0013__dt-f32/chunk_0,4194304,e23bd9a8fbbe4292,24,np-setting,1.13112,3708110,3.38109,0,0,-1,0,1.13112
fields/00045__plt00015__fab0000_comp00_density.f32__c0005__dt-f32/chunk_0,4194304,25ae67bc6597e778,24,np-setting,1.3129,3194720,2.98022,0,0,-1,0,1.31289
fields/00045__plt00015__fab0000_comp00_density.f32__c0013__dt-f32/chunk_0,4194304,5d6db896c7eef68f,24,np-setting,1.3129,3194720,2.94413,0,0,-1,0,1.31289
fields/00046__plt00015__fab0000_comp01_rho_E.f32__c0005__dt-f32/chunk_0,4194304,e002ddbb27a22325,24,np-setting,13.8521,302816,3.65555,0,0,-1,0,13.851
fields/00046__plt00015__fab0000_comp01_rho_E.f32__c0013__dt-f32/chunk_0,4194304,e002ddbb27a22325,24,np-setting,13.8521,302816,3.04755,0,0,-1,0,13.851
fields/00047__plt00015__fab0000_comp02_logden.f32__c0005__dt-f32/chunk_0,4194304,3552e96903626bd2,24,np-setting,1.13113,3708086,3.67184,0,0,-1,0,1.13112
fields/00047__plt00015__fab0000_comp02_logden.f32__c0013__dt-f32/chunk_0,4194304,e23bd9a8fbbe4292,24,np-setting,1.13112,3708110,1.66157,0,0,-1,0,1.13112
fields/00048__plt00016__fab0000_comp00_density.f32__c0005__dt-f32/chunk_0,4194304,25ae67bc6597e778,24,np-setting,1.3129,3194720,3.35766,0,0,-1,0,1.31289
fields/00048__plt00016__fab0000_comp00_density.f32__c0013__dt-f32/chunk_0,4194304,5d6db896c7eef68f,24,np-setting,1.3129,3194720,3.88954,0,0,-1,0,1.31289
fields/00049__plt00016__fab0000_comp01_rho_E.f32__c0005__dt-f32/chunk_0,4194304,e002ddbb27a22325,24,np-setting,13.8521,302816,2.78019,0,0,-1,0,13.851
fields/00049__plt00016__fab0000_comp01_rho_E.f32__c0013__dt-f32/chunk_0,4194304,e002ddbb27a22325,24,np-setting,13.8521,302816,0.389312,0,0,-1,0,13.851
fields/00050__plt00016__fab0000_comp02_logden.f32__c0005__dt-f32/chunk_0,4194304,3552e96903626bd2,24,np-setting,1.13113,3708086,1.86141,0,0,-1,0,1.13112
fields/00050__plt00016__fab0000_comp02_logden.f32__c0013__dt-f32/chunk_0,4194304,e23bd9a8fbbe4292,24,np-setting,1.13112,3708110,0.264576,0,0,-1,0,1.13112
fields/00051__plt00017__fab0000_comp00_density.f32__c0005__dt-f32/chunk_0,4194304,25ae67bc6597e778,24,np-setting,1.3129,3194720,0.514528,0,0,-1,0,1.31289
fields/00051__plt00017__fab0000_comp00_density.f32__c0013__dt-f32/chunk_0,4194304,5d6db896c7eef68f,24,np-setting,1.3129,3194720,0.658624,0,0,-1,0,1.31289
fields/00052__plt00017__fab0000_comp01_rho_E.f32__c0005__dt-f32/chunk_0,4194304,e002ddbb27a22325,24,np-setting,13.8521,302816,2.11581,0,0,-1,0,13.851
fields/00052__plt00017__fab0000_comp01_rho_E.f32__c0013__dt-f32/chunk_0,4194304,e002ddbb27a22325,24,np-setting,13.8521,302816,4.12909,0,0,-1,0,13.851
fields/00053__plt00017__fab0000_comp02_logden.f32__c0005__dt-f32/chunk_0,4194304,3552e96903626bd2,24,np-setting,1.13113,3708086,3.24429,0,0,-1,0,1.13112
fields/00053__plt00017__fab0000_comp02_logden.f32__c0013__dt-f32/chunk_0,4194304,e23bd9a8fbbe4292,24,np-setting,1.13112,3708110,2.91786,0,0,-1,0,1.13112
fields/00054__plt00018__fab0000_comp00_density.f32__c0005__dt-f32/chunk_0,4194304,25ae67bc6597e778,24,np-setting,1.3129,3194720,2.9527,0,0,-1,0,1.31289
fields/00054__plt00018__fab0000_comp00_density.f32__c0013__dt-f32/chunk_0,4194304,5d6db896c7eef68f,24,np-setting,1.3129,3194720,3.16989,0,0,-1,0,1.31289
fields/00055__plt00018__fab0000_comp01_rho_E.f32__c0005__dt-f32/chunk_0,4194304,e002ddbb27a22325,24,np-setting,13.8521,302816,1.30429,0,0,-1,0,13.851
fields/00055__plt00018__fab0000_comp01_rho_E.f32__c0013__dt-f32/chunk_0,4194304,e002ddbb27a22325,24,np-setting,13.8521,302816,1.38144,0,0,-1,0,13.851
fields/00056__plt00018__fab0000_comp02_logden.f32__c0005__dt-f32/chunk_0,4194304,3552e96903626bd2,24,np-setting,1.13113,3708086,1.91056,0,0,-1,0,1.13112
fields/00056__plt00018__fab0000_comp02_logden.f32__c0013__dt-f32/chunk_0,4194304,e23bd9a8fbbe4292,24,np-setting,1.13112,3708110,2.23728,0,0,-1,0,1.13112
fields/00057__plt00019__fab0000_comp00_density.f32__c0005__dt-f32/chunk_0,4194304,25ae67bc6597e778,24,np-setting,1.3129,3194720,2.46355,0,0,-1,0,1.31289
fields/00057__plt00019__fab0000_comp00_density.f32__c0013__dt-f32/chunk_0,4194304,5d6db896c7eef68f,24,np-setting,1.3129,3194720,2.45766,0,0,-1,0,1.31289
fields/00058__plt00019__fab0000_comp01_rho_E.f32__c0005__dt-f32/chunk_0,4194304,e002ddbb27a22325,24,np-setting,13.8521,302816,4.01187,0,0,-1,0,13.851
fields/00058__plt00019__fab0000_comp01_rho_E.f32__c0013__dt-f32/chunk_0,4194304,e002ddbb27a22325,24,np-setting,13.8521,302816,4.46122,0,0,-1,0,13.851
fields/00059__plt00019__fab0000_comp02_logden.f32__c0005__dt-f32/chunk_0,4194304,3552e96903626bd2,24,np-setting,1.13113,3708086,3.476,0,0,-1,0,1.13112
fields/00059__plt00019__fab0000_comp02_logden.f32__c0013__dt-f32/chunk_0,4194304,e23bd9a8fbbe4292,24,np-setting,1.13112,3708110,2.83565,0,0,-1,0,1.13112
fields/00060__plt00020__fab0000_comp00_density.f32__c0005__dt-f32/chunk_0,4194304,114a337296daf380,24,np-setting,1.3129,3194720,4.02093,0,0,-1,0,1.31289
fields/00060__plt00020__fab0000_comp00_density.f32__c0013__dt-f32/chunk_0,4194304,5d6db896c7eef68f,24,np-setting,1.3129,3194720,3.98304,0,0,-1,0,1.31289
fields/00061__plt00020__fab0000_comp01_rho_E.f32__c0005__dt-f32/chunk_0,4194304,b094a4a9c0d826f4,24,np-setting,13.8098,303744,2.3801,0,0,-1,0,13.8087
fields/00061__plt00020__fab0000_comp01_rho_E.f32__c0013__dt-f32/chunk_0,4194304,e002ddbb27a22325,24,np-setting,13.8521,302816,13.3918,0,0,-1,0,13.851
fields/00062__plt00020__fab0000_comp02_logden.f32__c0005__dt-f32/chunk_0,4194304,d409547676dab452,24,np-setting,1.13113,3708102,3.36746,0,0,-1,0,1.13112
fields/00062__plt00020__fab0000_comp02_logden.f32__c0013__dt-f32/chunk_0,4194304,e23bd9a8fbbe4292,24,np-setting,1.13112,3708110,3.63696,0,0,-1,0,1.13112
fields/00063__plt00021__fab0000_comp00_density.f32__c0005__dt-f32/chunk_0,4194304,4ff81b9e61b4f206,24,np-setting,1.3129,3194712,2.38765,0,0,-1,0,1.31289
fields/00063__plt00021__fab0000_comp00_density.f32__c0013__dt-f32/chunk_0,4194304,5d6db896c7eef68f,24,np-setting,1.3129,3194720,3.77376,0,0,-1,0,1.31289
fields/00064__plt00021__fab0000_comp01_rho_E.f32__c0005__dt-f32/chunk_0,4194304,a2d1c850276076c6,24,np-setting,13.7214,305700,1.49136,0,0,-1,0,13.7203
fields/00064__plt00021__fab0000_comp01_rho_E.f32__c0013__dt-f32/chunk_0,4194304,e002ddbb27a22325,24,np-setting,13.8521,302816,3.75533,0,0,-1,0,13.851
fields/00065__plt00021__fab0000_comp02_logden.f32__c0005__dt-f32/chunk_0,4194304,b1a3aaf4d2b96e30,24,np-setting,1.13113,3708098,3.74906,0,0,-1,0,1.13112
fields/00065__plt00021__fab0000_comp02_logden.f32__c0013__dt-f32/chunk_0,4194304,e23bd9a8fbbe4292,24,np-setting,1.13112,3708110,2.38176,0,0,-1,0,1.13112
fields/00066__plt00022__fab0000_comp00_density.f32__c0005__dt-f32/chunk_0,4194304,7e89fa00d06a067a,24,np-setting,1.31288,3194760,2.61082,0,0,-1,0,1.31287
fields/00066__plt00022__fab0000_comp00_density.f32__c0013__dt-f32/chunk_0,4194304,5d6db896c7eef68f,24,np-setting,1.3129,3194720,4.23405,0,0,-1,0,1.31289
fields/00067__plt00022__fab0000_comp01_rho_E.f32__c0005__dt-f32/chunk_0,4194304,b14f2b6fbfe7d2e6,24,np-setting,13.4218,312524,4.1567,0,0,-1,0,13.4207
fields/00067__plt00022__fab0000_comp01_rho_E.f32__c0013__dt-f32/chunk_0,4194304,e002ddbb27a22325,24,np-setting,13.8521,302816,3.34979,0,0,-1,0,13.851
fields/00068__plt00022__fab0000_comp02_logden.f32__c0005__dt-f32/chunk_0,4194304,1d71e3a6b5b91689,24,np-setting,1.13114,3708042,3.09763,0,0,-1,0,1.13114
fields/00068__plt00022__fab0000_comp02_logden.f32__c0013__dt-f32/chunk_0,4194304,e23bd9a8fbbe4292,24,np-setting,1.13112,3708110,2.30362,0,0,-1,0,1.13112
fields/00069__plt00023__fab0000_comp00_density.f32__c0005__dt-f32/chunk_0,4194304,a55ca323ac153070,24,np-setting,1.31279,3194968,2.30643,0,0,-1,0,1.31278
fields/00069__plt00023__fab0000_comp00_density.f32__c0013__dt-f32/chunk_0,4194304,5d6db896c7eef68f,24,np-setting,1.3129,3194720,2.44794,0,0,-1,0,1.31289
fields/00070__plt00023__fab0000_comp01_rho_E.f32__c0005__dt-f32/chunk_0,4194304,970ad373ed04d379,24,np-setting,13.0214,322132,3.15229,0,0,-1,0,13.0205
fields/00070__plt00023__fab0000_comp01_rho_E.f32__c0013__dt-f32/chunk_0,4194304,e002ddbb27a22325,24,np-setting,13.8521,302816,3.3161,0,0,-1,0,13.851
fields/00071__plt00023__fab0000_comp02_logden.f32__c0005__dt-f32/chunk_0,4194304,dedb2ae66c16f7a3,24,np-setting,1.13116,3708002,2.22096,0,0,-1,0,1.13115
fields/00071__plt00023__fab0000_comp02_logden.f32__c0013__dt-f32/chunk_0,4194304,e23bd9a8fbbe4292,24,np-setting,1.13112,3708110,1.6847,0,0,-1,0,1.13112
fields/00072__plt00024__fab0000_comp00_density.f32__c0005__dt-f32/chunk_0,4194304,51c33101669f6a14,24,np-setting,1.31238,3195968,2.16227,0,0,-1,0,1.31237
fields/00072__plt00024__fab0000_comp00_density.f32__c0013__dt-f32/chunk_0,4194304,5d6db896c7eef68f,24,np-setting,1.3129,3194720,1.32352,0,0,-1,0,1.31289
fields/00073__plt00024__fab0000_comp01_rho_E.f32__c0005__dt-f32/chunk_0,4194304,ff2abaedc9a9afe4,24,np-setting,12.6216,332336,0.91712,0,0,-1,0,12.6207
fields/00073__plt00024__fab0000_comp01_rho_E.f32__c0013__dt-f32/chunk_0,4194304,e002ddbb27a22325,24,np-setting,13.8521,302816,0.9368,0,0,-1,0,13.851
fields/00074__plt00024__fab0000_comp02_logden.f32__c0005__dt-f32/chunk_0,4194304,d682e90857da5ba0,24,np-setting,1.13113,3708102,3.42618,0,0,-1,0,1.13112
fields/00074__plt00024__fab0000_comp02_logden.f32__c0013__dt-f32/chunk_0,4194304,e23bd9a8fbbe4292,24,np-setting,1.13112,3708110,3.65283,0,0,-1,0,1.13112
fields/00075__plt00025__fab0000_comp00_density.f32__c0005__dt-f32/chunk_0,4194304,2db8e6bfb8bb1909,24,np-setting,1.31188,3197184,2.6001,0,0,-1,0,1.31187
fields/00075__plt00025__fab0000_comp00_density.f32__c0013__dt-f32/chunk_0,4194304,5d6db896c7eef68f,24,np-setting,1.3129,3194720,3.96336,0,0,-1,0,1.31289
fields/00076__plt00025__fab0000_comp01_rho_E.f32__c0005__dt-f32/chunk_0,4194304,af21dfee1cf3fba0,24,np-setting,12.2798,341584,2.41373,0,0,-1,0,12.279
fields/00076__plt00025__fab0000_comp01_rho_E.f32__c0013__dt-f32/chunk_0,4194304,e002ddbb27a22325,24,np-setting,13.8521,302816,2.06877,0,0,-1,0,13.851
fields/00077__plt00025__fab0000_comp02_logden.f32__c0005__dt-f32/chunk_0,4194304,7cc88eb9a4fc04d6,24,np-setting,1.13113,3708086,3.67482,0,0,-1,0,1.13112
fields/00077__plt00025__fab0000_comp02_logden.f32__c0013__dt-f32/chunk_0,4194304,e23bd9a8fbbe4292,24,np-setting,1.13112,3708110,2.89354,0,0,-1,0,1.13112
fields/00078__plt00026__fab0000_comp00_density.f32__c0005__dt-f32/chunk_0,4194304,28fbe714a4b83828,24,np-setting,1.31126,3198716,3.6625,0,0,-1,0,1.31125
fields/00078__plt00026__fab0000_comp00_density.f32__c0013__dt-f32/chunk_0,4194304,5d6db896c7eef68f,24,np-setting,1.3129,3194720,2.37523,0,0,-1,0,1.31289
fields/00079__plt00026__fab0000_comp01_rho_E.f32__c0005__dt-f32/chunk_0,4194304,36399575bb5660ea,24,np-setting,11.8032,355376,1.87139,0,0,-1,0,11.8024
fields/00079__plt00026__fab0000_comp01_rho_E.f32__c0013__dt-f32/chunk_0,4194304,e002ddbb27a22325,24,np-setting,13.8521,302816,3.14653,0,0,-1,0,13.851
fields/00080__plt00026__fab0000_comp02_logden.f32__c0005__dt-f32/chunk_0,4194304,52a834b739b459c4,24,np-setting,1.13111,3708158,3.6,0,0,-1,0,1.1311
fields/00080__plt00026__fab0000_comp02_logden.f32__c0013__dt-f32/chunk_0,4194304,e23bd9a8fbbe4292,24,np-setting,1.13112,3708110,2.71584,0,0,-1,0,1.13112
fields/00081__plt00027__fab0000_comp00_density.f32__c0005__dt-f32/chunk_0,4194304,e73b12b4ad9060f0,24,np-setting,1.31052,3200516,2.0993,0,0,-1,0,1.31051
fields/00081__plt00027__fab0000_comp00_density.f32__c0013__dt-f32/chunk_0,4194304,5d6db896c7eef68f,24,np-setting,1.3129,3194720,3.93776,0,0,-1,0,1.31289
fields/00082__plt00027__fab0000_comp01_rho_E.f32__c0005__dt-f32/chunk_0,4194304,f1646bcacb400fae,24,np-setting,11.3889,368304,3.94051,0,0,-1,0,11.3882
fields/00082__plt00027__fab0000_comp01_rho_E.f32__c0013__dt-f32/chunk_0,4194304,e002ddbb27a22325,24,np-setting,13.8521,302816,3.04006,0,0,-1,0,13.851
fields/00083__plt00027__fab0000_comp02_logden.f32__c0005__dt-f32/chunk_0,4194304,79ac3cf5406d6cd6,24,np-setting,1.1311,3708202,2.55693,0,0,-1,0,1.13109
fields/00083__plt00027__fab0000_comp02_logden.f32__c0013__dt-f32/chunk_0,4194304,e23bd9a8fbbe4292,24,np-setting,1.13112,3708110,3.56829,0,0,-1,0,1.13112
fields/00084__plt00028__fab0000_comp00_density.f32__c0005__dt-f32/chunk_0,4194304,311d43081bbd89c6,24,np-setting,1.30988,3202076,2.67664,0,0,-1,0,1.30987
fields/00084__plt00028__fab0000_comp00_density.f32__c0013__dt-f32/chunk_0,4194304,5d6db896c7eef68f,24,np-setting,1.3129,3194720,4.20541,0,0,-1,0,1.31289
fields/00085__plt00028__fab0000_comp01_rho_E.f32__c0005__dt-f32/chunk_0,4194304,ad4bf73295238810,24,np-setting,11.0523,379520,11.0169,0,0,-1,0,11.0516
fields/00085__plt00028__fab0000_comp01_rho_E.f32__c0013__dt-f32/chunk_0,4194304,e002ddbb27a22325,24,np-setting,13.8521,302816,8.88976,0,0,-1,0,13.851
fields/00086__plt00028__fab0000_comp02_logden.f32__c0005__dt-f32/chunk_0,4194304,5b3e062e496cfb0b,24,np-setting,1.13113,3708080,1.62131,0,0,-1,0,1.13113
fields/00086__plt00028__fab0000_comp02_logden.f32__c0013__dt-f32/chunk_0,4194304,e23bd9a8fbbe4292,24,np-setting,1.13112,3708110,3.768,0,0,-1,0,1.13112
fields/00087__plt00029__fab0000_comp00_density.f32__c0005__dt-f32/chunk_0,4194304,7253fe6fa5776dfd,24,np-setting,1.30894,3204376,2.0848,0,0,-1,0,1.30893
fields/00087__plt00029__fab0000_comp00_density.f32__c0013__dt-f32/chunk_0,4194304,5d6db896c7eef68f,24,np-setting,1.3129,3194720,2.07498,0,0,-1,0,1.31289
fields/00088__plt00029__fab0000_comp01_rho_E.f32__c0005__dt-f32/chunk_0,4194304,bba2c87c2970a6b5,24,np-setting,10.6634,393360,3.54394,0,0,-1,0,10.6628
fields/00088__plt00029__fab0000_comp01_rho_E.f32__c0013__dt-f32/chunk_0,4194304,e002ddbb27a22325,24,np-setting,13.8521,302816,3.524,0,0,-1,0,13.851
fields/00089__plt00029__fab0000_comp02_logden.f32__c0005__dt-f32/chunk_0,4194304,d2f5aced559f6f8f,24,np-setting,1.13108,3708244,2.57446,0,0,-1,0,1.13108
fields/00089__plt00029__fab0000_comp02_logden.f32__c0013__dt-f32/chunk_0,4194304,e23bd9a8fbbe4292,24,np-setting,1.13112,3708110,2.30675,0,0,-1,0,1.13112
fields/00090__plt00030__fab0000_comp00_density.f32__c0005__dt-f32/chunk_0,4194304,e9200315ddc0632,24,np-setting,1.30824,3206084,3.20259,0,0,-1,0,1.30823
fields/00090__plt00030__fab0000_comp00_density.f32__c0013__dt-f32/chunk_0,4194304,5d6db896c7eef68f,24,np-setting,1.3129,3194720,1.91357,0,0,-1,0,1.31289
fields/00091__plt00030__fab0000_comp01_rho_E.f32__c0005__dt-f32/chunk_0,4194304,1f37d0faefc261f4,24,np-setting,10.3329,405940,1.05411,0,0,-1,0,10.3323
fields/00091__plt00030__fab0000_comp01_rho_E.f32__c0013__dt-f32/chunk_0,4194304,e002ddbb27a22325,24,np-setting,13.8521,302816,2.10182,0,0,-1,0,13.851
fields/00092__plt00030__fab0000_comp02_logden.f32__c0005__dt-f32/chunk_0,4194304,47cbebc20f6db339,24,np-setting,1.13125,3707684,1.30634,0,0,-1,0,1.13125
fields/00092__plt00030__fab0000_comp02_logden.f32__c0013__dt-f32/chunk_0,4194304,e23bd9a8fbbe4292,24,np-setting,1.13112,3708110,2.83488,0,0,-1,0,1.13112
fields/00093__plt00031__fab0000_comp00_density.f32__c0005__dt-f32/chunk_0,4194304,8046adab08233bf1,24,np-setting,1.30726,3208496,0.607328,0,0,-1,0,1.30725
fields/00093__plt00031__fab0000_comp00_density.f32__c0013__dt-f32/chunk_0,4194304,5d6db896c7eef68f,24,np-setting,1.3129,3194720,2.65882,0,0,-1,0,1.31289
fields/00094__plt00031__fab0000_comp01_rho_E.f32__c0005__dt-f32/chunk_0,4194304,d83a563c46988e1d,24,np-setting,9.99758,419556,1.01674,0,0,-1,0,9.99701
fields/00094__plt00031__fab0000_comp01_rho_E.f32__c0013__dt-f32/chunk_0,4194304,e002ddbb27a22325,24,np-setting,13.8521,302816,4.07245,0,0,-1,0,13.851
fields/00095__plt00031__fab0000_comp02_logden.f32__c0005__dt-f32/chunk_0,4194304,9c2750cd7acf939e,24,np-setting,1.13117,3707964,2.66755,0,0,-1,0,1.13116
fields/00095__plt00031__fab0000_comp02_logden.f32__c0013__dt-f32/chunk_0,4194304,e23bd9a8fbbe4292,24,np-setting,1.13112,3708110,3.24435,0,0,-1,0,1.13112
fields/00096__plt00032__fab0000_comp00_density.f32__c0005__dt-f32/chunk_0,4194304,79ccb7ce1a5812e8,24,np-setting,1.30661,3210092,2.83789,0,0,-1,0,1.3066
fields/00096__plt00032__fab0000_comp00_density.f32__c0013__dt-f32/chunk_0,4194304,5d6db896c7eef68f,24,np-setting,1.3129,3194720,2.77802,0,0,-1,0,1.31289
fields/00097__plt00032__fab0000_comp01_rho_E.f32__c0005__dt-f32/chunk_0,4194304,8a7bf5adb244cd79,24,np-setting,9.62924,435604,1.70746,0,0,-1,0,9.62871
fields/00097__plt00032__fab0000_comp01_rho_E.f32__c0013__dt-f32/chunk_0,4194304,e002ddbb27a22325,24,np-setting,13.8521,302816,1.28262,0,0,-1,0,13.851
fields/00098__plt00032__fab0000_comp02_logden.f32__c0005__dt-f32/chunk_0,4194304,79ae0abf9d15327,24,np-setting,1.13122,3707796,2.33162,0,0,-1,0,1.13121
fields/00098__plt00032__fab0000_comp02_logden.f32__c0013__dt-f32/chunk_0,4194304,e23bd9a8fbbe4292,24,np-setting,1.13112,3708110,3.21795,0,0,-1,0,1.13112
fields/00099__plt00033__fab0000_comp00_density.f32__c0005__dt-f32/chunk_0,4194304,70b6ed20ffc5b2d5,24,np-setting,1.30555,3212692,3.03005,0,0,-1,0,1.30554
fields/00099__plt00033__fab0000_comp00_density.f32__c0013__dt-f32/chunk_0,4194304,5d6db896c7eef68f,24,np-setting,1.3129,3194720,3.01014,0,0,-1,0,1.31289
fields/00100__plt00033__fab0000_comp01_rho_E.f32__c0005__dt-f32/chunk_0,4194304,bd6d147097112d0d,24,np-setting,9.32416,449856,1.54723,0,0,-1,0,9.32366
fields/00100__plt00033__fab0000_comp01_rho_E.f32__c0013__dt-f32/chunk_0,4194304,e002ddbb27a22325,24,np-setting,13.8521,302816,1.56198,0,0,-1,0,13.851
fields/00101__plt00033__fab0000_comp02_logden.f32__c0005__dt-f32/chunk_0,4194304,42a3f06cf4edf496,24,np-setting,1.13129,3707580,2.63587,0,0,-1,0,1.13128
fields/00101__plt00033__fab0000_comp02_logden.f32__c0013__dt-f32/chunk_0,4194304,e23bd9a8fbbe4292,24,np-setting,1.13112,3708110,7.0073,0,0,-1,0,1.13112
fields/00102__plt00034__fab0000_comp00_density.f32__c0005__dt-f32/chunk_0,4194304,d46cfaf18c893d22,24,np-setting,1.30453,3215204,2.0087,0,0,-1,0,1.30452
fields/00102__plt00034__fab0000_comp00_density.f32__c0013__dt-f32/chunk_0,4194304,5d6db896c7eef68f,24,np-setting,1.3129,3194720,1.61046,0,0,-1,0,1.31289
fields/00103__plt00034__fab0000_comp01_rho_E.f32__c0005__dt-f32/chunk_0,4194304,794adbe94c14df07,24,np-setting,8.97784,467208,4.09805,0,0,-1,0,8.97738
fields/00103__plt00034__fab0000_comp01_rho_E.f32__c0013__dt-f32/chunk_0,4194304,e002ddbb27a22325,24,np-setting,13.8521,302816,1.55763,0,0,-1,0,13.851
fields/00104__plt00034__fab0000_comp02_logden.f32__c0005__dt-f32/chunk_0,4194304,b8996746043df100,24,np-setting,1.13118,3707924,2.86874,0,0,-1,0,1.13117
fields/00104__plt00034__fab0000_comp02_logden.f32__c0013__dt-f32/chunk_0,4194304,e23bd9a8fbbe4292,24,np-setting,1.13112,3708110,3.86496,0,0,-1,0,1.13112
fields/00105__plt00035__fab0000_comp00_density.f32__c0005__dt-f32/chunk_0,4194304,8f11aef3c8d5b080,24,np-setting,1.30345,3217876,1.61254,0,0,-1,0,1.30344
fields/00105__plt00035__fab0000_comp00_density.f32__c0013__dt-f32/chunk_0,4194304,5d6db896c7eef68f,24,np-setting,1.3129,3194720,3.9145,0,0,-1,0,1.31289
fields/00106__plt00035__fab0000_comp01_rho_E.f32__c0005__dt-f32/chunk_0,4194304,d12e9b8a999ef56d,24,np-setting,8.68213,483120,2.10858,0,0,-1,0,8.6817
fields/00106__plt00035__fab0000_comp01_rho_E.f32__c0013__dt-f32/chunk_0,4194304,e002ddbb27a22325,24,np-setting,13.8521,302816,1.75984,0,0,-1,0,13.851
fields/00107__plt00035__fab0000_comp02_logden.f32__c0005__dt-f32/chunk_0,4194304,3acd96371911f33a,24,np-setting,1.13116,3707980,1.58573,0,0,-1,0,1.13116
fields/00107__plt00035__fab0000_comp02_logden.f32__c0013__dt-f32/chunk_0,4194304,e23bd9a8fbbe4292,24,np-setting,1.13112,3708110,1.5615,0,0,-1,0,1.13112
fields/00108__plt00036__fab0000_comp00_density.f32__c0005__dt-f32/chunk_0,4194304,a06fcaed3356d92,24,np-setting,1.30233,3220640,1.88147,0,0,-1,0,1.30232
fields/00108__plt00036__fab0000_comp00_density.f32__c0013__dt-f32/chunk_0,4194304,5d6db896c7eef68f,24,np-setting,1.3129,3194720,2.73805,0,0,-1,0,1.31289
fields/00109__plt00036__fab0000_comp01_rho_E.f32__c0005__dt-f32/chunk_0,4194304,814c3bd142120b40,24,np-setting,8.38552,500208,1.87674,0,0,-1,0,8.38512
fields/00109__plt00036__fab0000_comp01_rho_E.f32__c0013__dt-f32/chunk_0,4194304,e002ddbb27a22325,24,np-setting,13.8521,302816,2.26202,0,0,-1,0,13.851
fields/00110__plt00036__fab0000_comp02_logden.f32__c0005__dt-f32/chunk_0,4194304,297bc981a36469aa,24,np-setting,1.13099,3708564,2.64749,0,0,-1,0,1.13098
fields/00110__plt00036__fab0000_comp02_logden.f32__c0013__dt-f32/chunk_0,4194304,e23bd9a8fbbe4292,24,np-setting,1.13112,3708110,2.33062,0,0,-1,0,1.13112
fields/00111__plt00037__fab0000_comp00_density.f32__c0005__dt-f32/chunk_0,4194304,5b18befc0e100e65,24,np-setting,1.30133,3223104,2.21315,0,0,-1,0,1.30132
fields/00111__plt00037__fab0000_comp00_density.f32__c0013__dt-f32/chunk_0,4194304,5d6db896c7eef68f,24,np-setting,1.3129,3194720,2.58333,0,0,-1,0,1.31289
fields/00112__plt00037__fab0000_comp01_rho_E.f32__c0005__dt-f32/chunk_0,4194304,607de7a73a662584,24,np-setting,8.06901,519828,3.22957,0,0,-1,0,8.06864
fields/00112__plt00037__fab0000_comp01_rho_E.f32__c0013__dt-f32/chunk_0,4194304,e002ddbb27a22325,24,np-setting,13.8521,302816,3.06288,0,0,-1,0,13.851
fields/00113__plt00037__fab0000_comp02_logden.f32__c0005__dt-f32/chunk_0,4194304,11cd0a91a5fe2954,24,np-setting,1.13091,3708816,3.00925,0,0,-1,0,1.1309
fields/00113__plt00037__fab0000_comp02_logden.f32__c0013__dt-f32/chunk_0,4194304,e23bd9a8fbbe4292,24,np-setting,1.13112,3708110,1.69222,0,0,-1,0,1.13112
fields/00114__plt00038__fab0000_comp00_density.f32__c0005__dt-f32/chunk_0,4194304,5c63945916905093,24,np-setting,1.30008,3226212,1.92099,0,0,-1,0,1.30007
fields/00114__plt00038__fab0000_comp00_density.f32__c0013__dt-f32/chunk_0,4194304,5d6db896c7eef68f,24,np-setting,1.3129,3194720,1.87658,0,0,-1,0,1.31289
fields/00115__plt00038__fab0000_comp01_rho_E.f32__c0005__dt-f32/chunk_0,4194304,de1db1394e0cc0f7,24,np-setting,7.79054,538408,2.38499,0,0,-1,0,7.7902
fields/00115__plt00038__fab0000_comp01_rho_E.f32__c0013__dt-f32/chunk_0,4194304,e002ddbb27a22325,24,np-setting,13.8521,302816,2.75533,0,0,-1,0,13.851
fields/00116__plt00038__fab0000_comp02_logden.f32__c0005__dt-f32/chunk_0,4194304,9f6e0e6b22b7f49,24,np-setting,1.13079,3709192,1.98134,0,0,-1,0,1.13079
fields/00116__plt00038__fab0000_comp02_logden.f32__c0013__dt-f32/chunk_0,4194304,e23bd9a8fbbe4292,24,np-setting,1.13112,3708110,2.21126,0,0,-1,0,1.13112
fields/00117__plt00039__fab0000_comp00_density.f32__c0005__dt-f32/chunk_0,4194304,3ff04c9d3cfc9522,24,np-setting,1.29854,3230048,2.77571,0,0,-1,0,1.29853
fields/00117__plt00039__fab0000_comp00_density.f32__c0013__dt-f32/chunk_0,4194304,5d6db896c7eef68f,24,np-setting,1.3129,3194720,3.37654,0,0,-1,0,1.31289
fields/00118__plt00039__fab0000_comp01_rho_E.f32__c0005__dt-f32/chunk_0,4194304,4458e6c925c69b8,24,np-setting,7.50382,558980,3.11482,0,0,-1,0,7.5035
fields/00118__plt00039__fab0000_comp01_rho_E.f32__c0013__dt-f32/chunk_0,4194304,e002ddbb27a22325,24,np-setting,13.8521,302816,3.16413,0,0,-1,0,13.851
fields/00119__plt00039__fab0000_comp02_logden.f32__c0005__dt-f32/chunk_0,4194304,2ca240ed915c85e2,24,np-setting,1.13053,3710044,3.29347,0,0,-1,0,1.13053
fields/00119__plt00039__fab0000_comp02_logden.f32__c0013__dt-f32/chunk_0,4194304,e23bd9a8fbbe4292,24,np-setting,1.13112,3708110,1.35302,0,0,-1,0,1.13112
fields/00120__plt00040__fab0000_comp00_density.f32__c0005__dt-f32/chunk_0,4194304,7b82e483aa0067db,24,np-setting,1.29711,3233596,2.69686,0,0,-1,0,1.2971
fields/00120__plt00040__fab0000_comp00_density.f32__c0013__dt-f32/chunk_0,4194304,5d6db896c7eef68f,24,np-setting,1.3129,3194720,2.67546,0,0,-1,0,1.31289
fields/00121__plt00040__fab0000_comp01_rho_E.f32__c0005__dt-f32/chunk_0,4194304,48f7668e2bbe117c,24,np-setting,7.2915,575256,3.10083,0,0,-1,0,7.2912
fields/00121__plt00040__fab0000_comp01_rho_E.f32__c0013__dt-f32/chunk_0,4194304,e002ddbb27a22325,24,np-setting,13.8521,302816,2.31472,0,0,-1,0,13.851
fields/00122__plt00040__fab0000_comp02_logden.f32__c0005__dt-f32/chunk_0,4194304,f50ce297d2ca861e,24,np-setting,1.13032,3710752,2.99229,0,0,-1,0,1.13031
fields/00122__plt00040__fab0000_comp02_logden.f32__c0013__dt-f32/chunk_0,4194304,e23bd9a8fbbe4292,24,np-setting,1.13112,3708110,5.0697,0,0,-1,0,1.13112
fields/00123__plt00041__fab0000_comp00_density.f32__c0005__dt-f32/chunk_0,4194304,67162ba347d963aa,24,np-setting,1.29585,3236744,2.37494,0,0,-1,0,1.29584
fields/00123__plt00041__fab0000_comp00_density.f32__c0013__dt-f32/chunk_0,4194304,5d6db896c7eef68f,24,np-setting,1.3129,3194720,1.70147,0,0,-1,0,1.31289
fields/00124__plt00041__fab0000_comp01_rho_E.f32__c0005__dt-f32/chunk_0,4194304,d1a08a1c23bd4bc9,24,np-setting,7.08948,591648,3.30294,0,0,-1,0,7.08919
fields/00124__plt00041__fab0000_comp01_rho_E.f32__c0013__dt-f32/chunk_0,4194304,e002ddbb27a22325,24,np-setting,13.8521,302816,2.50813,0,0,-1,0,13.851
fields/00125__plt00041__fab0000_comp02_logden.f32__c0005__dt-f32/chunk_0,4194304,560740291b604c67,24,np-setting,1.13015,3711292,2.07328,0,0,-1,0,1.13015
fields/00125__plt00041__fab0000_comp02_logden.f32__c0013__dt-f32/chunk_0,4194304,e23bd9a8fbbe4292,24,np-setting,1.13112,3708110,3.60653,0,0,-1,0,1.13112
fields/00126__plt00042__fab0000_comp00_density.f32__c0005__dt-f32/chunk_0,4194304,adb81930920a256c,24,np-setting,1.29446,3240212,3.3248,0,0,-1,0,1.29445
fields/00126__plt00042__fab0000_comp00_density.f32__c0013__dt-f32/chunk_0,4194304,5d6db896c7eef68f,24,np-setting,1.3129,3194720,2.1064,0,0,-1,0,1.31289
fields/00127__plt00042__fab0000_comp01_rho_E.f32__c0005__dt-f32/chunk_0,4194304,dde03d66db18635,24,np-setting,6.92271,605900,1.52595,0,0,-1,0,6.92244
fields/00127__plt00042__fab0000_comp01_rho_E.f32__c0013__dt-f32/chunk_0,4194304,e002ddbb27a22325,24,np-setting,13.8521,302816,1.51683,0,0,-1,0,13.851
fields/00128__plt00042__fab0000_comp02_logden.f32__c0005__dt-f32/chunk_0,4194304,16192a212386c405,24,np-setting,1.12997,3711894,3.07597,0,0,-1,0,1.12996
fields/00128__plt00042__fab0000_comp02_logden.f32__c0013__dt-f32/chunk_0,4194304,e23bd9a8fbbe4292,24,np-setting,1.13112,3708110,3.27584,0,0,-1,0,1.13112
fields/00129__plt00043__fab0000_comp00_density.f32__c0005__dt-f32/chunk_0,4194304,ab5ee6a12069ee0,24,np-setting,1.29348,3242668,1.71603,0,0,-1,0,1.29347
fields/00129__plt00043__fab0000_comp00_density.f32__c0013__dt-f32/chunk_0,4194304,5d6db896c7eef68f,24,np-setting,1.3129,3194720,2.40512,0,0,-1,0,1.31289
fields/00130__plt00043__fab0000_comp01_rho_E.f32__c0005__dt-f32/chunk_0,4194304,3ee8a852cf51b39b,24,np-setting,6.76278,620228,1.96822,0,0,-1,0,6.76252
fields/00130__plt00043__fab0000_comp01_rho_E.f32__c0013__dt-f32/chunk_0,4194304,e002ddbb27a22325,24,np-setting,13.8521,302816,1.37402,0,0,-1,0,13.851
fields/00131__plt00043__fab0000_comp02_logden.f32__c0005__dt-f32/chunk_0,4194304,2cff7bfac22d2fba,24,np-setting,1.12972,3712702,4.23994,0,0,-1,0,1.12972
fields/00131__plt00043__fab0000_comp02_logden.f32__c0013__dt-f32/chunk_0,4194304,e23bd9a8fbbe4292,24,np-setting,1.13112,3708110,2.66314,0,0,-1,0,1.13112
fields/00132__plt00044__fab0000_comp00_density.f32__c0005__dt-f32/chunk_0,4194304,5910d3b1a49cead7,24,np-setting,1.29251,3245100,2.6449,0,0,-1,0,1.2925
fields/00132__plt00044__fab0000_comp00_density.f32__c0013__dt-f32/chunk_0,4194304,5d6db896c7eef68f,24,np-setting,1.3129,3194720,2.93798,0,0,-1,0,1.31289
fields/00133__plt00044__fab0000_comp01_rho_E.f32__c0005__dt-f32/chunk_0,4194304,d6d4ceaabd142e22,24,np-setting,6.61091,634476,2.28557,0,0,-1,0,6.61066
fields/00133__plt00044__fab0000_comp01_rho_E.f32__c0013__dt-f32/chunk_0,4194304,e002ddbb27a22325,24,np-setting,13.8521,302816,2.43722,0,0,-1,0,13.851
fields/00134__plt00044__fab0000_comp02_logden.f32__c0005__dt-f32/chunk_0,4194304,cb0afbc6daf234af,24,np-setting,1.12956,3713256,2.86982,0,0,-1,0,1.12955
fields/00134__plt00044__fab0000_comp02_logden.f32__c0013__dt-f32/chunk_0,4194304,e23bd9a8fbbe4292,24,np-setting,1.13112,3708110,2.14499,0,0,-1,0,1.13112
fields/00135__plt00045__fab0000_comp00_density.f32__c0005__dt-f32/chunk_0,4194304,50f9924088feda45,24,np-setting,1.29165,3247280,2.19939,0,0,-1,0,1.29164
fields/00135__plt00045__fab0000_comp00_density.f32__c0013__dt-f32/chunk_0,4194304,5d6db896c7eef68f,24,np-setting,1.3129,3194720,5.46006,0,0,-1,0,1.31289
fields/00136__plt00045__fab0000_comp01_rho_E.f32__c0005__dt-f32/chunk_0,4194304,8e5968ea86dcbf5,24,np-setting,6.4667,648624,3.10435,0,0,-1,0,6.46646
fields/00136__plt00045__fab0000_comp01_rho_E.f32__c0013__dt-f32/chunk_0,4194304,e002ddbb27a22325,24,np-setting,13.8521,302816,2.17427,0,0,-1,0,13.851
fields/00137__plt00045__fab0000_comp02_logden.f32__c0005__dt-f32/chunk_0,4194304,b0d44d336e4ff811,24,np-setting,1.12938,3713834,2.95555,0,0,-1,0,1.12937
fields/00137__plt00045__fab0000_comp02_logden.f32__c0013__dt-f32/chunk_0,4194304,e23bd9a8fbbe4292,24,np-setting,1.13112,3708110,3.97392,0,0,-1,0,1.13112
fields/00138__plt00046__fab0000_comp00_density.f32__c0005__dt-f32/chunk_0,4194304,ae6f94bc4ee5d59c,24,np-setting,1.29091,3249140,4.75834,0,0,-1,0,1.2909
fields/00138__plt00046__fab0000_comp00_density.f32__c0013__dt-f32/chunk_0,4194304,5d6db896c7eef68f,24,np-setting,1.3129,3194720,3.67955,0,0,-1,0,1.31289
fields/00139__plt00046__fab0000_comp01_rho_E.f32__c0005__dt-f32/chunk_0,4194304,b1f0a7a2aaa45b1d,24,np-setting,6.32404,663256,4.07418,0,0,-1,0,6.32381
fields/00139__plt00046__fab0000_comp01_rho_E.f32__c0013__dt-f32/chunk_0,4194304,e002ddbb27a22325,24,np-setting,13.8521,302816,2.21152,0,0,-1,0,13.851
fields/00140__plt00046__fab0000_comp02_logden.f32__c0005__dt-f32/chunk_0,4194304,4def711cec29ad1d,24,np-setting,1.12928,3714166,3.70925,0,0,-1,0,1.12927
fields/00140__plt00046__fab0000_comp02_logden.f32__c0013__dt-f32/chunk_0,4194304,e23bd9a8fbbe4292,24,np-setting,1.13112,3708110,2.50205,0,0,-1,0,1.13112
fields/00141__plt00047__fab0000_comp00_density.f32__c0005__dt-f32/chunk_0,4194304,6271981f2cf39174,24,np-setting,1.29002,3251372,3.4073,0,0,-1,0,1.29001
fields/00141__plt00047__fab0000_comp00_density.f32__c0013__dt-f32/chunk_0,4194304,5d6db896c7eef68f,24,np-setting,1.3129,3194720,3.30122,0,0,-1,0,1.31289
fields/00142__plt00047__fab0000_comp01_rho_E.f32__c0005__dt-f32/chunk_0,4194304,1a0038af8625fd5e,24,np-setting,6.18822,677812,1.83907,0,0,-1,0,6.188
fields/00142__plt00047__fab0000_comp01_rho_E.f32__c0013__dt-f32/chunk_0,4194304,e002ddbb27a22325,24,np-setting,13.8521,302816,2.8568,0,0,-1,0,13.851
fields/00143__plt00047__fab0000_comp02_logden.f32__c0005__dt-f32/chunk_0,4194304,c43f4cdac41925f8,24,np-setting,1.12911,3714726,3.82288,0,0,-1,0,1.1291
fields/00143__plt00047__fab0000_comp02_logden.f32__c0013__dt-f32/chunk_0,4194304,e23bd9a8fbbe4292,24,np-setting,1.13112,3708110,2.30854,0,0,-1,0,1.13112
fields/00144__plt00048__fab0000_comp00_density.f32__c0005__dt-f32/chunk_0,4194304,95363d9781674520,24,np-setting,1.28937,3253016,3.04592,0,0,-1,0,1.28936
fields/00144__plt00048__fab0000_comp00_density.f32__c0013__dt-f32/chunk_0,4194304,5d6db896c7eef68f,24,np-setting,1.3129,3194720,3.97894,0,0,-1,0,1.31289
fields/00145__plt00048__fab0000_comp01_rho_E.f32__c0005__dt-f32/chunk_0,4194304,aee10e0bae829020,24,np-setting,6.0611,692028,1.99485,0,0,-1,0,6.06089
fields/00145__plt00048__fab0000_comp01_rho_E.f32__c0013__dt-f32/chunk_0,4194304,e002ddbb27a22325,24,np-setting,13.8521,302816,2.5464,0,0,-1,0,13.851
fields/00146__plt00048__fab0000_comp02_logden.f32__c0005__dt-f32/chunk_0,4194304,bb8be92135aff4a0,24,np-setting,1.12899,3715134,1.12355,0,0,-1,0,1.12898
fields/00146__plt00048__fab0000_comp02_logden.f32__c0013__dt-f32/chunk_0,4194304,e23bd9a8fbbe4292,24,np-setting,1.13112,3708110,4.00035,0,0,-1,0,1.13112
fields/00147__plt00049__fab0000_comp00_density.f32__c0005__dt-f32/chunk_0,4194304,46bfb70ca05cf,24,np-setting,1.2886,3254960,3.84749,0,0,-1,0,1.28859
fields/00147__plt00049__fab0000_comp00_density.f32__c0013__dt-f32/chunk_0,4194304,5d6db896c7eef68f,24,np-setting,1.3129,3194720,2.4625,0,0,-1,0,1.31289
fields/00148__plt00049__fab0000_comp01_rho_E.f32__c0005__dt-f32/chunk_0,4194304,396f3b809c71e1ca,24,np-setting,5.93872,706288,0.913088,0,0,-1,0,5.93852
fields/00148__plt00049__fab0000_comp01_rho_E.f32__c0013__dt-f32/chunk_0,4194304,e002ddbb27a22325,24,np-setting,13.8521,302816,1.56016,0,0,-1,0,13.851
fields/00149__plt00049__fab0000_comp02_logden.f32__c0005__dt-f32/chunk_0,4194304,605c63c83477f84a,24,np-setting,1.12876,3715876,0.87472,0,0,-1,0,1.12875
fields/00149__plt00049__fab0000_comp02_logden.f32__c0013__dt-f32/chunk_0,4194304,e23bd9a8fbbe4292,24,np-setting,1.13112,3708110,2.47773,0,0,-1,0,1.13112
fields/00150__plt00050__fab0000_comp00_density.f32__c0005__dt-f32/chunk_0,4194304,8ab1804c8b3e5374,24,np-setting,1.28782,3256920,3.94266,0,0,-1,0,1.28781
fields/00150__plt00050__fab0000_comp00_density.f32__c0013__dt-f32/chunk_0,4194304,5d6db896c7eef68f,24,np-setting,1.3129,3194720,3.544,0,0,-1,0,1.31289
fields/00151__plt00050__fab0000_comp01_rho_E.f32__c0005__dt-f32/chunk_0,4194304,2a4db1e7547ec53c,24,np-setting,5.81993,720704,3.9505,0,0,-1,0,5.81973
fields/00151__plt00050__fab0000_comp01_rho_E.f32__c0013__dt-f32/chunk_0,4194304,e002ddbb27a22325,24,np-setting,13.8521,302816,2.47738,0,0,-1,0,13.851
fields/00152__plt00050__fab0000_comp02_logden.f32__c0005__dt-f32/chunk_0,4194304,f996274d7d83be,24,np-setting,1.12854,3716606,3.12893,0,0,-1,0,1.12853
fields/00152__plt00050__fab0000_comp02_logden.f32__c0013__dt-f32/chunk_0,4194304,e23bd9a8fbbe4292,24,np-setting,1.13112,3708110,3.26147,0,0,-1,0,1.13112
fields/00153__plt00051__fab0000_comp00_density.f32__c0005__dt-f32/chunk_0,4194304,faea1cb7263fb8,24,np-setting,1.28703,3258924,2.95382,0,0,-1,0,1.28702
fields/00153__plt00051__fab0000_comp00_density.f32__c0013__dt-f32/chunk_0,4194304,5d6db896c7eef68f,24,np-setting,1.3129,3194720,1.90182,0,0,-1,0,1.31289
fields/00154__plt00051__fab0000_comp01_rho_E.f32__c0005__dt-f32/chunk_0,4194304,dc3e82865a014e75,24,np-setting,5.70607,735084,2.94614,0,0,-1,0,5.70588
fields/00154__plt00051__fab0000_comp01_rho_E.f32__c0013__dt-f32/chunk_0,4194304,e002ddbb27a22325,24,np-setting,13.8521,302816,4.3439,0,0,-1,0,13.851
fields/00155__plt00051__fab0000_comp02_logden.f32__c0005__dt-f32/chunk_0,4194304,c2b73fd4950833b3,24,np-setting,1.12838,3717114,1.65059,0,0,-1,0,1.12838
fields/00155__plt00051__fab0000_comp02_logden.f32__c0013__dt-f32/chunk_0,4194304,e23bd9a8fbbe4292,24,np-setting,1.13112,3708110,1.81392,0,0,-1,0,1.13112
fields/00156__plt00052__fab0000_comp00_density.f32__c0005__dt-f32/chunk_0,4194304,f350811f057af26e,24,np-setting,1.28631,3260756,4.04771,0,0,-1,0,1.2863
fields/00156__plt00052__fab0000_comp00_density.f32__c0013__dt-f32/chunk_0,4194304,5d6db896c7eef68f,24,np-setting,1.3129,3194720,4.8281,0,0,-1,0,1.31289
fields/00157__plt00052__fab0000_comp01_rho_E.f32__c0005__dt-f32/chunk_0,4194304,85ada607acc64046,24,np-setting,5.59649,749476,4.79782,0,0,-1,0,5.59632
fields/00157__plt00052__fab0000_comp01_rho_E.f32__c0013__dt-f32/chunk_0,4194304,e002ddbb27a22325,24,np-setting,13.8521,302816,3.70912,0,0,-1,0,13.851
fields/00158__plt00052__fab0000_comp02_logden.f32__c0005__dt-f32/chunk_0,4194304,7fd7749c36005cc3,24,np-setting,1.12819,3717762,3.9008,0,0,-1,0,1.12818
fields/00158__plt00052__fab0000_comp02_logden.f32__c0013__dt-f32/chunk_0,4194304,e23bd9a8fbbe4292,24,np-setting,1.13112,3708110,3.20848,0,0,-1,0,1.13112
fields/00159__plt00053__fab0000_comp00_density.f32__c0005__dt-f32/chunk_0,4194304,4e8b3ed3ccae8d4e,24,np-setting,1.28548,3262848,7.24243,0,0,-1,0,1.28547
fields/00159__plt00053__fab0000_comp00_density.f32__c0013__dt-f32/chunk_0,4194304,5d6db896c7eef68f,24,np-setting,1.3129,3194720,2.34003,0,0,-1,0,1.31289
fields/00160__plt00053__fab0000_comp01_rho_E.f32__c0005__dt-f32/chunk_0,4194304,cece5b2c90a43757,24,np-setting,5.49404,763452,1.7417,0,0,-1,0,5.49387
fields/00160__plt00053__fab0000_comp01_rho_E.f32__c0013__dt-f32/chunk_0,4194304,e002ddbb27a22325,24,np-setting,13.8521,302816,4.504,0,0,-1,0,13.851
fields/00161__plt00053__fab0000_comp02_logden.f32__c0005__dt-f32/chunk_0,4194304,22b2f66fe7c3d71,24,np-setting,1.12794,3718566,4.75709,0,0,-1,0,1.12794
fields/00161__plt00053__fab0000_comp02_logden.f32__c0013__dt-f32/chunk_0,4194304,e23bd9a8fbbe4292,24,np-setting,1.13112,3708110,2.13437,0,0,-1,0,1.13112
fields/00162__plt00054__fab0000_comp00_density.f32__c0005__dt-f32/chunk_0,4194304,a067952009080594,24,np-setting,1.28477,3264652,2.88512,0,0,-1,0,1.28476
fields/00162__plt00054__fab0000_comp00_density.f32__c0013__dt-f32/chunk_0,4194304,5d6db896c7eef68f,24,np-setting,1.3129,3194720,4.65718,0,0,-1,0,1.31289
fields/00163__plt00054__fab0000_comp01_rho_E.f32__c0005__dt-f32/chunk_0,4194304,2fb253083be2f144,24,np-setting,5.39236,777848,2.7232,0,0,-1,0,5.39219
fields/00163__plt00054__fab0000_comp01_rho_E.f32__c0013__dt-f32/chunk_0,4194304,e002ddbb27a22325,24,np-setting,13.8521,302816,5.53325,0,0,-1,0,13.851
fields/00164__plt00054__fab0000_comp02_logden.f32__c0005__dt-f32/chunk_0,4194304,5bdd6ddb3bd7d809,24,np-setting,1.12776,3719182,4.36666,0,0,-1,0,1.12775
fields/00164__plt00054__fab0000_comp02_logden.f32__c0013__dt-f32/chunk_0,4194304,e23bd9a8fbbe4292,24,np-setting,1.13112,3708110,2.17866,0,0,-1,0,1.13112
fields/00165__plt00055__fab0000_comp00_density.f32__c0005__dt-f32/chunk_0,4194304,a9e757d0ce99ae8,24,np-setting,1.28418,3266164,2.59581,0,0,-1,0,1.28417
fields/00165__plt00055__fab0000_comp00_density.f32__c0013__dt-f32/chunk_0,4194304,5d6db896c7eef68f,24,np-setting,1.3129,3194720,0.82624,0,0,-1,0,1.31289
fields/00166__plt00055__fab0000_comp01_rho_E.f32__c0005__dt-f32/chunk_0,4194304,248054a6a4a7eae1,24,np-setting,5.29699,791852,3.484,0,0,-1,0,5.29683
fields/00166__plt00055__fab0000_comp01_rho_E.f32__c0013__dt-f32/chunk_0,4194304,e002ddbb27a22325,24,np-setting,13.8521,302816,3.83846,0,0,-1,0,13.851
fields/00167__plt00055__fab0000_comp02_logden.f32__c0005__dt-f32/chunk_0,4194304,f6a1c4bccf39bebc,24,np-setting,1.1275,3720020,2.54515,0,0,-1,0,1.1275
fields/00167__plt00055__fab0000_comp02_logden.f32__c0013__dt-f32/chunk_0,4194304,e23bd9a8fbbe4292,24,np-setting,1.13112,3708110,3.6096,0,0,-1,0,1.13112
fields/00168__plt00056__fab0000_comp00_density.f32__c0005__dt-f32/chunk_0,4194304,9906a67d29493ba8,24,np-setting,1.28329,3268412,4.05962,0,0,-1,0,1.28328
fields/00168__plt00056__fab0000_comp00_density.f32__c0013__dt-f32/chunk_0,4194304,5d6db896c7eef68f,24,np-setting,1.3129,3194720,2.91046,0,0,-1,0,1.31289
fields/00169__plt00056__fab0000_comp01_rho_E.f32__c0005__dt-f32/chunk_0,4194304,a16722506954c3c2,24,np-setting,5.20825,805344,2.81622,0,0,-1,0,5.20809
fields/00169__plt00056__fab0000_comp01_rho_E.f32__c0013__dt-f32/chunk_0,4194304,e002ddbb27a22325,24,np-setting,13.8521,302816,3.2393,0,0,-1,0,13.851
fields/00170__plt00056__fab0000_comp02_logden.f32__c0005__dt-f32/chunk_0,4194304,df1721a045b7e39c,24,np-setting,1.1272,3721028,2.41453,0,0,-1,0,1.12719
fields/00170__plt00056__fab0000_comp02_logden.f32__c0013__dt-f32/chunk_0,4194304,e23bd9a8fbbe4292,24,np-setting,1.13112,3708110,1.27997,0,0,-1,0,1.13112
fields/00171__plt00057__fab0000_comp00_density.f32__c0005__dt-f32/chunk_0,4194304,c47090d4ccd0f13c,24,np-setting,1.28235,3270824,2.83805,0,0,-1,0,1.28234
fields/00171__plt00057__fab0000_comp00_density.f32__c0013__dt-f32/chunk_0,4194304,5d6db896c7eef68f,24,np-setting,1.3129,3194720,1.9512,0,0,-1,0,1.31289
fields/00172__plt00057__fab0000_comp01_rho_E.f32__c0005__dt-f32/chunk_0,4194304,f941e5f8d635fb2,24,np-setting,5.1216,818968,3.29043,0,0,-1,0,5.12145
fields/00172__plt00057__fab0000_comp01_rho_E.f32__c0013__dt-f32/chunk_0,4194304,e002ddbb27a22325,24,np-setting,13.8521,302816,3.30637,0,0,-1,0,13.851
fields/00173__plt00057__fab0000_comp02_logden.f32__c0005__dt-f32/chunk_0,4194304,eaa999026da10258,24,np-setting,1.12688,3722076,2.63626,0,0,-1,0,1.12687
fields/00173__plt00057__fab0000_comp02_logden.f32__c0013__dt-f32/chunk_0,4194304,e23bd9a8fbbe4292,24,np-setting,1.13112,3708110,2.67229,0,0,-1,0,1.13112
fields/00174__plt00058__fab0000_comp00_density.f32__c0005__dt-f32/chunk_0,4194304,fbe651af28cddfd2,24,np-setting,1.28164,3272628,16.9317,0,0,-1,0,1.28163
fields/00174__plt00058__fab0000_comp00_density.f32__c0013__dt-f32/chunk_0,4194304,5d6db896c7eef68f,24,np-setting,1.3129,3194720,1.97808,0,0,-1,0,1.31289
fields/00175__plt00058__fab0000_comp01_rho_E.f32__c0005__dt-f32/chunk_0,4194304,2f6bb9e6376430b4,24,np-setting,5.0384,832492,7.4223,0,0,-1,0,5.03825
fields/00175__plt00058__fab0000_comp01_rho_E.f32__c0013__dt-f32/chunk_0,4194304,e002ddbb27a22325,24,np-setting,13.8521,302816,1.10672,0,0,-1,0,13.851
fields/00176__plt00058__fab0000_comp02_logden.f32__c0005__dt-f32/chunk_0,4194304,5b6129dfa800e4ac,24,np-setting,1.12664,3722868,1.11002,0,0,-1,0,1.12663
fields/00176__plt00058__fab0000_comp02_logden.f32__c0013__dt-f32/chunk_0,4194304,e23bd9a8fbbe4292,24,np-setting,1.13112,3708110,2.11514,0,0,-1,0,1.13112
fields/00177__plt00059__fab0000_comp00_density.f32__c0005__dt-f32/chunk_0,4194304,a4f95b52eacd2021,24,np-setting,1.28085,3274640,3.80192,0,0,-1,0,1.28084
fields/00177__plt00059__fab0000_comp00_density.f32__c0013__dt-f32/chunk_0,4194304,5d6db896c7eef68f,24,np-setting,1.3129,3194720,4.62093,0,0,-1,0,1.31289
fields/00178__plt00059__fab0000_comp01_rho_E.f32__c0005__dt-f32/chunk_0,4194304,99480dc619e9e424,24,np-setting,4.95795,846000,4.1072,0,0,-1,0,4.95781
fields/00178__plt00059__fab0000_comp01_rho_E.f32__c0013__dt-f32/chunk_0,4194304,e002ddbb27a22325,24,np-setting,13.8521,302816,2.45798,0,0,-1,0,13.851
fields/00179__plt00059__fab0000_comp02_logden.f32__c0005__dt-f32/chunk_0,4194304,8f3eea836e4e0880,24,np-setting,1.12637,3723756,2.46067,0,0,-1,0,1.12636
fields/00179__plt00059__fab0000_comp02_logden.f32__c0013__dt-f32/chunk_0,4194304,e23bd9a8fbbe4292,24,np-setting,1.13112,3708110,2.93117,0,0,-1,0,1.13112
fields/00180__plt00060__fab0000_comp00_density.f32__c0005__dt-f32/chunk_0,4194304,d879b131d2f10126,24,np-setting,1.28005,3276708,3.05424,0,0,-1,0,1.28004
fields/00180__plt00060__fab0000_comp00_density.f32__c0013__dt-f32/chunk_0,4194304,5d6db896c7eef68f,24,np-setting,1.3129,3194720,7.7152,0,0,-1,0,1.31289
fields/00181__plt00060__fab0000_comp01_rho_E.f32__c0005__dt-f32/chunk_0,4194304,b401a06873a20dce,24,np-setting,4.87987,859536,3.32173,0,0,-1,0,4.87973
fields/00181__plt00060__fab0000_comp01_rho_E.f32__c0013__dt-f32/chunk_0,4194304,e002ddbb27a22325,24,np-setting,13.8521,302816,2.71517,0,0,-1,0,13.851
fields/00182__plt00060__fab0000_comp02_logden.f32__c0005__dt-f32/chunk_0,4194304,1e21c3e3de973035,24,np-setting,1.12608,3724726,4.62435,0,0,-1,0,1.12607
fields/00182__plt00060__fab0000_comp02_logden.f32__c0013__dt-f32/chunk_0,4194304,e23bd9a8fbbe4292,24,np-setting,1.13112,3708110,3.76739,0,0,-1,0,1.13112
fields/00183__plt00061__fab0000_comp00_density.f32__c0005__dt-f32/chunk_0,4194304,f74b95b11f44aa91,24,np-setting,1.27925,3278756,2.64483,0,0,-1,0,1.27924
fields/00183__plt00061__fab0000_comp00_density.f32__c0013__dt-f32/chunk_0,4194304,5d6db896c7eef68f,24,np-setting,1.3129,3194720,2.25686,0,0,-1,0,1.31289
fields/00184__plt00061__fab0000_comp01_rho_E.f32__c0005__dt-f32/chunk_0,4194304,3593a87c806bc425,24,np-setting,4.8019,873492,3.04902,0,0,-1,0,4.80177
fields/00184__plt00061__fab0000_comp01_rho_E.f32__c0013__dt-f32/chunk_0,4194304,e002ddbb27a22325,24,np-setting,13.8521,302816,2.41568,0,0,-1,0,13.851
fields/00185__plt00061__fab0000_comp02_logden.f32__c0005__dt-f32/chunk_0,4194304,f8bfa14f926c6bec,24,np-setting,1.12578,3725716,4.24086,0,0,-1,0,1.12577
fields/00185__plt00061__fab0000_comp02_logden.f32__c0013__dt-f32/chunk_0,4194304,e23bd9a8fbbe4292,24,np-setting,1.13112,3708110,2.09766,0,0,-1,0,1.13112
fields/00186__plt00062__fab0000_comp00_density.f32__c0005__dt-f32/chunk_0,4194304,d5745bdde634eb40,24,np-setting,1.27841,3280896,3.352,0,0,-1,0,1.2784
fields/00186__plt00062__fab0000_comp00_density.f32__c0013__dt-f32/chunk_0,4194304,5d6db896c7eef68f,24,np-setting,1.3129,3194720,3.78614,0,0,-1,0,1.31289
fields/00187__plt00062__fab0000_comp01_rho_E.f32__c0005__dt-f32/chunk_0,4194304,b1a038619d58feb,24,np-setting,4.72719,887296,3.39651,0,0,-1,0,4.72706
fields/00187__plt00062__fab0000_comp01_rho_E.f32__c0013__dt-f32/chunk_0,4194304,e002ddbb27a22325,24,np-setting,13.8521,302816,3.67498,0,0,-1,0,13.851
fields/00188__plt00062__fab0000_comp02_logden.f32__c0005__dt-f32/chunk_0,4194304,ca5e35203503d7d0,24,np-setting,1.12556,3726424,4.75312,0,0,-1,0,1.12556
fields/00188__plt00062__fab0000_comp02_logden.f32__c0013__dt-f32/chunk_0,4194304,e23bd9a8fbbe4292,24,np-setting,1.13112,3708110,2.22397,0,0,-1,0,1.13112
fields/00189__plt00063__fab0000_comp00_density.f32__c0005__dt-f32/chunk_0,4194304,893acbc2d25f6eba,24,np-setting,1.27758,3283028,7.26826,0,0,-1,0,1.27757
fields/00189__plt00063__fab0000_comp00_density.f32__c0013__dt-f32/chunk_0,4194304,5d6db896c7eef68f,24,np-setting,1.3129,3194720,1.67734,0,0,-1,0,1.31289
fields/00190__plt00063__fab0000_comp01_rho_E.f32__c0005__dt-f32/chunk_0,4194304,52edb4c62794f636,24,np-setting,4.65616,900832,3.29997,0,0,-1,0,4.65603
fields/00190__plt00063__fab0000_comp01_rho_E.f32__c0013__dt-f32/chunk_0,4194304,e002ddbb27a22325,24,np-setting,13.8521,302816,1.23536,0,0,-1,0,13.851
fields/00191__plt00063__fab0000_comp02_logden.f32__c0005__dt-f32/chunk_0,4194304,82ac3fb9a4965888,24,np-setting,1.1252,3727628,4.20442,0,0,-1,0,1.12519
fields/00191__plt00063__fab0000_comp02_logden.f32__c0013__dt-f32/chunk_0,4194304,e23bd9a8fbbe4292,24,np-setting,1.13112,3708110,2.84147,0,0,-1,0,1.13112
fields/00192__plt00064__fab0000_comp00_density.f32__c0005__dt-f32/chunk_0,4194304,a631cf784145f397,24,np-setting,1.27678,3285080,2.17587,0,0,-1,0,1.27677
fields/00192__plt00064__fab0000_comp00_density.f32__c0013__dt-f32/chunk_0,4194304,5d6db896c7eef68f,24,np-setting,1.3129,3194720,3.48051,0,0,-1,0,1.31289
fields/00193__plt00064__fab0000_comp01_rho_E.f32__c0005__dt-f32/chunk_0,4194304,cb4f3c7585136e8d,24,np-setting,4.58745,914324,2.99741,0,0,-1,0,4.58733
fields/00193__plt00064__fab0000_comp01_rho_E.f32__c0013__dt-f32/chunk_0,4194304,e002ddbb27a22325,24,np-setting,13.8521,302816,3.00112,0,0,-1,0,13.851
fields/00194__plt00064__fab0000_comp02_logden.f32__c0005__dt-f32/chunk_0,4194304,fa3ea6bf88aec9bb,24,np-setting,1.12494,3728496,4.61478,0,0,-1,0,1.12493
fields/00194__plt00064__fab0000_comp02_logden.f32__c0013__dt-f32/chunk_0,4194304,e23bd9a8fbbe4292,24,np-setting,1.13112,3708110,4.41117,0,0,-1,0,1.13112
fields/00195__plt00065__fab0000_comp00_density.f32__c0005__dt-f32/chunk_0,4194304,b224f23f2428859e,24,np-setting,1.27594,3287240,2.32099,0,0,-1,0,1.27593
fields/00195__plt00065__fab0000_comp00_density.f32__c0013__dt-f32/chunk_0,4194304,5d6db896c7eef68f,24,np-setting,1.3129,3194720,1.4568,0,0,-1,0,1.31289
fields/00196__plt00065__fab0000_comp01_rho_E.f32__c0005__dt-f32/chunk_0,4194304,8c5ef7acabb5ce97,24,np-setting,4.52132,927696,3.87066,0,0,-1,0,4.52121
fields/00196__plt00065__fab0000_comp01_rho_E.f32__c0013__dt-f32/chunk_0,4194304,e002ddbb27a22325,24,np-setting,13.8521,302816,4.88224,0,0,-1,0,13.851
fields/00197__plt00065__fab0000_comp02_logden.f32__c0005__dt-f32/chunk_0,4194304,a6913f080423fc7,24,np-setting,1.12464,3729496,4.90634,0,0,-1,0,1.12463
fields/00197__plt00065__fab0000_comp02_logden.f32__c0013__dt-f32/chunk_0,4194304,e23bd9a8fbbe4292,24,np-setting,1.13112,3708110,2.19814,0,0,-1,0,1.13112
fields/00198__plt00066__fab0000_comp00_density.f32__c0005__dt-f32/chunk_0,4194304,adefeb8673d72286,24,np-setting,1.27513,3289348,2.70778,0,0,-1,0,1.27512
fields/00198__plt00066__fab0000_comp00_density.f32__c0013__dt-f32/chunk_0,4194304,5d6db896c7eef68f,24,np-setting,1.3129,3194720,2.92944,0,0,-1,0,1.31289
fields/00199__plt00066__fab0000_comp01_rho_E.f32__c0005__dt-f32/chunk_0,4194304,ae58206e856098d6,24,np-setting,4.45702,941080,2.51142,0,0,-1,0,4.4569
fields/00199__plt00066__fab0000_comp01_rho_E.f32__c0013__dt-f32/chunk_0,4194304,e002ddbb27a22325,24,np-setting,13.8521,302816,1.37446,0,0,-1,0,13.851
fields/00200__plt00066__fab0000_comp02_logden.f32__c0005__dt-f32/chunk_0,4194304,9c141a3c16c0bec0,24,np-setting,1.12434,3730480,1.55683,0,0,-1,0,1.12433
fields/00200__plt00066__fab0000_comp02_logden.f32__c0013__dt-f32/chunk_0,4194304,e23bd9a8fbbe4292,24,np-setting,1.13112,3708110,2.32797,0,0,-1,0,1.13112
fields/00201__plt00067__fab0000_comp00_density.f32__c0005__dt-f32/chunk_0,4194304,2a959a2b093334d,24,np-setting,1.27429,3291512,2.4281,0,0,-1,0,1.27428
fields/00201__plt00067__fab0000_comp00_density.f32__c0013__dt-f32/chunk_0,4194304,5d6db896c7eef68f,24,np-setting,1.3129,3194720,1.56262,0,0,-1,0,1.31289
fields/00202__plt00067__fab0000_comp01_rho_E.f32__c0005__dt-f32/chunk_0,4194304,6d5132802a18d80a,24,np-setting,4.39369,954644,2.4016,0,0,-1,0,4.39358
fields/00202__plt00067__fab0000_comp01_rho_E.f32__c0013__dt-f32/chunk_0,4194304,e002ddbb27a22325,24,np-setting,13.8521,302816,2.12189,0,0,-1,0,13.851
fields/00203__plt00067__fab0000_comp02_logden.f32__c0005__dt-f32/chunk_0,4194304,1c951b1061295699,24,np-setting,1.1241,3731290,4.83408,0,0,-1,0,1.12409
fields/00203__plt00067__fab0000_comp02_logden.f32__c0013__dt-f32/chunk_0,4194304,e23bd9a8fbbe4292,24,np-setting,1.13112,3708110,2.8391,0,0,-1,0,1.13112
fields/00204__plt00068__fab0000_comp00_density.f32__c0005__dt-f32/chunk_0,4194304,20329bd9fbd68825,24,np-setting,1.27348,3293604,5.12352,0,0,-1,0,1.27347
fields/00204__plt00068__fab0000_comp00_density.f32__c0013__dt-f32/chunk_0,4194304,5d6db896c7eef68f,24,np-setting,1.3129,3194720,3.00157,0,0,-1,0,1.31289
fields/00205__plt00068__fab0000_comp01_rho_E.f32__c0005__dt-f32/chunk_0,4194304,616dc803fbf2fb90,24,np-setting,4.3336,967880,4.50714,0,0,-1,0,4.3335
fields/00205__plt00068__fab0000_comp01_rho_E.f32__c0013__dt-f32/chunk_0,4194304,e002ddbb27a22325,24,np-setting,13.8521,302816,1.98022,0,0,-1,0,13.851
fields/00206__plt00068__fab0000_comp02_logden.f32__c0005__dt-f32/chunk_0,4194304,5290dcc54c82aee4,24,np-setting,1.12385,3732096,3.87395,0,0,-1,0,1.12385
fields/00206__plt00068__fab0000_comp02_logden.f32__c0013__dt-f32/chunk_0,4194304,e23bd9a8fbbe4292,24,np-setting,1.13112,3708110,1.95155,0,0,-1,0,1.13112
fields/00207__plt00069__fab0000_comp00_density.f32__c0005__dt-f32/chunk_0,4194304,9e2b0e9e6567285c,24,np-setting,1.2727,3295620,2.55357,0,0,-1,0,1.27269
fields/00207__plt00069__fab0000_comp00_density.f32__c0013__dt-f32/chunk_0,4194304,5d6db896c7eef68f,24,np-setting,1.3129,3194720,3.26544,0,0,-1,0,1.31289
fields/00208__plt00069__fab0000_comp01_rho_E.f32__c0005__dt-f32/chunk_0,4194304,f983c7d3d597d103,24,np-setting,4.277,980688,4.184,0,0,-1,0,4.2769
fields/00208__plt00069__fab0000_comp01_rho_E.f32__c0013__dt-f32/chunk_0,4194304,e002ddbb27a22325,24,np-setting,13.8521,302816,3.25958,0,0,-1,0,13.851
fields/00209__plt00069__fab0000_comp02_logden.f32__c0005__dt-f32/chunk_0,4194304,30ffb5854ad118df,24,np-setting,1.12359,3732974,3.53043,0,0,-1,0,1.12358
fields/00209__plt00069__fab0000_comp02_logden.f32__c0013__dt-f32/chunk_0,4194304,e23bd9a8fbbe4292,24,np-setting,1.13112,3708110,5.07709,0,0,-1,0,1.13112
fields/00210__plt00070__fab0000_comp00_density.f32__c0005__dt-f32/chunk_0,4194304,3c0425934d810cc7,24,np-setting,1.27185,3297812,2.30778,0,0,-1,0,1.27184
fields/00210__plt00070__fab0000_comp00_density.f32__c0013__dt-f32/chunk_0,4194304,5d6db896c7eef68f,24,np-setting,1.3129,3194720,5.04659,0,0,-1,0,1.31289
fields/00211__plt00070__fab0000_comp01_rho_E.f32__c0005__dt-f32/chunk_0,4194304,a3e2a33c7edcd07c,24,np-setting,4.21725,994584,4.07021,0,0,-1,0,4.21714
fields/00211__plt00070__fab0000_comp01_rho_E.f32__c0013__dt-f32/chunk_0,4194304,e002ddbb27a22325,24,np-setting,13.8521,302816,4.06349,0,0,-1,0,13.851
fields/00212__plt00070__fab0000_comp02_logden.f32__c0005__dt-f32/chunk_0,4194304,ea1ab7d0c7ff267d,24,np-setting,1.12326,3734054,3.58794,0,0,-1,0,1.12326
fields/00212__plt00070__fab0000_comp02_logden.f32__c0013__dt-f32/chunk_0,4194304,e23bd9a8fbbe4292,24,np-setting,1.13112,3708110,3.24451,0,0,-1,0,1.13112
fields/00213__plt00071__fab0000_comp00_density.f32__c0005__dt-f32/chunk_0,4194304,b69f78d57585b6f9,24,np-setting,1.27102,3299972,0.876288,0,0,-1,0,1.27101
fields/00213__plt00071__fab0000_comp00_density.f32__c0013__dt-f32/chunk_0,4194304,5d6db896c7eef68f,24,np-setting,1.3129,3194720,2.99808,0,0,-1,0,1.31289
fields/00214__plt00071__fab0000_comp01_rho_E.f32__c0005__dt-f32/chunk_0,4194304,8016a34832a8e984,24,np-setting,4.15656,1009104,1.04723,0,0,-1,0,4.15646
fields/00214__plt00071__fab0000_comp01_rho_E.f32__c0013__dt-f32/chunk_0,4194304,e002ddbb27a22325,24,np-setting,13.8521,302816,0.8936,0,0,-1,0,13.851
fields/00215__plt00071__fab0000_comp02_logden.f32__c0005__dt-f32/chunk_0,4194304,6f8ee616787815b7,24,np-setting,1.12302,3734854,4.81686,0,0,-1,0,1.12302
fields/00215__plt00071__fab0000_comp02_logden.f32__c0013__dt-f32/chunk_0,4194304,e23bd9a8fbbe4292,24,np-setting,1.13112,3708110,2.33494,0,0,-1,0,1.13112
fields/00216__plt00072__fab0000_comp00_density.f32__c0005__dt-f32/chunk_0,4194304,9941c4329b9e9fd9,24,np-setting,1.27025,3301980,2.22176,0,0,-1,0,1.27024
fields/00216__plt00072__fab0000_comp00_density.f32__c0013__dt-f32/chunk_0,4194304,5d6db896c7eef68f,24,np-setting,1.3129,3194720,3.82707,0,0,-1,0,1.31289
fields/00217__plt00072__fab0000_comp01_rho_E.f32__c0005__dt-f32/chunk_0,4194304,d1b99b450474542,24,np-setting,4.0957,1024100,1.76963,0,0,-1,0,4.0956
fields/00217__plt00072__fab0000_comp01_rho_E.f32__c0013__dt-f32/chunk_0,4194304,e002ddbb27a22325,24,np-setting,13.8521,302816,1.4897,0,0,-1,0,13.851
fields/00218__plt00072__fab0000_comp02_logden.f32__c0005__dt-f32/chunk_0,4194304,a4f28c625fd766cf,24,np-setting,1.12276,3735738,5.38925,0,0,-1,0,1.12275
fields/00218__plt00072__fab0000_comp02_logden.f32__c0013__dt-f32/chunk_0,4194304,e23bd9a8fbbe4292,24,np-setting,1.13112,3708110,1.35725,0,0,-1,0,1.13112
fields/00219__plt00073__fab0000_comp00_density.f32__c0005__dt-f32/chunk_0,4194304,8aa89568398cfa13,24,np-setting,1.26941,3304148,2.15485,0,0,-1,0,1.26941
fields/00219__plt00073__fab0000_comp00_density.f32__c0013__dt-f32/chunk_0,4194304,5d6db896c7eef68f,24,np-setting,1.3129,3194720,3.61642,0,0,-1,0,1.31289
fields/00220__plt00073__fab0000_comp01_rho_E.f32__c0005__dt-f32/chunk_0,4194304,4bb09eb81247bf3,24,np-setting,4.02998,1040800,3.7736,0,0,-1,0,4.02988
fields/00220__plt00073__fab0000_comp01_rho_E.f32__c0013__dt-f32/chunk_0,4194304,e002ddbb27a22325,24,np-setting,13.8521,302816,4.22019,0,0,-1,0,13.851
fields/00221__plt00073__fab0000_comp02_logden.f32__c0005__dt-f32/chunk_0,4194304,cb47206ce723218c,24,np-setting,1.12253,3736500,2.24122,0,0,-1,0,1.12252
fields/00221__plt00073__fab0000_comp02_logden.f32__c0013__dt-f32/chunk_0,4194304,e23bd9a8fbbe4292,24,np-setting,1.13112,3708110,2.21674,0,0,-1,0,1.13112
fields/00222__plt00074__fab0000_comp00_density.f32__c0005__dt-f32/chunk_0,4194304,d49760c1e160ca02,24,np-setting,1.26858,3306324,3.92803,0,0,-1,0,1.26857
fields/00222__plt00074__fab0000_comp00_density.f32__c0013__dt-f32/chunk_0,4194304,5d6db896c7eef68f,24,np-setting,1.3129,3194720,4.77894,0,0,-1,0,1.31289
fields/00223__plt00074__fab0000_comp01_rho_E.f32__c0005__dt-f32/chunk_0,4194304,948ec06cfab4299,24,np-setting,3.96848,1056928,1.96064,0,0,-1,0,3.96839
fields/00223__plt00074__fab0000_comp01_rho_E.f32__c0013__dt-f32/chunk_0,4194304,e002ddbb27a22325,24,np-setting,13.8521,302816,3.50752,0,0,-1,0,13.851
fields/00224__plt00074__fab0000_comp02_logden.f32__c0005__dt-f32/chunk_0,4194304,8a4cb39f250dfead,24,np-setting,1.12218,3737668,1.94154,0,0,-1,0,1.12217
fields/00224__plt00074__fab0000_comp02_logden.f32__c0013__dt-f32/chunk_0,4194304,e23bd9a8fbbe4292,24,np-setting,1.13112,3708110,3.20579,0,0,-1,0,1.13112
fields/00225__plt00075__fab0000_comp00_density.f32__c0005__dt-f32/chunk_0,4194304,b3e81ac7d66b6a0f,24,np-setting,1.26781,3308340,5.31818,0,0,-1,0,1.2678
fields/00225__plt00075__fab0000_comp00_density.f32__c0013__dt-f32/chunk_0,4194304,5d6db896c7eef68f,24,np-setting,1.3129,3194720,7.77107,0,0,-1,0,1.31289
fields/00226__plt00075__fab0000_comp01_rho_E.f32__c0005__dt-f32/chunk_0,4194304,7bd0aab9c3d4cf7,24,np-setting,3.90869,1073096,2.47222,0,0,-1,0,3.9086
fields/00226__plt00075__fab0000_comp01_rho_E.f32__c0013__dt-f32/chunk_0,4194304,e002ddbb27a22325,24,np-setting,13.8521,302816,2.18899,0,0,-1,0,13.851
fields/00227__plt00075__fab0000_comp02_logden.f32__c0005__dt-f32/chunk_0,4194304,44f6ecd4062b4ea0,24,np-setting,1.12198,3738340,4.56406,0,0,-1,0,1.12197
fields/00227__plt00075__fab0000_comp02_logden.f32__c0013__dt-f32/chunk_0,4194304,e23bd9a8fbbe4292,24,np-setting,1.13112,3708110,10.6973,0,0,-1,0,1.13112
fields/00228__plt00076__fab0000_comp00_density.f32__c0005__dt-f32/chunk_0,4194304,350e34f8e628ad82,24,np-setting,1.26691,3310684,3.39898,0,0,-1,0,1.2669
fields/00228__plt00076__fab0000_comp00_density.f32__c0013__dt-f32/chunk_0,4194304,5d6db896c7eef68f,24,np-setting,1.3129,3194720,4.80694,0,0,-1,0,1.31289
fields/00229__plt00076__fab0000_comp01_rho_E.f32__c0005__dt-f32/chunk_0,4194304,44998d248453e940,24,np-setting,3.85015,1089412,4.86531,0,0,-1,0,3.85006
fields/00229__plt00076__fab0000_comp01_rho_E.f32__c0013__dt-f32/chunk_0,4194304,e002ddbb27a22325,24,np-setting,13.8521,302816,3.03149,0,0,-1,0,13.851
fields/00230__plt00076__fab0000_comp02_logden.f32__c0005__dt-f32/chunk_0,4194304,5ba24a95242fc641,24,np-setting,1.12173,3739176,1.98374,0,0,-1,0,1.12172
fields/00230__plt00076__fab0000_comp02_logden.f32__c0013__dt-f32/chunk_0,4194304,e23bd9a8fbbe4292,24,np-setting,1.13112,3708110,4.46781,0,0,-1,0,1.13112
fields/00231__plt00077__fab0000_comp00_density.f32__c0005__dt-f32/chunk_0,4194304,48c0e4013b3679e7,24,np-setting,1.26616,3312636,3.09539,0,0,-1,0,1.26615
fields/00231__plt00077__fab0000_comp00_density.f32__c0013__dt-f32/chunk_0,4194304,5d6db896c7eef68f,24,np-setting,1.3129,3194720,2.58874,0,0,-1,0,1.31289
fields/00232__plt00077__fab0000_comp01_rho_E.f32__c0005__dt-f32/chunk_0,4194304,689c613be4144ce9,24,np-setting,3.79449,1105392,2.28675,0,0,-1,0,3.7944
fields/00232__plt00077__fab0000_comp01_rho_E.f32__c0013__dt-f32/chunk_0,4194304,e002ddbb27a22325,24,np-setting,13.8521,302816,3.04643,0,0,-1,0,13.851
fields/00233__plt00077__fab0000_comp02_logden.f32__c0005__dt-f32/chunk_0,4194304,8202cb32acbec0e7,24,np-setting,1.12149,3739952,3.14058,0,0,-1,0,1.12149
fields/00233__plt00077__fab0000_comp02_logden.f32__c0013__dt-f32/chunk_0,4194304,e23bd9a8fbbe4292,24,np-setting,1.13112,3708110,5.19702,0,0,-1,0,1.13112
fields/00234__plt00078__fab0000_comp00_density.f32__c0005__dt-f32/chunk_0,4194304,86dfe8a5d0d1d558,24,np-setting,1.26526,3314992,4.23018,0,0,-1,0,1.26525
fields/00234__plt00078__fab0000_comp00_density.f32__c0013__dt-f32/chunk_0,4194304,5d6db896c7eef68f,24,np-setting,1.3129,3194720,2.72038,0,0,-1,0,1.31289
fields/00235__plt00078__fab0000_comp01_rho_E.f32__c0005__dt-f32/chunk_0,4194304,413111f663a45efd,24,np-setting,3.73905,1121780,4.65709,0,0,-1,0,3.73897
fields/00235__plt00078__fab0000_comp01_rho_E.f32__c0013__dt-f32/chunk_0,4194304,e002ddbb27a22325,24,np-setting,13.8521,302816,4.92733,0,0,-1,0,13.851
fields/00236__plt00078__fab0000_comp02_logden.f32__c0005__dt-f32/chunk_0,4194304,63254fc51e0e97b5,24,np-setting,1.12129,3740616,3.38362,0,0,-1,0,1.12129
fields/00236__plt00078__fab0000_comp02_logden.f32__c0013__dt-f32/chunk_0,4194304,e23bd9a8fbbe4292,24,np-setting,1.13112,3708110,4.81437,0,0,-1,0,1.13112
fields/00237__plt00079__fab0000_comp00_density.f32__c0005__dt-f32/chunk_0,4194304,22a976a817a45226,24,np-setting,1.26435,3317376,3.05328,0,0,-1,0,1.26434
fields/00237__plt00079__fab0000_comp00_density.f32__c0013__dt-f32/chunk_0,4194304,5d6db896c7eef68f,24,np-setting,1.3129,3194720,4.58128,0,0,-1,0,1.31289
fields/00238__plt00079__fab0000_comp01_rho_E.f32__c0005__dt-f32/chunk_0,4194304,ace6fb04b81d3776,24,np-setting,3.68734,1137512,4.58595,0,0,-1,0,3.68726
fields/00238__plt00079__fab0000_comp01_rho_E.f32__c0013__dt-f32/chunk_0,4194304,e002ddbb27a22325,24,np-setting,13.8521,302816,4.23901,0,0,-1,0,13.851
fields/00239__plt00079__fab0000_comp02_logden.f32__c0005__dt-f32/chunk_0,4194304,7a4dde926b3d94e9,24,np-setting,1.12106,3741388,9.45606,0,0,-1,0,1.12106
fields/00239__plt00079__fab0000_comp02_logden.f32__c0013__dt-f32/chunk_0,4194304,e23bd9a8fbbe4292,24,np-setting,1.13112,3708110,3.39731,0,0,-1,0,1.13112
fields/00240__plt00080__fab0000_comp00_density.f32__c0005__dt-f32/chunk_0,4194304,503510f8c6052cd8,24,np-setting,1.26355,3319492,3.56704,0,0,-1,0,1.26354
fields/00240__plt00080__fab0000_comp00_density.f32__c0013__dt-f32/chunk_0,4194304,5d6db896c7eef68f,24,np-setting,1.3129,3194720,5.0193,0,0,-1,0,1.31289
fields/00241__plt00080__fab0000_comp01_rho_E.f32__c0005__dt-f32/chunk_0,4194304,89551f43c990b35a,24,np-setting,3.63902,1152616,4.80662,0,0,-1,0,3.63894
fields/00241__plt00080__fab0000_comp01_rho_E.f32__c0013__dt-f32/chunk_0,4194304,e002ddbb27a22325,24,np-setting,13.8521,302816,4.70982,0,0,-1,0,13.851
fields/00242__plt00080__fab0000_comp02_logden.f32__c0005__dt-f32/chunk_0,4194304,600b1cdec3aa73f7,24,np-setting,1.12081,3742234,5.11798,0,0,-1,0,1.1208
fields/00242__plt00080__fab0000_comp02_logden.f32__c0013__dt-f32/chunk_0,4194304,e23bd9a8fbbe4292,24,np-setting,1.13112,3708110,3.43654,0,0,-1,0,1.13112
fields/00243__plt00081__fab0000_comp00_density.f32__c0005__dt-f32/chunk_0,4194304,e65cd49314981c0d,24,np-setting,1.26266,3321836,1.60691,0,0,-1,0,1.26265
fields/00243__plt00081__fab0000_comp00_density.f32__c0013__dt-f32/chunk_0,4194304,5d6db896c7eef68f,24,np-setting,1.3129,3194720,4.90013,0,0,-1,0,1.31289
fields/00244__plt00081__fab0000_comp01_rho_E.f32__c0005__dt-f32/chunk_0,4194304,5ca984bcc3f99d50,24,np-setting,3.59151,1167864,0.891008,0,0,-1,0,3.59143
fields/00244__plt00081__fab0000_comp01_rho_E.f32__c0013__dt-f32/chunk_0,4194304,e002ddbb27a22325,24,np-setting,13.8521,302816,5.00682,0,0,-1,0,13.851
fields/00245__plt00081__fab0000_comp02_logden.f32__c0005__dt-f32/chunk_0,4194304,9ff643a82879855e,24,np-setting,1.12057,3743030,2.07501,0,0,-1,0,1.12056
fields/00245__plt00081__fab0000_comp02_logden.f32__c0013__dt-f32/chunk_0,4194304,e23bd9a8fbbe4292,24,np-setting,1.13112,3708110,3.20179,0,0,-1,0,1.13112
fields/00246__plt00082__fab0000_comp00_density.f32__c0005__dt-f32/chunk_0,4194304,ed7ac1a46c04d1a8,24,np-setting,1.26172,3324292,2.30848,0,0,-1,0,1.26171
fields/00246__plt00082__fab0000_comp00_density.f32__c0013__dt-f32/chunk_0,4194304,5d6db896c7eef68f,24,np-setting,1.3129,3194720,2.89251,0,0,-1,0,1.31289
fields/00247__plt00082__fab0000_comp01_rho_E.f32__c0005__dt-f32/chunk_0,4194304,fcb55bb8a083a71c,24,np-setting,3.54924,1181772,4.77114,0,0,-1,0,3.54917
fields/00247__plt00082__fab0000_comp01_rho_E.f32__c0013__dt-f32/chunk_0,4194304,e002ddbb27a22325,24,np-setting,13.8521,302816,4.42173,0,0,-1,0,13.851
fields/00248__plt00082__fab0000_comp02_logden.f32__c0005__dt-f32/chunk_0,4194304,146f9aef9b96a2b3,24,np-setting,1.12047,3743354,2.89763,0,0,-1,0,1.12047
fields/00248__plt00082__fab0000_comp02_logden.f32__c0013__dt-f32/chunk_0,4194304,e23bd9a8fbbe4292,24,np-setting,1.13112,3708110,1.10262,0,0,-1,0,1.13112
fields/00249__plt00083__fab0000_comp00_density.f32__c0005__dt-f32/chunk_0,4194304,c7520d1b5886ed5e,24,np-setting,1.26096,3326308,1.08874,0,0,-1,0,1.26095
fields/00249__plt00083__fab0000_comp00_density.f32__c0013__dt-f32/chunk_0,4194304,5d6db896c7eef68f,24,np-setting,1.3129,3194720,6.70826,0,0,-1,0,1.31289
fields/00250__plt00083__fab0000_comp01_rho_E.f32__c0005__dt-f32/chunk_0,4194304,9ef6394cc60728b4,24,np-setting,3.50453,1196848,3.68861,0,0,-1,0,3.50446
fields/00250__plt00083__fab0000_comp01_rho_E.f32__c0013__dt-f32/chunk_0,4194304,e002ddbb27a22325,24,np-setting,13.8521,302816,2.22365,0,0,-1,0,13.851
fields/00251__plt00083__fab0000_comp02_logden.f32__c0005__dt-f32/chunk_0,4194304,4c4855b317a4d719,24,np-setting,1.12021,3744222,5.61632,0,0,-1,0,1.12021
fields/00251__plt00083__fab0000_comp02_logden.f32__c0013__dt-f32/chunk_0,4194304,e23bd9a8fbbe4292,24,np-setting,1.13112,3708110,3.67101,0,0,-1,0,1.13112
fields/00252__plt00084__fab0000_comp00_density.f32__c0005__dt-f32/chunk_0,4194304,79954d23cecb2771,24,np-setting,1.26003,3328764,5.64058,0,0,-1,0,1.26002
fields/00252__plt00084__fab0000_comp00_density.f32__c0013__dt-f32/chunk_0,4194304,5d6db896c7eef68f,24,np-setting,1.3129,3194720,4.56048,0,0,-1,0,1.31289
fields/00253__plt00084__fab0000_comp01_rho_E.f32__c0005__dt-f32/chunk_0,4194304,8ee5e86918163bd9,24,np-setting,3.46104,1211888,2.95664,0,0,-1,0,3.46097
fields/00253__plt00084__fab0000_comp01_rho_E.f32__c0013__dt-f32/chunk_0,4194304,e002ddbb27a22325,24,np-setting,13.8521,302816,1.86454,0,0,-1,0,13.851
fields/00254__plt00084__fab0000_comp02_logden.f32__c0005__dt-f32/chunk_0,4194304,544c4bc5e5efd237,24,np-setting,1.11995,3745106,1.8495,0,0,-1,0,1.11994
fields/00254__plt00084__fab0000_comp02_logden.f32__c0013__dt-f32/chunk_0,4194304,e23bd9a8fbbe4292,24,np-setting,1.13112,3708110,1.22925,0,0,-1,0,1.13112
fields/00255__plt00085__fab0000_comp00_density.f32__c0005__dt-f32/chunk_0,4194304,94030b9f1a917767,24,np-setting,1.25912,3331156,2.4625,0,0,-1,0,1.25911
fields/00255__plt00085__fab0000_comp00_density.f32__c0013__dt-f32/chunk_0,4194304,5d6db896c7eef68f,24,np-setting,1.3129,3194720,3.50154,0,0,-1,0,1.31289
fields/00256__plt00085__fab0000_comp01_rho_E.f32__c0005__dt-f32/chunk_0,4194304,9135caa7b5b5e7dd,24,np-setting,3.41905,1226768,3.08586,0,0,-1,0,3.41899
fields/00256__plt00085__fab0000_comp01_rho_E.f32__c0013__dt-f32/chunk_0,4194304,e002ddbb27a22325,24,np-setting,13.8521,302816,2.9183,0,0,-1,0,13.851
fields/00257__plt00085__fab0000_comp02_logden.f32__c0005__dt-f32/chunk_0,4194304,89d9a988aec4b69c,24,np-setting,1.11972,3745886,3.27222,0,0,-1,0,1.11971
fields/00257__plt00085__fab0000_comp02_logden.f32__c0013__dt-f32/chunk_0,4194304,e23bd9a8fbbe4292,24,np-setting,1.13112,3708110,1.23146,0,0,-1,0,1.13112
fields/00258__plt00086__fab0000_comp00_density.f32__c0005__dt-f32/chunk_0,4194304,659a77cda5899161,24,np-setting,1.25824,3333504,4.23488,0,0,-1,0,1.25823
fields/00258__plt00086__fab0000_comp00_density.f32__c0013__dt-f32/chunk_0,4194304,5d6db896c7eef68f,24,np-setting,1.3129,3194720,4.0079,0,0,-1,0,1.31289
fields/00259__plt00086__fab0000_comp01_rho_E.f32__c0005__dt-f32/chunk_0,4194304,66b436d031ac4c08,24,np-setting,3.37721,1241968,4.0217,0,0,-1,0,3.37714
fields/00259__plt00086__fab0000_comp01_rho_E.f32__c0013__dt-f32/chunk_0,4194304,e002ddbb27a22325,24,np-setting,13.8521,302816,2.42339,0,0,-1,0,13.851
fields/00260__plt00086__fab0000_comp02_logden.f32__c0005__dt-f32/chunk_0,4194304,4aef6102aec43c25,24,np-setting,1.11936,3747064,3.75312,0,0,-1,0,1.11936
fields/00260__plt00086__fab0000_comp02_logden.f32__c0013__dt-f32/chunk_0,4194304,e23bd9a8fbbe4292,24,np-setting,1.13112,3708110,4.29738,0,0,-1,0,1.13112
fields/00261__plt00087__fab0000_comp00_density.f32__c0005__dt-f32/chunk_0,4194304,8d77a4c69500255f,24,np-setting,1.25735,3335852,5.43142,0,0,-1,0,1.25734
fields/00261__plt00087__fab0000_comp00_density.f32__c0013__dt-f32/chunk_0,4194304,5d6db896c7eef68f,24,np-setting,1.3129,3194720,2.66224,0,0,-1,0,1.31289
fields/00262__plt00087__fab0000_comp01_rho_E.f32__c0005__dt-f32/chunk_0,4194304,66a00cfd75a5c457,24,np-setting,3.33747,1256756,3.88198,0,0,-1,0,3.33741
fields/00262__plt00087__fab0000_comp01_rho_E.f32__c0013__dt-f32/chunk_0,4194304,e002ddbb27a22325,24,np-setting,13.8521,302816,2.49162,0,0,-1,0,13.851
fields/00263__plt00087__fab0000_comp02_logden.f32__c0005__dt-f32/chunk_0,4194304,2a3ef8920259c28,24,np-setting,1.11916,3747756,4.3185,0,0,-1,0,1.11915
fields/00263__plt00087__fab0000_comp02_logden.f32__c0013__dt-f32/chunk_0,4194304,e23bd9a8fbbe4292,24,np-setting,1.13112,3708110,1.33274,0,0,-1,0,1.13112
fields/00264__plt00088__fab0000_comp00_density.f32__c0005__dt-f32/chunk_0,4194304,c9c05d3e0f730c3c,24,np-setting,1.25644,3338276,2.40496,0,0,-1,0,1.25643
fields/00264__plt00088__fab0000_comp00_density.f32__c0013__dt-f32/chunk_0,4194304,5d6db896c7eef68f,24,np-setting,1.3129,3194720,1.35715,0,0,-1,0,1.31289
fields/00265__plt00088__fab0000_comp01_rho_E.f32__c0005__dt-f32/chunk_0,4194304,f61c771653fc382b,24,np-setting,3.29623,1272480,4.49702,0,0,-1,0,3.29616
fields/00265__plt00088__fab0000_comp01_rho_E.f32__c0013__dt-f32/chunk_0,4194304,e002ddbb27a22325,24,np-setting,13.8521,302816,4.55411,0,0,-1,0,13.851
fields/00266__plt00088__fab0000_comp02_logden.f32__c0005__dt-f32/chunk_0,4194304,529080acdb88b582,24,np-setting,1.11902,3748234,2.03424,0,0,-1,0,1.11901
fields/00266__plt00088__fab0000_comp02_logden.f32__c0013__dt-f32/chunk_0,4194304,e23bd9a8fbbe4292,24,np-setting,1.13112,3708110,2.85344,0,0,-1,0,1.13112
fields/00267__plt00089__fab0000_comp00_density.f32__c0005__dt-f32/chunk_0,4194304,4901b0de91c4cb44,24,np-setting,1.2557,3340236,4.2223,0,0,-1,0,1.25569
fields/00267__plt00089__fab0000_comp00_density.f32__c0013__dt-f32/chunk_0,4194304,5d6db896c7eef68f,24,np-setting,1.3129,3194720,1.95654,0,0,-1,0,1.31289
fields/00268__plt00089__fab0000_comp01_rho_E.f32__c0005__dt-f32/chunk_0,4194304,b89f8259c7e5cb3d,24,np-setting,3.25871,1287128,7.8401,0,0,-1,0,3.25865
fields/00268__plt00089__fab0000_comp01_rho_E.f32__c0013__dt-f32/chunk_0,4194304,e002ddbb27a22325,24,np-setting,13.8521,302816,3.39568,0,0,-1,0,13.851
fields/00269__plt00089__fab0000_comp02_logden.f32__c0005__dt-f32/chunk_0,4194304,adaeafbcf85db862,24,np-setting,1.11881,3748918,2.73654,0,0,-1,0,1.1188
fields/00269__plt00089__fab0000_comp02_logden.f32__c0013__dt-f32/chunk_0,4194304,e23bd9a8fbbe4292,24,np-setting,1.13112,3708110,3.19642,0,0,-1,0,1.13112
fields/00270__plt00090__fab0000_comp00_density.f32__c0005__dt-f32/chunk_0,4194304,66328e2154a1320c,24,np-setting,1.25482,3342588,3.00608,0,0,-1,0,1.25481
fields/00270__plt00090__fab0000_comp00_density.f32__c0013__dt-f32/chunk_0,4194304,5d6db896c7eef68f,24,np-setting,1.3129,3194720,3.13795,0,0,-1,0,1.31289
fields/00271__plt00090__fab0000_comp01_rho_E.f32__c0005__dt-f32/chunk_0,4194304,e397131d67631c48,24,np-setting,3.22096,1302216,1.48835,0,0,-1,0,3.2209
fields/00271__plt00090__fab0000_comp01_rho_E.f32__c0013__dt-f32/chunk_0,4194304,e002ddbb27a22325,24,np-setting,13.8521,302816,4.01686,0,0,-1,0,13.851
fields/00272__plt00090__fab0000_comp02_logden.f32__c0005__dt-f32/chunk_0,4194304,9f38829b43e35eb3,24,np-setting,1.11867,3749378,3.3785,0,0,-1,0,1.11867
fields/00272__plt00090__fab0000_comp02_logden.f32__c0013__dt-f32/chunk_0,4194304,e23bd9a8fbbe4292,24,np-setting,1.13112,3708110,3.83021,0,0,-1,0,1.13112
fields/00273__plt00091__fab0000_comp00_density.f32__c0005__dt-f32/chunk_0,4194304,799754d7b7faac69,24,np-setting,1.25401,3344744,4.09731,0,0,-1,0,1.254
fields/00273__plt00091__fab0000_comp00_density.f32__c0013__dt-f32/chunk_0,4194304,5d6db896c7eef68f,24,np-setting,1.3129,3194720,5.07155,0,0,-1,0,1.31289
fields/00274__plt00091__fab0000_comp01_rho_E.f32__c0005__dt-f32/chunk_0,4194304,d0f208f57ca58e43,24,np-setting,3.18558,1316676,4.97347,0,0,-1,0,3.18552
fields/00274__plt00091__fab0000_comp01_rho_E.f32__c0013__dt-f32/chunk_0,4194304,e002ddbb27a22325,24,np-setting,13.8521,302816,4.51142,0,0,-1,0,13.851
fields/00275__plt00091__fab0000_comp02_logden.f32__c0005__dt-f32/chunk_0,4194304,3191f0e368bc6f72,24,np-setting,1.11852,3749886,4.80685,0,0,-1,0,1.11852
fields/00275__plt00091__fab0000_comp02_logden.f32__c0013__dt-f32/chunk_0,4194304,e23bd9a8fbbe4292,24,np-setting,1.13112,3708110,3.40906,0,0,-1,0,1.13112
fields/00276__plt00092__fab0000_comp00_density.f32__c0005__dt-f32/chunk_0,4194304,5502aa19c8512d2,24,np-setting,1.25314,3347056,2.12749,0,0,-1,0,1.25313
fields/00276__plt00092__fab0000_comp00_density.f32__c0013__dt-f32/chunk_0,4194304,5d6db896c7eef68f,24,np-setting,1.3129,3194720,2.56906,0,0,-1,0,1.31289
fields/00277__plt00092__fab0000_comp01_rho_E.f32__c0005__dt-f32/chunk_0,4194304,a6dff2dc07c1c18b,24,np-setting,3.15178,1330796,3.33898,0,0,-1,0,3.15173
fields/00277__plt00092__fab0000_comp01_rho_E.f32__c0013__dt-f32/chunk_0,4194304,e002ddbb27a22325,24,np-setting,13.8521,302816,4.22797,0,0,-1,0,13.851
fields/00278__plt00092__fab0000_comp02_logden.f32__c0005__dt-f32/chunk_0,4194304,1d846daceb0801ef,24,np-setting,1.11824,3750818,4.5,0,0,-1,0,1.11824
fields/00278__plt00092__fab0000_comp02_logden.f32__c0013__dt-f32/chunk_0,4194304,e23bd9a8fbbe4292,24,np-setting,1.13112,3708110,4.19373,0,0,-1,0,1.13112
fields/00279__plt00093__fab0000_comp00_density.f32__c0005__dt-f32/chunk_0,4194304,f8815526b9b3099,24,np-setting,1.25233,3349220,2.00451,0,0,-1,0,1.25232
fields/00279__plt00093__fab0000_comp00_density.f32__c0013__dt-f32/chunk_0,4194304,5d6db896c7eef68f,24,np-setting,1.3129,3194720,4.89318,0,0,-1,0,1.31289
fields/00280__plt00093__fab0000_comp01_rho_E.f32__c0005__dt-f32/chunk_0,4194304,ff501747b5c85dd,24,np-setting,3.11844,1345024,1.7089,0,0,-1,0,3.11839
fields/00280__plt00093__fab0000_comp01_rho_E.f32__c0013__dt-f32/chunk_0,4194304,e002ddbb27a22325,24,np-setting,13.8521,302816,0.89568,0,0,-1,0,13.851
fields/00281__plt00093__fab0000_comp02_logden.f32__c0005__dt-f32/chunk_0,4194304,89c4e15bb0c6913,24,np-setting,1.11802,3751572,6.86643,0,0,-1,0,1.11801
fields/00281__plt00093__fab0000_comp02_logden.f32__c0013__dt-f32/chunk_0,4194304,e23bd9a8fbbe4292,24,np-setting,1.13112,3708110,1.70256,0,0,-1,0,1.13112
fields/00282__plt00094__fab0000_comp00_density.f32__c0005__dt-f32/chunk_0,4194304,8979d22088ab65e2,24,np-setting,1.25149,3351484,3.85635,0,0,-1,0,1.25148
fields/00282__plt00094__fab0000_comp00_density.f32__c0013__dt-f32/chunk_0,4194304,5d6db896c7eef68f,24,np-setting,1.3129,3194720,3.28947,0,0,-1,0,1.31289
fields/00283__plt00094__fab0000_comp01_rho_E.f32__c0005__dt-f32/chunk_0,4194304,c50f7a0ca8e9dab8,24,np-setting,3.08436,1359888,4.45718,0,0,-1,0,3.0843
fields/00283__plt00094__fab0000_comp01_rho_E.f32__c0013__dt-f32/chunk_0,4194304,e002ddbb27a22325,24,np-setting,13.8521,302816,5.12432,0,0,-1,0,13.851
fields/00284__plt00094__fab0000_comp02_logden.f32__c0005__dt-f32/chunk_0,4194304,efab7963e38da06a,24,np-setting,1.11784,3752188,3.44016,0,0,-1,0,1.11783
fields/00284__plt00094__fab0000_comp02_logden.f32__c0013__dt-f32/chunk_0,4194304,e23bd9a8fbbe4292,24,np-setting,1.13112,3708110,4.08016,0,0,-1,0,1.13112
fields/00285__plt00095__fab0000_comp00_density.f32__c0005__dt-f32/chunk_0,4194304,3d4c154e4f5fe0e7,24,np-setting,1.25071,3353564,4.12966,0,0,-1,0,1.2507
fields/00285__plt00095__fab0000_comp00_density.f32__c0013__dt-f32/chunk_0,4194304,5d6db896c7eef68f,24,np-setting,1.3129,3194720,2.50432,0,0,-1,0,1.31289
fields/00286__plt00095__fab0000_comp01_rho_E.f32__c0005__dt-f32/chunk_0,4194304,69882d2c9a6b7ec9,24,np-setting,3.0513,1374620,7.18394,0,0,-1,0,3.05125
fields/00286__plt00095__fab0000_comp01_rho_E.f32__c0013__dt-f32/chunk_0,4194304,e002ddbb27a22325,24,np-setting,13.8521,302816,1.69011,0,0,-1,0,13.851
fields/00287__plt00095__fab0000_comp02_logden.f32__c0005__dt-f32/chunk_0,4194304,1c4f3ed1f6684321,24,np-setting,1.11758,3753056,4.96682,0,0,-1,0,1.11757
fields/00287__plt00095__fab0000_comp02_logden.f32__c0013__dt-f32/chunk_0,4194304,e23bd9a8fbbe4292,24,np-setting,1.13112,3708110,3.38144,0,0,-1,0,1.13112
fields/00288__plt00096__fab0000_comp00_density.f32__c0005__dt-f32/chunk_0,4194304,24a188e43834dd59,24,np-setting,1.24981,3355968,4.72163,0,0,-1,0,1.2498
fields/00288__plt00096__fab0000_comp00_density.f32__c0013__dt-f32/chunk_0,4194304,5d6db896c7eef68f,24,np-setting,1.3129,3194720,4.20845,0,0,-1,0,1.31289
fields/00289__plt00096__fab0000_comp01_rho_E.f32__c0005__dt-f32/chunk_0,4194304,5f522e6b8beaa769,24,np-setting,3.01874,1389448,5.40214,0,0,-1,0,3.01868
fields/00289__plt00096__fab0000_comp01_rho_E.f32__c0013__dt-f32/chunk_0,4194304,e002ddbb27a22325,24,np-setting,13.8521,302816,4.84922,0,0,-1,0,13.851
fields/00290__plt00096__fab0000_comp02_logden.f32__c0005__dt-f32/chunk_0,4194304,4ca655891c28a482,24,np-setting,1.11729,3754028,4.01898,0,0,-1,0,1.11728
fields/00290__plt00096__fab0000_comp02_logden.f32__c0013__dt-f32/chunk_0,4194304,e23bd9a8fbbe4292,24,np-setting,1.13112,3708110,2.70307,0,0,-1,0,1.13112
fields/00291__plt00097__fab0000_comp00_density.f32__c0005__dt-f32/chunk_0,4194304,d1ef27cc54f4571c,24,np-setting,1.24898,3358212,4.6935,0,0,-1,0,1.24897
fields/00291__plt00097__fab0000_comp00_density.f32__c0013__dt-f32/chunk_0,4194304,5d6db896c7eef68f,24,np-setting,1.3129,3194720,4.69334,0,0,-1,0,1.31289
fields/00292__plt00097__fab0000_comp01_rho_E.f32__c0005__dt-f32/chunk_0,4194304,7657ebd33447b25e,24,np-setting,2.9874,1404020,4.71219,0,0,-1,0,2.98735
fields/00292__plt00097__fab0000_comp01_rho_E.f32__c0013__dt-f32/chunk_0,4194304,e002ddbb27a22325,24,np-setting,13.8521,302816,2.8575,0,0,-1,0,13.851
fields/00293__plt00097__fab0000_comp02_logden.f32__c0005__dt-f32/chunk_0,4194304,2d86fa05b23b4988,24,np-setting,1.1171,3754652,2.50813,0,0,-1,0,1.1171
fields/00293__plt00097__fab0000_comp02_logden.f32__c0013__dt-f32/chunk_0,4194304,e23bd9a8fbbe4292,24,np-setting,1.13112,3708110,1.78262,0,0,-1,0,1.13112
fields/00294__plt00098__fab0000_comp00_density.f32__c0005__dt-f32/chunk_0,4194304,f8d722dcd5797d81,24,np-setting,1.24815,3360448,2.43546,0,0,-1,0,1.24814
fields/00294__plt00098__fab0000_comp00_density.f32__c0013__dt-f32/chunk_0,4194304,5d6db896c7eef68f,24,np-setting,1.3129,3194720,10.4594,0,0,-1,0,1.31289
fields/00295__plt00098__fab0000_comp01_rho_E.f32__c0005__dt-f32/chunk_0,4194304,2723ac6336b3cf9a,24,np-setting,2.95662,1418640,4.33181,0,0,-1,0,2.95657
fields/00295__plt00098__fab0000_comp01_rho_E.f32__c0013__dt-f32/chunk_0,4194304,e002ddbb27a22325,24,np-setting,13.8521,302816,2.16019,0,0,-1,0,13.851
fields/00296__plt00098__fab0000_comp02_logden.f32__c0005__dt-f32/chunk_0,4194304,7eb950e76fdd8478,24,np-setting,1.11708,3754744,4.49149,0,0,-1,0,1.11707
fields/00296__plt00098__fab0000_comp02_logden.f32__c0013__dt-f32/chunk_0,4194304,e23bd9a8fbbe4292,24,np-setting,1.13112,3708110,5.3009,0,0,-1,0,1.13112
fields/00297__plt00099__fab0000_comp00_density.f32__c0005__dt-f32/chunk_0,4194304,d1b765bed7f83767,24,np-setting,1.24689,3363840,3.16102,0,0,-1,0,1.24688
fields/00297__plt00099__fab0000_comp00_density.f32__c0013__dt-f32/chunk_0,4194304,5d6db896c7eef68f,24,np-setting,1.3129,3194720,4.25475,0,0,-1,0,1.31289
fields/00298__plt00099__fab0000_comp01_rho_E.f32__c0005__dt-f32/chunk_0,4194304,ba01fa11ddf0d95c,24,np-setting,2.92579,1433588,2.95747,0,0,-1,0,2.92574
fields/00298__plt00099__fab0000_comp01_rho_E.f32__c0013__dt-f32/chunk_0,4194304,e002ddbb27a22325,24,np-setting,13.8521,302816,4.26653,0,0,-1,0,13.851
fields/00299__plt00099__fab0000_comp02_logden.f32__c0005__dt-f32/chunk_0,4194304,953caf75ba13978a,24,np-setting,1.11685,3755504,1.80022,0,0,-1,0,1.11684
fields/00299__plt00099__fab0000_comp02_logden.f32__c0013__dt-f32/chunk_0,4194304,e23bd9a8fbbe4292,24,np-setting,1.13112,3708110,2.63712,0,0,-1,0,1.13112
fields/00300__plt00100__fab0000_comp00_density.f32__c0005__dt-f32/chunk_0,4194304,1eaabe882655b6e8,24,np-setting,1.24577,3366872,2.84355,0,0,-1,0,1.24576
fields/00300__plt00100__fab0000_comp00_density.f32__c0013__dt-f32/chunk_0,4194304,5d6db896c7eef68f,24,np-setting,1.3129,3194720,2.87648,0,0,-1,0,1.31289
fields/00301__plt00100__fab0000_comp01_rho_E.f32__c0005__dt-f32/chunk_0,4194304,a0ec07f0c5bbf28c,24,np-setting,2.89547,1448596,7.75264,0,0,-1,0,2.89543
fields/00301__plt00100__fab0000_comp01_rho_E.f32__c0013__dt-f32/chunk_0,4194304,e002ddbb27a22325,24,np-setting,13.8521,302816,2.27494,0,0,-1,0,13.851
fields/00302__plt00100__fab0000_comp02_logden.f32__c0005__dt-f32/chunk_0,4194304,75285b40d6b7f6ec,24,np-setting,1.1167,3756012,3.26867,0,0,-1,0,1.11669
fields/00302__plt00100__fab0000_comp02_logden.f32__c0013__dt-f32/chunk_0,4194304,e23bd9a8fbbe4292,24,np-setting,1.13112,3708110,1.07443,0,0,-1,0,1.13112
fields/00303__plt00101__fab0000_comp00_density.f32__c0005__dt-f32/chunk_0,4194304,4d96c26a1c175252,24,np-setting,1.24451,3370256,4.53286,0,0,-1,0,1.24451
fields/00303__plt00101__fab0000_comp00_density.f32__c0013__dt-f32/chunk_0,4194304,5d6db896c7eef68f,24,np-setting,1.3129,3194720,3.53299,0,0,-1,0,1.31289
fields/00304__plt00101__fab0000_comp01_rho_E.f32__c0005__dt-f32/chunk_0,4194304,d939550b4202c248,24,np-setting,2.86672,1463124,4.26112,0,0,-1,0,2.86668
fields/00304__plt00101__fab0000_comp01_rho_E.f32__c0013__dt-f32/chunk_0,4194304,e002ddbb27a22325,24,np-setting,13.8521,302816,3.89229,0,0,-1,0,13.851
fields/00305__plt00101__fab0000_comp02_logden.f32__c0005__dt-f32/chunk_0,4194304,ab394e31adf0809c,24,np-setting,1.11653,3756572,4.23846,0,0,-1,0,1.11652
fields/00305__plt00101__fab0000_comp02_logden.f32__c0013__dt-f32/chunk_0,4194304,e23bd9a8fbbe4292,24,np-setting,1.13112,3708110,1.77146,0,0,-1,0,1.13112
fields/00306__plt00102__fab0000_comp00_density.f32__c0005__dt-f32/chunk_0,4194304,890e67c1639014c,24,np-setting,1.24382,3372148,4.44339,0,0,-1,0,1.24381
fields/00306__plt00102__fab0000_comp00_density.f32__c0013__dt-f32/chunk_0,4194304,5d6db896c7eef68f,24,np-setting,1.3129,3194720,3.33094,0,0,-1,0,1.31289
fields/00307__plt00102__fab0000_comp01_rho_E.f32__c0005__dt-f32/chunk_0,4194304,277ea7dea38d584f,24,np-setting,2.83461,1479700,2.49862,0,0,-1,0,2.83456
fields/00307__plt00102__fab0000_comp01_rho_E.f32__c0013__dt-f32/chunk_0,4194304,e002ddbb27a22325,24,np-setting,13.8521,302816,2.52432,0,0,-1,0,13.851
fields/00308__plt00102__fab0000_comp02_logden.f32__c0005__dt-f32/chunk_0,4194304,7106144d7216bdd4,24,np-setting,1.11649,3756726,4.80378,0,0,-1,0,1.11648
fields/00308__plt00102__fab0000_comp02_logden.f32__c0013__dt-f32/chunk_0,4194304,e23bd9a8fbbe4292,24,np-setting,1.13112,3708110,3.78653,0,0,-1,0,1.13112
fields/00309__plt00103__fab0000_comp00_density.f32__c0005__dt-f32/chunk_0,4194304,3e6dd9d3267cc734,24,np-setting,1.24275,3375048,3.43466,0,0,-1,0,1.24274
fields/00309__plt00103__fab0000_comp00_density.f32__c0013__dt-f32/chunk_0,4194304,5d6db896c7eef68f,24,np-setting,1.3129,3194720,3.7416,0,0,-1,0,1.31289
fields/00310__plt00103__fab0000_comp01_rho_E.f32__c0005__dt-f32/chunk_0,4194304,899c3e551b8a89bb,24,np-setting,2.80354,1496100,3.728,0,0,-1,0,2.80349
fields/00310__plt00103__fab0000_comp01_rho_E.f32__c0013__dt-f32/chunk_0,4194304,e002ddbb27a22325,24,np-setting,13.8521,302816,1.88211,0,0,-1,0,13.851
fields/00311__plt00103__fab0000_comp02_logden.f32__c0005__dt-f32/chunk_0,4194304,93595d519472c76a,24,np-setting,1.1163,3757348,3.2384,0,0,-1,0,1.11629
fields/00311__plt00103__fab0000_comp02_logden.f32__c0013__dt-f32/chunk_0,4194304,e23bd9a8fbbe4292,24,np-setting,1.13112,3708110,3.77667,0,0,-1,0,1.13112
fields/00312__plt00104__fab0000_comp00_density.f32__c0005__dt-f32/chunk_0,4194304,4df551b511b05db3,24,np-setting,1.24149,3378456,2.88122,0,0,-1,0,1.24149
fields/00312__plt00104__fab0000_comp00_density.f32__c0013__dt-f32/chunk_0,4194304,5d6db896c7eef68f,24,np-setting,1.3129,3194720,4.55642,0,0,-1,0,1.31289
fields/00313__plt00104__fab0000_comp01_rho_E.f32__c0005__dt-f32/chunk_0,4194304,869a734134077c82,24,np-setting,2.77535,1511292,4.21827,0,0,-1,0,2.77531
fields/00313__plt00104__fab0000_comp01_rho_E.f32__c0013__dt-f32/chunk_0,4194304,e002ddbb27a22325,24,np-setting,13.8521,302816,4.21229,0,0,-1,0,13.851
fields/00314__plt00104__fab0000_comp02_logden.f32__c0005__dt-f32/chunk_0,4194304,14e6cac69208df6d,24,np-setting,1.11617,3757784,2.43443,0,0,-1,0,1.11616
fields/00314__plt00104__fab0000_comp02_logden.f32__c0013__dt-f32/chunk_0,4194304,e23bd9a8fbbe4292,24,np-setting,1.13112,3708110,3.55597,0,0,-1,0,1.13112
fields/00315__plt00105__fab0000_comp00_density.f32__c0005__dt-f32/chunk_0,4194304,37aa52b45257d253,24,np-setting,1.24037,3381528,4.86771,0,0,-1,0,1.24036
fields/00315__plt00105__fab0000_comp00_density.f32__c0013__dt-f32/chunk_0,4194304,5d6db896c7eef68f,24,np-setting,1.3129,3194720,3.58698,0,0,-1,0,1.31289
fields/00316__plt00105__fab0000_comp01_rho_E.f32__c0005__dt-f32/chunk_0,4194304,d6023ca05438fb5e,24,np-setting,2.74838,1526124,2.56864,0,0,-1,0,2.74834
fields/00316__plt00105__fab0000_comp01_rho_E.f32__c0013__dt-f32/chunk_0,4194304,e002ddbb27a22325,24,np-setting,13.8521,302816,2.96998,0,0,-1,0,13.851
fields/00317__plt00105__fab0000_comp02_logden.f32__c0005__dt-f32/chunk_0,4194304,c136905805ac1107,24,np-setting,1.11599,3758400,3.48122,0,0,-1,0,1.11598
fields/00317__plt00105__fab0000_comp02_logden.f32__c0013__dt-f32/chunk_0,4194304,e23bd9a8fbbe4292,24,np-setting,1.13112,3708110,2.24656,0,0,-1,0,1.13112
fields/00318__plt00106__fab0000_comp00_density.f32__c0005__dt-f32/chunk_0,4194304,eb2a605a57984d26,24,np-setting,1.23928,3384484,4.69322,0,0,-1,0,1.23927
fields/00318__plt00106__fab0000_comp00_density.f32__c0013__dt-f32/chunk_0,4194304,5d6db896c7eef68f,24,np-setting,1.3129,3194720,3.95376,0,0,-1,0,1.31289
fields/00319__plt00106__fab0000_comp01_rho_E.f32__c0005__dt-f32/chunk_0,4194304,b94fca56a8359664,24,np-setting,2.71977,1542176,3.01962,0,0,-1,0,2.71973
fields/00319__plt00106__fab0000_comp01_rho_E.f32__c0013__dt-f32/chunk_0,4194304,e002ddbb27a22325,24,np-setting,13.8521,302816,3.51248,0,0,-1,0,13.851
fields/00320__plt00106__fab0000_comp02_logden.f32__c0005__dt-f32/chunk_0,4194304,e1c14605e5299ca1,24,np-setting,1.11583,3758936,3.53382,0,0,-1,0,1.11582
fields/00320__plt00106__fab0000_comp02_logden.f32__c0013__dt-f32/chunk_0,4194304,e23bd9a8fbbe4292,24,np-setting,1.13112,3708110,3.02275,0,0,-1,0,1.13112
fields/00321__plt00107__fab0000_comp00_density.f32__c0005__dt-f32/chunk_0,4194304,918517fd4991cc74,24,np-setting,1.23851,3386584,2.31542,0,0,-1,0,1.23851
fields/00321__plt00107__fab0000_comp00_density.f32__c0013__dt-f32/chunk_0,4194304,5d6db896c7eef68f,24,np-setting,1.3129,3194720,4.20598,0,0,-1,0,1.31289
fields/00322__plt00107__fab0000_comp01_rho_E.f32__c0005__dt-f32/chunk_0,4194304,a23aa8c4d2db1d5c,24,np-setting,2.69198,1558096,2.03251,0,0,-1,0,2.69194
fields/00322__plt00107__fab0000_comp01_rho_E.f32__c0013__dt-f32/chunk_0,4194304,e002ddbb27a22325,24,np-setting,13.8521,302816,1.51568,0,0,-1,0,13.851
fields/00323__plt00107__fab0000_comp02_logden.f32__c0005__dt-f32/chunk_0,4194304,d52e4be248fc5893,24,np-setting,1.11574,3759248,3.12045,0,0,-1,0,1.11573
fields/00323__plt00107__fab0000_comp02_logden.f32__c0013__dt-f32/chunk_0,4194304,e23bd9a8fbbe4292,24,np-setting,1.13112,3708110,2.92915,0,0,-1,0,1.13112
fields/00324__plt00108__fab0000_comp00_density.f32__c0005__dt-f32/chunk_0,4194304,b9c8f928161295f4,24,np-setting,1.2374,3389632,4.69936,0,0,-1,0,1.23739
fields/00324__plt00108__fab0000_comp00_density.f32__c0013__dt-f32/chunk_0,4194304,5d6db896c7eef68f,24,np-setting,1.3129,3194720,5.09299,0,0,-1,0,1.31289
fields/00325__plt00108__fab0000_comp01_rho_E.f32__c0005__dt-f32/chunk_0,4194304,656282488412e23f,24,np-setting,2.66536,1573660,3.59098,0,0,-1,0,2.66532
fields/00325__plt00108__fab0000_comp01_rho_E.f32__c0013__dt-f32/chunk_0,4194304,e002ddbb27a22325,24,np-setting,13.8521,302816,3.23206,0,0,-1,0,13.851
fields/00326__plt00108__fab0000_comp02_logden.f32__c0005__dt-f32/chunk_0,4194304,f9a99c907bd6e3eb,24,np-setting,1.11553,3759960,4.84163,0,0,-1,0,1.11552
fields/00326__plt00108__fab0000_comp02_logden.f32__c0013__dt-f32/chunk_0,4194304,e23bd9a8fbbe4292,24,np-setting,1.13112,3708110,6.8559,0,0,-1,0,1.13112
fields/00327__plt00109__fab0000_comp00_density.f32__c0005__dt-f32/chunk_0,4194304,9787e7d654d4838,24,np-setting,1.23634,3392532,4.58845,0,0,-1,0,1.23633
fields/00327__plt00109__fab0000_comp00_density.f32__c0013__dt-f32/chunk_0,4194304,5d6db896c7eef68f,24,np-setting,1.3129,3194720,4.38003,0,0,-1,0,1.31289
fields/00328__plt00109__fab0000_comp01_rho_E.f32__c0005__dt-f32/chunk_0,4194304,a26f580ff125e704,24,np-setting,2.63918,1589268,4.33968,0,0,-1,0,2.63914
fields/00328__plt00109__fab0000_comp01_rho_E.f32__c0013__dt-f32/chunk_0,4194304,e002ddbb27a22325,24,np-setting,13.8521,302816,4.35635,0,0,-1,0,13.851
fields/00329__plt00109__fab0000_comp02_logden.f32__c0005__dt-f32/chunk_0,4194304,ab7ad4a22d8a840,24,np-setting,1.11545,3760222,4.33021,0,0,-1,0,1.11544
fields/00329__plt00109__fab0000_comp02_logden.f32__c0013__dt-f32/chunk_0,4194304,e23bd9a8fbbe4292,24,np-setting,1.13112,3708110,1.5255,0,0,-1,0,1.13112
fields/00330__plt00110__fab0000_comp00_density.f32__c0005__dt-f32/chunk_0,4194304,813594ac206dd08e,24,np-setting,1.23513,3395876,2.3463,0,0,-1,0,1.23512
fields/00330__plt00110__fab0000_comp00_density.f32__c0013__dt-f32/chunk_0,4194304,5d6db896c7eef68f,24,np-setting,1.3129,3194720,3.05222,0,0,-1,0,1.31289
fields/00331__plt00110__fab0000_comp01_rho_E.f32__c0005__dt-f32/chunk_0,4194304,a4acab6694f649b3,24,np-setting,2.61314,1605104,1.23542,0,0,-1,0,2.6131
fields/00331__plt00110__fab0000_comp01_rho_E.f32__c0013__dt-f32/chunk_0,4194304,e002ddbb27a22325,24,np-setting,13.8521,302816,2.35885,0,0,-1,0,13.851
fields/00332__plt00110__fab0000_comp02_logden.f32__c0005__dt-f32/chunk_0,4194304,e13289928b1b33ce,24,np-setting,1.11533,3760620,2.30429,0,0,-1,0,1.11532
fields/00332__plt00110__fab0000_comp02_logden.f32__c0013__dt-f32/chunk_0,4194304,e23bd9a8fbbe4292,24,np-setting,1.13112,3708110,3.65328,0,0,-1,0,1.13112
fields/00333__plt00111__fab0000_comp00_density.f32__c0005__dt-f32/chunk_0,4194304,5ad31f59eca753ef,24,np-setting,1.23423,3398328,5.11584,0,0,-1,0,1.23423
fields/00333__plt00111__fab0000_comp00_density.f32__c0013__dt-f32/chunk_0,4194304,5d6db896c7eef68f,24,np-setting,1.3129,3194720,2.23542,0,0,-1,0,1.31289
fields/00334__plt00111__fab0000_comp01_rho_E.f32__c0005__dt-f32/chunk_0,4194304,9e48cd58424094f9,24,np-setting,2.58724,1621172,4.04486,0,0,-1,0,2.5872
fields/00334__plt00111__fab0000_comp01_rho_E.f32__c0013__dt-f32/chunk_0,4194304,e002ddbb27a22325,24,np-setting,13.8521,302816,4.45331,0,0,-1,0,13.851
fields/00335__plt00111__fab0000_comp02_logden.f32__c0005__dt-f32/chunk_0,4194304,6cb2feda43e740fd,24,np-setting,1.1152,3761052,2.72938,0,0,-1,0,1.11519
fields/00335__plt00111__fab0000_comp02_logden.f32__c0013__dt-f32/chunk_0,4194304,e23bd9a8fbbe4292,24,np-setting,1.13112,3708110,3.16928,0,0,-1,0,1.13112
fields/00336__plt00112__fab0000_comp00_density.f32__c0005__dt-f32/chunk_0,4194304,d1879da00e139989,24,np-setting,1.23318,3401244,5.05155,0,0,-1,0,1.23317
fields/00336__plt00112__fab0000_comp00_density.f32__c0013__dt-f32/chunk_0,4194304,5d6db896c7eef68f,24,np-setting,1.3129,3194720,3.23155,0,0,-1,0,1.31289
fields/00337__plt00112__fab0000_comp01_rho_E.f32__c0005__dt-f32/chunk_0,4194304,51ed65b61a40b9f,24,np-setting,2.56211,1637072,4.16253,0,0,-1,0,2.56208
fields/00337__plt00112__fab0000_comp01_rho_E.f32__c0013__dt-f32/chunk_0,4194304,e002ddbb27a22325,24,np-setting,13.8521,302816,3.10544,0,0,-1,0,13.851
fields/00338__plt00112__fab0000_comp02_logden.f32__c0005__dt-f32/chunk_0,4194304,b2ab45f1d376521d,24,np-setting,1.1151,3761384,3.88752,0,0,-1,0,1.1151
fields/00338__plt00112__fab0000_comp02_logden.f32__c0013__dt-f32/chunk_0,4194304,e23bd9a8fbbe4292,24,np-setting,1.13112,3708110,5.0487,0,0,-1,0,1.13112
fields/00339__plt00113__fab0000_comp00_density.f32__c0005__dt-f32/chunk_0,4194304,89db29b738997de7,24,np-setting,1.23201,3404468,4.14406,0,0,-1,0,1.232
fields/00339__plt00113__fab0000_comp00_density.f32__c0013__dt-f32/chunk_0,4194304,5d6db896c7eef68f,24,np-setting,1.3129,3194720,3.88512,0,0,-1,0,1.31289
fields/00340__plt00113__fab0000_comp01_rho_E.f32__c0005__dt-f32/chunk_0,4194304,491710b39646eea7,24,np-setting,2.53678,1653424,3.85786,0,0,-1,0,2.53674
fields/00340__plt00113__fab0000_comp01_rho_E.f32__c0013__dt-f32/chunk_0,4194304,e002ddbb27a22325,24,np-setting,13.8521,302816,4.39968,0,0,-1,0,13.851
fields/00341__plt00113__fab0000_comp02_logden.f32__c0005__dt-f32/chunk_0,4194304,550ed96a60445cff,24,np-setting,1.11504,3761606,4.3823,0,0,-1,0,1.11503
fields/00341__plt00113__fab0000_comp02_logden.f32__c0013__dt-f32/chunk_0,4194304,e23bd9a8fbbe4292,24,np-setting,1.13112,3708110,3.56813,0,0,-1,0,1.13112
fields/00342__plt00114__fab0000_comp00_density.f32__c0005__dt-f32/chunk_0,4194304,38e9ce87f036f6a,24,np-setting,1.23092,3407472,3.71619,0,0,-1,0,1.23091
fields/00342__plt00114__fab0000_comp00_density.f32__c0013__dt-f32/chunk_0,4194304,5d6db896c7eef68f,24,np-setting,1.3129,3194720,3.72144,0,0,-1,0,1.31289
fields/00343__plt00114__fab0000_comp01_rho_E.f32__c0005__dt-f32/chunk_0,4194304,e2fdf4730da235b2,24,np-setting,2.51256,1669356,3.10701,0,0,-1,0,2.51253
fields/00343__plt00114__fab0000_comp01_rho_E.f32__c0013__dt-f32/chunk_0,4194304,e002ddbb27a22325,24,np-setting,13.8521,302816,2.21299,0,0,-1,0,13.851
fields/00344__plt00114__fab0000_comp02_logden.f32__c0005__dt-f32/chunk_0,4194304,d110be6573e289,24,np-setting,1.11494,3761922,2.4025,0,0,-1,0,1.11494
fields/00344__plt00114__fab0000_comp02_logden.f32__c0013__dt-f32/chunk_0,4194304,e23bd9a8fbbe4292,24,np-setting,1.13112,3708110,2.49078,0,0,-1,0,1.13112
fields/00345__plt00115__fab0000_comp00_density.f32__c0005__dt-f32/chunk_0,4194304,88ac4916ed3eeb90,24,np-setting,1.22998,3410080,2.19318,0,0,-1,0,1.22997
fields/00345__plt00115__fab0000_comp00_density.f32__c0013__dt-f32/chunk_0,4194304,5d6db896c7eef68f,24,np-setting,1.3129,3194720,2.48938,0,0,-1,0,1.31289
fields/00346__plt00115__fab0000_comp01_rho_E.f32__c0005__dt-f32/chunk_0,4194304,58870672985784f8,24,np-setting,2.48907,1685116,3.87094,0,0,-1,0,2.48903
fields/00346__plt00115__fab0000_comp01_rho_E.f32__c0013__dt-f32/chunk_0,4194304,e002ddbb27a22325,24,np-setting,13.8521,302816,4.97946,0,0,-1,0,13.851
fields/00347__plt00115__fab0000_comp02_logden.f32__c0005__dt-f32/chunk_0,4194304,d869a31f764eaa04,24,np-setting,1.11473,3762646,5.08067,0,0,-1,0,1.11472
fields/00347__plt00115__fab0000_comp02_logden.f32__c0013__dt-f32/chunk_0,4194304,e23bd9a8fbbe4292,24,np-setting,1.13112,3708110,4.93837,0,0,-1,0,1.13112
fields/00348__plt00116__fab0000_comp00_density.f32__c0005__dt-f32/chunk_0,4194304,58a9081216d2c7d1,24,np-setting,1.22878,3413400,4.57715,0,0,-1,0,1.22878
fields/00348__plt00116__fab0000_comp00_density.f32__c0013__dt-f32/chunk_0,4194304,5d6db896c7eef68f,24,np-setting,1.3129,3194720,3.9983,0,0,-1,0,1.31289
fields/00349__plt00116__fab0000_comp01_rho_E.f32__c0005__dt-f32/chunk_0,4194304,386b09fbb8ad48f0,24,np-setting,2.47062,1697700,5.71469,0,0,-1,0,2.47058
fields/00349__plt00116__fab0000_comp01_rho_E.f32__c0013__dt-f32/chunk_0,4194304,e002ddbb27a22325,24,np-setting,13.8521,302816,3.9639,0,0,-1,0,13.851
fields/00350__plt00116__fab0000_comp02_logden.f32__c0005__dt-f32/chunk_0,4194304,6b506f15e18b3f,24,np-setting,1.11459,3763104,4.32349,0,0,-1,0,1.11459
fields/00350__plt00116__fab0000_comp02_logden.f32__c0013__dt-f32/chunk_0,4194304,e23bd9a8fbbe4292,24,np-setting,1.13112,3708110,2.3408,0,0,-1,0,1.13112
fields/00351__plt00117__fab0000_comp00_density.f32__c0005__dt-f32/chunk_0,4194304,8fc7417b2d89f114,24,np-setting,1.22771,3416384,1.61488,0,0,-1,0,1.2277
fields/00351__plt00117__fab0000_comp00_density.f32__c0013__dt-f32/chunk_0,4194304,5d6db896c7eef68f,24,np-setting,1.3129,3194720,1.14931,0,0,-1,0,1.31289
fields/00352__plt00117__fab0000_comp01_rho_E.f32__c0005__dt-f32/chunk_0,4194304,9eeaaf264cd568a0,24,np-setting,2.45188,1710672,0.702528,0,0,-1,0,2.45185
fields/00352__plt00117__fab0000_comp01_rho_E.f32__c0013__dt-f32/chunk_0,4194304,e002ddbb27a22325,24,np-setting,13.8521,302816,2.34704,0,0,-1,0,13.851
fields/00353__plt00117__fab0000_comp02_logden.f32__c0005__dt-f32/chunk_0,4194304,3e58cc9b7cf75924,24,np-setting,1.11439,3763804,3.62797,0,0,-1,0,1.11438
fields/00353__plt00117__fab0000_comp02_logden.f32__c0013__dt-f32/chunk_0,4194304,e23bd9a8fbbe4292,24,np-setting,1.13112,3708110,5.16397,0,0,-1,0,1.13112
fields/00354__plt00118__fab0000_comp00_density.f32__c0005__dt-f32/chunk_0,4194304,15708e828442d30a,24,np-setting,1.22684,3418804,3.19082,0,0,-1,0,1.22683
fields/00354__plt00118__fab0000_comp00_density.f32__c0013__dt-f32/chunk_0,4194304,5d6db896c7eef68f,24,np-setting,1.3129,3194720,4.49072,0,0,-1,0,1.31289
fields/00355__plt00118__fab0000_comp01_rho_E.f32__c0005__dt-f32/chunk_0,4194304,6f75a8ddd3a00a5,24,np-setting,2.4267,1728424,3.99613,0,0,-1,0,2.42666
fields/00355__plt00118__fab0000_comp01_rho_E.f32__c0013__dt-f32/chunk_0,4194304,e002ddbb27a22325,24,np-setting,13.8521,302816,2.15424,0,0,-1,0,13.851
fields/00356__plt00118__fab0000_comp02_logden.f32__c0005__dt-f32/chunk_0,4194304,af8f9e2ee39e595e,24,np-setting,1.11427,3764196,3.19133,0,0,-1,0,1.11426
fields/00356__plt00118__fab0000_comp02_logden.f32__c0013__dt-f32/chunk_0,4194304,e23bd9a8fbbe4292,24,np-setting,1.13112,3708110,3.29008,0,0,-1,0,1.13112
fields/00357__plt00119__fab0000_comp00_density.f32__c0005__dt-f32/chunk_0,4194304,bd1eeb72cf36fd86,24,np-setting,1.22576,3421812,2.18509,0,0,-1,0,1.22576
fields/00357__plt00119__fab0000_comp00_density.f32__c0013__dt-f32/chunk_0,4194304,5d6db896c7eef68f,24,np-setting,1.3129,3194720,2.95376,0,0,-1,0,1.31289
fields/00358__plt00119__fab0000_comp01_rho_E.f32__c0005__dt-f32/chunk_0,4194304,ea05a04772f0099d,24,np-setting,2.40365,1744996,2.18902,0,0,-1,0,2.40362
fields/00358__plt00119__fab0000_comp01_rho_E.f32__c0013__dt-f32/chunk_0,4194304,e002ddbb27a22325,24,np-setting,13.8521,302816,4.05555,0,0,-1,0,13.851
fields/00359__plt00119__fab0000_comp02_logden.f32__c0005__dt-f32/chunk_0,4194304,a997ed3ebad6ba8b,24,np-setting,1.1142,3764432,4.7664,0,0,-1,0,1.11419
fields/00359__plt00119__fab0000_comp02_logden.f32__c0013__dt-f32/chunk_0,4194304,e23bd9a8fbbe4292,24,np-setting,1.13112,3708110,4.16096,0,0,-1,0,1.13112
fields/00360__plt00120__fab0000_comp00_density.f32__c0005__dt-f32/chunk_0,4194304,c24bcb1590d38a70,24,np-setting,1.2249,3424228,3.76922,0,0,-1,0,1.22489
fields/00360__plt00120__fab0000_comp00_density.f32__c0013__dt-f32/chunk_0,4194304,5d6db896c7eef68f,24,np-setting,1.3129,3194720,0.419104,0,0,-1,0,1.31289
fields/00361__plt00120__fab0000_comp01_rho_E.f32__c0005__dt-f32/chunk_0,4194304,5ede4ccacc7ab07b,24,np-setting,2.38139,1761308,4.42272,0,0,-1,0,2.38136
fields/00361__plt00120__fab0000_comp01_rho_E.f32__c0013__dt-f32/chunk_0,4194304,e002ddbb27a22325,24,np-setting,13.8521,302816,2.84915,0,0,-1,0,13.851
fields/00362__plt00120__fab0000_comp02_logden.f32__c0005__dt-f32/chunk_0,4194304,ad8d444f21d7b5f2,24,np-setting,1.11409,3764812,1.57142,0,0,-1,0,1.11408
fields/00362__plt00120__fab0000_comp02_logden.f32__c0013__dt-f32/chunk_0,4194304,e23bd9a8fbbe4292,24,np-setting,1.13112,3708110,0.398272,0,0,-1,0,1.13112
fields/00363__plt00121__fab0000_comp00_density.f32__c0005__dt-f32/chunk_0,4194304,c07d02f8c7846a1d,24,np-setting,1.2241,3426468,2.97581,0,0,-1,0,1.22409
fields/00363__plt00121__fab0000_comp00_density.f32__c0013__dt-f32/chunk_0,4194304,5d6db896c7eef68f,24,np-setting,1.3129,3194720,1.51005,0,0,-1,0,1.31289
fields/00364__plt00121__fab0000_comp01_rho_E.f32__c0005__dt-f32/chunk_0,4194304,b2adfb1e684408a6,24,np-setting,2.35971,1777492,5.52333,0,0,-1,0,2.35968
fields/00364__plt00121__fab0000_comp01_rho_E.f32__c0013__dt-f32/chunk_0,4194304,e002ddbb27a22325,24,np-setting,13.8521,302816,4.66982,0,0,-1,0,13.851
fields/00365__plt00121__fab0000_comp02_logden.f32__c0005__dt-f32/chunk_0,4194304,1d6b7e2e85eb5c35,24,np-setting,1.114,3765120,2.89539,0,0,-1,0,1.11399
fields/00365__plt00121__fab0000_comp02_logden.f32__c0013__dt-f32/chunk_0,4194304,e23bd9a8fbbe4292,24,np-setting,1.13112,3708110,3.08038,0,0,-1,0,1.13112
fields/00366__plt00122__fab0000_comp00_density.f32__c0005__dt-f32/chunk_0,4194304,e7bf6c346c65a501,24,np-setting,1.2233,3428692,6.22928,0,0,-1,0,1.2233
fields/00366__plt00122__fab0000_comp00_density.f32__c0013__dt-f32/chunk_0,4194304,5d6db896c7eef68f,24,np-setting,1.3129,3194720,5.56768,0,0,-1,0,1.31289
fields/00367__plt00122__fab0000_comp01_rho_E.f32__c0005__dt-f32/chunk_0,4194304,8455294441400630,24,np-setting,2.33692,1794824,3.38698,0,0,-1,0,2.33689
fields/00367__plt00122__fab0000_comp01_rho_E.f32__c0013__dt-f32/chunk_0,4194304,4aa0c6981f862931,24,np-setting,13.8521,302816,4.5033,0,0,-1,0,13.851
fields/00368__plt00122__fab0000_comp02_logden.f32__c0005__dt-f32/chunk_0,4194304,7c72cb066ccafcf9,24,np-setting,1.11387,3765556,4.21462,0,0,-1,0,1.11386
fields/00368__plt00122__fab0000_comp02_logden.f32__c0013__dt-f32/chunk_0,4194304,e23bd9a8fbbe4292,24,np-setting,1.13112,3708110,3.35466,0,0,-1,0,1.13112
fields/00369__plt00123__fab0000_comp00_density.f32__c0005__dt-f32/chunk_0,4194304,916c8367a5a6eb51,24,np-setting,1.22251,3430908,4.47101,0,0,-1,0,1.22251
fields/00369__plt00123__fab0000_comp00_density.f32__c0013__dt-f32/chunk_0,4194304,94934ecd57f88b5e,24,np-setting,1.3129,3194720,4.3567,0,0,-1,0,1.31289
fields/00370__plt00123__fab0000_comp01_rho_E.f32__c0005__dt-f32/chunk_0,4194304,39309a2957701387,24,np-setting,2.31587,1811140,4.36822,0,0,-1,0,2.31584
fields/00370__plt00123__fab0000_comp01_rho_E.f32__c0013__dt-f32/chunk_0,4194304,3e578a43ab07e35e,24,np-setting,13.8265,303376,3.99706,0,0,-1,0,13.8254
fields/00371__plt00123__fab0000_comp02_logden.f32__c0005__dt-f32/chunk_0,4194304,ab2c7ca6d091bc06,24,np-setting,1.11374,3765988,4.67443,0,0,-1,0,1.11373
fields/00371__plt00123__fab0000_comp02_logden.f32__c0013__dt-f32/chunk_0,4194304,f3fabae97ca8084,24,np-setting,1.13112,3708126,4.93475,0,0,-1,0,1.13111
fields/00372__plt00124__fab0000_comp00_density.f32__c0005__dt-f32/chunk_0,4194304,15885062f11866a,24,np-setting,1.22174,3433092,2.07331,0,0,-1,0,1.22173
fields/00372__plt00124__fab0000_comp00_density.f32__c0013__dt-f32/chunk_0,4194304,eefd942885b686f2,24,np-setting,1.3129,3194720,3.87331,0,0,-1,0,1.31289
fields/00373__plt00124__fab0000_comp01_rho_E.f32__c0005__dt-f32/chunk_0,4194304,351d1ec4cfbd7e8,24,np-setting,2.29701,1826008,4.08083,0,0,-1,0,2.29698
fields/00373__plt00124__fab0000_comp01_rho_E.f32__c0013__dt-f32/chunk_0,4194304,27068f407a7e715f,24,np-setting,13.804,303872,4.29757,0,0,-1,0,13.8029
fields/00374__plt00124__fab0000_comp02_logden.f32__c0005__dt-f32/chunk_0,4194304,57c08ade04a902a8,24,np-setting,1.1137,3766122,2.00659,0,0,-1,0,1.11369
fields/00374__plt00124__fab0000_comp02_logden.f32__c0013__dt-f32/chunk_0,4194304,5fc124954bf0ca94,24,np-setting,1.13112,3708126,3.1192,0,0,-1,0,1.13111
fields/00375__plt00125__fab0000_comp00_density.f32__c0005__dt-f32/chunk_0,4194304,efddeae721866bb2,24,np-setting,1.22101,3435148,3.28758,0,0,-1,0,1.221
fields/00375__plt00125__fab0000_comp00_density.f32__c0013__dt-f32/chunk_0,4194304,2da5c1e52c20dfd,24,np-setting,1.3129,3194720,1.65283,0,0,-1,0,1.31289
fields/00376__plt00125__fab0000_comp01_rho_E.f32__c0005__dt-f32/chunk_0,4194304,24dbb3854fb32ae8,24,np-setting,2.27736,1841760,0.358048,0,0,-1,0,2.27733
fields/00376__plt00125__fab0000_comp01_rho_E.f32__c0013__dt-f32/chunk_0,4194304,c6ced1a0a86e5686,24,np-setting,13.7659,304712,3.38419,0,0,-1,0,13.7648
fields/00377__plt00125__fab0000_comp02_logden.f32__c0005__dt-f32/chunk_0,4194304,7bc93b59e7e9b0a5,24,np-setting,1.11359,3766502,1.2561,0,0,-1,0,1.11358
fields/00377__plt00125__fab0000_comp02_logden.f32__c0013__dt-f32/chunk_0,4194304,78066feb78bc046b,24,np-setting,1.13111,3708158,1.55402,0,0,-1,0,1.1311
fields/00378__plt00126__fab0000_comp00_density.f32__c0005__dt-f32/chunk_0,4194304,27d0bd712d7c855f,24,np-setting,1.22028,3437176,0.410144,0,0,-1,0,1.22028
fields/00378__plt00126__fab0000_comp00_density.f32__c0013__dt-f32/chunk_0,4194304,634d416ab4ad3e41,24,np-setting,1.3129,3194720,1.55018,0,0,-1,0,1.31289
fields/00379__plt00126__fab0000_comp01_rho_E.f32__c0005__dt-f32/chunk_0,4194304,c312d986a3a0e19,24,np-setting,2.25782,1857704,1.32515,0,0,-1,0,2.25779
fields/00379__plt00126__fab0000_comp01_rho_E.f32__c0013__dt-f32/chunk_0,4194304,59fe1d2b029da252,24,np-setting,13.7338,305424,0.238272,0,0,-1,0,13.7327
fields/00380__plt00126__fab0000_comp02_logden.f32__c0005__dt-f32/chunk_0,4194304,f578f3def76b3c8a,24,np-setting,1.11346,3766928,5.69776,0,0,-1,0,1.11345
fields/00380__plt00126__fab0000_comp02_logden.f32__c0013__dt-f32/chunk_0,4194304,d8b6100f1e6ff442,24,np-setting,1.13112,3708126,3.14419,0,0,-1,0,1.13111
fields/00381__plt00127__fab0000_comp00_density.f32__c0005__dt-f32/chunk_0,4194304,1ff5ab73d3da4995,24,np-setting,1.21959,3439136,4.64442,0,0,-1,0,1.21958
fields/00381__plt00127__fab0000_comp00_density.f32__c0013__dt-f32/chunk_0,4194304,59310fd7f2fd9833,24,np-setting,1.31289,3194728,5.46595,0,0,-1,0,1.31288
fields/00382__plt00127__fab0000_comp01_rho_E.f32__c0005__dt-f32/chunk_0,4194304,c41c5fc3c128165b,24,np-setting,2.24106,1871596,2.42643,0,0,-1,0,2.24103
fields/00382__plt00127__fab0000_comp01_rho_E.f32__c0013__dt-f32/chunk_0,4194304,f8344b176b86dd4c,24,np-setting,13.6051,308312,4.36858,0,0,-1,0,13.6041
fields/00383__plt00127__fab0000_comp02_logden.f32__c0005__dt-f32/chunk_0,4194304,365fb82088c6614e,24,np-setting,1.11337,3767250,4.18266,0,0,-1,0,1.11336
fields/00383__plt00127__fab0000_comp02_logden.f32__c0013__dt-f32/chunk_0,4194304,941b3dfe92ac7952,24,np-setting,1.13112,3708134,1.66454,0,0,-1,0,1.13111
fields/00384__plt00128__fab0000_comp00_density.f32__c0005__dt-f32/chunk_0,4194304,b493ae5f4e20a54e,24,np-setting,1.21886,3441204,3.23664,0,0,-1,0,1.21885
fields/00384__plt00128__fab0000_comp00_density.f32__c0013__dt-f32/chunk_0,4194304,9deae87fa37b2cfc,24,np-setting,1.31289,3194736,2.2023,0,0,-1,0,1.31288
fields/00385__plt00128__fab0000_comp01_rho_E.f32__c0005__dt-f32/chunk_0,4194304,7f3db95e76363c74,24,np-setting,2.22399,1885964,3.63398,0,0,-1,0,2.22396
fields/00385__plt00128__fab0000_comp01_rho_E.f32__c0013__dt-f32/chunk_0,4194304,959c2ca1d09575b7,24,np-setting,13.446,311960,5.22883,0,0,-1,0,13.445
fields/00386__plt00128__fab0000_comp02_logden.f32__c0005__dt-f32/chunk_0,4194304,a1b221b79ad4e288,24,np-setting,1.11326,3767598,2.99005,0,0,-1,0,1.11326
fields/00386__plt00128__fab0000_comp02_logden.f32__c0013__dt-f32/chunk_0,4194304,b1f18c7f25cb8b6c,24,np-setting,1.13108,3708238,2.84464,0,0,-1,0,1.13108
fields/00387__plt00129__fab0000_comp00_density.f32__c0005__dt-f32/chunk_0,4194304,9212d206d253071,24,np-setting,1.21815,3443192,3.85952,0,0,-1,0,1.21814
fields/00387__plt00129__fab0000_comp00_density.f32__c0013__dt-f32/chunk_0,4194304,39da6401805e2116,24,np-setting,1.31289,3194728,3.24237,0,0,-1,0,1.31288
fields/00388__plt00129__fab0000_comp01_rho_E.f32__c0005__dt-f32/chunk_0,4194304,8018102b92682b9b,24,np-setting,2.20629,1901088,2.84534,0,0,-1,0,2.20627
fields/00388__plt00129__fab0000_comp01_rho_E.f32__c0013__dt-f32/chunk_0,4194304,abe59cff35e6e7ea,24,np-setting,13.3795,313512,3.00896,0,0,-1,0,13.3784
fields/00389__plt00129__fab0000_comp02_logden.f32__c0005__dt-f32/chunk_0,4194304,ac0cd4d76b0cf9e2,24,np-setting,1.11312,3768084,1.3232,0,0,-1,0,1.11311
fields/00389__plt00129__fab0000_comp02_logden.f32__c0013__dt-f32/chunk_0,4194304,ea728911d637dbdf,24,np-setting,1.13113,3708094,3.30778,0,0,-1,0,1.13112
fields/00390__plt00130__fab0000_comp00_density.f32__c0005__dt-f32/chunk_0,4194304,e0f5ebcb20bd06c7,24,np-setting,1.21753,3444940,1.34163,0,0,-1,0,1.21753
fields/00390__plt00130__fab0000_comp00_density.f32__c0013__dt-f32/chunk_0,4194304,a6000e6444242335,24,np-setting,1.31281,3194936,4.69565,0,0,-1,0,1.3128
fields/00391__plt00130__fab0000_comp01_rho_E.f32__c0005__dt-f32/chunk_0,4194304,c16d8b5a38e85f77,24,np-setting,2.19074,1914588,3.96915,0,0,-1,0,2.19071
fields/00391__plt00130__fab0000_comp01_rho_E.f32__c0013__dt-f32/chunk_0,4194304,558ec209d3bfb533,24,np-setting,13.0582,321224,3.14128,0,0,-1,0,13.0573
fields/00392__plt00130__fab0000_comp02_logden.f32__c0005__dt-f32/chunk_0,4194304,cc420f8586d71ac8,24,np-setting,1.11307,3768262,3.82486,0,0,-1,0,1.11306
fields/00392__plt00130__fab0000_comp02_logden.f32__c0013__dt-f32/chunk_0,4194304,bcd8e48a5bd7c778,24,np-setting,1.13112,3708110,3.26214,0,0,-1,0,1.13112
fields/00393__plt00131__fab0000_comp00_density.f32__c0005__dt-f32/chunk_0,4194304,84ff0b8ae2a5a5e0,24,np-setting,1.21681,3446996,2.30432,0,0,-1,0,1.2168
fields/00393__plt00131__fab0000_comp00_density.f32__c0013__dt-f32/chunk_0,4194304,8e62a342d3447ea0,24,np-setting,1.3127,3195208,3.54586,0,0,-1,0,1.31269
fields/00394__plt00131__fab0000_comp01_rho_E.f32__c0005__dt-f32/chunk_0,4194304,6b498a72f0eddf4,24,np-setting,2.17495,1928484,2.80282,0,0,-1,0,2.17492
fields/00394__plt00131__fab0000_comp01_rho_E.f32__c0013__dt-f32/chunk_0,4194304,4e5648d8d590ec1f,24,np-setting,12.9649,323536,1.8137,0,0,-1,0,12.9639
fields/00395__plt00131__fab0000_comp02_logden.f32__c0005__dt-f32/chunk_0,4194304,18005651cb7f8db1,24,np-setting,1.11298,3768564,2.82214,0,0,-1,0,1.11297
fields/00395__plt00131__fab0000_comp02_logden.f32__c0013__dt-f32/chunk_0,4194304,ed090029ab04e9b6,24,np-setting,1.1311,3708190,3.26179,0,0,-1,0,1.13109
fields/00396__plt00132__fab0000_comp00_density.f32__c0005__dt-f32/chunk_0,4194304,29ad937152a6fa8d,24,np-setting,1.21612,3448944,2.72605,0,0,-1,0,1.21611
fields/00396__plt00132__fab0000_comp00_density.f32__c0013__dt-f32/chunk_0,4194304,87fa4854df6efc0b,24,np-setting,1.31248,3195744,4.05386,0,0,-1,0,1.31247
fields/00397__plt00132__fab0000_comp01_rho_E.f32__c0005__dt-f32/chunk_0,4194304,d9b627be95e5be07,24,np-setting,2.1578,1943812,2.46448,0,0,-1,0,2.15777
fields/00397__plt00132__fab0000_comp01_rho_E.f32__c0013__dt-f32/chunk_0,4194304,fbdd5489335271fa,24,np-setting,12.7112,329992,1.60182,0,0,-1,0,12.7103
fields/00398__plt00132__fab0000_comp02_logden.f32__c0005__dt-f32/chunk_0,4194304,e8f8621fc20b7a6f,24,np-setting,1.113,3768488,2.00163,0,0,-1,0,1.11299
fields/00398__plt00132__fab0000_comp02_logden.f32__c0013__dt-f32/chunk_0,4194304,e7f86b77c10986d4,24,np-setting,1.13113,3708102,2.69539,0,0,-1,0,1.13112
fields/00399__plt00133__fab0000_comp00_density.f32__c0005__dt-f32/chunk_0,4194304,e0e7439e1d8e4428,24,np-setting,1.21545,3450852,2.2479,0,0,-1,0,1.21544
fields/00399__plt00133__fab0000_comp00_density.f32__c0013__dt-f32/chunk_0,4194304,b2fc5030ae527266,24,np-setting,1.31219,3196448,2.7016,0,0,-1,0,1.31218
fields/00400__plt00133__fab0000_comp01_rho_E.f32__c0005__dt-f32/chunk_0,4194304,98f79805c93af526,24,np-setting,2.14445,1955908,2.99843,0,0,-1,0,2.14443
fields/00400__plt00133__fab0000_comp01_rho_E.f32__c0013__dt-f32/chunk_0,4194304,378a85ccc44f3413,24,np-setting,12.5272,334840,2.8687,0,0,-1,0,12.5263
fields/00401__plt00133__fab0000_comp02_logden.f32__c0005__dt-f32/chunk_0,4194304,d6215c6e0fe96ba6,24,np-setting,1.11294,3768710,1.59107,0,0,-1,0,1.11293
fields/00401__plt00133__fab0000_comp02_logden.f32__c0013__dt-f32/chunk_0,4194304,73a39471b5f1fd73,24,np-setting,1.13109,3708214,1.99376,0,0,-1,0,1.13108
fields/00402__plt00134__fab0000_comp00_density.f32__c0005__dt-f32/chunk_0,4194304,c702b320647b7bf,24,np-setting,1.21477,3452776,2.53718,0,0,-1,0,1.21476
fields/00402__plt00134__fab0000_comp00_density.f32__c0013__dt-f32/chunk_0,4194304,4a7e2db8507f7947,24,np-setting,1.3119,3197152,2.3712,0,0,-1,0,1.31189
fields/00403__plt00134__fab0000_comp01_rho_E.f32__c0005__dt-f32/chunk_0,4194304,b9b37e7831fb600b,24,np-setting,2.12919,1969932,3.44096,0,0,-1,0,2.12916
fields/00403__plt00134__fab0000_comp01_rho_E.f32__c0013__dt-f32/chunk_0,4194304,fc4a3266ef7bf6ce,24,np-setting,12.2885,341344,3.56029,0,0,-1,0,12.2876
fields/00404__plt00134__fab0000_comp02_logden.f32__c0005__dt-f32/chunk_0,4194304,b1aa8e9dffbe5e66,24,np-setting,1.11291,3768798,2.78339,0,0,-1,0,1.1129
fields/00404__plt00134__fab0000_comp02_logden.f32__c0013__dt-f32/chunk_0,4194304,dc2aeca04e203fd7,24,np-setting,1.13104,3708382,2.08272,0,0,-1,0,1.13103
fields/00405__plt00135__fab0000_comp00_density.f32__c0005__dt-f32/chunk_0,4194304,ab5d49a35a20dd77,24,np-setting,1.21406,3454804,1.76163,0,0,-1,0,1.21405
fields/00405__plt00135__fab0000_comp00_density.f32__c0013__dt-f32/chunk_0,4194304,8b570282d8ea10cb,24,np-setting,1.31135,3198488,3.31782,0,0,-1,0,1.31134
fields/00406__plt00135__fab0000_comp01_rho_E.f32__c0005__dt-f32/chunk_0,4194304,cf09bc0845115eb8,24,np-setting,2.11588,1982324,1.68678,0,0,-1,0,2.11585
fields/00406__plt00135__fab0000_comp01_rho_E.f32__c0013__dt-f32/chunk_0,4194304,c15d54de2d4fb9c8,24,np-setting,12.0845,347104,1.23603,0,0,-1,0,12.0837
fields/00407__plt00135__fab0000_comp02_logden.f32__c0005__dt-f32/chunk_0,4194304,4f6ac59618421bb8,24,np-setting,1.11288,3768910,0.58864,0,0,-1,0,1.11287
fields/00407__plt00135__fab0000_comp02_logden.f32__c0013__dt-f32/chunk_0,4194304,a2f6a891f03734fd,24,np-setting,1.131,3708518,0.645088,0,0,-1,0,1.13099
fields/00408__plt00136__fab0000_comp00_density.f32__c0005__dt-f32/chunk_0,4194304,822d4ab656f6feff,24,np-setting,1.21328,3457008,0.48928,0,0,-1,0,1.21328
fields/00408__plt00136__fab0000_comp00_density.f32__c0013__dt-f32/chunk_0,4194304,a51bdf7001143a12,24,np-setting,1.3107,3200064,0.268352,0,0,-1,0,1.31069
fields/00409__plt00136__fab0000_comp01_rho_E.f32__c0005__dt-f32/chunk_0,4194304,3362c4822d204725,24,np-setting,2.10281,1994644,0.416832,0,0,-1,0,2.10278
fields/00409__plt00136__fab0000_comp01_rho_E.f32__c0013__dt-f32/chunk_0,4194304,a7b7119ce239d8a3,24,np-setting,11.9725,350352,1.45309,0,0,-1,0,11.9717
fields/00410__plt00136__fab0000_comp02_logden.f32__c0005__dt-f32/chunk_0,4194304,9b776d850686ef15,24,np-setting,1.11293,3768734,1.58618,0,0,-1,0,1.11292
fields/00410__plt00136__fab0000_comp02_logden.f32__c0013__dt-f32/chunk_0,4194304,a631fd74a61e6579,24,np-setting,1.13097,3708598,3.62893,0,0,-1,0,1.13097
fields/00411__plt00137__fab0000_comp00_density.f32__c0005__dt-f32/chunk_0,4194304,c75888a72a5b8562,24,np-setting,1.21259,3458980,3.48618,0,0,-1,0,1.21258
fields/00411__plt00137__fab0000_comp00_density.f32__c0013__dt-f32/chunk_0,4194304,497a12b0a3306b89,24,np-setting,1.31005,3201656,3.67587,0,0,-1,0,1.31004
fields/00412__plt00137__fab0000_comp01_rho_E.f32__c0005__dt-f32/chunk_0,4194304,48d8595488cec814,24,np-setting,2.08742,2009352,3.3287,0,0,-1,0,2.08739
fields/00412__plt00137__fab0000_comp01_rho_E.f32__c0013__dt-f32/chunk_0,4194304,77cf86c2f5de2d19,24,np-setting,11.7008,358488,3.65568,0,0,-1,0,11.7
fields/00413__plt00137__fab0000_comp02_logden.f32__c0005__dt-f32/chunk_0,4194304,5202e6ade284b79b,24,np-setting,1.1129,3768846,2.1792,0,0,-1,0,1.11289
fields/00413__plt00137__fab0000_comp02_logden.f32__c0013__dt-f32/chunk_0,4194304,1e860e53a30e8185,24,np-setting,1.1309,3708846,2.1945,0,0,-1,0,1.13089
fields/00414__plt00138__fab0000_comp00_density.f32__c0005__dt-f32/chunk_0,4194304,e849e2462737124a,24,np-setting,1.21188,3461004,2.03805,0,0,-1,0,1.21187
fields/00414__plt00138__fab0000_comp00_density.f32__c0013__dt-f32/chunk_0,4194304,d70e69853cd14690,24,np-setting,1.30937,3203320,0.670272,0,0,-1,0,1.30936
fields/00415__plt00138__fab0000_comp01_rho_E.f32__c0005__dt-f32/chunk_0,4194304,c76134ec6f911ff5,24,np-setting,2.07314,2023192,1.88554,0,0,-1,0,2.07311
fields/00415__plt00138__fab0000_comp01_rho_E.f32__c0013__dt-f32/chunk_0,4194304,3ff016b30f3d1b9b,24,np-setting,11.5054,364576,0.511008,0,0,-1,0,11.5046
fields/00416__plt00138__fab0000_comp02_logden.f32__c0005__dt-f32/chunk_0,4194304,a8516eba913f4c5d,24,np-setting,1.11292,3768778,0.661472,0,0,-1,0,1.11291
fields/00416__plt00138__fab0000_comp02_logden.f32__c0013__dt-f32/chunk_0,4194304,6001faeff8bbdd32,24,np-setting,1.13088,3708918,1.85174,0,0,-1,0,1.13087
fields/00417__plt00139__fab0000_comp00_density.f32__c0005__dt-f32/chunk_0,4194304,f279ab956604bb5d,24,np-setting,1.21122,3462912,3.53827,0,0,-1,0,1.21121
fields/00417__plt00139__fab0000_comp00_density.f32__c0013__dt-f32/chunk_0,4194304,50f5cc7f76ab5ffb,24,np-setting,1.30871,3204928,1.6889,0,0,-1,0,1.3087
fields/00418__plt00139__fab0000_comp01_rho_E.f32__c0005__dt-f32/chunk_0,4194304,9ed243786b8236e0,24,np-setting,2.05909,2036992,2.16192,0,0,-1,0,2.05907
fields/00418__plt00139__fab0000_comp01_rho_E.f32__c0013__dt-f32/chunk_0,4194304,ca2b9aea2eb7ae6c,24,np-setting,11.238,373248,1.60899,0,0,-1,0,11.2373
fields/00419__plt00139__fab0000_comp02_logden.f32__c0005__dt-f32/chunk_0,4194304,a1bc6b7ce838cace,24,np-setting,1.11284,3769028,4.71635,0,0,-1,0,1.11283
fields/00419__plt00139__fab0000_comp02_logden.f32__c0013__dt-f32/chunk_0,4194304,d9d5d2a00ac0b1e0,24,np-setting,1.13077,3709262,2.16451,0,0,-1,0,1.13077
fields/00420__plt00140__fab0000_comp00_density.f32__c0005__dt-f32/chunk_0,4194304,57b7cd71bd3ce59f,24,np-setting,1.21067,3464472,2.9744,0,0,-1,0,1.21066
fields/00420__plt00140__fab0000_comp00_density.f32__c0013__dt-f32/chunk_0,4194304,7d3539ce0cc70332,24,np-setting,1.30813,3206360,2.9721,0,0,-1,0,1.30812
fields/00421__plt00140__fab0000_comp01_rho_E.f32__c0005__dt-f32/chunk_0,4194304,1b4c60c0f62e55fc,24,np-setting,2.04475,2051284,1.91562,0,0,-1,0,2.04472
fields/00421__plt00140__fab0000_comp01_rho_E.f32__c0013__dt-f32/chunk_0,4194304,b26f395589fce276,24,np-setting,11.0251,380456,1.79546,0,0,-1,0,11.0244
fields/00422__plt00140__fab0000_comp02_logden.f32__c0005__dt-f32/chunk_0,4194304,70a54ec5bf4705b3,24,np-setting,1.11285,3768988,2.30109,0,0,-1,0,1.11285
fields/00422__plt00140__fab0000_comp02_logden.f32__c0013__dt-f32/chunk_0,4194304,54eedfd936e7b0af,24,np-setting,1.13067,3709590,2.22982,0,0,-1,0,1.13067
fields/00423__plt00141__fab0000_comp00_density.f32__c0005__dt-f32/chunk_0,4194304,3cc626b2e9b52418,24,np-setting,1.21004,3466288,1.62445,0,0,-1,0,1.21003
fields/00423__plt00141__fab0000_comp00_density.f32__c0013__dt-f32/chunk_0,4194304,cf958583b8e40e1b,24,np-setting,1.30727,3208464,1.90106,0,0,-1,0,1.30726
fields/00424__plt00141__fab0000_comp01_rho_E.f32__c0005__dt-f32/chunk_0,4194304,937a2d432238cdb,24,np-setting,2.0303,2065876,2.53597,0,0,-1,0,2.03028
fields/00424__plt00141__fab0000_comp01_rho_E.f32__c0013__dt-f32/chunk_0,4194304,5619fc43d7ebe673,24,np-setting,10.8904,385160,2.08701,0,0,-1,0,10.8898
fields/00425__plt00141__fab0000_comp02_logden.f32__c0005__dt-f32/chunk_0,4194304,bd6fc7df6105d9af,24,np-setting,1.11279,3769188,4.02973,0,0,-1,0,1.11279
fields/00425__plt00141__fab0000_comp02_logden.f32__c0013__dt-f32/chunk_0,4194304,ec237dbd1f2a2e6,24,np-setting,1.13061,3709782,2.89248,0,0,-1,0,1.13061
fields/00426__plt00142__fab0000_comp00_density.f32__c0005__dt-f32/chunk_0,4194304,aada2ed109deb7d9,24,np-setting,1.20939,3468144,3.38442,0,0,-1,0,1.20938
fields/00426__plt00142__fab0000_comp00_density.f32__c0013__dt-f32/chunk_0,4194304,d2d22cf30e7c4f84,24,np-setting,1.30658,3210160,2.94496,0,0,-1,0,1.30657
fields/00427__plt00142__fab0000_comp01_rho_E.f32__c0005__dt-f32/chunk_0,4194304,9c0374fc91221de1,24,np-setting,2.01621,2080312,4.2503,0,0,-1,0,2.01619
fields/00427__plt00142__fab0000_comp01_rho_E.f32__c0013__dt-f32/chunk_0,4194304,3df2f94ee422ddf4,24,np-setting,10.559,397248,4.4529,0,0,-1,0,10.5584
fields/00428__plt00142__fab0000_comp02_logden.f32__c0005__dt-f32/chunk_0,4194304,4a448f46b4018c84,24,np-setting,1.11286,3768956,4.53885,0,0,-1,0,1.11286
fields/00428__plt00142__fab0000_comp02_logden.f32__c0013__dt-f32/chunk_0,4194304,66c22654ac021b21,24,np-setting,1.13048,3710214,3.96368,0,0,-1,0,1.13047
fields/00429__plt00143__fab0000_comp00_density.f32__c0005__dt-f32/chunk_0,4194304,1726700a281b0df2,24,np-setting,1.20866,3470232,4.70784,0,0,-1,0,1.20865
fields/00429__plt00143__fab0000_comp00_density.f32__c0013__dt-f32/chunk_0,4194304,93363fcf89536893,24,np-setting,1.30588,3211880,2.19888,0,0,-1,0,1.30587
fields/00430__plt00143__fab0000_comp01_rho_E.f32__c0005__dt-f32/chunk_0,4194304,8ec24ea5a0855fb2,24,np-setting,2.00048,2096672,2.78237,0,0,-1,0,2.00046
fields/00430__plt00143__fab0000_comp01_rho_E.f32__c0013__dt-f32/chunk_0,4194304,c8bc3980ad70febd,24,np-setting,10.4187,402600,1.00816,0,0,-1,0,10.418
fields/00431__plt00143__fab0000_comp02_logden.f32__c0005__dt-f32/chunk_0,4194304,c1afe09567d77cc1,24,np-setting,1.11288,3768912,2.75965,0,0,-1,0,1.11287
fields/00431__plt00143__fab0000_comp02_logden.f32__c0013__dt-f32/chunk_0,4194304,4c2616e698790e63,24,np-setting,1.13033,3710702,0.765984,0,0,-1,0,1.13033
fields/00432__plt00144__fab0000_comp00_density.f32__c0005__dt-f32/chunk_0,4194304,429b890c782ebb97,24,np-setting,1.20789,3472460,2.62467,0,0,-1,0,1.20788
fields/00432__plt00144__fab0000_comp00_density.f32__c0013__dt-f32/chunk_0,4194304,75553ca027ba5167,24,np-setting,1.30531,3213288,4.8217,0,0,-1,0,1.3053
fields/00433__plt00144__fab0000_comp01_rho_E.f32__c0005__dt-f32/chunk_0,4194304,eb1bf1e1f4047e99,24,np-setting,1.9863,2111644,3.67264,0,0,-1,0,1.98627
fields/00433__plt00144__fab0000_comp01_rho_E.f32__c0013__dt-f32/chunk_0,4194304,104ce17dc9d94bb8,24,np-setting,10.1463,413408,3.02528,0,0,-1,0,10.1457
fields/00434__plt00144__fab0000_comp02_logden.f32__c0005__dt-f32/chunk_0,4194304,b1f16289f672881a,24,np-setting,1.1129,3768840,2.75155,0,0,-1,0,1.11289
fields/00434__plt00144__fab0000_comp02_logden.f32__c0013__dt-f32/chunk_0,4194304,52bc70dae8142faf,24,np-setting,1.13028,3710878,4.69446,0,0,-1,0,1.13027
fields/00435__plt00145__fab0000_comp00_density.f32__c0005__dt-f32/chunk_0,4194304,311e0c1029dece2a,24,np-setting,1.20706,3474836,3.56381,0,0,-1,0,1.20705
fields/00435__plt00145__fab0000_comp00_density.f32__c0013__dt-f32/chunk_0,4194304,f3548e212ce1d78e,24,np-setting,1.30437,3215608,4.41213,0,0,-1,0,1.30436
fields/00436__plt00145__fab0000_comp01_rho_E.f32__c0005__dt-f32/chunk_0,4194304,464931593881424c,24,np-setting,1.97189,2127072,2.68794,0,0,-1,0,1.97187
fields/00436__plt00145__fab0000_comp01_rho_E.f32__c0013__dt-f32/chunk_0,4194304,77d33dc2f705c1ab,24,np-setting,9.93572,422168,3.76365,0,0,-1,0,9.93515
fields/00437__plt00145__fab0000_comp02_logden.f32__c0005__dt-f32/chunk_0,4194304,81b6b8a220acd7d,24,np-setting,1.11291,3768812,2.27654,0,0,-1,0,1.1129
fields/00437__plt00145__fab0000_comp02_logden.f32__c0013__dt-f32/chunk_0,4194304,b707e0857ed0807b,24,np-setting,1.13021,3711110,5.09402,0,0,-1,0,1.1302
fields/00438__plt00146__fab0000_comp00_density.f32__c0005__dt-f32/chunk_0,4194304,4289d25e441f7583,24,np-setting,1.20626,3477148,2.49402,0,0,-1,0,1.20625
fields/00438__plt00146__fab0000_comp00_density.f32__c0013__dt-f32/chunk_0,4194304,d9bf7a3a235949f0,24,np-setting,1.30352,3217704,1.43216,0,0,-1,0,1.30351
fields/00439__plt00146__fab0000_comp01_rho_E.f32__c0005__dt-f32/chunk_0,4194304,ad9d4e19b74a3810,24,np-setting,1.95356,2147032,1.41203,0,0,-1,0,1.95354
fields/00439__plt00146__fab0000_comp01_rho_E.f32__c0013__dt-f32/chunk_0,4194304,27f22940d3c92558,24,np-setting,9.68125,433264,4.65869,0,0,-1,0,9.68071
fields/00440__plt00146__fab0000_comp02_logden.f32__c0005__dt-f32/chunk_0,4194304,e8ce4c040cfebcab,24,np-setting,1.11302,3768412,7.65408,0,0,-1,0,1.11302
fields/00440__plt00146__fab0000_comp02_logden.f32__c0013__dt-f32/chunk_0,4194304,aaf3d3bee4cdcdc5,24,np-setting,1.13008,3711526,5.11789,0,0,-1,0,1.13008
fields/00441__plt00147__fab0000_comp00_density.f32__c0005__dt-f32/chunk_0,4194304,8227ddf4c6ca6014,24,np-setting,1.20546,3479444,3.79123,0,0,-1,0,1.20545
fields/00441__plt00147__fab0000_comp00_density.f32__c0013__dt-f32/chunk_0,4194304,8539af24f36936c5,24,np-setting,1.30287,3219296,3.43491,0,0,-1,0,1.30286
fields/00442__plt00147__fab0000_comp01_rho_E.f32__c0005__dt-f32/chunk_0,4194304,e944af1d3ae60a54,24,np-setting,1.93383,2168936,4.09002,0,0,-1,0,1.93381
fields/00442__plt00147__fab0000_comp01_rho_E.f32__c0013__dt-f32/chunk_0,4194304,1c8f425325616ed4,24,np-setting,9.48182,442376,4.55482,0,0,-1,0,9.48131
fields/00443__plt00147__fab0000_comp02_logden.f32__c0005__dt-f32/chunk_0,4194304,49687b3fb742ca1b,24,np-setting,1.11303,3768400,3.71146,0,0,-1,0,1.11302
fields/00443__plt00147__fab0000_comp02_logden.f32__c0013__dt-f32/chunk_0,4194304,a60574aa69c55045,24,np-setting,1.12993,3712022,0.956416,0,0,-1,0,1.12992
fields/00444__plt00148__fab0000_comp00_density.f32__c0005__dt-f32/chunk_0,4194304,65df86a8d7c11cc4,24,np-setting,1.20473,3481564,4.30966,0,0,-1,0,1.20472
fields/00444__plt00148__fab0000_comp00_density.f32__c0013__dt-f32/chunk_0,4194304,abb31542e7123b72,24,np-setting,1.30209,3221232,4.41414,0,0,-1,0,1.30208
fields/00445__plt00148__fab0000_comp01_rho_E.f32__c0005__dt-f32/chunk_0,4194304,65517794b7bb4b4c,24,np-setting,1.9136,2191864,2.93312,0,0,-1,0,1.91358
fields/00445__plt00148__fab0000_comp01_rho_E.f32__c0013__dt-f32/chunk_0,4194304,5e690ecb298c82bd,24,np-setting,9.32184,449968,3.25731,0,0,-1,0,9.32134
fields/00446__plt00148__fab0000_comp02_logden.f32__c0005__dt-f32/chunk_0,4194304,e604095cddb65acb,24,np-setting,1.11307,3768248,3.6831,0,0,-1,0,1.11306
fields/00446__plt00148__fab0000_comp02_logden.f32__c0013__dt-f32/chunk_0,4194304,37ace57fef84d6d1,24,np-setting,1.12985,3712302,2.94349,0,0,-1,0,1.12984
fields/00447__plt00149__fab0000_comp00_density.f32__c0005__dt-f32/chunk_0,4194304,bc43288f43dccab5,24,np-setting,1.20403,3483580,3.00182,0,0,-1,0,1.20402
fields/00447__plt00149__fab0000_comp00_density.f32__c0013__dt-f32/chunk_0,4194304,29c27cf793ccfcb6,24,np-setting,1.30126,3223280,3.86176,0,0,-1,0,1.30125
fields/00448__plt00149__fab0000_comp01_rho_E.f32__c0005__dt-f32/chunk_0,4194304,a20d3a69161ad223,24,np-setting,1.89452,2213940,4.06656,0,0,-1,0,1.8945
fields/00448__plt00149__fab0000_comp01_rho_E.f32__c0013__dt-f32/chunk_0,4194304,be470f5cea9451e3,24,np-setting,9.0701,462456,3.89958,0,0,-1,0,9.06963
fields/00449__plt00149__fab0000_comp02_logden.f32__c0005__dt-f32/chunk_0,4194304,f27fb54721d5d228,24,np-setting,1.11312,3768088,2.39395,0,0,-1,0,1.11311
fields/00449__plt00149__fab0000_comp02_logden.f32__c0013__dt-f32/chunk_0,4194304,974b98e75815a913,24,np-setting,1.12973,3712678,3.9799,0,0,-1,0,1.12972
fields/00450__plt00150__fab0000_comp00_density.f32__c0005__dt-f32/chunk_0,4194304,c28ea389e609ee7,24,np-setting,1.20325,3485824,2.3856,0,0,-1,0,1.20325
fields/00450__plt00150__fab0000_comp00_density.f32__c0013__dt-f32/chunk_0,4194304,9d4bbe91ffe791c1,24,np-setting,1.30028,3225712,3.9776,0,0,-1,0,1.30027
fields/00451__plt00150__fab0000_comp01_rho_E.f32__c0005__dt-f32/chunk_0,4194304,bd0295a9f28405d0,24,np-setting,1.87895,2232284,2.4736,0,0,-1,0,1.87893
fields/00451__plt00150__fab0000_comp01_rho_E.f32__c0013__dt-f32/chunk_0,4194304,1d3611424a9ced88,24,np-setting,8.87315,472720,3.81168,0,0,-1,0,8.8727
fields/00452__plt00150__fab0000_comp02_logden.f32__c0005__dt-f32/chunk_0,4194304,9828f83166e8792d,24,np-setting,1.11321,3767796,4.12861,0,0,-1,0,1.1132
fields/00452__plt00150__fab0000_comp02_logden.f32__c0013__dt-f32/chunk_0,4194304,e536c1f3ee59e287,24,np-setting,1.12956,3713230,4.1344,0,0,-1,0,1.12956
fields/00453__plt00151__fab0000_comp00_density.f32__c0005__dt-f32/chunk_0,4194304,825e608989ad888e,24,np-setting,1.20246,3488120,2.55315,0,0,-1,0,1.20245
fields/00453__plt00151__fab0000_comp00_density.f32__c0013__dt-f32/chunk_0,4194304,c697007d5e5b4eb0,24,np-setting,1.29942,3227840,2.45322,0,0,-1,0,1.29942
fields/00454__plt00151__fab0000_comp01_rho_E.f32__c0005__dt-f32/chunk_0,4194304,d6d9446b94295cb9,24,np-setting,1.86456,2249516,4.00285,0,0,-1,0,1.86454
fields/00454__plt00151__fab0000_comp01_rho_E.f32__c0013__dt-f32/chunk_0,4194304,d4b7a7e0cc679e75,24,np-setting,8.63395,485816,4.2585,0,0,-1,0,8.63352
fields/00455__plt00151__fab0000_comp02_logden.f32__c0005__dt-f32/chunk_0,4194304,9d52f417e9ccbf0,24,np-setting,1.11318,3767892,4.0072,0,0,-1,0,1.11317
fields/00455__plt00151__fab0000_comp02_logden.f32__c0013__dt-f32/chunk_0,4194304,b0149e39bad8bfb3,24,np-setting,1.12942,3713694,4.70928,0,0,-1,0,1.12942
fields/00456__plt00152__fab0000_comp00_density.f32__c0005__dt-f32/chunk_0,4194304,8ffd00173b4d08eb,24,np-setting,1.20191,3489724,4.87299,0,0,-1,0,1.2019
fields/00456__plt00152__fab0000_comp00_density.f32__c0013__dt-f32/chunk_0,4194304,14fda3d025ad389,24,np-setting,1.29844,3230296,3.84298,0,0,-1,0,1.29843
fields/00457__plt00152__fab0000_comp01_rho_E.f32__c0005__dt-f32/chunk_0,4194304,7bbc193b01869f5b,24,np-setting,1.8517,2265140,3.80931,0,0,-1,0,1.85168
fields/00457__plt00152__fab0000_comp01_rho_E.f32__c0013__dt-f32/chunk_0,4194304,867461952c3e4f47,24,np-setting,8.43476,497288,2.57805,0,0,-1,0,8.43436
fields/00458__plt00152__fab0000_comp02_logden.f32__c0005__dt-f32/chunk_0,4194304,b5962c7153771d41,24,np-setting,1.11323,3767710,2.00541,0,0,-1,0,1.11322
fields/00458__plt00152__fab0000_comp02_logden.f32__c0013__dt-f32/chunk_0,4194304,8314581b8aefd4b6,24,np-setting,1.12935,3713950,3.4057,0,0,-1,0,1.12934
fields/00459__plt00153__fab0000_comp00_density.f32__c0005__dt-f32/chunk_0,4194304,c807e076d8dd9eaf,24,np-setting,1.20106,3492192,5.144,0,0,-1,0,1.20105
fields/00459__plt00153__fab0000_comp00_density.f32__c0013__dt-f32/chunk_0,4194304,f340b7b3d9cf257a,24,np-setting,1.2978,3231880,1.68406,0,0,-1,0,1.29779
fields/00460__plt00153__fab0000_comp01_rho_E.f32__c0005__dt-f32/chunk_0,4194304,1608fdbacc334f6e,24,np-setting,1.83958,2280056,2.10592,0,0,-1,0,1.83956
fields/00460__plt00153__fab0000_comp01_rho_E.f32__c0013__dt-f32/chunk_0,4194304,2163fc75a98e57c,24,np-setting,8.24067,509000,0.225888,0,0,-1,0,8.24028
fields/00461__plt00153__fab0000_comp02_logden.f32__c0005__dt-f32/chunk_0,4194304,afa900fa9a7d975e,24,np-setting,1.1133,3767474,0.544448,0,0,-1,0,1.11329
fields/00461__plt00153__fab0000_comp02_logden.f32__c0013__dt-f32/chunk_0,4194304,e1a797921e3edaf,24,np-setting,1.12905,3714910,3.11494,0,0,-1,0,1.12905
fields/00462__plt00154__fab0000_comp00_density.f32__c0005__dt-f32/chunk_0,4194304,14139c7944083f87,24,np-setting,1.20028,3494448,5.17245,0,0,-1,0,1.20028
fields/00462__plt00154__fab0000_comp00_density.f32__c0013__dt-f32/chunk_0,4194304,9ca6bdfbcbf279e1,24,np-setting,1.29682,3234320,3.4377,0,0,-1,0,1.29681
fields/00463__plt00154__fab0000_comp01_rho_E.f32__c0005__dt-f32/chunk_0,4194304,9555ac4292bee852,24,np-setting,1.82722,2295476,5.78365,0,0,-1,0,1.8272
fields/00463__plt00154__fab0000_comp01_rho_E.f32__c0013__dt-f32/chunk_0,4194304,aee39944cd1081e4,24,np-setting,8.01455,523360,2.55597,0,0,-1,0,8.01419
fields/00464__plt00154__fab0000_comp02_logden.f32__c0005__dt-f32/chunk_0,4194304,fb2153bd65b9b19,24,np-setting,1.11339,3767160,4.81808,0,0,-1,0,1.11339
fields/00464__plt00154__fab0000_comp02_logden.f32__c0013__dt-f32/chunk_0,4194304,6f12a500152e1696,24,np-setting,1.12892,3715342,2.84576,0,0,-1,0,1.12891
fields/00465__plt00155__fab0000_comp00_density.f32__c0005__dt-f32/chunk_0,4194304,2d56994648200c29,24,np-setting,1.19949,3496764,3.4831,0,0,-1,0,1.19948
fields/00465__plt00155__fab0000_comp00_density.f32__c0013__dt-f32/chunk_0,4194304,9964e066c8211af6,24,np-setting,1.29608,3236160,4.26499,0,0,-1,0,1.29607
fields/00466__plt00155__fab0000_comp01_rho_E.f32__c0005__dt-f32/chunk_0,4194304,2bb55f1fa8c18479,24,np-setting,1.81548,2310320,3.13242,0,0,-1,0,1.81546
fields/00466__plt00155__fab0000_comp01_rho_E.f32__c0013__dt-f32/chunk_0,4194304,427e3feb061577f2,24,np-setting,7.85109,534256,4.02621,0,0,-1,0,7.85074
fields/00467__plt00155__fab0000_comp02_logden.f32__c0005__dt-f32/chunk_0,4194304,5fd826f63b49730b,24,np-setting,1.11344,3767000,2.77139,0,0,-1,0,1.11343
fields/00467__plt00155__fab0000_comp02_logden.f32__c0013__dt-f32/chunk_0,4194304,38a50a8054630dd,24,np-setting,1.12889,3715454,5.2103,0,0,-1,0,1.12888
fields/00468__plt00156__fab0000_comp00_density.f32__c0005__dt-f32/chunk_0,4194304,58b7ce3950c0f3,24,np-setting,1.19868,3499120,4.45533,0,0,-1,0,1.19867
fields/00468__plt00156__fab0000_comp00_density.f32__c0013__dt-f32/chunk_0,4194304,5ce87a04676bbec2,24,np-setting,1.29485,3239232,4.09152,0,0,-1,0,1.29485
fields/00469__plt00156__fab0000_comp01_rho_E.f32__c0005__dt-f32/chunk_0,4194304,43605a64cefba929,24,np-setting,1.80347,2325708,5.53242,0,0,-1,0,1.80345
fields/00469__plt00156__fab0000_comp01_rho_E.f32__c0013__dt-f32/chunk_0,4194304,3c02ff2ce59bdef9,24,np-setting,7.63667,549256,4.27763,0,0,-1,0,7.63634
fields/00470__plt00156__fab0000_comp02_logden.f32__c0005__dt-f32/chunk_0,4194304,a6d1208d3afb1bfc,24,np-setting,1.11357,3766576,4.15142,0,0,-1,0,1.11356
fields/00470__plt00156__fab0000_comp02_logden.f32__c0013__dt-f32/chunk_0,4194304,9b73b4ae9a867362,24,np-setting,1.12873,3715990,3.28224,0,0,-1,0,1.12872
fields/00471__plt00157__fab0000_comp00_density.f32__c0005__dt-f32/chunk_0,4194304,f8072f007d1ebad6,24,np-setting,1.19804,3500984,4.02842,0,0,-1,0,1.19804
fields/00471__plt00157__fab0000_comp00_density.f32__c0013__dt-f32/chunk_0,4194304,d3d82f18d61d06bd,24,np-setting,1.29379,3241896,2.99139,0,0,-1,0,1.29378
fields/00472__plt00157__fab0000_comp01_rho_E.f32__c0005__dt-f32/chunk_0,4194304,8f30f3b345d39973,24,np-setting,1.79117,2341676,3.78461,0,0,-1,0,1.79115
fields/00472__plt00157__fab0000_comp01_rho_E.f32__c0013__dt-f32/chunk_0,4194304,99e0f3ae014cf653,24,np-setting,7.44537,563368,1.59107,0,0,-1,0,7.44505
fields/00473__plt00157__fab0000_comp02_logden.f32__c0005__dt-f32/chunk_0,4194304,eb03b598f157d64e,24,np-setting,1.11361,3766436,3.42403,0,0,-1,0,1.1136
fields/00473__plt00157__fab0000_comp02_logden.f32__c0013__dt-f32/chunk_0,4194304,fdda12c0be6987c6,24,np-setting,1.12868,3716126,1.54013,0,0,-1,0,1.12868
fields/00474__plt00158__fab0000_comp00_density.f32__c0005__dt-f32/chunk_0,4194304,6ce43b88b3e0c1d2,24,np-setting,1.19728,3503228,2.69632,0,0,-1,0,1.19727
fields/00474__plt00158__fab0000_comp00_density.f32__c0013__dt-f32/chunk_0,4194304,b3e19edaa888d018,24,np-setting,1.29283,3244312,3.40246,0,0,-1,0,1.29282
fields/00475__plt00158__fab0000_comp01_rho_E.f32__c0005__dt-f32/chunk_0,4194304,889e16982415f234,24,np-setting,1.7785,2358356,2.25936,0,0,-1,0,1.77849
fields/00475__plt00158__fab0000_comp01_rho_E.f32__c0013__dt-f32/chunk_0,4194304,fac94c6f1346aa47,24,np-setting,7.24815,578696,2.19731,0,0,-1,0,7.24785
fields/00476__plt00158__fab0000_comp02_logden.f32__c0005__dt-f32/chunk_0,4194304,3487ab12276eeb5c,24,np-setting,1.11374,3765996,4.69587,0,0,-1,0,1.11373
fields/00476__plt00158__fab0000_comp02_logden.f32__c0013__dt-f32/chunk_0,4194304,410fe366b12ce22d,24,np-setting,1.12856,3716534,2.79373,0,0,-1,0,1.12855
fields/00477__plt00159__fab0000_comp00_density.f32__c0005__dt-f32/chunk_0,4194304,756f7f627fe0b05a,24,np-setting,1.1966,3505204,2.48954,0,0,-1,0,1.19659
fields/00477__plt00159__fab0000_comp00_density.f32__c0013__dt-f32/chunk_0,4194304,e0df35e3edcedb9c,24,np-setting,1.29186,3246744,0.383712,0,0,-1,0,1.29185
fields/00478__plt00159__fab0000_comp01_rho_E.f32__c0005__dt-f32/chunk_0,4194304,abd460dce4f35934,24,np-setting,1.76638,2374548,4.62806,0,0,-1,0,1.76636
fields/00478__plt00159__fab0000_comp01_rho_E.f32__c0013__dt-f32/chunk_0,4194304,7d64df73e3d2342,24,np-setting,7.06883,593376,3.91987,0,0,-1,0,7.06854
fields/00479__plt00159__fab0000_comp02_logden.f32__c0005__dt-f32/chunk_0,4194304,2bac920e6ee75966,24,np-setting,1.1139,3765450,4.69562,0,0,-1,0,1.11389
fields/00479__plt00159__fab0000_comp02_logden.f32__c0013__dt-f32/chunk_0,4194304,925d7605b1160d00,24,np-setting,1.1284,3717046,5.20163,0,0,-1,0,1.1284
fields/00480__plt00160__fab0000_comp00_density.f32__c0005__dt-f32/chunk_0,4194304,b7f7238fc876eae0,24,np-setting,1.19577,3507640,4.57101,0,0,-1,0,1.19576
fields/00480__plt00160__fab0000_comp00_density.f32__c0013__dt-f32/chunk_0,4194304,da635796cefdb0e5,24,np-setting,1.29106,3248760,5.1585,0,0,-1,0,1.29105
fields/00481__plt00160__fab0000_comp01_rho_E.f32__c0005__dt-f32/chunk_0,4194304,d78701c47fb9c353,24,np-setting,1.75495,2390008,4.87936,0,0,-1,0,1.75493
fields/00481__plt00160__fab0000_comp01_rho_E.f32__c0013__dt-f32/chunk_0,4194304,8c6805bed2e42218,24,np-setting,6.91947,606184,10.3256,0,0,-1,0,6.91919
fields/00482__plt00160__fab0000_comp02_logden.f32__c0005__dt-f32/chunk_0,4194304,63292865932aa3c3,24,np-setting,1.11405,3764926,1.77005,0,0,-1,0,1.11405
fields/00482__plt00160__fab0000_comp02_logden.f32__c0013__dt-f32/chunk_0,4194304,41fead7f0654dbe6,24,np-setting,1.12836,3717182,1.76099,0,0,-1,0,1.12836
fields/00483__plt00161__fab0000_comp00_density.f32__c0005__dt-f32/chunk_0,4194304,c9fc4c0c13bfe953,24,np-setting,1.19518,3509364,3.9201,0,0,-1,0,1.19517
fields/00483__plt00161__fab0000_comp00_density.f32__c0013__dt-f32/chunk_0,4194304,8c45037ad9076f0,24,np-setting,1.29013,3251088,4.40371,0,0,-1,0,1.29012
fields/00484__plt00161__fab0000_comp01_rho_E.f32__c0005__dt-f32/chunk_0,4194304,92e5b92f8b4b2c42,24,np-setting,1.74416,2404792,1.32349,0,0,-1,0,1.74414
fields/00484__plt00161__fab0000_comp01_rho_E.f32__c0013__dt-f32/chunk_0,4194304,506e28eaf039664,24,np-setting,6.71166,624952,4.5016,0,0,-1,0,6.7114
fields/00485__plt00161__fab0000_comp02_logden.f32__c0005__dt-f32/chunk_0,4194304,51738d3fae75be21,24,np-setting,1.11425,3764278,3.93328,0,0,-1,0,1.11424
fields/00485__plt00161__fab0000_comp02_logden.f32__c0013__dt-f32/chunk_0,4194304,70ee6fd99d1ab4a5,24,np-setting,1.12827,3717474,4.96272,0,0,-1,0,1.12827
fields/00486__plt00162__fab0000_comp00_density.f32__c0005__dt-f32/chunk_0,4194304,c3ce96c39605d4ee,24,np-setting,1.19451,3511356,1.73907,0,0,-1,0,1.1945
fields/00486__plt00162__fab0000_comp00_density.f32__c0013__dt-f32/chunk_0,4194304,be0f46b886995393,24,np-setting,1.28925,3253304,3.90944,0,0,-1,0,1.28924
fields/00487__plt00162__fab0000_comp01_rho_E.f32__c0005__dt-f32/chunk_0,4194304,b3f68cd73544dee,24,np-setting,1.73385,2419100,2.24922,0,0,-1,0,1.73383
fields/00487__plt00162__fab0000_comp01_rho_E.f32__c0013__dt-f32/chunk_0,4194304,26a7f3ebd84cfe56,24,np-setting,6.57027,638400,2.03987,0,0,-1,0,6.57003
fields/00488__plt00162__fab0000_comp02_logden.f32__c0005__dt-f32/chunk_0,4194304,4d5a30c5f1758ebc,24,np-setting,1.11442,3763702,4.76915,0,0,-1,0,1.11441
fields/00488__plt00162__fab0000_comp02_logden.f32__c0013__dt-f32/chunk_0,4194304,3ecd02faaf9cf5cf,24,np-setting,1.12817,3717826,2.71507,0,0,-1,0,1.12816
fields/00489__plt00163__fab0000_comp00_density.f32__c0005__dt-f32/chunk_0,4194304,4ab7d3343165ce95,24,np-setting,1.19396,3512964,2.88368,0,0,-1,0,1.19395
fields/00489__plt00163__fab0000_comp00_density.f32__c0013__dt-f32/chunk_0,4194304,1811528ea9629c1e,24,np-setting,1.28811,3256192,1.79238,0,0,-1,0,1.2881
fields/00490__plt00163__fab0000_comp01_rho_E.f32__c0005__dt-f32/chunk_0,4194304,2979823edb8eb163,24,np-setting,1.72243,2435136,1.77376,0,0,-1,0,1.72241
fields/00490__plt00163__fab0000_comp01_rho_E.f32__c0013__dt-f32/chunk_0,4194304,72cf29035f26dfa1,24,np-setting,6.39391,656008,2.93907,0,0,-1,0,6.39368
fields/00491__plt00163__fab0000_comp02_logden.f32__c0005__dt-f32/chunk_0,4194304,21a2f16afffc433a,24,np-setting,1.1145,3763406,3.2615,0,0,-1,0,1.1145
fields/00491__plt00163__fab0000_comp02_logden.f32__c0013__dt-f32/chunk_0,4194304,3314a6c20cac3fd9,24,np-setting,1.12798,3718450,2.92496,0,0,-1,0,1.12797
fields/00492__plt00164__fab0000_comp00_density.f32__c0005__dt-f32/chunk_0,4194304,7f1b93145b973243,24,np-setting,1.19336,3514740,2.14006,0,0,-1,0,1.19335
fields/00492__plt00164__fab0000_comp00_density.f32__c0013__dt-f32/chunk_0,4194304,740bd1e87836ea83,24,np-setting,1.28706,3258840,3.82214,0,0,-1,0,1.28705
fields/00493__plt00164__fab0000_comp01_rho_E.f32__c0005__dt-f32/chunk_0,4194304,e77ca7aa3bf512b1,24,np-setting,1.71206,2449880,4.90205,0,0,-1,0,1.71204
fields/00493__plt00164__fab0000_comp01_rho_E.f32__c0013__dt-f32/chunk_0,4194304,958d396956198448,24,np-setting,6.24647,671492,4.14358,0,0,-1,0,6.24625
fields/00494__plt00164__fab0000_comp02_logden.f32__c0005__dt-f32/chunk_0,4194304,8828eb9ed764b8e8,24,np-setting,1.11462,3763014,3.80502,0,0,-1,0,1.11461
fields/00494__plt00164__fab0000_comp02_logden.f32__c0013__dt-f32/chunk_0,4194304,c8fd16e599330a3e,24,np-setting,1.1279,3718722,3.93306,0,0,-1,0,1.12789
fields/00495__plt00165__fab0000_comp00_density.f32__c0005__dt-f32/chunk_0,4194304,9abd78d011fa4ad2,24,np-setting,1.19272,3516616,3.99181,0,0,-1,0,1.19271
fields/00495__plt00165__fab0000_comp00_density.f32__c0013__dt-f32/chunk_0,4194304,f2d6a3e3099b9f2d,24,np-setting,1.28593,3261704,6.82819,0,0,-1,0,1.28592
fields/00496__plt00165__fab0000_comp01_rho_E.f32__c0005__dt-f32/chunk_0,4194304,898f54e340732ba5,24,np-setting,1.70086,2466016,6.80656,0,0,-1,0,1.70084
fields/00496__plt00165__fab0000_comp01_rho_E.f32__c0013__dt-f32/chunk_0,4194304,c19b18967cbbf82a,24,np-setting,6.10102,687500,3.56429,0,0,-1,0,6.10081
fields/00497__plt00165__fab0000_comp02_logden.f32__c0005__dt-f32/chunk_0,4194304,171a54cec988542d,24,np-setting,1.11476,3762542,0.519872,0,0,-1,0,1.11475
fields/00497__plt00165__fab0000_comp02_logden.f32__c0013__dt-f32/chunk_0,4194304,97206ddaec7cd7fa,24,np-setting,1.1278,3719038,0.330368,0,0,-1,0,1.12779
fields/00498__plt00166__fab0000_comp00_density.f32__c0005__dt-f32/chunk_0,4194304,699b97dde3f3b435,24,np-setting,1.19211,3518408,2.68352,0,0,-1,0,1.1921
fields/00498__plt00166__fab0000_comp00_density.f32__c0013__dt-f32/chunk_0,4194304,c022d3c55dc88d4c,24,np-setting,1.28485,3264456,4.56787,0,0,-1,0,1.28484
fields/00499__plt00166__fab0000_comp01_rho_E.f32__c0005__dt-f32/chunk_0,4194304,c6b9c81a5386b861,24,np-setting,1.69083,2480648,3.56291,0,0,-1,0,1.69081
fields/00499__plt00166__fab0000_comp01_rho_E.f32__c0013__dt-f32/chunk_0,4194304,25d965e260928157,24,np-setting,5.97844,701596,3.38339,0,0,-1,0,5.97823
fields/00500__plt00166__fab0000_comp02_logden.f32__c0005__dt-f32/chunk_0,4194304,8ac756648692bf1d,24,np-setting,1.11493,3761974,2.46704,0,0,-1,0,1.11492
fields/00500__plt00166__fab0000_comp02_logden.f32__c0013__dt-f32/chunk_0,4194304,91c06f20dc817370,24,np-setting,1.12775,3719198,3.34669,0,0,-1,0,1.12774
fields/00501__plt00167__fab0000_comp00_density.f32__c0005__dt-f32/chunk_0,4194304,868895e24b8cc488,24,np-setting,1.19154,3520108,2.87978,0,0,-1,0,1.19153
fields/00501__plt00167__fab0000_comp00_density.f32__c0013__dt-f32/chunk_0,4194304,859bacde578ed0f5,24,np-setting,1.28385,3267000,3.90637,0,0,-1,0,1.28384
fields/00502__plt00167__fab0000_comp01_rho_E.f32__c0005__dt-f32/chunk_0,4194304,e73041d46dc1c266,24,np-setting,1.68015,2496408,2.98858,0,0,-1,0,1.68014
fields/00502__plt00167__fab0000_comp01_rho_E.f32__c0013__dt-f32/chunk_0,4194304,c8c9798764aa9e24,24,np-setting,5.86082,715676,3.28272,0,0,-1,0,5.86062
fields/00503__plt00167__fab0000_comp02_logden.f32__c0005__dt-f32/chunk_0,4194304,66891e5f81af7f2a,24,np-setting,1.1151,3761388,3.1463,0,0,-1,0,1.11509
fields/00503__plt00167__fab0000_comp02_logden.f32__c0013__dt-f32/chunk_0,4194304,8fd86c67d07bcddd,24,np-setting,1.12759,3719738,0.723968,0,0,-1,0,1.12758
fields/00504__plt00168__fab0000_comp00_density.f32__c0005__dt-f32/chunk_0,4194304,22170c6b290efaec,24,np-setting,1.19096,3521820,1.47722,0,0,-1,0,1.19095
fields/00504__plt00168__fab0000_comp00_density.f32__c0013__dt-f32/chunk_0,4194304,8cb974e5159fa70,24,np-setting,1.28277,3269752,0.84576,0,0,-1,0,1.28276
fields/00505__plt00168__fab0000_comp01_rho_E.f32__c0005__dt-f32/chunk_0,4194304,b567b9ae0afb916c,24,np-setting,1.67043,2510940,1.84253,0,0,-1,0,1.67041
fields/00505__plt00168__fab0000_comp01_rho_E.f32__c0013__dt-f32/chunk_0,4194304,e4f1778da646e74,24,np-setting,5.74307,730348,1.47264,0,0,-1,0,5.74288
fields/00506__plt00168__fab0000_comp02_logden.f32__c0005__dt-f32/chunk_0,4194304,cbde8d0e67c04f4a,24,np-setting,1.11523,3760970,3.54176,0,0,-1,0,1.11522
fields/00506__plt00168__fab0000_comp02_logden.f32__c0013__dt-f32/chunk_0,4194304,5a87b324b648354a,24,np-setting,1.12747,3720118,4.60621,0,0,-1,0,1.12747
fields/00507__plt00169__fab0000_comp00_density.f32__c0005__dt-f32/chunk_0,4194304,835af57126df50d5,24,np-setting,1.19037,3523540,3.76282,0,0,-1,0,1.19037
fields/00507__plt00169__fab0000_comp00_density.f32__c0013__dt-f32/chunk_0,4194304,88c62703bb7e3b45,24,np-setting,1.28185,3272096,3.40547,0,0,-1,0,1.28184
fields/00508__plt00169__fab0000_comp01_rho_E.f32__c0005__dt-f32/chunk_0,4194304,973683f9dc8191f9,24,np-setting,1.66118,2524912,2.76922,0,0,-1,0,1.66117
fields/00508__plt00169__fab0000_comp01_rho_E.f32__c0013__dt-f32/chunk_0,4194304,f3b1525a54347a65,24,np-setting,5.63357,744544,1.76486,0,0,-1,0,5.63339
fields/00509__plt00169__fab0000_comp02_logden.f32__c0005__dt-f32/chunk_0,4194304,fabdfb4f5b87f967,24,np-setting,1.11543,3760274,11.8493,0,0,-1,0,1.11543
fields/00509__plt00169__fab0000_comp02_logden.f32__c0013__dt-f32/chunk_0,4194304,d220572f31279279,24,np-setting,1.1274,3720374,2.9063,0,0,-1,0,1.12739
fields/00510__plt00170__fab0000_comp00_density.f32__c0005__dt-f32/chunk_0,4194304,9d490376ff35a87b,24,np-setting,1.18979,3525268,2.1975,0,0,-1,0,1.18978
fields/00510__plt00170__fab0000_comp00_density.f32__c0013__dt-f32/chunk_0,4194304,1c366a9562d2cbd3,24,np-setting,1.28083,3274688,1.60477,0,0,-1,0,1.28083
fields/00511__plt00170__fab0000_comp01_rho_E.f32__c0005__dt-f32/chunk_0,4194304,3e7e96cad724df24,24,np-setting,1.65245,2538260,3.12528,0,0,-1,0,1.65243
fields/00511__plt00170__fab0000_comp01_rho_E.f32__c0013__dt-f32/chunk_0,4194304,a6e3ba0ff09d059f,24,np-setting,5.52033,759816,1.71482,0,0,-1,0,5.52016
fields/00512__plt00170__fab0000_comp02_logden.f32__c0005__dt-f32/chunk_0,4194304,b1ed36345d360e4e,24,np-setting,1.11558,3759776,3.16323,0,0,-1,0,1.11557
fields/00512__plt00170__fab0000_comp02_logden.f32__c0013__dt-f32/chunk_0,4194304,5cce91c1ec47e8f7,24,np-setting,1.12739,3720406,3.16826,0,0,-1,0,1.12738
fields/00513__plt00171__fab0000_comp00_density.f32__c0005__dt-f32/chunk_0,4194304,affc20ae2b7a2214,24,np-setting,1.18928,3526780,2.44566,0,0,-1,0,1.18927
fields/00513__plt00171__fab0000_comp00_density.f32__c0013__dt-f32/chunk_0,4194304,f33dd3d8df642f03,24,np-setting,1.2801,3276572,2.67654,0,0,-1,0,1.28009
fields/00514__plt00171__fab0000_comp01_rho_E.f32__c0005__dt-f32/chunk_0,4194304,cfb01149a09bba7f,24,np-setting,1.64348,2552104,3.25504,0,0,-1,0,1.64347
fields/00514__plt00171__fab0000_comp01_rho_E.f32__c0013__dt-f32/chunk_0,4194304,17c2bfa91104fb15,24,np-setting,5.42045,773816,2.18611,0,0,-1,0,5.42029
fields/00515__plt00171__fab0000_comp02_logden.f32__c0005__dt-f32/chunk_0,4194304,bd5497a72c93b502,24,np-setting,1.11572,3759320,2.62118,0,0,-1,0,1.11571
fields/00515__plt00171__fab0000_comp02_logden.f32__c0013__dt-f32/chunk_0,4194304,f038509caad347fc,24,np-setting,1.12712,3721298,3.7791,0,0,-1,0,1.12711
fields/00516__plt00172__fab0000_comp00_density.f32__c0005__dt-f32/chunk_0,4194304,c526d6a90bca0c44,24,np-setting,1.18863,3528708,2.85629,0,0,-1,0,1.18862
fields/00516__plt00172__fab0000_comp00_density.f32__c0013__dt-f32/chunk_0,4194304,388f129d70f7089c,24,np-setting,1.27916,3278988,4.15002,0,0,-1,0,1.27915
fields/00517__plt00172__fab0000_comp01_rho_E.f32__c0005__dt-f32/chunk_0,4194304,4baba432f2a191a3,24,np-setting,1.63472,2565784,3.51597,0,0,-1,0,1.63471
fields/00517__plt00172__fab0000_comp01_rho_E.f32__c0013__dt-f32/chunk_0,4194304,7b548a25e51dd643,24,np-setting,5.31816,788700,2.25629,0,0,-1,0,5.318
fields/00518__plt00172__fab0000_comp02_logden.f32__c0005__dt-f32/chunk_0,4194304,281450812061729e,24,np-setting,1.11587,3758796,3.07997,0,0,-1,0,1.11586
fields/00518__plt00172__fab0000_comp02_logden.f32__c0013__dt-f32/chunk_0,4194304,aa81fd650c8888b3,24,np-setting,1.12706,3721488,3.82691,0,0,-1,0,1.12705
fields/00519__plt00173__fab0000_comp00_density.f32__c0005__dt-f32/chunk_0,4194304,6a265fb4e9012349,24,np-setting,1.18806,3530408,1.69802,0,0,-1,0,1.18805
fields/00519__plt00173__fab0000_comp00_density.f32__c0013__dt-f32/chunk_0,4194304,8e964db8bee1d6eb,24,np-setting,1.27836,3281020,1.28851,0,0,-1,0,1.27835
fields/00520__plt00173__fab0000_comp01_rho_E.f32__c0005__dt-f32/chunk_0,4194304,f29fd39dcfa415b0,24,np-setting,1.62568,2580060,1.93936,0,0,-1,0,1.62566
fields/00520__plt00173__fab0000_comp01_rho_E.f32__c0013__dt-f32/chunk_0,4194304,a030105c123a332c,24,np-setting,5.21757,803904,1.67837,0,0,-1,0,5.21742
fields/00521__plt00173__fab0000_comp02_logden.f32__c0005__dt-f32/chunk_0,4194304,f14c89f9da9643f,24,np-setting,1.11607,3758132,3.6607,0,0,-1,0,1.11606
fields/00521__plt00173__fab0000_comp02_logden.f32__c0013__dt-f32/chunk_0,4194304,e69405b266884c13,24,np-setting,1.12694,3721884,3.66496,0,0,-1,0,1.12693
fields/00522__plt00174__fab0000_comp00_density.f32__c0005__dt-f32/chunk_0,4194304,8c5f0b433e15a5a3,24,np-setting,1.18748,3532120,2.85731,0,0,-1,0,1.18747
fields/00522__plt00174__fab0000_comp00_density.f32__c0013__dt-f32/chunk_0,4194304,dc9dd6ceb0ae30fb,24,np-setting,1.27763,3282892,2.83808,0,0,-1,0,1.27762
fields/00523__plt00174__fab0000_comp01_rho_E.f32__c0005__dt-f32/chunk_0,4194304,5deeb467f0e3ad11,24,np-setting,1.61667,2594432,2.50294,0,0,-1,0,1.61666
fields/00523__plt00174__fab0000_comp01_rho_E.f32__c0013__dt-f32/chunk_0,4194304,599172894653d8c2,24,np-setting,5.12108,819052,2.51904,0,0,-1,0,5.12093
fields/00524__plt00174__fab0000_comp02_logden.f32__c0005__dt-f32/chunk_0,4194304,54e3460a6b2a31c4,24,np-setting,1.11622,3757616,2.8591,0,0,-1,0,1.11621
fields/00524__plt00174__fab0000_comp02_logden.f32__c0013__dt-f32/chunk_0,4194304,c2fb427720fffee5,24,np-setting,1.12678,3722396,2.70128,0,0,-1,0,1.12678
fields/00525__plt00175__fab0000_comp00_density.f32__c0005__dt-f32/chunk_0,4194304,b90ddd5baa7ad32e,24,np-setting,1.18691,3533840,4.38454,0,0,-1,0,1.1869
fields/00525__plt00175__fab0000_comp00_density.f32__c0013__dt-f32/chunk_0,4194304,168c3b571035b799,24,np-setting,1.27685,3284912,2.2008,0,0,-1,0,1.27684
fields/00526__plt00175__fab0000_comp01_rho_E.f32__c0005__dt-f32/chunk_0,4194304,fdd475068f11ec83,24,np-setting,1.60721,2609704,2.9192,0,0,-1,0,1.6072
fields/00526__plt00175__fab0000_comp01_rho_E.f32__c0013__dt-f32/chunk_0,4194304,85b507bbfeba9fd9,24,np-setting,5.02716,834352,2.95642,0,0,-1,0,5.02702
fields/00527__plt00175__fab0000_comp02_logden.f32__c0005__dt-f32/chunk_0,4194304,86317f18fda76bfe,24,np-setting,1.11644,3756876,1.56614,0,0,-1,0,1.11643
fields/00527__plt00175__fab0000_comp02_logden.f32__c0013__dt-f32/chunk_0,4194304,5ee830364c8b6640,24,np-setting,1.12672,3722600,2.48998,0,0,-1,0,1.12671
fields/00528__plt00176__fab0000_comp00_density.f32__c0005__dt-f32/chunk_0,4194304,4496ed3cdc54fad9,24,np-setting,1.18622,3535868,4.02973,0,0,-1,0,1.18622
fields/00528__plt00176__fab0000_comp00_density.f32__c0013__dt-f32/chunk_0,4194304,1d03400a7d8c1945,24,np-setting,1.27612,3286792,2.16448,0,0,-1,0,1.27611
fields/00529__plt00176__fab0000_comp01_rho_E.f32__c0005__dt-f32/chunk_0,4194304,51e7346ad5e6e8fb,24,np-setting,1.59837,2624140,2.47507,0,0,-1,0,1.59835
fields/00529__plt00176__fab0000_comp01_rho_E.f32__c0013__dt-f32/chunk_0,4194304,4423dd10510cb518,24,np-setting,4.93931,849192,4.54992,0,0,-1,0,4.93917
fields/00530__plt00176__fab0000_comp02_logden.f32__c0005__dt-f32/chunk_0,4194304,a168a9189df03732,24,np-setting,1.11662,3756260,3.89142,0,0,-1,0,1.11662
fields/00530__plt00176__fab0000_comp02_logden.f32__c0013__dt-f32/chunk_0,4194304,28a128075f2fa3fe,24,np-setting,1.12658,3723052,1.88416,0,0,-1,0,1.12658
fields/00531__plt00177__fab0000_comp00_density.f32__c0005__dt-f32/chunk_0,4194304,75a7439bbe157a62,24,np-setting,1.18566,3537540,3.06938,0,0,-1,0,1.18566
fields/00531__plt00177__fab0000_comp00_density.f32__c0013__dt-f32/chunk_0,4194304,725806ced568c7e8,24,np-setting,1.2753,3288888,2.87587,0,0,-1,0,1.2753
fields/00532__plt00177__fab0000_comp01_rho_E.f32__c0005__dt-f32/chunk_0,4194304,c7612d6b6a8d751f,24,np-setting,1.58954,2638716,1.26611,0,0,-1,0,1.58952
fields/00532__plt00177__fab0000_comp01_rho_E.f32__c0013__dt-f32/chunk_0,4194304,dfe0aaab15920624,24,np-setting,4.85553,863844,4.49514,0,0,-1,0,4.8554
fields/00533__plt00177__fab0000_comp02_logden.f32__c0005__dt-f32/chunk_0,4194304,f2ca34bff1c1a82a,24,np-setting,1.11685,3755496,1.22381,0,0,-1,0,1.11684
fields/00533__plt00177__fab0000_comp02_logden.f32__c0013__dt-f32/chunk_0,4194304,b887ffbe6b10dcee,24,np-setting,1.12663,3722900,1.52707,0,0,-1,0,1.12662
fields/00534__plt00178__fab0000_comp00_density.f32__c0005__dt-f32/chunk_0,4194304,27b7504db7989507,24,np-setting,1.18512,3539160,2.34218,0,0,-1,0,1.18511
fields/00534__plt00178__fab0000_comp00_density.f32__c0013__dt-f32/chunk_0,4194304,41f26a14aa29eb65,24,np-setting,1.27453,3290876,3.22205,0,0,-1,0,1.27453
fields/00535__plt00178__fab0000_comp01_rho_E.f32__c0005__dt-f32/chunk_0,4194304,a4461824f8053f7c,24,np-setting,1.58093,2653080,3.2207,0,0,-1,0,1.58092
fields/00535__plt00178__fab0000_comp01_rho_E.f32__c0013__dt-f32/chunk_0,4194304,7d893c18d5b1ed78,24,np-setting,4.76946,879432,4.50166,0,0,-1,0,4.76933
fields/00536__plt00178__fab0000_comp02_logden.f32__c0005__dt-f32/chunk_0,4194304,be3598cf01606e4d,24,np-setting,1.1171,3754656,3.204,0,0,-1,0,1.11709
fields/00536__plt00178__fab0000_comp02_logden.f32__c0013__dt-f32/chunk_0,4194304,6e1145b58925ceda,24,np-setting,1.12646,3723468,0.60144,0,0,-1,0,1.12645
fields/00537__plt00179__fab0000_comp00_density.f32__c0005__dt-f32/chunk_0,4194304,4a3aedacd2587ec5,24,np-setting,1.18447,3541092,0.816832,0,0,-1,0,1.18447
fields/00537__plt00179__fab0000_comp00_density.f32__c0013__dt-f32/chunk_0,4194304,9a26d403f2648035,24,np-setting,1.27386,3292628,1.552,0,0,-1,0,1.27385
fields/00538__plt00179__fab0000_comp01_rho_E.f32__c0005__dt-f32/chunk_0,4194304,68edb06ca9a8288,24,np-setting,1.57222,2667784,2.17862,0,0,-1,0,1.57221
fields/00538__plt00179__fab0000_comp01_rho_E.f32__c0013__dt-f32/chunk_0,4194304,d31f672f19fcfa1b,24,np-setting,4.68811,894692,1.40726,0,0,-1,0,4.68799
fields/00539__plt00179__fab0000_comp02_logden.f32__c0005__dt-f32/chunk_0,4194304,8dde7341c88dc363,24,np-setting,1.11732,3753908,2.64656,0,0,-1,0,1.11732
fields/00539__plt00179__fab0000_comp02_logden.f32__c0013__dt-f32/chunk_0,4194304,6c6622ec0688040d,24,np-setting,1.12643,3723576,3.76704,0,0,-1,0,1.12642
fields/00540__plt00180__fab0000_comp00_density.f32__c0005__dt-f32/chunk_0,4194304,2f49351da30c2e0d,24,np-setting,1.18393,3542712,2.58499,0,0,-1,0,1.18392
fields/00540__plt00180__fab0000_comp00_density.f32__c0013__dt-f32/chunk_0,4194304,1edacfda325b3915,24,np-setting,1.27316,3294420,3.32858,0,0,-1,0,1.27315
fields/00541__plt00180__fab0000_comp01_rho_E.f32__c0005__dt-f32/chunk_0,4194304,e81698dfb2adff19,24,np-setting,1.56389,2681992,2.88474,0,0,-1,0,1.56388
fields/00541__plt00180__fab0000_comp01_rho_E.f32__c0013__dt-f32/chunk_0,4194304,5443840b51c4732d,24,np-setting,4.61411,909040,3.58698,0,0,-1,0,4.61399
fields/00542__plt00180__fab0000_comp02_logden.f32__c0005__dt-f32/chunk_0,4194304,e28ed00b901c5f07,24,np-setting,1.11754,3753176,3.82083,0,0,-1,0,1.11753
fields/00542__plt00180__fab0000_comp02_logden.f32__c0013__dt-f32/chunk_0,4194304,5c0d509ac00d405c,24,np-setting,1.12649,3723368,3.36534,0,0,-1,0,1.12648
fields/00543__plt00181__fab0000_comp00_density.f32__c0005__dt-f32/chunk_0,4194304,bb7ae7b1a451cc9e,24,np-setting,1.18337,3544388,4.49011,0,0,-1,0,1.18336
fields/00543__plt00181__fab0000_comp00_density.f32__c0013__dt-f32/chunk_0,4194304,a1bc5aca95d511cf,24,np-setting,1.27248,3296192,3.06544,0,0,-1,0,1.27247
fields/00544__plt00181__fab0000_comp01_rho_E.f32__c0005__dt-f32/chunk_0,4194304,77f581847301adf8,24,np-setting,1.55541,2696620,3.3975,0,0,-1,0,1.55539
fields/00544__plt00181__fab0000_comp01_rho_E.f32__c0013__dt-f32/chunk_0,4194304,bf94f5a4d7214675,24,np-setting,4.53632,924628,2.81206,0,0,-1,0,4.53621
fields/00545__plt00181__fab0000_comp02_logden.f32__c0005__dt-f32/chunk_0,4194304,ae4bdd731a64af26,24,np-setting,1.11778,3752368,4.35789,0,0,-1,0,1.11778
fields/00545__plt00181__fab0000_comp02_logden.f32__c0013__dt-f32/chunk_0,4194304,71a92b1215d06884,24,np-setting,1.12639,3723688,4.44531,0,0,-1,0,1.12638
fields/00546__plt00182__fab0000_comp00_density.f32__c0005__dt-f32/chunk_0,4194304,92c83bb38e91c01d,24,np-setting,1.18281,3546068,7.56352,0,0,-1,0,1.1828
fields/00546__plt00182__fab0000_comp00_density.f32__c0013__dt-f32/chunk_0,4194304,43bf1966cdef95d8,24,np-setting,1.27177,3298036,3.60986,0,0,-1,0,1.27176
fields/00547__plt00182__fab0000_comp01_rho_E.f32__c0005__dt-f32/chunk_0,4194304,f3ccb072f2a14b6,24,np-setting,1.54709,2711124,2.11552,0,0,-1,0,1.54707
fields/00547__plt00182__fab0000_comp01_rho_E.f32__c0013__dt-f32/chunk_0,4194304,d5cc6e1b41eb8461,24,np-setting,4.46655,939072,3.79533,0,0,-1,0,4.46643
fields/00548__plt00182__fab0000_comp02_logden.f32__c0005__dt-f32/chunk_0,4194304,df836ea864fd70bc,24,np-setting,1.11803,3751546,2.91354,0,0,-1,0,1.11802
fields/00548__plt00182__fab0000_comp02_logden.f32__c0013__dt-f32/chunk_0,4194304,c2d2ed4f534706ff,24,np-setting,1.12633,3723906,2.14086,0,0,-1,0,1.12632
fields/00549__plt00183__fab0000_comp00_density.f32__c0005__dt-f32/chunk_0,4194304,1edb338b8ee4d11d,24,np-setting,1.18241,3547284,4.1415,0,0,-1,0,1.1824
fields/00549__plt00183__fab0000_comp00_density.f32__c0013__dt-f32/chunk_0,4194304,319f546a7885308d,24,np-setting,1.27107,3299836,1.55133,0,0,-1,0,1.27106
fields/00550__plt00183__fab0000_comp01_rho_E.f32__c0005__dt-f32/chunk_0,4194304,6586b02933123fd6,24,np-setting,1.53931,2724820,3.61802,0,0,-1,0,1.5393
fields/00550__plt00183__fab0000_comp01_rho_E.f32__c0013__dt-f32/chunk_0,4194304,99bc88deecef13e6,24,np-setting,4.39174,955068,4.2656,0,0,-1,0,4.39163
fields/00551__plt00183__fab0000_comp02_logden.f32__c0005__dt-f32/chunk_0,4194304,4ee61c99a48dca7b,24,np-setting,1.11831,3750598,1.54406,0,0,-1,0,1.1183
fields/00551__plt00183__fab0000_comp02_logden.f32__c0013__dt-f32/chunk_0,4194304,ca443c089c8abe17,24,np-setting,1.1263,3723992,2.80346,0,0,-1,0,1.12629
fields/00552__plt00184__fab0000_comp00_density.f32__c0005__dt-f32/chunk_0,4194304,695bdc7b19f496fd,24,np-setting,1.18192,3548752,4.03046,0,0,-1,0,1.18191
fields/00552__plt00184__fab0000_comp00_density.f32__c0013__dt-f32/chunk_0,4194304,30bc9a686c18df5d,24,np-setting,1.2705,3301336,1.58294,0,0,-1,0,1.27049
fields/00553__plt00184__fab0000_comp01_rho_E.f32__c0005__dt-f32/chunk_0,4194304,6e55b8884cb88a96,24,np-setting,1.53216,2737536,1.42867,0,0,-1,0,1.53215
fields/00553__plt00184__fab0000_comp01_rho_E.f32__c0013__dt-f32/chunk_0,4194304,2491c1bcac702104,24,np-setting,4.31865,971232,2.22525,0,0,-1,0,4.31854
fields/00554__plt00184__fab0000_comp02_logden.f32__c0005__dt-f32/chunk_0,4194304,a4338ef32dd2be06,24,np-setting,1.11861,3749586,3.38646,0,0,-1,0,1.1186
fields/00554__plt00184__fab0000_comp02_logden.f32__c0013__dt-f32/chunk_0,4194304,813fa77436ec910c,24,np-setting,1.12616,3724444,3.50742,0,0,-1,0,1.12616
fields/00555__plt00185__fab0000_comp00_density.f32__c0005__dt-f32/chunk_0,4194304,6062f0ccdaff9e36,24,np-setting,1.18152,3549944,4.53594,0,0,-1,0,1.18151
fields/00555__plt00185__fab0000_comp00_density.f32__c0013__dt-f32/chunk_0,4194304,fdc2aa2db01d7cb9,24,np-setting,1.2699,3302896,2.72928,0,0,-1,0,1.26989
fields/00556__plt00185__fab0000_comp01_rho_E.f32__c0005__dt-f32/chunk_0,4194304,b3b72679edc561a3,24,np-setting,1.52539,2749680,0.683136,0,0,-1,0,1.52538
fields/00556__plt00185__fab0000_comp01_rho_E.f32__c0013__dt-f32/chunk_0,4194304,7b009f621080fde,24,np-setting,4.25041,986824,2.76352,0,0,-1,0,4.25031
fields/00557__plt00185__fab0000_comp02_logden.f32__c0005__dt-f32/chunk_0,4194304,758a86819cf4df84,24,np-setting,1.11885,3748792,0.243552,0,0,-1,0,1.11884
fields/00557__plt00185__fab0000_comp02_logden.f32__c0013__dt-f32/chunk_0,4194304,a5800838e9050bb8,24,np-setting,1.12608,3724710,0.351168,0,0,-1,0,1.12608
fields/00558__plt00186__fab0000_comp00_density.f32__c0005__dt-f32/chunk_0,4194304,39be3e73e2cb7c52,24,np-setting,1.18112,3551148,0.619072,0,0,-1,0,1.18111
fields/00558__plt00186__fab0000_comp00_density.f32__c0013__dt-f32/chunk_0,4194304,ad775a32619e34a9,24,np-setting,1.26927,3304512,1.09629,0,0,-1,0,1.26927
fields/00559__plt00186__fab0000_comp01_rho_E.f32__c0005__dt-f32/chunk_0,4194304,e4766dd2544f577e,24,np-setting,1.51885,2761532,2.3095,0,0,-1,0,1.51883
fields/00559__plt00186__fab0000_comp01_rho_E.f32__c0013__dt-f32/chunk_0,4194304,84c025d2171b6fdb,24,np-setting,4.18543,1002144,2.92026,0,0,-1,0,4.18533
fields/00560__plt00186__fab0000_comp02_logden.f32__c0005__dt-f32/chunk_0,4194304,a0f24527fd26505f,24,np-setting,1.1191,3747962,3.17632,0,0,-1,0,1.11909
fields/00560__plt00186__fab0000_comp02_logden.f32__c0013__dt-f32/chunk_0,4194304,a816f43d28d457e8,24,np-setting,1.12608,3724702,3.13296,0,0,-1,0,1.12608
fields/00561__plt00187__fab0000_comp00_density.f32__c0005__dt-f32/chunk_0,4194304,2eba089156e15671,24,np-setting,1.18058,3552760,2.28957,0,0,-1,0,1.18058
fields/00561__plt00187__fab0000_comp00_density.f32__c0013__dt-f32/chunk_0,4194304,c7765a66d1d41bb7,24,np-setting,1.2687,3306000,4.5088,0,0,-1,0,1.26869
fields/00562__plt00187__fab0000_comp01_rho_E.f32__c0005__dt-f32/chunk_0,4194304,846209a33a37b6b7,24,np-setting,1.51222,2773628,2.192,0,0,-1,0,1.51221
fields/00562__plt00187__fab0000_comp01_rho_E.f32__c0013__dt-f32/chunk_0,4194304,e58d5e3c12a3dce1,24,np-setting,4.12,1018060,3.22531,0,0,-1,0,4.1199
fields/00563__plt00187__fab0000_comp02_logden.f32__c0005__dt-f32/chunk_0,4194304,61c3778cf035ae5c,24,np-setting,1.11939,3746984,1.31933,0,0,-1,0,1.11938
fields/00563__plt00187__fab0000_comp02_logden.f32__c0013__dt-f32/chunk_0,4194304,4ce84051b0b42d12,24,np-setting,1.12601,3724954,1.5801,0,0,-1,0,1.126
fields/00564__plt00188__fab0000_comp00_density.f32__c0005__dt-f32/chunk_0,4194304,696537c2864434cf,24,np-setting,1.18021,3553880,1.71203,0,0,-1,0,1.1802
fields/00564__plt00188__fab0000_comp00_density.f32__c0013__dt-f32/chunk_0,4194304,bea29ea9cacd4fdf,24,np-setting,1.26814,3307464,1.38054,0,0,-1,0,1.26813
fields/00565__plt00188__fab0000_comp01_rho_E.f32__c0005__dt-f32/chunk_0,4194304,4ee6bfdca23726ee,24,np-setting,1.50526,2786448,3.35507,0,0,-1,0,1.50525
fields/00565__plt00188__fab0000_comp01_rho_E.f32__c0013__dt-f32/chunk_0,4194304,65be557381893f73,24,np-setting,4.05529,1034304,4.28234,0,0,-1,0,4.05519
fields/00566__plt00188__fab0000_comp02_logden.f32__c0005__dt-f32/chunk_0,4194304,8db231a78fb59eed,24,np-setting,1.11964,3746138,7.21363,0,0,-1,0,1.11963
fields/00566__plt00188__fab0000_comp02_logden.f32__c0013__dt-f32/chunk_0,4194304,7526e0c1f0ff8e66,24,np-setting,1.12603,3724884,2.17923,0,0,-1,0,1.12602
fields/00567__plt00189__fab0000_comp00_density.f32__c0005__dt-f32/chunk_0,4194304,9a8321a6721aa1f7,24,np-setting,1.17972,3555376,3.98826,0,0,-1,0,1.17971
fields/00567__plt00189__fab0000_comp00_density.f32__c0013__dt-f32/chunk_0,4194304,f01466047b8aed67,24,np-setting,1.26759,3308916,2.06464,0,0,-1,0,1.26758
fields/00568__plt00189__fab0000_comp01_rho_E.f32__c0005__dt-f32/chunk_0,4194304,d88fbbdcbacd01ac,24,np-setting,1.49842,2799172,2.6704,0,0,-1,0,1.49841
fields/00568__plt00189__fab0000_comp01_rho_E.f32__c0013__dt-f32/chunk_0,4194304,636ecdf0bb6423ce,24,np-setting,3.99774,1049192,3.03952,0,0,-1,0,3.99765
fields/00569__plt00189__fab0000_comp02_logden.f32__c0005__dt-f32/chunk_0,4194304,4266d2072de3c97e,24,np-setting,1.11989,3745290,2.5448,0,0,-1,0,1.11989
fields/00569__plt00189__fab0000_comp02_logden.f32__c0013__dt-f32/chunk_0,4194304,c797663c08a75e44,24,np-setting,1.12596,3725122,1.74352,0,0,-1,0,1.12595
fields/00570__plt00190__fab0000_comp00_density.f32__c0005__dt-f32/chunk_0,4194304,4fd2531c9c10f563,24,np-setting,1.17937,3556428,3.17242,0,0,-1,0,1.17936
fields/00570__plt00190__fab0000_comp00_density.f32__c0013__dt-f32/chunk_0,4194304,92c97f7325af8b7,24,np-setting,1.26701,3310416,1.16493,0,0,-1,0,1.267
fields/00571__plt00190__fab0000_comp01_rho_E.f32__c0005__dt-f32/chunk_0,4194304,69cedff7815d98e6,24,np-setting,1.49181,2811584,1.46208,0,0,-1,0,1.49179
fields/00571__plt00190__fab0000_comp01_rho_E.f32__c0013__dt-f32/chunk_0,4194304,85d15089bf6bf12c,24,np-setting,3.93922,1064780,1.85914,0,0,-1,0,3.93913
fields/00572__plt00190__fab0000_comp02_logden.f32__c0005__dt-f32/chunk_0,4194304,1a95fabb7e78e46f,24,np-setting,1.12018,3744344,2.24941,0,0,-1,0,1.12017
fields/00572__plt00190__fab0000_comp02_logden.f32__c0013__dt-f32/chunk_0,4194304,dc581d6d10aea9eb,24,np-setting,1.12592,3725244,3.48976,0,0,-1,0,1.12591
fields/00573__plt00191__fab0000_comp00_density.f32__c0005__dt-f32/chunk_0,4194304,e6b001352860f57a,24,np-setting,1.17892,3557764,3.20131,0,0,-1,0,1.17892
fields/00573__plt00191__fab0000_comp00_density.f32__c0013__dt-f32/chunk_0,4194304,e13386e6635dfcec,24,np-setting,1.26656,3311604,3.77024,0,0,-1,0,1.26655
fields/00574__plt00191__fab0000_comp01_rho_E.f32__c0005__dt-f32/chunk_0,4194304,1986e44bfde5c678,24,np-setting,1.48546,2823604,3.59837,0,0,-1,0,1.48544
fields/00574__plt00191__fab0000_comp01_rho_E.f32__c0013__dt-f32/chunk_0,4194304,20feb94661fa6f4,24,np-setting,3.88363,1080020,3.18147,0,0,-1,0,3.88354
fields/00575__plt00191__fab0000_comp02_logden.f32__c0005__dt-f32/chunk_0,4194304,3876770d47d7e512,24,np-setting,1.12039,3743628,2.69792,0,0,-1,0,1.12038
fields/00575__plt00191__fab0000_comp02_logden.f32__c0013__dt-f32/chunk_0,4194304,f3f05c468356d4dc,24,np-setting,1.12584,3725504,2.73437,0,0,-1,0,1.12584
fields/00576__plt00192__fab0000_comp00_density.f32__c0005__dt-f32/chunk_0,4194304,8ee72e8bdba57b4e,24,np-setting,1.17843,3559244,1.19507,0,0,-1,0,1.17843
fields/00576__plt00192__fab0000_comp00_density.f32__c0013__dt-f32/chunk_0,4194304,d5664819a1ada901,24,np-setting,1.26601,3313040,1.78173,0,0,-1,0,1.266
fields/00577__plt00192__fab0000_comp01_rho_E.f32__c0005__dt-f32/chunk_0,4194304,5604eed5c0b31425,24,np-setting,1.47938,2835208,2.30877,0,0,-1,0,1.47936
fields/00577__plt00192__fab0000_comp01_rho_E.f32__c0013__dt-f32/chunk_0,4194304,3affef122ef63749,24,np-setting,3.82617,1096240,2.26906,0,0,-1,0,3.82608
fields/00578__plt00192__fab0000_comp02_logden.f32__c0005__dt-f32/chunk_0,4194304,d7a6e1a754e76213,24,np-setting,1.12067,3742700,1.76461,0,0,-1,0,1.12066
fields/00578__plt00192__fab0000_comp02_logden.f32__c0013__dt-f32/chunk_0,4194304,a592d8dea22f20dd,24,np-setting,1.12573,3725868,5.78899,0,0,-1,0,1.12573
fields/00579__plt00193__fab0000_comp00_density.f32__c0005__dt-f32/chunk_0,4194304,cb33d2f4f03eda4a,24,np-setting,1.17799,3560572,3.58707,0,0,-1,0,1.17799
fields/00579__plt00193__fab0000_comp00_density.f32__c0013__dt-f32/chunk_0,4194304,afa92ea45130a7e7,24,np-setting,1.26557,3314176,4.46838,0,0,-1,0,1.26556
fields/00580__plt00193__fab0000_comp01_rho_E.f32__c0005__dt-f32/chunk_0,4194304,d91a14e1efeeaa32,24,np-setting,1.47331,2846884,2.91706,0,0,-1,0,1.4733
fields/00580__plt00193__fab0000_comp01_rho_E.f32__c0013__dt-f32/chunk_0,4194304,f12437a4f39f4d04,24,np-setting,3.77343,1111560,2.8936,0,0,-1,0,3.77335
fields/00581__plt00193__fab0000_comp02_logden.f32__c0005__dt-f32/chunk_0,4194304,e4a4efb3fd31ff0,24,np-setting,1.12089,3741970,4.3343,0,0,-1,0,1.12088
fields/00581__plt00193__fab0000_comp02_logden.f32__c0013__dt-f32/chunk_0,4194304,cc2475b3919934b2,24,np-setting,1.12564,3726176,5.43952,0,0,-1,0,1.12563
fields/00582__plt00194__fab0000_comp00_density.f32__c0005__dt-f32/chunk_0,4194304,37077a2d0ac924e2,24,np-setting,1.17757,3561868,2.05802,0,0,-1,0,1.17756
fields/00582__plt00194__fab0000_comp00_density.f32__c0013__dt-f32/chunk_0,4194304,f0a7a6bae5d1107f,24,np-setting,1.26515,3315280,1.62003,0,0,-1,0,1.26514
fields/00583__plt00194__fab0000_comp01_rho_E.f32__c0005__dt-f32/chunk_0,4194304,2b921d728e5853a4,24,np-setting,1.46726,2858624,3.22864,0,0,-1,0,1.46725
fields/00583__plt00194__fab0000_comp01_rho_E.f32__c0013__dt-f32/chunk_0,4194304,5ce851086be463,24,np-setting,3.71941,1127704,3.17597,0,0,-1,0,3.71933
fields/00584__plt00194__fab0000_comp02_logden.f32__c0005__dt-f32/chunk_0,4194304,85b4b2721382daf2,24,np-setting,1.12114,3741138,0.226912,0,0,-1,0,1.12113
fields/00584__plt00194__fab0000_comp02_logden.f32__c0013__dt-f32/chunk_0,4194304,706b86e8a280ac03,24,np-setting,1.12556,3726432,4.74704,0,0,-1,0,1.12555
fields/00585__plt00195__fab0000_comp00_density.f32__c0005__dt-f32/chunk_0,4194304,4b7f389b577b70f6,24,np-setting,1.17718,3563024,0.714912,0,0,-1,0,1.17718
fields/00585__plt00195__fab0000_comp00_density.f32__c0013__dt-f32/chunk_0,4194304,384b102e532fadae,24,np-setting,1.26462,3316672,1.79018,0,0,-1,0,1.26461
fields/00586__plt00195__fab0000_comp01_rho_E.f32__c0005__dt-f32/chunk_0,4194304,1476746b07e65623,24,np-setting,1.46108,2870712,2.47997,0,0,-1,0,1.46107
fields/00586__plt00195__fab0000_comp01_rho_E.f32__c0013__dt-f32/chunk_0,4194304,675267b9bf4ea025,24,np-setting,3.66735,1143712,2.06016,0,0,-1,0,3.66727
fields/00587__plt00195__fab0000_comp02_logden.f32__c0005__dt-f32/chunk_0,4194304,ea54a5e67b6480b2,24,np-setting,1.12144,3740132,2.28154,0,0,-1,0,1.12143
fields/00587__plt00195__fab0000_comp02_logden.f32__c0013__dt-f32/chunk_0,4194304,d4113dd841ca76dc,24,np-setting,1.12554,3726516,1.10621,0,0,-1,0,1.12553
fields/00588__plt00196__fab0000_comp00_density.f32__c0005__dt-f32/chunk_0,4194304,b4311b5ca93eb72,24,np-setting,1.17673,3564408,0.8,0,0,-1,0,1.17672
fields/00588__plt00196__fab0000_comp00_density.f32__c0013__dt-f32/chunk_0,4194304,136247f26ff258ce,24,np-setting,1.26419,3317804,3.40118,0,0,-1,0,1.26418
fields/00589__plt00196__fab0000_comp01_rho_E.f32__c0005__dt-f32/chunk_0,4194304,c83a8e3c8a1d39fd,24,np-setting,1.4554,2881914,3.55866,0,0,-1,0,1.45539
fields/00589__plt00196__fab0000_comp01_rho_E.f32__c0013__dt-f32/chunk_0,4194304,4cfe35938060af0d,24,np-setting,3.62092,1158376,3.8368,0,0,-1,0,3.62085
fields/00590__plt00196__fab0000_comp02_logden.f32__c0005__dt-f32/chunk_0,4194304,540fc8978b4f17ac,24,np-setting,1.12169,3739308,1.45197,0,0,-1,0,1.12168
fields/00590__plt00196__fab0000_comp02_logden.f32__c0013__dt-f32/chunk_0,4194304,7a1688b7c24777e6,24,np-setting,1.12552,3726588,2.97674,0,0,-1,0,1.12551
fields/00591__plt00197__fab0000_comp00_density.f32__c0005__dt-f32/chunk_0,4194304,3faab25611b57a58,24,np-setting,1.17635,3565540,1.14669,0,0,-1,0,1.17634
fields/00591__plt00197__fab0000_comp00_density.f32__c0013__dt-f32/chunk_0,4194304,8514e9558443290a,24,np-setting,1.2637,3319088,0.693952,0,0,-1,0,1.26369
fields/00592__plt00197__fab0000_comp01_rho_E.f32__c0005__dt-f32/chunk_0,4194304,15addfd643ad1451,24,np-setting,1.45009,2892464,2.19648,0,0,-1,0,1.45008
fields/00592__plt00197__fab0000_comp01_rho_E.f32__c0013__dt-f32/chunk_0,4194304,64aa63686754641a,24,np-setting,3.56905,1175212,2.95053,0,0,-1,0,3.56898
fields/00593__plt00197__fab0000_comp02_logden.f32__c0005__dt-f32/chunk_0,4194304,b870b95fbaca7823,24,np-setting,1.1219,3738588,3.72986,0,0,-1,0,1.1219
fields/00593__plt00197__fab0000_comp02_logden.f32__c0013__dt-f32/chunk_0,4194304,8b2e17c7a6013166,24,np-setting,1.12536,3727092,2.17616,0,0,-1,0,1.12536
fields/00594__plt00198__fab0000_comp00_density.f32__c0005__dt-f32/chunk_0,4194304,1c2be34e92430938,24,np-setting,1.176,3566618,4.11709,0,0,-1,0,1.17599
fields/00594__plt00198__fab0000_comp00_density.f32__c0013__dt-f32/chunk_0,4194304,4ec506514aeb1d2a,24,np-setting,1.26324,3320292,3.8152,0,0,-1,0,1.26323
fields/00595__plt00198__fab0000_comp01_rho_E.f32__c0005__dt-f32/chunk_0,4194304,1f7369b3d6ffbee6,24,np-setting,1.44486,2902932,1.29229,0,0,-1,0,1.44485
fields/00595__plt00198__fab0000_comp01_rho_E.f32__c0013__dt-f32/chunk_0,4194304,328e00fe47d2125f,24,np-setting,3.5232,1190504,2.42179,0,0,-1,0,3.52313
fields/00596__plt00198__fab0000_comp02_logden.f32__c0005__dt-f32/chunk_0,4194304,6d308e542c51a6e1,24,np-setting,1.12221,3737578,1.8296,0,0,-1,0,1.1222
fields/00596__plt00198__fab0000_comp02_logden.f32__c0013__dt-f32/chunk_0,4194304,c9cac8fce7a4edd3,24,np-setting,1.12527,3727412,1.82707,0,0,-1,0,1.12526
fields/00597__plt00199__fab0000_comp00_density.f32__c0005__dt-f32/chunk_0,4194304,fc2277deaecb6851,24,np-setting,1.17549,3568150,2.43978,0,0,-1,0,1.17548
fields/00597__plt00199__fab0000_comp00_density.f32__c0013__dt-f32/chunk_0,4194304,5c656534ac46031f,24,np-setting,1.26269,3321756,1.82915,0,0,-1,0,1.26268
fields/00598__plt00199__fab0000_comp01_rho_E.f32__c0005__dt-f32/chunk_0,4194304,9c9bb3264c52735d,24,np-setting,1.43952,2913714,2.25142,0,0,-1,0,1.4395
fields/00598__plt00199__fab0000_comp01_rho_E.f32__c0013__dt-f32/chunk_0,4194304,6e1ece332985df91,24,np-setting,3.47607,1206648,3.50566,0,0,-1,0,3.476
fields/00599__plt00199__fab0000_comp02_logden.f32__c0005__dt-f32/chunk_0,4194304,c45f223719daf8ee,24,np-setting,1.12246,3736716,2.47088,0,0,-1,0,1.12246
fields/00599__plt00199__fab0000_comp02_logden.f32__c0013__dt-f32/chunk_0,4194304,203bdd2559f3174a,24,np-setting,1.12516,3727754,4.30573,0,0,-1,0,1.12516
fields/00600__plt00200__fab0000_comp00_density.f32__c0005__dt-f32/chunk_0,4194304,86f8eff3302169c2,24,np-setting,1.17504,3569532,4.50576,0,0,-1,0,1.17503
fields/00600__plt00200__fab0000_comp00_density.f32__c0013__dt-f32/chunk_0,4194304,c41b9f73cc2bb76f,24,np-setting,1.2622,3323040,4.11398,0,0,-1,0,1.26219
fields/00601__plt00200__fab0000_comp01_rho_E.f32__c0005__dt-f32/chunk_0,4194304,644b0df0cde117ab,24,np-setting,1.43446,2923992,3.31926,0,0,-1,0,1.43444
fields/00601__plt00200__fab0000_comp01_rho_E.f32__c0013__dt-f32/chunk_0,4194304,6a4173771fd56389,24,np-setting,3.43235,1222016,3.93859,0,0,-1,0,3.43228
fields/00602__plt00200__fab0000_comp02_logden.f32__c0005__dt-f32/chunk_0,4194304,f19368e2528d0045,24,np-setting,1.12275,3735770,1.45446,0,0,-1,0,1.12274
fields/00602__plt00200__fab0000_comp02_logden.f32__c0013__dt-f32/chunk_0,4194304,1362426f1fc55abb,24,np-setting,1.12508,3728026,0.455264,0,0,-1,0,1.12507
fields/00603__plt00201__fab0000_comp00_density.f32__c0005__dt-f32/chunk_0,4194304,15b517bc32f4e7e7,24,np-setting,1.17462,3570804,1.58998,0,0,-1,0,1.17461
fields/00603__plt00201__fab0000_comp00_density.f32__c0013__dt-f32/chunk_0,4194304,a594636ca96a81de,24,np-setting,1.26174,3324248,5.99152,0,0,-1,0,1.26173
fields/00604__plt00201__fab0000_comp01_rho_E.f32__c0005__dt-f32/chunk_0,4194304,88b04093a97f0513,24,np-setting,1.42935,2934432,3.78112,0,0,-1,0,1.42934
fields/00604__plt00201__fab0000_comp01_rho_E.f32__c0013__dt-f32/chunk_0,4194304,af7d90ab29c4b8f1,24,np-setting,3.38832,1237896,2.3839,0,0,-1,0,3.38825
fields/00605__plt00201__fab0000_comp02_logden.f32__c0005__dt-f32/chunk_0,4194304,91d6833a0a336fc,24,np-setting,1.12294,3735122,3.06797,0,0,-1,0,1.12294
fields/00605__plt00201__fab0000_comp02_logden.f32__c0013__dt-f32/chunk_0,4194304,53de58cb42554283,24,np-setting,1.12516,3727770,8.62704,0,0,-1,0,1.12515
fields/00606__plt00202__fab0000_comp00_density.f32__c0005__dt-f32/chunk_0,4194304,471923521049124b,24,np-setting,1.17423,3571996,1.33296,0,0,-1,0,1.17422
fields/00606__plt00202__fab0000_comp00_density.f32__c0013__dt-f32/chunk_0,4194304,dacc38a2d63a6e8c,24,np-setting,1.26127,3325496,2.62186,0,0,-1,0,1.26126
fields/00607__plt00202__fab0000_comp01_rho_E.f32__c0005__dt-f32/chunk_0,4194304,de08a16b8b22861d,24,np-setting,1.42471,2943990,1.75869,0,0,-1,0,1.4247
fields/00607__plt00202__fab0000_comp01_rho_E.f32__c0013__dt-f32/chunk_0,4194304,e6ad198bb709da9,24,np-setting,3.34469,1254044,2.3673,0,0,-1,0,3.34462
fields/00608__plt00202__fab0000_comp02_logden.f32__c0005__dt-f32/chunk_0,4194304,f6ee18814e052a3d,24,np-setting,1.1232,3734274,1.21011,0,0,-1,0,1.12319
fields/00608__plt00202__fab0000_comp02_logden.f32__c0013__dt-f32/chunk_0,4194304,96ab58b30ad8284b,24,np-setting,1.12506,3728098,1.63197,0,0,-1,0,1.12505
fields/00609__plt00203__fab0000_comp00_density.f32__c0005__dt-f32/chunk_0,4194304,221c2b727296c0ba,24,np-setting,1.1738,3573288,3.78435,0,0,-1,0,1.17379
fields/00609__plt00203__fab0000_comp00_density.f32__c0013__dt-f32/chunk_0,4194304,5332935b6d4e2625,24,np-setting,1.26086,3326564,3.31146,0,0,-1,0,1.26085
fields/00610__plt00203__fab0000_comp01_rho_E.f32__c0005__dt-f32/chunk_0,4194304,1b0d92e5ce7be902,24,np-setting,1.42027,2953200,2.40467,0,0,-1,0,1.42026
fields/00610__plt00203__fab0000_comp01_rho_E.f32__c0013__dt-f32/chunk_0,4194304,6a25ef0bdb6d04f6,24,np-setting,3.30293,1269896,1.33994,0,0,-1,0,3.30287
fields/00611__plt00203__fab0000_comp02_logden.f32__c0005__dt-f32/chunk_0,4194304,3033d3f3d1b364b9,24,np-setting,1.1235,3733258,2.26896,0,0,-1,0,1.1235
fields/00611__plt00203__fab0000_comp02_logden.f32__c0013__dt-f32/chunk_0,4194304,2525b3cd9876a74c,24,np-setting,1.12503,3728202,2.40522,0,0,-1,0,1.12502
fields/00612__plt00204__fab0000_comp00_density.f32__c0005__dt-f32/chunk_0,4194304,c637c231cbeab44d,24,np-setting,1.17343,3574408,1.85091,0,0,-1,0,1.17343
fields/00612__plt00204__fab0000_comp00_density.f32__c0013__dt-f32/chunk_0,4194304,35b03be340ae22fb,24,np-setting,1.26042,3327720,1.81709,0,0,-1,0,1.26041
fields/00613__plt00204__fab0000_comp01_rho_E.f32__c0005__dt-f32/chunk_0,4194304,a3ee20d4fa85309d,24,np-setting,1.41574,2962642,3.12086,0,0,-1,0,1.41573
fields/00613__plt00204__fab0000_comp01_rho_E.f32__c0013__dt-f32/chunk_0,4194304,73b92e1207b04a60,24,np-setting,3.26274,1285540,3.22736,0,0,-1,0,3.26268
fields/00614__plt00204__fab0000_comp02_logden.f32__c0005__dt-f32/chunk_0,4194304,2b8b9b68b943c184,24,np-setting,1.12378,3732346,3.93171,0,0,-1,0,1.12377
fields/00614__plt00204__fab0000_comp02_logden.f32__c0013__dt-f32/chunk_0,4194304,c8be304696ee867a,24,np-setting,1.12492,3728562,2.70016,0,0,-1,0,1.12491
fields/00615__plt00205__fab0000_comp00_density.f32__c0005__dt-f32/chunk_0,4194304,807ddc0735dfbc6,24,np-setting,1.17302,3575674,2.76861,0,0,-1,0,1.17301
fields/00615__plt00205__fab0000_comp00_density.f32__c0013__dt-f32/chunk_0,4194304,faca34b323d82682,24,np-setting,1.25988,3329164,2.5935,0,0,-1,0,1.25987
fields/00616__plt00205__fab0000_comp01_rho_E.f32__c0005__dt-f32/chunk_0,4194304,f6968a7762c15e20,24,np-setting,1.41182,2970878,3.8872,0,0,-1,0,1.41181
fields/00616__plt00205__fab0000_comp01_rho_E.f32__c0013__dt-f32/chunk_0,4194304,85fcf0ac180ab113,24,np-setting,3.22137,1302048,2.65562,0,0,-1,0,3.22131
fields/00617__plt00205__fab0000_comp02_logden.f32__c0005__dt-f32/chunk_0,4194304,8938b91f5126d8e2,24,np-setting,1.12416,3731080,4.18688,0,0,-1,0,1.12415
fields/00617__plt00205__fab0000_comp02_logden.f32__c0013__dt-f32/chunk_0,4194304,4c15d1f7d11e78fb,24,np-setting,1.12485,3728806,2.95699,0,0,-1,0,1.12484
fields/00618__plt00206__fab0000_comp00_density.f32__c0005__dt-f32/chunk_0,4194304,5eac4fa61dba3e44,24,np-setting,1.17269,3576668,2.60106,0,0,-1,0,1.17268
fields/00618__plt00206__fab0000_comp00_density.f32__c0013__dt-f32/chunk_0,4194304,ca202429b9d002b1,24,np-setting,1.25946,3330252,4.71939,0,0,-1,0,1.25946
fields/00619__plt00206__fab0000_comp01_rho_E.f32__c0005__dt-f32/chunk_0,4194304,6a3495f76a53e9be,24,np-setting,1.40763,2979716,1.72573,0,0,-1,0,1.40762
fields/00619__plt00206__fab0000_comp01_rho_E.f32__c0013__dt-f32/chunk_0,4194304,93299d823eb01166,24,np-setting,3.18357,1317508,2.41376,0,0,-1,0,3.18351
fields/00620__plt00206__fab0000_comp02_logden.f32__c0005__dt-f32/chunk_0,4194304,75498aecfb52595d,24,np-setting,1.12445,3730102,4.07062,0,0,-1,0,1.12445
fields/00620__plt00206__fab0000_comp02_logden.f32__c0013__dt-f32/chunk_0,4194304,5eff3a7eefd3ae95,24,np-setting,1.12469,3729308,3.27664,0,0,-1,0,1.12469
fields/00621__plt00207__fab0000_comp00_density.f32__c0005__dt-f32/chunk_0,4194304,3f92c78669da5f74,24,np-setting,1.17224,3578052,2.70102,0,0,-1,0,1.17223
fields/00621__plt00207__fab0000_comp00_density.f32__c0013__dt-f32/chunk_0,4194304,604d561dd15080c0,24,np-setting,1.2591,3331212,2.43008,0,0,-1,0,1.25909
fields/00622__plt00207__fab0000_comp01_rho_E.f32__c0005__dt-f32/chunk_0,4194304,5d0666a3dace7d0c,24,np-setting,1.40251,2990588,2.27101,0,0,-1,0,1.4025
fields/00622__plt00207__fab0000_comp01_rho_E.f32__c0013__dt-f32/chunk_0,4194304,e92b22f8c08fc958,24,np-setting,3.1442,1334004,1.78275,0,0,-1,0,3.14415
fields/00623__plt00207__fab0000_comp02_logden.f32__c0005__dt-f32/chunk_0,4194304,72cda3e9b81044bc,24,np-setting,1.12476,3729090,3.69376,0,0,-1,0,1.12475
fields/00623__plt00207__fab0000_comp02_logden.f32__c0013__dt-f32/chunk_0,4194304,148603536957e846,24,np-setting,1.12465,3729444,2.8345,0,0,-1,0,1.12465
fields/00624__plt00208__fab0000_comp00_density.f32__c0005__dt-f32/chunk_0,4194304,def4c5975e582a0d,24,np-setting,1.1719,3579072,3.49478,0,0,-1,0,1.1719
fields/00624__plt00208__fab0000_comp00_density.f32__c0013__dt-f32/chunk_0,4194304,d8fa986e622c2d3c,24,np-setting,1.25867,3332352,4.36534,0,0,-1,0,1.25866
fields/00625__plt00208__fab0000_comp01_rho_E.f32__c0005__dt-f32/chunk_0,4194304,d73d2d662fd2ec9c,24,np-setting,1.39722,3001912,0.230336,0,0,-1,0,1.39721
fields/00625__plt00208__fab0000_comp01_rho_E.f32__c0013__dt-f32/chunk_0,4194304,9520cfdfcd420f1f,24,np-setting,3.10729,1349852,3.24234,0,0,-1,0,3.10723
fields/00626__plt00208__fab0000_comp02_logden.f32__c0005__dt-f32/chunk_0,4194304,85458afe1a77eece,24,np-setting,1.12509,3728008,1.43587,0,0,-1,0,1.12508
fields/00626__plt00208__fab0000_comp02_logden.f32__c0013__dt-f32/chunk_0,4194304,d50365f73eab79c6,24,np-setting,1.12461,3729584,0.366912,0,0,-1,0,1.1246
fields/00627__plt00209__fab0000_comp00_density.f32__c0005__dt-f32/chunk_0,4194304,1bdc96a900831d75,24,np-setting,1.17153,3580228,0.273664,0,0,-1,0,1.17152
fields/00627__plt00209__fab0000_comp00_density.f32__c0013__dt-f32/chunk_0,4194304,a2e69bd13d78ec5e,24,np-setting,1.25819,3333628,2.01571,0,0,-1,0,1.25818
fields/00628__plt00209__fab0000_comp01_rho_E.f32__c0005__dt-f32/chunk_0,4194304,a495a16e9b75488c,24,np-setting,1.39165,3013932,0.246688,0,0,-1,0,1.39164
fields/00628__plt00209__fab0000_comp01_rho_E.f32__c0013__dt-f32/chunk_0,4194304,418acc5e9378b3e8,24,np-setting,3.06913,1366632,10.6091,0,0,-1,0,3.06908
fields/00629__plt00209__fab0000_comp02_logden.f32__c0005__dt-f32/chunk_0,4194304,cd128258d91e1e3f,24,np-setting,1.12537,3727062,2.66698,0,0,-1,0,1.12536
fields/00629__plt00209__fab0000_comp02_logden.f32__c0013__dt-f32/chunk_0,4194304,f9477c922db119d1,24,np-setting,1.12456,3729760,4.00445,0,0,-1,0,1.12455
fields/00630__plt00210__fab0000_comp00_density.f32__c0005__dt-f32/chunk_0,4194304,14cf55bd8fce512,24,np-setting,1.1712,3581236,4.41296,0,0,-1,0,1.17119
fields/00630__plt00210__fab0000_comp00_density.f32__c0013__dt-f32/chunk_0,4194304,e1f94ecb3a289bdf,24,np-setting,1.25798,3334172,3.67789,0,0,-1,0,1.25797
fields/00631__plt00210__fab0000_comp01_rho_E.f32__c0005__dt-f32/chunk_0,4194304,dfbe3ff6e2a66877,24,np-setting,1.38594,3026344,1.76541,0,0,-1,0,1.38593
fields/00631__plt00210__fab0000_comp01_rho_E.f32__c0013__dt-f32/chunk_0,4194304,3308c7a976b8b0f9,24,np-setting,3.03401,1382452,6.40403,0,0,-1,0,3.03396
fields/00632__plt00210__fab0000_comp02_logden.f32__c0005__dt-f32/chunk_0,4194304,7de3df66e7c507e1,24,np-setting,1.12571,3725930,2.70064,0,0,-1,0,1.12571
fields/00632__plt00210__fab0000_comp02_logden.f32__c0013__dt-f32/chunk_0,4194304,74bd2f196d1729ed,24,np-setting,1.1244,3730280,3.41754,0,0,-1,0,1.12439
fields/00633__plt00211__fab0000_comp00_density.f32__c0005__dt-f32/chunk_0,4194304,eeff740591fcca35,24,np-setting,1.1709,3582144,3.06541,0,0,-1,0,1.17089
fields/00633__plt00211__fab0000_comp00_density.f32__c0013__dt-f32/chunk_0,4194304,4bac6aa1bee62f35,24,np-setting,1.25749,3335484,3.03334,0,0,-1,0,1.25748
fields/00634__plt00211__fab0000_comp01_rho_E.f32__c0005__dt-f32/chunk_0,4194304,6fe8087ef1053ad9,24,np-setting,1.38082,3037578,2.6303,0,0,-1,0,1.38081
fields/00634__plt00211__fab0000_comp01_rho_E.f32__c0013__dt-f32/chunk_0,4194304,e26f4d4330a75873,24,np-setting,2.99651,1399752,3.31008,0,0,-1,0,2.99646
fields/00635__plt00211__fab0000_comp02_logden.f32__c0005__dt-f32/chunk_0,4194304,c45137b8f354982c,24,np-setting,1.12601,3724934,3.58323,0,0,-1,0,1.12601
fields/00635__plt00211__fab0000_comp02_logden.f32__c0013__dt-f32/chunk_0,4194304,a2c45c288927008c,24,np-setting,1.12433,3730532,6.26883,0,0,-1,0,1.12432
fields/00636__plt00212__fab0000_comp00_density.f32__c0005__dt-f32/chunk_0,4194304,bcb0bf04a64435c6,24,np-setting,1.17061,3583040,1.12707,0,0,-1,0,1.1706
fields/00636__plt00212__fab0000_comp00_density.f32__c0013__dt-f32/chunk_0,4194304,816d4d98ddb8d92c,24,np-setting,1.25708,3336556,2.02797,0,0,-1,0,1.25708
fields/00637__plt00212__fab0000_comp01_rho_E.f32__c0005__dt-f32/chunk_0,4194304,42cb7fee8aee9ac,24,np-setting,1.37601,3048186,2.58317,0,0,-1,0,1.376
fields/00637__plt00212__fab0000_comp01_rho_E.f32__c0013__dt-f32/chunk_0,4194304,2a06ca8bbbfe896,24,np-setting,2.96308,1415544,0.663552,0,0,-1,0,2.96303
fields/00638__plt00212__fab0000_comp02_logden.f32__c0005__dt-f32/chunk_0,4194304,4e016ff013afedf2,24,np-setting,1.1263,3724002,4.43357,0,0,-1,0,1.12629
fields/00638__plt00212__fab0000_comp02_logden.f32__c0013__dt-f32/chunk_0,4194304,c9f8e317a9eaf1ca,24,np-setting,1.12429,3730648,3.07398,0,0,-1,0,1.12428
fields/00639__plt00213__fab0000_comp00_density.f32__c0005__dt-f32/chunk_0,4194304,7301701ece605081,24,np-setting,1.17019,3584324,1.99565,0,0,-1,0,1.17018
fields/00639__plt00213__fab0000_comp00_density.f32__c0013__dt-f32/chunk_0,4194304,cd1b02940ba8bdf2,24,np-setting,1.25664,3337748,2.31459,0,0,-1,0,1.25663
fields/00640__plt00213__fab0000_comp01_rho_E.f32__c0005__dt-f32/chunk_0,4194304,63d8416f5ddd4ae8,24,np-setting,1.37169,3057780,2.45405,0,0,-1,0,1.37168
fields/00640__plt00213__fab0000_comp01_rho_E.f32__c0013__dt-f32/chunk_0,4194304,d65b71a3b10f6600,24,np-setting,2.92964,1431704,2.29946,0,0,-1,0,2.92959
fields/00641__plt00213__fab0000_comp02_logden.f32__c0005__dt-f32/chunk_0,4194304,b8865aa5fd22b098,24,np-setting,1.12661,3722958,2.41517,0,0,-1,0,1.12661
fields/00641__plt00213__fab0000_comp02_logden.f32__c0013__dt-f32/chunk_0,4194304,62102a6f1baf21f0,24,np-setting,1.12423,3730864,2.4329,0,0,-1,0,1.12422
fields/00642__plt00214__fab0000_comp00_density.f32__c0005__dt-f32/chunk_0,4194304,6356af6bb763badc,24,np-setting,1.16977,3585592,11.3938,0,0,-1,0,1.16977
fields/00642__plt00214__fab0000_comp00_density.f32__c0013__dt-f32/chunk_0,4194304,b2411f9564161129,24,np-setting,1.25616,3339024,3.98227,0,0,-1,0,1.25615
fields/00643__plt00214__fab0000_comp01_rho_E.f32__c0005__dt-f32/chunk_0,4194304,ee2c1564bb53df82,24,np-setting,1.36775,3066594,3.19258,0,0,-1,0,1.36774
fields/00643__plt00214__fab0000_comp01_rho_E.f32__c0013__dt-f32/chunk_0,4194304,1ae35576cf12285,24,np-setting,2.89764,1447512,2.35725,0,0,-1,0,2.8976
fields/00644__plt00214__fab0000_comp02_logden.f32__c0005__dt-f32/chunk_0,4194304,2ecc0ed6351faf9,24,np-setting,1.12699,3721724,4.00275,0,0,-1,0,1.12698
fields/00644__plt00214__fab0000_comp02_logden.f32__c0013__dt-f32/chunk_0,4194304,5946fde980559dbe,24,np-setting,1.12412,3731218,1.5471,0,0,-1,0,1.12411
fields/00645__plt00215__fab0000_comp00_density.f32__c0005__dt-f32/chunk_0,4194304,4f0edd0e499c866d,24,np-setting,1.16943,3586632,2.2233,0,0,-1,0,1.16943
fields/00645__plt00215__fab0000_comp00_density.f32__c0013__dt-f32/chunk_0,4194304,3947757cbacdfb66,24,np-setting,1.25575,3340100,2.86566,0,0,-1,0,1.25574
fields/00646__plt00215__fab0000_comp01_rho_E.f32__c0005__dt-f32/chunk_0,4194304,f6ab1be0815fdeb,24,np-setting,1.36384,3075380,2.19514,0,0,-1,0,1.36383
fields/00646__plt00215__fab0000_comp01_rho_E.f32__c0013__dt-f32/chunk_0,4194304,ad887d5bef667b75,24,np-setting,2.86593,1463528,3.0336,0,0,-1,0,2.86589
fields/00647__plt00215__fab0000_comp02_logden.f32__c0005__dt-f32/chunk_0,4194304,b075cbe9dda3f0a5,24,np-setting,1.12729,3720706,1.69904,0,0,-1,0,1.12729
fields/00647__plt00215__fab0000_comp02_logden.f32__c0013__dt-f32/chunk_0,4194304,6bb12a7ad9856c88,24,np-setting,1.12414,3731154,2.8888,0,0,-1,0,1.12413
fields/00648__plt00216__fab0000_comp00_density.f32__c0005__dt-f32/chunk_0,4194304,fdade9dca99771d8,24,np-setting,1.16904,3587840,3.4968,0,0,-1,0,1.16903
fields/00648__plt00216__fab0000_comp00_density.f32__c0013__dt-f32/chunk_0,4194304,7bcb20cee7a139e1,24,np-setting,1.25535,3341172,3.4943,0,0,-1,0,1.25534
fields/00649__plt00216__fab0000_comp01_rho_E.f32__c0005__dt-f32/chunk_0,4194304,c30f2d3bb00ddbc6,24,np-setting,1.35984,3084432,2.96726,0,0,-1,0,1.35983
fields/00649__plt00216__fab0000_comp01_rho_E.f32__c0013__dt-f32/chunk_0,4194304,54636219ea715c54,24,np-setting,2.83473,1479636,0.375648,0,0,-1,0,2.83469
fields/00650__plt00216__fab0000_comp02_logden.f32__c0005__dt-f32/chunk_0,4194304,28cc4f1529efef26,24,np-setting,1.12761,3719666,3.82461,0,0,-1,0,1.1276
fields/00650__plt00216__fab0000_comp02_logden.f32__c0013__dt-f32/chunk_0,4194304,254554d8288dbd24,24,np-setting,1.12398,3731694,2.36605,0,0,-1,0,1.12397
fields/00651__plt00217__fab0000_comp00_density.f32__c0005__dt-f32/chunk_0,4194304,2e933ae89f3a7cc0,24,np-setting,1.16862,3589142,3.78374,0,0,-1,0,1.16861
fields/00651__plt00217__fab0000_comp00_density.f32__c0013__dt-f32/chunk_0,4194304,e2ec51b944f430ac,24,np-setting,1.255,3342104,1.69571,0,0,-1,0,1.25499
fields/00652__plt00217__fab0000_comp01_rho_E.f32__c0005__dt-f32/chunk_0,4194304,8158de97d1ca0938,24,np-setting,1.35615,3092830,2.36928,0,0,-1,0,1.35614
fields/00652__plt00217__fab0000_comp01_rho_E.f32__c0013__dt-f32/chunk_0,4194304,5b9d06cee30720d1,24,np-setting,2.80468,1495492,2.60986,0,0,-1,0,2.80463
fields/00653__plt00217__fab0000_comp02_logden.f32__c0005__dt-f32/chunk_0,4194304,3573a89d274f3887,24,np-setting,1.12797,3718464,0.529856,0,0,-1,0,1.12797
fields/00653__plt00217__fab0000_comp02_logden.f32__c0013__dt-f32/chunk_0,4194304,ea1a7ab297ad8e23,24,np-setting,1.12395,3731770,1.34666,0,0,-1,0,1.12394
fields/00654__plt00218__fab0000_comp00_density.f32__c0005__dt-f32/chunk_0,4194304,6e1dc6e466fb825b,24,np-setting,1.16827,3590204,0.457408,0,0,-1,0,1.16826
fields/00654__plt00218__fab0000_comp00_density.f32__c0013__dt-f32/chunk_0,4194304,438509d64bae0a63,24,np-setting,1.25452,3343368,1.18054,0,0,-1,0,1.25451
fields/00655__plt00218__fab0000_comp01_rho_E.f32__c0005__dt-f32/chunk_0,4194304,149c0c70646de9bb,24,np-setting,1.35239,3101434,1.44557,0,0,-1,0,1.35238
fields/00655__plt00218__fab0000_comp01_rho_E.f32__c0013__dt-f32/chunk_0,4194304,95e6d64facbe24e2,24,np-setting,2.77523,1511360,1.26019,0,0,-1,0,2.77519
fields/00656__plt00218__fab0000_comp02_logden.f32__c0005__dt-f32/chunk_0,4194304,ea1b7d0bce4c2e5a,24,np-setting,1.12827,3717484,2.88189,0,0,-1,0,1.12826
fields/00656__plt00218__fab0000_comp02_logden.f32__c0013__dt-f32/chunk_0,4194304,c838542f19bb7207,24,np-setting,1.12389,3731970,3.44586,0,0,-1,0,1.12388
fields/00657__plt00219__fab0000_comp00_density.f32__c0005__dt-f32/chunk_0,4194304,475c3079b4bb7891,24,np-setting,1.16788,3591400,3.50451,0,0,-1,0,1.16787
fields/00657__plt00219__fab0000_comp00_density.f32__c0013__dt-f32/chunk_0,4194304,963c07ef7317b466,24,np-setting,1.2541,3344488,0.338016,0,0,-1,0,1.25409
fields/00658__plt00219__fab0000_comp01_rho_E.f32__c0005__dt-f32/chunk_0,4194304,59e735366489267a,24,np-setting,1.34884,3109586,1.36896,0,0,-1,0,1.34883
fields/00658__plt00219__fab0000_comp01_rho_E.f32__c0013__dt-f32/chunk_0,4194304,667f87df4d906a38,24,np-setting,2.74481,1528112,2.19597,0,0,-1,0,2.74476
fields/00659__plt00219__fab0000_comp02_logden.f32__c0005__dt-f32/chunk_0,4194304,b7434125f8a243f6,24,np-setting,1.12858,3716478,0.316896,0,0,-1,0,1.12857
fields/00659__plt00219__fab0000_comp02_logden.f32__c0013__dt-f32/chunk_0,4194304,473df4c23c0cf57e,24,np-setting,1.12383,3732174,1.51546,0,0,-1,0,1.12382
fields/00660__plt00220__fab0000_comp00_density.f32__c0005__dt-f32/chunk_0,4194304,d4898c7b9de4ee48,24,np-setting,1.16752,3592508,1.24544,0,0,-1,0,1.16751
fields/00660__plt00220__fab0000_comp00_density.f32__c0013__dt-f32/chunk_0,4194304,61b20e7817fc39b2,24,np-setting,1.25357,3345916,3.69347,0,0,-1,0,1.25356
fields/00661__plt00220__fab0000_comp01_rho_E.f32__c0005__dt-f32/chunk_0,4194304,29307d6f261d3430,24,np-setting,1.34506,3118334,2.62666,0,0,-1,0,1.34505
fields/00661__plt00220__fab0000_comp01_rho_E.f32__c0013__dt-f32/chunk_0,4194304,2d005a176ea2846,24,np-setting,2.71581,1544424,1.46058,0,0,-1,0,2.71577
fields/00662__plt00220__fab0000_comp02_logden.f32__c0005__dt-f32/chunk_0,4194304,e3db756e7b9e2e45,24,np-setting,1.12891,3715396,1.45562,0,0,-1,0,1.1289
fields/00662__plt00220__fab0000_comp02_logden.f32__c0013__dt-f32/chunk_0,4194304,5c5789a8b8062a94,24,np-setting,1.12371,3732582,1.22749,0,0,-1,0,1.1237
fields/00663__plt00221__fab0000_comp00_density.f32__c0005__dt-f32/chunk_0,4194304,2612fc5254104b15,24,np-setting,1.16723,3593392,2.58496,0,0,-1,0,1.16723
fields/00663__plt00221__fab0000_comp00_density.f32__c0013__dt-f32/chunk_0,4194304,16873d1fe6464ca4,24,np-setting,1.25318,3346948,2.20218,0,0,-1,0,1.25317
fields/00664__plt00221__fab0000_comp01_rho_E.f32__c0005__dt-f32/chunk_0,4194304,32d7ff5a031722f5,24,np-setting,1.34182,3125848,2.17795,0,0,-1,0,1.34181
fields/00664__plt00221__fab0000_comp01_rho_E.f32__c0013__dt-f32/chunk_0,4194304,65b0a9115637c900,24,np-setting,2.68804,1560384,0.641408,0,0,-1,0,2.68799
fields/00665__plt00221__fab0000_comp02_logden.f32__c0005__dt-f32/chunk_0,4194304,4705ecb706bd4ac5,24,np-setting,1.1293,3714092,2.78256,0,0,-1,0,1.12929
fields/00665__plt00221__fab0000_comp02_logden.f32__c0013__dt-f32/chunk_0,4194304,676a8bb974bfb04,24,np-setting,1.12356,3733058,0.658688,0,0,-1,0,1.12356
fields/00666__plt00222__fab0000_comp00_density.f32__c0005__dt-f32/chunk_0,4194304,8c246353ef002b98,24,np-setting,1.16695,3594284,1.23459,0,0,-1,0,1.16694
fields/00666__plt00222__fab0000_comp00_density.f32__c0013__dt-f32/chunk_0,4194304,5e20edda48cb971e,24,np-setting,1.2527,3348248,1.27539,0,0,-1,0,1.25269
fields/00667__plt00222__fab0000_comp01_rho_E.f32__c0005__dt-f32/chunk_0,4194304,7db4c85157dde410,24,np-setting,1.33852,3133560,1.30656,0,0,-1,0,1.33851
fields/00667__plt00222__fab0000_comp01_rho_E.f32__c0013__dt-f32/chunk_0,4194304,300088d74c5e0e8e,24,np-setting,2.65793,1578056,2.22525,0,0,-1,0,2.65789
fields/00668__plt00222__fab0000_comp02_logden.f32__c0005__dt-f32/chunk_0,4194304,6ea695f3e3b7c27c,24,np-setting,1.12966,3712928,2.50918,0,0,-1,0,1.12965
fields/00668__plt00222__fab0000_comp02_logden.f32__c0013__dt-f32/chunk_0,4194304,6a28f3cca62cabd5,24,np-setting,1.12347,3733374,1.20224,0,0,-1,0,1.12346
fields/00669__plt00223__fab0000_comp00_density.f32__c0005__dt-f32/chunk_0,4194304,518e8d5077c9c83e,24,np-setting,1.16662,3595276,2.34845,0,0,-1,0,1.16662
fields/00669__plt00223__fab0000_comp00_density.f32__c0013__dt-f32/chunk_0,4194304,991ff8203a0523ea,24,np-setting,1.25222,3349512,6.95142,0,0,-1,0,1.25221
fields/00670__plt00223__fab0000_comp01_rho_E.f32__c0005__dt-f32/chunk_0,4194304,78be41b0187465cc,24,np-setting,1.33539,3140906,1.788,0,0,-1,0,1.33538
fields/00670__plt00223__fab0000_comp01_rho_E.f32__c0013__dt-f32/chunk_0,4194304,147f67ff27ae9805,24,np-setting,2.63065,1594420,1.97613,0,0,-1,0,2.63061
fields/00671__plt00223__fab0000_comp02_logden.f32__c0005__dt-f32/chunk_0,4194304,fd8f478b7f4a42c0,24,np-setting,1.12997,3711898,1.32458,0,0,-1,0,1.12996
fields/00671__plt00223__fab0000_comp02_logden.f32__c0013__dt-f32/chunk_0,4194304,a84e9deee037923a,24,np-setting,1.12324,3734122,2.79158,0,0,-1,0,1.12324
fields/00672__plt00224__fab0000_comp00_density.f32__c0005__dt-f32/chunk_0,4194304,8f8b1841f6388a19,24,np-setting,1.16641,3595928,1.68922,0,0,-1,0,1.1664
fields/00672__plt00224__fab0000_comp00_density.f32__c0013__dt-f32/chunk_0,4194304,b347b157a4fefbca,24,np-setting,1.25165,3351056,1.65178,0,0,-1,0,1.25164
fields/00673__plt00224__fab0000_comp01_rho_E.f32__c0005__dt-f32/chunk_0,4194304,99dfbde50b3fb078,24,np-setting,1.33248,3147778,3.41901,0,0,-1,0,1.33246
fields/00673__plt00224__fab0000_comp01_rho_E.f32__c0013__dt-f32/chunk_0,4194304,c2659284404fcb03,24,np-setting,2.60322,1611220,1.63171,0,0,-1,0,2.60319
fields/00674__plt00224__fab0000_comp02_logden.f32__c0005__dt-f32/chunk_0,4194304,76243cd9c870d2a2,24,np-setting,1.13031,3710778,2.43514,0,0,-1,0,1.1303
fields/00674__plt00224__fab0000_comp02_logden.f32__c0013__dt-f32/chunk_0,4194304,2aa797b70dfe1476,24,np-setting,1.1232,3734254,3.0495,0,0,-1,0,1.1232
fields/00675__plt00225__fab0000_comp00_density.f32__c0005__dt-f32/chunk_0,4194304,766de4a729db04de,24,np-setting,1.16615,3596732,3.62106,0,0,-1,0,1.16614
fields/00675__plt00225__fab0000_comp00_density.f32__c0013__dt-f32/chunk_0,4194304,c770ddc31fae378d,24,np-setting,1.25108,3352572,2.84698,0,0,-1,0,1.25107
fields/00676__plt00225__fab0000_comp01_rho_E.f32__c0005__dt-f32/chunk_0,4194304,8effda98fc260c37,24,np-setting,1.32958,3154638,4.66643,0,0,-1,0,1.32957
fields/00676__plt00225__fab0000_comp01_rho_E.f32__c0013__dt-f32/chunk_0,4194304,cdfcaf7ef1020b10,24,np-setting,2.57577,1628396,0.567584,0,0,-1,0,2.57573
fields/00677__plt00225__fab0000_comp02_logden.f32__c0005__dt-f32/chunk_0,4194304,ec4a5b6295381382,24,np-setting,1.13064,3709702,2.27757,0,0,-1,0,1.13063
fields/00677__plt00225__fab0000_comp02_logden.f32__c0013__dt-f32/chunk_0,4194304,908c76355dedd8ce,24,np-setting,1.12302,3734884,2.51578,0,0,-1,0,1.12301
fields/00678__plt00226__fab0000_comp00_density.f32__c0005__dt-f32/chunk_0,4194304,eec2bdf7479d3470,24,np-setting,1.1659,3597512,2.76003,0,0,-1,0,1.16589
fields/00678__plt00226__fab0000_comp00_density.f32__c0013__dt-f32/chunk_0,4194304,3d655a7a94d111bc,24,np-setting,1.25032,3354596,3.61872,0,0,-1,0,1.25032
fields/00679__plt00226__fab0000_comp01_rho_E.f32__c0005__dt-f32/chunk_0,4194304,776745b4e597ace1,24,np-setting,1.32664,3161628,1.72301,0,0,-1,0,1.32663
fields/00679__plt00226__fab0000_comp01_rho_E.f32__c0013__dt-f32/chunk_0,4194304,aa410c4054d239ed,24,np-setting,2.55094,1644240,2.69174,0,0,-1,0,2.55091
fields/00680__plt00226__fab0000_comp02_logden.f32__c0005__dt-f32/chunk_0,4194304,4480326439865cbf,24,np-setting,1.13105,3708350,2.8897,0,0,-1,0,1.13104
fields/00680__plt00226__fab0000_comp02_logden.f32__c0013__dt-f32/chunk_0,4194304,fc919e94f841ebc5,24,np-setting,1.12292,3735200,2.51142,0,0,-1,0,1.12291
fields/00681__plt00227__fab0000_comp00_density.f32__c0005__dt-f32/chunk_0,4194304,a3335b83e010253b,24,np-setting,1.16568,3598188,3.40957,0,0,-1,0,1.16567
fields/00681__plt00227__fab0000_comp00_density.f32__c0013__dt-f32/chunk_0,4194304,44d6b0eeb96316ef,24,np-setting,1.2497,3356284,3.30157,0,0,-1,0,1.24969
fields/00682__plt00227__fab0000_comp01_rho_E.f32__c0005__dt-f32/chunk_0,4194304,cbf8f5958914c908,24,np-setting,1.32427,3167292,3.0552,0,0,-1,0,1.32426
fields/00682__plt00227__fab0000_comp01_rho_E.f32__c0013__dt-f32/chunk_0,4194304,996d2ef4e0dc8bee,24,np-setting,2.52438,1661540,3.87728,0,0,-1,0,2.52435
fields/00683__plt00227__fab0000_comp02_logden.f32__c0005__dt-f32/chunk_0,4194304,4d6cd4cd8d9f436a,24,np-setting,1.13154,3706756,1.95267,0,0,-1,0,1.13153
fields/00683__plt00227__fab0000_comp02_logden.f32__c0013__dt-f32/chunk_0,4194304,c56f1d7f6f7775a0,24,np-setting,1.12287,3735376,3.06688,0,0,-1,0,1.12286
fields/00684__plt00228__fab0000_comp00_density.f32__c0005__dt-f32/chunk_0,4194304,bdf0702c5caae444,24,np-setting,1.16534,3599244,1.84902,0,0,-1,0,1.16533
fields/00684__plt00228__fab0000_comp00_density.f32__c0013__dt-f32/chunk_0,4194304,e9760cbc9801a09f,24,np-setting,1.24897,3358244,2.58963,0,0,-1,0,1.24896
fields/00685__plt00228__fab0000_comp01_rho_E.f32__c0005__dt-f32/chunk_0,4194304,47826ec8f6b5ef87,24,np-setting,1.32209,3172510,2.2649,0,0,-1,0,1.32208
fields/00685__plt00228__fab0000_comp01_rho_E.f32__c0013__dt-f32/chunk_0,4194304,6674cbe1cb76a0b3,24,np-setting,2.50036,1677504,1.77786,0,0,-1,0,2.50032
fields/00686__plt00228__fab0000_comp02_logden.f32__c0005__dt-f32/chunk_0,4194304,8277f374bc35e660,24,np-setting,1.13188,3705646,3.27667,0,0,-1,0,1.13187
fields/00686__plt00228__fab0000_comp02_logden.f32__c0013__dt-f32/chunk_0,4194304,e38504509c4c42ca,24,np-setting,1.12269,3735952,1.4552,0,0,-1,0,1.12269
fields/00687__plt00229__fab0000_comp00_density.f32__c0005__dt-f32/chunk_0,4194304,8f70ccbdd48e46b5,24,np-setting,1.16508,3600048,2.732,0,0,-1,0,1.16507
fields/00687__plt00229__fab0000_comp00_density.f32__c0013__dt-f32/chunk_0,4194304,77d28f76301c3eba,24,np-setting,1.24851,3359476,2.66506,0,0,-1,0,1.2485
fields/00688__plt00229__fab0000_comp01_rho_E.f32__c0005__dt-f32/chunk_0,4194304,753972fad7707d30,24,np-setting,1.31971,3178218,2.25203,0,0,-1,0,1.3197
fields/00688__plt00229__fab0000_comp01_rho_E.f32__c0013__dt-f32/chunk_0,4194304,aa79642b0f3c5810,24,np-setting,2.47542,1694408,2.28947,0,0,-1,0,2.47538
fields/00689__plt00229__fab0000_comp02_logden.f32__c0005__dt-f32/chunk_0,4194304,e6e03440c4ed2ad6,24,np-setting,1.13233,3704146,3.96003,0,0,-1,0,1.13233
fields/00689__plt00229__fab0000_comp02_logden.f32__c0013__dt-f32/chunk_0,4194304,9ef805d4585e7982,24,np-setting,1.12268,3736000,1.22064,0,0,-1,0,1.12267
fields/00690__plt00230__fab0000_comp00_density.f32__c0005__dt-f32/chunk_0,4194304,60be4aab124dc9c2,24,np-setting,1.16482,3600854,1.74022,0,0,-1,0,1.16481
fields/00690__plt00230__fab0000_comp00_density.f32__c0013__dt-f32/chunk_0,4194304,338c112efd9497e8,24,np-setting,1.24779,3361404,1.2831,0,0,-1,0,1.24778
fields/00691__plt00230__fab0000_comp01_rho_E.f32__c0005__dt-f32/chunk_0,4194304,c20cbccaa36bc964,24,np-setting,1.31754,3183470,2.5079,0,0,-1,0,1.31753
fields/00691__plt00230__fab0000_comp01_rho_E.f32__c0013__dt-f32/chunk_0,4194304,5a023964685c4ffb,24,np-setting,2.4504,1711708,1.13757,0,0,-1,0,2.45036
fields/00692__plt00230__fab0000_comp02_logden.f32__c0005__dt-f32/chunk_0,4194304,651b8ddef0e0758,24,np-setting,1.13274,3702828,5.8015,0,0,-1,0,1.13273
fields/00692__plt00230__fab0000_comp02_logden.f32__c0013__dt-f32/chunk_0,4194304,c2a802da050d99c9,24,np-setting,1.12253,3736482,2.31962,0,0,-1,0,1.12253
fields/00693__plt00231__fab0000_comp00_density.f32__c0005__dt-f32/chunk_0,4194304,209be411f427eeee,24,np-setting,1.1645,3601828,1.60554,0,0,-1,0,1.16449
fields/00693__plt00231__fab0000_comp00_density.f32__c0013__dt-f32/chunk_0,4194304,26f5473875d0f5b7,24,np-setting,1.24731,3362704,1.86829,0,0,-1,0,1.2473
fields/00694__plt00231__fab0000_comp01_rho_E.f32__c0005__dt-f32/chunk_0,4194304,6c6dcb95d83501d1,24,np-setting,1.31529,3188898,1.37139,0,0,-1,0,1.31528
fields/00694__plt00231__fab0000_comp01_rho_E.f32__c0013__dt-f32/chunk_0,4194304,db41ffdfb4b0aacc,24,np-setting,2.42871,1726992,1.40061,0,0,-1,0,2.42868
fields/00695__plt00231__fab0000_comp02_logden.f32__c0005__dt-f32/chunk_0,4194304,b37bc1088639f2bd,24,np-setting,1.13324,3701182,0.235328,0,0,-1,0,1.13323
fields/00695__plt00231__fab0000_comp02_logden.f32__c0013__dt-f32/chunk_0,4194304,f459cbad9c4c429b,24,np-setting,1.12245,3736774,4.94109,0,0,-1,0,1.12244
fields/00696__plt00232__fab0000_comp00_density.f32__c0005__dt-f32/chunk_0,4194304,666429dab4d6cead,24,np-setting,1.1643,3602446,2.44864,0,0,-1,0,1.16429
fields/00696__plt00232__fab0000_comp00_density.f32__c0013__dt-f32/chunk_0,4194304,9c91acff3ab9db9c,24,np-setting,1.24678,3364136,2.82259,0,0,-1,0,1.24677
fields/00697__plt00232__fab0000_comp01_rho_E.f32__c0005__dt-f32/chunk_0,4194304,e3871080f55eedb2,24,np-setting,1.31302,3194412,4.92502,0,0,-1,0,1.31301
fields/00697__plt00232__fab0000_comp01_rho_E.f32__c0013__dt-f32/chunk_0,4194304,577885cd5c24f4bd,24,np-setting,2.40581,1743428,1.73542,0,0,-1,0,2.40578
fields/00698__plt00232__fab0000_comp02_logden.f32__c0005__dt-f32/chunk_0,4194304,5ac1abb80f281119,24,np-setting,1.1336,3700026,3.45645,0,0,-1,0,1.13359
fields/00698__plt00232__fab0000_comp02_logden.f32__c0013__dt-f32/chunk_0,4194304,3c94d394c6b22c5b,24,np-setting,1.12231,3737234,2.41267,0,0,-1,0,1.1223
fields/00699__plt00233__fab0000_comp00_density.f32__c0005__dt-f32/chunk_0,4194304,30d5b410b4da331b,24,np-setting,1.16414,3602942,2.73014,0,0,-1,0,1.16413
fields/00699__plt00233__fab0000_comp00_density.f32__c0013__dt-f32/chunk_0,4194304,82e70b9de9c86776,24,np-setting,1.24603,3366156,1.21091,0,0,-1,0,1.24602
fields/00700__plt00233__fab0000_comp01_rho_E.f32__c0005__dt-f32/chunk_0,4194304,c89759b03f98ae5c,24,np-setting,1.31097,3199414,1.48234,0,0,-1,0,1.31096
fields/00700__plt00233__fab0000_comp01_rho_E.f32__c0013__dt-f32/chunk_0,4194304,a87bcc8674c37f96,24,np-setting,2.38189,1760940,0.395872,0,0,-1,0,2.38186
fields/00701__plt00233__fab0000_comp02_logden.f32__c0005__dt-f32/chunk_0,4194304,97f9a1e1a4e762ff,24,np-setting,1.13395,3698854,0.391072,0,0,-1,0,1.13395
fields/00701__plt00233__fab0000_comp02_logden.f32__c0013__dt-f32/chunk_0,4194304,b76839b67a9ef459,24,np-setting,1.12222,3737530,2.95603,0,0,-1,0,1.12221
fields/00702__plt00234__fab0000_comp00_density.f32__c0005__dt-f32/chunk_0,4194304,fb0663c5bf54d405,24,np-setting,1.1639,3603686,1.468,0,0,-1,0,1.16389
fields/00702__plt00234__fab0000_comp00_density.f32__c0013__dt-f32/chunk_0,4194304,f423f301e642b2b1,24,np-setting,1.24543,3367792,1.47146,0,0,-1,0,1.24542
fields/00703__plt00234__fab0000_comp01_rho_E.f32__c0005__dt-f32/chunk_0,4194304,a411bd378ff45f84,24,np-setting,1.30879,3204746,1.53795,0,0,-1,0,1.30878
fields/00703__plt00234__fab0000_comp01_rho_E.f32__c0013__dt-f32/chunk_0,4194304,1e003c099f44d516,24,np-setting,2.36011,1777188,1.33437,0,0,-1,0,2.36008
fields/00704__plt00234__fab0000_comp02_logden.f32__c0005__dt-f32/chunk_0,4194304,7911d00577a998ce,24,np-setting,1.13439,3697438,0.843296,0,0,-1,0,1.13438
fields/00704__plt00234__fab0000_comp02_logden.f32__c0013__dt-f32/chunk_0,4194304,1a9817b1cc0c7929,24,np-setting,1.12214,3737786,0.842944,0,0,-1,0,1.12214
fields/00705__plt00235__fab0000_comp00_density.f32__c0005__dt-f32/chunk_0,4194304,f4a1c6222eb5d805,24,np-setting,1.16369,3604346,2.32714,0,0,-1,0,1.16368
fields/00705__plt00235__fab0000_comp00_density.f32__c0013__dt-f32/chunk_0,4194304,c5d641ecf7ed8998,24,np-setting,1.24488,3369280,1.91136,0,0,-1,0,1.24487
fields/00706__plt00235__fab0000_comp01_rho_E.f32__c0005__dt-f32/chunk_0,4194304,92e50cfc6f859468,24,np-setting,1.30676,3209710,1.88838,0,0,-1,0,1.30675
fields/00706__plt00235__fab0000_comp01_rho_E.f32__c0013__dt-f32/chunk_0,4194304,1fa3a306f3e13537,24,np-setting,2.33793,1794052,1.1408,0,0,-1,0,2.33789
fields/00707__plt00235__fab0000_comp02_logden.f32__c0005__dt-f32/chunk_0,4194304,ab522aab12fa9fed,24,np-setting,1.13484,3695962,1.67683,0,0,-1,0,1.13483
fields/00707__plt00235__fab0000_comp02_logden.f32__c0013__dt-f32/chunk_0,4194304,19c21b638c5d272,24,np-setting,1.12207,3738034,1.3297,0,0,-1,0,1.12206
fields/00708__plt00236__fab0000_comp00_density.f32__c0005__dt-f32/chunk_0,4194304,44a11c25d1d9af38,24,np-setting,1.16356,3604728,1.5057,0,0,-1,0,1.16356
fields/00708__plt00236__fab0000_comp00_density.f32__c0013__dt-f32/chunk_0,4194304,c04f4d85f8f2eaef,24,np-setting,1.24429,3370876,1.30979,0,0,-1,0,1.24428
fields/00709__plt00236__fab0000_comp01_rho_E.f32__c0005__dt-f32/chunk_0,4194304,cf96d0c8305e7f60,24,np-setting,1.30527,3213388,2.15747,0,0,-1,0,1.30526
fields/00709__plt00236__fab0000_comp01_rho_E.f32__c0013__dt-f32/chunk_0,4194304,34ec300fb20f92ca,24,np-setting,2.31814,1809364,2.0537,0,0,-1,0,2.31811
fields/00710__plt00236__fab0000_comp02_logden.f32__c0005__dt-f32/chunk_0,4194304,b86b467b3d1d04e5,24,np-setting,1.13519,3694830,1.87757,0,0,-1,0,1.13518
fields/00710__plt00236__fab0000_comp02_logden.f32__c0013__dt-f32/chunk_0,4194304,dc6f683f9d6d633d,24,np-setting,1.12196,3738402,1.87722,0,0,-1,0,1.12195
fields/00711__plt00237__fab0000_comp00_density.f32__c0005__dt-f32/chunk_0,4194304,d1b475ebddd963e3,24,np-setting,1.16335,3605406,1.54298,0,0,-1,0,1.16334
fields/00711__plt00237__fab0000_comp00_density.f32__c0013__dt-f32/chunk_0,4194304,7f682d5793a31e5c,24,np-setting,1.24359,3372752,2.88368,0,0,-1,0,1.24359
fields/00712__plt00237__fab0000_comp01_rho_E.f32__c0005__dt-f32/chunk_0,4194304,c9292ce102ad4379,24,np-setting,1.30411,3216246,2.49693,0,0,-1,0,1.3041
fields/00712__plt00237__fab0000_comp01_rho_E.f32__c0013__dt-f32/chunk_0,4194304,b66222ea03acdf33,24,np-setting,2.29838,1824920,2.05446,0,0,-1,0,2.29835
fields/00713__plt00237__fab0000_comp02_logden.f32__c0005__dt-f32/chunk_0,4194304,48d4f3ecab787807,24,np-setting,1.13561,3693452,2.30045,0,0,-1,0,1.13561
fields/00713__plt00237__fab0000_comp02_logden.f32__c0013__dt-f32/chunk_0,4194304,9c94dbbc2468c431,24,np-setting,1.1218,3738918,3.05984,0,0,-1,0,1.1218
fields/00714__plt00238__fab0000_comp00_density.f32__c0005__dt-f32/chunk_0,4194304,aa4da24ade0c0d0c,24,np-setting,1.16316,3605984,2.14131,0,0,-1,0,1.16315
fields/00714__plt00238__fab0000_comp00_density.f32__c0013__dt-f32/chunk_0,4194304,14dc573539c3ca15,24,np-setting,1.24307,3374160,2.16326,0,0,-1,0,1.24307
fields/00715__plt00238__fab0000_comp01_rho_E.f32__c0005__dt-f32/chunk_0,4194304,f9587cda2be0f170,24,np-setting,1.30458,3215078,2.19642,0,0,-1,0,1.30457
fields/00715__plt00238__fab0000_comp01_rho_E.f32__c0013__dt-f32/chunk_0,4194304,561b2ffedff7fea9,24,np-setting,2.2793,1840196,2.15027,0,0,-1,0,2.27927
fields/00716__plt00238__fab0000_comp02_logden.f32__c0005__dt-f32/chunk_0,4194304,43f76fd28e5d6d15,24,np-setting,1.13604,3692074,1.43014,0,0,-1,0,1.13603
fields/00716__plt00238__fab0000_comp02_logden.f32__c0013__dt-f32/chunk_0,4194304,e55886af8ddd21b1,24,np-setting,1.1217,3739250,1.53101,0,0,-1,0,1.1217
fields/00717__plt00239__fab0000_comp00_density.f32__c0005__dt-f32/chunk_0,4194304,9bb22bd28257010d,24,np-setting,1.16292,3606728,0.897216,0,0,-1,0,1.16291
fields/00717__plt00239__fab0000_comp00_density.f32__c0013__dt-f32/chunk_0,4194304,9c912a20787d1148,24,np-setting,1.24263,3375360,1.9592,0,0,-1,0,1.24262
fields/00718__plt00239__fab0000_comp01_rho_E.f32__c0005__dt-f32/chunk_0,4194304,6ea1c05491c45ea4,24,np-setting,1.30311,3218704,1.10803,0,0,-1,0,1.3031
fields/00718__plt00239__fab0000_comp01_rho_E.f32__c0013__dt-f32/chunk_0,4194304,51383a30fe987dc7,24,np-setting,2.25884,1856860,1.66086,0,0,-1,0,2.25882
fields/00719__plt00239__fab0000_comp02_logden.f32__c0005__dt-f32/chunk_0,4194304,7765f3eaf98f4cc4,24,np-setting,1.13644,3690752,1.13747,0,0,-1,0,1.13644
fields/00719__plt00239__fab0000_comp02_logden.f32__c0013__dt-f32/chunk_0,4194304,b4eb46336fbd447e,24,np-setting,1.1216,3739608,2.73702,0,0,-1,0,1.12159
fields/00720__plt00240__fab0000_comp00_density.f32__c0005__dt-f32/chunk_0,4194304,5c5d2793c93aa90b,24,np-setting,1.16278,3607166,1.56906,0,0,-1,0,1.16277
fields/00720__plt00240__fab0000_comp00_density.f32__c0013__dt-f32/chunk_0,4194304,feee55a4411db929,24,np-setting,1.24201,3377048,0.24368,0,0,-1,0,1.242
fields/00721__plt00240__fab0000_comp01_rho_E.f32__c0005__dt-f32/chunk_0,4194304,4d95d104565b478,24,np-setting,1.302,3221450,0.572512,0,0,-1,0,1.30199
fields/00721__plt00240__fab0000_comp01_rho_E.f32__c0013__dt-f32/chunk_0,4194304,13f706b228397b96,24,np-setting,2.24026,1872264,1.95424,0,0,-1,0,2.24023
fields/00722__plt00240__fab0000_comp02_logden.f32__c0005__dt-f32/chunk_0,4194304,a99b1d8c6a3c95c4,24,np-setting,1.13689,3689300,1.64816,0,0,-1,0,1.13688
fields/00722__plt00240__fab0000_comp02_logden.f32__c0013__dt-f32/chunk_0,4194304,e4ebe4d74fc3cfd9,24,np-setting,1.12156,3739728,1.4905,0,0,-1,0,1.12155
fields/00723__plt00241__fab0000_comp00_density.f32__c0005__dt-f32/chunk_0,4194304,a0f2e35e99deec33,24,np-setting,1.16261,3607700,1.72294,0,0,-1,0,1.1626
fields/00723__plt00241__fab0000_comp00_density.f32__c0013__dt-f32/chunk_0,4194304,2a46a740ce61caa1,24,np-setting,1.24149,3378472,0.960672,0,0,-1,0,1.24148
fields/00724__plt00241__fab0000_comp01_rho_E.f32__c0005__dt-f32/chunk_0,4194304,857cfac27045849,24,np-setting,1.30085,3224306,1.97936,0,0,-1,0,1.30084
fields/00724__plt00241__fab0000_comp01_rho_E.f32__c0013__dt-f32/chunk_0,4194304,81d328a610cbffba,24,np-setting,2.22078,1888684,0.776064,0,0,-1,0,2.22075
fields/00725__plt00241__fab0000_comp02_logden.f32__c0005__dt-f32/chunk_0,4194304,1b462b66aa882364,24,np-setting,1.13729,3688010,0.969984,0,0,-1,0,1.13728
fields/00725__plt00241__fab0000_comp02_logden.f32__c0013__dt-f32/chunk_0,4194304,232347ac18ebb6a3,24,np-setting,1.12139,3740308,2.80211,0,0,-1,0,1.12138
fields/00726__plt00242__fab0000_comp00_density.f32__c0005__dt-f32/chunk_0,4194304,99802e1e779e9836,24,np-setting,1.16239,3608368,2.67747,0,0,-1,0,1.16238
fields/00726__plt00242__fab0000_comp00_density.f32__c0013__dt-f32/chunk_0,4194304,83e1557ba576338d,24,np-setting,1.24066,3380720,2.84954,0,0,-1,0,1.24065
fields/00727__plt00242__fab0000_comp01_rho_E.f32__c0005__dt-f32/chunk_0,4194304,572359db23b7bb0c,24,np-setting,1.29905,3228766,1.96819,0,0,-1,0,1.29904
fields/00727__plt00242__fab0000_comp01_rho_E.f32__c0013__dt-f32/chunk_0,4194304,713fc3a1c3e72151,24,np-setting,2.20141,1905304,1.96886,0,0,-1,0,2.20138
fields/00728__plt00242__fab0000_comp02_logden.f32__c0005__dt-f32/chunk_0,4194304,e957f477687a4832,24,np-setting,1.13776,3686468,0.72832,0,0,-1,0,1.13776
fields/00728__plt00242__fab0000_comp02_logden.f32__c0013__dt-f32/chunk_0,4194304,8fc590e422243e2e,24,np-setting,1.12125,3740776,2.16406,0,0,-1,0,1.12124
fields/00729__plt00243__fab0000_comp00_density.f32__c0005__dt-f32/chunk_0,4194304,2f3358b34cce88e5,24,np-setting,1.16219,3608976,2.10544,0,0,-1,0,1.16219
fields/00729__plt00243__fab0000_comp00_density.f32__c0013__dt-f32/chunk_0,4194304,7a6a17918dd53eb3,24,np-setting,1.24014,3382148,2.33325,0,0,-1,0,1.24013
fields/00730__plt00243__fab0000_comp01_rho_E.f32__c0005__dt-f32/chunk_0,4194304,966b3aa864d8387,24,np-setting,1.29722,3233328,1.08333,0,0,-1,0,1.29721
fields/00730__plt00243__fab0000_comp01_rho_E.f32__c0013__dt-f32/chunk_0,4194304,8908e814a8386e23,24,np-setting,2.18294,1921424,1.69821,0,0,-1,0,2.18291
fields/00731__plt00243__fab0000_comp02_logden.f32__c0005__dt-f32/chunk_0,4194304,1996a0a4954a1cfc,24,np-setting,1.13821,3685020,3.68544,0,0,-1,0,1.1382
fields/00731__plt00243__fab0000_comp02_logden.f32__c0013__dt-f32/chunk_0,4194304,8f392fd192c4b7fb,24,np-setting,1.12119,3740968,1.65875,0,0,-1,0,1.12118
fields/00732__plt00244__fab0000_comp00_density.f32__c0005__dt-f32/chunk_0,4194304,40c725524c73f9db,24,np-setting,1.16199,3609612,1.23341,0,0,-1,0,1.16198
fields/00732__plt00244__fab0000_comp00_density.f32__c0013__dt-f32/chunk_0,4194304,1435ad78b6ca9689,24,np-setting,1.23967,3383440,2.29178,0,0,-1,0,1.23966
fields/00733__plt00244__fab0000_comp01_rho_E.f32__c0005__dt-f32/chunk_0,4194304,6bedea8d5530490b,24,np-setting,1.29554,3237530,1.65699,0,0,-1,0,1.29553
fields/00733__plt00244__fab0000_comp01_rho_E.f32__c0013__dt-f32/chunk_0,4194304,c772ea2649086d90,24,np-setting,2.16566,1936752,2.25664,0,0,-1,0,2.16564
fields/00734__plt00244__fab0000_comp02_logden.f32__c0005__dt-f32/chunk_0,4194304,318d35ff02da61a1,24,np-setting,1.1387,3683450,2.38544,0,0,-1,0,1.13869
fields/00734__plt00244__fab0000_comp02_logden.f32__c0013__dt-f32/chunk_0,4194304,30a74cb3fe652cd7,24,np-setting,1.12107,3741372,2.33773,0,0,-1,0,1.12106
fields/00735__plt00245__fab0000_comp00_density.f32__c0005__dt-f32/chunk_0,4194304,b339959141e0a3a4,24,np-setting,1.16182,3610144,1.22371,0,0,-1,0,1.16181
fields/00735__plt00245__fab0000_comp00_density.f32__c0013__dt-f32/chunk_0,4194304,16b1fb5956e7df8a,24,np-setting,1.23911,3384952,0.300192,0,0,-1,0,1.2391
fields/00736__plt00245__fab0000_comp01_rho_E.f32__c0005__dt-f32/chunk_0,4194304,22d18ab901712871,24,np-setting,1.2938,3241868,1.6393,0,0,-1,0,1.29379
fields/00736__plt00245__fab0000_comp01_rho_E.f32__c0013__dt-f32/chunk_0,4194304,f860d6f6b7b96eb0,24,np-setting,2.15035,1950548,1.12397,0,0,-1,0,2.15032
fields/00737__plt00245__fab0000_comp02_logden.f32__c0005__dt-f32/chunk_0,4194304,89a0a577243a6389,24,np-setting,1.13933,3681398,1.45424,0,0,-1,0,1.13932
fields/00737__plt00245__fab0000_comp02_logden.f32__c0013__dt-f32/chunk_0,4194304,359ef7484ebe58d3,24,np-setting,1.121,3741592,2.56995,0,0,-1,0,1.12099
fields/00738__plt00246__fab0000_comp00_density.f32__c0005__dt-f32/chunk_0,4194304,14763d618f4f04c4,24,np-setting,1.16168,3610564,0.811136,0,0,-1,0,1.16168
fields/00738__plt00246__fab0000_comp00_density.f32__c0013__dt-f32/chunk_0,4194304,3dfe14bf7125593b,24,np-setting,1.23855,3386500,1.05808,0,0,-1,0,1.23854
fields/00739__plt00246__fab0000_comp01_rho_E.f32__c0005__dt-f32/chunk_0,4194304,a275723c0e44e245,24,np-setting,1.29242,3245332,1.08419,0,0,-1,0,1.29241
fields/00739__plt00246__fab0000_comp01_rho_E.f32__c0013__dt-f32/chunk_0,4194304,e494b4a8a7cde2e5,24,np-setting,2.13434,1965180,0.920768,0,0,-1,0,2.13431
fields/00740__plt00246__fab0000_comp02_logden.f32__c0005__dt-f32/chunk_0,4194304,73186d7ca2296e28,24,np-setting,1.13989,3679580,2.16794,0,0,-1,0,1.13989
fields/00740__plt00246__fab0000_comp02_logden.f32__c0013__dt-f32/chunk_0,4194304,575552ecb39fab66,24,np-setting,1.12091,3741912,1.85917,0,0,-1,0,1.1209
fields/00741__plt00247__fab0000_comp00_density.f32__c0005__dt-f32/chunk_0,4194304,1bb311a1d7e55e07,24,np-setting,1.1615,3611136,1.24106,0,0,-1,0,1.16149
fields/00741__plt00247__fab0000_comp00_density.f32__c0013__dt-f32/chunk_0,4194304,9bc1c516f1d86e2a,24,np-setting,1.23809,3387752,2.96112,0,0,-1,0,1.23808
fields/00742__plt00247__fab0000_comp01_rho_E.f32__c0005__dt-f32/chunk_0,4194304,25158d8c9a8e8d16,24,np-setting,1.29124,3248306,1.29619,0,0,-1,0,1.29123
fields/00742__plt00247__fab0000_comp01_rho_E.f32__c0013__dt-f32/chunk_0,4194304,ff312da989e0a57f,24,np-setting,2.11682,1981440,0.783328,0,0,-1,0,2.1168
fields/00743__plt00247__fab0000_comp02_logden.f32__c0005__dt-f32/chunk_0,4194304,bf8bf5feeeede84,24,np-setting,1.14035,3678122,1.07014,0,0,-1,0,1.14034
fields/00743__plt00247__fab0000_comp02_logden.f32__c0013__dt-f32/chunk_0,4194304,96421a58f156f336,24,np-setting,1.12087,3742016,1.76096,0,0,-1,0,1.12087
fields/00744__plt00248__fab0000_comp00_density.f32__c0005__dt-f32/chunk_0,4194304,c14d34b8b78a5d3f,24,np-setting,1.1613,3611750,2.70058,0,0,-1,0,1.16129
fields/00744__plt00248__fab0000_comp00_density.f32__c0013__dt-f32/chunk_0,4194304,46cb91a62d67cb70,24,np-setting,1.23749,3389380,2.45712,0,0,-1,0,1.23748
fields/00745__plt00248__fab0000_comp01_rho_E.f32__c0005__dt-f32/chunk_0,4194304,a4ca657d85f54d52,24,np-setting,1.29024,3250806,1.76698,0,0,-1,0,1.29024
fields/00745__plt00248__fab0000_comp01_rho_E.f32__c0013__dt-f32/chunk_0,4194304,dfcf87ab4e8b6441,24,np-setting,2.10115,1996216,2.04733,0,0,-1,0,2.10113
fields/00746__plt00248__fab0000_comp02_logden.f32__c0005__dt-f32/chunk_0,4194304,f658758a77f6073,24,np-setting,1.14083,3676562,0.879072,0,0,-1,0,1.14082
fields/00746__plt00248__fab0000_comp02_logden.f32__c0013__dt-f32/chunk_0,4194304,9326cf18440f530e,24,np-setting,1.12074,3742480,0.386624,0,0,-1,0,1.12073
fields/00747__plt00249__fab0000_comp00_density.f32__c0005__dt-f32/chunk_0,4194304,c7f7a6eacce2475a,24,np-setting,1.1611,3612374,1.44141,0,0,-1,0,1.16109
fields/00747__plt00249__fab0000_comp00_density.f32__c0013__dt-f32/chunk_0,4194304,dedf2a8b136971ad,24,np-setting,1.23669,3391572,1.09677,0,0,-1,0,1.23668
fields/00748__plt00249__fab0000_comp01_rho_E.f32__c0005__dt-f32/chunk_0,4194304,52ff4450e46107d5,24,np-setting,1.2893,3253178,1.42138,0,0,-1,0,1.28929
fields/00748__plt00249__fab0000_comp01_rho_E.f32__c0013__dt-f32/chunk_0,4194304,4966d7b40dc221ff,24,np-setting,2.08476,2011912,1.10182,0,0,-1,0,2.08474
fields/00749__plt00249__fab0000_comp02_logden.f32__c0005__dt-f32/chunk_0,4194304,f41d1eeebdea254c,24,np-setting,1.14137,3674824,1.28026,0,0,-1,0,1.14136
fields/00749__plt00249__fab0000_comp02_logden.f32__c0013__dt-f32/chunk_0,4194304,c567f394141b11eb,24,np-setting,1.12068,3742668,1.05174,0,0,-1,0,1.12067
fields/00750__plt00250__fab0000_comp00_density.f32__c0005__dt-f32/chunk_0,4194304,91d1b6a3fddaf807,24,np-setting,1.16089,3613030,2.65856,0,0,-1,0,1.16088
fields/00750__plt00250__fab0000_comp00_density.f32__c0013__dt-f32/chunk_0,4194304,cda030bed1457947,24,np-setting,1.23617,3393008,0.64208,0,0,-1,0,1.23616
fields/00751__plt00250__fab0000_comp01_rho_E.f32__c0005__dt-f32/chunk_0,4194304,faa0a464f1e2053b,24,np-setting,1.28832,3255674,1.48086,0,0,-1,0,1.28831
fields/00751__plt00250__fab0000_comp01_rho_E.f32__c0013__dt-f32/chunk_0,4194304,26f6c839594da5bb,24,np-setting,2.06872,2027516,1.24915,0,0,-1,0,2.06869
fields/00752__plt00250__fab0000_comp02_logden.f32__c0005__dt-f32/chunk_0,4194304,f0600e493dbde247,24,np-setting,1.14181,3673390,2.02051,0,0,-1,0,1.14181
fields/00752__plt00250__fab0000_comp02_logden.f32__c0013__dt-f32/chunk_0,4194304,53812c9f2c99cb10,24,np-setting,1.12055,3743112,1.33299,0,0,-1,0,1.12054
fields/00753__plt00251__fab0000_comp00_density.f32__c0005__dt-f32/chunk_0,4194304,fedac15f96412f39,24,np-setting,1.1607,3613638,1.36813,0,0,-1,0,1.16069
fields/00753__plt00251__fab0000_comp00_density.f32__c0013__dt-f32/chunk_0,4194304,5910405277ce6876,24,np-setting,1.23561,3394556,1.73104,0,0,-1,0,1.2356
fields/00754__plt00251__fab0000_comp01_rho_E.f32__c0005__dt-f32/chunk_0,4194304,ffa80946f39729f6,24,np-setting,1.28718,3258550,1.15341,0,0,-1,0,1.28717
fields/00754__plt00251__fab0000_comp01_rho_E.f32__c0013__dt-f32/chunk_0,4194304,3d06b7e9a71ea26a,24,np-setting,2.05322,2042816,1.28656,0,0,-1,0,2.0532
fields/00755__plt00251__fab0000_comp02_logden.f32__c0005__dt-f32/chunk_0,4194304,ea6d6e4c1540a9d3,24,np-setting,1.14231,3671788,2.0513,0,0,-1,0,1.14231
fields/00755__plt00251__fab0000_comp02_logden.f32__c0013__dt-f32/chunk_0,4194304,ecb47fea826e30e1,24,np-setting,1.12044,3743452,1.9272,0,0,-1,0,1.12044
fields/00756__plt00252__fab0000_comp00_density.f32__c0005__dt-f32/chunk_0,4194304,8159fb7f145d6f35,24,np-setting,1.1606,3613948,1.40925,0,0,-1,0,1.16059
fields/00756__plt00252__fab0000_comp00_density.f32__c0013__dt-f32/chunk_0,4194304,45400345a744a2f7,24,np-setting,1.23495,3396352,1.09526,0,0,-1,0,1.23494
fields/00757__plt00252__fab0000_comp01_rho_E.f32__c0005__dt-f32/chunk_0,4194304,cb39fe640a3a90b,24,np-setting,1.28595,3261660,1.0999,0,0,-1,0,1.28594
fields/00757__plt00252__fab0000_comp01_rho_E.f32__c0013__dt-f32/chunk_0,4194304,1b575fc66507a071,24,np-setting,2.03747,2058604,1.23018,0,0,-1,0,2.03745
fields/00758__plt00252__fab0000_comp02_logden.f32__c0005__dt-f32/chunk_0,4194304,53517d57bce4f991,24,np-setting,1.14284,3670094,1.65328,0,0,-1,0,1.14283
fields/00758__plt00252__fab0000_comp02_logden.f32__c0013__dt-f32/chunk_0,4194304,28fe3bb4b934f8d8,24,np-setting,1.1204,3743592,2.93171,0,0,-1,0,1.1204
fields/00759__plt00253__fab0000_comp00_density.f32__c0005__dt-f32/chunk_0,4194304,ead7276361d05e66,24,np-setting,1.16047,3614338,1.53446,0,0,-1,0,1.16046
fields/00759__plt00253__fab0000_comp00_density.f32__c0013__dt-f32/chunk_0,4194304,b2d04891439d18ac,24,np-setting,1.23435,3398020,1.35645,0,0,-1,0,1.23434
fields/00760__plt00253__fab0000_comp01_rho_E.f32__c0005__dt-f32/chunk_0,4194304,34ca1228a011d0fc,24,np-setting,1.28458,3265132,1.5871,0,0,-1,0,1.28457
fields/00760__plt00253__fab0000_comp01_rho_E.f32__c0013__dt-f32/chunk_0,4194304,ed971331b446e499,24,np-setting,2.02221,2074140,2.8584,0,0,-1,0,2.02219
fields/00761__plt00253__fab0000_comp02_logden.f32__c0005__dt-f32/chunk_0,4194304,4f0ab362cce65c80,24,np-setting,1.14339,3668344,1.5089,0,0,-1,0,1.14338
fields/00761__plt00253__fab0000_comp02_logden.f32__c0013__dt-f32/chunk_0,4194304,7cba8bd28a73a5d1,24,np-setting,1.12031,3743896,2.25453,0,0,-1,0,1.1203
fields/00762__plt00254__fab0000_comp00_density.f32__c0005__dt-f32/chunk_0,4194304,ee15cbf69fd88c7,24,np-setting,1.16029,3614892,0.83136,0,0,-1,0,1.16028
fields/00762__plt00254__fab0000_comp00_density.f32__c0013__dt-f32/chunk_0,4194304,ca1ee728fae8738c,24,np-setting,1.23377,3399620,0.909664,0,0,-1,0,1.23376
fields/00763__plt00254__fab0000_comp01_rho_E.f32__c0005__dt-f32/chunk_0,4194304,8830a68fa6d8df3c,24,np-setting,1.28329,3268422,1.3831,0,0,-1,0,1.28328
fields/00763__plt00254__fab0000_comp01_rho_E.f32__c0013__dt-f32/chunk_0,4194304,b1a6b3680819aeb1,24,np-setting,2.00705,2089808,2.4831,0,0,-1,0,2.00703
fields/00764__plt00254__fab0000_comp02_logden.f32__c0005__dt-f32/chunk_0,4194304,8ab4a5ceff9f2c6,24,np-setting,1.14395,3666520,2.12506,0,0,-1,0,1.14395
fields/00764__plt00254__fab0000_comp02_logden.f32__c0013__dt-f32/chunk_0,4194304,85d9a7e36675f739,24,np-setting,1.12016,3744404,0.7512,0,0,-1,0,1.12015
fields/00765__plt00255__fab0000_comp00_density.f32__c0005__dt-f32/chunk_0,4194304,e9085fd42d5d8988,24,np-setting,1.16011,3615452,0.392768,0,0,-1,0,1.16011
fields/00765__plt00255__fab0000_comp00_density.f32__c0013__dt-f32/chunk_0,4194304,a2255e8cec201bdb,24,np-setting,1.23315,3401316,2.09085,0,0,-1,0,1.23314
fields/00766__plt00255__fab0000_comp01_rho_E.f32__c0005__dt-f32/chunk_0,4194304,a964d95afea71db1,24,np-setting,1.28354,3267798,1.45856,0,0,-1,0,1.28353
fields/00766__plt00255__fab0000_comp01_rho_E.f32__c0013__dt-f32/chunk_0,4194304,fef8375042d29f6c,24,np-setting,1.99312,2104416,1.70592,0,0,-1,0,1.9931
fields/00767__plt00255__fab0000_comp02_logden.f32__c0005__dt-f32/chunk_0,4194304,657dff15ec709a26,24,np-setting,1.14457,3664552,2.46131,0,0,-1,0,1.14456
fields/00767__plt00255__fab0000_comp02_logden.f32__c0013__dt-f32/chunk_0,4194304,73535ec870ab675d,24,np-setting,1.12019,3744300,1.12723,0,0,-1,0,1.12018
fields/00768__plt00256__fab0000_comp00_density.f32__c0005__dt-f32/chunk_0,4194304,b8a2eefca407c4ec,24,np-setting,1.15999,3615826,1.21254,0,0,-1,0,1.15999
fields/00768__plt00256__fab0000_comp00_density.f32__c0013__dt-f32/chunk_0,4194304,db94b1eb1f2d1b1a,24,np-setting,1.2324,3403388,1.44016,0,0,-1,0,1.23239
fields/00769__plt00256__fab0000_comp01_rho_E.f32__c0005__dt-f32/chunk_0,4194304,af0d127dae7c6fef,24,np-setting,1.28333,3268312,1.33731,0,0,-1,0,1.28332
fields/00769__plt00256__fab0000_comp01_rho_E.f32__c0013__dt-f32/chunk_0,4194304,d0343804cc000160,24,np-setting,1.9785,2119964,1.54122,0,0,-1,0,1.97848
fields/00770__plt00256__fab0000_comp02_logden.f32__c0005__dt-f32/chunk_0,4194304,95ee0549485c74c9,24,np-setting,1.14506,3662972,0.898688,0,0,-1,0,1.14505
fields/00770__plt00256__fab0000_comp02_logden.f32__c0013__dt-f32/chunk_0,4194304,ed860a051335872a,24,np-setting,1.12013,3744500,0.818688,0,0,-1,0,1.12012
fields/00771__plt00257__fab0000_comp00_density.f32__c0005__dt-f32/chunk_0,4194304,70e8c42e37655bf2,24,np-setting,1.15987,3616206,1.18554,0,0,-1,0,1.15986
fields/00771__plt00257__fab0000_comp00_density.f32__c0013__dt-f32/chunk_0,4194304,24cf58057f63964c,24,np-setting,1.23172,3405268,1.98579,0,0,-1,0,1.23171
fields/00772__plt00257__fab0000_comp01_rho_E.f32__c0005__dt-f32/chunk_0,4194304,a5092ab7ce7d3615,24,np-setting,1.28367,3267450,0.832064,0,0,-1,0,1.28366
fields/00772__plt00257__fab0000_comp01_rho_E.f32__c0013__dt-f32/chunk_0,4194304,5b32b687fe6d0260,24,np-setting,1.96402,2135592,1.16442,0,0,-1,0,1.964
fields/00773__plt00257__fab0000_comp02_logden.f32__c0005__dt-f32/chunk_0,4194304,68aa79d19898be1,24,np-setting,1.14565,3661108,1.34806,0,0,-1,0,1.14564
fields/00773__plt00257__fab0000_comp02_logden.f32__c0013__dt-f32/chunk_0,4194304,b665f560aff2f773,24,np-setting,1.12006,3744752,0.904256,0,0,-1,0,1.12005
fields/00774__plt00258__fab0000_comp00_density.f32__c0005__dt-f32/chunk_0,4194304,23cc01ae1c2b384,24,np-setting,1.15972,3616674,1.89645,0,0,-1,0,1.15971
fields/00774__plt00258__fab0000_comp00_density.f32__c0013__dt-f32/chunk_0,4194304,41be807e51b3024a,24,np-setting,1.23115,3406852,0.716128,0,0,-1,0,1.23114
fields/00775__plt00258__fab0000_comp01_rho_E.f32__c0005__dt-f32/chunk_0,4194304,c2ee3fcc33a74b3c,24,np-setting,1.28377,3267204,1.45802,0,0,-1,0,1.28376
fields/00775__plt00258__fab0000_comp01_rho_E.f32__c0013__dt-f32/chunk_0,4194304,da8e2d4139a29f2,24,np-setting,1.95046,2150444,2.07168,0,0,-1,0,1.95044
fields/00776__plt00258__fab0000_comp02_logden.f32__c0005__dt-f32/chunk_0,4194304,8d18a0857c94a69c,24,np-setting,1.14616,3659474,0.689248,0,0,-1,0,1.14615
fields/00776__plt00258__fab0000_comp02_logden.f32__c0013__dt-f32/chunk_0,4194304,7979b4919a592455,24,np-setting,1.12008,3744672,0.455296,0,0,-1,0,1.12007
fields/00777__plt00259__fab0000_comp00_density.f32__c0005__dt-f32/chunk_0,4194304,61de081b1a24ea16,24,np-setting,1.15955,3617194,0.271936,0,0,-1,0,1.15955
fields/00777__plt00259__fab0000_comp00_density.f32__c0013__dt-f32/chunk_0,4194304,8a5f4d5e96249a9d,24,np-setting,1.23056,3408480,1.03446,0,0,-1,0,1.23055
fields/00778__plt00259__fab0000_comp01_rho_E.f32__c0005__dt-f32/chunk_0,4194304,9f2ba0f7b27c5296,24,np-setting,1.28367,3267464,1.64669,0,0,-1,0,1.28366
fields/00778__plt00259__fab0000_comp01_rho_E.f32__c0013__dt-f32/chunk_0,4194304,a98cfbdaa0d48fad,24,np-setting,1.93682,2165588,0.547264,0,0,-1,0,1.9368
fields/00779__plt00259__fab0000_comp02_logden.f32__c0005__dt-f32/chunk_0,4194304,ecc5cbd40ef2a197,24,np-setting,1.14661,3658036,0.446464,0,0,-1,0,1.1466
fields/00779__plt00259__fab0000_comp02_logden.f32__c0013__dt-f32/chunk_0,4194304,e56474767b16553a,24,np-setting,1.12,3744928,0.718944,0,0,-1,0,1.12
fields/00780__plt00260__fab0000_comp00_density.f32__c0005__dt-f32/chunk_0,4194304,39c8228ee8a71ab8,24,np-setting,1.15947,3617468,0.627456,0,0,-1,0,1.15946
fields/00780__plt00260__fab0000_comp00_density.f32__c0013__dt-f32/chunk_0,4194304,96929467f813dd7a,24,np-setting,1.22999,3410056,1.1097,0,0,-1,0,1.22998
fields/00781__plt00260__fab0000_comp01_rho_E.f32__c0005__dt-f32/chunk_0,4194304,37ad6b936307f552,24,np-setting,1.28366,3267478,1.40352,0,0,-1,0,1.28365
fields/00781__plt00260__fab0000_comp01_rho_E.f32__c0013__dt-f32/chunk_0,4194304,8221c9452d35e5b9,24,np-setting,1.92285,2181320,0.999328,0,0,-1,0,1.92283
fields/00782__plt00260__fab0000_comp02_logden.f32__c0005__dt-f32/chunk_0,4194304,98821cd28ee3d72b,24,np-setting,1.14721,3656124,0.766816,0,0,-1,0,1.1472
fields/00782__plt00260__fab0000_comp02_logden.f32__c0013__dt-f32/chunk_0,4194304,e5b8090fd63f7022,24,np-setting,1.11995,3745116,0.440448,0,0,-1,0,1.11994
fields/00783__plt00261__fab0000_comp00_density.f32__c0005__dt-f32/chunk_0,4194304,30fe9f2ecae5b7e1,24,np-setting,1.15932,3617922,1.30704,0,0,-1,0,1.15931
fields/00783__plt00261__fab0000_comp00_density.f32__c0013__dt-f32/chunk_0,4194304,79d658c65179a9b5,24,np-setting,1.2293,3411976,0.802112,0,0,-1,0,1.22929
fields/00784__plt00261__fab0000_comp01_rho_E.f32__c0005__dt-f32/chunk_0,4194304,e0cf03451e375442,24,np-setting,1.28406,3266460,1.37514,0,0,-1,0,1.28405
fields/00784__plt00261__fab0000_comp01_rho_E.f32__c0013__dt-f32/chunk_0,4194304,4fabd1ef47b9b896,24,np-setting,1.90903,2197108,1.19082,0,0,-1,0,1.90901
fields/00785__plt00261__fab0000_comp02_logden.f32__c0005__dt-f32/chunk_0,4194304,641082fc386cca13,24,np-setting,1.14773,3654468,1.69037,0,0,-1,0,1.14772
fields/00785__plt00261__fab0000_comp02_logden.f32__c0013__dt-f32/chunk_0,4194304,73ff8798f1df953b,24,np-setting,1.11982,3745532,1.11728,0,0,-1,0,1.11982
fields/00786__plt00262__fab0000_comp00_density.f32__c0005__dt-f32/chunk_0,4194304,7f94731a384c662f,24,np-setting,1.15917,3618388,1.56288,0,0,-1,0,1.15916
fields/00786__plt00262__fab0000_comp00_density.f32__c0013__dt-f32/chunk_0,4194304,eb94e18d0fdda792,24,np-setting,1.22854,3414068,2.00861,0,0,-1,0,1.22854
fields/00787__plt00262__fab0000_comp01_rho_E.f32__c0005__dt-f32/chunk_0,4194304,176d4013c2d7a9a6,24,np-setting,1.28429,3265868,0.998816,0,0,-1,0,1.28428
fields/00787__plt00262__fab0000_comp01_rho_E.f32__c0013__dt-f32/chunk_0,4194304,5c3947c549d3a444,24,np-setting,1.89606,2212140,1.03334,0,0,-1,0,1.89604
fields/00788__plt00262__fab0000_comp02_logden.f32__c0005__dt-f32/chunk_0,4194304,13f732ad5d64aa54,24,np-setting,1.14827,3652738,0.410592,0,0,-1,0,1.14826
fields/00788__plt00262__fab0000_comp02_logden.f32__c0013__dt-f32/chunk_0,4194304,ffe0a3a263eb89af,24,np-setting,1.11985,3745436,1.09968,0,0,-1,0,1.11984
fields/00789__plt00263__fab0000_comp00_density.f32__c0005__dt-f32/chunk_0,4194304,edd1b5f1a3997682,24,np-setting,1.15912,3618534,0.720576,0,0,-1,0,1.15912
fields/00789__plt00263__fab0000_comp00_density.f32__c0013__dt-f32/chunk_0,4194304,26c7446efffbe69d,24,np-setting,1.22785,3415988,0.490912,0,0,-1,0,1.22785
fields/00790__plt00263__fab0000_comp01_rho_E.f32__c0005__dt-f32/chunk_0,4194304,6a5926225cc885e8,24,np-setting,1.2846,3265102,2.08669,0,0,-1,0,1.28459
fields/00790__plt00263__fab0000_comp01_rho_E.f32__c0013__dt-f32/chunk_0,4194304,561f3676830d95fa,24,np-setting,1.88262,2227928,1.15757,0,0,-1,0,1.8826
fields/00791__plt00263__fab0000_comp02_logden.f32__c0005__dt-f32/chunk_0,4194304,b1924c7373208717,24,np-setting,1.14873,3651264,0.709088,0,0,-1,0,1.14873
fields/00791__plt00263__fab0000_comp02_logden.f32__c0013__dt-f32/chunk_0,4194304,583c0a65bc4d84bf,24,np-setting,1.11979,3745632,0.69232,0,0,-1,0,1.11979
fields/00792__plt00264__fab0000_comp00_density.f32__c0005__dt-f32/chunk_0,4194304,98510e34c3ff85ea,24,np-setting,1.15901,3618906,1.96813,0,0,-1,0,1.159
fields/00792__plt00264__fab0000_comp00_density.f32__c0013__dt-f32/chunk_0,4194304,ce7384ca696a1d0d,24,np-setting,1.22723,3417712,1.53341,0,0,-1,0,1.22723
fields/00793__plt00264__fab0000_comp01_rho_E.f32__c0005__dt-f32/chunk_0,4194304,466d647c2e80d0e0,24,np-setting,1.28463,3265006,1.82832,0,0,-1,0,1.28462
fields/00793__plt00264__fab0000_comp01_rho_E.f32__c0013__dt-f32/chunk_0,4194304,ab0b707173ae7007,24,np-setting,1.8696,2243444,0.842144,0,0,-1,0,1.86958
fields/00794__plt00264__fab0000_comp02_logden.f32__c0005__dt-f32/chunk_0,4194304,cde7e77dab4e479d,24,np-setting,1.14921,3649758,0.835968,0,0,-1,0,1.1492
fields/00794__plt00264__fab0000_comp02_logden.f32__c0013__dt-f32/chunk_0,4194304,29ce8a280c86c03b,24,np-setting,1.11972,3745860,0.427968,0,0,-1,0,1.11972
fields/00795__plt00265__fab0000_comp00_density.f32__c0005__dt-f32/chunk_0,4194304,16013405198e2901,24,np-setting,1.15899,3618956,0.2272,0,0,-1,0,1.15898
fields/00795__plt00265__fab0000_comp00_density.f32__c0013__dt-f32/chunk_0,4194304,2f80d8ad5ea700d8,24,np-setting,1.22674,3419100,3.37517,0,0,-1,0,1.22673
fields/00796__plt00265__fab0000_comp01_rho_E.f32__c0005__dt-f32/chunk_0,4194304,d387071faa2cb6d9,24,np-setting,1.28498,3264126,1.4695,0,0,-1,0,1.28497
fields/00796__plt00265__fab0000_comp01_rho_E.f32__c0013__dt-f32/chunk_0,4194304,4055ff122cc51293,24,np-setting,1.85724,2258376,0.858432,0,0,-1,0,1.85722
fields/00797__plt00265__fab0000_comp02_logden.f32__c0005__dt-f32/chunk_0,4194304,10490cf9da11bb40,24,np-setting,1.14979,3647906,1.36016,0,0,-1,0,1.14978
fields/00797__plt00265__fab0000_comp02_logden.f32__c0013__dt-f32/chunk_0,4194304,62b6f211061dee67,24,np-setting,1.11957,3746380,1.2256,0,0,-1,0,1.11956
fields/00798__plt00266__fab0000_comp00_density.f32__c0005__dt-f32/chunk_0,4194304,f05afc4e3d3d70fa,24,np-setting,1.159,3618910,1.4625,0,0,-1,0,1.159
fields/00798__plt00266__fab0000_comp00_density.f32__c0013__dt-f32/chunk_0,4194304,5df22d537c798967,24,np-setting,1.22609,3420912,1.25891,0,0,-1,0,1.22608
fields/00799__plt00266__fab0000_comp01_rho_E.f32__c0005__dt-f32/chunk_0,4194304,90fb470c4f8ef65b,24,np-setting,1.28517,3263652,1.82618,0,0,-1,0,1.28516
fields/00799__plt00266__fab0000_comp01_rho_E.f32__c0013__dt-f32/chunk_0,4194304,372ca60d7155e7cd,24,np-setting,1.84368,2274988,0.405952,0,0,-1,0,1.84366
fields/00800__plt00266__fab0000_comp02_logden.f32__c0005__dt-f32/chunk_0,4194304,7c09446ebf8caa46,24,np-setting,1.15035,3646122,0.637056,0,0,-1,0,1.15035
fields/00800__plt00266__fab0000_comp02_logden.f32__c0013__dt-f32/chunk_0,4194304,8b4580e3fb8c897e,24,np-setting,1.11954,3746472,1.42358,0,0,-1,0,1.11953
