blob,bytes,fnv1a64,lib,codec,ratio,stored,compress_ms,preproc_ms,h2d_ms,decompress_ms,rc,stored_ratio
fields/00000__plt00000__fab0000_comp00_density.f32__c0006__dt-f32/chunk_0,4194304,83bfe5c9d056e22a,24,np-setting,1.25189,3350400,0.287744,0,0,-1,0,1.25188
fields/00000__plt00000__fab0000_comp00_density.f32__c0014__dt-f32/chunk_0,4194304,631f9de1ca2667a8,24,np-setting,1.25189,3350400,0.240576,0,0,-1,0,1.25188
fields/00001__plt00000__fab0000_comp01_rho_E.f32__c0006__dt-f32/chunk_0,4194304,e002ddbb27a22325,24,np-setting,13.8521,302816,0.182752,0,0,-1,0,13.851
fields/00001__plt00000__fab0000_comp01_rho_E.f32__c0014__dt-f32/chunk_0,4194304,e002ddbb27a22325,24,np-setting,13.8521,302816,0.187008,0,0,-1,0,13.851
fields/00002__plt00000__fab0000_comp02_logden.f32__c0006__dt-f32/chunk_0,4194304,7fbc95b83fd797d8,24,np-setting,1.12958,3713192,0.237696,0,0,-1,0,1.12957
fields/00002__plt00000__fab0000_comp02_logden.f32__c0014__dt-f32/chunk_0,4194304,a050f166b2b0865b,24,np-setting,1.12958,3713184,0.205888,0,0,-1,0,1.12957
fields/00003__plt00001__fab0000_comp00_density.f32__c0006__dt-f32/chunk_0,4194304,83bfe5c9d056e22a,24,np-setting,1.25189,3350400,0.217568,0,0,-1,0,1.25188
fields/00003__plt00001__fab0000_comp00_density.f32__c0014__dt-f32/chunk_0,4194304,631f9de1ca2667a8,24,np-setting,1.25189,3350400,0.2064,0,0,-1,0,1.25188
fields/00004__plt00001__fab0000_comp01_rho_E.f32__c0006__dt-f32/chunk_0,4194304,e002ddbb27a22325,24,np-setting,13.8521,302816,0.352192,0,0,-1,0,13.851
fields/00004__plt00001__fab0000_comp01_rho_E.f32__c0014__dt-f32/chunk_0,4194304,e002ddbb27a22325,24,np-setting,13.8521,302816,0.923648,0,0,-1,0,13.851
fields/00005__plt00001__fab0000_comp02_logden.f32__c0006__dt-f32/chunk_0,4194304,7fbc95b83fd797d8,24,np-setting,1.12958,3713192,0.581056,0,0,-1,0,1.12957
fields/00005__plt00001__fab0000_comp02_logden.f32__c0014__dt-f32/chunk_0,4194304,a050f166b2b0865b,24,np-setting,1.12958,3713184,1.12029,0,0,-1,0,1.12957
fields/00006__plt00002__fab0000_comp00_density.f32__c0006__dt-f32/chunk_0,4194304,83bfe5c9d056e22a,24,np-setting,1.25189,3350400,0.61776,0,0,-1,0,1.25188
fields/00006__plt00002__fab0000_comp00_density.f32__c0014__dt-f32/chunk_0,4194304,631f9de1ca2667a8,24,np-setting,1.25189,3350400,0.20912,0,0,-1,0,1.25188
fields/00007__plt00002__fab0000_comp01_rho_E.f32__c0006__dt-f32/chunk_0,4194304,e002ddbb27a22325,24,np-setting,13.8521,302816,0.188896,0,0,-1,0,13.851
fields/00007__plt00002__fab0000_comp01_rho_E.f32__c0014__dt-f32/chunk_0,4194304,e002ddbb27a22325,24,np-setting,13.8521,302816,0.175232,0,0,-1,0,13.851
fields/00008__plt00002__fab0000_comp02_logden.f32__c0006__dt-f32/chunk_0,4194304,7fbc95b83fd797d8,24,np-setting,1.12958,3713192,0.202912,0,0,-1,0,1.12957
fields/00008__plt00002__fab0000_comp02_logden.f32__c0014__dt-f32/chunk_0,4194304,a050f166b2b0865b,24,np-setting,1.12958,3713184,0.201376,0,0,-1,0,1.12957
fields/00009__plt00003__fab0000_comp00_density.f32__c0006__dt-f32/chunk_0,4194304,83bfe5c9d056e22a,24,np-setting,1.25189,3350400,0.208384,0,0,-1,0,1.25188
fields/00009__plt00003__fab0000_comp00_density.f32__c0014__dt-f32/chunk_0,4194304,631f9de1ca2667a8,24,np-setting,1.25189,3350400,0.202048,0,0,-1,0,1.25188
fields/00010__plt00003__fab0000_comp01_rho_E.f32__c0006__dt-f32/chunk_0,4194304,e002ddbb27a22325,24,np-setting,13.8521,302816,0.171584,0,0,-1,0,13.851
fields/00010__plt00003__fab0000_comp01_rho_E.f32__c0014__dt-f32/chunk_0,4194304,e002ddbb27a22325,24,np-setting,13.8521,302816,0.18688,0,0,-1,0,13.851
fields/00011__plt00003__fab0000_comp02_logden.f32__c0006__dt-f32/chunk_0,4194304,7fbc95b83fd797d8,24,np-setting,1.12958,3713192,0.315584,0,0,-1,0,1.12957
fields/00011__plt00003__fab0000_comp02_logden.f32__c0014__dt-f32/chunk_0,4194304,a050f166b2b0865b,24,np-setting,1.12958,3713184,0.404288,0,0,-1,0,1.12957
fields/00012__plt00004__fab0000_comp00_density.f32__c0006__dt-f32/chunk_0,4194304,83bfe5c9d056e22a,24,np-setting,1.25189,3350400,0.212768,0,0,-1,0,1.25188
fields/00012__plt00004__fab0000_comp00_density.f32__c0014__dt-f32/chunk_0,4194304,631f9de1ca2667a8,24,np-setting,1.25189,3350400,0.402304,0,0,-1,0,1.25188
fields/00013__plt00004__fab0000_comp01_rho_E.f32__c0006__dt-f32/chunk_0,4194304,e002ddbb27a22325,24,np-setting,13.8521,302816,0.175904,0,0,-1,0,13.851
fields/00013__plt00004__fab0000_comp01_rho_E.f32__c0014__dt-f32/chunk_0,4194304,e002ddbb27a22325,24,np-setting,13.8521,302816,0.21968,0,0,-1,0,13.851
fields/00014__plt00004__fab0000_comp02_logden.f32__c0006__dt-f32/chunk_0,4194304,7fbc95b83fd797d8,24,np-setting,1.12958,3713192,0.218304,0,0,-1,0,1.12957
fields/00014__plt00004__fab0000_comp02_logden.f32__c0014__dt-f32/chunk_0,4194304,a050f166b2b0865b,24,np-setting,1.12958,3713184,0.311552,0,0,-1,0,1.12957
fields/00015__plt00005__fab0000_comp00_density.f32__c0006__dt-f32/chunk_0,4194304,83bfe5c9d056e22a,24,np-setting,1.25189,3350400,0.315424,0,0,-1,0,1.25188
fields/00015__plt00005__fab0000_comp00_density.f32__c0014__dt-f32/chunk_0,4194304,631f9de1ca2667a8,24,np-setting,1.25189,3350400,0.40544,0,0,-1,0,1.25188
fields/00016__plt00005__fab0000_comp01_rho_E.f32__c0006__dt-f32/chunk_0,4194304,e002ddbb27a22325,24,np-setting,13.8521,302816,0.227648,0,0,-1,0,13.851
fields/00016__plt00005__fab0000_comp01_rho_E.f32__c0014__dt-f32/chunk_0,4194304,e002ddbb27a22325,24,np-setting,13.8521,302816,0.239808,0,0,-1,0,13.851
fields/00017__plt00005__fab0000_comp02_logden.f32__c0006__dt-f32/chunk_0,4194304,7fbc95b83fd797d8,24,np-setting,1.12958,3713192,0.369024,0,0,-1,0,1.12957
fields/00017__plt00005__fab0000_comp02_logden.f32__c0014__dt-f32/chunk_0,4194304,a050f166b2b0865b,24,np-setting,1.12958,3713184,0.338496,0,0,-1,0,1.12957
fields/00018__plt00006__fab0000_comp00_density.f32__c0006__dt-f32/chunk_0,4194304,83bfe5c9d056e22a,24,np-setting,1.25189,3350400,0.199008,0,0,-1,0,1.25188
fields/00018__plt00006__fab0000_comp00_density.f32__c0014__dt-f32/chunk_0,4194304,631f9de1ca2667a8,24,np-setting,1.25189,3350400,0.336704,0,0,-1,0,1.25188
fields/00019__plt00006__fab0000_comp01_rho_E.f32__c0006__dt-f32/chunk_0,4194304,e002ddbb27a22325,24,np-setting,13.8521,302816,0.18192,0,0,-1,0,13.851
fields/00019__plt00006__fab0000_comp01_rho_E.f32__c0014__dt-f32/chunk_0,4194304,e002ddbb27a22325,24,np-setting,13.8521,302816,0.393952,0,0,-1,0,13.851
fields/00020__plt00006__fab0000_comp02_logden.f32__c0006__dt-f32/chunk_0,4194304,7fbc95b83fd797d8,24,np-setting,1.12958,3713192,0.242816,0,0,-1,0,1.12957
fields/00020__plt00006__fab0000_comp02_logden.f32__c0014__dt-f32/chunk_0,4194304,a050f166b2b0865b,24,np-setting,1.12958,3713184,0.24656,0,0,-1,0,1.12957
fields/00021__plt00007__fab0000_comp00_density.f32__c0006__dt-f32/chunk_0,4194304,83bfe5c9d056e22a,24,np-setting,1.25189,3350400,0.251136,0,0,-1,0,1.25188
fields/00021__plt00007__fab0000_comp00_density.f32__c0014__dt-f32/chunk_0,4194304,631f9de1ca2667a8,24,np-setting,1.25189,3350400,0.25312,0,0,-1,0,1.25188
fields/00022__plt00007__fab0000_comp01_rho_E.f32__c0006__dt-f32/chunk_0,4194304,e002ddbb27a22325,24,np-setting,13.8521,302816,0.199392,0,0,-1,0,13.851
fields/00022__plt00007__fab0000_comp01_rho_E.f32__c0014__dt-f32/chunk_0,4194304,e002ddbb27a22325,24,np-setting,13.8521,302816,0.173312,0,0,-1,0,13.851
fields/00023__plt00007__fab0000_comp02_logden.f32__c0006__dt-f32/chunk_0,4194304,7fbc95b83fd797d8,24,np-setting,1.12958,3713192,0.291104,0,0,-1,0,1.12957
fields/00023__plt00007__fab0000_comp02_logden.f32__c0014__dt-f32/chunk_0,4194304,a050f166b2b0865b,24,np-setting,1.12958,3713184,0.203136,0,0,-1,0,1.12957
fields/00024__plt00008__fab0000_comp00_density.f32__c0006__dt-f32/chunk_0,4194304,83bfe5c9d056e22a,24,np-setting,1.25189,3350400,0.432864,0,0,-1,0,1.25188
fields/00024__plt00008__fab0000_comp00_density.f32__c0014__dt-f32/chunk_0,4194304,631f9de1ca2667a8,24,np-setting,1.25189,3350400,0.332768,0,0,-1,0,1.25188
fields/00025__plt00008__fab0000_comp01_rho_E.f32__c0006__dt-f32/chunk_0,4194304,e002ddbb27a22325,24,np-setting,13.8521,302816,0.18976,0,0,-1,0,13.851
fields/00025__plt00008__fab0000_comp01_rho_E.f32__c0014__dt-f32/chunk_0,4194304,e002ddbb27a22325,24,np-setting,13.8521,302816,0.190752,0,0,-1,0,13.851
fields/00026__plt00008__fab0000_comp02_logden.f32__c0006__dt-f32/chunk_0,4194304,7fbc95b83fd797d8,24,np-setting,1.12958,3713192,0.231456,0,0,-1,0,1.12957
fields/00026__plt00008__fab0000_comp02_logden.f32__c0014__dt-f32/chunk_0,4194304,a050f166b2b0865b,24,np-setting,1.12958,3713184,0.257888,0,0,-1,0,1.12957
fields/00027__plt00009__fab0000_comp00_density.f32__c0006__dt-f32/chunk_0,4194304,18e9fd9d7f4eed89,24,np-setting,1.25189,3350400,0.27536,0,0,-1,0,1.25188
fields/00027__plt00009__fab0000_comp00_density.f32__c0014__dt-f32/chunk_0,4194304,631f9de1ca2667a8,24,np-setting,1.25189,3350400,0.273824,0,0,-1,0,1.25188
fields/00028__plt00009__fab0000_comp01_rho_E.f32__c0006__dt-f32/chunk_0,4194304,6eb897af79206ce,24,np-setting,13.7681,304664,0.135552,0,0,-1,0,13.767
fields/00028__plt00009__fab0000_comp01_rho_E.f32__c0014__dt-f32/chunk_0,4194304,e002ddbb27a22325,24,np-setting,13.8521,302816,0.414976,0,0,-1,0,13.851
fields/00029__plt00009__fab0000_comp02_logden.f32__c0006__dt-f32/chunk_0,4194304,29506228e130ff0d,24,np-setting,1.12958,3713184,0.380768,0,0,-1,0,1.12957
fields/00029__plt00009__fab0000_comp02_logden.f32__c0014__dt-f32/chunk_0,4194304,a050f166b2b0865b,24,np-setting,1.12958,3713184,0.33024,0,0,-1,0,1.12957
fields/00030__plt00010__fab0000_comp00_density.f32__c0006__dt-f32/chunk_0,4194304,42ca14df68d07bdc,24,np-setting,1.25189,3350392,0.33568,0,0,-1,0,1.25188
fields/00030__plt00010__fab0000_comp00_density.f32__c0014__dt-f32/chunk_0,4194304,631f9de1ca2667a8,24,np-setting,1.25189,3350400,0.224608,0,0,-1,0,1.25188
fields/00031__plt00010__fab0000_comp01_rho_E.f32__c0006__dt-f32/chunk_0,4194304,89728bb54f29fb4e,24,np-setting,13.6175,308032,0.315488,0,0,-1,0,13.6165
fields/00031__plt00010__fab0000_comp01_rho_E.f32__c0014__dt-f32/chunk_0,4194304,e002ddbb27a22325,24,np-setting,13.8521,302816,0.444992,0,0,-1,0,13.851
fields/00032__plt00010__fab0000_comp02_logden.f32__c0006__dt-f32/chunk_0,4194304,49dc3d9e97c53867,24,np-setting,1.12957,3713212,0.282112,0,0,-1,0,1.12956
fields/00032__plt00010__fab0000_comp02_logden.f32__c0014__dt-f32/chunk_0,4194304,a050f166b2b0865b,24,np-setting,1.12958,3713184,0.259296,0,0,-1,0,1.12957
fields/00033__plt00011__fab0000_comp00_density.f32__c0006__dt-f32/chunk_0,4194304,f0a8dd01e15dd871,24,np-setting,1.25188,3350440,0.259648,0,0,-1,0,1.25187
fields/00033__plt00011__fab0000_comp00_density.f32__c0014__dt-f32/chunk_0,4194304,631f9de1ca2667a8,24,np-setting,1.25189,3350400,0.3128,0,0,-1,0,1.25188
fields/00034__plt00011__fab0000_comp01_rho_E.f32__c0006__dt-f32/chunk_0,4194304,d1f13b020fba16f3,24,np-setting,13.2134,317452,0.1856,0,0,-1,0,13.2124
fields/00034__plt00011__fab0000_comp01_rho_E.f32__c0014__dt-f32/chunk_0,4194304,e002ddbb27a22325,24,np-setting,13.8521,302816,0.34304,0,0,-1,0,13.851
fields/00035__plt00011__fab0000_comp02_logden.f32__c0006__dt-f32/chunk_0,4194304,23327247477aaef,24,np-setting,1.1296,3713108,0.21952,0,0,-1,0,1.12959
fields/00035__plt00011__fab0000_comp02_logden.f32__c0014__dt-f32/chunk_0,4194304,a050f166b2b0865b,24,np-setting,1.12958,3713184,0.249728,0,0,-1,0,1.12957
fields/00036__plt00012__fab0000_comp00_density.f32__c0006__dt-f32/chunk_0,4194304,795bd10801a54945,24,np-setting,1.25184,3350544,0.234048,0,0,-1,0,1.25183
fields/00036__plt00012__fab0000_comp00_density.f32__c0014__dt-f32/chunk_0,4194304,631f9de1ca2667a8,24,np-setting,1.25189,3350400,0.459072,0,0,-1,0,1.25188
fields/00037__plt00012__fab0000_comp01_rho_E.f32__c0006__dt-f32/chunk_0,4194304,980ba1abf003ce70,24,np-setting,12.5009,335544,0.1312,0,0,-1,0,12.5
fields/00037__plt00012__fab0000_comp01_rho_E.f32__c0014__dt-f32/chunk_0,4194304,e002ddbb27a22325,24,np-setting,13.8521,302816,0.313344,0,0,-1,0,13.851
fields/00038__plt00012__fab0000_comp02_logden.f32__c0006__dt-f32/chunk_0,4194304,f9e99c9faf0a0ce8,24,np-setting,1.12968,3712844,0.21648,0,0,-1,0,1.12967
fields/00038__plt00012__fab0000_comp02_logden.f32__c0014__dt-f32/chunk_0,4194304,a050f166b2b0865b,24,np-setting,1.12958,3713184,0.363552,0,0,-1,0,1.12957
fields/00039__plt00013__fab0000_comp00_density.f32__c0006__dt-f32/chunk_0,4194304,4afee08e447eed7c,24,np-setting,1.25178,3350684,0.441344,0,0,-1,0,1.25178
fields/00039__plt00013__fab0000_comp00_density.f32__c0014__dt-f32/chunk_0,4194304,631f9de1ca2667a8,24,np-setting,1.25189,3350400,0.250848,0,0,-1,0,1.25188
fields/00040__plt00013__fab0000_comp01_rho_E.f32__c0006__dt-f32/chunk_0,4194304,151284ed70c5389b,24,np-setting,11.8078,355240,0.215104,0,0,-1,0,11.807
fields/00040__plt00013__fab0000_comp01_rho_E.f32__c0014__dt-f32/chunk_0,4194304,e002ddbb27a22325,24,np-setting,13.8521,302816,0.396,0,0,-1,0,13.851
fields/00041__plt00013__fab0000_comp02_logden.f32__c0006__dt-f32/chunk_0,4194304,212e9383d5a8a98e,24,np-setting,1.12968,3712852,0.343424,0,0,-1,0,1.12967
fields/00041__plt00013__fab0000_comp02_logden.f32__c0014__dt-f32/chunk_0,4194304,a050f166b2b0865b,24,np-setting,1.12958,3713184,0.583104,0,0,-1,0,1.12957
fields/00042__plt00014__fab0000_comp00_density.f32__c0006__dt-f32/chunk_0,4194304,bf8b7566ec2519d8,24,np-setting,1.25168,3350968,0.231872,0,0,-1,0,1.25167
fields/00042__plt00014__fab0000_comp00_density.f32__c0014__dt-f32/chunk_0,4194304,631f9de1ca2667a8,24,np-setting,1.25189,3350400,0.24832,0,0,-1,0,1.25188
fields/00043__plt00014__fab0000_comp01_rho_E.f32__c0006__dt-f32/chunk_0,4194304,69fd48f7729cf090,24,np-setting,11.211,374148,0.215488,0,0,-1,0,11.2103
fields/00043__plt00014__fab0000_comp01_rho_E.f32__c0014__dt-f32/chunk_0,4194304,e002ddbb27a22325,24,np-setting,13.8521,302816,0.159264,0,0,-1,0,13.851
fields/00044__plt00014__fab0000_comp02_logden.f32__c0006__dt-f32/chunk_0,4194304,d6c940494ad99cab,24,np-setting,1.12973,3712676,0.296384,0,0,-1,0,1.12973
fields/00044__plt00014__fab0000_comp02_logden.f32__c0014__dt-f32/chunk_0,4194304,a050f166b2b0865b,24,np-setting,1.12958,3713184,0.489984,0,0,-1,0,1.12957
fields/00045__plt00015__fab0000_comp00_density.f32__c0006__dt-f32/chunk_0,4194304,792e11feb47464de,24,np-setting,1.25149,3351476,0.25088,0,0,-1,0,1.25148
fields/00045__plt00015__fab0000_comp00_density.f32__c0014__dt-f32/chunk_0,4194304,631f9de1ca2667a8,24,np-setting,1.25189,3350400,0.244032,0,0,-1,0,1.25188
fields/00046__plt00015__fab0000_comp01_rho_E.f32__c0006__dt-f32/chunk_0,4194304,22dcdd89b53c1b26,24,np-setting,10.7076,391736,1.17389,0,0,-1,0,10.707
fields/00046__plt00015__fab0000_comp01_rho_E.f32__c0014__dt-f32/chunk_0,4194304,e002ddbb27a22325,24,np-setting,13.8521,302816,0.219968,0,0,-1,0,13.851
fields/00047__plt00015__fab0000_comp02_logden.f32__c0006__dt-f32/chunk_0,4194304,357c0e6ee1d45c0,24,np-setting,1.1298,3712464,0.401792,0,0,-1,0,1.12979
fields/00047__plt00015__fab0000_comp02_logden.f32__c0014__dt-f32/chunk_0,4194304,a050f166b2b0865b,24,np-setting,1.12958,3713184,0.200096,0,0,-1,0,1.12957
fields/00048__plt00016__fab0000_comp00_density.f32__c0006__dt-f32/chunk_0,4194304,e29323fc078e674b,24,np-setting,1.25122,3352192,0.416064,0,0,-1,0,1.25121
fields/00048__plt00016__fab0000_comp00_density.f32__c0014__dt-f32/chunk_0,4194304,631f9de1ca2667a8,24,np-setting,1.25189,3350400,0.376448,0,0,-1,0,1.25188
fields/00049__plt00016__fab0000_comp01_rho_E.f32__c0006__dt-f32/chunk_0,4194304,39b05120ab2d23b9,24,np-setting,10.2045,411048,0.190624,0,0,-1,0,10.2039
fields/00049__plt00016__fab0000_comp01_rho_E.f32__c0014__dt-f32/chunk_0,4194304,e002ddbb27a22325,24,np-setting,13.8521,302816,0.366976,0,0,-1,0,13.851
fields/00050__plt00016__fab0000_comp02_logden.f32__c0006__dt-f32/chunk_0,4194304,144afd32586b7332,24,np-setting,1.12984,3712316,0.401632,0,0,-1,0,1.12983
fields/00050__plt00016__fab0000_comp02_logden.f32__c0014__dt-f32/chunk_0,4194304,a050f166b2b0865b,24,np-setting,1.12958,3713184,0.330336,0,0,-1,0,1.12957
fields/00051__plt00017__fab0000_comp00_density.f32__c0006__dt-f32/chunk_0,4194304,457781dd61911c83,24,np-setting,1.25084,3353220,0.200992,0,0,-1,0,1.25083
fields/00051__plt00017__fab0000_comp00_density.f32__c0014__dt-f32/chunk_0,4194304,631f9de1ca2667a8,24,np-setting,1.25189,3350400,0.386016,0,0,-1,0,1.25188
fields/00052__plt00017__fab0000_comp01_rho_E.f32__c0006__dt-f32/chunk_0,4194304,3672953ba00b550,24,np-setting,9.68966,432888,0.177184,0,0,-1,0,9.68912
fields/00052__plt00017__fab0000_comp01_rho_E.f32__c0014__dt-f32/chunk_0,4194304,e002ddbb27a22325,24,np-setting,13.8521,302816,0.172928,0,0,-1,0,13.851
fields/00053__plt00017__fab0000_comp02_logden.f32__c0006__dt-f32/chunk_0,4194304,d44f73e4d66b75bd,24,np-setting,1.12987,3712228,0.418912,0,0,-1,0,1.12986
fields/00053__plt00017__fab0000_comp02_logden.f32__c0014__dt-f32/chunk_0,4194304,a050f166b2b0865b,24,np-setting,1.12958,3713184,0.252992,0,0,-1,0,1.12957
fields/00054__plt00018__fab0000_comp00_density.f32__c0006__dt-f32/chunk_0,4194304,15e9696ff44d8236,24,np-setting,1.25037,3354484,0.253312,0,0,-1,0,1.25036
fields/00054__plt00018__fab0000_comp00_density.f32__c0014__dt-f32/chunk_0,4194304,631f9de1ca2667a8,24,np-setting,1.25189,3350400,0.20368,0,0,-1,0,1.25188
fields/00055__plt00018__fab0000_comp01_rho_E.f32__c0006__dt-f32/chunk_0,4194304,59510311f6b33e8a,24,np-setting,9.29053,451484,0.17936,0,0,-1,0,9.29004
fields/00055__plt00018__fab0000_comp01_rho_E.f32__c0014__dt-f32/chunk_0,4194304,e002ddbb27a22325,24,np-setting,13.8521,302816,0.185984,0,0,-1,0,13.851
fields/00056__plt00018__fab0000_comp02_logden.f32__c0006__dt-f32/chunk_0,4194304,2feb0215533ce091,24,np-setting,1.12975,3712616,0.442432,0,0,-1,0,1.12974
fields/00056__plt00018__fab0000_comp02_logden.f32__c0014__dt-f32/chunk_0,4194304,a050f166b2b0865b,24,np-setting,1.12958,3713184,0.345792,0,0,-1,0,1.12957
fields/00057__plt00019__fab0000_comp00_density.f32__c0006__dt-f32/chunk_0,4194304,8a09a6e8da51fe27,24,np-setting,1.24977,3356076,0.203392,0,0,-1,0,1.24976
fields/00057__plt00019__fab0000_comp00_density.f32__c0014__dt-f32/chunk_0,4194304,631f9de1ca2667a8,24,np-setting,1.25189,3350400,0.293024,0,0,-1,0,1.25188
fields/00058__plt00019__fab0000_comp01_rho_E.f32__c0006__dt-f32/chunk_0,4194304,c4398c2528f1a41c,24,np-setting,8.82499,475300,0.380832,0,0,-1,0,8.82454
fields/00058__plt00019__fab0000_comp01_rho_E.f32__c0014__dt-f32/chunk_0,4194304,e002ddbb27a22325,24,np-setting,13.8521,302816,0.173088,0,0,-1,0,13.851
fields/00059__plt00019__fab0000_comp02_logden.f32__c0006__dt-f32/chunk_0,4194304,9a18d1ee3dff5713,24,np-setting,1.12973,3712700,0.375392,0,0,-1,0,1.12972
fields/00059__plt00019__fab0000_comp02_logden.f32__c0014__dt-f32/chunk_0,4194304,a050f166b2b0865b,24,np-setting,1.12958,3713184,0.263712,0,0,-1,0,1.12957
fields/00060__plt00020__fab0000_comp00_density.f32__c0006__dt-f32/chunk_0,4194304,43bb09f41caab197,24,np-setting,1.24927,3357436,0.263328,0,0,-1,0,1.24926
fields/00060__plt00020__fab0000_comp00_density.f32__c0014__dt-f32/chunk_0,4194304,631f9de1ca2667a8,24,np-setting,1.25189,3350400,0.209536,0,0,-1,0,1.25188
fields/00061__plt00020__fab0000_comp01_rho_E.f32__c0006__dt-f32/chunk_0,4194304,c89bc5f6a2cb6aa7,24,np-setting,8.47533,494908,0.258464,0,0,-1,0,8.47492
fields/00061__plt00020__fab0000_comp01_rho_E.f32__c0014__dt-f32/chunk_0,4194304,e002ddbb27a22325,24,np-setting,13.8521,302816,0.22688,0,0,-1,0,13.851
fields/00062__plt00020__fab0000_comp02_logden.f32__c0006__dt-f32/chunk_0,4194304,ec17f32adc974232,24,np-setting,1.12979,3712480,0.23744,0,0,-1,0,1.12978
fields/00062__plt00020__fab0000_comp02_logden.f32__c0014__dt-f32/chunk_0,4194304,a050f166b2b0865b,24,np-setting,1.12958,3713184,0.21056,0,0,-1,0,1.12957
fields/00063__plt00021__fab0000_comp00_density.f32__c0006__dt-f32/chunk_0,4194304,c400b0e7c4bb9950,24,np-setting,1.24861,3359200,0.222144,0,0,-1,0,1.2486
fields/00063__plt00021__fab0000_comp00_density.f32__c0014__dt-f32/chunk_0,4194304,631f9de1ca2667a8,24,np-setting,1.25189,3350400,0.205888,0,0,-1,0,1.25188
fields/00064__plt00021__fab0000_comp01_rho_E.f32__c0006__dt-f32/chunk_0,4194304,3e642bb5d5df9caa,24,np-setting,8.11434,516924,0.29776,0,0,-1,0,8.11397
fields/00064__plt00021__fab0000_comp01_rho_E.f32__c0014__dt-f32/chunk_0,4194304,e002ddbb27a22325,24,np-setting,13.8521,302816,0.411616,0,0,-1,0,13.851
fields/00065__plt00021__fab0000_comp02_logden.f32__c0006__dt-f32/chunk_0,4194304,41cdb5eb9a898eb8,24,np-setting,1.12977,3712558,0.324832,0,0,-1,0,1.12976
fields/00065__plt00021__fab0000_comp02_logden.f32__c0014__dt-f32/chunk_0,4194304,a050f166b2b0865b,24,np-setting,1.12958,3713184,0.211616,0,0,-1,0,1.12957
fields/00066__plt00022__fab0000_comp00_density.f32__c0006__dt-f32/chunk_0,4194304,5102b7d8531c9340,24,np-setting,1.24765,3361780,0.471936,0,0,-1,0,1.24764
fields/00066__plt00022__fab0000_comp00_density.f32__c0014__dt-f32/chunk_0,4194304,631f9de1ca2667a8,24,np-setting,1.25189,3350400,0.471424,0,0,-1,0,1.25188
fields/00067__plt00022__fab0000_comp01_rho_E.f32__c0006__dt-f32/chunk_0,4194304,f90f34687208070c,24,np-setting,7.86263,533472,0.220704,0,0,-1,0,7.86228
fields/00067__plt00022__fab0000_comp01_rho_E.f32__c0014__dt-f32/chunk_0,4194304,e002ddbb27a22325,24,np-setting,13.8521,302816,0.2216,0,0,-1,0,13.851
fields/00068__plt00022__fab0000_comp02_logden.f32__c0006__dt-f32/chunk_0,4194304,bb53f60a954d37cc,24,np-setting,1.12963,3713006,0.383104,0,0,-1,0,1.12962
fields/00068__plt00022__fab0000_comp02_logden.f32__c0014__dt-f32/chunk_0,4194304,a050f166b2b0865b,24,np-setting,1.12958,3713184,0.201664,0,0,-1,0,1.12957
fields/00069__plt00023__fab0000_comp00_density.f32__c0006__dt-f32/chunk_0,4194304,deceb76dff581c53,24,np-setting,1.24701,3363516,0.378592,0,0,-1,0,1.247
fields/00069__plt00023__fab0000_comp00_density.f32__c0014__dt-f32/chunk_0,4194304,631f9de1ca2667a8,24,np-setting,1.25189,3350400,0.199744,0,0,-1,0,1.25188
fields/00070__plt00023__fab0000_comp01_rho_E.f32__c0006__dt-f32/chunk_0,4194304,acca22424d57ad4f,24,np-setting,7.65904,547652,0.218912,0,0,-1,0,7.6587
fields/00070__plt00023__fab0000_comp01_rho_E.f32__c0014__dt-f32/chunk_0,4194304,e002ddbb27a22325,24,np-setting,13.8521,302816,0.219264,0,0,-1,0,13.851
fields/00071__plt00023__fab0000_comp02_logden.f32__c0006__dt-f32/chunk_0,4194304,102fc43ee1f66a71,24,np-setting,1.1296,3713106,0.446816,0,0,-1,0,1.12959
fields/00071__plt00023__fab0000_comp02_logden.f32__c0014__dt-f32/chunk_0,4194304,a050f166b2b0865b,24,np-setting,1.12958,3713184,0.19504,0,0,-1,0,1.12957
fields/00072__plt00024__fab0000_comp00_density.f32__c0006__dt-f32/chunk_0,4194304,5ba1dc440e021868,24,np-setting,1.24649,3364904,0.227008,0,0,-1,0,1.24649
fields/00072__plt00024__fab0000_comp00_density.f32__c0014__dt-f32/chunk_0,4194304,631f9de1ca2667a8,24,np-setting,1.25189,3350400,0.214944,0,0,-1,0,1.25188
fields/00073__plt00024__fab0000_comp01_rho_E.f32__c0006__dt-f32/chunk_0,4194304,1f8254fc8ec5c76e,24,np-setting,7.46743,561704,0.159008,0,0,-1,0,7.46711
fields/00073__plt00024__fab0000_comp01_rho_E.f32__c0014__dt-f32/chunk_0,4194304,e002ddbb27a22325,24,np-setting,13.8521,302816,0.196608,0,0,-1,0,13.851
fields/00074__plt00024__fab0000_comp02_logden.f32__c0006__dt-f32/chunk_0,4194304,63be3fdf02ad1ef,24,np-setting,1.12946,3713582,0.229344,0,0,-1,0,1.12945
fields/00074__plt00024__fab0000_comp02_logden.f32__c0014__dt-f32/chunk_0,4194304,a050f166b2b0865b,24,np-setting,1.12958,3713184,0.389984,0,0,-1,0,1.12957
fields/00075__plt00025__fab0000_comp00_density.f32__c0006__dt-f32/chunk_0,4194304,ce187739a5e323a3,24,np-setting,1.24593,3366424,0.363232,0,0,-1,0,1.24592
fields/00075__plt00025__fab0000_comp00_density.f32__c0014__dt-f32/chunk_0,4194304,631f9de1ca2667a8,24,np-setting,1.25189,3350400,0.21184,0,0,-1,0,1.25188
fields/00076__plt00025__fab0000_comp01_rho_E.f32__c0006__dt-f32/chunk_0,4194304,50e0946dc28e5c69,24,np-setting,7.28658,575644,0.400608,0,0,-1,0,7.28628
fields/00076__plt00025__fab0000_comp01_rho_E.f32__c0014__dt-f32/chunk_0,4194304,e002ddbb27a22325,24,np-setting,13.8521,302816,0.402144,0,0,-1,0,13.851
fields/00077__plt00025__fab0000_comp02_logden.f32__c0006__dt-f32/chunk_0,4194304,7d636062e2abfc77,24,np-setting,1.12938,3713842,0.315392,0,0,-1,0,1.12937
fields/00077__plt00025__fab0000_comp02_logden.f32__c0014__dt-f32/chunk_0,4194304,a050f166b2b0865b,24,np-setting,1.12958,3713184,0.31664,0,0,-1,0,1.12957
fields/00078__plt00026__fab0000_comp00_density.f32__c0006__dt-f32/chunk_0,4194304,efd3be3e38388dd8,24,np-setting,1.24537,3367936,0.229248,0,0,-1,0,1.24536
fields/00078__plt00026__fab0000_comp00_density.f32__c0014__dt-f32/chunk_0,4194304,631f9de1ca2667a8,24,np-setting,1.25189,3350400,0.212352,0,0,-1,0,1.25188
fields/00079__plt00026__fab0000_comp01_rho_E.f32__c0006__dt-f32/chunk_0,4194304,8465f5d653bfb7dc,24,np-setting,7.11497,589528,0.412128,0,0,-1,0,7.11468
fields/00079__plt00026__fab0000_comp01_rho_E.f32__c0014__dt-f32/chunk_0,4194304,e002ddbb27a22325,24,np-setting,13.8521,302816,0.198976,0,0,-1,0,13.851
fields/00080__plt00026__fab0000_comp02_logden.f32__c0006__dt-f32/chunk_0,4194304,c481927f70e8ccca,24,np-setting,1.12933,3713994,0.22672,0,0,-1,0,1.12932
fields/00080__plt00026__fab0000_comp02_logden.f32__c0014__dt-f32/chunk_0,4194304,a050f166b2b0865b,24,np-setting,1.12958,3713184,0.448704,0,0,-1,0,1.12957
fields/00081__plt00027__fab0000_comp00_density.f32__c0006__dt-f32/chunk_0,4194304,72b4558e8a56480,24,np-setting,1.24488,3369260,0.20992,0,0,-1,0,1.24487
fields/00081__plt00027__fab0000_comp00_density.f32__c0014__dt-f32/chunk_0,4194304,631f9de1ca2667a8,24,np-setting,1.25189,3350400,8.37706,0,0,-1,0,1.25188
fields/00082__plt00027__fab0000_comp01_rho_E.f32__c0006__dt-f32/chunk_0,4194304,1d9de793cd1b7b29,24,np-setting,6.95513,603076,1.61894,0,0,-1,0,6.95485
fields/00082__plt00027__fab0000_comp01_rho_E.f32__c0014__dt-f32/chunk_0,4194304,e002ddbb27a22325,24,np-setting,13.8521,302816,1.74502,0,0,-1,0,13.851
fields/00083__plt00027__fab0000_comp02_logden.f32__c0006__dt-f32/chunk_0,4194304,7f8c5913a3251de,24,np-setting,1.12924,3714294,2.27485,0,0,-1,0,1.12923
fields/00083__plt00027__fab0000_comp02_logden.f32__c0014__dt-f32/chunk_0,4194304,a050f166b2b0865b,24,np-setting,1.12958,3713184,2.32442,0,0,-1,0,1.12957
fields/00084__plt00028__fab0000_comp00_density.f32__c0006__dt-f32/chunk_0,4194304,464dc1c9a5f4d62a,24,np-setting,1.24444,3370456,1.73235,0,0,-1,0,1.24443
fields/00084__plt00028__fab0000_comp00_density.f32__c0014__dt-f32/chunk_0,4194304,631f9de1ca2667a8,24,np-setting,1.25189,3350400,2.29117,0,0,-1,0,1.25188
fields/00085__plt00028__fab0000_comp01_rho_E.f32__c0006__dt-f32/chunk_0,4194304,82f1fcdf4d1137e6,24,np-setting,6.80174,616676,0.325216,0,0,-1,0,6.80147
fields/00085__plt00028__fab0000_comp01_rho_E.f32__c0014__dt-f32/chunk_0,4194304,e002ddbb27a22325,24,np-setting,13.8521,302816,0.655296,0,0,-1,0,13.851
fields/00086__plt00028__fab0000_comp02_logden.f32__c0006__dt-f32/chunk_0,4194304,b0902eb1156c13b6,24,np-setting,1.12915,3714592,0.875456,0,0,-1,0,1.12914
fields/00086__plt00028__fab0000_comp02_logden.f32__c0014__dt-f32/chunk_0,4194304,a050f166b2b0865b,24,np-setting,1.12958,3713184,0.856736,0,0,-1,0,1.12957
fields/00087__plt00029__fab0000_comp00_density.f32__c0006__dt-f32/chunk_0,4194304,951ef6d95f27596e,24,np-setting,1.24379,3372228,1.72848,0,0,-1,0,1.24378
fields/00087__plt00029__fab0000_comp00_density.f32__c0014__dt-f32/chunk_0,4194304,631f9de1ca2667a8,24,np-setting,1.25189,3350400,0.844768,0,0,-1,0,1.25188
fields/00088__plt00029__fab0000_comp01_rho_E.f32__c0006__dt-f32/chunk_0,4194304,f8a9c5db64d8cf59,24,np-setting,6.65277,630484,0.82432,0,0,-1,0,6.65251
fields/00088__plt00029__fab0000_comp01_rho_E.f32__c0014__dt-f32/chunk_0,4194304,e002ddbb27a22325,24,np-setting,13.8521,302816,1.8881,0,0,-1,0,13.851
fields/00089__plt00029__fab0000_comp02_logden.f32__c0006__dt-f32/chunk_0,4194304,31a36f5becdf89af,24,np-setting,1.12901,3715050,1.85738,0,0,-1,0,1.129
fields/00089__plt00029__fab0000_comp02_logden.f32__c0014__dt-f32/chunk_0,4194304,a050f166b2b0865b,24,np-setting,1.12958,3713184,1.3065,0,0,-1,0,1.12957
fields/00090__plt00030__fab0000_comp00_density.f32__c0006__dt-f32/chunk_0,4194304,55f5486fe023d6,24,np-setting,1.24334,3373428,1.47949,0,0,-1,0,1.24334
fields/00090__plt00030__fab0000_comp00_density.f32__c0014__dt-f32/chunk_0,4194304,631f9de1ca2667a8,24,np-setting,1.25189,3350400,2.33427,0,0,-1,0,1.25188
fields/00091__plt00030__fab0000_comp01_rho_E.f32__c0006__dt-f32/chunk_0,4194304,8abbe9ea82f37570,24,np-setting,6.51625,643692,1.45498,0,0,-1,0,6.51601
fields/00091__plt00030__fab0000_comp01_rho_E.f32__c0014__dt-f32/chunk_0,4194304,e002ddbb27a22325,24,np-setting,13.8521,302816,2.33334,0,0,-1,0,13.851
fields/00092__plt00030__fab0000_comp02_logden.f32__c0006__dt-f32/chunk_0,4194304,3a8916ea8a4c4a02,24,np-setting,1.12894,3715282,2.35213,0,0,-1,0,1.12893
fields/00092__plt00030__fab0000_comp02_logden.f32__c0014__dt-f32/chunk_0,4194304,a050f166b2b0865b,24,np-setting,1.12958,3713184,2.36813,0,0,-1,0,1.12957
fields/00093__plt00031__fab0000_comp00_density.f32__c0006__dt-f32/chunk_0,4194304,d3626551c38fefc5,24,np-setting,1.24271,3375164,1.57526,0,0,-1,0,1.2427
fields/00093__plt00031__fab0000_comp00_density.f32__c0014__dt-f32/chunk_0,4194304,631f9de1ca2667a8,24,np-setting,1.25189,3350400,1.57347,0,0,-1,0,1.25188
fields/00094__plt00031__fab0000_comp01_rho_E.f32__c0006__dt-f32/chunk_0,4194304,34726e70572c8d68,24,np-setting,6.38356,657072,2.74554,0,0,-1,0,6.38332
fields/00094__plt00031__fab0000_comp01_rho_E.f32__c0014__dt-f32/chunk_0,4194304,e002ddbb27a22325,24,np-setting,13.8521,302816,1.01494,0,0,-1,0,13.851
fields/00095__plt00031__fab0000_comp02_logden.f32__c0006__dt-f32/chunk_0,4194304,aabc0a3d0e896c12,24,np-setting,1.12876,3715866,2.77642,0,0,-1,0,1.12876
fields/00095__plt00031__fab0000_comp02_logden.f32__c0014__dt-f32/chunk_0,4194304,a050f166b2b0865b,24,np-setting,1.12958,3713184,3.54138,0,0,-1,0,1.12957
fields/00096__plt00032__fab0000_comp00_density.f32__c0006__dt-f32/chunk_0,4194304,a92200ec41d1c37f,24,np-setting,1.24214,3376708,2.23632,0,0,-1,0,1.24213
fields/00096__plt00032__fab0000_comp00_density.f32__c0014__dt-f32/chunk_0,4194304,631f9de1ca2667a8,24,np-setting,1.25189,3350400,2.75776,0,0,-1,0,1.25188
fields/00097__plt00032__fab0000_comp01_rho_E.f32__c0006__dt-f32/chunk_0,4194304,a666c158a72b99cc,24,np-setting,6.2572,670340,2.22048,0,0,-1,0,6.25698
fields/00097__plt00032__fab0000_comp01_rho_E.f32__c0014__dt-f32/chunk_0,4194304,e002ddbb27a22325,24,np-setting,13.8521,302816,1.64211,0,0,-1,0,13.851
fields/00098__plt00032__fab0000_comp02_logden.f32__c0006__dt-f32/chunk_0,4194304,47590147cd308dd9,24,np-setting,1.12864,3716258,1.73446,0,0,-1,0,1.12864
fields/00098__plt00032__fab0000_comp02_logden.f32__c0014__dt-f32/chunk_0,4194304,a050f166b2b0865b,24,np-setting,1.12958,3713184,3.00419,0,0,-1,0,1.12957
fields/00099__plt00033__fab0000_comp00_density.f32__c0006__dt-f32/chunk_0,4194304,64d9885370bd230b,24,np-setting,1.24154,3378344,2.13478,0,0,-1,0,1.24153
fields/00099__plt00033__fab0000_comp00_density.f32__c0014__dt-f32/chunk_0,4194304,631f9de1ca2667a8,24,np-setting,1.25189,3350400,2.36832,0,0,-1,0,1.25188
fields/00100__plt00033__fab0000_comp01_rho_E.f32__c0006__dt-f32/chunk_0,4194304,249548c0ac4e4657,24,np-setting,6.12193,685152,1.68954,0,0,-1,0,6.12171
fields/00100__plt00033__fab0000_comp01_rho_E.f32__c0014__dt-f32/chunk_0,4194304,e002ddbb27a22325,24,np-setting,13.8521,302816,3.14992,0,0,-1,0,13.851
fields/00101__plt00033__fab0000_comp02_logden.f32__c0006__dt-f32/chunk_0,4194304,e8ccf0a9fdd489d3,24,np-setting,1.12849,3716758,2.74989,0,0,-1,0,1.12848
fields/00101__plt00033__fab0000_comp02_logden.f32__c0014__dt-f32/chunk_0,4194304,a050f166b2b0865b,24,np-setting,1.12958,3713184,3.49267,0,0,-1,0,1.12957
fields/00102__plt00034__fab0000_comp00_density.f32__c0006__dt-f32/chunk_0,4194304,d652824d3aaedf54,24,np-setting,1.241,3379800,2.77456,0,0,-1,0,1.24099
fields/00102__plt00034__fab0000_comp00_density.f32__c0014__dt-f32/chunk_0,4194304,631f9de1ca2667a8,24,np-setting,1.25189,3350400,6.05267,0,0,-1,0,1.25188
fields/00103__plt00034__fab0000_comp01_rho_E.f32__c0006__dt-f32/chunk_0,4194304,b3d5b106f67a02b8,24,np-setting,5.99378,699800,1.27971,0,0,-1,0,5.99358
fields/00103__plt00034__fab0000_comp01_rho_E.f32__c0014__dt-f32/chunk_0,4194304,e002ddbb27a22325,24,np-setting,13.8521,302816,3.2479,0,0,-1,0,13.851
fields/00104__plt00034__fab0000_comp02_logden.f32__c0006__dt-f32/chunk_0,4194304,2d1515977f8f3fbe,24,np-setting,1.12838,3717114,2.19485,0,0,-1,0,1.12838
fields/00104__plt00034__fab0000_comp02_logden.f32__c0014__dt-f32/chunk_0,4194304,a050f166b2b0865b,24,np-setting,1.12958,3713184,1.87795,0,0,-1,0,1.12957
fields/00105__plt00035__fab0000_comp00_density.f32__c0006__dt-f32/chunk_0,4194304,9038bffdad4557e1,24,np-setting,1.24023,3381908,2.80368,0,0,-1,0,1.24022
fields/00105__plt00035__fab0000_comp00_density.f32__c0014__dt-f32/chunk_0,4194304,631f9de1ca2667a8,24,np-setting,1.25189,3350400,1.31539,0,0,-1,0,1.25188
fields/00106__plt00035__fab0000_comp01_rho_E.f32__c0006__dt-f32/chunk_0,4194304,76fcd5c80e5d951b,24,np-setting,5.87533,713908,3.97194,0,0,-1,0,5.87513
fields/00106__plt00035__fab0000_comp01_rho_E.f32__c0014__dt-f32/chunk_0,4194304,e002ddbb27a22325,24,np-setting,13.8521,302816,3.96877,0,0,-1,0,13.851
fields/00107__plt00035__fab0000_comp02_logden.f32__c0006__dt-f32/chunk_0,4194304,67a924f0026dd7d9,24,np-setting,1.12822,3717658,3.47482,0,0,-1,0,1.12821
fields/00107__plt00035__fab0000_comp02_logden.f32__c0014__dt-f32/chunk_0,4194304,a050f166b2b0865b,24,np-setting,1.12958,3713184,2.33264,0,0,-1,0,1.12957
fields/00108__plt00036__fab0000_comp00_density.f32__c0006__dt-f32/chunk_0,4194304,f4d2c471f20a0362,24,np-setting,1.23971,3383324,1.75405,0,0,-1,0,1.2397
fields/00108__plt00036__fab0000_comp00_density.f32__c0014__dt-f32/chunk_0,4194304,631f9de1ca2667a8,24,np-setting,1.25189,3350400,2.73258,0,0,-1,0,1.25188
fields/00109__plt00036__fab0000_comp01_rho_E.f32__c0006__dt-f32/chunk_0,4194304,9a0aae0c81496a4c,24,np-setting,5.75745,728524,1.77536,0,0,-1,0,5.75726
fields/00109__plt00036__fab0000_comp01_rho_E.f32__c0014__dt-f32/chunk_0,4194304,e002ddbb27a22325,24,np-setting,13.8521,302816,3.92765,0,0,-1,0,13.851
fields/00110__plt00036__fab0000_comp02_logden.f32__c0006__dt-f32/chunk_0,4194304,43e108059082895b,24,np-setting,1.12812,3717986,3.58013,0,0,-1,0,1.12811
fields/00110__plt00036__fab0000_comp02_logden.f32__c0014__dt-f32/chunk_0,4194304,a050f166b2b0865b,24,np-setting,1.12958,3713184,3.55971,0,0,-1,0,1.12957
fields/00111__plt00037__fab0000_comp00_density.f32__c0006__dt-f32/chunk_0,4194304,221d7ea90b392220,24,np-setting,1.23911,3384948,3.59082,0,0,-1,0,1.2391
fields/00111__plt00037__fab0000_comp00_density.f32__c0014__dt-f32/chunk_0,4194304,631f9de1ca2667a8,24,np-setting,1.25189,3350400,3.39037,0,0,-1,0,1.25188
fields/00112__plt00037__fab0000_comp01_rho_E.f32__c0006__dt-f32/chunk_0,4194304,67c184808551f8ea,24,np-setting,5.64048,743632,1.95443,0,0,-1,0,5.6403
fields/00112__plt00037__fab0000_comp01_rho_E.f32__c0014__dt-f32/chunk_0,4194304,e002ddbb27a22325,24,np-setting,13.8521,302816,0.236768,0,0,-1,0,13.851
fields/00113__plt00037__fab0000_comp02_logden.f32__c0006__dt-f32/chunk_0,4194304,1f19af4c8f56f821,24,np-setting,1.12796,3718502,2.74061,0,0,-1,0,1.12796
fields/00113__plt00037__fab0000_comp02_logden.f32__c0014__dt-f32/chunk_0,4194304,a050f166b2b0865b,24,np-setting,1.12958,3713184,5.27245,0,0,-1,0,1.12957
fields/00114__plt00038__fab0000_comp00_density.f32__c0006__dt-f32/chunk_0,4194304,ab741bf389df6a13,24,np-setting,1.23852,3386560,1.19843,0,0,-1,0,1.23851
fields/00114__plt00038__fab0000_comp00_density.f32__c0014__dt-f32/chunk_0,4194304,631f9de1ca2667a8,24,np-setting,1.25189,3350400,2.93338,0,0,-1,0,1.25188
fields/00115__plt00038__fab0000_comp01_rho_E.f32__c0006__dt-f32/chunk_0,4194304,afc31801c5447e3a,24,np-setting,5.52822,758732,3.49958,0,0,-1,0,5.52804
fields/00115__plt00038__fab0000_comp01_rho_E.f32__c0014__dt-f32/chunk_0,4194304,e002ddbb27a22325,24,np-setting,13.8521,302816,2.64032,0,0,-1,0,13.851
fields/00116__plt00038__fab0000_comp02_logden.f32__c0006__dt-f32/chunk_0,4194304,f72d957dcb2b0ba9,24,np-setting,1.12784,3718906,2.6369,0,0,-1,0,1.12783
fields/00116__plt00038__fab0000_comp02_logden.f32__c0014__dt-f32/chunk_0,4194304,a050f166b2b0865b,24,np-setting,1.12958,3713184,1.89776,0,0,-1,0,1.12957
fields/00117__plt00039__fab0000_comp00_density.f32__c0006__dt-f32/chunk_0,4194304,e1768f026c7dcf54,24,np-setting,1.23798,3388040,1.03469,0,0,-1,0,1.23797
fields/00117__plt00039__fab0000_comp00_density.f32__c0014__dt-f32/chunk_0,4194304,631f9de1ca2667a8,24,np-setting,1.25189,3350400,2.69059,0,0,-1,0,1.25188
fields/00118__plt00039__fab0000_comp01_rho_E.f32__c0006__dt-f32/chunk_0,4194304,cc5df7e891a589e7,24,np-setting,5.42531,773124,3.7089,0,0,-1,0,5.42514
fields/00118__plt00039__fab0000_comp01_rho_E.f32__c0014__dt-f32/chunk_0,4194304,e002ddbb27a22325,24,np-setting,13.8521,302816,2.67072,0,0,-1,0,13.851
fields/00119__plt00039__fab0000_comp02_logden.f32__c0006__dt-f32/chunk_0,4194304,7fb2d0da850bd52f,24,np-setting,1.12764,3719550,3.54467,0,0,-1,0,1.12764
fields/00119__plt00039__fab0000_comp02_logden.f32__c0014__dt-f32/chunk_0,4194304,a050f166b2b0865b,24,np-setting,1.12958,3713184,3.72618,0,0,-1,0,1.12957
fields/00120__plt00040__fab0000_comp00_density.f32__c0006__dt-f32/chunk_0,4194304,b2370af00092352d,24,np-setting,1.23738,3389684,3.54608,0,0,-1,0,1.23737
fields/00120__plt00040__fab0000_comp00_density.f32__c0014__dt-f32/chunk_0,4194304,631f9de1ca2667a8,24,np-setting,1.25189,3350400,2.58045,0,0,-1,0,1.25188
fields/00121__plt00040__fab0000_comp01_rho_E.f32__c0006__dt-f32/chunk_0,4194304,433b9fb259488fa,24,np-setting,5.32664,787444,2.02989,0,0,-1,0,5.32648
fields/00121__plt00040__fab0000_comp01_rho_E.f32__c0014__dt-f32/chunk_0,4194304,e002ddbb27a22325,24,np-setting,13.8521,302816,2.0072,0,0,-1,0,13.851
fields/00122__plt00040__fab0000_comp02_logden.f32__c0006__dt-f32/chunk_0,4194304,8e825a4f6d6415df,24,np-setting,1.12755,3719858,3.79238,0,0,-1,0,1.12754
fields/00122__plt00040__fab0000_comp02_logden.f32__c0014__dt-f32/chunk_0,4194304,a050f166b2b0865b,24,np-setting,1.12958,3713184,3.39888,0,0,-1,0,1.12957
fields/00123__plt00041__fab0000_comp00_density.f32__c0006__dt-f32/chunk_0,4194304,45c41c621c598d4f,24,np-setting,1.2368,3391272,3.76106,0,0,-1,0,1.23679
fields/00123__plt00041__fab0000_comp00_density.f32__c0014__dt-f32/chunk_0,4194304,631f9de1ca2667a8,24,np-setting,1.25189,3350400,3.75936,0,0,-1,0,1.25188
fields/00124__plt00041__fab0000_comp01_rho_E.f32__c0006__dt-f32/chunk_0,4194304,5019c0e710a17d88,24,np-setting,5.23542,801164,2.22461,0,0,-1,0,5.23526
fields/00124__plt00041__fab0000_comp01_rho_E.f32__c0014__dt-f32/chunk_0,4194304,e002ddbb27a22325,24,np-setting,13.8521,302816,1.67488,0,0,-1,0,13.851
fields/00125__plt00041__fab0000_comp02_logden.f32__c0006__dt-f32/chunk_0,4194304,402584db09b2efc6,24,np-setting,1.12736,3720502,1.68125,0,0,-1,0,1.12735
fields/00125__plt00041__fab0000_comp02_logden.f32__c0014__dt-f32/chunk_0,4194304,a050f166b2b0865b,24,np-setting,1.12958,3713184,2.88739,0,0,-1,0,1.12957
fields/00126__plt00042__fab0000_comp00_density.f32__c0006__dt-f32/chunk_0,4194304,1172040be5ceaccb,24,np-setting,1.23618,3392984,3.38432,0,0,-1,0,1.23617
fields/00126__plt00042__fab0000_comp00_density.f32__c0014__dt-f32/chunk_0,4194304,631f9de1ca2667a8,24,np-setting,1.25189,3350400,2.86995,0,0,-1,0,1.25188
fields/00127__plt00042__fab0000_comp01_rho_E.f32__c0006__dt-f32/chunk_0,4194304,b537df1b7c513a45,24,np-setting,5.14709,814912,1.85235,0,0,-1,0,5.14694
fields/00127__plt00042__fab0000_comp01_rho_E.f32__c0014__dt-f32/chunk_0,4194304,e002ddbb27a22325,24,np-setting,13.8521,302816,3.64883,0,0,-1,0,13.851
fields/00128__plt00042__fab0000_comp02_logden.f32__c0006__dt-f32/chunk_0,4194304,69453875273d9ed9,24,np-setting,1.1272,3721034,3.54506,0,0,-1,0,1.12719
fields/00128__plt00042__fab0000_comp02_logden.f32__c0014__dt-f32/chunk_0,4194304,a050f166b2b0865b,24,np-setting,1.12958,3713184,3.18765,0,0,-1,0,1.12957
fields/00129__plt00043__fab0000_comp00_density.f32__c0006__dt-f32/chunk_0,4194304,2b3db7f39537d101,24,np-setting,1.23565,3394428,3.35728,0,0,-1,0,1.23564
fields/00129__plt00043__fab0000_comp00_density.f32__c0014__dt-f32/chunk_0,4194304,631f9de1ca2667a8,24,np-setting,1.25189,3350400,1.83133,0,0,-1,0,1.25188
fields/00130__plt00043__fab0000_comp01_rho_E.f32__c0006__dt-f32/chunk_0,4194304,26ba51b1b37d341d,24,np-setting,5.06321,828412,4.24259,0,0,-1,0,5.06307
fields/00130__plt00043__fab0000_comp01_rho_E.f32__c0014__dt-f32/chunk_0,4194304,e002ddbb27a22325,24,np-setting,13.8521,302816,2.42403,0,0,-1,0,13.851
fields/00131__plt00043__fab0000_comp02_logden.f32__c0006__dt-f32/chunk_0,4194304,5428a611ffe7c53b,24,np-setting,1.12707,3721450,3.91856,0,0,-1,0,1.12706
fields/00131__plt00043__fab0000_comp02_logden.f32__c0014__dt-f32/chunk_0,4194304,a050f166b2b0865b,24,np-setting,1.12958,3713184,1.43706,0,0,-1,0,1.12957
fields/00132__plt00044__fab0000_comp00_density.f32__c0006__dt-f32/chunk_0,4194304,3e3f3e7cf8692b40,24,np-setting,1.235,3396212,4.09642,0,0,-1,0,1.23499
fields/00132__plt00044__fab0000_comp00_density.f32__c0014__dt-f32/chunk_0,4194304,631f9de1ca2667a8,24,np-setting,1.25189,3350400,1.61789,0,0,-1,0,1.25188
fields/00133__plt00044__fab0000_comp01_rho_E.f32__c0006__dt-f32/chunk_0,4194304,d5408fbbe544cb2a,24,np-setting,4.97949,842340,2.39715,0,0,-1,0,4.97935
fields/00133__plt00044__fab0000_comp01_rho_E.f32__c0014__dt-f32/chunk_0,4194304,e002ddbb27a22325,24,np-setting,13.8521,302816,2.91808,0,0,-1,0,13.851
fields/00134__plt00044__fab0000_comp02_logden.f32__c0006__dt-f32/chunk_0,4194304,6d50306386bc90f,24,np-setting,1.12689,3722042,1.87078,0,0,-1,0,1.12688
fields/00134__plt00044__fab0000_comp02_logden.f32__c0014__dt-f32/chunk_0,4194304,a050f166b2b0865b,24,np-setting,1.12958,3713184,1.49526,0,0,-1,0,1.12957
fields/00135__plt00045__fab0000_comp00_density.f32__c0006__dt-f32/chunk_0,4194304,3f031ce1efbfd1c6,24,np-setting,1.23448,3397656,4.10038,0,0,-1,0,1.23447
fields/00135__plt00045__fab0000_comp00_density.f32__c0014__dt-f32/chunk_0,4194304,631f9de1ca2667a8,24,np-setting,1.25189,3350400,1.51008,0,0,-1,0,1.25188
fields/00136__plt00045__fab0000_comp01_rho_E.f32__c0006__dt-f32/chunk_0,4194304,f0e91907b3685f2,24,np-setting,4.89684,856556,1.87808,0,0,-1,0,4.89671
fields/00136__plt00045__fab0000_comp01_rho_E.f32__c0014__dt-f32/chunk_0,4194304,e002ddbb27a22325,24,np-setting,13.8521,302816,1.32752,0,0,-1,0,13.851
fields/00137__plt00045__fab0000_comp02_logden.f32__c0006__dt-f32/chunk_0,4194304,c29cd53d21b32206,24,np-setting,1.12683,3722250,2.66656,0,0,-1,0,1.12682
fields/00137__plt00045__fab0000_comp02_logden.f32__c0014__dt-f32/chunk_0,4194304,a050f166b2b0865b,24,np-setting,1.12958,3713184,3.91712,0,0,-1,0,1.12957
fields/00138__plt00046__fab0000_comp00_density.f32__c0006__dt-f32/chunk_0,4194304,d1eea5263db2f212,24,np-setting,1.2339,3399260,3.8119,0,0,-1,0,1.23389
fields/00138__plt00046__fab0000_comp00_density.f32__c0014__dt-f32/chunk_0,4194304,631f9de1ca2667a8,24,np-setting,1.25189,3350400,3.56922,0,0,-1,0,1.25188
fields/00139__plt00046__fab0000_comp01_rho_E.f32__c0006__dt-f32/chunk_0,4194304,5d05a2316c612632,24,np-setting,4.82033,870152,2.95725,0,0,-1,0,4.8202
fields/00139__plt00046__fab0000_comp01_rho_E.f32__c0014__dt-f32/chunk_0,4194304,e002ddbb27a22325,24,np-setting,13.8521,302816,3.58307,0,0,-1,0,13.851
fields/00140__plt00046__fab0000_comp02_logden.f32__c0006__dt-f32/chunk_0,4194304,b6ee7cfac40182b7,24,np-setting,1.12672,3722588,3.28486,0,0,-1,0,1.12672
fields/00140__plt00046__fab0000_comp02_logden.f32__c0014__dt-f32/chunk_0,4194304,a050f166b2b0865b,24,np-setting,1.12958,3713184,4.15846,0,0,-1,0,1.12957
fields/00141__plt00047__fab0000_comp00_density.f32__c0006__dt-f32/chunk_0,4194304,9754871f7331c33b,24,np-setting,1.23324,3401076,2.61616,0,0,-1,0,1.23323
fields/00141__plt00047__fab0000_comp00_density.f32__c0014__dt-f32/chunk_0,4194304,631f9de1ca2667a8,24,np-setting,1.25189,3350400,2.44634,0,0,-1,0,1.25188
fields/00142__plt00047__fab0000_comp01_rho_E.f32__c0006__dt-f32/chunk_0,4194304,69fc26fdbc13d51c,24,np-setting,4.74327,884288,2.73917,0,0,-1,0,4.74314
fields/00142__plt00047__fab0000_comp01_rho_E.f32__c0014__dt-f32/chunk_0,4194304,e002ddbb27a22325,24,np-setting,13.8521,302816,0.72304,0,0,-1,0,13.851
fields/00143__plt00047__fab0000_comp02_logden.f32__c0006__dt-f32/chunk_0,4194304,dcf768896097833a,24,np-setting,1.12657,3723090,1.61485,0,0,-1,0,1.12657
fields/00143__plt00047__fab0000_comp02_logden.f32__c0014__dt-f32/chunk_0,4194304,a050f166b2b0865b,24,np-setting,1.12958,3713184,2.8007,0,0,-1,0,1.12957
fields/00144__plt00048__fab0000_comp00_density.f32__c0006__dt-f32/chunk_0,4194304,3561bf286a472133,24,np-setting,1.23262,3402780,3.18758,0,0,-1,0,1.23261
fields/00144__plt00048__fab0000_comp00_density.f32__c0014__dt-f32/chunk_0,4194304,631f9de1ca2667a8,24,np-setting,1.25189,3350400,4.0393,0,0,-1,0,1.25188
fields/00145__plt00048__fab0000_comp01_rho_E.f32__c0006__dt-f32/chunk_0,4194304,82d648257ec8b2f3,24,np-setting,4.66882,898388,3.41728,0,0,-1,0,4.6687
fields/00145__plt00048__fab0000_comp01_rho_E.f32__c0014__dt-f32/chunk_0,4194304,e002ddbb27a22325,24,np-setting,13.8521,302816,3.28397,0,0,-1,0,13.851
fields/00146__plt00048__fab0000_comp02_logden.f32__c0006__dt-f32/chunk_0,4194304,ba7ba609015355e3,24,np-setting,1.12642,3723606,3.4145,0,0,-1,0,1.12641
fields/00146__plt00048__fab0000_comp02_logden.f32__c0014__dt-f32/chunk_0,4194304,a050f166b2b0865b,24,np-setting,1.12958,3713184,3.428,0,0,-1,0,1.12957
fields/00147__plt00049__fab0000_comp00_density.f32__c0006__dt-f32/chunk_0,4194304,4539ad7fc1a9d0af,24,np-setting,1.23211,3404196,3.64166,0,0,-1,0,1.2321
fields/00147__plt00049__fab0000_comp00_density.f32__c0014__dt-f32/chunk_0,4194304,631f9de1ca2667a8,24,np-setting,1.25189,3350400,2.31802,0,0,-1,0,1.25188
fields/00148__plt00049__fab0000_comp01_rho_E.f32__c0006__dt-f32/chunk_0,4194304,261d2aebf205c4be,24,np-setting,4.59406,913008,2.31242,0,0,-1,0,4.59394
fields/00148__plt00049__fab0000_comp01_rho_E.f32__c0014__dt-f32/chunk_0,4194304,e002ddbb27a22325,24,np-setting,13.8521,302816,3.72253,0,0,-1,0,13.851
fields/00149__plt00049__fab0000_comp02_logden.f32__c0006__dt-f32/chunk_0,4194304,59cddf1d3ae4c741,24,np-setting,1.12634,3723870,2.62074,0,0,-1,0,1.12633
fields/00149__plt00049__fab0000_comp02_logden.f32__c0014__dt-f32/chunk_0,4194304,a050f166b2b0865b,24,np-setting,1.12958,3713184,1.84374,0,0,-1,0,1.12957
fields/00150__plt00050__fab0000_comp00_density.f32__c0006__dt-f32/chunk_0,4194304,95e53cd55c98d62d,24,np-setting,1.23152,3405816,1.836,0,0,-1,0,1.23151
fields/00150__plt00050__fab0000_comp00_density.f32__c0014__dt-f32/chunk_0,4194304,631f9de1ca2667a8,24,np-setting,1.25189,3350400,3.34707,0,0,-1,0,1.25188
fields/00151__plt00050__fab0000_comp01_rho_E.f32__c0006__dt-f32/chunk_0,4194304,a8e9e44033b27104,24,np-setting,4.52288,927376,3.67811,0,0,-1,0,4.52277
fields/00151__plt00050__fab0000_comp01_rho_E.f32__c0014__dt-f32/chunk_0,4194304,e002ddbb27a22325,24,np-setting,13.8521,302816,4.04384,0,0,-1,0,13.851
fields/00152__plt00050__fab0000_comp02_logden.f32__c0006__dt-f32/chunk_0,4194304,c7a0a568b8ae4dc5,24,np-setting,1.12621,3724296,3.09744,0,0,-1,0,1.1262
fields/00152__plt00050__fab0000_comp02_logden.f32__c0014__dt-f32/chunk_0,4194304,a050f166b2b0865b,24,np-setting,1.12958,3713184,2.36307,0,0,-1,0,1.12957
fields/00153__plt00051__fab0000_comp00_density.f32__c0006__dt-f32/chunk_0,4194304,acceeed2d347b5ba,24,np-setting,1.23104,3407160,4.42458,0,0,-1,0,1.23103
fields/00153__plt00051__fab0000_comp00_density.f32__c0014__dt-f32/chunk_0,4194304,631f9de1ca2667a8,24,np-setting,1.25189,3350400,3.20669,0,0,-1,0,1.25188
fields/00154__plt00051__fab0000_comp01_rho_E.f32__c0006__dt-f32/chunk_0,4194304,4a84bd7c5a653020,24,np-setting,4.45882,940700,2.15738,0,0,-1,0,4.45871
fields/00154__plt00051__fab0000_comp01_rho_E.f32__c0014__dt-f32/chunk_0,4194304,e002ddbb27a22325,24,np-setting,13.8521,302816,2.85606,0,0,-1,0,13.851
fields/00155__plt00051__fab0000_comp02_logden.f32__c0006__dt-f32/chunk_0,4194304,2821d71216b5e4ad,24,np-setting,1.12603,3724886,2.06563,0,0,-1,0,1.12602
fields/00155__plt00051__fab0000_comp02_logden.f32__c0014__dt-f32/chunk_0,4194304,a050f166b2b0865b,24,np-setting,1.12958,3713184,2.9967,0,0,-1,0,1.12957
fields/00156__plt00052__fab0000_comp00_density.f32__c0006__dt-f32/chunk_0,4194304,784852a4fd262f78,24,np-setting,1.23047,3408712,1.15856,0,0,-1,0,1.23047
fields/00156__plt00052__fab0000_comp00_density.f32__c0014__dt-f32/chunk_0,4194304,631f9de1ca2667a8,24,np-setting,1.25189,3350400,1.3976,0,0,-1,0,1.25188
fields/00157__plt00052__fab0000_comp01_rho_E.f32__c0006__dt-f32/chunk_0,4194304,4b615143ec140f61,24,np-setting,4.39747,953824,1.4553,0,0,-1,0,4.39736
fields/00157__plt00052__fab0000_comp01_rho_E.f32__c0014__dt-f32/chunk_0,4194304,e002ddbb27a22325,24,np-setting,13.8521,302816,3.05562,0,0,-1,0,13.851
fields/00158__plt00052__fab0000_comp02_logden.f32__c0006__dt-f32/chunk_0,4194304,5a4b1b65b7bb66a2,24,np-setting,1.12584,3725528,3.11238,0,0,-1,0,1.12583
fields/00158__plt00052__fab0000_comp02_logden.f32__c0014__dt-f32/chunk_0,4194304,a050f166b2b0865b,24,np-setting,1.12958,3713184,3.70765,0,0,-1,0,1.12957
fields/00159__plt00053__fab0000_comp00_density.f32__c0006__dt-f32/chunk_0,4194304,687aaa3d76bce0ee,24,np-setting,1.22996,3410136,3.13011,0,0,-1,0,1.22995
fields/00159__plt00053__fab0000_comp00_density.f32__c0014__dt-f32/chunk_0,4194304,631f9de1ca2667a8,24,np-setting,1.25189,3350400,2.75994,0,0,-1,0,1.25188
fields/00160__plt00053__fab0000_comp01_rho_E.f32__c0006__dt-f32/chunk_0,4194304,b386efc8cb18da9e,24,np-setting,4.33877,966728,2.00298,0,0,-1,0,4.33866
fields/00160__plt00053__fab0000_comp01_rho_E.f32__c0014__dt-f32/chunk_0,4194304,e002ddbb27a22325,24,np-setting,13.8521,302816,1.05539,0,0,-1,0,13.851
fields/00161__plt00053__fab0000_comp02_logden.f32__c0006__dt-f32/chunk_0,4194304,73f83ece561efbb7,24,np-setting,1.12568,3726052,4.25808,0,0,-1,0,1.12567
fields/00161__plt00053__fab0000_comp02_logden.f32__c0014__dt-f32/chunk_0,4194304,a050f166b2b0865b,24,np-setting,1.12958,3713184,1.66138,0,0,-1,0,1.12957
fields/00162__plt00054__fab0000_comp00_density.f32__c0006__dt-f32/chunk_0,4194304,c9b428802aa5091f,24,np-setting,1.22933,3411896,2.6273,0,0,-1,0,1.22932
fields/00162__plt00054__fab0000_comp00_density.f32__c0014__dt-f32/chunk_0,4194304,631f9de1ca2667a8,24,np-setting,1.25189,3350400,2.64464,0,0,-1,0,1.25188
fields/00163__plt00054__fab0000_comp01_rho_E.f32__c0006__dt-f32/chunk_0,4194304,8f904fbf90a6528b,24,np-setting,4.28801,978172,3.09603,0,0,-1,0,4.2879
fields/00163__plt00054__fab0000_comp01_rho_E.f32__c0014__dt-f32/chunk_0,4194304,e002ddbb27a22325,24,np-setting,13.8521,302816,3.06278,0,0,-1,0,13.851
fields/00164__plt00054__fab0000_comp02_logden.f32__c0006__dt-f32/chunk_0,4194304,df3ae02848d16ccb,24,np-setting,1.12556,3726450,2.97715,0,0,-1,0,1.12555
fields/00164__plt00054__fab0000_comp02_logden.f32__c0014__dt-f32/chunk_0,4194304,a050f166b2b0865b,24,np-setting,1.12958,3713184,2.58669,0,0,-1,0,1.12957
fields/00165__plt00055__fab0000_comp00_density.f32__c0006__dt-f32/chunk_0,4194304,72e5e93a0ac139c0,24,np-setting,1.22857,3413984,2.00675,0,0,-1,0,1.22857
fields/00165__plt00055__fab0000_comp00_density.f32__c0014__dt-f32/chunk_0,4194304,631f9de1ca2667a8,24,np-setting,1.25189,3350400,2.08454,0,0,-1,0,1.25188
fields/00166__plt00055__fab0000_comp01_rho_E.f32__c0006__dt-f32/chunk_0,4194304,a59bd87f175de0d1,24,np-setting,4.23753,989824,3.75997,0,0,-1,0,4.23742
fields/00166__plt00055__fab0000_comp01_rho_E.f32__c0014__dt-f32/chunk_0,4194304,e002ddbb27a22325,24,np-setting,13.8521,302816,2.01571,0,0,-1,0,13.851
fields/00167__plt00055__fab0000_comp02_logden.f32__c0006__dt-f32/chunk_0,4194304,cf80ef48ce5ffe61,24,np-setting,1.1254,3726964,4.00374,0,0,-1,0,1.12539
fields/00167__plt00055__fab0000_comp02_logden.f32__c0014__dt-f32/chunk_0,4194304,a050f166b2b0865b,24,np-setting,1.12958,3713184,2.5175,0,0,-1,0,1.12957
fields/00168__plt00056__fab0000_comp00_density.f32__c0006__dt-f32/chunk_0,4194304,a17f8391452fc355,24,np-setting,1.22801,3415564,0.762272,0,0,-1,0,1.228
fields/00168__plt00056__fab0000_comp00_density.f32__c0014__dt-f32/chunk_0,4194304,631f9de1ca2667a8,24,np-setting,1.25189,3350400,2.77338,0,0,-1,0,1.25188
fields/00169__plt00056__fab0000_comp01_rho_E.f32__c0006__dt-f32/chunk_0,4194304,e20d58bfc026389c,24,np-setting,4.18323,1002672,2.7063,0,0,-1,0,4.18313
fields/00169__plt00056__fab0000_comp01_rho_E.f32__c0014__dt-f32/chunk_0,4194304,e002ddbb27a22325,24,np-setting,13.8521,302816,2.51683,0,0,-1,0,13.851
fields/00170__plt00056__fab0000_comp02_logden.f32__c0006__dt-f32/chunk_0,4194304,17733b238ec86472,24,np-setting,1.12522,3727554,2.10355,0,0,-1,0,1.12522
fields/00170__plt00056__fab0000_comp02_logden.f32__c0014__dt-f32/chunk_0,4194304,a050f166b2b0865b,24,np-setting,1.12958,3713184,3.51878,0,0,-1,0,1.12957
fields/00171__plt00057__fab0000_comp00_density.f32__c0006__dt-f32/chunk_0,4194304,de3fd676b13ca2c1,24,np-setting,1.22751,3416936,3.10886,0,0,-1,0,1.2275
fields/00171__plt00057__fab0000_comp00_density.f32__c0014__dt-f32/chunk_0,4194304,631f9de1ca2667a8,24,np-setting,1.25189,3350400,1.26765,0,0,-1,0,1.25188
fields/00172__plt00057__fab0000_comp01_rho_E.f32__c0006__dt-f32/chunk_0,4194304,42b1c842f81e0b12,24,np-setting,4.13116,1015308,1.29706,0,0,-1,0,4.13107
fields/00172__plt00057__fab0000_comp01_rho_E.f32__c0014__dt-f32/chunk_0,4194304,e002ddbb27a22325,24,np-setting,13.8521,302816,2.86602,0,0,-1,0,13.851
fields/00173__plt00057__fab0000_comp02_logden.f32__c0006__dt-f32/chunk_0,4194304,6f5b7635b77df8e3,24,np-setting,1.12507,3728078,1.79626,0,0,-1,0,1.12506
fields/00173__plt00057__fab0000_comp02_logden.f32__c0014__dt-f32/chunk_0,4194304,a050f166b2b0865b,24,np-setting,1.12958,3713184,2.33725,0,0,-1,0,1.12957
fields/00174__plt00058__fab0000_comp00_density.f32__c0006__dt-f32/chunk_0,4194304,2fa96b7f54c94de3,24,np-setting,1.22697,3418460,2.6617,0,0,-1,0,1.22696
fields/00174__plt00058__fab0000_comp00_density.f32__c0014__dt-f32/chunk_0,4194304,631f9de1ca2667a8,24,np-setting,1.25189,3350400,3.44224,0,0,-1,0,1.25188
fields/00175__plt00058__fab0000_comp01_rho_E.f32__c0006__dt-f32/chunk_0,4194304,f834c53449ff04ff,24,np-setting,4.08063,1027880,2.68026,0,0,-1,0,4.08054
fields/00175__plt00058__fab0000_comp01_rho_E.f32__c0014__dt-f32/chunk_0,4194304,e002ddbb27a22325,24,np-setting,13.8521,302816,4.66205,0,0,-1,0,13.851
fields/00176__plt00058__fab0000_comp02_logden.f32__c0006__dt-f32/chunk_0,4194304,24fbf338824b98c5,24,np-setting,1.12492,3728558,3.96173,0,0,-1,0,1.12491
fields/00176__plt00058__fab0000_comp02_logden.f32__c0014__dt-f32/chunk_0,4194304,a050f166b2b0865b,24,np-setting,1.12958,3713184,4.22451,0,0,-1,0,1.12957
fields/00177__plt00059__fab0000_comp00_density.f32__c0006__dt-f32/chunk_0,4194304,5daeb44263f20cdc,24,np-setting,1.22644,3419928,2.51226,0,0,-1,0,1.22643
fields/00177__plt00059__fab0000_comp00_density.f32__c0014__dt-f32/chunk_0,4194304,631f9de1ca2667a8,24,np-setting,1.25189,3350400,2.67878,0,0,-1,0,1.25188
fields/00178__plt00059__fab0000_comp01_rho_E.f32__c0006__dt-f32/chunk_0,4194304,14d065b0a07a9233,24,np-setting,4.03098,1040540,3.00662,0,0,-1,0,4.03089
fields/00178__plt00059__fab0000_comp01_rho_E.f32__c0014__dt-f32/chunk_0,4194304,e002ddbb27a22325,24,np-setting,13.8521,302816,3.54966,0,0,-1,0,13.851
fields/00179__plt00059__fab0000_comp02_logden.f32__c0006__dt-f32/chunk_0,4194304,1a48b4b3336628a,24,np-setting,1.12475,3729118,4.2225,0,0,-1,0,1.12474
fields/00179__plt00059__fab0000_comp02_logden.f32__c0014__dt-f32/chunk_0,4194304,a050f166b2b0865b,24,np-setting,1.12958,3713184,4.97424,0,0,-1,0,1.12957
fields/00180__plt00060__fab0000_comp00_density.f32__c0006__dt-f32/chunk_0,4194304,61aadd7bb70c0f5e,24,np-setting,1.22599,3421184,3.62496,0,0,-1,0,1.22598
fields/00180__plt00060__fab0000_comp00_density.f32__c0014__dt-f32/chunk_0,4194304,631f9de1ca2667a8,24,np-setting,1.25189,3350400,5.05462,0,0,-1,0,1.25188
fields/00181__plt00060__fab0000_comp01_rho_E.f32__c0006__dt-f32/chunk_0,4194304,b83678a5ae70ea1,24,np-setting,3.98397,1052820,3.71229,0,0,-1,0,3.98388
fields/00181__plt00060__fab0000_comp01_rho_E.f32__c0014__dt-f32/chunk_0,4194304,e002ddbb27a22325,24,np-setting,13.8521,302816,3.30797,0,0,-1,0,13.851
fields/00182__plt00060__fab0000_comp02_logden.f32__c0006__dt-f32/chunk_0,4194304,8f15430784fe18ec,24,np-setting,1.12461,3729602,2.37571,0,0,-1,0,1.1246
fields/00182__plt00060__fab0000_comp02_logden.f32__c0014__dt-f32/chunk_0,4194304,a050f166b2b0865b,24,np-setting,1.12958,3713184,3.11315,0,0,-1,0,1.12957
fields/00183__plt00061__fab0000_comp00_density.f32__c0006__dt-f32/chunk_0,4194304,502aff07887f49b4,24,np-setting,1.22511,3423644,1.90195,0,0,-1,0,1.2251
fields/00183__plt00061__fab0000_comp00_density.f32__c0014__dt-f32/chunk_0,4194304,631f9de1ca2667a8,24,np-setting,1.25189,3350400,2.37766,0,0,-1,0,1.25188
fields/00184__plt00061__fab0000_comp01_rho_E.f32__c0006__dt-f32/chunk_0,4194304,cfb31166e4c88dc2,24,np-setting,3.93828,1065032,1.90291,0,0,-1,0,3.9382
fields/00184__plt00061__fab0000_comp01_rho_E.f32__c0014__dt-f32/chunk_0,4194304,e002ddbb27a22325,24,np-setting,13.8521,302816,2.95878,0,0,-1,0,13.851
fields/00185__plt00061__fab0000_comp02_logden.f32__c0006__dt-f32/chunk_0,4194304,2262d00b9f136210,24,np-setting,1.12451,3729912,3.39878,0,0,-1,0,1.1245
fields/00185__plt00061__fab0000_comp02_logden.f32__c0014__dt-f32/chunk_0,4194304,a050f166b2b0865b,24,np-setting,1.12958,3713184,2.86032,0,0,-1,0,1.12957
fields/00186__plt00062__fab0000_comp00_density.f32__c0006__dt-f32/chunk_0,4194304,c9d96d8f5de7cae3,24,np-setting,1.22452,3425276,2.25722,0,0,-1,0,1.22452
fields/00186__plt00062__fab0000_comp00_density.f32__c0014__dt-f32/chunk_0,4194304,631f9de1ca2667a8,24,np-setting,1.25189,3350400,3.76934,0,0,-1,0,1.25188
fields/00187__plt00062__fab0000_comp01_rho_E.f32__c0006__dt-f32/chunk_0,4194304,9c89899cdece2a1d,24,np-setting,3.88997,1078260,2.87411,0,0,-1,0,3.88988
fields/00187__plt00062__fab0000_comp01_rho_E.f32__c0014__dt-f32/chunk_0,4194304,e002ddbb27a22325,24,np-setting,13.8521,302816,3.19786,0,0,-1,0,13.851
fields/00188__plt00062__fab0000_comp02_logden.f32__c0006__dt-f32/chunk_0,4194304,f8b64ffdb45c71cf,24,np-setting,1.12434,3730472,3.12445,0,0,-1,0,1.12434
fields/00188__plt00062__fab0000_comp02_logden.f32__c0014__dt-f32/chunk_0,4194304,a050f166b2b0865b,24,np-setting,1.12958,3713184,3.12067,0,0,-1,0,1.12957
fields/00189__plt00063__fab0000_comp00_density.f32__c0006__dt-f32/chunk_0,4194304,8ee7ee875823ab9c,24,np-setting,1.22403,3426656,4.09488,0,0,-1,0,1.22402
fields/00189__plt00063__fab0000_comp00_density.f32__c0014__dt-f32/chunk_0,4194304,631f9de1ca2667a8,24,np-setting,1.25189,3350400,3.91478,0,0,-1,0,1.25188
fields/00190__plt00063__fab0000_comp01_rho_E.f32__c0006__dt-f32/chunk_0,4194304,343334dd4b96c5c3,24,np-setting,3.83862,1092684,3.7391,0,0,-1,0,3.83853
fields/00190__plt00063__fab0000_comp01_rho_E.f32__c0014__dt-f32/chunk_0,4194304,e002ddbb27a22325,24,np-setting,13.8521,302816,4.20512,0,0,-1,0,13.851
fields/00191__plt00063__fab0000_comp02_logden.f32__c0006__dt-f32/chunk_0,4194304,6ac76c541116401c,24,np-setting,1.12415,3731124,4.16822,0,0,-1,0,1.12414
fields/00191__plt00063__fab0000_comp02_logden.f32__c0014__dt-f32/chunk_0,4194304,a050f166b2b0865b,24,np-setting,1.12958,3713184,2.45021,0,0,-1,0,1.12957
fields/00192__plt00064__fab0000_comp00_density.f32__c0006__dt-f32/chunk_0,4194304,e9bc793103b72271,24,np-setting,1.22339,3428440,4.48266,0,0,-1,0,1.22339
fields/00192__plt00064__fab0000_comp00_density.f32__c0014__dt-f32/chunk_0,4194304,631f9de1ca2667a8,24,np-setting,1.25189,3350400,2.30611,0,0,-1,0,1.25188
fields/00193__plt00064__fab0000_comp01_rho_E.f32__c0006__dt-f32/chunk_0,4194304,5ed7c2ee0f48641,24,np-setting,3.78885,1107036,2.80938,0,0,-1,0,3.78877
fields/00193__plt00064__fab0000_comp01_rho_E.f32__c0014__dt-f32/chunk_0,4194304,e002ddbb27a22325,24,np-setting,13.8521,302816,4.04656,0,0,-1,0,13.851
fields/00194__plt00064__fab0000_comp02_logden.f32__c0006__dt-f32/chunk_0,4194304,7e2139079efdf88f,24,np-setting,1.12407,3731364,3.70538,0,0,-1,0,1.12407
fields/00194__plt00064__fab0000_comp02_logden.f32__c0014__dt-f32/chunk_0,4194304,a050f166b2b0865b,24,np-setting,1.12958,3713184,4.3663,0,0,-1,0,1.12957
fields/00195__plt00065__fab0000_comp00_density.f32__c0006__dt-f32/chunk_0,4194304,12b66c2f26d5cc28,24,np-setting,1.22289,3429840,3.21395,0,0,-1,0,1.22289
fields/00195__plt00065__fab0000_comp00_density.f32__c0014__dt-f32/chunk_0,4194304,631f9de1ca2667a8,24,np-setting,1.25189,3350400,3.65917,0,0,-1,0,1.25188
fields/00196__plt00065__fab0000_comp01_rho_E.f32__c0006__dt-f32/chunk_0,4194304,1e1758cb21f40872,24,np-setting,3.74041,1121372,4.61878,0,0,-1,0,3.74033
fields/00196__plt00065__fab0000_comp01_rho_E.f32__c0014__dt-f32/chunk_0,4194304,e002ddbb27a22325,24,np-setting,13.8521,302816,1.82915,0,0,-1,0,13.851
fields/00197__plt00065__fab0000_comp02_logden.f32__c0006__dt-f32/chunk_0,4194304,9fdbb85c1e9ac1c8,24,np-setting,1.124,3731608,1.99277,0,0,-1,0,1.12399
fields/00197__plt00065__fab0000_comp02_logden.f32__c0014__dt-f32/chunk_0,4194304,a050f166b2b0865b,24,np-setting,1.12958,3713184,2.44797,0,0,-1,0,1.12957
fields/00198__plt00066__fab0000_comp00_density.f32__c0006__dt-f32/chunk_0,4194304,d0fc808914f18224,24,np-setting,1.22231,3431468,2.40096,0,0,-1,0,1.22231
fields/00198__plt00066__fab0000_comp00_density.f32__c0014__dt-f32/chunk_0,4194304,631f9de1ca2667a8,24,np-setting,1.25189,3350400,5.32394,0,0,-1,0,1.25188
fields/00199__plt00066__fab0000_comp01_rho_E.f32__c0006__dt-f32/chunk_0,4194304,c19919013652fe5a,24,np-setting,3.69798,1134240,2.9447,0,0,-1,0,3.6979
fields/00199__plt00066__fab0000_comp01_rho_E.f32__c0014__dt-f32/chunk_0,4194304,e002ddbb27a22325,24,np-setting,13.8521,302816,2.05917,0,0,-1,0,13.851
fields/00200__plt00066__fab0000_comp02_logden.f32__c0006__dt-f32/chunk_0,4194304,f8184202d2b330ae,24,np-setting,1.12389,3731984,4.51811,0,0,-1,0,1.12388
fields/00200__plt00066__fab0000_comp02_logden.f32__c0014__dt-f32/chunk_0,4194304,a050f166b2b0865b,24,np-setting,1.12958,3713184,3.56746,0,0,-1,0,1.12957
fields/00201__plt00067__fab0000_comp00_density.f32__c0006__dt-f32/chunk_0,4194304,de8f4ec61456d236,24,np-setting,1.22182,3432852,4.53331,0,0,-1,0,1.22181
fields/00201__plt00067__fab0000_comp00_density.f32__c0014__dt-f32/chunk_0,4194304,631f9de1ca2667a8,24,np-setting,1.25189,3350400,3.5783,0,0,-1,0,1.25188
fields/00202__plt00067__fab0000_comp01_rho_E.f32__c0006__dt-f32/chunk_0,4194304,396399ccfc38176c,24,np-setting,3.6569,1146980,2.10179,0,0,-1,0,3.65682
fields/00202__plt00067__fab0000_comp01_rho_E.f32__c0014__dt-f32/chunk_0,4194304,e002ddbb27a22325,24,np-setting,13.8521,302816,3.49443,0,0,-1,0,13.851
fields/00203__plt00067__fab0000_comp02_logden.f32__c0006__dt-f32/chunk_0,4194304,93265425cf51ef30,24,np-setting,1.12378,3732348,4.19549,0,0,-1,0,1.12377
fields/00203__plt00067__fab0000_comp02_logden.f32__c0014__dt-f32/chunk_0,4194304,a050f166b2b0865b,24,np-setting,1.12958,3713184,3.50771,0,0,-1,0,1.12957
fields/00204__plt00068__fab0000_comp00_density.f32__c0006__dt-f32/chunk_0,4194304,38a40cb96fd2aa29,24,np-setting,1.22092,3435384,2.6352,0,0,-1,0,1.22091
fields/00204__plt00068__fab0000_comp00_density.f32__c0014__dt-f32/chunk_0,4194304,631f9de1ca2667a8,24,np-setting,1.25189,3350400,3.71859,0,0,-1,0,1.25188
fields/00205__plt00068__fab0000_comp01_rho_E.f32__c0006__dt-f32/chunk_0,4194304,29a5d421044fadf7,24,np-setting,3.61295,1160932,2.40499,0,0,-1,0,3.61288
fields/00205__plt00068__fab0000_comp01_rho_E.f32__c0014__dt-f32/chunk_0,4194304,e002ddbb27a22325,24,np-setting,13.8521,302816,4.3752,0,0,-1,0,13.851
fields/00206__plt00068__fab0000_comp02_logden.f32__c0006__dt-f32/chunk_0,4194304,de5491f351945857,24,np-setting,1.12359,3732962,3.98144,0,0,-1,0,1.12359
fields/00206__plt00068__fab0000_comp02_logden.f32__c0014__dt-f32/chunk_0,4194304,a050f166b2b0865b,24,np-setting,1.12958,3713184,4.02822,0,0,-1,0,1.12957
fields/00207__plt00069__fab0000_comp00_density.f32__c0006__dt-f32/chunk_0,4194304,8e8d4aabb12210fc,24,np-setting,1.22045,3436704,4.20934,0,0,-1,0,1.22044
fields/00207__plt00069__fab0000_comp00_density.f32__c0014__dt-f32/chunk_0,4194304,631f9de1ca2667a8,24,np-setting,1.25189,3350400,4.03869,0,0,-1,0,1.25188
fields/00208__plt00069__fab0000_comp01_rho_E.f32__c0006__dt-f32/chunk_0,4194304,aff108b09f2022fa,24,np-setting,3.54533,1183076,2.68803,0,0,-1,0,3.54525
fields/00208__plt00069__fab0000_comp01_rho_E.f32__c0014__dt-f32/chunk_0,4194304,e002ddbb27a22325,24,np-setting,13.8521,302816,4.19997,0,0,-1,0,13.851
fields/00209__plt00069__fab0000_comp02_logden.f32__c0006__dt-f32/chunk_0,4194304,7ea6c37e6f9fa9fd,24,np-setting,1.12347,3733376,3.65475,0,0,-1,0,1.12346
fields/00209__plt00069__fab0000_comp02_logden.f32__c0014__dt-f32/chunk_0,4194304,a050f166b2b0865b,24,np-setting,1.12958,3713184,3.60336,0,0,-1,0,1.12957
fields/00210__plt00070__fab0000_comp00_density.f32__c0006__dt-f32/chunk_0,4194304,5af94981491147ca,24,np-setting,1.21983,3438456,4.64848,0,0,-1,0,1.21982
fields/00210__plt00070__fab0000_comp00_density.f32__c0014__dt-f32/chunk_0,4194304,631f9de1ca2667a8,24,np-setting,1.25189,3350400,4.09142,0,0,-1,0,1.25188
fields/00211__plt00070__fab0000_comp01_rho_E.f32__c0006__dt-f32/chunk_0,4194304,d6352e6dd876394e,24,np-setting,3.48238,1204460,4.47197,0,0,-1,0,3.48231
fields/00211__plt00070__fab0000_comp01_rho_E.f32__c0014__dt-f32/chunk_0,4194304,e002ddbb27a22325,24,np-setting,13.8521,302816,2.77581,0,0,-1,0,13.851
fields/00212__plt00070__fab0000_comp02_logden.f32__c0006__dt-f32/chunk_0,4194304,d3f8750bb7a54067,24,np-setting,1.12331,3733908,3.32554,0,0,-1,0,1.1233
fields/00212__plt00070__fab0000_comp02_logden.f32__c0014__dt-f32/chunk_0,4194304,a050f166b2b0865b,24,np-setting,1.12958,3713184,2.20525,0,0,-1,0,1.12957
fields/00213__plt00071__fab0000_comp00_density.f32__c0006__dt-f32/chunk_0,4194304,133a1583780e8f1e,24,np-setting,1.21934,3439840,2.18035,0,0,-1,0,1.21933
fields/00213__plt00071__fab0000_comp00_density.f32__c0014__dt-f32/chunk_0,4194304,631f9de1ca2667a8,24,np-setting,1.25189,3350400,1.34605,0,0,-1,0,1.25188
fields/00214__plt00071__fab0000_comp01_rho_E.f32__c0006__dt-f32/chunk_0,4194304,7cd8dfaf92670a71,24,np-setting,3.43628,1220620,1.81923,0,0,-1,0,3.43621
fields/00214__plt00071__fab0000_comp01_rho_E.f32__c0014__dt-f32/chunk_0,4194304,e002ddbb27a22325,24,np-setting,13.8521,302816,3.09856,0,0,-1,0,13.851
fields/00215__plt00071__fab0000_comp02_logden.f32__c0006__dt-f32/chunk_0,4194304,9d7db47e5ee7bc4f,24,np-setting,1.12323,3734178,2.54874,0,0,-1,0,1.12322
fields/00215__plt00071__fab0000_comp02_logden.f32__c0014__dt-f32/chunk_0,4194304,a050f166b2b0865b,24,np-setting,1.12958,3713184,2.18326,0,0,-1,0,1.12957
fields/00216__plt00072__fab0000_comp00_density.f32__c0006__dt-f32/chunk_0,4194304,b2656b6a574a3d2a,24,np-setting,1.21876,3441484,2.96458,0,0,-1,0,1.21875
fields/00216__plt00072__fab0000_comp00_density.f32__c0014__dt-f32/chunk_0,4194304,631f9de1ca2667a8,24,np-setting,1.25189,3350400,3.53037,0,0,-1,0,1.25188
fields/00217__plt00072__fab0000_comp01_rho_E.f32__c0006__dt-f32/chunk_0,4194304,2a8917c30f8368f8,24,np-setting,3.39099,1236920,4.45382,0,0,-1,0,3.39093
fields/00217__plt00072__fab0000_comp01_rho_E.f32__c0014__dt-f32/chunk_0,4194304,e002ddbb27a22325,24,np-setting,13.8521,302816,2.14432,0,0,-1,0,13.851
fields/00218__plt00072__fab0000_comp02_logden.f32__c0006__dt-f32/chunk_0,4194304,ddeab52869badf8c,24,np-setting,1.12313,3734518,3.96461,0,0,-1,0,1.12312
fields/00218__plt00072__fab0000_comp02_logden.f32__c0014__dt-f32/chunk_0,4194304,a050f166b2b0865b,24,np-setting,1.12958,3713184,4.71069,0,0,-1,0,1.12957
fields/00219__plt00073__fab0000_comp00_density.f32__c0006__dt-f32/chunk_0,4194304,45918f01661401c0,24,np-setting,1.21825,3442904,5.52509,0,0,-1,0,1.21825
fields/00219__plt00073__fab0000_comp00_density.f32__c0014__dt-f32/chunk_0,4194304,631f9de1ca2667a8,24,np-setting,1.25189,3350400,4.5288,0,0,-1,0,1.25188
fields/00220__plt00073__fab0000_comp01_rho_E.f32__c0006__dt-f32/chunk_0,4194304,35534035a9782130,24,np-setting,3.35269,1251052,2.83488,0,0,-1,0,3.35262
fields/00220__plt00073__fab0000_comp01_rho_E.f32__c0014__dt-f32/chunk_0,4194304,e002ddbb27a22325,24,np-setting,13.8521,302816,2.31581,0,0,-1,0,13.851
fields/00221__plt00073__fab0000_comp02_logden.f32__c0006__dt-f32/chunk_0,4194304,710731317cd88b6a,24,np-setting,1.12295,3735098,2.75869,0,0,-1,0,1.12294
fields/00221__plt00073__fab0000_comp02_logden.f32__c0014__dt-f32/chunk_0,4194304,a050f166b2b0865b,24,np-setting,1.12958,3713184,1.37773,0,0,-1,0,1.12957
fields/00222__plt00074__fab0000_comp00_density.f32__c0006__dt-f32/chunk_0,4194304,1d1eec200d3fbf01,24,np-setting,1.21755,3444900,4.51053,0,0,-1,0,1.21754
fields/00222__plt00074__fab0000_comp00_density.f32__c0014__dt-f32/chunk_0,4194304,631f9de1ca2667a8,24,np-setting,1.25189,3350400,4.3871,0,0,-1,0,1.25188
fields/00223__plt00074__fab0000_comp01_rho_E.f32__c0006__dt-f32/chunk_0,4194304,a4bf170ff4e678aa,24,np-setting,3.31621,1264812,3.696,0,0,-1,0,3.31615
fields/00223__plt00074__fab0000_comp01_rho_E.f32__c0014__dt-f32/chunk_0,4194304,e002ddbb27a22325,24,np-setting,13.8521,302816,2.49606,0,0,-1,0,13.851
fields/00224__plt00074__fab0000_comp02_logden.f32__c0006__dt-f32/chunk_0,4194304,8eb06b8d9126ee37,24,np-setting,1.12281,3735550,3.07981,0,0,-1,0,1.12281
fields/00224__plt00074__fab0000_comp02_logden.f32__c0014__dt-f32/chunk_0,4194304,a050f166b2b0865b,24,np-setting,1.12958,3713184,3.89206,0,0,-1,0,1.12957
fields/00225__plt00075__fab0000_comp00_density.f32__c0006__dt-f32/chunk_0,4194304,a9a6e1aee81027e6,24,np-setting,1.21699,3446468,3.78886,0,0,-1,0,1.21699
fields/00225__plt00075__fab0000_comp00_density.f32__c0014__dt-f32/chunk_0,4194304,631f9de1ca2667a8,24,np-setting,1.25189,3350400,3.43456,0,0,-1,0,1.25188
fields/00226__plt00075__fab0000_comp01_rho_E.f32__c0006__dt-f32/chunk_0,4194304,8e95aa50cffbdf5f,24,np-setting,3.28166,1278128,1.87101,0,0,-1,0,3.2816
fields/00226__plt00075__fab0000_comp01_rho_E.f32__c0014__dt-f32/chunk_0,4194304,e002ddbb27a22325,24,np-setting,13.8521,302816,1.86829,0,0,-1,0,13.851
fields/00227__plt00075__fab0000_comp02_logden.f32__c0006__dt-f32/chunk_0,4194304,b65647c83629108b,24,np-setting,1.12272,3735862,4.88934,0,0,-1,0,1.12271
fields/00227__plt00075__fab0000_comp02_logden.f32__c0014__dt-f32/chunk_0,4194304,a050f166b2b0865b,24,np-setting,1.12958,3713184,2.80784,0,0,-1,0,1.12957
fields/00228__plt00076__fab0000_comp00_density.f32__c0006__dt-f32/chunk_0,4194304,6c0ca2dfe5173d2a,24,np-setting,1.21656,3447696,2.78915,0,0,-1,0,1.21655
fields/00228__plt00076__fab0000_comp00_density.f32__c0014__dt-f32/chunk_0,4194304,631f9de1ca2667a8,24,np-setting,1.25189,3350400,2.09654,0,0,-1,0,1.25188
fields/00229__plt00076__fab0000_comp01_rho_E.f32__c0006__dt-f32/chunk_0,4194304,623b1baf3ccfcdf1,24,np-setting,3.24699,1291776,1.93062,0,0,-1,0,3.24693
fields/00229__plt00076__fab0000_comp01_rho_E.f32__c0014__dt-f32/chunk_0,4194304,e002ddbb27a22325,24,np-setting,13.8521,302816,2.00723,0,0,-1,0,13.851
fields/00230__plt00076__fab0000_comp02_logden.f32__c0006__dt-f32/chunk_0,4194304,32205c25e603202c,24,np-setting,1.12257,3736362,5.66355,0,0,-1,0,1.12256
fields/00230__plt00076__fab0000_comp02_logden.f32__c0014__dt-f32/chunk_0,4194304,a050f166b2b0865b,24,np-setting,1.12958,3713184,4.10253,0,0,-1,0,1.12957
fields/00231__plt00077__fab0000_comp00_density.f32__c0006__dt-f32/chunk_0,4194304,81a6839e527e929d,24,np-setting,1.21598,3449344,4.65261,0,0,-1,0,1.21597
fields/00231__plt00077__fab0000_comp00_density.f32__c0014__dt-f32/chunk_0,4194304,631f9de1ca2667a8,24,np-setting,1.25189,3350400,4.46733,0,0,-1,0,1.25188
fields/00232__plt00077__fab0000_comp01_rho_E.f32__c0006__dt-f32/chunk_0,4194304,c6a511546f4b677a,24,np-setting,3.21263,1305592,2.6001,0,0,-1,0,3.21257
fields/00232__plt00077__fab0000_comp01_rho_E.f32__c0014__dt-f32/chunk_0,4194304,e002ddbb27a22325,24,np-setting,13.8521,302816,4.01248,0,0,-1,0,13.851
fields/00233__plt00077__fab0000_comp02_logden.f32__c0006__dt-f32/chunk_0,4194304,52757526f3a02620,24,np-setting,1.12237,3737034,3.07936,0,0,-1,0,1.12236
fields/00233__plt00077__fab0000_comp02_logden.f32__c0014__dt-f32/chunk_0,4194304,a050f166b2b0865b,24,np-setting,1.12958,3713184,1.64166,0,0,-1,0,1.12957
fields/00234__plt00078__fab0000_comp00_density.f32__c0006__dt-f32/chunk_0,4194304,9d2dfc7ec1010655,24,np-setting,1.21557,3450496,2.15174,0,0,-1,0,1.21557
fields/00234__plt00078__fab0000_comp00_density.f32__c0014__dt-f32/chunk_0,4194304,631f9de1ca2667a8,24,np-setting,1.25189,3350400,2.13661,0,0,-1,0,1.25188
fields/00235__plt00078__fab0000_comp01_rho_E.f32__c0006__dt-f32/chunk_0,4194304,26aff5a75d9d1040,24,np-setting,3.17785,1319880,4.26458,0,0,-1,0,3.17779
fields/00235__plt00078__fab0000_comp01_rho_E.f32__c0014__dt-f32/chunk_0,4194304,e002ddbb27a22325,24,np-setting,13.8521,302816,2.7577,0,0,-1,0,13.851
fields/00236__plt00078__fab0000_comp02_logden.f32__c0006__dt-f32/chunk_0,4194304,9f8ca976633dc870,24,np-setting,1.12228,3737332,3.43955,0,0,-1,0,1.12227
fields/00236__plt00078__fab0000_comp02_logden.f32__c0014__dt-f32/chunk_0,4194304,a050f166b2b0865b,24,np-setting,1.12958,3713184,4.24064,0,0,-1,0,1.12957
fields/00237__plt00079__fab0000_comp00_density.f32__c0006__dt-f32/chunk_0,4194304,89e3ff64a407aad0,24,np-setting,1.21504,3452024,3.85754,0,0,-1,0,1.21503
fields/00237__plt00079__fab0000_comp00_density.f32__c0014__dt-f32/chunk_0,4194304,631f9de1ca2667a8,24,np-setting,1.25189,3350400,4.25059,0,0,-1,0,1.25188
fields/00238__plt00079__fab0000_comp01_rho_E.f32__c0006__dt-f32/chunk_0,4194304,f0400fd901f66d3c,24,np-setting,3.1393,1336088,3.36314,0,0,-1,0,3.13924
fields/00238__plt00079__fab0000_comp01_rho_E.f32__c0014__dt-f32/chunk_0,4194304,e002ddbb27a22325,24,np-setting,13.8521,302816,1.88717,0,0,-1,0,13.851
fields/00239__plt00079__fab0000_comp02_logden.f32__c0006__dt-f32/chunk_0,4194304,28fe0a16ff9aa5d2,24,np-setting,1.12212,3737848,2.59094,0,0,-1,0,1.12212
fields/00239__plt00079__fab0000_comp02_logden.f32__c0014__dt-f32/chunk_0,4194304,a050f166b2b0865b,24,np-setting,1.12958,3713184,2.06387,0,0,-1,0,1.12957
fields/00240__plt00080__fab0000_comp00_density.f32__c0006__dt-f32/chunk_0,4194304,e3e7e6e5be086491,24,np-setting,1.21423,3454324,2.27885,0,0,-1,0,1.21422
fields/00240__plt00080__fab0000_comp00_density.f32__c0014__dt-f32/chunk_0,4194304,631f9de1ca2667a8,24,np-setting,1.25189,3350400,1.46525,0,0,-1,0,1.25188
fields/00241__plt00080__fab0000_comp01_rho_E.f32__c0006__dt-f32/chunk_0,4194304,2a12808a4899ae5d,24,np-setting,3.10409,1351244,2.25021,0,0,-1,0,3.10403
fields/00241__plt00080__fab0000_comp01_rho_E.f32__c0014__dt-f32/chunk_0,4194304,e002ddbb27a22325,24,np-setting,13.8521,302816,2.70314,0,0,-1,0,13.851
fields/00242__plt00080__fab0000_comp02_logden.f32__c0006__dt-f32/chunk_0,4194304,74c0b8e59459de21,24,np-setting,1.12196,3738394,2.69171,0,0,-1,0,1.12195
fields/00242__plt00080__fab0000_comp02_logden.f32__c0014__dt-f32/chunk_0,4194304,a050f166b2b0865b,24,np-setting,1.12958,3713184,4.73754,0,0,-1,0,1.12957
fields/00243__plt00081__fab0000_comp00_density.f32__c0006__dt-f32/chunk_0,4194304,8f56da1f77bc3dd0,24,np-setting,1.21378,3455604,4.79498,0,0,-1,0,1.21377
fields/00243__plt00081__fab0000_comp00_density.f32__c0014__dt-f32/chunk_0,4194304,631f9de1ca2667a8,24,np-setting,1.25189,3350400,4.09011,0,0,-1,0,1.25188
fields/00244__plt00081__fab0000_comp01_rho_E.f32__c0006__dt-f32/chunk_0,4194304,91dfef12337487ca,24,np-setting,3.07089,1365852,1.43616,0,0,-1,0,3.07083
fields/00244__plt00081__fab0000_comp01_rho_E.f32__c0014__dt-f32/chunk_0,4194304,e002ddbb27a22325,24,np-setting,13.8521,302816,2.53341,0,0,-1,0,13.851
fields/00245__plt00081__fab0000_comp02_logden.f32__c0006__dt-f32/chunk_0,4194304,993630171f4944d2,24,np-setting,1.12182,3738854,1.73853,0,0,-1,0,1.12182
fields/00245__plt00081__fab0000_comp02_logden.f32__c0014__dt-f32/chunk_0,4194304,a050f166b2b0865b,24,np-setting,1.12958,3713184,1.54282,0,0,-1,0,1.12957
fields/00246__plt00082__fab0000_comp00_density.f32__c0006__dt-f32/chunk_0,4194304,4d7a2f3aee8783a9,24,np-setting,1.21332,3456892,0.773792,0,0,-1,0,1.21332
fields/00246__plt00082__fab0000_comp00_density.f32__c0014__dt-f32/chunk_0,4194304,631f9de1ca2667a8,24,np-setting,1.25189,3350400,2.74902,0,0,-1,0,1.25188
fields/00247__plt00082__fab0000_comp01_rho_E.f32__c0006__dt-f32/chunk_0,4194304,72cde7c9d71bc5c3,24,np-setting,3.04073,1379400,3.98627,0,0,-1,0,3.04067
fields/00247__plt00082__fab0000_comp01_rho_E.f32__c0014__dt-f32/chunk_0,4194304,e002ddbb27a22325,24,np-setting,13.8521,302816,4.70547,0,0,-1,0,13.851
fields/00248__plt00082__fab0000_comp02_logden.f32__c0006__dt-f32/chunk_0,4194304,2fb205ca6c8d4c7b,24,np-setting,1.1217,3739250,4.82458,0,0,-1,0,1.1217
fields/00248__plt00082__fab0000_comp02_logden.f32__c0014__dt-f32/chunk_0,4194304,a050f166b2b0865b,24,np-setting,1.12958,3713184,2.93942,0,0,-1,0,1.12957
fields/00249__plt00083__fab0000_comp00_density.f32__c0006__dt-f32/chunk_0,4194304,7ba3bf6db8858260,24,np-setting,1.21277,3458476,2.1209,0,0,-1,0,1.21276
fields/00249__plt00083__fab0000_comp00_density.f32__c0014__dt-f32/chunk_0,4194304,631f9de1ca2667a8,24,np-setting,1.25189,3350400,2.13242,0,0,-1,0,1.25188
fields/00250__plt00083__fab0000_comp01_rho_E.f32__c0006__dt-f32/chunk_0,4194304,1412643524a9a653,24,np-setting,3.00953,1393696,2.39907,0,0,-1,0,3.00948
fields/00250__plt00083__fab0000_comp01_rho_E.f32__c0014__dt-f32/chunk_0,4194304,e002ddbb27a22325,24,np-setting,13.8521,302816,2.40982,0,0,-1,0,13.851
fields/00251__plt00083__fab0000_comp02_logden.f32__c0006__dt-f32/chunk_0,4194304,a40a1f02eb8ea42d,24,np-setting,1.12157,3739690,4.4767,0,0,-1,0,1.12156
fields/00251__plt00083__fab0000_comp02_logden.f32__c0014__dt-f32/chunk_0,4194304,a050f166b2b0865b,24,np-setting,1.12958,3713184,3.95958,0,0,-1,0,1.12957
fields/00252__plt00084__fab0000_comp00_density.f32__c0006__dt-f32/chunk_0,4194304,d61a6187c5621756,24,np-setting,1.21234,3459704,1.15482,0,0,-1,0,1.21233
fields/00252__plt00084__fab0000_comp00_density.f32__c0014__dt-f32/chunk_0,4194304,631f9de1ca2667a8,24,np-setting,1.25189,3350400,1.15498,0,0,-1,0,1.25188
fields/00253__plt00084__fab0000_comp01_rho_E.f32__c0006__dt-f32/chunk_0,4194304,bacb1fbaf767ba7c,24,np-setting,2.98005,1407484,3.48269,0,0,-1,0,2.98
fields/00253__plt00084__fab0000_comp01_rho_E.f32__c0014__dt-f32/chunk_0,4194304,e002ddbb27a22325,24,np-setting,13.8521,302816,4.38947,0,0,-1,0,13.851
fields/00254__plt00084__fab0000_comp02_logden.f32__c0006__dt-f32/chunk_0,4194304,f6b8dec7954ea0db,24,np-setting,1.12152,3739858,3.21834,0,0,-1,0,1.12151
fields/00254__plt00084__fab0000_comp02_logden.f32__c0014__dt-f32/chunk_0,4194304,a050f166b2b0865b,24,np-setting,1.12958,3713184,3.62061,0,0,-1,0,1.12957
fields/00255__plt00085__fab0000_comp00_density.f32__c0006__dt-f32/chunk_0,4194304,def3a0b69db2edfa,24,np-setting,1.21194,3460856,5.22326,0,0,-1,0,1.21193
fields/00255__plt00085__fab0000_comp00_density.f32__c0014__dt-f32/chunk_0,4194304,631f9de1ca2667a8,24,np-setting,1.25189,3350400,3.95574,0,0,-1,0,1.25188
fields/00256__plt00085__fab0000_comp01_rho_E.f32__c0006__dt-f32/chunk_0,4194304,f81b3e72611e8ee6,24,np-setting,2.95099,1421344,3.52874,0,0,-1,0,2.95094
fields/00256__plt00085__fab0000_comp01_rho_E.f32__c0014__dt-f32/chunk_0,4194304,e002ddbb27a22325,24,np-setting,13.8521,302816,4.07453,0,0,-1,0,13.851
fields/00257__plt00085__fab0000_comp02_logden.f32__c0006__dt-f32/chunk_0,4194304,c0d408d726abec62,24,np-setting,1.12138,3740314,4.52256,0,0,-1,0,1.12138
fields/00257__plt00085__fab0000_comp02_logden.f32__c0014__dt-f32/chunk_0,4194304,a050f166b2b0865b,24,np-setting,1.12958,3713184,3.66003,0,0,-1,0,1.12957
fields/00258__plt00086__fab0000_comp00_density.f32__c0006__dt-f32/chunk_0,4194304,a8de417f48d19ec1,24,np-setting,1.21141,3462344,3.72451,0,0,-1,0,1.21141
fields/00258__plt00086__fab0000_comp00_density.f32__c0014__dt-f32/chunk_0,4194304,631f9de1ca2667a8,24,np-setting,1.25189,3350400,2.26621,0,0,-1,0,1.25188
fields/00259__plt00086__fab0000_comp01_rho_E.f32__c0006__dt-f32/chunk_0,4194304,722d8ebe79570005,24,np-setting,2.92075,1436060,3.27158,0,0,-1,0,2.9207
fields/00259__plt00086__fab0000_comp01_rho_E.f32__c0014__dt-f32/chunk_0,4194304,e002ddbb27a22325,24,np-setting,13.8521,302816,2.64739,0,0,-1,0,13.851
fields/00260__plt00086__fab0000_comp02_logden.f32__c0006__dt-f32/chunk_0,4194304,656b32edbc1c5d49,24,np-setting,1.12129,3740626,3.59002,0,0,-1,0,1.12128
fields/00260__plt00086__fab0000_comp02_logden.f32__c0014__dt-f32/chunk_0,4194304,a050f166b2b0865b,24,np-setting,1.12958,3713184,1.99661,0,0,-1,0,1.12957
fields/00261__plt00087__fab0000_comp00_density.f32__c0006__dt-f32/chunk_0,4194304,f02c44787d26bd3d,24,np-setting,1.21065,3464516,1.98394,0,0,-1,0,1.21065
fields/00261__plt00087__fab0000_comp00_density.f32__c0014__dt-f32/chunk_0,4194304,631f9de1ca2667a8,24,np-setting,1.25189,3350400,4.42118,0,0,-1,0,1.25188
fields/00262__plt00087__fab0000_comp01_rho_E.f32__c0006__dt-f32/chunk_0,4194304,ebd982c5264b320b,24,np-setting,2.8927,1449988,3.29341,0,0,-1,0,2.89265
fields/00262__plt00087__fab0000_comp01_rho_E.f32__c0014__dt-f32/chunk_0,4194304,e002ddbb27a22325,24,np-setting,13.8521,302816,1.2753,0,0,-1,0,13.851
fields/00263__plt00087__fab0000_comp02_logden.f32__c0006__dt-f32/chunk_0,4194304,bd3ab90d1405694c,24,np-setting,1.12119,3740978,5.24061,0,0,-1,0,1.12118
fields/00263__plt00087__fab0000_comp02_logden.f32__c0014__dt-f32/chunk_0,4194304,a050f166b2b0865b,24,np-setting,1.12958,3713184,3.24966,0,0,-1,0,1.12957
fields/00264__plt00088__fab0000_comp00_density.f32__c0006__dt-f32/chunk_0,4194304,d2b152d55e0044ea,24,np-setting,1.21023,3465744,3.26637,0,0,-1,0,1.21022
fields/00264__plt00088__fab0000_comp00_density.f32__c0014__dt-f32/chunk_0,4194304,631f9de1ca2667a8,24,np-setting,1.25189,3350400,4.61443,0,0,-1,0,1.25188
fields/00265__plt00088__fab0000_comp01_rho_E.f32__c0006__dt-f32/chunk_0,4194304,ce8fa1f51c6a9cf1,24,np-setting,2.8675,1462728,4.89722,0,0,-1,0,2.86745
fields/00265__plt00088__fab0000_comp01_rho_E.f32__c0014__dt-f32/chunk_0,4194304,e002ddbb27a22325,24,np-setting,13.8521,302816,1.50883,0,0,-1,0,13.851
fields/00266__plt00088__fab0000_comp02_logden.f32__c0006__dt-f32/chunk_0,4194304,1f56f80960aa74b1,24,np-setting,1.12116,3741078,3.36346,0,0,-1,0,1.12115
fields/00266__plt00088__fab0000_comp02_logden.f32__c0014__dt-f32/chunk_0,4194304,a050f166b2b0865b,24,np-setting,1.12958,3713184,4.26726,0,0,-1,0,1.12957
fields/00267__plt00089__fab0000_comp00_density.f32__c0006__dt-f32/chunk_0,4194304,83ee54637cf1926e,24,np-setting,1.20942,3468064,1.60938,0,0,-1,0,1.20941
fields/00267__plt00089__fab0000_comp00_density.f32__c0014__dt-f32/chunk_0,4194304,631f9de1ca2667a8,24,np-setting,1.25189,3350400,1.44336,0,0,-1,0,1.25188
fields/00268__plt00089__fab0000_comp01_rho_E.f32__c0006__dt-f32/chunk_0,4194304,373724b3ab70bbd4,24,np-setting,2.84185,1475928,1.70589,0,0,-1,0,2.84181
fields/00268__plt00089__fab0000_comp01_rho_E.f32__c0014__dt-f32/chunk_0,4194304,e002ddbb27a22325,24,np-setting,13.8521,302816,1.91971,0,0,-1,0,13.851
fields/00269__plt00089__fab0000_comp02_logden.f32__c0006__dt-f32/chunk_0,4194304,10f3edfb15ae2b9d,24,np-setting,1.12108,3741344,1.4704,0,0,-1,0,1.12107
fields/00269__plt00089__fab0000_comp02_logden.f32__c0014__dt-f32/chunk_0,4194304,a050f166b2b0865b,24,np-setting,1.12958,3713184,4.21085,0,0,-1,0,1.12957
fields/00270__plt00090__fab0000_comp00_density.f32__c0006__dt-f32/chunk_0,4194304,f7e38be4b9a2396c,24,np-setting,1.20865,3470276,3.5359,0,0,-1,0,1.20864
fields/00270__plt00090__fab0000_comp00_density.f32__c0014__dt-f32/chunk_0,4194304,631f9de1ca2667a8,24,np-setting,1.25189,3350400,4.91997,0,0,-1,0,1.25188
fields/00271__plt00090__fab0000_comp01_rho_E.f32__c0006__dt-f32/chunk_0,4194304,2ee352177edfb124,24,np-setting,2.81728,1488800,1.84595,0,0,-1,0,2.81724
fields/00271__plt00090__fab0000_comp01_rho_E.f32__c0014__dt-f32/chunk_0,4194304,e002ddbb27a22325,24,np-setting,13.8521,302816,1.84976,0,0,-1,0,13.851
fields/00272__plt00090__fab0000_comp02_logden.f32__c0006__dt-f32/chunk_0,4194304,298f2a51f444f0bf,24,np-setting,1.12104,3741464,2.97114,0,0,-1,0,1.12103
fields/00272__plt00090__fab0000_comp02_logden.f32__c0014__dt-f32/chunk_0,4194304,a050f166b2b0865b,24,np-setting,1.12958,3713184,2.56445,0,0,-1,0,1.12957
fields/00273__plt00091__fab0000_comp00_density.f32__c0006__dt-f32/chunk_0,4194304,7dea723364bd27a2,24,np-setting,1.20785,3472572,1.40154,0,0,-1,0,1.20784
fields/00273__plt00091__fab0000_comp00_density.f32__c0014__dt-f32/chunk_0,4194304,631f9de1ca2667a8,24,np-setting,1.25189,3350400,1.42486,0,0,-1,0,1.25188
fields/00274__plt00091__fab0000_comp01_rho_E.f32__c0006__dt-f32/chunk_0,4194304,6ee076104bfa1956,24,np-setting,2.79296,1501768,0.848032,0,0,-1,0,2.79291
fields/00274__plt00091__fab0000_comp01_rho_E.f32__c0014__dt-f32/chunk_0,4194304,e002ddbb27a22325,24,np-setting,13.8521,302816,4.06829,0,0,-1,0,13.851
fields/00275__plt00091__fab0000_comp02_logden.f32__c0006__dt-f32/chunk_0,4194304,6b258758645be9f9,24,np-setting,1.12097,3741704,5.10704,0,0,-1,0,1.12096
fields/00275__plt00091__fab0000_comp02_logden.f32__c0014__dt-f32/chunk_0,4194304,a050f166b2b0865b,24,np-setting,1.12958,3713184,2.19133,0,0,-1,0,1.12957
fields/00276__plt00092__fab0000_comp00_density.f32__c0006__dt-f32/chunk_0,4194304,498a13b00d08b423,24,np-setting,1.2071,3474720,2.95952,0,0,-1,0,1.20709
fields/00276__plt00092__fab0000_comp00_density.f32__c0014__dt-f32/chunk_0,4194304,631f9de1ca2667a8,24,np-setting,1.25189,3350400,3.74678,0,0,-1,0,1.25188
fields/00277__plt00092__fab0000_comp01_rho_E.f32__c0006__dt-f32/chunk_0,4194304,fcba8716ddfc9531,24,np-setting,2.76887,1514832,2.90042,0,0,-1,0,2.76882
fields/00277__plt00092__fab0000_comp01_rho_E.f32__c0014__dt-f32/chunk_0,4194304,e002ddbb27a22325,24,np-setting,13.8521,302816,2.90509,0,0,-1,0,13.851
fields/00278__plt00092__fab0000_comp02_logden.f32__c0006__dt-f32/chunk_0,4194304,cb2f7707595eb322,24,np-setting,1.12083,3742160,3.72378,0,0,-1,0,1.12082
fields/00278__plt00092__fab0000_comp02_logden.f32__c0014__dt-f32/chunk_0,4194304,a050f166b2b0865b,24,np-setting,1.12958,3713184,2.3271,0,0,-1,0,1.12957
fields/00279__plt00093__fab0000_comp00_density.f32__c0006__dt-f32/chunk_0,4194304,1dbec06d367bc2a9,24,np-setting,1.20638,3476804,2.31987,0,0,-1,0,1.20637
fields/00279__plt00093__fab0000_comp00_density.f32__c0014__dt-f32/chunk_0,4194304,631f9de1ca2667a8,24,np-setting,1.25189,3350400,3.63802,0,0,-1,0,1.25188
fields/00280__plt00093__fab0000_comp01_rho_E.f32__c0006__dt-f32/chunk_0,4194304,bf0485e89c633472,24,np-setting,2.74534,1527816,4.8344,0,0,-1,0,2.74529
fields/00280__plt00093__fab0000_comp01_rho_E.f32__c0014__dt-f32/chunk_0,4194304,e002ddbb27a22325,24,np-setting,13.8521,302816,2.89315,0,0,-1,0,13.851
fields/00281__plt00093__fab0000_comp02_logden.f32__c0006__dt-f32/chunk_0,4194304,1d4dffc3c9b0786f,24,np-setting,1.12074,3742480,4.85309,0,0,-1,0,1.12073
fields/00281__plt00093__fab0000_comp02_logden.f32__c0014__dt-f32/chunk_0,4194304,a050f166b2b0865b,24,np-setting,1.12958,3713184,3.62742,0,0,-1,0,1.12957
fields/00282__plt00094__fab0000_comp00_density.f32__c0006__dt-f32/chunk_0,4194304,51f96eccf6dab930,24,np-setting,1.20569,3478776,4.4743,0,0,-1,0,1.20568
fields/00282__plt00094__fab0000_comp00_density.f32__c0014__dt-f32/chunk_0,4194304,631f9de1ca2667a8,24,np-setting,1.25189,3350400,3.3247,0,0,-1,0,1.25188
fields/00283__plt00094__fab0000_comp01_rho_E.f32__c0006__dt-f32/chunk_0,4194304,9720969398226823,24,np-setting,2.7217,1541084,3.656,0,0,-1,0,2.72166
fields/00283__plt00094__fab0000_comp01_rho_E.f32__c0014__dt-f32/chunk_0,4194304,e002ddbb27a22325,24,np-setting,13.8521,302816,4.36835,0,0,-1,0,13.851
fields/00284__plt00094__fab0000_comp02_logden.f32__c0006__dt-f32/chunk_0,4194304,ba6f952ed9d5d461,24,np-setting,1.12066,3742720,4.47536,0,0,-1,0,1.12066
fields/00284__plt00094__fab0000_comp02_logden.f32__c0014__dt-f32/chunk_0,4194304,a050f166b2b0865b,24,np-setting,1.12958,3713184,4.0537,0,0,-1,0,1.12957
fields/00285__plt00095__fab0000_comp00_density.f32__c0006__dt-f32/chunk_0,4194304,ce63a43eb09d426,24,np-setting,1.20495,3480916,2.02986,0,0,-1,0,1.20494
fields/00285__plt00095__fab0000_comp00_density.f32__c0014__dt-f32/chunk_0,4194304,631f9de1ca2667a8,24,np-setting,1.25189,3350400,2.78698,0,0,-1,0,1.25188
fields/00286__plt00095__fab0000_comp01_rho_E.f32__c0006__dt-f32/chunk_0,4194304,1ddb3035dd48c13a,24,np-setting,2.69922,1553920,2.50544,0,0,-1,0,2.69918
fields/00286__plt00095__fab0000_comp01_rho_E.f32__c0014__dt-f32/chunk_0,4194304,e002ddbb27a22325,24,np-setting,13.8521,302816,2.52192,0,0,-1,0,13.851
fields/00287__plt00095__fab0000_comp02_logden.f32__c0006__dt-f32/chunk_0,4194304,680c8e28f87a733d,24,np-setting,1.12056,3743060,1.39021,0,0,-1,0,1.12055
fields/00287__plt00095__fab0000_comp02_logden.f32__c0014__dt-f32/chunk_0,4194304,a050f166b2b0865b,24,np-setting,1.12958,3713184,1.41075,0,0,-1,0,1.12957
fields/00288__plt00096__fab0000_comp00_density.f32__c0006__dt-f32/chunk_0,4194304,4f71e870976891e9,24,np-setting,1.20422,3483032,4.39126,0,0,-1,0,1.20421
fields/00288__plt00096__fab0000_comp00_density.f32__c0014__dt-f32/chunk_0,4194304,631f9de1ca2667a8,24,np-setting,1.25189,3350400,3.28298,0,0,-1,0,1.25188
fields/00289__plt00096__fab0000_comp01_rho_E.f32__c0006__dt-f32/chunk_0,4194304,ddd75bfd38b94772,24,np-setting,2.67617,1567300,2.80646,0,0,-1,0,2.67613
fields/00289__plt00096__fab0000_comp01_rho_E.f32__c0014__dt-f32/chunk_0,4194304,e002ddbb27a22325,24,np-setting,13.8521,302816,1.87894,0,0,-1,0,13.851
fields/00290__plt00096__fab0000_comp02_logden.f32__c0006__dt-f32/chunk_0,4194304,b87e0fde6edc1f9d,24,np-setting,1.1204,3743612,0.960096,0,0,-1,0,1.12039
fields/00290__plt00096__fab0000_comp02_logden.f32__c0014__dt-f32/chunk_0,4194304,a050f166b2b0865b,24,np-setting,1.12958,3713184,0.818976,0,0,-1,0,1.12957
fields/00291__plt00097__fab0000_comp00_density.f32__c0006__dt-f32/chunk_0,4194304,391a0ee3433987cd,24,np-setting,1.20348,3485156,2.62122,0,0,-1,0,1.20348
fields/00291__plt00097__fab0000_comp00_density.f32__c0014__dt-f32/chunk_0,4194304,631f9de1ca2667a8,24,np-setting,1.25189,3350400,3.65923,0,0,-1,0,1.25188
fields/00292__plt00097__fab0000_comp01_rho_E.f32__c0006__dt-f32/chunk_0,4194304,2a76453b11fb880,24,np-setting,2.65398,1580404,3.66256,0,0,-1,0,2.65394
fields/00292__plt00097__fab0000_comp01_rho_E.f32__c0014__dt-f32/chunk_0,4194304,e002ddbb27a22325,24,np-setting,13.8521,302816,2.50205,0,0,-1,0,13.851
fields/00293__plt00097__fab0000_comp02_logden.f32__c0006__dt-f32/chunk_0,4194304,d3bd5ca6d34ce260,24,np-setting,1.12027,3744024,3.15578,0,0,-1,0,1.12027
fields/00293__plt00097__fab0000_comp02_logden.f32__c0014__dt-f32/chunk_0,4194304,a050f166b2b0865b,24,np-setting,1.12958,3713184,3.4976,0,0,-1,0,1.12957
fields/00294__plt00098__fab0000_comp00_density.f32__c0006__dt-f32/chunk_0,4194304,241187d5573263a0,24,np-setting,1.20279,3487184,4.51299,0,0,-1,0,1.20278
fields/00294__plt00098__fab0000_comp00_density.f32__c0014__dt-f32/chunk_0,4194304,631f9de1ca2667a8,24,np-setting,1.25189,3350400,4.74998,0,0,-1,0,1.25188
fields/00295__plt00098__fab0000_comp01_rho_E.f32__c0006__dt-f32/chunk_0,4194304,d2a8831b4339b93c,24,np-setting,2.63156,1593872,3.14259,0,0,-1,0,2.63152
fields/00295__plt00098__fab0000_comp01_rho_E.f32__c0014__dt-f32/chunk_0,4194304,e002ddbb27a22325,24,np-setting,13.8521,302816,2.19309,0,0,-1,0,13.851
fields/00296__plt00098__fab0000_comp02_logden.f32__c0006__dt-f32/chunk_0,4194304,4842c57254a7c907,24,np-setting,1.12015,3744428,2.27235,0,0,-1,0,1.12015
fields/00296__plt00098__fab0000_comp02_logden.f32__c0014__dt-f32/chunk_0,4194304,a050f166b2b0865b,24,np-setting,1.12958,3713184,2.67024,0,0,-1,0,1.12957
fields/00297__plt00099__fab0000_comp00_density.f32__c0006__dt-f32/chunk_0,4194304,9f1235b4c52bdedd,24,np-setting,1.20231,3488560,1.80426,0,0,-1,0,1.2023
fields/00297__plt00099__fab0000_comp00_density.f32__c0014__dt-f32/chunk_0,4194304,631f9de1ca2667a8,24,np-setting,1.25189,3350400,3.80842,0,0,-1,0,1.25188
fields/00298__plt00099__fab0000_comp01_rho_E.f32__c0006__dt-f32/chunk_0,4194304,681c76084467dd2,24,np-setting,2.60974,1607200,3.54643,0,0,-1,0,2.6097
fields/00298__plt00099__fab0000_comp01_rho_E.f32__c0014__dt-f32/chunk_0,4194304,e002ddbb27a22325,24,np-setting,13.8521,302816,4.76451,0,0,-1,0,13.851
fields/00299__plt00099__fab0000_comp02_logden.f32__c0006__dt-f32/chunk_0,4194304,bfecca786d41e8f2,24,np-setting,1.12,3744932,3.79635,0,0,-1,0,1.11999
fields/00299__plt00099__fab0000_comp02_logden.f32__c0014__dt-f32/chunk_0,4194304,a050f166b2b0865b,24,np-setting,1.12958,3713184,4.34813,0,0,-1,0,1.12957
fields/00300__plt00100__fab0000_comp00_density.f32__c0006__dt-f32/chunk_0,4194304,5eb6beec52db285b,24,np-setting,1.20193,3489676,4.34762,0,0,-1,0,1.20192
fields/00300__plt00100__fab0000_comp00_density.f32__c0014__dt-f32/chunk_0,4194304,631f9de1ca2667a8,24,np-setting,1.25189,3350400,0.989248,0,0,-1,0,1.25188
fields/00301__plt00100__fab0000_comp01_rho_E.f32__c0006__dt-f32/chunk_0,4194304,54a22fdbec0f7df1,24,np-setting,2.58433,1623000,1.50973,0,0,-1,0,2.58429
fields/00301__plt00100__fab0000_comp01_rho_E.f32__c0014__dt-f32/chunk_0,4194304,e002ddbb27a22325,24,np-setting,13.8521,302816,1.71658,0,0,-1,0,13.851
fields/00302__plt00100__fab0000_comp02_logden.f32__c0006__dt-f32/chunk_0,4194304,d3b62b144ae93be4,24,np-setting,1.11983,3745508,1.71373,0,0,-1,0,1.11982
fields/00302__plt00100__fab0000_comp02_logden.f32__c0014__dt-f32/chunk_0,4194304,a050f166b2b0865b,24,np-setting,1.12958,3713184,10.1652,0,0,-1,0,1.12957
fields/00303__plt00101__fab0000_comp00_density.f32__c0006__dt-f32/chunk_0,4194304,c36cef70b42bdac9,24,np-setting,1.20148,3490960,2.61501,0,0,-1,0,1.20148
fields/00303__plt00101__fab0000_comp00_density.f32__c0014__dt-f32/chunk_0,4194304,631f9de1ca2667a8,24,np-setting,1.25189,3350400,4.85456,0,0,-1,0,1.25188
fields/00304__plt00101__fab0000_comp01_rho_E.f32__c0006__dt-f32/chunk_0,4194304,9d5d2d48757398a0,24,np-setting,2.55828,1639524,3.4809,0,0,-1,0,2.55824
fields/00304__plt00101__fab0000_comp01_rho_E.f32__c0014__dt-f32/chunk_0,4194304,e002ddbb27a22325,24,np-setting,13.8521,302816,3.55376,0,0,-1,0,13.851
fields/00305__plt00101__fab0000_comp02_logden.f32__c0006__dt-f32/chunk_0,4194304,45824f645aa0f5a7,24,np-setting,1.11966,3746076,4.44266,0,0,-1,0,1.11965
fields/00305__plt00101__fab0000_comp02_logden.f32__c0014__dt-f32/chunk_0,4194304,a050f166b2b0865b,24,np-setting,1.12958,3713184,3.82922,0,0,-1,0,1.12957
fields/00306__plt00102__fab0000_comp00_density.f32__c0006__dt-f32/chunk_0,4194304,b8afcdfde1d056fe,24,np-setting,1.20112,3492008,3.00915,0,0,-1,0,1.20112
fields/00306__plt00102__fab0000_comp00_density.f32__c0014__dt-f32/chunk_0,4194304,631f9de1ca2667a8,24,np-setting,1.25189,3350400,2.98451,0,0,-1,0,1.25188
fields/00307__plt00102__fab0000_comp01_rho_E.f32__c0006__dt-f32/chunk_0,4194304,e6cf126e49a594a8,24,np-setting,2.53156,1656828,4.15622,0,0,-1,0,2.53153
fields/00307__plt00102__fab0000_comp01_rho_E.f32__c0014__dt-f32/chunk_0,4194304,e002ddbb27a22325,24,np-setting,13.8521,302816,4.67517,0,0,-1,0,13.851
fields/00308__plt00102__fab0000_comp02_logden.f32__c0006__dt-f32/chunk_0,4194304,4a3a0c75b0aa6caa,24,np-setting,1.1194,3746930,8.07725,0,0,-1,0,1.1194
fields/00308__plt00102__fab0000_comp02_logden.f32__c0014__dt-f32/chunk_0,4194304,a050f166b2b0865b,24,np-setting,1.12958,3713184,3.56486,0,0,-1,0,1.12957
fields/00309__plt00103__fab0000_comp00_density.f32__c0006__dt-f32/chunk_0,4194304,a0f308a6ad2dac17,24,np-setting,1.20064,3493420,3.53021,0,0,-1,0,1.20063
fields/00309__plt00103__fab0000_comp00_density.f32__c0014__dt-f32/chunk_0,4194304,631f9de1ca2667a8,24,np-setting,1.25189,3350400,3.14998,0,0,-1,0,1.25188
fields/00310__plt00103__fab0000_comp01_rho_E.f32__c0006__dt-f32/chunk_0,4194304,6f966ced44a18793,24,np-setting,2.50821,1672252,3.57251,0,0,-1,0,2.50818
fields/00310__plt00103__fab0000_comp01_rho_E.f32__c0014__dt-f32/chunk_0,4194304,e002ddbb27a22325,24,np-setting,13.8521,302816,4.59261,0,0,-1,0,13.851
fields/00311__plt00103__fab0000_comp02_logden.f32__c0006__dt-f32/chunk_0,4194304,82b6dc8d4b1a0d8a,24,np-setting,1.11931,3747254,3.36864,0,0,-1,0,1.1193
fields/00311__plt00103__fab0000_comp02_logden.f32__c0014__dt-f32/chunk_0,4194304,a050f166b2b0865b,24,np-setting,1.12958,3713184,3.33149,0,0,-1,0,1.12957
fields/00312__plt00104__fab0000_comp00_density.f32__c0006__dt-f32/chunk_0,4194304,658c3d7d5fc4377,24,np-setting,1.20013,3494900,3.77974,0,0,-1,0,1.20012
fields/00312__plt00104__fab0000_comp00_density.f32__c0014__dt-f32/chunk_0,4194304,631f9de1ca2667a8,24,np-setting,1.25189,3350400,3.76598,0,0,-1,0,1.25188
fields/00313__plt00104__fab0000_comp01_rho_E.f32__c0006__dt-f32/chunk_0,4194304,6701a7913c81778,24,np-setting,2.48709,1686452,4.36022,0,0,-1,0,2.48706
fields/00313__plt00104__fab0000_comp01_rho_E.f32__c0014__dt-f32/chunk_0,4194304,e002ddbb27a22325,24,np-setting,13.8521,302816,2.98058,0,0,-1,0,13.851
fields/00314__plt00104__fab0000_comp02_logden.f32__c0006__dt-f32/chunk_0,4194304,8d9b127089f66db6,24,np-setting,1.11928,3747362,1.75085,0,0,-1,0,1.11927
fields/00314__plt00104__fab0000_comp02_logden.f32__c0014__dt-f32/chunk_0,4194304,a050f166b2b0865b,24,np-setting,1.12958,3713184,4.35242,0,0,-1,0,1.12957
fields/00315__plt00105__fab0000_comp00_density.f32__c0006__dt-f32/chunk_0,4194304,b213ea9feb6207c6,24,np-setting,1.19966,3496260,3.88899,0,0,-1,0,1.19965
fields/00315__plt00105__fab0000_comp00_density.f32__c0014__dt-f32/chunk_0,4194304,631f9de1ca2667a8,24,np-setting,1.25189,3350400,4.90074,0,0,-1,0,1.25188
fields/00316__plt00105__fab0000_comp01_rho_E.f32__c0006__dt-f32/chunk_0,4194304,c89a151f0c208d80,24,np-setting,2.46419,1702128,4.87392,0,0,-1,0,2.46415
fields/00316__plt00105__fab0000_comp01_rho_E.f32__c0014__dt-f32/chunk_0,4194304,e002ddbb27a22325,24,np-setting,13.8521,302816,2.07434,0,0,-1,0,13.851
fields/00317__plt00105__fab0000_comp02_logden.f32__c0006__dt-f32/chunk_0,4194304,65f927be2da57c47,24,np-setting,1.11918,3747688,3.42368,0,0,-1,0,1.11917
fields/00317__plt00105__fab0000_comp02_logden.f32__c0014__dt-f32/chunk_0,4194304,a050f166b2b0865b,24,np-setting,1.12958,3713184,3.81651,0,0,-1,0,1.12957
fields/00318__plt00106__fab0000_comp00_density.f32__c0006__dt-f32/chunk_0,4194304,7ddfc8094059554c,24,np-setting,1.19928,3497388,4.29766,0,0,-1,0,1.19927
fields/00318__plt00106__fab0000_comp00_density.f32__c0014__dt-f32/chunk_0,4194304,631f9de1ca2667a8,24,np-setting,1.25189,3350400,4.11405,0,0,-1,0,1.25188
fields/00319__plt00106__fab0000_comp01_rho_E.f32__c0006__dt-f32/chunk_0,4194304,3b2085494a84555a,24,np-setting,2.44239,1717320,3.22154,0,0,-1,0,2.44235
fields/00319__plt00106__fab0000_comp01_rho_E.f32__c0014__dt-f32/chunk_0,4194304,e002ddbb27a22325,24,np-setting,13.8521,302816,4.39069,0,0,-1,0,13.851
fields/00320__plt00106__fab0000_comp02_logden.f32__c0006__dt-f32/chunk_0,4194304,732ee0430c99e78a,24,np-setting,1.1191,3747948,2.37674,0,0,-1,0,1.11909
fields/00320__plt00106__fab0000_comp02_logden.f32__c0014__dt-f32/chunk_0,4194304,a050f166b2b0865b,24,np-setting,1.12958,3713184,3.41808,0,0,-1,0,1.12957
fields/00321__plt00107__fab0000_comp00_density.f32__c0006__dt-f32/chunk_0,4194304,8dcb89b4125eb9af,24,np-setting,1.1987,3499064,3.3464,0,0,-1,0,1.19869
fields/00321__plt00107__fab0000_comp00_density.f32__c0014__dt-f32/chunk_0,4194304,631f9de1ca2667a8,24,np-setting,1.25189,3350400,3.89786,0,0,-1,0,1.25188
fields/00322__plt00107__fab0000_comp01_rho_E.f32__c0006__dt-f32/chunk_0,4194304,e4507ec94eae6506,24,np-setting,2.42113,1732400,4.30563,0,0,-1,0,2.42109
fields/00322__plt00107__fab0000_comp01_rho_E.f32__c0014__dt-f32/chunk_0,4194304,e002ddbb27a22325,24,np-setting,13.8521,302816,3.52144,0,0,-1,0,13.851
fields/00323__plt00107__fab0000_comp02_logden.f32__c0006__dt-f32/chunk_0,4194304,dfb176d6f060f0e8,24,np-setting,1.1191,3747952,3.78026,0,0,-1,0,1.11909
fields/00323__plt00107__fab0000_comp02_logden.f32__c0014__dt-f32/chunk_0,4194304,a050f166b2b0865b,24,np-setting,1.12958,3713184,3.74275,0,0,-1,0,1.12957
fields/00324__plt00108__fab0000_comp00_density.f32__c0006__dt-f32/chunk_0,4194304,9426be5f822f0836,24,np-setting,1.19833,3500144,4.62682,0,0,-1,0,1.19832
fields/00324__plt00108__fab0000_comp00_density.f32__c0014__dt-f32/chunk_0,4194304,631f9de1ca2667a8,24,np-setting,1.25189,3350400,3.52362,0,0,-1,0,1.25188
fields/00325__plt00108__fab0000_comp01_rho_E.f32__c0006__dt-f32/chunk_0,4194304,47d323f08df6308f,24,np-setting,2.40123,1746752,2.86778,0,0,-1,0,2.4012
fields/00325__plt00108__fab0000_comp01_rho_E.f32__c0014__dt-f32/chunk_0,4194304,e002ddbb27a22325,24,np-setting,13.8521,302816,4.59766,0,0,-1,0,13.851
fields/00326__plt00108__fab0000_comp02_logden.f32__c0006__dt-f32/chunk_0,4194304,88e7281bf3c7a545,24,np-setting,1.11901,3748260,4.39379,0,0,-1,0,1.119
fields/00326__plt00108__fab0000_comp02_logden.f32__c0014__dt-f32/chunk_0,4194304,a050f166b2b0865b,24,np-setting,1.12958,3713184,4.03328,0,0,-1,0,1.12957
fields/00327__plt00109__fab0000_comp00_density.f32__c0006__dt-f32/chunk_0,4194304,e2c7396b073fe32c,24,np-setting,1.19785,3501552,3.59363,0,0,-1,0,1.19784
fields/00327__plt00109__fab0000_comp00_density.f32__c0014__dt-f32/chunk_0,4194304,631f9de1ca2667a8,24,np-setting,1.25189,3350400,4.50963,0,0,-1,0,1.25188
fields/00328__plt00109__fab0000_comp01_rho_E.f32__c0006__dt-f32/chunk_0,4194304,da14b824abe98ec0,24,np-setting,2.3821,1760784,3.0464,0,0,-1,0,2.38207
fields/00328__plt00109__fab0000_comp01_rho_E.f32__c0014__dt-f32/chunk_0,4194304,e002ddbb27a22325,24,np-setting,13.8521,302816,2.76742,0,0,-1,0,13.851
fields/00329__plt00109__fab0000_comp02_logden.f32__c0006__dt-f32/chunk_0,4194304,8bcbd8b0b9a4498e,24,np-setting,1.11896,3748424,4.01443,0,0,-1,0,1.11895
fields/00329__plt00109__fab0000_comp02_logden.f32__c0014__dt-f32/chunk_0,4194304,a050f166b2b0865b,24,np-setting,1.12958,3713184,3.88915,0,0,-1,0,1.12957
fields/00330__plt00110__fab0000_comp00_density.f32__c0006__dt-f32/chunk_0,4194304,4da62fbe3d547c38,24,np-setting,1.19737,3502964,3.48547,0,0,-1,0,1.19736
fields/00330__plt00110__fab0000_comp00_density.f32__c0014__dt-f32/chunk_0,4194304,631f9de1ca2667a8,24,np-setting,1.25189,3350400,3.15718,0,0,-1,0,1.25188
fields/00331__plt00110__fab0000_comp01_rho_E.f32__c0006__dt-f32/chunk_0,4194304,743bc7bbe41e67ae,24,np-setting,2.36337,1774736,2.14701,0,0,-1,0,2.36334
fields/00331__plt00110__fab0000_comp01_rho_E.f32__c0014__dt-f32/chunk_0,4194304,e002ddbb27a22325,24,np-setting,13.8521,302816,1.61005,0,0,-1,0,13.851
fields/00332__plt00110__fab0000_comp02_logden.f32__c0006__dt-f32/chunk_0,4194304,e17dfb447066f83f,24,np-setting,1.11891,3748590,2.1863,0,0,-1,0,1.1189
fields/00332__plt00110__fab0000_comp02_logden.f32__c0014__dt-f32/chunk_0,4194304,a050f166b2b0865b,24,np-setting,1.12958,3713184,2.87917,0,0,-1,0,1.12957
fields/00333__plt00111__fab0000_comp00_density.f32__c0006__dt-f32/chunk_0,4194304,9ead69b51a8114ee,24,np-setting,1.1969,3504336,1.79613,0,0,-1,0,1.19689
fields/00333__plt00111__fab0000_comp00_density.f32__c0014__dt-f32/chunk_0,4194304,631f9de1ca2667a8,24,np-setting,1.25189,3350400,5.43974,0,0,-1,0,1.25188
fields/00334__plt00111__fab0000_comp01_rho_E.f32__c0006__dt-f32/chunk_0,4194304,aaeb6c3465225ac0,24,np-setting,2.34598,1787896,8.10835,0,0,-1,0,2.34594
fields/00334__plt00111__fab0000_comp01_rho_E.f32__c0014__dt-f32/chunk_0,4194304,e002ddbb27a22325,24,np-setting,13.8521,302816,2.43536,0,0,-1,0,13.851
fields/00335__plt00111__fab0000_comp02_logden.f32__c0006__dt-f32/chunk_0,4194304,44c2010644789712,24,np-setting,1.11891,3748590,4.29376,0,0,-1,0,1.1189
fields/00335__plt00111__fab0000_comp02_logden.f32__c0014__dt-f32/chunk_0,4194304,a050f166b2b0865b,24,np-setting,1.12958,3713184,4.91107,0,0,-1,0,1.12957
fields/00336__plt00112__fab0000_comp00_density.f32__c0006__dt-f32/chunk_0,4194304,58bcb2cd0cc0f6b,24,np-setting,1.19646,3505628,3.50874,0,0,-1,0,1.19645
fields/00336__plt00112__fab0000_comp00_density.f32__c0014__dt-f32/chunk_0,4194304,631f9de1ca2667a8,24,np-setting,1.25189,3350400,5.13994,0,0,-1,0,1.25188
fields/00337__plt00112__fab0000_comp01_rho_E.f32__c0006__dt-f32/chunk_0,4194304,bdf09afaaa7c018,24,np-setting,2.32845,1801352,4.31094,0,0,-1,0,2.32842
fields/00337__plt00112__fab0000_comp01_rho_E.f32__c0014__dt-f32/chunk_0,4194304,e002ddbb27a22325,24,np-setting,13.8521,302816,2.20739,0,0,-1,0,13.851
fields/00338__plt00112__fab0000_comp02_logden.f32__c0006__dt-f32/chunk_0,4194304,3e5a70bc2a9f899a,24,np-setting,1.11884,3748830,4.66794,0,0,-1,0,1.11883
fields/00338__plt00112__fab0000_comp02_logden.f32__c0014__dt-f32/chunk_0,4194304,a050f166b2b0865b,24,np-setting,1.12958,3713184,2.87606,0,0,-1,0,1.12957
fields/00339__plt00113__fab0000_comp00_density.f32__c0006__dt-f32/chunk_0,4194304,77ab95dccaeb82aa,24,np-setting,1.19612,3506624,3.40989,0,0,-1,0,1.19611
fields/00339__plt00113__fab0000_comp00_density.f32__c0014__dt-f32/chunk_0,4194304,631f9de1ca2667a8,24,np-setting,1.25189,3350400,4.3063,0,0,-1,0,1.25188
fields/00340__plt00113__fab0000_comp01_rho_E.f32__c0006__dt-f32/chunk_0,4194304,4fa27f1564cdeb5d,24,np-setting,2.31072,1815172,2.02045,0,0,-1,0,2.31069
fields/00340__plt00113__fab0000_comp01_rho_E.f32__c0014__dt-f32/chunk_0,4194304,e002ddbb27a22325,24,np-setting,13.8521,302816,2.01811,0,0,-1,0,13.851
fields/00341__plt00113__fab0000_comp02_logden.f32__c0006__dt-f32/chunk_0,4194304,a89daede32952469,24,np-setting,1.11882,3748890,2.74026,0,0,-1,0,1.11881
fields/00341__plt00113__fab0000_comp02_logden.f32__c0014__dt-f32/chunk_0,4194304,a050f166b2b0865b,24,np-setting,1.12958,3713184,4.14979,0,0,-1,0,1.12957
fields/00342__plt00114__fab0000_comp00_density.f32__c0006__dt-f32/chunk_0,4194304,6281dc29f92c7a11,24,np-setting,1.19565,3508008,3.40822,0,0,-1,0,1.19564
fields/00342__plt00114__fab0000_comp00_density.f32__c0014__dt-f32/chunk_0,4194304,631f9de1ca2667a8,24,np-setting,1.25189,3350400,1.99722,0,0,-1,0,1.25188
fields/00343__plt00114__fab0000_comp01_rho_E.f32__c0006__dt-f32/chunk_0,4194304,88ed8fa183e44a85,24,np-setting,2.28997,1831620,4.4367,0,0,-1,0,2.28994
fields/00343__plt00114__fab0000_comp01_rho_E.f32__c0014__dt-f32/chunk_0,4194304,e002ddbb27a22325,24,np-setting,13.8521,302816,3.97123,0,0,-1,0,13.851
fields/00344__plt00114__fab0000_comp02_logden.f32__c0006__dt-f32/chunk_0,4194304,63fc6eb65004bc31,24,np-setting,1.11878,3749038,4.54605,0,0,-1,0,1.11877
fields/00344__plt00114__fab0000_comp02_logden.f32__c0014__dt-f32/chunk_0,4194304,a050f166b2b0865b,24,np-setting,1.12958,3713184,2.69706,0,0,-1,0,1.12957
fields/00345__plt00115__fab0000_comp00_density.f32__c0006__dt-f32/chunk_0,4194304,cc8023fd7227477,24,np-setting,1.19519,3509344,3.66822,0,0,-1,0,1.19518
fields/00345__plt00115__fab0000_comp00_density.f32__c0014__dt-f32/chunk_0,4194304,631f9de1ca2667a8,24,np-setting,1.25189,3350400,2.99712,0,0,-1,0,1.25188
fields/00346__plt00115__fab0000_comp01_rho_E.f32__c0006__dt-f32/chunk_0,4194304,8c6c4ad6bb688e5f,24,np-setting,2.27496,1843704,2.29789,0,0,-1,0,2.27493
fields/00346__plt00115__fab0000_comp01_rho_E.f32__c0014__dt-f32/chunk_0,4194304,e002ddbb27a22325,24,np-setting,13.8521,302816,2.58013,0,0,-1,0,13.851
fields/00347__plt00115__fab0000_comp02_logden.f32__c0006__dt-f32/chunk_0,4194304,5c8c4fbbac197678,24,np-setting,1.11874,3749166,1.73155,0,0,-1,0,1.11873
fields/00347__plt00115__fab0000_comp02_logden.f32__c0014__dt-f32/chunk_0,4194304,a050f166b2b0865b,24,np-setting,1.12958,3713184,3.41139,0,0,-1,0,1.12957
fields/00348__plt00116__fab0000_comp00_density.f32__c0006__dt-f32/chunk_0,4194304,fe8ece9aed3a5a27,24,np-setting,1.19458,3511132,6.16714,0,0,-1,0,1.19457
fields/00348__plt00116__fab0000_comp00_density.f32__c0014__dt-f32/chunk_0,4194304,631f9de1ca2667a8,24,np-setting,1.25189,3350400,4.29485,0,0,-1,0,1.25188
fields/00349__plt00116__fab0000_comp01_rho_E.f32__c0006__dt-f32/chunk_0,4194304,14a891bcab62e275,24,np-setting,2.25931,1856480,1.16234,0,0,-1,0,2.25928
fields/00349__plt00116__fab0000_comp01_rho_E.f32__c0014__dt-f32/chunk_0,4194304,e002ddbb27a22325,24,np-setting,13.8521,302816,2.30106,0,0,-1,0,13.851
fields/00350__plt00116__fab0000_comp02_logden.f32__c0006__dt-f32/chunk_0,4194304,1e908f79b858a8da,24,np-setting,1.11878,3749022,2.26816,0,0,-1,0,1.11877
fields/00350__plt00116__fab0000_comp02_logden.f32__c0014__dt-f32/chunk_0,4194304,a050f166b2b0865b,24,np-setting,1.12958,3713184,3.41027,0,0,-1,0,1.12957
fields/00351__plt00117__fab0000_comp00_density.f32__c0006__dt-f32/chunk_0,4194304,30492ffb5b5c7fec,24,np-setting,1.19404,3512712,1.12509,0,0,-1,0,1.19404
fields/00351__plt00117__fab0000_comp00_density.f32__c0014__dt-f32/chunk_0,4194304,631f9de1ca2667a8,24,np-setting,1.25189,3350400,4.1105,0,0,-1,0,1.25188
fields/00352__plt00117__fab0000_comp01_rho_E.f32__c0006__dt-f32/chunk_0,4194304,1476fa3e2d242201,24,np-setting,2.23734,1874704,3.45648,0,0,-1,0,2.23732
fields/00352__plt00117__fab0000_comp01_rho_E.f32__c0014__dt-f32/chunk_0,4194304,e002ddbb27a22325,24,np-setting,13.8521,302816,3.71654,0,0,-1,0,13.851
fields/00353__plt00117__fab0000_comp02_logden.f32__c0006__dt-f32/chunk_0,4194304,327c81af3db18c5c,24,np-setting,1.11878,3749006,5.15504,0,0,-1,0,1.11878
fields/00353__plt00117__fab0000_comp02_logden.f32__c0014__dt-f32/chunk_0,4194304,a050f166b2b0865b,24,np-setting,1.12958,3713184,4.20704,0,0,-1,0,1.12957
fields/00354__plt00118__fab0000_comp00_density.f32__c0006__dt-f32/chunk_0,4194304,bcea8eedc2c95cb6,24,np-setting,1.19361,3513980,1.71034,0,0,-1,0,1.1936
fields/00354__plt00118__fab0000_comp00_density.f32__c0014__dt-f32/chunk_0,4194304,631f9de1ca2667a8,24,np-setting,1.25189,3350400,5.13427,0,0,-1,0,1.25188
fields/00355__plt00118__fab0000_comp01_rho_E.f32__c0006__dt-f32/chunk_0,4194304,af6806fa83e8e757,24,np-setting,2.2155,1893184,3.55398,0,0,-1,0,2.21548
fields/00355__plt00118__fab0000_comp01_rho_E.f32__c0014__dt-f32/chunk_0,4194304,e002ddbb27a22325,24,np-setting,13.8521,302816,3.52176,0,0,-1,0,13.851
fields/00356__plt00118__fab0000_comp02_logden.f32__c0006__dt-f32/chunk_0,4194304,491be3bcd771e9a4,24,np-setting,1.11875,3749138,4.29094,0,0,-1,0,1.11874
fields/00356__plt00118__fab0000_comp02_logden.f32__c0014__dt-f32/chunk_0,4194304,a050f166b2b0865b,24,np-setting,1.12958,3713184,3.75853,0,0,-1,0,1.12957
fields/00357__plt00119__fab0000_comp00_density.f32__c0006__dt-f32/chunk_0,4194304,f283408b989034ef,24,np-setting,1.19303,3515692,4.17136,0,0,-1,0,1.19302
fields/00357__plt00119__fab0000_comp00_density.f32__c0014__dt-f32/chunk_0,4194304,631f9de1ca2667a8,24,np-setting,1.25189,3350400,3.56067,0,0,-1,0,1.25188
fields/00358__plt00119__fab0000_comp01_rho_E.f32__c0006__dt-f32/chunk_0,4194304,ccc78084494182b3,24,np-setting,2.19818,1908104,3.7248,0,0,-1,0,2.19815
fields/00358__plt00119__fab0000_comp01_rho_E.f32__c0014__dt-f32/chunk_0,4194304,e002ddbb27a22325,24,np-setting,13.8521,302816,2.71728,0,0,-1,0,13.851
fields/00359__plt00119__fab0000_comp02_logden.f32__c0006__dt-f32/chunk_0,4194304,fdd7242e791081c7,24,np-setting,1.11879,3749002,2.69805,0,0,-1,0,1.11878
fields/00359__plt00119__fab0000_comp02_logden.f32__c0014__dt-f32/chunk_0,4194304,a050f166b2b0865b,24,np-setting,1.12958,3713184,4.08614,0,0,-1,0,1.12957
fields/00360__plt00120__fab0000_comp00_density.f32__c0006__dt-f32/chunk_0,4194304,10f47150ef87fe7,24,np-setting,1.19258,3517016,4.07837,0,0,-1,0,1.19257
fields/00360__plt00120__fab0000_comp00_density.f32__c0014__dt-f32/chunk_0,4194304,631f9de1ca2667a8,24,np-setting,1.25189,3350400,1.83744,0,0,-1,0,1.25188
fields/00361__plt00120__fab0000_comp01_rho_E.f32__c0006__dt-f32/chunk_0,4194304,62a23ead5438a69,24,np-setting,2.18132,1922848,1.84077,0,0,-1,0,2.1813
fields/00361__plt00120__fab0000_comp01_rho_E.f32__c0014__dt-f32/chunk_0,4194304,e002ddbb27a22325,24,np-setting,13.8521,302816,2.6207,0,0,-1,0,13.851
fields/00362__plt00120__fab0000_comp02_logden.f32__c0006__dt-f32/chunk_0,4194304,3a4fd5dc3abd2fa8,24,np-setting,1.11873,3749174,6.90445,0,0,-1,0,1.11873
fields/00362__plt00120__fab0000_comp02_logden.f32__c0014__dt-f32/chunk_0,4194304,a050f166b2b0865b,24,np-setting,1.12958,3713184,3.42787,0,0,-1,0,1.12957
fields/00363__plt00121__fab0000_comp00_density.f32__c0006__dt-f32/chunk_0,4194304,4ce9b2a1bd362945,24,np-setting,1.19211,3518416,2.79808,0,0,-1,0,1.1921
fields/00363__plt00121__fab0000_comp00_density.f32__c0014__dt-f32/chunk_0,4194304,631f9de1ca2667a8,24,np-setting,1.25189,3350400,1.78614,0,0,-1,0,1.25188
fields/00364__plt00121__fab0000_comp01_rho_E.f32__c0006__dt-f32/chunk_0,4194304,7b892e11ca740bed,24,np-setting,2.16575,1936676,3.73286,0,0,-1,0,2.16572
fields/00364__plt00121__fab0000_comp01_rho_E.f32__c0014__dt-f32/chunk_0,4194304,e002ddbb27a22325,24,np-setting,13.8521,302816,3.32966,0,0,-1,0,13.851
fields/00365__plt00121__fab0000_comp02_logden.f32__c0006__dt-f32/chunk_0,4194304,6a7115a8ab6c268e,24,np-setting,1.11871,3749250,4.15734,0,0,-1,0,1.1187
fields/00365__plt00121__fab0000_comp02_logden.f32__c0014__dt-f32/chunk_0,4194304,a050f166b2b0865b,24,np-setting,1.12958,3713184,3.92208,0,0,-1,0,1.12957
fields/00366__plt00122__fab0000_comp00_density.f32__c0006__dt-f32/chunk_0,4194304,611b983df9a37b6f,24,np-setting,1.19163,3519820,1.85971,0,0,-1,0,1.19162
fields/00366__plt00122__fab0000_comp00_density.f32__c0014__dt-f32/chunk_0,4194304,631f9de1ca2667a8,24,np-setting,1.25189,3350400,2.60272,0,0,-1,0,1.25188
fields/00367__plt00122__fab0000_comp01_rho_E.f32__c0006__dt-f32/chunk_0,4194304,c2bb66e169d33077,24,np-setting,2.15189,1949152,4.00682,0,0,-1,0,2.15186
fields/00367__plt00122__fab0000_comp01_rho_E.f32__c0014__dt-f32/chunk_0,4194304,e002ddbb27a22325,24,np-setting,13.8521,302816,3.8311,0,0,-1,0,13.851
fields/00368__plt00122__fab0000_comp02_logden.f32__c0006__dt-f32/chunk_0,4194304,3d590d19deff75a6,24,np-setting,1.11862,3749560,2.12653,0,0,-1,0,1.11861
fields/00368__plt00122__fab0000_comp02_logden.f32__c0014__dt-f32/chunk_0,4194304,a050f166b2b0865b,24,np-setting,1.12958,3713184,3.8553,0,0,-1,0,1.12957
fields/00369__plt00123__fab0000_comp00_density.f32__c0006__dt-f32/chunk_0,4194304,ac491bf50a76c70c,24,np-setting,1.191,3521696,4.91066,0,0,-1,0,1.19099
fields/00369__plt00123__fab0000_comp00_density.f32__c0014__dt-f32/chunk_0,4194304,631f9de1ca2667a8,24,np-setting,1.25189,3350400,3.90112,0,0,-1,0,1.25188
fields/00370__plt00123__fab0000_comp01_rho_E.f32__c0006__dt-f32/chunk_0,4194304,4964a2b90323927e,24,np-setting,2.1387,1961172,2.26189,0,0,-1,0,2.13867
fields/00370__plt00123__fab0000_comp01_rho_E.f32__c0014__dt-f32/chunk_0,4194304,e002ddbb27a22325,24,np-setting,13.8521,302816,4.71226,0,0,-1,0,13.851
fields/00371__plt00123__fab0000_comp02_logden.f32__c0006__dt-f32/chunk_0,4194304,1cdea95b26232608,24,np-setting,1.11855,3749802,4.1368,0,0,-1,0,1.11854
fields/00371__plt00123__fab0000_comp02_logden.f32__c0014__dt-f32/chunk_0,4194304,a050f166b2b0865b,24,np-setting,1.12958,3713184,3.75104,0,0,-1,0,1.12957
fields/00372__plt00124__fab0000_comp00_density.f32__c0006__dt-f32/chunk_0,4194304,1df608f09bc720c1,24,np-setting,1.19057,3522976,4.2496,0,0,-1,0,1.19056
fields/00372__plt00124__fab0000_comp00_density.f32__c0014__dt-f32/chunk_0,4194304,631f9de1ca2667a8,24,np-setting,1.25189,3350400,4.38659,0,0,-1,0,1.25188
fields/00373__plt00124__fab0000_comp01_rho_E.f32__c0006__dt-f32/chunk_0,4194304,7ed34879096acae4,24,np-setting,2.1256,1973256,2.34144,0,0,-1,0,2.12558
fields/00373__plt00124__fab0000_comp01_rho_E.f32__c0014__dt-f32/chunk_0,4194304,e002ddbb27a22325,24,np-setting,13.8521,302816,2.55395,0,0,-1,0,13.851
fields/00374__plt00124__fab0000_comp02_logden.f32__c0006__dt-f32/chunk_0,4194304,d06b756518db76b1,24,np-setting,1.11847,3750050,3.30733,0,0,-1,0,1.11847
fields/00374__plt00124__fab0000_comp02_logden.f32__c0014__dt-f32/chunk_0,4194304,a050f166b2b0865b,24,np-setting,1.12958,3713184,3.47005,0,0,-1,0,1.12957
fields/00375__plt00125__fab0000_comp00_density.f32__c0006__dt-f32/chunk_0,4194304,928696bcbe24f22a,24,np-setting,1.19004,3524532,2.69421,0,0,-1,0,1.19003
fields/00375__plt00125__fab0000_comp00_density.f32__c0014__dt-f32/chunk_0,4194304,631f9de1ca2667a8,24,np-setting,1.25189,3350400,4.1369,0,0,-1,0,1.25188
fields/00376__plt00125__fab0000_comp01_rho_E.f32__c0006__dt-f32/chunk_0,4194304,848066c06616b052,24,np-setting,2.11161,1986332,4.01085,0,0,-1,0,2.11158
fields/00376__plt00125__fab0000_comp01_rho_E.f32__c0014__dt-f32/chunk_0,4194304,e002ddbb27a22325,24,np-setting,13.8521,302816,2.78874,0,0,-1,0,13.851
fields/00377__plt00125__fab0000_comp02_logden.f32__c0006__dt-f32/chunk_0,4194304,145903c8dd65ec4f,24,np-setting,1.11852,3749908,2.17203,0,0,-1,0,1.11851
fields/00377__plt00125__fab0000_comp02_logden.f32__c0014__dt-f32/chunk_0,4194304,a050f166b2b0865b,24,np-setting,1.12958,3713184,3.23702,0,0,-1,0,1.12957
fields/00378__plt00126__fab0000_comp00_density.f32__c0006__dt-f32/chunk_0,4194304,f7eb0fb439c09b56,24,np-setting,1.18955,3525996,3.9344,0,0,-1,0,1.18954
fields/00378__plt00126__fab0000_comp00_density.f32__c0014__dt-f32/chunk_0,4194304,631f9de1ca2667a8,24,np-setting,1.25189,3350400,3.76346,0,0,-1,0,1.25188
fields/00379__plt00126__fab0000_comp01_rho_E.f32__c0006__dt-f32/chunk_0,4194304,8e969e5ec4d9f2e1,24,np-setting,2.099,1998260,2.23206,0,0,-1,0,2.09898
fields/00379__plt00126__fab0000_comp01_rho_E.f32__c0014__dt-f32/chunk_0,4194304,e002ddbb27a22325,24,np-setting,13.8521,302816,2.92502,0,0,-1,0,13.851
fields/00380__plt00126__fab0000_comp02_logden.f32__c0006__dt-f32/chunk_0,4194304,1854a1d459e14af4,24,np-setting,1.11844,3750166,3.69565,0,0,-1,0,1.11843
fields/00380__plt00126__fab0000_comp02_logden.f32__c0014__dt-f32/chunk_0,4194304,a050f166b2b0865b,24,np-setting,1.12958,3713184,2.25757,0,0,-1,0,1.12957
fields/00381__plt00127__fab0000_comp00_density.f32__c0006__dt-f32/chunk_0,4194304,3a2e43d2f86f2f8,24,np-setting,1.18915,3527164,3.99741,0,0,-1,0,1.18914
fields/00381__plt00127__fab0000_comp00_density.f32__c0014__dt-f32/chunk_0,4194304,631f9de1ca2667a8,24,np-setting,1.25189,3350400,2.27558,0,0,-1,0,1.25188
fields/00382__plt00127__fab0000_comp01_rho_E.f32__c0006__dt-f32/chunk_0,4194304,284c8f7a38b7e2ec,24,np-setting,2.0862,2010520,3.74371,0,0,-1,0,2.08618
fields/00382__plt00127__fab0000_comp01_rho_E.f32__c0014__dt-f32/chunk_0,4194304,e002ddbb27a22325,24,np-setting,13.8521,302816,3.69091,0,0,-1,0,13.851
fields/00383__plt00127__fab0000_comp02_logden.f32__c0006__dt-f32/chunk_0,4194304,5721e31027546057,24,np-setting,1.11841,3750246,5.03379,0,0,-1,0,1.11841
fields/00383__plt00127__fab0000_comp02_logden.f32__c0014__dt-f32/chunk_0,4194304,a050f166b2b0865b,24,np-setting,1.12958,3713184,4.29133,0,0,-1,0,1.12957
fields/00384__plt00128__fab0000_comp00_density.f32__c0006__dt-f32/chunk_0,4194304,34d9212954da4367,24,np-setting,1.18869,3528544,3.05155,0,0,-1,0,1.18868
fields/00384__plt00128__fab0000_comp00_density.f32__c0014__dt-f32/chunk_0,4194304,631f9de1ca2667a8,24,np-setting,1.25189,3350400,3.1471,0,0,-1,0,1.25188
fields/00385__plt00128__fab0000_comp01_rho_E.f32__c0006__dt-f32/chunk_0,4194304,23c60827e7fc2835,24,np-setting,2.07356,2022776,3.24442,0,0,-1,0,2.07354
fields/00385__plt00128__fab0000_comp01_rho_E.f32__c0014__dt-f32/chunk_0,4194304,e002ddbb27a22325,24,np-setting,13.8521,302816,3.03206,0,0,-1,0,13.851
fields/00386__plt00128__fab0000_comp02_logden.f32__c0006__dt-f32/chunk_0,4194304,965505219534d0de,24,np-setting,1.11841,3750278,3.39578,0,0,-1,0,1.1184
fields/00386__plt00128__fab0000_comp02_logden.f32__c0014__dt-f32/chunk_0,4194304,a050f166b2b0865b,24,np-setting,1.12958,3713184,4.98445,0,0,-1,0,1.12957
fields/00387__plt00129__fab0000_comp00_density.f32__c0006__dt-f32/chunk_0,4194304,76c0780f4e11938e,24,np-setting,1.18823,3529892,4.50621,0,0,-1,0,1.18822
fields/00387__plt00129__fab0000_comp00_density.f32__c0014__dt-f32/chunk_0,4194304,631f9de1ca2667a8,24,np-setting,1.25189,3350400,3.97776,0,0,-1,0,1.25188
fields/00388__plt00129__fab0000_comp01_rho_E.f32__c0006__dt-f32/chunk_0,4194304,335ab96ed5b560d4,24,np-setting,2.06121,2034900,4.43456,0,0,-1,0,2.06118
fields/00388__plt00129__fab0000_comp01_rho_E.f32__c0014__dt-f32/chunk_0,4194304,e002ddbb27a22325,24,np-setting,13.8521,302816,3.37168,0,0,-1,0,13.851
fields/00389__plt00129__fab0000_comp02_logden.f32__c0006__dt-f32/chunk_0,4194304,8b5d2fc01d4f9c83,24,np-setting,1.11836,3750424,3.66557,0,0,-1,0,1.11835
fields/00389__plt00129__fab0000_comp02_logden.f32__c0014__dt-f32/chunk_0,4194304,a050f166b2b0865b,24,np-setting,1.12958,3713184,3.50934,0,0,-1,0,1.12957
fields/00390__plt00130__fab0000_comp00_density.f32__c0006__dt-f32/chunk_0,4194304,8c41c4d1b8e8dd2c,24,np-setting,1.18768,3531548,2.1896,0,0,-1,0,1.18767
fields/00390__plt00130__fab0000_comp00_density.f32__c0014__dt-f32/chunk_0,4194304,631f9de1ca2667a8,24,np-setting,1.25189,3350400,3.43706,0,0,-1,0,1.25188
fields/00391__plt00130__fab0000_comp01_rho_E.f32__c0006__dt-f32/chunk_0,4194304,7244371843ab180e,24,np-setting,2.046,2050024,3.14944,0,0,-1,0,2.04598
fields/00391__plt00130__fab0000_comp01_rho_E.f32__c0014__dt-f32/chunk_0,4194304,e002ddbb27a22325,24,np-setting,13.8521,302816,3.24323,0,0,-1,0,13.851
fields/00392__plt00130__fab0000_comp02_logden.f32__c0006__dt-f32/chunk_0,4194304,a7726afc5a03b47f,24,np-setting,1.11836,3750436,3.79094,0,0,-1,0,1.11835
fields/00392__plt00130__fab0000_comp02_logden.f32__c0014__dt-f32/chunk_0,4194304,a050f166b2b0865b,24,np-setting,1.12958,3713184,3.55805,0,0,-1,0,1.12957
fields/00393__plt00131__fab0000_comp00_density.f32__c0006__dt-f32/chunk_0,4194304,6a364e313453a58b,24,np-setting,1.18726,3532792,4.09578,0,0,-1,0,1.18725
fields/00393__plt00131__fab0000_comp00_density.f32__c0014__dt-f32/chunk_0,4194304,631f9de1ca2667a8,24,np-setting,1.25189,3350400,2.50666,0,0,-1,0,1.25188
fields/00394__plt00131__fab0000_comp01_rho_E.f32__c0006__dt-f32/chunk_0,4194304,1b761e972cd77ecc,24,np-setting,2.02926,2066932,1.79347,0,0,-1,0,2.02924
fields/00394__plt00131__fab0000_comp01_rho_E.f32__c0014__dt-f32/chunk_0,4194304,e002ddbb27a22325,24,np-setting,13.8521,302816,2.21536,0,0,-1,0,13.851
fields/00395__plt00131__fab0000_comp02_logden.f32__c0006__dt-f32/chunk_0,4194304,1bf1d2c19c819f96,24,np-setting,1.11835,3750466,2.89331,0,0,-1,0,1.11834
fields/00395__plt00131__fab0000_comp02_logden.f32__c0014__dt-f32/chunk_0,4194304,a050f166b2b0865b,24,np-setting,1.12958,3713184,1.80528,0,0,-1,0,1.12957
fields/00396__plt00132__fab0000_comp00_density.f32__c0006__dt-f32/chunk_0,4194304,2baeb87bca0cee7f,24,np-setting,1.18684,3534032,3.52352,0,0,-1,0,1.18683
fields/00396__plt00132__fab0000_comp00_density.f32__c0014__dt-f32/chunk_0,4194304,631f9de1ca2667a8,24,np-setting,1.25189,3350400,4.34205,0,0,-1,0,1.25188
fields/00397__plt00132__fab0000_comp01_rho_E.f32__c0006__dt-f32/chunk_0,4194304,6e80ca8c23049260,24,np-setting,2.01353,2083088,4.64867,0,0,-1,0,2.0135
fields/00397__plt00132__fab0000_comp01_rho_E.f32__c0014__dt-f32/chunk_0,4194304,e002ddbb27a22325,24,np-setting,13.8521,302816,4.53011,0,0,-1,0,13.851
fields/00398__plt00132__fab0000_comp02_logden.f32__c0006__dt-f32/chunk_0,4194304,33b423ac6f97b225,24,np-setting,1.11829,3750666,6.68349,0,0,-1,0,1.11828
fields/00398__plt00132__fab0000_comp02_logden.f32__c0014__dt-f32/chunk_0,4194304,a050f166b2b0865b,24,np-setting,1.12958,3713184,0.251328,0,0,-1,0,1.12957
fields/00399__plt00133__fab0000_comp00_density.f32__c0006__dt-f32/chunk_0,4194304,2df96bd291983e50,24,np-setting,1.18625,3535804,2.46061,0,0,-1,0,1.18624
fields/00399__plt00133__fab0000_comp00_density.f32__c0014__dt-f32/chunk_0,4194304,631f9de1ca2667a8,24,np-setting,1.25189,3350400,2.48682,0,0,-1,0,1.25188
fields/00400__plt00133__fab0000_comp01_rho_E.f32__c0006__dt-f32/chunk_0,4194304,c780eb6649a419bf,24,np-setting,1.99927,2097944,4.33885,0,0,-1,0,1.99924
fields/00400__plt00133__fab0000_comp01_rho_E.f32__c0014__dt-f32/chunk_0,4194304,e002ddbb27a22325,24,np-setting,13.8521,302816,3.7816,0,0,-1,0,13.851
fields/00401__plt00133__fab0000_comp02_logden.f32__c0006__dt-f32/chunk_0,4194304,61e63ee925b32d78,24,np-setting,1.11831,3750610,3.89779,0,0,-1,0,1.1183
fields/00401__plt00133__fab0000_comp02_logden.f32__c0014__dt-f32/chunk_0,4194304,a050f166b2b0865b,24,np-setting,1.12958,3713184,3.81715,0,0,-1,0,1.12957
fields/00402__plt00134__fab0000_comp00_density.f32__c0006__dt-f32/chunk_0,4194304,7d763f14f13eeca2,24,np-setting,1.18569,3537464,3.87683,0,0,-1,0,1.18568
fields/00402__plt00134__fab0000_comp00_density.f32__c0014__dt-f32/chunk_0,4194304,631f9de1ca2667a8,24,np-setting,1.25189,3350400,4.12419,0,0,-1,0,1.25188
fields/00403__plt00134__fab0000_comp01_rho_E.f32__c0006__dt-f32/chunk_0,4194304,dabebcc38449ce6c,24,np-setting,1.98541,2112584,4.77562,0,0,-1,0,1.98539
fields/00403__plt00134__fab0000_comp01_rho_E.f32__c0014__dt-f32/chunk_0,4194304,e002ddbb27a22325,24,np-setting,13.8521,302816,4.11658,0,0,-1,0,13.851
fields/00404__plt00134__fab0000_comp02_logden.f32__c0006__dt-f32/chunk_0,4194304,ea644be2c286db71,24,np-setting,1.11831,3750606,3.60682,0,0,-1,0,1.1183
fields/00404__plt00134__fab0000_comp02_logden.f32__c0014__dt-f32/chunk_0,4194304,a050f166b2b0865b,24,np-setting,1.12958,3713184,3.81018,0,0,-1,0,1.12957
fields/00405__plt00135__fab0000_comp00_density.f32__c0006__dt-f32/chunk_0,4194304,328e489b7241055c,24,np-setting,1.18509,3539252,5.15114,0,0,-1,0,1.18508
fields/00405__plt00135__fab0000_comp00_density.f32__c0014__dt-f32/chunk_0,4194304,631f9de1ca2667a8,24,np-setting,1.25189,3350400,3.33357,0,0,-1,0,1.25188
fields/00406__plt00135__fab0000_comp01_rho_E.f32__c0006__dt-f32/chunk_0,4194304,cc691f051cd05b71,24,np-setting,1.97285,2126032,2.17408,0,0,-1,0,1.97283
fields/00406__plt00135__fab0000_comp01_rho_E.f32__c0014__dt-f32/chunk_0,4194304,e002ddbb27a22325,24,np-setting,13.8521,302816,2.11965,0,0,-1,0,13.851
fields/00407__plt00135__fab0000_comp02_logden.f32__c0006__dt-f32/chunk_0,4194304,88d420d665df1031,24,np-setting,1.11832,3750554,4.50109,0,0,-1,0,1.11832
fields/00407__plt00135__fab0000_comp02_logden.f32__c0014__dt-f32/chunk_0,4194304,a050f166b2b0865b,24,np-setting,1.12958,3713184,3.33222,0,0,-1,0,1.12957
fields/00408__plt00136__fab0000_comp00_density.f32__c0006__dt-f32/chunk_0,4194304,785043a175de4cb2,24,np-setting,1.18435,3541468,5.12144,0,0,-1,0,1.18434
fields/00408__plt00136__fab0000_comp00_density.f32__c0014__dt-f32/chunk_0,4194304,631f9de1ca2667a8,24,np-setting,1.25189,3350400,2.96186,0,0,-1,0,1.25188
fields/00409__plt00136__fab0000_comp01_rho_E.f32__c0006__dt-f32/chunk_0,4194304,b4c13d14b37171a,24,np-setting,1.96078,2139124,4.34464,0,0,-1,0,1.96076
fields/00409__plt00136__fab0000_comp01_rho_E.f32__c0014__dt-f32/chunk_0,4194304,e002ddbb27a22325,24,np-setting,13.8521,302816,3.49328,0,0,-1,0,13.851
fields/00410__plt00136__fab0000_comp02_logden.f32__c0006__dt-f32/chunk_0,4194304,72240ee3d42d4f5f,24,np-setting,1.11839,3750332,6.47187,0,0,-1,0,1.11838
fields/00410__plt00136__fab0000_comp02_logden.f32__c0014__dt-f32/chunk_0,4194304,a050f166b2b0865b,24,np-setting,1.12958,3713184,4.06362,0,0,-1,0,1.12957
fields/00411__plt00137__fab0000_comp00_density.f32__c0006__dt-f32/chunk_0,4194304,ec949bac48c2e284,24,np-setting,1.18383,3543008,4.01114,0,0,-1,0,1.18383
fields/00411__plt00137__fab0000_comp00_density.f32__c0014__dt-f32/chunk_0,4194304,631f9de1ca2667a8,24,np-setting,1.25189,3350400,4.69347,0,0,-1,0,1.25188
fields/00412__plt00137__fab0000_comp01_rho_E.f32__c0006__dt-f32/chunk_0,4194304,a9d6f8b25da046a3,24,np-setting,1.95072,2150152,3.44323,0,0,-1,0,1.9507
fields/00412__plt00137__fab0000_comp01_rho_E.f32__c0014__dt-f32/chunk_0,4194304,e002ddbb27a22325,24,np-setting,13.8521,302816,2.23728,0,0,-1,0,13.851
fields/00413__plt00137__fab0000_comp02_logden.f32__c0006__dt-f32/chunk_0,4194304,9f391c5e98ac4d53,24,np-setting,1.1184,3750288,2.42915,0,0,-1,0,1.1184
fields/00413__plt00137__fab0000_comp02_logden.f32__c0014__dt-f32/chunk_0,4194304,a050f166b2b0865b,24,np-setting,1.12958,3713184,2.8377,0,0,-1,0,1.12957
fields/00414__plt00138__fab0000_comp00_density.f32__c0006__dt-f32/chunk_0,4194304,4516b330accf4b99,24,np-setting,1.18328,3544668,4.23069,0,0,-1,0,1.18327
fields/00414__plt00138__fab0000_comp00_density.f32__c0014__dt-f32/chunk_0,4194304,631f9de1ca2667a8,24,np-setting,1.25189,3350400,4.86557,0,0,-1,0,1.25188
fields/00415__plt00138__fab0000_comp01_rho_E.f32__c0006__dt-f32/chunk_0,4194304,f4cbd5b35131c72e,24,np-setting,1.94108,2160832,2.51888,0,0,-1,0,1.94106
fields/00415__plt00138__fab0000_comp01_rho_E.f32__c0014__dt-f32/chunk_0,4194304,e002ddbb27a22325,24,np-setting,13.8521,302816,2.33264,0,0,-1,0,13.851
fields/00416__plt00138__fab0000_comp02_logden.f32__c0006__dt-f32/chunk_0,4194304,b2053a584123596f,24,np-setting,1.11844,3750148,3.04826,0,0,-1,0,1.11844
fields/00416__plt00138__fab0000_comp02_logden.f32__c0014__dt-f32/chunk_0,4194304,a050f166b2b0865b,24,np-setting,1.12958,3713184,2.91824,0,0,-1,0,1.12957
fields/00417__plt00139__fab0000_comp00_density.f32__c0006__dt-f32/chunk_0,4194304,8fd927f5f5b3f9f,24,np-setting,1.18269,3546436,2.05338,0,0,-1,0,1.18268
fields/00417__plt00139__fab0000_comp00_density.f32__c0014__dt-f32/chunk_0,4194304,631f9de1ca2667a8,24,np-setting,1.25189,3350400,2.22314,0,0,-1,0,1.25188
fields/00418__plt00139__fab0000_comp01_rho_E.f32__c0006__dt-f32/chunk_0,4194304,a9d6580af7f6ef4e,24,np-setting,1.93058,2172584,2.39299,0,0,-1,0,1.93056
fields/00418__plt00139__fab0000_comp01_rho_E.f32__c0014__dt-f32/chunk_0,4194304,e002ddbb27a22325,24,np-setting,13.8521,302816,3.14966,0,0,-1,0,13.851
fields/00419__plt00139__fab0000_comp02_logden.f32__c0006__dt-f32/chunk_0,4194304,ffd0f2345e63d6ec,24,np-setting,1.11848,3750042,2.32861,0,0,-1,0,1.11847
fields/00419__plt00139__fab0000_comp02_logden.f32__c0014__dt-f32/chunk_0,4194304,a050f166b2b0865b,24,np-setting,1.12958,3713184,2.03286,0,0,-1,0,1.12957
fields/00420__plt00140__fab0000_comp00_density.f32__c0006__dt-f32/chunk_0,4194304,24221bd937cc06fc,24,np-setting,1.18218,3547960,0.411008,0,0,-1,0,1.18217
fields/00420__plt00140__fab0000_comp00_density.f32__c0014__dt-f32/chunk_0,4194304,631f9de1ca2667a8,24,np-setting,1.25189,3350400,1.77805,0,0,-1,0,1.25188
fields/00421__plt00140__fab0000_comp01_rho_E.f32__c0006__dt-f32/chunk_0,4194304,3832d0dac4939d5e,24,np-setting,1.91991,2184660,3.54662,0,0,-1,0,1.91989
fields/00421__plt00140__fab0000_comp01_rho_E.f32__c0014__dt-f32/chunk_0,4194304,e002ddbb27a22325,24,np-setting,13.8521,302816,4.49114,0,0,-1,0,13.851
fields/00422__plt00140__fab0000_comp02_logden.f32__c0006__dt-f32/chunk_0,4194304,f0957c39b8c4e381,24,np-setting,1.1185,3749970,4.19203,0,0,-1,0,1.11849
fields/00422__plt00140__fab0000_comp02_logden.f32__c0014__dt-f32/chunk_0,4194304,a050f166b2b0865b,24,np-setting,1.12958,3713184,4.17997,0,0,-1,0,1.12957
fields/00423__plt00141__fab0000_comp00_density.f32__c0006__dt-f32/chunk_0,4194304,d59bafe347c2866b,24,np-setting,1.1817,3549396,4.5192,0,0,-1,0,1.1817
fields/00423__plt00141__fab0000_comp00_density.f32__c0014__dt-f32/chunk_0,4194304,631f9de1ca2667a8,24,np-setting,1.25189,3350400,2.98682,0,0,-1,0,1.25188
fields/00424__plt00141__fab0000_comp01_rho_E.f32__c0006__dt-f32/chunk_0,4194304,baf2f7621c1ded0b,24,np-setting,1.90723,2199184,2.15616,0,0,-1,0,1.90721
fields/00424__plt00141__fab0000_comp01_rho_E.f32__c0014__dt-f32/chunk_0,4194304,e002ddbb27a22325,24,np-setting,13.8521,302816,1.91894,0,0,-1,0,13.851
fields/00425__plt00141__fab0000_comp02_logden.f32__c0006__dt-f32/chunk_0,4194304,a6cd63e376c1d4fd,24,np-setting,1.11857,3749726,3.90726,0,0,-1,0,1.11856
fields/00425__plt00141__fab0000_comp02_logden.f32__c0014__dt-f32/chunk_0,4194304,a050f166b2b0865b,24,np-setting,1.12958,3713184,3.01501,0,0,-1,0,1.12957
fields/00426__plt00142__fab0000_comp00_density.f32__c0006__dt-f32/chunk_0,4194304,6c1f1125e458d036,24,np-setting,1.18114,3551076,5.576,0,0,-1,0,1.18114
fields/00426__plt00142__fab0000_comp00_density.f32__c0014__dt-f32/chunk_0,4194304,631f9de1ca2667a8,24,np-setting,1.25189,3350400,4.04477,0,0,-1,0,1.25188
fields/00427__plt00142__fab0000_comp01_rho_E.f32__c0006__dt-f32/chunk_0,4194304,c5357b10a7587095,24,np-setting,1.89132,2217680,3.9031,0,0,-1,0,1.8913
fields/00427__plt00142__fab0000_comp01_rho_E.f32__c0014__dt-f32/chunk_0,4194304,e002ddbb27a22325,24,np-setting,13.8521,302816,3.77587,0,0,-1,0,13.851
fields/00428__plt00142__fab0000_comp02_logden.f32__c0006__dt-f32/chunk_0,4194304,c125f143c90e0f1a,24,np-setting,1.11865,3749452,7.45062,0,0,-1,0,1.11864
fields/00428__plt00142__fab0000_comp02_logden.f32__c0014__dt-f32/chunk_0,4194304,a050f166b2b0865b,24,np-setting,1.12958,3713184,1.75488,0,0,-1,0,1.12957
fields/00429__plt00143__fab0000_comp00_density.f32__c0006__dt-f32/chunk_0,4194304,25f1abdf15ca0049,24,np-setting,1.18082,3552056,2.50298,0,0,-1,0,1.18081
fields/00429__plt00143__fab0000_comp00_density.f32__c0014__dt-f32/chunk_0,4194304,631f9de1ca2667a8,24,np-setting,1.25189,3350400,1.13904,0,0,-1,0,1.25188
fields/00430__plt00143__fab0000_comp01_rho_E.f32__c0006__dt-f32/chunk_0,4194304,2a6ca668f3158d56,24,np-setting,1.87472,2237320,3.78957,0,0,-1,0,1.8747
fields/00430__plt00143__fab0000_comp01_rho_E.f32__c0014__dt-f32/chunk_0,4194304,e002ddbb27a22325,24,np-setting,13.8521,302816,3.78074,0,0,-1,0,13.851
fields/00431__plt00143__fab0000_comp02_logden.f32__c0006__dt-f32/chunk_0,4194304,8a28910670d171f0,24,np-setting,1.11864,3749476,3.26704,0,0,-1,0,1.11864
fields/00431__plt00143__fab0000_comp02_logden.f32__c0014__dt-f32/chunk_0,4194304,a050f166b2b0865b,24,np-setting,1.12958,3713184,3.46077,0,0,-1,0,1.12957
fields/00432__plt00144__fab0000_comp00_density.f32__c0006__dt-f32/chunk_0,4194304,8dc22d882936478b,24,np-setting,1.18034,3553480,3.90902,0,0,-1,0,1.18034
fields/00432__plt00144__fab0000_comp00_density.f32__c0014__dt-f32/chunk_0,4194304,631f9de1ca2667a8,24,np-setting,1.25189,3350400,1.70458,0,0,-1,0,1.25188
fields/00433__plt00144__fab0000_comp01_rho_E.f32__c0006__dt-f32/chunk_0,4194304,345a6b9febfc35ae,24,np-setting,1.85686,2258840,4.06413,0,0,-1,0,1.85684
fields/00433__plt00144__fab0000_comp01_rho_E.f32__c0014__dt-f32/chunk_0,4194304,e002ddbb27a22325,24,np-setting,13.8521,302816,4.25088,0,0,-1,0,13.851
fields/00434__plt00144__fab0000_comp02_logden.f32__c0006__dt-f32/chunk_0,4194304,ae6b9bf016bcd3d7,24,np-setting,1.11883,3748856,4.71798,0,0,-1,0,1.11882
fields/00434__plt00144__fab0000_comp02_logden.f32__c0014__dt-f32/chunk_0,4194304,a050f166b2b0865b,24,np-setting,1.12958,3713184,3.95309,0,0,-1,0,1.12957
fields/00435__plt00145__fab0000_comp00_density.f32__c0006__dt-f32/chunk_0,4194304,b381af8ef23ddeb4,24,np-setting,1.17991,3554780,2.5441,0,0,-1,0,1.17991
fields/00435__plt00145__fab0000_comp00_density.f32__c0014__dt-f32/chunk_0,4194304,631f9de1ca2667a8,24,np-setting,1.25189,3350400,2.05578,0,0,-1,0,1.25188
fields/00436__plt00145__fab0000_comp01_rho_E.f32__c0006__dt-f32/chunk_0,4194304,80177eb9a3239774,24,np-setting,1.83946,2280204,3.51037,0,0,-1,0,1.83944
fields/00436__plt00145__fab0000_comp01_rho_E.f32__c0014__dt-f32/chunk_0,4194304,e002ddbb27a22325,24,np-setting,13.8521,302816,2.25309,0,0,-1,0,13.851
fields/00437__plt00145__fab0000_comp02_logden.f32__c0006__dt-f32/chunk_0,4194304,f0cc7efc26d3dd0d,24,np-setting,1.1189,3748604,1.63885,0,0,-1,0,1.1189
fields/00437__plt00145__fab0000_comp02_logden.f32__c0014__dt-f32/chunk_0,4194304,a050f166b2b0865b,24,np-setting,1.12958,3713184,2.05875,0,0,-1,0,1.12957
fields/00438__plt00146__fab0000_comp00_density.f32__c0006__dt-f32/chunk_0,4194304,315171cc49775714,24,np-setting,1.1795,3556032,5.084,0,0,-1,0,1.17949
fields/00438__plt00146__fab0000_comp00_density.f32__c0014__dt-f32/chunk_0,4194304,631f9de1ca2667a8,24,np-setting,1.25189,3350400,4.74941,0,0,-1,0,1.25188
fields/00439__plt00146__fab0000_comp01_rho_E.f32__c0006__dt-f32/chunk_0,4194304,6756005d1e4eac88,24,np-setting,1.82385,2299728,4.02227,0,0,-1,0,1.82383
fields/00439__plt00146__fab0000_comp01_rho_E.f32__c0014__dt-f32/chunk_0,4194304,e002ddbb27a22325,24,np-setting,13.8521,302816,4.24294,0,0,-1,0,13.851
fields/00440__plt00146__fab0000_comp02_logden.f32__c0006__dt-f32/chunk_0,4194304,81632b00c1776d3b,24,np-setting,1.11901,3748252,4.29171,0,0,-1,0,1.119
fields/00440__plt00146__fab0000_comp02_logden.f32__c0014__dt-f32/chunk_0,4194304,a050f166b2b0865b,24,np-setting,1.12958,3713184,5.76198,0,0,-1,0,1.12957
fields/00441__plt00147__fab0000_comp00_density.f32__c0006__dt-f32/chunk_0,4194304,d531b1331040052f,24,np-setting,1.17906,3557348,1.85594,0,0,-1,0,1.17905
fields/00441__plt00147__fab0000_comp00_density.f32__c0014__dt-f32/chunk_0,4194304,631f9de1ca2667a8,24,np-setting,1.25189,3350400,1.8279,0,0,-1,0,1.25188
fields/00442__plt00147__fab0000_comp01_rho_E.f32__c0006__dt-f32/chunk_0,4194304,ac5f3e4c74eec088,24,np-setting,1.81049,2316692,2.29296,0,0,-1,0,1.81047
fields/00442__plt00147__fab0000_comp01_rho_E.f32__c0014__dt-f32/chunk_0,4194304,e002ddbb27a22325,24,np-setting,13.8521,302816,3.63696,0,0,-1,0,13.851
fields/00443__plt00147__fab0000_comp02_logden.f32__c0006__dt-f32/chunk_0,4194304,692d9383c4e6cb61,24,np-setting,1.11913,3747856,2.71459,0,0,-1,0,1.11912
fields/00443__plt00147__fab0000_comp02_logden.f32__c0014__dt-f32/chunk_0,4194304,a050f166b2b0865b,24,np-setting,1.12958,3713184,3.9743,0,0,-1,0,1.12957
fields/00444__plt00148__fab0000_comp00_density.f32__c0006__dt-f32/chunk_0,4194304,ce1746571963c43e,24,np-setting,1.17874,3558332,5.32784,0,0,-1,0,1.17873
fields/00444__plt00148__fab0000_comp00_density.f32__c0014__dt-f32/chunk_0,4194304,631f9de1ca2667a8,24,np-setting,1.25189,3350400,4.06355,0,0,-1,0,1.25188
fields/00445__plt00148__fab0000_comp01_rho_E.f32__c0006__dt-f32/chunk_0,4194304,fba521ed52974102,24,np-setting,1.79882,2331716,2.52624,0,0,-1,0,1.79881
fields/00445__plt00148__fab0000_comp01_rho_E.f32__c0014__dt-f32/chunk_0,4194304,e002ddbb27a22325,24,np-setting,13.8521,302816,1.53251,0,0,-1,0,13.851
fields/00446__plt00148__fab0000_comp02_logden.f32__c0006__dt-f32/chunk_0,4194304,b7c3d7a60e35162f,24,np-setting,1.11921,3747596,3.3312,0,0,-1,0,1.1192
fields/00446__plt00148__fab0000_comp02_logden.f32__c0014__dt-f32/chunk_0,4194304,a050f166b2b0865b,24,np-setting,1.12958,3713184,4.42893,0,0,-1,0,1.12957
fields/00447__plt00149__fab0000_comp00_density.f32__c0006__dt-f32/chunk_0,4194304,12fb0900d907cc4d,24,np-setting,1.17837,3559444,3.0729,0,0,-1,0,1.17836
fields/00447__plt00149__fab0000_comp00_density.f32__c0014__dt-f32/chunk_0,4194304,631f9de1ca2667a8,24,np-setting,1.25189,3350400,3.66608,0,0,-1,0,1.25188
fields/00448__plt00149__fab0000_comp01_rho_E.f32__c0006__dt-f32/chunk_0,4194304,276333ad062fbdb1,24,np-setting,1.78788,2345988,4.91053,0,0,-1,0,1.78786
fields/00448__plt00149__fab0000_comp01_rho_E.f32__c0014__dt-f32/chunk_0,4194304,e002ddbb27a22325,24,np-setting,13.8521,302816,4.34736,0,0,-1,0,13.851
fields/00449__plt00149__fab0000_comp02_logden.f32__c0006__dt-f32/chunk_0,4194304,60620368b5c646f4,24,np-setting,1.11933,3747180,4.41034,0,0,-1,0,1.11932
fields/00449__plt00149__fab0000_comp02_logden.f32__c0014__dt-f32/chunk_0,4194304,a050f166b2b0865b,24,np-setting,1.12958,3713184,4.93702,0,0,-1,0,1.12957
fields/00450__plt00150__fab0000_comp00_density.f32__c0006__dt-f32/chunk_0,4194304,a149a51784677a5e,24,np-setting,1.17798,3560624,5.26163,0,0,-1,0,1.17797
fields/00450__plt00150__fab0000_comp00_density.f32__c0014__dt-f32/chunk_0,4194304,631f9de1ca2667a8,24,np-setting,1.25189,3350400,3.48486,0,0,-1,0,1.25188
fields/00451__plt00150__fab0000_comp01_rho_E.f32__c0006__dt-f32/chunk_0,4194304,7554f5dbd219426c,24,np-setting,1.7763,2361280,3.79837,0,0,-1,0,1.77628
fields/00451__plt00150__fab0000_comp01_rho_E.f32__c0014__dt-f32/chunk_0,4194304,e002ddbb27a22325,24,np-setting,13.8521,302816,2.35034,0,0,-1,0,13.851
fields/00452__plt00150__fab0000_comp02_logden.f32__c0006__dt-f32/chunk_0,4194304,5378e0a827070d9f,24,np-setting,1.11937,3747048,2.63123,0,0,-1,0,1.11936
fields/00452__plt00150__fab0000_comp02_logden.f32__c0014__dt-f32/chunk_0,4194304,a050f166b2b0865b,24,np-setting,1.12958,3713184,3.84752,0,0,-1,0,1.12957
fields/00453__plt00151__fab0000_comp00_density.f32__c0006__dt-f32/chunk_0,4194304,805251dda73ff836,24,np-setting,1.17758,3561828,3.85197,0,0,-1,0,1.17757
fields/00453__plt00151__fab0000_comp00_density.f32__c0014__dt-f32/chunk_0,4194304,631f9de1ca2667a8,24,np-setting,1.25189,3350400,4.096,0,0,-1,0,1.25188
fields/00454__plt00151__fab0000_comp01_rho_E.f32__c0006__dt-f32/chunk_0,4194304,24822e1265f0acd0,24,np-setting,1.76342,2378528,4.22726,0,0,-1,0,1.7634
fields/00454__plt00151__fab0000_comp01_rho_E.f32__c0014__dt-f32/chunk_0,4194304,e002ddbb27a22325,24,np-setting,13.8521,302816,3.9519,0,0,-1,0,13.851
fields/00455__plt00151__fab0000_comp02_logden.f32__c0006__dt-f32/chunk_0,4194304,e96d7a149f3f98cd,24,np-setting,1.11943,3746852,3.54586,0,0,-1,0,1.11942
fields/00455__plt00151__fab0000_comp02_logden.f32__c0014__dt-f32/chunk_0,4194304,a050f166b2b0865b,24,np-setting,1.12958,3713184,3.74854,0,0,-1,0,1.12957
fields/00456__plt00152__fab0000_comp00_density.f32__c0006__dt-f32/chunk_0,4194304,a5c7303b3daa929f,24,np-setting,1.17719,3563016,3.7768,0,0,-1,0,1.17718
fields/00456__plt00152__fab0000_comp00_density.f32__c0014__dt-f32/chunk_0,4194304,631f9de1ca2667a8,24,np-setting,1.25189,3350400,3.25219,0,0,-1,0,1.25188
fields/00457__plt00152__fab0000_comp01_rho_E.f32__c0006__dt-f32/chunk_0,4194304,4664225e861447f9,24,np-setting,1.75016,2396544,1.91706,0,0,-1,0,1.75015
fields/00457__plt00152__fab0000_comp01_rho_E.f32__c0014__dt-f32/chunk_0,4194304,e002ddbb27a22325,24,np-setting,13.8521,302816,4.78768,0,0,-1,0,13.851
fields/00458__plt00152__fab0000_comp02_logden.f32__c0006__dt-f32/chunk_0,4194304,216ff6952b299d4c,24,np-setting,1.1195,3746620,1.14979,0,0,-1,0,1.11949
fields/00458__plt00152__fab0000_comp02_logden.f32__c0014__dt-f32/chunk_0,4194304,a050f166b2b0865b,24,np-setting,1.12958,3713184,3.96496,0,0,-1,0,1.12957
fields/00459__plt00153__fab0000_comp00_density.f32__c0006__dt-f32/chunk_0,4194304,a6136a80196671ae,24,np-setting,1.17685,3564032,5.15619,0,0,-1,0,1.17684
fields/00459__plt00153__fab0000_comp00_density.f32__c0014__dt-f32/chunk_0,4194304,631f9de1ca2667a8,24,np-setting,1.25189,3350400,4.6663,0,0,-1,0,1.25188
fields/00460__plt00153__fab0000_comp01_rho_E.f32__c0006__dt-f32/chunk_0,4194304,34d0cc553c3e5d13,24,np-setting,1.73739,2414168,5.19229,0,0,-1,0,1.73737
fields/00460__plt00153__fab0000_comp01_rho_E.f32__c0014__dt-f32/chunk_0,4194304,e002ddbb27a22325,24,np-setting,13.8521,302816,2.7375,0,0,-1,0,13.851
fields/00461__plt00153__fab0000_comp02_logden.f32__c0006__dt-f32/chunk_0,4194304,bcc1eb7ec292d03d,24,np-setting,1.11953,3746494,2.98832,0,0,-1,0,1.11953
fields/00461__plt00153__fab0000_comp02_logden.f32__c0014__dt-f32/chunk_0,4194304,a050f166b2b0865b,24,np-setting,1.12958,3713184,2.12717,0,0,-1,0,1.12957
fields/00462__plt00154__fab0000_comp00_density.f32__c0006__dt-f32/chunk_0,4194304,5c5e729d1a1fbf98,24,np-setting,1.17651,3565060,4.46918,0,0,-1,0,1.1765
fields/00462__plt00154__fab0000_comp00_density.f32__c0014__dt-f32/chunk_0,4194304,631f9de1ca2667a8,24,np-setting,1.25189,3350400,3.13226,0,0,-1,0,1.25188
fields/00463__plt00154__fab0000_comp01_rho_E.f32__c0006__dt-f32/chunk_0,4194304,9aaa1e246bcb10be,24,np-setting,1.72573,2430480,2.2752,0,0,-1,0,1.72571
fields/00463__plt00154__fab0000_comp01_rho_E.f32__c0014__dt-f32/chunk_0,4194304,e002ddbb27a22325,24,np-setting,13.8521,302816,1.30573,0,0,-1,0,13.851
fields/00464__plt00154__fab0000_comp02_logden.f32__c0006__dt-f32/chunk_0,4194304,2d71497d2fbea999,24,np-setting,1.11955,3746446,2.94803,0,0,-1,0,1.11954
fields/00464__plt00154__fab0000_comp02_logden.f32__c0014__dt-f32/chunk_0,4194304,a050f166b2b0865b,24,np-setting,1.12958,3713184,2.94749,0,0,-1,0,1.12957
fields/00465__plt00155__fab0000_comp00_density.f32__c0006__dt-f32/chunk_0,4194304,735b10e25548c047,24,np-setting,1.17599,3566636,4.77466,0,0,-1,0,1.17598
fields/00465__plt00155__fab0000_comp00_density.f32__c0014__dt-f32/chunk_0,4194304,631f9de1ca2667a8,24,np-setting,1.25189,3350400,3.21453,0,0,-1,0,1.25188
fields/00466__plt00155__fab0000_comp01_rho_E.f32__c0006__dt-f32/chunk_0,4194304,54dd09bc351b6bce,24,np-setting,1.71452,2446368,3.88282,0,0,-1,0,1.7145
fields/00466__plt00155__fab0000_comp01_rho_E.f32__c0014__dt-f32/chunk_0,4194304,e002ddbb27a22325,24,np-setting,13.8521,302816,1.69331,0,0,-1,0,13.851
fields/00467__plt00155__fab0000_comp02_logden.f32__c0006__dt-f32/chunk_0,4194304,b2ddc1af48167b4c,24,np-setting,1.11974,3745820,1.40515,0,0,-1,0,1.11973
fields/00467__plt00155__fab0000_comp02_logden.f32__c0014__dt-f32/chunk_0,4194304,a050f166b2b0865b,24,np-setting,1.12958,3713184,1.69091,0,0,-1,0,1.12957
fields/00468__plt00156__fab0000_comp00_density.f32__c0006__dt-f32/chunk_0,4194304,5d1e82a48c5f833a,24,np-setting,1.17559,3567856,1.36176,0,0,-1,0,1.17558
fields/00468__plt00156__fab0000_comp00_density.f32__c0014__dt-f32/chunk_0,4194304,631f9de1ca2667a8,24,np-setting,1.25189,3350400,4.59738,0,0,-1,0,1.25188
fields/00469__plt00156__fab0000_comp01_rho_E.f32__c0006__dt-f32/chunk_0,4194304,f768b2b98606f9ce,24,np-setting,1.70428,2461072,4.57699,0,0,-1,0,1.70426
fields/00469__plt00156__fab0000_comp01_rho_E.f32__c0014__dt-f32/chunk_0,4194304,e002ddbb27a22325,24,np-setting,13.8521,302816,3.84902,0,0,-1,0,13.851
fields/00470__plt00156__fab0000_comp02_logden.f32__c0006__dt-f32/chunk_0,4194304,3ceb5e2b0eaf7387,24,np-setting,1.11985,3745456,2.25501,0,0,-1,0,1.11984
fields/00470__plt00156__fab0000_comp02_logden.f32__c0014__dt-f32/chunk_0,4194304,a050f166b2b0865b,24,np-setting,1.12958,3713184,3.35392,0,0,-1,0,1.12957
fields/00471__plt00157__fab0000_comp00_density.f32__c0006__dt-f32/chunk_0,4194304,dea4ee6e85c2041a,24,np-setting,1.17507,3569436,3.69315,0,0,-1,0,1.17506
fields/00471__plt00157__fab0000_comp00_density.f32__c0014__dt-f32/chunk_0,4194304,631f9de1ca2667a8,24,np-setting,1.25189,3350400,3.68144,0,0,-1,0,1.25188
fields/00472__plt00157__fab0000_comp01_rho_E.f32__c0006__dt-f32/chunk_0,4194304,b32fd95acc5374ee,24,np-setting,1.69729,2471204,3.68403,0,0,-1,0,1.69727
fields/00472__plt00157__fab0000_comp01_rho_E.f32__c0014__dt-f32/chunk_0,4194304,e002ddbb27a22325,24,np-setting,13.8521,302816,3.17946,0,0,-1,0,13.851
fields/00473__plt00157__fab0000_comp02_logden.f32__c0006__dt-f32/chunk_0,4194304,24710b16767c8712,24,np-setting,1.11997,3745034,2.47779,0,0,-1,0,1.11996
fields/00473__plt00157__fab0000_comp02_logden.f32__c0014__dt-f32/chunk_0,4194304,a050f166b2b0865b,24,np-setting,1.12958,3713184,2.44922,0,0,-1,0,1.12957
fields/00474__plt00158__fab0000_comp00_density.f32__c0006__dt-f32/chunk_0,4194304,370c96a3140f8101,24,np-setting,1.17459,3570884,3.98531,0,0,-1,0,1.17458
fields/00474__plt00158__fab0000_comp00_density.f32__c0014__dt-f32/chunk_0,4194304,631f9de1ca2667a8,24,np-setting,1.25189,3350400,4.63894,0,0,-1,0,1.25188
fields/00475__plt00158__fab0000_comp01_rho_E.f32__c0006__dt-f32/chunk_0,4194304,85e74988d3468142,24,np-setting,1.68854,2484004,3.87171,0,0,-1,0,1.68853
fields/00475__plt00158__fab0000_comp01_rho_E.f32__c0014__dt-f32/chunk_0,4194304,e002ddbb27a22325,24,np-setting,13.8521,302816,3.87731,0,0,-1,0,13.851
fields/00476__plt00158__fab0000_comp02_logden.f32__c0006__dt-f32/chunk_0,4194304,fbf8c721d11dcd44,24,np-setting,1.12017,3744372,4.05264,0,0,-1,0,1.12016
fields/00476__plt00158__fab0000_comp02_logden.f32__c0014__dt-f32/chunk_0,4194304,a050f166b2b0865b,24,np-setting,1.12958,3713184,2.46534,0,0,-1,0,1.12957
fields/00477__plt00159__fab0000_comp00_density.f32__c0006__dt-f32/chunk_0,4194304,65b52885366c11e2,24,np-setting,1.17427,3571868,2.97014,0,0,-1,0,1.17426
fields/00477__plt00159__fab0000_comp00_density.f32__c0014__dt-f32/chunk_0,4194304,631f9de1ca2667a8,24,np-setting,1.25189,3350400,3.59962,0,0,-1,0,1.25188
fields/00478__plt00159__fab0000_comp01_rho_E.f32__c0006__dt-f32/chunk_0,4194304,bab7959322f16cc,24,np-setting,1.67982,2496900,3.30746,0,0,-1,0,1.6798
fields/00478__plt00159__fab0000_comp01_rho_E.f32__c0014__dt-f32/chunk_0,4194304,e002ddbb27a22325,24,np-setting,13.8521,302816,2.43843,0,0,-1,0,13.851
fields/00479__plt00159__fab0000_comp02_logden.f32__c0006__dt-f32/chunk_0,4194304,39034a8ab79b96cb,24,np-setting,1.12031,3743898,2.70163,0,0,-1,0,1.1203
fields/00479__plt00159__fab0000_comp02_logden.f32__c0014__dt-f32/chunk_0,4194304,a050f166b2b0865b,24,np-setting,1.12958,3713184,1.93648,0,0,-1,0,1.12957
fields/00480__plt00160__fab0000_comp00_density.f32__c0006__dt-f32/chunk_0,4194304,8f59151ff42edd2c,24,np-setting,1.17382,3573244,4.97309,0,0,-1,0,1.17381
fields/00480__plt00160__fab0000_comp00_density.f32__c0014__dt-f32/chunk_0,4194304,f73fb16afee9dd8d,24,np-setting,1.25189,3350400,1.89549,0,0,-1,0,1.25188
fields/00481__plt00160__fab0000_comp01_rho_E.f32__c0006__dt-f32/chunk_0,4194304,f509992771880898,24,np-setting,1.67128,2509664,6.64016,0,0,-1,0,1.67126
fields/00481__plt00160__fab0000_comp01_rho_E.f32__c0014__dt-f32/chunk_0,4194304,4f87a23b8c9428d0,24,np-setting,13.8517,302824,1.60362,0,0,-1,0,13.8506
fields/00482__plt00160__fab0000_comp02_logden.f32__c0006__dt-f32/chunk_0,4194304,57256d63a6218644,24,np-setting,1.12039,3743650,0.974688,0,0,-1,0,1.12038
fields/00482__plt00160__fab0000_comp02_logden.f32__c0014__dt-f32/chunk_0,4194304,5809d798c201f88,24,np-setting,1.12958,3713184,2.48829,0,0,-1,0,1.12957
fields/00483__plt00161__fab0000_comp00_density.f32__c0006__dt-f32/chunk_0,4194304,f7764a762f2f9afd,24,np-setting,1.17344,3574400,3.42739,0,0,-1,0,1.17343
fields/00483__plt00161__fab0000_comp00_density.f32__c0014__dt-f32/chunk_0,4194304,5e3fc7f7061ce518,24,np-setting,1.25189,3350400,2.95738,0,0,-1,0,1.25188
fields/00484__plt00161__fab0000_comp01_rho_E.f32__c0006__dt-f32/chunk_0,4194304,e0c6a890ff466e84,24,np-setting,1.66227,2523260,5.05619,0,0,-1,0,1.66226
fields/00484__plt00161__fab0000_comp01_rho_E.f32__c0014__dt-f32/chunk_0,4194304,c28cbcff7133059,24,np-setting,13.8327,303240,4.64806,0,0,-1,0,13.8316
fields/00485__plt00161__fab0000_comp02_logden.f32__c0006__dt-f32/chunk_0,4194304,6fbb200510de5add,24,np-setting,1.1205,3743278,3.90515,0,0,-1,0,1.12049
fields/00485__plt00161__fab0000_comp02_logden.f32__c0014__dt-f32/chunk_0,4194304,b8d7df2b1ff782e7,24,np-setting,1.12957,3713200,2.92874,0,0,-1,0,1.12957
fields/00486__plt00162__fab0000_comp00_density.f32__c0006__dt-f32/chunk_0,4194304,fd004cffdb84d9b7,24,np-setting,1.17305,3575564,5.05974,0,0,-1,0,1.17305
fields/00486__plt00162__fab0000_comp00_density.f32__c0014__dt-f32/chunk_0,4194304,46800624584d57d8,24,np-setting,1.25189,3350400,2.16493,0,0,-1,0,1.25188
fields/00487__plt00162__fab0000_comp01_rho_E.f32__c0006__dt-f32/chunk_0,4194304,edf2f93c6d11d494,24,np-setting,1.65425,2535500,4.05418,0,0,-1,0,1.65423
fields/00487__plt00162__fab0000_comp01_rho_E.f32__c0014__dt-f32/chunk_0,4194304,54d1785af0345a8a,24,np-setting,13.8025,303904,1.7336,0,0,-1,0,13.8014
fields/00488__plt00162__fab0000_comp02_logden.f32__c0006__dt-f32/chunk_0,4194304,a8e32a14e41d3035,24,np-setting,1.12073,3742498,4.39722,0,0,-1,0,1.12072
fields/00488__plt00162__fab0000_comp02_logden.f32__c0014__dt-f32/chunk_0,4194304,71e27b408d6088b2,24,np-setting,1.12958,3713176,1.72509,0,0,-1,0,1.12957
fields/00489__plt00163__fab0000_comp00_density.f32__c0006__dt-f32/chunk_0,4194304,ac2e5613bdc28a0,24,np-setting,1.17266,3576768,4.38224,0,0,-1,0,1.17265
fields/00489__plt00163__fab0000_comp00_density.f32__c0014__dt-f32/chunk_0,4194304,dad5de0ebc172337,24,np-setting,1.25189,3350400,3.36413,0,0,-1,0,1.25188
fields/00490__plt00163__fab0000_comp01_rho_E.f32__c0006__dt-f32/chunk_0,4194304,76c9d5dfc9fcc57c,24,np-setting,1.64643,2547536,2.56659,0,0,-1,0,1.64642
fields/00490__plt00163__fab0000_comp01_rho_E.f32__c0014__dt-f32/chunk_0,4194304,c99389d6d33e9de0,24,np-setting,13.7724,304568,4.49075,0,0,-1,0,13.7713
fields/00491__plt00163__fab0000_comp02_logden.f32__c0006__dt-f32/chunk_0,4194304,ae92ac8093110e8b,24,np-setting,1.12087,3742038,4.09978,0,0,-1,0,1.12086
fields/00491__plt00163__fab0000_comp02_logden.f32__c0014__dt-f32/chunk_0,4194304,470deb4ccce8cf1d,24,np-setting,1.12956,3713232,3.50374,0,0,-1,0,1.12956
fields/00492__plt00164__fab0000_comp00_density.f32__c0006__dt-f32/chunk_0,4194304,cf9f0268b1252487,24,np-setting,1.17214,3578364,4.25552,0,0,-1,0,1.17213
fields/00492__plt00164__fab0000_comp00_density.f32__c0014__dt-f32/chunk_0,4194304,425146cdfee65038,24,np-setting,1.25189,3350408,2.68035,0,0,-1,0,1.25188
fields/00493__plt00164__fab0000_comp01_rho_E.f32__c0006__dt-f32/chunk_0,4194304,76127143783817dc,24,np-setting,1.63882,2559368,3.53888,0,0,-1,0,1.6388
fields/00493__plt00164__fab0000_comp01_rho_E.f32__c0014__dt-f32/chunk_0,4194304,80327981351dedec,24,np-setting,13.7374,305344,2.83098,0,0,-1,0,13.7363
fields/00494__plt00164__fab0000_comp02_logden.f32__c0006__dt-f32/chunk_0,4194304,edca6c8db92a75ac,24,np-setting,1.12099,3741618,4.20694,0,0,-1,0,1.12099
fields/00494__plt00164__fab0000_comp02_logden.f32__c0014__dt-f32/chunk_0,4194304,888a75ab31761ef8,24,np-setting,1.12957,3713208,2.63578,0,0,-1,0,1.12956
fields/00495__plt00165__fab0000_comp00_density.f32__c0006__dt-f32/chunk_0,4194304,8ed3d9a950747db,24,np-setting,1.17178,3579456,3.38781,0,0,-1,0,1.17177
fields/00495__plt00165__fab0000_comp00_density.f32__c0014__dt-f32/chunk_0,4194304,1217bfb8e1a97c87,24,np-setting,1.25189,3350408,3.43069,0,0,-1,0,1.25188
fields/00496__plt00165__fab0000_comp01_rho_E.f32__c0006__dt-f32/chunk_0,4194304,42ba29989e82afad,24,np-setting,1.63119,2571340,3.75872,0,0,-1,0,1.63117
fields/00496__plt00165__fab0000_comp01_rho_E.f32__c0014__dt-f32/chunk_0,4194304,67262a3743d3e410,24,np-setting,13.602,308384,3.27654,0,0,-1,0,13.6009
fields/00497__plt00165__fab0000_comp02_logden.f32__c0006__dt-f32/chunk_0,4194304,5777310c80c1b3d9,24,np-setting,1.12116,3741050,4.16438,0,0,-1,0,1.12116
fields/00497__plt00165__fab0000_comp02_logden.f32__c0014__dt-f32/chunk_0,4194304,89dbe02a431f1716,24,np-setting,1.12959,3713160,4.89152,0,0,-1,0,1.12958
fields/00498__plt00166__fab0000_comp00_density.f32__c0006__dt-f32/chunk_0,4194304,19550281b38404a7,24,np-setting,1.17137,3580704,2.5791,0,0,-1,0,1.17136
fields/00498__plt00166__fab0000_comp00_density.f32__c0014__dt-f32/chunk_0,4194304,25dd11d2485a2317,24,np-setting,1.25188,3350424,2.73146,0,0,-1,0,1.25187
fields/00499__plt00166__fab0000_comp01_rho_E.f32__c0006__dt-f32/chunk_0,4194304,623c7e23c07128d5,24,np-setting,1.62308,2584192,2.58771,0,0,-1,0,1.62306
fields/00499__plt00166__fab0000_comp01_rho_E.f32__c0014__dt-f32/chunk_0,4194304,477635b40b46669a,24,np-setting,13.4523,311816,1.3736,0,0,-1,0,13.4512
fields/00500__plt00166__fab0000_comp02_logden.f32__c0006__dt-f32/chunk_0,4194304,5c14f9dd58902e6f,24,np-setting,1.12131,3740574,3.33053,0,0,-1,0,1.1213
fields/00500__plt00166__fab0000_comp02_logden.f32__c0014__dt-f32/chunk_0,4194304,da2d624cf601c776,24,np-setting,1.12957,3713216,3.18192,0,0,-1,0,1.12956
fields/00501__plt00167__fab0000_comp00_density.f32__c0006__dt-f32/chunk_0,4194304,6189fb9bddcd5a91,24,np-setting,1.17089,3582164,0.601984,0,0,-1,0,1.17089
fields/00501__plt00167__fab0000_comp00_density.f32__c0014__dt-f32/chunk_0,4194304,13057c95f860f906,24,np-setting,1.25188,3350416,4.81549,0,0,-1,0,1.25188
fields/00502__plt00167__fab0000_comp01_rho_E.f32__c0006__dt-f32/chunk_0,4194304,7212bcee1e66c37a,24,np-setting,1.61517,2596848,4.14227,0,0,-1,0,1.61515
fields/00502__plt00167__fab0000_comp01_rho_E.f32__c0014__dt-f32/chunk_0,4194304,4959e0671cc89345,24,np-setting,13.2883,315664,1.9975,0,0,-1,0,13.2872
fields/00503__plt00167__fab0000_comp02_logden.f32__c0006__dt-f32/chunk_0,4194304,368df4df473a0f5d,24,np-setting,1.12142,3740210,1.9793,0,0,-1,0,1.12141
fields/00503__plt00167__fab0000_comp02_logden.f32__c0014__dt-f32/chunk_0,4194304,82bfc7e924b74693,24,np-setting,1.12961,3713064,3.08125,0,0,-1,0,1.12961
fields/00504__plt00168__fab0000_comp00_density.f32__c0006__dt-f32/chunk_0,4194304,71366c0ffacb115d,24,np-setting,1.1703,3583976,2.24448,0,0,-1,0,1.17029
fields/00504__plt00168__fab0000_comp00_density.f32__c0014__dt-f32/chunk_0,4194304,f73f2473b2e6e5b7,24,np-setting,1.25188,3350432,4.75821,0,0,-1,0,1.25187
fields/00505__plt00168__fab0000_comp01_rho_E.f32__c0006__dt-f32/chunk_0,4194304,91c236507978e670,24,np-setting,1.60619,2611356,1.04685,0,0,-1,0,1.60618
fields/00505__plt00168__fab0000_comp01_rho_E.f32__c0014__dt-f32/chunk_0,4194304,21ba689ec0feb283,24,np-setting,13.1049,320080,0.239872,0,0,-1,0,13.1039
fields/00506__plt00168__fab0000_comp02_logden.f32__c0006__dt-f32/chunk_0,4194304,72aeb7c3474d81fc,24,np-setting,1.12155,3739772,0.871616,0,0,-1,0,1.12154
fields/00506__plt00168__fab0000_comp02_logden.f32__c0014__dt-f32/chunk_0,4194304,aed18a93affff1ad,24,np-setting,1.1296,3713112,0.831392,0,0,-1,0,1.12959
fields/00507__plt00169__fab0000_comp00_density.f32__c0006__dt-f32/chunk_0,4194304,9e1a2457b4b046f5,24,np-setting,1.16984,3585388,0.641696,0,0,-1,0,1.16983
fields/00507__plt00169__fab0000_comp00_density.f32__c0014__dt-f32/chunk_0,4194304,bf670c15e5c1001e,24,np-setting,1.25189,3350400,2.73581,0,0,-1,0,1.25188
fields/00508__plt00169__fab0000_comp01_rho_E.f32__c0006__dt-f32/chunk_0,4194304,a441841538745c5d,24,np-setting,1.59639,2627392,4.15338,0,0,-1,0,1.59638
fields/00508__plt00169__fab0000_comp01_rho_E.f32__c0014__dt-f32/chunk_0,4194304,9cd0c05dd88708d1,24,np-setting,12.9189,324688,4.13818,0,0,-1,0,12.918
fields/00509__plt00169__fab0000_comp02_logden.f32__c0006__dt-f32/chunk_0,4194304,7200ceef100d9f46,24,np-setting,1.12172,3739208,3.88218,0,0,-1,0,1.12171
fields/00509__plt00169__fab0000_comp02_logden.f32__c0014__dt-f32/chunk_0,4194304,466514760a547caf,24,np-setting,1.12958,3713176,4.34624,0,0,-1,0,1.12957
fields/00510__plt00170__fab0000_comp00_density.f32__c0006__dt-f32/chunk_0,4194304,f58499e0b807c55d,24,np-setting,1.16924,3587228,4.34723,0,0,-1,0,1.16923
fields/00510__plt00170__fab0000_comp00_density.f32__c0014__dt-f32/chunk_0,4194304,3791fef96cd48ef3,24,np-setting,1.25186,3350480,2.01206,0,0,-1,0,1.25185
fields/00511__plt00170__fab0000_comp01_rho_E.f32__c0006__dt-f32/chunk_0,4194304,56c28be969c42807,24,np-setting,1.58701,2642920,2.02941,0,0,-1,0,1.587
fields/00511__plt00170__fab0000_comp01_rho_E.f32__c0014__dt-f32/chunk_0,4194304,60d76c3af5136a55,24,np-setting,12.6423,331792,4.24899,0,0,-1,0,12.6414
fields/00512__plt00170__fab0000_comp02_logden.f32__c0006__dt-f32/chunk_0,4194304,6bb6e00e4bbdbfe8,24,np-setting,1.1219,3738606,1.55405,0,0,-1,0,1.12189
fields/00512__plt00170__fab0000_comp02_logden.f32__c0014__dt-f32/chunk_0,4194304,a3414280069860c3,24,np-setting,1.12961,3713088,1.62154,0,0,-1,0,1.1296
fields/00513__plt00171__fab0000_comp00_density.f32__c0006__dt-f32/chunk_0,4194304,d4485613058e672f,24,np-setting,1.16879,3588612,3.91178,0,0,-1,0,1.16878
fields/00513__plt00171__fab0000_comp00_density.f32__c0014__dt-f32/chunk_0,4194304,81681bf6441dd47e,24,np-setting,1.25167,3350992,4.10522,0,0,-1,0,1.25166
fields/00514__plt00171__fab0000_comp01_rho_E.f32__c0006__dt-f32/chunk_0,4194304,f895d4f425cae0d8,24,np-setting,1.57786,2658252,4.1064,0,0,-1,0,1.57784
fields/00514__plt00171__fab0000_comp01_rho_E.f32__c0014__dt-f32/chunk_0,4194304,d41eb5b2c3710e9d,24,np-setting,12.4466,337008,4.57466,0,0,-1,0,12.4457
fields/00515__plt00171__fab0000_comp02_logden.f32__c0006__dt-f32/chunk_0,4194304,d7c1e92eff472fd7,24,np-setting,1.12204,3738126,3.60483,0,0,-1,0,1.12203
fields/00515__plt00171__fab0000_comp02_logden.f32__c0014__dt-f32/chunk_0,4194304,8aae75449f94bb8b,24,np-setting,1.1296,3713128,3.6232,0,0,-1,0,1.12959
fields/00516__plt00172__fab0000_comp00_density.f32__c0006__dt-f32/chunk_0,4194304,fc94e6b5515de7d4,24,np-setting,1.16835,3589956,3.83254,0,0,-1,0,1.16834
fields/00516__plt00172__fab0000_comp00_density.f32__c0014__dt-f32/chunk_0,4194304,93adeed303b2b788,24,np-setting,1.25147,3351528,2.38326,0,0,-1,0,1.25146
fields/00517__plt00172__fab0000_comp01_rho_E.f32__c0006__dt-f32/chunk_0,4194304,d6e1588a253e8e36,24,np-setting,1.5689,2673428,2.7048,0,0,-1,0,1.56889
fields/00517__plt00172__fab0000_comp01_rho_E.f32__c0014__dt-f32/chunk_0,4194304,1eef3869146c7ebf,24,np-setting,12.1693,344688,4.20704,0,0,-1,0,12.1684
fields/00518__plt00172__fab0000_comp02_logden.f32__c0006__dt-f32/chunk_0,4194304,9e148e7228913ec9,24,np-setting,1.1222,3737586,3.26147,0,0,-1,0,1.1222
fields/00518__plt00172__fab0000_comp02_logden.f32__c0014__dt-f32/chunk_0,4194304,28fb58b97100d9b9,24,np-setting,1.12956,3713256,0.989568,0,0,-1,0,1.12955
fields/00519__plt00173__fab0000_comp00_density.f32__c0006__dt-f32/chunk_0,4194304,39bedd3170de6d7d,24,np-setting,1.16784,3591536,2.17555,0,0,-1,0,1.16783
fields/00519__plt00173__fab0000_comp00_density.f32__c0014__dt-f32/chunk_0,4194304,4c675317456eb2f5,24,np-setting,1.25124,3352136,3.24544,0,0,-1,0,1.25123
fields/00520__plt00173__fab0000_comp01_rho_E.f32__c0006__dt-f32/chunk_0,4194304,59461b8d62bbcb39,24,np-setting,1.56138,2686296,1.99274,0,0,-1,0,1.56137
fields/00520__plt00173__fab0000_comp01_rho_E.f32__c0014__dt-f32/chunk_0,4194304,7018aa64758c7ce5,24,np-setting,11.9417,351256,4.47475,0,0,-1,0,11.9409
fields/00521__plt00173__fab0000_comp02_logden.f32__c0006__dt-f32/chunk_0,4194304,93f8d9aaca29bb21,24,np-setting,1.12242,3736862,2.03782,0,0,-1,0,1.12241
fields/00521__plt00173__fab0000_comp02_logden.f32__c0014__dt-f32/chunk_0,4194304,e07d7205c40b6406,24,np-setting,1.12962,3713048,3.04944,0,0,-1,0,1.12961
fields/00522__plt00174__fab0000_comp00_density.f32__c0006__dt-f32/chunk_0,4194304,49c562ecf6de422f,24,np-setting,1.16754,3592444,3.81555,0,0,-1,0,1.16753
fields/00522__plt00174__fab0000_comp00_density.f32__c0014__dt-f32/chunk_0,4194304,c63e038d86429e3b,24,np-setting,1.25093,3352984,4.97562,0,0,-1,0,1.25092
fields/00523__plt00174__fab0000_comp01_rho_E.f32__c0006__dt-f32/chunk_0,4194304,8169796eb8cf914e,24,np-setting,1.55391,2699216,4.95446,0,0,-1,0,1.5539
fields/00523__plt00174__fab0000_comp01_rho_E.f32__c0014__dt-f32/chunk_0,4194304,8b4446c65453bc1a,24,np-setting,11.7804,356064,2.49091,0,0,-1,0,11.7796
fields/00524__plt00174__fab0000_comp02_logden.f32__c0006__dt-f32/chunk_0,4194304,e6533b1fe8db8258,24,np-setting,1.12255,3736434,2.16144,0,0,-1,0,1.12254
fields/00524__plt00174__fab0000_comp02_logden.f32__c0014__dt-f32/chunk_0,4194304,6aa85342932d48bf,24,np-setting,1.12958,3713192,5.06317,0,0,-1,0,1.12957
fields/00525__plt00175__fab0000_comp00_density.f32__c0006__dt-f32/chunk_0,4194304,c6e4b2d32b97e03b,24,np-setting,1.1672,3593504,5.05091,0,0,-1,0,1.16719
fields/00525__plt00175__fab0000_comp00_density.f32__c0014__dt-f32/chunk_0,4194304,21be544a11fd1da8,24,np-setting,1.25064,3353760,6.6359,0,0,-1,0,1.25063
fields/00526__plt00175__fab0000_comp01_rho_E.f32__c0006__dt-f32/chunk_0,4194304,13a25138ce2783dd,24,np-setting,1.54701,2711256,3.7393,0,0,-1,0,1.547
fields/00526__plt00175__fab0000_comp01_rho_E.f32__c0014__dt-f32/chunk_0,4194304,e24e0bd733b14181,24,np-setting,11.4249,367144,4.76422,0,0,-1,0,11.4241
fields/00527__plt00175__fab0000_comp02_logden.f32__c0006__dt-f32/chunk_0,4194304,901a5c5f18dc681d,24,np-setting,1.12269,3735964,4.96262,0,0,-1,0,1.12268
fields/00527__plt00175__fab0000_comp02_logden.f32__c0014__dt-f32/chunk_0,4194304,934e7b9248b62353,24,np-setting,1.12959,3713160,2.32221,0,0,-1,0,1.12958
fields/00528__plt00176__fab0000_comp00_density.f32__c0006__dt-f32/chunk_0,4194304,ab0fd23c71712d0d,24,np-setting,1.16686,3594556,4.51741,0,0,-1,0,1.16685
fields/00528__plt00176__fab0000_comp00_density.f32__c0014__dt-f32/chunk_0,4194304,789b8bce1249b39d,24,np-setting,1.25028,3354728,3.19594,0,0,-1,0,1.25027
fields/00529__plt00176__fab0000_comp01_rho_E.f32__c0006__dt-f32/chunk_0,4194304,93e20568bcd96291,24,np-setting,1.54003,2723548,4.66454,0,0,-1,0,1.54001
fields/00529__plt00176__fab0000_comp01_rho_E.f32__c0014__dt-f32/chunk_0,4194304,d225f122a7ecbe9a,24,np-setting,11.2489,372888,1.77011,0,0,-1,0,11.2482
fields/00530__plt00176__fab0000_comp02_logden.f32__c0006__dt-f32/chunk_0,4194304,ec97752ff4293c7e,24,np-setting,1.12286,3735398,5.02989,0,0,-1,0,1.12285
fields/00530__plt00176__fab0000_comp02_logden.f32__c0014__dt-f32/chunk_0,4194304,b05dec44bff99ab8,24,np-setting,1.12959,3713144,4.4967,0,0,-1,0,1.12958
fields/00531__plt00177__fab0000_comp00_density.f32__c0006__dt-f32/chunk_0,4194304,ef5303b2dbb8b00c,24,np-setting,1.1665,3595648,3.18461,0,0,-1,0,1.16649
fields/00531__plt00177__fab0000_comp00_density.f32__c0014__dt-f32/chunk_0,4194304,9a2ef48a2be58884,24,np-setting,1.24999,3355488,2.85421,0,0,-1,0,1.24998
fields/00532__plt00177__fab0000_comp01_rho_E.f32__c0006__dt-f32/chunk_0,4194304,9f6a8f7411c1a4e7,24,np-setting,1.53286,2736276,2.85146,0,0,-1,0,1.53285
fields/00532__plt00177__fab0000_comp01_rho_E.f32__c0014__dt-f32/chunk_0,4194304,72d82f4088321dd2,24,np-setting,10.9468,383176,2.62806,0,0,-1,0,10.9462
fields/00533__plt00177__fab0000_comp02_logden.f32__c0006__dt-f32/chunk_0,4194304,1cf32cbb9ec80883,24,np-setting,1.12309,3734638,3.02886,0,0,-1,0,1.12308
fields/00533__plt00177__fab0000_comp02_logden.f32__c0014__dt-f32/chunk_0,4194304,a1570ba95e69bffb,24,np-setting,1.12958,3713168,1.86826,0,0,-1,0,1.12958
fields/00534__plt00178__fab0000_comp00_density.f32__c0006__dt-f32/chunk_0,4194304,30d26b3e5a9d3cf1,24,np-setting,1.16611,3596860,1.83898,0,0,-1,0,1.1661
fields/00534__plt00178__fab0000_comp00_density.f32__c0014__dt-f32/chunk_0,4194304,5d8798169d9ff265,24,np-setting,1.24974,3356176,3.87088,0,0,-1,0,1.24973
fields/00535__plt00178__fab0000_comp01_rho_E.f32__c0006__dt-f32/chunk_0,4194304,a76f3c5ac059310f,24,np-setting,1.52605,2748488,4.51558,0,0,-1,0,1.52604
fields/00535__plt00178__fab0000_comp01_rho_E.f32__c0014__dt-f32/chunk_0,4194304,1cb4dd75db7c4c7e,24,np-setting,10.7219,391216,4.30634,0,0,-1,0,10.7212
fields/00536__plt00178__fab0000_comp02_logden.f32__c0006__dt-f32/chunk_0,4194304,21a272c27012af41,24,np-setting,1.12321,3734228,3.89341,0,0,-1,0,1.12321
fields/00536__plt00178__fab0000_comp02_logden.f32__c0014__dt-f32/chunk_0,4194304,2f59775cf7f1308e,24,np-setting,1.12956,3713232,2.65392,0,0,-1,0,1.12956
fields/00537__plt00179__fab0000_comp00_density.f32__c0006__dt-f32/chunk_0,4194304,671c23ba13f6fadb,24,np-setting,1.16578,3597868,3.14733,0,0,-1,0,1.16577
fields/00537__plt00179__fab0000_comp00_density.f32__c0014__dt-f32/chunk_0,4194304,f061cc550f71901f,24,np-setting,1.24946,3356928,4.50598,0,0,-1,0,1.24945
fields/00538__plt00179__fab0000_comp01_rho_E.f32__c0006__dt-f32/chunk_0,4194304,496be78bf30a1c34,24,np-setting,1.51928,2760748,4.10816,0,0,-1,0,1.51926
fields/00538__plt00179__fab0000_comp01_rho_E.f32__c0014__dt-f32/chunk_0,4194304,2ec981ab6b654284,24,np-setting,10.4361,401928,4.76067,0,0,-1,0,10.4355
fields/00539__plt00179__fab0000_comp02_logden.f32__c0006__dt-f32/chunk_0,4194304,5f5230c90f5f2b16,24,np-setting,1.12344,3733460,2.5441,0,0,-1,0,1.12344
fields/00539__plt00179__fab0000_comp02_logden.f32__c0014__dt-f32/chunk_0,4194304,c600e78fb730ca76,24,np-setting,1.12953,3713328,1.76979,0,0,-1,0,1.12953
fields/00540__plt00180__fab0000_comp00_density.f32__c0006__dt-f32/chunk_0,4194304,8432e933a491fbfb,24,np-setting,1.16534,3599236,2.15715,0,0,-1,0,1.16533
fields/00540__plt00180__fab0000_comp00_density.f32__c0014__dt-f32/chunk_0,4194304,b3626a57becaaa5a,24,np-setting,1.24921,3357592,4.4935,0,0,-1,0,1.2492
fields/00541__plt00180__fab0000_comp01_rho_E.f32__c0006__dt-f32/chunk_0,4194304,27c018da73358c37,24,np-setting,1.51278,2772608,3.20038,0,0,-1,0,1.51276
fields/00541__plt00180__fab0000_comp01_rho_E.f32__c0014__dt-f32/chunk_0,4194304,3fe9a043a1ae6895,24,np-setting,10.2015,411168,4.72678,0,0,-1,0,10.2009
fields/00542__plt00180__fab0000_comp02_logden.f32__c0006__dt-f32/chunk_0,4194304,9c6d9ce1bca3b582,24,np-setting,1.12366,3732736,2.15827,0,0,-1,0,1.12365
fields/00542__plt00180__fab0000_comp02_logden.f32__c0014__dt-f32/chunk_0,4194304,41798af737bdf752,24,np-setting,1.12955,3713264,2.05318,0,0,-1,0,1.12955
fields/00543__plt00181__fab0000_comp00_density.f32__c0006__dt-f32/chunk_0,4194304,61da38d7f53f23f1,24,np-setting,1.165,3600288,2.01482,0,0,-1,0,1.16499
fields/00543__plt00181__fab0000_comp00_density.f32__c0014__dt-f32/chunk_0,4194304,d2bcd71447ead3cb,24,np-setting,1.24885,3358568,5.01843,0,0,-1,0,1.24884
fields/00544__plt00181__fab0000_comp01_rho_E.f32__c0006__dt-f32/chunk_0,4194304,9528d355e3ab64ea,24,np-setting,1.50688,2783452,2.5609,0,0,-1,0,1.50687
fields/00544__plt00181__fab0000_comp01_rho_E.f32__c0014__dt-f32/chunk_0,4194304,1bf7ffd5e26b6018,24,np-setting,9.96026,421128,7.59722,0,0,-1,0,9.95969
fields/00545__plt00181__fab0000_comp02_logden.f32__c0006__dt-f32/chunk_0,4194304,12adf5e52eb637e3,24,np-setting,1.12391,3731914,2.14272,0,0,-1,0,1.1239
fields/00545__plt00181__fab0000_comp02_logden.f32__c0014__dt-f32/chunk_0,4194304,49d498f11f55d98,24,np-setting,1.12946,3713576,2.89581,0,0,-1,0,1.12945
fields/00546__plt00182__fab0000_comp00_density.f32__c0006__dt-f32/chunk_0,4194304,1bb9c5073acd325,24,np-setting,1.16463,3601416,4.98483,0,0,-1,0,1.16463
fields/00546__plt00182__fab0000_comp00_density.f32__c0014__dt-f32/chunk_0,4194304,4626666c9968840a,24,np-setting,1.24864,3359120,3.0032,0,0,-1,0,1.24863
fields/00547__plt00182__fab0000_comp01_rho_E.f32__c0006__dt-f32/chunk_0,4194304,41429e81094cb041,24,np-setting,1.50074,2794856,4.0361,0,0,-1,0,1.50072
fields/00547__plt00182__fab0000_comp01_rho_E.f32__c0014__dt-f32/chunk_0,4194304,d2c711e79031784,24,np-setting,9.68447,433120,3.70413,0,0,-1,0,9.68393
fields/00548__plt00182__fab0000_comp02_logden.f32__c0006__dt-f32/chunk_0,4194304,b6bd6b98aaed7061,24,np-setting,1.12416,3731066,5.01216,0,0,-1,0,1.12416
fields/00548__plt00182__fab0000_comp02_logden.f32__c0014__dt-f32/chunk_0,4194304,89030221038fd3fc,24,np-setting,1.12948,3713512,1.67261,0,0,-1,0,1.12947
fields/00549__plt00183__fab0000_comp00_density.f32__c0006__dt-f32/chunk_0,4194304,22180f9dcb6469c5,24,np-setting,1.16421,3602720,0.25008,0,0,-1,0,1.1642
fields/00549__plt00183__fab0000_comp00_density.f32__c0014__dt-f32/chunk_0,4194304,74952fb330532fe7,24,np-setting,1.24828,3360104,2.47606,0,0,-1,0,1.24827
fields/00550__plt00183__fab0000_comp01_rho_E.f32__c0006__dt-f32/chunk_0,4194304,ba7cc075630e4fed,24,np-setting,1.49441,2806688,4.70198,0,0,-1,0,1.4944
fields/00550__plt00183__fab0000_comp01_rho_E.f32__c0014__dt-f32/chunk_0,4194304,63bb018c92b1535d,24,np-setting,9.49487,441768,3.92378,0,0,-1,0,9.49436
fields/00551__plt00183__fab0000_comp02_logden.f32__c0006__dt-f32/chunk_0,4194304,efc3f05f2e3fa59b,24,np-setting,1.12425,3730786,2.88794,0,0,-1,0,1.12424
fields/00551__plt00183__fab0000_comp02_logden.f32__c0014__dt-f32/chunk_0,4194304,aba7f9ef32ebff94,24,np-setting,1.12939,3713800,4.4319,0,0,-1,0,1.12938
fields/00552__plt00184__fab0000_comp00_density.f32__c0006__dt-f32/chunk_0,4194304,17ef3028c80630bc,24,np-setting,1.16388,3603736,4.13933,0,0,-1,0,1.16388
fields/00552__plt00184__fab0000_comp00_density.f32__c0014__dt-f32/chunk_0,4194304,2b0cbebf5ea4c0b8,24,np-setting,1.24796,3360944,4.15898,0,0,-1,0,1.24795
fields/00553__plt00184__fab0000_comp01_rho_E.f32__c0006__dt-f32/chunk_0,4194304,4b27936c754c76a1,24,np-setting,1.488,2818776,1.43642,0,0,-1,0,1.48799
fields/00553__plt00184__fab0000_comp01_rho_E.f32__c0014__dt-f32/chunk_0,4194304,1b6e5050b5abd9c8,24,np-setting,9.23807,454048,3.2433,0,0,-1,0,9.23758
fields/00554__plt00184__fab0000_comp02_logden.f32__c0006__dt-f32/chunk_0,4194304,1fb2766b32b11554,24,np-setting,1.12442,3730214,4.53645,0,0,-1,0,1.12441
fields/00554__plt00184__fab0000_comp02_logden.f32__c0014__dt-f32/chunk_0,4194304,f181b61e5b4ff3a1,24,np-setting,1.12939,3713816,4.50986,0,0,-1,0,1.12938
fields/00555__plt00185__fab0000_comp00_density.f32__c0006__dt-f32/chunk_0,4194304,c89218231424f442,24,np-setting,1.16355,3604768,2.78762,0,0,-1,0,1.16354
fields/00555__plt00185__fab0000_comp00_density.f32__c0014__dt-f32/chunk_0,4194304,a09d9b2dcb395bd1,24,np-setting,1.24755,3362064,4.64122,0,0,-1,0,1.24754
fields/00556__plt00185__fab0000_comp01_rho_E.f32__c0006__dt-f32/chunk_0,4194304,6c770c7cf1ba2534,24,np-setting,1.4817,2830756,2.83418,0,0,-1,0,1.48169
fields/00556__plt00185__fab0000_comp01_rho_E.f32__c0014__dt-f32/chunk_0,4194304,edf0f0a8ede1e6ba,24,np-setting,8.9954,466296,4.90701,0,0,-1,0,8.99494
fields/00557__plt00185__fab0000_comp02_logden.f32__c0006__dt-f32/chunk_0,4194304,d350f8bb007298b4,24,np-setting,1.12469,3729324,2.78915,0,0,-1,0,1.12468
fields/00557__plt00185__fab0000_comp02_logden.f32__c0014__dt-f32/chunk_0,4194304,5c09c8a2cd12a751,24,np-setting,1.12941,3713728,1.48752,0,0,-1,0,1.12941
fields/00558__plt00186__fab0000_comp00_density.f32__c0006__dt-f32/chunk_0,4194304,a1ab9a8e2fcd9e77,24,np-setting,1.16314,3606040,4.66109,0,0,-1,0,1.16313
fields/00558__plt00186__fab0000_comp00_density.f32__c0014__dt-f32/chunk_0,4194304,ba7971cf25676f09,24,np-setting,1.24712,3363208,3.98054,0,0,-1,0,1.24711
fields/00559__plt00186__fab0000_comp01_rho_E.f32__c0006__dt-f32/chunk_0,4194304,b5512e73b8cfdb82,24,np-setting,1.47568,2842312,1.50064,0,0,-1,0,1.47567
fields/00559__plt00186__fab0000_comp01_rho_E.f32__c0014__dt-f32/chunk_0,4194304,67fea538f8b45731,24,np-setting,8.74571,479608,2.81674,0,0,-1,0,8.74528
fields/00560__plt00186__fab0000_comp02_logden.f32__c0006__dt-f32/chunk_0,4194304,8f9976ca9b9967db,24,np-setting,1.12488,3728688,2.27389,0,0,-1,0,1.12487
fields/00560__plt00186__fab0000_comp02_logden.f32__c0014__dt-f32/chunk_0,4194304,fb7e98d4777161b4,24,np-setting,1.12941,3713752,5.03443,0,0,-1,0,1.1294
fields/00561__plt00187__fab0000_comp00_density.f32__c0006__dt-f32/chunk_0,4194304,7d697a5618f7cde5,24,np-setting,1.16278,3607164,4.60765,0,0,-1,0,1.16277
fields/00561__plt00187__fab0000_comp00_density.f32__c0014__dt-f32/chunk_0,4194304,70491e668d11167f,24,np-setting,1.24681,3364056,2.62202,0,0,-1,0,1.2468
fields/00562__plt00187__fab0000_comp01_rho_E.f32__c0006__dt-f32/chunk_0,4194304,1b41c8af3866c1b6,24,np-setting,1.47008,2853128,4.49882,0,0,-1,0,1.47007
fields/00562__plt00187__fab0000_comp01_rho_E.f32__c0014__dt-f32/chunk_0,4194304,65265f4289a2b610,24,np-setting,8.52265,492160,3.53232,0,0,-1,0,8.52224
fields/00563__plt00187__fab0000_comp02_logden.f32__c0006__dt-f32/chunk_0,4194304,3c72403b23ec85d9,24,np-setting,1.12502,3728220,1.98845,0,0,-1,0,1.12502
fields/00563__plt00187__fab0000_comp02_logden.f32__c0014__dt-f32/chunk_0,4194304,bc99072078e3bbed,24,np-setting,1.12943,3713680,4.93846,0,0,-1,0,1.12942
fields/00564__plt00188__fab0000_comp00_density.f32__c0006__dt-f32/chunk_0,4194304,263f2f03127f4950,24,np-setting,1.16244,3608208,2.59779,0,0,-1,0,1.16243
fields/00564__plt00188__fab0000_comp00_density.f32__c0014__dt-f32/chunk_0,4194304,aab55abb2d887565,24,np-setting,1.24631,3365408,2.56602,0,0,-1,0,1.2463
fields/00565__plt00188__fab0000_comp01_rho_E.f32__c0006__dt-f32/chunk_0,4194304,c952fb4b5f7eda4e,24,np-setting,1.46497,2863096,4.2744,0,0,-1,0,1.46495
fields/00565__plt00188__fab0000_comp01_rho_E.f32__c0014__dt-f32/chunk_0,4194304,3d4bde05a45d8304,24,np-setting,8.34588,502584,0.914528,0,0,-1,0,8.34548
fields/00566__plt00188__fab0000_comp02_logden.f32__c0006__dt-f32/chunk_0,4194304,48bfbcb12490fb4a,24,np-setting,1.12528,3727360,2.32582,0,0,-1,0,1.12527
fields/00566__plt00188__fab0000_comp02_logden.f32__c0014__dt-f32/chunk_0,4194304,528cca57dfc94aed,24,np-setting,1.12941,3713736,1.51286,0,0,-1,0,1.1294
fields/00567__plt00189__fab0000_comp00_density.f32__c0006__dt-f32/chunk_0,4194304,40395b63a6a8e449,24,np-setting,1.16218,3609032,2.0857,0,0,-1,0,1.16217
fields/00567__plt00189__fab0000_comp00_density.f32__c0014__dt-f32/chunk_0,4194304,9c46e3ca28cd3034,24,np-setting,1.24592,3366456,0.894528,0,0,-1,0,1.24591
fields/00568__plt00189__fab0000_comp01_rho_E.f32__c0006__dt-f32/chunk_0,4194304,173427c7dfcaac5a,24,np-setting,1.45957,2873672,3.12954,0,0,-1,0,1.45956
fields/00568__plt00189__fab0000_comp01_rho_E.f32__c0014__dt-f32/chunk_0,4194304,b3c94fefc21285ca,24,np-setting,8.11039,517176,2.48694,0,0,-1,0,8.11001
fields/00569__plt00189__fab0000_comp02_logden.f32__c0006__dt-f32/chunk_0,4194304,e0028194925b2625,24,np-setting,1.12544,3726836,3.09696,0,0,-1,0,1.12543
fields/00569__plt00189__fab0000_comp02_logden.f32__c0014__dt-f32/chunk_0,4194304,88db241a8ca81efe,24,np-setting,1.12936,3713896,4.26109,0,0,-1,0,1.12935
fields/00570__plt00190__fab0000_comp00_density.f32__c0006__dt-f32/chunk_0,4194304,647bba334f0fce07,24,np-setting,1.1617,3610500,4.24973,0,0,-1,0,1.1617
fields/00570__plt00190__fab0000_comp00_density.f32__c0014__dt-f32/chunk_0,4194304,5f0237d2b52457f9,24,np-setting,1.24543,3367792,2.66429,0,0,-1,0,1.24542
fields/00571__plt00190__fab0000_comp01_rho_E.f32__c0006__dt-f32/chunk_0,4194304,e6a4fd8a384101b1,24,np-setting,1.45442,2883852,2.6799,0,0,-1,0,1.45441
fields/00571__plt00190__fab0000_comp01_rho_E.f32__c0014__dt-f32/chunk_0,4194304,5d655060555e31,24,np-setting,7.90162,530840,2.23139,0,0,-1,0,7.90126
fields/00572__plt00190__fab0000_comp02_logden.f32__c0006__dt-f32/chunk_0,4194304,efd2b493f684a35a,24,np-setting,1.12566,3726092,2.62118,0,0,-1,0,1.12566
fields/00572__plt00190__fab0000_comp02_logden.f32__c0014__dt-f32/chunk_0,4194304,373ff85840c635c6,24,np-setting,1.12946,3713576,4.92621,0,0,-1,0,1.12945
fields/00573__plt00191__fab0000_comp00_density.f32__c0006__dt-f32/chunk_0,4194304,a664e389433add92,24,np-setting,1.16135,3611604,5.77366,0,0,-1,0,1.16134
fields/00573__plt00191__fab0000_comp00_density.f32__c0014__dt-f32/chunk_0,4194304,314127bcb82a13ac,24,np-setting,1.24498,3369000,2.98314,0,0,-1,0,1.24497
fields/00574__plt00191__fab0000_comp01_rho_E.f32__c0006__dt-f32/chunk_0,4194304,25d9e7a2d787586e,24,np-setting,1.44926,2894118,1.79677,0,0,-1,0,1.44925
fields/00574__plt00191__fab0000_comp01_rho_E.f32__c0014__dt-f32/chunk_0,4194304,4880fa6c2866d0aa,24,np-setting,7.66346,547336,1.40858,0,0,-1,0,7.66312
fields/00575__plt00191__fab0000_comp02_logden.f32__c0006__dt-f32/chunk_0,4194304,13a8fd3054ebf4d8,24,np-setting,1.12576,3725764,1.73091,0,0,-1,0,1.12576
fields/00575__plt00191__fab0000_comp02_logden.f32__c0014__dt-f32/chunk_0,4194304,ca4a3f0c461d7060,24,np-setting,1.12949,3713480,4.27885,0,0,-1,0,1.12948
fields/00576__plt00192__fab0000_comp00_density.f32__c0006__dt-f32/chunk_0,4194304,6737610989f52656,24,np-setting,1.16107,3612476,4.25894,0,0,-1,0,1.16106
fields/00576__plt00192__fab0000_comp00_density.f32__c0014__dt-f32/chunk_0,4194304,4ee9d449d8c720f0,24,np-setting,1.24459,3370056,3.12467,0,0,-1,0,1.24458
fields/00577__plt00192__fab0000_comp01_rho_E.f32__c0006__dt-f32/chunk_0,4194304,d11beded521fe363,24,np-setting,1.44455,2903568,2.26374,0,0,-1,0,1.44453
fields/00577__plt00192__fab0000_comp01_rho_E.f32__c0014__dt-f32/chunk_0,4194304,6efedae02e5bf6d0,24,np-setting,7.46828,561640,1.95197,0,0,-1,0,7.46796
fields/00578__plt00192__fab0000_comp02_logden.f32__c0006__dt-f32/chunk_0,4194304,41c8f3b1012ba7df,24,np-setting,1.12596,3725116,4.17997,0,0,-1,0,1.12595
fields/00578__plt00192__fab0000_comp02_logden.f32__c0014__dt-f32/chunk_0,4194304,2928f243f24f35e4,24,np-setting,1.12942,3713720,4.27571,0,0,-1,0,1.12941
fields/00579__plt00193__fab0000_comp00_density.f32__c0006__dt-f32/chunk_0,4194304,a388643f9935551c,24,np-setting,1.16076,3613440,4.10509,0,0,-1,0,1.16075
fields/00579__plt00193__fab0000_comp00_density.f32__c0014__dt-f32/chunk_0,4194304,d7afcdd2bd9a0524,24,np-setting,1.24407,3371472,5.84774,0,0,-1,0,1.24406
fields/00580__plt00193__fab0000_comp01_rho_E.f32__c0006__dt-f32/chunk_0,4194304,efb8966ce6690113,24,np-setting,1.43963,2913480,2.1024,0,0,-1,0,1.43962
fields/00580__plt00193__fab0000_comp01_rho_E.f32__c0014__dt-f32/chunk_0,4194304,6fea03428fa1ec6e,24,np-setting,7.30043,574552,1.42746,0,0,-1,0,7.30013
fields/00581__plt00193__fab0000_comp02_logden.f32__c0006__dt-f32/chunk_0,4194304,d2491b128ed229e4,24,np-setting,1.12613,3724564,4.76045,0,0,-1,0,1.12612
fields/00581__plt00193__fab0000_comp02_logden.f32__c0014__dt-f32/chunk_0,4194304,f01e70b86cb75a80,24,np-setting,1.12945,3713592,5.84784,0,0,-1,0,1.12945
fields/00582__plt00194__fab0000_comp00_density.f32__c0006__dt-f32/chunk_0,4194304,6dc02263de450125,24,np-setting,1.16042,3614480,2.84451,0,0,-1,0,1.16042
fields/00582__plt00194__fab0000_comp00_density.f32__c0014__dt-f32/chunk_0,4194304,a61724f5d83e6652,24,np-setting,1.24369,3372488,3.30957,0,0,-1,0,1.24368
fields/00583__plt00194__fab0000_comp01_rho_E.f32__c0006__dt-f32/chunk_0,4194304,b740cde49e990248,24,np-setting,1.43567,2921518,4.06,0,0,-1,0,1.43566
fields/00583__plt00194__fab0000_comp01_rho_E.f32__c0014__dt-f32/chunk_0,4194304,60f86a495b958ac9,24,np-setting,7.08335,592160,4.52522,0,0,-1,0,7.08306
fields/00584__plt00194__fab0000_comp02_logden.f32__c0006__dt-f32/chunk_0,4194304,a29e1f996eb7950d,24,np-setting,1.12626,3724128,4.55226,0,0,-1,0,1.12625
fields/00584__plt00194__fab0000_comp02_logden.f32__c0014__dt-f32/chunk_0,4194304,5d0e48a58bc2136,24,np-setting,1.12941,3713736,4.52618,0,0,-1,0,1.1294
fields/00585__plt00195__fab0000_comp00_density.f32__c0006__dt-f32/chunk_0,4194304,1ec0945cd27f477,24,np-setting,1.16009,3615508,3.02749,0,0,-1,0,1.16009
fields/00585__plt00195__fab0000_comp00_density.f32__c0014__dt-f32/chunk_0,4194304,5d14e7f816b539e,24,np-setting,1.24319,3373840,4.39971,0,0,-1,0,1.24318
fields/00586__plt00195__fab0000_comp01_rho_E.f32__c0006__dt-f32/chunk_0,4194304,30b74b847c1839cf,24,np-setting,1.43111,2930820,4.43146,0,0,-1,0,1.4311
fields/00586__plt00195__fab0000_comp01_rho_E.f32__c0014__dt-f32/chunk_0,4194304,89a6fa6fbd7870b,24,np-setting,6.9037,607568,3.54931,0,0,-1,0,6.90343
fields/00587__plt00195__fab0000_comp02_logden.f32__c0006__dt-f32/chunk_0,4194304,6429969593c99660,24,np-setting,1.12648,3723410,2.18861,0,0,-1,0,1.12647
fields/00587__plt00195__fab0000_comp02_logden.f32__c0014__dt-f32/chunk_0,4194304,6ca8ad5dfb5a2464,24,np-setting,1.12947,3713536,1.46387,0,0,-1,0,1.12946
fields/00588__plt00196__fab0000_comp00_density.f32__c0006__dt-f32/chunk_0,4194304,cff045b648bccd9f,24,np-setting,1.15988,3616184,1.48406,0,0,-1,0,1.15987
fields/00588__plt00196__fab0000_comp00_density.f32__c0014__dt-f32/chunk_0,4194304,2aaab94ec6fc3a25,24,np-setting,1.24292,3374592,4.47376,0,0,-1,0,1.24291
fields/00589__plt00196__fab0000_comp01_rho_E.f32__c0006__dt-f32/chunk_0,4194304,8920d6bd4bc16bfe,24,np-setting,1.42648,2940342,3.41158,0,0,-1,0,1.42647
fields/00589__plt00196__fab0000_comp01_rho_E.f32__c0014__dt-f32/chunk_0,4194304,354d1c0198c66ce,24,np-setting,6.70376,625688,3.05568,0,0,-1,0,6.70351
fields/00590__plt00196__fab0000_comp02_logden.f32__c0006__dt-f32/chunk_0,4194304,b6b2fa9274c6818b,24,np-setting,1.12675,3722490,4.80064,0,0,-1,0,1.12675
fields/00590__plt00196__fab0000_comp02_logden.f32__c0014__dt-f32/chunk_0,4194304,bacacfcf887a9c82,24,np-setting,1.12944,3713624,2.58518,0,0,-1,0,1.12944
fields/00591__plt00197__fab0000_comp00_density.f32__c0006__dt-f32/chunk_0,4194304,da13e25e375e1154,24,np-setting,1.1596,3617048,4.68384,0,0,-1,0,1.15959
fields/00591__plt00197__fab0000_comp00_density.f32__c0014__dt-f32/chunk_0,4194304,f56d4ecccbbeaf95,24,np-setting,1.24241,3375976,2.06867,0,0,-1,0,1.2424
fields/00592__plt00197__fab0000_comp01_rho_E.f32__c0006__dt-f32/chunk_0,4194304,c606fb092d5482ff,24,np-setting,1.42226,2949074,3.42934,0,0,-1,0,1.42224
fields/00592__plt00197__fab0000_comp01_rho_E.f32__c0014__dt-f32/chunk_0,4194304,79eb161d4e43642d,24,np-setting,6.5327,642072,3.43197,0,0,-1,0,6.53245
fields/00593__plt00197__fab0000_comp02_logden.f32__c0006__dt-f32/chunk_0,4194304,dd68220fa08f364,24,np-setting,1.1269,3722004,3.81843,0,0,-1,0,1.12689
fields/00593__plt00197__fab0000_comp02_logden.f32__c0014__dt-f32/chunk_0,4194304,3a28b181fc0fb0c6,24,np-setting,1.12948,3713504,2.22621,0,0,-1,0,1.12947
fields/00594__plt00198__fab0000_comp00_density.f32__c0006__dt-f32/chunk_0,4194304,1e885b6fa609d44b,24,np-setting,1.15932,3617934,3.04726,0,0,-1,0,1.15931
fields/00594__plt00198__fab0000_comp00_density.f32__c0014__dt-f32/chunk_0,4194304,22d6f6a771555a5b,24,np-setting,1.24207,3376896,2.27542,0,0,-1,0,1.24206
fields/00595__plt00198__fab0000_comp01_rho_E.f32__c0006__dt-f32/chunk_0,4194304,74f6e34dabfe016,24,np-setting,1.41799,2957948,1.56195,0,0,-1,0,1.41798
fields/00595__plt00198__fab0000_comp01_rho_E.f32__c0014__dt-f32/chunk_0,4194304,1fe74dbbd401c7b3,24,np-setting,6.37037,658432,3.0328,0,0,-1,0,6.37014
fields/00596__plt00198__fab0000_comp02_logden.f32__c0006__dt-f32/chunk_0,4194304,6b26e7ea516e0e91,24,np-setting,1.12718,3721100,4.02512,0,0,-1,0,1.12717
fields/00596__plt00198__fab0000_comp02_logden.f32__c0014__dt-f32/chunk_0,4194304,9466ba768bafcd8b,24,np-setting,1.12947,3713552,4.7255,0,0,-1,0,1.12946
fields/00597__plt00199__fab0000_comp00_density.f32__c0006__dt-f32/chunk_0,4194304,4e8d8f3b8b55aed1,24,np-setting,1.15909,3618654,3.04653,0,0,-1,0,1.15908
fields/00597__plt00199__fab0000_comp00_density.f32__c0014__dt-f32/chunk_0,4194304,b81bf68a9fcc5af6,24,np-setting,1.24162,3378104,3.50912,0,0,-1,0,1.24161
fields/00598__plt00199__fab0000_comp01_rho_E.f32__c0006__dt-f32/chunk_0,4194304,5ea8d69f0d1cf8d9,24,np-setting,1.41426,2965738,4.85939,0,0,-1,0,1.41425
fields/00598__plt00199__fab0000_comp01_rho_E.f32__c0014__dt-f32/chunk_0,4194304,32c7dc78bb343fe9,24,np-setting,6.19521,677048,3.17328,0,0,-1,0,6.19499
fields/00599__plt00199__fab0000_comp02_logden.f32__c0006__dt-f32/chunk_0,4194304,d0a266076cb6bb61,24,np-setting,1.1274,3720358,3.97683,0,0,-1,0,1.12739
fields/00599__plt00199__fab0000_comp02_logden.f32__c0014__dt-f32/chunk_0,4194304,3cb19ecd2ff3d12c,24,np-setting,1.12946,3713572,4.35261,0,0,-1,0,1.12945
fields/00600__plt00200__fab0000_comp00_density.f32__c0006__dt-f32/chunk_0,4194304,316ad1f65573ab6e,24,np-setting,1.15883,3619454,4.63478,0,0,-1,0,1.15882
fields/00600__plt00200__fab0000_comp00_density.f32__c0014__dt-f32/chunk_0,4194304,68144ecb788bca41,24,np-setting,1.24126,3379096,5.21248,0,0,-1,0,1.24125
fields/00601__plt00200__fab0000_comp01_rho_E.f32__c0006__dt-f32/chunk_0,4194304,812cd088eab10897,24,np-setting,1.41003,2974650,3.07619,0,0,-1,0,1.41002
fields/00601__plt00200__fab0000_comp01_rho_E.f32__c0014__dt-f32/chunk_0,4194304,a1fc4a2832641f45,24,np-setting,6.05816,692364,3.09344,0,0,-1,0,6.05795
fields/00602__plt00200__fab0000_comp02_logden.f32__c0006__dt-f32/chunk_0,4194304,8fd01d369bbbae9b,24,np-setting,1.12762,3719616,4.84749,0,0,-1,0,1.12762
fields/00602__plt00200__fab0000_comp02_logden.f32__c0014__dt-f32/chunk_0,4194304,48e2eaa33a9a2191,24,np-setting,1.12944,3713628,4.22826,0,0,-1,0,1.12944
fields/00603__plt00201__fab0000_comp00_density.f32__c0006__dt-f32/chunk_0,4194304,8a246d038344c28b,24,np-setting,1.15853,3620376,3.04038,0,0,-1,0,1.15853
fields/00603__plt00201__fab0000_comp00_density.f32__c0014__dt-f32/chunk_0,4194304,3405dce7aa104e00,24,np-setting,1.24083,3380264,4.22422,0,0,-1,0,1.24082
fields/00604__plt00201__fab0000_comp01_rho_E.f32__c0006__dt-f32/chunk_0,4194304,be0749af06cc9a11,24,np-setting,1.40625,2982640,5.16714,0,0,-1,0,1.40624
fields/00604__plt00201__fab0000_comp01_rho_E.f32__c0014__dt-f32/chunk_0,4194304,8d4f2118040a5138,24,np-setting,5.8884,712324,2.20416,0,0,-1,0,5.8882
fields/00605__plt00201__fab0000_comp02_logden.f32__c0006__dt-f32/chunk_0,4194304,d7d90ec485c760a8,24,np-setting,1.12782,3718974,4.95242,0,0,-1,0,1.12781
fields/00605__plt00201__fab0000_comp02_logden.f32__c0014__dt-f32/chunk_0,4194304,357d19633486a0d1,24,np-setting,1.12962,3713036,2.68122,0,0,-1,0,1.12962
fields/00606__plt00202__fab0000_comp00_density.f32__c0006__dt-f32/chunk_0,4194304,f6be9d2aa6541840,24,np-setting,1.1582,3621424,2.6824,0,0,-1,0,1.15819
fields/00606__plt00202__fab0000_comp00_density.f32__c0014__dt-f32/chunk_0,4194304,740d1abfa2ef3187,24,np-setting,1.24033,3381632,7.83424,0,0,-1,0,1.24032
fields/00607__plt00202__fab0000_comp01_rho_E.f32__c0006__dt-f32/chunk_0,4194304,f659b656e376d747,24,np-setting,1.4026,2990410,4.27622,0,0,-1,0,1.40258
fields/00607__plt00202__fab0000_comp01_rho_E.f32__c0014__dt-f32/chunk_0,4194304,43f5e929adf09dd8,24,np-setting,5.74798,729724,0.498848,0,0,-1,0,5.7478
fields/00608__plt00202__fab0000_comp02_logden.f32__c0006__dt-f32/chunk_0,4194304,d63c121cd0d1a60b,24,np-setting,1.128,3718372,3.62515,0,0,-1,0,1.12799
fields/00608__plt00202__fab0000_comp02_logden.f32__c0014__dt-f32/chunk_0,4194304,c227b3970aa4b1da,24,np-setting,1.12968,3712848,1.8047,0,0,-1,0,1.12967
fields/00609__plt00203__fab0000_comp00_density.f32__c0006__dt-f32/chunk_0,4194304,bd26015d19a791a7,24,np-setting,1.15797,3622136,2.10003,0,0,-1,0,1.15796
fields/00609__plt00203__fab0000_comp00_density.f32__c0014__dt-f32/chunk_0,4194304,ba3d3cff2e94ca61,24,np-setting,1.23992,3382752,4.55517,0,0,-1,0,1.23991
fields/00610__plt00203__fab0000_comp01_rho_E.f32__c0006__dt-f32/chunk_0,4194304,7b3a65da05a2807,24,np-setting,1.39916,2997746,5.18138,0,0,-1,0,1.39915
fields/00610__plt00203__fab0000_comp01_rho_E.f32__c0014__dt-f32/chunk_0,4194304,60d497727f985e92,24,np-setting,5.60925,747772,5.10778,0,0,-1,0,5.60907
fields/00611__plt00203__fab0000_comp02_logden.f32__c0006__dt-f32/chunk_0,4194304,78f370618d3942a0,24,np-setting,1.12828,3717468,3.17651,0,0,-1,0,1.12827
fields/00611__plt00203__fab0000_comp02_logden.f32__c0014__dt-f32/chunk_0,4194304,31bdfe18870298fd,24,np-setting,1.1296,3713104,6.65885,0,0,-1,0,1.1296
fields/00612__plt00204__fab0000_comp00_density.f32__c0006__dt-f32/chunk_0,4194304,5f009d021fb59dbc,24,np-setting,1.15772,3622928,5.1576,0,0,-1,0,1.15771
fields/00612__plt00204__fab0000_comp00_density.f32__c0014__dt-f32/chunk_0,4194304,1acb33cc97d02170,24,np-setting,1.23948,3383952,4.64282,0,0,-1,0,1.23947
fields/00613__plt00204__fab0000_comp01_rho_E.f32__c0006__dt-f32/chunk_0,4194304,f67ad3d20c3738ce,24,np-setting,1.39503,3006620,3.76413,0,0,-1,0,1.39502
fields/00613__plt00204__fab0000_comp01_rho_E.f32__c0014__dt-f32/chunk_0,4194304,fee5176e39729816,24,np-setting,5.48705,764424,5.47894,0,0,-1,0,5.48688
fields/00614__plt00204__fab0000_comp02_logden.f32__c0006__dt-f32/chunk_0,4194304,99be3130a52558eb,24,np-setting,1.12847,3716838,2.98685,0,0,-1,0,1.12846
fields/00614__plt00204__fab0000_comp02_logden.f32__c0014__dt-f32/chunk_0,4194304,80d269435cfd0e82,24,np-setting,1.12963,3713008,3.90144,0,0,-1,0,1.12962
fields/00615__plt00205__fab0000_comp00_density.f32__c0006__dt-f32/chunk_0,4194304,2a801b2c059f3509,24,np-setting,1.1574,3623916,4.73203,0,0,-1,0,1.1574
fields/00615__plt00205__fab0000_comp00_density.f32__c0014__dt-f32/chunk_0,4194304,ee7a6e77669f6955,24,np-setting,1.23905,3385128,1.7719,0,0,-1,0,1.23904
fields/00616__plt00205__fab0000_comp01_rho_E.f32__c0006__dt-f32/chunk_0,4194304,d141e9904230064f,24,np-setting,1.39149,3014280,2.94656,0,0,-1,0,1.39148
fields/00616__plt00205__fab0000_comp01_rho_E.f32__c0014__dt-f32/chunk_0,4194304,5ad1d0aa136c19aa,24,np-setting,5.37362,780560,4.59392,0,0,-1,0,5.37345
fields/00617__plt00205__fab0000_comp02_logden.f32__c0006__dt-f32/chunk_0,4194304,f6d8c721f2f5460b,24,np-setting,1.12869,3716112,3.9719,0,0,-1,0,1.12868
fields/00617__plt00205__fab0000_comp02_logden.f32__c0014__dt-f32/chunk_0,4194304,3540d140dfce7a54,24,np-setting,1.12965,3712936,3.91542,0,0,-1,0,1.12965
fields/00618__plt00206__fab0000_comp00_density.f32__c0006__dt-f32/chunk_0,4194304,45a4b22eb43ab83d,24,np-setting,1.15712,3624788,3.98474,0,0,-1,0,1.15712
fields/00618__plt00206__fab0000_comp00_density.f32__c0014__dt-f32/chunk_0,4194304,cbfe10ca6cce9b3e,24,np-setting,1.23855,3386488,3.15306,0,0,-1,0,1.23854
fields/00619__plt00206__fab0000_comp01_rho_E.f32__c0006__dt-f32/chunk_0,4194304,f6695490f32ded22,24,np-setting,1.38725,3023498,3.17069,0,0,-1,0,1.38724
fields/00619__plt00206__fab0000_comp01_rho_E.f32__c0014__dt-f32/chunk_0,4194304,e8ff94e250889d79,24,np-setting,5.2605,797344,5.31984,0,0,-1,0,5.26034
fields/00620__plt00206__fab0000_comp02_logden.f32__c0006__dt-f32/chunk_0,4194304,20796df4fdc24868,24,np-setting,1.12884,3715616,3.86051,0,0,-1,0,1.12883
fields/00620__plt00206__fab0000_comp02_logden.f32__c0014__dt-f32/chunk_0,4194304,27f09a060ce1aedc,24,np-setting,1.12968,3712860,3.16896,0,0,-1,0,1.12967
fields/00621__plt00207__fab0000_comp00_density.f32__c0006__dt-f32/chunk_0,4194304,13c5779b51894b84,24,np-setting,1.15677,3625900,2.25168,0,0,-1,0,1.15676
fields/00621__plt00207__fab0000_comp00_density.f32__c0014__dt-f32/chunk_0,4194304,4489c672e597ccf9,24,np-setting,1.23803,3387904,4.73245,0,0,-1,0,1.23802
fields/00622__plt00207__fab0000_comp01_rho_E.f32__c0006__dt-f32/chunk_0,4194304,19475ce711197c7d,24,np-setting,1.38292,3032948,2.81926,0,0,-1,0,1.38291
fields/00622__plt00207__fab0000_comp01_rho_E.f32__c0014__dt-f32/chunk_0,4194304,7dbd825dd275dea8,24,np-setting,5.15359,813884,3.9327,0,0,-1,0,5.15344
fields/00623__plt00207__fab0000_comp02_logden.f32__c0006__dt-f32/chunk_0,4194304,f5fd2aa341de2c6,24,np-setting,1.12905,3714916,2.39898,0,0,-1,0,1.12904
fields/00623__plt00207__fab0000_comp02_logden.f32__c0014__dt-f32/chunk_0,4194304,1ca998f6b2970611,24,np-setting,1.12975,3712632,3.24358,0,0,-1,0,1.12974
fields/00624__plt00208__fab0000_comp00_density.f32__c0006__dt-f32/chunk_0,4194304,227398bba948f433,24,np-setting,1.1565,3626740,4.52656,0,0,-1,0,1.15649
fields/00624__plt00208__fab0000_comp00_density.f32__c0014__dt-f32/chunk_0,4194304,a4c5d0821edc71e0,24,np-setting,1.23759,3389116,2.28954,0,0,-1,0,1.23758
fields/00625__plt00208__fab0000_comp01_rho_E.f32__c0006__dt-f32/chunk_0,4194304,28796c6f43f307a5,24,np-setting,1.37813,3043502,2.12656,0,0,-1,0,1.37812
fields/00625__plt00208__fab0000_comp01_rho_E.f32__c0014__dt-f32/chunk_0,4194304,e46bf1df669ae829,24,np-setting,5.04975,830620,2.14464,0,0,-1,0,5.04961
fields/00626__plt00208__fab0000_comp02_logden.f32__c0006__dt-f32/chunk_0,4194304,a2910f1361060889,24,np-setting,1.12925,3714258,4.52838,0,0,-1,0,1.12924
fields/00626__plt00208__fab0000_comp02_logden.f32__c0014__dt-f32/chunk_0,4194304,a09e22fe4b0a92f8,24,np-setting,1.12977,3712568,5.23843,0,0,-1,0,1.12976
fields/00627__plt00209__fab0000_comp00_density.f32__c0006__dt-f32/chunk_0,4194304,9032f0659101c1b4,24,np-setting,1.15631,3627328,3.40246,0,0,-1,0,1.15631
fields/00627__plt00209__fab0000_comp00_density.f32__c0014__dt-f32/chunk_0,4194304,7d4ba98de71191a0,24,np-setting,1.23712,3390400,4.30422,0,0,-1,0,1.23711
fields/00628__plt00209__fab0000_comp01_rho_E.f32__c0006__dt-f32/chunk_0,4194304,3ca942121f45e25d,24,np-setting,1.37328,3054250,3.97549,0,0,-1,0,1.37327
fields/00628__plt00209__fab0000_comp01_rho_E.f32__c0014__dt-f32/chunk_0,4194304,ed4e2ec79147ec01,24,np-setting,4.94964,847420,4.09766,0,0,-1,0,4.9495
fields/00629__plt00209__fab0000_comp02_logden.f32__c0006__dt-f32/chunk_0,4194304,42fd6de23264846a,24,np-setting,1.12946,3713588,4.28672,0,0,-1,0,1.12945
fields/00629__plt00209__fab0000_comp02_logden.f32__c0014__dt-f32/chunk_0,4194304,39095ac5720e2e2e,24,np-setting,1.12975,3712612,3.50784,0,0,-1,0,1.12974
fields/00630__plt00210__fab0000_comp00_density.f32__c0006__dt-f32/chunk_0,4194304,924266f9464b8c80,24,np-setting,1.15609,3628044,5.08506,0,0,-1,0,1.15608
fields/00630__plt00210__fab0000_comp00_density.f32__c0014__dt-f32/chunk_0,4194304,c79681826f0fddcf,24,np-setting,1.23684,3391168,5.47571,0,0,-1,0,1.23683
fields/00631__plt00210__fab0000_comp01_rho_E.f32__c0006__dt-f32/chunk_0,4194304,357473faf0e2f7e4,24,np-setting,1.3684,3065138,4.74371,0,0,-1,0,1.36839
fields/00631__plt00210__fab0000_comp01_rho_E.f32__c0014__dt-f32/chunk_0,4194304,4b312739b6c5dfb6,24,np-setting,4.85328,864244,2.2328,0,0,-1,0,4.85315
fields/00632__plt00210__fab0000_comp02_logden.f32__c0006__dt-f32/chunk_0,4194304,6337088535854ccc,24,np-setting,1.12974,3712656,3.70467,0,0,-1,0,1.12973
fields/00632__plt00210__fab0000_comp02_logden.f32__c0014__dt-f32/chunk_0,4194304,97683e9b11c73385,24,np-setting,1.12979,3712476,3.98486,0,0,-1,0,1.12979
fields/00633__plt00211__fab0000_comp00_density.f32__c0006__dt-f32/chunk_0,4194304,72ef3d2eca56c72d,24,np-setting,1.15569,3629274,4.53962,0,0,-1,0,1.15569
fields/00633__plt00211__fab0000_comp00_density.f32__c0014__dt-f32/chunk_0,4194304,2c14a56c31cd0ce6,24,np-setting,1.2364,3392388,3.70966,0,0,-1,0,1.23639
fields/00634__plt00211__fab0000_comp01_rho_E.f32__c0006__dt-f32/chunk_0,4194304,63a319c585e55a75,24,np-setting,1.36447,3073958,6.99482,0,0,-1,0,1.36446
fields/00634__plt00211__fab0000_comp01_rho_E.f32__c0014__dt-f32/chunk_0,4194304,685235c81db51e2c,24,np-setting,4.76097,881000,4.30461,0,0,-1,0,4.76084
fields/00635__plt00211__fab0000_comp02_logden.f32__c0006__dt-f32/chunk_0,4194304,22630d7eeae64e93,24,np-setting,1.12991,3712104,3.38541,0,0,-1,0,1.1299
fields/00635__plt00211__fab0000_comp02_logden.f32__c0014__dt-f32/chunk_0,4194304,b365e566ac30e36f,24,np-setting,1.12976,3712580,0.47904,0,0,-1,0,1.12975
fields/00636__plt00212__fab0000_comp00_density.f32__c0006__dt-f32/chunk_0,4194304,649b23cd12ea7cae,24,np-setting,1.15534,3630378,4.43283,0,0,-1,0,1.15534
fields/00636__plt00212__fab0000_comp00_density.f32__c0014__dt-f32/chunk_0,4194304,ce934df63d356ffc,24,np-setting,1.23615,3393052,5.51437,0,0,-1,0,1.23614
fields/00637__plt00212__fab0000_comp01_rho_E.f32__c0006__dt-f32/chunk_0,4194304,bd32a769bb6e21a9,24,np-setting,1.3606,3082702,2.968,0,0,-1,0,1.36059
fields/00637__plt00212__fab0000_comp01_rho_E.f32__c0014__dt-f32/chunk_0,4194304,60ac7c6854bf79b5,24,np-setting,4.67059,898048,2.24688,0,0,-1,0,4.67047
fields/00638__plt00212__fab0000_comp02_logden.f32__c0006__dt-f32/chunk_0,4194304,1c644a9d2b396ce3,24,np-setting,1.13013,3711372,0.424448,0,0,-1,0,1.13012
fields/00638__plt00212__fab0000_comp02_logden.f32__c0014__dt-f32/chunk_0,4194304,12b3c60fb67d2b0c,24,np-setting,1.12978,3712508,2.69971,0,0,-1,0,1.12978
fields/00639__plt00213__fab0000_comp00_density.f32__c0006__dt-f32/chunk_0,4194304,ae0e517968d03976,24,np-setting,1.15487,3631872,1.59888,0,0,-1,0,1.15486
fields/00639__plt00213__fab0000_comp00_density.f32__c0014__dt-f32/chunk_0,4194304,44009095b5f799f7,24,np-setting,1.2358,3394032,4.34589,0,0,-1,0,1.23579
fields/00640__plt00213__fab0000_comp01_rho_E.f32__c0006__dt-f32/chunk_0,4194304,9a005832f44366dd,24,np-setting,1.35702,3090854,2.37638,0,0,-1,0,1.357
fields/00640__plt00213__fab0000_comp01_rho_E.f32__c0014__dt-f32/chunk_0,4194304,cb271166eda36653,24,np-setting,4.57784,916244,3.22288,0,0,-1,0,4.57772
fields/00641__plt00213__fab0000_comp02_logden.f32__c0006__dt-f32/chunk_0,4194304,849192db5b5c277a,24,np-setting,1.13031,3710770,5.32368,0,0,-1,0,1.13031
fields/00641__plt00213__fab0000_comp02_logden.f32__c0014__dt-f32/chunk_0,4194304,5587c05209bacb81,24,np-setting,1.12978,3712520,4.40422,0,0,-1,0,1.12977
fields/00642__plt00214__fab0000_comp00_density.f32__c0006__dt-f32/chunk_0,4194304,9bfe9e5caf2bfccc,24,np-setting,1.15468,3632464,3.36614,0,0,-1,0,1.15467
fields/00642__plt00214__fab0000_comp00_density.f32__c0014__dt-f32/chunk_0,4194304,f3ba03823949b99f,24,np-setting,1.2355,3394844,4.05011,0,0,-1,0,1.23549
fields/00643__plt00214__fab0000_comp01_rho_E.f32__c0006__dt-f32/chunk_0,4194304,b46f51d064c4f1c5,24,np-setting,1.35309,3099812,0.414336,0,0,-1,0,1.35308
fields/00643__plt00214__fab0000_comp01_rho_E.f32__c0014__dt-f32/chunk_0,4194304,94a19b76d8487ef6,24,np-setting,4.4957,932984,7.63286,0,0,-1,0,4.49558
fields/00644__plt00214__fab0000_comp02_logden.f32__c0006__dt-f32/chunk_0,4194304,95a3c2d2b45f7f2c,24,np-setting,1.13046,3710292,4.8809,0,0,-1,0,1.13045
fields/00644__plt00214__fab0000_comp02_logden.f32__c0014__dt-f32/chunk_0,4194304,b62282f8edf005fe,24,np-setting,1.12989,3712166,4.96906,0,0,-1,0,1.12988
fields/00645__plt00215__fab0000_comp00_density.f32__c0006__dt-f32/chunk_0,4194304,986af9334a8cab42,24,np-setting,1.15442,3633284,4.00051,0,0,-1,0,1.15441
fields/00645__plt00215__fab0000_comp00_density.f32__c0014__dt-f32/chunk_0,4194304,423fb7c30aa59812,24,np-setting,1.23518,3395728,2.83299,0,0,-1,0,1.23517
fields/00646__plt00215__fab0000_comp01_rho_E.f32__c0006__dt-f32/chunk_0,4194304,646a24e62607c1d3,24,np-setting,1.34935,3108420,3.18883,0,0,-1,0,1.34934
fields/00646__plt00215__fab0000_comp01_rho_E.f32__c0014__dt-f32/chunk_0,4194304,15ba99ef66135589,24,np-setting,4.40908,951312,3.52246,0,0,-1,0,4.40897
fields/00647__plt00215__fab0000_comp02_logden.f32__c0006__dt-f32/chunk_0,4194304,76435f7100068a27,24,np-setting,1.13061,3709794,3.46032,0,0,-1,0,1.1306
fields/00647__plt00215__fab0000_comp02_logden.f32__c0014__dt-f32/chunk_0,4194304,da8482fffc702b0e,24,np-setting,1.12982,3712394,4.59053,0,0,-1,0,1.12981
fields/00648__plt00216__fab0000_comp00_density.f32__c0006__dt-f32/chunk_0,4194304,4f445288b6c91f31,24,np-setting,1.15415,3634124,5.12931,0,0,-1,0,1.15414
fields/00648__plt00216__fab0000_comp00_density.f32__c0014__dt-f32/chunk_0,4194304,a41705943d8ed951,24,np-setting,1.23498,3396288,4.79469,0,0,-1,0,1.23497
fields/00649__plt00216__fab0000_comp01_rho_E.f32__c0006__dt-f32/chunk_0,4194304,c5979ef11cb8515e,24,np-setting,1.34597,3116210,3.36669,0,0,-1,0,1.34596
fields/00649__plt00216__fab0000_comp01_rho_E.f32__c0014__dt-f32/chunk_0,4194304,3fec9f19fa9ff52c,24,np-setting,4.33097,968468,1.5639,0,0,-1,0,4.33086
fields/00650__plt00216__fab0000_comp02_logden.f32__c0006__dt-f32/chunk_0,4194304,2acc7c3f7cf7d232,24,np-setting,1.13081,3709144,2.38096,0,0,-1,0,1.1308
fields/00650__plt00216__fab0000_comp02_logden.f32__c0014__dt-f32/chunk_0,4194304,81f0374b724465b8,24,np-setting,1.12986,3712242,4.63101,0,0,-1,0,1.12986
fields/00651__plt00217__fab0000_comp00_density.f32__c0006__dt-f32/chunk_0,4194304,294b9a050d38e178,24,np-setting,1.15391,3634896,1.86275,0,0,-1,0,1.1539
fields/00651__plt00217__fab0000_comp00_density.f32__c0014__dt-f32/chunk_0,4194304,5dcee6a46be5dad4,24,np-setting,1.23467,3397120,4.62086,0,0,-1,0,1.23466
fields/00652__plt00217__fab0000_comp01_rho_E.f32__c0006__dt-f32/chunk_0,4194304,62f7ba9214f020d0,24,np-setting,1.34263,3123978,1.21587,0,0,-1,0,1.34262
fields/00652__plt00217__fab0000_comp01_rho_E.f32__c0014__dt-f32/chunk_0,4194304,90554596a78c1a90,24,np-setting,4.25332,986148,0.220992,0,0,-1,0,4.25322
fields/00653__plt00217__fab0000_comp02_logden.f32__c0006__dt-f32/chunk_0,4194304,4cd99be2f8691de4,24,np-setting,1.13107,3708288,2.24227,0,0,-1,0,1.13106
fields/00653__plt00217__fab0000_comp02_logden.f32__c0014__dt-f32/chunk_0,4194304,b24361856896bc7e,24,np-setting,1.12998,3711850,3.35136,0,0,-1,0,1.12998
fields/00654__plt00218__fab0000_comp00_density.f32__c0006__dt-f32/chunk_0,4194304,c537338ecfafe076,24,np-setting,1.15371,3635528,4.39971,0,0,-1,0,1.1537
fields/00654__plt00218__fab0000_comp00_density.f32__c0014__dt-f32/chunk_0,4194304,1346609e372ec01e,24,np-setting,1.23443,3397788,4.11606,0,0,-1,0,1.23442
fields/00655__plt00218__fab0000_comp01_rho_E.f32__c0006__dt-f32/chunk_0,4194304,563987c3cc00b3d9,24,np-setting,1.3394,3131502,2.89616,0,0,-1,0,1.33939
fields/00655__plt00218__fab0000_comp01_rho_E.f32__c0014__dt-f32/chunk_0,4194304,45561a116ce3ac5a,24,np-setting,4.18041,1003348,3.15706,0,0,-1,0,4.18031
fields/00656__plt00218__fab0000_comp02_logden.f32__c0006__dt-f32/chunk_0,4194304,ab08d2a06a11ced5,24,np-setting,1.13131,3707488,1.98915,0,0,-1,0,1.13131
fields/00656__plt00218__fab0000_comp02_logden.f32__c0014__dt-f32/chunk_0,4194304,f6ca65b850faa32c,24,np-setting,1.13006,3711590,0.313984,0,0,-1,0,1.13006
fields/00657__plt00219__fab0000_comp00_density.f32__c0006__dt-f32/chunk_0,4194304,4f5a739e6f5a41fa,24,np-setting,1.15358,3635934,3.58608,0,0,-1,0,1.15357
fields/00657__plt00219__fab0000_comp00_density.f32__c0014__dt-f32/chunk_0,4194304,9b12f9d6a8d839c7,24,np-setting,1.23423,3398328,4.33738,0,0,-1,0,1.23423
fields/00658__plt00219__fab0000_comp01_rho_E.f32__c0006__dt-f32/chunk_0,4194304,7a5a04c69748a267,24,np-setting,1.3362,3139014,1.01024,0,0,-1,0,1.33619
fields/00658__plt00219__fab0000_comp01_rho_E.f32__c0014__dt-f32/chunk_0,4194304,72e174efb24cc07e,24,np-setting,4.10834,1020948,3.81094,0,0,-1,0,4.10824
fields/00659__plt00219__fab0000_comp02_logden.f32__c0006__dt-f32/chunk_0,4194304,252fffcfc75efd60,24,np-setting,1.13155,3706706,2.912,0,0,-1,0,1.13154
fields/00659__plt00219__fab0000_comp02_logden.f32__c0014__dt-f32/chunk_0,4194304,34e26a1574c738da,24,np-setting,1.13012,3711398,2.57104,0,0,-1,0,1.13011
fields/00660__plt00220__fab0000_comp00_density.f32__c0006__dt-f32/chunk_0,4194304,49201951c5194bc5,24,np-setting,1.15333,3636712,4.9264,0,0,-1,0,1.15332
fields/00660__plt00220__fab0000_comp00_density.f32__c0014__dt-f32/chunk_0,4194304,b4ed24e6119b913,24,np-setting,1.23396,3399080,3.43613,0,0,-1,0,1.23395
fields/00661__plt00220__fab0000_comp01_rho_E.f32__c0006__dt-f32/chunk_0,4194304,a30c2dc7a5e03b4c,24,np-setting,1.3333,3145826,4.77312,0,0,-1,0,1.33329
fields/00661__plt00220__fab0000_comp01_rho_E.f32__c0014__dt-f32/chunk_0,4194304,b76ea799a6e4384d,24,np-setting,4.03785,1038772,3.75277,0,0,-1,0,4.03775
fields/00662__plt00220__fab0000_comp02_logden.f32__c0006__dt-f32/chunk_0,4194304,21899db6f25987d1,24,np-setting,1.13175,3706048,1.68854,0,0,-1,0,1.13175
fields/00662__plt00220__fab0000_comp02_logden.f32__c0014__dt-f32/chunk_0,4194304,60bf368e0c4bb506,24,np-setting,1.13021,3711122,3.40461,0,0,-1,0,1.1302
fields/00663__plt00221__fab0000_comp00_density.f32__c0006__dt-f32/chunk_0,4194304,a6276203adddd1bb,24,np-setting,1.1531,3637438,4.98339,0,0,-1,0,1.15309
fields/00663__plt00221__fab0000_comp00_density.f32__c0014__dt-f32/chunk_0,4194304,b74ac3941be4f2bc,24,np-setting,1.23389,3399284,4.93469,0,0,-1,0,1.23388
fields/00664__plt00221__fab0000_comp01_rho_E.f32__c0006__dt-f32/chunk_0,4194304,d7699e8d6e2a89cd,24,np-setting,1.33033,3152860,3.13258,0,0,-1,0,1.33032
fields/00664__plt00221__fab0000_comp01_rho_E.f32__c0014__dt-f32/chunk_0,4194304,daf04be3cbe683ff,24,np-setting,3.96862,1056892,4.90032,0,0,-1,0,3.96853
fields/00665__plt00221__fab0000_comp02_logden.f32__c0006__dt-f32/chunk_0,4194304,a47f2bf4f942a1b5,24,np-setting,1.13199,3705286,4.0832,0,0,-1,0,1.13198
fields/00665__plt00221__fab0000_comp02_logden.f32__c0014__dt-f32/chunk_0,4194304,9f8a98a7b247a900,24,np-setting,1.1303,3710808,3.5384,0,0,-1,0,1.13029
fields/00666__plt00222__fab0000_comp00_density.f32__c0006__dt-f32/chunk_0,4194304,fe023c3e479697cc,24,np-setting,1.15281,3638344,4.06502,0,0,-1,0,1.15281
fields/00666__plt00222__fab0000_comp00_density.f32__c0014__dt-f32/chunk_0,4194304,219e55205faa78b,24,np-setting,1.23385,3399380,3.90886,0,0,-1,0,1.23384
fields/00667__plt00222__fab0000_comp01_rho_E.f32__c0006__dt-f32/chunk_0,4194304,613c29755ba916cb,24,np-setting,1.32776,3158968,5.14282,0,0,-1,0,1.32775
fields/00667__plt00222__fab0000_comp01_rho_E.f32__c0014__dt-f32/chunk_0,4194304,26e7dcf2d6979f22,24,np-setting,3.90569,1073920,4.20339,0,0,-1,0,3.9056
fields/00668__plt00222__fab0000_comp02_logden.f32__c0006__dt-f32/chunk_0,4194304,9cb6d2142a82ebc8,24,np-setting,1.13223,3704478,3.94291,0,0,-1,0,1.13223
fields/00668__plt00222__fab0000_comp02_logden.f32__c0014__dt-f32/chunk_0,4194304,192000bb1cecd952,24,np-setting,1.13042,3710408,3.64221,0,0,-1,0,1.13042
fields/00669__plt00223__fab0000_comp00_density.f32__c0006__dt-f32/chunk_0,4194304,7c0e7ee2d39ab3a2,24,np-setting,1.15253,3639244,4.47734,0,0,-1,0,1.15252
fields/00669__plt00223__fab0000_comp00_density.f32__c0014__dt-f32/chunk_0,4194304,ddcaaba1adff4d0c,24,np-setting,1.23375,3399672,4.9025,0,0,-1,0,1.23374
fields/00670__plt00223__fab0000_comp01_rho_E.f32__c0006__dt-f32/chunk_0,4194304,4c7abd29b1de812c,24,np-setting,1.32496,3165628,4.86115,0,0,-1,0,1.32495
fields/00670__plt00223__fab0000_comp01_rho_E.f32__c0014__dt-f32/chunk_0,4194304,ca5cd2976c87039b,24,np-setting,3.83904,1092564,4.56909,0,0,-1,0,3.83895
fields/00671__plt00223__fab0000_comp02_logden.f32__c0006__dt-f32/chunk_0,4194304,98d3715e7d46b2c0,24,np-setting,1.1325,3703594,4.26506,0,0,-1,0,1.1325
fields/00671__plt00223__fab0000_comp02_logden.f32__c0014__dt-f32/chunk_0,4194304,a2d73b7627da8f2c,24,np-setting,1.13052,3710098,3.04707,0,0,-1,0,1.13051
fields/00672__plt00224__fab0000_comp00_density.f32__c0006__dt-f32/chunk_0,4194304,c3d2863832232077,24,np-setting,1.1523,3639980,1.82026,0,0,-1,0,1.15229
fields/00672__plt00224__fab0000_comp00_density.f32__c0014__dt-f32/chunk_0,4194304,b6d85654aef96556,24,np-setting,1.23363,3399984,3.2791,0,0,-1,0,1.23362
fields/00673__plt00224__fab0000_comp01_rho_E.f32__c0006__dt-f32/chunk_0,4194304,748cc771b7a022d9,24,np-setting,1.32316,3169944,1.78045,0,0,-1,0,1.32315
fields/00673__plt00224__fab0000_comp01_rho_E.f32__c0014__dt-f32/chunk_0,4194304,fce4fc3a6c4e309b,24,np-setting,3.78016,1109580,5.30291,0,0,-1,0,3.78008
fields/00674__plt00224__fab0000_comp02_logden.f32__c0006__dt-f32/chunk_0,4194304,6f8d859fb07dbea4,24,np-setting,1.13278,3702698,4.62202,0,0,-1,0,1.13277
fields/00674__plt00224__fab0000_comp02_logden.f32__c0014__dt-f32/chunk_0,4194304,ef6d6fbb918364f2,24,np-setting,1.13055,3709976,4.02211,0,0,-1,0,1.13055
fields/00675__plt00225__fab0000_comp00_density.f32__c0006__dt-f32/chunk_0,4194304,e79f238f82b6dd07,24,np-setting,1.15219,3640314,5.57171,0,0,-1,0,1.15218
fields/00675__plt00225__fab0000_comp00_density.f32__c0014__dt-f32/chunk_0,4194304,5b197b21dceee9c4,24,np-setting,1.23346,3400464,5.50125,0,0,-1,0,1.23345
fields/00676__plt00225__fab0000_comp01_rho_E.f32__c0006__dt-f32/chunk_0,4194304,c089d077f9a1c26d,24,np-setting,1.32195,3172836,4.61766,0,0,-1,0,1.32194
fields/00676__plt00225__fab0000_comp01_rho_E.f32__c0014__dt-f32/chunk_0,4194304,4d80b980f5cce07d,24,np-setting,3.71861,1127948,3.16739,0,0,-1,0,3.71853
fields/00677__plt00225__fab0000_comp02_logden.f32__c0006__dt-f32/chunk_0,4194304,ab56aa6709efd5f2,24,np-setting,1.13297,3702054,3.74573,0,0,-1,0,1.13297
fields/00677__plt00225__fab0000_comp02_logden.f32__c0014__dt-f32/chunk_0,4194304,b29ca94bb4bc84f5,24,np-setting,1.13063,3709714,3.23558,0,0,-1,0,1.13063
fields/00678__plt00226__fab0000_comp00_density.f32__c0006__dt-f32/chunk_0,4194304,d634ce831fa8638a,24,np-setting,1.15188,3641290,4.52755,0,0,-1,0,1.15187
fields/00678__plt00226__fab0000_comp00_density.f32__c0014__dt-f32/chunk_0,4194304,98a97dc2ed1c92ca,24,np-setting,1.23336,3400740,4.03939,0,0,-1,0,1.23335
fields/00679__plt00226__fab0000_comp01_rho_E.f32__c0006__dt-f32/chunk_0,4194304,2222a55fb72825a9,24,np-setting,1.32054,3176228,4.13952,0,0,-1,0,1.32053
fields/00679__plt00226__fab0000_comp01_rho_E.f32__c0014__dt-f32/chunk_0,4194304,d07a1eaa244c2046,24,np-setting,3.66369,1144856,4.58362,0,0,-1,0,3.66361
fields/00680__plt00226__fab0000_comp02_logden.f32__c0006__dt-f32/chunk_0,4194304,c3bb2df01a3bab1b,24,np-setting,1.13329,3701036,4.25299,0,0,-1,0,1.13328
fields/00680__plt00226__fab0000_comp02_logden.f32__c0014__dt-f32/chunk_0,4194304,9f5ce4e22b0b4eb8,24,np-setting,1.13065,3709652,4.76867,0,0,-1,0,1.13065
fields/00681__plt00227__fab0000_comp00_density.f32__c0006__dt-f32/chunk_0,4194304,7600606cdd338af1,24,np-setting,1.15169,3641892,4.78995,0,0,-1,0,1.15168
fields/00681__plt00227__fab0000_comp00_density.f32__c0014__dt-f32/chunk_0,4194304,322940813cf7d1d6,24,np-setting,1.2333,3400916,3.41197,0,0,-1,0,1.23329
fields/00682__plt00227__fab0000_comp01_rho_E.f32__c0006__dt-f32/chunk_0,4194304,cf31c0bad7b29179,24,np-setting,1.31905,3179820,2.99955,0,0,-1,0,1.31904
fields/00682__plt00227__fab0000_comp01_rho_E.f32__c0014__dt-f32/chunk_0,4194304,1fed8e10bd301e28,24,np-setting,3.60684,1162900,0.535872,0,0,-1,0,3.60676
fields/00683__plt00227__fab0000_comp02_logden.f32__c0006__dt-f32/chunk_0,4194304,1433b1ca3523a1c0,24,np-setting,1.13357,3700120,0.473696,0,0,-1,0,1.13356
fields/00683__plt00227__fab0000_comp02_logden.f32__c0014__dt-f32/chunk_0,4194304,3887f306ae132028,24,np-setting,1.1308,3709160,0.419424,0,0,-1,0,1.1308
fields/00684__plt00228__fab0000_comp00_density.f32__c0006__dt-f32/chunk_0,4194304,2eb9f5e2337dd05a,24,np-setting,1.15151,3642474,2.09235,0,0,-1,0,1.1515
fields/00684__plt00228__fab0000_comp00_density.f32__c0014__dt-f32/chunk_0,4194304,90b1894c870f04d7,24,np-setting,1.23309,3401492,4.07322,0,0,-1,0,1.23308
fields/00685__plt00228__fab0000_comp01_rho_E.f32__c0006__dt-f32/chunk_0,4194304,a1406f6fe72688a7,24,np-setting,1.31674,3185396,4.83702,0,0,-1,0,1.31673
fields/00685__plt00228__fab0000_comp01_rho_E.f32__c0014__dt-f32/chunk_0,4194304,f1b76d6d834c1779,24,np-setting,3.55552,1179684,5.86259,0,0,-1,0,3.55545
fields/00686__plt00228__fab0000_comp02_logden.f32__c0006__dt-f32/chunk_0,4194304,2584a9160f21c1c2,24,np-setting,1.1338,3699350,3.59914,0,0,-1,0,1.13379
fields/00686__plt00228__fab0000_comp02_logden.f32__c0014__dt-f32/chunk_0,4194304,a76373f1f47c5899,24,np-setting,1.13079,3709208,2.12403,0,0,-1,0,1.13078
fields/00687__plt00229__fab0000_comp00_density.f32__c0006__dt-f32/chunk_0,4194304,c5bd7a154eb2c7e0,24,np-setting,1.15129,3643146,4.0792,0,0,-1,0,1.15129
fields/00687__plt00229__fab0000_comp00_density.f32__c0014__dt-f32/chunk_0,4194304,730ae28624bed688,24,np-setting,1.23302,3401664,4.59949,0,0,-1,0,1.23302
fields/00688__plt00229__fab0000_comp01_rho_E.f32__c0006__dt-f32/chunk_0,4194304,2f854fb578837237,24,np-setting,1.315,3189600,7.4232,0,0,-1,0,1.31499
fields/00688__plt00229__fab0000_comp01_rho_E.f32__c0014__dt-f32/chunk_0,4194304,92ef66f119d21b48,24,np-setting,3.50151,1197880,4.88218,0,0,-1,0,3.50144
fields/00689__plt00229__fab0000_comp02_logden.f32__c0006__dt-f32/chunk_0,4194304,de56ba9f766369e3,24,np-setting,1.13403,3698596,3.07971,0,0,-1,0,1.13403
fields/00689__plt00229__fab0000_comp02_logden.f32__c0014__dt-f32/chunk_0,4194304,5a9f885fb992c90b,24,np-setting,1.1308,3709176,4.17619,0,0,-1,0,1.13079
fields/00690__plt00230__fab0000_comp00_density.f32__c0006__dt-f32/chunk_0,4194304,cac64980a7ab3cb3,24,np-setting,1.15113,3643668,4.12179,0,0,-1,0,1.15112
fields/00690__plt00230__fab0000_comp00_density.f32__c0014__dt-f32/chunk_0,4194304,d6b3e94aa247b513,24,np-setting,1.23299,3401756,4.44778,0,0,-1,0,1.23298
fields/00691__plt00230__fab0000_comp01_rho_E.f32__c0006__dt-f32/chunk_0,4194304,706788c81abec73e,24,np-setting,1.31295,3194592,4.43427,0,0,-1,0,1.31294
fields/00691__plt00230__fab0000_comp01_rho_E.f32__c0014__dt-f32/chunk_0,4194304,6115c26170adbf77,24,np-setting,3.45455,1214164,3.07965,0,0,-1,0,3.45448
fields/00692__plt00230__fab0000_comp02_logden.f32__c0006__dt-f32/chunk_0,4194304,c642b3c64e1ffe8b,24,np-setting,1.13433,3697616,2.56653,0,0,-1,0,1.13433
fields/00692__plt00230__fab0000_comp02_logden.f32__c0014__dt-f32/chunk_0,4194304,21d7c1d644a597d1,24,np-setting,1.13084,3709040,1.68576,0,0,-1,0,1.13083
fields/00693__plt00231__fab0000_comp00_density.f32__c0006__dt-f32/chunk_0,4194304,e588f9f82383f736,24,np-setting,1.15103,3643986,3.27917,0,0,-1,0,1.15102
fields/00693__plt00231__fab0000_comp00_density.f32__c0014__dt-f32/chunk_0,4194304,7f93955c23a12212,24,np-setting,1.23297,3401800,3.59971,0,0,-1,0,1.23297
fields/00694__plt00231__fab0000_comp01_rho_E.f32__c0006__dt-f32/chunk_0,4194304,75825dbeb488e0e2,24,np-setting,1.31151,3198092,1.19456,0,0,-1,0,1.3115
fields/00694__plt00231__fab0000_comp01_rho_E.f32__c0014__dt-f32/chunk_0,4194304,e4d704b72d996858,24,np-setting,3.40463,1231964,3.68531,0,0,-1,0,3.40457
fields/00695__plt00231__fab0000_comp02_logden.f32__c0006__dt-f32/chunk_0,4194304,5932e0d56077cda7,24,np-setting,1.13459,3696768,1.70906,0,0,-1,0,1.13459
fields/00695__plt00231__fab0000_comp02_logden.f32__c0014__dt-f32/chunk_0,4194304,3e916e435811e154,24,np-setting,1.13088,3708904,1.81587,0,0,-1,0,1.13087
fields/00696__plt00232__fab0000_comp00_density.f32__c0006__dt-f32/chunk_0,4194304,876c0a40cf662028,24,np-setting,1.15084,3644570,3.55066,0,0,-1,0,1.15084
fields/00696__plt00232__fab0000_comp00_density.f32__c0014__dt-f32/chunk_0,4194304,442d5bcc30d19ce4,24,np-setting,1.23296,3401844,5.07878,0,0,-1,0,1.23295
fields/00697__plt00232__fab0000_comp01_rho_E.f32__c0006__dt-f32/chunk_0,4194304,81a3577c21ab15cd,24,np-setting,1.30967,3202586,3.5313,0,0,-1,0,1.30966
fields/00697__plt00232__fab0000_comp01_rho_E.f32__c0014__dt-f32/chunk_0,4194304,775276d3728678ae,24,np-setting,3.35941,1248548,2.98163,0,0,-1,0,3.35935
fields/00698__plt00232__fab0000_comp02_logden.f32__c0006__dt-f32/chunk_0,4194304,170777063966e7ae,24,np-setting,1.1348,3696082,1.32883,0,0,-1,0,1.1348
fields/00698__plt00232__fab0000_comp02_logden.f32__c0014__dt-f32/chunk_0,4194304,fd5ded90e2de2485,24,np-setting,1.1309,3708836,3.12403,0,0,-1,0,1.13089
fields/00699__plt00233__fab0000_comp00_density.f32__c0006__dt-f32/chunk_0,4194304,151d7e6de35d542c,24,np-setting,1.15067,3645130,1.47357,0,0,-1,0,1.15066
fields/00699__plt00233__fab0000_comp00_density.f32__c0014__dt-f32/chunk_0,4194304,eaff81ece89fe073,24,np-setting,1.23302,3401688,3.52269,0,0,-1,0,1.23301
fields/00700__plt00233__fab0000_comp01_rho_E.f32__c0006__dt-f32/chunk_0,4194304,9c9aeba947cd4a2b,24,np-setting,1.30806,3206522,4.40173,0,0,-1,0,1.30805
fields/00700__plt00233__fab0000_comp01_rho_E.f32__c0014__dt-f32/chunk_0,4194304,92ceed8fe85f3688,24,np-setting,3.3124,1266268,4.0728,0,0,-1,0,3.31234
fields/00701__plt00233__fab0000_comp02_logden.f32__c0006__dt-f32/chunk_0,4194304,3b981345a394595,24,np-setting,1.13511,3695084,9.11827,0,0,-1,0,1.1351
fields/00701__plt00233__fab0000_comp02_logden.f32__c0014__dt-f32/chunk_0,4194304,b9d339caa3a048ce,24,np-setting,1.13086,3708984,9.12064,0,0,-1,0,1.13085
fields/00702__plt00234__fab0000_comp00_density.f32__c0006__dt-f32/chunk_0,4194304,2e4be89821e486d2,24,np-setting,1.15047,3645766,2.65744,0,0,-1,0,1.15046
fields/00702__plt00234__fab0000_comp00_density.f32__c0014__dt-f32/chunk_0,4194304,cdf8d5fea1aa22bf,24,np-setting,1.23307,3401532,3.61395,0,0,-1,0,1.23306
fields/00703__plt00234__fab0000_comp01_rho_E.f32__c0006__dt-f32/chunk_0,4194304,29ed236f0bcf360a,24,np-setting,1.30682,3209566,3.22944,0,0,-1,0,1.30681
fields/00703__plt00234__fab0000_comp01_rho_E.f32__c0014__dt-f32/chunk_0,4194304,ca3fe068f44ce27f,24,np-setting,3.26942,1282912,2.34131,0,0,-1,0,3.26936
fields/00704__plt00234__fab0000_comp02_logden.f32__c0006__dt-f32/chunk_0,4194304,3ad463027cac0282,24,np-setting,1.13537,3694240,2.6784,0,0,-1,0,1.13536
fields/00704__plt00234__fab0000_comp02_logden.f32__c0014__dt-f32/chunk_0,4194304,e7f1e4c183a64767,24,np-setting,1.13099,3708562,2.49251,0,0,-1,0,1.13098
fields/00705__plt00235__fab0000_comp00_density.f32__c0006__dt-f32/chunk_0,4194304,3bd2f46521e9a25a,24,np-setting,1.15024,3646474,2.49955,0,0,-1,0,1.15024
fields/00705__plt00235__fab0000_comp00_density.f32__c0014__dt-f32/chunk_0,4194304,9a1df080cc65af48,24,np-setting,1.23309,3401488,16.7351,0,0,-1,0,1.23308
fields/00706__plt00235__fab0000_comp01_rho_E.f32__c0006__dt-f32/chunk_0,4194304,a7ab5ffdd9d2f8b7,24,np-setting,1.30544,3212970,11.9547,0,0,-1,0,1.30543
fields/00706__plt00235__fab0000_comp01_rho_E.f32__c0014__dt-f32/chunk_0,4194304,224d4da1307b6309,24,np-setting,3.22439,1300828,1.68432,0,0,-1,0,3.22433
fields/00707__plt00235__fab0000_comp02_logden.f32__c0006__dt-f32/chunk_0,4194304,5339b68c9ead64f4,24,np-setting,1.13566,3693298,5.1896,0,0,-1,0,1.13565
fields/00707__plt00235__fab0000_comp02_logden.f32__c0014__dt-f32/chunk_0,4194304,8d3b1921a0c780da,24,np-setting,1.1309,3708858,4.73248,0,0,-1,0,1.13089
fields/00708__plt00236__fab0000_comp00_density.f32__c0006__dt-f32/chunk_0,4194304,3309a74d809636ab,24,np-setting,1.15004,3647114,2.93923,0,0,-1,0,1.15003
fields/00708__plt00236__fab0000_comp00_density.f32__c0014__dt-f32/chunk_0,4194304,8491d0e110a1dac0,24,np-setting,1.23309,3401488,3.45824,0,0,-1,0,1.23308
fields/00709__plt00236__fab0000_comp01_rho_E.f32__c0006__dt-f32/chunk_0,4194304,1ee1ea3b54741346,24,np-setting,1.30523,3213482,3.81187,0,0,-1,0,1.30522
fields/00709__plt00236__fab0000_comp01_rho_E.f32__c0014__dt-f32/chunk_0,4194304,4d9867cd4ae2ce8c,24,np-setting,3.18441,1317160,3.81315,0,0,-1,0,3.18435
fields/00710__plt00236__fab0000_comp02_logden.f32__c0006__dt-f32/chunk_0,4194304,8ad48fa361d4be8c,24,np-setting,1.13599,3692216,2.59789,0,0,-1,0,1.13599
fields/00710__plt00236__fab0000_comp02_logden.f32__c0014__dt-f32/chunk_0,4194304,6c61704faeda27d7,24,np-setting,1.13092,3708770,2.1904,0,0,-1,0,1.13092
fields/00711__plt00237__fab0000_comp00_density.f32__c0006__dt-f32/chunk_0,4194304,abf8d17ca4c9e6d5,24,np-setting,1.14988,3647624,8.7232,0,0,-1,0,1.14987
fields/00711__plt00237__fab0000_comp00_density.f32__c0014__dt-f32/chunk_0,4194304,9b1da6aae8c8e49e,24,np-setting,1.23317,3401256,0.463936,0,0,-1,0,1.23316
fields/00712__plt00237__fab0000_comp01_rho_E.f32__c0006__dt-f32/chunk_0,4194304,e8b3ab3954db6300,24,np-setting,1.30496,3214154,1.17254,0,0,-1,0,1.30495
fields/00712__plt00237__fab0000_comp01_rho_E.f32__c0014__dt-f32/chunk_0,4194304,cd274b151068e36e,24,np-setting,3.14179,1335028,2.27597,0,0,-1,0,3.14173
fields/00713__plt00237__fab0000_comp02_logden.f32__c0006__dt-f32/chunk_0,4194304,e93eea29a637b542,24,np-setting,1.13628,3691280,1.67376,0,0,-1,0,1.13627
fields/00713__plt00237__fab0000_comp02_logden.f32__c0014__dt-f32/chunk_0,4194304,b3aef052dc41ac1a,24,np-setting,1.13085,3709014,2.27194,0,0,-1,0,1.13084
fields/00714__plt00238__fab0000_comp00_density.f32__c0006__dt-f32/chunk_0,4194304,da452db47c70f03e,24,np-setting,1.14966,3648326,4.51405,0,0,-1,0,1.14965
fields/00714__plt00238__fab0000_comp00_density.f32__c0014__dt-f32/chunk_0,4194304,140cc729f7fce60a,24,np-setting,1.23309,3401492,4.45856,0,0,-1,0,1.23308
fields/00715__plt00238__fab0000_comp01_rho_E.f32__c0006__dt-f32/chunk_0,4194304,656770173233cb36,24,np-setting,1.30441,3215512,2.89386,0,0,-1,0,1.3044
fields/00715__plt00238__fab0000_comp01_rho_E.f32__c0014__dt-f32/chunk_0,4194304,6b4702c1d5b1c043,24,np-setting,3.10333,1351572,3.05645,0,0,-1,0,3.10328
fields/00716__plt00238__fab0000_comp02_logden.f32__c0006__dt-f32/chunk_0,4194304,6ed2b32912b01dec,24,np-setting,1.13659,3690292,2.64714,0,0,-1,0,1.13658
fields/00716__plt00238__fab0000_comp02_logden.f32__c0014__dt-f32/chunk_0,4194304,19fe064651f70b4,24,np-setting,1.13087,3708954,3.5257,0,0,-1,0,1.13086
fields/00717__plt00239__fab0000_comp00_density.f32__c0006__dt-f32/chunk_0,4194304,713ded13e0dd4ab,24,np-setting,1.14956,3648626,1.83654,0,0,-1,0,1.14956
fields/00717__plt00239__fab0000_comp00_density.f32__c0014__dt-f32/chunk_0,4194304,8ade2b14f7efeae8,24,np-setting,1.23304,3401628,3.46915,0,0,-1,0,1.23303
fields/00718__plt00239__fab0000_comp01_rho_E.f32__c0006__dt-f32/chunk_0,4194304,ceb5d89d7178a247,24,np-setting,1.30263,3219888,5.23197,0,0,-1,0,1.30262
fields/00718__plt00239__fab0000_comp01_rho_E.f32__c0014__dt-f32/chunk_0,4194304,c04aa28dbce4e19c,24,np-setting,3.06676,1367692,5.59562,0,0,-1,0,3.0667
fields/00719__plt00239__fab0000_comp02_logden.f32__c0006__dt-f32/chunk_0,4194304,57bc04a52e06335b,24,np-setting,1.13688,3689338,4.2345,0,0,-1,0,1.13687
fields/00719__plt00239__fab0000_comp02_logden.f32__c0014__dt-f32/chunk_0,4194304,c2a7327c263bb0c7,24,np-setting,1.13082,3709118,3.72691,0,0,-1,0,1.13081
fields/00720__plt00240__fab0000_comp00_density.f32__c0006__dt-f32/chunk_0,4194304,d3e70f1284ee58b4,24,np-setting,1.14944,3649024,5.25808,0,0,-1,0,1.14943
fields/00720__plt00240__fab0000_comp00_density.f32__c0014__dt-f32/chunk_0,4194304,c54da3803f6c6838,24,np-setting,1.23307,3401548,3.89446,0,0,-1,0,1.23306
fields/00721__plt00240__fab0000_comp01_rho_E.f32__c0006__dt-f32/chunk_0,4194304,b5a14b9e74b02f32,24,np-setting,1.30241,3220450,2.21171,0,0,-1,0,1.3024
fields/00721__plt00240__fab0000_comp01_rho_E.f32__c0014__dt-f32/chunk_0,4194304,1bfe8b55ab6fdd13,24,np-setting,3.02743,1385456,2.1288,0,0,-1,0,3.02738
fields/00722__plt00240__fab0000_comp02_logden.f32__c0006__dt-f32/chunk_0,4194304,d409fe8748025a24,24,np-setting,1.1372,3688312,3.04701,0,0,-1,0,1.13719
fields/00722__plt00240__fab0000_comp02_logden.f32__c0014__dt-f32/chunk_0,4194304,f9113f585d2637c3,24,np-setting,1.13074,3709358,3.9105,0,0,-1,0,1.13074
fields/00723__plt00241__fab0000_comp00_density.f32__c0006__dt-f32/chunk_0,4194304,cee1a20deb04d659,24,np-setting,1.14925,3649620,4.37392,0,0,-1,0,1.14924
fields/00723__plt00241__fab0000_comp00_density.f32__c0014__dt-f32/chunk_0,4194304,af63281067c2df8d,24,np-setting,1.23295,3401868,3.01811,0,0,-1,0,1.23294
fields/00724__plt00241__fab0000_comp01_rho_E.f32__c0006__dt-f32/chunk_0,4194304,828799ff8ef5ff8,24,np-setting,1.30058,3224978,5.26704,0,0,-1,0,1.30057
fields/00724__plt00241__fab0000_comp01_rho_E.f32__c0014__dt-f32/chunk_0,4194304,f7ac2847b746eb13,24,np-setting,2.99232,1401716,2.41386,0,0,-1,0,2.99226
fields/00725__plt00241__fab0000_comp02_logden.f32__c0006__dt-f32/chunk_0,4194304,4908a4c736df4186,24,np-setting,1.13751,3687296,2.34326,0,0,-1,0,1.1375
fields/00725__plt00241__fab0000_comp02_logden.f32__c0014__dt-f32/chunk_0,4194304,becf2e5a062a6b63,24,np-setting,1.13074,3709358,2.07389,0,0,-1,0,1.13074
fields/00726__plt00242__fab0000_comp00_density.f32__c0006__dt-f32/chunk_0,4194304,f1388b17120c389a,24,np-setting,1.14901,3650388,2.98838,0,0,-1,0,1.149
fields/00726__plt00242__fab0000_comp00_density.f32__c0014__dt-f32/chunk_0,4194304,d9d37d5b21d65dab,24,np-setting,1.23289,3402032,2.49133,0,0,-1,0,1.23288
fields/00727__plt00242__fab0000_comp01_rho_E.f32__c0006__dt-f32/chunk_0,4194304,ef9adfb18ad3f8f2,24,np-setting,1.29841,3230354,1.37904,0,0,-1,0,1.2984
fields/00727__plt00242__fab0000_comp01_rho_E.f32__c0014__dt-f32/chunk_0,4194304,f5b2f128c36823bd,24,np-setting,2.95519,1419324,4.78541,0,0,-1,0,2.95514
fields/00728__plt00242__fab0000_comp02_logden.f32__c0006__dt-f32/chunk_0,4194304,409202e15240010,24,np-setting,1.13774,3686544,3.10147,0,0,-1,0,1.13773
fields/00728__plt00242__fab0000_comp02_logden.f32__c0014__dt-f32/chunk_0,4194304,617c2388b2633ac7,24,np-setting,1.13068,3709558,2.12931,0,0,-1,0,1.13067
fields/00729__plt00243__fab0000_comp00_density.f32__c0006__dt-f32/chunk_0,4194304,e0901a6fda6a7506,24,np-setting,1.14883,3650948,1.80016,0,0,-1,0,1.14883
fields/00729__plt00243__fab0000_comp00_density.f32__c0014__dt-f32/chunk_0,4194304,55b3dad58e8cbf5b,24,np-setting,1.23289,3402044,2.7713,0,0,-1,0,1.23288
fields/00730__plt00243__fab0000_comp01_rho_E.f32__c0006__dt-f32/chunk_0,4194304,bcc31f9a86c43f6a,24,np-setting,1.29666,3234730,2.39555,0,0,-1,0,1.29665
fields/00730__plt00243__fab0000_comp01_rho_E.f32__c0014__dt-f32/chunk_0,4194304,b5d96f11b484a1d0,24,np-setting,2.92227,1435312,2.95523,0,0,-1,0,2.92222
fields/00731__plt00243__fab0000_comp02_logden.f32__c0006__dt-f32/chunk_0,4194304,5d31f69ab2178150,24,np-setting,1.13797,3685794,3.23082,0,0,-1,0,1.13796
fields/00731__plt00243__fab0000_comp02_logden.f32__c0014__dt-f32/chunk_0,4194304,6d38a4e6f280ca50,24,np-setting,1.13064,3709706,3.24659,0,0,-1,0,1.13063
fields/00732__plt00244__fab0000_comp00_density.f32__c0006__dt-f32/chunk_0,4194304,fbc7f6b74393adc8,24,np-setting,1.14878,3651124,2.18506,0,0,-1,0,1.14877
fields/00732__plt00244__fab0000_comp00_density.f32__c0014__dt-f32/chunk_0,4194304,a0aa2ba45df17874,24,np-setting,1.23279,3402304,5.69882,0,0,-1,0,1.23278
fields/00733__plt00244__fab0000_comp01_rho_E.f32__c0006__dt-f32/chunk_0,4194304,1bd276d1dcca6ab9,24,np-setting,1.29517,3238438,2.17565,0,0,-1,0,1.29516
fields/00733__plt00244__fab0000_comp01_rho_E.f32__c0014__dt-f32/chunk_0,4194304,67be48c4fe13ce64,24,np-setting,2.88708,1452808,3.43949,0,0,-1,0,2.88703
fields/00734__plt00244__fab0000_comp02_logden.f32__c0006__dt-f32/chunk_0,4194304,c2c46f2ffdac632,24,np-setting,1.13823,3684952,7.73162,0,0,-1,0,1.13822
fields/00734__plt00244__fab0000_comp02_logden.f32__c0014__dt-f32/chunk_0,4194304,94a354249df6eb0a,24,np-setting,1.1306,3709818,1.88573,0,0,-1,0,1.1306
fields/00735__plt00245__fab0000_comp00_density.f32__c0006__dt-f32/chunk_0,4194304,61f1a3adc9be2e7a,24,np-setting,1.14864,3651548,3.45715,0,0,-1,0,1.14864
fields/00735__plt00245__fab0000_comp00_density.f32__c0014__dt-f32/chunk_0,4194304,21da480c9f8ab43a,24,np-setting,1.23276,3402400,3.72208,0,0,-1,0,1.23275
fields/00736__plt00245__fab0000_comp01_rho_E.f32__c0006__dt-f32/chunk_0,4194304,d19b5d69a54f8343,24,np-setting,1.29457,3239942,1.32147,0,0,-1,0,1.29456
fields/00736__plt00245__fab0000_comp01_rho_E.f32__c0014__dt-f32/chunk_0,4194304,371a6b5d692677d6,24,np-setting,2.85227,1470540,5.09488,0,0,-1,0,2.85222
fields/00737__plt00245__fab0000_comp02_logden.f32__c0006__dt-f32/chunk_0,4194304,6788f3f1cb32abde,24,np-setting,1.13848,3684136,4.64966,0,0,-1,0,1.13848
fields/00737__plt00245__fab0000_comp02_logden.f32__c0014__dt-f32/chunk_0,4194304,287d590f4ee900f,24,np-setting,1.13056,3709970,1.58762,0,0,-1,0,1.13055
fields/00738__plt00246__fab0000_comp00_density.f32__c0006__dt-f32/chunk_0,4194304,faf4c7a4cf21229a,24,np-setting,1.14859,3651724,0.367776,0,0,-1,0,1.14858
fields/00738__plt00246__fab0000_comp00_density.f32__c0014__dt-f32/chunk_0,4194304,21dd6cf4a5ce2d84,24,np-setting,1.23273,3402484,3.73459,0,0,-1,0,1.23272
fields/00739__plt00246__fab0000_comp01_rho_E.f32__c0006__dt-f32/chunk_0,4194304,738039054e660fdf,24,np-setting,1.29335,3243010,2.25062,0,0,-1,0,1.29334
fields/00739__plt00246__fab0000_comp01_rho_E.f32__c0014__dt-f32/chunk_0,4194304,7010f63221f36eab,24,np-setting,2.82048,1487112,3.39136,0,0,-1,0,2.82044
fields/00740__plt00246__fab0000_comp02_logden.f32__c0006__dt-f32/chunk_0,4194304,53c6a06d7f55f59b,24,np-setting,1.13869,3683472,4.71498,0,0,-1,0,1.13868
fields/00740__plt00246__fab0000_comp02_logden.f32__c0014__dt-f32/chunk_0,4194304,dcbbbdb014f617b8,24,np-setting,1.1305,3710158,3.84224,0,0,-1,0,1.13049
fields/00741__plt00247__fab0000_comp00_density.f32__c0006__dt-f32/chunk_0,4194304,22c7413339fba678,24,np-setting,1.1485,3652006,3.8599,0,0,-1,0,1.14849
fields/00741__plt00247__fab0000_comp00_density.f32__c0014__dt-f32/chunk_0,4194304,8ca32b58e16c662f,24,np-setting,1.23266,3402660,5.63651,0,0,-1,0,1.23265
fields/00742__plt00247__fab0000_comp01_rho_E.f32__c0006__dt-f32/chunk_0,4194304,e97f81b90f738c69,24,np-setting,1.2924,3245390,2.86614,0,0,-1,0,1.29239
fields/00742__plt00247__fab0000_comp01_rho_E.f32__c0014__dt-f32/chunk_0,4194304,ed71597a635fe3c2,24,np-setting,2.78706,1504944,2.83414,0,0,-1,0,2.78702
fields/00743__plt00247__fab0000_comp02_logden.f32__c0006__dt-f32/chunk_0,4194304,57a34c1fba0e78f8,24,np-setting,1.13904,3682328,3.3369,0,0,-1,0,1.13904
fields/00743__plt00247__fab0000_comp02_logden.f32__c0014__dt-f32/chunk_0,4194304,c1e308f5084e02fd,24,np-setting,1.13053,3710066,4.1495,0,0,-1,0,1.13052
fields/00744__plt00248__fab0000_comp00_density.f32__c0006__dt-f32/chunk_0,4194304,9c2e6d577f6a6e8e,24,np-setting,1.14846,3652146,2.22234,0,0,-1,0,1.14845
fields/00744__plt00248__fab0000_comp00_density.f32__c0014__dt-f32/chunk_0,4194304,f10f14aadaabcf30,24,np-setting,1.23254,3403000,2.19501,0,0,-1,0,1.23253
fields/00745__plt00248__fab0000_comp01_rho_E.f32__c0006__dt-f32/chunk_0,4194304,790ff81bc23a0586,24,np-setting,1.29129,3248172,4.91514,0,0,-1,0,1.29128
fields/00745__plt00248__fab0000_comp01_rho_E.f32__c0014__dt-f32/chunk_0,4194304,41444b9c81356a86,24,np-setting,2.75524,1522324,2.91814,0,0,-1,0,2.7552
fields/00746__plt00248__fab0000_comp02_logden.f32__c0006__dt-f32/chunk_0,4194304,d8a585977757eb38,24,np-setting,1.13934,3681374,3.70659,0,0,-1,0,1.13933
fields/00746__plt00248__fab0000_comp02_logden.f32__c0014__dt-f32/chunk_0,4194304,56539699f9b668c7,24,np-setting,1.13041,3710442,3.04198,0,0,-1,0,1.13041
fields/00747__plt00249__fab0000_comp00_density.f32__c0006__dt-f32/chunk_0,4194304,1d3031f0dc34e2a0,24,np-setting,1.14827,3652728,3.62806,0,0,-1,0,1.14827
fields/00747__plt00249__fab0000_comp00_density.f32__c0014__dt-f32/chunk_0,4194304,9eba5924eac94d58,24,np-setting,1.23256,3402948,4.83248,0,0,-1,0,1.23255
fields/00748__plt00249__fab0000_comp01_rho_E.f32__c0006__dt-f32/chunk_0,4194304,530d418cde936f03,24,np-setting,1.29021,3250884,5.0216,0,0,-1,0,1.2902
fields/00748__plt00249__fab0000_comp01_rho_E.f32__c0014__dt-f32/chunk_0,4194304,4b320f8c463c38c0,24,np-setting,2.72645,1538400,3.74742,0,0,-1,0,2.72641
fields/00749__plt00249__fab0000_comp02_logden.f32__c0006__dt-f32/chunk_0,4194304,e2796caab157b3d,24,np-setting,1.1396,3680540,4.93062,0,0,-1,0,1.13959
fields/00749__plt00249__fab0000_comp02_logden.f32__c0014__dt-f32/chunk_0,4194304,385c145972c8fa26,24,np-setting,1.1304,3710474,4.36838,0,0,-1,0,1.1304
fields/00750__plt00250__fab0000_comp00_density.f32__c0006__dt-f32/chunk_0,4194304,d3f48c6dd15c0daa,24,np-setting,1.14826,3652780,3.61066,0,0,-1,0,1.14825
fields/00750__plt00250__fab0000_comp00_density.f32__c0014__dt-f32/chunk_0,4194304,c5c2df3bdb0202bd,24,np-setting,1.23247,3403184,4.60083,0,0,-1,0,1.23246
fields/00751__plt00250__fab0000_comp01_rho_E.f32__c0006__dt-f32/chunk_0,4194304,466530a4d2bbd03,24,np-setting,1.28923,3253368,5.04922,0,0,-1,0,1.28922
fields/00751__plt00250__fab0000_comp01_rho_E.f32__c0014__dt-f32/chunk_0,4194304,982f31b9238e0aa3,24,np-setting,2.69591,1555828,2.65696,0,0,-1,0,2.69587
fields/00752__plt00250__fab0000_comp02_logden.f32__c0006__dt-f32/chunk_0,4194304,3da7f5c2d99ec7cc,24,np-setting,1.13986,3679684,4.50678,0,0,-1,0,1.13985
fields/00752__plt00250__fab0000_comp02_logden.f32__c0014__dt-f32/chunk_0,4194304,db7554880534c396,24,np-setting,1.13031,3710774,1.67395,0,0,-1,0,1.1303
fields/00753__plt00251__fab0000_comp00_density.f32__c0006__dt-f32/chunk_0,4194304,d36eeaeb0fd06c81,24,np-setting,1.14815,3653118,0.856736,0,0,-1,0,1.14814
fields/00753__plt00251__fab0000_comp00_density.f32__c0014__dt-f32/chunk_0,4194304,fa9bd8e6e8bfcdc0,24,np-setting,1.23243,3403296,5.46144,0,0,-1,0,1.23242
fields/00754__plt00251__fab0000_comp01_rho_E.f32__c0006__dt-f32/chunk_0,4194304,9c880fcc140c9879,24,np-setting,1.28808,3256270,5.58467,0,0,-1,0,1.28807
fields/00754__plt00251__fab0000_comp01_rho_E.f32__c0014__dt-f32/chunk_0,4194304,5ab56c2ea293e5b5,24,np-setting,2.66524,1573732,2.91261,0,0,-1,0,2.6652
fields/00755__plt00251__fab0000_comp02_logden.f32__c0006__dt-f32/chunk_0,4194304,2f79d73982ba54b1,24,np-setting,1.14017,3678694,5.4336,0,0,-1,0,1.14016
fields/00755__plt00251__fab0000_comp02_logden.f32__c0014__dt-f32/chunk_0,4194304,77f17f0d177ffc26,24,np-setting,1.13024,3711010,4.75283,0,0,-1,0,1.13023
fields/00756__plt00252__fab0000_comp00_density.f32__c0006__dt-f32/chunk_0,4194304,6ba46ef0c8afe420,24,np-setting,1.14809,3653300,5.27517,0,0,-1,0,1.14809
fields/00756__plt00252__fab0000_comp00_density.f32__c0014__dt-f32/chunk_0,4194304,d70b952070d64203,24,np-setting,1.23242,3403340,5.30602,0,0,-1,0,1.23241
fields/00757__plt00252__fab0000_comp01_rho_E.f32__c0006__dt-f32/chunk_0,4194304,e4a5b0b09817f27c,24,np-setting,1.28698,3259052,5.23491,0,0,-1,0,1.28697
fields/00757__plt00252__fab0000_comp01_rho_E.f32__c0014__dt-f32/chunk_0,4194304,5e84da07170fb83f,24,np-setting,2.63699,1590592,3.35885,0,0,-1,0,2.63695
fields/00758__plt00252__fab0000_comp02_logden.f32__c0006__dt-f32/chunk_0,4194304,f5224aaaf898cffb,24,np-setting,1.14043,3677854,4.73674,0,0,-1,0,1.14042
fields/00758__plt00252__fab0000_comp02_logden.f32__c0014__dt-f32/chunk_0,4194304,db3ea55ef007bd91,24,np-setting,1.13019,3711170,6.6952,0,0,-1,0,1.13018
fields/00759__plt00253__fab0000_comp00_density.f32__c0006__dt-f32/chunk_0,4194304,f985ee0df275b192,24,np-setting,1.14796,3653742,3.35808,0,0,-1,0,1.14795
fields/00759__plt00253__fab0000_comp00_density.f32__c0014__dt-f32/chunk_0,4194304,2df83b12a31a3cca,24,np-setting,1.23235,3403512,4.21789,0,0,-1,0,1.23235
fields/00760__plt00253__fab0000_comp01_rho_E.f32__c0006__dt-f32/chunk_0,4194304,61875a2d297d79af,24,np-setting,1.28811,3256204,4.34646,0,0,-1,0,1.2881
fields/00760__plt00253__fab0000_comp01_rho_E.f32__c0014__dt-f32/chunk_0,4194304,c790f179f2193751,24,np-setting,2.6074,1608640,5.5639,0,0,-1,0,2.60736
fields/00761__plt00253__fab0000_comp02_logden.f32__c0006__dt-f32/chunk_0,4194304,52a25e6d502981fa,24,np-setting,1.14067,3677086,5.80147,0,0,-1,0,1.14066
fields/00761__plt00253__fab0000_comp02_logden.f32__c0014__dt-f32/chunk_0,4194304,951191845b1659a0,24,np-setting,1.13,3711786,9.08794,0,0,-1,0,1.13
fields/00762__plt00254__fab0000_comp00_density.f32__c0006__dt-f32/chunk_0,4194304,27e1c377f9f7fb42,24,np-setting,1.14793,3653830,4.80179,0,0,-1,0,1.14792
fields/00762__plt00254__fab0000_comp00_density.f32__c0014__dt-f32/chunk_0,4194304,879151afb52f0bdc,24,np-setting,1.2323,3403656,5.25984,0,0,-1,0,1.23229
fields/00763__plt00254__fab0000_comp01_rho_E.f32__c0006__dt-f32/chunk_0,4194304,38539c892690618c,24,np-setting,1.2888,3254456,4.06739,0,0,-1,0,1.28879
fields/00763__plt00254__fab0000_comp01_rho_E.f32__c0014__dt-f32/chunk_0,4194304,b18564e7bcd39b77,24,np-setting,2.58044,1625444,2.20102,0,0,-1,0,2.58041
fields/00764__plt00254__fab0000_comp02_logden.f32__c0006__dt-f32/chunk_0,4194304,f96d891879f14316,24,np-setting,1.14102,3675954,4.86218,0,0,-1,0,1.14101
fields/00764__plt00254__fab0000_comp02_logden.f32__c0014__dt-f32/chunk_0,4194304,af5fd703a1782c45,24,np-setting,1.12994,3711994,4.10858,0,0,-1,0,1.12993
fields/00765__plt00255__fab0000_comp00_density.f32__c0006__dt-f32/chunk_0,4194304,24180f8b21e6c48e,24,np-setting,1.14779,3654276,4.95392,0,0,-1,0,1.14778
fields/00765__plt00255__fab0000_comp00_density.f32__c0014__dt-f32/chunk_0,4194304,2f26ebad664df45f,24,np-setting,1.23225,3403792,5.37456,0,0,-1,0,1.23224
fields/00766__plt00255__fab0000_comp01_rho_E.f32__c0006__dt-f32/chunk_0,4194304,8f3d3b4fbcbcb3fb,24,np-setting,1.28874,3254598,2.12771,0,0,-1,0,1.28873
fields/00766__plt00255__fab0000_comp01_rho_E.f32__c0014__dt-f32/chunk_0,4194304,f035bb896efde95b,24,np-setting,2.55237,1643320,4.18899,0,0,-1,0,2.55234
fields/00767__plt00255__fab0000_comp02_logden.f32__c0006__dt-f32/chunk_0,4194304,c3cc3833cf5815b5,24,np-setting,1.1413,3675032,4.19091,0,0,-1,0,1.1413
fields/00767__plt00255__fab0000_comp02_logden.f32__c0014__dt-f32/chunk_0,4194304,b8f894e7bcd430a4,24,np-setting,1.12991,3712106,4.39584,0,0,-1,0,1.1299
fields/00768__plt00256__fab0000_comp00_density.f32__c0006__dt-f32/chunk_0,4194304,f5815400d7913a07,24,np-setting,1.14764,3654742,3.63286,0,0,-1,0,1.14763
fields/00768__plt00256__fab0000_comp00_density.f32__c0014__dt-f32/chunk_0,4194304,3dc74fdb8ac0593,24,np-setting,1.23216,3404044,4.10544,0,0,-1,0,1.23215
fields/00769__plt00256__fab0000_comp01_rho_E.f32__c0006__dt-f32/chunk_0,4194304,8bc4dcb04a13c55e,24,np-setting,1.28837,3255540,4.64083,0,0,-1,0,1.28836
fields/00769__plt00256__fab0000_comp01_rho_E.f32__c0014__dt-f32/chunk_0,4194304,82d64a8874b64ba,24,np-setting,2.52531,1660932,2.73558,0,0,-1,0,2.52527
fields/00770__plt00256__fab0000_comp02_logden.f32__c0006__dt-f32/chunk_0,4194304,b925db6a086e64b4,24,np-setting,1.14166,3673874,2.33286,0,0,-1,0,1.14166
fields/00770__plt00256__fab0000_comp02_logden.f32__c0014__dt-f32/chunk_0,4194304,7a5d3c77fd958fba,24,np-setting,1.12971,3712746,2.69418,0,0,-1,0,1.1297
fields/00771__plt00257__fab0000_comp00_density.f32__c0006__dt-f32/chunk_0,4194304,dc0f4e7c5ff5255a,24,np-setting,1.14762,3654804,2.97642,0,0,-1,0,1.14761
fields/00771__plt00257__fab0000_comp00_density.f32__c0014__dt-f32/chunk_0,4194304,f25e05dc7ea38de4,24,np-setting,1.23221,3403924,3.95786,0,0,-1,0,1.2322
fields/00772__plt00257__fab0000_comp01_rho_E.f32__c0006__dt-f32/chunk_0,4194304,34548b05be81ec62,24,np-setting,1.28832,3255666,2.4984,0,0,-1,0,1.28831
fields/00772__plt00257__fab0000_comp01_rho_E.f32__c0014__dt-f32/chunk_0,4194304,d241ba3288ebc991,24,np-setting,2.49688,1679844,14.5477,0,0,-1,0,2.49684
fields/00773__plt00257__fab0000_comp02_logden.f32__c0006__dt-f32/chunk_0,4194304,20416ceffc798cce,24,np-setting,1.14201,3672766,5.58602,0,0,-1,0,1.142
fields/00773__plt00257__fab0000_comp02_logden.f32__c0014__dt-f32/chunk_0,4194304,be37b79464984f44,24,np-setting,1.1297,3712774,3.54758,0,0,-1,0,1.1297
fields/00774__plt00258__fab0000_comp00_density.f32__c0006__dt-f32/chunk_0,4194304,437210e4616357cf,24,np-setting,1.14751,3655148,3.86589,0,0,-1,0,1.14751
fields/00774__plt00258__fab0000_comp00_density.f32__c0014__dt-f32/chunk_0,4194304,54eb1eac845502da,24,np-setting,1.23211,3404200,4.26387,0,0,-1,0,1.2321
fields/00775__plt00258__fab0000_comp01_rho_E.f32__c0006__dt-f32/chunk_0,4194304,ff37020898050b44,24,np-setting,1.28809,3256254,3.53965,0,0,-1,0,1.28808
fields/00775__plt00258__fab0000_comp01_rho_E.f32__c0014__dt-f32/chunk_0,4194304,ad236e1cf8ce3c6,24,np-setting,2.47001,1698116,3.92627,0,0,-1,0,2.46997
fields/00776__plt00258__fab0000_comp02_logden.f32__c0006__dt-f32/chunk_0,4194304,25f5497dc16fd757,24,np-setting,1.1424,3671518,1.75171,0,0,-1,0,1.14239
fields/00776__plt00258__fab0000_comp02_logden.f32__c0014__dt-f32/chunk_0,4194304,984f95320365b647,24,np-setting,1.12957,3713226,1.73766,0,0,-1,0,1.12956
fields/00777__plt00259__fab0000_comp00_density.f32__c0006__dt-f32/chunk_0,4194304,7521ffde48c4ecaf,24,np-setting,1.14747,3655300,3.01683,0,0,-1,0,1.14746
fields/00777__plt00259__fab0000_comp00_density.f32__c0014__dt-f32/chunk_0,4194304,5db9da1b283725f5,24,np-setting,1.232,3404488,4.3039,0,0,-1,0,1.23199
fields/00778__plt00259__fab0000_comp01_rho_E.f32__c0006__dt-f32/chunk_0,4194304,f2255207b068c4cd,24,np-setting,1.28805,3256346,1.6457,0,0,-1,0,1.28804
fields/00778__plt00259__fab0000_comp01_rho_E.f32__c0014__dt-f32/chunk_0,4194304,ae0fe1b8fa4fe091,24,np-setting,2.44286,1716988,2.4887,0,0,-1,0,2.44283
fields/00779__plt00259__fab0000_comp02_logden.f32__c0006__dt-f32/chunk_0,4194304,4553b0cc5162175c,24,np-setting,1.14274,3670422,3.31238,0,0,-1,0,1.14273
fields/00779__plt00259__fab0000_comp02_logden.f32__c0014__dt-f32/chunk_0,4194304,9f47f7807876268,24,np-setting,1.12943,3713662,3.40858,0,0,-1,0,1.12943
fields/00780__plt00260__fab0000_comp00_density.f32__c0006__dt-f32/chunk_0,4194304,48c8210fe0c4885a,24,np-setting,1.14733,3655746,2.25693,0,0,-1,0,1.14732
fields/00780__plt00260__fab0000_comp00_density.f32__c0014__dt-f32/chunk_0,4194304,73089e8a42c12c4b,24,np-setting,1.23208,3404268,4.60422,0,0,-1,0,1.23207
fields/00781__plt00260__fab0000_comp01_rho_E.f32__c0006__dt-f32/chunk_0,4194304,e930a28568771ee5,24,np-setting,1.28811,3256190,4.42598,0,0,-1,0,1.2881
fields/00781__plt00260__fab0000_comp01_rho_E.f32__c0014__dt-f32/chunk_0,4194304,7dd046dbf0da24b4,24,np-setting,2.41617,1735952,2.21379,0,0,-1,0,2.41614
fields/00782__plt00260__fab0000_comp02_logden.f32__c0006__dt-f32/chunk_0,4194304,a2dbec743ae582b0,24,np-setting,1.14315,3669088,2.1657,0,0,-1,0,1.14315
fields/00782__plt00260__fab0000_comp02_logden.f32__c0014__dt-f32/chunk_0,4194304,fb30b4a1c84acf50,24,np-setting,1.12939,3713798,4.82275,0,0,-1,0,1.12938
fields/00783__plt00261__fab0000_comp00_density.f32__c0006__dt-f32/chunk_0,4194304,633a5ad8b9770241,24,np-setting,1.14727,3655922,3.8984,0,0,-1,0,1.14726
fields/00783__plt00261__fab0000_comp00_density.f32__c0014__dt-f32/chunk_0,4194304,7ef676008828d53,24,np-setting,1.23197,3404580,3.46726,0,0,-1,0,1.23196
fields/00784__plt00261__fab0000_comp01_rho_E.f32__c0006__dt-f32/chunk_0,4194304,12eeb96b67807da9,24,np-setting,1.28813,3256138,3.69312,0,0,-1,0,1.28812
fields/00784__plt00261__fab0000_comp01_rho_E.f32__c0014__dt-f32/chunk_0,4194304,f94e352699c577b6,24,np-setting,2.39079,1754384,2.21814,0,0,-1,0,2.39076
fields/00785__plt00261__fab0000_comp02_logden.f32__c0006__dt-f32/chunk_0,4194304,54acadc0d0362ba0,24,np-setting,1.14355,3667832,1.8783,0,0,-1,0,1.14354
fields/00785__plt00261__fab0000_comp02_logden.f32__c0014__dt-f32/chunk_0,4194304,be54928c0f8fd6e3,24,np-setting,1.12932,3714022,5.26742,0,0,-1,0,1.12932
fields/00786__plt00262__fab0000_comp00_density.f32__c0006__dt-f32/chunk_0,4194304,4a4cf3eb647ea16e,24,np-setting,1.14722,3656084,5.0105,0,0,-1,0,1.14721
fields/00786__plt00262__fab0000_comp00_density.f32__c0014__dt-f32/chunk_0,4194304,dafdfaee1ec7ee3a,24,np-setting,1.23192,3404708,4.77693,0,0,-1,0,1.23191
fields/00787__plt00262__fab0000_comp01_rho_E.f32__c0006__dt-f32/chunk_0,4194304,a2406322ce0ae69c,24,np-setting,1.28851,3255180,3.64688,0,0,-1,0,1.2885
fields/00787__plt00262__fab0000_comp01_rho_E.f32__c0014__dt-f32/chunk_0,4194304,d14e74fd0ecb2222,24,np-setting,2.36437,1773984,4.99139,0,0,-1,0,2.36434
fields/00788__plt00262__fab0000_comp02_logden.f32__c0006__dt-f32/chunk_0,4194304,db16ccde03898711,24,np-setting,1.14386,3666828,10.7887,0,0,-1,0,1.14385
fields/00788__plt00262__fab0000_comp02_logden.f32__c0014__dt-f32/chunk_0,4194304,2c916ecc8cbe796e,24,np-setting,1.12912,3714678,3.45507,0,0,-1,0,1.12912
fields/00789__plt00263__fab0000_comp00_density.f32__c0006__dt-f32/chunk_0,4194304,a793ed969e42f3da,24,np-setting,1.14708,3656532,1.48646,0,0,-1,0,1.14707
fields/00789__plt00263__fab0000_comp00_density.f32__c0014__dt-f32/chunk_0,4194304,d79a85df17294e5a,24,np-setting,1.23175,3405172,4.11082,0,0,-1,0,1.23175
fields/00790__plt00263__fab0000_comp01_rho_E.f32__c0006__dt-f32/chunk_0,4194304,8dea0a6530e35007,24,np-setting,1.28895,3254060,3.6945,0,0,-1,0,1.28894
fields/00790__plt00263__fab0000_comp01_rho_E.f32__c0014__dt-f32/chunk_0,4194304,c00e12fdc5bbf83e,24,np-setting,2.33968,1792708,3.97811,0,0,-1,0,2.33965
fields/00791__plt00263__fab0000_comp02_logden.f32__c0006__dt-f32/chunk_0,4194304,cc8ff84c64e59985,24,np-setting,1.14429,3665460,2.52352,0,0,-1,0,1.14428
fields/00791__plt00263__fab0000_comp02_logden.f32__c0014__dt-f32/chunk_0,4194304,bab66b2f28eec017,24,np-setting,1.12909,3714782,3.02518,0,0,-1,0,1.12908
fields/00792__plt00264__fab0000_comp00_density.f32__c0006__dt-f32/chunk_0,4194304,ef1f70f2cab5d0ff,24,np-setting,1.14699,3656830,1.89261,0,0,-1,0,1.14698
fields/00792__plt00264__fab0000_comp00_density.f32__c0014__dt-f32/chunk_0,4194304,edb32e979f5ee38c,24,np-setting,1.23165,3405452,1.64426,0,0,-1,0,1.23164
fields/00793__plt00264__fab0000_comp01_rho_E.f32__c0006__dt-f32/chunk_0,4194304,225f03d3985a487c,24,np-setting,1.28929,3253210,6.14685,0,0,-1,0,1.28928
fields/00793__plt00264__fab0000_comp01_rho_E.f32__c0014__dt-f32/chunk_0,4194304,b58e1959c9717c44,24,np-setting,2.31602,1811020,3.53603,0,0,-1,0,2.31599
fields/00794__plt00264__fab0000_comp02_logden.f32__c0006__dt-f32/chunk_0,4194304,76418521a875bbac,24,np-setting,1.14462,3664400,2.80586,0,0,-1,0,1.14461
fields/00794__plt00264__fab0000_comp02_logden.f32__c0014__dt-f32/chunk_0,4194304,bb70fc32a7c2ea7d,24,np-setting,1.129,3715086,4.27802,0,0,-1,0,1.12899
fields/00795__plt00265__fab0000_comp00_density.f32__c0006__dt-f32/chunk_0,4194304,ac0ac4553cb9df47,24,np-setting,1.14692,3657048,0.58608,0,0,-1,0,1.14691
fields/00795__plt00265__fab0000_comp00_density.f32__c0014__dt-f32/chunk_0,4194304,666ca6ab5e5faeb7,24,np-setting,1.23157,3405668,0.955904,0,0,-1,0,1.23157
fields/00796__plt00265__fab0000_comp01_rho_E.f32__c0006__dt-f32/chunk_0,4194304,fdab5cc40e3e1461,24,np-setting,1.28991,3251654,0.889792,0,0,-1,0,1.2899
fields/00796__plt00265__fab0000_comp01_rho_E.f32__c0014__dt-f32/chunk_0,4194304,fb9ddbdec1218f24,24,np-setting,2.29318,1829060,6.00982,0,0,-1,0,2.29315
fields/00797__plt00265__fab0000_comp02_logden.f32__c0006__dt-f32/chunk_0,4194304,1602a3b57d8aecf1,24,np-setting,1.14507,3662942,4.96704,0,0,-1,0,1.14506
fields/00797__plt00265__fab0000_comp02_logden.f32__c0014__dt-f32/chunk_0,4194304,7a520eb0a7683cd,24,np-setting,1.12888,3715478,1.99594,0,0,-1,0,1.12887
fields/00798__plt00266__fab0000_comp00_density.f32__c0006__dt-f32/chunk_0,4194304,3090daff6de6094c,24,np-setting,1.14692,3657048,2.02614,0,0,-1,0,1.14691
fields/00798__plt00266__fab0000_comp00_density.f32__c0014__dt-f32/chunk_0,4194304,d41d758bf10c94d5,24,np-setting,1.23138,3406208,5.38224,0,0,-1,0,1.23137
fields/00799__plt00266__fab0000_comp01_rho_E.f32__c0006__dt-f32/chunk_0,4194304,aec2cc0d6fc58461,24,np-setting,1.29063,3249842,4.09584,0,0,-1,0,1.29062
fields/00799__plt00266__fab0000_comp01_rho_E.f32__c0014__dt-f32/chunk_0,4194304,385785090559521d,24,np-setting,2.26887,1848652,3.06493,0,0,-1,0,2.26884
fields/00800__plt00266__fab0000_comp02_logden.f32__c0006__dt-f32/chunk_0,4194304,14d3b7bc6b89d799,24,np-setting,1.14546,3661714,1.28742,0,0,-1,0,1.14545
fields/00800__plt00266__fab0000_comp02_logden.f32__c0014__dt-f32/chunk_0,4194304,a72b47ed5c487d4d,24,np-setting,1.12873,3715962,1.28458,0,0,-1,0,1.12873
