blob,tier_bw,setting,spec,role,comp_ms,decomp_ms,ratio,cost,adopted
fields/00000__plt00000__fab0000_comp02_ez.f32__c0004__dt-f32/chunk_0,1000000,2,ans shuffle=byte,primary,0.258047998,-1,5.03395815,1.09125,1
fields/00000__plt00000__fab0000_comp02_ez.f32__c0012__dt-f32/chunk_0,1000000,2,ans shuffle=byte,primary,1.32041597,-1,5.03213422,2.15391997,1
fields/00000__plt00000__fab0000_comp02_ez.f32__c0020__dt-f32/chunk_0,1000000,2,ans shuffle=byte,primary,0.364160001,-1,5.03128914,1.197804,1
fields/00000__plt00000__fab0000_comp02_ez.f32__c0028__dt-f32/chunk_0,1000000,2,ans shuffle=byte,primary,0.976320028,-1,5.03230327,1.80979603,1
fields/00000__plt00000__fab0000_comp02_ez.f32__c0036__dt-f32/chunk_0,1000000,2,ans shuffle=byte,primary,0.351007998,-1,5.03090291,1.184716,1
fields/00000__plt00000__fab0000_comp02_ez.f32__c0044__dt-f32/chunk_0,1000000,2,ans shuffle=byte,primary,0.407263994,-1,5.03241195,1.24072199,1
fields/00000__plt00000__fab0000_comp02_ez.f32__c0052__dt-f32/chunk_0,1000000,2,ans shuffle=byte,primary,0.627903998,-1,5.0320014,1.46143,1
fields/00000__plt00000__fab0000_comp02_ez.f32__c0060__dt-f32/chunk_0,1000000,2,ans shuffle=byte,primary,0.414335996,-1,5.03021508,1.248158,1
fields/00001__plt00001__fab0000_comp02_ez.f32__c0004__dt-f32/chunk_0,1000000,2,ans shuffle=byte,primary,0.699840009,-1,5.03395815,1.53304201,1
fields/00001__plt00001__fab0000_comp02_ez.f32__c0012__dt-f32/chunk_0,1000000,2,ans shuffle=byte,primary,0.361472011,-1,5.03213422,1.19497601,1
fields/00001__plt00001__fab0000_comp02_ez.f32__c0020__dt-f32/chunk_0,1000000,2,ans shuffle=byte,primary,0.872063994,-1,5.03128914,1.70570799,1
fields/00001__plt00001__fab0000_comp02_ez.f32__c0036__dt-f32/chunk_0,1000000,2,ans shuffle=byte,primary,0.503008008,-1,5.03090291,1.33671601,1
fields/00002__plt00002__fab0000_comp02_ez.f32__c0004__dt-f32/chunk_0,1000000,2,ans shuffle=byte,primary,1.10345602,-1,5.03395815,1.93665802,1
fields/00001__plt00001__fab0000_comp02_ez.f32__c0060__dt-f32/chunk_0,1000000,2,ans shuffle=byte,primary,0.635904014,-1,5.03021508,1.46972601,1
fields/00001__plt00001__fab0000_comp02_ez.f32__c0044__dt-f32/chunk_0,1000000,2,ans shuffle=byte,primary,1.65987206,-1,5.03241195,2.49333006,1
fields/00001__plt00001__fab0000_comp02_ez.f32__c0052__dt-f32/chunk_0,1000000,2,ans shuffle=byte,primary,1.74233603,-1,5.0320014,2.57586203,1
fields/00001__plt00001__fab0000_comp02_ez.f32__c0028__dt-f32/chunk_0,1000000,2,ans shuffle=byte,primary,1.32121599,-1,5.03230327,2.15469199,1
fields/00002__plt00002__fab0000_comp02_ez.f32__c0052__dt-f32/chunk_0,1000000,2,ans shuffle=byte,primary,1.56553602,-1,5.0320014,2.39906202,1
fields/00002__plt00002__fab0000_comp02_ez.f32__c0012__dt-f32/chunk_0,1000000,2,ans shuffle=byte,primary,1.03116798,-1,5.03213422,1.86467198,1
fields/00002__plt00002__fab0000_comp02_ez.f32__c0020__dt-f32/chunk_0,1000000,2,ans shuffle=byte,primary,1.336128,-1,5.03128914,2.169772,1
fields/00002__plt00002__fab0000_comp02_ez.f32__c0028__dt-f32/chunk_0,1000000,2,ans shuffle=byte,primary,1.30284798,-1,5.03230327,2.13632398,1
fields/00003__plt00003__fab0000_comp02_ez.f32__c0012__dt-f32/chunk_0,1000000,2,ans shuffle=byte,primary,0.641951978,-1,5.03213422,1.47545598,1
fields/00003__plt00003__fab0000_comp02_ez.f32__c0036__dt-f32/chunk_0,1000000,2,ans shuffle=byte,primary,0.339103997,-1,5.03090291,1.172812,1
fields/00002__plt00002__fab0000_comp02_ez.f32__c0044__dt-f32/chunk_0,1000000,2,ans shuffle=byte,primary,0.892416,-1,5.03241195,1.725874,1
fields/00002__plt00002__fab0000_comp02_ez.f32__c0060__dt-f32/chunk_0,1000000,2,ans shuffle=byte,primary,0.936255991,-1,5.03021508,1.77007799,1
fields/00002__plt00002__fab0000_comp02_ez.f32__c0036__dt-f32/chunk_0,1000000,2,ans shuffle=byte,primary,0.896095991,-1,5.03090291,1.72980399,1
fields/00003__plt00003__fab0000_comp02_ez.f32__c0004__dt-f32/chunk_0,1000000,2,ans shuffle=byte,primary,0.910399973,-1,5.03395815,1.74360197,1
fields/00003__plt00003__fab0000_comp02_ez.f32__c0020__dt-f32/chunk_0,1000000,2,ans shuffle=byte,primary,0.613856018,-1,5.03128914,1.44750002,1
fields/00003__plt00003__fab0000_comp02_ez.f32__c0028__dt-f32/chunk_0,1000000,2,ans shuffle=byte,primary,0.315807998,-1,5.03230327,1.149284,1
fields/00003__plt00003__fab0000_comp02_ez.f32__c0044__dt-f32/chunk_0,1000000,2,ans shuffle=byte,primary,0.782751977,-1,5.03241195,1.61620998,1
fields/00003__plt00003__fab0000_comp02_ez.f32__c0060__dt-f32/chunk_0,1000000,2,ans shuffle=byte,primary,1.417696,-1,5.03021508,2.251518,1
fields/00004__plt00004__fab0000_comp02_ez.f32__c0004__dt-f32/chunk_0,1000000,2,ans shuffle=byte,primary,0.914399981,-1,5.03395815,1.74760198,1
fields/00003__plt00003__fab0000_comp02_ez.f32__c0052__dt-f32/chunk_0,1000000,2,ans shuffle=byte,primary,0.765471995,-1,5.0320014,1.59899799,1
fields/00004__plt00004__fab0000_comp02_ez.f32__c0028__dt-f32/chunk_0,1000000,2,ans shuffle=byte,primary,2.44275188,-1,5.03230327,3.27622788,1
fields/00004__plt00004__fab0000_comp02_ez.f32__c0044__dt-f32/chunk_0,1000000,2,ans shuffle=byte,primary,1.53056002,-1,5.03241195,2.36401802,1
fields/00004__plt00004__fab0000_comp02_ez.f32__c0012__dt-f32/chunk_0,1000000,2,ans shuffle=byte,primary,0.692416012,-1,5.03213422,1.52592001,1
fields/00004__plt00004__fab0000_comp02_ez.f32__c0036__dt-f32/chunk_0,1000000,2,ans shuffle=byte,primary,1.26470399,-1,5.03090291,2.09841199,1
fields/00004__plt00004__fab0000_comp02_ez.f32__c0020__dt-f32/chunk_0,1000000,2,ans shuffle=byte,primary,0.32643199,-1,5.03128914,1.16007599,1
fields/00005__plt00005__fab0000_comp02_ez.f32__c0020__dt-f32/chunk_0,1000000,2,ans shuffle=byte,primary,2.0765121,-1,5.03128914,2.9101561,1
fields/00004__plt00004__fab0000_comp02_ez.f32__c0060__dt-f32/chunk_0,1000000,2,ans shuffle=byte,primary,0.480576009,-1,5.03021508,1.31439801,1
fields/00004__plt00004__fab0000_comp02_ez.f32__c0052__dt-f32/chunk_0,1000000,2,ans shuffle=byte,primary,1.02048004,-1,5.0320014,1.85400604,1
fields/00005__plt00005__fab0000_comp02_ez.f32__c0004__dt-f32/chunk_0,1000000,2,ans shuffle=byte,primary,2.13097596,-1,5.03395815,2.96417796,1
fields/00005__plt00005__fab0000_comp02_ez.f32__c0012__dt-f32/chunk_0,1000000,2,ans shuffle=byte,primary,1.24662399,-1,5.03213422,2.08012799,1
fields/00005__plt00005__fab0000_comp02_ez.f32__c0028__dt-f32/chunk_0,1000000,2,ans shuffle=byte,primary,2.6956799,-1,5.03230327,3.5291559,1
fields/00005__plt00005__fab0000_comp02_ez.f32__c0036__dt-f32/chunk_0,1000000,2,ans shuffle=byte,primary,3.69120002,-1,5.03090291,4.52490802,1
fields/00005__plt00005__fab0000_comp02_ez.f32__c0044__dt-f32/chunk_0,1000000,2,ans shuffle=byte,primary,3.169312,-1,5.03241195,4.00277,1
fields/00006__plt00006__fab0000_comp02_ez.f32__c0004__dt-f32/chunk_0,1000000,2,ans shuffle=byte,primary,1.14931202,-1,5.03395815,1.98251402,1
fields/00006__plt00006__fab0000_comp02_ez.f32__c0036__dt-f32/chunk_0,1000000,2,ans shuffle=byte,primary,3.0053761,-1,5.03090291,3.8390841,1
fields/00006__plt00006__fab0000_comp02_ez.f32__c0012__dt-f32/chunk_0,1000000,2,ans shuffle=byte,primary,1.68105602,-1,5.03213422,2.51456002,1
fields/00007__plt00007__fab0000_comp02_ez.f32__c0020__dt-f32/chunk_0,1000000,2,ans shuffle=byte,primary,4.66563177,-1,5.03128914,5.49927577,1
fields/00005__plt00005__fab0000_comp02_ez.f32__c0052__dt-f32/chunk_0,1000000,2,ans shuffle=byte,primary,3.55836797,-1,5.0320014,4.39189397,1
fields/00005__plt00005__fab0000_comp02_ez.f32__c0060__dt-f32/chunk_0,1000000,2,ans shuffle=byte,primary,2.16652799,-1,5.03021508,3.00034999,1
fields/00006__plt00006__fab0000_comp02_ez.f32__c0052__dt-f32/chunk_0,1000000,2,ans shuffle=byte,primary,4.05257607,-1,5.0320014,4.88610207,1
fields/00006__plt00006__fab0000_comp02_ez.f32__c0020__dt-f32/chunk_0,1000000,2,ans shuffle=byte,primary,1.76505601,-1,5.03128914,2.59870001,1
fields/00006__plt00006__fab0000_comp02_ez.f32__c0028__dt-f32/chunk_0,1000000,2,ans shuffle=byte,primary,3.04796791,-1,5.03230327,3.88144391,1
fields/00006__plt00006__fab0000_comp02_ez.f32__c0060__dt-f32/chunk_0,1000000,2,ans shuffle=byte,primary,4.06758404,-1,5.03021508,4.90140604,1
fields/00006__plt00006__fab0000_comp02_ez.f32__c0044__dt-f32/chunk_0,1000000,2,ans shuffle=byte,primary,2.29712009,-1,5.03241195,3.13057809,1
fields/00007__plt00007__fab0000_comp02_ez.f32__c0012__dt-f32/chunk_0,1000000,2,ans shuffle=byte,primary,4.53251219,-1,5.03213422,5.36601619,1
fields/00008__plt00008__fab0000_comp02_ez.f32__c0012__dt-f32/chunk_0,1000000,2,ans shuffle=byte,primary,0.824320018,-1,5.03213422,1.65782402,1
fields/00007__plt00007__fab0000_comp02_ez.f32__c0060__dt-f32/chunk_0,1000000,2,ans shuffle=byte,primary,1.79283202,-1,5.03021508,2.62665402,1
fields/00007__plt00007__fab0000_comp02_ez.f32__c0004__dt-f32/chunk_0,1000000,2,ans shuffle=byte,primary,4.05030394,-1,5.03395815,4.88350594,1
fields/00007__plt00007__fab0000_comp02_ez.f32__c0028__dt-f32/chunk_0,1000000,2,ans shuffle=byte,primary,1.80387199,-1,5.03230327,2.63734799,1
fields/00008__plt00008__fab0000_comp02_ez.f32__c0036__dt-f32/chunk_0,1000000,2,ans shuffle=byte,primary,3.12579203,-1,5.03090291,3.95950003,1
fields/00007__plt00007__fab0000_comp02_ez.f32__c0044__dt-f32/chunk_0,1000000,2,ans shuffle=byte,primary,1.76534402,-1,5.03241195,2.59880202,1
fields/00007__plt00007__fab0000_comp02_ez.f32__c0052__dt-f32/chunk_0,1000000,2,ans shuffle=byte,primary,1.88492799,-1,5.0320014,2.71845399,1
fields/00007__plt00007__fab0000_comp02_ez.f32__c0036__dt-f32/chunk_0,1000000,2,ans shuffle=byte,primary,2.64847994,-1,5.03090291,3.48218794,1
fields/00008__plt00008__fab0000_comp02_ez.f32__c0004__dt-f32/chunk_0,1000000,2,ans shuffle=byte,primary,4.20883179,-1,5.03395815,5.04203379,1
fields/00008__plt00008__fab0000_comp02_ez.f32__c0020__dt-f32/chunk_0,1000000,2,ans shuffle=byte,primary,4.62841606,-1,5.03128914,5.46206006,1
fields/00008__plt00008__fab0000_comp02_ez.f32__c0028__dt-f32/chunk_0,1000000,2,ans shuffle=byte,primary,4.36278391,-1,5.03230327,5.19625991,1
fields/00008__plt00008__fab0000_comp02_ez.f32__c0044__dt-f32/chunk_0,1000000,2,ans shuffle=byte,primary,1.99449599,-1,5.03241195,2.82795399,1
fields/00008__plt00008__fab0000_comp02_ez.f32__c0060__dt-f32/chunk_0,1000000,2,ans shuffle=byte,primary,1.26352,-1,5.03021508,2.097342,1
fields/00008__plt00008__fab0000_comp02_ez.f32__c0052__dt-f32/chunk_0,1000000,2,ans shuffle=byte,primary,1.12223995,-1,5.0320014,1.95576595,1
fields/00009__plt00009__fab0000_comp02_ez.f32__c0020__dt-f32/chunk_0,1000000,2,ans shuffle=byte,primary,3.04467201,-1,5.03128914,3.87831601,1
fields/00009__plt00009__fab0000_comp02_ez.f32__c0036__dt-f32/chunk_0,1000000,2,ans shuffle=byte,primary,2.04102397,-1,5.03090291,2.87473197,1
fields/00009__plt00009__fab0000_comp02_ez.f32__c0052__dt-f32/chunk_0,1000000,2,ans shuffle=byte,primary,3.59382391,-1,5.0320014,4.42734991,1
fields/00009__plt00009__fab0000_comp02_ez.f32__c0004__dt-f32/chunk_0,1000000,2,ans shuffle=byte,primary,1.09779203,-1,5.03395815,1.93099403,1
fields/00009__plt00009__fab0000_comp02_ez.f32__c0012__dt-f32/chunk_0,1000000,2,ans shuffle=byte,primary,2.51881599,-1,5.03213422,3.35231999,1
fields/00009__plt00009__fab0000_comp02_ez.f32__c0028__dt-f32/chunk_0,1000000,2,ans shuffle=byte,primary,2.85430408,-1,5.03230327,3.68778008,1
fields/00010__plt00010__fab0000_comp02_ez.f32__c0004__dt-f32/chunk_0,1000000,2,ans shuffle=byte,primary,3.02633595,-1,5.03395815,3.85953795,1
fields/00009__plt00009__fab0000_comp02_ez.f32__c0060__dt-f32/chunk_0,1000000,2,ans shuffle=byte,primary,4.6000638,-1,5.03021508,5.4338858,1
fields/00010__plt00010__fab0000_comp02_ez.f32__c0012__dt-f32/chunk_0,1000000,2,ans shuffle=byte,primary,2.87577605,-1,5.03213422,3.70928005,1
fields/00009__plt00009__fab0000_comp02_ez.f32__c0044__dt-f32/chunk_0,1000000,2,ans shuffle=byte,primary,4.50873613,-1,5.03241195,5.34219413,1
fields/00010__plt00010__fab0000_comp02_ez.f32__c0028__dt-f32/chunk_0,1000000,2,ans shuffle=byte,primary,1.88383996,-1,5.03230327,2.71731596,1
fields/00010__plt00010__fab0000_comp02_ez.f32__c0020__dt-f32/chunk_0,1000000,2,ans shuffle=byte,primary,3.67526388,-1,5.03128914,4.50890788,1
fields/00010__plt00010__fab0000_comp02_ez.f32__c0036__dt-f32/chunk_0,1000000,2,ans shuffle=byte,primary,1.69369602,-1,5.03090291,2.52740402,1
fields/00010__plt00010__fab0000_comp02_ez.f32__c0044__dt-f32/chunk_0,1000000,2,ans shuffle=byte,primary,3.51609612,-1,5.03241195,4.34955412,1
fields/00010__plt00010__fab0000_comp02_ez.f32__c0060__dt-f32/chunk_0,1000000,2,ans shuffle=byte,primary,4.17875195,-1,5.03021508,5.01257395,1
fields/00010__plt00010__fab0000_comp02_ez.f32__c0052__dt-f32/chunk_0,1000000,2,ans shuffle=byte,primary,3.91494393,-1,5.0320014,4.74846993,1
fields/00011__plt00011__fab0000_comp02_ez.f32__c0052__dt-f32/chunk_0,1000000,2,ans shuffle=byte,primary,1.59990394,-1,5.0320014,2.43342994,1
fields/00011__plt00011__fab0000_comp02_ez.f32__c0012__dt-f32/chunk_0,1000000,2,ans shuffle=byte,primary,4.44467211,-1,5.03213422,5.27817611,1
fields/00012__plt00012__fab0000_comp02_ez.f32__c0012__dt-f32/chunk_0,1000000,2,ans shuffle=byte,primary,0.448895991,-1,5.03213422,1.28239999,1
fields/00011__plt00011__fab0000_comp02_ez.f32__c0004__dt-f32/chunk_0,1000000,2,ans shuffle=byte,primary,4.28521585,-1,5.03395815,5.11841785,1
fields/00012__plt00012__fab0000_comp02_ez.f32__c0004__dt-f32/chunk_0,1000000,2,ans shuffle=byte,primary,1.56793594,-1,5.03395815,2.40113794,1
fields/00012__plt00012__fab0000_comp02_ez.f32__c0020__dt-f32/chunk_0,1000000,2,ans shuffle=byte,primary,1.15459204,-1,5.03128914,1.98823604,1
fields/00011__plt00011__fab0000_comp02_ez.f32__c0020__dt-f32/chunk_0,1000000,2,ans shuffle=byte,primary,4.07337618,-1,5.03128914,4.90702018,1
fields/00011__plt00011__fab0000_comp02_ez.f32__c0036__dt-f32/chunk_0,1000000,2,ans shuffle=byte,primary,3.86211205,-1,5.03090291,4.69582005,1
fields/00011__plt00011__fab0000_comp02_ez.f32__c0028__dt-f32/chunk_0,1000000,2,ans shuffle=byte,primary,4.08297586,-1,5.03230327,4.91645186,1
fields/00011__plt00011__fab0000_comp02_ez.f32__c0044__dt-f32/chunk_0,1000000,2,ans shuffle=byte,primary,3.74518394,-1,5.03241195,4.57864194,1
fields/00011__plt00011__fab0000_comp02_ez.f32__c0060__dt-f32/chunk_0,1000000,2,ans shuffle=byte,primary,0.460415989,-1,5.03021508,1.29423799,1
fields/00012__plt00012__fab0000_comp02_ez.f32__c0036__dt-f32/chunk_0,1000000,2,ans shuffle=byte,primary,4.02943993,-1,5.03090291,4.86314793,1
fields/00012__plt00012__fab0000_comp02_ez.f32__c0028__dt-f32/chunk_0,1000000,2,ans shuffle=byte,primary,2.86025596,-1,5.03119257,3.69391596,1
fields/00013__plt00013__fab0000_comp02_ez.f32__c0004__dt-f32/chunk_0,1000000,2,ans shuffle=byte,primary,3.49187207,-1,5.03395815,4.32507407,1
fields/00013__plt00013__fab0000_comp02_ez.f32__c0028__dt-f32/chunk_0,1000000,2,ans shuffle=byte,primary,3.81222391,-1,5.01483058,4.64860391,1
fields/00013__plt00013__fab0000_comp02_ez.f32__c0060__dt-f32/chunk_0,1000000,2,ans shuffle=byte,primary,4.17993593,-1,5.03021508,5.01375793,1
fields/00012__plt00012__fab0000_comp02_ez.f32__c0044__dt-f32/chunk_0,1000000,2,ans shuffle=byte,primary,4.44892788,-1,5.03241195,5.28238588,1
fields/00012__plt00012__fab0000_comp02_ez.f32__c0052__dt-f32/chunk_0,1000000,2,ans shuffle=byte,primary,4.41369581,-1,5.0320014,5.24722181,1
fields/00013__plt00013__fab0000_comp02_ez.f32__c0012__dt-f32/chunk_0,1000000,2,ans shuffle=byte,primary,2.53734398,-1,5.03213422,3.37084798,1
fields/00012__plt00012__fab0000_comp02_ez.f32__c0060__dt-f32/chunk_0,1000000,2,ans shuffle=byte,primary,4.16457605,-1,5.03021508,4.99839805,1
fields/00013__plt00013__fab0000_comp02_ez.f32__c0044__dt-f32/chunk_0,1000000,2,ans shuffle=byte,primary,3.22271991,-1,5.03241195,4.05617791,1
fields/00013__plt00013__fab0000_comp02_ez.f32__c0020__dt-f32/chunk_0,1000000,2,ans shuffle=byte,primary,3.15840006,-1,5.03128914,3.99204406,1
fields/00013__plt00013__fab0000_comp02_ez.f32__c0052__dt-f32/chunk_0,1000000,2,ans shuffle=byte,primary,4.25427198,-1,5.0320014,5.08779798,1
fields/00013__plt00013__fab0000_comp02_ez.f32__c0036__dt-f32/chunk_0,1000000,2,ans shuffle=byte,primary,3.48636794,-1,5.03090291,4.32007594,1
fields/00014__plt00014__fab0000_comp02_ez.f32__c0012__dt-f32/chunk_0,1000000,2,ans shuffle=byte,primary,1.23081601,-1,5.03213422,2.06432001,1
fields/00014__plt00014__fab0000_comp02_ez.f32__c0004__dt-f32/chunk_0,1000000,2,ans shuffle=byte,primary,1.21113598,-1,5.03395815,2.04433798,1
fields/00014__plt00014__fab0000_comp02_ez.f32__c0020__dt-f32/chunk_0,1000000,2,ans shuffle=byte,primary,3.26140809,-1,5.03128914,4.09505209,1
fields/00014__plt00014__fab0000_comp02_ez.f32__c0052__dt-f32/chunk_0,1000000,2,ans shuffle=byte,primary,3.7924161,-1,5.0320014,4.6259421,1
fields/00014__plt00014__fab0000_comp02_ez.f32__c0036__dt-f32/chunk_0,1000000,2,ans shuffle=byte,primary,3.22415996,-1,5.03090291,4.05786796,1
fields/00015__plt00015__fab0000_comp02_ez.f32__c0012__dt-f32/chunk_0,1000000,2,ans shuffle=byte,primary,3.73142409,-1,5.03213422,4.56492809,1
fields/00015__plt00015__fab0000_comp02_ez.f32__c0036__dt-f32/chunk_0,1000000,2,ans shuffle=byte,primary,4.34716797,-1,5.03090291,5.18087597,1
fields/00014__plt00014__fab0000_comp02_ez.f32__c0028__dt-f32/chunk_0,1000000,2,ans shuffle=byte,primary,4.80841589,-1,4.98562191,5.64969589,1
fields/00014__plt00014__fab0000_comp02_ez.f32__c0044__dt-f32/chunk_0,1000000,2,ans shuffle=byte,primary,2.58726406,-1,5.03241195,3.42072206,1
fields/00014__plt00014__fab0000_comp02_ez.f32__c0060__dt-f32/chunk_0,1000000,2,ans shuffle=byte,primary,3.07315207,-1,5.03021508,3.90697407,1
fields/00015__plt00015__fab0000_comp02_ez.f32__c0004__dt-f32/chunk_0,1000000,2,ans shuffle=byte,primary,4.39692783,-1,5.03395815,5.23012983,1
fields/00015__plt00015__fab0000_comp02_ez.f32__c0020__dt-f32/chunk_0,1000000,2,ans shuffle=byte,primary,4.79622412,-1,5.03128914,5.62986812,1
fields/00015__plt00015__fab0000_comp02_ez.f32__c0028__dt-f32/chunk_0,1000000,2,ans shuffle=byte,primary,4.35753584,-1,4.93937981,5.20669184,1
fields/00015__plt00015__fab0000_comp02_ez.f32__c0044__dt-f32/chunk_0,1000000,2,ans shuffle=byte,primary,3.77846408,-1,5.03241195,4.61192208,1
fields/00015__plt00015__fab0000_comp02_ez.f32__c0060__dt-f32/chunk_0,1000000,2,ans shuffle=byte,primary,1.12089598,-1,5.03021508,1.95471798,1
fields/00015__plt00015__fab0000_comp02_ez.f32__c0052__dt-f32/chunk_0,1000000,2,ans shuffle=byte,primary,3.31955194,-1,5.0320014,4.15307794,1
fields/00016__plt00016__fab0000_comp02_ez.f32__c0004__dt-f32/chunk_0,1000000,2,ans shuffle=byte,primary,2.99046397,-1,5.03395815,3.82366597,1
fields/00016__plt00016__fab0000_comp02_ez.f32__c0012__dt-f32/chunk_0,1000000,2,ans shuffle=byte,primary,4.06838417,-1,5.03213422,4.90188817,1
fields/00016__plt00016__fab0000_comp02_ez.f32__c0036__dt-f32/chunk_0,1000000,2,ans shuffle=byte,primary,1.72067201,-1,5.03090291,2.55438001,1
fields/00016__plt00016__fab0000_comp02_ez.f32__c0020__dt-f32/chunk_0,1000000,2,ans shuffle=byte,primary,3.94275188,-1,5.03128914,4.77639588,1
fields/00016__plt00016__fab0000_comp02_ez.f32__c0028__dt-f32/chunk_0,1000000,2,ans shuffle=byte,primary,2.66582394,-1,4.91112147,3.51986594,1
fields/00017__plt00017__fab0000_comp02_ez.f32__c0020__dt-f32/chunk_0,1000000,2,ans shuffle=byte,primary,4.53520012,-1,5.03128914,5.36884412,1
fields/00016__plt00016__fab0000_comp02_ez.f32__c0052__dt-f32/chunk_0,1000000,2,ans shuffle=byte,primary,4.65766382,-1,5.0320014,5.49118982,1
fields/00017__plt00017__fab0000_comp02_ez.f32__c0004__dt-f32/chunk_0,1000000,2,ans shuffle=byte,primary,4.14016008,-1,5.03395815,4.97336208,1
fields/00016__plt00016__fab0000_comp02_ez.f32__c0044__dt-f32/chunk_0,1000000,2,ans shuffle=byte,primary,8.74489594,-1,5.03241195,9.57835394,1
fields/00016__plt00016__fab0000_comp02_ez.f32__c0060__dt-f32/chunk_0,1000000,2,ans shuffle=byte,primary,2.79884791,-1,5.03021508,3.63266991,1
fields/00017__plt00017__fab0000_comp02_ez.f32__c0012__dt-f32/chunk_0,1000000,2,ans shuffle=byte,primary,3.46259189,-1,5.03213422,4.29609589,1
fields/00017__plt00017__fab0000_comp02_ez.f32__c0036__dt-f32/chunk_0,1000000,2,ans shuffle=byte,primary,3.37372804,-1,5.03090291,4.20743604,1
fields/00017__plt00017__fab0000_comp02_ez.f32__c0044__dt-f32/chunk_0,1000000,2,ans shuffle=byte,primary,3.39472008,-1,5.03241195,4.22817808,1
fields/00018__plt00018__fab0000_comp02_ez.f32__c0004__dt-f32/chunk_0,1000000,2,ans shuffle=byte,primary,0.739135981,-1,5.03395815,1.57233798,1
fields/00017__plt00017__fab0000_comp02_ez.f32__c0028__dt-f32/chunk_0,1000000,2,ans shuffle=byte,primary,4.34153605,-1,4.79145323,5.21690805,1
fields/00018__plt00018__fab0000_comp02_ez.f32__c0028__dt-f32/chunk_0,1000000,2,ans shuffle=byte,primary,4.56652784,-1,4.35029695,5.53066984,1
fields/00017__plt00017__fab0000_comp02_ez.f32__c0060__dt-f32/chunk_0,1000000,2,ans shuffle=byte,primary,1.22591996,-1,5.03021508,2.05974196,1
fields/00018__plt00018__fab0000_comp02_ez.f32__c0012__dt-f32/chunk_0,1000000,2,ans shuffle=byte,primary,0.550783992,-1,5.03213422,1.38428799,1
fields/00018__plt00018__fab0000_comp02_ez.f32__c0044__dt-f32/chunk_0,1000000,2,ans shuffle=byte,primary,5.02108812,-1,5.03241195,5.85454612,1
fields/00017__plt00017__fab0000_comp02_ez.f32__c0052__dt-f32/chunk_0,1000000,2,ans shuffle=byte,primary,1.92294395,-1,5.0320014,2.75646995,1
fields/00018__plt00018__fab0000_comp02_ez.f32__c0060__dt-f32/chunk_0,1000000,2,ans shuffle=byte,primary,3.946944,-1,5.03021508,4.780766,1
fields/00018__plt00018__fab0000_comp02_ez.f32__c0020__dt-f32/chunk_0,1000000,2,ans shuffle=byte,primary,3.16934395,-1,5.03128914,4.00298795,1
fields/00019__plt00019__fab0000_comp02_ez.f32__c0012__dt-f32/chunk_0,1000000,2,ans shuffle=byte,primary,9.38748837,-1,5.03213422,10.2209924,1
fields/00018__plt00018__fab0000_comp02_ez.f32__c0036__dt-f32/chunk_0,1000000,2,ans shuffle=byte,primary,3.77487993,-1,5.03090291,4.60858793,1
fields/00018__plt00018__fab0000_comp02_ez.f32__c0052__dt-f32/chunk_0,1000000,2,ans shuffle=byte,primary,4.10755205,-1,5.0320014,4.94107805,1
fields/00019__plt00019__fab0000_comp02_ez.f32__c0004__dt-f32/chunk_0,1000000,2,ans shuffle=byte,primary,3.26723194,-1,5.03395815,4.10043394,1
fields/00019__plt00019__fab0000_comp02_ez.f32__c0052__dt-f32/chunk_0,1000000,2,ans shuffle=byte,primary,3.67919993,-1,5.0320014,4.51272593,1
fields/00019__plt00019__fab0000_comp02_ez.f32__c0044__dt-f32/chunk_0,1000000,2,ans shuffle=byte,primary,4.96063995,-1,5.03241195,5.79409795,1
fields/00019__plt00019__fab0000_comp02_ez.f32__c0028__dt-f32/chunk_0,1000000,2,ans shuffle=byte,primary,3.82304001,-1,3.84112767,4.91498601,1
fields/00019__plt00019__fab0000_comp02_ez.f32__c0036__dt-f32/chunk_0,1000000,2,ans shuffle=byte,primary,2.55529594,-1,5.03090291,3.38900394,1
fields/00019__plt00019__fab0000_comp02_ez.f32__c0020__dt-f32/chunk_0,1000000,2,ans shuffle=byte,primary,3.36636806,-1,5.03128914,4.20001206,1
fields/00019__plt00019__fab0000_comp02_ez.f32__c0060__dt-f32/chunk_0,1000000,2,ans shuffle=byte,primary,3.90230393,-1,5.03021508,4.73612593,1
fields/00020__plt00020__fab0000_comp02_ez.f32__c0020__dt-f32/chunk_0,1000000,2,ans shuffle=byte,primary,3.26371193,-1,5.03128914,4.09735593,1
fields/00021__plt00021__fab0000_comp02_ez.f32__c0004__dt-f32/chunk_0,1000000,2,ans shuffle=byte,primary,4.1820159,-1,5.03395815,5.0152179,1
fields/00021__plt00021__fab0000_comp02_ez.f32__c0028__dt-f32/chunk_0,1000000,2,ans shuffle=byte,primary,3.56902409,-1,2.94663424,4.99244609,1
fields/00020__plt00020__fab0000_comp02_ez.f32__c0028__dt-f32/chunk_0,1000000,2,ans shuffle=byte,primary,1.954656,-1,3.36003973,3.202946,1
fields/00020__plt00020__fab0000_comp02_ez.f32__c0036__dt-f32/chunk_0,1000000,2,ans shuffle=byte,primary,1.93350399,-1,5.03090291,2.76721199,1
fields/00020__plt00020__fab0000_comp02_ez.f32__c0052__dt-f32/chunk_0,1000000,2,ans shuffle=byte,primary,2.27875209,-1,5.0320014,3.11227809,1
fields/00020__plt00020__fab0000_comp02_ez.f32__c0004__dt-f32/chunk_0,1000000,2,ans shuffle=byte,primary,3.44617605,-1,5.03395815,4.27937805,1
fields/00020__plt00020__fab0000_comp02_ez.f32__c0012__dt-f32/chunk_0,1000000,2,ans shuffle=byte,primary,3.24383998,-1,5.03213422,4.07734398,1
fields/00020__plt00020__fab0000_comp02_ez.f32__c0044__dt-f32/chunk_0,1000000,2,ans shuffle=byte,primary,2.06207991,-1,5.03241195,2.89553791,1
fields/00020__plt00020__fab0000_comp02_ez.f32__c0060__dt-f32/chunk_0,1000000,2,ans shuffle=byte,primary,4.17433596,-1,5.03021508,5.00815796,1
fields/00021__plt00021__fab0000_comp02_ez.f32__c0012__dt-f32/chunk_0,1000000,2,ans shuffle=byte,primary,3.59801602,-1,5.03213422,4.43152002,1
fields/00021__plt00021__fab0000_comp02_ez.f32__c0020__dt-f32/chunk_0,1000000,2,ans shuffle=byte,primary,4.67004824,-1,5.03128914,5.50369224,1
fields/00021__plt00021__fab0000_comp02_ez.f32__c0036__dt-f32/chunk_0,1000000,2,ans shuffle=byte,primary,3.59657598,-1,5.03090291,4.43028398,1
fields/00022__plt00022__fab0000_comp02_ez.f32__c0036__dt-f32/chunk_0,1000000,2,ans shuffle=byte,primary,4.51462412,-1,5.03051674,5.34839612,1
fields/00022__plt00022__fab0000_comp02_ez.f32__c0004__dt-f32/chunk_0,1000000,2,ans shuffle=byte,primary,2.57532811,-1,5.03395815,3.40853011,1
fields/00022__plt00022__fab0000_comp02_ez.f32__c0044__dt-f32/chunk_0,1000000,2,ans shuffle=byte,primary,4.35423994,-1,5.03241195,5.18769794,1
fields/00021__plt00021__fab0000_comp02_ez.f32__c0044__dt-f32/chunk_0,1000000,2,ans shuffle=byte,primary,1.76598406,-1,5.03241195,2.59944206,1
fields/00021__plt00021__fab0000_comp02_ez.f32__c0060__dt-f32/chunk_0,1000000,2,ans shuffle=byte,primary,2.8166399,-1,5.03021508,3.6504619,1
fields/00021__plt00021__fab0000_comp02_ez.f32__c0052__dt-f32/chunk_0,1000000,2,ans shuffle=byte,primary,2.04076791,-1,5.0320014,2.87429391,1
fields/00022__plt00022__fab0000_comp02_ez.f32__c0020__dt-f32/chunk_0,1000000,2,ans shuffle=byte,primary,1.53881598,-1,5.03128914,2.37245998,1
fields/00022__plt00022__fab0000_comp02_ez.f32__c0012__dt-f32/chunk_0,1000000,2,ans shuffle=byte,primary,3.74291205,-1,5.03213422,4.57641605,1
fields/00022__plt00022__fab0000_comp02_ez.f32__c0060__dt-f32/chunk_0,1000000,2,ans shuffle=byte,primary,2.58879995,-1,5.03021508,3.42262195,1
fields/00022__plt00022__fab0000_comp02_ez.f32__c0028__dt-f32/chunk_0,1000000,2,ans shuffle=byte,primary,5.02019215,-1,2.59727881,6.63507615,1
fields/00022__plt00022__fab0000_comp02_ez.f32__c0052__dt-f32/chunk_0,1000000,2,ans shuffle=byte,primary,1.97174394,-1,5.0320014,2.80526994,1
fields/00023__plt00023__fab0000_comp02_ez.f32__c0012__dt-f32/chunk_0,1000000,2,ans shuffle=byte,primary,1.96070397,-1,5.03213422,2.79420797,1
fields/00023__plt00023__fab0000_comp02_ez.f32__c0004__dt-f32/chunk_0,1000000,2,ans shuffle=byte,primary,1.99382401,-1,5.03395815,2.82702601,1
fields/00023__plt00023__fab0000_comp02_ez.f32__c0036__dt-f32/chunk_0,1000000,2,ans shuffle=byte,primary,2.69945598,-1,5.02564643,3.53403598,1
fields/00023__plt00023__fab0000_comp02_ez.f32__c0020__dt-f32/chunk_0,1000000,2,ans shuffle=byte,primary,2.9129281,-1,5.03128914,3.7465721,1
fields/00023__plt00023__fab0000_comp02_ez.f32__c0052__dt-f32/chunk_0,1000000,2,ans shuffle=byte,primary,4.32044792,-1,5.0320014,5.15397392,1
fields/00023__plt00023__fab0000_comp02_ez.f32__c0028__dt-f32/chunk_0,1000000,2,ans shuffle=byte,primary,1.90271997,-1,2.31404514,3.71526197,1
fields/00024__plt00024__fab0000_comp02_ez.f32__c0012__dt-f32/chunk_0,1000000,2,ans shuffle=byte,primary,4.07171202,-1,5.03213422,4.90521602,1
fields/00023__plt00023__fab0000_comp02_ez.f32__c0060__dt-f32/chunk_0,1000000,2,ans shuffle=byte,primary,4.08928013,-1,5.03021508,4.92310213,1
fields/00023__plt00023__fab0000_comp02_ez.f32__c0044__dt-f32/chunk_0,1000000,2,ans shuffle=byte,primary,4.80064011,-1,5.03241195,5.63409811,1
fields/00024__plt00024__fab0000_comp02_ez.f32__c0004__dt-f32/chunk_0,1000000,2,ans shuffle=byte,primary,1.95564795,-1,5.03395815,2.78884995,1
fields/00024__plt00024__fab0000_comp02_ez.f32__c0036__dt-f32/chunk_0,1000000,2,ans shuffle=byte,primary,1.57766402,-1,5.02540557,2.41228402,1
fields/00024__plt00024__fab0000_comp02_ez.f32__c0028__dt-f32/chunk_0,1000000,2,ans shuffle=byte,primary,1.55648005,-1,2.07723958,3.57565205,1
fields/00024__plt00024__fab0000_comp02_ez.f32__c0020__dt-f32/chunk_0,1000000,2,ans shuffle=byte,primary,3.98643208,-1,5.03128914,4.82007608,1
fields/00024__plt00024__fab0000_comp02_ez.f32__c0060__dt-f32/chunk_0,1000000,2,ans shuffle=byte,primary,2.19756794,-1,5.03021508,3.03138994,1
fields/00024__plt00024__fab0000_comp02_ez.f32__c0044__dt-f32/chunk_0,1000000,2,ans shuffle=byte,primary,3.20115209,-1,5.03241195,4.03461009,1
fields/00025__plt00025__fab0000_comp02_ez.f32__c0004__dt-f32/chunk_0,1000000,2,ans shuffle=byte,primary,4.68019199,-1,5.03395815,5.51339399,1
fields/00025__plt00025__fab0000_comp02_ez.f32__c0012__dt-f32/chunk_0,1000000,2,ans shuffle=byte,primary,4.09801579,-1,5.03213422,4.93151979,1
fields/00024__plt00024__fab0000_comp02_ez.f32__c0052__dt-f32/chunk_0,1000000,2,ans shuffle=byte,primary,3.24246407,-1,5.0320014,4.07599007,1
fields/00025__plt00025__fab0000_comp02_ez.f32__c0036__dt-f32/chunk_0,1000000,2,ans shuffle=byte,primary,4.80172777,-1,5.02251706,5.63682777,1
fields/00025__plt00025__fab0000_comp02_ez.f32__c0020__dt-f32/chunk_0,1000000,2,ans shuffle=byte,primary,3.60800004,-1,5.03128914,4.44164404,1
fields/00025__plt00025__fab0000_comp02_ez.f32__c0044__dt-f32/chunk_0,1000000,2,ans shuffle=byte,primary,3.32947206,-1,5.03241195,4.16293006,1
fields/00025__plt00025__fab0000_comp02_ez.f32__c0028__dt-f32/chunk_0,1000000,2,ans shuffle=byte,primary,3.84028792,-1,1.88457056,6.06588992,1
fields/00025__plt00025__fab0000_comp02_ez.f32__c0060__dt-f32/chunk_0,1000000,2,ans shuffle=byte,primary,2.96236801,-1,5.03021508,3.79619001,1
fields/00025__plt00025__fab0000_comp02_ez.f32__c0052__dt-f32/chunk_0,1000000,2,ans shuffle=byte,primary,5.07414389,-1,5.0320014,5.90766989,1
fields/00026__plt00026__fab0000_comp02_ez.f32__c0004__dt-f32/chunk_0,1000000,2,ans shuffle=byte,primary,3.48620796,-1,5.03395815,4.31940996,1
fields/00026__plt00026__fab0000_comp02_ez.f32__c0012__dt-f32/chunk_0,1000000,2,ans shuffle=byte,primary,1.84169602,-1,5.03213422,2.67520002,1
fields/00026__plt00026__fab0000_comp02_ez.f32__c0028__dt-f32/chunk_0,1000000,2,ans shuffle=byte,primary,2.9180479,-1,1.72018964,5.3563279,1
fields/00026__plt00026__fab0000_comp02_ez.f32__c0052__dt-f32/chunk_0,1000000,2,ans shuffle=byte,primary,2.8751359,-1,5.0320014,3.7086619,1
fields/00026__plt00026__fab0000_comp02_ez.f32__c0020__dt-f32/chunk_0,1000000,2,ans shuffle=byte,primary,7.80588818,-1,5.03128914,8.63953218,1
fields/00027__plt00027__fab0000_comp02_ez.f32__c0004__dt-f32/chunk_0,1000000,2,ans shuffle=byte,primary,4.30390406,-1,5.03395815,5.13710606,1
fields/00026__plt00026__fab0000_comp02_ez.f32__c0036__dt-f32/chunk_0,1000000,2,ans shuffle=byte,primary,3.32153606,-1,5.01334404,4.15816406,1
fields/00026__plt00026__fab0000_comp02_ez.f32__c0044__dt-f32/chunk_0,1000000,2,ans shuffle=byte,primary,3.63328004,-1,5.03241195,4.46673804,1
fields/00027__plt00027__fab0000_comp02_ez.f32__c0052__dt-f32/chunk_0,1000000,2,ans shuffle=byte,primary,1.64323199,-1,5.0320014,2.47675799,1
fields/00027__plt00027__fab0000_comp02_ez.f32__c0020__dt-f32/chunk_0,1000000,2,ans shuffle=byte,primary,1.28512001,-1,5.03128914,2.11876401,1
fields/00027__plt00027__fab0000_comp02_ez.f32__c0036__dt-f32/chunk_0,1000000,2,ans shuffle=byte,primary,4.24486399,-1,4.94063656,5.09380399,1
fields/00027__plt00027__fab0000_comp02_ez.f32__c0028__dt-f32/chunk_0,1000000,2,ans shuffle=byte,primary,1.73036802,-1,1.5866288,4.37390002,1
fields/00027__plt00027__fab0000_comp02_ez.f32__c0012__dt-f32/chunk_0,1000000,2,ans shuffle=byte,primary,4.26211214,-1,5.03213422,5.09561614,1
fields/00027__plt00027__fab0000_comp02_ez.f32__c0060__dt-f32/chunk_0,1000000,2,ans shuffle=byte,primary,2.66172791,-1,5.03021508,3.49554991,1
fields/00026__plt00026__fab0000_comp02_ez.f32__c0060__dt-f32/chunk_0,1000000,2,ans shuffle=byte,primary,4.98556805,-1,5.03021508,5.81939005,1
fields/00027__plt00027__fab0000_comp02_ez.f32__c0044__dt-f32/chunk_0,1000000,2,ans shuffle=byte,primary,1.34710395,-1,5.03241195,2.18056195,1
fields/00028__plt00028__fab0000_comp02_ez.f32__c0012__dt-f32/chunk_0,1000000,2,ans shuffle=byte,primary,5.177248,-1,5.03213422,6.010752,1
fields/00028__plt00028__fab0000_comp02_ez.f32__c0004__dt-f32/chunk_0,1000000,2,ans shuffle=byte,primary,4.49689579,-1,5.03395815,5.33009779,1
fields/00028__plt00028__fab0000_comp02_ez.f32__c0036__dt-f32/chunk_0,1000000,2,ans shuffle=byte,primary,20.2377281,-1,4.59255171,21.1510121,1
fields/00028__plt00028__fab0000_comp02_ez.f32__c0020__dt-f32/chunk_0,1000000,2,ans shuffle=byte,primary,3.36092806,-1,5.03128914,4.19457206,1
fields/00028__plt00028__fab0000_comp02_ez.f32__c0052__dt-f32/chunk_0,1000000,2,ans shuffle=byte,primary,4.48361588,-1,5.0320014,5.31714188,1
fields/00028__plt00028__fab0000_comp02_ez.f32__c0044__dt-f32/chunk_0,1000000,2,ans shuffle=byte,primary,4.61161613,-1,5.03241195,5.44507413,1
fields/00029__plt00029__fab0000_comp02_ez.f32__c0004__dt-f32/chunk_0,1000000,2,ans shuffle=byte,primary,4.82307196,-1,5.03395815,5.65627396,1
fields/00028__plt00028__fab0000_comp02_ez.f32__c0060__dt-f32/chunk_0,1000000,2,ans shuffle=byte,primary,4.64531183,-1,5.03021508,5.47913383,1
fields/00028__plt00028__fab0000_comp02_ez.f32__c0028__dt-f32/chunk_0,1000000,2,ans shuffle=byte,primary,2.92412806,-1,1.49830176,5.72350006,1
fields/00029__plt00029__fab0000_comp02_ez.f32__c0012__dt-f32/chunk_0,1000000,2,ans shuffle=byte,primary,1.82572806,-1,5.03213422,2.65923206,1
fields/00029__plt00029__fab0000_comp02_ez.f32__c0020__dt-f32/chunk_0,1000000,2,ans shuffle=byte,primary,1.66351998,-1,5.03128914,2.49716398,1
fields/00029__plt00029__fab0000_comp02_ez.f32__c0036__dt-f32/chunk_0,1000000,2,ans shuffle=byte,primary,1.82227194,-1,4.07845944,2.85067594,1
fields/00029__plt00029__fab0000_comp02_ez.f32__c0028__dt-f32/chunk_0,1000000,2,ans shuffle=byte,primary,2.21603203,-1,1.44629277,5.11607003,1
fields/00029__plt00029__fab0000_comp02_ez.f32__c0044__dt-f32/chunk_0,1000000,2,ans shuffle=byte,primary,2.25753593,-1,5.03241195,3.09099393,1
fields/00030__plt00030__fab0000_comp02_ez.f32__c0028__dt-f32/chunk_0,1000000,2,ans shuffle=byte,primary,2.704,-1,1.41083364,5.676926,1
fields/00029__plt00029__fab0000_comp02_ez.f32__c0060__dt-f32/chunk_0,1000000,2,ans shuffle=byte,primary,4.54985619,-1,5.03021508,5.38367819,1
fields/00030__plt00030__fab0000_comp02_ez.f32__c0020__dt-f32/chunk_0,1000000,2,ans shuffle=byte,primary,2.49408007,-1,5.03128914,3.32772407,1
fields/00030__plt00030__fab0000_comp02_ez.f32__c0036__dt-f32/chunk_0,1000000,2,ans shuffle=byte,primary,3.13081598,-1,3.57447563,4.30421998,1
fields/00031__plt00031__fab0000_comp02_ez.f32__c0012__dt-f32/chunk_0,1000000,2,ans shuffle=byte,primary,0.695840001,-1,5.03213422,1.529344,1
fields/00030__plt00030__fab0000_comp02_ez.f32__c0012__dt-f32/chunk_0,1000000,2,ans shuffle=byte,primary,4.26204777,-1,5.03213422,5.09555177,1
fields/00029__plt00029__fab0000_comp02_ez.f32__c0052__dt-f32/chunk_0,1000000,2,ans shuffle=byte,primary,3.6371839,-1,5.0320014,4.4707099,1
fields/00030__plt00030__fab0000_comp02_ez.f32__c0052__dt-f32/chunk_0,1000000,2,ans shuffle=byte,primary,3.09404802,-1,5.0320014,3.92757402,1
fields/00030__plt00030__fab0000_comp02_ez.f32__c0004__dt-f32/chunk_0,1000000,2,ans shuffle=byte,primary,4.96848011,-1,5.03395815,5.80168211,1
fields/00030__plt00030__fab0000_comp02_ez.f32__c0044__dt-f32/chunk_0,1000000,2,ans shuffle=byte,primary,2.5,-1,5.03241195,3.333458,1
fields/00030__plt00030__fab0000_comp02_ez.f32__c0060__dt-f32/chunk_0,1000000,2,ans shuffle=byte,primary,3.113024,-1,5.03021508,3.946846,1
fields/00031__plt00031__fab0000_comp02_ez.f32__c0004__dt-f32/chunk_0,1000000,2,ans shuffle=byte,primary,0.717087984,-1,5.03395815,1.55028998,1
fields/00031__plt00031__fab0000_comp02_ez.f32__c0028__dt-f32/chunk_0,1000000,2,ans shuffle=byte,primary,21.8339844,-1,1.38467552,24.8630724,1
fields/00031__plt00031__fab0000_comp02_ez.f32__c0036__dt-f32/chunk_0,1000000,2,ans shuffle=byte,primary,3.62214398,-1,3.14105725,4.95745998,1
fields/00031__plt00031__fab0000_comp02_ez.f32__c0044__dt-f32/chunk_0,1000000,2,ans shuffle=byte,primary,4.74121618,-1,5.03241195,5.57467418,1
fields/00031__plt00031__fab0000_comp02_ez.f32__c0052__dt-f32/chunk_0,1000000,2,ans shuffle=byte,primary,4.235744,-1,5.0320014,5.06927,1
fields/00032__plt00032__fab0000_comp02_ez.f32__c0004__dt-f32/chunk_0,1000000,2,ans shuffle=byte,primary,4.02329588,-1,5.03395815,4.85649788,1
fields/00031__plt00031__fab0000_comp02_ez.f32__c0020__dt-f32/chunk_0,1000000,2,ans shuffle=byte,primary,1.27782404,-1,5.03128914,2.11146804,1
fields/00031__plt00031__fab0000_comp02_ez.f32__c0060__dt-f32/chunk_0,1000000,2,ans shuffle=byte,primary,3.50492811,-1,5.03021508,4.33875011,1
fields/00032__plt00032__fab0000_comp02_ez.f32__c0020__dt-f32/chunk_0,1000000,2,ans shuffle=byte,primary,3.34038401,-1,5.03128914,4.17402801,1
fields/00032__plt00032__fab0000_comp02_ez.f32__c0012__dt-f32/chunk_0,1000000,2,ans shuffle=byte,primary,3.28566408,-1,5.03213422,4.11916808,1
fields/00032__plt00032__fab0000_comp02_ez.f32__c0060__dt-f32/chunk_0,1000000,2,ans shuffle=byte,primary,2.94720006,-1,5.03021508,3.78102206,1
fields/00033__plt00033__fab0000_comp02_ez.f32__c0028__dt-f32/chunk_0,1000000,2,ans shuffle=byte,primary,4.62716818,-1,1.351681,7.73019618,1
fields/00032__plt00032__fab0000_comp02_ez.f32__c0036__dt-f32/chunk_0,1000000,2,ans shuffle=byte,primary,2.93587208,-1,2.77664766,4.44643608,1
fields/00032__plt00032__fab0000_comp02_ez.f32__c0028__dt-f32/chunk_0,1000000,2,ans shuffle=byte,primary,2.38780808,-1,1.36558316,5.45924608,1
fields/00032__plt00032__fab0000_comp02_ez.f32__c0052__dt-f32/chunk_0,1000000,2,ans shuffle=byte,primary,2.31055999,-1,5.0320014,3.14408599,1
fields/00032__plt00032__fab0000_comp02_ez.f32__c0044__dt-f32/chunk_0,1000000,2,ans shuffle=byte,primary,2.28921604,-1,5.03241195,3.12267404,1
fields/00033__plt00033__fab0000_comp02_ez.f32__c0036__dt-f32/chunk_0,1000000,2,ans shuffle=byte,primary,3.1195519,-1,2.46992842,4.8176999,1
fields/00033__plt00033__fab0000_comp02_ez.f32__c0004__dt-f32/chunk_0,1000000,2,ans shuffle=byte,primary,3.13811207,-1,5.03395815,3.97131407,1
fields/00033__plt00033__fab0000_comp02_ez.f32__c0012__dt-f32/chunk_0,1000000,2,ans shuffle=byte,primary,3.65718389,-1,5.03213422,4.49068789,1
fields/00033__plt00033__fab0000_comp02_ez.f32__c0020__dt-f32/chunk_0,1000000,2,ans shuffle=byte,primary,4.1483202,-1,5.03128914,4.9819642,1
fields/00033__plt00033__fab0000_comp02_ez.f32__c0060__dt-f32/chunk_0,1000000,2,ans shuffle=byte,primary,4.60844803,-1,5.03021508,5.44227003,1
fields/00033__plt00033__fab0000_comp02_ez.f32__c0044__dt-f32/chunk_0,1000000,2,ans shuffle=byte,primary,4.16409588,-1,5.03241195,4.99755388,1
fields/00033__plt00033__fab0000_comp02_ez.f32__c0052__dt-f32/chunk_0,1000000,2,ans shuffle=byte,primary,4.61644793,-1,5.0320014,5.44997393,1
fields/00034__plt00034__fab0000_comp02_ez.f32__c0020__dt-f32/chunk_0,1000000,2,ans shuffle=byte,primary,4.09139204,-1,5.03128914,4.92503604,1
fields/00034__plt00034__fab0000_comp02_ez.f32__c0028__dt-f32/chunk_0,1000000,2,ans shuffle=byte,primary,4.20160007,-1,1.34154793,7.32806607,1
fields/00034__plt00034__fab0000_comp02_ez.f32__c0036__dt-f32/chunk_0,1000000,2,ans shuffle=byte,primary,3.37283206,-1,2.21499412,5.26642806,1
fields/00034__plt00034__fab0000_comp02_ez.f32__c0012__dt-f32/chunk_0,1000000,2,ans shuffle=byte,primary,2.61526394,-1,5.03213422,3.44876794,1
fields/00034__plt00034__fab0000_comp02_ez.f32__c0044__dt-f32/chunk_0,1000000,2,ans shuffle=byte,primary,3.31347203,-1,5.03241195,4.14693003,1
fields/00034__plt00034__fab0000_comp02_ez.f32__c0052__dt-f32/chunk_0,1000000,2,ans shuffle=byte,primary,3.93580794,-1,5.0320014,4.76933394,1
fields/00035__plt00035__fab0000_comp02_ez.f32__c0020__dt-f32/chunk_0,1000000,2,ans shuffle=byte,primary,3.136832,-1,5.03128914,3.970476,1
fields/00034__plt00034__fab0000_comp02_ez.f32__c0004__dt-f32/chunk_0,1000000,2,ans shuffle=byte,primary,4.06598377,-1,5.03395815,4.89918577,1
fields/00034__plt00034__fab0000_comp02_ez.f32__c0060__dt-f32/chunk_0,1000000,2,ans shuffle=byte,primary,4.03523207,-1,5.03021508,4.86905407,1
fields/00035__plt00035__fab0000_comp02_ez.f32__c0004__dt-f32/chunk_0,1000000,2,ans shuffle=byte,primary,4.10160017,-1,5.03395815,4.93480217,1
fields/00035__plt00035__fab0000_comp02_ez.f32__c0012__dt-f32/chunk_0,1000000,2,ans shuffle=byte,primary,3.80636811,-1,5.03213422,4.63987211,1
fields/00035__plt00035__fab0000_comp02_ez.f32__c0044__dt-f32/chunk_0,1000000,2,ans shuffle=byte,primary,2.50761604,-1,5.03241195,3.34107404,1
fields/00036__plt00036__fab0000_comp02_ez.f32__c0012__dt-f32/chunk_0,1000000,2,ans shuffle=byte,primary,2.48799992,-1,5.03213422,3.32150392,1
fields/00035__plt00035__fab0000_comp02_ez.f32__c0028__dt-f32/chunk_0,1000000,2,ans shuffle=byte,primary,3.01151991,-1,1.33343846,6.15699991,1
fields/00035__plt00035__fab0000_comp02_ez.f32__c0036__dt-f32/chunk_0,1000000,2,ans shuffle=byte,primary,4.74486399,-1,2.00240233,6.83949999,1
fields/00035__plt00035__fab0000_comp02_ez.f32__c0060__dt-f32/chunk_0,1000000,2,ans shuffle=byte,primary,3.00947189,-1,5.03021508,3.84329389,1
fields/00035__plt00035__fab0000_comp02_ez.f32__c0052__dt-f32/chunk_0,1000000,2,ans shuffle=byte,primary,3.03110409,-1,5.0320014,3.86463009,1
fields/00036__plt00036__fab0000_comp02_ez.f32__c0020__dt-f32/chunk_0,1000000,2,ans shuffle=byte,primary,2.88396811,-1,5.03128914,3.71761211,1
fields/00036__plt00036__fab0000_comp02_ez.f32__c0060__dt-f32/chunk_0,1000000,2,ans shuffle=byte,primary,4.64224005,-1,5.03021508,5.47606205,1
fields/00036__plt00036__fab0000_comp02_ez.f32__c0004__dt-f32/chunk_0,1000000,2,ans shuffle=byte,primary,1.24127996,-1,5.03395815,2.07448196,1
fields/00036__plt00036__fab0000_comp02_ez.f32__c0036__dt-f32/chunk_0,1000000,2,ans shuffle=byte,primary,1.97024,-1,1.82427511,4.269402,1
fields/00036__plt00036__fab0000_comp02_ez.f32__c0028__dt-f32/chunk_0,1000000,2,ans shuffle=byte,primary,2.89654398,-1,1.32638796,6.05874398,1
fields/00036__plt00036__fab0000_comp02_ez.f32__c0052__dt-f32/chunk_0,1000000,2,ans shuffle=byte,primary,3.315552,-1,5.0320014,4.149078,1
fields/00036__plt00036__fab0000_comp02_ez.f32__c0044__dt-f32/chunk_0,1000000,2,ans shuffle=byte,primary,1.23747206,-1,5.03241195,2.07093006,1
fields/00037__plt00037__fab0000_comp02_ez.f32__c0020__dt-f32/chunk_0,1000000,2,ans shuffle=byte,primary,3.02502394,-1,5.03128914,3.85866794,1
fields/00037__plt00037__fab0000_comp02_ez.f32__c0004__dt-f32/chunk_0,1000000,2,ans shuffle=byte,primary,3.30684805,-1,5.03395815,4.14005005,1
fields/00037__plt00037__fab0000_comp02_ez.f32__c0012__dt-f32/chunk_0,1000000,2,ans shuffle=byte,primary,4.04700804,-1,5.03213422,4.88051204,1
fields/00037__plt00037__fab0000_comp02_ez.f32__c0052__dt-f32/chunk_0,1000000,2,ans shuffle=byte,primary,2.99577594,-1,5.0320014,3.82930194,1
fields/00037__plt00037__fab0000_comp02_ez.f32__c0060__dt-f32/chunk_0,1000000,2,ans shuffle=byte,primary,1.87839997,-1,5.03021508,2.71222197,1
fields/00038__plt00038__fab0000_comp02_ez.f32__c0012__dt-f32/chunk_0,1000000,2,ans shuffle=byte,primary,2.8483839,-1,5.03213422,3.6818879,1
fields/00037__plt00037__fab0000_comp02_ez.f32__c0028__dt-f32/chunk_0,1000000,2,ans shuffle=byte,primary,3.12982392,-1,1.32082181,6.30534992,1
fields/00037__plt00037__fab0000_comp02_ez.f32__c0036__dt-f32/chunk_0,1000000,2,ans shuffle=byte,primary,3.29116797,-1,1.67546441,5.79453597,1
fields/00037__plt00037__fab0000_comp02_ez.f32__c0044__dt-f32/chunk_0,1000000,2,ans shuffle=byte,primary,1.79126406,-1,5.03241195,2.62472206,1
fields/00038__plt00038__fab0000_comp02_ez.f32__c0004__dt-f32/chunk_0,1000000,2,ans shuffle=byte,primary,3.79913592,-1,5.03395815,4.63233792,1
fields/00038__plt00038__fab0000_comp02_ez.f32__c0020__dt-f32/chunk_0,1000000,2,ans shuffle=byte,primary,2.98236799,-1,5.03128914,3.81601199,1
fields/00038__plt00038__fab0000_comp02_ez.f32__c0060__dt-f32/chunk_0,1000000,2,ans shuffle=byte,primary,1.23964798,-1,5.03021508,2.07346998,1
fields/00039__plt00039__fab0000_comp02_ez.f32__c0020__dt-f32/chunk_0,1000000,2,ans shuffle=byte,primary,3.34566402,-1,5.03128914,4.17930802,1
fields/00039__plt00039__fab0000_comp02_ez.f32__c0052__dt-f32/chunk_0,1000000,2,ans shuffle=byte,primary,4.10035181,-1,5.0320014,4.93387781,1
fields/00038__plt00038__fab0000_comp02_ez.f32__c0028__dt-f32/chunk_0,1000000,2,ans shuffle=byte,primary,3.78278399,-1,1.31577339,6.97049399,1
fields/00038__plt00038__fab0000_comp02_ez.f32__c0036__dt-f32/chunk_0,1000000,2,ans shuffle=byte,primary,4.51878405,-1,1.56500727,7.19883805,1
fields/00039__plt00039__fab0000_comp02_ez.f32__c0044__dt-f32/chunk_0,1000000,2,ans shuffle=byte,primary,2.61459208,-1,5.03241195,3.44805008,1
fields/00039__plt00039__fab0000_comp02_ez.f32__c0036__dt-f32/chunk_0,1000000,2,ans shuffle=byte,primary,3.20873594,-1,1.49947268,6.00592194,1
fields/00038__plt00038__fab0000_comp02_ez.f32__c0044__dt-f32/chunk_0,1000000,2,ans shuffle=byte,primary,3.17759991,-1,5.03241195,4.01105791,1
fields/00038__plt00038__fab0000_comp02_ez.f32__c0052__dt-f32/chunk_0,1000000,2,ans shuffle=byte,primary,4.09855986,-1,5.0320014,4.93208586,1
fields/00039__plt00039__fab0000_comp02_ez.f32__c0004__dt-f32/chunk_0,1000000,2,ans shuffle=byte,primary,3.62259197,-1,5.03395815,4.45579397,1
fields/00039__plt00039__fab0000_comp02_ez.f32__c0012__dt-f32/chunk_0,1000000,2,ans shuffle=byte,primary,2.75366402,-1,5.03213422,3.58716802,1
fields/00040__plt00040__fab0000_comp02_ez.f32__c0012__dt-f32/chunk_0,1000000,2,ans shuffle=byte,primary,2.5165441,-1,5.03213422,3.3500481,1
fields/00040__plt00040__fab0000_comp02_ez.f32__c0028__dt-f32/chunk_0,1000000,2,ans shuffle=byte,primary,1.78864002,-1,1.30723866,4.99716202,1
fields/00039__plt00039__fab0000_comp02_ez.f32__c0028__dt-f32/chunk_0,1000000,2,ans shuffle=byte,primary,4.13161612,-1,1.31150772,7.32969412,1
fields/00040__plt00040__fab0000_comp02_ez.f32__c0020__dt-f32/chunk_0,1000000,2,ans shuffle=byte,primary,3.39043188,-1,5.03128914,4.22407588,1
fields/00039__plt00039__fab0000_comp02_ez.f32__c0060__dt-f32/chunk_0,1000000,2,ans shuffle=byte,primary,3.38316798,-1,5.03021508,4.21698998,1
fields/00040__plt00040__fab0000_comp02_ez.f32__c0044__dt-f32/chunk_0,1000000,2,ans shuffle=byte,primary,0.255232006,-1,5.03241195,1.08869001,1
fields/00040__plt00040__fab0000_comp02_ez.f32__c0004__dt-f32/chunk_0,1000000,2,ans shuffle=byte,primary,3.43104005,-1,5.03395815,4.26424205,1
fields/00041__plt00041__fab0000_comp02_ez.f32__c0052__dt-f32/chunk_0,1000000,2,ans shuffle=byte,primary,3.7956481,-1,5.0320014,4.6291741,1
fields/00042__plt00042__fab0000_comp02_ez.f32__c0004__dt-f32/chunk_0,1000000,2,ans shuffle=byte,primary,3.47433591,-1,5.03395815,4.30753791,1
fields/00041__plt00041__fab0000_comp02_ez.f32__c0036__dt-f32/chunk_0,1000000,2,ans shuffle=byte,primary,3.25728011,-1,1.42512164,6.20040011,1
fields/00040__plt00040__fab0000_comp02_ez.f32__c0036__dt-f32/chunk_0,1000000,2,ans shuffle=byte,primary,0.959456027,-1,1.45696566,3.83825003,1
fields/00041__plt00041__fab0000_comp02_ez.f32__c0020__dt-f32/chunk_0,1000000,2,ans shuffle=byte,primary,4.03670406,-1,5.03128914,4.87034806,1
fields/00040__plt00040__fab0000_comp02_ez.f32__c0052__dt-f32/chunk_0,1000000,2,ans shuffle=byte,primary,1.11318398,-1,5.0320014,1.94670998,1
fields/00040__plt00040__fab0000_comp02_ez.f32__c0060__dt-f32/chunk_0,1000000,2,ans shuffle=byte,primary,1.20569599,-1,5.03021508,2.03951799,1
fields/00041__plt00041__fab0000_comp02_ez.f32__c0004__dt-f32/chunk_0,1000000,2,ans shuffle=byte,primary,4.07017612,-1,5.03395815,4.90337812,1
fields/00041__plt00041__fab0000_comp02_ez.f32__c0012__dt-f32/chunk_0,1000000,2,ans shuffle=byte,primary,3.151968,-1,5.03213422,3.985472,1
fields/00042__plt00042__fab0000_comp02_ez.f32__c0020__dt-f32/chunk_0,1000000,2,ans shuffle=byte,primary,3.18572807,-1,5.03128914,4.01937207,1
fields/00041__plt00041__fab0000_comp02_ez.f32__c0060__dt-f32/chunk_0,1000000,2,ans shuffle=byte,primary,3.83961606,-1,5.03021508,4.67343806,1
fields/00041__plt00041__fab0000_comp02_ez.f32__c0028__dt-f32/chunk_0,1000000,2,ans shuffle=byte,primary,3.58739209,-1,1.30375874,6.80447809,1
fields/00041__plt00041__fab0000_comp02_ez.f32__c0044__dt-f32/chunk_0,1000000,2,ans shuffle=byte,primary,3.80876803,-1,5.03241195,4.64222603,1
fields/00042__plt00042__fab0000_comp02_ez.f32__c0012__dt-f32/chunk_0,1000000,2,ans shuffle=byte,primary,3.84793591,-1,5.03213422,4.68143991,1
fields/00042__plt00042__fab0000_comp02_ez.f32__c0044__dt-f32/chunk_0,1000000,2,ans shuffle=byte,primary,4.19536018,-1,5.03241195,5.02881818,1
fields/00043__plt00043__fab0000_comp02_ez.f32__c0028__dt-f32/chunk_0,1000000,2,ans shuffle=byte,primary,2.47350407,-1,1.29707156,5.70717607,1
fields/00042__plt00042__fab0000_comp02_ez.f32__c0028__dt-f32/chunk_0,1000000,2,ans shuffle=byte,primary,3.11593604,-1,1.30007321,6.34214204,1
fields/00042__plt00042__fab0000_comp02_ez.f32__c0036__dt-f32/chunk_0,1000000,2,ans shuffle=byte,primary,3.58275199,-1,1.40139367,6.57570399,1
fields/00042__plt00042__fab0000_comp02_ez.f32__c0052__dt-f32/chunk_0,1000000,2,ans shuffle=byte,primary,3.92860794,-1,5.0320014,4.76213394,1
fields/00042__plt00042__fab0000_comp02_ez.f32__c0060__dt-f32/chunk_0,1000000,2,ans shuffle=byte,primary,3.2837441,-1,5.03021508,4.1175661,1
fields/00043__plt00043__fab0000_comp02_ez.f32__c0004__dt-f32/chunk_0,1000000,2,ans shuffle=byte,primary,3.52732801,-1,5.03395815,4.36053001,1
fields/00043__plt00043__fab0000_comp02_ez.f32__c0036__dt-f32/chunk_0,1000000,2,ans shuffle=byte,primary,3.03184009,-1,1.38347797,6.06355009,1
fields/00043__plt00043__fab0000_comp02_ez.f32__c0012__dt-f32/chunk_0,1000000,2,ans shuffle=byte,primary,3.50345612,-1,5.03213422,4.33696012,1
fields/00044__plt00044__fab0000_comp02_ez.f32__c0004__dt-f32/chunk_0,1000000,2,ans shuffle=byte,primary,3.15804791,-1,5.03395815,3.99124991,1
fields/00043__plt00043__fab0000_comp02_ez.f32__c0060__dt-f32/chunk_0,1000000,2,ans shuffle=byte,primary,2.80403209,-1,5.03021508,3.63785409,1
fields/00044__plt00044__fab0000_comp02_ez.f32__c0012__dt-f32/chunk_0,1000000,2,ans shuffle=byte,primary,2.2826879,-1,5.03213422,3.1161919,1
fields/00043__plt00043__fab0000_comp02_ez.f32__c0044__dt-f32/chunk_0,1000000,2,ans shuffle=byte,primary,2.5371201,-1,5.03241195,3.3705781,1
fields/00043__plt00043__fab0000_comp02_ez.f32__c0020__dt-f32/chunk_0,1000000,2,ans shuffle=byte,primary,3.58508801,-1,5.03128914,4.41873201,1
fields/00043__plt00043__fab0000_comp02_ez.f32__c0052__dt-f32/chunk_0,1000000,2,ans shuffle=byte,primary,3.18512011,-1,5.0320014,4.01864611,1
fields/00044__plt00044__fab0000_comp02_ez.f32__c0060__dt-f32/chunk_0,1000000,2,ans shuffle=byte,primary,3.45551991,-1,5.03021508,4.28934191,1
fields/00045__plt00045__fab0000_comp02_ez.f32__c0044__dt-f32/chunk_0,1000000,2,ans shuffle=byte,primary,3.34652805,-1,5.03241195,4.17998605,1
fields/00045__plt00045__fab0000_comp02_ez.f32__c0012__dt-f32/chunk_0,1000000,2,ans shuffle=byte,primary,3.89280009,-1,5.03213422,4.72630409,1
fields/00044__plt00044__fab0000_comp02_ez.f32__c0036__dt-f32/chunk_0,1000000,2,ans shuffle=byte,primary,3.68614411,-1,1.36956597,6.74865011,1
fields/00044__plt00044__fab0000_comp02_ez.f32__c0052__dt-f32/chunk_0,1000000,2,ans shuffle=byte,primary,2.48512006,-1,5.0320014,3.31864606,1
fields/00044__plt00044__fab0000_comp02_ez.f32__c0020__dt-f32/chunk_0,1000000,2,ans shuffle=byte,primary,1.76534402,-1,5.03128914,2.59898802,1
fields/00044__plt00044__fab0000_comp02_ez.f32__c0028__dt-f32/chunk_0,1000000,2,ans shuffle=byte,primary,2.94956803,-1,1.29388494,6.19120403,1
fields/00044__plt00044__fab0000_comp02_ez.f32__c0044__dt-f32/chunk_0,1000000,2,ans shuffle=byte,primary,4.89660788,-1,5.03241195,5.73006588,1
fields/00045__plt00045__fab0000_comp02_ez.f32__c0020__dt-f32/chunk_0,1000000,2,ans shuffle=byte,primary,2.73632002,-1,5.03128914,3.56996402,1
fields/00046__plt00046__fab0000_comp02_ez.f32__c0020__dt-f32/chunk_0,1000000,2,ans shuffle=byte,primary,3.48569608,-1,5.03128914,4.31934008,1
fields/00045__plt00045__fab0000_comp02_ez.f32__c0028__dt-f32/chunk_0,1000000,2,ans shuffle=byte,primary,2.73440003,-1,1.291182,5.98282203,1
fields/00045__plt00045__fab0000_comp02_ez.f32__c0052__dt-f32/chunk_0,1000000,2,ans shuffle=byte,primary,3.36319995,-1,5.0320014,4.19672595,1
fields/00045__plt00045__fab0000_comp02_ez.f32__c0004__dt-f32/chunk_0,1000000,2,ans shuffle=byte,primary,3.90457606,-1,5.03395815,4.73777806,1
fields/00045__plt00045__fab0000_comp02_ez.f32__c0036__dt-f32/chunk_0,1000000,2,ans shuffle=byte,primary,3.4371841,-1,1.35924241,6.5229501,1
fields/00045__plt00045__fab0000_comp02_ez.f32__c0060__dt-f32/chunk_0,1000000,2,ans shuffle=byte,primary,3.38518405,-1,5.03021508,4.21900605,1
fields/00046__plt00046__fab0000_comp02_ez.f32__c0012__dt-f32/chunk_0,1000000,2,ans shuffle=byte,primary,2.39136004,-1,5.03213422,3.22486404,1
fields/00047__plt00047__fab0000_comp02_ez.f32__c0004__dt-f32/chunk_0,1000000,2,ans shuffle=byte,primary,5.34054422,-1,5.03395815,6.17374622,1
fields/00047__plt00047__fab0000_comp02_ez.f32__c0028__dt-f32/chunk_0,1000000,2,ans shuffle=byte,primary,3.83302402,-1,1.2861718,7.09410002,1
fields/00046__plt00046__fab0000_comp02_ez.f32__c0028__dt-f32/chunk_0,1000000,2,ans shuffle=byte,primary,3.77212811,-1,1.28871519,7.02676811,1
fields/00046__plt00046__fab0000_comp02_ez.f32__c0052__dt-f32/chunk_0,1000000,2,ans shuffle=byte,primary,2.39615989,-1,5.0320014,3.22968589,1
fields/00046__plt00046__fab0000_comp02_ez.f32__c0004__dt-f32/chunk_0,1000000,2,ans shuffle=byte,primary,2.84511995,-1,5.03395815,3.67832195,1
fields/00046__plt00046__fab0000_comp02_ez.f32__c0036__dt-f32/chunk_0,1000000,2,ans shuffle=byte,primary,3.27679992,-1,1.35070422,6.38207192,1
fields/00047__plt00047__fab0000_comp02_ez.f32__c0012__dt-f32/chunk_0,1000000,2,ans shuffle=byte,primary,3.43139195,-1,5.03213422,4.26489595,1
fields/00046__plt00046__fab0000_comp02_ez.f32__c0060__dt-f32/chunk_0,1000000,2,ans shuffle=byte,primary,3.95843196,-1,5.03021508,4.79225396,1
fields/00046__plt00046__fab0000_comp02_ez.f32__c0044__dt-f32/chunk_0,1000000,2,ans shuffle=byte,primary,3.94265604,-1,5.03241195,4.77611404,1
fields/00047__plt00047__fab0000_comp02_ez.f32__c0020__dt-f32/chunk_0,1000000,2,ans shuffle=byte,primary,4.74633598,-1,5.03128914,5.57997998,1
fields/00047__plt00047__fab0000_comp02_ez.f32__c0052__dt-f32/chunk_0,1000000,2,ans shuffle=byte,primary,2.80486393,-1,5.0320014,3.63838993,1
fields/00048__plt00048__fab0000_comp02_ez.f32__c0028__dt-f32/chunk_0,1000000,2,ans shuffle=byte,primary,1.88486397,-1,1.28383096,5.15188597,1
fields/00048__plt00048__fab0000_comp02_ez.f32__c0060__dt-f32/chunk_0,1000000,2,ans shuffle=byte,primary,4.73654413,-1,5.03021508,5.57036613,1
fields/00047__plt00047__fab0000_comp02_ez.f32__c0044__dt-f32/chunk_0,1000000,2,ans shuffle=byte,primary,3.30310392,-1,5.03241195,4.13656192,1
fields/00047__plt00047__fab0000_comp02_ez.f32__c0036__dt-f32/chunk_0,1000000,2,ans shuffle=byte,primary,4.09148788,-1,1.34352295,7.21335788,1
fields/00047__plt00047__fab0000_comp02_ez.f32__c0060__dt-f32/chunk_0,1000000,2,ans shuffle=byte,primary,2.7653439,-1,5.03021508,3.5991659,1
fields/00048__plt00048__fab0000_comp02_ez.f32__c0004__dt-f32/chunk_0,1000000,2,ans shuffle=byte,primary,1.73904002,-1,5.03395815,2.57224202,1
fields/00048__plt00048__fab0000_comp02_ez.f32__c0012__dt-f32/chunk_0,1000000,2,ans shuffle=byte,primary,1.80995202,-1,5.03213422,2.64345602,1
fields/00049__plt00049__fab0000_comp02_ez.f32__c0004__dt-f32/chunk_0,1000000,2,ans shuffle=byte,primary,5.01337624,-1,5.03395815,5.84657824,1
fields/00048__plt00048__fab0000_comp02_ez.f32__c0020__dt-f32/chunk_0,1000000,2,ans shuffle=byte,primary,1.77916801,-1,5.03128914,2.61281201,1
fields/00048__plt00048__fab0000_comp02_ez.f32__c0052__dt-f32/chunk_0,1000000,2,ans shuffle=byte,primary,4.97302389,-1,5.0320014,5.80654989,1
fields/00048__plt00048__fab0000_comp02_ez.f32__c0036__dt-f32/chunk_0,1000000,2,ans shuffle=byte,primary,4.48719978,-1,1.33763062,7.62282178,1
fields/00048__plt00048__fab0000_comp02_ez.f32__c0044__dt-f32/chunk_0,1000000,2,ans shuffle=byte,primary,4.08288002,-1,5.03241195,4.91633802,1
fields/00049__plt00049__fab0000_comp02_ez.f32__c0028__dt-f32/chunk_0,1000000,2,ans shuffle=byte,primary,2.01033592,-1,1.28183466,5.28244592,1
fields/00050__plt00050__fab0000_comp02_ez.f32__c0004__dt-f32/chunk_0,1000000,2,ans shuffle=byte,primary,4.15926409,-1,5.03395815,4.99246609,1
fields/00049__plt00049__fab0000_comp02_ez.f32__c0036__dt-f32/chunk_0,1000000,2,ans shuffle=byte,primary,2.00864005,-1,1.33202491,5.15745805,1
fields/00049__plt00049__fab0000_comp02_ez.f32__c0052__dt-f32/chunk_0,1000000,2,ans shuffle=byte,primary,1.74784005,-1,5.0320014,2.58136605,1
fields/00049__plt00049__fab0000_comp02_ez.f32__c0044__dt-f32/chunk_0,1000000,2,ans shuffle=byte,primary,2.97315192,-1,5.03241195,3.80660992,1
fields/00049__plt00049__fab0000_comp02_ez.f32__c0012__dt-f32/chunk_0,1000000,2,ans shuffle=byte,primary,2.52911997,-1,5.03213422,3.36262397,1
fields/00049__plt00049__fab0000_comp02_ez.f32__c0020__dt-f32/chunk_0,1000000,2,ans shuffle=byte,primary,3.54406404,-1,5.03128914,4.37770804,1
fields/00049__plt00049__fab0000_comp02_ez.f32__c0060__dt-f32/chunk_0,1000000,2,ans shuffle=byte,primary,3.85315204,-1,5.03021508,4.68697404,1
fields/00050__plt00050__fab0000_comp02_ez.f32__c0036__dt-f32/chunk_0,1000000,2,ans shuffle=byte,primary,4.43107224,-1,1.32736348,7.59094824,1
fields/00050__plt00050__fab0000_comp02_ez.f32__c0028__dt-f32/chunk_0,1000000,2,ans shuffle=byte,primary,3.87158394,-1,1.27984611,7.14877794,1
fields/00050__plt00050__fab0000_comp02_ez.f32__c0012__dt-f32/chunk_0,1000000,2,ans shuffle=byte,primary,3.53702402,-1,5.03213422,4.37052802,1
fields/00050__plt00050__fab0000_comp02_ez.f32__c0044__dt-f32/chunk_0,1000000,2,ans shuffle=byte,primary,4.89919996,-1,5.03241195,5.73265796,1
fields/00050__plt00050__fab0000_comp02_ez.f32__c0020__dt-f32/chunk_0,1000000,2,ans shuffle=byte,primary,5.02518415,-1,5.03128914,5.85882815,1
fields/00050__plt00050__fab0000_comp02_ez.f32__c0052__dt-f32/chunk_0,1000000,2,ans shuffle=byte,primary,3.82297611,-1,5.0320014,4.65650211,1
fields/00051__plt00051__fab0000_comp02_ez.f32__c0036__dt-f32/chunk_0,1000000,2,ans shuffle=byte,primary,0.466432005,-1,1.32327373,3.63607401,1
fields/00051__plt00051__fab0000_comp02_ez.f32__c0020__dt-f32/chunk_0,1000000,2,ans shuffle=byte,primary,0.59523201,-1,5.03128914,1.42887601,1
fields/00051__plt00051__fab0000_comp02_ez.f32__c0028__dt-f32/chunk_0,1000000,2,ans shuffle=byte,primary,0.592768013,-1,1.27771425,3.87543001,1
fields/00050__plt00050__fab0000_comp02_ez.f32__c0060__dt-f32/chunk_0,1000000,2,ans shuffle=byte,primary,3.91948795,-1,5.03021508,4.75330995,1
fields/00051__plt00051__fab0000_comp02_ez.f32__c0012__dt-f32/chunk_0,1000000,2,ans shuffle=byte,primary,2.32089591,-1,5.03213422,3.15439991,1
fields/00051__plt00051__fab0000_comp02_ez.f32__c0044__dt-f32/chunk_0,1000000,2,ans shuffle=byte,primary,0.441632003,-1,5.03241195,1.27509,1
fields/00051__plt00051__fab0000_comp02_ez.f32__c0004__dt-f32/chunk_0,1000000,2,ans shuffle=byte,primary,2.61324811,-1,5.03395815,3.44645011,1
fields/00051__plt00051__fab0000_comp02_ez.f32__c0052__dt-f32/chunk_0,1000000,2,ans shuffle=byte,primary,4.28793621,-1,5.0320014,5.12146221,1
fields/00052__plt00052__fab0000_comp02_ez.f32__c0004__dt-f32/chunk_0,1000000,2,ans shuffle=byte,primary,4.75718403,-1,5.03395815,5.59038603,1
fields/00051__plt00051__fab0000_comp02_ez.f32__c0060__dt-f32/chunk_0,1000000,2,ans shuffle=byte,primary,4.12409592,-1,5.03021508,4.95791792,1
fields/00052__plt00052__fab0000_comp02_ez.f32__c0020__dt-f32/chunk_0,1000000,2,ans shuffle=byte,primary,3.42447996,-1,5.03128914,4.25812396,1
fields/00052__plt00052__fab0000_comp02_ez.f32__c0012__dt-f32/chunk_0,1000000,2,ans shuffle=byte,primary,4.4552002,-1,5.03213422,5.2887042,1
fields/00052__plt00052__fab0000_comp02_ez.f32__c0028__dt-f32/chunk_0,1000000,2,ans shuffle=byte,primary,3.76908803,-1,1.27581529,7.05663603,1
fields/00052__plt00052__fab0000_comp02_ez.f32__c0060__dt-f32/chunk_0,1000000,2,ans shuffle=byte,primary,3.99500799,-1,5.03021508,4.82882999,1
fields/00052__plt00052__fab0000_comp02_ez.f32__c0036__dt-f32/chunk_0,1000000,2,ans shuffle=byte,primary,0.906431973,-1,1.31936514,4.08546397,1
fields/00052__plt00052__fab0000_comp02_ez.f32__c0044__dt-f32/chunk_0,1000000,2,ans shuffle=byte,primary,3.10182405,-1,5.03241195,3.93528205,1
fields/00053__plt00053__fab0000_comp02_ez.f32__c0012__dt-f32/chunk_0,1000000,2,ans shuffle=byte,primary,5.29167986,-1,5.03213422,6.12518386,1
fields/00053__plt00053__fab0000_comp02_ez.f32__c0028__dt-f32/chunk_0,1000000,2,ans shuffle=byte,primary,4.32038403,-1,1.27395989,7.61272003,1
fields/00052__plt00052__fab0000_comp02_ez.f32__c0052__dt-f32/chunk_0,1000000,2,ans shuffle=byte,primary,5.46464014,-1,5.0320014,6.29816614,1
fields/00053__plt00053__fab0000_comp02_ez.f32__c0052__dt-f32/chunk_0,1000000,2,ans shuffle=byte,primary,1.659904,-1,5.0320014,2.49343,1
fields/00053__plt00053__fab0000_comp02_ez.f32__c0020__dt-f32/chunk_0,1000000,2,ans shuffle=byte,primary,4.82607985,-1,5.03128914,5.65972385,1
fields/00053__plt00053__fab0000_comp02_ez.f32__c0004__dt-f32/chunk_0,1000000,2,ans shuffle=byte,primary,3.18956804,-1,5.03395815,4.02277004,1
fields/00053__plt00053__fab0000_comp02_ez.f32__c0060__dt-f32/chunk_0,1000000,2,ans shuffle=byte,primary,4.83395195,-1,5.03021508,5.66777395,1
fields/00054__plt00054__fab0000_comp02_ez.f32__c0012__dt-f32/chunk_0,1000000,2,ans shuffle=byte,primary,3.13753605,-1,5.03213422,3.97104005,1
fields/00054__plt00054__fab0000_comp02_ez.f32__c0060__dt-f32/chunk_0,1000000,2,ans shuffle=byte,primary,4.85510397,-1,5.03021508,5.68892597,1
fields/00054__plt00054__fab0000_comp02_ez.f32__c0004__dt-f32/chunk_0,1000000,2,ans shuffle=byte,primary,3.0851841,-1,5.03395815,3.9183861,1
fields/00053__plt00053__fab0000_comp02_ez.f32__c0036__dt-f32/chunk_0,1000000,2,ans shuffle=byte,primary,1.67980802,-1,1.31579981,4.86745402,1
fields/00054__plt00054__fab0000_comp02_ez.f32__c0028__dt-f32/chunk_0,1000000,2,ans shuffle=byte,primary,3.07475209,-1,1.27241012,6.37109809,1
fields/00053__plt00053__fab0000_comp02_ez.f32__c0044__dt-f32/chunk_0,1000000,2,ans shuffle=byte,primary,2.01366401,-1,5.03241195,2.84712201,1
fields/00054__plt00054__fab0000_comp02_ez.f32__c0020__dt-f32/chunk_0,1000000,2,ans shuffle=byte,primary,2.10182405,-1,5.03128914,2.93546805,1
fields/00055__plt00055__fab0000_comp02_ez.f32__c0012__dt-f32/chunk_0,1000000,2,ans shuffle=byte,primary,1.83180797,-1,5.03213422,2.66531197,1
fields/00055__plt00055__fab0000_comp02_ez.f32__c0004__dt-f32/chunk_0,1000000,2,ans shuffle=byte,primary,4.26703978,-1,5.03395815,5.10024178,1
fields/00054__plt00054__fab0000_comp02_ez.f32__c0036__dt-f32/chunk_0,1000000,2,ans shuffle=byte,primary,2.65564799,-1,1.31265781,5.85092399,1
fields/00054__plt00054__fab0000_comp02_ez.f32__c0044__dt-f32/chunk_0,1000000,2,ans shuffle=byte,primary,3.36313605,-1,5.03241195,4.19659405,1
fields/00054__plt00054__fab0000_comp02_ez.f32__c0052__dt-f32/chunk_0,1000000,2,ans shuffle=byte,primary,3.67964792,-1,5.0320014,4.51317392,1
fields/00055__plt00055__fab0000_comp02_ez.f32__c0020__dt-f32/chunk_0,1000000,2,ans shuffle=byte,primary,1.96822405,-1,5.03128914,2.80186805,1
fields/00056__plt00056__fab0000_comp02_ez.f32__c0044__dt-f32/chunk_0,1000000,2,ans shuffle=byte,primary,4.79971218,-1,5.03241195,5.63317018,1
fields/00055__plt00055__fab0000_comp02_ez.f32__c0036__dt-f32/chunk_0,1000000,2,ans shuffle=byte,primary,5.09251213,-1,1.30997495,8.29433213,1
fields/00056__plt00056__fab0000_comp02_ez.f32__c0004__dt-f32/chunk_0,1000000,2,ans shuffle=byte,primary,4.56342411,-1,5.03395815,5.39662611,1
fields/00055__plt00055__fab0000_comp02_ez.f32__c0052__dt-f32/chunk_0,1000000,2,ans shuffle=byte,primary,4.26924801,-1,5.0320014,5.10277401,1
fields/00055__plt00055__fab0000_comp02_ez.f32__c0028__dt-f32/chunk_0,1000000,2,ans shuffle=byte,primary,2.32319999,-1,1.27067007,5.62405999,1
fields/00055__plt00055__fab0000_comp02_ez.f32__c0044__dt-f32/chunk_0,1000000,2,ans shuffle=byte,primary,4.14723206,-1,5.03241195,4.98069006,1
fields/00055__plt00055__fab0000_comp02_ez.f32__c0060__dt-f32/chunk_0,1000000,2,ans shuffle=byte,primary,4.93520021,-1,5.03021508,5.76902221,1
fields/00056__plt00056__fab0000_comp02_ez.f32__c0020__dt-f32/chunk_0,1000000,2,ans shuffle=byte,primary,3.00223994,-1,5.03128914,3.83588394,1
fields/00056__plt00056__fab0000_comp02_ez.f32__c0012__dt-f32/chunk_0,1000000,2,ans shuffle=byte,primary,3.58636808,-1,5.03213422,4.41987208,1
fields/00056__plt00056__fab0000_comp02_ez.f32__c0060__dt-f32/chunk_0,1000000,2,ans shuffle=byte,primary,2.48591995,-1,5.03021508,3.31974195,1
fields/00057__plt00057__fab0000_comp02_ez.f32__c0004__dt-f32/chunk_0,1000000,2,ans shuffle=byte,primary,3.49468803,-1,5.03395815,4.32789003,1
fields/00056__plt00056__fab0000_comp02_ez.f32__c0036__dt-f32/chunk_0,1000000,2,ans shuffle=byte,primary,2.46681595,-1,1.30738535,5.67497795,1
fields/00056__plt00056__fab0000_comp02_ez.f32__c0052__dt-f32/chunk_0,1000000,2,ans shuffle=byte,primary,4.50112009,-1,5.0320014,5.33464609,1
fields/00056__plt00056__fab0000_comp02_ez.f32__c0028__dt-f32/chunk_0,1000000,2,ans shuffle=byte,primary,3.4819839,-1,1.26933876,6.7863059,1
fields/00057__plt00057__fab0000_comp02_ez.f32__c0044__dt-f32/chunk_0,1000000,2,ans shuffle=byte,primary,2.41500807,-1,5.03241195,3.24846607,1
fields/00057__plt00057__fab0000_comp02_ez.f32__c0052__dt-f32/chunk_0,1000000,2,ans shuffle=byte,primary,3.00188804,-1,5.0320014,3.83541404,1
fields/00057__plt00057__fab0000_comp02_ez.f32__c0028__dt-f32/chunk_0,1000000,2,ans shuffle=byte,primary,3.02179193,-1,1.26763162,6.33056393,1
fields/00057__plt00057__fab0000_comp02_ez.f32__c0012__dt-f32/chunk_0,1000000,2,ans shuffle=byte,primary,4.31894398,-1,5.03213422,5.15244798,1
fields/00057__plt00057__fab0000_comp02_ez.f32__c0020__dt-f32/chunk_0,1000000,2,ans shuffle=byte,primary,3.80166411,-1,5.03128914,4.63530811,1
fields/00058__plt00058__fab0000_comp02_ez.f32__c0004__dt-f32/chunk_0,1000000,2,ans shuffle=byte,primary,2.94739199,-1,5.03395815,3.78059399,1
fields/00057__plt00057__fab0000_comp02_ez.f32__c0036__dt-f32/chunk_0,1000000,2,ans shuffle=byte,primary,3.82076812,-1,1.30466472,7.03562012,1
fields/00057__plt00057__fab0000_comp02_ez.f32__c0060__dt-f32/chunk_0,1000000,2,ans shuffle=byte,primary,1.748896,-1,5.03021508,2.582718,1
fields/00058__plt00058__fab0000_comp02_ez.f32__c0012__dt-f32/chunk_0,1000000,2,ans shuffle=byte,primary,3.32575989,-1,5.03213422,4.15926389,1
fields/00058__plt00058__fab0000_comp02_ez.f32__c0028__dt-f32/chunk_0,1000000,2,ans shuffle=byte,primary,2.93481588,-1,1.26632349,6.24700588,1
fields/00058__plt00058__fab0000_comp02_ez.f32__c0020__dt-f32/chunk_0,1000000,2,ans shuffle=byte,primary,4.7783041,-1,5.03128914,5.6119481,1
fields/00058__plt00058__fab0000_comp02_ez.f32__c0036__dt-f32/chunk_0,1000000,2,ans shuffle=byte,primary,4.41251183,-1,1.30216235,7.63354183,1
fields/00058__plt00058__fab0000_comp02_ez.f32__c0044__dt-f32/chunk_0,1000000,2,ans shuffle=byte,primary,4.79452801,-1,5.03241195,5.62798601,1
fields/00058__plt00058__fab0000_comp02_ez.f32__c0052__dt-f32/chunk_0,1000000,2,ans shuffle=byte,primary,2.75913596,-1,5.0320014,3.59266196,1
fields/00059__plt00059__fab0000_comp02_ez.f32__c0036__dt-f32/chunk_0,1000000,2,ans shuffle=byte,primary,4.28547192,-1,1.29991849,7.51206192,1
fields/00059__plt00059__fab0000_comp02_ez.f32__c0044__dt-f32/chunk_0,1000000,2,ans shuffle=byte,primary,3.71072006,-1,5.03241195,4.54417806,1
fields/00059__plt00059__fab0000_comp02_ez.f32__c0028__dt-f32/chunk_0,1000000,2,ans shuffle=byte,primary,4.70592022,-1,1.26497762,8.02163422,1
fields/00058__plt00058__fab0000_comp02_ez.f32__c0060__dt-f32/chunk_0,1000000,2,ans shuffle=byte,primary,1.40281606,-1,5.03021508,2.23663806,1
fields/00059__plt00059__fab0000_comp02_ez.f32__c0004__dt-f32/chunk_0,1000000,2,ans shuffle=byte,primary,1.75888002,-1,5.03395815,2.59208202,1
fields/00059__plt00059__fab0000_comp02_ez.f32__c0012__dt-f32/chunk_0,1000000,2,ans shuffle=byte,primary,4.33241606,-1,5.03213422,5.16592006,1
fields/00059__plt00059__fab0000_comp02_ez.f32__c0020__dt-f32/chunk_0,1000000,2,ans shuffle=byte,primary,4.3302722,-1,5.03128914,5.1639162,1
fields/00059__plt00059__fab0000_comp02_ez.f32__c0052__dt-f32/chunk_0,1000000,2,ans shuffle=byte,primary,2.25196791,-1,5.0320014,3.08549391,1
fields/00060__plt00060__fab0000_comp02_ez.f32__c0012__dt-f32/chunk_0,1000000,2,ans shuffle=byte,primary,4.81008005,-1,5.03213422,5.64358405,1
fields/00059__plt00059__fab0000_comp02_ez.f32__c0060__dt-f32/chunk_0,1000000,2,ans shuffle=byte,primary,3.87510395,-1,5.03021508,4.70892595,1
fields/00060__plt00060__fab0000_comp02_ez.f32__c0004__dt-f32/chunk_0,1000000,2,ans shuffle=byte,primary,4.32624006,-1,5.03395815,5.15944206,1
fields/00060__plt00060__fab0000_comp02_ez.f32__c0020__dt-f32/chunk_0,1000000,2,ans shuffle=byte,primary,3.20303988,-1,5.03128914,4.03668388,1
fields/00060__plt00060__fab0000_comp02_ez.f32__c0028__dt-f32/chunk_0,1000000,2,ans shuffle=byte,primary,3.22569609,-1,1.26355999,6.54513009,1
fields/00060__plt00060__fab0000_comp02_ez.f32__c0060__dt-f32/chunk_0,1000000,2,ans shuffle=byte,primary,2.64639997,-1,5.03021508,3.48022197,1
fields/00060__plt00060__fab0000_comp02_ez.f32__c0052__dt-f32/chunk_0,1000000,2,ans shuffle=byte,primary,2.62182403,-1,5.0320014,3.45535003,1
fields/00061__plt00061__fab0000_comp02_ez.f32__c0044__dt-f32/chunk_0,1000000,2,ans shuffle=byte,primary,4.23366404,-1,5.03241195,5.06712204,1
fields/00061__plt00061__fab0000_comp02_ez.f32__c0004__dt-f32/chunk_0,1000000,2,ans shuffle=byte,primary,1.95388806,-1,5.03395815,2.78709006,1
fields/00061__plt00061__fab0000_comp02_ez.f32__c0012__dt-f32/chunk_0,1000000,2,ans shuffle=byte,primary,1.27820802,-1,5.03213422,2.11171202,1
fields/00060__plt00060__fab0000_comp02_ez.f32__c0044__dt-f32/chunk_0,1000000,2,ans shuffle=byte,primary,3.92947197,-1,5.03241195,4.76292997,1
fields/00061__plt00061__fab0000_comp02_ez.f32__c0052__dt-f32/chunk_0,1000000,2,ans shuffle=byte,primary,3.30905604,-1,5.0320014,4.14258204,1
fields/00060__plt00060__fab0000_comp02_ez.f32__c0036__dt-f32/chunk_0,1000000,2,ans shuffle=byte,primary,3.91388798,-1,1.29767673,7.14605198,1
fields/00061__plt00061__fab0000_comp02_ez.f32__c0036__dt-f32/chunk_0,1000000,2,ans shuffle=byte,primary,1.20352006,-1,1.295694,4.44063006,1
fields/00061__plt00061__fab0000_comp02_ez.f32__c0020__dt-f32/chunk_0,1000000,2,ans shuffle=byte,primary,3.38883209,-1,5.03128914,4.22247609,1
fields/00062__plt00062__fab0000_comp02_ez.f32__c0004__dt-f32/chunk_0,1000000,2,ans shuffle=byte,primary,2.16806412,-1,5.03395815,3.00126612,1
fields/00062__plt00062__fab0000_comp02_ez.f32__c0012__dt-f32/chunk_0,1000000,2,ans shuffle=byte,primary,3.02361608,-1,5.03213422,3.85712008,1
fields/00061__plt00061__fab0000_comp02_ez.f32__c0028__dt-f32/chunk_0,1000000,2,ans shuffle=byte,primary,3.420192,-1,1.26247682,6.742474,1
fields/00061__plt00061__fab0000_comp02_ez.f32__c0060__dt-f32/chunk_0,1000000,2,ans shuffle=byte,primary,3.45756793,-1,5.03021508,4.29138993,1
fields/00062__plt00062__fab0000_comp02_ez.f32__c0020__dt-f32/chunk_0,1000000,2,ans shuffle=byte,primary,3.47209597,-1,5.03128914,4.30573997,1
fields/00062__plt00062__fab0000_comp02_ez.f32__c0028__dt-f32/chunk_0,1000000,2,ans shuffle=byte,primary,3.85462403,-1,1.26136742,7.17982803,1
fields/00062__plt00062__fab0000_comp02_ez.f32__c0060__dt-f32/chunk_0,1000000,2,ans shuffle=byte,primary,3.96985602,-1,5.03021508,4.80367802,1
fields/00062__plt00062__fab0000_comp02_ez.f32__c0036__dt-f32/chunk_0,1000000,2,ans shuffle=byte,primary,4.74790382,-1,1.293683,7.99004582,1
fields/00062__plt00062__fab0000_comp02_ez.f32__c0044__dt-f32/chunk_0,1000000,2,ans shuffle=byte,primary,2.25587201,-1,5.03241195,3.08933001,1
fields/00062__plt00062__fab0000_comp02_ez.f32__c0052__dt-f32/chunk_0,1000000,2,ans shuffle=byte,primary,4.76912022,-1,5.0320014,5.60264622,1
fields/00063__plt00063__fab0000_comp02_ez.f32__c0044__dt-f32/chunk_0,1000000,2,ans shuffle=byte,primary,2.90463996,-1,5.03241195,3.73809796,1
fields/00063__plt00063__fab0000_comp02_ez.f32__c0028__dt-f32/chunk_0,1000000,2,ans shuffle=byte,primary,5.30704021,-1,1.26015396,8.63544621,1
fields/00064__plt00064__fab0000_comp02_ez.f32__c0004__dt-f32/chunk_0,1000000,2,ans shuffle=byte,primary,4.9733119,-1,5.03395815,5.8065139,1
fields/00063__plt00063__fab0000_comp02_ez.f32__c0060__dt-f32/chunk_0,1000000,2,ans shuffle=byte,primary,3.62335992,-1,5.03021508,4.45718192,1
fields/00063__plt00063__fab0000_comp02_ez.f32__c0012__dt-f32/chunk_0,1000000,2,ans shuffle=byte,primary,2.45107198,-1,5.03213422,3.28457598,1
fields/00063__plt00063__fab0000_comp02_ez.f32__c0020__dt-f32/chunk_0,1000000,2,ans shuffle=byte,primary,3.7477119,-1,5.03128914,4.5813559,1
fields/00063__plt00063__fab0000_comp02_ez.f32__c0036__dt-f32/chunk_0,1000000,2,ans shuffle=byte,primary,5.19603205,-1,1.29160267,8.44339605,1
fields/00063__plt00063__fab0000_comp02_ez.f32__c0052__dt-f32/chunk_0,1000000,2,ans shuffle=byte,primary,5.33091211,-1,5.0320014,6.16443811,1
fields/00063__plt00063__fab0000_comp02_ez.f32__c0004__dt-f32/chunk_0,1000000,2,ans shuffle=byte,primary,3.47632003,-1,5.03395815,4.30952203,1
fields/00064__plt00064__fab0000_comp02_ez.f32__c0036__dt-f32/chunk_0,1000000,2,ans shuffle=byte,primary,4.58281612,-1,1.2898883,7.83449612,1
fields/00064__plt00064__fab0000_comp02_ez.f32__c0028__dt-f32/chunk_0,1000000,2,ans shuffle=byte,primary,4.25184011,-1,1.25908568,7.58307011,1
fields/00064__plt00064__fab0000_comp02_ez.f32__c0012__dt-f32/chunk_0,1000000,2,ans shuffle=byte,primary,3.41132808,-1,5.03213422,4.24483208,1
fields/00064__plt00064__fab0000_comp02_ez.f32__c0052__dt-f32/chunk_0,1000000,2,ans shuffle=byte,primary,2.9249599,-1,5.0320014,3.7584859,1
fields/00065__plt00065__fab0000_comp02_ez.f32__c0012__dt-f32/chunk_0,1000000,2,ans shuffle=byte,primary,3.42134404,-1,5.03213422,4.25484804,1
fields/00065__plt00065__fab0000_comp02_ez.f32__c0020__dt-f32/chunk_0,1000000,2,ans shuffle=byte,primary,4.67216015,-1,5.03128914,5.50580415,1
fields/00065__plt00065__fab0000_comp02_ez.f32__c0044__dt-f32/chunk_0,1000000,2,ans shuffle=byte,primary,4.44176006,-1,5.03241195,5.27521806,1
fields/00064__plt00064__fab0000_comp02_ez.f32__c0020__dt-f32/chunk_0,1000000,2,ans shuffle=byte,primary,5.36848021,-1,5.03128914,6.20212421,1
fields/00064__plt00064__fab0000_comp02_ez.f32__c0044__dt-f32/chunk_0,1000000,2,ans shuffle=byte,primary,3.08492804,-1,5.03241195,3.91838604,1
fields/00064__plt00064__fab0000_comp02_ez.f32__c0060__dt-f32/chunk_0,1000000,2,ans shuffle=byte,primary,2.83084798,-1,5.03021508,3.66466998,1
fields/00065__plt00065__fab0000_comp02_ez.f32__c0028__dt-f32/chunk_0,1000000,2,ans shuffle=byte,primary,4.92323208,-1,1.25810978,8.25704608,1
fields/00065__plt00065__fab0000_comp02_ez.f32__c0004__dt-f32/chunk_0,1000000,2,ans shuffle=byte,primary,4.75859213,-1,5.03395815,5.59179413,1
fields/00065__plt00065__fab0000_comp02_ez.f32__c0036__dt-f32/chunk_0,1000000,2,ans shuffle=byte,primary,5.43792009,-1,1.28800285,8.69436009,1
fields/00065__plt00065__fab0000_comp02_ez.f32__c0060__dt-f32/chunk_0,1000000,2,ans shuffle=byte,primary,4.31715202,-1,5.03021508,5.15097402,1
fields/00066__plt00066__fab0000_comp02_ez.f32__c0036__dt-f32/chunk_0,1000000,2,ans shuffle=byte,primary,2.88694406,-1,1.28595807,6.14856206,1
fields/00067__plt00067__fab0000_comp02_ez.f32__c0012__dt-f32/chunk_0,1000000,2,ans shuffle=byte,primary,3.63196802,-1,5.03213422,4.46547202,1
fields/00065__plt00065__fab0000_comp02_ez.f32__c0052__dt-f32/chunk_0,1000000,2,ans shuffle=byte,primary,4.61132812,-1,5.0320014,5.44485412,1
fields/00066__plt00066__fab0000_comp02_ez.f32__c0004__dt-f32/chunk_0,1000000,2,ans shuffle=byte,primary,4.30966377,-1,5.03395815,5.14286577,1
fields/00067__plt00067__fab0000_comp02_ez.f32__c0004__dt-f32/chunk_0,1000000,2,ans shuffle=byte,primary,5.40134382,-1,5.03395815,6.23454582,1
fields/00066__plt00066__fab0000_comp02_ez.f32__c0012__dt-f32/chunk_0,1000000,2,ans shuffle=byte,primary,4.10163212,-1,5.03213422,4.93513612,1
fields/00066__plt00066__fab0000_comp02_ez.f32__c0020__dt-f32/chunk_0,1000000,2,ans shuffle=byte,primary,1.44400001,-1,5.03128914,2.27764401,1
fields/00066__plt00066__fab0000_comp02_ez.f32__c0028__dt-f32/chunk_0,1000000,2,ans shuffle=byte,primary,4.53945589,-1,1.25717156,7.87575789,1
fields/00066__plt00066__fab0000_comp02_ez.f32__c0052__dt-f32/chunk_0,1000000,2,ans shuffle=byte,primary,4.35673618,-1,5.0320014,5.19026218,1
fields/00066__plt00066__fab0000_comp02_ez.f32__c0060__dt-f32/chunk_0,1000000,2,ans shuffle=byte,primary,3.86143994,-1,5.03021508,4.69526194,1
fields/00066__plt00066__fab0000_comp02_ez.f32__c0044__dt-f32/chunk_0,1000000,2,ans shuffle=byte,primary,2.69100809,-1,5.03241195,3.52446609,1
fields/00067__plt00067__fab0000_comp02_ez.f32__c0052__dt-f32/chunk_0,1000000,2,ans shuffle=byte,primary,2.68668795,-1,5.0320014,3.52021395,1
fields/00067__plt00067__fab0000_comp02_ez.f32__c0020__dt-f32/chunk_0,1000000,2,ans shuffle=byte,primary,4.51657581,-1,5.03128914,5.35021981,1
fields/00067__plt00067__fab0000_comp02_ez.f32__c0044__dt-f32/chunk_0,1000000,2,ans shuffle=byte,primary,3.56582403,-1,5.03241195,4.39928203,1
fields/00067__plt00067__fab0000_comp02_ez.f32__c0060__dt-f32/chunk_0,1000000,2,ans shuffle=byte,primary,4.46131182,-1,5.03021508,5.29513382,1
fields/00067__plt00067__fab0000_comp02_ez.f32__c0028__dt-f32/chunk_0,1000000,2,ans shuffle=byte,primary,2.5725441,-1,1.25635365,5.9110181,1
fields/00068__plt00068__fab0000_comp02_ez.f32__c0004__dt-f32/chunk_0,1000000,2,ans shuffle=byte,primary,4.31708813,-1,5.03395815,5.15029013,1
fields/00067__plt00067__fab0000_comp02_ez.f32__c0036__dt-f32/chunk_0,1000000,2,ans shuffle=byte,primary,1.35801601,-1,1.28431135,4.62381601,1
fields/00068__plt00068__fab0000_comp02_ez.f32__c0012__dt-f32/chunk_0,1000000,2,ans shuffle=byte,primary,4.29424,-1,5.03213422,5.127744,1
fields/00068__plt00068__fab0000_comp02_ez.f32__c0020__dt-f32/chunk_0,1000000,2,ans shuffle=byte,primary,1.29651201,-1,5.03128914,2.13015601,1
fields/00068__plt00068__fab0000_comp02_ez.f32__c0028__dt-f32/chunk_0,1000000,2,ans shuffle=byte,primary,2.05817604,-1,1.25538949,5.39921404,1
fields/00068__plt00068__fab0000_comp02_ez.f32__c0036__dt-f32/chunk_0,1000000,2,ans shuffle=byte,primary,2.01004791,-1,1.28265864,5.28005591,1
fields/00068__plt00068__fab0000_comp02_ez.f32__c0044__dt-f32/chunk_0,1000000,2,ans shuffle=byte,primary,1.88297606,-1,5.03241195,2.71643406,1
fields/00068__plt00068__fab0000_comp02_ez.f32__c0052__dt-f32/chunk_0,1000000,2,ans shuffle=byte,primary,1.30060804,-1,5.0320014,2.13413404,1
fields/00068__plt00068__fab0000_comp02_ez.f32__c0060__dt-f32/chunk_0,1000000,2,ans shuffle=byte,primary,2.27392006,-1,5.03021508,3.10774206,1
fields/00069__plt00069__fab0000_comp02_ez.f32__c0004__dt-f32/chunk_0,1000000,2,ans shuffle=byte,primary,4.45062399,-1,5.03395815,5.28382599,1
fields/00069__plt00069__fab0000_comp02_ez.f32__c0012__dt-f32/chunk_0,1000000,2,ans shuffle=byte,primary,4.01651192,-1,5.03213422,4.85001592,1
fields/00069__plt00069__fab0000_comp02_ez.f32__c0052__dt-f32/chunk_0,1000000,2,ans shuffle=byte,primary,1.589728,-1,5.0320014,2.423254,1
fields/00069__plt00069__fab0000_comp02_ez.f32__c0020__dt-f32/chunk_0,1000000,2,ans shuffle=byte,primary,2.64742398,-1,5.03128914,3.48106798,1
fields/00070__plt00070__fab0000_comp02_ez.f32__c0036__dt-f32/chunk_0,1000000,2,ans shuffle=byte,primary,4.96809578,-1,1.27911624,8.24715978,1
fields/00069__plt00069__fab0000_comp02_ez.f32__c0028__dt-f32/chunk_0,1000000,2,ans shuffle=byte,primary,2.73302388,-1,1.25457915,6.07621988,1
fields/00069__plt00069__fab0000_comp02_ez.f32__c0036__dt-f32/chunk_0,1000000,2,ans shuffle=byte,primary,3.34294391,-1,1.28087638,6.61750191,1
fields/00069__plt00069__fab0000_comp02_ez.f32__c0044__dt-f32/chunk_0,1000000,2,ans shuffle=byte,primary,3.81283212,-1,5.03241195,4.64629012,1
fields/00069__plt00069__fab0000_comp02_ez.f32__c0060__dt-f32/chunk_0,1000000,2,ans shuffle=byte,primary,4.59910393,-1,5.03021508,5.43292593,1
fields/00070__plt00070__fab0000_comp02_ez.f32__c0004__dt-f32/chunk_0,1000000,2,ans shuffle=byte,primary,4.69148779,-1,5.03395815,5.52468979,1
fields/00070__plt00070__fab0000_comp02_ez.f32__c0052__dt-f32/chunk_0,1000000,2,ans shuffle=byte,primary,1.88064003,-1,5.0320014,2.71416603,1
fields/00070__plt00070__fab0000_comp02_ez.f32__c0012__dt-f32/chunk_0,1000000,2,ans shuffle=byte,primary,1.61321604,-1,5.03213422,2.44672004,1
fields/00070__plt00070__fab0000_comp02_ez.f32__c0020__dt-f32/chunk_0,1000000,2,ans shuffle=byte,primary,3.92732811,-1,5.03128914,4.76097211,1
fields/00070__plt00070__fab0000_comp02_ez.f32__c0028__dt-f32/chunk_0,1000000,2,ans shuffle=byte,primary,4.47747183,-1,1.25395652,7.82232783,1
fields/00070__plt00070__fab0000_comp02_ez.f32__c0044__dt-f32/chunk_0,1000000,2,ans shuffle=byte,primary,1.60851204,-1,5.03241195,2.44197004,1
fields/00070__plt00070__fab0000_comp02_ez.f32__c0060__dt-f32/chunk_0,1000000,2,ans shuffle=byte,primary,2.13753605,-1,5.03021508,2.97135805,1
fields/00071__plt00071__fab0000_comp02_ez.f32__c0012__dt-f32/chunk_0,1000000,2,ans shuffle=byte,primary,1.66502404,-1,5.03213422,2.49852804,1
fields/00071__plt00071__fab0000_comp02_ez.f32__c0020__dt-f32/chunk_0,1000000,2,ans shuffle=byte,primary,2.06566405,-1,5.03128914,2.89930805,1
fields/00071__plt00071__fab0000_comp02_ez.f32__c0004__dt-f32/chunk_0,1000000,2,ans shuffle=byte,primary,1.19676805,-1,5.03395815,2.02997005,1
fields/00072__plt00072__fab0000_comp02_ez.f32__c0020__dt-f32/chunk_0,1000000,2,ans shuffle=byte,primary,1.14937603,-1,5.03128914,1.98302003,1
fields/00072__plt00072__fab0000_comp02_ez.f32__c0012__dt-f32/chunk_0,1000000,2,ans shuffle=byte,primary,2.27171206,-1,5.03213422,3.10521606,1
fields/00072__plt00072__fab0000_comp02_ez.f32__c0052__dt-f32/chunk_0,1000000,2,ans shuffle=byte,primary,0.253215998,-1,5.0320014,1.086742,1
fields/00071__plt00071__fab0000_comp02_ez.f32__c0060__dt-f32/chunk_0,1000000,2,ans shuffle=byte,primary,3.99036789,-1,5.03021508,4.82418989,1
fields/00071__plt00071__fab0000_comp02_ez.f32__c0028__dt-f32/chunk_0,1000000,2,ans shuffle=byte,primary,2.69190407,-1,1.2529122,6.03954807,1
fields/00071__plt00071__fab0000_comp02_ez.f32__c0036__dt-f32/chunk_0,1000000,2,ans shuffle=byte,primary,4.91084814,-1,1.27775083,8.19341614,1
fields/00071__plt00071__fab0000_comp02_ez.f32__c0044__dt-f32/chunk_0,1000000,2,ans shuffle=byte,primary,5.02918386,-1,5.03241195,5.86264186,1
fields/00071__plt00071__fab0000_comp02_ez.f32__c0052__dt-f32/chunk_0,1000000,2,ans shuffle=byte,primary,4.65081596,-1,5.0320014,5.48434196,1
fields/00072__plt00072__fab0000_comp02_ez.f32__c0060__dt-f32/chunk_0,1000000,2,ans shuffle=byte,primary,0.396288007,-1,5.03021508,1.23011001,1
fields/00072__plt00072__fab0000_comp02_ez.f32__c0036__dt-f32/chunk_0,1000000,2,ans shuffle=byte,primary,0.778111994,-1,1.27611185,4.06489599,1
fields/00073__plt00073__fab0000_comp02_ez.f32__c0012__dt-f32/chunk_0,1000000,2,ans shuffle=byte,primary,5.28307199,-1,5.03213422,6.11657599,1
fields/00072__plt00072__fab0000_comp02_ez.f32__c0028__dt-f32/chunk_0,1000000,2,ans shuffle=byte,primary,1.82204795,-1,1.25233385,5.17123795,1
fields/00072__plt00072__fab0000_comp02_ez.f32__c0044__dt-f32/chunk_0,1000000,2,ans shuffle=byte,primary,0.417088002,-1,5.03241195,1.250546,1
fields/00072__plt00072__fab0000_comp02_ez.f32__c0004__dt-f32/chunk_0,1000000,2,ans shuffle=byte,primary,3.39513612,-1,5.03395815,4.22833812,1
fields/00073__plt00073__fab0000_comp02_ez.f32__c0020__dt-f32/chunk_0,1000000,2,ans shuffle=byte,primary,4.60816002,-1,5.03128914,5.44180402,1
fields/00073__plt00073__fab0000_comp02_ez.f32__c0004__dt-f32/chunk_0,1000000,2,ans shuffle=byte,primary,3.29884791,-1,5.03395815,4.13204991,1
fields/00073__plt00073__fab0000_comp02_ez.f32__c0052__dt-f32/chunk_0,1000000,2,ans shuffle=byte,primary,2.98972797,-1,5.0320014,3.82325397,1
fields/00073__plt00073__fab0000_comp02_ez.f32__c0060__dt-f32/chunk_0,1000000,2,ans shuffle=byte,primary,1.95097601,-1,5.03021508,2.78479801,1
fields/00074__plt00074__fab0000_comp02_ez.f32__c0028__dt-f32/chunk_0,1000000,2,ans shuffle=byte,primary,3.02499199,-1,1.25094664,6.37789599,1
fields/00074__plt00074__fab0000_comp02_ez.f32__c0020__dt-f32/chunk_0,1000000,2,ans shuffle=byte,primary,1.09536004,-1,5.03128914,1.92900404,1
fields/00074__plt00074__fab0000_comp02_ez.f32__c0052__dt-f32/chunk_0,1000000,2,ans shuffle=byte,primary,5.2740159,-1,5.0320014,6.1075419,1
fields/00074__plt00074__fab0000_comp02_ez.f32__c0004__dt-f32/chunk_0,1000000,2,ans shuffle=byte,primary,1.52441597,-1,5.03395815,2.35761797,1
fields/00073__plt00073__fab0000_comp02_ez.f32__c0044__dt-f32/chunk_0,1000000,2,ans shuffle=byte,primary,1.89459205,-1,5.03241195,2.72805005,1
fields/00073__plt00073__fab0000_comp02_ez.f32__c0028__dt-f32/chunk_0,1000000,2,ans shuffle=byte,primary,2.85932803,-1,1.25162305,6.21042003,1
fields/00073__plt00073__fab0000_comp02_ez.f32__c0036__dt-f32/chunk_0,1000000,2,ans shuffle=byte,primary,3.10211205,-1,1.27484816,6.39215405,1
fields/00074__plt00074__fab0000_comp02_ez.f32__c0044__dt-f32/chunk_0,1000000,2,ans shuffle=byte,primary,4.60323191,-1,5.03241195,5.43668991,1
fields/00074__plt00074__fab0000_comp02_ez.f32__c0036__dt-f32/chunk_0,1000000,2,ans shuffle=byte,primary,5.30009604,-1,1.27341916,8.59383004,1
fields/00074__plt00074__fab0000_comp02_ez.f32__c0012__dt-f32/chunk_0,1000000,2,ans shuffle=byte,primary,3.20150399,-1,5.03213422,4.03500799,1
fields/00074__plt00074__fab0000_comp02_ez.f32__c0060__dt-f32/chunk_0,1000000,2,ans shuffle=byte,primary,5.17161608,-1,5.03021508,6.00543808,1
fields/00075__plt00075__fab0000_comp02_ez.f32__c0012__dt-f32/chunk_0,1000000,2,ans shuffle=byte,primary,1.07644796,-1,5.03213422,1.90995196,1
fields/00075__plt00075__fab0000_comp02_ez.f32__c0020__dt-f32/chunk_0,1000000,2,ans shuffle=byte,primary,0.458687991,-1,5.03128914,1.29233199,1
fields/00075__plt00075__fab0000_comp02_ez.f32__c0004__dt-f32/chunk_0,1000000,2,ans shuffle=byte,primary,2.21635199,-1,5.03395815,3.04955399,1
fields/00075__plt00075__fab0000_comp02_ez.f32__c0028__dt-f32/chunk_0,1000000,2,ans shuffle=byte,primary,2.00239992,-1,1.25018003,5.35735992,1
fields/00075__plt00075__fab0000_comp02_ez.f32__c0052__dt-f32/chunk_0,1000000,2,ans shuffle=byte,primary,3.27584004,-1,5.0320014,4.10936604,1
fields/00076__plt00076__fab0000_comp02_ez.f32__c0012__dt-f32/chunk_0,1000000,2,ans shuffle=byte,primary,4.54883194,-1,5.03213422,5.38233594,1
fields/00076__plt00076__fab0000_comp02_ez.f32__c0044__dt-f32/chunk_0,1000000,2,ans shuffle=byte,primary,4.93007994,-1,5.03241195,5.76353794,1
fields/00076__plt00076__fab0000_comp02_ez.f32__c0052__dt-f32/chunk_0,1000000,2,ans shuffle=byte,primary,4.70985603,-1,5.0320014,5.54338203,1
fields/00076__plt00076__fab0000_comp02_ez.f32__c0060__dt-f32/chunk_0,1000000,2,ans shuffle=byte,primary,4.45747185,-1,5.03021508,5.29129385,1
fields/00075__plt00075__fab0000_comp02_ez.f32__c0036__dt-f32/chunk_0,1000000,2,ans shuffle=byte,primary,3.66236806,-1,1.27194091,6.95993006,1
fields/00076__plt00076__fab0000_comp02_ez.f32__c0020__dt-f32/chunk_0,1000000,2,ans shuffle=byte,primary,5.26838398,-1,5.03128914,6.10202798,1
fields/00075__plt00075__fab0000_comp02_ez.f32__c0060__dt-f32/chunk_0,1000000,2,ans shuffle=byte,primary,4.61900806,-1,5.03021508,5.45283006,1
fields/00076__plt00076__fab0000_comp02_ez.f32__c0004__dt-f32/chunk_0,1000000,2,ans shuffle=byte,primary,3.35545611,-1,5.03395815,4.18865811,1
fields/00076__plt00076__fab0000_comp02_ez.f32__c0028__dt-f32/chunk_0,1000000,2,ans shuffle=byte,primary,4.55443192,-1,1.24958931,7.91097792,1
fields/00075__plt00075__fab0000_comp02_ez.f32__c0044__dt-f32/chunk_0,1000000,2,ans shuffle=byte,primary,0.58217603,-1,5.03241195,1.41563403,1
fields/00076__plt00076__fab0000_comp02_ez.f32__c0036__dt-f32/chunk_0,1000000,2,ans shuffle=byte,primary,5.18495989,-1,1.27056152,8.48610189,1
fields/00077__plt00077__fab0000_comp02_ez.f32__c0004__dt-f32/chunk_0,1000000,2,ans shuffle=byte,primary,3.41254401,-1,5.03395815,4.24574601,1
fields/00077__plt00077__fab0000_comp02_ez.f32__c0028__dt-f32/chunk_0,1000000,2,ans shuffle=byte,primary,3.88099194,-1,1.2488437,7.23954194,1
fields/00077__plt00077__fab0000_comp02_ez.f32__c0044__dt-f32/chunk_0,1000000,2,ans shuffle=byte,primary,2.60022402,-1,5.03241195,3.43368202,1
fields/00077__plt00077__fab0000_comp02_ez.f32__c0052__dt-f32/chunk_0,1000000,2,ans shuffle=byte,primary,2.48723197,-1,5.0320014,3.32075797,1
fields/00077__plt00077__fab0000_comp02_ez.f32__c0060__dt-f32/chunk_0,1000000,2,ans shuffle=byte,primary,3.59542394,-1,5.03021508,4.42924594,1
fields/00077__plt00077__fab0000_comp02_ez.f32__c0036__dt-f32/chunk_0,1000000,2,ans shuffle=byte,primary,3.29705596,-1,1.26935336,6.60133996,1
fields/00078__plt00078__fab0000_comp02_ez.f32__c0020__dt-f32/chunk_0,1000000,2,ans shuffle=byte,primary,4.46307182,-1,5.03128914,5.29671582,1
fields/00078__plt00078__fab0000_comp02_ez.f32__c0028__dt-f32/chunk_0,1000000,2,ans shuffle=byte,primary,3.81839991,-1,1.24844001,7.17803591,1
fields/00077__plt00077__fab0000_comp02_ez.f32__c0020__dt-f32/chunk_0,1000000,2,ans shuffle=byte,primary,3.39817595,-1,5.03128914,4.23181995,1
fields/00077__plt00077__fab0000_comp02_ez.f32__c0012__dt-f32/chunk_0,1000000,2,ans shuffle=byte,primary,3.73491192,-1,5.03213422,4.56841592,1
fields/00078__plt00078__fab0000_comp02_ez.f32__c0036__dt-f32/chunk_0,1000000,2,ans shuffle=byte,primary,4.99846411,-1,1.26812833,8.30594011,1
fields/00078__plt00078__fab0000_comp02_ez.f32__c0044__dt-f32/chunk_0,1000000,2,ans shuffle=byte,primary,4.70268822,-1,5.03241195,5.53614622,1
fields/00078__plt00078__fab0000_comp02_ez.f32__c0004__dt-f32/chunk_0,1000000,2,ans shuffle=byte,primary,5.08662415,-1,5.03395815,5.91982615,1
fields/00078__plt00078__fab0000_comp02_ez.f32__c0012__dt-f32/chunk_0,1000000,2,ans shuffle=byte,primary,2.81455994,-1,5.03213422,3.64806394,1
fields/00079__plt00079__fab0000_comp02_ez.f32__c0020__dt-f32/chunk_0,1000000,2,ans shuffle=byte,primary,4.63913584,-1,5.03128914,5.47277984,1
fields/00078__plt00078__fab0000_comp02_ez.f32__c0052__dt-f32/chunk_0,1000000,2,ans shuffle=byte,primary,1.60073602,-1,5.0320014,2.43426202,1
fields/00078__plt00078__fab0000_comp02_ez.f32__c0060__dt-f32/chunk_0,1000000,2,ans shuffle=byte,primary,1.69740796,-1,5.03021508,2.53122996,1
fields/00079__plt00079__fab0000_comp02_ez.f32__c0028__dt-f32/chunk_0,1000000,2,ans shuffle=byte,primary,1.51286399,-1,1.24777594,4.87428799,1
fields/00080__plt00080__fab0000_comp02_ez.f32__c0020__dt-f32/chunk_0,1000000,2,ans shuffle=byte,primary,4.9242878,-1,5.03128914,5.7579318,1
fields/00079__plt00079__fab0000_comp02_ez.f32__c0036__dt-f32/chunk_0,1000000,2,ans shuffle=byte,primary,3.1516161,-1,1.2668758,6.4623621,1
fields/00079__plt00079__fab0000_comp02_ez.f32__c0004__dt-f32/chunk_0,1000000,2,ans shuffle=byte,primary,4.4775362,-1,5.03395815,5.3107382,1
fields/00079__plt00079__fab0000_comp02_ez.f32__c0052__dt-f32/chunk_0,1000000,2,ans shuffle=byte,primary,3.12457609,-1,5.0320014,3.95810209,1
fields/00079__plt00079__fab0000_comp02_ez.f32__c0012__dt-f32/chunk_0,1000000,2,ans shuffle=byte,primary,3.62249589,-1,5.03213422,4.45599989,1
fields/00079__plt00079__fab0000_comp02_ez.f32__c0044__dt-f32/chunk_0,1000000,2,ans shuffle=byte,primary,4.05414391,-1,5.03241195,4.88760191,1
fields/00080__plt00080__fab0000_comp02_ez.f32__c0004__dt-f32/chunk_0,1000000,2,ans shuffle=byte,primary,3.10883188,-1,5.03395815,3.94203388,1
fields/00080__plt00080__fab0000_comp02_ez.f32__c0060__dt-f32/chunk_0,1000000,2,ans shuffle=byte,primary,4.6664958,-1,5.03021508,5.5003178,1
fields/00079__plt00079__fab0000_comp02_ez.f32__c0060__dt-f32/chunk_0,1000000,2,ans shuffle=byte,primary,3.448704,-1,5.03021508,4.282526,1
fields/00080__plt00080__fab0000_comp02_ez.f32__c0012__dt-f32/chunk_0,1000000,2,ans shuffle=byte,primary,4.52044821,-1,5.03213422,5.35395221,1
fields/00080__plt00080__fab0000_comp02_ez.f32__c0028__dt-f32/chunk_0,1000000,2,ans shuffle=byte,primary,3.25590396,-1,1.24727502,6.61867796,1
fields/00081__plt00081__fab0000_comp02_ez.f32__c0020__dt-f32/chunk_0,1000000,2,ans shuffle=byte,primary,3.67356801,-1,5.03128914,4.50721201,1
fields/00080__plt00080__fab0000_comp02_ez.f32__c0036__dt-f32/chunk_0,1000000,2,ans shuffle=byte,primary,4.25132799,-1,1.26556465,7.56550399,1
fields/00080__plt00080__fab0000_comp02_ez.f32__c0052__dt-f32/chunk_0,1000000,2,ans shuffle=byte,primary,3.69488001,-1,5.0320014,4.52840601,1
fields/00080__plt00080__fab0000_comp02_ez.f32__c0044__dt-f32/chunk_0,1000000,2,ans shuffle=byte,primary,2.7643199,-1,5.03241195,3.5977779,1
fields/00081__plt00081__fab0000_comp02_ez.f32__c0004__dt-f32/chunk_0,1000000,2,ans shuffle=byte,primary,3.25686407,-1,5.03395815,4.09006607,1
fields/00081__plt00081__fab0000_comp02_ez.f32__c0012__dt-f32/chunk_0,1000000,2,ans shuffle=byte,primary,4.01276779,-1,5.03213422,4.84627179,1
fields/00081__plt00081__fab0000_comp02_ez.f32__c0028__dt-f32/chunk_0,1000000,2,ans shuffle=byte,primary,3.48431993,-1,1.24668185,6.84869393,1
fields/00082__plt00082__fab0000_comp02_ez.f32__c0012__dt-f32/chunk_0,1000000,2,ans shuffle=byte,primary,4.63577604,-1,5.03213422,5.46928004,1
fields/00081__plt00081__fab0000_comp02_ez.f32__c0044__dt-f32/chunk_0,1000000,2,ans shuffle=byte,primary,2.3491199,-1,5.03241195,3.1825779,1
fields/00081__plt00081__fab0000_comp02_ez.f32__c0036__dt-f32/chunk_0,1000000,2,ans shuffle=byte,primary,3.84089589,-1,1.26451845,7.15781389,1
fields/00081__plt00081__fab0000_comp02_ez.f32__c0052__dt-f32/chunk_0,1000000,2,ans shuffle=byte,primary,4.00735998,-1,5.0320014,4.84088598,1
fields/00081__plt00081__fab0000_comp02_ez.f32__c0060__dt-f32/chunk_0,1000000,2,ans shuffle=byte,primary,4.44230413,-1,5.03021508,5.27612613,1
fields/00082__plt00082__fab0000_comp02_ez.f32__c0020__dt-f32/chunk_0,1000000,2,ans shuffle=byte,primary,4.77920008,-1,5.03128914,5.61284408,1
fields/00082__plt00082__fab0000_comp02_ez.f32__c0004__dt-f32/chunk_0,1000000,2,ans shuffle=byte,primary,4.00092793,-1,5.03395815,4.83412993,1
fields/00082__plt00082__fab0000_comp02_ez.f32__c0028__dt-f32/chunk_0,1000000,2,ans shuffle=byte,primary,4.48051214,-1,1.2462055,7.84617214,1
fields/00083__plt00083__fab0000_comp02_ez.f32__c0012__dt-f32/chunk_0,1000000,2,ans shuffle=byte,primary,0.996800005,-1,5.03213422,1.83030401,1
fields/00082__plt00082__fab0000_comp02_ez.f32__c0060__dt-f32/chunk_0,1000000,2,ans shuffle=byte,primary,2.5765121,-1,5.03021508,3.4103341,1
fields/00083__plt00083__fab0000_comp02_ez.f32__c0020__dt-f32/chunk_0,1000000,2,ans shuffle=byte,primary,0.367040008,-1,5.03128914,1.20068401,1
fields/00082__plt00082__fab0000_comp02_ez.f32__c0036__dt-f32/chunk_0,1000000,2,ans shuffle=byte,primary,1.97929597,-1,1.26352041,5.29883397,1
fields/00082__plt00082__fab0000_comp02_ez.f32__c0044__dt-f32/chunk_0,1000000,2,ans shuffle=byte,primary,4.66671991,-1,5.03241195,5.50017791,1
fields/00082__plt00082__fab0000_comp02_ez.f32__c0052__dt-f32/chunk_0,1000000,2,ans shuffle=byte,primary,3.30537605,-1,5.0320014,4.13890205,1
fields/00083__plt00083__fab0000_comp02_ez.f32__c0004__dt-f32/chunk_0,1000000,2,ans shuffle=byte,primary,2.60009599,-1,5.03395815,3.43329799,1
fields/00083__plt00083__fab0000_comp02_ez.f32__c0044__dt-f32/chunk_0,1000000,2,ans shuffle=byte,primary,5.017344,-1,5.03241195,5.850802,1
fields/00083__plt00083__fab0000_comp02_ez.f32__c0028__dt-f32/chunk_0,1000000,2,ans shuffle=byte,primary,1.94969594,-1,1.24586642,5.31627194,1
fields/00083__plt00083__fab0000_comp02_ez.f32__c0036__dt-f32/chunk_0,1000000,2,ans shuffle=byte,primary,3.66236806,-1,1.26239474,6.98486606,1
fields/00083__plt00083__fab0000_comp02_ez.f32__c0060__dt-f32/chunk_0,1000000,2,ans shuffle=byte,primary,3.45219207,-1,5.03021508,4.28601407,1
fields/00084__plt00084__fab0000_comp02_ez.f32__c0004__dt-f32/chunk_0,1000000,2,ans shuffle=byte,primary,2.37238407,-1,5.03395815,3.20558607,1
fields/00083__plt00083__fab0000_comp02_ez.f32__c0052__dt-f32/chunk_0,1000000,2,ans shuffle=byte,primary,4.96799994,-1,5.0320014,5.80152594,1
fields/00084__plt00084__fab0000_comp02_ez.f32__c0020__dt-f32/chunk_0,1000000,2,ans shuffle=byte,primary,1.29247999,-1,5.03128914,2.12612399,1
fields/00084__plt00084__fab0000_comp02_ez.f32__c0044__dt-f32/chunk_0,1000000,2,ans shuffle=byte,primary,3.7975359,-1,5.03241195,4.6309939,1
fields/00085__plt00085__fab0000_comp02_ez.f32__c0020__dt-f32/chunk_0,1000000,2,ans shuffle=byte,primary,2.70099211,-1,5.03128914,3.53463611,1
fields/00085__plt00085__fab0000_comp02_ez.f32__c0004__dt-f32/chunk_0,1000000,2,ans shuffle=byte,primary,3.49427199,-1,5.03395815,4.32747399,1
fields/00084__plt00084__fab0000_comp02_ez.f32__c0036__dt-f32/chunk_0,1000000,2,ans shuffle=byte,primary,1.75068796,-1,1.26150627,5.07552596,1
fields/00084__plt00084__fab0000_comp02_ez.f32__c0052__dt-f32/chunk_0,1000000,2,ans shuffle=byte,primary,5.51177597,-1,5.0320014,6.34530197,1
fields/00084__plt00084__fab0000_comp02_ez.f32__c0012__dt-f32/chunk_0,1000000,2,ans shuffle=byte,primary,2.55939198,-1,5.03213422,3.39289598,1
fields/00084__plt00084__fab0000_comp02_ez.f32__c0028__dt-f32/chunk_0,1000000,2,ans shuffle=byte,primary,2.10883188,-1,1.2452184,5.47715988,1
fields/00085__plt00085__fab0000_comp02_ez.f32__c0012__dt-f32/chunk_0,1000000,2,ans shuffle=byte,primary,2.81606388,-1,5.03213422,3.64956788,1
fields/00084__plt00084__fab0000_comp02_ez.f32__c0060__dt-f32/chunk_0,1000000,2,ans shuffle=byte,primary,3.46259189,-1,5.03021508,4.29641389,1
fields/00085__plt00085__fab0000_comp02_ez.f32__c0044__dt-f32/chunk_0,1000000,2,ans shuffle=byte,primary,2.24848008,-1,5.03241195,3.08193808,1
fields/00085__plt00085__fab0000_comp02_ez.f32__c0060__dt-f32/chunk_0,1000000,2,ans shuffle=byte,primary,2.94633603,-1,5.03021508,3.78015803,1
fields/00085__plt00085__fab0000_comp02_ez.f32__c0052__dt-f32/chunk_0,1000000,2,ans shuffle=byte,primary,4.24959993,-1,5.0320014,5.08312593,1
fields/00086__plt00086__fab0000_comp02_ez.f32__c0012__dt-f32/chunk_0,1000000,2,ans shuffle=byte,primary,2.57606411,-1,5.03213422,3.40956811,1
fields/00086__plt00086__fab0000_comp02_ez.f32__c0020__dt-f32/chunk_0,1000000,2,ans shuffle=byte,primary,2.58796811,-1,5.03128914,3.42161211,1
fields/00085__plt00085__fab0000_comp02_ez.f32__c0036__dt-f32/chunk_0,1000000,2,ans shuffle=byte,primary,3.63916802,-1,1.26049631,6.96667002,1
fields/00085__plt00085__fab0000_comp02_ez.f32__c0028__dt-f32/chunk_0,1000000,2,ans shuffle=byte,primary,0.602559984,-1,1.2448636,3.97184798,1
fields/00086__plt00086__fab0000_comp02_ez.f32__c0028__dt-f32/chunk_0,1000000,2,ans shuffle=byte,primary,4.92809582,-1,1.24444771,8.29850982,1
fields/00086__plt00086__fab0000_comp02_ez.f32__c0004__dt-f32/chunk_0,1000000,2,ans shuffle=byte,primary,2.58832002,-1,5.03395815,3.42152202,1
fields/00086__plt00086__fab0000_comp02_ez.f32__c0044__dt-f32/chunk_0,1000000,2,ans shuffle=byte,primary,4.13164806,-1,5.03241195,4.96510606,1
fields/00086__plt00086__fab0000_comp02_ez.f32__c0052__dt-f32/chunk_0,1000000,2,ans shuffle=byte,primary,5.17622423,-1,5.0320014,6.00975023,1
fields/00086__plt00086__fab0000_comp02_ez.f32__c0036__dt-f32/chunk_0,1000000,2,ans shuffle=byte,primary,2.72012806,-1,1.25952881,6.05018606,1
fields/00086__plt00086__fab0000_comp02_ez.f32__c0060__dt-f32/chunk_0,1000000,2,ans shuffle=byte,primary,3.94095993,-1,5.03021508,4.77478193,1
fields/00087__plt00087__fab0000_comp02_ez.f32__c0028__dt-f32/chunk_0,1000000,2,ans shuffle=byte,primary,3.45331192,-1,1.24412362,6.82460392,1
fields/00087__plt00087__fab0000_comp02_ez.f32__c0060__dt-f32/chunk_0,1000000,2,ans shuffle=byte,primary,5.04217577,-1,5.03021508,5.87599777,1
fields/00088__plt00088__fab0000_comp02_ez.f32__c0020__dt-f32/chunk_0,1000000,2,ans shuffle=byte,primary,5.25398397,-1,5.03128914,6.08762797,1
fields/00087__plt00087__fab0000_comp02_ez.f32__c0020__dt-f32/chunk_0,1000000,2,ans shuffle=byte,primary,5.61961603,-1,5.03128914,6.45326003,1
fields/00087__plt00087__fab0000_comp02_ez.f32__c0036__dt-f32/chunk_0,1000000,2,ans shuffle=byte,primary,5.18896008,-1,1.25879018,8.52097208,1
fields/00087__plt00087__fab0000_comp02_ez.f32__c0012__dt-f32/chunk_0,1000000,2,ans shuffle=byte,primary,4.7497282,-1,5.03213422,5.5832322,1
fields/00087__plt00087__fab0000_comp02_ez.f32__c0004__dt-f32/chunk_0,1000000,2,ans shuffle=byte,primary,3.46460795,-1,5.03395815,4.29780995,1
fields/00087__plt00087__fab0000_comp02_ez.f32__c0044__dt-f32/chunk_0,1000000,2,ans shuffle=byte,primary,4.98563194,-1,5.03241195,5.81908994,1
fields/00087__plt00087__fab0000_comp02_ez.f32__c0052__dt-f32/chunk_0,1000000,2,ans shuffle=byte,primary,3.70851207,-1,5.0320014,4.54203807,1
fields/00088__plt00088__fab0000_comp02_ez.f32__c0004__dt-f32/chunk_0,1000000,2,ans shuffle=byte,primary,4.25385618,-1,5.03395815,5.08705818,1
fields/00088__plt00088__fab0000_comp02_ez.f32__c0036__dt-f32/chunk_0,1000000,2,ans shuffle=byte,primary,4.94236803,-1,1.25785246,8.27686403,1
fields/00089__plt00089__fab0000_comp02_ez.f32__c0004__dt-f32/chunk_0,1000000,2,ans shuffle=byte,primary,1.98780799,-1,5.03395815,2.82100999,1
fields/00088__plt00088__fab0000_comp02_ez.f32__c0012__dt-f32/chunk_0,1000000,2,ans shuffle=byte,primary,4.24598408,-1,5.03213422,5.07948808,1
fields/00088__plt00088__fab0000_comp02_ez.f32__c0028__dt-f32/chunk_0,1000000,2,ans shuffle=byte,primary,3.48601604,-1,1.24381961,6.85813204,1
fields/00089__plt00089__fab0000_comp02_ez.f32__c0012__dt-f32/chunk_0,1000000,2,ans shuffle=byte,primary,2.3736639,-1,5.03213422,3.2071679,1
fields/00088__plt00088__fab0000_comp02_ez.f32__c0044__dt-f32/chunk_0,1000000,2,ans shuffle=byte,primary,4.96892786,-1,5.03241195,5.80238586,1
fields/00089__plt00089__fab0000_comp02_ez.f32__c0028__dt-f32/chunk_0,1000000,2,ans shuffle=byte,primary,4.01219177,-1,1.24357179,7.38497977,1
fields/00089__plt00089__fab0000_comp02_ez.f32__c0020__dt-f32/chunk_0,1000000,2,ans shuffle=byte,primary,1.07059205,-1,5.03128914,1.90423605,1
fields/00089__plt00089__fab0000_comp02_ez.f32__c0044__dt-f32/chunk_0,1000000,2,ans shuffle=byte,primary,1.12009597,-1,5.03241195,1.95355397,1
fields/00088__plt00088__fab0000_comp02_ez.f32__c0052__dt-f32/chunk_0,1000000,2,ans shuffle=byte,primary,3.82806396,-1,5.0320014,4.66158996,1
fields/00088__plt00088__fab0000_comp02_ez.f32__c0060__dt-f32/chunk_0,1000000,2,ans shuffle=byte,primary,1.68979204,-1,5.03021508,2.52361404,1
fields/00089__plt00089__fab0000_comp02_ez.f32__c0036__dt-f32/chunk_0,1000000,2,ans shuffle=byte,primary,5.59404802,-1,1.25700654,8.93078802,1
fields/00089__plt00089__fab0000_comp02_ez.f32__c0060__dt-f32/chunk_0,1000000,2,ans shuffle=byte,primary,4.96035194,-1,5.03021508,5.79417394,1
fields/00089__plt00089__fab0000_comp02_ez.f32__c0052__dt-f32/chunk_0,1000000,2,ans shuffle=byte,primary,2.75702405,-1,5.0320014,3.59055005,1
fields/00090__plt00090__fab0000_comp02_ez.f32__c0004__dt-f32/chunk_0,1000000,2,ans shuffle=byte,primary,4.29366398,-1,5.03395815,5.12686598,1
fields/00090__plt00090__fab0000_comp02_ez.f32__c0036__dt-f32/chunk_0,1000000,2,ans shuffle=byte,primary,5.13046408,-1,1.25623324,8.46925808,1
fields/00090__plt00090__fab0000_comp02_ez.f32__c0012__dt-f32/chunk_0,1000000,2,ans shuffle=byte,primary,4.88505602,-1,5.03213422,5.71856002,1
fields/00090__plt00090__fab0000_comp02_ez.f32__c0060__dt-f32/chunk_0,1000000,2,ans shuffle=byte,primary,4.7483201,-1,5.03021508,5.5821421,1
fields/00090__plt00090__fab0000_comp02_ez.f32__c0020__dt-f32/chunk_0,1000000,2,ans shuffle=byte,primary,4.72079992,-1,5.03128914,5.55444392,1
fields/00091__plt00091__fab0000_comp02_ez.f32__c0036__dt-f32/chunk_0,1000000,2,ans shuffle=byte,primary,3.74892807,-1,1.25558792,7.08943807,1
fields/00091__plt00091__fab0000_comp02_ez.f32__c0044__dt-f32/chunk_0,1000000,2,ans shuffle=byte,primary,0.397920012,-1,5.03241195,1.23137801,1
fields/00090__plt00090__fab0000_comp02_ez.f32__c0044__dt-f32/chunk_0,1000000,2,ans shuffle=byte,primary,12.2293758,-1,5.03241195,13.0628338,1
fields/00091__plt00091__fab0000_comp02_ez.f32__c0004__dt-f32/chunk_0,1000000,2,ans shuffle=byte,primary,4.1820159,-1,5.03395815,5.0152179,1
fields/00090__plt00090__fab0000_comp02_ez.f32__c0052__dt-f32/chunk_0,1000000,2,ans shuffle=byte,primary,4.66463995,-1,5.0320014,5.49816595,1
fields/00091__plt00091__fab0000_comp02_ez.f32__c0012__dt-f32/chunk_0,1000000,2,ans shuffle=byte,primary,3.71129608,-1,5.03213422,4.54480008,1
fields/00090__plt00090__fab0000_comp02_ez.f32__c0028__dt-f32/chunk_0,1000000,2,ans shuffle=byte,primary,12.2615356,-1,1.24299613,15.6358856,1
fields/00091__plt00091__fab0000_comp02_ez.f32__c0020__dt-f32/chunk_0,1000000,2,ans shuffle=byte,primary,2.66060805,-1,5.03128914,3.49425205,1
fields/00091__plt00091__fab0000_comp02_ez.f32__c0028__dt-f32/chunk_0,1000000,2,ans shuffle=byte,primary,0.437471986,-1,1.24277883,3.81241199,1
fields/00091__plt00091__fab0000_comp02_ez.f32__c0052__dt-f32/chunk_0,1000000,2,ans shuffle=byte,primary,2.63094401,-1,5.0320014,3.46447001,1
fields/00091__plt00091__fab0000_comp02_ez.f32__c0060__dt-f32/chunk_0,1000000,2,ans shuffle=byte,primary,3.10127997,-1,5.03021508,3.93510197,1
fields/00092__plt00092__fab0000_comp02_ez.f32__c0004__dt-f32/chunk_0,1000000,2,ans shuffle=byte,primary,3.89116812,-1,5.03395815,4.72437012,1
fields/00092__plt00092__fab0000_comp02_ez.f32__c0012__dt-f32/chunk_0,1000000,2,ans shuffle=byte,primary,2.55791998,-1,5.03213422,3.39142398,1
fields/00092__plt00092__fab0000_comp02_ez.f32__c0052__dt-f32/chunk_0,1000000,2,ans shuffle=byte,primary,5.34342384,-1,5.0320014,6.17694984,1
fields/00092__plt00092__fab0000_comp02_ez.f32__c0028__dt-f32/chunk_0,1000000,2,ans shuffle=byte,primary,4.18371201,-1,1.24240408,7.55967001,1
fields/00093__plt00093__fab0000_comp02_ez.f32__c0004__dt-f32/chunk_0,1000000,2,ans shuffle=byte,primary,4.68591976,-1,5.03395815,5.51912176,1
fields/00093__plt00093__fab0000_comp02_ez.f32__c0028__dt-f32/chunk_0,1000000,2,ans shuffle=byte,primary,2.52054405,-1,1.24220391,5.89704605,1
fields/00092__plt00092__fab0000_comp02_ez.f32__c0044__dt-f32/chunk_0,1000000,2,ans shuffle=byte,primary,2.78588796,-1,5.03241195,3.61934596,1
fields/00092__plt00092__fab0000_comp02_ez.f32__c0060__dt-f32/chunk_0,1000000,2,ans shuffle=byte,primary,2.36342406,-1,5.03021508,3.19724606,1
fields/00093__plt00093__fab0000_comp02_ez.f32__c0036__dt-f32/chunk_0,1000000,2,ans shuffle=byte,primary,2.55631995,-1,1.2541185,5.90074395,1
fields/00092__plt00092__fab0000_comp02_ez.f32__c0036__dt-f32/chunk_0,1000000,2,ans shuffle=byte,primary,4.27577591,-1,1.25477882,7.61843991,1
fields/00093__plt00093__fab0000_comp02_ez.f32__c0020__dt-f32/chunk_0,1000000,2,ans shuffle=byte,primary,4.16105604,-1,5.03128914,4.99470004,1
fields/00092__plt00092__fab0000_comp02_ez.f32__c0020__dt-f32/chunk_0,1000000,2,ans shuffle=byte,primary,3.99321604,-1,5.03128914,4.82686004,1
fields/00093__plt00093__fab0000_comp02_ez.f32__c0012__dt-f32/chunk_0,1000000,2,ans shuffle=byte,primary,2.56681609,-1,5.03213422,3.40032009,1
fields/00093__plt00093__fab0000_comp02_ez.f32__c0044__dt-f32/chunk_0,1000000,2,ans shuffle=byte,primary,3.58022404,-1,5.03241195,4.41368204,1
fields/00093__plt00093__fab0000_comp02_ez.f32__c0052__dt-f32/chunk_0,1000000,2,ans shuffle=byte,primary,5.26019192,-1,5.0320014,6.09371792,1
fields/00094__plt00094__fab0000_comp02_ez.f32__c0012__dt-f32/chunk_0,1000000,2,ans shuffle=byte,primary,3.35894394,-1,5.03213422,4.19244794,1
fields/00094__plt00094__fab0000_comp02_ez.f32__c0052__dt-f32/chunk_0,1000000,2,ans shuffle=byte,primary,0.885312021,-1,5.0320014,1.71883802,1
fields/00093__plt00093__fab0000_comp02_ez.f32__c0060__dt-f32/chunk_0,1000000,2,ans shuffle=byte,primary,3.01075196,-1,5.03021508,3.84457396,1
fields/00095__plt00095__fab0000_comp02_ez.f32__c0028__dt-f32/chunk_0,1000000,2,ans shuffle=byte,primary,2.76300812,-1,1.24175083,6.14074212,1
fields/00094__plt00094__fab0000_comp02_ez.f32__c0044__dt-f32/chunk_0,1000000,2,ans shuffle=byte,primary,3.12166405,-1,5.03241195,3.95512205,1
fields/00095__plt00095__fab0000_comp02_ez.f32__c0020__dt-f32/chunk_0,1000000,2,ans shuffle=byte,primary,3.01267195,-1,5.02986521,3.84655195,1
fields/00095__plt00095__fab0000_comp02_ez.f32__c0004__dt-f32/chunk_0,1000000,2,ans shuffle=byte,primary,1.23497605,-1,5.03395815,2.06817805,1
fields/00094__plt00094__fab0000_comp02_ez.f32__c0020__dt-f32/chunk_0,1000000,2,ans shuffle=byte,primary,3.24822402,-1,5.03128914,4.08186802,1
fields/00094__plt00094__fab0000_comp02_ez.f32__c0060__dt-f32/chunk_0,1000000,2,ans shuffle=byte,primary,2.3573761,-1,5.03021508,3.1911981,1
fields/00095__plt00095__fab0000_comp02_ez.f32__c0012__dt-f32/chunk_0,1000000,2,ans shuffle=byte,primary,2.25657606,-1,5.03213422,3.09008006,1
fields/00094__plt00094__fab0000_comp02_ez.f32__c0036__dt-f32/chunk_0,1000000,2,ans shuffle=byte,primary,1.84243202,-1,1.25340568,5.18875802,1
fields/00094__plt00094__fab0000_comp02_ez.f32__c0004__dt-f32/chunk_0,1000000,2,ans shuffle=byte,primary,2.515136,-1,5.03395815,3.348338,1
fields/00094__plt00094__fab0000_comp02_ez.f32__c0028__dt-f32/chunk_0,1000000,2,ans shuffle=byte,primary,2.70678401,-1,1.24197292,6.08391401,1
fields/00096__plt00096__fab0000_comp02_ez.f32__c0020__dt-f32/chunk_0,1000000,2,ans shuffle=byte,primary,1.78915203,-1,5.01650999,2.62525203,1
fields/00095__plt00095__fab0000_comp02_ez.f32__c0052__dt-f32/chunk_0,1000000,2,ans shuffle=byte,primary,3.17558408,-1,5.0320014,4.00911008,1
fields/00095__plt00095__fab0000_comp02_ez.f32__c0060__dt-f32/chunk_0,1000000,2,ans shuffle=byte,primary,3.38256001,-1,5.03021508,4.21638201,1
fields/00096__plt00096__fab0000_comp02_ez.f32__c0004__dt-f32/chunk_0,1000000,2,ans shuffle=byte,primary,2.70710397,-1,5.03395815,3.54030597,1
fields/00095__plt00095__fab0000_comp02_ez.f32__c0036__dt-f32/chunk_0,1000000,2,ans shuffle=byte,primary,2.69702411,-1,1.25268319,6.04528011,1
fields/00096__plt00096__fab0000_comp02_ez.f32__c0028__dt-f32/chunk_0,1000000,2,ans shuffle=byte,primary,2.72137594,-1,1.24147297,6.09986594,1
fields/00095__plt00095__fab0000_comp02_ez.f32__c0044__dt-f32/chunk_0,1000000,2,ans shuffle=byte,primary,2.85654402,-1,5.03241195,3.69000202,1
fields/00096__plt00096__fab0000_comp02_ez.f32__c0036__dt-f32/chunk_0,1000000,2,ans shuffle=byte,primary,1.58457601,-1,1.25190847,4.93490401,1
fields/00096__plt00096__fab0000_comp02_ez.f32__c0060__dt-f32/chunk_0,1000000,2,ans shuffle=byte,primary,2.55177593,-1,5.03021508,3.38559793,1
fields/00096__plt00096__fab0000_comp02_ez.f32__c0044__dt-f32/chunk_0,1000000,2,ans shuffle=byte,primary,2.12729597,-1,5.03241195,2.96075397,1
fields/00096__plt00096__fab0000_comp02_ez.f32__c0012__dt-f32/chunk_0,1000000,2,ans shuffle=byte,primary,1.60460806,-1,5.03213422,2.43811206,1
fields/00097__plt00097__fab0000_comp02_ez.f32__c0004__dt-f32/chunk_0,1000000,2,ans shuffle=byte,primary,1.99161601,-1,5.03395815,2.82481801,1
fields/00096__plt00096__fab0000_comp02_ez.f32__c0052__dt-f32/chunk_0,1000000,2,ans shuffle=byte,primary,2.2245121,-1,5.0320014,3.0580381,1
fields/00097__plt00097__fab0000_comp02_ez.f32__c0012__dt-f32/chunk_0,1000000,2,ans shuffle=byte,primary,3.80243206,-1,5.03213422,4.63593606,1
fields/00097__plt00097__fab0000_comp02_ez.f32__c0044__dt-f32/chunk_0,1000000,2,ans shuffle=byte,primary,2.08489609,-1,5.03241195,2.91835409,1
fields/00097__plt00097__fab0000_comp02_ez.f32__c0028__dt-f32/chunk_0,1000000,2,ans shuffle=byte,primary,1.95120001,-1,1.24130396,5.33015001,1
fields/00098__plt00098__fab0000_comp02_ez.f32__c0028__dt-f32/chunk_0,1000000,2,ans shuffle=byte,primary,1.29449606,-1,1.24102042,4.67421806,1
fields/00097__plt00097__fab0000_comp02_ez.f32__c0052__dt-f32/chunk_0,1000000,2,ans shuffle=byte,primary,1.44313598,-1,5.0320014,2.27666198,1
fields/00097__plt00097__fab0000_comp02_ez.f32__c0020__dt-f32/chunk_0,1000000,2,ans shuffle=byte,primary,0.413311988,-1,4.99156708,1.25358999,1
fields/00098__plt00098__fab0000_comp02_ez.f32__c0004__dt-f32/chunk_0,1000000,2,ans shuffle=byte,primary,2.61993599,-1,5.03395815,3.45313799,1
fields/00097__plt00097__fab0000_comp02_ez.f32__c0036__dt-f32/chunk_0,1000000,2,ans shuffle=byte,primary,2.83187199,-1,1.25143932,6.18345599,1
fields/00098__plt00098__fab0000_comp02_ez.f32__c0052__dt-f32/chunk_0,1000000,2,ans shuffle=byte,primary,2.43331194,-1,5.0320014,3.26683794,1
fields/00098__plt00098__fab0000_comp02_ez.f32__c0020__dt-f32/chunk_0,1000000,2,ans shuffle=byte,primary,2.62863994,-1,4.95325103,3.47541794,1
fields/00098__plt00098__fab0000_comp02_ez.f32__c0012__dt-f32/chunk_0,1000000,2,ans shuffle=byte,primary,1.22096002,-1,5.03213422,2.05446402,1
fields/00097__plt00097__fab0000_comp02_ez.f32__c0060__dt-f32/chunk_0,1000000,2,ans shuffle=byte,primary,1.21664,-1,5.03021508,2.050462,1
fields/00098__plt00098__fab0000_comp02_ez.f32__c0044__dt-f32/chunk_0,1000000,2,ans shuffle=byte,primary,3.0910399,-1,5.03241195,3.9244979,1
fields/00100__plt00100__fab0000_comp02_ez.f32__c0004__dt-f32/chunk_0,1000000,2,ans shuffle=byte,primary,2.5050559,-1,5.03395815,3.3382579,1
fields/00099__plt00099__fab0000_comp02_ez.f32__c0004__dt-f32/chunk_0,1000000,2,ans shuffle=byte,primary,1.68153596,-1,5.03395815,2.51473796,1
fields/00098__plt00098__fab0000_comp02_ez.f32__c0060__dt-f32/chunk_0,1000000,2,ans shuffle=byte,primary,1.67024004,-1,5.03021508,2.50406204,1
fields/00099__plt00099__fab0000_comp02_ez.f32__c0020__dt-f32/chunk_0,1000000,2,ans shuffle=byte,primary,1.74096,-1,4.91523072,2.594288,1
fields/00099__plt00099__fab0000_comp02_ez.f32__c0052__dt-f32/chunk_0,1000000,2,ans shuffle=byte,primary,2.52435207,-1,5.0320014,3.35787807,1
fields/00098__plt00098__fab0000_comp02_ez.f32__c0036__dt-f32/chunk_0,1000000,2,ans shuffle=byte,primary,2.65756798,-1,1.25063631,6.01130398,1
fields/00099__plt00099__fab0000_comp02_ez.f32__c0044__dt-f32/chunk_0,1000000,2,ans shuffle=byte,primary,3.05552006,-1,5.03241195,3.88897806,1
fields/00099__plt00099__fab0000_comp02_ez.f32__c0012__dt-f32/chunk_0,1000000,2,ans shuffle=byte,primary,2.48678398,-1,5.03213422,3.32028798,1
fields/00100__plt00100__fab0000_comp02_ez.f32__c0020__dt-f32/chunk_0,1000000,2,ans shuffle=byte,primary,1.41152,-1,4.87764216,2.271424,1
fields/00100__plt00100__fab0000_comp02_ez.f32__c0012__dt-f32/chunk_0,1000000,2,ans shuffle=byte,primary,3.16006398,-1,5.03213422,3.99356798,1
fields/00099__plt00099__fab0000_comp02_ez.f32__c0028__dt-f32/chunk_0,1000000,2,ans shuffle=byte,primary,3.01750398,-1,1.24102115,6.39722398,1
fields/00099__plt00099__fab0000_comp02_ez.f32__c0036__dt-f32/chunk_0,1000000,2,ans shuffle=byte,primary,2.91177607,-1,1.25006751,6.26703807,1
fields/00099__plt00099__fab0000_comp02_ez.f32__c0060__dt-f32/chunk_0,1000000,2,ans shuffle=byte,primary,1.73350406,-1,5.03021508,2.56732606,1
fields/00100__plt00100__fab0000_comp02_ez.f32__c0036__dt-f32/chunk_0,1000000,2,ans shuffle=byte,primary,1.23334396,-1,1.24969058,4.58961796,1
fields/00100__plt00100__fab0000_comp02_ez.f32__c0052__dt-f32/chunk_0,1000000,2,ans shuffle=byte,primary,1.62659204,-1,5.0320014,2.46011804,1
fields/00100__plt00100__fab0000_comp02_ez.f32__c0044__dt-f32/chunk_0,1000000,2,ans shuffle=byte,primary,0.855359972,-1,5.03241195,1.68881797,1
fields/00100__plt00100__fab0000_comp02_ez.f32__c0028__dt-f32/chunk_0,1000000,2,ans shuffle=byte,primary,1.70508802,-1,1.24079647,5.08542002,1
fields/00100__plt00100__fab0000_comp02_ez.f32__c0060__dt-f32/chunk_0,1000000,2,ans shuffle=byte,primary,2.28288007,-1,5.03021508,3.11670207,1
