seq,chunk_id,path,chunk_bytes,stats_ms,nn_ms,nn_batch_chunks,choice_ms,factory_ms,compress_ms,decompress_ms,io_ms,io_start_ns,preproc_ms,h2d_ms,h2d_start_ns,wall_ms,other_ms,lib,reused,explore_ms,sgd_ms,explored,sgd_updates,stored_bytes,convert_ms,label_ms,nn_gpu_ms,sgd_gpu_ms,label_gpu_ms,explore_gpu_ms
0,fields/00000__density.f64__c0000__dt-f64/chunk_0,write,4194304,,0.730267,1,,0.016203,1.052032,,0.000000,,0.000000,0.531986,319983393608087.000000,302.620119,4.095318,24,0,295.428705,0.003423,43,0,2136348,0.000000,0.762185,0.471168,0.000000,0.582528,286.684928
1,fields/00000__density.f64__c0001__dt-f64/chunk_0,write,4194304,,121.888064,1,,0.004679,1.841536,,0.000000,,0.000000,0.448036,319983696445415.000000,428.774617,2.574849,24,0,301.096099,0.002793,43,0,1679600,0.000000,0.918561,121.798492,0.000000,0.871136,296.835072
2,fields/00000__density.f64__c0002__dt-f64/chunk_0,write,4194304,,0.264352,1,,0.006216,2.355552,,0.000000,,0.000000,0.435744,319984125847771.000000,294.628247,2.599104,24,0,287.756080,0.002794,43,0,1647348,0.000000,1.208405,0.233216,0.000000,1.159040,284.097057
3,fields/00000__density.f64__c0003__dt-f64/chunk_0,write,4194304,,0.321482,1,,0.006565,2.248448,,0.000000,,0.000000,0.461237,319984421328578.000000,308.455273,2.504922,24,0,301.674670,0.002445,43,0,1657148,0.000000,1.235504,0.249824,0.000000,1.046016,292.847005
4,fields/00000__density.f64__c0004__dt-f64/chunk_0,write,4194304,,0.319248,1,,0.007613,1.393536,,0.000000,,0.000000,0.453134,319984730571249.000000,308.246794,3.447068,24,0,301.721812,0.002863,43,0,1678104,0.000000,0.901520,0.244480,0.000000,0.685632,296.321502
5,fields/00000__density.f64__c0005__dt-f64/chunk_0,write,4194304,,0.306187,1,,0.007613,1.642848,,0.000000,,0.000000,0.441680,319985039679194.000000,307.173953,3.214939,24,0,300.732222,0.003352,43,0,1707936,0.000000,0.825112,0.238080,0.000000,0.782496,294.960066
6,fields/00000__density.f64__c0006__dt-f64/chunk_0,write,4194304,,1.027445,1,,0.004750,1.715648,,0.000000,,0.000000,0.528494,319985347855727.000000,310.028672,3.852779,24,0,302.056774,0.004889,43,0,1706784,0.000000,0.837893,0.805792,0.000000,0.795936,296.754274
7,fields/00000__density.f64__c0007__dt-f64/chunk_0,write,4194304,,0.352911,1,,0.022419,2.280416,,0.000000,,0.000000,0.431413,319985658395502.000000,302.247792,3.111942,24,0,294.621611,0.003771,43,0,1738154,0.000000,1.423309,0.252736,0.000000,1.079104,289.184480
8,fields/00000__density.f64__c0008__dt-f64/chunk_0,write,4194304,,0.317571,1,,0.011804,2.339552,,0.000000,,0.000000,0.427991,319985961179610.000000,291.330870,2.667416,24,0,284.406252,0.002305,43,0,1743496,0.000000,1.157979,0.244864,0.000000,1.096640,279.578401
9,fields/00000__density.f64__c0009__dt-f64/chunk_0,write,4194304,,0.357311,1,,0.012502,2.059232,,0.000000,,0.000000,0.456557,319986252942591.000000,309.785901,6.139792,24,0,299.753666,0.002864,43,0,1781026,0.000000,1.003977,0.249952,0.000000,0.945600,294.000258
10,fields/00000__density.f64__c0010__dt-f64/chunk_0,write,4194304,,0.305768,1,,0.009568,1.878560,,0.000000,,0.000000,0.438887,319986563197271.000000,308.724374,4.312231,24,0,300.832095,0.002863,43,0,3104924,0.000000,0.944402,0.239648,0.000000,0.896128,290.857952
11,fields/00000__density.f64__c0011__dt-f64/chunk_0,write,4194304,,0.287609,1,,0.009009,1.854592,,0.000000,,0.000000,0.425268,319986872663226.000000,300.872744,3.219842,24,0,294.147735,0.002934,43,0,1829446,0.000000,0.925755,0.240768,0.000000,0.880480,289.737762
12,fields/00000__density.f64__c0012__dt-f64/chunk_0,write,4194304,,0.328537,1,,0.006635,1.879424,,0.000000,,0.000000,0.479744,319987174319876.000000,303.151616,3.618533,24,0,295.881350,0.004749,43,0,1852138,0.000000,0.952644,0.248864,0.000000,0.903360,290.343201
13,fields/00000__density.f64__c0013__dt-f64/chunk_0,write,4194304,,0.309958,1,,0.006565,1.885184,,0.000000,,0.000000,0.448734,319987478299817.000000,302.671034,3.274879,24,0,295.790346,0.002864,43,0,1899818,0.000000,0.952504,0.228608,0.000000,0.907424,290.660702
14,fields/00000__density.f64__c0014__dt-f64/chunk_0,write,4194304,,0.325394,1,,0.005657,2.104256,,0.000000,,0.000000,0.448734,319987781771309.000000,299.915420,3.735506,24,0,292.279463,0.002864,43,0,1928908,0.000000,1.013546,0.247648,0.000000,0.969856,286.916577
15,fields/00000__density.f64__c0015__dt-f64/chunk_0,write,4194304,,0.347953,1,,0.013410,2.172448,,0.000000,,0.000000,0.482818,319988082258944.000000,299.647787,3.187290,24,0,292.415515,0.001886,43,0,1979138,0.000000,1.026467,0.252032,0.000000,0.965440,286.880927
16,fields/00000__density.f64__c0016__dt-f64/chunk_0,write,4194304,,0.308701,1,,0.007753,2.252192,,0.000000,,0.000000,0.502443,319988382834022.000000,299.040161,3.439297,24,0,291.497093,0.001885,43,0,2028468,0.000000,1.030797,0.250592,0.000000,0.979648,286.004192
17,fields/00000__density.f64__c0017__dt-f64/chunk_0,write,4194304,,0.298505,1,,0.008032,0.112992,,0.000000,,0.000000,0.459700,319988682693219.000000,297.577462,4.176280,24,0,292.519997,0.001956,44,0,2080166,0.000000,0.000000,0.234016,0.000000,0.000000,287.123775
18,fields/00000__density.f64__c0018__dt-f64/chunk_0,write,4194304,,0.326301,1,,0.002445,0.068480,,0.000000,,0.000000,0.440632,319988981151039.000000,300.599871,4.083133,24,0,295.558122,0.002445,43,0,2140028,0.000000,0.118313,0.242144,0.000000,0.074560,288.940159
19,fields/00000__density.f64__c0019__dt-f64/chunk_0,write,4194304,,0.290123,1,,0.009150,0.110560,,0.000000,,0.000000,0.493643,319989282732957.000000,299.278323,3.913732,24,0,294.458182,0.002933,44,0,2189182,0.000000,0.000000,0.249184,0.000000,0.000000,288.238050
20,fields/00000__density.f64__c0020__dt-f64/chunk_0,write,4194304,,0.320993,1,,0.009009,0.069632,,10.100750,319989879253081.000000,0.000000,0.564532,319989582913847.000000,306.452276,0.233063,0,0,295.151014,0.003283,44,0,4194304,0.000000,0.000000,0.253056,0.000000,0.000000,291.117532
21,fields/00000__density.f64__c0021__dt-f64/chunk_0,write,4194304,,0.322251,1,,0.009079,0.076544,,0.000000,,0.000000,0.460747,319989890193959.000000,300.698977,4.465695,24,0,295.232030,0.003353,43,0,2288862,0.000000,0.129278,0.246528,0.000000,0.071392,288.973661
22,fields/00000__density.f64__c0022__dt-f64/chunk_0,write,4194304,,0.293196,1,,0.009009,0.091136,,0.000000,,0.000000,0.503491,319990191730969.000000,303.552718,4.620820,24,0,297.893078,0.003282,43,0,2352714,0.000000,0.138706,0.251008,0.000000,0.077696,291.037568
23,fields/00000__density.f64__c0023__dt-f64/chunk_0,write,4194304,,0.319318,1,,0.008661,0.074080,,0.000000,,0.000000,0.490360,319990496317837.000000,302.172922,4.684599,24,0,296.462715,0.001886,43,0,2415584,0.000000,0.131303,0.250496,0.000000,0.069472,289.970685
24,fields/00000__density.f64__c0024__dt-f64/chunk_0,write,4194304,,0.287749,1,,0.011804,0.110304,,0.000000,,0.000000,0.411928,319990799773964.000000,304.916382,5.130215,24,0,298.959633,0.004749,44,0,2473530,0.000000,0.000000,0.229440,0.000000,0.000000,292.588706
25,fields/00000__density.f64__c0025__dt-f64/chunk_0,write,4194304,,0.298784,1,,0.013479,0.113760,,0.000000,,0.000000,0.450201,319991105219189.000000,295.684746,4.835659,24,0,289.831573,0.004330,43,0,2510418,0.000000,0.136960,0.236448,0.000000,0.086528,284.108833
26,fields/00000__density.f64__c0026__dt-f64/chunk_0,write,4194304,,0.300390,1,,0.010336,0.073600,,0.000000,,0.000000,0.439027,319991401886610.000000,275.602537,4.783837,24,0,269.829333,0.029054,43,0,2403250,0.000000,0.136960,0.253664,0.000000,0.077760,265.962657
27,fields/00000__density.f64__c0027__dt-f64/chunk_0,write,4194304,,0.318410,1,,0.011804,0.101952,,0.000000,,0.000000,0.520043,319991677939488.000000,274.232378,4.358641,24,0,268.753069,0.002864,43,0,2304588,0.000000,0.165595,0.254496,0.000000,0.087680,264.306369
28,fields/00000__density.f64__c0028__dt-f64/chunk_0,write,4194304,,0.352074,1,,0.010616,0.120096,,0.000000,,0.000000,0.467173,319991953026522.000000,274.598350,5.112670,24,0,268.396247,0.002794,43,0,2603592,0.000000,0.136680,0.259808,0.000000,0.084960,262.143168
29,fields/00000__density.f64__c0029__dt-f64/chunk_0,write,4194304,,0.408295,1,,0.012781,0.296448,,0.000000,,0.000000,0.467242,319992228428962.000000,255.357318,5.195782,24,0,248.973417,0.003353,44,0,2958540,0.000000,0.000000,0.253376,0.000000,0.000000,242.244383
30,fields/00000__density.f64__c0030__dt-f64/chunk_0,write,4194304,,0.316734,1,,0.004191,0.063488,,9.023927,319992720225164.000000,0.000000,0.415350,319992484673900.000000,244.586994,0.208475,0,0,234.550499,0.004330,44,0,4194304,0.000000,0.000000,0.248032,0.000000,0.000000,230.420095
31,fields/00000__density.f64__c0031__dt-f64/chunk_0,write,4194304,,0.334263,1,,0.009010,0.076288,,0.000000,,0.000000,0.501884,319992729692098.000000,226.303425,6.724221,24,0,218.654826,0.002933,44,0,3470552,0.000000,0.000000,0.252992,0.000000,0.000000,211.274368
32,fields/00000__density.f64__c0032__dt-f64/chunk_0,write,4194304,,0.319666,1,,0.003841,0.069248,,0.000000,,0.000000,0.489801,319992956938947.000000,217.819655,7.142141,24,0,209.793072,0.001886,44,0,3826307,0.000000,0.000000,0.246688,0.000000,0.000000,202.272542
33,fields/00000__density.f64__c0033__dt-f64/chunk_0,write,4194304,,0.336289,1,,0.006565,0.070912,,0.000000,,0.000000,0.421007,319993175680306.000000,210.062871,7.007987,24,0,202.217737,0.002374,44,0,3834784,0.000000,0.000000,0.246080,0.000000,0.000000,194.307646
34,fields/00000__density.f64__c0034__dt-f64/chunk_0,write,4194304,,0.408925,1,,0.004401,0.062688,,0.000000,,0.000000,0.458023,319993386183461.000000,208.679372,4.309764,24,0,203.432708,0.002863,44,0,3837251,0.000000,0.000000,0.234464,0.000000,0.000000,194.912288
35,fields/00000__density.f64__c0035__dt-f64/chunk_0,write,4194304,,0.281323,1,,0.006565,0.072672,,0.000000,,0.000000,0.429318,319993595733832.000000,205.978166,7.495959,24,0,197.689047,0.003282,44,0,3836252,0.000000,0.000000,0.236864,0.000000,0.000000,192.597857
36,fields/00000__density.f64__c0036__dt-f64/chunk_0,write,4194304,,0.380010,1,,0.009149,0.073216,,0.000000,,0.000000,0.487637,319993802551567.000000,205.299652,6.542981,24,0,197.803796,0.002863,44,0,3835218,0.000000,0.000000,0.252864,0.000000,0.000000,192.932674
37,fields/00000__density.f64__c0037__dt-f64/chunk_0,write,4194304,,0.320295,1,,0.004819,0.068768,,0.000000,,0.000000,0.419820,319994008632331.000000,201.723116,6.468508,24,0,194.438532,0.002374,44,0,3833828,0.000000,0.000000,0.245920,0.000000,0.000000,189.568576
38,fields/00000__density.f64__c0038__dt-f64/chunk_0,write,4194304,,0.370581,1,,0.004889,0.064000,,0.000000,,0.000000,0.472131,319994210751940.000000,205.519095,6.912440,24,0,197.692190,0.002864,44,0,3835647,0.000000,0.000000,0.240608,0.000000,0.000000,188.315197
39,fields/00000__density.f64__c0039__dt-f64/chunk_0,write,4194304,,0.350816,1,,0.006705,0.082784,,0.000000,,0.000000,0.475205,319994417253221.000000,205.208158,9.584805,24,0,194.703583,0.004260,44,0,3835396,0.000000,0.000000,0.241856,0.000000,0.000000,189.716801
40,fields/00000__density.f64__c0040__dt-f64/chunk_0,write,4194304,,0.347254,1,,0.010406,0.069632,,8.556195,319994818977920.000000,0.000000,0.428759,319994623382246.000000,204.165209,0.198980,0,0,194.551119,0.002864,44,0,4194304,0.000000,0.000000,0.253408,0.000000,0.000000,191.210178
41,fields/00000__density.f64__c0041__dt-f64/chunk_0,write,4194304,,0.403337,1,,0.005657,0.084864,,0.000000,,0.000000,0.421356,319994828036837.000000,207.861733,7.251124,24,0,199.691624,0.003771,44,0,3836550,0.000000,0.000000,0.250560,0.000000,0.000000,192.017089
42,fields/00000__density.f64__c0042__dt-f64/chunk_0,write,4194304,,0.337616,1,,0.004819,0.070016,,0.000000,,0.000000,0.424429,319995036281653.000000,212.774484,8.873522,24,0,203.062615,0.001467,44,0,3830885,0.000000,0.000000,0.249760,0.000000,0.000000,197.903841
43,fields/00000__density.f64__c0043__dt-f64/chunk_0,write,4194304,,0.313171,1,,0.011454,0.093760,,0.000000,,0.000000,0.451178,319995249522751.000000,218.668793,7.623144,24,0,210.173222,0.002864,44,0,3811277,0.000000,0.000000,0.269280,0.000000,0.000000,206.065217
44,fields/00000__density.f64__c0044__dt-f64/chunk_0,write,4194304,,0.322251,1,,0.013898,0.484256,,0.000000,,0.000000,0.425337,319995469133782.000000,229.707101,6.536045,24,0,221.923428,0.001886,44,0,3424072,0.000000,0.000000,0.253632,0.000000,0.000000,217.044962
45,fields/00000__density.f64__c0045__dt-f64/chunk_0,write,4194304,,0.366950,1,,0.011384,0.505504,,0.000000,,0.000000,0.470804,319995699297579.000000,241.541955,6.022061,24,0,234.162318,0.002934,44,0,3116240,0.000000,0.000000,0.247712,0.000000,0.000000,230.066271
46,fields/00000__density.f64__c0046__dt-f64/chunk_0,write,4194304,,0.302345,1,,0.011873,0.117312,,0.000000,,0.000000,0.481351,319995941766755.000000,253.236567,5.980099,24,0,246.341632,0.001955,44,0,2845700,0.000000,0.000000,0.255040,0.000000,0.000000,242.308416
47,fields/00000__density.f64__c0047__dt-f64/chunk_0,write,4194304,,0.296130,1,,0.011804,0.136096,,0.000000,,0.000000,0.462214,319996196033910.000000,280.693944,5.592969,24,0,274.191868,0.002863,44,0,2509164,0.000000,0.000000,0.251552,0.000000,0.000000,270.222561
48,fields/00000__density.f64__c0048__dt-f64/chunk_0,write,4194304,,0.316943,1,,0.011943,0.119680,,0.000000,,0.000000,0.408785,319996477553106.000000,293.736924,7.903064,24,0,284.832566,0.003282,43,0,2214288,0.000000,0.140661,0.257600,0.000000,0.088512,280.247104
49,fields/00000__density.f64__c0049__dt-f64/chunk_0,write,4194304,,0.306117,1,,0.011454,0.073760,,0.000000,,0.000000,0.435604,319996771896398.000000,284.957304,4.220960,24,0,279.757014,0.016762,43,0,2084240,0.000000,0.135633,0.250368,0.000000,0.076896,275.930175
50,fields/00000__density.f64__c0050__dt-f64/chunk_0,write,4194304,,0.287679,1,,0.010896,0.082944,,8.476715,319997332295883.000000,0.000000,0.425826,319997057467613.000000,283.319442,0.308870,0,0,273.723230,0.003282,44,0,4194304,0.000000,0.000000,0.245248,0.000000,0.000000,269.683200
51,fields/00000__density.f64__c0051__dt-f64/chunk_0,write,4194304,,0.299761,1,,0.010057,0.091840,,0.000000,,0.000000,0.464099,319997341138290.000000,289.827662,5.085405,24,0,283.735071,0.002863,43,0,2294454,0.000000,0.138566,0.247136,0.000000,0.077952,279.217280
52,fields/00000__density.f64__c0052__dt-f64/chunk_0,write,4194304,,0.277971,1,,0.005727,0.065312,,0.000000,,0.000000,0.450410,319997631745178.000000,304.485597,4.560879,24,0,298.992389,0.003352,43,0,2246096,0.000000,0.129557,0.235104,0.000000,0.083808,294.552449
53,fields/00000__density.f64__c0053__dt-f64/chunk_0,write,4194304,,0.425198,1,,0.007124,0.091456,,0.000000,,0.000000,0.414093,319997936978293.000000,300.603294,5.163869,24,0,294.351394,0.003352,43,0,2202004,0.000000,0.146808,0.231392,0.000000,0.082240,289.730911
54,fields/00000__density.f64__c0054__dt-f64/chunk_0,write,4194304,,0.384131,1,,0.013410,0.079776,,0.000000,,0.000000,0.481211,319998238190608.000000,300.110908,4.452824,24,0,294.556170,0.003423,43,0,2133768,0.000000,0.139963,0.246592,0.000000,0.082016,290.102016
55,fields/00000__density.f64__c0055__dt-f64/chunk_0,write,4194304,,0.297248,1,,0.011314,0.091552,,0.000000,,0.000000,0.405432,319998539204852.000000,297.506922,4.275315,24,0,292.286517,0.001886,43,0,2090110,0.000000,0.137658,0.234592,0.000000,0.077376,287.855232
56,fields/00000__density.f64__c0056__dt-f64/chunk_0,write,4194304,,0.315895,1,,0.009569,0.089280,,0.000000,,0.000000,0.423870,319998837320376.000000,301.487213,4.519799,24,0,295.989606,0.001885,43,0,2041600,0.000000,0.137309,0.242336,0.000000,0.075328,291.480862
57,fields/00000__density.f64__c0057__dt-f64/chunk_0,write,4194304,,0.334682,1,,0.009568,0.088288,,0.000000,,0.000000,0.474087,319999139247663.000000,297.928278,4.476511,24,0,292.401267,0.002864,43,0,1991644,0.000000,0.141011,0.242400,0.000000,0.079872,287.909824
58,fields/00000__density.f64__c0058__dt-f64/chunk_0,write,4194304,,0.363528,1,,0.011455,0.090944,,0.000000,,0.000000,0.429598,319999438085701.000000,299.234741,4.305465,24,0,293.886874,0.002374,43,0,1964054,0.000000,0.144503,0.244704,0.000000,0.081120,290.098017
59,fields/00000__density.f64__c0059__dt-f64/chunk_0,write,4194304,,0.329794,1,,0.010127,0.089856,,0.000000,,0.000000,0.447617,319999737812269.000000,300.414441,4.336305,24,0,295.028371,0.002794,43,0,1899944,0.000000,0.169577,0.249472,0.000000,0.109440,290.648609
60,fields/00000__density.f64__c0060__dt-f64/chunk_0,write,4194304,,0.312473,1,,0.010546,2.405344,,0.000000,,0.000000,0.512570,320000038624250.000000,309.477199,9.646858,24,0,295.491004,0.003352,43,0,2841124,0.000000,1.095052,0.254848,0.000000,1.010240,291.324606
61,fields/00000__density.f64__c0061__dt-f64/chunk_0,write,4194304,,0.336708,1,,0.006215,2.118496,,0.000000,,0.000000,0.455090,320000348920416.000000,300.817010,4.727270,24,0,292.166459,0.003702,43,0,1846406,0.000000,1.003070,0.254016,0.000000,0.959744,287.939489
62,fields/00000__density.f64__c0062__dt-f64/chunk_0,write,4194304,,0.339641,1,,0.008171,2.035904,,0.000000,,0.000000,0.476392,320000650267317.000000,303.634293,4.340245,24,0,295.371714,0.002864,43,0,1830022,0.000000,1.059362,0.245952,0.000000,1.016416,291.180449
63,fields/00000__density.f64__c0063__dt-f64/chunk_0,write,4194304,,0.268193,1,,0.012921,1.814112,,0.000000,,0.000000,0.482817,320000954815772.000000,301.320640,4.260880,24,0,293.560992,0.002304,43,0,1807300,0.000000,0.918421,0.232992,0.000000,0.859360,289.822016
64,fields/00000__density.f64__c0064__dt-f64/chunk_0,write,4194304,,0.380848,1,,0.006355,1.641280,,0.000000,,0.000000,0.455090,320001256941061.000000,301.615862,2.472132,24,0,295.818283,0.002933,43,0,1770016,0.000000,0.838941,0.241760,0.000000,0.796160,291.545663
65,fields/00000__density.f64__c0065__dt-f64/chunk_0,write,4194304,,0.307794,1,,0.005727,1.832032,,0.000000,,0.000000,0.514805,320001559782648.000000,305.785075,4.678073,24,0,297.545265,0.002793,43,0,1762396,0.000000,0.898586,0.251936,0.000000,0.855232,293.341919
66,fields/00000__density.f64__c0066__dt-f64/chunk_0,write,4194304,,0.348511,1,,0.012222,1.763072,,0.000000,,0.000000,0.474227,320001866465891.000000,304.921830,4.350473,24,0,297.093108,0.003422,43,0,1728244,0.000000,0.876795,0.283360,0.000000,0.816096,292.846751
67,fields/00000__density.f64__c0067__dt-f64/chunk_0,write,4194304,,0.313940,1,,0.013340,1.604704,,0.000000,,0.000000,0.428829,320002172296155.000000,303.113552,4.013660,24,0,295.886380,0.003422,43,0,1735528,0.000000,0.849277,0.245472,0.000000,0.790752,292.310142
68,fields/00000__density.f64__c0068__dt-f64/chunk_0,write,4194304,,0.339013,1,,0.005587,1.782080,,0.000000,,0.000000,0.500627,320002475942042.000000,305.319020,4.389919,24,0,297.416896,0.003353,43,0,1683138,0.000000,0.881545,0.250656,0.000000,0.834880,293.069600
69,fields/00000__density.f64__c0069__dt-f64/chunk_0,write,4194304,,0.284117,1,,0.012851,2.450112,,0.000000,,0.000000,0.397750,320002782061870.000000,305.040771,3.536667,24,0,297.162741,0.001956,43,0,1676554,0.000000,1.194577,0.229536,0.000000,1.134080,293.573342
70,fields/00000__density.f64__c0070__dt-f64/chunk_0,write,4194304,,0.276714,1,,0.010546,2.544384,,0.000000,,0.000000,0.407249,320003087509190.000000,300.212248,5.127681,24,0,290.574132,0.002863,43,0,2458931,0.000000,1.268679,0.237696,0.000000,1.207328,286.628286
71,fields/00000__density.f64__c0071__dt-f64/chunk_0,write,4194304,,0.289775,1,,0.013969,2.872480,,0.000000,,0.000000,0.394607,320003388104173.000000,296.024527,3.285482,24,0,287.773331,0.005098,43,0,1263976,0.000000,1.389785,0.236864,0.000000,1.327904,283.627612
72,fields/00001__diffusivity.f64__c0000__dt-f64/chunk_0,write,4194304,,0.299971,1,,0.013968,0.391040,,0.000000,,0.000000,0.449014,320003684737511.000000,202.145032,7.944736,24,0,193.043440,0.002863,44,0,4024444,0.000000,0.000000,0.240416,0.000000,0.000000,185.959551
73,fields/00001__diffusivity.f64__c0001__dt-f64/chunk_0,write,4194304,,0.291940,1,,0.012502,0.076640,,0.000000,,0.000000,0.443077,320003887888197.000000,205.635242,7.737414,24,0,197.070876,0.002793,44,0,4026714,0.000000,0.000000,0.254176,0.000000,0.000000,189.686370
74,fields/00001__diffusivity.f64__c0002__dt-f64/chunk_0,write,4194304,,0.370163,1,,0.005727,0.359680,,0.000000,,0.000000,0.426105,320004094091114.000000,200.192041,4.579191,24,0,194.446915,0.004260,44,0,3742216,0.000000,0.000000,0.245920,0.000000,0.000000,189.102655
75,fields/00001__diffusivity.f64__c0003__dt-f64/chunk_0,write,4194304,,0.381477,1,,0.005728,0.360640,,0.000000,,0.000000,0.525421,320004294767788.000000,203.730024,7.108813,24,0,195.345081,0.002864,44,0,3744768,0.000000,0.000000,0.239072,0.000000,0.000000,189.841761
76,fields/00001__diffusivity.f64__c0004__dt-f64/chunk_0,write,4194304,,0.294244,1,,0.011873,0.374912,,0.000000,,0.000000,0.470386,320004499328442.000000,198.127025,7.604111,24,0,189.368636,0.002863,44,0,3749040,0.000000,0.000000,0.244192,0.000000,0.000000,185.236322
77,fields/00001__diffusivity.f64__c0005__dt-f64/chunk_0,write,4194304,,0.326721,1,,0.012222,0.582080,,0.000000,,0.000000,0.456696,320004698293361.000000,205.936749,7.969017,24,0,196.586731,0.003282,44,0,3754568,0.000000,0.000000,0.243104,0.000000,0.000000,188.657504
78,fields/00001__diffusivity.f64__c0006__dt-f64/chunk_0,write,4194304,,0.388880,1,,0.006216,0.366624,,0.000000,,0.000000,0.425267,320004905027356.000000,206.247825,7.133003,24,0,197.925041,0.002794,44,0,3758888,0.000000,0.000000,0.242752,0.000000,0.000000,189.822625
79,fields/00001__diffusivity.f64__c0007__dt-f64/chunk_0,write,4194304,,0.383292,1,,0.010896,0.382144,,0.000000,,0.000000,0.597707,320005111742494.000000,206.971248,7.792994,24,0,197.800933,0.003282,44,0,3762768,0.000000,0.000000,0.242944,0.000000,0.000000,189.958016
80,fields/00001__diffusivity.f64__c0008__dt-f64/chunk_0,write,4194304,,0.340759,1,,0.010546,0.088288,,11.760403,320005515053302.000000,0.000000,0.494760,320005319544931.000000,207.280718,0.180186,0,0,194.403821,0.001955,44,0,4194304,0.000000,0.000000,0.258944,0.000000,0.000000,190.271168
81,fields/00001__diffusivity.f64__c0009__dt-f64/chunk_0,write,4194304,,0.300670,1,,0.006635,1.024448,,0.000000,,0.000000,0.418842,320005527685892.000000,203.219549,6.946889,24,0,194.517734,0.004331,44,0,4025052,0.000000,0.000000,0.252864,0.000000,0.000000,186.069312
82,fields/00001__diffusivity.f64__c0010__dt-f64/chunk_0,write,4194304,,0.313242,1,,0.005588,1.004480,,0.000000,,0.000000,0.455090,320005731396080.000000,206.982353,7.962734,24,0,197.237937,0.003282,44,0,4025660,0.000000,0.000000,0.246432,0.000000,0.000000,188.968737
83,fields/00001__diffusivity.f64__c0011__dt-f64/chunk_0,write,4194304,,0.316524,1,,0.012502,1.068576,,0.000000,,0.000000,0.520113,320005939443662.000000,208.760179,8.290171,24,0,198.548940,0.003353,44,0,4025836,0.000000,0.000000,0.271936,0.000000,0.000000,190.459745
84,fields/00001__diffusivity.f64__c0012__dt-f64/chunk_0,write,4194304,,0.312473,1,,0.011804,1.134592,,0.000000,,0.000000,0.418772,320006149045088.000000,202.729050,8.129660,24,0,192.719863,0.001886,44,0,4026892,0.000000,0.000000,0.256128,0.000000,0.000000,185.384897
85,fields/00001__diffusivity.f64__c0013__dt-f64/chunk_0,write,4194304,,0.299761,1,,0.014597,1.029088,,0.000000,,0.000000,0.421426,320006352347330.000000,203.488860,9.779370,24,0,191.941685,0.002933,44,0,3807080,0.000000,0.000000,0.250976,0.000000,0.000000,187.584800
86,fields/00001__diffusivity.f64__c0014__dt-f64/chunk_0,write,4194304,,0.300879,1,,0.014178,0.952384,,0.000000,,0.000000,0.418842,320006556270118.000000,202.300220,7.867186,24,0,192.744796,0.001955,44,0,4029996,0.000000,0.000000,0.258400,0.000000,0.000000,185.402527
87,fields/00001__diffusivity.f64__c0015__dt-f64/chunk_0,write,4194304,,0.308702,1,,0.007054,1.156256,,0.000000,,0.000000,0.423452,320006759116082.000000,205.346236,6.708713,24,0,196.739196,0.002863,44,0,3835432,0.000000,0.000000,0.250880,0.000000,0.000000,192.191935
88,fields/00001__diffusivity.f64__c0016__dt-f64/chunk_0,write,4194304,,0.283978,1,,0.013130,0.975680,,0.000000,,0.000000,0.404455,320006964819979.000000,205.113453,6.763435,24,0,196.670401,0.002374,44,0,3847600,0.000000,0.000000,0.241248,0.000000,0.000000,192.201601
89,fields/00001__diffusivity.f64__c0017__dt-f64/chunk_0,write,4194304,,0.281882,1,,0.012502,0.978688,,0.000000,,0.000000,0.453693,320007170373087.000000,200.133095,8.088331,24,0,190.315136,0.002863,44,0,3855432,0.000000,0.000000,0.242048,0.000000,0.000000,185.816064
90,fields/00001__diffusivity.f64__c0018__dt-f64/chunk_0,write,4194304,,0.341457,1,,0.006635,0.952480,,8.137003,320007566634889.000000,0.000000,0.423801,320007371411752.000000,203.372573,0.207036,0,0,193.301367,0.002794,44,0,4194304,0.000000,0.000000,0.253824,0.000000,0.000000,189.321599
91,fields/00001__diffusivity.f64__c0019__dt-f64/chunk_0,write,4194304,,0.322460,1,,0.005797,0.997152,,0.000000,,0.000000,0.416467,320007575323505.000000,209.650874,8.594659,24,0,199.311964,0.002375,44,0,4035628,0.000000,0.000000,0.250432,0.000000,0.000000,191.045281
92,fields/00001__diffusivity.f64__c0020__dt-f64/chunk_0,write,4194304,,0.289216,1,,0.006635,1.001792,,0.000000,,0.000000,0.473179,320007785388331.000000,206.314874,7.903473,24,0,196.637716,0.002863,44,0,4036268,0.000000,0.000000,0.241792,0.000000,0.000000,188.397824
93,fields/00001__diffusivity.f64__c0021__dt-f64/chunk_0,write,4194304,,0.305419,1,,0.012711,1.203584,,0.000000,,0.000000,0.411090,320007992750764.000000,203.847079,7.672976,24,0,194.218391,0.022908,44,0,4036972,0.000000,0.000000,0.239744,0.000000,0.000000,186.669663
94,fields/00001__diffusivity.f64__c0022__dt-f64/chunk_0,write,4194304,,0.322739,1,,0.048401,1.007072,,0.000000,,0.000000,0.515294,320008197030444.000000,204.545918,7.716115,24,0,194.931128,0.005169,44,0,4037644,0.000000,0.000000,0.247296,0.000000,0.000000,186.491233
95,fields/00001__diffusivity.f64__c0023__dt-f64/chunk_0,write,4194304,,0.311425,1,,0.006705,1.007904,,0.000000,,0.000000,0.412347,320008405577326.000000,206.423548,9.463845,24,0,195.218458,0.002864,44,0,4037836,0.000000,0.000000,0.247712,0.000000,0.000000,187.274464
96,fields/00001__diffusivity.f64__c0024__dt-f64/chunk_0,write,4194304,,0.289635,1,,0.005866,1.477248,,0.000000,,0.000000,0.402079,320008612483901.000000,203.099282,6.813481,24,0,194.107621,0.003352,44,0,4038044,0.000000,0.000000,0.249984,0.000000,0.000000,186.555072
97,fields/00001__diffusivity.f64__c0025__dt-f64/chunk_0,write,4194304,,0.287469,1,,0.007682,0.941536,,0.000000,,0.000000,0.485611,320008815974925.000000,200.962747,6.887605,24,0,192.350400,0.002444,44,0,3878368,0.000000,0.000000,0.244256,0.000000,0.000000,187.699072
98,fields/00001__diffusivity.f64__c0026__dt-f64/chunk_0,write,4194304,,0.284187,1,,0.012222,0.962496,,0.000000,,0.000000,0.439376,320009017694270.000000,204.677499,7.852672,24,0,195.124172,0.002374,44,0,3929396,0.000000,0.000000,0.241888,0.000000,0.000000,190.938880
99,fields/00001__diffusivity.f64__c0027__dt-f64/chunk_0,write,4194304,,0.302764,1,,0.013270,0.098112,,0.000000,,0.000000,0.447966,320009223134793.000000,204.626166,6.942096,24,0,196.819165,0.002793,44,0,3802792,0.000000,0.000000,0.240704,0.000000,0.000000,192.674528
100,fields/00001__diffusivity.f64__c0028__dt-f64/chunk_0,write,4194304,,0.305698,1,,0.009498,0.077440,,10.688189,320009625440436.000000,0.000000,0.452995,320009428617709.000000,207.519158,0.211777,0,0,195.770698,0.002863,44,0,4194304,0.000000,0.000000,0.242432,0.000000,0.000000,192.590912
101,fields/00001__diffusivity.f64__c0029__dt-f64/chunk_0,write,4194304,,0.303743,1,,0.014667,0.368608,,0.000000,,0.000000,0.452017,320009636935021.000000,202.761177,7.891527,24,0,193.727752,0.002863,44,0,3926618,0.000000,0.000000,0.227040,0.000000,0.000000,189.281153
102,fields/00001__diffusivity.f64__c0030__dt-f64/chunk_0,write,4194304,,0.334752,1,,0.003283,0.066816,,0.000000,,0.000000,0.432322,320009840648562.000000,212.267502,7.379241,24,0,204.048294,0.002794,44,0,3941648,0.000000,0.000000,0.252416,0.000000,0.000000,195.970529
103,fields/00001__diffusivity.f64__c0031__dt-f64/chunk_0,write,4194304,,0.327070,1,,0.007682,0.077440,,0.000000,,0.000000,0.472411,320010053477802.000000,213.148348,7.069906,24,0,205.190976,0.002863,44,0,3962335,0.000000,0.000000,0.272864,0.000000,0.000000,197.616896
104,fields/00001__diffusivity.f64__c0032__dt-f64/chunk_0,write,4194304,,0.300949,1,,0.007613,0.077536,,0.000000,,0.000000,0.410461,320010267502247.000000,209.702835,6.444373,24,0,202.459110,0.002793,44,0,3766672,0.000000,0.000000,0.240768,0.000000,0.000000,197.563998
105,fields/00001__diffusivity.f64__c0033__dt-f64/chunk_0,write,4194304,,0.314288,1,,0.008101,0.081376,,0.000000,,0.000000,0.481909,320010477676097.000000,206.319414,7.335629,24,0,198.095247,0.002864,44,0,3828620,0.000000,0.000000,0.239136,0.000000,0.000000,194.005727
106,fields/00001__diffusivity.f64__c0034__dt-f64/chunk_0,write,4194304,,0.265189,1,,0.008241,0.088032,,0.000000,,0.000000,0.445242,320010684724311.000000,204.101024,7.453850,24,0,195.837606,0.002864,44,0,3758212,0.000000,0.000000,0.229216,0.000000,0.000000,191.755745
107,fields/00001__diffusivity.f64__c0035__dt-f64/chunk_0,write,4194304,,0.307514,1,,0.004819,0.069920,,0.000000,,0.000000,0.448525,320010889741731.000000,207.171624,7.477129,24,0,198.861832,0.001885,44,0,3753876,0.000000,0.000000,0.244352,0.000000,0.000000,193.857791
108,fields/00001__diffusivity.f64__c0036__dt-f64/chunk_0,write,4194304,,0.313939,1,,0.006286,0.069088,,0.000000,,0.000000,0.424360,320011097465037.000000,205.812361,7.249090,24,0,197.746805,0.002793,44,0,3828358,0.000000,0.000000,0.249280,0.000000,0.000000,192.620288
109,fields/00001__diffusivity.f64__c0037__dt-f64/chunk_0,write,4194304,,0.297806,1,,0.012292,0.089440,,0.000000,,0.000000,0.451179,320011303795974.000000,201.540479,7.343347,24,0,193.343551,0.002864,44,0,3751864,0.000000,0.000000,0.236672,0.000000,0.000000,189.205567
110,fields/00001__diffusivity.f64__c0038__dt-f64/chunk_0,write,4194304,,0.297178,1,,0.009848,0.059488,,6.117105,320011700094165.000000,0.000000,0.427572,320011506226450.000000,199.998858,0.196621,0,0,192.888182,0.002864,44,0,4194304,0.000000,0.000000,0.255712,0.000000,0.000000,189.624032
111,fields/00001__diffusivity.f64__c0039__dt-f64/chunk_0,write,4194304,,0.281394,1,,0.006356,0.322336,,0.000000,,0.000000,0.470037,320011706686474.000000,205.088520,6.099070,24,0,197.907511,0.001816,44,0,4007078,0.000000,0.000000,0.235456,0.000000,0.000000,189.626176
112,fields/00001__diffusivity.f64__c0040__dt-f64/chunk_0,write,4194304,,0.487706,1,,0.013758,0.143360,,0.000000,,0.000000,0.460608,320011912743282.000000,209.427519,6.012089,24,0,202.307623,0.002375,44,0,4007314,0.000000,0.000000,0.444448,0.000000,0.000000,194.325696
113,fields/00001__diffusivity.f64__c0041__dt-f64/chunk_0,write,4194304,,0.307584,1,,0.013899,0.390656,,0.000000,,0.000000,0.449433,320012123072321.000000,208.717227,5.927803,24,0,201.625059,0.002793,44,0,4009090,0.000000,0.000000,0.242272,0.000000,0.000000,193.731616
114,fields/00001__diffusivity.f64__c0042__dt-f64/chunk_0,write,4194304,,0.302346,1,,0.012851,0.672448,,0.000000,,0.000000,0.474506,320012332651257.000000,204.037538,5.364547,24,0,197.207976,0.002864,44,0,3759232,0.000000,0.000000,0.240576,0.000000,0.000000,193.074750
115,fields/00001__diffusivity.f64__c0043__dt-f64/chunk_0,write,4194304,,0.311495,1,,0.015366,0.747296,,0.000000,,0.000000,0.408366,320012537524314.000000,210.517053,9.432653,24,0,199.599991,0.001886,44,0,3831146,0.000000,0.000000,0.249920,0.000000,0.000000,195.478079
116,fields/00001__diffusivity.f64__c0044__dt-f64/chunk_0,write,4194304,,0.298365,1,,0.005797,0.454432,,0.000000,,0.000000,0.406550,320012748510635.000000,210.584031,6.025781,24,0,203.390732,0.002374,44,0,3823992,0.000000,0.000000,0.234784,0.000000,0.000000,198.407649
117,fields/00001__diffusivity.f64__c0045__dt-f64/chunk_0,write,4194304,,0.325882,1,,0.010616,0.499808,,0.000000,,0.000000,0.411300,320012959517489.000000,205.189511,6.567847,24,0,197.371684,0.002374,44,0,3746808,0.000000,0.000000,0.275424,0.000000,0.000000,193.223521
118,fields/00001__diffusivity.f64__c0046__dt-f64/chunk_0,write,4194304,,0.283348,1,,0.013270,0.366272,,0.000000,,0.000000,0.453553,320013165207697.000000,200.665989,6.911677,24,0,192.636472,0.001397,44,0,3727180,0.000000,0.000000,0.239104,0.000000,0.000000,188.265983
119,fields/00001__diffusivity.f64__c0047__dt-f64/chunk_0,write,4194304,,0.355356,1,,0.007613,0.343776,,0.000000,,0.000000,0.477859,320013366748316.000000,205.654238,7.197894,24,0,197.267829,0.003911,44,0,3693216,0.000000,0.000000,0.233408,0.000000,0.000000,192.167583
120,fields/00001__diffusivity.f64__c0048__dt-f64/chunk_0,write,4194304,,0.369114,1,,0.010407,0.087232,,11.330875,320013772238542.000000,0.000000,0.499650,320013573435377.000000,210.141583,0.180052,0,0,197.662786,0.001467,44,0,4194304,0.000000,0.000000,0.277856,0.000000,0.000000,193.502528
121,fields/00001__diffusivity.f64__c0049__dt-f64/chunk_0,write,4194304,,0.327139,1,,0.004260,0.990624,,0.000000,,0.000000,0.497275,320013784540290.000000,208.404195,6.926308,24,0,199.655795,0.002794,44,0,3987812,0.000000,0.000000,0.258176,0.000000,0.000000,194.446687
122,fields/00001__diffusivity.f64__c0050__dt-f64/chunk_0,write,4194304,,0.310517,1,,0.012782,1.016480,,0.000000,,0.000000,0.474995,320013993791109.000000,202.468120,7.108300,24,0,193.542182,0.002864,44,0,4037818,0.000000,0.000000,0.254528,0.000000,0.000000,186.544033
123,fields/00001__diffusivity.f64__c0051__dt-f64/chunk_0,write,4194304,,0.276085,1,,0.013689,0.980480,,0.000000,,0.000000,0.488894,320014196778783.000000,201.067441,5.992748,24,0,193.314079,0.001466,44,0,4037868,0.000000,0.000000,0.235168,0.000000,0.000000,186.007647
124,fields/00001__diffusivity.f64__c0052__dt-f64/chunk_0,write,4194304,,0.270358,1,,0.012502,0.980960,,0.000000,,0.000000,0.464240,320014398670637.000000,197.991462,7.445469,24,0,188.816537,0.001396,44,0,4037788,0.000000,0.000000,0.235104,0.000000,0.000000,184.684256
125,fields/00001__diffusivity.f64__c0053__dt-f64/chunk_0,write,4194304,,0.326999,1,,0.011803,0.959904,,0.000000,,0.000000,0.462424,320014597578844.000000,201.926845,10.910222,24,0,189.253538,0.001955,44,0,4037564,0.000000,0.000000,0.255072,0.000000,0.000000,185.033631
126,fields/00001__diffusivity.f64__c0054__dt-f64/chunk_0,write,4194304,,0.316524,1,,0.008032,0.948352,,0.000000,,0.000000,0.494970,320014799933052.000000,200.694414,8.008596,24,0,190.915566,0.002374,44,0,4037084,0.000000,0.000000,0.241952,0.000000,0.000000,186.217057
127,fields/00001__diffusivity.f64__c0055__dt-f64/chunk_0,write,4194304,,0.305768,1,,0.007753,0.938464,,0.000000,,0.000000,0.439236,320015001518021.000000,197.252884,4.788503,24,0,190.770715,0.002445,44,0,3870616,0.000000,0.000000,0.261280,0.000000,0.000000,186.154817
128,fields/00001__diffusivity.f64__c0056__dt-f64/chunk_0,write,4194304,,0.340759,1,,0.012083,0.964800,,0.000000,,0.000000,0.463959,320015199340745.000000,195.967303,4.924760,24,0,189.258567,0.002375,44,0,3864200,0.000000,0.000000,0.258176,0.000000,0.000000,184.715135
129,fields/00001__diffusivity.f64__c0057__dt-f64/chunk_0,write,4194304,,0.303882,1,,0.006285,0.955808,,0.000000,,0.000000,0.438747,320015395679676.000000,198.101463,6.964268,24,0,189.430588,0.001885,44,0,3858608,0.000000,0.000000,0.249536,0.000000,0.000000,185.253631
130,fields/00001__diffusivity.f64__c0058__dt-f64/chunk_0,write,4194304,,0.304231,1,,0.011734,0.978688,,8.294987,320015784320328.000000,0.000000,0.487636,320015594256065.000000,198.370983,0.231462,0,0,188.060289,0.001956,44,0,4194304,0.000000,0.000000,0.259456,0.000000,0.000000,184.775008
131,fields/00001__diffusivity.f64__c0059__dt-f64/chunk_0,write,4194304,,0.325673,1,,0.004400,0.957152,,0.000000,,0.000000,0.396143,320015795207986.000000,198.974696,7.275256,24,0,190.013698,0.002374,44,0,4030812,0.000000,0.000000,0.245664,0.000000,0.000000,184.904128
132,fields/00001__diffusivity.f64__c0060__dt-f64/chunk_0,write,4194304,,0.292986,1,,0.011105,0.966080,,0.000000,,0.000000,0.443915,320015994602363.000000,199.582461,7.763812,24,0,190.102188,0.002375,44,0,4029004,0.000000,0.000000,0.243232,0.000000,0.000000,185.823520
133,fields/00001__diffusivity.f64__c0061__dt-f64/chunk_0,write,4194304,,0.313869,1,,0.012013,0.967040,,0.000000,,0.000000,0.427013,320016195090953.000000,196.863933,5.032662,24,0,190.107076,0.004260,44,0,4026780,0.000000,0.000000,0.243200,0.000000,0.000000,185.852703
134,fields/00001__diffusivity.f64__c0062__dt-f64/chunk_0,write,4194304,,0.288866,1,,0.004819,0.941888,,0.000000,,0.000000,0.455090,320016392796272.000000,198.569892,6.557737,24,0,190.319047,0.002445,44,0,3809792,0.000000,0.000000,0.246176,0.000000,0.000000,185.670462
135,fields/00001__diffusivity.f64__c0063__dt-f64/chunk_0,write,4194304,,0.352981,1,,0.005657,0.963776,,0.000000,,0.000000,0.408785,320016592321533.000000,199.102787,7.363687,24,0,190.005526,0.002375,44,0,3795760,0.000000,0.000000,0.239136,0.000000,0.000000,185.412544
136,fields/00001__diffusivity.f64__c0064__dt-f64/chunk_0,write,4194304,,0.360943,1,,0.009498,0.973280,,0.000000,,0.000000,0.423801,320016794565181.000000,199.242331,7.245927,24,0,190.225529,0.003353,44,0,3786480,0.000000,0.000000,0.278144,0.000000,0.000000,185.645280
137,fields/00001__diffusivity.f64__c0065__dt-f64/chunk_0,write,4194304,,0.285304,1,,0.010965,0.960544,,0.000000,,0.000000,0.406130,320016994224189.000000,198.918055,7.332139,24,0,189.920110,0.002863,44,0,3777784,0.000000,0.000000,0.242880,0.000000,0.000000,185.791902
138,fields/00001__diffusivity.f64__c0066__dt-f64/chunk_0,write,4194304,,0.433230,1,,0.006146,0.955936,,0.000000,,0.000000,0.414373,320017193795195.000000,197.456682,4.935438,24,0,190.708765,0.002794,44,0,3772888,0.000000,0.000000,0.355072,0.000000,0.000000,186.144130
139,fields/00001__diffusivity.f64__c0067__dt-f64/chunk_0,write,4194304,,0.320295,1,,0.005239,0.953184,,0.000000,,0.000000,0.422334,320017391766473.000000,198.651468,7.187381,24,0,189.761149,0.001886,44,0,3767264,0.000000,0.000000,0.258752,0.000000,0.000000,185.201408
140,fields/00001__diffusivity.f64__c0068__dt-f64/chunk_0,write,4194304,,0.340060,1,,0.010058,0.975872,,7.556966,320017782053718.000000,0.000000,0.408575,320017590838809.000000,198.777672,0.258655,0,0,189.224134,0.003352,44,0,4194304,0.000000,0.000000,0.253504,0.000000,0.000000,185.327615
141,fields/00001__diffusivity.f64__c0069__dt-f64/chunk_0,write,4194304,,2.399420,1,,0.006216,1.006208,,0.000000,,0.000000,0.408017,320017789963735.000000,205.789942,7.764612,24,0,194.203095,0.002374,44,0,4016828,0.000000,0.000000,0.236448,0.000000,0.000000,185.540000
142,fields/00001__diffusivity.f64__c0070__dt-f64/chunk_0,write,4194304,,0.294035,1,,0.012501,1.021248,,0.000000,,0.000000,0.424150,320017996195986.000000,202.159139,7.425785,24,0,192.979465,0.001955,44,0,4016732,0.000000,0.000000,0.240000,0.000000,0.000000,188.554785
143,fields/00001__diffusivity.f64__c0071__dt-f64/chunk_0,write,4194304,,0.311425,1,,0.012362,1.028096,,0.000000,,0.000000,0.468429,320018199213832.000000,206.630140,8.149063,24,0,196.657482,0.003283,44,0,4016220,0.000000,0.000000,0.249824,0.000000,0.000000,191.753311
144,fields/00002__pressure.f64__c0000__dt-f64/chunk_0,write,4194304,,0.317641,1,,0.003771,0.070016,,0.000000,,0.000000,0.517878,320018407067742.000000,199.820552,5.482348,24,0,193.426524,0.002374,44,0,3639742,0.000000,0.000000,0.242496,0.000000,0.000000,188.507873
145,fields/00002__pressure.f64__c0001__dt-f64/chunk_0,write,4194304,,0.310657,1,,0.004819,0.070080,,0.000000,,0.000000,0.455440,320018607751051.000000,204.108288,8.437853,24,0,194.826575,0.002864,44,0,3510732,0.000000,0.000000,0.249728,0.000000,0.000000,189.438017
146,fields/00002__pressure.f64__c0002__dt-f64/chunk_0,write,4194304,,0.320923,1,,0.004819,0.061440,,0.000000,,0.000000,0.409204,320018812366042.000000,200.977623,5.884624,24,0,194.294239,0.002374,44,0,3430290,0.000000,0.000000,0.241600,0.000000,0.000000,189.429728
147,fields/00002__pressure.f64__c0003__dt-f64/chunk_0,write,4194304,,0.296618,1,,0.009149,0.091264,,0.000000,,0.000000,0.423661,320019013839194.000000,200.935718,5.947898,24,0,194.164334,0.002794,44,0,3422062,0.000000,0.000000,0.243328,0.000000,0.000000,189.291999
148,fields/00002__pressure.f64__c0004__dt-f64/chunk_0,write,4194304,,0.297108,1,,0.032406,0.083200,,0.000000,,0.000000,0.402290,320019215256123.000000,200.965331,6.142370,24,0,194.004674,0.003283,44,0,3431058,0.000000,0.000000,0.236160,0.000000,0.000000,189.985697
149,fields/00002__pressure.f64__c0005__dt-f64/chunk_0,write,4194304,,0.310726,1,,0.005657,0.078432,,0.000000,,0.000000,0.505935,320019416745409.000000,201.429361,6.019816,24,0,194.506490,0.002305,44,0,3436530,0.000000,0.000000,0.250240,0.000000,0.000000,189.675010
150,fields/00002__pressure.f64__c0006__dt-f64/chunk_0,write,4194304,,0.287679,1,,0.009639,0.069632,,11.112200,320019813517965.000000,0.000000,0.461655,320019619101363.000000,205.537254,0.209595,0,0,193.384898,0.001956,44,0,4194304,0.000000,0.000000,0.246560,0.000000,0.000000,190.068256
151,fields/00002__pressure.f64__c0007__dt-f64/chunk_0,write,4194304,,0.293336,1,,0.008870,0.069632,,0.000000,,0.000000,0.444055,320019825705382.000000,200.785418,6.518837,24,0,193.447825,0.002863,44,0,3465230,0.000000,0.000000,0.249344,0.000000,0.000000,189.313281
152,fields/00002__pressure.f64__c0008__dt-f64/chunk_0,write,4194304,,0.314568,1,,0.009428,0.073728,,0.000000,,0.000000,0.448665,320020026914880.000000,199.803302,6.053157,24,0,192.899915,0.003841,44,0,3476366,0.000000,0.000000,0.263904,0.000000,0.000000,188.863904
153,fields/00002__pressure.f64__c0009__dt-f64/chunk_0,write,4194304,,0.284117,1,,0.009988,0.074752,,0.000000,,0.000000,0.455090,320020227186681.000000,201.321106,6.328077,24,0,194.166288,0.002794,44,0,3492188,0.000000,0.000000,0.229440,0.000000,0.000000,189.934112
154,fields/00002__pressure.f64__c0010__dt-f64/chunk_0,write,4194304,,0.341876,1,,0.009569,0.065536,,0.000000,,0.000000,0.437001,320020429501638.000000,198.867279,4.395547,24,0,193.614817,0.002933,44,0,3500288,0.000000,0.000000,0.278496,0.000000,0.000000,188.410240
155,fields/00002__pressure.f64__c0011__dt-f64/chunk_0,write,4194304,,0.272523,1,,0.006845,0.076736,,0.000000,,0.000000,0.641847,320020628829246.000000,200.826206,6.197096,24,0,193.629204,0.001955,44,0,3512206,0.000000,0.000000,0.236480,0.000000,0.000000,189.550527
156,fields/00002__pressure.f64__c0012__dt-f64/chunk_0,write,4194304,,0.353121,1,,0.005727,0.070240,,0.000000,,0.000000,0.479953,320020830213070.000000,198.510667,4.650236,24,0,192.948526,0.002864,44,0,3519394,0.000000,0.000000,0.253472,0.000000,0.000000,188.157377
157,fields/00002__pressure.f64__c0013__dt-f64/chunk_0,write,4194304,,0.292219,1,,0.011385,0.284128,,0.000000,,0.000000,0.496576,320021029631612.000000,201.404428,6.359725,24,0,193.957532,0.002863,44,0,3531238,0.000000,0.000000,0.239872,0.000000,0.000000,189.189215
158,fields/00002__pressure.f64__c0014__dt-f64/chunk_0,write,4194304,,0.281463,1,,0.005587,0.075520,,0.000000,,0.000000,0.396283,320021231882384.000000,201.316148,6.564912,24,0,193.989031,0.003352,44,0,3545272,0.000000,0.000000,0.238752,0.000000,0.000000,189.824640
159,fields/00002__pressure.f64__c0015__dt-f64/chunk_0,write,4194304,,0.322041,1,,0.004749,0.069312,,0.000000,,0.000000,0.404734,320021433587899.000000,202.662141,6.300412,24,0,195.558029,0.002864,44,0,3553660,0.000000,0.000000,0.248064,0.000000,0.000000,188.111264
160,fields/00002__pressure.f64__c0016__dt-f64/chunk_0,write,4194304,,0.305838,1,,0.007194,0.073728,,7.825719,320021830067050.000000,0.000000,0.483237,320021636680336.000000,201.224305,0.316965,0,0,192.208760,0.002864,44,0,4194304,0.000000,0.000000,0.243840,0.000000,0.000000,188.074016
161,fields/00002__pressure.f64__c0017__dt-f64/chunk_0,write,4194304,,0.282790,1,,0.007962,0.084928,,0.000000,,0.000000,0.394607,320021838775640.000000,202.586921,6.181359,24,0,195.632830,0.002445,44,0,3577540,0.000000,0.000000,0.244640,0.000000,0.000000,188.065120
162,fields/00002__pressure.f64__c0018__dt-f64/chunk_0,write,4194304,,0.280625,1,,0.004889,0.071712,,0.000000,,0.000000,0.391394,320022041726647.000000,202.276614,6.359822,24,0,195.166775,0.001397,44,0,3593898,0.000000,0.000000,0.238976,0.000000,0.000000,187.848352
163,fields/00002__pressure.f64__c0019__dt-f64/chunk_0,write,4194304,,0.321273,1,,0.005797,0.070848,,0.000000,,0.000000,0.472481,320022244566326.000000,202.104034,6.390509,24,0,194.839285,0.003841,44,0,3615124,0.000000,0.000000,0.248512,0.000000,0.000000,187.161503
164,fields/00002__pressure.f64__c0020__dt-f64/chunk_0,write,4194304,,0.294034,1,,0.008521,0.092320,,0.000000,,0.000000,0.447966,320022447588712.000000,201.362732,4.683890,24,0,195.833137,0.002864,44,0,3645004,0.000000,0.000000,0.245376,0.000000,0.000000,189.227424
165,fields/00002__pressure.f64__c0021__dt-f64/chunk_0,write,4194304,,0.332448,1,,0.011245,0.086784,,0.000000,,0.000000,0.427642,320022649431956.000000,200.778784,6.908165,24,0,193.009078,0.003422,44,0,3681818,0.000000,0.000000,0.260864,0.000000,0.000000,186.330818
166,fields/00002__pressure.f64__c0022__dt-f64/chunk_0,write,4194304,,0.328816,1,,0.009359,0.377536,,0.000000,,0.000000,0.455439,320022850639709.000000,200.321808,7.099113,24,0,192.047355,0.004190,44,0,3712444,0.000000,0.000000,0.237728,0.000000,0.000000,184.410465
167,fields/00002__pressure.f64__c0023__dt-f64/chunk_0,write,4194304,,0.268543,1,,0.010896,0.379776,,0.000000,,0.000000,0.469477,320023051703657.000000,196.779774,4.467321,24,0,191.181386,0.002375,44,0,3735382,0.000000,0.000000,0.233376,0.000000,0.000000,184.080223
168,fields/00002__pressure.f64__c0024__dt-f64/chunk_0,write,4194304,,0.304930,1,,0.005308,0.366624,,0.000000,,0.000000,0.431274,320023249348283.000000,201.817124,6.579645,24,0,194.126549,0.002794,44,0,3746598,0.000000,0.000000,0.232544,0.000000,0.000000,186.673122
169,fields/00002__pressure.f64__c0025__dt-f64/chunk_0,write,4194304,,0.299901,1,,0.005727,0.389728,,0.000000,,0.000000,0.398169,320023451922842.000000,200.115355,4.250710,24,0,194.768746,0.002374,44,0,3755690,0.000000,0.000000,0.236672,0.000000,0.000000,187.060705
170,fields/00002__pressure.f64__c0026__dt-f64/chunk_0,write,4194304,,0.330352,1,,0.007264,0.079520,,10.828782,320023845733403.000000,0.000000,0.432182,320023652520316.000000,204.053672,0.141810,0,0,192.231877,0.001885,44,0,4194304,0.000000,0.000000,0.281024,0.000000,0.000000,188.041727
171,fields/00002__pressure.f64__c0027__dt-f64/chunk_0,write,4194304,,0.293825,1,,0.008102,0.353728,,0.000000,,0.000000,0.425896,320023857000023.000000,204.403091,7.312822,24,0,196.004458,0.004260,44,0,4028398,0.000000,0.000000,0.237088,0.000000,0.000000,187.639745
172,fields/00002__pressure.f64__c0028__dt-f64/chunk_0,write,4194304,,0.371350,1,,0.006635,0.081984,,0.000000,,0.000000,0.443287,320024061954306.000000,199.654538,4.338731,24,0,194.409688,0.002863,44,0,4022396,0.000000,0.000000,0.255744,0.000000,0.000000,189.217824
173,fields/00002__pressure.f64__c0029__dt-f64/chunk_0,write,4194304,,0.287609,1,,0.005238,0.376928,,0.000000,,0.000000,0.420867,320024261963013.000000,199.640360,5.132136,24,0,193.414789,0.002793,44,0,4015428,0.000000,0.000000,0.235200,0.000000,0.000000,188.407072
174,fields/00002__pressure.f64__c0030__dt-f64/chunk_0,write,4194304,,0.299972,1,,0.006705,0.360416,,0.000000,,0.000000,0.477230,320024462037091.000000,202.467631,7.241248,24,0,194.079266,0.002794,44,0,3822002,0.000000,0.000000,0.250656,0.000000,0.000000,189.834944
175,fields/00002__pressure.f64__c0031__dt-f64/chunk_0,write,4194304,,0.313241,1,,0.007682,0.362848,,0.000000,,0.000000,0.395724,320024665273123.000000,199.618849,4.746161,24,0,193.790819,0.002374,44,0,3752532,0.000000,0.000000,0.238560,0.000000,0.000000,188.497216
176,fields/00002__pressure.f64__c0032__dt-f64/chunk_0,write,4194304,,0.305000,1,,0.032407,0.376288,,0.000000,,0.000000,0.401451,320024865254242.000000,201.659281,6.858987,24,0,193.683193,0.001955,44,0,3750624,0.000000,0.000000,0.234784,0.000000,0.000000,189.575327
177,fields/00002__pressure.f64__c0033__dt-f64/chunk_0,write,4194304,,0.305838,1,,0.005657,0.362752,,0.000000,,0.000000,0.454392,320025067392219.000000,201.026932,6.573807,24,0,193.321622,0.002864,44,0,3748460,0.000000,0.000000,0.231360,0.000000,0.000000,188.067136
178,fields/00002__pressure.f64__c0034__dt-f64/chunk_0,write,4194304,,0.271755,1,,0.005657,0.359232,,0.000000,,0.000000,0.416258,320025269302581.000000,200.556127,6.956151,24,0,192.545119,0.001955,44,0,3747572,0.000000,0.000000,0.230848,0.000000,0.000000,187.860675
179,fields/00002__pressure.f64__c0035__dt-f64/chunk_0,write,4194304,,0.291940,1,,0.013339,0.387680,,0.000000,,0.000000,0.447827,320025470830838.000000,201.874674,6.923584,24,0,193.807022,0.003282,44,0,3745304,0.000000,0.000000,0.235584,0.000000,0.000000,188.749761
180,fields/00002__pressure.f64__c0036__dt-f64/chunk_0,write,4194304,,0.318619,1,,0.008591,0.063872,,10.556817,320025869866762.000000,0.000000,0.474087,320025673661927.000000,206.769824,0.163324,0,0,195.182140,0.002374,44,0,4194304,0.000000,0.000000,0.247776,0.000000,0.000000,191.932510
181,fields/00002__pressure.f64__c0037__dt-f64/chunk_0,write,4194304,,0.303603,1,,0.019486,0.354912,,0.000000,,0.000000,0.403617,320025881260984.000000,203.566524,5.451816,24,0,197.031205,0.001885,44,0,4006064,0.000000,0.000000,0.234784,0.000000,0.000000,188.401118
182,fields/00002__pressure.f64__c0038__dt-f64/chunk_0,write,4194304,,0.378264,1,,0.006216,0.358560,,0.000000,,0.000000,0.448176,320026085280363.000000,199.516600,5.154342,24,0,193.169226,0.001816,44,0,4005898,0.000000,0.000000,0.228896,0.000000,0.000000,187.626401
183,fields/00002__pressure.f64__c0039__dt-f64/chunk_0,write,4194304,,0.325952,1,,0.007962,0.105760,,0.000000,,0.000000,0.401521,320026285593790.000000,205.483126,7.937725,24,0,196.700434,0.003772,44,0,4006156,0.000000,0.000000,0.239424,0.000000,0.000000,188.395393
184,fields/00002__pressure.f64__c0040__dt-f64/chunk_0,write,4194304,,0.319247,1,,0.010057,0.367520,,0.000000,,0.000000,0.414093,320026491579359.000000,202.904073,5.286604,24,0,196.503619,0.002933,44,0,3814560,0.000000,0.000000,0.246784,0.000000,0.000000,192.238400
185,fields/00002__pressure.f64__c0041__dt-f64/chunk_0,write,4194304,,0.346835,1,,0.013270,0.378272,,0.000000,,0.000000,0.446080,320026694903741.000000,208.263883,10.515184,24,0,196.562356,0.001886,44,0,3814496,0.000000,0.000000,0.245920,0.000000,0.000000,192.283552
186,fields/00002__pressure.f64__c0042__dt-f64/chunk_0,write,4194304,,0.314149,1,,0.012991,0.392064,,0.000000,,0.000000,0.480862,320026903672441.000000,204.495143,7.676425,24,0,195.615789,0.002863,44,0,3745632,0.000000,0.000000,0.239808,0.000000,0.000000,191.354016
187,fields/00002__pressure.f64__c0043__dt-f64/chunk_0,write,4194304,,0.300390,1,,0.011873,0.397952,,0.000000,,0.000000,0.445173,320027109182037.000000,202.120168,7.084074,24,0,193.878261,0.002445,44,0,3750280,0.000000,0.000000,0.246016,0.000000,0.000000,188.593824
188,fields/00002__pressure.f64__c0044__dt-f64/chunk_0,write,4194304,,0.336638,1,,0.008032,0.387328,,0.000000,,0.000000,0.477998,320027311764768.000000,200.517016,5.589326,24,0,193.714901,0.002793,44,0,3752240,0.000000,0.000000,0.240384,0.000000,0.000000,189.502623
189,fields/00002__pressure.f64__c0045__dt-f64/chunk_0,write,4194304,,0.291520,1,,0.007682,0.356320,,0.000000,,0.000000,0.427223,320027513206211.000000,204.275699,7.191360,24,0,195.999709,0.001885,44,0,3755748,0.000000,0.000000,0.231552,0.000000,0.000000,188.147359
190,fields/00002__pressure.f64__c0046__dt-f64/chunk_0,write,4194304,,0.325952,1,,0.007753,0.062848,,8.128693,320027912577516.000000,0.000000,0.411089,320027718059154.000000,202.654807,0.150658,24,0,193.440003,0.001397,43,0,4013580,0.000000,0.126414,0.253536,0.000000,0.080832,189.988609
191,fields/00002__pressure.f64__c0047__dt-f64/chunk_0,write,4194304,,0.281044,1,,0.009988,0.094688,,0.000000,,0.000000,0.422544,320027921178410.000000,200.703843,4.480655,24,0,195.412549,0.002375,44,0,4019494,0.000000,0.000000,0.244576,0.000000,0.000000,188.123999
192,fields/00002__pressure.f64__c0048__dt-f64/chunk_0,write,4194304,,0.308352,1,,0.010057,0.085024,,0.000000,,0.000000,0.456975,320028122885393.000000,201.253569,4.586426,24,0,195.804291,0.002444,44,0,4025694,0.000000,0.000000,0.251488,0.000000,0.000000,188.527904
193,fields/00002__pressure.f64__c0049__dt-f64/chunk_0,write,4194304,,0.281532,1,,0.007752,1.017920,,0.000000,,0.000000,0.458722,320028324965750.000000,202.825082,5.422065,24,0,195.634227,0.002864,44,0,4030258,0.000000,0.000000,0.238048,0.000000,0.000000,187.881729
194,fields/00002__pressure.f64__c0050__dt-f64/chunk_0,write,4194304,,0.283419,1,,0.006216,0.084288,,0.000000,,0.000000,0.410111,320028528696054.000000,198.080929,4.527026,24,0,192.768472,0.001397,44,0,3746042,0.000000,0.000000,0.236288,0.000000,0.000000,188.050338
195,fields/00002__pressure.f64__c0051__dt-f64/chunk_0,write,4194304,,0.294244,1,,0.010896,0.087488,,0.000000,,0.000000,0.411160,320028727209793.000000,206.252504,9.173968,24,0,196.272792,0.001956,44,0,3731470,0.000000,0.000000,0.245376,0.000000,0.000000,192.015936
196,fields/00002__pressure.f64__c0052__dt-f64/chunk_0,write,4194304,,0.326581,1,,0.012711,0.087008,,0.000000,,0.000000,0.428410,320028934024945.000000,199.289474,6.801782,24,0,191.630189,0.002793,44,0,3720804,0.000000,0.000000,0.254752,0.000000,0.000000,187.476960
197,fields/00002__pressure.f64__c0053__dt-f64/chunk_0,write,4194304,,0.316244,1,,0.011245,0.390656,,0.000000,,0.000000,0.495948,320029133787388.000000,198.593290,6.719182,24,0,190.657151,0.002864,44,0,3713680,0.000000,0.000000,0.241280,0.000000,0.000000,186.608705
198,fields/00002__pressure.f64__c0054__dt-f64/chunk_0,write,4194304,,0.290263,1,,0.012013,0.763072,,0.000000,,0.000000,0.438886,320029333212496.000000,198.841158,4.623975,24,0,192.710155,0.002794,44,0,3702362,0.000000,0.000000,0.226432,0.000000,0.000000,187.626239
199,fields/00002__pressure.f64__c0055__dt-f64/chunk_0,write,4194304,,0.272523,1,,0.009009,0.377568,,0.000000,,0.000000,0.435743,320029532843986.000000,198.040631,6.857638,24,0,190.085356,0.002794,44,0,3695698,0.000000,0.000000,0.229728,0.000000,0.000000,185.906143
200,fields/00002__pressure.f64__c0056__dt-f64/chunk_0,write,4194304,,0.290752,1,,0.009569,0.072896,,7.847020,320029920822535.000000,0.000000,0.404315,320029731361427.000000,197.316091,0.176091,0,0,188.512166,0.003282,44,0,4194304,0.000000,0.000000,0.245696,0.000000,0.000000,185.170850
201,fields/00002__pressure.f64__c0057__dt-f64/chunk_0,write,4194304,,3.399835,1,,0.028566,0.498176,,0.000000,,0.000000,0.402569,320029929104391.000000,206.414608,7.396756,24,0,194.684865,0.003841,44,0,3960066,0.000000,0.000000,0.243904,0.000000,0.000000,189.547103
202,fields/00002__pressure.f64__c0058__dt-f64/chunk_0,write,4194304,,0.303812,1,,0.008451,0.110816,,0.000000,,0.000000,0.404525,320030136057620.000000,202.611227,6.893841,24,0,194.886988,0.002794,44,0,3950562,0.000000,0.000000,0.242560,0.000000,0.000000,189.560543
203,fields/00002__pressure.f64__c0059__dt-f64/chunk_0,write,4194304,,0.339083,1,,0.005657,0.070336,,0.000000,,0.000000,0.478487,320030339208375.000000,199.778158,4.344792,24,0,194.534984,0.004819,44,0,3615830,0.000000,0.000000,0.242656,0.000000,0.000000,189.614368
204,fields/00002__pressure.f64__c0060__dt-f64/chunk_0,write,4194304,,0.311774,1,,0.004749,0.071392,,0.000000,,0.000000,0.474995,320030539734051.000000,201.859378,4.760065,24,0,196.234029,0.002374,44,0,3601164,0.000000,0.000000,0.243136,0.000000,0.000000,191.244896
205,fields/00002__pressure.f64__c0061__dt-f64/chunk_0,write,4194304,,0.293686,1,,0.005238,0.067584,,0.000000,,0.000000,0.409903,320030742362947.000000,201.910781,4.930233,24,0,196.201343,0.002794,44,0,3585290,0.000000,0.000000,0.236640,0.000000,0.000000,191.390592
206,fields/00002__pressure.f64__c0062__dt-f64/chunk_0,write,4194304,,0.288866,1,,0.008521,0.088128,,0.000000,,0.000000,0.445452,320030944732520.000000,203.633992,6.162934,24,0,196.638205,0.001886,44,0,3573014,0.000000,0.000000,0.229856,0.000000,0.000000,191.741919
207,fields/00002__pressure.f64__c0063__dt-f64/chunk_0,write,4194304,,0.340060,1,,0.005378,0.070176,,0.000000,,0.000000,0.458652,320031149225637.000000,205.317322,6.563340,24,0,197.877271,0.002445,44,0,3568370,0.000000,0.000000,0.240928,0.000000,0.000000,192.907457
208,fields/00002__pressure.f64__c0064__dt-f64/chunk_0,write,4194304,,0.363178,1,,0.007682,0.068992,,0.000000,,0.000000,0.425756,320031355516695.000000,200.682750,7.022408,24,0,192.791870,0.002864,44,0,3561076,0.000000,0.000000,0.315584,0.000000,0.000000,188.639839
209,fields/00002__pressure.f64__c0065__dt-f64/chunk_0,write,4194304,,0.326232,1,,0.004889,0.068096,,0.000000,,0.000000,0.440982,320031556777318.000000,203.225626,4.116622,24,0,198.265941,0.002864,44,0,3557794,0.000000,0.000000,0.249664,0.000000,0.000000,193.095967
210,fields/00002__pressure.f64__c0066__dt-f64/chunk_0,write,4194304,,0.266307,1,,0.005169,0.065536,,8.143220,320031953431842.000000,0.000000,0.397121,320031760445392.000000,201.135397,0.208035,0,0,192.047215,0.002794,44,0,4194304,0.000000,0.000000,0.235520,0.000000,0.000000,188.717344
211,fields/00002__pressure.f64__c0067__dt-f64/chunk_0,write,4194304,,0.300949,1,,0.006774,0.068448,,0.000000,,0.000000,0.428131,320031961977700.000000,207.258299,6.901358,24,0,199.549776,0.002863,44,0,3549638,0.000000,0.000000,0.245344,0.000000,0.000000,194.094592
212,fields/00002__pressure.f64__c0068__dt-f64/chunk_0,write,4194304,,0.292149,1,,0.008940,0.086784,,0.000000,,0.000000,0.408995,320032169644224.000000,200.136796,7.153098,24,0,192.184036,0.002794,44,0,3534380,0.000000,0.000000,0.242560,0.000000,0.000000,188.052032
213,fields/00002__pressure.f64__c0069__dt-f64/chunk_0,write,4194304,,0.330911,1,,0.009010,0.086688,,0.000000,,0.000000,0.424220,320032370392557.000000,199.437819,6.221086,24,0,192.362691,0.003213,44,0,3521150,0.000000,0.000000,0.265472,0.000000,0.000000,188.300864
214,fields/00002__pressure.f64__c0070__dt-f64/chunk_0,write,4194304,,0.332169,1,,0.006216,0.064064,,0.000000,,0.000000,0.454880,320032570313402.000000,205.351334,6.057511,24,0,198.432583,0.003911,44,0,3526930,0.000000,0.000000,0.241856,0.000000,0.000000,193.539392
215,fields/00002__pressure.f64__c0071__dt-f64/chunk_0,write,4194304,,0.284816,1,,0.007054,0.062112,,0.000000,,0.000000,0.394118,320032776522744.000000,205.356852,10.355790,24,0,194.250588,0.002374,44,0,3598674,0.000000,0.000000,0.243456,0.000000,0.000000,189.470752
216,fields/00003__velocityx.f64__c0000__dt-f64/chunk_0,write,4194304,,0.328816,1,,0.003771,0.069120,,0.000000,,0.000000,0.422684,320032982342648.000000,208.201514,7.477651,24,0,199.896190,0.003282,44,0,3873796,0.000000,0.000000,0.248000,0.000000,0.000000,191.953376
217,fields/00003__velocityx.f64__c0001__dt-f64/chunk_0,write,4194304,,0.294733,1,,0.007124,0.080000,,0.000000,,0.000000,0.421566,320033190981023.000000,200.968264,4.619594,24,0,195.542873,0.002374,44,0,3707848,0.000000,0.000000,0.238176,0.000000,0.000000,191.201249
218,fields/00003__velocityx.f64__c0002__dt-f64/chunk_0,write,4194304,,0.274269,1,,0.005099,0.077888,,0.000000,,0.000000,0.405991,320033392375114.000000,198.997256,4.439977,24,0,193.791587,0.002445,44,0,3708842,0.000000,0.000000,0.241056,0.000000,0.000000,189.766142
219,fields/00003__velocityx.f64__c0003__dt-f64/chunk_0,write,4194304,,0.294384,1,,0.009638,0.087936,,0.000000,,0.000000,0.407946,320033591751472.000000,201.229753,6.951293,24,0,193.475623,0.002933,44,0,3736792,0.000000,0.000000,0.240864,0.000000,0.000000,189.453342
220,fields/00003__velocityx.f64__c0004__dt-f64/chunk_0,write,4194304,,0.330981,1,,0.005308,0.066560,,5.403600,320033989803323.000000,0.000000,0.504398,320033793533255.000000,201.684913,0.241792,0,0,195.129410,0.002864,44,0,4194304,0.000000,0.000000,0.253792,0.000000,0.000000,191.053279
221,fields/00003__velocityx.f64__c0005__dt-f64/chunk_0,write,4194304,,0.275107,1,,0.007543,0.084768,,0.000000,,0.000000,0.429319,320033995973019.000000,204.614433,7.706798,24,0,196.107964,0.002934,44,0,3875728,0.000000,0.000000,0.243616,0.000000,0.000000,188.926272
222,fields/00003__velocityx.f64__c0006__dt-f64/chunk_0,write,4194304,,0.302345,1,,0.004191,0.066080,,0.000000,,0.000000,0.690527,320034201433237.000000,202.769907,5.207126,24,0,196.496845,0.002793,44,0,3875324,0.000000,0.000000,0.243552,0.000000,0.000000,191.123072
223,fields/00003__velocityx.f64__c0007__dt-f64/chunk_0,write,4194304,,0.303114,1,,0.005797,0.096064,,0.000000,,0.000000,0.460608,320034405051933.000000,207.176862,4.843925,24,0,201.464002,0.003352,44,0,3881930,0.000000,0.000000,0.239872,0.000000,0.000000,193.591329
224,fields/00003__velocityx.f64__c0008__dt-f64/chunk_0,write,4194304,,0.308283,1,,0.008171,0.073504,,0.000000,,0.000000,0.452227,320034612981901.000000,201.020367,7.215898,24,0,192.960887,0.001397,44,0,3709256,0.000000,0.000000,0.250400,0.000000,0.000000,188.702112
225,fields/00003__velocityx.f64__c0009__dt-f64/chunk_0,write,4194304,,0.318409,1,,0.010546,0.089664,,0.000000,,0.000000,0.451109,320034814493327.000000,200.877540,4.692413,24,0,195.311627,0.003772,44,0,3705516,0.000000,0.000000,0.262272,0.000000,0.000000,190.066111
226,fields/00003__velocityx.f64__c0010__dt-f64/chunk_0,write,4194304,,0.302416,1,,0.004679,0.069920,,0.000000,,0.000000,0.437630,320035016092124.000000,200.252594,4.145599,24,0,195.289417,0.002933,44,0,3710242,0.000000,0.000000,0.236704,0.000000,0.000000,190.878015
227,fields/00003__velocityx.f64__c0011__dt-f64/chunk_0,write,4194304,,0.310238,1,,0.008172,0.078592,,0.000000,,0.000000,0.429388,320035217194625.000000,201.671154,7.698515,24,0,193.144363,0.001886,44,0,3714264,0.000000,0.000000,0.250144,0.000000,0.000000,189.057343
228,fields/00003__velocityx.f64__c0012__dt-f64/chunk_0,write,4194304,,0.355356,1,,0.004331,0.068768,,0.000000,,0.000000,0.426734,320035419519918.000000,205.700474,7.556293,24,0,197.284732,0.004260,44,0,3721032,0.000000,0.000000,0.289024,0.000000,0.000000,191.952929
229,fields/00003__velocityx.f64__c0013__dt-f64/chunk_0,write,4194304,,0.299902,1,,0.004191,0.066720,,0.000000,,0.000000,0.438397,320035625531748.000000,200.967217,4.984038,24,0,195.172013,0.001956,44,0,3727886,0.000000,0.000000,0.251520,0.000000,0.000000,190.273950
230,fields/00003__velocityx.f64__c0014__dt-f64/chunk_0,write,4194304,,0.320505,1,,0.005727,0.061440,,11.241198,320036023600780.000000,0.000000,0.392651,320035827358998.000000,207.487031,0.145083,0,0,195.318611,0.001816,44,0,4194304,0.000000,0.000000,0.241344,0.000000,0.000000,191.231553
231,fields/00003__velocityx.f64__c0015__dt-f64/chunk_0,write,4194304,,0.299273,1,,0.005238,0.070560,,0.000000,,0.000000,0.415141,320036035350846.000000,205.535089,7.694257,24,0,197.047757,0.002863,44,0,3915790,0.000000,0.000000,0.246720,0.000000,0.000000,191.834657
232,fields/00003__velocityx.f64__c0016__dt-f64/chunk_0,write,4194304,,0.291939,1,,0.004680,0.076736,,0.000000,,0.000000,0.406410,320036241354016.000000,201.876349,7.907732,24,0,193.185988,0.002864,44,0,3924775,0.000000,0.000000,0.245472,0.000000,0.000000,189.024543
233,fields/00003__velocityx.f64__c0017__dt-f64/chunk_0,write,4194304,,0.331051,1,,0.004679,0.062592,,0.000000,,0.000000,0.408505,320036443631677.000000,206.042769,7.236170,24,0,197.997398,0.002374,44,0,3928979,0.000000,0.000000,0.244416,0.000000,0.000000,193.071967
234,fields/00003__velocityx.f64__c0018__dt-f64/chunk_0,write,4194304,,0.278879,1,,0.009568,0.086304,,0.000000,,0.000000,0.451458,320036650191067.000000,203.944439,7.018436,24,0,196.097000,0.002794,44,0,3742764,0.000000,0.000000,0.236160,0.000000,0.000000,191.105280
235,fields/00003__velocityx.f64__c0019__dt-f64/chunk_0,write,4194304,,0.278320,1,,0.006985,0.077568,,0.000000,,0.000000,0.449014,320036855196614.000000,203.647401,9.496013,24,0,193.337056,0.002445,44,0,3743552,0.000000,0.000000,0.236576,0.000000,0.000000,189.229825
236,fields/00003__velocityx.f64__c0020__dt-f64/chunk_0,write,4194304,,0.301647,1,,0.004331,0.068192,,0.000000,,0.000000,0.465078,320037059627711.000000,204.217311,6.616797,24,0,196.758403,0.002863,44,0,3742872,0.000000,0.000000,0.250272,0.000000,0.000000,191.793825
237,fields/00003__velocityx.f64__c0021__dt-f64/chunk_0,write,4194304,,0.305838,1,,0.007473,0.081728,,0.000000,,0.000000,0.475693,320037264647087.000000,201.180933,6.792744,24,0,193.514594,0.002863,44,0,3744768,0.000000,0.000000,0.241760,0.000000,0.000000,189.351072
238,fields/00003__velocityx.f64__c0022__dt-f64/chunk_0,write,4194304,,0.302695,1,,0.008521,0.088416,,0.000000,,0.000000,0.443077,320037466706352.000000,202.000947,5.389985,24,0,195.766367,0.001886,44,0,3744160,0.000000,0.000000,0.242848,0.000000,0.000000,191.653218
239,fields/00003__velocityx.f64__c0023__dt-f64/chunk_0,write,4194304,,0.322041,1,,0.005099,0.064448,,0.000000,,0.000000,0.458861,320037669575016.000000,205.352801,6.564458,24,0,197.935100,0.002794,44,0,3743900,0.000000,0.000000,0.241600,0.000000,0.000000,192.778016
240,fields/00003__velocityx.f64__c0024__dt-f64/chunk_0,write,4194304,,0.309539,1,,0.005727,0.066560,,9.697831,320038070335965.000000,0.000000,0.495459,320037875880391.000000,204.163812,0.218604,0,0,193.367228,0.002864,44,0,4194304,0.000000,0.000000,0.244992,0.000000,0.000000,189.985953
241,fields/00003__velocityx.f64__c0025__dt-f64/chunk_0,write,4194304,,0.308073,1,,0.005588,0.077856,,0.000000,,0.000000,0.482398,320038080878884.000000,197.891449,5.701284,24,0,191.314294,0.001956,44,0,3998140,0.000000,0.000000,0.249280,0.000000,0.000000,187.073601
242,fields/00003__velocityx.f64__c0026__dt-f64/chunk_0,write,4194304,,0.291101,1,,0.009080,0.090080,,0.000000,,0.000000,0.405363,320038279543901.000000,198.610051,5.644080,24,0,192.167483,0.002864,44,0,3998268,0.000000,0.000000,0.253120,0.000000,0.000000,188.020000
243,fields/00003__velocityx.f64__c0027__dt-f64/chunk_0,write,4194304,,0.287679,1,,0.007683,0.356416,,0.000000,,0.000000,0.524443,320038478629088.000000,206.875774,5.318170,24,0,200.378449,0.002934,44,0,3999904,0.000000,0.000000,0.247424,0.000000,0.000000,191.477602
244,fields/00003__velocityx.f64__c0028__dt-f64/chunk_0,write,4194304,,0.324207,1,,0.006146,0.070880,,0.000000,,0.000000,0.421775,320038692528586.000000,205.399316,7.183811,24,0,197.389633,0.002864,44,0,3797978,0.000000,0.000000,0.262848,0.000000,0.000000,192.171201
245,fields/00003__velocityx.f64__c0029__dt-f64/chunk_0,write,4194304,,0.308702,1,,0.002794,0.068896,,0.000000,,0.000000,0.527865,320038898908133.000000,207.421380,10.467876,24,0,196.042872,0.002375,44,0,3730788,0.000000,0.000000,0.243008,0.000000,0.000000,190.783587
246,fields/00003__velocityx.f64__c0030__dt-f64/chunk_0,write,4194304,,0.323019,1,,0.008102,0.092480,,0.000000,,0.000000,0.475065,320039107264416.000000,204.915172,7.756774,24,0,196.256868,0.002864,44,0,3723892,0.000000,0.000000,0.235136,0.000000,0.000000,191.022655
247,fields/00003__velocityx.f64__c0031__dt-f64/chunk_0,write,4194304,,0.304441,1,,0.004261,0.066528,,0.000000,,0.000000,0.443636,320039313078942.000000,205.431234,7.109101,24,0,197.500473,0.002794,44,0,3721720,0.000000,0.000000,0.235808,0.000000,0.000000,192.072734
248,fields/00003__velocityx.f64__c0032__dt-f64/chunk_0,write,4194304,,0.286911,1,,0.004400,0.061888,,0.000000,,0.000000,0.429947,320039519472109.000000,207.067630,7.353019,24,0,198.928601,0.002864,44,0,3722060,0.000000,0.000000,0.241088,0.000000,0.000000,191.331553
249,fields/00003__velocityx.f64__c0033__dt-f64/chunk_0,write,4194304,,0.309190,1,,0.005308,0.075168,,0.000000,,0.000000,0.521649,320039727661261.000000,198.714885,4.782478,24,0,193.018228,0.002864,44,0,3716292,0.000000,0.000000,0.235584,0.000000,0.000000,188.963615
250,fields/00003__velocityx.f64__c0034__dt-f64/chunk_0,write,4194304,,0.319597,1,,0.004261,0.067584,,11.665627,320040119466799.000000,0.000000,0.451040,320039927286255.000000,203.858463,0.203052,0,0,191.145486,0.001816,44,0,4194304,0.000000,0.000000,0.248736,0.000000,0.000000,187.902722
251,fields/00003__velocityx.f64__c0035__dt-f64/chunk_0,write,4194304,,0.294244,1,,0.005658,0.083744,,0.000000,,0.000000,0.405432,320040132127814.000000,209.785040,7.803505,24,0,201.189593,0.002864,44,0,4001808,0.000000,0.000000,0.234976,0.000000,0.000000,192.388960
252,fields/00003__velocityx.f64__c0036__dt-f64/chunk_0,write,4194304,,0.285724,1,,0.005797,0.071008,,0.000000,,0.000000,0.404315,320040342454757.000000,209.504834,8.615721,24,0,200.118847,0.003422,44,0,4001982,0.000000,0.000000,0.239392,0.000000,0.000000,191.166721
253,fields/00003__velocityx.f64__c0037__dt-f64/chunk_0,write,4194304,,0.301229,1,,0.005797,0.078208,,0.000000,,0.000000,0.413604,320040552401271.000000,205.273321,5.921492,24,0,198.550128,0.002863,44,0,4002462,0.000000,0.000000,0.241632,0.000000,0.000000,189.911456
254,fields/00003__velocityx.f64__c0038__dt-f64/chunk_0,write,4194304,,0.304929,1,,0.007683,0.081632,,0.000000,,0.000000,0.416398,320040758293182.000000,199.769358,7.126406,24,0,191.829447,0.002863,44,0,3714476,0.000000,0.000000,0.242240,0.000000,0.000000,187.600770
255,fields/00003__velocityx.f64__c0039__dt-f64/chunk_0,write,4194304,,0.320575,1,,0.005797,0.068672,,0.000000,,0.000000,0.427363,320040958624488.000000,211.051902,14.136685,24,0,196.090016,0.002794,44,0,3726148,0.000000,0.000000,0.268608,0.000000,0.000000,190.802943
256,fields/00003__velocityx.f64__c0040__dt-f64/chunk_0,write,4194304,,0.323089,1,,0.008172,0.073376,,0.000000,,0.000000,0.454950,320041170242320.000000,201.249867,7.511946,24,0,192.875051,0.003283,44,0,3731324,0.000000,0.000000,0.243392,0.000000,0.000000,188.427935
257,fields/00003__velocityx.f64__c0041__dt-f64/chunk_0,write,4194304,,0.488405,1,,0.005308,0.064416,,0.000000,,0.000000,0.415699,320041372552458.000000,201.550048,5.057022,24,0,195.515775,0.003423,44,0,3723632,0.000000,0.000000,0.417312,0.000000,0.000000,190.298944
258,fields/00003__velocityx.f64__c0042__dt-f64/chunk_0,write,4194304,,0.292778,1,,0.006635,0.072576,,0.000000,,0.000000,0.408575,320041574513176.000000,197.390123,5.063808,24,0,191.542887,0.002864,44,0,3723268,0.000000,0.000000,0.238368,0.000000,0.000000,187.239324
259,fields/00003__velocityx.f64__c0043__dt-f64/chunk_0,write,4194304,,0.291520,1,,0.007682,0.090176,,0.000000,,0.000000,0.439725,320041772427113.000000,210.467744,9.062679,24,0,200.571702,0.004260,44,0,3727248,0.000000,0.000000,0.245248,0.000000,0.000000,192.696482
260,fields/00003__velocityx.f64__c0044__dt-f64/chunk_0,write,4194304,,0.290263,1,,0.004819,0.064512,,6.959120,320042177755376.000000,0.000000,0.393908,320041983234220.000000,201.483628,0.147389,0,0,193.620754,0.002863,44,0,4194304,0.000000,0.000000,0.242848,0.000000,0.000000,189.982592
261,fields/00003__velocityx.f64__c0045__dt-f64/chunk_0,write,4194304,,0.328327,1,,0.007263,0.072704,,0.000000,,0.000000,0.415699,320042185234469.000000,203.517076,7.875796,24,0,194.815401,0.001886,44,0,4001200,0.000000,0.000000,0.246304,0.000000,0.000000,186.942306
262,fields/00003__velocityx.f64__c0046__dt-f64/chunk_0,write,4194304,,0.310098,1,,0.012571,0.371200,,0.000000,,0.000000,0.468011,320042389261321.000000,200.792053,7.438734,24,0,192.189484,0.001955,44,0,4000702,0.000000,0.000000,0.231200,0.000000,0.000000,187.699392
263,fields/00003__velocityx.f64__c0047__dt-f64/chunk_0,write,4194304,,0.322041,1,,0.015714,0.634528,,0.000000,,0.000000,0.453274,320042591064057.000000,198.660897,5.376627,24,0,191.855779,0.002934,44,0,4000386,0.000000,0.000000,0.252640,0.000000,0.000000,187.635424
264,fields/00003__velocityx.f64__c0048__dt-f64/chunk_0,write,4194304,,0.272383,1,,0.013759,0.771008,,0.000000,,0.000000,0.430366,320042790284457.000000,200.241070,7.263538,24,0,191.486175,0.003841,44,0,3781646,0.000000,0.000000,0.236640,0.000000,0.000000,187.356768
265,fields/00003__velocityx.f64__c0049__dt-f64/chunk_0,write,4194304,,0.327559,1,,0.012851,0.883488,,0.000000,,0.000000,0.445522,320042991520426.000000,207.001350,8.710976,24,0,196.618090,0.002864,44,0,3771230,0.000000,0.000000,0.249280,0.000000,0.000000,191.118592
266,fields/00003__velocityx.f64__c0050__dt-f64/chunk_0,write,4194304,,0.295152,1,,0.006076,0.070208,,0.000000,,0.000000,0.493154,320043199808613.000000,205.417195,7.695726,24,0,196.833342,0.023537,44,0,3762932,0.000000,0.000000,0.242688,0.000000,0.000000,191.656416
267,fields/00003__velocityx.f64__c0051__dt-f64/chunk_0,write,4194304,,0.290053,1,,0.009010,0.101280,,0.000000,,0.000000,0.445382,320043406089404.000000,200.050402,7.479084,24,0,191.722799,0.002794,44,0,3758276,0.000000,0.000000,0.237376,0.000000,0.000000,187.560128
268,fields/00003__velocityx.f64__c0052__dt-f64/chunk_0,write,4194304,,0.264911,1,,0.010128,0.087360,,0.000000,,0.000000,0.440773,320043607106907.000000,200.554102,7.339627,24,0,192.408928,0.002375,44,0,3753546,0.000000,0.000000,0.229184,0.000000,0.000000,188.245761
269,fields/00003__velocityx.f64__c0053__dt-f64/chunk_0,write,4194304,,0.312053,1,,0.016063,0.067584,,0.000000,,0.000000,0.466684,320043808702213.000000,202.350995,6.751435,24,0,194.735291,0.001885,44,0,3736984,0.000000,0.000000,0.250528,0.000000,0.000000,190.494591
270,fields/00003__velocityx.f64__c0054__dt-f64/chunk_0,write,4194304,,0.297318,1,,0.007543,0.073728,,7.943263,320044205234653.000000,0.000000,0.437140,320044011604191.000000,201.585318,0.305164,0,0,192.519277,0.001885,44,0,4194304,0.000000,0.000000,0.253952,0.000000,0.000000,189.236864
271,fields/00003__velocityx.f64__c0055__dt-f64/chunk_0,write,4194304,,0.301159,1,,0.010476,0.090848,,0.000000,,0.000000,0.496367,320044213675050.000000,204.800701,5.388110,24,0,198.508991,0.004750,44,0,3906849,0.000000,0.000000,0.240192,0.000000,0.000000,190.155329
272,fields/00003__velocityx.f64__c0056__dt-f64/chunk_0,write,4194304,,0.289285,1,,0.005168,0.072544,,0.000000,,0.000000,0.399775,320044419435239.000000,199.738069,6.975276,24,0,191.993157,0.002864,44,0,3900032,0.000000,0.000000,0.242464,0.000000,0.000000,188.000416
273,fields/00003__velocityx.f64__c0057__dt-f64/chunk_0,write,4194304,,0.293476,1,,0.003911,0.067360,,0.000000,,0.000000,0.464588,320044619607306.000000,203.015820,4.632233,24,0,197.553274,0.000978,44,0,3897012,0.000000,0.000000,0.252288,0.000000,0.000000,192.556257
274,fields/00003__velocityx.f64__c0058__dt-f64/chunk_0,write,4194304,,0.303044,1,,0.009499,0.085280,,0.000000,,0.000000,0.405572,320044823474429.000000,203.580772,5.256579,24,0,197.517865,0.002933,44,0,3891474,0.000000,0.000000,0.245152,0.000000,0.000000,193.362081
275,fields/00003__velocityx.f64__c0059__dt-f64/chunk_0,write,4194304,,0.356543,1,,0.009080,0.089088,,0.000000,,0.000000,0.426036,320045027527612.000000,207.674137,9.485751,24,0,197.304776,0.002863,44,0,3735754,0.000000,0.000000,0.279104,0.000000,0.000000,192.352128
276,fields/00003__velocityx.f64__c0060__dt-f64/chunk_0,write,4194304,,0.305978,1,,0.005238,0.076544,,0.000000,,0.000000,0.408087,320045235624013.000000,205.744196,7.475604,24,0,197.469882,0.002863,44,0,3883947,0.000000,0.000000,0.237376,0.000000,0.000000,190.194464
277,fields/00003__velocityx.f64__c0061__dt-f64/chunk_0,write,4194304,,0.285793,1,,0.006635,0.078016,,0.000000,,0.000000,0.419681,320045441796060.000000,199.499977,5.090425,24,0,193.616144,0.003283,44,0,3730332,0.000000,0.000000,0.241216,0.000000,0.000000,189.206559
278,fields/00003__velocityx.f64__c0062__dt-f64/chunk_0,write,4194304,,0.300181,1,,0.004750,0.070048,,0.000000,,0.000000,0.489033,320045641927898.000000,202.887590,6.709157,24,0,195.311557,0.002864,44,0,3727218,0.000000,0.000000,0.250912,0.000000,0.000000,191.100128
279,fields/00003__velocityx.f64__c0063__dt-f64/chunk_0,write,4194304,,0.316524,1,,0.004260,0.075904,,0.000000,,0.000000,0.492246,320045845921156.000000,204.605981,6.470730,24,0,197.243873,0.002444,44,0,3724644,0.000000,0.000000,0.251424,0.000000,0.000000,192.360926
280,fields/00003__velocityx.f64__c0064__dt-f64/chunk_0,write,4194304,,0.342366,1,,0.007613,0.061440,,7.841572,320046250452522.000000,0.000000,0.431972,320046051466791.000000,206.837221,0.170505,0,0,197.978820,0.002933,44,0,4194304,0.000000,0.000000,0.241984,0.000000,0.000000,193.800128
281,fields/00003__velocityx.f64__c0065__dt-f64/chunk_0,write,4194304,,0.300600,1,,0.008242,0.086272,,0.000000,,0.000000,0.401033,320046259197849.000000,204.894009,4.711377,24,0,199.383063,0.003422,44,0,3873002,0.000000,0.000000,0.238880,0.000000,0.000000,191.258913
282,fields/00003__velocityx.f64__c0066__dt-f64/chunk_0,write,4194304,,0.335381,1,,0.005169,0.071328,,0.000000,,0.000000,0.439795,320046464484859.000000,200.754549,5.850081,24,0,194.050421,0.002374,44,0,3873237,0.000000,0.000000,0.258624,0.000000,0.000000,187.345599
283,fields/00003__velocityx.f64__c0067__dt-f64/chunk_0,write,4194304,,0.277691,1,,0.004679,0.075264,,0.000000,,0.000000,0.432880,320046665644840.000000,205.339880,8.529892,24,0,196.016611,0.002863,44,0,3873987,0.000000,0.000000,0.234656,0.000000,0.000000,188.433247
284,fields/00003__velocityx.f64__c0068__dt-f64/chunk_0,write,4194304,,0.310447,1,,0.008032,0.072352,,0.000000,,0.000000,0.447756,320046871617279.000000,200.992360,7.336480,24,0,192.814360,0.002933,44,0,3705404,0.000000,0.000000,0.250016,0.000000,0.000000,188.787807
285,fields/00003__velocityx.f64__c0069__dt-f64/chunk_0,write,4194304,,0.304231,1,,0.010058,0.086272,,0.000000,,0.000000,0.426385,320047073194076.000000,197.869798,4.502761,24,0,192.537157,0.002934,44,0,3701652,0.000000,0.000000,0.257920,0.000000,0.000000,188.467713
286,fields/00003__velocityx.f64__c0070__dt-f64/chunk_0,write,4194304,,0.537922,1,,0.003353,0.065728,,0.000000,,0.000000,0.456556,320047271573161.000000,204.758027,6.925099,24,0,196.766505,0.002864,44,0,3864403,0.000000,0.000000,0.387616,0.000000,0.000000,191.415425
287,fields/00003__velocityx.f64__c0071__dt-f64/chunk_0,write,4194304,,0.296059,1,,0.002933,0.070080,,0.000000,,0.000000,0.428270,320047477147431.000000,204.840650,7.598145,24,0,196.442229,0.002934,44,0,3687874,0.000000,0.000000,0.244448,0.000000,0.000000,191.488032
288,fields/00004__velocityy.f64__c0000__dt-f64/chunk_0,write,4194304,,0.329584,1,,0.007543,0.073824,,0.000000,,0.000000,0.451319,320047683155698.000000,204.909444,7.611441,24,0,196.432939,0.002794,44,0,3652812,0.000000,0.000000,0.252256,0.000000,0.000000,192.080865
289,fields/00004__velocityy.f64__c0001__dt-f64/chunk_0,write,4194304,,0.322391,1,,0.005727,0.076192,,0.000000,,0.000000,0.478696,320047888984612.000000,207.626854,6.499706,24,0,200.240790,0.003352,44,0,3664064,0.000000,0.000000,0.251584,0.000000,0.000000,195.245952
290,fields/00004__velocityy.f64__c0002__dt-f64/chunk_0,write,4194304,,0.314289,1,,0.008520,0.073728,,12.612265,320048296817406.000000,0.000000,0.436721,320048097477716.000000,211.960755,0.340574,0,0,198.172283,0.002375,44,0,4194304,0.000000,0.000000,0.255488,0.000000,0.000000,194.108448
291,fields/00004__velocityy.f64__c0003__dt-f64/chunk_0,write,4194304,,0.321063,1,,0.009079,0.072480,,0.000000,,0.000000,0.401591,320048309872329.000000,207.247612,7.485884,24,0,198.953325,0.004190,44,0,3854973,0.000000,0.000000,0.242720,0.000000,0.000000,194.011776
292,fields/00004__velocityy.f64__c0004__dt-f64/chunk_0,write,4194304,,0.296828,1,,0.005168,0.069056,,0.000000,,0.000000,0.428271,320048517614772.000000,209.370109,6.367159,24,0,202.201253,0.002374,44,0,3858285,0.000000,0.000000,0.247040,0.000000,0.000000,193.303550
293,fields/00004__velocityy.f64__c0005__dt-f64/chunk_0,write,4194304,,0.318549,1,,0.004190,0.077792,,0.000000,,0.000000,0.471433,320048727561845.000000,210.991279,7.601746,24,0,202.514216,0.003353,44,0,3859443,0.000000,0.000000,0.248160,0.000000,0.000000,194.416066
294,fields/00004__velocityy.f64__c0006__dt-f64/chunk_0,write,4194304,,0.294873,1,,0.009499,0.087488,,0.000000,,0.000000,0.429109,320048939415044.000000,205.714931,6.465358,24,0,198.425810,0.002794,44,0,3688108,0.000000,0.000000,0.248160,0.000000,0.000000,193.443264
295,fields/00004__velocityy.f64__c0007__dt-f64/chunk_0,write,4194304,,0.313380,1,,0.009499,0.068928,,0.000000,,0.000000,0.404874,320049145511592.000000,201.383545,4.374694,24,0,196.209306,0.002864,44,0,3689848,0.000000,0.000000,0.236000,0.000000,0.000000,192.215808
296,fields/00004__velocityy.f64__c0008__dt-f64/chunk_0,write,4194304,,0.292009,1,,0.008661,0.073760,,0.000000,,0.000000,0.473668,320049347391084.000000,203.105427,7.104103,24,0,195.151270,0.001956,44,0,3680946,0.000000,0.000000,0.251968,0.000000,0.000000,190.904382
297,fields/00004__velocityy.f64__c0009__dt-f64/chunk_0,write,4194304,,0.317222,1,,0.005308,0.061696,,0.000000,,0.000000,0.394956,320049551409974.000000,204.933680,7.093470,24,0,197.056209,0.004819,44,0,3685272,0.000000,0.000000,0.239456,0.000000,0.000000,191.959391
298,fields/00004__velocityy.f64__c0010__dt-f64/chunk_0,write,4194304,,0.309539,1,,0.005797,0.066720,,0.000000,,0.000000,0.467732,320049756759213.000000,203.987112,7.293502,24,0,195.841378,0.002444,44,0,3689668,0.000000,0.000000,0.239616,0.000000,0.000000,191.689823
299,fields/00004__velocityy.f64__c0011__dt-f64/chunk_0,write,4194304,,0.300948,1,,0.012293,0.089440,,0.000000,,0.000000,0.428969,320049961650010.000000,207.070494,6.847820,24,0,199.387602,0.003422,44,0,3691780,0.000000,0.000000,0.241824,0.000000,0.000000,194.289408
300,fields/00004__velocityy.f64__c0012__dt-f64/chunk_0,write,4194304,,0.301577,1,,0.006146,0.064512,,8.342339,320050369980777.000000,0.000000,0.412835,320050169891404.000000,208.435554,0.446384,0,0,198.858898,0.002863,44,0,4194304,0.000000,0.000000,0.247008,0.000000,0.000000,194.706944
301,fields/00004__velocityy.f64__c0013__dt-f64/chunk_0,write,4194304,,0.286072,1,,0.008661,0.084320,,0.000000,,0.000000,0.442728,320050378833032.000000,203.571762,5.290575,24,0,197.457590,0.001816,44,0,3868046,0.000000,0.000000,0.235936,0.000000,0.000000,189.948129
302,fields/00004__velocityy.f64__c0014__dt-f64/chunk_0,write,4194304,,0.363317,1,,0.007124,0.075168,,0.000000,,0.000000,0.433020,320050583379369.000000,204.542914,7.368515,24,0,196.292906,0.002864,44,0,3870031,0.000000,0.000000,0.255136,0.000000,0.000000,189.261536
303,fields/00004__velocityy.f64__c0015__dt-f64/chunk_0,write,4194304,,0.298086,1,,0.004889,0.069312,,0.000000,,0.000000,0.426943,320050788459228.000000,205.790431,6.908455,24,0,198.078066,0.004680,44,0,3870567,0.000000,0.000000,0.252352,0.000000,0.000000,190.086175
304,fields/00004__velocityy.f64__c0016__dt-f64/chunk_0,write,4194304,,0.280764,1,,0.005238,0.070336,,0.000000,,0.000000,0.406899,320050994749028.000000,206.058204,7.408477,24,0,197.883626,0.002864,44,0,3871189,0.000000,0.000000,0.243904,0.000000,0.000000,190.534689
305,fields/00004__velocityy.f64__c0017__dt-f64/chunk_0,write,4194304,,0.301996,1,,0.005238,0.064864,,0.000000,,0.000000,0.393419,320051201286279.000000,209.039407,5.138292,24,0,203.132665,0.002933,44,0,3874067,0.000000,0.000000,0.244320,0.000000,0.000000,195.250753
306,fields/00004__velocityy.f64__c0018__dt-f64/chunk_0,write,4194304,,0.287958,1,,0.011594,0.087712,,0.000000,,0.000000,0.438119,320051410804103.000000,201.000253,4.276013,24,0,195.895994,0.002863,44,0,3725258,0.000000,0.000000,0.236576,0.000000,0.000000,191.010562
307,fields/00004__velocityy.f64__c0019__dt-f64/chunk_0,write,4194304,,0.299831,1,,0.004261,0.068896,,0.000000,,0.000000,0.485262,320051612748967.000000,208.139704,6.828134,24,0,200.450527,0.002793,44,0,3730648,0.000000,0.000000,0.241920,0.000000,0.000000,195.364094
308,fields/00004__velocityy.f64__c0020__dt-f64/chunk_0,write,4194304,,0.351026,1,,0.008660,0.090752,,0.000000,,0.000000,0.441471,320051821775314.000000,203.431450,4.174494,24,0,198.362183,0.002864,44,0,3727014,0.000000,0.000000,0.240768,0.000000,0.000000,193.340062
309,fields/00004__velocityy.f64__c0021__dt-f64/chunk_0,write,4194304,,0.295292,1,,0.004749,0.076320,,0.000000,,0.000000,0.427083,320052026075039.000000,203.172616,7.129061,24,0,195.237177,0.002934,44,0,3729656,0.000000,0.000000,0.243264,0.000000,0.000000,190.379936
310,fields/00004__velocityy.f64__c0022__dt-f64/chunk_0,write,4194304,,0.307654,1,,0.007683,0.066560,,9.107248,320052423517659.000000,0.000000,0.425338,320052230087573.000000,202.547670,0.208685,0,0,192.422127,0.002375,44,0,4194304,0.000000,0.000000,0.250784,0.000000,0.000000,189.130238
311,fields/00004__velocityy.f64__c0023__dt-f64/chunk_0,write,4194304,,0.344390,1,,0.005308,0.062560,,0.000000,,0.000000,0.428969,320052433069800.000000,211.181878,8.156369,24,0,202.181908,0.002374,44,0,3907097,0.000000,0.000000,0.237888,0.000000,0.000000,193.226238
312,fields/00004__velocityy.f64__c0024__dt-f64/chunk_0,write,4194304,,0.292917,1,,0.006146,0.067584,,0.000000,,0.000000,0.451109,320052645143350.000000,209.294959,7.937419,24,0,200.536502,0.003282,44,0,3917711,0.000000,0.000000,0.244704,0.000000,0.000000,192.516927
313,fields/00004__velocityy.f64__c0025__dt-f64/chunk_0,write,4194304,,0.296339,1,,0.006704,0.065536,,0.000000,,0.000000,0.431623,320052855359315.000000,206.218143,7.217581,24,0,198.197426,0.002934,44,0,3929067,0.000000,0.000000,0.253728,0.000000,0.000000,190.223295
314,fields/00004__velocityy.f64__c0026__dt-f64/chunk_0,write,4194304,,0.385806,1,,0.005727,0.080480,,0.000000,,0.000000,0.429667,320053061981074.000000,204.568756,6.835828,24,0,196.828384,0.002864,44,0,3754464,0.000000,0.000000,0.237696,0.000000,0.000000,191.630303
315,fields/00004__velocityy.f64__c0027__dt-f64/chunk_0,write,4194304,,0.283349,1,,0.005378,0.067232,,0.000000,,0.000000,0.390487,320053266890029.000000,202.621703,7.473529,24,0,194.399353,0.002375,44,0,3763222,0.000000,0.000000,0.229152,0.000000,0.000000,189.268835
316,fields/00004__velocityy.f64__c0028__dt-f64/chunk_0,write,4194304,,0.297946,1,,0.009917,0.079072,,0.000000,,0.000000,0.425407,320053470044835.000000,200.443193,7.224160,24,0,192.404247,0.002444,44,0,3732916,0.000000,0.000000,0.250528,0.000000,0.000000,188.316611
317,fields/00004__velocityy.f64__c0029__dt-f64/chunk_0,write,4194304,,0.311844,1,,0.009219,0.088224,,0.000000,,0.000000,0.458163,320053670919651.000000,201.693154,7.464972,24,0,193.357799,0.002933,44,0,3726528,0.000000,0.000000,0.251744,0.000000,0.000000,189.270590
318,fields/00004__velocityy.f64__c0030__dt-f64/chunk_0,write,4194304,,0.274269,1,,0.010057,0.087680,,0.000000,,0.000000,0.439097,320053873151286.000000,201.190153,7.321082,24,0,193.055174,0.002794,44,0,3720092,0.000000,0.000000,0.228832,0.000000,0.000000,188.935934
319,fields/00004__velocityy.f64__c0031__dt-f64/chunk_0,write,4194304,,0.293475,1,,0.009358,0.086944,,0.000000,,0.000000,0.425617,320054075224380.000000,207.107300,7.380835,24,0,198.909604,0.001467,44,0,3716320,0.000000,0.000000,0.242176,0.000000,0.000000,193.797663
320,fields/00004__velocityy.f64__c0032__dt-f64/chunk_0,write,4194304,,0.306815,1,,0.004679,0.065536,,12.413565,320054475821551.000000,0.000000,0.393140,320054283222165.000000,205.015674,0.257624,0,0,191.570474,0.003841,44,0,4194304,0.000000,0.000000,0.242816,0.000000,0.000000,188.214174
321,fields/00004__velocityy.f64__c0033__dt-f64/chunk_0,write,4194304,,0.309190,1,,0.004749,0.077504,,0.000000,,0.000000,0.499300,320054488807051.000000,208.639562,7.684309,24,0,200.061158,0.003352,44,0,3999484,0.000000,0.000000,0.255296,0.000000,0.000000,192.188702
322,fields/00004__velocityy.f64__c0034__dt-f64/chunk_0,write,4194304,,0.340829,1,,0.005797,0.067744,,0.000000,,0.000000,0.422753,320054698542783.000000,203.357417,4.539866,24,0,197.977564,0.002864,44,0,3998204,0.000000,0.000000,0.281600,0.000000,0.000000,192.556514
323,fields/00004__velocityy.f64__c0035__dt-f64/chunk_0,write,4194304,,0.325534,1,,0.008031,0.071648,,0.000000,,0.000000,0.445102,320054902357036.000000,203.384167,6.857232,24,0,195.673827,0.002793,44,0,3998876,0.000000,0.000000,0.249024,0.000000,0.000000,188.750880
324,fields/00004__velocityy.f64__c0036__dt-f64/chunk_0,write,4194304,,0.314359,1,,0.005866,0.068416,,0.000000,,0.000000,0.480931,320055106835556.000000,204.089081,4.712475,24,0,198.504590,0.002444,44,0,3712200,0.000000,0.000000,0.248384,0.000000,0.000000,193.512544
325,fields/00004__velocityy.f64__c0037__dt-f64/chunk_0,write,4194304,,0.280485,1,,0.007124,0.073920,,0.000000,,0.000000,0.467173,320055311792004.000000,197.942433,4.693489,24,0,192.417448,0.002794,44,0,3712952,0.000000,0.000000,0.235584,0.000000,0.000000,188.239327
326,fields/00004__velocityy.f64__c0038__dt-f64/chunk_0,write,4194304,,0.299762,1,,0.003842,0.068288,,0.000000,,0.000000,0.453274,320055510644477.000000,204.083354,6.676625,24,0,196.578699,0.002864,44,0,3714272,0.000000,0.000000,0.248256,0.000000,0.000000,191.465152
327,fields/00004__velocityy.f64__c0039__dt-f64/chunk_0,write,4194304,,0.313800,1,,0.005169,0.071104,,0.000000,,0.000000,0.464309,320055715293132.000000,204.367960,6.364549,24,0,197.146095,0.002934,44,0,3713888,0.000000,0.000000,0.246240,0.000000,0.000000,192.243519
328,fields/00004__velocityy.f64__c0040__dt-f64/chunk_0,write,4194304,,0.319597,1,,0.008591,0.088192,,0.000000,,0.000000,0.428200,320055920571482.000000,201.371601,5.629067,24,0,194.896068,0.001886,44,0,3713752,0.000000,0.000000,0.244928,0.000000,0.000000,189.902529
329,fields/00004__velocityy.f64__c0041__dt-f64/chunk_0,write,4194304,,0.292010,1,,0.004749,0.076384,,0.000000,,0.000000,0.464099,320056122815479.000000,199.742888,4.402718,24,0,194.500064,0.002864,44,0,3717516,0.000000,0.000000,0.240256,0.000000,0.000000,189.826272
330,fields/00004__velocityy.f64__c0042__dt-f64/chunk_0,write,4194304,,0.290403,1,,0.009149,0.067584,,10.338491,320056515610957.000000,0.000000,0.408156,320056323400032.000000,202.553676,0.176723,0,0,191.261284,0.001886,44,0,4194304,0.000000,0.000000,0.244768,0.000000,0.000000,188.057984
331,fields/00004__velocityy.f64__c0043__dt-f64/chunk_0,write,4194304,,0.329374,1,,0.005658,0.076064,,0.000000,,0.000000,0.444614,320056526432544.000000,207.675813,5.701538,24,0,201.115702,0.002863,44,0,3996974,0.000000,0.000000,0.240032,0.000000,0.000000,193.229952
332,fields/00004__velocityy.f64__c0044__dt-f64/chunk_0,write,4194304,,0.280625,1,,0.010896,0.080544,,0.000000,,0.000000,0.409902,320056735294414.000000,201.377608,7.984243,24,0,192.608535,0.002863,44,0,3996076,0.000000,0.000000,0.230048,0.000000,0.000000,188.420608
333,fields/00004__velocityy.f64__c0045__dt-f64/chunk_0,write,4194304,,0.312543,1,,0.003842,0.062880,,0.000000,,0.000000,0.407876,320056937140801.000000,204.270042,7.311521,24,0,196.168098,0.003282,44,0,3993964,0.000000,0.000000,0.240736,0.000000,0.000000,190.748193
334,fields/00004__velocityy.f64__c0046__dt-f64/chunk_0,write,4194304,,0.303812,1,,0.007962,0.087840,,0.000000,,0.000000,0.465497,320057141871729.000000,200.680096,4.949579,24,0,194.863591,0.001815,44,0,3728332,0.000000,0.000000,0.236864,0.000000,0.000000,189.687969
335,fields/00004__velocityy.f64__c0047__dt-f64/chunk_0,write,4194304,,0.301787,1,,0.005168,0.067904,,0.000000,,0.000000,0.448176,320057343470457.000000,206.156752,8.976486,24,0,196.353529,0.003702,44,0,3757622,0.000000,0.000000,0.240608,0.000000,0.000000,191.683522
336,fields/00004__velocityy.f64__c0048__dt-f64/chunk_0,write,4194304,,0.319038,1,,0.009499,0.489824,,0.000000,,0.000000,0.446011,320057550657237.000000,201.215644,7.411114,24,0,192.536317,0.003841,44,0,3750794,0.000000,0.000000,0.244800,0.000000,0.000000,188.330145
337,fields/00004__velocityy.f64__c0049__dt-f64/chunk_0,write,4194304,,0.320086,1,,0.013409,0.961120,,0.000000,,0.000000,0.466753,320057752376722.000000,204.383884,4.593061,24,0,198.026661,0.002794,44,0,3743462,0.000000,0.000000,0.242624,0.000000,0.000000,192.956704
338,fields/00004__velocityy.f64__c0050__dt-f64/chunk_0,write,4194304,,0.304301,1,,0.006146,0.071904,,0.000000,,0.000000,0.429179,320057957731618.000000,200.876771,6.305083,24,0,193.757714,0.002444,44,0,3734594,0.000000,0.000000,0.240224,0.000000,0.000000,189.687617
339,fields/00004__velocityy.f64__c0051__dt-f64/chunk_0,write,4194304,,0.337197,1,,0.004260,0.069536,,0.000000,,0.000000,0.458721,320058159236269.000000,204.162485,9.291029,24,0,193.998948,0.002794,44,0,3727282,0.000000,0.000000,0.246336,0.000000,0.000000,189.994175
340,fields/00004__velocityy.f64__c0052__dt-f64/chunk_0,write,4194304,,0.302415,1,,0.012222,0.074752,,8.786045,320058558330510.000000,0.000000,0.394118,320058364323181.000000,202.796727,0.201823,0,0,193.022488,0.002864,44,0,4194304,0.000000,0.000000,0.242880,0.000000,0.000000,189.662785
341,fields/00004__velocityy.f64__c0053__dt-f64/chunk_0,write,4194304,,0.280904,1,,0.005587,0.063200,,0.000000,,0.000000,0.393000,320058567392152.000000,209.992470,7.118925,24,0,202.128479,0.002375,44,0,3884868,0.000000,0.000000,0.235072,0.000000,0.000000,194.127232
342,fields/00004__velocityy.f64__c0054__dt-f64/chunk_0,write,4194304,,0.337057,1,,0.004749,0.070048,,0.000000,,0.000000,0.444265,320058777953135.000000,208.876885,7.840878,24,0,200.176955,0.002933,44,0,3879404,0.000000,0.000000,0.260224,0.000000,0.000000,194.920576
343,fields/00004__velocityy.f64__c0055__dt-f64/chunk_0,write,4194304,,0.293964,1,,0.005727,0.069600,,0.000000,,0.000000,0.443915,320058987396648.000000,205.892819,7.217358,24,0,197.859950,0.002305,44,0,3871509,0.000000,0.000000,0.237792,0.000000,0.000000,192.966402
344,fields/00004__velocityy.f64__c0056__dt-f64/chunk_0,write,4194304,,0.317153,1,,0.009568,0.090816,,0.000000,,0.000000,0.451109,320059194212847.000000,203.648868,4.809922,24,0,197.967506,0.002794,44,0,3867654,0.000000,0.000000,0.243648,0.000000,0.000000,192.918944
345,fields/00004__velocityy.f64__c0057__dt-f64/chunk_0,write,4194304,,0.285025,1,,0.005308,0.069088,,0.000000,,0.000000,0.461795,320059398797806.000000,210.378766,10.944146,24,0,198.611937,0.001467,44,0,3863234,0.000000,0.000000,0.238688,0.000000,0.000000,193.495393
346,fields/00004__velocityy.f64__c0058__dt-f64/chunk_0,write,4194304,,0.310378,1,,0.008660,0.088320,,0.000000,,0.000000,0.410880,320059610060771.000000,202.802803,5.019360,24,0,196.962341,0.002864,44,0,3863452,0.000000,0.000000,0.241600,0.000000,0.000000,191.972929
347,fields/00004__velocityy.f64__c0059__dt-f64/chunk_0,write,4194304,,0.295221,1,,0.004749,0.079232,,0.000000,,0.000000,0.515503,320059813306581.000000,207.965797,7.304667,24,0,199.763561,0.002864,44,0,3674984,0.000000,0.000000,0.248256,0.000000,0.000000,194.676513
348,fields/00004__velocityy.f64__c0060__dt-f64/chunk_0,write,4194304,,0.317571,1,,0.004820,0.067968,,0.000000,,0.000000,0.445173,320060022228723.000000,208.181469,6.969793,24,0,200.373280,0.002864,44,0,3675284,0.000000,0.000000,0.251232,0.000000,0.000000,195.343200
349,fields/00004__velocityy.f64__c0061__dt-f64/chunk_0,write,4194304,,0.302695,1,,0.004750,0.076416,,0.000000,,0.000000,0.486659,320060230828755.000000,200.809374,4.956252,24,0,194.979738,0.002864,44,0,3655604,0.000000,0.000000,0.248128,0.000000,0.000000,190.755233
350,fields/00004__velocityy.f64__c0062__dt-f64/chunk_0,write,4194304,,0.326162,1,,0.004190,0.062464,,10.858604,320060631223314.000000,0.000000,0.485192,320060432665853.000000,209.427938,0.168295,0,0,197.521146,0.001885,44,0,4194304,0.000000,0.000000,0.252608,0.000000,0.000000,193.404062
351,fields/00004__velocityy.f64__c0063__dt-f64/chunk_0,write,4194304,,0.295781,1,,0.003772,0.065472,,0.000000,,0.000000,0.461655,320060642973101.000000,205.080628,6.908944,24,0,197.342211,0.002793,44,0,3854664,0.000000,0.000000,0.237760,0.000000,0.000000,192.300286
352,fields/00004__velocityy.f64__c0064__dt-f64/chunk_0,write,4194304,,0.282929,1,,0.005308,0.077760,,0.000000,,0.000000,0.467383,320060848984232.000000,203.324592,7.085158,24,0,195.403190,0.002864,44,0,3853398,0.000000,0.000000,0.240768,0.000000,0.000000,191.346015
353,fields/00004__velocityy.f64__c0065__dt-f64/chunk_0,write,4194304,,0.285723,1,,0.005588,0.088768,,0.000000,,0.000000,0.393490,320061053149930.000000,202.734776,7.701679,24,0,194.257084,0.002444,44,0,3853356,0.000000,0.000000,0.232896,0.000000,0.000000,189.772608
354,fields/00004__velocityy.f64__c0066__dt-f64/chunk_0,write,4194304,,0.328885,1,,0.005658,0.064448,,0.000000,,0.000000,0.388880,320061256360260.000000,206.556387,7.140864,24,0,198.624858,0.002794,44,0,3626176,0.000000,0.000000,0.244384,0.000000,0.000000,193.243936
355,fields/00004__velocityy.f64__c0067__dt-f64/chunk_0,write,4194304,,0.289774,1,,0.010407,0.080128,,0.000000,,0.000000,0.439027,320061463355464.000000,202.301547,7.099411,24,0,194.380425,0.002375,44,0,3622944,0.000000,0.000000,0.237632,0.000000,0.000000,190.315490
356,fields/00004__velocityy.f64__c0068__dt-f64/chunk_0,write,4194304,,0.309610,1,,0.009149,0.071200,,0.000000,,0.000000,0.448734,320061666644227.000000,202.788764,7.009026,24,0,194.938112,0.002933,44,0,3615428,0.000000,0.000000,0.251872,0.000000,0.000000,190.833185
357,fields/00004__velocityy.f64__c0069__dt-f64/chunk_0,write,4194304,,0.295012,1,,0.009498,0.087968,,0.000000,,0.000000,0.474646,320061869879281.000000,203.269696,6.513351,24,0,195.886357,0.002864,44,0,3613864,0.000000,0.000000,0.239744,0.000000,0.000000,191.846433
358,fields/00004__velocityy.f64__c0070__dt-f64/chunk_0,write,4194304,,0.298504,1,,0.006147,0.069504,,0.000000,,0.000000,0.453554,320062074067468.000000,203.138044,4.318665,24,0,197.988807,0.002863,44,0,3606808,0.000000,0.000000,0.250688,0.000000,0.000000,192.977888
359,fields/00004__velocityy.f64__c0071__dt-f64/chunk_0,write,4194304,,0.284536,1,,0.005588,0.068000,,0.000000,,0.000000,0.450481,320062277580982.000000,199.998160,4.557560,24,0,194.629550,0.002445,44,0,3616768,0.000000,0.000000,0.239552,0.000000,0.000000,190.400512
360,fields/00005__velocityz.f64__c0000__dt-f64/chunk_0,write,4194304,,0.353610,1,,0.004889,0.061440,,7.933205,320062671921224.000000,0.000000,0.456207,320062478506923.000000,201.355468,0.144314,0,0,192.398450,0.003353,44,0,4194304,0.000000,0.000000,0.260192,0.000000,0.000000,188.192000
361,fields/00005__velocityz.f64__c0001__dt-f64/chunk_0,write,4194304,,0.347045,1,,0.009499,0.087808,,0.000000,,0.000000,0.441401,320062680277252.000000,204.373198,4.718992,24,0,198.764542,0.003911,44,0,3881707,0.000000,0.000000,0.240480,0.000000,0.000000,190.769279
362,fields/00005__velocityz.f64__c0002__dt-f64/chunk_0,write,4194304,,0.300739,1,,0.005238,0.076096,,0.000000,,0.000000,0.477998,320062885553716.000000,200.741627,5.009933,24,0,194.868760,0.002863,44,0,3882607,0.000000,0.000000,0.240224,0.000000,0.000000,188.005889
363,fields/00005__velocityz.f64__c0003__dt-f64/chunk_0,write,4194304,,0.312822,1,,0.006565,0.068800,,0.000000,,0.000000,0.707988,320063087212996.000000,202.047881,5.428318,24,0,195.521502,0.001886,44,0,3883949,0.000000,0.000000,0.261920,0.000000,0.000000,188.562049
364,fields/00005__velocityz.f64__c0004__dt-f64/chunk_0,write,4194304,,0.316593,1,,0.005727,0.075360,,0.000000,,0.000000,0.395026,320063290248931.000000,201.158025,5.544401,24,0,194.818054,0.002864,44,0,3719264,0.000000,0.000000,0.236672,0.000000,0.000000,189.649310
365,fields/00005__velocityz.f64__c0005__dt-f64/chunk_0,write,4194304,,0.308213,1,,0.005238,0.064192,,0.000000,,0.000000,0.404734,320063491845284.000000,204.791621,8.184140,24,0,195.822171,0.002933,44,0,3883700,0.000000,0.000000,0.244640,0.000000,0.000000,188.450271
366,fields/00005__velocityz.f64__c0006__dt-f64/chunk_0,write,4194304,,0.271615,1,,0.009080,0.088448,,0.000000,,0.000000,0.439585,320063697184815.000000,201.078196,7.549186,24,0,192.716929,0.003353,44,0,3699110,0.000000,0.000000,0.233376,0.000000,0.000000,188.338304
367,fields/00005__velocityz.f64__c0007__dt-f64/chunk_0,write,4194304,,0.319876,1,,0.004889,0.065024,,0.000000,,0.000000,0.472480,320063899145464.000000,205.224292,6.306028,24,0,198.053132,0.002863,44,0,3717856,0.000000,0.000000,0.239520,0.000000,0.000000,192.775295
368,fields/00005__velocityz.f64__c0008__dt-f64/chunk_0,write,4194304,,0.384829,1,,0.010197,0.075808,,0.000000,,0.000000,0.463192,320064105396083.000000,201.241906,4.184830,24,0,196.120187,0.002863,44,0,3697846,0.000000,0.000000,0.244064,0.000000,0.000000,191.002782
369,fields/00005__velocityz.f64__c0009__dt-f64/chunk_0,write,4194304,,0.395655,1,,0.008660,0.071104,,0.000000,,0.000000,0.453065,320064307482656.000000,200.985026,6.815938,24,0,193.237251,0.003353,44,0,3700674,0.000000,0.000000,0.278112,0.000000,0.000000,189.189409
370,fields/00005__velocityz.f64__c0010__dt-f64/chunk_0,write,4194304,,0.362480,1,,0.009010,0.066560,,8.033079,320064706604905.000000,0.000000,0.454461,320064509388200.000000,205.264102,0.198908,0,0,196.136810,0.002794,44,0,4194304,0.000000,0.000000,0.254272,0.000000,0.000000,191.906272
371,fields/00005__velocityz.f64__c0011__dt-f64/chunk_0,write,4194304,,0.316035,1,,0.005658,0.073760,,0.000000,,0.000000,0.490639,320064715650832.000000,206.365090,7.373834,24,0,198.103209,0.001955,44,0,3896777,0.000000,0.000000,0.252928,0.000000,0.000000,190.072415
372,fields/00005__velocityz.f64__c0012__dt-f64/chunk_0,write,4194304,,0.299692,1,,0.009079,0.112992,,0.000000,,0.000000,0.520741,320064923001112.000000,202.780593,7.122632,24,0,194.712593,0.002864,44,0,3993228,0.000000,0.000000,0.245856,0.000000,0.000000,190.607104
373,fields/00005__velocityz.f64__c0013__dt-f64/chunk_0,write,4194304,,0.364017,1,,0.005168,0.068352,,0.000000,,0.000000,0.430994,320065126518188.000000,205.369353,6.830633,24,0,197.668303,0.001886,44,0,3899735,0.000000,0.000000,0.292832,0.000000,0.000000,192.588319
374,fields/00005__velocityz.f64__c0014__dt-f64/chunk_0,write,4194304,,0.308771,1,,0.005169,0.069216,,0.000000,,0.000000,0.476951,320065332397038.000000,201.391646,6.716625,24,0,193.811981,0.002933,44,0,3737960,0.000000,0.000000,0.247008,0.000000,0.000000,188.873857
375,fields/00005__velocityz.f64__c0015__dt-f64/chunk_0,write,4194304,,0.272313,1,,0.007193,0.078112,,0.000000,,0.000000,0.446500,320065534577060.000000,200.890112,7.210524,24,0,192.873514,0.001956,44,0,3899594,0.000000,0.000000,0.240928,0.000000,0.000000,188.804257
376,fields/00005__velocityz.f64__c0016__dt-f64/chunk_0,write,4194304,,0.312123,1,,0.008521,0.087296,,0.000000,,0.000000,0.419400,320065736403962.000000,200.360360,5.611667,24,0,193.918490,0.002863,44,0,3903150,0.000000,0.000000,0.234528,0.000000,0.000000,189.754942
377,fields/00005__velocityz.f64__c0017__dt-f64/chunk_0,write,4194304,,0.286072,1,,0.010966,0.086944,,0.000000,,0.000000,0.439934,320065937683931.000000,200.908689,7.320840,24,0,192.760650,0.003283,44,0,3737004,0.000000,0.000000,0.240832,0.000000,0.000000,188.650335
378,fields/00005__velocityz.f64__c0018__dt-f64/chunk_0,write,4194304,,0.310866,1,,0.004400,0.068608,,0.000000,,0.000000,0.449153,320066139609938.000000,206.036065,7.256204,24,0,197.944040,0.002794,44,0,3735936,0.000000,0.000000,0.252960,0.000000,0.000000,192.822495
379,fields/00005__velocityz.f64__c0019__dt-f64/chunk_0,write,4194304,,0.314359,1,,0.008940,0.078560,,0.000000,,0.000000,0.466963,320066346111359.000000,203.129523,7.005576,24,0,195.252680,0.002445,44,0,3737212,0.000000,0.000000,0.249600,0.000000,0.000000,191.118145
380,fields/00005__velocityz.f64__c0020__dt-f64/chunk_0,write,4194304,,0.319666,1,,0.003911,0.063488,,8.411831,320066747630722.000000,0.000000,0.479744,320066550265184.000000,205.791618,0.184801,0,0,196.324824,0.003353,44,0,4194304,0.000000,0.000000,0.253408,0.000000,0.000000,192.129697
381,fields/00005__velocityz.f64__c0021__dt-f64/chunk_0,write,4194304,,0.299552,1,,0.007613,0.073216,,0.000000,,0.000000,0.433229,320066756861451.000000,202.632249,7.504705,24,0,194.311071,0.002863,44,0,3917972,0.000000,0.000000,0.243008,0.000000,0.000000,189.828449
382,fields/00005__velocityz.f64__c0022__dt-f64/chunk_0,write,4194304,,0.373235,1,,0.008660,0.088224,,0.000000,,0.000000,0.433299,320066960289967.000000,201.259575,7.751114,24,0,192.601760,0.003283,44,0,3930135,0.000000,0.000000,0.243712,0.000000,0.000000,188.557088
383,fields/00005__velocityz.f64__c0023__dt-f64/chunk_0,write,4194304,,0.304929,1,,0.013480,0.089056,,0.000000,,0.000000,0.448106,320067162391626.000000,204.924321,7.728071,24,0,196.337396,0.003283,44,0,3938416,0.000000,0.000000,0.260352,0.000000,0.000000,188.605022
384,fields/00005__velocityz.f64__c0024__dt-f64/chunk_0,write,4194304,,0.317012,1,,0.008102,0.075776,,0.000000,,0.000000,0.454042,320067374496536.000000,201.994102,7.963099,24,0,193.174115,0.001956,44,0,3748242,0.000000,0.000000,0.244000,0.000000,0.000000,188.894210
385,fields/00005__velocityz.f64__c0025__dt-f64/chunk_0,write,4194304,,0.309889,1,,0.008171,0.088320,,0.000000,,0.000000,0.454182,320067577584014.000000,200.899470,7.308361,24,0,192.727684,0.002863,44,0,3739064,0.000000,0.000000,0.253568,0.000000,0.000000,188.428738
386,fields/00005__velocityz.f64__c0026__dt-f64/chunk_0,write,4194304,,0.302555,1,,0.007683,0.087328,,0.000000,,0.000000,0.462842,320067778862866.000000,202.187216,5.694608,24,0,195.629407,0.002793,44,0,3763778,0.000000,0.000000,0.235040,0.000000,0.000000,188.506334
387,fields/00005__velocityz.f64__c0027__dt-f64/chunk_0,write,4194304,,0.312472,1,,0.006077,0.069696,,0.000000,,0.000000,0.457744,320067982349281.000000,206.348259,7.376501,24,0,198.123813,0.001956,44,0,3791250,0.000000,0.000000,0.245952,0.000000,0.000000,190.140961
388,fields/00005__velocityz.f64__c0028__dt-f64/chunk_0,write,4194304,,0.307025,1,,0.004260,0.063264,,0.000000,,0.000000,0.402988,320068189110654.000000,206.560437,5.537710,24,0,200.240441,0.004749,44,0,3805614,0.000000,0.000000,0.237728,0.000000,0.000000,192.527360
389,fields/00005__velocityz.f64__c0029__dt-f64/chunk_0,write,4194304,,0.307375,1,,0.003352,0.068320,,0.000000,,0.000000,0.413604,320068396189738.000000,204.733722,5.515331,24,0,198.422876,0.002864,44,0,3817198,0.000000,0.000000,0.244832,0.000000,0.000000,190.436737
390,fields/00005__velocityz.f64__c0030__dt-f64/chunk_0,write,4194304,,0.370092,1,,0.005238,0.065536,,11.886956,320068787181967.000000,0.000000,0.459210,320068601376665.000000,197.702176,0.210202,0,0,184.702149,0.002793,44,0,4194304,0.000000,0.000000,0.251680,0.000000,0.000000,181.379712
391,fields/00005__velocityz.f64__c0031__dt-f64/chunk_0,write,4194304,,0.358359,1,,0.008591,0.074240,,0.000000,,0.000000,0.488195,320068799876087.000000,197.078767,8.001162,24,0,188.145356,0.002864,44,0,4025276,0.000000,0.000000,0.248448,0.000000,0.000000,180.081281
392,fields/00005__velocityz.f64__c0032__dt-f64/chunk_0,write,4194304,,0.297318,1,,0.003422,0.072032,,0.000000,,0.000000,0.415908,320068997834863.000000,191.891328,5.633494,24,0,185.467268,0.001886,44,0,4028908,0.000000,0.000000,0.238016,0.000000,0.000000,177.266080
393,fields/00005__velocityz.f64__c0033__dt-f64/chunk_0,write,4194304,,0.268472,1,,0.010058,0.091360,,0.000000,,0.000000,0.404944,320069190202373.000000,183.921386,8.158996,24,0,174.985670,0.001886,44,0,4031068,0.000000,0.000000,0.236512,0.000000,0.000000,167.647936
394,fields/00005__velocityz.f64__c0034__dt-f64/chunk_0,write,4194304,,0.287678,1,,0.010686,0.089376,,0.000000,,0.000000,0.406620,320069374782019.000000,174.791021,6.034783,24,0,167.959433,0.002445,44,0,4032396,0.000000,0.000000,0.238176,0.000000,0.000000,160.139586
395,fields/00005__velocityz.f64__c0035__dt-f64/chunk_0,write,4194304,,0.298854,1,,0.005238,0.077376,,0.000000,,0.000000,0.403686,320069550220126.000000,174.362540,8.639036,24,0,164.935486,0.002864,44,0,4032540,0.000000,0.000000,0.243520,0.000000,0.000000,156.821440
396,fields/00005__velocityz.f64__c0036__dt-f64/chunk_0,write,4194304,,0.299971,1,,0.008591,0.090048,,0.000000,,0.000000,0.403896,320069725075750.000000,173.969749,8.204868,24,0,164.958953,0.003422,44,0,4032734,0.000000,0.000000,0.243264,0.000000,0.000000,156.796512
397,fields/00005__velocityz.f64__c0037__dt-f64/chunk_0,write,4194304,,0.303253,1,,0.005378,0.076192,,0.000000,,0.000000,0.476252,320069899696007.000000,169.207159,8.146507,24,0,160.195735,0.003842,44,0,4032670,0.000000,0.000000,0.256448,0.000000,0.000000,155.039232
398,fields/00005__velocityz.f64__c0038__dt-f64/chunk_0,write,4194304,,0.285933,1,,0.009638,0.073536,,0.000000,,0.000000,0.425058,320070069812787.000000,166.276312,6.852548,24,0,158.626666,0.002933,44,0,4032524,0.000000,0.000000,0.248320,0.000000,0.000000,154.503647
399,fields/00005__velocityz.f64__c0039__dt-f64/chunk_0,write,4194304,,0.311635,1,,0.005797,0.072448,,0.000000,,0.000000,0.448455,320070236610399.000000,181.103613,7.959721,24,0,172.300807,0.004750,44,0,4032894,0.000000,0.000000,0.233024,0.000000,0.000000,164.381377
400,fields/00005__velocityz.f64__c0040__dt-f64/chunk_0,write,4194304,,0.268542,1,,0.004679,0.066560,,6.065981,320070592356270.000000,0.000000,0.427782,320070418591856.000000,179.836611,0.209386,0,0,172.792284,0.001397,44,0,4194304,0.000000,0.000000,0.237760,0.000000,0.000000,169.456928
401,fields/00005__velocityz.f64__c0041__dt-f64/chunk_0,write,4194304,,0.310238,1,,0.010616,0.080672,,0.000000,,0.000000,0.499928,320070598863792.000000,186.428363,8.040338,24,0,177.484266,0.002305,44,0,4030300,0.000000,0.000000,0.253088,0.000000,0.000000,173.367071
402,fields/00005__velocityz.f64__c0042__dt-f64/chunk_0,write,4194304,,0.287678,1,,0.009150,0.095840,,0.000000,,0.000000,0.408435,320070786188436.000000,188.293003,7.226109,24,0,180.262927,0.002864,44,0,4028780,0.000000,0.000000,0.244576,0.000000,0.000000,176.026080
403,fields/00005__velocityz.f64__c0043__dt-f64/chunk_0,write,4194304,,0.320644,1,,0.009708,0.099328,,0.000000,,0.000000,0.463890,320070975092485.000000,189.719314,5.240438,24,0,183.583351,0.001955,44,0,4023596,0.000000,0.000000,0.254368,0.000000,0.000000,179.377119
404,fields/00005__velocityz.f64__c0044__dt-f64/chunk_0,write,4194304,,0.278530,1,,0.008730,0.091008,,0.000000,,0.000000,0.395166,320071165671064.000000,196.264271,7.035523,24,0,188.453358,0.001956,44,0,3820846,0.000000,0.000000,0.236672,0.000000,0.000000,184.261855
405,fields/00005__velocityz.f64__c0045__dt-f64/chunk_0,write,4194304,,0.298505,1,,0.008102,0.892736,,0.000000,,0.000000,0.404944,320071362380996.000000,200.943540,4.407216,24,0,194.929173,0.002864,44,0,3802888,0.000000,0.000000,0.235648,0.000000,0.000000,189.935678
406,fields/00005__velocityz.f64__c0046__dt-f64/chunk_0,write,4194304,,0.301926,1,,0.014248,0.705184,,0.000000,,0.000000,0.437210,320071563868815.000000,202.275636,7.167400,24,0,193.646875,0.002793,44,0,3799926,0.000000,0.000000,0.239424,0.000000,0.000000,189.520287
407,fields/00005__velocityz.f64__c0047__dt-f64/chunk_0,write,4194304,,0.300949,1,,0.012362,0.421504,,0.000000,,0.000000,0.428271,320071767074535.000000,201.866292,7.270186,24,0,193.429737,0.003283,44,0,3796456,0.000000,0.000000,0.252672,0.000000,0.000000,189.321374
408,fields/00005__velocityz.f64__c0048__dt-f64/chunk_0,write,4194304,,0.287609,1,,0.012991,0.490720,,0.000000,,0.000000,0.434975,320071969436985.000000,199.025193,4.960025,24,0,192.836918,0.001955,44,0,3788306,0.000000,0.000000,0.232576,0.000000,0.000000,188.794174
409,fields/00005__velocityz.f64__c0049__dt-f64/chunk_0,write,4194304,,0.319107,1,,0.005168,0.491328,,0.000000,,0.000000,0.453973,320072169362439.000000,204.551924,6.537495,24,0,196.742548,0.002305,44,0,3753598,0.000000,0.000000,0.245216,0.000000,0.000000,191.724354
410,fields/00005__velocityz.f64__c0050__dt-f64/chunk_0,write,4194304,,0.288168,1,,0.004400,0.061440,,7.850302,320072570757344.000000,0.000000,0.400753,320072374370710.000000,204.242594,0.146829,0,0,195.488746,0.001956,44,0,4194304,0.000000,0.000000,0.241952,0.000000,0.000000,191.363615
411,fields/00005__velocityz.f64__c0051__dt-f64/chunk_0,write,4194304,,0.273850,1,,0.009009,0.084448,,0.000000,,0.000000,0.438817,320072579115747.000000,203.546130,7.872924,24,0,194.864149,0.002933,44,0,3933765,0.000000,0.000000,0.238720,0.000000,0.000000,190.674081
412,fields/00005__velocityz.f64__c0052__dt-f64/chunk_0,write,4194304,,0.320365,1,,0.009568,0.262144,,0.000000,,0.000000,0.440982,320072783835012.000000,202.973915,8.253543,24,0,193.685427,0.001886,44,0,3919059,0.000000,0.000000,0.260096,0.000000,0.000000,189.570272
413,fields/00005__velocityz.f64__c0053__dt-f64/chunk_0,write,4194304,,0.325323,1,,0.005168,0.063488,,0.000000,,0.000000,0.449153,320072988084520.000000,203.611503,7.683240,24,0,195.082267,0.002864,44,0,3906816,0.000000,0.000000,0.251488,0.000000,0.000000,190.091519
414,fields/00005__velocityz.f64__c0054__dt-f64/chunk_0,write,4194304,,0.291171,1,,0.006077,0.072256,,0.000000,,0.000000,0.404036,320073192087416.000000,199.963169,5.221064,24,0,193.967099,0.001466,44,0,3721756,0.000000,0.000000,0.237824,0.000000,0.000000,188.944894
415,fields/00005__velocityz.f64__c0055__dt-f64/chunk_0,write,4194304,,0.329095,1,,0.008730,0.087296,,0.000000,,0.000000,0.420518,320073392519295.000000,202.512121,7.194426,24,0,194.469123,0.002933,44,0,3718654,0.000000,0.000000,0.269536,0.000000,0.000000,190.392159
416,fields/00005__velocityz.f64__c0056__dt-f64/chunk_0,write,4194304,,0.281952,1,,0.007543,0.088320,,0.000000,,0.000000,0.455160,320073595571433.000000,205.241823,7.314786,24,0,197.091688,0.002374,44,0,3714872,0.000000,0.000000,0.236896,0.000000,0.000000,193.003905
417,fields/00005__velocityz.f64__c0057__dt-f64/chunk_0,write,4194304,,0.284815,1,,0.008661,0.089792,,0.000000,,0.000000,0.434626,320073801617066.000000,207.132025,10.678578,24,0,195.633667,0.001886,44,0,3713504,0.000000,0.000000,0.235392,0.000000,0.000000,191.362622
418,fields/00005__velocityz.f64__c0058__dt-f64/chunk_0,write,4194304,,0.340410,1,,0.009010,0.073504,,0.000000,,0.000000,0.452296,320074009682039.000000,205.705502,7.125381,24,0,197.702526,0.002375,44,0,3713422,0.000000,0.000000,0.256768,0.000000,0.000000,193.646974
419,fields/00005__velocityz.f64__c0059__dt-f64/chunk_0,write,4194304,,0.323508,1,,0.011104,0.089280,,0.000000,,0.000000,0.446290,320074215909261.000000,204.853571,7.641873,24,0,196.339561,0.001955,44,0,3728012,0.000000,0.000000,0.251648,0.000000,0.000000,192.253793
420,fields/00005__velocityz.f64__c0060__dt-f64/chunk_0,write,4194304,,0.313660,1,,0.008520,0.074752,,6.090077,320074620983369.000000,0.000000,0.655886,320074421392876.000000,205.695097,0.313708,0,0,198.235630,0.002864,44,0,4194304,0.000000,0.000000,0.254016,0.000000,0.000000,194.015457
421,fields/00005__velocityz.f64__c0061__dt-f64/chunk_0,write,4194304,,0.283907,1,,0.004819,0.077440,,0.000000,,0.000000,0.402918,320074627485094.000000,205.873194,7.245627,24,0,197.856597,0.001886,44,0,3872267,0.000000,0.000000,0.243840,0.000000,0.000000,193.247873
422,fields/00005__velocityz.f64__c0062__dt-f64/chunk_0,write,4194304,,0.306676,1,,0.008870,0.087424,,0.000000,,0.000000,0.465078,320074833760367.000000,204.094320,7.575353,24,0,195.648614,0.002305,44,0,3873209,0.000000,0.000000,0.242368,0.000000,0.000000,191.553376
423,fields/00005__velocityz.f64__c0063__dt-f64/chunk_0,write,4194304,,0.279717,1,,0.005797,0.068512,,0.000000,,0.000000,0.402848,320075038728060.000000,204.101583,7.870769,24,0,195.470657,0.003283,44,0,3869202,0.000000,0.000000,0.237120,0.000000,0.000000,191.179583
424,fields/00005__velocityz.f64__c0064__dt-f64/chunk_0,write,4194304,,0.289076,1,,0.008521,0.091392,,0.000000,,0.000000,0.506494,320075243330200.000000,205.447647,8.351799,24,0,196.197502,0.002863,44,0,3706366,0.000000,0.000000,0.237952,0.000000,0.000000,191.973758
425,fields/00005__velocityz.f64__c0065__dt-f64/chunk_0,write,4194304,,0.330213,1,,0.010895,0.320032,,0.000000,,0.000000,0.444614,320075449780008.000000,204.524406,5.225696,24,0,198.189673,0.003283,44,0,3705658,0.000000,0.000000,0.252448,0.000000,0.000000,192.751232
426,fields/00005__velocityz.f64__c0066__dt-f64/chunk_0,write,4194304,,0.310517,1,,0.008032,0.080032,,0.000000,,0.000000,0.405432,320075654744768.000000,205.008410,7.473791,24,0,196.727742,0.002864,44,0,3864733,0.000000,0.000000,0.248576,0.000000,0.000000,192.468386
427,fields/00005__velocityz.f64__c0067__dt-f64/chunk_0,write,4194304,,0.302555,1,,0.006076,0.079072,,0.000000,,0.000000,0.472551,320075860340060.000000,209.097516,7.199574,24,0,201.035243,0.002445,44,0,3701812,0.000000,0.000000,0.251328,0.000000,0.000000,195.931264
428,fields/00005__velocityz.f64__c0068__dt-f64/chunk_0,write,4194304,,0.326092,1,,0.007054,0.074272,,0.000000,,0.000000,0.436513,320076070500360.000000,206.491224,5.153814,24,0,200.490127,0.003352,44,0,3678176,0.000000,0.000000,0.267200,0.000000,0.000000,196.135616
429,fields/00005__velocityz.f64__c0069__dt-f64/chunk_0,write,4194304,,0.315616,1,,0.009499,0.086816,,0.000000,,0.000000,0.441890,320076277454497.000000,205.226247,7.512055,24,0,196.858416,0.001955,44,0,3678600,0.000000,0.000000,0.242656,0.000000,0.000000,192.612800
430,fields/00005__velocityz.f64__c0070__dt-f64/chunk_0,write,4194304,,0.301997,1,,0.008521,0.074752,,6.520652,320076681874326.000000,0.000000,0.692483,320076483645262.000000,204.753627,0.301624,0,0,196.850734,0.002864,44,0,4194304,0.000000,0.000000,0.230528,0.000000,0.000000,193.566722
431,fields/00005__velocityz.f64__c0071__dt-f64/chunk_0,write,4194304,,0.329305,1,,0.009498,0.090016,,0.000000,,0.000000,0.425128,320076689284136.000000,207.562600,7.506342,24,0,199.199517,0.002794,44,0,3861351,0.000000,0.000000,0.255008,0.000000,0.000000,195.067137
432,fields/00006__viscocity.f64__c0000__dt-f64/chunk_0,write,4194304,,0.347463,1,,0.008660,0.080992,,0.000000,,0.000000,0.443566,320076897248606.000000,201.298827,4.706116,24,0,195.709167,0.002863,44,0,4024812,0.000000,0.000000,0.239232,0.000000,0.000000,190.628799
433,fields/00006__viscocity.f64__c0001__dt-f64/chunk_0,write,4194304,,0.294663,1,,0.005238,0.084832,,0.000000,,0.000000,0.431065,320077099316252.000000,204.955052,7.014530,24,0,197.122419,0.002305,44,0,4026940,0.000000,0.000000,0.230528,0.000000,0.000000,189.481183
434,fields/00006__viscocity.f64__c0002__dt-f64/chunk_0,write,4194304,,0.314359,1,,0.015226,0.393632,,0.000000,,0.000000,0.438467,320077305295885.000000,199.014716,5.897870,24,0,191.952788,0.002374,44,0,3743664,0.000000,0.000000,0.242240,0.000000,0.000000,187.917440
435,fields/00006__viscocity.f64__c0003__dt-f64/chunk_0,write,4194304,,0.311076,1,,0.015784,0.673408,,0.000000,,0.000000,0.446010,320077504770091.000000,199.040488,6.059705,24,0,191.531642,0.002863,44,0,3743360,0.000000,0.000000,0.261312,0.000000,0.000000,187.303649
436,fields/00006__viscocity.f64__c0004__dt-f64/chunk_0,write,4194304,,0.315126,1,,0.012921,0.686656,,0.000000,,0.000000,0.434487,320077704334602.000000,201.462536,6.049387,24,0,193.961095,0.002864,44,0,3749424,0.000000,0.000000,0.252960,0.000000,0.000000,189.834208
437,fields/00006__viscocity.f64__c0005__dt-f64/chunk_0,write,4194304,,0.275875,1,,0.007683,0.418304,,0.000000,,0.000000,0.686895,320077906313480.000000,203.678201,7.054993,24,0,195.232077,0.002374,44,0,3754912,0.000000,0.000000,0.228672,0.000000,0.000000,190.254272
438,fields/00006__viscocity.f64__c0006__dt-f64/chunk_0,write,4194304,,0.282650,1,,0.005797,0.400640,,0.000000,,0.000000,0.485192,320078110888381.000000,200.430272,8.497151,24,0,190.755559,0.003283,44,0,3758496,0.000000,0.000000,0.244160,0.000000,0.000000,186.213791
439,fields/00006__viscocity.f64__c0007__dt-f64/chunk_0,write,4194304,,0.306676,1,,0.011594,0.386144,,0.000000,,0.000000,0.442169,320078312605002.000000,200.071983,8.732209,24,0,190.191306,0.001885,44,0,3760976,0.000000,0.000000,0.248512,0.000000,0.000000,186.097439
440,fields/00006__viscocity.f64__c0008__dt-f64/chunk_0,write,4194304,,0.285723,1,,0.010407,0.080352,,0.000000,,0.000000,0.468151,320078513197866.000000,203.668005,7.905164,24,0,194.781038,0.003283,43,0,4137988,0.000000,0.133887,0.246912,0.000000,0.082016,186.763998
441,fields/00006__viscocity.f64__c0009__dt-f64/chunk_0,write,4194304,,0.319667,1,,0.006705,1.020576,,0.000000,,0.000000,0.448245,320078718056117.000000,202.585454,5.332176,24,0,195.455152,0.002933,44,0,4025660,0.000000,0.000000,0.253920,0.000000,0.000000,190.230367
442,fields/00006__viscocity.f64__c0010__dt-f64/chunk_0,write,4194304,,0.304930,1,,0.005657,1.019264,,0.000000,,0.000000,0.604971,320078921145760.000000,211.652403,9.604741,24,0,200.109976,0.002864,44,0,4025372,0.000000,0.000000,0.246688,0.000000,0.000000,195.333888
443,fields/00006__viscocity.f64__c0011__dt-f64/chunk_0,write,4194304,,0.325673,1,,0.009917,1.260160,,0.000000,,0.000000,0.433928,320079133352010.000000,208.948194,7.268726,24,0,199.646856,0.002934,44,0,4025948,0.000000,0.000000,0.247072,0.000000,0.000000,191.954561
444,fields/00006__viscocity.f64__c0012__dt-f64/chunk_0,write,4194304,,0.317921,1,,0.009917,1.019296,,0.000000,,0.000000,0.409343,320079342735529.000000,198.499143,4.658575,24,0,192.081158,0.002933,44,0,3785528,0.000000,0.000000,0.248256,0.000000,0.000000,187.936384
445,fields/00006__viscocity.f64__c0013__dt-f64/chunk_0,write,4194304,,0.291031,1,,0.010825,0.970240,,0.000000,,0.000000,0.464030,320079541622713.000000,198.940404,6.667256,24,0,190.535066,0.001956,44,0,3799736,0.000000,0.000000,0.251968,0.000000,0.000000,186.384479
446,fields/00006__viscocity.f64__c0014__dt-f64/chunk_0,write,4194304,,0.317222,1,,0.006146,0.943072,,0.000000,,0.000000,0.453204,320079741447945.000000,202.818308,7.624018,24,0,193.472690,0.001956,44,0,3812288,0.000000,0.000000,0.251872,0.000000,0.000000,185.452672
447,fields/00006__viscocity.f64__c0015__dt-f64/chunk_0,write,4194304,,0.294314,1,,0.009987,0.963904,,0.000000,,0.000000,0.401521,320079945161626.000000,205.439614,10.356983,24,0,193.410041,0.002864,44,0,3828488,0.000000,0.000000,0.244064,0.000000,0.000000,185.573088
448,fields/00006__viscocity.f64__c0016__dt-f64/chunk_0,write,4194304,,0.295012,1,,0.011314,1.010528,,0.000000,,0.000000,0.428900,320080151165912.000000,204.582724,7.525481,24,0,195.309044,0.002445,44,0,3842184,0.000000,0.000000,0.253632,0.000000,0.000000,188.125344
449,fields/00006__viscocity.f64__c0017__dt-f64/chunk_0,write,4194304,,0.324206,1,,0.006216,0.952256,,0.000000,,0.000000,0.445103,320080356259460.000000,201.107111,6.887501,24,0,192.489943,0.001886,44,0,3852952,0.000000,0.000000,0.236064,0.000000,0.000000,184.927488
450,fields/00006__viscocity.f64__c0018__dt-f64/chunk_0,write,4194304,,0.301228,1,,0.007962,0.979936,,5.629749,320080747942286.000000,0.000000,0.393978,320080558229747.000000,195.346408,0.227491,0,0,187.803131,0.002933,44,0,4194304,0.000000,0.000000,0.244576,0.000000,0.000000,184.465026
451,fields/00006__viscocity.f64__c0019__dt-f64/chunk_0,write,4194304,,0.322041,1,,0.006635,0.974784,,0.000000,,0.000000,0.403686,320080754029150.000000,198.916588,4.647143,24,0,192.559366,0.002933,44,0,4035564,0.000000,0.000000,0.243104,0.000000,0.000000,184.965215
452,fields/00006__viscocity.f64__c0020__dt-f64/chunk_0,write,4194304,,0.301298,1,,0.010616,0.960160,,0.000000,,0.000000,0.442448,320080953421292.000000,204.840929,10.271750,24,0,192.851305,0.003352,44,0,4036124,0.000000,0.000000,0.235520,0.000000,0.000000,185.601087
453,fields/00006__viscocity.f64__c0021__dt-f64/chunk_0,write,4194304,,0.287889,1,,0.011105,1.022016,,0.000000,,0.000000,0.434836,320081159060026.000000,201.263067,6.975861,24,0,192.528566,0.002794,44,0,4037036,0.000000,0.000000,0.239712,0.000000,0.000000,185.425088
454,fields/00006__viscocity.f64__c0022__dt-f64/chunk_0,write,4194304,,0.305978,1,,0.005727,0.950304,,0.000000,,0.000000,0.450201,320081361352842.000000,199.084628,4.608206,24,0,192.760860,0.003352,44,0,4037452,0.000000,0.000000,0.250976,0.000000,0.000000,184.924193
455,fields/00006__viscocity.f64__c0023__dt-f64/chunk_0,write,4194304,,0.304092,1,,0.005308,0.953504,,0.000000,,0.000000,0.449992,320081561209782.000000,201.946820,7.914536,24,0,192.316525,0.002863,44,0,4037788,0.000000,0.000000,0.240128,0.000000,0.000000,184.824768
456,fields/00006__viscocity.f64__c0024__dt-f64/chunk_0,write,4194304,,0.311914,1,,0.006216,0.972896,,0.000000,,0.000000,0.460467,320081764202136.000000,199.091053,7.194350,24,0,190.142346,0.002864,44,0,4038012,0.000000,0.000000,0.250528,0.000000,0.000000,182.207137
457,fields/00006__viscocity.f64__c0025__dt-f64/chunk_0,write,4194304,,0.313869,1,,0.006076,0.941344,,0.000000,,0.000000,0.456347,320081964190658.000000,197.861975,7.881648,24,0,188.259409,0.003282,44,0,3878440,0.000000,0.000000,0.243040,0.000000,0.000000,183.552578
458,fields/00006__viscocity.f64__c0026__dt-f64/chunk_0,write,4194304,,0.310447,1,,0.005308,0.934560,,0.000000,,0.000000,0.480373,320082162961765.000000,200.982582,5.030780,24,0,194.218181,0.002933,44,0,3877096,0.000000,0.000000,0.252608,0.000000,0.000000,189.474624
459,fields/00006__viscocity.f64__c0027__dt-f64/chunk_0,write,4194304,,0.319178,1,,0.010616,0.086016,,0.000000,,0.000000,0.437140,320082364829105.000000,208.931152,8.149115,24,0,199.927201,0.001886,44,0,3803644,0.000000,0.000000,0.253440,0.000000,0.000000,195.648707
460,fields/00006__viscocity.f64__c0028__dt-f64/chunk_0,write,4194304,,0.319876,1,,0.005727,0.052032,,8.729124,320082770645004.000000,0.000000,0.426734,320082574412790.000000,204.973211,0.152814,0,0,195.284459,0.002445,44,0,4194304,0.000000,0.000000,0.247648,0.000000,0.000000,191.000064
461,fields/00006__viscocity.f64__c0029__dt-f64/chunk_0,write,4194304,,0.293825,1,,0.008102,0.377920,,0.000000,,0.000000,0.452296,320082779793668.000000,200.659494,7.071211,24,0,192.454185,0.001955,44,0,3925968,0.000000,0.000000,0.243008,0.000000,0.000000,187.025314
462,fields/00006__viscocity.f64__c0030__dt-f64/chunk_0,write,4194304,,0.304441,1,,0.011803,0.076768,,0.000000,,0.000000,0.424150,320082981323182.000000,203.607801,7.816628,24,0,194.971078,0.002933,44,0,3941126,0.000000,0.000000,0.256096,0.000000,0.000000,189.845597
463,fields/00006__viscocity.f64__c0031__dt-f64/chunk_0,write,4194304,,0.322181,1,,0.006216,0.077312,,0.000000,,0.000000,0.446011,320083185375107.000000,205.102208,4.982315,24,0,199.265379,0.002794,44,0,4001244,0.000000,0.000000,0.246496,0.000000,0.000000,195.114592
464,fields/00006__viscocity.f64__c0032__dt-f64/chunk_0,write,4194304,,0.308492,1,,0.005797,0.078368,,0.000000,,0.000000,0.454182,320083391337489.000000,206.322417,6.690643,24,0,198.782072,0.002863,44,0,3766264,0.000000,0.000000,0.250528,0.000000,0.000000,193.854462
465,fields/00006__viscocity.f64__c0033__dt-f64/chunk_0,write,4194304,,0.282371,1,,0.008940,0.089504,,0.000000,,0.000000,0.435046,320083598509672.000000,206.155285,6.891336,24,0,198.445225,0.002863,44,0,3764236,0.000000,0.000000,0.250368,0.000000,0.000000,194.294466
466,fields/00006__viscocity.f64__c0034__dt-f64/chunk_0,write,4194304,,0.308701,1,,0.005168,0.070304,,0.000000,,0.000000,0.433579,320083805559562.000000,200.831375,4.418787,24,0,195.591903,0.002933,44,0,3758348,0.000000,0.000000,0.236000,0.000000,0.000000,190.540383
467,fields/00006__viscocity.f64__c0035__dt-f64/chunk_0,write,4194304,,0.286771,1,,0.006146,0.086624,,0.000000,,0.000000,0.402569,320084007365162.000000,203.931309,7.310055,24,0,195.836350,0.002794,44,0,3753748,0.000000,0.000000,0.237440,0.000000,0.000000,191.716320
468,fields/00006__viscocity.f64__c0036__dt-f64/chunk_0,write,4194304,,0.293895,1,,0.005797,0.062080,,0.000000,,0.000000,0.404524,320084211740386.000000,200.143361,6.371130,24,0,193.004468,0.001467,44,0,3752092,0.000000,0.000000,0.241600,0.000000,0.000000,188.184225
469,fields/00006__viscocity.f64__c0037__dt-f64/chunk_0,write,4194304,,0.282441,1,,0.008520,0.087360,,0.000000,,0.000000,0.404455,320084412390380.000000,201.921048,7.937758,24,0,193.197232,0.003282,44,0,3751868,0.000000,0.000000,0.235072,0.000000,0.000000,189.082270
470,fields/00006__viscocity.f64__c0038__dt-f64/chunk_0,write,4194304,,0.310656,1,,0.008730,0.064704,,8.857982,320084808846413.000000,0.000000,0.437420,320084614905364.000000,202.813978,0.175275,0,0,192.956836,0.002375,44,0,4194304,0.000000,0.000000,0.258432,0.000000,0.000000,189.634689
471,fields/00006__viscocity.f64__c0039__dt-f64/chunk_0,write,4194304,,0.329304,1,,0.007613,0.357792,,0.000000,,0.000000,0.423870,320084818359513.000000,198.769291,5.405216,24,0,192.242563,0.002933,44,0,4007340,0.000000,0.000000,0.249728,0.000000,0.000000,186.949887
472,fields/00006__viscocity.f64__c0040__dt-f64/chunk_0,write,4194304,,0.291660,1,,0.005588,0.107456,,0.000000,,0.000000,0.475205,320085017566154.000000,201.774520,8.120202,24,0,192.771476,0.002933,44,0,4006850,0.000000,0.000000,0.242656,0.000000,0.000000,187.946143
473,fields/00006__viscocity.f64__c0041__dt-f64/chunk_0,write,4194304,,0.322041,1,,0.008171,0.356800,,0.000000,,0.000000,0.435743,320085220275299.000000,203.463926,7.309191,24,0,195.030024,0.001956,44,0,4008912,0.000000,0.000000,0.233344,0.000000,0.000000,189.935647
474,fields/00006__viscocity.f64__c0042__dt-f64/chunk_0,write,4194304,,0.267424,1,,0.007683,0.363424,,0.000000,,0.000000,0.393978,320085424649894.000000,205.243917,7.187537,24,0,197.020589,0.003282,44,0,3832306,0.000000,0.000000,0.232000,0.000000,0.000000,192.812128
475,fields/00006__viscocity.f64__c0043__dt-f64/chunk_0,write,4194304,,0.316733,1,,0.008172,0.363552,,0.000000,,0.000000,0.403546,320085630374324.000000,205.116456,5.441362,24,0,198.579809,0.003282,44,0,3830928,0.000000,0.000000,0.233632,0.000000,0.000000,193.432737
476,fields/00006__viscocity.f64__c0044__dt-f64/chunk_0,write,4194304,,0.274688,1,,0.011105,0.399968,,0.000000,,0.000000,0.398798,320085835878472.000000,205.332197,5.694855,24,0,198.550338,0.002445,44,0,3823724,0.000000,0.000000,0.241152,0.000000,0.000000,194.382527
477,fields/00006__viscocity.f64__c0045__dt-f64/chunk_0,write,4194304,,0.312543,1,,0.014318,0.368096,,0.000000,,0.000000,0.478068,320086041675817.000000,205.300560,7.051281,24,0,197.073390,0.002864,44,0,3746292,0.000000,0.000000,0.236576,0.000000,0.000000,192.910017
478,fields/00006__viscocity.f64__c0046__dt-f64/chunk_0,write,4194304,,0.292638,1,,0.012990,0.367808,,0.000000,,0.000000,0.450411,320086247989923.000000,203.753142,7.085513,24,0,195.542385,0.001397,44,0,3726676,0.000000,0.000000,0.233856,0.000000,0.000000,191.497887
479,fields/00006__viscocity.f64__c0047__dt-f64/chunk_0,write,4194304,,0.307794,1,,0.014877,0.378336,,0.000000,,0.000000,0.477579,320086452736706.000000,206.220168,6.868392,24,0,198.169838,0.003352,44,0,3693148,0.000000,0.000000,0.234464,0.000000,0.000000,193.959522
480,fields/00006__viscocity.f64__c0048__dt-f64/chunk_0,write,4194304,,0.315266,1,,0.011035,0.086848,,8.500880,320086861416333.000000,0.000000,0.470944,320086659999963.000000,209.929403,0.194477,0,0,200.346671,0.003282,44,0,4194304,0.000000,0.000000,0.251744,0.000000,0.000000,197.140257
481,fields/00006__viscocity.f64__c0049__dt-f64/chunk_0,write,4194304,,0.298225,1,,0.011524,1.023584,,0.000000,,0.000000,0.492735,320086870597474.000000,215.259670,7.916950,24,0,205.513788,0.002864,44,0,4020564,0.000000,0.000000,0.244704,0.000000,0.000000,197.915265
482,fields/00006__viscocity.f64__c0050__dt-f64/chunk_0,write,4194304,,0.289146,1,,0.012082,1.032832,,0.000000,,0.000000,0.481141,320087086813908.000000,203.810832,5.060388,24,0,196.931960,0.003283,44,0,4037806,0.000000,0.000000,0.234592,0.000000,0.000000,189.218656
483,fields/00006__viscocity.f64__c0051__dt-f64/chunk_0,write,4194304,,0.295781,1,,0.011035,0.984576,,0.000000,,0.000000,0.436792,320087291406060.000000,205.230229,8.346234,24,0,195.153017,0.002794,44,0,4037948,0.000000,0.000000,0.242208,0.000000,0.000000,187.219040
484,fields/00006__viscocity.f64__c0052__dt-f64/chunk_0,write,4194304,,0.282021,1,,0.010337,0.981440,,0.000000,,0.000000,0.469058,320087497946943.000000,197.854712,7.900849,24,0,188.208144,0.002863,44,0,4037724,0.000000,0.000000,0.233504,0.000000,0.000000,183.832703
485,fields/00006__viscocity.f64__c0053__dt-f64/chunk_0,write,4194304,,0.291730,1,,0.013270,0.966464,,0.000000,,0.000000,0.451389,320087696738234.000000,196.391663,5.096584,24,0,189.568944,0.003282,44,0,4037548,0.000000,0.000000,0.239168,0.000000,0.000000,185.206400
486,fields/00006__viscocity.f64__c0054__dt-f64/chunk_0,write,4194304,,0.284326,1,,0.011873,0.970112,,0.000000,,0.000000,0.452505,320087894072903.000000,199.061649,8.044177,24,0,189.295792,0.002864,44,0,4037020,0.000000,0.000000,0.242336,0.000000,0.000000,185.012928
487,fields/00006__viscocity.f64__c0055__dt-f64/chunk_0,write,4194304,,0.372258,1,,0.007682,0.936416,,0.000000,,0.000000,0.453065,320088094088593.000000,198.509480,6.677960,24,0,190.059235,0.002864,44,0,3869520,0.000000,0.000000,0.236416,0.000000,0.000000,185.295202
488,fields/00006__viscocity.f64__c0056__dt-f64/chunk_0,write,4194304,,0.307584,1,,0.008590,0.952448,,0.000000,,0.000000,0.505935,320088293524735.000000,199.266566,6.945836,24,0,190.543239,0.002934,44,0,3862584,0.000000,0.000000,0.250208,0.000000,0.000000,186.051999
489,fields/00006__viscocity.f64__c0057__dt-f64/chunk_0,write,4194304,,0.303045,1,,0.011803,0.965088,,0.000000,,0.000000,0.484284,320088493755259.000000,199.014646,7.113457,24,0,190.134106,0.002863,44,0,3856136,0.000000,0.000000,0.250432,0.000000,0.000000,185.953186
490,fields/00006__viscocity.f64__c0058__dt-f64/chunk_0,write,4194304,,0.303463,1,,0.006496,0.954336,,9.044530,320088884498572.000000,0.000000,0.460468,320088693636434.000000,199.921753,0.289897,0,0,188.859141,0.003422,44,0,4194304,0.000000,0.000000,0.258496,0.000000,0.000000,185.231169
491,fields/00006__viscocity.f64__c0059__dt-f64/chunk_0,write,4194304,,0.333845,1,,0.011804,0.995200,,0.000000,,0.000000,0.422963,320088894501612.000000,197.717611,6.910904,24,0,189.039543,0.003352,44,0,4028924,0.000000,0.000000,0.277344,0.000000,0.000000,184.663135
492,fields/00006__viscocity.f64__c0060__dt-f64/chunk_0,write,4194304,,0.328886,1,,0.005308,0.948960,,0.000000,,0.000000,0.440004,320089092801985.000000,198.471695,7.496536,24,0,189.249068,0.002933,44,0,4027532,0.000000,0.000000,0.269216,0.000000,0.000000,184.457631
493,fields/00006__viscocity.f64__c0061__dt-f64/chunk_0,write,4194304,,0.318479,1,,0.009638,0.976448,,0.000000,,0.000000,0.407458,320089291766135.000000,199.865321,8.042731,24,0,190.108123,0.002444,44,0,4024508,0.000000,0.000000,0.242080,0.000000,0.000000,185.738113
494,fields/00006__viscocity.f64__c0062__dt-f64/chunk_0,write,4194304,,0.331889,1,,0.012153,0.953536,,0.000000,,0.000000,0.466195,320089492225811.000000,199.347443,7.552162,24,0,190.029552,0.001956,44,0,3798432,0.000000,0.000000,0.253696,0.000000,0.000000,185.654016
495,fields/00006__viscocity.f64__c0063__dt-f64/chunk_0,write,4194304,,0.274479,1,,0.014877,0.979872,,0.000000,,0.000000,0.392511,320089692510393.000000,198.796181,6.997472,24,0,190.133757,0.003213,44,0,3784336,0.000000,0.000000,0.236576,0.000000,0.000000,185.766176
496,fields/00006__viscocity.f64__c0064__dt-f64/chunk_0,write,4194304,,0.325743,1,,0.006984,0.954752,,0.000000,,0.000000,0.493783,320089891851899.000000,199.092310,7.561144,24,0,189.747041,0.002863,44,0,3778712,0.000000,0.000000,0.257984,0.000000,0.000000,185.178081
497,fields/00006__viscocity.f64__c0065__dt-f64/chunk_0,write,4194304,,0.284536,1,,0.012153,0.970528,,0.000000,,0.000000,0.433858,320090091838815.000000,200.451224,9.668422,24,0,189.078793,0.002934,44,0,3769176,0.000000,0.000000,0.241952,0.000000,0.000000,184.778337
498,fields/00006__viscocity.f64__c0066__dt-f64/chunk_0,write,4194304,,0.303464,1,,0.013340,0.976224,,0.000000,,0.000000,0.441540,320090292892636.000000,199.689808,7.797180,24,0,190.155197,0.002863,44,0,3765864,0.000000,0.000000,0.264864,0.000000,0.000000,185.958592
499,fields/00006__viscocity.f64__c0067__dt-f64/chunk_0,write,4194304,,0.426665,1,,0.006216,0.957856,,0.000000,,0.000000,0.447477,320090493144741.000000,200.526794,8.025002,24,0,190.660644,0.002934,44,0,3763208,0.000000,0.000000,0.246080,0.000000,0.000000,185.977056
500,fields/00006__viscocity.f64__c0068__dt-f64/chunk_0,write,4194304,,0.314009,1,,0.005238,0.083968,,8.340733,320090884159948.000000,0.000000,0.399426,320090694395586.000000,198.110612,0.189881,0,0,188.774074,0.003283,44,0,4194304,0.000000,0.000000,0.243456,0.000000,0.000000,184.591776
501,fields/00006__viscocity.f64__c0069__dt-f64/chunk_0,write,4194304,,0.281672,1,,0.007263,0.374592,,0.000000,,0.000000,0.756737,320090892954095.000000,199.540975,7.563572,24,0,190.554275,0.002864,44,0,4016908,0.000000,0.000000,0.237120,0.000000,0.000000,185.189728
502,fields/00006__viscocity.f64__c0070__dt-f64/chunk_0,write,4194304,,0.273920,1,,0.009848,0.391040,,0.000000,,0.000000,0.427293,320091093486895.000000,204.493605,7.315037,24,0,196.074092,0.002375,44,0,4017020,0.000000,0.000000,0.233408,0.000000,0.000000,188.800449
503,fields/00006__viscocity.f64__c0071__dt-f64/chunk_0,write,4194304,,0.368836,1,,0.006635,0.991488,,0.000000,,0.000000,0.418842,320091298398504.000000,203.528251,4.625271,24,0,197.114316,0.002863,44,0,4016460,0.000000,0.000000,0.259264,0.000000,0.000000,192.946623
504,fields/00000__density.f64__c0000__dt-f64/chunk_0,read,4194304,,,,,0.015645,,0.108096,0.735225,,,,,3.105102,2.246136,24,,0.000000,0.000000,0,0,2136348,0.000000,0.000000,,0.000000,0.000000,0.000000
505,fields/00000__density.f64__c0001__dt-f64/chunk_0,read,4194304,,,,,0.012851,,0.232512,0.576615,,,,,2.262739,1.440761,24,,0.000000,0.000000,0,0,1679600,0.000000,0.000000,,0.000000,0.000000,0.000000
506,fields/00000__density.f64__c0002__dt-f64/chunk_0,read,4194304,,,,,0.010966,,0.235200,0.577035,,,,,2.266999,1.443798,24,,0.000000,0.000000,0,0,1647348,0.000000,0.000000,,0.000000,0.000000,0.000000
507,fields/00000__density.f64__c0003__dt-f64/chunk_0,read,4194304,,,,,0.007124,,0.181952,0.362410,,,,,1.864151,1.312665,24,,0.000000,0.000000,0,0,1657148,0.000000,0.000000,,0.000000,0.000000,0.000000
508,fields/00000__density.f64__c0004__dt-f64/chunk_0,read,4194304,,,,,0.006216,,0.177696,0.740744,,,,,1.942304,1.017648,24,,0.000000,0.000000,0,0,1678104,0.000000,0.000000,,0.000000,0.000000,0.000000
509,fields/00000__density.f64__c0005__dt-f64/chunk_0,read,4194304,,,,,0.006845,,0.222720,0.430855,,,,,1.645755,0.985335,24,,0.000000,0.000000,0,0,1707936,0.000000,0.000000,,0.000000,0.000000,0.000000
510,fields/00000__density.f64__c0006__dt-f64/chunk_0,read,4194304,,,,,0.011524,,0.204576,0.338454,,,,,2.031981,1.477427,24,,0.000000,0.000000,0,0,1706784,0.000000,0.000000,,0.000000,0.000000,0.000000
511,fields/00000__density.f64__c0007__dt-f64/chunk_0,read,4194304,,,,,0.008242,,0.174720,0.493852,,,,,2.073257,1.396443,24,,0.000000,0.000000,0,0,1738154,0.000000,0.000000,,0.000000,0.000000,0.000000
512,fields/00000__density.f64__c0008__dt-f64/chunk_0,read,4194304,,,,,0.006215,,0.148000,0.379032,,,,,1.615863,1.082616,24,,0.000000,0.000000,0,0,1743496,0.000000,0.000000,,0.000000,0.000000,0.000000
513,fields/00000__density.f64__c0009__dt-f64/chunk_0,read,4194304,,,,,0.005797,,0.155488,0.427503,,,,,1.592745,1.003957,24,,0.000000,0.000000,0,0,1781026,0.000000,0.000000,,0.000000,0.000000,0.000000
514,fields/00000__density.f64__c0010__dt-f64/chunk_0,read,4194304,,,,,0.010127,,0.092256,0.682705,,,,,2.330346,1.545258,24,,0.000000,0.000000,0,0,3104924,0.000000,0.000000,,0.000000,0.000000,0.000000
515,fields/00000__density.f64__c0011__dt-f64/chunk_0,read,4194304,,,,,0.006286,,0.156960,0.366879,,,,,1.633742,1.103617,24,,0.000000,0.000000,0,0,1829446,0.000000,0.000000,,0.000000,0.000000,0.000000
516,fields/00000__density.f64__c0012__dt-f64/chunk_0,read,4194304,,,,,0.009988,,0.177696,0.470315,,,,,2.072769,1.414770,24,,0.000000,0.000000,0,0,1852138,0.000000,0.000000,,0.000000,0.000000,0.000000
517,fields/00000__density.f64__c0013__dt-f64/chunk_0,read,4194304,,,,,0.006076,,0.168384,0.308421,,,,,1.522834,1.039953,24,,0.000000,0.000000,0,0,1899818,0.000000,0.000000,,0.000000,0.000000,0.000000
518,fields/00000__density.f64__c0014__dt-f64/chunk_0,read,4194304,,,,,0.005308,,0.155840,0.483167,,,,,1.691012,1.046697,24,,0.000000,0.000000,0,0,1928908,0.000000,0.000000,,0.000000,0.000000,0.000000
519,fields/00000__density.f64__c0015__dt-f64/chunk_0,read,4194304,,,,,0.009638,,0.176224,0.495389,,,,,2.068857,1.387606,24,,0.000000,0.000000,0,0,1979138,0.000000,0.000000,,0.000000,0.000000,0.000000
520,fields/00000__density.f64__c0016__dt-f64/chunk_0,read,4194304,,,,,0.011384,,0.184864,0.490849,,,,,2.042737,1.355640,24,,0.000000,0.000000,0,0,2028468,0.000000,0.000000,,0.000000,0.000000,0.000000
521,fields/00000__density.f64__c0017__dt-f64/chunk_0,read,4194304,,,,,0.005727,,0.157952,0.500906,,,,,1.757642,1.093057,24,,0.000000,0.000000,0,0,2080166,0.000000,0.000000,,0.000000,0.000000,0.000000
522,fields/00000__density.f64__c0018__dt-f64/chunk_0,read,4194304,,,,,0.009918,,0.175072,0.554056,,,,,2.211335,1.472289,24,,0.000000,0.000000,0,0,2140028,0.000000,0.000000,,0.000000,0.000000,0.000000
523,fields/00000__density.f64__c0019__dt-f64/chunk_0,read,4194304,,,,,0.005658,,0.156224,0.436791,,,,,1.785579,1.186906,24,,0.000000,0.000000,0,0,2189182,0.000000,0.000000,,0.000000,0.000000,0.000000
524,fields/00000__density.f64__c0020__dt-f64/chunk_0,read,4194304,,,,,0.000000,,0.000000,8.328929,,,,,8.820826,0.491897,0,,0.000000,0.000000,0,0,4194304,0.000000,0.000000,,0.000000,0.000000,0.000000
525,fields/00000__density.f64__c0021__dt-f64/chunk_0,read,4194304,,,,,0.009988,,0.177504,0.492177,,,,,2.183398,1.503729,24,,0.000000,0.000000,0,0,2288862,0.000000,0.000000,,0.000000,0.000000,0.000000
526,fields/00000__density.f64__c0022__dt-f64/chunk_0,read,4194304,,,,,0.005657,,0.158880,0.356403,,,,,1.648619,1.127679,24,,0.000000,0.000000,0,0,2352714,0.000000,0.000000,,0.000000,0.000000,0.000000
527,fields/00000__density.f64__c0023__dt-f64/chunk_0,read,4194304,,,,,0.005727,,0.157120,0.524093,,,,,1.802551,1.115611,24,,0.000000,0.000000,0,0,2415584,0.000000,0.000000,,0.000000,0.000000,0.000000
528,fields/00000__density.f64__c0024__dt-f64/chunk_0,read,4194304,,,,,0.010895,,0.175520,0.466893,,,,,2.177811,1.524503,24,,0.000000,0.000000,0,0,2473530,0.000000,0.000000,,0.000000,0.000000,0.000000
529,fields/00000__density.f64__c0025__dt-f64/chunk_0,read,4194304,,,,,0.005308,,0.227392,0.601759,,,,,1.971777,1.137318,24,,0.000000,0.000000,0,0,2510418,0.000000,0.000000,,0.000000,0.000000,0.000000
530,fields/00000__density.f64__c0026__dt-f64/chunk_0,read,4194304,,,,,0.010058,,0.182176,0.371838,,,,,2.060756,1.496684,24,,0.000000,0.000000,0,0,2403250,0.000000,0.000000,,0.000000,0.000000,0.000000
531,fields/00000__density.f64__c0027__dt-f64/chunk_0,read,4194304,,,,,0.005308,,0.320800,0.455508,,,,,1.907383,1.125767,24,,0.000000,0.000000,0,0,2304588,0.000000,0.000000,,0.000000,0.000000,0.000000
532,fields/00000__density.f64__c0028__dt-f64/chunk_0,read,4194304,,,,,0.005308,,0.319840,0.533312,,,,,1.917300,1.058840,24,,0.000000,0.000000,0,0,2603592,0.000000,0.000000,,0.000000,0.000000,0.000000
533,fields/00000__density.f64__c0029__dt-f64/chunk_0,read,4194304,,,,,0.009918,,0.339360,0.465007,,,,,2.387616,1.573331,24,,0.000000,0.000000,0,0,2958540,0.000000,0.000000,,0.000000,0.000000,0.000000
534,fields/00000__density.f64__c0030__dt-f64/chunk_0,read,4194304,,,,,0.000000,,0.000000,0.747030,,,,,1.161541,0.414511,0,,0.000000,0.000000,0,0,4194304,0.000000,0.000000,,0.000000,0.000000,0.000000
535,fields/00000__density.f64__c0031__dt-f64/chunk_0,read,4194304,,,,,0.005797,,0.246400,0.394608,,,,,1.791934,1.145129,24,,0.000000,0.000000,0,0,3470552,0.000000,0.000000,,0.000000,0.000000,0.000000
536,fields/00000__density.f64__c0032__dt-f64/chunk_0,read,4194304,,,,,0.007683,,0.116960,0.792077,,,,,2.269025,1.352305,24,,0.000000,0.000000,0,0,3826307,0.000000,0.000000,,0.000000,0.000000,0.000000
537,fields/00000__density.f64__c0033__dt-f64/chunk_0,read,4194304,,,,,0.008171,,0.100256,0.683892,,,,,2.154414,1.362095,24,,0.000000,0.000000,0,0,3834784,0.000000,0.000000,,0.000000,0.000000,0.000000
538,fields/00000__density.f64__c0034__dt-f64/chunk_0,read,4194304,,,,,0.007124,,0.098400,0.667899,,,,,2.101404,1.327981,24,,0.000000,0.000000,0,0,3837251,0.000000,0.000000,,0.000000,0.000000,0.000000
539,fields/00000__density.f64__c0035__dt-f64/chunk_0,read,4194304,,,,,0.005657,,0.096288,1.046093,,,,,2.319939,1.171901,24,,0.000000,0.000000,0,0,3836252,0.000000,0.000000,,0.000000,0.000000,0.000000
540,fields/00000__density.f64__c0036__dt-f64/chunk_0,read,4194304,,,,,0.008661,,0.097472,0.999717,,,,,2.478970,1.373120,24,,0.000000,0.000000,0,0,3835218,0.000000,0.000000,,0.000000,0.000000,0.000000
541,fields/00000__density.f64__c0037__dt-f64/chunk_0,read,4194304,,,,,0.007543,,0.098624,0.579339,,,,,1.972965,1.287459,24,,0.000000,0.000000,0,0,3833828,0.000000,0.000000,,0.000000,0.000000,0.000000
542,fields/00000__density.f64__c0038__dt-f64/chunk_0,read,4194304,,,,,0.007752,,0.098080,0.652672,,,,,2.022273,1.263769,24,,0.000000,0.000000,0,0,3835647,0.000000,0.000000,,0.000000,0.000000,0.000000
543,fields/00000__density.f64__c0039__dt-f64/chunk_0,read,4194304,,,,,0.005377,,0.091584,0.984421,,,,,2.211265,1.129883,24,,0.000000,0.000000,0,0,3835396,0.000000,0.000000,,0.000000,0.000000,0.000000
544,fields/00000__density.f64__c0040__dt-f64/chunk_0,read,4194304,,,,,0.000000,,0.000000,4.832503,,,,,5.483848,0.651345,0,,0.000000,0.000000,0,0,4194304,0.000000,0.000000,,0.000000,0.000000,0.000000
545,fields/00000__density.f64__c0041__dt-f64/chunk_0,read,4194304,,,,,0.005308,,0.092192,0.423451,,,,,1.656022,1.135071,24,,0.000000,0.000000,0,0,3836550,0.000000,0.000000,,0.000000,0.000000,0.000000
546,fields/00000__density.f64__c0042__dt-f64/chunk_0,read,4194304,,,,,0.005308,,0.089856,0.444404,,,,,1.631159,1.091591,24,,0.000000,0.000000,0,0,3830885,0.000000,0.000000,,0.000000,0.000000,0.000000
547,fields/00000__density.f64__c0043__dt-f64/chunk_0,read,4194304,,,,,0.007123,,0.088288,0.424919,,,,,1.606085,1.085755,24,,0.000000,0.000000,0,0,3811277,0.000000,0.000000,,0.000000,0.000000,0.000000
548,fields/00000__density.f64__c0044__dt-f64/chunk_0,read,4194304,,,,,0.006216,,0.174944,0.892441,,,,,2.208192,1.134591,24,,0.000000,0.000000,0,0,3424072,0.000000,0.000000,,0.000000,0.000000,0.000000
549,fields/00000__density.f64__c0045__dt-f64/chunk_0,read,4194304,,,,,0.005587,,0.353472,0.786420,,,,,2.227189,1.081710,24,,0.000000,0.000000,0,0,3116240,0.000000,0.000000,,0.000000,0.000000,0.000000
550,fields/00000__density.f64__c0046__dt-f64/chunk_0,read,4194304,,,,,0.006565,,0.354656,0.766376,,,,,2.178370,1.050773,24,,0.000000,0.000000,0,0,2845700,0.000000,0.000000,,0.000000,0.000000,0.000000
551,fields/00000__density.f64__c0047__dt-f64/chunk_0,read,4194304,,,,,0.005308,,0.529440,0.971432,,,,,2.600704,1.094524,24,,0.000000,0.000000,0,0,2509164,0.000000,0.000000,,0.000000,0.000000,0.000000
552,fields/00000__density.f64__c0048__dt-f64/chunk_0,read,4194304,,,,,0.005657,,0.297728,0.326581,,,,,1.691851,1.061885,24,,0.000000,0.000000,0,0,2214288,0.000000,0.000000,,0.000000,0.000000,0.000000
553,fields/00000__density.f64__c0049__dt-f64/chunk_0,read,4194304,,,,,0.005238,,0.292608,0.311496,,,,,1.643660,1.034318,24,,0.000000,0.000000,0,0,2084240,0.000000,0.000000,,0.000000,0.000000,0.000000
554,fields/00000__density.f64__c0050__dt-f64/chunk_0,read,4194304,,,,,0.000000,,0.000000,4.982663,,,,,5.329847,0.347184,0,,0.000000,0.000000,0,0,4194304,0.000000,0.000000,,0.000000,0.000000,0.000000
555,fields/00000__density.f64__c0051__dt-f64/chunk_0,read,4194304,,,,,0.004260,,0.157728,0.354588,,,,,1.538548,1.021972,24,,0.000000,0.000000,0,0,2294454,0.000000,0.000000,,0.000000,0.000000,0.000000
556,fields/00000__density.f64__c0052__dt-f64/chunk_0,read,4194304,,,,,0.005169,,0.160704,0.322949,,,,,1.572980,1.084158,24,,0.000000,0.000000,0,0,2246096,0.000000,0.000000,,0.000000,0.000000,0.000000
557,fields/00000__density.f64__c0053__dt-f64/chunk_0,read,4194304,,,,,0.004400,,0.164672,0.314847,,,,,1.461233,0.977314,24,,0.000000,0.000000,0,0,2202004,0.000000,0.000000,,0.000000,0.000000,0.000000
558,fields/00000__density.f64__c0054__dt-f64/chunk_0,read,4194304,,,,,0.006984,,0.154400,0.608114,,,,,1.760157,0.990659,24,,0.000000,0.000000,0,0,2133768,0.000000,0.000000,,0.000000,0.000000,0.000000
559,fields/00000__density.f64__c0055__dt-f64/chunk_0,read,4194304,,,,,0.006146,,0.154336,0.557199,,,,,1.721045,1.003364,24,,0.000000,0.000000,0,0,2090110,0.000000,0.000000,,0.000000,0.000000,0.000000
560,fields/00000__density.f64__c0056__dt-f64/chunk_0,read,4194304,,,,,0.006356,,0.143168,0.572355,,,,,1.717833,0.995954,24,,0.000000,0.000000,0,0,2041600,0.000000,0.000000,,0.000000,0.000000,0.000000
561,fields/00000__density.f64__c0057__dt-f64/chunk_0,read,4194304,,,,,0.004749,,0.153536,0.582622,,,,,1.735572,0.994665,24,,0.000000,0.000000,0,0,1991644,0.000000,0.000000,,0.000000,0.000000,0.000000
562,fields/00000__density.f64__c0058__dt-f64/chunk_0,read,4194304,,,,,0.007124,,0.154176,0.269171,,,,,1.463259,1.032788,24,,0.000000,0.000000,0,0,1964054,0.000000,0.000000,,0.000000,0.000000,0.000000
563,fields/00000__density.f64__c0059__dt-f64/chunk_0,read,4194304,,,,,0.005727,,0.141888,0.465216,,,,,1.563132,0.950301,24,,0.000000,0.000000,0,0,1899944,0.000000,0.000000,,0.000000,0.000000,0.000000
564,fields/00000__density.f64__c0060__dt-f64/chunk_0,read,4194304,,,,,0.005657,,0.083392,2.731728,,,,,3.906887,1.086110,24,,0.000000,0.000000,0,0,2841124,0.000000,0.000000,,0.000000,0.000000,0.000000
565,fields/00000__density.f64__c0061__dt-f64/chunk_0,read,4194304,,,,,0.005727,,0.154112,0.536526,,,,,1.687870,0.991505,24,,0.000000,0.000000,0,0,1846406,0.000000,0.000000,,0.000000,0.000000,0.000000
566,fields/00000__density.f64__c0062__dt-f64/chunk_0,read,4194304,,,,,0.005308,,0.163232,0.273291,,,,,1.397188,0.955357,24,,0.000000,0.000000,0,0,1830022,0.000000,0.000000,,0.000000,0.000000,0.000000
567,fields/00000__density.f64__c0063__dt-f64/chunk_0,read,4194304,,,,,0.007054,,0.220288,0.410182,,,,,1.582478,0.944954,24,,0.000000,0.000000,0,0,1807300,0.000000,0.000000,,0.000000,0.000000,0.000000
568,fields/00000__density.f64__c0064__dt-f64/chunk_0,read,4194304,,,,,0.006566,,0.153056,0.505725,,,,,1.643730,0.978383,24,,0.000000,0.000000,0,0,1770016,0.000000,0.000000,,0.000000,0.000000,0.000000
569,fields/00000__density.f64__c0065__dt-f64/chunk_0,read,4194304,,,,,0.005238,,0.140544,0.295152,,,,,1.376375,0.935441,24,,0.000000,0.000000,0,0,1762396,0.000000,0.000000,,0.000000,0.000000,0.000000
570,fields/00000__density.f64__c0066__dt-f64/chunk_0,read,4194304,,,,,0.005239,,0.150912,0.506145,,,,,1.626618,0.964322,24,,0.000000,0.000000,0,0,1728244,0.000000,0.000000,,0.000000,0.000000,0.000000
571,fields/00000__density.f64__c0067__dt-f64/chunk_0,read,4194304,,,,,0.005657,,0.152288,0.563625,,,,,1.719997,0.998427,24,,0.000000,0.000000,0,0,1735528,0.000000,0.000000,,0.000000,0.000000,0.000000
572,fields/00000__density.f64__c0068__dt-f64/chunk_0,read,4194304,,,,,0.005238,,0.142496,0.536875,,,,,1.640168,0.955559,24,,0.000000,0.000000,0,0,1683138,0.000000,0.000000,,0.000000,0.000000,0.000000
573,fields/00000__density.f64__c0069__dt-f64/chunk_0,read,4194304,,,,,0.006216,,0.151456,0.377426,,,,,1.472966,0.937868,24,,0.000000,0.000000,0,0,1676554,0.000000,0.000000,,0.000000,0.000000,0.000000
574,fields/00000__density.f64__c0070__dt-f64/chunk_0,read,4194304,,,,,0.005169,,0.077728,2.364638,,,,,3.475823,1.028288,24,,0.000000,0.000000,0,0,2458931,0.000000,0.000000,,0.000000,0.000000,0.000000
575,fields/00000__density.f64__c0071__dt-f64/chunk_0,read,4194304,,,,,0.005657,,0.159680,2.951101,,,,,4.147633,1.031195,24,,0.000000,0.000000,0,0,1263976,0.000000,0.000000,,0.000000,0.000000,0.000000
576,fields/00001__diffusivity.f64__c0000__dt-f64/chunk_0,read,4194304,,,,,0.009080,,0.079168,3.737730,,,,,4.973444,1.147466,24,,0.000000,0.000000,0,0,4024444,0.000000,0.000000,,0.000000,0.000000,0.000000
577,fields/00001__diffusivity.f64__c0001__dt-f64/chunk_0,read,4194304,,,,,0.009499,,0.082016,3.613970,,,,,5.062143,1.356658,24,,0.000000,0.000000,0,0,4026714,0.000000,0.000000,,0.000000,0.000000,0.000000
578,fields/00001__diffusivity.f64__c0002__dt-f64/chunk_0,read,4194304,,,,,0.007124,,0.304320,0.465566,,,,,1.874488,1.097478,24,,0.000000,0.000000,0,0,3742216,0.000000,0.000000,,0.000000,0.000000,0.000000
579,fields/00001__diffusivity.f64__c0003__dt-f64/chunk_0,read,4194304,,,,,0.006635,,0.291872,0.445242,,,,,1.867224,1.123475,24,,0.000000,0.000000,0,0,3744768,0.000000,0.000000,,0.000000,0.000000,0.000000
580,fields/00001__diffusivity.f64__c0004__dt-f64/chunk_0,read,4194304,,,,,0.007752,,0.292096,3.419951,,,,,4.861277,1.141478,24,,0.000000,0.000000,0,0,3749040,0.000000,0.000000,,0.000000,0.000000,0.000000
581,fields/00001__diffusivity.f64__c0005__dt-f64/chunk_0,read,4194304,,,,,0.005657,,0.288960,4.194846,,,,,5.658384,1.168921,24,,0.000000,0.000000,0,0,3754568,0.000000,0.000000,,0.000000,0.000000,0.000000
582,fields/00001__diffusivity.f64__c0006__dt-f64/chunk_0,read,4194304,,,,,0.004750,,0.290208,4.043080,,,,,5.516395,1.178357,24,,0.000000,0.000000,0,0,3758888,0.000000,0.000000,,0.000000,0.000000,0.000000
583,fields/00001__diffusivity.f64__c0007__dt-f64/chunk_0,read,4194304,,,,,0.010615,,0.289472,4.293952,,,,,6.073385,1.479346,24,,0.000000,0.000000,0,0,3762768,0.000000,0.000000,,0.000000,0.000000,0.000000
584,fields/00001__diffusivity.f64__c0008__dt-f64/chunk_0,read,4194304,,,,,0.000000,,0.000000,4.270345,,,,,4.578558,0.308213,0,,0.000000,0.000000,0,0,4194304,0.000000,0.000000,,0.000000,0.000000,0.000000
585,fields/00001__diffusivity.f64__c0009__dt-f64/chunk_0,read,4194304,,,,,0.004819,,0.076832,1.301574,,,,,2.549929,1.166704,24,,0.000000,0.000000,0,0,4025052,0.000000,0.000000,,0.000000,0.000000,0.000000
586,fields/00001__diffusivity.f64__c0010__dt-f64/chunk_0,read,4194304,,,,,0.008032,,0.065984,3.962971,,,,,5.293809,1.256822,24,,0.000000,0.000000,0,0,4025660,0.000000,0.000000,,0.000000,0.000000,0.000000
587,fields/00001__diffusivity.f64__c0011__dt-f64/chunk_0,read,4194304,,,,,0.005797,,0.062912,3.890127,,,,,5.118086,1.159250,24,,0.000000,0.000000,0,0,4025836,0.000000,0.000000,,0.000000,0.000000,0.000000
588,fields/00001__diffusivity.f64__c0012__dt-f64/chunk_0,read,4194304,,,,,0.005308,,0.063232,3.792627,,,,,5.012695,1.151528,24,,0.000000,0.000000,0,0,4026892,0.000000,0.000000,,0.000000,0.000000,0.000000
589,fields/00001__diffusivity.f64__c0013__dt-f64/chunk_0,read,4194304,,,,,0.006216,,0.328384,1.013547,,,,,2.467096,1.118949,24,,0.000000,0.000000,0,0,3807080,0.000000,0.000000,,0.000000,0.000000,0.000000
590,fields/00001__diffusivity.f64__c0014__dt-f64/chunk_0,read,4194304,,,,,0.006146,,0.074112,3.836977,,,,,5.058232,1.140997,24,,0.000000,0.000000,0,0,4029996,0.000000,0.000000,,0.000000,0.000000,0.000000
591,fields/00001__diffusivity.f64__c0015__dt-f64/chunk_0,read,4194304,,,,,0.005657,,0.353184,0.981210,,,,,2.493287,1.153236,24,,0.000000,0.000000,0,0,3835432,0.000000,0.000000,,0.000000,0.000000,0.000000
592,fields/00001__diffusivity.f64__c0016__dt-f64/chunk_0,read,4194304,,,,,0.005587,,0.335520,0.964167,,,,,2.449845,1.144571,24,,0.000000,0.000000,0,0,3847600,0.000000,0.000000,,0.000000,0.000000,0.000000
593,fields/00001__diffusivity.f64__c0017__dt-f64/chunk_0,read,4194304,,,,,0.005238,,0.287584,1.109928,,,,,2.550348,1.147598,24,,0.000000,0.000000,0,0,3855432,0.000000,0.000000,,0.000000,0.000000,0.000000
594,fields/00001__diffusivity.f64__c0018__dt-f64/chunk_0,read,4194304,,,,,0.000000,,0.000000,4.300377,,,,,4.599021,0.298644,0,,0.000000,0.000000,0,0,4194304,0.000000,0.000000,,0.000000,0.000000,0.000000
595,fields/00001__diffusivity.f64__c0019__dt-f64/chunk_0,read,4194304,,,,,0.005308,,0.064928,0.513547,,,,,1.749052,1.165269,24,,0.000000,0.000000,0,0,4035628,0.000000,0.000000,,0.000000,0.000000,0.000000
596,fields/00001__diffusivity.f64__c0020__dt-f64/chunk_0,read,4194304,,,,,0.007542,,0.074880,4.121441,,,,,5.444668,1.240805,24,,0.000000,0.000000,0,0,4036268,0.000000,0.000000,,0.000000,0.000000,0.000000
597,fields/00001__diffusivity.f64__c0021__dt-f64/chunk_0,read,4194304,,,,,0.008451,,0.103552,3.351715,,,,,4.787315,1.323597,24,,0.000000,0.000000,0,0,4036972,0.000000,0.000000,,0.000000,0.000000,0.000000
598,fields/00001__diffusivity.f64__c0022__dt-f64/chunk_0,read,4194304,,,,,0.005587,,0.069856,3.394877,,,,,4.700501,1.230181,24,,0.000000,0.000000,0,0,4037644,0.000000,0.000000,,0.000000,0.000000,0.000000
599,fields/00001__diffusivity.f64__c0023__dt-f64/chunk_0,read,4194304,,,,,0.005168,,0.064032,3.369454,,,,,4.592107,1.153453,24,,0.000000,0.000000,0,0,4037836,0.000000,0.000000,,0.000000,0.000000,0.000000
600,fields/00001__diffusivity.f64__c0024__dt-f64/chunk_0,read,4194304,,,,,0.006146,,0.068576,3.355625,,,,,4.581700,1.151353,24,,0.000000,0.000000,0,0,4038044,0.000000,0.000000,,0.000000,0.000000,0.000000
601,fields/00001__diffusivity.f64__c0025__dt-f64/chunk_0,read,4194304,,,,,0.005727,,0.368352,1.004607,,,,,2.534983,1.156297,24,,0.000000,0.000000,0,0,3878368,0.000000,0.000000,,0.000000,0.000000,0.000000
602,fields/00001__diffusivity.f64__c0026__dt-f64/chunk_0,read,4194304,,,,,0.005308,,0.180480,0.723423,,,,,2.028000,1.118789,24,,0.000000,0.000000,0,0,3929396,0.000000,0.000000,,0.000000,0.000000,0.000000
603,fields/00001__diffusivity.f64__c0027__dt-f64/chunk_0,read,4194304,,,,,0.006286,,0.349024,0.891742,,,,,2.394460,1.147408,24,,0.000000,0.000000,0,0,3802792,0.000000,0.000000,,0.000000,0.000000,0.000000
604,fields/00001__diffusivity.f64__c0028__dt-f64/chunk_0,read,4194304,,,,,0.000000,,0.000000,3.508789,,,,,3.891941,0.383152,0,,0.000000,0.000000,0,0,4194304,0.000000,0.000000,,0.000000,0.000000,0.000000
605,fields/00001__diffusivity.f64__c0029__dt-f64/chunk_0,read,4194304,,,,,0.004680,,0.095168,0.618451,,,,,1.867713,1.149414,24,,0.000000,0.000000,0,0,3926618,0.000000,0.000000,,0.000000,0.000000,0.000000
606,fields/00001__diffusivity.f64__c0030__dt-f64/chunk_0,read,4194304,,,,,0.005657,,0.094272,0.694927,,,,,1.981415,1.186559,24,,0.000000,0.000000,0,0,3941648,0.000000,0.000000,,0.000000,0.000000,0.000000
607,fields/00001__diffusivity.f64__c0031__dt-f64/chunk_0,read,4194304,,,,,0.005308,,0.089888,0.654559,,,,,1.934901,1.185146,24,,0.000000,0.000000,0,0,3962335,0.000000,0.000000,,0.000000,0.000000,0.000000
608,fields/00001__diffusivity.f64__c0032__dt-f64/chunk_0,read,4194304,,,,,0.004260,,0.364704,0.488195,,,,,1.970939,1.113780,24,,0.000000,0.000000,0,0,3766672,0.000000,0.000000,,0.000000,0.000000,0.000000
609,fields/00001__diffusivity.f64__c0033__dt-f64/chunk_0,read,4194304,,,,,0.005308,,0.181568,0.401732,,,,,1.786068,1.197460,24,,0.000000,0.000000,0,0,3828620,0.000000,0.000000,,0.000000,0.000000,0.000000
610,fields/00001__diffusivity.f64__c0034__dt-f64/chunk_0,read,4194304,,,,,0.005238,,0.368256,0.926035,,,,,2.425959,1.126430,24,,0.000000,0.000000,0,0,3758212,0.000000,0.000000,,0.000000,0.000000,0.000000
611,fields/00001__diffusivity.f64__c0035__dt-f64/chunk_0,read,4194304,,,,,0.008591,,0.367072,0.828465,,,,,2.446632,1.242504,24,,0.000000,0.000000,0,0,3753876,0.000000,0.000000,,0.000000,0.000000,0.000000
612,fields/00001__diffusivity.f64__c0036__dt-f64/chunk_0,read,4194304,,,,,0.009009,,0.173344,0.867716,,,,,2.381959,1.331890,24,,0.000000,0.000000,0,0,3828358,0.000000,0.000000,,0.000000,0.000000,0.000000
613,fields/00001__diffusivity.f64__c0037__dt-f64/chunk_0,read,4194304,,,,,0.005797,,0.371200,1.239764,,,,,2.746673,1.129912,24,,0.000000,0.000000,0,0,3751864,0.000000,0.000000,,0.000000,0.000000,0.000000
614,fields/00001__diffusivity.f64__c0038__dt-f64/chunk_0,read,4194304,,,,,0.000000,,0.000000,3.638834,,,,,3.944462,0.305628,0,,0.000000,0.000000,0,0,4194304,0.000000,0.000000,,0.000000,0.000000,0.000000
615,fields/00001__diffusivity.f64__c0039__dt-f64/chunk_0,read,4194304,,,,,0.006076,,0.084512,0.427364,,,,,1.647641,1.129689,24,,0.000000,0.000000,0,0,4007078,0.000000,0.000000,,0.000000,0.000000,0.000000
616,fields/00001__diffusivity.f64__c0040__dt-f64/chunk_0,read,4194304,,,,,0.005308,,0.082560,0.602177,,,,,1.849205,1.159160,24,,0.000000,0.000000,0,0,4007314,0.000000,0.000000,,0.000000,0.000000,0.000000
617,fields/00001__diffusivity.f64__c0041__dt-f64/chunk_0,read,4194304,,,,,0.004819,,0.072448,0.770077,,,,,1.953479,1.106135,24,,0.000000,0.000000,0,0,4009090,0.000000,0.000000,,0.000000,0.000000,0.000000
618,fields/00001__diffusivity.f64__c0042__dt-f64/chunk_0,read,4194304,,,,,0.005727,,0.360864,0.886085,,,,,2.415972,1.163296,24,,0.000000,0.000000,0,0,3759232,0.000000,0.000000,,0.000000,0.000000,0.000000
619,fields/00001__diffusivity.f64__c0043__dt-f64/chunk_0,read,4194304,,,,,0.005727,,0.181984,0.911438,,,,,2.204421,1.105272,24,,0.000000,0.000000,0,0,3831146,0.000000,0.000000,,0.000000,0.000000,0.000000
620,fields/00001__diffusivity.f64__c0044__dt-f64/chunk_0,read,4194304,,,,,0.007543,,0.197536,0.840548,,,,,2.178370,1.132743,24,,0.000000,0.000000,0,0,3823992,0.000000,0.000000,,0.000000,0.000000,0.000000
621,fields/00001__diffusivity.f64__c0045__dt-f64/chunk_0,read,4194304,,,,,0.004749,,0.303776,0.408017,,,,,1.859123,1.142581,24,,0.000000,0.000000,0,0,3746808,0.000000,0.000000,,0.000000,0.000000,0.000000
622,fields/00001__diffusivity.f64__c0046__dt-f64/chunk_0,read,4194304,,,,,0.004330,,0.293344,0.813099,,,,,2.256523,1.145750,24,,0.000000,0.000000,0,0,3727180,0.000000,0.000000,,0.000000,0.000000,0.000000
623,fields/00001__diffusivity.f64__c0047__dt-f64/chunk_0,read,4194304,,,,,0.005727,,0.302144,0.855564,,,,,2.278593,1.115158,24,,0.000000,0.000000,0,0,3693216,0.000000,0.000000,,0.000000,0.000000,0.000000
624,fields/00001__diffusivity.f64__c0048__dt-f64/chunk_0,read,4194304,,,,,0.000000,,0.000000,3.536795,,,,,3.840119,0.303324,0,,0.000000,0.000000,0,0,4194304,0.000000,0.000000,,0.000000,0.000000,0.000000
625,fields/00001__diffusivity.f64__c0049__dt-f64/chunk_0,read,4194304,,,,,0.006286,,0.097024,1.066068,,,,,2.306739,1.137361,24,,0.000000,0.000000,0,0,3987812,0.000000,0.000000,,0.000000,0.000000,0.000000
626,fields/00001__diffusivity.f64__c0050__dt-f64/chunk_0,read,4194304,,,,,0.005657,,0.068032,3.403537,,,,,4.589802,1.112576,24,,0.000000,0.000000,0,0,4037818,0.000000,0.000000,,0.000000,0.000000,0.000000
627,fields/00001__diffusivity.f64__c0051__dt-f64/chunk_0,read,4194304,,,,,0.004330,,0.069568,3.359048,,,,,4.643581,1.210635,24,,0.000000,0.000000,0,0,4037868,0.000000,0.000000,,0.000000,0.000000,0.000000
628,fields/00001__diffusivity.f64__c0052__dt-f64/chunk_0,read,4194304,,,,,0.005797,,0.074656,0.980719,,,,,2.196249,1.135077,24,,0.000000,0.000000,0,0,4037788,0.000000,0.000000,,0.000000,0.000000,0.000000
629,fields/00001__diffusivity.f64__c0053__dt-f64/chunk_0,read,4194304,,,,,0.005377,,0.075072,0.470106,,,,,1.714200,1.163645,24,,0.000000,0.000000,0,0,4037564,0.000000,0.000000,,0.000000,0.000000,0.000000
630,fields/00001__diffusivity.f64__c0054__dt-f64/chunk_0,read,4194304,,,,,0.005308,,0.087168,0.895303,,,,,2.124452,1.136673,24,,0.000000,0.000000,0,0,4037084,0.000000,0.000000,,0.000000,0.000000,0.000000
631,fields/00001__diffusivity.f64__c0055__dt-f64/chunk_0,read,4194304,,,,,0.007124,,0.329824,0.425058,,,,,1.884196,1.122190,24,,0.000000,0.000000,0,0,3870616,0.000000,0.000000,,0.000000,0.000000,0.000000
632,fields/00001__diffusivity.f64__c0056__dt-f64/chunk_0,read,4194304,,,,,0.005727,,0.293568,0.955996,,,,,2.412130,1.156839,24,,0.000000,0.000000,0,0,3864200,0.000000,0.000000,,0.000000,0.000000,0.000000
633,fields/00001__diffusivity.f64__c0057__dt-f64/chunk_0,read,4194304,,,,,0.006146,,0.312416,0.934486,,,,,2.372740,1.119692,24,,0.000000,0.000000,0,0,3858608,0.000000,0.000000,,0.000000,0.000000,0.000000
634,fields/00001__diffusivity.f64__c0058__dt-f64/chunk_0,read,4194304,,,,,0.000000,,0.000000,3.454382,,,,,3.884678,0.430296,0,,0.000000,0.000000,0,0,4194304,0.000000,0.000000,,0.000000,0.000000,0.000000
635,fields/00001__diffusivity.f64__c0059__dt-f64/chunk_0,read,4194304,,,,,0.006704,,0.074752,0.543860,,,,,1.779782,1.154466,24,,0.000000,0.000000,0,0,4030812,0.000000,0.000000,,0.000000,0.000000,0.000000
636,fields/00001__diffusivity.f64__c0060__dt-f64/chunk_0,read,4194304,,,,,0.006286,,0.072832,0.447827,,,,,1.671248,1.144303,24,,0.000000,0.000000,0,0,4029004,0.000000,0.000000,,0.000000,0.000000,0.000000
637,fields/00001__diffusivity.f64__c0061__dt-f64/chunk_0,read,4194304,,,,,0.005657,,0.066048,0.401242,,,,,1.651971,1.179024,24,,0.000000,0.000000,0,0,4026780,0.000000,0.000000,,0.000000,0.000000,0.000000
638,fields/00001__diffusivity.f64__c0062__dt-f64/chunk_0,read,4194304,,,,,0.006774,,0.314080,0.396911,,,,,1.814913,1.097148,24,,0.000000,0.000000,0,0,3809792,0.000000,0.000000,,0.000000,0.000000,0.000000
639,fields/00001__diffusivity.f64__c0063__dt-f64/chunk_0,read,4194304,,,,,0.005238,,0.300672,0.870370,,,,,2.339496,1.163216,24,,0.000000,0.000000,0,0,3795760,0.000000,0.000000,,0.000000,0.000000,0.000000
640,fields/00001__diffusivity.f64__c0064__dt-f64/chunk_0,read,4194304,,,,,0.005168,,0.287552,0.409343,,,,,1.811350,1.109287,24,,0.000000,0.000000,0,0,3786480,0.000000,0.000000,,0.000000,0.000000,0.000000
641,fields/00001__diffusivity.f64__c0065__dt-f64/chunk_0,read,4194304,,,,,0.005797,,0.279232,0.842434,,,,,2.269094,1.141631,24,,0.000000,0.000000,0,0,3777784,0.000000,0.000000,,0.000000,0.000000,0.000000
642,fields/00001__diffusivity.f64__c0066__dt-f64/chunk_0,read,4194304,,,,,0.006146,,0.288384,0.457186,,,,,1.893345,1.141629,24,,0.000000,0.000000,0,0,3772888,0.000000,0.000000,,0.000000,0.000000,0.000000
643,fields/00001__diffusivity.f64__c0067__dt-f64/chunk_0,read,4194304,,,,,0.005308,,0.288896,0.796547,,,,,2.208402,1.117651,24,,0.000000,0.000000,0,0,3767264,0.000000,0.000000,,0.000000,0.000000,0.000000
644,fields/00001__diffusivity.f64__c0068__dt-f64/chunk_0,read,4194304,,,,,0.000000,,0.000000,3.414222,,,,,3.697781,0.283559,0,,0.000000,0.000000,0,0,4194304,0.000000,0.000000,,0.000000,0.000000,0.000000
645,fields/00001__diffusivity.f64__c0069__dt-f64/chunk_0,read,4194304,,,,,0.005797,,0.074848,0.491339,,,,,1.716017,1.144033,24,,0.000000,0.000000,0,0,4016828,0.000000,0.000000,,0.000000,0.000000,0.000000
646,fields/00001__diffusivity.f64__c0070__dt-f64/chunk_0,read,4194304,,,,,0.006705,,0.064960,0.951317,,,,,2.172154,1.149172,24,,0.000000,0.000000,0,0,4016732,0.000000,0.000000,,0.000000,0.000000,0.000000
647,fields/00001__diffusivity.f64__c0071__dt-f64/chunk_0,read,4194304,,,,,0.006216,,0.066048,0.699676,,,,,1.896907,1.124967,24,,0.000000,0.000000,0,0,4016220,0.000000,0.000000,,0.000000,0.000000,0.000000
648,fields/00002__pressure.f64__c0000__dt-f64/chunk_0,read,4194304,,,,,0.005238,,0.168736,0.825112,,,,,2.157836,1.158750,24,,0.000000,0.000000,0,0,3639742,0.000000,0.000000,,0.000000,0.000000,0.000000
649,fields/00002__pressure.f64__c0001__dt-f64/chunk_0,read,4194304,,,,,0.005168,,0.155616,0.821062,,,,,2.093372,1.111526,24,,0.000000,0.000000,0,0,3510732,0.000000,0.000000,,0.000000,0.000000,0.000000
650,fields/00002__pressure.f64__c0002__dt-f64/chunk_0,read,4194304,,,,,0.005239,,0.151360,0.755619,,,,,2.002718,1.090500,24,,0.000000,0.000000,0,0,3430290,0.000000,0.000000,,0.000000,0.000000,0.000000
651,fields/00002__pressure.f64__c0003__dt-f64/chunk_0,read,4194304,,,,,0.005727,,0.240032,0.768679,,,,,2.110064,1.095626,24,,0.000000,0.000000,0,0,3422062,0.000000,0.000000,,0.000000,0.000000,0.000000
652,fields/00002__pressure.f64__c0004__dt-f64/chunk_0,read,4194304,,,,,0.007543,,0.228896,0.420379,,,,,1.728239,1.071421,24,,0.000000,0.000000,0,0,3431058,0.000000,0.000000,,0.000000,0.000000,0.000000
653,fields/00002__pressure.f64__c0005__dt-f64/chunk_0,read,4194304,,,,,0.005238,,0.160928,0.588837,,,,,1.908640,1.153637,24,,0.000000,0.000000,0,0,3436530,0.000000,0.000000,,0.000000,0.000000,0.000000
654,fields/00002__pressure.f64__c0006__dt-f64/chunk_0,read,4194304,,,,,0.000000,,0.000000,3.916036,,,,,4.314625,0.398589,0,,0.000000,0.000000,0,0,4194304,0.000000,0.000000,,0.000000,0.000000,0.000000
655,fields/00002__pressure.f64__c0007__dt-f64/chunk_0,read,4194304,,,,,0.006146,,0.240288,0.386226,,,,,1.791935,1.159275,24,,0.000000,0.000000,0,0,3465230,0.000000,0.000000,,0.000000,0.000000,0.000000
656,fields/00002__pressure.f64__c0008__dt-f64/chunk_0,read,4194304,,,,,0.005727,,0.240384,0.582551,,,,,1.964513,1.135851,24,,0.000000,0.000000,0,0,3476366,0.000000,0.000000,,0.000000,0.000000,0.000000
657,fields/00002__pressure.f64__c0009__dt-f64/chunk_0,read,4194304,,,,,0.005797,,0.160416,0.587929,,,,,1.921701,1.167559,24,,0.000000,0.000000,0,0,3492188,0.000000,0.000000,,0.000000,0.000000,0.000000
658,fields/00002__pressure.f64__c0010__dt-f64/chunk_0,read,4194304,,,,,0.005657,,0.230528,0.551612,,,,,1.912761,1.124964,24,,0.000000,0.000000,0,0,3500288,0.000000,0.000000,,0.000000,0.000000,0.000000
659,fields/00002__pressure.f64__c0011__dt-f64/chunk_0,read,4194304,,,,,0.006146,,0.230016,0.515224,,,,,1.868202,1.116816,24,,0.000000,0.000000,0,0,3512206,0.000000,0.000000,,0.000000,0.000000,0.000000
660,fields/00002__pressure.f64__c0012__dt-f64/chunk_0,read,4194304,,,,,0.005657,,0.228704,0.723911,,,,,2.143240,1.184968,24,,0.000000,0.000000,0,0,3519394,0.000000,0.000000,,0.000000,0.000000,0.000000
661,fields/00002__pressure.f64__c0013__dt-f64/chunk_0,read,4194304,,,,,0.005727,,0.228704,0.681169,,,,,2.081918,1.166318,24,,0.000000,0.000000,0,0,3531238,0.000000,0.000000,,0.000000,0.000000,0.000000
662,fields/00002__pressure.f64__c0014__dt-f64/chunk_0,read,4194304,,,,,0.005308,,0.150848,0.665453,,,,,1.957530,1.135921,24,,0.000000,0.000000,0,0,3545272,0.000000,0.000000,,0.000000,0.000000,0.000000
663,fields/00002__pressure.f64__c0015__dt-f64/chunk_0,read,4194304,,,,,0.005797,,0.229312,0.536107,,,,,1.943980,1.172764,24,,0.000000,0.000000,0,0,3553660,0.000000,0.000000,,0.000000,0.000000,0.000000
664,fields/00002__pressure.f64__c0016__dt-f64/chunk_0,read,4194304,,,,,0.000000,,0.000000,3.716080,,,,,4.170681,0.454601,0,,0.000000,0.000000,0,0,4194304,0.000000,0.000000,,0.000000,0.000000,0.000000
665,fields/00002__pressure.f64__c0017__dt-f64/chunk_0,read,4194304,,,,,0.005378,,0.227648,0.534711,,,,,1.895510,1.127773,24,,0.000000,0.000000,0,0,3577540,0.000000,0.000000,,0.000000,0.000000,0.000000
666,fields/00002__pressure.f64__c0018__dt-f64/chunk_0,read,4194304,,,,,0.005727,,0.228288,0.532824,,,,,1.960603,1.193764,24,,0.000000,0.000000,0,0,3593898,0.000000,0.000000,,0.000000,0.000000,0.000000
667,fields/00002__pressure.f64__c0019__dt-f64/chunk_0,read,4194304,,,,,0.006076,,0.228704,0.527236,,,,,1.898722,1.136706,24,,0.000000,0.000000,0,0,3615124,0.000000,0.000000,,0.000000,0.000000,0.000000
668,fields/00002__pressure.f64__c0020__dt-f64/chunk_0,read,4194304,,,,,0.006006,,0.239776,0.598335,,,,,1.989029,1.144912,24,,0.000000,0.000000,0,0,3645004,0.000000,0.000000,,0.000000,0.000000,0.000000
669,fields/00002__pressure.f64__c0021__dt-f64/chunk_0,read,4194304,,,,,0.005657,,0.252288,0.517877,,,,,1.908641,1.132819,24,,0.000000,0.000000,0,0,3681818,0.000000,0.000000,,0.000000,0.000000,0.000000
670,fields/00002__pressure.f64__c0022__dt-f64/chunk_0,read,4194304,,,,,0.005796,,0.162400,0.490430,,,,,1.855142,1.196516,24,,0.000000,0.000000,0,0,3712444,0.000000,0.000000,,0.000000,0.000000,0.000000
671,fields/00002__pressure.f64__c0023__dt-f64/chunk_0,read,4194304,,,,,0.005168,,0.228800,0.456277,,,,,1.815401,1.125156,24,,0.000000,0.000000,0,0,3735382,0.000000,0.000000,,0.000000,0.000000,0.000000
672,fields/00002__pressure.f64__c0024__dt-f64/chunk_0,read,4194304,,,,,0.007124,,0.228768,0.596101,,,,,1.978901,1.146908,24,,0.000000,0.000000,0,0,3746598,0.000000,0.000000,,0.000000,0.000000,0.000000
673,fields/00002__pressure.f64__c0025__dt-f64/chunk_0,read,4194304,,,,,0.005657,,0.228672,0.466054,,,,,1.829230,1.128847,24,,0.000000,0.000000,0,0,3755690,0.000000,0.000000,,0.000000,0.000000,0.000000
674,fields/00002__pressure.f64__c0026__dt-f64/chunk_0,read,4194304,,,,,0.000000,,0.000000,3.485392,,,,,3.776981,0.291589,0,,0.000000,0.000000,0,0,4194304,0.000000,0.000000,,0.000000,0.000000,0.000000
675,fields/00002__pressure.f64__c0027__dt-f64/chunk_0,read,4194304,,,,,0.005168,,0.078624,1.057058,,,,,2.315260,1.174410,24,,0.000000,0.000000,0,0,4028398,0.000000,0.000000,,0.000000,0.000000,0.000000
676,fields/00002__pressure.f64__c0028__dt-f64/chunk_0,read,4194304,,,,,0.007123,,0.079360,0.811283,,,,,2.125918,1.228152,24,,0.000000,0.000000,0,0,4022396,0.000000,0.000000,,0.000000,0.000000,0.000000
677,fields/00002__pressure.f64__c0029__dt-f64/chunk_0,read,4194304,,,,,0.004330,,0.074848,0.404456,,,,,1.660422,1.176788,24,,0.000000,0.000000,0,0,4015428,0.000000,0.000000,,0.000000,0.000000,0.000000
678,fields/00002__pressure.f64__c0030__dt-f64/chunk_0,read,4194304,,,,,0.005168,,0.174464,0.827626,,,,,2.203303,1.196045,24,,0.000000,0.000000,0,0,3822002,0.000000,0.000000,,0.000000,0.000000,0.000000
679,fields/00002__pressure.f64__c0031__dt-f64/chunk_0,read,4194304,,,,,0.005378,,0.360640,0.834541,,,,,2.358283,1.157724,24,,0.000000,0.000000,0,0,3752532,0.000000,0.000000,,0.000000,0.000000,0.000000
680,fields/00002__pressure.f64__c0032__dt-f64/chunk_0,read,4194304,,,,,0.008102,,0.356704,0.457325,,,,,1.977435,1.155304,24,,0.000000,0.000000,0,0,3750624,0.000000,0.000000,,0.000000,0.000000,0.000000
681,fields/00002__pressure.f64__c0033__dt-f64/chunk_0,read,4194304,,,,,0.004819,,0.340928,0.877564,,,,,2.440836,1.217525,24,,0.000000,0.000000,0,0,3748460,0.000000,0.000000,,0.000000,0.000000,0.000000
682,fields/00002__pressure.f64__c0034__dt-f64/chunk_0,read,4194304,,,,,0.004260,,0.325472,0.444892,,,,,1.910596,1.135972,24,,0.000000,0.000000,0,0,3747572,0.000000,0.000000,,0.000000,0.000000,0.000000
683,fields/00002__pressure.f64__c0035__dt-f64/chunk_0,read,4194304,,,,,0.007683,,0.337632,0.391882,,,,,1.916253,1.179056,24,,0.000000,0.000000,0,0,3745304,0.000000,0.000000,,0.000000,0.000000,0.000000
684,fields/00002__pressure.f64__c0036__dt-f64/chunk_0,read,4194304,,,,,0.000000,,0.000000,3.937618,,,,,4.227392,0.289774,0,,0.000000,0.000000,0,0,4194304,0.000000,0.000000,,0.000000,0.000000,0.000000
685,fields/00002__pressure.f64__c0037__dt-f64/chunk_0,read,4194304,,,,,0.005657,,0.077696,1.086601,,,,,2.352067,1.182113,24,,0.000000,0.000000,0,0,4006064,0.000000,0.000000,,0.000000,0.000000,0.000000
686,fields/00002__pressure.f64__c0038__dt-f64/chunk_0,read,4194304,,,,,0.005657,,0.073440,0.923171,,,,,2.190523,1.188255,24,,0.000000,0.000000,0,0,4005898,0.000000,0.000000,,0.000000,0.000000,0.000000
687,fields/00002__pressure.f64__c0039__dt-f64/chunk_0,read,4194304,,,,,0.006146,,0.074048,3.837884,,,,,5.391658,1.473580,24,,0.000000,0.000000,0,0,4006156,0.000000,0.000000,,0.000000,0.000000,0.000000
688,fields/00002__pressure.f64__c0040__dt-f64/chunk_0,read,4194304,,,,,0.005308,,0.186464,1.014383,,,,,2.404588,1.198433,24,,0.000000,0.000000,0,0,3814560,0.000000,0.000000,,0.000000,0.000000,0.000000
689,fields/00002__pressure.f64__c0041__dt-f64/chunk_0,read,4194304,,,,,0.007054,,0.264704,0.425547,,,,,1.882310,1.185005,24,,0.000000,0.000000,0,0,3814496,0.000000,0.000000,,0.000000,0.000000,0.000000
690,fields/00002__pressure.f64__c0042__dt-f64/chunk_0,read,4194304,,,,,0.005308,,0.364928,0.446081,,,,,1.921631,1.105314,24,,0.000000,0.000000,0,0,3745632,0.000000,0.000000,,0.000000,0.000000,0.000000
691,fields/00002__pressure.f64__c0043__dt-f64/chunk_0,read,4194304,,,,,0.008101,,0.345312,3.531068,,,,,5.042517,1.158036,24,,0.000000,0.000000,0,0,3750280,0.000000,0.000000,,0.000000,0.000000,0.000000
692,fields/00002__pressure.f64__c0044__dt-f64/chunk_0,read,4194304,,,,,0.005657,,0.367136,3.331041,,,,,4.860440,1.156606,24,,0.000000,0.000000,0,0,3752240,0.000000,0.000000,,0.000000,0.000000,0.000000
693,fields/00002__pressure.f64__c0045__dt-f64/chunk_0,read,4194304,,,,,0.007613,,0.344608,3.865751,,,,,5.367352,1.149380,24,,0.000000,0.000000,0,0,3755748,0.000000,0.000000,,0.000000,0.000000,0.000000
694,fields/00002__pressure.f64__c0046__dt-f64/chunk_0,read,4194304,,,,,0.005308,,0.074784,3.719362,,,,,4.970091,1.170637,24,,0.000000,0.000000,0,0,4013580,0.000000,0.000000,,0.000000,0.000000,0.000000
695,fields/00002__pressure.f64__c0047__dt-f64/chunk_0,read,4194304,,,,,0.009359,,0.072704,3.600490,,,,,4.968345,1.285792,24,,0.000000,0.000000,0,0,4019494,0.000000,0.000000,,0.000000,0.000000,0.000000
696,fields/00002__pressure.f64__c0048__dt-f64/chunk_0,read,4194304,,,,,0.006146,,0.096384,3.967302,,,,,5.223059,1.153227,24,,0.000000,0.000000,0,0,4025694,0.000000,0.000000,,0.000000,0.000000,0.000000
697,fields/00002__pressure.f64__c0049__dt-f64/chunk_0,read,4194304,,,,,0.009568,,0.085312,3.807991,,,,,5.240519,1.337648,24,,0.000000,0.000000,0,0,4030258,0.000000,0.000000,,0.000000,0.000000,0.000000
698,fields/00002__pressure.f64__c0050__dt-f64/chunk_0,read,4194304,,,,,0.004819,,0.180256,0.919400,,,,,2.274752,1.170277,24,,0.000000,0.000000,0,0,3746042,0.000000,0.000000,,0.000000,0.000000,0.000000
699,fields/00002__pressure.f64__c0051__dt-f64/chunk_0,read,4194304,,,,,0.007613,,0.172160,0.925196,,,,,2.242136,1.137167,24,,0.000000,0.000000,0,0,3731470,0.000000,0.000000,,0.000000,0.000000,0.000000
700,fields/00002__pressure.f64__c0052__dt-f64/chunk_0,read,4194304,,,,,0.007194,,0.171328,0.526119,,,,,1.822735,1.118094,24,,0.000000,0.000000,0,0,3720804,0.000000,0.000000,,0.000000,0.000000,0.000000
701,fields/00002__pressure.f64__c0053__dt-f64/chunk_0,read,4194304,,,,,0.006705,,0.170816,0.512569,,,,,1.822036,1.131946,24,,0.000000,0.000000,0,0,3713680,0.000000,0.000000,,0.000000,0.000000,0.000000
702,fields/00002__pressure.f64__c0054__dt-f64/chunk_0,read,4194304,,,,,0.006495,,0.168096,0.852420,,,,,2.195761,1.168750,24,,0.000000,0.000000,0,0,3702362,0.000000,0.000000,,0.000000,0.000000,0.000000
703,fields/00002__pressure.f64__c0055__dt-f64/chunk_0,read,4194304,,,,,0.005657,,0.239680,0.440563,,,,,1.857237,1.171337,24,,0.000000,0.000000,0,0,3695698,0.000000,0.000000,,0.000000,0.000000,0.000000
704,fields/00002__pressure.f64__c0056__dt-f64/chunk_0,read,4194304,,,,,0.000000,,0.000000,3.564662,,,,,3.862818,0.298156,0,,0.000000,0.000000,0,0,4194304,0.000000,0.000000,,0.000000,0.000000,0.000000
705,fields/00002__pressure.f64__c0057__dt-f64/chunk_0,read,4194304,,,,,0.005238,,0.098336,0.432530,,,,,1.704632,1.168528,24,,0.000000,0.000000,0,0,3960066,0.000000,0.000000,,0.000000,0.000000,0.000000
706,fields/00002__pressure.f64__c0058__dt-f64/chunk_0,read,4194304,,,,,0.006216,,0.093696,1.039387,,,,,2.313235,1.173936,24,,0.000000,0.000000,0,0,3950562,0.000000,0.000000,,0.000000,0.000000,0.000000
707,fields/00002__pressure.f64__c0059__dt-f64/chunk_0,read,4194304,,,,,0.005657,,0.242560,0.896142,,,,,2.295146,1.150787,24,,0.000000,0.000000,0,0,3615830,0.000000,0.000000,,0.000000,0.000000,0.000000
708,fields/00002__pressure.f64__c0060__dt-f64/chunk_0,read,4194304,,,,,0.005727,,0.228704,0.492664,,,,,1.831046,1.103951,24,,0.000000,0.000000,0,0,3601164,0.000000,0.000000,,0.000000,0.000000,0.000000
709,fields/00002__pressure.f64__c0061__dt-f64/chunk_0,read,4194304,,,,,0.010407,,0.149664,0.946918,,,,,2.358282,1.251293,24,,0.000000,0.000000,0,0,3585290,0.000000,0.000000,,0.000000,0.000000,0.000000
710,fields/00002__pressure.f64__c0062__dt-f64/chunk_0,read,4194304,,,,,0.005378,,0.230240,0.489172,,,,,1.884755,1.159965,24,,0.000000,0.000000,0,0,3573014,0.000000,0.000000,,0.000000,0.000000,0.000000
711,fields/00002__pressure.f64__c0063__dt-f64/chunk_0,read,4194304,,,,,0.004819,,0.230720,0.473876,,,,,1.808068,1.098653,24,,0.000000,0.000000,0,0,3568370,0.000000,0.000000,,0.000000,0.000000,0.000000
712,fields/00002__pressure.f64__c0064__dt-f64/chunk_0,read,4194304,,,,,0.005238,,0.228864,0.867367,,,,,2.278523,1.177054,24,,0.000000,0.000000,0,0,3561076,0.000000,0.000000,,0.000000,0.000000,0.000000
713,fields/00002__pressure.f64__c0065__dt-f64/chunk_0,read,4194304,,,,,0.004749,,0.228544,0.853818,,,,,2.223627,1.136516,24,,0.000000,0.000000,0,0,3557794,0.000000,0.000000,,0.000000,0.000000,0.000000
714,fields/00002__pressure.f64__c0066__dt-f64/chunk_0,read,4194304,,,,,0.000000,,0.000000,4.141138,,,,,4.550761,0.409623,0,,0.000000,0.000000,0,0,4194304,0.000000,0.000000,,0.000000,0.000000,0.000000
715,fields/00002__pressure.f64__c0067__dt-f64/chunk_0,read,4194304,,,,,0.005238,,0.228768,0.868064,,,,,2.258059,1.155989,24,,0.000000,0.000000,0,0,3549638,0.000000,0.000000,,0.000000,0.000000,0.000000
716,fields/00002__pressure.f64__c0068__dt-f64/chunk_0,read,4194304,,,,,0.005657,,0.185024,0.926803,,,,,2.263717,1.146233,24,,0.000000,0.000000,0,0,3534380,0.000000,0.000000,,0.000000,0.000000,0.000000
717,fields/00002__pressure.f64__c0069__dt-f64/chunk_0,read,4194304,,,,,0.005238,,0.162976,0.793892,,,,,2.182071,1.219965,24,,0.000000,0.000000,0,0,3521150,0.000000,0.000000,,0.000000,0.000000,0.000000
718,fields/00002__pressure.f64__c0070__dt-f64/chunk_0,read,4194304,,,,,0.006216,,0.152032,0.830491,,,,,2.137373,1.148634,24,,0.000000,0.000000,0,0,3526930,0.000000,0.000000,,0.000000,0.000000,0.000000
719,fields/00002__pressure.f64__c0071__dt-f64/chunk_0,read,4194304,,,,,0.005308,,0.240096,0.595751,,,,,2.004533,1.163378,24,,0.000000,0.000000,0,0,3598674,0.000000,0.000000,,0.000000,0.000000,0.000000
720,fields/00003__velocityx.f64__c0000__dt-f64/chunk_0,read,4194304,,,,,0.005727,,0.115296,0.932808,,,,,2.178719,1.124888,24,,0.000000,0.000000,0,0,3873796,0.000000,0.000000,,0.000000,0.000000,0.000000
721,fields/00003__velocityx.f64__c0001__dt-f64/chunk_0,read,4194304,,,,,0.004749,,0.264288,0.521370,,,,,1.912551,1.122144,24,,0.000000,0.000000,0,0,3707848,0.000000,0.000000,,0.000000,0.000000,0.000000
722,fields/00003__velocityx.f64__c0002__dt-f64/chunk_0,read,4194304,,,,,0.005866,,0.230112,0.542881,,,,,1.963606,1.184747,24,,0.000000,0.000000,0,0,3708842,0.000000,0.000000,,0.000000,0.000000,0.000000
723,fields/00003__velocityx.f64__c0003__dt-f64/chunk_0,read,4194304,,,,,0.006286,,0.349056,0.588628,,,,,2.047625,1.103655,24,,0.000000,0.000000,0,0,3736792,0.000000,0.000000,,0.000000,0.000000,0.000000
724,fields/00003__velocityx.f64__c0004__dt-f64/chunk_0,read,4194304,,,,,0.000000,,0.000000,3.539031,,,,,3.822378,0.283347,0,,0.000000,0.000000,0,0,4194304,0.000000,0.000000,,0.000000,0.000000,0.000000
725,fields/00003__velocityx.f64__c0005__dt-f64/chunk_0,read,4194304,,,,,0.005727,,0.098176,0.509498,,,,,1.796474,1.183073,24,,0.000000,0.000000,0,0,3875728,0.000000,0.000000,,0.000000,0.000000,0.000000
726,fields/00003__velocityx.f64__c0006__dt-f64/chunk_0,read,4194304,,,,,0.005796,,0.093664,0.962492,,,,,2.274961,1.213009,24,,0.000000,0.000000,0,0,3875324,0.000000,0.000000,,0.000000,0.000000,0.000000
727,fields/00003__velocityx.f64__c0007__dt-f64/chunk_0,read,4194304,,,,,0.005657,,0.092576,3.323777,,,,,4.576741,1.154731,24,,0.000000,0.000000,0,0,3881930,0.000000,0.000000,,0.000000,0.000000,0.000000
728,fields/00003__velocityx.f64__c0008__dt-f64/chunk_0,read,4194304,,,,,0.006565,,0.176352,0.943983,,,,,2.499713,1.372813,24,,0.000000,0.000000,0,0,3709256,0.000000,0.000000,,0.000000,0.000000,0.000000
729,fields/00003__velocityx.f64__c0009__dt-f64/chunk_0,read,4194304,,,,,0.006286,,0.340416,1.194296,,,,,2.694642,1.153644,24,,0.000000,0.000000,0,0,3705516,0.000000,0.000000,,0.000000,0.000000,0.000000
730,fields/00003__velocityx.f64__c0010__dt-f64/chunk_0,read,4194304,,,,,0.005308,,0.229984,0.493644,,,,,1.867084,1.138148,24,,0.000000,0.000000,0,0,3710242,0.000000,0.000000,,0.000000,0.000000,0.000000
731,fields/00003__velocityx.f64__c0011__dt-f64/chunk_0,read,4194304,,,,,0.007543,,0.334208,0.512709,,,,,2.041480,1.187020,24,,0.000000,0.000000,0,0,3714264,0.000000,0.000000,,0.000000,0.000000,0.000000
732,fields/00003__velocityx.f64__c0012__dt-f64/chunk_0,read,4194304,,,,,0.005657,,0.336832,0.605809,,,,,2.101125,1.152827,24,,0.000000,0.000000,0,0,3721032,0.000000,0.000000,,0.000000,0.000000,0.000000
733,fields/00003__velocityx.f64__c0013__dt-f64/chunk_0,read,4194304,,,,,0.004260,,0.151712,0.533663,,,,,1.828671,1.139036,24,,0.000000,0.000000,0,0,3727886,0.000000,0.000000,,0.000000,0.000000,0.000000
734,fields/00003__velocityx.f64__c0014__dt-f64/chunk_0,read,4194304,,,,,0.000000,,0.000000,3.550484,,,,,3.832087,0.281603,0,,0.000000,0.000000,0,0,4194304,0.000000,0.000000,,0.000000,0.000000,0.000000
735,fields/00003__velocityx.f64__c0015__dt-f64/chunk_0,read,4194304,,,,,0.005727,,0.088768,0.511453,,,,,1.764766,1.158818,24,,0.000000,0.000000,0,0,3915790,0.000000,0.000000,,0.000000,0.000000,0.000000
736,fields/00003__velocityx.f64__c0016__dt-f64/chunk_0,read,4194304,,,,,0.005658,,0.099584,3.272723,,,,,4.616482,1.238517,24,,0.000000,0.000000,0,0,3924775,0.000000,0.000000,,0.000000,0.000000,0.000000
737,fields/00003__velocityx.f64__c0017__dt-f64/chunk_0,read,4194304,,,,,0.005587,,0.089504,3.461994,,,,,4.741219,1.184134,24,,0.000000,0.000000,0,0,3928979,0.000000,0.000000,,0.000000,0.000000,0.000000
738,fields/00003__velocityx.f64__c0018__dt-f64/chunk_0,read,4194304,,,,,0.005238,,0.343776,0.915068,,,,,2.417928,1.153846,24,,0.000000,0.000000,0,0,3742764,0.000000,0.000000,,0.000000,0.000000,0.000000
739,fields/00003__velocityx.f64__c0019__dt-f64/chunk_0,read,4194304,,,,,0.005238,,0.368576,0.693251,,,,,2.258478,1.191413,24,,0.000000,0.000000,0,0,3743552,0.000000,0.000000,,0.000000,0.000000,0.000000
740,fields/00003__velocityx.f64__c0020__dt-f64/chunk_0,read,4194304,,,,,0.007193,,0.342944,0.486799,,,,,2.040152,1.203216,24,,0.000000,0.000000,0,0,3742872,0.000000,0.000000,,0.000000,0.000000,0.000000
741,fields/00003__velocityx.f64__c0021__dt-f64/chunk_0,read,4194304,,,,,0.005378,,0.338848,0.572074,,,,,2.098820,1.182520,24,,0.000000,0.000000,0,0,3744768,0.000000,0.000000,,0.000000,0.000000,0.000000
742,fields/00003__velocityx.f64__c0022__dt-f64/chunk_0,read,4194304,,,,,0.007682,,0.325184,0.496646,,,,,2.008934,1.179422,24,,0.000000,0.000000,0,0,3744160,0.000000,0.000000,,0.000000,0.000000,0.000000
743,fields/00003__velocityx.f64__c0023__dt-f64/chunk_0,read,4194304,,,,,0.005797,,0.335808,0.868973,,,,,2.365825,1.155247,24,,0.000000,0.000000,0,0,3743900,0.000000,0.000000,,0.000000,0.000000,0.000000
744,fields/00003__velocityx.f64__c0024__dt-f64/chunk_0,read,4194304,,,,,0.000000,,0.000000,3.641767,,,,,3.927211,0.285444,0,,0.000000,0.000000,0,0,4194304,0.000000,0.000000,,0.000000,0.000000,0.000000
745,fields/00003__velocityx.f64__c0025__dt-f64/chunk_0,read,4194304,,,,,0.008242,,0.089504,0.481700,,,,,1.947892,1.368446,24,,0.000000,0.000000,0,0,3998140,0.000000,0.000000,,0.000000,0.000000,0.000000
746,fields/00003__velocityx.f64__c0026__dt-f64/chunk_0,read,4194304,,,,,0.006775,,0.080256,3.503411,,,,,4.834738,1.244296,24,,0.000000,0.000000,0,0,3998268,0.000000,0.000000,,0.000000,0.000000,0.000000
747,fields/00003__velocityx.f64__c0027__dt-f64/chunk_0,read,4194304,,,,,0.004679,,0.079296,3.472821,,,,,4.723340,1.166544,24,,0.000000,0.000000,0,0,3999904,0.000000,0.000000,,0.000000,0.000000,0.000000
748,fields/00003__velocityx.f64__c0028__dt-f64/chunk_0,read,4194304,,,,,0.006146,,0.180640,1.098474,,,,,2.461718,1.176458,24,,0.000000,0.000000,0,0,3797978,0.000000,0.000000,,0.000000,0.000000,0.000000
749,fields/00003__velocityx.f64__c0029__dt-f64/chunk_0,read,4194304,,,,,0.005308,,0.370912,0.967170,,,,,2.469052,1.125662,24,,0.000000,0.000000,0,0,3730788,0.000000,0.000000,,0.000000,0.000000,0.000000
750,fields/00003__velocityx.f64__c0030__dt-f64/chunk_0,read,4194304,,,,,0.005727,,0.338688,0.510056,,,,,1.954037,1.099566,24,,0.000000,0.000000,0,0,3723892,0.000000,0.000000,,0.000000,0.000000,0.000000
751,fields/00003__velocityx.f64__c0031__dt-f64/chunk_0,read,4194304,,,,,0.005238,,0.338016,0.902636,,,,,2.370575,1.124685,24,,0.000000,0.000000,0,0,3721720,0.000000,0.000000,,0.000000,0.000000,0.000000
752,fields/00003__velocityx.f64__c0032__dt-f64/chunk_0,read,4194304,,,,,0.010406,,0.332864,0.996365,,,,,2.562221,1.222586,24,,0.000000,0.000000,0,0,3722060,0.000000,0.000000,,0.000000,0.000000,0.000000
753,fields/00003__velocityx.f64__c0033__dt-f64/chunk_0,read,4194304,,,,,0.005169,,0.330112,0.544349,,,,,1.980298,1.100668,24,,0.000000,0.000000,0,0,3716292,0.000000,0.000000,,0.000000,0.000000,0.000000
754,fields/00003__velocityx.f64__c0034__dt-f64/chunk_0,read,4194304,,,,,0.000000,,0.000000,3.570738,,,,,3.864633,0.293895,0,,0.000000,0.000000,0,0,4194304,0.000000,0.000000,,0.000000,0.000000,0.000000
755,fields/00003__velocityx.f64__c0035__dt-f64/chunk_0,read,4194304,,,,,0.005657,,0.074560,0.502163,,,,,1.776569,1.194189,24,,0.000000,0.000000,0,0,4001808,0.000000,0.000000,,0.000000,0.000000,0.000000
756,fields/00003__velocityx.f64__c0036__dt-f64/chunk_0,read,4194304,,,,,0.006985,,0.078624,3.315816,,,,,4.552366,1.150941,24,,0.000000,0.000000,0,0,4001982,0.000000,0.000000,,0.000000,0.000000,0.000000
757,fields/00003__velocityx.f64__c0037__dt-f64/chunk_0,read,4194304,,,,,0.006216,,0.073696,3.419042,,,,,4.633523,1.134569,24,,0.000000,0.000000,0,0,4002462,0.000000,0.000000,,0.000000,0.000000,0.000000
758,fields/00003__velocityx.f64__c0038__dt-f64/chunk_0,read,4194304,,,,,0.007054,,0.377504,0.500767,,,,,1.977644,1.092319,24,,0.000000,0.000000,0,0,3714476,0.000000,0.000000,,0.000000,0.000000,0.000000
759,fields/00003__velocityx.f64__c0039__dt-f64/chunk_0,read,4194304,,,,,0.005308,,0.333120,0.504537,,,,,1.934412,1.091447,24,,0.000000,0.000000,0,0,3726148,0.000000,0.000000,,0.000000,0.000000,0.000000
760,fields/00003__velocityx.f64__c0040__dt-f64/chunk_0,read,4194304,,,,,0.006146,,0.315552,0.896072,,,,,2.385730,1.167960,24,,0.000000,0.000000,0,0,3731324,0.000000,0.000000,,0.000000,0.000000,0.000000
761,fields/00003__velocityx.f64__c0041__dt-f64/chunk_0,read,4194304,,,,,0.008101,,0.338944,0.849139,,,,,2.310022,1.113838,24,,0.000000,0.000000,0,0,3723632,0.000000,0.000000,,0.000000,0.000000,0.000000
762,fields/00003__velocityx.f64__c0042__dt-f64/chunk_0,read,4194304,,,,,0.005378,,0.332160,0.897050,,,,,2.363521,1.128933,24,,0.000000,0.000000,0,0,3723268,0.000000,0.000000,,0.000000,0.000000,0.000000
763,fields/00003__velocityx.f64__c0043__dt-f64/chunk_0,read,4194304,,,,,0.005727,,0.334592,0.602736,,,,,2.077727,1.134672,24,,0.000000,0.000000,0,0,3727248,0.000000,0.000000,,0.000000,0.000000,0.000000
764,fields/00003__velocityx.f64__c0044__dt-f64/chunk_0,read,4194304,,,,,0.000000,,0.000000,4.204624,,,,,4.518913,0.314289,0,,0.000000,0.000000,0,0,4194304,0.000000,0.000000,,0.000000,0.000000,0.000000
765,fields/00003__velocityx.f64__c0045__dt-f64/chunk_0,read,4194304,,,,,0.007683,,0.076032,0.473808,,,,,1.784601,1.227078,24,,0.000000,0.000000,0,0,4001200,0.000000,0.000000,,0.000000,0.000000,0.000000
766,fields/00003__velocityx.f64__c0046__dt-f64/chunk_0,read,4194304,,,,,0.005238,,0.074976,0.915488,,,,,2.170338,1.174636,24,,0.000000,0.000000,0,0,4000702,0.000000,0.000000,,0.000000,0.000000,0.000000
767,fields/00003__velocityx.f64__c0047__dt-f64/chunk_0,read,4194304,,,,,0.004330,,0.073280,0.492525,,,,,1.711826,1.141691,24,,0.000000,0.000000,0,0,4000386,0.000000,0.000000,,0.000000,0.000000,0.000000
768,fields/00003__velocityx.f64__c0048__dt-f64/chunk_0,read,4194304,,,,,0.008172,,0.179680,0.475973,,,,,1.914018,1.250193,24,,0.000000,0.000000,0,0,3781646,0.000000,0.000000,,0.000000,0.000000,0.000000
769,fields/00003__velocityx.f64__c0049__dt-f64/chunk_0,read,4194304,,,,,0.005308,,0.229312,0.456207,,,,,1.802620,1.111793,24,,0.000000,0.000000,0,0,3771230,0.000000,0.000000,,0.000000,0.000000,0.000000
770,fields/00003__velocityx.f64__c0050__dt-f64/chunk_0,read,4194304,,,,,0.005657,,0.230112,0.920168,,,,,2.268256,1.112319,24,,0.000000,0.000000,0,0,3762932,0.000000,0.000000,,0.000000,0.000000,0.000000
771,fields/00003__velocityx.f64__c0051__dt-f64/chunk_0,read,4194304,,,,,0.005587,,0.180576,0.909691,,,,,2.229424,1.133570,24,,0.000000,0.000000,0,0,3758276,0.000000,0.000000,,0.000000,0.000000,0.000000
772,fields/00003__velocityx.f64__c0052__dt-f64/chunk_0,read,4194304,,,,,0.005168,,0.229984,0.876865,,,,,2.260853,1.148836,24,,0.000000,0.000000,0,0,3753546,0.000000,0.000000,,0.000000,0.000000,0.000000
773,fields/00003__velocityx.f64__c0053__dt-f64/chunk_0,read,4194304,,,,,0.004260,,0.337280,0.871696,,,,,2.346060,1.132824,24,,0.000000,0.000000,0,0,3736984,0.000000,0.000000,,0.000000,0.000000,0.000000
774,fields/00003__velocityx.f64__c0054__dt-f64/chunk_0,read,4194304,,,,,0.000000,,0.000000,3.470446,,,,,3.952704,0.482258,0,,0.000000,0.000000,0,0,4194304,0.000000,0.000000,,0.000000,0.000000,0.000000
775,fields/00003__velocityx.f64__c0055__dt-f64/chunk_0,read,4194304,,,,,0.007753,,0.098368,0.518996,,,,,1.776080,1.150963,24,,0.000000,0.000000,0,0,3906849,0.000000,0.000000,,0.000000,0.000000,0.000000
776,fields/00003__velocityx.f64__c0056__dt-f64/chunk_0,read,4194304,,,,,0.006286,,0.090112,0.912905,,,,,2.138281,1.128978,24,,0.000000,0.000000,0,0,3900032,0.000000,0.000000,,0.000000,0.000000,0.000000
777,fields/00003__velocityx.f64__c0057__dt-f64/chunk_0,read,4194304,,,,,0.005308,,0.087200,0.905572,,,,,2.126756,1.128676,24,,0.000000,0.000000,0,0,3897012,0.000000,0.000000,,0.000000,0.000000,0.000000
778,fields/00003__velocityx.f64__c0058__dt-f64/chunk_0,read,4194304,,,,,0.006216,,0.105728,0.513897,,,,,1.724327,1.098486,24,,0.000000,0.000000,0,0,3891474,0.000000,0.000000,,0.000000,0.000000,0.000000
779,fields/00003__velocityx.f64__c0059__dt-f64/chunk_0,read,4194304,,,,,0.005727,,0.174816,0.489732,,,,,1.772938,1.102663,24,,0.000000,0.000000,0,0,3735754,0.000000,0.000000,,0.000000,0.000000,0.000000
780,fields/00003__velocityx.f64__c0060__dt-f64/chunk_0,read,4194304,,,,,0.010337,,0.110656,3.336000,,,,,4.759168,1.302175,24,,0.000000,0.000000,0,0,3883947,0.000000,0.000000,,0.000000,0.000000,0.000000
781,fields/00003__velocityx.f64__c0061__dt-f64/chunk_0,read,4194304,,,,,0.004749,,0.172448,0.520392,,,,,1.794239,1.096650,24,,0.000000,0.000000,0,0,3730332,0.000000,0.000000,,0.000000,0.000000,0.000000
782,fields/00003__velocityx.f64__c0062__dt-f64/chunk_0,read,4194304,,,,,0.005727,,0.182976,0.903545,,,,,2.206585,1.114337,24,,0.000000,0.000000,0,0,3727218,0.000000,0.000000,,0.000000,0.000000,0.000000
783,fields/00003__velocityx.f64__c0063__dt-f64/chunk_0,read,4194304,,,,,0.006146,,0.231200,0.905221,,,,,2.271190,1.128623,24,,0.000000,0.000000,0,0,3724644,0.000000,0.000000,,0.000000,0.000000,0.000000
784,fields/00003__velocityx.f64__c0064__dt-f64/chunk_0,read,4194304,,,,,0.000000,,0.000000,3.515353,,,,,3.957872,0.442519,0,,0.000000,0.000000,0,0,4194304,0.000000,0.000000,,0.000000,0.000000,0.000000
785,fields/00003__velocityx.f64__c0065__dt-f64/chunk_0,read,4194304,,,,,0.007054,,0.094240,0.439515,,,,,1.669501,1.128692,24,,0.000000,0.000000,0,0,3873002,0.000000,0.000000,,0.000000,0.000000,0.000000
786,fields/00003__velocityx.f64__c0066__dt-f64/chunk_0,read,4194304,,,,,0.005797,,0.088896,3.390058,,,,,4.591827,1.107076,24,,0.000000,0.000000,0,0,3873237,0.000000,0.000000,,0.000000,0.000000,0.000000
787,fields/00003__velocityx.f64__c0067__dt-f64/chunk_0,read,4194304,,,,,0.005727,,0.095936,3.225021,,,,,4.488391,1.161707,24,,0.000000,0.000000,0,0,3873987,0.000000,0.000000,,0.000000,0.000000,0.000000
788,fields/00003__velocityx.f64__c0068__dt-f64/chunk_0,read,4194304,,,,,0.007473,,0.175680,0.438746,,,,,1.808347,1.186448,24,,0.000000,0.000000,0,0,3705404,0.000000,0.000000,,0.000000,0.000000,0.000000
789,fields/00003__velocityx.f64__c0069__dt-f64/chunk_0,read,4194304,,,,,0.004819,,0.178976,0.871349,,,,,2.205818,1.150674,24,,0.000000,0.000000,0,0,3701652,0.000000,0.000000,,0.000000,0.000000,0.000000
790,fields/00003__velocityx.f64__c0070__dt-f64/chunk_0,read,4194304,,,,,0.005308,,0.092704,1.081292,,,,,2.276638,1.097334,24,,0.000000,0.000000,0,0,3864403,0.000000,0.000000,,0.000000,0.000000,0.000000
791,fields/00003__velocityx.f64__c0071__dt-f64/chunk_0,read,4194304,,,,,0.006705,,0.175072,0.853957,,,,,2.174040,1.138306,24,,0.000000,0.000000,0,0,3687874,0.000000,0.000000,,0.000000,0.000000,0.000000
792,fields/00004__velocityy.f64__c0000__dt-f64/chunk_0,read,4194304,,,,,0.006286,,0.340320,0.856611,,,,,2.344664,1.141447,24,,0.000000,0.000000,0,0,3652812,0.000000,0.000000,,0.000000,0.000000,0.000000
793,fields/00004__velocityy.f64__c0001__dt-f64/chunk_0,read,4194304,,,,,0.006635,,0.347168,0.442937,,,,,1.899142,1.102402,24,,0.000000,0.000000,0,0,3664064,0.000000,0.000000,,0.000000,0.000000,0.000000
794,fields/00004__velocityy.f64__c0002__dt-f64/chunk_0,read,4194304,,,,,0.000000,,0.000000,3.746112,,,,,4.027993,0.281881,0,,0.000000,0.000000,0,0,4194304,0.000000,0.000000,,0.000000,0.000000,0.000000
795,fields/00004__velocityy.f64__c0003__dt-f64/chunk_0,read,4194304,,,,,0.005727,,0.091200,0.450759,,,,,1.715806,1.168120,24,,0.000000,0.000000,0,0,3854973,0.000000,0.000000,,0.000000,0.000000,0.000000
796,fields/00004__velocityy.f64__c0004__dt-f64/chunk_0,read,4194304,,,,,0.005727,,0.100768,0.924988,,,,,2.135906,1.104423,24,,0.000000,0.000000,0,0,3858285,0.000000,0.000000,,0.000000,0.000000,0.000000
797,fields/00004__velocityy.f64__c0005__dt-f64/chunk_0,read,4194304,,,,,0.006704,,0.100064,3.354159,,,,,4.633313,1.172386,24,,0.000000,0.000000,0,0,3859443,0.000000,0.000000,,0.000000,0.000000,0.000000
798,fields/00004__velocityy.f64__c0006__dt-f64/chunk_0,read,4194304,,,,,0.005238,,0.335264,0.931622,,,,,2.396416,1.124292,24,,0.000000,0.000000,0,0,3688108,0.000000,0.000000,,0.000000,0.000000,0.000000
799,fields/00004__velocityy.f64__c0007__dt-f64/chunk_0,read,4194304,,,,,0.004679,,0.337568,1.087439,,,,,2.553700,1.124014,24,,0.000000,0.000000,0,0,3689848,0.000000,0.000000,,0.000000,0.000000,0.000000
800,fields/00004__velocityy.f64__c0008__dt-f64/chunk_0,read,4194304,,,,,0.005168,,0.209760,0.888039,,,,,2.225583,1.122616,24,,0.000000,0.000000,0,0,3680946,0.000000,0.000000,,0.000000,0.000000,0.000000
801,fields/00004__velocityy.f64__c0009__dt-f64/chunk_0,read,4194304,,,,,0.006146,,0.352288,0.490290,,,,,1.962278,1.113554,24,,0.000000,0.000000,0,0,3685272,0.000000,0.000000,,0.000000,0.000000,0.000000
802,fields/00004__velocityy.f64__c0010__dt-f64/chunk_0,read,4194304,,,,,0.004750,,0.331232,0.510685,,,,,2.226700,1.380033,24,,0.000000,0.000000,0,0,3689668,0.000000,0.000000,,0.000000,0.000000,0.000000
803,fields/00004__velocityy.f64__c0011__dt-f64/chunk_0,read,4194304,,,,,0.008242,,0.315232,0.597987,,,,,2.275939,1.354478,24,,0.000000,0.000000,0,0,3691780,0.000000,0.000000,,0.000000,0.000000,0.000000
804,fields/00004__velocityy.f64__c0012__dt-f64/chunk_0,read,4194304,,,,,0.000000,,0.000000,3.514447,,,,,3.798772,0.284325,0,,0.000000,0.000000,0,0,4194304,0.000000,0.000000,,0.000000,0.000000,0.000000
805,fields/00004__velocityy.f64__c0013__dt-f64/chunk_0,read,4194304,,,,,0.004260,,0.090432,1.065927,,,,,2.342219,1.181600,24,,0.000000,0.000000,0,0,3868046,0.000000,0.000000,,0.000000,0.000000,0.000000
806,fields/00004__velocityy.f64__c0014__dt-f64/chunk_0,read,4194304,,,,,0.005588,,0.092960,3.244856,,,,,4.450188,1.106784,24,,0.000000,0.000000,0,0,3870031,0.000000,0.000000,,0.000000,0.000000,0.000000
807,fields/00004__velocityy.f64__c0015__dt-f64/chunk_0,read,4194304,,,,,0.005657,,0.101024,0.523675,,,,,1.836773,1.206417,24,,0.000000,0.000000,0,0,3870567,0.000000,0.000000,,0.000000,0.000000,0.000000
808,fields/00004__velocityy.f64__c0016__dt-f64/chunk_0,read,4194304,,,,,0.005308,,0.088736,0.500907,,,,,1.746257,1.151306,24,,0.000000,0.000000,0,0,3871189,0.000000,0.000000,,0.000000,0.000000,0.000000
809,fields/00004__velocityy.f64__c0017__dt-f64/chunk_0,read,4194304,,,,,0.005657,,0.092512,0.551122,,,,,1.826017,1.176726,24,,0.000000,0.000000,0,0,3874067,0.000000,0.000000,,0.000000,0.000000,0.000000
810,fields/00004__velocityy.f64__c0018__dt-f64/chunk_0,read,4194304,,,,,0.005238,,0.180992,0.449713,,,,,1.737597,1.101654,24,,0.000000,0.000000,0,0,3725258,0.000000,0.000000,,0.000000,0.000000,0.000000
811,fields/00004__velocityy.f64__c0019__dt-f64/chunk_0,read,4194304,,,,,0.005797,,0.359200,0.431903,,,,,1.928196,1.131296,24,,0.000000,0.000000,0,0,3730648,0.000000,0.000000,,0.000000,0.000000,0.000000
812,fields/00004__velocityy.f64__c0020__dt-f64/chunk_0,read,4194304,,,,,0.004819,,0.175008,0.434905,,,,,1.779922,1.165190,24,,0.000000,0.000000,0,0,3727014,0.000000,0.000000,,0.000000,0.000000,0.000000
813,fields/00004__velocityy.f64__c0021__dt-f64/chunk_0,read,4194304,,,,,0.006635,,0.335840,0.538063,,,,,2.021854,1.141316,24,,0.000000,0.000000,0,0,3729656,0.000000,0.000000,,0.000000,0.000000,0.000000
814,fields/00004__velocityy.f64__c0022__dt-f64/chunk_0,read,4194304,,,,,0.000000,,0.000000,3.571157,,,,,4.164814,0.593657,0,,0.000000,0.000000,0,0,4194304,0.000000,0.000000,,0.000000,0.000000,0.000000
815,fields/00004__velocityy.f64__c0023__dt-f64/chunk_0,read,4194304,,,,,0.006146,,0.095072,1.258831,,,,,2.534284,1.174235,24,,0.000000,0.000000,0,0,3907097,0.000000,0.000000,,0.000000,0.000000,0.000000
816,fields/00004__velocityy.f64__c0024__dt-f64/chunk_0,read,4194304,,,,,0.004679,,0.092320,3.373436,,,,,4.642952,1.172517,24,,0.000000,0.000000,0,0,3917711,0.000000,0.000000,,0.000000,0.000000,0.000000
817,fields/00004__velocityy.f64__c0025__dt-f64/chunk_0,read,4194304,,,,,0.006285,,0.089120,3.690307,,,,,4.899901,1.114189,24,,0.000000,0.000000,0,0,3929067,0.000000,0.000000,,0.000000,0.000000,0.000000
818,fields/00004__velocityy.f64__c0026__dt-f64/chunk_0,read,4194304,,,,,0.005588,,0.165728,0.970803,,,,,2.274472,1.132353,24,,0.000000,0.000000,0,0,3754464,0.000000,0.000000,,0.000000,0.000000,0.000000
819,fields/00004__velocityy.f64__c0027__dt-f64/chunk_0,read,4194304,,,,,0.009847,,0.157376,0.659028,,,,,2.089531,1.263280,24,,0.000000,0.000000,0,0,3763222,0.000000,0.000000,,0.000000,0.000000,0.000000
820,fields/00004__velocityy.f64__c0028__dt-f64/chunk_0,read,4194304,,,,,0.004261,,0.343520,0.436721,,,,,1.969473,1.184971,24,,0.000000,0.000000,0,0,3732916,0.000000,0.000000,,0.000000,0.000000,0.000000
821,fields/00004__velocityy.f64__c0029__dt-f64/chunk_0,read,4194304,,,,,0.006216,,0.328736,0.932879,,,,,2.386359,1.118528,24,,0.000000,0.000000,0,0,3726528,0.000000,0.000000,,0.000000,0.000000,0.000000
822,fields/00004__velocityy.f64__c0030__dt-f64/chunk_0,read,4194304,,,,,0.005657,,0.327232,0.512640,,,,,1.939091,1.093562,24,,0.000000,0.000000,0,0,3720092,0.000000,0.000000,,0.000000,0.000000,0.000000
823,fields/00004__velocityy.f64__c0031__dt-f64/chunk_0,read,4194304,,,,,0.005098,,0.305440,0.924567,,,,,2.381959,1.146854,24,,0.000000,0.000000,0,0,3716320,0.000000,0.000000,,0.000000,0.000000,0.000000
824,fields/00004__velocityy.f64__c0032__dt-f64/chunk_0,read,4194304,,,,,0.000000,,0.000000,3.631641,,,,,3.944951,0.313310,0,,0.000000,0.000000,0,0,4194304,0.000000,0.000000,,0.000000,0.000000,0.000000
825,fields/00004__velocityy.f64__c0033__dt-f64/chunk_0,read,4194304,,,,,0.009988,,0.078784,0.525561,,,,,1.909757,1.295424,24,,0.000000,0.000000,0,0,3999484,0.000000,0.000000,,0.000000,0.000000,0.000000
826,fields/00004__velocityy.f64__c0034__dt-f64/chunk_0,read,4194304,,,,,0.005867,,0.081472,0.464798,,,,,1.744163,1.192026,24,,0.000000,0.000000,0,0,3998204,0.000000,0.000000,,0.000000,0.000000,0.000000
827,fields/00004__velocityy.f64__c0035__dt-f64/chunk_0,read,4194304,,,,,0.009569,,0.075264,3.373017,,,,,4.789131,1.331281,24,,0.000000,0.000000,0,0,3998876,0.000000,0.000000,,0.000000,0.000000,0.000000
828,fields/00004__velocityy.f64__c0036__dt-f64/chunk_0,read,4194304,,,,,0.005727,,0.317472,0.463261,,,,,1.951034,1.164574,24,,0.000000,0.000000,0,0,3712200,0.000000,0.000000,,0.000000,0.000000,0.000000
829,fields/00004__velocityy.f64__c0037__dt-f64/chunk_0,read,4194304,,,,,0.005727,,0.325408,0.515224,,,,,1.951942,1.105583,24,,0.000000,0.000000,0,0,3712952,0.000000,0.000000,,0.000000,0.000000,0.000000
830,fields/00004__velocityy.f64__c0038__dt-f64/chunk_0,read,4194304,,,,,0.005308,,0.318016,0.547141,,,,,2.034077,1.163612,24,,0.000000,0.000000,0,0,3714272,0.000000,0.000000,,0.000000,0.000000,0.000000
831,fields/00004__velocityy.f64__c0039__dt-f64/chunk_0,read,4194304,,,,,0.005657,,0.299744,0.922193,,,,,2.344314,1.116720,24,,0.000000,0.000000,0,0,3713888,0.000000,0.000000,,0.000000,0.000000,0.000000
832,fields/00004__velocityy.f64__c0040__dt-f64/chunk_0,read,4194304,,,,,0.005308,,0.301376,0.494202,,,,,1.898164,1.097278,24,,0.000000,0.000000,0,0,3713752,0.000000,0.000000,,0.000000,0.000000,0.000000
833,fields/00004__velocityy.f64__c0041__dt-f64/chunk_0,read,4194304,,,,,0.006146,,0.300192,0.732572,,,,,2.183887,1.144977,24,,0.000000,0.000000,0,0,3717516,0.000000,0.000000,,0.000000,0.000000,0.000000
834,fields/00004__velocityy.f64__c0042__dt-f64/chunk_0,read,4194304,,,,,0.000000,,0.000000,3.565500,,,,,4.016819,0.451319,0,,0.000000,0.000000,0,0,4194304,0.000000,0.000000,,0.000000,0.000000,0.000000
835,fields/00004__velocityy.f64__c0043__dt-f64/chunk_0,read,4194304,,,,,0.005169,,0.072864,0.458304,,,,,1.661889,1.125552,24,,0.000000,0.000000,0,0,3996974,0.000000,0.000000,,0.000000,0.000000,0.000000
836,fields/00004__velocityy.f64__c0044__dt-f64/chunk_0,read,4194304,,,,,0.004750,,0.079488,0.969825,,,,,2.229354,1.175291,24,,0.000000,0.000000,0,0,3996076,0.000000,0.000000,,0.000000,0.000000,0.000000
837,fields/00004__velocityy.f64__c0045__dt-f64/chunk_0,read,4194304,,,,,0.006147,,0.072768,0.975552,,,,,2.188567,1.134100,24,,0.000000,0.000000,0,0,3993964,0.000000,0.000000,,0.000000,0.000000,0.000000
838,fields/00004__velocityy.f64__c0046__dt-f64/chunk_0,read,4194304,,,,,0.006146,,0.334112,0.538132,,,,,1.962977,1.084587,24,,0.000000,0.000000,0,0,3728332,0.000000,0.000000,,0.000000,0.000000,0.000000
839,fields/00004__velocityy.f64__c0047__dt-f64/chunk_0,read,4194304,,,,,0.004819,,0.268640,0.655536,,,,,2.028769,1.099774,24,,0.000000,0.000000,0,0,3757622,0.000000,0.000000,,0.000000,0.000000,0.000000
840,fields/00004__velocityy.f64__c0048__dt-f64/chunk_0,read,4194304,,,,,0.005727,,0.268736,0.465217,,,,,1.894952,1.155272,24,,0.000000,0.000000,0,0,3750794,0.000000,0.000000,,0.000000,0.000000,0.000000
841,fields/00004__velocityy.f64__c0049__dt-f64/chunk_0,read,4194304,,,,,0.004819,,0.162784,0.902078,,,,,2.627662,1.557981,24,,0.000000,0.000000,0,0,3743462,0.000000,0.000000,,0.000000,0.000000,0.000000
842,fields/00004__velocityy.f64__c0050__dt-f64/chunk_0,read,4194304,,,,,0.005238,,0.228672,0.453345,,,,,1.795287,1.108032,24,,0.000000,0.000000,0,0,3734594,0.000000,0.000000,,0.000000,0.000000,0.000000
843,fields/00004__velocityy.f64__c0051__dt-f64/chunk_0,read,4194304,,,,,0.005657,,0.227360,0.498462,,,,,1.843477,1.111998,24,,0.000000,0.000000,0,0,3727282,0.000000,0.000000,,0.000000,0.000000,0.000000
844,fields/00004__velocityy.f64__c0052__dt-f64/chunk_0,read,4194304,,,,,0.000000,,0.000000,3.553976,,,,,3.848151,0.294175,0,,0.000000,0.000000,0,0,4194304,0.000000,0.000000,,0.000000,0.000000,0.000000
845,fields/00004__velocityy.f64__c0053__dt-f64/chunk_0,read,4194304,,,,,0.004749,,0.095424,1.016759,,,,,2.252752,1.135820,24,,0.000000,0.000000,0,0,3884868,0.000000,0.000000,,0.000000,0.000000,0.000000
846,fields/00004__velocityy.f64__c0054__dt-f64/chunk_0,read,4194304,,,,,0.005657,,0.096768,0.902986,,,,,2.143518,1.138107,24,,0.000000,0.000000,0,0,3879404,0.000000,0.000000,,0.000000,0.000000,0.000000
847,fields/00004__velocityy.f64__c0055__dt-f64/chunk_0,read,4194304,,,,,0.005727,,0.091936,0.479675,,,,,1.735921,1.158583,24,,0.000000,0.000000,0,0,3871509,0.000000,0.000000,,0.000000,0.000000,0.000000
848,fields/00004__velocityy.f64__c0056__dt-f64/chunk_0,read,4194304,,,,,0.004819,,0.092992,0.904593,,,,,2.126757,1.124353,24,,0.000000,0.000000,0,0,3867654,0.000000,0.000000,,0.000000,0.000000,0.000000
849,fields/00004__velocityy.f64__c0057__dt-f64/chunk_0,read,4194304,,,,,0.005378,,0.101824,0.471992,,,,,1.775871,1.196677,24,,0.000000,0.000000,0,0,3863234,0.000000,0.000000,,0.000000,0.000000,0.000000
850,fields/00004__velocityy.f64__c0058__dt-f64/chunk_0,read,4194304,,,,,0.005657,,0.103936,3.283199,,,,,4.650774,1.257982,24,,0.000000,0.000000,0,0,3863452,0.000000,0.000000,,0.000000,0.000000,0.000000
851,fields/00004__velocityy.f64__c0059__dt-f64/chunk_0,read,4194304,,,,,0.005588,,0.350944,0.484144,,,,,1.978902,1.138226,24,,0.000000,0.000000,0,0,3674984,0.000000,0.000000,,0.000000,0.000000,0.000000
852,fields/00004__velocityy.f64__c0060__dt-f64/chunk_0,read,4194304,,,,,0.005588,,0.320544,0.519135,,,,,1.940000,1.094733,24,,0.000000,0.000000,0,0,3675284,0.000000,0.000000,,0.000000,0.000000,0.000000
853,fields/00004__velocityy.f64__c0061__dt-f64/chunk_0,read,4194304,,,,,0.008172,,0.322208,0.457884,,,,,1.933923,1.145659,24,,0.000000,0.000000,0,0,3655604,0.000000,0.000000,,0.000000,0.000000,0.000000
854,fields/00004__velocityy.f64__c0062__dt-f64/chunk_0,read,4194304,,,,,0.000000,,0.000000,3.551183,,,,,3.832715,0.281532,0,,0.000000,0.000000,0,0,4194304,0.000000,0.000000,,0.000000,0.000000,0.000000
855,fields/00004__velocityy.f64__c0063__dt-f64/chunk_0,read,4194304,,,,,0.007473,,0.090432,1.039597,,,,,2.266021,1.128519,24,,0.000000,0.000000,0,0,3854664,0.000000,0.000000,,0.000000,0.000000,0.000000
856,fields/00004__velocityy.f64__c0064__dt-f64/chunk_0,read,4194304,,,,,0.005378,,0.091744,0.895165,,,,,2.152948,1.160661,24,,0.000000,0.000000,0,0,3853398,0.000000,0.000000,,0.000000,0.000000,0.000000
857,fields/00004__velocityy.f64__c0065__dt-f64/chunk_0,read,4194304,,,,,0.004331,,0.090560,0.890624,,,,,2.113975,1.128460,24,,0.000000,0.000000,0,0,3853356,0.000000,0.000000,,0.000000,0.000000,0.000000
858,fields/00004__velocityy.f64__c0066__dt-f64/chunk_0,read,4194304,,,,,0.005657,,0.334336,0.850535,,,,,2.306460,1.115932,24,,0.000000,0.000000,0,0,3626176,0.000000,0.000000,,0.000000,0.000000,0.000000
859,fields/00004__velocityy.f64__c0067__dt-f64/chunk_0,read,4194304,,,,,0.010546,,0.332672,0.493224,,,,,2.159233,1.322791,24,,0.000000,0.000000,0,0,3622944,0.000000,0.000000,,0.000000,0.000000,0.000000
860,fields/00004__velocityy.f64__c0068__dt-f64/chunk_0,read,4194304,,,,,0.005797,,0.322464,0.478208,,,,,1.911434,1.104965,24,,0.000000,0.000000,0,0,3615428,0.000000,0.000000,,0.000000,0.000000,0.000000
861,fields/00004__velocityy.f64__c0069__dt-f64/chunk_0,read,4194304,,,,,0.005378,,0.319136,0.855285,,,,,2.280060,1.100261,24,,0.000000,0.000000,0,0,3613864,0.000000,0.000000,,0.000000,0.000000,0.000000
862,fields/00004__velocityy.f64__c0070__dt-f64/chunk_0,read,4194304,,,,,0.005867,,0.321120,0.463681,,,,,1.872462,1.081794,24,,0.000000,0.000000,0,0,3606808,0.000000,0.000000,,0.000000,0.000000,0.000000
863,fields/00004__velocityy.f64__c0071__dt-f64/chunk_0,read,4194304,,,,,0.005308,,0.323360,0.548958,,,,,1.965352,1.087726,24,,0.000000,0.000000,0,0,3616768,0.000000,0.000000,,0.000000,0.000000,0.000000
864,fields/00005__velocityz.f64__c0000__dt-f64/chunk_0,read,4194304,,,,,0.000000,,0.000000,3.802893,,,,,4.079537,0.276644,0,,0.000000,0.000000,0,0,4194304,0.000000,0.000000,,0.000000,0.000000,0.000000
865,fields/00005__velocityz.f64__c0001__dt-f64/chunk_0,read,4194304,,,,,0.005797,,0.092736,0.489942,,,,,1.702327,1.113852,24,,0.000000,0.000000,0,0,3881707,0.000000,0.000000,,0.000000,0.000000,0.000000
866,fields/00005__velocityz.f64__c0002__dt-f64/chunk_0,read,4194304,,,,,0.008521,,0.121312,3.671590,,,,,5.094410,1.292987,24,,0.000000,0.000000,0,0,3882607,0.000000,0.000000,,0.000000,0.000000,0.000000
867,fields/00005__velocityz.f64__c0003__dt-f64/chunk_0,read,4194304,,,,,0.006216,,0.091872,3.610548,,,,,4.852967,1.144331,24,,0.000000,0.000000,0,0,3883949,0.000000,0.000000,,0.000000,0.000000,0.000000
868,fields/00005__velocityz.f64__c0004__dt-f64/chunk_0,read,4194304,,,,,0.005658,,0.339616,0.976530,,,,,2.459902,1.138098,24,,0.000000,0.000000,0,0,3719264,0.000000,0.000000,,0.000000,0.000000,0.000000
869,fields/00005__velocityz.f64__c0005__dt-f64/chunk_0,read,4194304,,,,,0.005308,,0.089664,3.266228,,,,,4.496214,1.135014,24,,0.000000,0.000000,0,0,3883700,0.000000,0.000000,,0.000000,0.000000,0.000000
870,fields/00005__velocityz.f64__c0006__dt-f64/chunk_0,read,4194304,,,,,0.005169,,0.166304,0.456068,,,,,1.776500,1.148959,24,,0.000000,0.000000,0,0,3699110,0.000000,0.000000,,0.000000,0.000000,0.000000
871,fields/00005__velocityz.f64__c0007__dt-f64/chunk_0,read,4194304,,,,,0.004749,,0.326048,0.464378,,,,,1.935530,1.140355,24,,0.000000,0.000000,0,0,3717856,0.000000,0.000000,,0.000000,0.000000,0.000000
872,fields/00005__velocityz.f64__c0008__dt-f64/chunk_0,read,4194304,,,,,0.005238,,0.195488,0.880008,,,,,2.194224,1.113490,24,,0.000000,0.000000,0,0,3697846,0.000000,0.000000,,0.000000,0.000000,0.000000
873,fields/00005__velocityz.f64__c0009__dt-f64/chunk_0,read,4194304,,,,,0.004330,,0.194656,0.516900,,,,,1.805973,1.090087,24,,0.000000,0.000000,0,0,3700674,0.000000,0.000000,,0.000000,0.000000,0.000000
874,fields/00005__velocityz.f64__c0010__dt-f64/chunk_0,read,4194304,,,,,0.000000,,0.000000,3.736892,,,,,4.203576,0.466684,0,,0.000000,0.000000,0,0,4194304,0.000000,0.000000,,0.000000,0.000000,0.000000
875,fields/00005__velocityz.f64__c0011__dt-f64/chunk_0,read,4194304,,,,,0.005657,,0.094080,0.476391,,,,,1.704143,1.128015,24,,0.000000,0.000000,0,0,3896777,0.000000,0.000000,,0.000000,0.000000,0.000000
876,fields/00005__velocityz.f64__c0012__dt-f64/chunk_0,read,4194304,,,,,0.008032,,0.090144,3.431055,,,,,4.869240,1.340009,24,,0.000000,0.000000,0,0,3993228,0.000000,0.000000,,0.000000,0.000000,0.000000
877,fields/00005__velocityz.f64__c0013__dt-f64/chunk_0,read,4194304,,,,,0.004331,,0.091072,0.909203,,,,,2.198693,1.194087,24,,0.000000,0.000000,0,0,3899735,0.000000,0.000000,,0.000000,0.000000,0.000000
878,fields/00005__velocityz.f64__c0014__dt-f64/chunk_0,read,4194304,,,,,0.006077,,0.518304,0.861431,,,,,2.531351,1.145539,24,,0.000000,0.000000,0,0,3737960,0.000000,0.000000,,0.000000,0.000000,0.000000
879,fields/00005__velocityz.f64__c0015__dt-f64/chunk_0,read,4194304,,,,,0.005587,,0.101440,3.473798,,,,,4.722851,1.142026,24,,0.000000,0.000000,0,0,3899594,0.000000,0.000000,,0.000000,0.000000,0.000000
880,fields/00005__velocityz.f64__c0016__dt-f64/chunk_0,read,4194304,,,,,0.010616,,0.089632,3.275726,,,,,4.629402,1.253428,24,,0.000000,0.000000,0,0,3903150,0.000000,0.000000,,0.000000,0.000000,0.000000
881,fields/00005__velocityz.f64__c0017__dt-f64/chunk_0,read,4194304,,,,,0.006565,,0.323328,0.516411,,,,,1.938114,1.091810,24,,0.000000,0.000000,0,0,3737004,0.000000,0.000000,,0.000000,0.000000,0.000000
882,fields/00005__velocityz.f64__c0018__dt-f64/chunk_0,read,4194304,,,,,0.005169,,0.325536,0.899145,,,,,2.339844,1.109994,24,,0.000000,0.000000,0,0,3735936,0.000000,0.000000,,0.000000,0.000000,0.000000
883,fields/00005__velocityz.f64__c0019__dt-f64/chunk_0,read,4194304,,,,,0.007054,,0.320576,0.469128,,,,,1.914646,1.117888,24,,0.000000,0.000000,0,0,3737212,0.000000,0.000000,,0.000000,0.000000,0.000000
884,fields/00005__velocityz.f64__c0020__dt-f64/chunk_0,read,4194304,,,,,0.000000,,0.000000,3.537005,,,,,3.832227,0.295222,0,,0.000000,0.000000,0,0,4194304,0.000000,0.000000,,0.000000,0.000000,0.000000
885,fields/00005__velocityz.f64__c0021__dt-f64/chunk_0,read,4194304,,,,,0.005657,,0.093248,0.488825,,,,,1.717902,1.130172,24,,0.000000,0.000000,0,0,3917972,0.000000,0.000000,,0.000000,0.000000,0.000000
886,fields/00005__velocityz.f64__c0022__dt-f64/chunk_0,read,4194304,,,,,0.009010,,0.101696,3.458014,,,,,4.938592,1.369872,24,,0.000000,0.000000,0,0,3930135,0.000000,0.000000,,0.000000,0.000000,0.000000
887,fields/00005__velocityz.f64__c0023__dt-f64/chunk_0,read,4194304,,,,,0.005308,,0.091040,3.478617,,,,,4.678781,1.103816,24,,0.000000,0.000000,0,0,3938416,0.000000,0.000000,,0.000000,0.000000,0.000000
888,fields/00005__velocityz.f64__c0024__dt-f64/chunk_0,read,4194304,,,,,0.006565,,0.157760,1.059362,,,,,2.382448,1.158761,24,,0.000000,0.000000,0,0,3748242,0.000000,0.000000,,0.000000,0.000000,0.000000
889,fields/00005__velocityz.f64__c0025__dt-f64/chunk_0,read,4194304,,,,,0.005727,,0.301248,0.952645,,,,,2.370993,1.111373,24,,0.000000,0.000000,0,0,3739064,0.000000,0.000000,,0.000000,0.000000,0.000000
890,fields/00005__velocityz.f64__c0026__dt-f64/chunk_0,read,4194304,,,,,0.006147,,0.138624,0.857310,,,,,2.163423,1.161342,24,,0.000000,0.000000,0,0,3763778,0.000000,0.000000,,0.000000,0.000000,0.000000
891,fields/00005__velocityz.f64__c0027__dt-f64/chunk_0,read,4194304,,,,,0.005168,,0.137824,0.474715,,,,,1.727051,1.109344,24,,0.000000,0.000000,0,0,3791250,0.000000,0.000000,,0.000000,0.000000,0.000000
892,fields/00005__velocityz.f64__c0028__dt-f64/chunk_0,read,4194304,,,,,0.007054,,0.172384,0.563484,,,,,1.842151,1.099229,24,,0.000000,0.000000,0,0,3805614,0.000000,0.000000,,0.000000,0.000000,0.000000
893,fields/00005__velocityz.f64__c0029__dt-f64/chunk_0,read,4194304,,,,,0.005238,,0.171168,0.603154,,,,,1.958298,1.178738,24,,0.000000,0.000000,0,0,3817198,0.000000,0.000000,,0.000000,0.000000,0.000000
894,fields/00005__velocityz.f64__c0030__dt-f64/chunk_0,read,4194304,,,,,0.000000,,0.000000,3.503062,,,,,3.972539,0.469477,0,,0.000000,0.000000,0,0,4194304,0.000000,0.000000,,0.000000,0.000000,0.000000
895,fields/00005__velocityz.f64__c0031__dt-f64/chunk_0,read,4194304,,,,,0.005308,,0.078304,0.911856,,,,,2.113906,1.118438,24,,0.000000,0.000000,0,0,4025276,0.000000,0.000000,,0.000000,0.000000,0.000000
896,fields/00005__velocityz.f64__c0032__dt-f64/chunk_0,read,4194304,,,,,0.004749,,0.080544,3.443975,,,,,4.659015,1.129747,24,,0.000000,0.000000,0,0,4028908,0.000000,0.000000,,0.000000,0.000000,0.000000
897,fields/00005__velocityz.f64__c0033__dt-f64/chunk_0,read,4194304,,,,,0.005308,,0.077792,3.424838,,,,,4.686044,1.178106,24,,0.000000,0.000000,0,0,4031068,0.000000,0.000000,,0.000000,0.000000,0.000000
898,fields/00005__velocityz.f64__c0034__dt-f64/chunk_0,read,4194304,,,,,0.003841,,0.074272,3.403258,,,,,4.667675,1.186304,24,,0.000000,0.000000,0,0,4032396,0.000000,0.000000,,0.000000,0.000000,0.000000
899,fields/00005__velocityz.f64__c0035__dt-f64/chunk_0,read,4194304,,,,,0.006774,,0.073376,3.395435,,,,,4.593085,1.117500,24,,0.000000,0.000000,0,0,4032540,0.000000,0.000000,,0.000000,0.000000,0.000000
900,fields/00005__velocityz.f64__c0036__dt-f64/chunk_0,read,4194304,,,,,0.005797,,0.074944,3.374551,,,,,4.607123,1.151831,24,,0.000000,0.000000,0,0,4032734,0.000000,0.000000,,0.000000,0.000000,0.000000
901,fields/00005__velocityz.f64__c0037__dt-f64/chunk_0,read,4194304,,,,,0.005727,,0.074432,1.283346,,,,,2.521503,1.157998,24,,0.000000,0.000000,0,0,4032670,0.000000,0.000000,,0.000000,0.000000,0.000000
902,fields/00005__velocityz.f64__c0038__dt-f64/chunk_0,read,4194304,,,,,0.005238,,0.073024,0.433089,,,,,1.633673,1.122322,24,,0.000000,0.000000,0,0,4032524,0.000000,0.000000,,0.000000,0.000000,0.000000
903,fields/00005__velocityz.f64__c0039__dt-f64/chunk_0,read,4194304,,,,,0.004331,,0.073600,3.752466,,,,,5.032181,1.201784,24,,0.000000,0.000000,0,0,4032894,0.000000,0.000000,,0.000000,0.000000,0.000000
904,fields/00005__velocityz.f64__c0040__dt-f64/chunk_0,read,4194304,,,,,0.000000,,0.000000,3.828175,,,,,4.120465,0.292290,0,,0.000000,0.000000,0,0,4194304,0.000000,0.000000,,0.000000,0.000000,0.000000
905,fields/00005__velocityz.f64__c0041__dt-f64/chunk_0,read,4194304,,,,,0.006076,,0.074720,0.526958,,,,,1.765743,1.157989,24,,0.000000,0.000000,0,0,4030300,0.000000,0.000000,,0.000000,0.000000,0.000000
906,fields/00005__velocityz.f64__c0042__dt-f64/chunk_0,read,4194304,,,,,0.007124,,0.072448,1.031704,,,,,2.265323,1.154047,24,,0.000000,0.000000,0,0,4028780,0.000000,0.000000,,0.000000,0.000000,0.000000
907,fields/00005__velocityz.f64__c0043__dt-f64/chunk_0,read,4194304,,,,,0.005308,,0.073504,0.984911,,,,,2.239691,1.175968,24,,0.000000,0.000000,0,0,4023596,0.000000,0.000000,,0.000000,0.000000,0.000000
908,fields/00005__velocityz.f64__c0044__dt-f64/chunk_0,read,4194304,,,,,0.005308,,0.189376,0.923450,,,,,2.367712,1.249578,24,,0.000000,0.000000,0,0,3820846,0.000000,0.000000,,0.000000,0.000000,0.000000
909,fields/00005__velocityz.f64__c0045__dt-f64/chunk_0,read,4194304,,,,,0.005308,,0.145152,0.891113,,,,,2.178090,1.136517,24,,0.000000,0.000000,0,0,3802888,0.000000,0.000000,,0.000000,0.000000,0.000000
910,fields/00005__velocityz.f64__c0046__dt-f64/chunk_0,read,4194304,,,,,0.005308,,0.140704,1.442795,,,,,2.731099,1.142292,24,,0.000000,0.000000,0,0,3799926,0.000000,0.000000,,0.000000,0.000000,0.000000
911,fields/00005__velocityz.f64__c0047__dt-f64/chunk_0,read,4194304,,,,,0.004330,,0.161088,0.546654,,,,,1.805694,1.093622,24,,0.000000,0.000000,0,0,3796456,0.000000,0.000000,,0.000000,0.000000,0.000000
912,fields/00005__velocityz.f64__c0048__dt-f64/chunk_0,read,4194304,,,,,0.005238,,0.138368,0.500487,,,,,1.751217,1.107124,24,,0.000000,0.000000,0,0,3788306,0.000000,0.000000,,0.000000,0.000000,0.000000
913,fields/00005__velocityz.f64__c0049__dt-f64/chunk_0,read,4194304,,,,,0.007682,,0.151168,0.462772,,,,,1.785789,1.164167,24,,0.000000,0.000000,0,0,3753598,0.000000,0.000000,,0.000000,0.000000,0.000000
914,fields/00005__velocityz.f64__c0050__dt-f64/chunk_0,read,4194304,,,,,0.000000,,0.000000,3.579886,,,,,3.862328,0.282442,0,,0.000000,0.000000,0,0,4194304,0.000000,0.000000,,0.000000,0.000000,0.000000
915,fields/00005__velocityz.f64__c0051__dt-f64/chunk_0,read,4194304,,,,,0.004819,,0.099680,1.013965,,,,,2.264066,1.145602,24,,0.000000,0.000000,0,0,3933765,0.000000,0.000000,,0.000000,0.000000,0.000000
916,fields/00005__velocityz.f64__c0052__dt-f64/chunk_0,read,4194304,,,,,0.005588,,0.089888,0.493503,,,,,1.688848,1.099869,24,,0.000000,0.000000,0,0,3919059,0.000000,0.000000,,0.000000,0.000000,0.000000
917,fields/00005__velocityz.f64__c0053__dt-f64/chunk_0,read,4194304,,,,,0.005238,,0.096384,0.928130,,,,,2.170128,1.140376,24,,0.000000,0.000000,0,0,3906816,0.000000,0.000000,,0.000000,0.000000,0.000000
918,fields/00005__velocityz.f64__c0054__dt-f64/chunk_0,read,4194304,,,,,0.006355,,0.153056,0.499649,,,,,1.811909,1.152849,24,,0.000000,0.000000,0,0,3721756,0.000000,0.000000,,0.000000,0.000000,0.000000
919,fields/00005__velocityz.f64__c0055__dt-f64/chunk_0,read,4194304,,,,,0.006216,,0.140256,0.877425,,,,,2.149804,1.125907,24,,0.000000,0.000000,0,0,3718654,0.000000,0.000000,,0.000000,0.000000,0.000000
920,fields/00005__velocityz.f64__c0056__dt-f64/chunk_0,read,4194304,,,,,0.005727,,0.139424,0.825951,,,,,2.141912,1.170810,24,,0.000000,0.000000,0,0,3714872,0.000000,0.000000,,0.000000,0.000000,0.000000
921,fields/00005__velocityz.f64__c0057__dt-f64/chunk_0,read,4194304,,,,,0.005727,,0.139232,0.921914,,,,,2.182631,1.115758,24,,0.000000,0.000000,0,0,3713504,0.000000,0.000000,,0.000000,0.000000,0.000000
922,fields/00005__velocityz.f64__c0058__dt-f64/chunk_0,read,4194304,,,,,0.005168,,0.151136,0.877983,,,,,2.167334,1.133047,24,,0.000000,0.000000,0,0,3713422,0.000000,0.000000,,0.000000,0.000000,0.000000
923,fields/00005__velocityz.f64__c0059__dt-f64/chunk_0,read,4194304,,,,,0.005238,,0.355296,0.607556,,,,,2.072908,1.104818,24,,0.000000,0.000000,0,0,3728012,0.000000,0.000000,,0.000000,0.000000,0.000000
924,fields/00005__velocityz.f64__c0060__dt-f64/chunk_0,read,4194304,,,,,0.000000,,0.000000,3.551462,,,,,3.840678,0.289216,0,,0.000000,0.000000,0,0,4194304,0.000000,0.000000,,0.000000,0.000000,0.000000
925,fields/00005__velocityz.f64__c0061__dt-f64/chunk_0,read,4194304,,,,,0.005797,,0.090336,1.043019,,,,,2.257850,1.118698,24,,0.000000,0.000000,0,0,3872267,0.000000,0.000000,,0.000000,0.000000,0.000000
926,fields/00005__velocityz.f64__c0062__dt-f64/chunk_0,read,4194304,,,,,0.006216,,0.091424,0.790611,,,,,2.050978,1.162727,24,,0.000000,0.000000,0,0,3873209,0.000000,0.000000,,0.000000,0.000000,0.000000
927,fields/00005__velocityz.f64__c0063__dt-f64/chunk_0,read,4194304,,,,,0.005168,,0.091712,1.023603,,,,,2.252821,1.132338,24,,0.000000,0.000000,0,0,3869202,0.000000,0.000000,,0.000000,0.000000,0.000000
928,fields/00005__velocityz.f64__c0064__dt-f64/chunk_0,read,4194304,,,,,0.006774,,0.141824,0.511521,,,,,1.773427,1.113308,24,,0.000000,0.000000,0,0,3706366,0.000000,0.000000,,0.000000,0.000000,0.000000
929,fields/00005__velocityz.f64__c0065__dt-f64/chunk_0,read,4194304,,,,,0.003911,,0.140768,0.957812,,,,,2.250516,1.148025,24,,0.000000,0.000000,0,0,3705658,0.000000,0.000000,,0.000000,0.000000,0.000000
930,fields/00005__velocityz.f64__c0066__dt-f64/chunk_0,read,4194304,,,,,0.004749,,0.092896,0.491618,,,,,1.704143,1.114880,24,,0.000000,0.000000,0,0,3864733,0.000000,0.000000,,0.000000,0.000000,0.000000
931,fields/00005__velocityz.f64__c0067__dt-f64/chunk_0,read,4194304,,,,,0.007124,,0.139680,0.448525,,,,,1.762600,1.167271,24,,0.000000,0.000000,0,0,3701812,0.000000,0.000000,,0.000000,0.000000,0.000000
932,fields/00005__velocityz.f64__c0068__dt-f64/chunk_0,read,4194304,,,,,0.006216,,0.318944,0.559643,,,,,2.059499,1.174696,24,,0.000000,0.000000,0,0,3678176,0.000000,0.000000,,0.000000,0.000000,0.000000
933,fields/00005__velocityz.f64__c0069__dt-f64/chunk_0,read,4194304,,,,,0.004819,,0.311104,0.513896,,,,,1.931828,1.102009,24,,0.000000,0.000000,0,0,3678600,0.000000,0.000000,,0.000000,0.000000,0.000000
934,fields/00005__velocityz.f64__c0070__dt-f64/chunk_0,read,4194304,,,,,0.000000,,0.000000,3.522199,,,,,3.926024,0.403825,0,,0.000000,0.000000,0,0,4194304,0.000000,0.000000,,0.000000,0.000000,0.000000
935,fields/00005__velocityz.f64__c0071__dt-f64/chunk_0,read,4194304,,,,,0.007124,,0.101952,0.552938,,,,,1.809884,1.147870,24,,0.000000,0.000000,0,0,3861351,0.000000,0.000000,,0.000000,0.000000,0.000000
936,fields/00006__viscocity.f64__c0000__dt-f64/chunk_0,read,4194304,,,,,0.004819,,0.085184,0.543090,,,,,1.804297,1.171204,24,,0.000000,0.000000,0,0,4024812,0.000000,0.000000,,0.000000,0.000000,0.000000
937,fields/00006__viscocity.f64__c0001__dt-f64/chunk_0,read,4194304,,,,,0.005657,,0.073376,0.620406,,,,,1.829788,1.130349,24,,0.000000,0.000000,0,0,4026940,0.000000,0.000000,,0.000000,0.000000,0.000000
938,fields/00006__viscocity.f64__c0002__dt-f64/chunk_0,read,4194304,,,,,0.005727,,0.260128,0.995527,,,,,2.408220,1.146838,24,,0.000000,0.000000,0,0,3743664,0.000000,0.000000,,0.000000,0.000000,0.000000
939,fields/00006__viscocity.f64__c0003__dt-f64/chunk_0,read,4194304,,,,,0.005238,,0.260640,0.906619,,,,,2.300383,1.127886,24,,0.000000,0.000000,0,0,3743360,0.000000,0.000000,,0.000000,0.000000,0.000000
940,fields/00006__viscocity.f64__c0004__dt-f64/chunk_0,read,4194304,,,,,0.006984,,0.291136,0.969475,,,,,2.418346,1.150751,24,,0.000000,0.000000,0,0,3749424,0.000000,0.000000,,0.000000,0.000000,0.000000
941,fields/00006__viscocity.f64__c0005__dt-f64/chunk_0,read,4194304,,,,,0.005377,,0.254848,0.875538,,,,,2.280549,1.144786,24,,0.000000,0.000000,0,0,3754912,0.000000,0.000000,,0.000000,0.000000,0.000000
942,fields/00006__viscocity.f64__c0006__dt-f64/chunk_0,read,4194304,,,,,0.005658,,0.245664,0.527935,,,,,1.881611,1.102354,24,,0.000000,0.000000,0,0,3758496,0.000000,0.000000,,0.000000,0.000000,0.000000
943,fields/00006__viscocity.f64__c0007__dt-f64/chunk_0,read,4194304,,,,,0.005657,,0.254752,0.592050,,,,,2.003346,1.150887,24,,0.000000,0.000000,0,0,3760976,0.000000,0.000000,,0.000000,0.000000,0.000000
944,fields/00006__viscocity.f64__c0008__dt-f64/chunk_0,read,4194304,,,,,0.005727,,0.083456,3.535119,,,,,5.044892,1.420590,24,,0.000000,0.000000,0,0,4137988,0.000000,0.000000,,0.000000,0.000000,0.000000
945,fields/00006__viscocity.f64__c0009__dt-f64/chunk_0,read,4194304,,,,,0.006076,,0.076928,1.122290,,,,,2.381540,1.176246,24,,0.000000,0.000000,0,0,4025660,0.000000,0.000000,,0.000000,0.000000,0.000000
946,fields/00006__viscocity.f64__c0010__dt-f64/chunk_0,read,4194304,,,,,0.005727,,0.072544,0.990428,,,,,2.214618,1.145919,24,,0.000000,0.000000,0,0,4025372,0.000000,0.000000,,0.000000,0.000000,0.000000
947,fields/00006__viscocity.f64__c0011__dt-f64/chunk_0,read,4194304,,,,,0.005727,,0.070272,3.382094,,,,,4.643860,1.185767,24,,0.000000,0.000000,0,0,4025948,0.000000,0.000000,,0.000000,0.000000,0.000000
948,fields/00006__viscocity.f64__c0012__dt-f64/chunk_0,read,4194304,,,,,0.005796,,0.291488,0.965705,,,,,2.413179,1.150190,24,,0.000000,0.000000,0,0,3785528,0.000000,0.000000,,0.000000,0.000000,0.000000
949,fields/00006__viscocity.f64__c0013__dt-f64/chunk_0,read,4194304,,,,,0.006845,,0.265696,0.491268,,,,,1.860240,1.096431,24,,0.000000,0.000000,0,0,3799736,0.000000,0.000000,,0.000000,0.000000,0.000000
950,fields/00006__viscocity.f64__c0014__dt-f64/chunk_0,read,4194304,,,,,0.005796,,0.273760,3.987975,,,,,5.430419,1.162888,24,,0.000000,0.000000,0,0,3812288,0.000000,0.000000,,0.000000,0.000000,0.000000
951,fields/00006__viscocity.f64__c0015__dt-f64/chunk_0,read,4194304,,,,,0.007543,,0.292736,3.572974,,,,,5.160900,1.287647,24,,0.000000,0.000000,0,0,3828488,0.000000,0.000000,,0.000000,0.000000,0.000000
952,fields/00006__viscocity.f64__c0016__dt-f64/chunk_0,read,4194304,,,,,0.005168,,0.306016,3.246741,,,,,4.889564,1.331639,24,,0.000000,0.000000,0,0,3842184,0.000000,0.000000,,0.000000,0.000000,0.000000
953,fields/00006__viscocity.f64__c0017__dt-f64/chunk_0,read,4194304,,,,,0.005727,,0.261440,3.249117,,,,,4.778795,1.262511,24,,0.000000,0.000000,0,0,3852952,0.000000,0.000000,,0.000000,0.000000,0.000000
954,fields/00006__viscocity.f64__c0018__dt-f64/chunk_0,read,4194304,,,,,0.000000,,0.000000,3.515703,,,,,3.942926,0.427223,0,,0.000000,0.000000,0,0,4194304,0.000000,0.000000,,0.000000,0.000000,0.000000
955,fields/00006__viscocity.f64__c0019__dt-f64/chunk_0,read,4194304,,,,,0.005727,,0.077504,0.589116,,,,,1.806043,1.133696,24,,0.000000,0.000000,0,0,4035564,0.000000,0.000000,,0.000000,0.000000,0.000000
956,fields/00006__viscocity.f64__c0020__dt-f64/chunk_0,read,4194304,,,,,0.004260,,0.063712,3.415690,,,,,4.595180,1.111518,24,,0.000000,0.000000,0,0,4036124,0.000000,0.000000,,0.000000,0.000000,0.000000
957,fields/00006__viscocity.f64__c0021__dt-f64/chunk_0,read,4194304,,,,,0.008381,,0.073312,3.395155,,,,,4.772509,1.295661,24,,0.000000,0.000000,0,0,4037036,0.000000,0.000000,,0.000000,0.000000,0.000000
958,fields/00006__viscocity.f64__c0022__dt-f64/chunk_0,read,4194304,,,,,0.007613,,0.066176,3.431054,,,,,4.776978,1.272135,24,,0.000000,0.000000,0,0,4037452,0.000000,0.000000,,0.000000,0.000000,0.000000
959,fields/00006__viscocity.f64__c0023__dt-f64/chunk_0,read,4194304,,,,,0.008520,,0.075296,3.561171,,,,,4.867004,1.222017,24,,0.000000,0.000000,0,0,4037788,0.000000,0.000000,,0.000000,0.000000,0.000000
960,fields/00006__viscocity.f64__c0024__dt-f64/chunk_0,read,4194304,,,,,0.006146,,0.067392,3.363029,,,,,4.598741,1.162174,24,,0.000000,0.000000,0,0,4038012,0.000000,0.000000,,0.000000,0.000000,0.000000
961,fields/00006__viscocity.f64__c0025__dt-f64/chunk_0,read,4194304,,,,,0.005238,,0.326080,1.179769,,,,,2.667473,1.156386,24,,0.000000,0.000000,0,0,3878440,0.000000,0.000000,,0.000000,0.000000,0.000000
962,fields/00006__viscocity.f64__c0026__dt-f64/chunk_0,read,4194304,,,,,0.005238,,0.328992,0.548887,,,,,2.017593,1.134476,24,,0.000000,0.000000,0,0,3877096,0.000000,0.000000,,0.000000,0.000000,0.000000
963,fields/00006__viscocity.f64__c0027__dt-f64/chunk_0,read,4194304,,,,,0.004819,,0.322720,1.008727,,,,,2.493566,1.157300,24,,0.000000,0.000000,0,0,3803644,0.000000,0.000000,,0.000000,0.000000,0.000000
964,fields/00006__viscocity.f64__c0028__dt-f64/chunk_0,read,4194304,,,,,0.000000,,0.000000,3.735636,,,,,4.033232,0.297596,0,,0.000000,0.000000,0,0,4194304,0.000000,0.000000,,0.000000,0.000000,0.000000
965,fields/00006__viscocity.f64__c0029__dt-f64/chunk_0,read,4194304,,,,,0.005657,,0.092544,0.521999,,,,,1.798011,1.177811,24,,0.000000,0.000000,0,0,3925968,0.000000,0.000000,,0.000000,0.000000,0.000000
966,fields/00006__viscocity.f64__c0030__dt-f64/chunk_0,read,4194304,,,,,0.006215,,0.095232,1.005515,,,,,2.211335,1.104373,24,,0.000000,0.000000,0,0,3941126,0.000000,0.000000,,0.000000,0.000000,0.000000
967,fields/00006__viscocity.f64__c0031__dt-f64/chunk_0,read,4194304,,,,,0.005308,,0.083008,0.695766,,,,,1.938952,1.154870,24,,0.000000,0.000000,0,0,4001244,0.000000,0.000000,,0.000000,0.000000,0.000000
968,fields/00006__viscocity.f64__c0032__dt-f64/chunk_0,read,4194304,,,,,0.005308,,0.373216,0.969127,,,,,2.500201,1.152550,24,,0.000000,0.000000,0,0,3766264,0.000000,0.000000,,0.000000,0.000000,0.000000
969,fields/00006__viscocity.f64__c0033__dt-f64/chunk_0,read,4194304,,,,,0.005727,,0.359520,0.479046,,,,,1.959764,1.115471,24,,0.000000,0.000000,0,0,3764236,0.000000,0.000000,,0.000000,0.000000,0.000000
970,fields/00006__viscocity.f64__c0034__dt-f64/chunk_0,read,4194304,,,,,0.005168,,0.367616,0.520323,,,,,1.988190,1.095083,24,,0.000000,0.000000,0,0,3758348,0.000000,0.000000,,0.000000,0.000000,0.000000
971,fields/00006__viscocity.f64__c0035__dt-f64/chunk_0,read,4194304,,,,,0.005308,,0.357888,0.487427,,,,,1.952990,1.102367,24,,0.000000,0.000000,0,0,3753748,0.000000,0.000000,,0.000000,0.000000,0.000000
972,fields/00006__viscocity.f64__c0036__dt-f64/chunk_0,read,4194304,,,,,0.005238,,0.335392,0.447755,,,,,1.954736,1.166351,24,,0.000000,0.000000,0,0,3752092,0.000000,0.000000,,0.000000,0.000000,0.000000
973,fields/00006__viscocity.f64__c0037__dt-f64/chunk_0,read,4194304,,,,,0.005238,,0.335360,1.034220,,,,,2.521294,1.146476,24,,0.000000,0.000000,0,0,3751868,0.000000,0.000000,,0.000000,0.000000,0.000000
974,fields/00006__viscocity.f64__c0038__dt-f64/chunk_0,read,4194304,,,,,0.000000,,0.000000,3.550833,,,,,4.011511,0.460678,0,,0.000000,0.000000,0,0,4194304,0.000000,0.000000,,0.000000,0.000000,0.000000
975,fields/00006__viscocity.f64__c0039__dt-f64/chunk_0,read,4194304,,,,,0.006216,,0.080416,0.944473,,,,,2.158116,1.127011,24,,0.000000,0.000000,0,0,4007340,0.000000,0.000000,,0.000000,0.000000,0.000000
976,fields/00006__viscocity.f64__c0040__dt-f64/chunk_0,read,4194304,,,,,0.004331,,0.074976,0.508030,,,,,1.747375,1.160038,24,,0.000000,0.000000,0,0,4006850,0.000000,0.000000,,0.000000,0.000000,0.000000
977,fields/00006__viscocity.f64__c0041__dt-f64/chunk_0,read,4194304,,,,,0.004749,,0.074432,0.540018,,,,,1.822874,1.203675,24,,0.000000,0.000000,0,0,4008912,0.000000,0.000000,,0.000000,0.000000,0.000000
978,fields/00006__viscocity.f64__c0042__dt-f64/chunk_0,read,4194304,,,,,0.004261,,0.191680,0.543162,,,,,1.905358,1.166255,24,,0.000000,0.000000,0,0,3832306,0.000000,0.000000,,0.000000,0.000000,0.000000
979,fields/00006__viscocity.f64__c0043__dt-f64/chunk_0,read,4194304,,,,,0.004819,,0.173920,0.641568,,,,,1.917580,1.097273,24,,0.000000,0.000000,0,0,3830928,0.000000,0.000000,,0.000000,0.000000,0.000000
980,fields/00006__viscocity.f64__c0044__dt-f64/chunk_0,read,4194304,,,,,0.007543,,0.191296,0.627460,,,,,2.000971,1.174672,24,,0.000000,0.000000,0,0,3823724,0.000000,0.000000,,0.000000,0.000000,0.000000
981,fields/00006__viscocity.f64__c0045__dt-f64/chunk_0,read,4194304,,,,,0.005727,,0.303776,0.450271,,,,,1.880494,1.120720,24,,0.000000,0.000000,0,0,3746292,0.000000,0.000000,,0.000000,0.000000,0.000000
982,fields/00006__viscocity.f64__c0046__dt-f64/chunk_0,read,4194304,,,,,0.008032,,0.299232,0.894744,,,,,2.758337,1.556329,24,,0.000000,0.000000,0,0,3726676,0.000000,0.000000,,0.000000,0.000000,0.000000
983,fields/00006__viscocity.f64__c0047__dt-f64/chunk_0,read,4194304,,,,,0.005308,,0.301120,0.825252,,,,,2.260574,1.128894,24,,0.000000,0.000000,0,0,3693148,0.000000,0.000000,,0.000000,0.000000,0.000000
984,fields/00006__viscocity.f64__c0048__dt-f64/chunk_0,read,4194304,,,,,0.000000,,0.000000,3.972539,,,,,4.270484,0.297945,0,,0.000000,0.000000,0,0,4194304,0.000000,0.000000,,0.000000,0.000000,0.000000
985,fields/00006__viscocity.f64__c0049__dt-f64/chunk_0,read,4194304,,,,,0.004679,,0.074752,1.066906,,,,,2.264694,1.118357,24,,0.000000,0.000000,0,0,4020564,0.000000,0.000000,,0.000000,0.000000,0.000000
986,fields/00006__viscocity.f64__c0050__dt-f64/chunk_0,read,4194304,,,,,0.010337,,0.072064,3.880208,,,,,5.305333,1.342724,24,,0.000000,0.000000,0,0,4037806,0.000000,0.000000,,0.000000,0.000000,0.000000
987,fields/00006__viscocity.f64__c0051__dt-f64/chunk_0,read,4194304,,,,,0.005727,,0.071520,3.721877,,,,,4.925672,1.126548,24,,0.000000,0.000000,0,0,4037948,0.000000,0.000000,,0.000000,0.000000,0.000000
988,fields/00006__viscocity.f64__c0052__dt-f64/chunk_0,read,4194304,,,,,0.004749,,0.074016,1.033033,,,,,2.245977,1.134179,24,,0.000000,0.000000,0,0,4037724,0.000000,0.000000,,0.000000,0.000000,0.000000
989,fields/00006__viscocity.f64__c0053__dt-f64/chunk_0,read,4194304,,,,,0.004330,,0.072416,0.924986,,,,,2.132065,1.130333,24,,0.000000,0.000000,0,0,4037548,0.000000,0.000000,,0.000000,0.000000,0.000000
990,fields/00006__viscocity.f64__c0054__dt-f64/chunk_0,read,4194304,,,,,0.004819,,0.072608,0.480373,,,,,1.664263,1.106463,24,,0.000000,0.000000,0,0,4037020,0.000000,0.000000,,0.000000,0.000000,0.000000
991,fields/00006__viscocity.f64__c0055__dt-f64/chunk_0,read,4194304,,,,,0.005308,,0.296992,0.420239,,,,,1.897396,1.174857,24,,0.000000,0.000000,0,0,3869520,0.000000,0.000000,,0.000000,0.000000,0.000000
992,fields/00006__viscocity.f64__c0056__dt-f64/chunk_0,read,4194304,,,,,0.005867,,0.278816,0.950060,,,,,2.357514,1.122771,24,,0.000000,0.000000,0,0,3862584,0.000000,0.000000,,0.000000,0.000000,0.000000
993,fields/00006__viscocity.f64__c0057__dt-f64/chunk_0,read,4194304,,,,,0.005168,,0.276768,0.785302,,,,,2.182281,1.115043,24,,0.000000,0.000000,0,0,3856136,0.000000,0.000000,,0.000000,0.000000,0.000000
994,fields/00006__viscocity.f64__c0058__dt-f64/chunk_0,read,4194304,,,,,0.000000,,0.000000,3.718174,,,,,4.145188,0.427014,0,,0.000000,0.000000,0,0,4194304,0.000000,0.000000,,0.000000,0.000000,0.000000
995,fields/00006__viscocity.f64__c0059__dt-f64/chunk_0,read,4194304,,,,,0.006845,,0.073888,0.881754,,,,,2.104338,1.141851,24,,0.000000,0.000000,0,0,4028924,0.000000,0.000000,,0.000000,0.000000,0.000000
996,fields/00006__viscocity.f64__c0060__dt-f64/chunk_0,read,4194304,,,,,0.004679,,0.066432,0.991266,,,,,2.191430,1.129053,24,,0.000000,0.000000,0,0,4027532,0.000000,0.000000,,0.000000,0.000000,0.000000
997,fields/00006__viscocity.f64__c0061__dt-f64/chunk_0,read,4194304,,,,,0.006146,,0.064352,0.768890,,,,,1.946075,1.106687,24,,0.000000,0.000000,0,0,4024508,0.000000,0.000000,,0.000000,0.000000,0.000000
998,fields/00006__viscocity.f64__c0062__dt-f64/chunk_0,read,4194304,,,,,0.006635,,0.254752,0.766165,,,,,2.145893,1.118341,24,,0.000000,0.000000,0,0,3798432,0.000000,0.000000,,0.000000,0.000000,0.000000
999,fields/00006__viscocity.f64__c0063__dt-f64/chunk_0,read,4194304,,,,,0.008032,,0.272352,1.053635,,,,,2.553700,1.219681,24,,0.000000,0.000000,0,0,3784336,0.000000,0.000000,,0.000000,0.000000,0.000000
1000,fields/00006__viscocity.f64__c0064__dt-f64/chunk_0,read,4194304,,,,,0.006565,,0.254592,0.788725,,,,,2.168801,1.118919,24,,0.000000,0.000000,0,0,3778712,0.000000,0.000000,,0.000000,0.000000,0.000000
1001,fields/00006__viscocity.f64__c0065__dt-f64/chunk_0,read,4194304,,,,,0.009219,,0.255360,0.617192,,,,,2.149665,1.267894,24,,0.000000,0.000000,0,0,3769176,0.000000,0.000000,,0.000000,0.000000,0.000000
1002,fields/00006__viscocity.f64__c0066__dt-f64/chunk_0,read,4194304,,,,,0.007612,,0.253856,0.739067,,,,,2.099798,1.099263,24,,0.000000,0.000000,0,0,3765864,0.000000,0.000000,,0.000000,0.000000,0.000000
1003,fields/00006__viscocity.f64__c0067__dt-f64/chunk_0,read,4194304,,,,,0.005238,,0.456256,1.207428,,,,,2.820217,1.151295,24,,0.000000,0.000000,0,0,3763208,0.000000,0.000000,,0.000000,0.000000,0.000000
1004,fields/00006__viscocity.f64__c0068__dt-f64/chunk_0,read,4194304,,,,,0.000000,,0.000000,3.956894,,,,,4.246179,0.289285,0,,0.000000,0.000000,0,0,4194304,0.000000,0.000000,,0.000000,0.000000,0.000000
1005,fields/00006__viscocity.f64__c0069__dt-f64/chunk_0,read,4194304,,,,,0.006216,,0.064480,1.068442,,,,,2.255684,1.116546,24,,0.000000,0.000000,0,0,4016908,0.000000,0.000000,,0.000000,0.000000,0.000000
1006,fields/00006__viscocity.f64__c0070__dt-f64/chunk_0,read,4194304,,,,,0.005378,,0.072896,0.624038,,,,,1.859122,1.156810,24,,0.000000,0.000000,0,0,4017020,0.000000,0.000000,,0.000000,0.000000,0.000000
1007,fields/00006__viscocity.f64__c0071__dt-f64/chunk_0,read,4194304,,,,,0.005168,,0.066432,0.455997,,,,,1.715178,1.187581,24,,0.000000,0.000000,0,0,4016460,0.000000,0.000000,,0.000000,0.000000,0.000000
1008,fields/00000__density.f64__c0000__dt-f64/chunk_0,read,4194304,,,,,0.008102,,0.072256,0.427222,,,,,1.558942,1.051362,24,,0.000000,0.000000,0,0,2136348,0.000000,0.000000,,0.000000,0.000000,0.000000
1009,fields/00000__density.f64__c0001__dt-f64/chunk_0,read,4194304,,,,,0.005797,,0.149024,0.612024,,,,,1.731731,0.964886,24,,0.000000,0.000000,0,0,1679600,0.000000,0.000000,,0.000000,0.000000,0.000000
1010,fields/00000__density.f64__c0002__dt-f64/chunk_0,read,4194304,,,,,0.010685,,0.153216,0.544138,,,,,1.850602,1.142563,24,,0.000000,0.000000,0,0,1647348,0.000000,0.000000,,0.000000,0.000000,0.000000
1011,fields/00000__density.f64__c0003__dt-f64/chunk_0,read,4194304,,,,,0.005308,,0.128032,0.295919,,,,,1.406337,0.977078,24,,0.000000,0.000000,0,0,1657148,0.000000,0.000000,,0.000000,0.000000,0.000000
1012,fields/00000__density.f64__c0004__dt-f64/chunk_0,read,4194304,,,,,0.008241,,0.131872,0.426664,,,,,1.523672,0.956895,24,,0.000000,0.000000,0,0,1678104,0.000000,0.000000,,0.000000,0.000000,0.000000
1013,fields/00000__density.f64__c0005__dt-f64/chunk_0,read,4194304,,,,,0.009499,,0.153600,0.554406,,,,,1.857237,1.139732,24,,0.000000,0.000000,0,0,1707936,0.000000,0.000000,,0.000000,0.000000,0.000000
1014,fields/00000__density.f64__c0006__dt-f64/chunk_0,read,4194304,,,,,0.007543,,0.153792,0.359686,,,,,1.601336,1.080315,24,,0.000000,0.000000,0,0,1706784,0.000000,0.000000,,0.000000,0.000000,0.000000
1015,fields/00000__density.f64__c0007__dt-f64/chunk_0,read,4194304,,,,,0.009918,,0.141056,0.432462,,,,,1.601755,1.018319,24,,0.000000,0.000000,0,0,1738154,0.000000,0.000000,,0.000000,0.000000,0.000000
1016,fields/00000__density.f64__c0008__dt-f64/chunk_0,read,4194304,,,,,0.008661,,0.141536,0.442239,,,,,1.560060,0.967624,24,,0.000000,0.000000,0,0,1743496,0.000000,0.000000,,0.000000,0.000000,0.000000
1017,fields/00000__density.f64__c0009__dt-f64/chunk_0,read,4194304,,,,,0.005238,,0.141088,0.500767,,,,,1.619704,0.972611,24,,0.000000,0.000000,0,0,1781026,0.000000,0.000000,,0.000000,0.000000,0.000000
1018,fields/00000__density.f64__c0010__dt-f64/chunk_0,read,4194304,,,,,0.008032,,0.082112,0.622362,,,,,1.962139,1.249633,24,,0.000000,0.000000,0,0,3104924,0.000000,0.000000,,0.000000,0.000000,0.000000
1019,fields/00000__density.f64__c0011__dt-f64/chunk_0,read,4194304,,,,,0.007124,,0.148544,0.379660,,,,,1.691990,1.156662,24,,0.000000,0.000000,0,0,1829446,0.000000,0.000000,,0.000000,0.000000,0.000000
1020,fields/00000__density.f64__c0012__dt-f64/chunk_0,read,4194304,,,,,0.005797,,0.181344,0.476532,,,,,1.723769,1.060096,24,,0.000000,0.000000,0,0,1852138,0.000000,0.000000,,0.000000,0.000000,0.000000
1021,fields/00000__density.f64__c0013__dt-f64/chunk_0,read,4194304,,,,,0.007613,,0.199648,0.367437,,,,,1.857726,1.283028,24,,0.000000,0.000000,0,0,1899818,0.000000,0.000000,,0.000000,0.000000,0.000000
1022,fields/00000__density.f64__c0014__dt-f64/chunk_0,read,4194304,,,,,0.005727,,0.178976,0.412347,,,,,1.635418,1.038368,24,,0.000000,0.000000,0,0,1928908,0.000000,0.000000,,0.000000,0.000000,0.000000
1023,fields/00000__density.f64__c0015__dt-f64/chunk_0,read,4194304,,,,,0.005797,,0.176736,0.334683,,,,,1.526186,1.008970,24,,0.000000,0.000000,0,0,1979138,0.000000,0.000000,,0.000000,0.000000,0.000000
1024,fields/00000__density.f64__c0016__dt-f64/chunk_0,read,4194304,,,,,0.008520,,0.229664,0.471572,,,,,2.039454,1.329698,24,,0.000000,0.000000,0,0,2028468,0.000000,0.000000,,0.000000,0.000000,0.000000
1025,fields/00000__density.f64__c0017__dt-f64/chunk_0,read,4194304,,,,,0.005238,,0.179520,0.456906,,,,,1.691781,1.050117,24,,0.000000,0.000000,0,0,2080166,0.000000,0.000000,,0.000000,0.000000,0.000000
1026,fields/00000__density.f64__c0018__dt-f64/chunk_0,read,4194304,,,,,0.005658,,0.178624,0.391814,,,,,1.613000,1.036904,24,,0.000000,0.000000,0,0,2140028,0.000000,0.000000,,0.000000,0.000000,0.000000
1027,fields/00000__density.f64__c0019__dt-f64/chunk_0,read,4194304,,,,,0.010546,,0.207488,0.484703,,,,,2.217341,1.514604,24,,0.000000,0.000000,0,0,2189182,0.000000,0.000000,,0.000000,0.000000,0.000000
1028,fields/00000__density.f64__c0020__dt-f64/chunk_0,read,4194304,,,,,0.000000,,0.000000,4.238847,,,,,4.417223,0.178376,0,,0.000000,0.000000,0,0,4194304,0.000000,0.000000,,0.000000,0.000000,0.000000
1029,fields/00000__density.f64__c0021__dt-f64/chunk_0,read,4194304,,,,,0.009708,,0.179936,0.384619,,,,,1.656929,1.082666,24,,0.000000,0.000000,0,0,2288862,0.000000,0.000000,,0.000000,0.000000,0.000000
1030,fields/00000__density.f64__c0022__dt-f64/chunk_0,read,4194304,,,,,0.011943,,0.207520,0.515993,,,,,2.190662,1.455206,24,,0.000000,0.000000,0,0,2352714,0.000000,0.000000,,0.000000,0.000000,0.000000
1031,fields/00000__density.f64__c0023__dt-f64/chunk_0,read,4194304,,,,,0.004680,,0.214400,0.391674,,,,,1.724677,1.113923,24,,0.000000,0.000000,0,0,2415584,0.000000,0.000000,,0.000000,0.000000,0.000000
1032,fields/00000__density.f64__c0024__dt-f64/chunk_0,read,4194304,,,,,0.006077,,0.182720,0.481071,,,,,1.764836,1.094968,24,,0.000000,0.000000,0,0,2473530,0.000000,0.000000,,0.000000,0.000000,0.000000
1033,fields/00000__density.f64__c0025__dt-f64/chunk_0,read,4194304,,,,,0.008940,,0.199264,0.561180,,,,,2.268955,1.499571,24,,0.000000,0.000000,0,0,2510418,0.000000,0.000000,,0.000000,0.000000,0.000000
1034,fields/00000__density.f64__c0026__dt-f64/chunk_0,read,4194304,,,,,0.009150,,0.201376,0.720559,,,,,2.459274,1.528189,24,,0.000000,0.000000,0,0,2403250,0.000000,0.000000,,0.000000,0.000000,0.000000
1035,fields/00000__density.f64__c0027__dt-f64/chunk_0,read,4194304,,,,,0.005727,,0.319040,0.641150,,,,,2.111042,1.145125,24,,0.000000,0.000000,0,0,2304588,0.000000,0.000000,,0.000000,0.000000,0.000000
1036,fields/00000__density.f64__c0028__dt-f64/chunk_0,read,4194304,,,,,0.011245,,0.356544,0.567536,,,,,2.424772,1.489447,24,,0.000000,0.000000,0,0,2603592,0.000000,0.000000,,0.000000,0.000000,0.000000
1037,fields/00000__density.f64__c0029__dt-f64/chunk_0,read,4194304,,,,,0.005727,,0.339872,0.523465,,,,,2.033797,1.164733,24,,0.000000,0.000000,0,0,2958540,0.000000,0.000000,,0.000000,0.000000,0.000000
1038,fields/00000__density.f64__c0030__dt-f64/chunk_0,read,4194304,,,,,0.000000,,0.000000,7.193161,,,,,7.511290,0.318129,0,,0.000000,0.000000,0,0,4194304,0.000000,0.000000,,0.000000,0.000000,0.000000
1039,fields/00000__density.f64__c0031__dt-f64/chunk_0,read,4194304,,,,,0.005658,,0.179232,0.478628,,,,,233.931559,233.268041,24,,0.000000,0.000000,0,0,3470552,0.000000,0.000000,,0.000000,0.000000,0.000000
1040,fields/00000__density.f64__c0032__dt-f64/chunk_0,read,4194304,,,,,0.010616,,0.123104,4.452562,,,,,6.259304,1.673022,24,,0.000000,0.000000,0,0,3826307,0.000000,0.000000,,0.000000,0.000000,0.000000
1041,fields/00000__density.f64__c0033__dt-f64/chunk_0,read,4194304,,,,,0.011594,,0.108864,7.219072,,,,,8.953386,1.613856,24,,0.000000,0.000000,0,0,3834784,0.000000,0.000000,,0.000000,0.000000,0.000000
1042,fields/00000__density.f64__c0034__dt-f64/chunk_0,read,4194304,,,,,0.007124,,0.104768,4.765944,,,,,6.151118,1.273282,24,,0.000000,0.000000,0,0,3837251,0.000000,0.000000,,0.000000,0.000000,0.000000
1043,fields/00000__density.f64__c0035__dt-f64/chunk_0,read,4194304,,,,,0.006565,,0.093952,0.544348,,,,,1.844176,1.199311,24,,0.000000,0.000000,0,0,3836252,0.000000,0.000000,,0.000000,0.000000,0.000000
1044,fields/00000__density.f64__c0036__dt-f64/chunk_0,read,4194304,,,,,0.011523,,0.106528,1.090303,,,,,2.813652,1.605298,24,,0.000000,0.000000,0,0,3835218,0.000000,0.000000,,0.000000,0.000000,0.000000
1045,fields/00000__density.f64__c0037__dt-f64/chunk_0,read,4194304,,,,,0.007194,,0.096128,0.681448,,,,,2.050000,1.265230,24,,0.000000,0.000000,0,0,3833828,0.000000,0.000000,,0.000000,0.000000,0.000000
1046,fields/00000__density.f64__c0038__dt-f64/chunk_0,read,4194304,,,,,0.010547,,0.114912,7.129046,,,,,8.867969,1.613464,24,,0.000000,0.000000,0,0,3835647,0.000000,0.000000,,0.000000,0.000000,0.000000
1047,fields/00000__density.f64__c0039__dt-f64/chunk_0,read,4194304,,,,,0.007124,,0.092480,1.004536,,,,,2.331393,1.227253,24,,0.000000,0.000000,0,0,3835396,0.000000,0.000000,,0.000000,0.000000,0.000000
1048,fields/00000__density.f64__c0040__dt-f64/chunk_0,read,4194304,,,,,0.000000,,0.000000,8.163194,,,,,8.473292,0.310098,0,,0.000000,0.000000,0,0,4194304,0.000000,0.000000,,0.000000,0.000000,0.000000
1049,fields/00000__density.f64__c0041__dt-f64/chunk_0,read,4194304,,,,,0.012013,,0.117728,1.561526,,,,,3.308621,1.617354,24,,0.000000,0.000000,0,0,3836550,0.000000,0.000000,,0.000000,0.000000,0.000000
1050,fields/00000__density.f64__c0042__dt-f64/chunk_0,read,4194304,,,,,0.010966,,0.108256,0.723981,,,,,2.354301,1.511098,24,,0.000000,0.000000,0,0,3830885,0.000000,0.000000,,0.000000,0.000000,0.000000
1051,fields/00000__density.f64__c0043__dt-f64/chunk_0,read,4194304,,,,,0.006635,,0.102336,0.990708,,,,,2.295006,1.195327,24,,0.000000,0.000000,0,0,3811277,0.000000,0.000000,,0.000000,0.000000,0.000000
1052,fields/00000__density.f64__c0044__dt-f64/chunk_0,read,4194304,,,,,0.009988,,0.231552,1.035197,,,,,2.792909,1.516172,24,,0.000000,0.000000,0,0,3424072,0.000000,0.000000,,0.000000,0.000000,0.000000
1053,fields/00000__density.f64__c0045__dt-f64/chunk_0,read,4194304,,,,,0.005797,,0.362464,0.602038,,,,,2.185564,1.215265,24,,0.000000,0.000000,0,0,3116240,0.000000,0.000000,,0.000000,0.000000,0.000000
1054,fields/00000__density.f64__c0046__dt-f64/chunk_0,read,4194304,,,,,0.010965,,0.380704,0.876866,,,,,2.771188,1.502653,24,,0.000000,0.000000,0,0,2845700,0.000000,0.000000,,0.000000,0.000000,0.000000
1055,fields/00000__density.f64__c0047__dt-f64/chunk_0,read,4194304,,,,,0.010407,,0.363680,0.501744,,,,,2.297660,1.421829,24,,0.000000,0.000000,0,0,2509164,0.000000,0.000000,,0.000000,0.000000,0.000000
1056,fields/00000__density.f64__c0048__dt-f64/chunk_0,read,4194304,,,,,0.007194,,0.333248,0.698071,,,,,2.165938,1.127425,24,,0.000000,0.000000,0,0,2214288,0.000000,0.000000,,0.000000,0.000000,0.000000
1057,fields/00000__density.f64__c0049__dt-f64/chunk_0,read,4194304,,,,,0.006077,,0.348512,0.581644,,,,,1.970450,1.034217,24,,0.000000,0.000000,0,0,2084240,0.000000,0.000000,,0.000000,0.000000,0.000000
1058,fields/00000__density.f64__c0050__dt-f64/chunk_0,read,4194304,,,,,0.000000,,0.000000,4.844725,,,,,5.392077,0.547352,0,,0.000000,0.000000,0,0,4194304,0.000000,0.000000,,0.000000,0.000000,0.000000
1059,fields/00000__density.f64__c0051__dt-f64/chunk_0,read,4194304,,,,,0.005308,,0.196832,0.761626,,,,,2.055029,1.091263,24,,0.000000,0.000000,0,0,2294454,0.000000,0.000000,,0.000000,0.000000,0.000000
1060,fields/00000__density.f64__c0052__dt-f64/chunk_0,read,4194304,,,,,0.011104,,0.221792,0.417026,,,,,2.118166,1.468244,24,,0.000000,0.000000,0,0,2246096,0.000000,0.000000,,0.000000,0.000000,0.000000
1061,fields/00000__density.f64__c0053__dt-f64/chunk_0,read,4194304,,,,,0.005239,,0.203296,0.694368,,,,,2.016685,1.113782,24,,0.000000,0.000000,0,0,2202004,0.000000,0.000000,,0.000000,0.000000,0.000000
1062,fields/00000__density.f64__c0054__dt-f64/chunk_0,read,4194304,,,,,0.004819,,0.203584,0.359825,,,,,1.637863,1.069635,24,,0.000000,0.000000,0,0,2133768,0.000000,0.000000,,0.000000,0.000000,0.000000
1063,fields/00000__density.f64__c0055__dt-f64/chunk_0,read,4194304,,,,,0.009638,,0.255904,0.373654,,,,,2.056845,1.417649,24,,0.000000,0.000000,0,0,2090110,0.000000,0.000000,,0.000000,0.000000,0.000000
1064,fields/00000__density.f64__c0056__dt-f64/chunk_0,read,4194304,,,,,0.005169,,0.202240,0.662801,,,,,1.954945,1.084735,24,,0.000000,0.000000,0,0,2041600,0.000000,0.000000,,0.000000,0.000000,0.000000
1065,fields/00000__density.f64__c0057__dt-f64/chunk_0,read,4194304,,,,,0.005239,,0.200160,0.745073,,,,,2.003695,1.053223,24,,0.000000,0.000000,0,0,1991644,0.000000,0.000000,,0.000000,0.000000,0.000000
1066,fields/00000__density.f64__c0058__dt-f64/chunk_0,read,4194304,,,,,0.010127,,0.221568,0.658190,,,,,2.326225,1.436340,24,,0.000000,0.000000,0,0,1964054,0.000000,0.000000,,0.000000,0.000000,0.000000
1067,fields/00000__density.f64__c0059__dt-f64/chunk_0,read,4194304,,,,,0.007962,,0.579488,0.701981,,,,,2.708890,1.419459,24,,0.000000,0.000000,0,0,1899944,0.000000,0.000000,,0.000000,0.000000,0.000000
1068,fields/00000__density.f64__c0060__dt-f64/chunk_0,read,4194304,,,,,0.009219,,0.093664,0.886434,,,,,2.483369,1.494052,24,,0.000000,0.000000,0,0,2841124,0.000000,0.000000,,0.000000,0.000000,0.000000
1069,fields/00000__density.f64__c0061__dt-f64/chunk_0,read,4194304,,,,,0.007124,,0.642752,0.547421,,,,,2.228726,1.031429,24,,0.000000,0.000000,0,0,1846406,0.000000,0.000000,,0.000000,0.000000,0.000000
1070,fields/00000__density.f64__c0062__dt-f64/chunk_0,read,4194304,,,,,0.009918,,0.583648,0.658610,,,,,2.680184,1.428008,24,,0.000000,0.000000,0,0,1830022,0.000000,0.000000,,0.000000,0.000000,0.000000
1071,fields/00000__density.f64__c0063__dt-f64/chunk_0,read,4194304,,,,,0.035271,,0.219968,0.547561,,,,,2.172084,1.369284,24,,0.000000,0.000000,0,0,1807300,0.000000,0.000000,,0.000000,0.000000,0.000000
1072,fields/00000__density.f64__c0064__dt-f64/chunk_0,read,4194304,,,,,0.010407,,0.679872,0.436582,,,,,2.515985,1.389124,24,,0.000000,0.000000,0,0,1770016,0.000000,0.000000,,0.000000,0.000000,0.000000
1073,fields/00000__density.f64__c0065__dt-f64/chunk_0,read,4194304,,,,,0.006215,,0.663776,3.572555,,,,,5.322094,1.079548,24,,0.000000,0.000000,0,0,1762396,0.000000,0.000000,,0.000000,0.000000,0.000000
1074,fields/00000__density.f64__c0066__dt-f64/chunk_0,read,4194304,,,,,0.005587,,0.201152,0.342994,,,,,1.538827,0.989094,24,,0.000000,0.000000,0,0,1728244,0.000000,0.000000,,0.000000,0.000000,0.000000
1075,fields/00000__density.f64__c0067__dt-f64/chunk_0,read,4194304,,,,,0.008660,,0.594400,0.623199,,,,,2.644635,1.418376,24,,0.000000,0.000000,0,0,1735528,0.000000,0.000000,,0.000000,0.000000,0.000000
1076,fields/00000__density.f64__c0068__dt-f64/chunk_0,read,4194304,,,,,0.008381,,0.681280,0.509148,,,,,2.560475,1.361666,24,,0.000000,0.000000,0,0,1683138,0.000000,0.000000,,0.000000,0.000000,0.000000
1077,fields/00000__density.f64__c0069__dt-f64/chunk_0,read,4194304,,,,,0.004749,,0.617440,0.576057,,,,,2.216782,1.018536,24,,0.000000,0.000000,0,0,1676554,0.000000,0.000000,,0.000000,0.000000,0.000000
1078,fields/00000__density.f64__c0070__dt-f64/chunk_0,read,4194304,,,,,0.005657,,0.080224,0.632419,,,,,1.758341,1.040041,24,,0.000000,0.000000,0,0,2458931,0.000000,0.000000,,0.000000,0.000000,0.000000
1079,fields/00000__density.f64__c0071__dt-f64/chunk_0,read,4194304,,,,,0.011454,,0.686848,0.303602,,,,,2.379166,1.377262,24,,0.000000,0.000000,0,0,1263976,0.000000,0.000000,,0.000000,0.000000,0.000000
1080,fields/00001__diffusivity.f64__c0000__dt-f64/chunk_0,read,4194304,,,,,0.005727,,0.083360,5.139249,,,,,6.675213,1.446877,24,,0.000000,0.000000,0,0,4024444,0.000000,0.000000,,0.000000,0.000000,0.000000
1081,fields/00001__diffusivity.f64__c0001__dt-f64/chunk_0,read,4194304,,,,,0.009638,,0.088992,4.502290,,,,,6.580436,1.979516,24,,0.000000,0.000000,0,0,4026714,0.000000,0.000000,,0.000000,0.000000,0.000000
1082,fields/00001__diffusivity.f64__c0002__dt-f64/chunk_0,read,4194304,,,,,0.006565,,0.609664,0.684452,,,,,2.548951,1.248270,24,,0.000000,0.000000,0,0,3742216,0.000000,0.000000,,0.000000,0.000000,0.000000
1083,fields/00001__diffusivity.f64__c0003__dt-f64/chunk_0,read,4194304,,,,,0.006076,,0.326592,0.530519,,,,,2.049581,1.186394,24,,0.000000,0.000000,0,0,3744768,0.000000,0.000000,,0.000000,0.000000,0.000000
1084,fields/00001__diffusivity.f64__c0004__dt-f64/chunk_0,read,4194304,,,,,0.010547,,0.663424,1.084645,,,,,3.694638,1.936022,24,,0.000000,0.000000,0,0,3749040,0.000000,0.000000,,0.000000,0.000000,0.000000
1085,fields/00001__diffusivity.f64__c0005__dt-f64/chunk_0,read,4194304,,,,,0.005168,,0.528544,0.701771,,,,,2.482462,1.246979,24,,0.000000,0.000000,0,0,3754568,0.000000,0.000000,,0.000000,0.000000,0.000000
1086,fields/00001__diffusivity.f64__c0006__dt-f64/chunk_0,read,4194304,,,,,0.005308,,0.537664,0.788306,,,,,2.524087,1.192809,24,,0.000000,0.000000,0,0,3758888,0.000000,0.000000,,0.000000,0.000000,0.000000
1087,fields/00001__diffusivity.f64__c0007__dt-f64/chunk_0,read,4194304,,,,,0.011594,,0.593920,0.723282,,,,,2.894180,1.565384,24,,0.000000,0.000000,0,0,3762768,0.000000,0.000000,,0.000000,0.000000,0.000000
1088,fields/00001__diffusivity.f64__c0008__dt-f64/chunk_0,read,4194304,,,,,0.000000,,0.000000,4.730883,,,,,5.458635,0.727752,0,,0.000000,0.000000,0,0,4194304,0.000000,0.000000,,0.000000,0.000000,0.000000
1089,fields/00001__diffusivity.f64__c0009__dt-f64/chunk_0,read,4194304,,,,,0.010616,,0.085088,0.724680,,,,,2.383496,1.563112,24,,0.000000,0.000000,0,0,4025052,0.000000,0.000000,,0.000000,0.000000,0.000000
1090,fields/00001__diffusivity.f64__c0010__dt-f64/chunk_0,read,4194304,,,,,0.006076,,0.070208,0.543929,,,,,1.907313,1.287100,24,,0.000000,0.000000,0,0,4025660,0.000000,0.000000,,0.000000,0.000000,0.000000
1091,fields/00001__diffusivity.f64__c0011__dt-f64/chunk_0,read,4194304,,,,,0.011035,,0.083936,0.690457,,,,,2.432106,1.646678,24,,0.000000,0.000000,0,0,4025836,0.000000,0.000000,,0.000000,0.000000,0.000000
1092,fields/00001__diffusivity.f64__c0012__dt-f64/chunk_0,read,4194304,,,,,0.031987,,0.083424,7.347301,,,,,9.418324,1.955612,24,,0.000000,0.000000,0,0,4026892,0.000000,0.000000,,0.000000,0.000000,0.000000
1093,fields/00001__diffusivity.f64__c0013__dt-f64/chunk_0,read,4194304,,,,,0.009988,,0.589728,0.645758,,,,,2.803455,1.557981,24,,0.000000,0.000000,0,0,3807080,0.000000,0.000000,,0.000000,0.000000,0.000000
1094,fields/00001__diffusivity.f64__c0014__dt-f64/chunk_0,read,4194304,,,,,0.006774,,0.077952,6.796457,,,,,8.125410,1.244227,24,,0.000000,0.000000,0,0,4029996,0.000000,0.000000,,0.000000,0.000000,0.000000
1095,fields/00001__diffusivity.f64__c0015__dt-f64/chunk_0,read,4194304,,,,,0.004819,,0.650720,0.927361,,,,,2.783760,1.200860,24,,0.000000,0.000000,0,0,3835432,0.000000,0.000000,,0.000000,0.000000,0.000000
1096,fields/00001__diffusivity.f64__c0016__dt-f64/chunk_0,read,4194304,,,,,0.010616,,0.645600,6.476792,,,,,8.714387,1.581379,24,,0.000000,0.000000,0,0,3847600,0.000000,0.000000,,0.000000,0.000000,0.000000
1097,fields/00001__diffusivity.f64__c0017__dt-f64/chunk_0,read,4194304,,,,,0.009569,,0.663232,7.134702,,,,,9.366641,1.559138,24,,0.000000,0.000000,0,0,3855432,0.000000,0.000000,,0.000000,0.000000,0.000000
1098,fields/00001__diffusivity.f64__c0018__dt-f64/chunk_0,read,4194304,,,,,0.000000,,0.000000,5.247223,,,,,6.042654,0.795431,0,,0.000000,0.000000,0,0,4194304,0.000000,0.000000,,0.000000,0.000000,0.000000
1099,fields/00001__diffusivity.f64__c0019__dt-f64/chunk_0,read,4194304,,,,,0.005727,,0.088224,1.311491,,,,,3.186119,1.780677,24,,0.000000,0.000000,0,0,4035628,0.000000,0.000000,,0.000000,0.000000,0.000000
1100,fields/00001__diffusivity.f64__c0020__dt-f64/chunk_0,read,4194304,,,,,0.010965,,0.084736,4.302542,,,,,6.014996,1.616753,24,,0.000000,0.000000,0,0,4036268,0.000000,0.000000,,0.000000,0.000000,0.000000
1101,fields/00001__diffusivity.f64__c0021__dt-f64/chunk_0,read,4194304,,,,,0.004750,,0.070848,7.452973,,,,,8.776965,1.248394,24,,0.000000,0.000000,0,0,4036972,0.000000,0.000000,,0.000000,0.000000,0.000000
1102,fields/00001__diffusivity.f64__c0022__dt-f64/chunk_0,read,4194304,,,,,0.009988,,0.082592,4.325660,,,,,6.115709,1.697469,24,,0.000000,0.000000,0,0,4037644,0.000000,0.000000,,0.000000,0.000000,0.000000
1103,fields/00001__diffusivity.f64__c0023__dt-f64/chunk_0,read,4194304,,,,,0.005238,,0.068768,6.742540,,,,,8.047676,1.231130,24,,0.000000,0.000000,0,0,4037836,0.000000,0.000000,,0.000000,0.000000,0.000000
1104,fields/00001__diffusivity.f64__c0024__dt-f64/chunk_0,read,4194304,,,,,0.005308,,0.068192,3.868405,,,,,5.130099,1.188194,24,,0.000000,0.000000,0,0,4038044,0.000000,0.000000,,0.000000,0.000000,0.000000
1105,fields/00001__diffusivity.f64__c0025__dt-f64/chunk_0,read,4194304,,,,,0.012502,,0.386784,0.524792,,,,,2.531141,1.607063,24,,0.000000,0.000000,0,0,3878368,0.000000,0.000000,,0.000000,0.000000,0.000000
1106,fields/00001__diffusivity.f64__c0026__dt-f64/chunk_0,read,4194304,,,,,0.005238,,0.643776,0.864573,,,,,2.715664,1.202077,24,,0.000000,0.000000,0,0,3929396,0.000000,0.000000,,0.000000,0.000000,0.000000
1107,fields/00001__diffusivity.f64__c0027__dt-f64/chunk_0,read,4194304,,,,,0.005308,,0.406464,0.472202,,,,,2.053143,1.169169,24,,0.000000,0.000000,0,0,3802792,0.000000,0.000000,,0.000000,0.000000,0.000000
1108,fields/00001__diffusivity.f64__c0028__dt-f64/chunk_0,read,4194304,,,,,0.000000,,0.000000,7.267543,,,,,7.782695,0.515152,0,,0.000000,0.000000,0,0,4194304,0.000000,0.000000,,0.000000,0.000000,0.000000
1109,fields/00001__diffusivity.f64__c0029__dt-f64/chunk_0,read,4194304,,,,,0.010546,,0.107680,1.197789,,,,,2.950123,1.634108,24,,0.000000,0.000000,0,0,3926618,0.000000,0.000000,,0.000000,0.000000,0.000000
1110,fields/00001__diffusivity.f64__c0030__dt-f64/chunk_0,read,4194304,,,,,0.010336,,0.127520,1.328952,,,,,2.972751,1.505943,24,,0.000000,0.000000,0,0,3941648,0.000000,0.000000,,0.000000,0.000000,0.000000
1111,fields/00001__diffusivity.f64__c0031__dt-f64/chunk_0,read,4194304,,,,,0.006286,,0.096352,1.094143,,,,,2.405007,1.208226,24,,0.000000,0.000000,0,0,3962335,0.000000,0.000000,,0.000000,0.000000,0.000000
1112,fields/00001__diffusivity.f64__c0032__dt-f64/chunk_0,read,4194304,,,,,0.012013,,0.654752,1.157770,,,,,3.388661,1.564126,24,,0.000000,0.000000,0,0,3766672,0.000000,0.000000,,0.000000,0.000000,0.000000
1113,fields/00001__diffusivity.f64__c0033__dt-f64/chunk_0,read,4194304,,,,,0.009568,,0.627936,0.665803,,,,,2.827970,1.524663,24,,0.000000,0.000000,0,0,3828620,0.000000,0.000000,,0.000000,0.000000,0.000000
1114,fields/00001__diffusivity.f64__c0034__dt-f64/chunk_0,read,4194304,,,,,0.010266,,0.389856,0.671879,,,,,2.613625,1.541624,24,,0.000000,0.000000,0,0,3758212,0.000000,0.000000,,0.000000,0.000000,0.000000
1115,fields/00001__diffusivity.f64__c0035__dt-f64/chunk_0,read,4194304,,,,,0.005377,,0.368480,0.660844,,,,,2.239900,1.205199,24,,0.000000,0.000000,0,0,3753876,0.000000,0.000000,,0.000000,0.000000,0.000000
1116,fields/00001__diffusivity.f64__c0036__dt-f64/chunk_0,read,4194304,,,,,0.010127,,0.584096,0.690528,,,,,2.840262,1.555511,24,,0.000000,0.000000,0,0,3828358,0.000000,0.000000,,0.000000,0.000000,0.000000
1117,fields/00001__diffusivity.f64__c0037__dt-f64/chunk_0,read,4194304,,,,,0.011455,,0.573152,0.601408,,,,,2.710915,1.524900,24,,0.000000,0.000000,0,0,3751864,0.000000,0.000000,,0.000000,0.000000,0.000000
1118,fields/00001__diffusivity.f64__c0038__dt-f64/chunk_0,read,4194304,,,,,0.000000,,0.000000,6.882155,,,,,7.326209,0.444054,0,,0.000000,0.000000,0,0,4194304,0.000000,0.000000,,0.000000,0.000000,0.000000
1119,fields/00001__diffusivity.f64__c0039__dt-f64/chunk_0,read,4194304,,,,,0.009918,,0.090720,0.636818,,,,,2.270701,1.533245,24,,0.000000,0.000000,0,0,4007078,0.000000,0.000000,,0.000000,0.000000,0.000000
1120,fields/00001__diffusivity.f64__c0040__dt-f64/chunk_0,read,4194304,,,,,0.005587,,0.076992,0.614539,,,,,1.866735,1.169617,24,,0.000000,0.000000,0,0,4007314,0.000000,0.000000,,0.000000,0.000000,0.000000
1121,fields/00001__diffusivity.f64__c0041__dt-f64/chunk_0,read,4194304,,,,,0.009917,,0.094976,0.836846,,,,,2.532887,1.591148,24,,0.000000,0.000000,0,0,4009090,0.000000,0.000000,,0.000000,0.000000,0.000000
1122,fields/00001__diffusivity.f64__c0042__dt-f64/chunk_0,read,4194304,,,,,0.007962,,0.552384,0.676001,,,,,2.438880,1.202533,24,,0.000000,0.000000,0,0,3759232,0.000000,0.000000,,0.000000,0.000000,0.000000
1123,fields/00001__diffusivity.f64__c0043__dt-f64/chunk_0,read,4194304,,,,,0.010337,,0.679840,1.144150,,,,,3.376368,1.542041,24,,0.000000,0.000000,0,0,3831146,0.000000,0.000000,,0.000000,0.000000,0.000000
1124,fields/00001__diffusivity.f64__c0044__dt-f64/chunk_0,read,4194304,,,,,0.005797,,0.654240,0.669924,,,,,2.560266,1.230305,24,,0.000000,0.000000,0,0,3823992,0.000000,0.000000,,0.000000,0.000000,0.000000
1125,fields/00001__diffusivity.f64__c0045__dt-f64/chunk_0,read,4194304,,,,,0.009918,,0.597824,0.463960,,,,,2.680254,1.608552,24,,0.000000,0.000000,0,0,3746808,0.000000,0.000000,,0.000000,0.000000,0.000000
1126,fields/00001__diffusivity.f64__c0046__dt-f64/chunk_0,read,4194304,,,,,0.007264,,0.326176,0.669156,,,,,2.222580,1.219984,24,,0.000000,0.000000,0,0,3727180,0.000000,0.000000,,0.000000,0.000000,0.000000
1127,fields/00001__diffusivity.f64__c0047__dt-f64/chunk_0,read,4194304,,,,,0.005658,,0.667552,0.531567,,,,,2.342847,1.138070,24,,0.000000,0.000000,0,0,3693216,0.000000,0.000000,,0.000000,0.000000,0.000000
1128,fields/00001__diffusivity.f64__c0048__dt-f64/chunk_0,read,4194304,,,,,0.000000,,0.000000,3.992863,,,,,4.540633,0.547770,0,,0.000000,0.000000,0,0,4194304,0.000000,0.000000,,0.000000,0.000000,0.000000
1129,fields/00001__diffusivity.f64__c0049__dt-f64/chunk_0,read,4194304,,,,,0.028216,,0.112384,0.664477,,,,,2.362962,1.557885,24,,0.000000,0.000000,0,0,3987812,0.000000,0.000000,,0.000000,0.000000,0.000000
1130,fields/00001__diffusivity.f64__c0050__dt-f64/chunk_0,read,4194304,,,,,0.010337,,0.087936,3.953193,,,,,5.674028,1.622562,24,,0.000000,0.000000,0,0,4037818,0.000000,0.000000,,0.000000,0.000000,0.000000
1131,fields/00001__diffusivity.f64__c0051__dt-f64/chunk_0,read,4194304,,,,,0.005727,,0.072256,3.883909,,,,,5.156570,1.194678,24,,0.000000,0.000000,0,0,4037868,0.000000,0.000000,,0.000000,0.000000,0.000000
1132,fields/00001__diffusivity.f64__c0052__dt-f64/chunk_0,read,4194304,,,,,0.009359,,0.082112,1.258202,,,,,2.926726,1.577053,24,,0.000000,0.000000,0,0,4037788,0.000000,0.000000,,0.000000,0.000000,0.000000
1133,fields/00001__diffusivity.f64__c0053__dt-f64/chunk_0,read,4194304,,,,,0.005238,,0.068128,1.339988,,,,,2.635555,1.222201,24,,0.000000,0.000000,0,0,4037564,0.000000,0.000000,,0.000000,0.000000,0.000000
1134,fields/00001__diffusivity.f64__c0054__dt-f64/chunk_0,read,4194304,,,,,0.010616,,0.084160,0.509566,,,,,2.189894,1.585552,24,,0.000000,0.000000,0,0,4037084,0.000000,0.000000,,0.000000,0.000000,0.000000
1135,fields/00001__diffusivity.f64__c0055__dt-f64/chunk_0,read,4194304,,,,,0.010616,,0.364608,0.693810,,,,,2.600215,1.531181,24,,0.000000,0.000000,0,0,3870616,0.000000,0.000000,,0.000000,0.000000,0.000000
1136,fields/00001__diffusivity.f64__c0056__dt-f64/chunk_0,read,4194304,,,,,0.009569,,0.665984,1.076403,,,,,3.320495,1.568539,24,,0.000000,0.000000,0,0,3864200,0.000000,0.000000,,0.000000,0.000000,0.000000
1137,fields/00001__diffusivity.f64__c0057__dt-f64/chunk_0,read,4194304,,,,,0.028076,,0.345728,1.081782,,,,,2.970029,1.514443,24,,0.000000,0.000000,0,0,3858608,0.000000,0.000000,,0.000000,0.000000,0.000000
1138,fields/00001__diffusivity.f64__c0058__dt-f64/chunk_0,read,4194304,,,,,0.000000,,0.000000,6.980841,,,,,7.392558,0.411717,0,,0.000000,0.000000,0,0,4194304,0.000000,0.000000,,0.000000,0.000000,0.000000
1139,fields/00001__diffusivity.f64__c0059__dt-f64/chunk_0,read,4194304,,,,,0.010895,,0.085440,0.666502,,,,,2.310371,1.547534,24,,0.000000,0.000000,0,0,4030812,0.000000,0.000000,,0.000000,0.000000,0.000000
1140,fields/00001__diffusivity.f64__c0060__dt-f64/chunk_0,read,4194304,,,,,0.010965,,0.081760,1.046931,,,,,2.726419,1.586763,24,,0.000000,0.000000,0,0,4029004,0.000000,0.000000,,0.000000,0.000000,0.000000
1141,fields/00001__diffusivity.f64__c0061__dt-f64/chunk_0,read,4194304,,,,,0.009917,,0.083648,0.712109,,,,,2.311698,1.506024,24,,0.000000,0.000000,0,0,4026780,0.000000,0.000000,,0.000000,0.000000,0.000000
1142,fields/00001__diffusivity.f64__c0062__dt-f64/chunk_0,read,4194304,,,,,0.011384,,0.672192,0.959768,,,,,3.200786,1.557442,24,,0.000000,0.000000,0,0,3809792,0.000000,0.000000,,0.000000,0.000000,0.000000
1143,fields/00001__diffusivity.f64__c0063__dt-f64/chunk_0,read,4194304,,,,,0.010406,,0.637472,0.940352,,,,,3.152805,1.564575,24,,0.000000,0.000000,0,0,3795760,0.000000,0.000000,,0.000000,0.000000,0.000000
1144,fields/00001__diffusivity.f64__c0064__dt-f64/chunk_0,read,4194304,,,,,0.011803,,0.840416,0.941259,,,,,3.343752,1.550274,24,,0.000000,0.000000,0,0,3786480,0.000000,0.000000,,0.000000,0.000000,0.000000
1145,fields/00001__diffusivity.f64__c0065__dt-f64/chunk_0,read,4194304,,,,,0.010895,,0.649280,0.686057,,,,,3.290114,1.943882,24,,0.000000,0.000000,0,0,3777784,0.000000,0.000000,,0.000000,0.000000,0.000000
1146,fields/00001__diffusivity.f64__c0066__dt-f64/chunk_0,read,4194304,,,,,0.009918,,0.344864,0.738788,,,,,2.647568,1.553998,24,,0.000000,0.000000,0,0,3772888,0.000000,0.000000,,0.000000,0.000000,0.000000
1147,fields/00001__diffusivity.f64__c0067__dt-f64/chunk_0,read,4194304,,,,,0.008730,,0.240160,0.953762,,,,,2.424982,1.222330,24,,0.000000,0.000000,0,0,3767264,0.000000,0.000000,,0.000000,0.000000,0.000000
1148,fields/00001__diffusivity.f64__c0068__dt-f64/chunk_0,read,4194304,,,,,0.000000,,0.000000,4.237729,,,,,4.725714,0.487985,0,,0.000000,0.000000,0,0,4194304,0.000000,0.000000,,0.000000,0.000000,0.000000
1149,fields/00001__diffusivity.f64__c0069__dt-f64/chunk_0,read,4194304,,,,,0.005727,,0.079392,0.673975,,,,,1.978063,1.218969,24,,0.000000,0.000000,0,0,4016828,0.000000,0.000000,,0.000000,0.000000,0.000000
1150,fields/00001__diffusivity.f64__c0070__dt-f64/chunk_0,read,4194304,,,,,0.006216,,0.068704,0.513548,,,,,1.753940,1.165472,24,,0.000000,0.000000,0,0,4016732,0.000000,0.000000,,0.000000,0.000000,0.000000
1151,fields/00001__diffusivity.f64__c0071__dt-f64/chunk_0,read,4194304,,,,,0.011593,,0.086144,1.339289,,,,,3.009488,1.572462,24,,0.000000,0.000000,0,0,4016220,0.000000,0.000000,,0.000000,0.000000,0.000000
1152,fields/00002__pressure.f64__c0000__dt-f64/chunk_0,read,4194304,,,,,0.004819,,0.218816,0.795430,,,,,2.219925,1.200860,24,,0.000000,0.000000,0,0,3639742,0.000000,0.000000,,0.000000,0.000000,0.000000
1153,fields/00002__pressure.f64__c0001__dt-f64/chunk_0,read,4194304,,,,,0.005657,,0.199488,0.506005,,,,,1.871415,1.160265,24,,0.000000,0.000000,0,0,3510732,0.000000,0.000000,,0.000000,0.000000,0.000000
1154,fields/00002__pressure.f64__c0002__dt-f64/chunk_0,read,4194304,,,,,0.011315,,0.231936,0.923032,,,,,2.716781,1.550498,24,,0.000000,0.000000,0,0,3430290,0.000000,0.000000,,0.000000,0.000000,0.000000
1155,fields/00002__pressure.f64__c0003__dt-f64/chunk_0,read,4194304,,,,,0.005239,,0.210080,0.644362,,,,,2.127735,1.268054,24,,0.000000,0.000000,0,0,3422062,0.000000,0.000000,,0.000000,0.000000,0.000000
1156,fields/00002__pressure.f64__c0004__dt-f64/chunk_0,read,4194304,,,,,0.005377,,0.197216,0.521998,,,,,1.876862,1.152271,24,,0.000000,0.000000,0,0,3431058,0.000000,0.000000,,0.000000,0.000000,0.000000
1157,fields/00002__pressure.f64__c0005__dt-f64/chunk_0,read,4194304,,,,,0.009918,,0.225184,0.796408,,,,,2.615022,1.583512,24,,0.000000,0.000000,0,0,3436530,0.000000,0.000000,,0.000000,0.000000,0.000000
1158,fields/00002__pressure.f64__c0006__dt-f64/chunk_0,read,4194304,,,,,0.000000,,0.000000,4.334809,,,,,4.512208,0.177399,0,,0.000000,0.000000,0,0,4194304,0.000000,0.000000,,0.000000,0.000000,0.000000
1159,fields/00002__pressure.f64__c0007__dt-f64/chunk_0,read,4194304,,,,,0.006216,,0.212544,1.268120,,,,,3.034841,1.547961,24,,0.000000,0.000000,0,0,3465230,0.000000,0.000000,,0.000000,0.000000,0.000000
1160,fields/00002__pressure.f64__c0008__dt-f64/chunk_0,read,4194304,,,,,0.010895,,0.215776,0.783557,,,,,2.587434,1.577206,24,,0.000000,0.000000,0,0,3476366,0.000000,0.000000,,0.000000,0.000000,0.000000
1161,fields/00002__pressure.f64__c0009__dt-f64/chunk_0,read,4194304,,,,,0.010896,,0.220608,0.775246,,,,,2.580938,1.574188,24,,0.000000,0.000000,0,0,3492188,0.000000,0.000000,,0.000000,0.000000,0.000000
1162,fields/00002__pressure.f64__c0010__dt-f64/chunk_0,read,4194304,,,,,0.010057,,0.232736,0.727753,,,,,2.495383,1.524837,24,,0.000000,0.000000,0,0,3500288,0.000000,0.000000,,0.000000,0.000000,0.000000
1163,fields/00002__pressure.f64__c0011__dt-f64/chunk_0,read,4194304,,,,,0.009988,,0.222304,0.539878,,,,,2.345501,1.573331,24,,0.000000,0.000000,0,0,3512206,0.000000,0.000000,,0.000000,0.000000,0.000000
1164,fields/00002__pressure.f64__c0012__dt-f64/chunk_0,read,4194304,,,,,0.010826,,0.811136,0.637238,,,,,2.985673,1.526473,24,,0.000000,0.000000,0,0,3519394,0.000000,0.000000,,0.000000,0.000000,0.000000
1165,fields/00002__pressure.f64__c0013__dt-f64/chunk_0,read,4194304,,,,,0.010267,,0.614528,0.685498,,,,,2.867989,1.557696,24,,0.000000,0.000000,0,0,3531238,0.000000,0.000000,,0.000000,0.000000,0.000000
1166,fields/00002__pressure.f64__c0014__dt-f64/chunk_0,read,4194304,,,,,0.008241,,0.694880,0.847462,,,,,3.053559,1.502976,24,,0.000000,0.000000,0,0,3545272,0.000000,0.000000,,0.000000,0.000000,0.000000
1167,fields/00002__pressure.f64__c0015__dt-f64/chunk_0,read,4194304,,,,,0.010616,,0.231424,0.675930,,,,,2.417998,1.500028,24,,0.000000,0.000000,0,0,3553660,0.000000,0.000000,,0.000000,0.000000,0.000000
1168,fields/00002__pressure.f64__c0016__dt-f64/chunk_0,read,4194304,,,,,0.000000,,0.000000,3.982526,,,,,4.144071,0.161545,0,,0.000000,0.000000,0,0,4194304,0.000000,0.000000,,0.000000,0.000000,0.000000
1169,fields/00002__pressure.f64__c0017__dt-f64/chunk_0,read,4194304,,,,,0.010825,,0.636896,0.608044,,,,,2.841729,1.585964,24,,0.000000,0.000000,0,0,3577540,0.000000,0.000000,,0.000000,0.000000,0.000000
1170,fields/00002__pressure.f64__c0018__dt-f64/chunk_0,read,4194304,,,,,0.005797,,0.685216,0.812331,,,,,2.847176,1.343832,24,,0.000000,0.000000,0,0,3593898,0.000000,0.000000,,0.000000,0.000000,0.000000
1171,fields/00002__pressure.f64__c0019__dt-f64/chunk_0,read,4194304,,,,,0.006216,,0.646912,0.534012,,,,,2.336561,1.149421,24,,0.000000,0.000000,0,0,3615124,0.000000,0.000000,,0.000000,0.000000,0.000000
1172,fields/00002__pressure.f64__c0020__dt-f64/chunk_0,read,4194304,,,,,0.010127,,0.664992,0.723004,,,,,3.205466,1.807343,24,,0.000000,0.000000,0,0,3645004,0.000000,0.000000,,0.000000,0.000000,0.000000
1173,fields/00002__pressure.f64__c0021__dt-f64/chunk_0,read,4194304,,,,,0.004749,,0.208544,0.485751,,,,,1.863801,1.164757,24,,0.000000,0.000000,0,0,3681818,0.000000,0.000000,,0.000000,0.000000,0.000000
1174,fields/00002__pressure.f64__c0022__dt-f64/chunk_0,read,4194304,,,,,0.005797,,0.208736,0.571237,,,,,1.951104,1.165334,24,,0.000000,0.000000,0,0,3712444,0.000000,0.000000,,0.000000,0.000000,0.000000
1175,fields/00002__pressure.f64__c0023__dt-f64/chunk_0,read,4194304,,,,,0.009778,,0.586944,0.725867,,,,,2.854440,1.531851,24,,0.000000,0.000000,0,0,3735382,0.000000,0.000000,,0.000000,0.000000,0.000000
1176,fields/00002__pressure.f64__c0024__dt-f64/chunk_0,read,4194304,,,,,0.006146,,0.580672,3.555234,,,,,5.337390,1.195338,24,,0.000000,0.000000,0,0,3746598,0.000000,0.000000,,0.000000,0.000000,0.000000
1177,fields/00002__pressure.f64__c0025__dt-f64/chunk_0,read,4194304,,,,,0.006146,,0.648064,3.673616,,,,,5.498166,1.170340,24,,0.000000,0.000000,0,0,3755690,0.000000,0.000000,,0.000000,0.000000,0.000000
1178,fields/00002__pressure.f64__c0026__dt-f64/chunk_0,read,4194304,,,,,0.000000,,0.000000,7.035877,,,,,7.455556,0.419679,0,,0.000000,0.000000,0,0,4194304,0.000000,0.000000,,0.000000,0.000000,0.000000
1179,fields/00002__pressure.f64__c0027__dt-f64/chunk_0,read,4194304,,,,,0.005797,,0.099168,0.999717,,,,,2.289838,1.185156,24,,0.000000,0.000000,0,0,4028398,0.000000,0.000000,,0.000000,0.000000,0.000000
1180,fields/00002__pressure.f64__c0028__dt-f64/chunk_0,read,4194304,,,,,0.006216,,0.076736,1.088486,,,,,2.366803,1.195365,24,,0.000000,0.000000,0,0,4022396,0.000000,0.000000,,0.000000,0.000000,0.000000
1181,fields/00002__pressure.f64__c0029__dt-f64/chunk_0,read,4194304,,,,,0.010127,,0.095744,1.061318,,,,,2.738642,1.571453,24,,0.000000,0.000000,0,0,4015428,0.000000,0.000000,,0.000000,0.000000,0.000000
1182,fields/00002__pressure.f64__c0030__dt-f64/chunk_0,read,4194304,,,,,0.009847,,0.247392,0.944262,,,,,2.723835,1.522334,24,,0.000000,0.000000,0,0,3822002,0.000000,0.000000,,0.000000,0.000000,0.000000
1183,fields/00002__pressure.f64__c0031__dt-f64/chunk_0,read,4194304,,,,,0.005727,,0.386656,0.949850,,,,,2.604965,1.262732,24,,0.000000,0.000000,0,0,3752532,0.000000,0.000000,,0.000000,0.000000,0.000000
1184,fields/00002__pressure.f64__c0032__dt-f64/chunk_0,read,4194304,,,,,0.012921,,0.626432,1.225097,,,,,3.451519,1.587069,24,,0.000000,0.000000,0,0,3750624,0.000000,0.000000,,0.000000,0.000000,0.000000
1185,fields/00002__pressure.f64__c0033__dt-f64/chunk_0,read,4194304,,,,,0.006635,,0.377632,0.900122,,,,,2.465350,1.180961,24,,0.000000,0.000000,0,0,3748460,0.000000,0.000000,,0.000000,0.000000,0.000000
1186,fields/00002__pressure.f64__c0034__dt-f64/chunk_0,read,4194304,,,,,0.005168,,0.811520,2.793467,,,,,4.798699,1.188544,24,,0.000000,0.000000,0,0,3747572,0.000000,0.000000,,0.000000,0.000000,0.000000
1187,fields/00002__pressure.f64__c0035__dt-f64/chunk_0,read,4194304,,,,,0.031010,,0.549664,1.013896,,,,,3.154271,1.559701,24,,0.000000,0.000000,0,0,3745304,0.000000,0.000000,,0.000000,0.000000,0.000000
1188,fields/00002__pressure.f64__c0036__dt-f64/chunk_0,read,4194304,,,,,0.000000,,0.000000,7.161452,,,,,7.580923,0.419471,0,,0.000000,0.000000,0,0,4194304,0.000000,0.000000,,0.000000,0.000000,0.000000
1189,fields/00002__pressure.f64__c0037__dt-f64/chunk_0,read,4194304,,,,,0.005728,,0.079488,0.998810,,,,,2.295215,1.211189,24,,0.000000,0.000000,0,0,4006064,0.000000,0.000000,,0.000000,0.000000,0.000000
1190,fields/00002__pressure.f64__c0038__dt-f64/chunk_0,read,4194304,,,,,0.010477,,0.095232,0.486589,,,,,2.232637,1.640339,24,,0.000000,0.000000,0,0,4005898,0.000000,0.000000,,0.000000,0.000000,0.000000
1191,fields/00002__pressure.f64__c0039__dt-f64/chunk_0,read,4194304,,,,,0.004749,,0.077856,6.806445,,,,,8.146712,1.257662,24,,0.000000,0.000000,0,0,4006156,0.000000,0.000000,,0.000000,0.000000,0.000000
1192,fields/00002__pressure.f64__c0040__dt-f64/chunk_0,read,4194304,,,,,0.006985,,0.561920,0.478417,,,,,2.222580,1.175258,24,,0.000000,0.000000,0,0,3814560,0.000000,0.000000,,0.000000,0.000000,0.000000
1193,fields/00002__pressure.f64__c0041__dt-f64/chunk_0,read,4194304,,,,,0.011873,,0.633056,0.996924,,,,,3.237244,1.595391,24,,0.000000,0.000000,0,0,3814496,0.000000,0.000000,,0.000000,0.000000,0.000000
1194,fields/00002__pressure.f64__c0042__dt-f64/chunk_0,read,4194304,,,,,0.005727,,0.636672,0.833703,,,,,2.649035,1.172933,24,,0.000000,0.000000,0,0,3745632,0.000000,0.000000,,0.000000,0.000000,0.000000
1195,fields/00002__pressure.f64__c0043__dt-f64/chunk_0,read,4194304,,,,,0.005727,,0.504480,0.901379,,,,,2.553631,1.142045,24,,0.000000,0.000000,0,0,3750280,0.000000,0.000000,,0.000000,0.000000,0.000000
1196,fields/00002__pressure.f64__c0044__dt-f64/chunk_0,read,4194304,,,,,0.009918,,0.672672,0.867158,,,,,3.102169,1.552421,24,,0.000000,0.000000,0,0,3752240,0.000000,0.000000,,0.000000,0.000000,0.000000
1197,fields/00002__pressure.f64__c0045__dt-f64/chunk_0,read,4194304,,,,,0.005587,,0.629728,6.281653,,,,,8.132533,1.215565,24,,0.000000,0.000000,0,0,3755748,0.000000,0.000000,,0.000000,0.000000,0.000000
1198,fields/00002__pressure.f64__c0046__dt-f64/chunk_0,read,4194304,,,,,0.006635,,0.080384,4.115366,,,,,5.391168,1.188783,24,,0.000000,0.000000,0,0,4013580,0.000000,0.000000,,0.000000,0.000000,0.000000
1199,fields/00002__pressure.f64__c0047__dt-f64/chunk_0,read,4194304,,,,,0.012501,,0.093952,7.195674,,,,,8.894929,1.592802,24,,0.000000,0.000000,0,0,4019494,0.000000,0.000000,,0.000000,0.000000,0.000000
1200,fields/00002__pressure.f64__c0048__dt-f64/chunk_0,read,4194304,,,,,0.007263,,0.079136,4.354295,,,,,5.686460,1.245766,24,,0.000000,0.000000,0,0,4025694,0.000000,0.000000,,0.000000,0.000000,0.000000
1201,fields/00002__pressure.f64__c0049__dt-f64/chunk_0,read,4194304,,,,,0.005797,,0.077760,4.144699,,,,,5.399130,1.170874,24,,0.000000,0.000000,0,0,4030258,0.000000,0.000000,,0.000000,0.000000,0.000000
1202,fields/00002__pressure.f64__c0050__dt-f64/chunk_0,read,4194304,,,,,0.011105,,0.240480,1.303251,,,,,3.146100,1.591264,24,,0.000000,0.000000,0,0,3746042,0.000000,0.000000,,0.000000,0.000000,0.000000
1203,fields/00002__pressure.f64__c0051__dt-f64/chunk_0,read,4194304,,,,,0.009638,,0.221376,1.016410,,,,,2.767836,1.520412,24,,0.000000,0.000000,0,0,3731470,0.000000,0.000000,,0.000000,0.000000,0.000000
1204,fields/00002__pressure.f64__c0052__dt-f64/chunk_0,read,4194304,,,,,0.005657,,0.220032,0.979742,,,,,2.432525,1.227094,24,,0.000000,0.000000,0,0,3720804,0.000000,0.000000,,0.000000,0.000000,0.000000
1205,fields/00002__pressure.f64__c0053__dt-f64/chunk_0,read,4194304,,,,,0.010407,,0.224544,1.047839,,,,,3.037565,1.754775,24,,0.000000,0.000000,0,0,3713680,0.000000,0.000000,,0.000000,0.000000,0.000000
1206,fields/00002__pressure.f64__c0054__dt-f64/chunk_0,read,4194304,,,,,0.005588,,0.211072,0.981559,,,,,2.423027,1.224808,24,,0.000000,0.000000,0,0,3702362,0.000000,0.000000,,0.000000,0.000000,0.000000
1207,fields/00002__pressure.f64__c0055__dt-f64/chunk_0,read,4194304,,,,,0.011314,,0.244544,0.527585,,,,,2.320079,1.536636,24,,0.000000,0.000000,0,0,3695698,0.000000,0.000000,,0.000000,0.000000,0.000000
1208,fields/00002__pressure.f64__c0056__dt-f64/chunk_0,read,4194304,,,,,0.000000,,0.000000,7.101667,,,,,7.547328,0.445661,0,,0.000000,0.000000,0,0,4194304,0.000000,0.000000,,0.000000,0.000000,0.000000
1209,fields/00002__pressure.f64__c0057__dt-f64/chunk_0,read,4194304,,,,,0.010616,,0.099488,0.681587,,,,,2.358562,1.566871,24,,0.000000,0.000000,0,0,3960066,0.000000,0.000000,,0.000000,0.000000,0.000000
1210,fields/00002__pressure.f64__c0058__dt-f64/chunk_0,read,4194304,,,,,0.005308,,0.099168,1.036314,,,,,2.356606,1.215816,24,,0.000000,0.000000,0,0,3950562,0.000000,0.000000,,0.000000,0.000000,0.000000
1211,fields/00002__pressure.f64__c0059__dt-f64/chunk_0,read,4194304,,,,,0.009359,,0.766048,0.615168,,,,,2.949564,1.558989,24,,0.000000,0.000000,0,0,3615830,0.000000,0.000000,,0.000000,0.000000,0.000000
1212,fields/00002__pressure.f64__c0060__dt-f64/chunk_0,read,4194304,,,,,0.005797,,0.188096,0.993571,,,,,2.383565,1.196101,24,,0.000000,0.000000,0,0,3601164,0.000000,0.000000,,0.000000,0.000000,0.000000
1213,fields/00002__pressure.f64__c0061__dt-f64/chunk_0,read,4194304,,,,,0.005657,,0.185344,0.498810,,,,,1.830068,1.140257,24,,0.000000,0.000000,0,0,3585290,0.000000,0.000000,,0.000000,0.000000,0.000000
1214,fields/00002__pressure.f64__c0062__dt-f64/chunk_0,read,4194304,,,,,0.009498,,0.214336,1.078917,,,,,2.839843,1.537092,24,,0.000000,0.000000,0,0,3573014,0.000000,0.000000,,0.000000,0.000000,0.000000
1215,fields/00002__pressure.f64__c0063__dt-f64/chunk_0,read,4194304,,,,,0.004889,,0.186848,0.891533,,,,,2.266301,1.183031,24,,0.000000,0.000000,0,0,3568370,0.000000,0.000000,,0.000000,0.000000,0.000000
1216,fields/00002__pressure.f64__c0064__dt-f64/chunk_0,read,4194304,,,,,0.004819,,0.208480,0.392023,,,,,1.740322,1.135000,24,,0.000000,0.000000,0,0,3561076,0.000000,0.000000,,0.000000,0.000000,0.000000
1217,fields/00002__pressure.f64__c0065__dt-f64/chunk_0,read,4194304,,,,,0.009847,,0.213376,1.056149,,,,,2.851925,1.572553,24,,0.000000,0.000000,0,0,3557794,0.000000,0.000000,,0.000000,0.000000,0.000000
1218,fields/00002__pressure.f64__c0066__dt-f64/chunk_0,read,4194304,,,,,0.000000,,0.000000,0.953762,,,,,1.411995,0.458233,0,,0.000000,0.000000,0,0,4194304,0.000000,0.000000,,0.000000,0.000000,0.000000
1219,fields/00002__pressure.f64__c0067__dt-f64/chunk_0,read,4194304,,,,,0.004749,,0.209664,0.613142,,,,,2.009492,1.181937,24,,0.000000,0.000000,0,0,3549638,0.000000,0.000000,,0.000000,0.000000,0.000000
1220,fields/00002__pressure.f64__c0068__dt-f64/chunk_0,read,4194304,,,,,0.009918,,0.225696,1.168386,,,,,2.926866,1.522866,24,,0.000000,0.000000,0,0,3534380,0.000000,0.000000,,0.000000,0.000000,0.000000
1221,fields/00002__pressure.f64__c0069__dt-f64/chunk_0,read,4194304,,,,,0.005238,,0.209984,0.804789,,,,,2.181512,1.161501,24,,0.000000,0.000000,0,0,3521150,0.000000,0.000000,,0.000000,0.000000,0.000000
1222,fields/00002__pressure.f64__c0070__dt-f64/chunk_0,read,4194304,,,,,0.005727,,0.197824,0.652883,,,,,1.994615,1.138181,24,,0.000000,0.000000,0,0,3526930,0.000000,0.000000,,0.000000,0.000000,0.000000
1223,fields/00002__pressure.f64__c0071__dt-f64/chunk_0,read,4194304,,,,,0.009638,,0.224672,0.859475,,,,,2.662654,1.568869,24,,0.000000,0.000000,0,0,3598674,0.000000,0.000000,,0.000000,0.000000,0.000000
1224,fields/00003__velocityx.f64__c0000__dt-f64/chunk_0,read,4194304,,,,,0.009149,,0.103328,0.660286,,,,,2.377209,1.604446,24,,0.000000,0.000000,0,0,3873796,0.000000,0.000000,,0.000000,0.000000,0.000000
1225,fields/00003__velocityx.f64__c0001__dt-f64/chunk_0,read,4194304,,,,,0.006216,,0.212032,0.667688,,,,,2.144985,1.259049,24,,0.000000,0.000000,0,0,3707848,0.000000,0.000000,,0.000000,0.000000,0.000000
1226,fields/00003__velocityx.f64__c0002__dt-f64/chunk_0,read,4194304,,,,,0.009988,,0.224256,0.753246,,,,,2.542735,1.555245,24,,0.000000,0.000000,0,0,3708842,0.000000,0.000000,,0.000000,0.000000,0.000000
1227,fields/00003__velocityx.f64__c0003__dt-f64/chunk_0,read,4194304,,,,,0.007543,,0.376672,0.717068,,,,,2.333000,1.231717,24,,0.000000,0.000000,0,0,3736792,0.000000,0.000000,,0.000000,0.000000,0.000000
1228,fields/00003__velocityx.f64__c0004__dt-f64/chunk_0,read,4194304,,,,,0.000000,,0.000000,1.044556,,,,,1.386572,0.342016,0,,0.000000,0.000000,0,0,4194304,0.000000,0.000000,,0.000000,0.000000,0.000000
1229,fields/00003__velocityx.f64__c0005__dt-f64/chunk_0,read,4194304,,,,,0.005657,,0.111904,0.635072,,,,,1.986863,1.234230,24,,0.000000,0.000000,0,0,3875728,0.000000,0.000000,,0.000000,0.000000,0.000000
1230,fields/00003__velocityx.f64__c0006__dt-f64/chunk_0,read,4194304,,,,,0.011594,,0.104128,0.616844,,,,,2.313234,1.580668,24,,0.000000,0.000000,0,0,3875324,0.000000,0.000000,,0.000000,0.000000,0.000000
1231,fields/00003__velocityx.f64__c0007__dt-f64/chunk_0,read,4194304,,,,,0.010406,,0.106304,0.855983,,,,,2.481274,1.508581,24,,0.000000,0.000000,0,0,3881930,0.000000,0.000000,,0.000000,0.000000,0.000000
1232,fields/00003__velocityx.f64__c0008__dt-f64/chunk_0,read,4194304,,,,,0.005657,,0.215616,1.068023,,,,,2.497826,1.208530,24,,0.000000,0.000000,0,0,3709256,0.000000,0.000000,,0.000000,0.000000,0.000000
1233,fields/00003__velocityx.f64__c0009__dt-f64/chunk_0,read,4194304,,,,,0.006146,,0.396672,0.576964,,,,,2.126268,1.146486,24,,0.000000,0.000000,0,0,3705516,0.000000,0.000000,,0.000000,0.000000,0.000000
1234,fields/00003__velocityx.f64__c0010__dt-f64/chunk_0,read,4194304,,,,,0.010476,,0.237088,0.774128,,,,,2.540221,1.518529,24,,0.000000,0.000000,0,0,3710242,0.000000,0.000000,,0.000000,0.000000,0.000000
1235,fields/00003__velocityx.f64__c0011__dt-f64/chunk_0,read,4194304,,,,,0.005727,,0.436480,0.704077,,,,,2.319031,1.172747,24,,0.000000,0.000000,0,0,3714264,0.000000,0.000000,,0.000000,0.000000,0.000000
1236,fields/00003__velocityx.f64__c0012__dt-f64/chunk_0,read,4194304,,,,,0.012362,,0.386048,0.743328,,,,,2.703860,1.562122,24,,0.000000,0.000000,0,0,3721032,0.000000,0.000000,,0.000000,0.000000,0.000000
1237,fields/00003__velocityx.f64__c0013__dt-f64/chunk_0,read,4194304,,,,,0.029543,,0.212928,0.616565,,,,,2.040641,1.181605,24,,0.000000,0.000000,0,0,3727886,0.000000,0.000000,,0.000000,0.000000,0.000000
1238,fields/00003__velocityx.f64__c0014__dt-f64/chunk_0,read,4194304,,,,,0.000000,,0.000000,1.035197,,,,,1.397747,0.362550,0,,0.000000,0.000000,0,0,4194304,0.000000,0.000000,,0.000000,0.000000,0.000000
1239,fields/00003__velocityx.f64__c0015__dt-f64/chunk_0,read,4194304,,,,,0.010406,,0.108352,0.835729,,,,,2.597212,1.642725,24,,0.000000,0.000000,0,0,3915790,0.000000,0.000000,,0.000000,0.000000,0.000000
1240,fields/00003__velocityx.f64__c0016__dt-f64/chunk_0,read,4194304,,,,,0.009987,,0.105504,0.814636,,,,,2.521224,1.591097,24,,0.000000,0.000000,0,0,3924775,0.000000,0.000000,,0.000000,0.000000,0.000000
1241,fields/00003__velocityx.f64__c0017__dt-f64/chunk_0,read,4194304,,,,,0.005727,,0.097536,0.670133,,,,,2.037778,1.264382,24,,0.000000,0.000000,0,0,3928979,0.000000,0.000000,,0.000000,0.000000,0.000000
1242,fields/00003__velocityx.f64__c0018__dt-f64/chunk_0,read,4194304,,,,,0.011873,,0.391008,0.820293,,,,,2.820008,1.596834,24,,0.000000,0.000000,0,0,3742764,0.000000,0.000000,,0.000000,0.000000,0.000000
1243,fields/00003__velocityx.f64__c0019__dt-f64/chunk_0,read,4194304,,,,,0.006285,,0.395904,0.687384,,,,,2.314491,1.224918,24,,0.000000,0.000000,0,0,3743552,0.000000,0.000000,,0.000000,0.000000,0.000000
1244,fields/00003__velocityx.f64__c0020__dt-f64/chunk_0,read,4194304,,,,,0.010965,,0.614400,1.235434,,,,,3.433430,1.572631,24,,0.000000,0.000000,0,0,3742872,0.000000,0.000000,,0.000000,0.000000,0.000000
1245,fields/00003__velocityx.f64__c0021__dt-f64/chunk_0,read,4194304,,,,,0.011105,,0.384352,0.777270,,,,,2.713778,1.541051,24,,0.000000,0.000000,0,0,3744768,0.000000,0.000000,,0.000000,0.000000,0.000000
1246,fields/00003__velocityx.f64__c0022__dt-f64/chunk_0,read,4194304,,,,,0.005657,,0.371200,0.999298,,,,,2.583313,1.207158,24,,0.000000,0.000000,0,0,3744160,0.000000,0.000000,,0.000000,0.000000,0.000000
1247,fields/00003__velocityx.f64__c0023__dt-f64/chunk_0,read,4194304,,,,,0.005797,,0.415840,1.101198,,,,,2.750584,1.227749,24,,0.000000,0.000000,0,0,3743900,0.000000,0.000000,,0.000000,0.000000,0.000000
1248,fields/00003__velocityx.f64__c0024__dt-f64/chunk_0,read,4194304,,,,,0.000000,,0.000000,0.625783,,,,,1.240114,0.614331,0,,0.000000,0.000000,0,0,4194304,0.000000,0.000000,,0.000000,0.000000,0.000000
1249,fields/00003__velocityx.f64__c0025__dt-f64/chunk_0,read,4194304,,,,,0.006146,,0.085696,1.152811,,,,,2.480715,1.236062,24,,0.000000,0.000000,0,0,3998140,0.000000,0.000000,,0.000000,0.000000,0.000000
1250,fields/00003__velocityx.f64__c0026__dt-f64/chunk_0,read,4194304,,,,,0.010127,,0.095008,4.441946,,,,,6.529522,1.982441,24,,0.000000,0.000000,0,0,3998268,0.000000,0.000000,,0.000000,0.000000,0.000000
1251,fields/00003__velocityx.f64__c0027__dt-f64/chunk_0,read,4194304,,,,,0.005797,,0.079616,6.750641,,,,,8.123803,1.287749,24,,0.000000,0.000000,0,0,3999904,0.000000,0.000000,,0.000000,0.000000,0.000000
1252,fields/00003__velocityx.f64__c0028__dt-f64/chunk_0,read,4194304,,,,,0.005727,,0.217760,0.630324,,,,,2.001810,1.147999,24,,0.000000,0.000000,0,0,3797978,0.000000,0.000000,,0.000000,0.000000,0.000000
1253,fields/00003__velocityx.f64__c0029__dt-f64/chunk_0,read,4194304,,,,,0.011035,,0.663104,0.548539,,,,,2.847456,1.624778,24,,0.000000,0.000000,0,0,3730788,0.000000,0.000000,,0.000000,0.000000,0.000000
1254,fields/00003__velocityx.f64__c0030__dt-f64/chunk_0,read,4194304,,,,,0.006146,,0.691200,0.716648,,,,,2.651758,1.237764,24,,0.000000,0.000000,0,0,3723892,0.000000,0.000000,,0.000000,0.000000,0.000000
1255,fields/00003__velocityx.f64__c0031__dt-f64/chunk_0,read,4194304,,,,,0.005727,,0.588256,1.100500,,,,,2.910173,1.215690,24,,0.000000,0.000000,0,0,3721720,0.000000,0.000000,,0.000000,0.000000,0.000000
1256,fields/00003__velocityx.f64__c0032__dt-f64/chunk_0,read,4194304,,,,,0.009079,,0.672256,0.912205,,,,,3.175364,1.581824,24,,0.000000,0.000000,0,0,3722060,0.000000,0.000000,,0.000000,0.000000,0.000000
1257,fields/00003__velocityx.f64__c0033__dt-f64/chunk_0,read,4194304,,,,,0.011943,,0.672128,1.076893,,,,,3.317771,1.556807,24,,0.000000,0.000000,0,0,3716292,0.000000,0.000000,,0.000000,0.000000,0.000000
1258,fields/00003__velocityx.f64__c0034__dt-f64/chunk_0,read,4194304,,,,,0.000000,,0.000000,7.045793,,,,,7.472668,0.426875,0,,0.000000,0.000000,0,0,4194304,0.000000,0.000000,,0.000000,0.000000,0.000000
1259,fields/00003__velocityx.f64__c0035__dt-f64/chunk_0,read,4194304,,,,,0.007124,,0.084416,1.125224,,,,,2.422188,1.205424,24,,0.000000,0.000000,0,0,4001808,0.000000,0.000000,,0.000000,0.000000,0.000000
1260,fields/00003__velocityx.f64__c0036__dt-f64/chunk_0,read,4194304,,,,,0.009499,,0.095968,6.750223,,,,,8.439489,1.583799,24,,0.000000,0.000000,0,0,4001982,0.000000,0.000000,,0.000000,0.000000,0.000000
1261,fields/00003__velocityx.f64__c0037__dt-f64/chunk_0,read,4194304,,,,,0.009010,,0.092704,6.830401,,,,,8.498157,1.566042,24,,0.000000,0.000000,0,0,4002462,0.000000,0.000000,,0.000000,0.000000,0.000000
1262,fields/00003__velocityx.f64__c0038__dt-f64/chunk_0,read,4194304,,,,,0.011455,,0.684800,0.754433,,,,,2.967583,1.516895,24,,0.000000,0.000000,0,0,3714476,0.000000,0.000000,,0.000000,0.000000,0.000000
1263,fields/00003__velocityx.f64__c0039__dt-f64/chunk_0,read,4194304,,,,,0.005238,,0.662912,1.046512,,,,,2.886776,1.172114,24,,0.000000,0.000000,0,0,3726148,0.000000,0.000000,,0.000000,0.000000,0.000000
1264,fields/00003__velocityx.f64__c0040__dt-f64/chunk_0,read,4194304,,,,,0.011454,,0.576896,1.125503,,,,,3.269720,1.555867,24,,0.000000,0.000000,0,0,3731324,0.000000,0.000000,,0.000000,0.000000,0.000000
1265,fields/00003__velocityx.f64__c0041__dt-f64/chunk_0,read,4194304,,,,,0.010895,,0.833760,0.714483,,,,,3.097978,1.538840,24,,0.000000,0.000000,0,0,3723632,0.000000,0.000000,,0.000000,0.000000,0.000000
1266,fields/00003__velocityx.f64__c0042__dt-f64/chunk_0,read,4194304,,,,,0.011385,,0.670336,0.764280,,,,,2.975057,1.529056,24,,0.000000,0.000000,0,0,3723268,0.000000,0.000000,,0.000000,0.000000,0.000000
1267,fields/00003__velocityx.f64__c0043__dt-f64/chunk_0,read,4194304,,,,,0.010825,,0.649472,6.313640,,,,,8.499484,1.525547,24,,0.000000,0.000000,0,0,3727248,0.000000,0.000000,,0.000000,0.000000,0.000000
1268,fields/00003__velocityx.f64__c0044__dt-f64/chunk_0,read,4194304,,,,,0.000000,,0.000000,7.870907,,,,,8.170458,0.299551,0,,0.000000,0.000000,0,0,4194304,0.000000,0.000000,,0.000000,0.000000,0.000000
1269,fields/00003__velocityx.f64__c0045__dt-f64/chunk_0,read,4194304,,,,,0.010337,,0.095104,1.361988,,,,,3.373714,1.906285,24,,0.000000,0.000000,0,0,4001200,0.000000,0.000000,,0.000000,0.000000,0.000000
1270,fields/00003__velocityx.f64__c0046__dt-f64/chunk_0,read,4194304,,,,,0.005727,,0.081152,1.149947,,,,,2.436017,1.199191,24,,0.000000,0.000000,0,0,4000702,0.000000,0.000000,,0.000000,0.000000,0.000000
1271,fields/00003__velocityx.f64__c0047__dt-f64/chunk_0,read,4194304,,,,,0.009987,,0.090688,1.303110,,,,,2.974777,1.570992,24,,0.000000,0.000000,0,0,4000386,0.000000,0.000000,,0.000000,0.000000,0.000000
1272,fields/00003__velocityx.f64__c0048__dt-f64/chunk_0,read,4194304,,,,,0.005238,,0.563552,0.789703,,,,,2.573326,1.214833,24,,0.000000,0.000000,0,0,3781646,0.000000,0.000000,,0.000000,0.000000,0.000000
1273,fields/00003__velocityx.f64__c0049__dt-f64/chunk_0,read,4194304,,,,,0.009918,,0.639392,0.549517,,,,,2.779150,1.580323,24,,0.000000,0.000000,0,0,3771230,0.000000,0.000000,,0.000000,0.000000,0.000000
1274,fields/00003__velocityx.f64__c0050__dt-f64/chunk_0,read,4194304,,,,,0.006216,,0.570336,0.769448,,,,,2.559846,1.213846,24,,0.000000,0.000000,0,0,3762932,0.000000,0.000000,,0.000000,0.000000,0.000000
1275,fields/00003__velocityx.f64__c0051__dt-f64/chunk_0,read,4194304,,,,,0.004819,,0.647680,0.612933,,,,,10.643071,9.377639,24,,0.000000,0.000000,0,0,3758276,0.000000,0.000000,,0.000000,0.000000,0.000000
1276,fields/00003__velocityx.f64__c0052__dt-f64/chunk_0,read,4194304,,,,,0.009848,,0.334304,0.543719,,,,,215.520738,214.632867,24,,0.000000,0.000000,0,0,3753546,0.000000,0.000000,,0.000000,0.000000,0.000000
1277,fields/00003__velocityx.f64__c0053__dt-f64/chunk_0,read,4194304,,,,,0.009638,,0.538720,0.690946,,,,,2.763924,1.524620,24,,0.000000,0.000000,0,0,3736984,0.000000,0.000000,,0.000000,0.000000,0.000000
1278,fields/00003__velocityx.f64__c0054__dt-f64/chunk_0,read,4194304,,,,,0.000000,,0.000000,4.541052,,,,,5.058162,0.517110,0,,0.000000,0.000000,0,0,4194304,0.000000,0.000000,,0.000000,0.000000,0.000000
1279,fields/00003__velocityx.f64__c0055__dt-f64/chunk_0,read,4194304,,,,,0.010477,,0.112768,0.704426,,,,,2.337190,1.509519,24,,0.000000,0.000000,0,0,3906849,0.000000,0.000000,,0.000000,0.000000,0.000000
1280,fields/00003__velocityx.f64__c0056__dt-f64/chunk_0,read,4194304,,,,,0.006775,,0.090816,1.037781,,,,,2.354302,1.218930,24,,0.000000,0.000000,0,0,3900032,0.000000,0.000000,,0.000000,0.000000,0.000000
1281,fields/00003__velocityx.f64__c0057__dt-f64/chunk_0,read,4194304,,,,,0.010477,,0.107264,1.156234,,,,,2.825944,1.551969,24,,0.000000,0.000000,0,0,3897012,0.000000,0.000000,,0.000000,0.000000,0.000000
1282,fields/00003__velocityx.f64__c0058__dt-f64/chunk_0,read,4194304,,,,,0.009988,,0.109984,0.753524,,,,,2.391178,1.517682,24,,0.000000,0.000000,0,0,3891474,0.000000,0.000000,,0.000000,0.000000,0.000000
1283,fields/00003__velocityx.f64__c0059__dt-f64/chunk_0,read,4194304,,,,,0.008520,,0.632256,0.707569,,,,,2.874903,1.526558,24,,0.000000,0.000000,0,0,3735754,0.000000,0.000000,,0.000000,0.000000,0.000000
1284,fields/00003__velocityx.f64__c0060__dt-f64/chunk_0,read,4194304,,,,,0.004680,,0.093088,6.675911,,,,,7.981955,1.208276,24,,0.000000,0.000000,0,0,3883947,0.000000,0.000000,,0.000000,0.000000,0.000000
1285,fields/00003__velocityx.f64__c0061__dt-f64/chunk_0,read,4194304,,,,,0.009988,,0.707936,1.092887,,,,,3.333415,1.522604,24,,0.000000,0.000000,0,0,3730332,0.000000,0.000000,,0.000000,0.000000,0.000000
1286,fields/00003__velocityx.f64__c0062__dt-f64/chunk_0,read,4194304,,,,,0.009569,,0.828768,0.690737,,,,,3.013330,1.484256,24,,0.000000,0.000000,0,0,3727218,0.000000,0.000000,,0.000000,0.000000,0.000000
1287,fields/00003__velocityx.f64__c0063__dt-f64/chunk_0,read,4194304,,,,,0.008591,,0.209184,0.679423,,,,,2.408987,1.511789,24,,0.000000,0.000000,0,0,3724644,0.000000,0.000000,,0.000000,0.000000,0.000000
1288,fields/00003__velocityx.f64__c0064__dt-f64/chunk_0,read,4194304,,,,,0.000000,,0.000000,7.683102,,,,,8.215017,0.531915,0,,0.000000,0.000000,0,0,4194304,0.000000,0.000000,,0.000000,0.000000,0.000000
1289,fields/00003__velocityx.f64__c0065__dt-f64/chunk_0,read,4194304,,,,,0.005308,,0.091680,1.047279,,,,,2.316098,1.171831,24,,0.000000,0.000000,0,0,3873002,0.000000,0.000000,,0.000000,0.000000,0.000000
1290,fields/00003__velocityx.f64__c0066__dt-f64/chunk_0,read,4194304,,,,,0.009638,,0.109760,7.308120,,,,,9.003253,1.575735,24,,0.000000,0.000000,0,0,3873237,0.000000,0.000000,,0.000000,0.000000,0.000000
1291,fields/00003__velocityx.f64__c0067__dt-f64/chunk_0,read,4194304,,,,,0.006286,,0.094912,4.806730,,,,,6.150839,1.242911,24,,0.000000,0.000000,0,0,3873987,0.000000,0.000000,,0.000000,0.000000,0.000000
1292,fields/00003__velocityx.f64__c0068__dt-f64/chunk_0,read,4194304,,,,,0.010127,,0.596768,1.070188,,,,,3.252190,1.575107,24,,0.000000,0.000000,0,0,3705404,0.000000,0.000000,,0.000000,0.000000,0.000000
1293,fields/00003__velocityx.f64__c0069__dt-f64/chunk_0,read,4194304,,,,,0.006146,,0.846816,0.958790,,,,,3.032117,1.220365,24,,0.000000,0.000000,0,0,3701652,0.000000,0.000000,,0.000000,0.000000,0.000000
1294,fields/00003__velocityx.f64__c0070__dt-f64/chunk_0,read,4194304,,,,,0.011873,,0.107712,1.048816,,,,,2.771608,1.603207,24,,0.000000,0.000000,0,0,3864403,0.000000,0.000000,,0.000000,0.000000,0.000000
1295,fields/00003__velocityx.f64__c0071__dt-f64/chunk_0,read,4194304,,,,,0.006146,,0.534240,0.962561,,,,,2.679975,1.177028,24,,0.000000,0.000000,0,0,3687874,0.000000,0.000000,,0.000000,0.000000,0.000000
1296,fields/00004__velocityy.f64__c0000__dt-f64/chunk_0,read,4194304,,,,,0.006285,,0.365760,2.701136,,,,,4.301145,1.227964,24,,0.000000,0.000000,0,0,3652812,0.000000,0.000000,,0.000000,0.000000,0.000000
1297,fields/00004__velocityy.f64__c0001__dt-f64/chunk_0,read,4194304,,,,,0.005238,,0.529792,0.477509,,,,,2.161538,1.148999,24,,0.000000,0.000000,0,0,3664064,0.000000,0.000000,,0.000000,0.000000,0.000000
1298,fields/00004__velocityy.f64__c0002__dt-f64/chunk_0,read,4194304,,,,,0.000000,,0.000000,7.693158,,,,,8.193716,0.500558,0,,0.000000,0.000000,0,0,4194304,0.000000,0.000000,,0.000000,0.000000,0.000000
1299,fields/00004__velocityy.f64__c0003__dt-f64/chunk_0,read,4194304,,,,,0.004820,,0.093440,0.957324,,,,,2.186332,1.130748,24,,0.000000,0.000000,0,0,3854973,0.000000,0.000000,,0.000000,0.000000,0.000000
1300,fields/00004__velocityy.f64__c0004__dt-f64/chunk_0,read,4194304,,,,,0.004261,,0.092768,0.584088,,,,,1.820779,1.139662,24,,0.000000,0.000000,0,0,3858285,0.000000,0.000000,,0.000000,0.000000,0.000000
1301,fields/00004__velocityy.f64__c0005__dt-f64/chunk_0,read,4194304,,,,,0.009149,,0.103840,7.422032,,,,,9.156417,1.621396,24,,0.000000,0.000000,0,0,3859443,0.000000,0.000000,,0.000000,0.000000,0.000000
1302,fields/00004__velocityy.f64__c0006__dt-f64/chunk_0,read,4194304,,,,,0.005238,,0.521984,0.711620,,,,,2.480855,1.242013,24,,0.000000,0.000000,0,0,3688108,0.000000,0.000000,,0.000000,0.000000,0.000000
1303,fields/00004__velocityy.f64__c0007__dt-f64/chunk_0,read,4194304,,,,,0.005168,,0.655072,0.492106,,,,,2.296892,1.144546,24,,0.000000,0.000000,0,0,3689848,0.000000,0.000000,,0.000000,0.000000,0.000000
1304,fields/00004__velocityy.f64__c0008__dt-f64/chunk_0,read,4194304,,,,,0.009569,,0.779008,1.099801,,,,,3.468700,1.580322,24,,0.000000,0.000000,0,0,3680946,0.000000,0.000000,,0.000000,0.000000,0.000000
1305,fields/00004__velocityy.f64__c0009__dt-f64/chunk_0,read,4194304,,,,,0.005238,,0.640544,0.634933,,,,,2.457388,1.176673,24,,0.000000,0.000000,0,0,3685272,0.000000,0.000000,,0.000000,0.000000,0.000000
1306,fields/00004__velocityy.f64__c0010__dt-f64/chunk_0,read,4194304,,,,,0.005797,,0.600128,1.052657,,,,,2.844173,1.185591,24,,0.000000,0.000000,0,0,3689668,0.000000,0.000000,,0.000000,0.000000,0.000000
1307,fields/00004__velocityy.f64__c0011__dt-f64/chunk_0,read,4194304,,,,,0.010546,,0.388032,0.827767,,,,,2.791861,1.565516,24,,0.000000,0.000000,0,0,3691780,0.000000,0.000000,,0.000000,0.000000,0.000000
1308,fields/00004__velocityy.f64__c0012__dt-f64/chunk_0,read,4194304,,,,,0.000000,,0.000000,4.925672,,,,,5.398851,0.473179,0,,0.000000,0.000000,0,0,4194304,0.000000,0.000000,,0.000000,0.000000,0.000000
1309,fields/00004__velocityy.f64__c0013__dt-f64/chunk_0,read,4194304,,,,,0.005867,,0.096064,0.989730,,,,,2.326574,1.234913,24,,0.000000,0.000000,0,0,3868046,0.000000,0.000000,,0.000000,0.000000,0.000000
1310,fields/00004__velocityy.f64__c0014__dt-f64/chunk_0,read,4194304,,,,,0.009150,,0.107104,7.185127,,,,,8.922516,1.621135,24,,0.000000,0.000000,0,0,3870031,0.000000,0.000000,,0.000000,0.000000,0.000000
1311,fields/00004__velocityy.f64__c0015__dt-f64/chunk_0,read,4194304,,,,,0.007264,,0.094176,4.105099,,,,,5.412680,1.206141,24,,0.000000,0.000000,0,0,3870567,0.000000,0.000000,,0.000000,0.000000,0.000000
1312,fields/00004__velocityy.f64__c0016__dt-f64/chunk_0,read,4194304,,,,,0.005657,,0.092416,6.714952,,,,,7.990475,1.177450,24,,0.000000,0.000000,0,0,3871189,0.000000,0.000000,,0.000000,0.000000,0.000000
1313,fields/00004__velocityy.f64__c0017__dt-f64/chunk_0,read,4194304,,,,,0.006146,,0.100032,4.043428,,,,,5.289688,1.140082,24,,0.000000,0.000000,0,0,3874067,0.000000,0.000000,,0.000000,0.000000,0.000000
1314,fields/00004__velocityy.f64__c0018__dt-f64/chunk_0,read,4194304,,,,,0.009987,,0.814688,0.506145,,,,,2.954244,1.623424,24,,0.000000,0.000000,0,0,3725258,0.000000,0.000000,,0.000000,0.000000,0.000000
1315,fields/00004__velocityy.f64__c0019__dt-f64/chunk_0,read,4194304,,,,,0.010058,,0.607968,1.049794,,,,,3.219643,1.551823,24,,0.000000,0.000000,0,0,3730648,0.000000,0.000000,,0.000000,0.000000,0.000000
1316,fields/00004__velocityy.f64__c0020__dt-f64/chunk_0,read,4194304,,,,,0.005657,,0.608256,0.947685,,,,,2.744648,1.183050,24,,0.000000,0.000000,0,0,3727014,0.000000,0.000000,,0.000000,0.000000,0.000000
1317,fields/00004__velocityy.f64__c0021__dt-f64/chunk_0,read,4194304,,,,,0.005658,,0.631392,0.545606,,,,,2.330345,1.147689,24,,0.000000,0.000000,0,0,3729656,0.000000,0.000000,,0.000000,0.000000,0.000000
1318,fields/00004__velocityy.f64__c0022__dt-f64/chunk_0,read,4194304,,,,,0.000000,,0.000000,7.565766,,,,,8.024209,0.458443,0,,0.000000,0.000000,0,0,4194304,0.000000,0.000000,,0.000000,0.000000,0.000000
1319,fields/00004__velocityy.f64__c0023__dt-f64/chunk_0,read,4194304,,,,,0.005308,,0.092928,0.723492,,,,,1.994895,1.173167,24,,0.000000,0.000000,0,0,3907097,0.000000,0.000000,,0.000000,0.000000,0.000000
1320,fields/00004__velocityy.f64__c0024__dt-f64/chunk_0,read,4194304,,,,,0.010546,,0.110496,7.359105,,,,,9.087622,1.607475,24,,0.000000,0.000000,0,0,3917711,0.000000,0.000000,,0.000000,0.000000,0.000000
1321,fields/00004__velocityy.f64__c0025__dt-f64/chunk_0,read,4194304,,,,,0.007333,,0.093056,4.432867,,,,,5.955770,1.422514,24,,0.000000,0.000000,0,0,3929067,0.000000,0.000000,,0.000000,0.000000,0.000000
1322,fields/00004__velocityy.f64__c0026__dt-f64/chunk_0,read,4194304,,,,,0.005797,,0.607360,0.551262,,,,,2.300803,1.136384,24,,0.000000,0.000000,0,0,3754464,0.000000,0.000000,,0.000000,0.000000,0.000000
1323,fields/00004__velocityy.f64__c0027__dt-f64/chunk_0,read,4194304,,,,,0.011244,,0.655008,0.717347,,,,,2.951101,1.567502,24,,0.000000,0.000000,0,0,3763222,0.000000,0.000000,,0.000000,0.000000,0.000000
1324,fields/00004__velocityy.f64__c0028__dt-f64/chunk_0,read,4194304,,,,,0.010896,,0.604000,0.725377,,,,,2.828319,1.488046,24,,0.000000,0.000000,0,0,3732916,0.000000,0.000000,,0.000000,0.000000,0.000000
1325,fields/00004__velocityy.f64__c0029__dt-f64/chunk_0,read,4194304,,,,,0.005238,,0.574112,0.957812,,,,,2.727537,1.190375,24,,0.000000,0.000000,0,0,3726528,0.000000,0.000000,,0.000000,0.000000,0.000000
1326,fields/00004__velocityy.f64__c0030__dt-f64/chunk_0,read,4194304,,,,,0.009638,,0.370944,1.075635,,,,,3.013051,1.556834,24,,0.000000,0.000000,0,0,3720092,0.000000,0.000000,,0.000000,0.000000,0.000000
1327,fields/00004__velocityy.f64__c0031__dt-f64/chunk_0,read,4194304,,,,,0.005796,,0.532128,0.949431,,,,,2.684584,1.197229,24,,0.000000,0.000000,0,0,3716320,0.000000,0.000000,,0.000000,0.000000,0.000000
1328,fields/00004__velocityy.f64__c0032__dt-f64/chunk_0,read,4194304,,,,,0.000000,,0.000000,7.349606,,,,,7.778994,0.429388,0,,0.000000,0.000000,0,0,4194304,0.000000,0.000000,,0.000000,0.000000,0.000000
1329,fields/00004__velocityy.f64__c0033__dt-f64/chunk_0,read,4194304,,,,,0.010407,,0.092704,0.739207,,,,,2.440277,1.597959,24,,0.000000,0.000000,0,0,3999484,0.000000,0.000000,,0.000000,0.000000,0.000000
1330,fields/00004__velocityy.f64__c0034__dt-f64/chunk_0,read,4194304,,,,,0.004819,,0.080000,0.987704,,,,,2.294656,1.222133,24,,0.000000,0.000000,0,0,3998204,0.000000,0.000000,,0.000000,0.000000,0.000000
1331,fields/00004__velocityy.f64__c0035__dt-f64/chunk_0,read,4194304,,,,,0.005168,,0.095904,4.323914,,,,,5.571081,1.146095,24,,0.000000,0.000000,0,0,3998876,0.000000,0.000000,,0.000000,0.000000,0.000000
1332,fields/00004__velocityy.f64__c0036__dt-f64/chunk_0,read,4194304,,,,,0.009987,,0.352000,0.546374,,,,,2.507605,1.599244,24,,0.000000,0.000000,0,0,3712200,0.000000,0.000000,,0.000000,0.000000,0.000000
1333,fields/00004__velocityy.f64__c0037__dt-f64/chunk_0,read,4194304,,,,,0.005866,,0.734624,0.560482,,,,,2.474500,1.173528,24,,0.000000,0.000000,0,0,3712952,0.000000,0.000000,,0.000000,0.000000,0.000000
1334,fields/00004__velocityy.f64__c0038__dt-f64/chunk_0,read,4194304,,,,,0.009988,,0.652032,0.562716,,,,,2.823779,1.599043,24,,0.000000,0.000000,0,0,3714272,0.000000,0.000000,,0.000000,0.000000,0.000000
1335,fields/00004__velocityy.f64__c0039__dt-f64/chunk_0,read,4194304,,,,,0.006566,,0.631776,0.706730,,,,,2.562640,1.217568,24,,0.000000,0.000000,0,0,3713888,0.000000,0.000000,,0.000000,0.000000,0.000000
1336,fields/00004__velocityy.f64__c0040__dt-f64/chunk_0,read,4194304,,,,,0.005657,,0.551456,0.523674,,,,,2.227957,1.147170,24,,0.000000,0.000000,0,0,3713752,0.000000,0.000000,,0.000000,0.000000,0.000000
1337,fields/00004__velocityy.f64__c0041__dt-f64/chunk_0,read,4194304,,,,,0.010616,,0.559360,0.791798,,,,,2.944327,1.582553,24,,0.000000,0.000000,0,0,3717516,0.000000,0.000000,,0.000000,0.000000,0.000000
1338,fields/00004__velocityy.f64__c0042__dt-f64/chunk_0,read,4194304,,,,,0.000000,,0.000000,7.061020,,,,,7.370698,0.309678,0,,0.000000,0.000000,0,0,4194304,0.000000,0.000000,,0.000000,0.000000,0.000000
1339,fields/00004__velocityy.f64__c0043__dt-f64/chunk_0,read,4194304,,,,,0.005378,,0.082528,1.713082,,,,,3.046714,1.245726,24,,0.000000,0.000000,0,0,3996974,0.000000,0.000000,,0.000000,0.000000,0.000000
1340,fields/00004__velocityy.f64__c0044__dt-f64/chunk_0,read,4194304,,,,,0.009149,,0.093600,0.541345,,,,,2.277126,1.633032,24,,0.000000,0.000000,0,0,3996076,0.000000,0.000000,,0.000000,0.000000,0.000000
1341,fields/00004__velocityy.f64__c0045__dt-f64/chunk_0,read,4194304,,,,,0.006495,,0.081344,1.063692,,,,,2.351299,1.199768,24,,0.000000,0.000000,0,0,3993964,0.000000,0.000000,,0.000000,0.000000,0.000000
1342,fields/00004__velocityy.f64__c0046__dt-f64/chunk_0,read,4194304,,,,,0.010058,,0.371488,1.064531,,,,,3.007184,1.561107,24,,0.000000,0.000000,0,0,3728332,0.000000,0.000000,,0.000000,0.000000,0.000000
1343,fields/00004__velocityy.f64__c0047__dt-f64/chunk_0,read,4194304,,,,,0.004749,,0.206208,0.551402,,,,,1.986304,1.223945,24,,0.000000,0.000000,0,0,3757622,0.000000,0.000000,,0.000000,0.000000,0.000000
1344,fields/00004__velocityy.f64__c0048__dt-f64/chunk_0,read,4194304,,,,,0.011524,,0.263904,0.533453,,,,,2.370156,1.561275,24,,0.000000,0.000000,0,0,3750794,0.000000,0.000000,,0.000000,0.000000,0.000000
1345,fields/00004__velocityy.f64__c0049__dt-f64/chunk_0,read,4194304,,,,,0.010057,,0.223072,0.675581,,,,,2.482671,1.573961,24,,0.000000,0.000000,0,0,3743462,0.000000,0.000000,,0.000000,0.000000,0.000000
1346,fields/00004__velocityy.f64__c0050__dt-f64/chunk_0,read,4194304,,,,,0.010477,,0.222816,0.933088,,,,,2.740807,1.574426,24,,0.000000,0.000000,0,0,3734594,0.000000,0.000000,,0.000000,0.000000,0.000000
1347,fields/00004__velocityy.f64__c0051__dt-f64/chunk_0,read,4194304,,,,,0.009149,,0.648704,0.960257,,,,,3.168519,1.550409,24,,0.000000,0.000000,0,0,3727282,0.000000,0.000000,,0.000000,0.000000,0.000000
1348,fields/00004__velocityy.f64__c0052__dt-f64/chunk_0,read,4194304,,,,,0.000000,,0.000000,7.070447,,,,,7.524071,0.453624,0,,0.000000,0.000000,0,0,4194304,0.000000,0.000000,,0.000000,0.000000,0.000000
1349,fields/00004__velocityy.f64__c0053__dt-f64/chunk_0,read,4194304,,,,,0.009917,,0.106400,0.736552,,,,,2.403749,1.550880,24,,0.000000,0.000000,0,0,3884868,0.000000,0.000000,,0.000000,0.000000,0.000000
1350,fields/00004__velocityy.f64__c0054__dt-f64/chunk_0,read,4194304,,,,,0.009499,,0.105472,1.094703,,,,,2.750375,1.540701,24,,0.000000,0.000000,0,0,3879404,0.000000,0.000000,,0.000000,0.000000,0.000000
1351,fields/00004__velocityy.f64__c0055__dt-f64/chunk_0,read,4194304,,,,,0.010127,,0.106976,0.704914,,,,,2.360168,1.538151,24,,0.000000,0.000000,0,0,3871509,0.000000,0.000000,,0.000000,0.000000,0.000000
1352,fields/00004__velocityy.f64__c0056__dt-f64/chunk_0,read,4194304,,,,,0.009499,,0.105024,0.984911,,,,,2.635485,1.536051,24,,0.000000,0.000000,0,0,3867654,0.000000,0.000000,,0.000000,0.000000,0.000000
1353,fields/00004__velocityy.f64__c0057__dt-f64/chunk_0,read,4194304,,,,,0.010127,,0.104960,1.026956,,,,,2.677111,1.535068,24,,0.000000,0.000000,0,0,3863234,0.000000,0.000000,,0.000000,0.000000,0.000000
1354,fields/00004__velocityy.f64__c0058__dt-f64/chunk_0,read,4194304,,,,,0.009917,,0.103808,0.701772,,,,,2.433293,1.617796,24,,0.000000,0.000000,0,0,3863452,0.000000,0.000000,,0.000000,0.000000,0.000000
1355,fields/00004__velocityy.f64__c0059__dt-f64/chunk_0,read,4194304,,,,,0.010057,,0.408768,0.704985,,,,,2.670406,1.546596,24,,0.000000,0.000000,0,0,3674984,0.000000,0.000000,,0.000000,0.000000,0.000000
1356,fields/00004__velocityy.f64__c0060__dt-f64/chunk_0,read,4194304,,,,,0.011664,,0.356224,0.758903,,,,,2.611879,1.485088,24,,0.000000,0.000000,0,0,3675284,0.000000,0.000000,,0.000000,0.000000,0.000000
1357,fields/00004__velocityy.f64__c0061__dt-f64/chunk_0,read,4194304,,,,,0.007194,,0.349920,0.915908,,,,,2.578703,1.305681,24,,0.000000,0.000000,0,0,3655604,0.000000,0.000000,,0.000000,0.000000,0.000000
1358,fields/00004__velocityy.f64__c0062__dt-f64/chunk_0,read,4194304,,,,,0.000000,,0.000000,4.376435,,,,,4.860789,0.484354,0,,0.000000,0.000000,0,0,4194304,0.000000,0.000000,,0.000000,0.000000,0.000000
1359,fields/00004__velocityy.f64__c0063__dt-f64/chunk_0,read,4194304,,,,,0.005308,,0.100992,1.027445,,,,,2.303387,1.169642,24,,0.000000,0.000000,0,0,3854664,0.000000,0.000000,,0.000000,0.000000,0.000000
1360,fields/00004__velocityy.f64__c0064__dt-f64/chunk_0,read,4194304,,,,,0.004819,,0.094624,0.501536,,,,,1.765255,1.164276,24,,0.000000,0.000000,0,0,3853398,0.000000,0.000000,,0.000000,0.000000,0.000000
1361,fields/00004__velocityy.f64__c0065__dt-f64/chunk_0,read,4194304,,,,,0.011524,,0.118304,1.118798,,,,,2.819030,1.570404,24,,0.000000,0.000000,0,0,3853356,0.000000,0.000000,,0.000000,0.000000,0.000000
1362,fields/00004__velocityy.f64__c0066__dt-f64/chunk_0,read,4194304,,,,,0.006705,,0.358784,0.880147,,,,,2.433084,1.187448,24,,0.000000,0.000000,0,0,3626176,0.000000,0.000000,,0.000000,0.000000,0.000000
1363,fields/00004__velocityy.f64__c0067__dt-f64/chunk_0,read,4194304,,,,,0.009987,,0.360192,1.088906,,,,,3.010187,1.551102,24,,0.000000,0.000000,0,0,3622944,0.000000,0.000000,,0.000000,0.000000,0.000000
1364,fields/00004__velocityy.f64__c0068__dt-f64/chunk_0,read,4194304,,,,,0.005797,,0.358080,0.878123,,,,,2.438530,1.196530,24,,0.000000,0.000000,0,0,3615428,0.000000,0.000000,,0.000000,0.000000,0.000000
1365,fields/00004__velocityy.f64__c0069__dt-f64/chunk_0,read,4194304,,,,,0.010127,,0.364864,0.523745,,,,,2.480855,1.582119,24,,0.000000,0.000000,0,0,3613864,0.000000,0.000000,,0.000000,0.000000,0.000000
1366,fields/00004__velocityy.f64__c0070__dt-f64/chunk_0,read,4194304,,,,,0.009010,,0.356384,0.694159,,,,,2.574723,1.515170,24,,0.000000,0.000000,0,0,3606808,0.000000,0.000000,,0.000000,0.000000,0.000000
1367,fields/00004__velocityy.f64__c0071__dt-f64/chunk_0,read,4194304,,,,,0.011803,,0.368512,0.534989,,,,,2.475827,1.560523,24,,0.000000,0.000000,0,0,3616768,0.000000,0.000000,,0.000000,0.000000,0.000000
1368,fields/00005__velocityz.f64__c0000__dt-f64/chunk_0,read,4194304,,,,,0.000000,,0.000000,4.187444,,,,,4.680317,0.492873,0,,0.000000,0.000000,0,0,4194304,0.000000,0.000000,,0.000000,0.000000,0.000000
1369,fields/00005__velocityz.f64__c0001__dt-f64/chunk_0,read,4194304,,,,,0.010895,,0.114592,0.952015,,,,,2.606431,1.528929,24,,0.000000,0.000000,0,0,3881707,0.000000,0.000000,,0.000000,0.000000,0.000000
1370,fields/00005__velocityz.f64__c0002__dt-f64/chunk_0,read,4194304,,,,,0.009079,,0.105120,6.720330,,,,,8.369717,1.535188,24,,0.000000,0.000000,0,0,3882607,0.000000,0.000000,,0.000000,0.000000,0.000000
1371,fields/00005__velocityz.f64__c0003__dt-f64/chunk_0,read,4194304,,,,,0.009987,,0.106336,3.990209,,,,,5.707203,1.600671,24,,0.000000,0.000000,0,0,3883949,0.000000,0.000000,,0.000000,0.000000,0.000000
1372,fields/00005__velocityz.f64__c0004__dt-f64/chunk_0,read,4194304,,,,,0.010546,,0.338464,0.707429,,,,,2.607898,1.551459,24,,0.000000,0.000000,0,0,3719264,0.000000,0.000000,,0.000000,0.000000,0.000000
1373,fields/00005__velocityz.f64__c0005__dt-f64/chunk_0,read,4194304,,,,,0.010476,,0.100032,0.667269,,,,,2.432245,1.654468,24,,0.000000,0.000000,0,0,3883700,0.000000,0.000000,,0.000000,0.000000,0.000000
1374,fields/00005__velocityz.f64__c0006__dt-f64/chunk_0,read,4194304,,,,,0.009428,,0.185440,0.586114,,,,,2.375604,1.594622,24,,0.000000,0.000000,0,0,3699110,0.000000,0.000000,,0.000000,0.000000,0.000000
1375,fields/00005__velocityz.f64__c0007__dt-f64/chunk_0,read,4194304,,,,,0.010476,,0.358016,0.578500,,,,,2.523948,1.576956,24,,0.000000,0.000000,0,0,3717856,0.000000,0.000000,,0.000000,0.000000,0.000000
1376,fields/00005__velocityz.f64__c0008__dt-f64/chunk_0,read,4194304,,,,,0.011105,,0.570720,0.740255,,,,,2.852623,1.530543,24,,0.000000,0.000000,0,0,3697846,0.000000,0.000000,,0.000000,0.000000,0.000000
1377,fields/00005__velocityz.f64__c0009__dt-f64/chunk_0,read,4194304,,,,,0.010057,,0.220928,0.770566,,,,,2.527020,1.525469,24,,0.000000,0.000000,0,0,3700674,0.000000,0.000000,,0.000000,0.000000,0.000000
1378,fields/00005__velocityz.f64__c0010__dt-f64/chunk_0,read,4194304,,,,,0.000000,,0.000000,0.759740,,,,,0.944682,0.184942,0,,0.000000,0.000000,0,0,4194304,0.000000,0.000000,,0.000000,0.000000,0.000000
1379,fields/00005__velocityz.f64__c0011__dt-f64/chunk_0,read,4194304,,,,,0.009499,,0.106144,0.592887,,,,,2.350949,1.642419,24,,0.000000,0.000000,0,0,3896777,0.000000,0.000000,,0.000000,0.000000,0.000000
1380,fields/00005__velocityz.f64__c0012__dt-f64/chunk_0,read,4194304,,,,,0.006216,,0.078944,0.837405,,,,,2.189894,1.267329,24,,0.000000,0.000000,0,0,3993228,0.000000,0.000000,,0.000000,0.000000,0.000000
1381,fields/00005__velocityz.f64__c0013__dt-f64/chunk_0,read,4194304,,,,,0.005657,,0.098016,0.807163,,,,,2.086667,1.175831,24,,0.000000,0.000000,0,0,3899735,0.000000,0.000000,,0.000000,0.000000,0.000000
1382,fields/00005__velocityz.f64__c0014__dt-f64/chunk_0,read,4194304,,,,,0.011454,,0.678272,0.721886,,,,,3.009419,1.597807,24,,0.000000,0.000000,0,0,3737960,0.000000,0.000000,,0.000000,0.000000,0.000000
1383,fields/00005__velocityz.f64__c0015__dt-f64/chunk_0,read,4194304,,,,,0.006774,,0.096384,0.515573,,,,,1.858704,1.239973,24,,0.000000,0.000000,0,0,3899594,0.000000,0.000000,,0.000000,0.000000,0.000000
1384,fields/00005__velocityz.f64__c0016__dt-f64/chunk_0,read,4194304,,,,,0.005308,,0.100256,0.540157,,,,,1.867154,1.221433,24,,0.000000,0.000000,0,0,3903150,0.000000,0.000000,,0.000000,0.000000,0.000000
1385,fields/00005__velocityz.f64__c0017__dt-f64/chunk_0,read,4194304,,,,,0.009918,,0.379328,0.694858,,,,,2.661327,1.577223,24,,0.000000,0.000000,0,0,3737004,0.000000,0.000000,,0.000000,0.000000,0.000000
1386,fields/00005__velocityz.f64__c0018__dt-f64/chunk_0,read,4194304,,,,,0.007404,,0.546816,1.056011,,,,,2.809182,1.198951,24,,0.000000,0.000000,0,0,3735936,0.000000,0.000000,,0.000000,0.000000,0.000000
1387,fields/00005__velocityz.f64__c0019__dt-f64/chunk_0,read,4194304,,,,,0.005797,,0.648224,0.532614,,,,,2.345920,1.159285,24,,0.000000,0.000000,0,0,3737212,0.000000,0.000000,,0.000000,0.000000,0.000000
1388,fields/00005__velocityz.f64__c0020__dt-f64/chunk_0,read,4194304,,,,,0.000000,,0.000000,0.960187,,,,,1.436299,0.476112,0,,0.000000,0.000000,0,0,4194304,0.000000,0.000000,,0.000000,0.000000,0.000000
1389,fields/00005__velocityz.f64__c0021__dt-f64/chunk_0,read,4194304,,,,,0.005238,,0.092416,0.499370,,,,,1.771051,1.174027,24,,0.000000,0.000000,0,0,3917972,0.000000,0.000000,,0.000000,0.000000,0.000000
1390,fields/00005__velocityz.f64__c0022__dt-f64/chunk_0,read,4194304,,,,,0.006216,,0.094144,4.117811,,,,,5.686809,1.468638,24,,0.000000,0.000000,0,0,3930135,0.000000,0.000000,,0.000000,0.000000,0.000000
1391,fields/00005__velocityz.f64__c0023__dt-f64/chunk_0,read,4194304,,,,,0.011385,,0.111200,6.564862,,,,,8.291424,1.603977,24,,0.000000,0.000000,0,0,3938416,0.000000,0.000000,,0.000000,0.000000,0.000000
1392,fields/00005__velocityz.f64__c0024__dt-f64/chunk_0,read,4194304,,,,,0.011245,,0.587648,1.044207,,,,,3.206094,1.562994,24,,0.000000,0.000000,0,0,3748242,0.000000,0.000000,,0.000000,0.000000,0.000000
1393,fields/00005__velocityz.f64__c0025__dt-f64/chunk_0,read,4194304,,,,,0.010686,,0.563648,0.687174,,,,,2.803944,1.542436,24,,0.000000,0.000000,0,0,3739064,0.000000,0.000000,,0.000000,0.000000,0.000000
1394,fields/00005__velocityz.f64__c0026__dt-f64/chunk_0,read,4194304,,,,,0.010058,,0.718336,0.539040,,,,,2.823640,1.556206,24,,0.000000,0.000000,0,0,3763778,0.000000,0.000000,,0.000000,0.000000,0.000000
1395,fields/00005__velocityz.f64__c0027__dt-f64/chunk_0,read,4194304,,,,,0.008451,,0.972928,3.714683,,,,,6.487896,1.791834,24,,0.000000,0.000000,0,0,3791250,0.000000,0.000000,,0.000000,0.000000,0.000000
1396,fields/00005__velocityz.f64__c0028__dt-f64/chunk_0,read,4194304,,,,,0.010546,,0.571936,3.817839,,,,,5.967573,1.567252,24,,0.000000,0.000000,0,0,3805614,0.000000,0.000000,,0.000000,0.000000,0.000000
1397,fields/00005__velocityz.f64__c0029__dt-f64/chunk_0,read,4194304,,,,,0.009359,,0.672544,6.430066,,,,,8.646641,1.534672,24,,0.000000,0.000000,0,0,3817198,0.000000,0.000000,,0.000000,0.000000,0.000000
1398,fields/00005__velocityz.f64__c0030__dt-f64/chunk_0,read,4194304,,,,,0.000000,,0.000000,7.032245,,,,,7.466381,0.434136,0,,0.000000,0.000000,0,0,4194304,0.000000,0.000000,,0.000000,0.000000,0.000000
1399,fields/00005__velocityz.f64__c0031__dt-f64/chunk_0,read,4194304,,,,,0.007753,,0.085600,1.135560,,,,,2.505649,1.276736,24,,0.000000,0.000000,0,0,4025276,0.000000,0.000000,,0.000000,0.000000,0.000000
1400,fields/00005__velocityz.f64__c0032__dt-f64/chunk_0,read,4194304,,,,,0.009149,,0.095392,5.305821,,,,,7.050892,1.640530,24,,0.000000,0.000000,0,0,4028908,0.000000,0.000000,,0.000000,0.000000,0.000000
1401,fields/00005__velocityz.f64__c0033__dt-f64/chunk_0,read,4194304,,,,,0.006146,,0.093376,6.760839,,,,,8.090209,1.229848,24,,0.000000,0.000000,0,0,4031068,0.000000,0.000000,,0.000000,0.000000,0.000000
1402,fields/00005__velocityz.f64__c0034__dt-f64/chunk_0,read,4194304,,,,,0.006146,,0.077280,3.847243,,,,,5.092105,1.161436,24,,0.000000,0.000000,0,0,4032396,0.000000,0.000000,,0.000000,0.000000,0.000000
1403,fields/00005__velocityz.f64__c0035__dt-f64/chunk_0,read,4194304,,,,,0.010127,,0.092416,6.786820,,,,,8.432715,1.543352,24,,0.000000,0.000000,0,0,4032540,0.000000,0.000000,,0.000000,0.000000,0.000000
1404,fields/00005__velocityz.f64__c0036__dt-f64/chunk_0,read,4194304,,,,,0.005797,,0.079616,3.776214,,,,,5.059350,1.197723,24,,0.000000,0.000000,0,0,4032734,0.000000,0.000000,,0.000000,0.000000,0.000000
1405,fields/00005__velocityz.f64__c0037__dt-f64/chunk_0,read,4194304,,,,,0.005239,,0.075520,0.900891,,,,,2.141563,1.159913,24,,0.000000,0.000000,0,0,4032670,0.000000,0.000000,,0.000000,0.000000,0.000000
1406,fields/00005__velocityz.f64__c0038__dt-f64/chunk_0,read,4194304,,,,,0.010616,,0.091968,0.524442,,,,,2.222021,1.594995,24,,0.000000,0.000000,0,0,4032524,0.000000,0.000000,,0.000000,0.000000,0.000000
1407,fields/00005__velocityz.f64__c0039__dt-f64/chunk_0,read,4194304,,,,,0.010406,,0.089344,4.002920,,,,,5.688136,1.585466,24,,0.000000,0.000000,0,0,4032894,0.000000,0.000000,,0.000000,0.000000,0.000000
1408,fields/00005__velocityz.f64__c0040__dt-f64/chunk_0,read,4194304,,,,,0.000000,,0.000000,6.946059,,,,,7.384807,0.438748,0,,0.000000,0.000000,0,0,4194304,0.000000,0.000000,,0.000000,0.000000,0.000000
1409,fields/00005__velocityz.f64__c0041__dt-f64/chunk_0,read,4194304,,,,,0.011803,,0.089760,1.047488,,,,,2.745556,1.596505,24,,0.000000,0.000000,0,0,4030300,0.000000,0.000000,,0.000000,0.000000,0.000000
1410,fields/00005__velocityz.f64__c0042__dt-f64/chunk_0,read,4194304,,,,,0.009848,,0.092288,1.198487,,,,,3.146099,1.845476,24,,0.000000,0.000000,0,0,4028780,0.000000,0.000000,,0.000000,0.000000,0.000000
1411,fields/00005__velocityz.f64__c0043__dt-f64/chunk_0,read,4194304,,,,,0.011035,,0.087584,0.732641,,,,,2.341521,1.510261,24,,0.000000,0.000000,0,0,4023596,0.000000,0.000000,,0.000000,0.000000,0.000000
1412,fields/00005__velocityz.f64__c0044__dt-f64/chunk_0,read,4194304,,,,,0.009988,,0.570624,0.730407,,,,,2.842846,1.531827,24,,0.000000,0.000000,0,0,3820846,0.000000,0.000000,,0.000000,0.000000,0.000000
1413,fields/00005__velocityz.f64__c0045__dt-f64/chunk_0,read,4194304,,,,,0.009498,,0.729792,0.951107,,,,,3.227396,1.536999,24,,0.000000,0.000000,0,0,3802888,0.000000,0.000000,,0.000000,0.000000,0.000000
1414,fields/00005__velocityz.f64__c0046__dt-f64/chunk_0,read,4194304,,,,,0.010127,,0.773472,0.734947,,,,,3.048809,1.530263,24,,0.000000,0.000000,0,0,3799926,0.000000,0.000000,,0.000000,0.000000,0.000000
1415,fields/00005__velocityz.f64__c0047__dt-f64/chunk_0,read,4194304,,,,,0.009917,,0.671424,0.979882,,,,,3.227116,1.565893,24,,0.000000,0.000000,0,0,3796456,0.000000,0.000000,,0.000000,0.000000,0.000000
1416,fields/00005__velocityz.f64__c0048__dt-f64/chunk_0,read,4194304,,,,,0.010546,,0.670240,0.933927,,,,,3.168030,1.553317,24,,0.000000,0.000000,0,0,3788306,0.000000,0.000000,,0.000000,0.000000,0.000000
1417,fields/00005__velocityz.f64__c0049__dt-f64/chunk_0,read,4194304,,,,,0.009638,,0.580256,0.933437,,,,,3.036448,1.513117,24,,0.000000,0.000000,0,0,3753598,0.000000,0.000000,,0.000000,0.000000,0.000000
1418,fields/00005__velocityz.f64__c0050__dt-f64/chunk_0,read,4194304,,,,,0.000000,,0.000000,7.031406,,,,,7.445080,0.413674,0,,0.000000,0.000000,0,0,4194304,0.000000,0.000000,,0.000000,0.000000,0.000000
1419,fields/00005__velocityz.f64__c0051__dt-f64/chunk_0,read,4194304,,,,,0.011314,,0.111552,0.774058,,,,,2.448029,1.551105,24,,0.000000,0.000000,0,0,3933765,0.000000,0.000000,,0.000000,0.000000,0.000000
1420,fields/00005__velocityz.f64__c0052__dt-f64/chunk_0,read,4194304,,,,,0.007264,,0.100448,1.104968,,,,,2.475337,1.262657,24,,0.000000,0.000000,0,0,3919059,0.000000,0.000000,,0.000000,0.000000,0.000000
1421,fields/00005__velocityz.f64__c0053__dt-f64/chunk_0,read,4194304,,,,,0.010966,,0.108640,0.532544,,,,,2.241647,1.589497,24,,0.000000,0.000000,0,0,3906816,0.000000,0.000000,,0.000000,0.000000,0.000000
1422,fields/00005__velocityz.f64__c0054__dt-f64/chunk_0,read,4194304,,,,,0.005308,,0.672224,0.761138,,,,,2.681511,1.242841,24,,0.000000,0.000000,0,0,3721756,0.000000,0.000000,,0.000000,0.000000,0.000000
1423,fields/00005__velocityz.f64__c0055__dt-f64/chunk_0,read,4194304,,,,,0.005797,,0.805248,0.456627,,,,,2.416810,1.149138,24,,0.000000,0.000000,0,0,3718654,0.000000,0.000000,,0.000000,0.000000,0.000000
1424,fields/00005__velocityz.f64__c0056__dt-f64/chunk_0,read,4194304,,,,,0.008940,,0.666752,1.044975,,,,,3.263294,1.542627,24,,0.000000,0.000000,0,0,3714872,0.000000,0.000000,,0.000000,0.000000,0.000000
1425,fields/00005__velocityz.f64__c0057__dt-f64/chunk_0,read,4194304,,,,,0.004260,,0.580704,0.966194,,,,,2.710007,1.158849,24,,0.000000,0.000000,0,0,3713504,0.000000,0.000000,,0.000000,0.000000,0.000000
1426,fields/00005__velocityz.f64__c0058__dt-f64/chunk_0,read,4194304,,,,,0.004261,,0.579008,0.440494,,,,,2.170268,1.146505,24,,0.000000,0.000000,0,0,3713422,0.000000,0.000000,,0.000000,0.000000,0.000000
1427,fields/00005__velocityz.f64__c0059__dt-f64/chunk_0,read,4194304,,,,,0.011384,,0.605088,0.786840,,,,,2.945933,1.542621,24,,0.000000,0.000000,0,0,3728012,0.000000,0.000000,,0.000000,0.000000,0.000000
1428,fields/00005__velocityz.f64__c0060__dt-f64/chunk_0,read,4194304,,,,,0.000000,,0.000000,7.022746,,,,,7.317618,0.294872,0,,0.000000,0.000000,0,0,4194304,0.000000,0.000000,,0.000000,0.000000,0.000000
1429,fields/00005__velocityz.f64__c0061__dt-f64/chunk_0,read,4194304,,,,,0.007193,,0.123456,0.574729,,,,,1.890831,1.185453,24,,0.000000,0.000000,0,0,3872267,0.000000,0.000000,,0.000000,0.000000,0.000000
1430,fields/00005__velocityz.f64__c0062__dt-f64/chunk_0,read,4194304,,,,,0.011733,,0.108352,0.887342,,,,,2.612158,1.604731,24,,0.000000,0.000000,0,0,3873209,0.000000,0.000000,,0.000000,0.000000,0.000000
1431,fields/00005__velocityz.f64__c0063__dt-f64/chunk_0,read,4194304,,,,,0.006286,,0.110240,1.173833,,,,,2.441604,1.151245,24,,0.000000,0.000000,0,0,3869202,0.000000,0.000000,,0.000000,0.000000,0.000000
1432,fields/00005__velocityz.f64__c0064__dt-f64/chunk_0,read,4194304,,,,,0.005657,,0.652288,1.200373,,,,,3.020873,1.162555,24,,0.000000,0.000000,0,0,3706366,0.000000,0.000000,,0.000000,0.000000,0.000000
1433,fields/00005__velocityz.f64__c0065__dt-f64/chunk_0,read,4194304,,,,,0.009358,,0.226208,1.201420,,,,,3.014937,1.577951,24,,0.000000,0.000000,0,0,3705658,0.000000,0.000000,,0.000000,0.000000,0.000000
1434,fields/00005__velocityz.f64__c0066__dt-f64/chunk_0,read,4194304,,,,,0.009149,,0.107328,0.519136,,,,,2.206306,1.570693,24,,0.000000,0.000000,0,0,3864733,0.000000,0.000000,,0.000000,0.000000,0.000000
1435,fields/00005__velocityz.f64__c0067__dt-f64/chunk_0,read,4194304,,,,,0.005168,,0.672608,0.922334,,,,,2.832230,1.232120,24,,0.000000,0.000000,0,0,3701812,0.000000,0.000000,,0.000000,0.000000,0.000000
1436,fields/00005__velocityz.f64__c0068__dt-f64/chunk_0,read,4194304,,,,,0.010477,,0.579040,1.106716,,,,,3.229700,1.533467,24,,0.000000,0.000000,0,0,3678176,0.000000,0.000000,,0.000000,0.000000,0.000000
1437,fields/00005__velocityz.f64__c0069__dt-f64/chunk_0,read,4194304,,,,,0.006216,,0.488672,0.991615,,,,,2.671245,1.184742,24,,0.000000,0.000000,0,0,3678600,0.000000,0.000000,,0.000000,0.000000,0.000000
1438,fields/00005__velocityz.f64__c0070__dt-f64/chunk_0,read,4194304,,,,,0.000000,,0.000000,7.077082,,,,,7.369022,0.291940,0,,0.000000,0.000000,0,0,4194304,0.000000,0.000000,,0.000000,0.000000,0.000000
1439,fields/00005__velocityz.f64__c0071__dt-f64/chunk_0,read,4194304,,,,,0.005658,,0.097408,0.555314,,,,,1.790048,1.131668,24,,0.000000,0.000000,0,0,3861351,0.000000,0.000000,,0.000000,0.000000,0.000000
1440,fields/00006__viscocity.f64__c0000__dt-f64/chunk_0,read,4194304,,,,,0.009848,,0.089248,0.604203,,,,,2.325248,1.621949,24,,0.000000,0.000000,0,0,4024812,0.000000,0.000000,,0.000000,0.000000,0.000000
1441,fields/00006__viscocity.f64__c0001__dt-f64/chunk_0,read,4194304,,,,,0.009569,,0.081568,0.907316,,,,,2.550348,1.551895,24,,0.000000,0.000000,0,0,4026940,0.000000,0.000000,,0.000000,0.000000,0.000000
1442,fields/00006__viscocity.f64__c0002__dt-f64/chunk_0,read,4194304,,,,,0.005588,,0.580544,1.153369,,,,,2.924491,1.184990,24,,0.000000,0.000000,0,0,3743664,0.000000,0.000000,,0.000000,0.000000,0.000000
1443,fields/00006__viscocity.f64__c0003__dt-f64/chunk_0,read,4194304,,,,,0.007543,,0.224864,0.548329,,,,,1.927986,1.147250,24,,0.000000,0.000000,0,0,3743360,0.000000,0.000000,,0.000000,0.000000,0.000000
1444,fields/00006__viscocity.f64__c0004__dt-f64/chunk_0,read,4194304,,,,,0.011524,,0.338912,0.768401,,,,,2.681511,1.562674,24,,0.000000,0.000000,0,0,3749424,0.000000,0.000000,,0.000000,0.000000,0.000000
1445,fields/00006__viscocity.f64__c0005__dt-f64/chunk_0,read,4194304,,,,,0.006146,,0.661856,1.075356,,,,,2.954173,1.210815,24,,0.000000,0.000000,0,0,3754912,0.000000,0.000000,,0.000000,0.000000,0.000000
1446,fields/00006__viscocity.f64__c0006__dt-f64/chunk_0,read,4194304,,,,,0.010058,,0.684064,0.718115,,,,,2.949355,1.537118,24,,0.000000,0.000000,0,0,3758496,0.000000,0.000000,,0.000000,0.000000,0.000000
1447,fields/00006__viscocity.f64__c0007__dt-f64/chunk_0,read,4194304,,,,,0.004819,,0.586304,0.506843,,,,,2.280898,1.182932,24,,0.000000,0.000000,0,0,3760976,0.000000,0.000000,,0.000000,0.000000,0.000000
1448,fields/00006__viscocity.f64__c0008__dt-f64/chunk_0,read,4194304,,,,,0.006146,,0.081824,4.021568,,,,,5.250716,1.141178,24,,0.000000,0.000000,0,0,4137988,0.000000,0.000000,,0.000000,0.000000,0.000000
1449,fields/00006__viscocity.f64__c0009__dt-f64/chunk_0,read,4194304,,,,,0.011524,,0.093408,1.258552,,,,,2.937412,1.573928,24,,0.000000,0.000000,0,0,4025660,0.000000,0.000000,,0.000000,0.000000,0.000000
1450,fields/00006__viscocity.f64__c0010__dt-f64/chunk_0,read,4194304,,,,,0.009568,,0.091808,0.723703,,,,,2.340822,1.515743,24,,0.000000,0.000000,0,0,4025372,0.000000,0.000000,,0.000000,0.000000,0.000000
1451,fields/00006__viscocity.f64__c0011__dt-f64/chunk_0,read,4194304,,,,,0.005308,,0.075040,0.620475,,,,,1.918558,1.217735,24,,0.000000,0.000000,0,0,4025948,0.000000,0.000000,,0.000000,0.000000,0.000000
1452,fields/00006__viscocity.f64__c0012__dt-f64/chunk_0,read,4194304,,,,,0.010896,,0.563712,1.222374,,,,,3.351504,1.554522,24,,0.000000,0.000000,0,0,3785528,0.000000,0.000000,,0.000000,0.000000,0.000000
1453,fields/00006__viscocity.f64__c0013__dt-f64/chunk_0,read,4194304,,,,,0.005867,,0.543104,0.978555,,,,,2.702952,1.175426,24,,0.000000,0.000000,0,0,3799736,0.000000,0.000000,,0.000000,0.000000,0.000000
1454,fields/00006__viscocity.f64__c0014__dt-f64/chunk_0,read,4194304,,,,,0.009918,,0.576992,0.763162,,,,,2.915691,1.565619,24,,0.000000,0.000000,0,0,3812288,0.000000,0.000000,,0.000000,0.000000,0.000000
1455,fields/00006__viscocity.f64__c0015__dt-f64/chunk_0,read,4194304,,,,,0.009220,,0.728576,6.644970,,,,,8.924262,1.541496,24,,0.000000,0.000000,0,0,3828488,0.000000,0.000000,,0.000000,0.000000,0.000000
1456,fields/00006__viscocity.f64__c0016__dt-f64/chunk_0,read,4194304,,,,,0.006076,,0.639520,3.678992,,,,,5.512134,1.187546,24,,0.000000,0.000000,0,0,3842184,0.000000,0.000000,,0.000000,0.000000,0.000000
1457,fields/00006__viscocity.f64__c0017__dt-f64/chunk_0,read,4194304,,,,,0.005658,,0.546176,3.691286,,,,,5.377758,1.134638,24,,0.000000,0.000000,0,0,3852952,0.000000,0.000000,,0.000000,0.000000,0.000000
1458,fields/00006__viscocity.f64__c0018__dt-f64/chunk_0,read,4194304,,,,,0.000000,,0.000000,4.053136,,,,,4.518983,0.465847,0,,0.000000,0.000000,0,0,4194304,0.000000,0.000000,,0.000000,0.000000,0.000000
1459,fields/00006__viscocity.f64__c0019__dt-f64/chunk_0,read,4194304,,,,,0.005727,,0.075104,1.008797,,,,,2.288580,1.198952,24,,0.000000,0.000000,0,0,4035564,0.000000,0.000000,,0.000000,0.000000,0.000000
1460,fields/00006__viscocity.f64__c0020__dt-f64/chunk_0,read,4194304,,,,,0.009499,,0.082976,3.879021,,,,,5.571710,1.600214,24,,0.000000,0.000000,0,0,4036124,0.000000,0.000000,,0.000000,0.000000,0.000000
1461,fields/00006__viscocity.f64__c0021__dt-f64/chunk_0,read,4194304,,,,,0.005797,,0.068320,6.923849,,,,,8.238345,1.240379,24,,0.000000,0.000000,0,0,4037036,0.000000,0.000000,,0.000000,0.000000,0.000000
1462,fields/00006__viscocity.f64__c0022__dt-f64/chunk_0,read,4194304,,,,,0.004749,,0.066976,3.874551,,,,,5.104817,1.158541,24,,0.000000,0.000000,0,0,4037452,0.000000,0.000000,,0.000000,0.000000,0.000000
1463,fields/00006__viscocity.f64__c0023__dt-f64/chunk_0,read,4194304,,,,,0.009987,,0.084448,3.947535,,,,,5.660968,1.618998,24,,0.000000,0.000000,0,0,4037788,0.000000,0.000000,,0.000000,0.000000,0.000000
1464,fields/00006__viscocity.f64__c0024__dt-f64/chunk_0,read,4194304,,,,,0.006077,,0.068032,7.181008,,,,,8.506258,1.251141,24,,0.000000,0.000000,0,0,4038012,0.000000,0.000000,,0.000000,0.000000,0.000000
1465,fields/00006__viscocity.f64__c0025__dt-f64/chunk_0,read,4194304,,,,,0.006146,,0.568864,1.297174,,,,,3.084779,1.212595,24,,0.000000,0.000000,0,0,3878440,0.000000,0.000000,,0.000000,0.000000,0.000000
1466,fields/00006__viscocity.f64__c0026__dt-f64/chunk_0,read,4194304,,,,,0.010406,,0.661376,1.134792,,,,,3.438877,1.632303,24,,0.000000,0.000000,0,0,3877096,0.000000,0.000000,,0.000000,0.000000,0.000000
1467,fields/00006__viscocity.f64__c0027__dt-f64/chunk_0,read,4194304,,,,,0.012432,,0.565728,1.105808,,,,,3.263853,1.579885,24,,0.000000,0.000000,0,0,3803644,0.000000,0.000000,,0.000000,0.000000,0.000000
1468,fields/00006__viscocity.f64__c0028__dt-f64/chunk_0,read,4194304,,,,,0.000000,,0.000000,7.228779,,,,,7.666967,0.438188,0,,0.000000,0.000000,0,0,4194304,0.000000,0.000000,,0.000000,0.000000,0.000000
1469,fields/00006__viscocity.f64__c0029__dt-f64/chunk_0,read,4194304,,,,,0.005378,,0.098176,1.112722,,,,,2.473313,1.257037,24,,0.000000,0.000000,0,0,3925968,0.000000,0.000000,,0.000000,0.000000,0.000000
1470,fields/00006__viscocity.f64__c0030__dt-f64/chunk_0,read,4194304,,,,,0.008730,,0.128288,0.950270,,,,,2.626127,1.538839,24,,0.000000,0.000000,0,0,3941126,0.000000,0.000000,,0.000000,0.000000,0.000000
1471,fields/00006__viscocity.f64__c0031__dt-f64/chunk_0,read,4194304,,,,,0.010895,,0.092256,1.332235,,,,,2.997197,1.561811,24,,0.000000,0.000000,0,0,4001244,0.000000,0.000000,,0.000000,0.000000,0.000000
1472,fields/00006__viscocity.f64__c0032__dt-f64/chunk_0,read,4194304,,,,,0.012362,,0.598240,0.744445,,,,,2.876999,1.521952,24,,0.000000,0.000000,0,0,3766264,0.000000,0.000000,,0.000000,0.000000,0.000000
1473,fields/00006__viscocity.f64__c0033__dt-f64/chunk_0,read,4194304,,,,,0.005657,,0.690048,0.730337,,,,,2.679835,1.253793,24,,0.000000,0.000000,0,0,3764236,0.000000,0.000000,,0.000000,0.000000,0.000000
1474,fields/00006__viscocity.f64__c0034__dt-f64/chunk_0,read,4194304,,,,,0.012362,,0.669696,1.045673,,,,,3.315536,1.587805,24,,0.000000,0.000000,0,0,3758348,0.000000,0.000000,,0.000000,0.000000,0.000000
1475,fields/00006__viscocity.f64__c0035__dt-f64/chunk_0,read,4194304,,,,,0.012152,,0.664544,0.683054,,,,,3.097560,1.737810,24,,0.000000,0.000000,0,0,3753748,0.000000,0.000000,,0.000000,0.000000,0.000000
1476,fields/00006__viscocity.f64__c0036__dt-f64/chunk_0,read,4194304,,,,,0.011734,,0.377376,0.684102,,,,,2.631224,1.558012,24,,0.000000,0.000000,0,0,3752092,0.000000,0.000000,,0.000000,0.000000,0.000000
1477,fields/00006__viscocity.f64__c0037__dt-f64/chunk_0,read,4194304,,,,,0.011524,,0.661216,0.902847,,,,,3.122144,1.546557,24,,0.000000,0.000000,0,0,3751868,0.000000,0.000000,,0.000000,0.000000,0.000000
1478,fields/00006__viscocity.f64__c0038__dt-f64/chunk_0,read,4194304,,,,,0.000000,,0.000000,4.213145,,,,,4.375876,0.162731,0,,0.000000,0.000000,0,0,4194304,0.000000,0.000000,,0.000000,0.000000,0.000000
1479,fields/00006__viscocity.f64__c0039__dt-f64/chunk_0,read,4194304,,,,,0.008940,,0.095008,1.206309,,,,,2.870434,1.560177,24,,0.000000,0.000000,0,0,4007340,0.000000,0.000000,,0.000000,0.000000,0.000000
1480,fields/00006__viscocity.f64__c0040__dt-f64/chunk_0,read,4194304,,,,,0.006565,,0.087488,0.748775,,,,,2.116350,1.273522,24,,0.000000,0.000000,0,0,4006850,0.000000,0.000000,,0.000000,0.000000,0.000000
1481,fields/00006__viscocity.f64__c0041__dt-f64/chunk_0,read,4194304,,,,,0.011943,,0.090016,0.841735,,,,,2.580380,1.636686,24,,0.000000,0.000000,0,0,4008912,0.000000,0.000000,,0.000000,0.000000,0.000000
1482,fields/00006__viscocity.f64__c0042__dt-f64/chunk_0,read,4194304,,,,,0.007683,,0.655232,0.790400,,,,,2.719785,1.266470,24,,0.000000,0.000000,0,0,3832306,0.000000,0.000000,,0.000000,0.000000,0.000000
1483,fields/00006__viscocity.f64__c0043__dt-f64/chunk_0,read,4194304,,,,,0.010057,,0.682560,0.563136,,,,,2.849411,1.593658,24,,0.000000,0.000000,0,0,3830928,0.000000,0.000000,,0.000000,0.000000,0.000000
1484,fields/00006__viscocity.f64__c0044__dt-f64/chunk_0,read,4194304,,,,,0.006146,,0.660864,0.725100,,,,,2.635764,1.243654,24,,0.000000,0.000000,0,0,3823724,0.000000,0.000000,,0.000000,0.000000,0.000000
1485,fields/00006__viscocity.f64__c0045__dt-f64/chunk_0,read,4194304,,,,,0.005657,,0.811200,0.485191,,,,,2.464023,1.161975,24,,0.000000,0.000000,0,0,3746292,0.000000,0.000000,,0.000000,0.000000,0.000000
1486,fields/00006__viscocity.f64__c0046__dt-f64/chunk_0,read,4194304,,,,,0.011873,,0.326272,0.541834,,,,,2.463185,1.583206,24,,0.000000,0.000000,0,0,3726676,0.000000,0.000000,,0.000000,0.000000,0.000000
1487,fields/00006__viscocity.f64__c0047__dt-f64/chunk_0,read,4194304,,,,,0.009987,,0.581280,0.638844,,,,,2.779569,1.549458,24,,0.000000,0.000000,0,0,3693148,0.000000,0.000000,,0.000000,0.000000,0.000000
1488,fields/00006__viscocity.f64__c0048__dt-f64/chunk_0,read,4194304,,,,,0.000000,,0.000000,4.198758,,,,,4.791715,0.592957,0,,0.000000,0.000000,0,0,4194304,0.000000,0.000000,,0.000000,0.000000,0.000000
1489,fields/00006__viscocity.f64__c0049__dt-f64/chunk_0,read,4194304,,,,,0.005727,,0.080480,1.014454,,,,,2.319240,1.218579,24,,0.000000,0.000000,0,0,4020564,0.000000,0.000000,,0.000000,0.000000,0.000000
1490,fields/00006__viscocity.f64__c0050__dt-f64/chunk_0,read,4194304,,,,,0.010407,,0.086016,6.879081,,,,,8.526792,1.551288,24,,0.000000,0.000000,0,0,4037806,0.000000,0.000000,,0.000000,0.000000,0.000000
1491,fields/00006__viscocity.f64__c0051__dt-f64/chunk_0,read,4194304,,,,,0.005588,,0.067264,0.644502,,,,,1.980018,1.262664,24,,0.000000,0.000000,0,0,4037948,0.000000,0.000000,,0.000000,0.000000,0.000000
1492,fields/00006__viscocity.f64__c0052__dt-f64/chunk_0,read,4194304,,,,,0.009918,,0.082784,1.105387,,,,,2.816795,1.618706,24,,0.000000,0.000000,0,0,4037724,0.000000,0.000000,,0.000000,0.000000,0.000000
1493,fields/00006__viscocity.f64__c0053__dt-f64/chunk_0,read,4194304,,,,,0.010337,,0.081504,0.691994,,,,,2.347387,1.563552,24,,0.000000,0.000000,0,0,4037548,0.000000,0.000000,,0.000000,0.000000,0.000000
1494,fields/00006__viscocity.f64__c0054__dt-f64/chunk_0,read,4194304,,,,,0.010057,,0.083520,0.974505,,,,,2.620608,1.552526,24,,0.000000,0.000000,0,0,4037020,0.000000,0.000000,,0.000000,0.000000,0.000000
1495,fields/00006__viscocity.f64__c0055__dt-f64/chunk_0,read,4194304,,,,,0.010616,,0.680192,0.936231,,,,,3.213847,1.586808,24,,0.000000,0.000000,0,0,3869520,0.000000,0.000000,,0.000000,0.000000,0.000000
1496,fields/00006__viscocity.f64__c0056__dt-f64/chunk_0,read,4194304,,,,,0.011524,,0.729696,0.728172,,,,,3.021571,1.552179,24,,0.000000,0.000000,0,0,3862584,0.000000,0.000000,,0.000000,0.000000,0.000000
1497,fields/00006__viscocity.f64__c0057__dt-f64/chunk_0,read,4194304,,,,,0.009429,,0.333536,0.857938,,,,,2.716223,1.515320,24,,0.000000,0.000000,0,0,3856136,0.000000,0.000000,,0.000000,0.000000,0.000000
1498,fields/00006__viscocity.f64__c0058__dt-f64/chunk_0,read,4194304,,,,,0.000000,,0.000000,4.163068,,,,,5.054390,0.891322,0,,0.000000,0.000000,0,0,4194304,0.000000,0.000000,,0.000000,0.000000,0.000000
1499,fields/00006__viscocity.f64__c0059__dt-f64/chunk_0,read,4194304,,,,,0.009988,,0.091680,6.735834,,,,,8.605503,1.768001,24,,0.000000,0.000000,0,0,4028924,0.000000,0.000000,,0.000000,0.000000,0.000000
1500,fields/00006__viscocity.f64__c0060__dt-f64/chunk_0,read,4194304,,,,,0.008590,,0.083136,0.753174,,,,,2.448728,1.603828,24,,0.000000,0.000000,0,0,4027532,0.000000,0.000000,,0.000000,0.000000,0.000000
1501,fields/00006__viscocity.f64__c0061__dt-f64/chunk_0,read,4194304,,,,,0.005797,,0.074752,0.842224,,,,,2.275799,1.353026,24,,0.000000,0.000000,0,0,4024508,0.000000,0.000000,,0.000000,0.000000,0.000000
1502,fields/00006__viscocity.f64__c0062__dt-f64/chunk_0,read,4194304,,,,,0.010547,,0.571648,1.096029,,,,,3.299682,1.621458,24,,0.000000,0.000000,0,0,3798432,0.000000,0.000000,,0.000000,0.000000,0.000000
1503,fields/00006__viscocity.f64__c0063__dt-f64/chunk_0,read,4194304,,,,,0.005797,,0.668192,0.797386,,,,,2.736337,1.264962,24,,0.000000,0.000000,0,0,3784336,0.000000,0.000000,,0.000000,0.000000,0.000000
1504,fields/00006__viscocity.f64__c0064__dt-f64/chunk_0,read,4194304,,,,,0.010826,,0.571616,0.645618,,,,,2.838586,1.610526,24,,0.000000,0.000000,0,0,3778712,0.000000,0.000000,,0.000000,0.000000,0.000000
1505,fields/00006__viscocity.f64__c0065__dt-f64/chunk_0,read,4194304,,,,,0.007124,,0.551968,1.025979,,,,,2.790045,1.204974,24,,0.000000,0.000000,0,0,3769176,0.000000,0.000000,,0.000000,0.000000,0.000000
1506,fields/00006__viscocity.f64__c0066__dt-f64/chunk_0,read,4194304,,,,,0.005587,,0.571904,0.575847,,,,,2.326644,1.173306,24,,0.000000,0.000000,0,0,3765864,0.000000,0.000000,,0.000000,0.000000,0.000000
1507,fields/00006__viscocity.f64__c0067__dt-f64/chunk_0,read,4194304,,,,,0.012432,,0.312896,0.636050,,,,,2.560335,1.598957,24,,0.000000,0.000000,0,0,3763208,0.000000,0.000000,,0.000000,0.000000,0.000000
1508,fields/00006__viscocity.f64__c0068__dt-f64/chunk_0,read,4194304,,,,,0.000000,,0.000000,7.885573,,,,,8.396607,0.511034,0,,0.000000,0.000000,0,0,4194304,0.000000,0.000000,,0.000000,0.000000,0.000000
1509,fields/00006__viscocity.f64__c0069__dt-f64/chunk_0,read,4194304,,,,,0.009010,,0.085280,1.094493,,,,,222.675276,221.486493,24,,0.000000,0.000000,0,0,4016908,0.000000,0.000000,,0.000000,0.000000,0.000000
1510,fields/00006__viscocity.f64__c0070__dt-f64/chunk_0,read,4194304,,,,,0.010965,,0.085376,7.347162,,,,,9.102568,1.659065,24,,0.000000,0.000000,0,0,4017020,0.000000,0.000000,,0.000000,0.000000,0.000000
1511,fields/00006__viscocity.f64__c0071__dt-f64/chunk_0,read,4194304,,,,,0.005727,,0.074272,1.074168,,,,,2.403889,1.249722,24,,0.000000,0.000000,0,0,4016460,0.000000,0.000000,,0.000000,0.000000,0.000000
